meta_column,label_value,score_group,mean_score,count,log_count,sample
scissor,Negative,Neg_ctrl_Sample_1,0.0618120544104382,211,2.32633586092875,Sample_100_GSE115650
scissor,Negative,Neg_ctrl_Sample_2,-0.026533426566114,211,2.32633586092875,Sample_100_GSE115650
scissor,Negative,Neg_ctrl_Sample_3,0.0620446184285613,211,2.32633586092875,Sample_100_GSE115650
scissor,Negative,Neg_ctrl_Sample_4,0.0545406207969977,211,2.32633586092875,Sample_100_GSE115650
scissor,Negative,Neg_ctrl_Sample_5,0.0238335455971197,211,2.32633586092875,Sample_100_GSE115650
scissor,Negative,Neg_ctrl_Sample_6,-0.114577856179204,211,2.32633586092875,Sample_100_GSE115650
scissor,Negative,Neg_ctrl_Sample_7,-0.0821410386251061,211,2.32633586092875,Sample_100_GSE115650
scissor,Negative,Neg_ctrl_Sample_8,-0.095949541533712,211,2.32633586092875,Sample_100_GSE115650
scissor,Negative,Neg_ctrl_Sample_9,0.0536883454104736,211,2.32633586092875,Sample_100_GSE115650
scissor,Negative,Neg_ctrl_Sample_10,-0.0554014554271511,211,2.32633586092875,Sample_100_GSE115650
scissor,Negative,Neg_ctrl_Sample_11,-0.141669138741033,211,2.32633586092875,Sample_100_GSE115650
scissor,Negative,Neg_ctrl_Sample_12,0.0425073830778648,211,2.32633586092875,Sample_100_GSE115650
scissor,Negative,Neg_ctrl_Sample_13,0.0392792276914985,211,2.32633586092875,Sample_100_GSE115650
scissor,Negative,Neg_ctrl_Sample_14,0.0886344905447011,211,2.32633586092875,Sample_100_GSE115650
scissor,Negative,Neg_ctrl_Sample_15,0.151805310436768,211,2.32633586092875,Sample_100_GSE115650
scissor,Negative,Neg_ctrl_Sample_16,0.0891445642862202,211,2.32633586092875,Sample_100_GSE115650
scissor,Negative,Neg_ctrl_Sample_17,-0.213929547036631,211,2.32633586092875,Sample_100_GSE115650
scissor,Negative,Neg_ctrl_Sample_18,-0.0368030587851965,211,2.32633586092875,Sample_100_GSE115650
scissor,Negative,Neg_ctrl_Sample_19,0.0185781832666523,211,2.32633586092875,Sample_100_GSE115650
scissor,Negative,Neg_ctrl_Sample_20,-0.0580715701797054,211,2.32633586092875,Sample_100_GSE115650
scissor,Negative,Neg_ctrl_Sample_21,0.0250416505082685,211,2.32633586092875,Sample_100_GSE115650
scissor,Negative,Neg_ctrl_Sample_22,-0.0456590792127453,211,2.32633586092875,Sample_100_GSE115650
scissor,Negative,Neg_ctrl_Sample_23,-0.172381665826816,211,2.32633586092875,Sample_100_GSE115650
scissor,Negative,Neg_ctrl_Sample_24,-0.166743217430821,211,2.32633586092875,Sample_100_GSE115650
scissor,Negative,Neg_ctrl_Sample_25,0.138005787979494,211,2.32633586092875,Sample_100_GSE115650
scissor,Negative,Neg_ctrl_Sample_26,0.0429193768670304,211,2.32633586092875,Sample_100_GSE115650
scissor,Negative,Neg_ctrl_Sample_27,0.232993419450644,211,2.32633586092875,Sample_100_GSE115650
scissor,Negative,Neg_ctrl_Sample_28,0.228081673908374,211,2.32633586092875,Sample_100_GSE115650
scissor,Negative,Neg_ctrl_Sample_29,-0.0194054723692219,211,2.32633586092875,Sample_100_GSE115650
scissor,Negative,Neg_ctrl_Sample_30,0.120142793391543,211,2.32633586092875,Sample_100_GSE115650
scissor,Negative,Neg_ctrl_Sample_31,0.168467621762701,211,2.32633586092875,Sample_100_GSE115650
scissor,Negative,Neg_ctrl_Sample_32,0.0948404528429296,211,2.32633586092875,Sample_100_GSE115650
scissor,Negative,Neg_ctrl_Sample_33,0.180370780242781,211,2.32633586092875,Sample_100_GSE115650
scissor,Negative,Neg_ctrl_Sample_34,-0.0348772786585189,211,2.32633586092875,Sample_100_GSE115650
scissor,Negative,Neg_ctrl_Sample_35,0.117850234525188,211,2.32633586092875,Sample_100_GSE115650
scissor,Negative,Neg_ctrl_Sample_36,0.140242358747474,211,2.32633586092875,Sample_100_GSE115650
scissor,Negative,Neg_ctrl_Sample_37,0.223469811304911,211,2.32633586092875,Sample_100_GSE115650
scissor,Negative,Neg_ctrl_Sample_38,0.0917415652770796,211,2.32633586092875,Sample_100_GSE115650
scissor,Negative,Neg_ctrl_Sample_39,0.0394997832192137,211,2.32633586092875,Sample_100_GSE115650
scissor,Negative,Neg_ctrl_Sample_40,0.0525747935540051,211,2.32633586092875,Sample_100_GSE115650
scissor,Negative,Neg_ctrl_Sample_41,-0.138486410796523,211,2.32633586092875,Sample_100_GSE115650
scissor,Negative,Neg_ctrl_Sample_42,0.0249461826166886,211,2.32633586092875,Sample_100_GSE115650
scissor,Negative,Neg_ctrl_Sample_43,0.135097569613113,211,2.32633586092875,Sample_100_GSE115650
scissor,Negative,Neg_ctrl_Sample_44,0.240910195674617,211,2.32633586092875,Sample_100_GSE115650
scissor,Negative,Neg_ctrl_Sample_45,0.271066688990963,211,2.32633586092875,Sample_100_GSE115650
scissor,Negative,Neg_ctrl_Sample_46,0.0181013121078136,211,2.32633586092875,Sample_100_GSE115650
scissor,Negative,Neg_ctrl_Sample_47,-0.0204461977665425,211,2.32633586092875,Sample_100_GSE115650
scissor,Negative,Neg_ctrl_Sample_48,0.255386166513683,211,2.32633586092875,Sample_100_GSE115650
scissor,Negative,Neg_ctrl_Sample_49,0.00579637182453652,211,2.32633586092875,Sample_100_GSE115650
scissor,Negative,Neg_ctrl_Sample_50,0.0251485559579135,211,2.32633586092875,Sample_100_GSE115650
scissor,Negative,Neg_ctrl_Sample_51,0.013387425963945,211,2.32633586092875,Sample_100_GSE115650
scissor,Negative,Neg_ctrl_Sample_52,0.0726435969821383,211,2.32633586092875,Sample_100_GSE115650
scissor,Negative,Neg_ctrl_Sample_53,0.160277668118875,211,2.32633586092875,Sample_100_GSE115650
scissor,Negative,Neg_ctrl_Sample_54,0.108861580071255,211,2.32633586092875,Sample_100_GSE115650
scissor,Negative,Neg_ctrl_Sample_55,-0.000188578657763321,211,2.32633586092875,Sample_100_GSE115650
scissor,Negative,Neg_ctrl_Sample_56,0.144433595006025,211,2.32633586092875,Sample_100_GSE115650
scissor,Negative,Neg_ctrl_Sample_57,-0.0183181258547927,211,2.32633586092875,Sample_100_GSE115650
scissor,Negative,Neg_ctrl_Sample_58,-0.00649389321804005,211,2.32633586092875,Sample_100_GSE115650
scissor,Negative,Neg_ctrl_Sample_59,0.137292018073143,211,2.32633586092875,Sample_100_GSE115650
scissor,Negative,Neg_ctrl_Sample_60,0.241883283925611,211,2.32633586092875,Sample_100_GSE115650
scissor,Negative,Neg_ctrl_Sample_61,0.259587004004537,211,2.32633586092875,Sample_100_GSE115650
scissor,Negative,Neg_ctrl_Sample_62,0.00414856831317384,211,2.32633586092875,Sample_100_GSE115650
scissor,Negative,Neg_ctrl_Sample_63,0.106029157299906,211,2.32633586092875,Sample_100_GSE115650
scissor,Negative,Neg_ctrl_Sample_64,0.0291194666501042,211,2.32633586092875,Sample_100_GSE115650
scissor,Negative,Neg_ctrl_Sample_65,0.154998304479004,211,2.32633586092875,Sample_100_GSE115650
scissor,Negative,Neg_ctrl_Sample_66,0.142229067053346,211,2.32633586092875,Sample_100_GSE115650
scissor,Negative,Neg_ctrl_Sample_67,-0.153069535623,211,2.32633586092875,Sample_100_GSE115650
scissor,Negative,Neg_ctrl_Sample_68,-0.212866376613115,211,2.32633586092875,Sample_100_GSE115650
scissor,Negative,Neg_ctrl_Sample_69,-0.0809806895823831,211,2.32633586092875,Sample_100_GSE115650
scissor,Negative,Neg_ctrl_Sample_70,-0.0862696675429012,211,2.32633586092875,Sample_100_GSE115650
scissor,Negative,Neg_ctrl_Sample_71,0.0760867724454815,211,2.32633586092875,Sample_100_GSE115650
scissor,Negative,Neg_ctrl_Sample_72,-0.203520289984314,211,2.32633586092875,Sample_100_GSE115650
scissor,Negative,Neg_ctrl_Sample_73,0.0132979453972655,211,2.32633586092875,Sample_100_GSE115650
scissor,Negative,Neg_ctrl_Sample_74,-0.157126511638759,211,2.32633586092875,Sample_100_GSE115650
scissor,Negative,Neg_ctrl_Sample_75,-0.0448790851636579,211,2.32633586092875,Sample_100_GSE115650
scissor,Negative,Neg_ctrl_Sample_76,-0.0279380050659568,211,2.32633586092875,Sample_100_GSE115650
scissor,Negative,Neg_ctrl_Sample_77,0.205252610055989,211,2.32633586092875,Sample_100_GSE115650
scissor,Negative,Neg_ctrl_Sample_78,0.15327644501136,211,2.32633586092875,Sample_100_GSE115650
scissor,Negative,Neg_ctrl_Sample_79,0.171773425708974,211,2.32633586092875,Sample_100_GSE115650
scissor,Negative,Neg_ctrl_Sample_80,0.16554186313143,211,2.32633586092875,Sample_100_GSE115650
scissor,Negative,Neg_ctrl_Sample_81,0.237997926942171,211,2.32633586092875,Sample_100_GSE115650
scissor,Negative,Neg_ctrl_Sample_82,0.207591122548824,211,2.32633586092875,Sample_100_GSE115650
scissor,Negative,Neg_ctrl_Sample_83,-0.131013349613028,211,2.32633586092875,Sample_100_GSE115650
scissor,Negative,Neg_ctrl_Sample_84,0.200523998264852,211,2.32633586092875,Sample_100_GSE115650
scissor,Negative,Neg_ctrl_Sample_85,0.200533030343147,211,2.32633586092875,Sample_100_GSE115650
scissor,Negative,Neg_ctrl_Sample_86,-0.215113030209147,211,2.32633586092875,Sample_100_GSE115650
scissor,Negative,Neg_ctrl_Sample_87,-0.00863964092851876,211,2.32633586092875,Sample_100_GSE115650
scissor,Negative,Neg_ctrl_Sample_88,0.00680565968058261,211,2.32633586092875,Sample_100_GSE115650
scissor,Negative,Neg_ctrl_Sample_89,0.166681172746614,211,2.32633586092875,Sample_100_GSE115650
scissor,Negative,Neg_ctrl_Sample_90,-0.0206646388368216,211,2.32633586092875,Sample_100_GSE115650
scissor,Negative,Neg_ctrl_Sample_91,-0.0738051190701029,211,2.32633586092875,Sample_100_GSE115650
scissor,Negative,Neg_ctrl_Sample_92,0.0332430167295762,211,2.32633586092875,Sample_100_GSE115650
scissor,Negative,Neg_ctrl_Sample_93,0.0498193202839784,211,2.32633586092875,Sample_100_GSE115650
scissor,Negative,Neg_ctrl_Sample_94,0.302829276385134,211,2.32633586092875,Sample_100_GSE115650
scissor,Negative,Neg_ctrl_Sample_95,0.0888292466159948,211,2.32633586092875,Sample_100_GSE115650
scissor,Negative,Neg_ctrl_Sample_96,-0.0848439254851601,211,2.32633586092875,Sample_100_GSE115650
scissor,Negative,Neg_ctrl_Sample_97,-0.0011784776010601,211,2.32633586092875,Sample_100_GSE115650
scissor,Negative,Neg_ctrl_Sample_98,0.139286313305691,211,2.32633586092875,Sample_100_GSE115650
scissor,Negative,Neg_ctrl_Sample_99,-0.140474396786994,211,2.32633586092875,Sample_100_GSE115650
scissor,Negative,Neg_ctrl_Sample_100,0.147354321884391,211,2.32633586092875,Sample_100_GSE115650
scissor,Neutral,Neg_ctrl_Sample_1,0.0584255305383163,5286,3.72320931040511,Sample_100_GSE115650
scissor,Neutral,Neg_ctrl_Sample_2,-0.029751446407628,5286,3.72320931040511,Sample_100_GSE115650
scissor,Neutral,Neg_ctrl_Sample_3,0.0731558218483514,5286,3.72320931040511,Sample_100_GSE115650
scissor,Neutral,Neg_ctrl_Sample_4,0.0488261391798248,5286,3.72320931040511,Sample_100_GSE115650
scissor,Neutral,Neg_ctrl_Sample_5,0.04593162013963,5286,3.72320931040511,Sample_100_GSE115650
scissor,Neutral,Neg_ctrl_Sample_6,-0.08384077336172,5286,3.72320931040511,Sample_100_GSE115650
scissor,Neutral,Neg_ctrl_Sample_7,-0.0571706401299446,5286,3.72320931040511,Sample_100_GSE115650
scissor,Neutral,Neg_ctrl_Sample_8,-0.0861300203795487,5286,3.72320931040511,Sample_100_GSE115650
scissor,Neutral,Neg_ctrl_Sample_9,0.0728317571456319,5286,3.72320931040511,Sample_100_GSE115650
scissor,Neutral,Neg_ctrl_Sample_10,-0.0500148278200088,5286,3.72320931040511,Sample_100_GSE115650
scissor,Neutral,Neg_ctrl_Sample_11,-0.111764491988556,5286,3.72320931040511,Sample_100_GSE115650
scissor,Neutral,Neg_ctrl_Sample_12,0.0361864543358065,5286,3.72320931040511,Sample_100_GSE115650
scissor,Neutral,Neg_ctrl_Sample_13,0.0481095858156644,5286,3.72320931040511,Sample_100_GSE115650
scissor,Neutral,Neg_ctrl_Sample_14,0.094814528602225,5286,3.72320931040511,Sample_100_GSE115650
scissor,Neutral,Neg_ctrl_Sample_15,0.139603855490875,5286,3.72320931040511,Sample_100_GSE115650
scissor,Neutral,Neg_ctrl_Sample_16,0.0746044098088575,5286,3.72320931040511,Sample_100_GSE115650
scissor,Neutral,Neg_ctrl_Sample_17,-0.204686779103862,5286,3.72320931040511,Sample_100_GSE115650
scissor,Neutral,Neg_ctrl_Sample_18,-0.0419538056239964,5286,3.72320931040511,Sample_100_GSE115650
scissor,Neutral,Neg_ctrl_Sample_19,0.0132902457938386,5286,3.72320931040511,Sample_100_GSE115650
scissor,Neutral,Neg_ctrl_Sample_20,-0.0408267929680042,5286,3.72320931040511,Sample_100_GSE115650
scissor,Neutral,Neg_ctrl_Sample_21,0.0424472529835535,5286,3.72320931040511,Sample_100_GSE115650
scissor,Neutral,Neg_ctrl_Sample_22,-0.0432360395909769,5286,3.72320931040511,Sample_100_GSE115650
scissor,Neutral,Neg_ctrl_Sample_23,-0.171301289819138,5286,3.72320931040511,Sample_100_GSE115650
scissor,Neutral,Neg_ctrl_Sample_24,-0.152030546026498,5286,3.72320931040511,Sample_100_GSE115650
scissor,Neutral,Neg_ctrl_Sample_25,0.141718734325229,5286,3.72320931040511,Sample_100_GSE115650
scissor,Neutral,Neg_ctrl_Sample_26,0.0392174245239517,5286,3.72320931040511,Sample_100_GSE115650
scissor,Neutral,Neg_ctrl_Sample_27,0.236107103436366,5286,3.72320931040511,Sample_100_GSE115650
scissor,Neutral,Neg_ctrl_Sample_28,0.202204555536274,5286,3.72320931040511,Sample_100_GSE115650
scissor,Neutral,Neg_ctrl_Sample_29,-0.0243760935041377,5286,3.72320931040511,Sample_100_GSE115650
scissor,Neutral,Neg_ctrl_Sample_30,0.123886703274802,5286,3.72320931040511,Sample_100_GSE115650
scissor,Neutral,Neg_ctrl_Sample_31,0.175022684357987,5286,3.72320931040511,Sample_100_GSE115650
scissor,Neutral,Neg_ctrl_Sample_32,0.0990441688459507,5286,3.72320931040511,Sample_100_GSE115650
scissor,Neutral,Neg_ctrl_Sample_33,0.180294316165939,5286,3.72320931040511,Sample_100_GSE115650
scissor,Neutral,Neg_ctrl_Sample_34,-0.0275762044498751,5286,3.72320931040511,Sample_100_GSE115650
scissor,Neutral,Neg_ctrl_Sample_35,0.114262633233481,5286,3.72320931040511,Sample_100_GSE115650
scissor,Neutral,Neg_ctrl_Sample_36,0.126594816577338,5286,3.72320931040511,Sample_100_GSE115650
scissor,Neutral,Neg_ctrl_Sample_37,0.235506437535771,5286,3.72320931040511,Sample_100_GSE115650
scissor,Neutral,Neg_ctrl_Sample_38,0.0930105213264479,5286,3.72320931040511,Sample_100_GSE115650
scissor,Neutral,Neg_ctrl_Sample_39,0.0335551552634167,5286,3.72320931040511,Sample_100_GSE115650
scissor,Neutral,Neg_ctrl_Sample_40,0.0660517263111557,5286,3.72320931040511,Sample_100_GSE115650
scissor,Neutral,Neg_ctrl_Sample_41,-0.135997364000918,5286,3.72320931040511,Sample_100_GSE115650
scissor,Neutral,Neg_ctrl_Sample_42,0.031163868346827,5286,3.72320931040511,Sample_100_GSE115650
scissor,Neutral,Neg_ctrl_Sample_43,0.147381123578266,5286,3.72320931040511,Sample_100_GSE115650
scissor,Neutral,Neg_ctrl_Sample_44,0.229869152143268,5286,3.72320931040511,Sample_100_GSE115650
scissor,Neutral,Neg_ctrl_Sample_45,0.261785463347008,5286,3.72320931040511,Sample_100_GSE115650
scissor,Neutral,Neg_ctrl_Sample_46,0.0261857231598553,5286,3.72320931040511,Sample_100_GSE115650
scissor,Neutral,Neg_ctrl_Sample_47,-0.0223031413582022,5286,3.72320931040511,Sample_100_GSE115650
scissor,Neutral,Neg_ctrl_Sample_48,0.283961092604278,5286,3.72320931040511,Sample_100_GSE115650
scissor,Neutral,Neg_ctrl_Sample_49,0.0250846261387715,5286,3.72320931040511,Sample_100_GSE115650
scissor,Neutral,Neg_ctrl_Sample_50,0.032541390499255,5286,3.72320931040511,Sample_100_GSE115650
scissor,Neutral,Neg_ctrl_Sample_51,0.0267011357455471,5286,3.72320931040511,Sample_100_GSE115650
scissor,Neutral,Neg_ctrl_Sample_52,0.0681813856294665,5286,3.72320931040511,Sample_100_GSE115650
scissor,Neutral,Neg_ctrl_Sample_53,0.161458589143878,5286,3.72320931040511,Sample_100_GSE115650
scissor,Neutral,Neg_ctrl_Sample_54,0.111012346475206,5286,3.72320931040511,Sample_100_GSE115650
scissor,Neutral,Neg_ctrl_Sample_55,0.00212971096410037,5286,3.72320931040511,Sample_100_GSE115650
scissor,Neutral,Neg_ctrl_Sample_56,0.139408679915555,5286,3.72320931040511,Sample_100_GSE115650
scissor,Neutral,Neg_ctrl_Sample_57,-0.00381271164222369,5286,3.72320931040511,Sample_100_GSE115650
scissor,Neutral,Neg_ctrl_Sample_58,0.000206805680960239,5286,3.72320931040511,Sample_100_GSE115650
scissor,Neutral,Neg_ctrl_Sample_59,0.158360263628992,5286,3.72320931040511,Sample_100_GSE115650
scissor,Neutral,Neg_ctrl_Sample_60,0.241930532479673,5286,3.72320931040511,Sample_100_GSE115650
scissor,Neutral,Neg_ctrl_Sample_61,0.269232631987695,5286,3.72320931040511,Sample_100_GSE115650
scissor,Neutral,Neg_ctrl_Sample_62,0.0090602647336675,5286,3.72320931040511,Sample_100_GSE115650
scissor,Neutral,Neg_ctrl_Sample_63,0.100024830026733,5286,3.72320931040511,Sample_100_GSE115650
scissor,Neutral,Neg_ctrl_Sample_64,0.0454831515328781,5286,3.72320931040511,Sample_100_GSE115650
scissor,Neutral,Neg_ctrl_Sample_65,0.153491027104385,5286,3.72320931040511,Sample_100_GSE115650
scissor,Neutral,Neg_ctrl_Sample_66,0.148230940737136,5286,3.72320931040511,Sample_100_GSE115650
scissor,Neutral,Neg_ctrl_Sample_67,-0.151200467174726,5286,3.72320931040511,Sample_100_GSE115650
scissor,Neutral,Neg_ctrl_Sample_68,-0.206348837206833,5286,3.72320931040511,Sample_100_GSE115650
scissor,Neutral,Neg_ctrl_Sample_69,-0.0901992526647433,5286,3.72320931040511,Sample_100_GSE115650
scissor,Neutral,Neg_ctrl_Sample_70,-0.0943781210873762,5286,3.72320931040511,Sample_100_GSE115650
scissor,Neutral,Neg_ctrl_Sample_71,0.0859048712794593,5286,3.72320931040511,Sample_100_GSE115650
scissor,Neutral,Neg_ctrl_Sample_72,-0.202605480867026,5286,3.72320931040511,Sample_100_GSE115650
scissor,Neutral,Neg_ctrl_Sample_73,0.0281671453389243,5286,3.72320931040511,Sample_100_GSE115650
scissor,Neutral,Neg_ctrl_Sample_74,-0.150437354255977,5286,3.72320931040511,Sample_100_GSE115650
scissor,Neutral,Neg_ctrl_Sample_75,-0.0547468163731137,5286,3.72320931040511,Sample_100_GSE115650
scissor,Neutral,Neg_ctrl_Sample_76,-0.0138201097341078,5286,3.72320931040511,Sample_100_GSE115650
scissor,Neutral,Neg_ctrl_Sample_77,0.20501648301023,5286,3.72320931040511,Sample_100_GSE115650
scissor,Neutral,Neg_ctrl_Sample_78,0.138461841782386,5286,3.72320931040511,Sample_100_GSE115650
scissor,Neutral,Neg_ctrl_Sample_79,0.182351588917373,5286,3.72320931040511,Sample_100_GSE115650
scissor,Neutral,Neg_ctrl_Sample_80,0.155448619919785,5286,3.72320931040511,Sample_100_GSE115650
scissor,Neutral,Neg_ctrl_Sample_81,0.24069530723371,5286,3.72320931040511,Sample_100_GSE115650
scissor,Neutral,Neg_ctrl_Sample_82,0.209248947588028,5286,3.72320931040511,Sample_100_GSE115650
scissor,Neutral,Neg_ctrl_Sample_83,-0.113321399714273,5286,3.72320931040511,Sample_100_GSE115650
scissor,Neutral,Neg_ctrl_Sample_84,0.194731981129881,5286,3.72320931040511,Sample_100_GSE115650
scissor,Neutral,Neg_ctrl_Sample_85,0.209983341934509,5286,3.72320931040511,Sample_100_GSE115650
scissor,Neutral,Neg_ctrl_Sample_86,-0.206949578014487,5286,3.72320931040511,Sample_100_GSE115650
scissor,Neutral,Neg_ctrl_Sample_87,-0.00274703496516636,5286,3.72320931040511,Sample_100_GSE115650
scissor,Neutral,Neg_ctrl_Sample_88,0.0309472624861717,5286,3.72320931040511,Sample_100_GSE115650
scissor,Neutral,Neg_ctrl_Sample_89,0.165390554423593,5286,3.72320931040511,Sample_100_GSE115650
scissor,Neutral,Neg_ctrl_Sample_90,-0.0251891390380057,5286,3.72320931040511,Sample_100_GSE115650
scissor,Neutral,Neg_ctrl_Sample_91,-0.0711321261459418,5286,3.72320931040511,Sample_100_GSE115650
scissor,Neutral,Neg_ctrl_Sample_92,0.0331421087175385,5286,3.72320931040511,Sample_100_GSE115650
scissor,Neutral,Neg_ctrl_Sample_93,0.052473377358569,5286,3.72320931040511,Sample_100_GSE115650
scissor,Neutral,Neg_ctrl_Sample_94,0.281223782258674,5286,3.72320931040511,Sample_100_GSE115650
scissor,Neutral,Neg_ctrl_Sample_95,0.0961852174910089,5286,3.72320931040511,Sample_100_GSE115650
scissor,Neutral,Neg_ctrl_Sample_96,-0.0896317213876611,5286,3.72320931040511,Sample_100_GSE115650
scissor,Neutral,Neg_ctrl_Sample_97,0.0096204757659164,5286,3.72320931040511,Sample_100_GSE115650
scissor,Neutral,Neg_ctrl_Sample_98,0.146635054914293,5286,3.72320931040511,Sample_100_GSE115650
scissor,Neutral,Neg_ctrl_Sample_99,-0.123151222707578,5286,3.72320931040511,Sample_100_GSE115650
scissor,Neutral,Neg_ctrl_Sample_100,0.151872192841896,5286,3.72320931040511,Sample_100_GSE115650
scissor,Positive,Neg_ctrl_Sample_1,0.0503643745348481,996,2.99869515831166,Sample_100_GSE115650
scissor,Positive,Neg_ctrl_Sample_2,-0.0133205617111061,996,2.99869515831166,Sample_100_GSE115650
scissor,Positive,Neg_ctrl_Sample_3,0.0760916909364497,996,2.99869515831166,Sample_100_GSE115650
scissor,Positive,Neg_ctrl_Sample_4,0.0582595201739805,996,2.99869515831166,Sample_100_GSE115650
scissor,Positive,Neg_ctrl_Sample_5,0.0680268359602246,996,2.99869515831166,Sample_100_GSE115650
scissor,Positive,Neg_ctrl_Sample_6,-0.0799966392314609,996,2.99869515831166,Sample_100_GSE115650
scissor,Positive,Neg_ctrl_Sample_7,-0.0245711860100547,996,2.99869515831166,Sample_100_GSE115650
scissor,Positive,Neg_ctrl_Sample_8,-0.0558972444671394,996,2.99869515831166,Sample_100_GSE115650
scissor,Positive,Neg_ctrl_Sample_9,0.102678615800231,996,2.99869515831166,Sample_100_GSE115650
scissor,Positive,Neg_ctrl_Sample_10,-0.0522863757194882,996,2.99869515831166,Sample_100_GSE115650
scissor,Positive,Neg_ctrl_Sample_11,-0.106889300811079,996,2.99869515831166,Sample_100_GSE115650
scissor,Positive,Neg_ctrl_Sample_12,0.0635619112991922,996,2.99869515831166,Sample_100_GSE115650
scissor,Positive,Neg_ctrl_Sample_13,0.0718636072884602,996,2.99869515831166,Sample_100_GSE115650
scissor,Positive,Neg_ctrl_Sample_14,0.0903170033366009,996,2.99869515831166,Sample_100_GSE115650
scissor,Positive,Neg_ctrl_Sample_15,0.131221370811396,996,2.99869515831166,Sample_100_GSE115650
scissor,Positive,Neg_ctrl_Sample_16,0.0781265428823548,996,2.99869515831166,Sample_100_GSE115650
scissor,Positive,Neg_ctrl_Sample_17,-0.203389973570144,996,2.99869515831166,Sample_100_GSE115650
scissor,Positive,Neg_ctrl_Sample_18,-0.0472781974782674,996,2.99869515831166,Sample_100_GSE115650
scissor,Positive,Neg_ctrl_Sample_19,0.00776101742849902,996,2.99869515831166,Sample_100_GSE115650
scissor,Positive,Neg_ctrl_Sample_20,-0.0246631939284975,996,2.99869515831166,Sample_100_GSE115650
scissor,Positive,Neg_ctrl_Sample_21,0.0623584992041081,996,2.99869515831166,Sample_100_GSE115650
scissor,Positive,Neg_ctrl_Sample_22,-0.0397612392197358,996,2.99869515831166,Sample_100_GSE115650
scissor,Positive,Neg_ctrl_Sample_23,-0.174238370528397,996,2.99869515831166,Sample_100_GSE115650
scissor,Positive,Neg_ctrl_Sample_24,-0.141266726600558,996,2.99869515831166,Sample_100_GSE115650
scissor,Positive,Neg_ctrl_Sample_25,0.133433735543076,996,2.99869515831166,Sample_100_GSE115650
scissor,Positive,Neg_ctrl_Sample_26,0.0534912803932319,996,2.99869515831166,Sample_100_GSE115650
scissor,Positive,Neg_ctrl_Sample_27,0.239335725621169,996,2.99869515831166,Sample_100_GSE115650
scissor,Positive,Neg_ctrl_Sample_28,0.201172832326685,996,2.99869515831166,Sample_100_GSE115650
scissor,Positive,Neg_ctrl_Sample_29,-0.0161765283046848,996,2.99869515831166,Sample_100_GSE115650
scissor,Positive,Neg_ctrl_Sample_30,0.132889373035443,996,2.99869515831166,Sample_100_GSE115650
scissor,Positive,Neg_ctrl_Sample_31,0.163933965415936,996,2.99869515831166,Sample_100_GSE115650
scissor,Positive,Neg_ctrl_Sample_32,0.105018394118943,996,2.99869515831166,Sample_100_GSE115650
scissor,Positive,Neg_ctrl_Sample_33,0.181600700321375,996,2.99869515831166,Sample_100_GSE115650
scissor,Positive,Neg_ctrl_Sample_34,-0.00519400979981716,996,2.99869515831166,Sample_100_GSE115650
scissor,Positive,Neg_ctrl_Sample_35,0.103315686456727,996,2.99869515831166,Sample_100_GSE115650
scissor,Positive,Neg_ctrl_Sample_36,0.137149525192647,996,2.99869515831166,Sample_100_GSE115650
scissor,Positive,Neg_ctrl_Sample_37,0.236816173718055,996,2.99869515831166,Sample_100_GSE115650
scissor,Positive,Neg_ctrl_Sample_38,0.103870311944312,996,2.99869515831166,Sample_100_GSE115650
scissor,Positive,Neg_ctrl_Sample_39,0.027899505475095,996,2.99869515831166,Sample_100_GSE115650
scissor,Positive,Neg_ctrl_Sample_40,0.0916826431755984,996,2.99869515831166,Sample_100_GSE115650
scissor,Positive,Neg_ctrl_Sample_41,-0.132544090199027,996,2.99869515831166,Sample_100_GSE115650
scissor,Positive,Neg_ctrl_Sample_42,0.0440607105493008,996,2.99869515831166,Sample_100_GSE115650
scissor,Positive,Neg_ctrl_Sample_43,0.173244190492288,996,2.99869515831166,Sample_100_GSE115650
scissor,Positive,Neg_ctrl_Sample_44,0.221254387447818,996,2.99869515831166,Sample_100_GSE115650
scissor,Positive,Neg_ctrl_Sample_45,0.260483097423747,996,2.99869515831166,Sample_100_GSE115650
scissor,Positive,Neg_ctrl_Sample_46,0.0306945832220568,996,2.99869515831166,Sample_100_GSE115650
scissor,Positive,Neg_ctrl_Sample_47,-0.0162100280061641,996,2.99869515831166,Sample_100_GSE115650
scissor,Positive,Neg_ctrl_Sample_48,0.31286278585486,996,2.99869515831166,Sample_100_GSE115650
scissor,Positive,Neg_ctrl_Sample_49,0.0347611103582752,996,2.99869515831166,Sample_100_GSE115650
scissor,Positive,Neg_ctrl_Sample_50,0.0391084083795065,996,2.99869515831166,Sample_100_GSE115650
scissor,Positive,Neg_ctrl_Sample_51,0.0422109967298776,996,2.99869515831166,Sample_100_GSE115650
scissor,Positive,Neg_ctrl_Sample_52,0.0622085486412379,996,2.99869515831166,Sample_100_GSE115650
scissor,Positive,Neg_ctrl_Sample_53,0.147604336519598,996,2.99869515831166,Sample_100_GSE115650
scissor,Positive,Neg_ctrl_Sample_54,0.107876903467462,996,2.99869515831166,Sample_100_GSE115650
scissor,Positive,Neg_ctrl_Sample_55,0.00534680649845742,996,2.99869515831166,Sample_100_GSE115650
scissor,Positive,Neg_ctrl_Sample_56,0.136352722272778,996,2.99869515831166,Sample_100_GSE115650
scissor,Positive,Neg_ctrl_Sample_57,0.00234849807825381,996,2.99869515831166,Sample_100_GSE115650
scissor,Positive,Neg_ctrl_Sample_58,0.0128429027888313,996,2.99869515831166,Sample_100_GSE115650
scissor,Positive,Neg_ctrl_Sample_59,0.19810727022426,996,2.99869515831166,Sample_100_GSE115650
scissor,Positive,Neg_ctrl_Sample_60,0.246925102427823,996,2.99869515831166,Sample_100_GSE115650
scissor,Positive,Neg_ctrl_Sample_61,0.284461319931237,996,2.99869515831166,Sample_100_GSE115650
scissor,Positive,Neg_ctrl_Sample_62,-0.000305907015413487,996,2.99869515831166,Sample_100_GSE115650
scissor,Positive,Neg_ctrl_Sample_63,0.0942941871973578,996,2.99869515831166,Sample_100_GSE115650
scissor,Positive,Neg_ctrl_Sample_64,0.0681729513192361,996,2.99869515831166,Sample_100_GSE115650
scissor,Positive,Neg_ctrl_Sample_65,0.159153762091973,996,2.99869515831166,Sample_100_GSE115650
scissor,Positive,Neg_ctrl_Sample_66,0.147320884663779,996,2.99869515831166,Sample_100_GSE115650
scissor,Positive,Neg_ctrl_Sample_67,-0.12448898436111,996,2.99869515831166,Sample_100_GSE115650
scissor,Positive,Neg_ctrl_Sample_68,-0.196870962971364,996,2.99869515831166,Sample_100_GSE115650
scissor,Positive,Neg_ctrl_Sample_69,-0.0852251757491757,996,2.99869515831166,Sample_100_GSE115650
scissor,Positive,Neg_ctrl_Sample_70,-0.104523914576724,996,2.99869515831166,Sample_100_GSE115650
scissor,Positive,Neg_ctrl_Sample_71,0.0952638014228211,996,2.99869515831166,Sample_100_GSE115650
scissor,Positive,Neg_ctrl_Sample_72,-0.189732740161763,996,2.99869515831166,Sample_100_GSE115650
scissor,Positive,Neg_ctrl_Sample_73,0.043499873013976,996,2.99869515831166,Sample_100_GSE115650
scissor,Positive,Neg_ctrl_Sample_74,-0.106279169704499,996,2.99869515831166,Sample_100_GSE115650
scissor,Positive,Neg_ctrl_Sample_75,-0.0548976121672155,996,2.99869515831166,Sample_100_GSE115650
scissor,Positive,Neg_ctrl_Sample_76,0.0160959992071613,996,2.99869515831166,Sample_100_GSE115650
scissor,Positive,Neg_ctrl_Sample_77,0.200064242077546,996,2.99869515831166,Sample_100_GSE115650
scissor,Positive,Neg_ctrl_Sample_78,0.129213136302904,996,2.99869515831166,Sample_100_GSE115650
scissor,Positive,Neg_ctrl_Sample_79,0.201176951029138,996,2.99869515831166,Sample_100_GSE115650
scissor,Positive,Neg_ctrl_Sample_80,0.150277330300621,996,2.99869515831166,Sample_100_GSE115650
scissor,Positive,Neg_ctrl_Sample_81,0.235364505269694,996,2.99869515831166,Sample_100_GSE115650
scissor,Positive,Neg_ctrl_Sample_82,0.212203743236797,996,2.99869515831166,Sample_100_GSE115650
scissor,Positive,Neg_ctrl_Sample_83,-0.110472496001827,996,2.99869515831166,Sample_100_GSE115650
scissor,Positive,Neg_ctrl_Sample_84,0.189204315090074,996,2.99869515831166,Sample_100_GSE115650
scissor,Positive,Neg_ctrl_Sample_85,0.20916481993942,996,2.99869515831166,Sample_100_GSE115650
scissor,Positive,Neg_ctrl_Sample_86,-0.18219013882629,996,2.99869515831166,Sample_100_GSE115650
scissor,Positive,Neg_ctrl_Sample_87,-0.0197430102849751,996,2.99869515831166,Sample_100_GSE115650
scissor,Positive,Neg_ctrl_Sample_88,0.0466699337256536,996,2.99869515831166,Sample_100_GSE115650
scissor,Positive,Neg_ctrl_Sample_89,0.160785458150402,996,2.99869515831166,Sample_100_GSE115650
scissor,Positive,Neg_ctrl_Sample_90,-0.00996188989603148,996,2.99869515831166,Sample_100_GSE115650
scissor,Positive,Neg_ctrl_Sample_91,-0.0872996972569686,996,2.99869515831166,Sample_100_GSE115650
scissor,Positive,Neg_ctrl_Sample_92,0.0231336746501492,996,2.99869515831166,Sample_100_GSE115650
scissor,Positive,Neg_ctrl_Sample_93,0.0549621438913673,996,2.99869515831166,Sample_100_GSE115650
scissor,Positive,Neg_ctrl_Sample_94,0.261358473989124,996,2.99869515831166,Sample_100_GSE115650
scissor,Positive,Neg_ctrl_Sample_95,0.091303717782868,996,2.99869515831166,Sample_100_GSE115650
scissor,Positive,Neg_ctrl_Sample_96,-0.0735407421740472,996,2.99869515831166,Sample_100_GSE115650
scissor,Positive,Neg_ctrl_Sample_97,0.0213392937092391,996,2.99869515831166,Sample_100_GSE115650
scissor,Positive,Neg_ctrl_Sample_98,0.168317893433926,996,2.99869515831166,Sample_100_GSE115650
scissor,Positive,Neg_ctrl_Sample_99,-0.125339849092946,996,2.99869515831166,Sample_100_GSE115650
scissor,Positive,Neg_ctrl_Sample_100,0.145746634071711,996,2.99869515831166,Sample_100_GSE115650
scAB,Other,Neg_ctrl_Sample_1,0.0568906393534908,5922,3.77254173264094,Sample_100_GSE115650
scAB,Other,Neg_ctrl_Sample_2,-0.0271763866007666,5922,3.77254173264094,Sample_100_GSE115650
scAB,Other,Neg_ctrl_Sample_3,0.0726732925731394,5922,3.77254173264094,Sample_100_GSE115650
scAB,Other,Neg_ctrl_Sample_4,0.0506619577507245,5922,3.77254173264094,Sample_100_GSE115650
scAB,Other,Neg_ctrl_Sample_5,0.0478335629266632,5922,3.77254173264094,Sample_100_GSE115650
scAB,Other,Neg_ctrl_Sample_6,-0.0834609115838041,5922,3.77254173264094,Sample_100_GSE115650
scAB,Other,Neg_ctrl_Sample_7,-0.0514058762771851,5922,3.77254173264094,Sample_100_GSE115650
scAB,Other,Neg_ctrl_Sample_8,-0.0820233916063708,5922,3.77254173264094,Sample_100_GSE115650
scAB,Other,Neg_ctrl_Sample_9,0.0774800559908394,5922,3.77254173264094,Sample_100_GSE115650
scAB,Other,Neg_ctrl_Sample_10,-0.0506344317479089,5922,3.77254173264094,Sample_100_GSE115650
scAB,Other,Neg_ctrl_Sample_11,-0.111550422938122,5922,3.77254173264094,Sample_100_GSE115650
scAB,Other,Neg_ctrl_Sample_12,0.040371958179198,5922,3.77254173264094,Sample_100_GSE115650
scAB,Other,Neg_ctrl_Sample_13,0.0524844939494547,5922,3.77254173264094,Sample_100_GSE115650
scAB,Other,Neg_ctrl_Sample_14,0.0938574955904342,5922,3.77254173264094,Sample_100_GSE115650
scAB,Other,Neg_ctrl_Sample_15,0.137901454619548,5922,3.77254173264094,Sample_100_GSE115650
scAB,Other,Neg_ctrl_Sample_16,0.0742231556488893,5922,3.77254173264094,Sample_100_GSE115650
scAB,Other,Neg_ctrl_Sample_17,-0.203734998242536,5922,3.77254173264094,Sample_100_GSE115650
scAB,Other,Neg_ctrl_Sample_18,-0.0423591803521462,5922,3.77254173264094,Sample_100_GSE115650
scAB,Other,Neg_ctrl_Sample_19,0.0125521535236626,5922,3.77254173264094,Sample_100_GSE115650
scAB,Other,Neg_ctrl_Sample_20,-0.0380973523410512,5922,3.77254173264094,Sample_100_GSE115650
scAB,Other,Neg_ctrl_Sample_21,0.0446605516553262,5922,3.77254173264094,Sample_100_GSE115650
scAB,Other,Neg_ctrl_Sample_22,-0.0428110410765318,5922,3.77254173264094,Sample_100_GSE115650
scAB,Other,Neg_ctrl_Sample_23,-0.171608565394945,5922,3.77254173264094,Sample_100_GSE115650
scAB,Other,Neg_ctrl_Sample_24,-0.150155247923483,5922,3.77254173264094,Sample_100_GSE115650
scAB,Other,Neg_ctrl_Sample_25,0.140150740131774,5922,3.77254173264094,Sample_100_GSE115650
scAB,Other,Neg_ctrl_Sample_26,0.0408645446492693,5922,3.77254173264094,Sample_100_GSE115650
scAB,Other,Neg_ctrl_Sample_27,0.237529556052361,5922,3.77254173264094,Sample_100_GSE115650
scAB,Other,Neg_ctrl_Sample_28,0.203388730539926,5922,3.77254173264094,Sample_100_GSE115650
scAB,Other,Neg_ctrl_Sample_29,-0.0242058807195933,5922,3.77254173264094,Sample_100_GSE115650
scAB,Other,Neg_ctrl_Sample_30,0.125585730231514,5922,3.77254173264094,Sample_100_GSE115650
scAB,Other,Neg_ctrl_Sample_31,0.172043574446804,5922,3.77254173264094,Sample_100_GSE115650
scAB,Other,Neg_ctrl_Sample_32,0.0995036499340203,5922,3.77254173264094,Sample_100_GSE115650
scAB,Other,Neg_ctrl_Sample_33,0.180710277251338,5922,3.77254173264094,Sample_100_GSE115650
scAB,Other,Neg_ctrl_Sample_34,-0.0247747286773603,5922,3.77254173264094,Sample_100_GSE115650
scAB,Other,Neg_ctrl_Sample_35,0.11348943872214,5922,3.77254173264094,Sample_100_GSE115650
scAB,Other,Neg_ctrl_Sample_36,0.127584819351527,5922,3.77254173264094,Sample_100_GSE115650
scAB,Other,Neg_ctrl_Sample_37,0.236231474314647,5922,3.77254173264094,Sample_100_GSE115650
scAB,Other,Neg_ctrl_Sample_38,0.095575036997062,5922,3.77254173264094,Sample_100_GSE115650
scAB,Other,Neg_ctrl_Sample_39,0.032791682150018,5922,3.77254173264094,Sample_100_GSE115650
scAB,Other,Neg_ctrl_Sample_40,0.0705503249695372,5922,3.77254173264094,Sample_100_GSE115650
scAB,Other,Neg_ctrl_Sample_41,-0.135863797133458,5922,3.77254173264094,Sample_100_GSE115650
scAB,Other,Neg_ctrl_Sample_42,0.032099815384833,5922,3.77254173264094,Sample_100_GSE115650
scAB,Other,Neg_ctrl_Sample_43,0.150419393761569,5922,3.77254173264094,Sample_100_GSE115650
scAB,Other,Neg_ctrl_Sample_44,0.228347319924426,5922,3.77254173264094,Sample_100_GSE115650
scAB,Other,Neg_ctrl_Sample_45,0.261832276180038,5922,3.77254173264094,Sample_100_GSE115650
scAB,Other,Neg_ctrl_Sample_46,0.0262262063586367,5922,3.77254173264094,Sample_100_GSE115650
scAB,Other,Neg_ctrl_Sample_47,-0.0210021704587253,5922,3.77254173264094,Sample_100_GSE115650
scAB,Other,Neg_ctrl_Sample_48,0.289262629421974,5922,3.77254173264094,Sample_100_GSE115650
scAB,Other,Neg_ctrl_Sample_49,0.0264406069099837,5922,3.77254173264094,Sample_100_GSE115650
scAB,Other,Neg_ctrl_Sample_50,0.0335797176306696,5922,3.77254173264094,Sample_100_GSE115650
scAB,Other,Neg_ctrl_Sample_51,0.0289664908931192,5922,3.77254173264094,Sample_100_GSE115650
scAB,Other,Neg_ctrl_Sample_52,0.067353198519812,5922,3.77254173264094,Sample_100_GSE115650
scAB,Other,Neg_ctrl_Sample_53,0.159122832358868,5922,3.77254173264094,Sample_100_GSE115650
scAB,Other,Neg_ctrl_Sample_54,0.110535745283205,5922,3.77254173264094,Sample_100_GSE115650
scAB,Other,Neg_ctrl_Sample_55,0.00191515564460727,5922,3.77254173264094,Sample_100_GSE115650
scAB,Other,Neg_ctrl_Sample_56,0.138086245794327,5922,3.77254173264094,Sample_100_GSE115650
scAB,Other,Neg_ctrl_Sample_57,-0.00300088890799314,5922,3.77254173264094,Sample_100_GSE115650
scAB,Other,Neg_ctrl_Sample_58,0.00241247694730029,5922,3.77254173264094,Sample_100_GSE115650
scAB,Other,Neg_ctrl_Sample_59,0.164014808221663,5922,3.77254173264094,Sample_100_GSE115650
scAB,Other,Neg_ctrl_Sample_60,0.242939124492805,5922,3.77254173264094,Sample_100_GSE115650
scAB,Other,Neg_ctrl_Sample_61,0.271464660586732,5922,3.77254173264094,Sample_100_GSE115650
scAB,Other,Neg_ctrl_Sample_62,0.00749878221301007,5922,3.77254173264094,Sample_100_GSE115650
scAB,Other,Neg_ctrl_Sample_63,0.09904961583959,5922,3.77254173264094,Sample_100_GSE115650
scAB,Other,Neg_ctrl_Sample_64,0.047588892697697,5922,3.77254173264094,Sample_100_GSE115650
scAB,Other,Neg_ctrl_Sample_65,0.155494715497044,5922,3.77254173264094,Sample_100_GSE115650
scAB,Other,Neg_ctrl_Sample_66,0.148767832429894,5922,3.77254173264094,Sample_100_GSE115650
scAB,Other,Neg_ctrl_Sample_67,-0.147255601911896,5922,3.77254173264094,Sample_100_GSE115650
scAB,Other,Neg_ctrl_Sample_68,-0.204679363293112,5922,3.77254173264094,Sample_100_GSE115650
scAB,Other,Neg_ctrl_Sample_69,-0.089753949812502,5922,3.77254173264094,Sample_100_GSE115650
scAB,Other,Neg_ctrl_Sample_70,-0.0968042647046384,5922,3.77254173264094,Sample_100_GSE115650
scAB,Other,Neg_ctrl_Sample_71,0.0863705126686819,5922,3.77254173264094,Sample_100_GSE115650
scAB,Other,Neg_ctrl_Sample_72,-0.201288049055212,5922,3.77254173264094,Sample_100_GSE115650
scAB,Other,Neg_ctrl_Sample_73,0.0305219548172046,5922,3.77254173264094,Sample_100_GSE115650
scAB,Other,Neg_ctrl_Sample_74,-0.143859062428356,5922,3.77254173264094,Sample_100_GSE115650
scAB,Other,Neg_ctrl_Sample_75,-0.0544874733153106,5922,3.77254173264094,Sample_100_GSE115650
scAB,Other,Neg_ctrl_Sample_76,-0.00977195000782371,5922,3.77254173264094,Sample_100_GSE115650
scAB,Other,Neg_ctrl_Sample_77,0.204154428456642,5922,3.77254173264094,Sample_100_GSE115650
scAB,Other,Neg_ctrl_Sample_78,0.137010716095269,5922,3.77254173264094,Sample_100_GSE115650
scAB,Other,Neg_ctrl_Sample_79,0.184164147162079,5922,3.77254173264094,Sample_100_GSE115650
scAB,Other,Neg_ctrl_Sample_80,0.155615984362529,5922,3.77254173264094,Sample_100_GSE115650
scAB,Other,Neg_ctrl_Sample_81,0.239747926292197,5922,3.77254173264094,Sample_100_GSE115650
scAB,Other,Neg_ctrl_Sample_82,0.210358421028353,5922,3.77254173264094,Sample_100_GSE115650
scAB,Other,Neg_ctrl_Sample_83,-0.11350012498161,5922,3.77254173264094,Sample_100_GSE115650
scAB,Other,Neg_ctrl_Sample_84,0.19168810560551,5922,3.77254173264094,Sample_100_GSE115650
scAB,Other,Neg_ctrl_Sample_85,0.210044397045759,5922,3.77254173264094,Sample_100_GSE115650
scAB,Other,Neg_ctrl_Sample_86,-0.202539830817264,5922,3.77254173264094,Sample_100_GSE115650
scAB,Other,Neg_ctrl_Sample_87,-0.00598556610878678,5922,3.77254173264094,Sample_100_GSE115650
scAB,Other,Neg_ctrl_Sample_88,0.0330314321437942,5922,3.77254173264094,Sample_100_GSE115650
scAB,Other,Neg_ctrl_Sample_89,0.165039796303562,5922,3.77254173264094,Sample_100_GSE115650
scAB,Other,Neg_ctrl_Sample_90,-0.0221065563882397,5922,3.77254173264094,Sample_100_GSE115650
scAB,Other,Neg_ctrl_Sample_91,-0.0744129593263907,5922,3.77254173264094,Sample_100_GSE115650
scAB,Other,Neg_ctrl_Sample_92,0.0312642455644103,5922,3.77254173264094,Sample_100_GSE115650
scAB,Other,Neg_ctrl_Sample_93,0.0527824561429854,5922,3.77254173264094,Sample_100_GSE115650
scAB,Other,Neg_ctrl_Sample_94,0.277833748711589,5922,3.77254173264094,Sample_100_GSE115650
scAB,Other,Neg_ctrl_Sample_95,0.0955464621995516,5922,3.77254173264094,Sample_100_GSE115650
scAB,Other,Neg_ctrl_Sample_96,-0.0862272265752245,5922,3.77254173264094,Sample_100_GSE115650
scAB,Other,Neg_ctrl_Sample_97,0.0117544340527734,5922,3.77254173264094,Sample_100_GSE115650
scAB,Other,Neg_ctrl_Sample_98,0.149914264574328,5922,3.77254173264094,Sample_100_GSE115650
scAB,Other,Neg_ctrl_Sample_99,-0.123652940813065,5922,3.77254173264094,Sample_100_GSE115650
scAB,Other,Neg_ctrl_Sample_100,0.151068290438001,5922,3.77254173264094,Sample_100_GSE115650
scAB,Positive,Neg_ctrl_Sample_1,0.0615345861497,571,2.75739602879302,Sample_100_GSE115650
scAB,Positive,Neg_ctrl_Sample_2,-0.0266084356054178,571,2.75739602879302,Sample_100_GSE115650
scAB,Positive,Neg_ctrl_Sample_3,0.0791754366609174,571,2.75739602879302,Sample_100_GSE115650
scAB,Positive,Neg_ctrl_Sample_4,0.0483527337762082,571,2.75739602879302,Sample_100_GSE115650
scAB,Positive,Neg_ctrl_Sample_5,0.0565810703043095,571,2.75739602879302,Sample_100_GSE115650
scAB,Positive,Neg_ctrl_Sample_6,-0.0924332573014211,571,2.75739602879302,Sample_100_GSE115650
scAB,Positive,Neg_ctrl_Sample_7,-0.0693223552177033,571,2.75739602879302,Sample_100_GSE115650
scAB,Positive,Neg_ctrl_Sample_8,-0.0796143106589324,571,2.75739602879302,Sample_100_GSE115650
scAB,Positive,Neg_ctrl_Sample_9,0.0696110663970199,571,2.75739602879302,Sample_100_GSE115650
scAB,Positive,Neg_ctrl_Sample_10,-0.0495415277709092,571,2.75739602879302,Sample_100_GSE115650
scAB,Positive,Neg_ctrl_Sample_11,-0.116531404368028,571,2.75739602879302,Sample_100_GSE115650
scAB,Positive,Neg_ctrl_Sample_12,0.0428644181528693,571,2.75739602879302,Sample_100_GSE115650
scAB,Positive,Neg_ctrl_Sample_13,0.0409074734766095,571,2.75739602879302,Sample_100_GSE115650
scAB,Positive,Neg_ctrl_Sample_14,0.0946114222994703,571,2.75739602879302,Sample_100_GSE115650
scAB,Positive,Neg_ctrl_Sample_15,0.147147060767276,571,2.75739602879302,Sample_100_GSE115650
scAB,Positive,Neg_ctrl_Sample_16,0.090075170353969,571,2.75739602879302,Sample_100_GSE115650
scAB,Positive,Neg_ctrl_Sample_17,-0.21571138853118,571,2.75739602879302,Sample_100_GSE115650
scAB,Positive,Neg_ctrl_Sample_18,-0.0451335911997661,571,2.75739602879302,Sample_100_GSE115650
scAB,Positive,Neg_ctrl_Sample_19,0.0132545641456213,571,2.75739602879302,Sample_100_GSE115650
scAB,Positive,Neg_ctrl_Sample_20,-0.0473126961924101,571,2.75739602879302,Sample_100_GSE115650
scAB,Positive,Neg_ctrl_Sample_21,0.0477920242254942,571,2.75739602879302,Sample_100_GSE115650
scAB,Positive,Neg_ctrl_Sample_22,-0.0424780735541667,571,2.75739602879302,Sample_100_GSE115650
scAB,Positive,Neg_ctrl_Sample_23,-0.173636851577664,571,2.75739602879302,Sample_100_GSE115650
scAB,Positive,Neg_ctrl_Sample_24,-0.158141097487324,571,2.75739602879302,Sample_100_GSE115650
scAB,Positive,Neg_ctrl_Sample_25,0.142157212692419,571,2.75739602879302,Sample_100_GSE115650
scAB,Positive,Neg_ctrl_Sample_26,0.048400659214077,571,2.75739602879302,Sample_100_GSE115650
scAB,Positive,Neg_ctrl_Sample_27,0.225835572758876,571,2.75739602879302,Sample_100_GSE115650
scAB,Positive,Neg_ctrl_Sample_28,0.197685801224768,571,2.75739602879302,Sample_100_GSE115650
scAB,Positive,Neg_ctrl_Sample_29,-0.0100020691818089,571,2.75739602879302,Sample_100_GSE115650
scAB,Positive,Neg_ctrl_Sample_30,0.120585576232036,571,2.75739602879302,Sample_100_GSE115650
scAB,Positive,Neg_ctrl_Sample_31,0.184155445514105,571,2.75739602879302,Sample_100_GSE115650
scAB,Positive,Neg_ctrl_Sample_32,0.103146265679073,571,2.75739602879302,Sample_100_GSE115650
scAB,Positive,Neg_ctrl_Sample_33,0.178287260108659,571,2.75739602879302,Sample_100_GSE115650
scAB,Positive,Neg_ctrl_Sample_34,-0.0202875885328858,571,2.75739602879302,Sample_100_GSE115650
scAB,Positive,Neg_ctrl_Sample_35,0.104512515508548,571,2.75739602879302,Sample_100_GSE115650
scAB,Positive,Neg_ctrl_Sample_36,0.139781024545814,571,2.75739602879302,Sample_100_GSE115650
scAB,Positive,Neg_ctrl_Sample_37,0.225823602681739,571,2.75739602879302,Sample_100_GSE115650
scAB,Positive,Neg_ctrl_Sample_38,0.0848871236514907,571,2.75739602879302,Sample_100_GSE115650
scAB,Positive,Neg_ctrl_Sample_39,0.0338048524386378,571,2.75739602879302,Sample_100_GSE115650
scAB,Positive,Neg_ctrl_Sample_40,0.059123633719721,571,2.75739602879302,Sample_100_GSE115650
scAB,Positive,Neg_ctrl_Sample_41,-0.132278819616132,571,2.75739602879302,Sample_100_GSE115650
scAB,Positive,Neg_ctrl_Sample_42,0.041655365344258,571,2.75739602879302,Sample_100_GSE115650
scAB,Positive,Neg_ctrl_Sample_43,0.156444431343944,571,2.75739602879302,Sample_100_GSE115650
scAB,Positive,Neg_ctrl_Sample_44,0.234705658182548,571,2.75739602879302,Sample_100_GSE115650
scAB,Positive,Neg_ctrl_Sample_45,0.262457891637911,571,2.75739602879302,Sample_100_GSE115650
scAB,Positive,Neg_ctrl_Sample_46,0.0306432930141267,571,2.75739602879302,Sample_100_GSE115650
scAB,Positive,Neg_ctrl_Sample_47,-0.0244814139855781,571,2.75739602879302,Sample_100_GSE115650
scAB,Positive,Neg_ctrl_Sample_48,0.26883162857288,571,2.75739602879302,Sample_100_GSE115650
scAB,Positive,Neg_ctrl_Sample_49,0.0207726094928945,571,2.75739602879302,Sample_100_GSE115650
scAB,Positive,Neg_ctrl_Sample_50,0.0304956609865941,571,2.75739602879302,Sample_100_GSE115650
scAB,Positive,Neg_ctrl_Sample_51,0.0253407077114895,571,2.75739602879302,Sample_100_GSE115650
scAB,Positive,Neg_ctrl_Sample_52,0.0680011842608363,571,2.75739602879302,Sample_100_GSE115650
scAB,Positive,Neg_ctrl_Sample_53,0.161080903908799,571,2.75739602879302,Sample_100_GSE115650
scAB,Positive,Neg_ctrl_Sample_54,0.109691364534894,571,2.75739602879302,Sample_100_GSE115650
scAB,Positive,Neg_ctrl_Sample_55,0.00910985920235696,571,2.75739602879302,Sample_100_GSE115650
scAB,Positive,Neg_ctrl_Sample_56,0.14965032288893,571,2.75739602879302,Sample_100_GSE115650
scAB,Positive,Neg_ctrl_Sample_57,-0.00684544675495535,571,2.75739602879302,Sample_100_GSE115650
scAB,Positive,Neg_ctrl_Sample_58,-0.00310366715181599,571,2.75739602879302,Sample_100_GSE115650
scAB,Positive,Neg_ctrl_Sample_59,0.161261149231099,571,2.75739602879302,Sample_100_GSE115650
scAB,Positive,Neg_ctrl_Sample_60,0.240164753708539,571,2.75739602879302,Sample_100_GSE115650
scAB,Positive,Neg_ctrl_Sample_61,0.269082846215061,571,2.75739602879302,Sample_100_GSE115650
scAB,Positive,Neg_ctrl_Sample_62,0.007102339130383,571,2.75739602879302,Sample_100_GSE115650
scAB,Positive,Neg_ctrl_Sample_63,0.10236180237847,571,2.75739602879302,Sample_100_GSE115650
scAB,Positive,Neg_ctrl_Sample_64,0.0571751023190234,571,2.75739602879302,Sample_100_GSE115650
scAB,Positive,Neg_ctrl_Sample_65,0.143144751994685,571,2.75739602879302,Sample_100_GSE115650
scAB,Positive,Neg_ctrl_Sample_66,0.138857413940534,571,2.75739602879302,Sample_100_GSE115650
scAB,Positive,Neg_ctrl_Sample_67,-0.146211375487694,571,2.75739602879302,Sample_100_GSE115650
scAB,Positive,Neg_ctrl_Sample_68,-0.209539489734423,571,2.75739602879302,Sample_100_GSE115650
scAB,Positive,Neg_ctrl_Sample_69,-0.0827347799374032,571,2.75739602879302,Sample_100_GSE115650
scAB,Positive,Neg_ctrl_Sample_70,-0.0839170074552851,571,2.75739602879302,Sample_100_GSE115650
scAB,Positive,Neg_ctrl_Sample_71,0.0937723796189394,571,2.75739602879302,Sample_100_GSE115650
scAB,Positive,Neg_ctrl_Sample_72,-0.194152952269603,571,2.75739602879302,Sample_100_GSE115650
scAB,Positive,Neg_ctrl_Sample_73,0.0249951906038731,571,2.75739602879302,Sample_100_GSE115650
scAB,Positive,Neg_ctrl_Sample_74,-0.144108991029471,571,2.75739602879302,Sample_100_GSE115650
scAB,Positive,Neg_ctrl_Sample_75,-0.0540531752418353,571,2.75739602879302,Sample_100_GSE115650
scAB,Positive,Neg_ctrl_Sample_76,-0.00883873199079828,571,2.75739602879302,Sample_100_GSE115650
scAB,Positive,Neg_ctrl_Sample_77,0.205406111563734,571,2.75739602879302,Sample_100_GSE115650
scAB,Positive,Neg_ctrl_Sample_78,0.142853675307522,571,2.75739602879302,Sample_100_GSE115650
scAB,Positive,Neg_ctrl_Sample_79,0.192481358271489,571,2.75739602879302,Sample_100_GSE115650
scAB,Positive,Neg_ctrl_Sample_80,0.148422240982905,571,2.75739602879302,Sample_100_GSE115650
scAB,Positive,Neg_ctrl_Sample_81,0.240225541801086,571,2.75739602879302,Sample_100_GSE115650
scAB,Positive,Neg_ctrl_Sample_82,0.202283752613065,571,2.75739602879302,Sample_100_GSE115650
scAB,Positive,Neg_ctrl_Sample_83,-0.113036079745568,571,2.75739602879302,Sample_100_GSE115650
scAB,Positive,Neg_ctrl_Sample_84,0.218799215972537,571,2.75739602879302,Sample_100_GSE115650
scAB,Positive,Neg_ctrl_Sample_85,0.204430221055876,571,2.75739602879302,Sample_100_GSE115650
scAB,Positive,Neg_ctrl_Sample_86,-0.212512817740549,571,2.75739602879302,Sample_100_GSE115650
scAB,Positive,Neg_ctrl_Sample_87,-0.000983024184565084,571,2.75739602879302,Sample_100_GSE115650
scAB,Positive,Neg_ctrl_Sample_88,0.0278359659014151,571,2.75739602879302,Sample_100_GSE115650
scAB,Positive,Neg_ctrl_Sample_89,0.161472575728111,571,2.75739602879302,Sample_100_GSE115650
scAB,Positive,Neg_ctrl_Sample_90,-0.0289265204111367,571,2.75739602879302,Sample_100_GSE115650
scAB,Positive,Neg_ctrl_Sample_91,-0.0662946624663659,571,2.75739602879302,Sample_100_GSE115650
scAB,Positive,Neg_ctrl_Sample_92,0.0351974447109624,571,2.75739602879302,Sample_100_GSE115650
scAB,Positive,Neg_ctrl_Sample_93,0.0526282650339027,571,2.75739602879302,Sample_100_GSE115650
scAB,Positive,Neg_ctrl_Sample_94,0.28971535999956,571,2.75739602879302,Sample_100_GSE115650
scAB,Positive,Neg_ctrl_Sample_95,0.0915768554456013,571,2.75739602879302,Sample_100_GSE115650
scAB,Positive,Neg_ctrl_Sample_96,-0.0951038370567713,571,2.75739602879302,Sample_100_GSE115650
scAB,Positive,Neg_ctrl_Sample_97,0.00393932434096075,571,2.75739602879302,Sample_100_GSE115650
scAB,Positive,Neg_ctrl_Sample_98,0.147731452601525,571,2.75739602879302,Sample_100_GSE115650
scAB,Positive,Neg_ctrl_Sample_99,-0.128166786612811,571,2.75739602879302,Sample_100_GSE115650
scAB,Positive,Neg_ctrl_Sample_100,0.147855349985024,571,2.75739602879302,Sample_100_GSE115650
scPAS,Negative,Neg_ctrl_Sample_1,0.0665827432755484,10,1.04139268515822,Sample_100_GSE115650
scPAS,Negative,Neg_ctrl_Sample_2,0.0196838011758688,10,1.04139268515822,Sample_100_GSE115650
scPAS,Negative,Neg_ctrl_Sample_3,0.0723301881221043,10,1.04139268515822,Sample_100_GSE115650
scPAS,Negative,Neg_ctrl_Sample_4,0.115109773972143,10,1.04139268515822,Sample_100_GSE115650
scPAS,Negative,Neg_ctrl_Sample_5,0.0928111929086842,10,1.04139268515822,Sample_100_GSE115650
scPAS,Negative,Neg_ctrl_Sample_6,-0.0661311356498844,10,1.04139268515822,Sample_100_GSE115650
scPAS,Negative,Neg_ctrl_Sample_7,-0.0141693118328755,10,1.04139268515822,Sample_100_GSE115650
scPAS,Negative,Neg_ctrl_Sample_8,-0.0725598700202837,10,1.04139268515822,Sample_100_GSE115650
scPAS,Negative,Neg_ctrl_Sample_9,0.103199774166228,10,1.04139268515822,Sample_100_GSE115650
scPAS,Negative,Neg_ctrl_Sample_10,-0.00613154438061346,10,1.04139268515822,Sample_100_GSE115650
scPAS,Negative,Neg_ctrl_Sample_11,-0.148152579617194,10,1.04139268515822,Sample_100_GSE115650
scPAS,Negative,Neg_ctrl_Sample_12,0.0507563661281795,10,1.04139268515822,Sample_100_GSE115650
scPAS,Negative,Neg_ctrl_Sample_13,0.0653296673277199,10,1.04139268515822,Sample_100_GSE115650
scPAS,Negative,Neg_ctrl_Sample_14,0.10319942665461,10,1.04139268515822,Sample_100_GSE115650
scPAS,Negative,Neg_ctrl_Sample_15,0.150737625771248,10,1.04139268515822,Sample_100_GSE115650
scPAS,Negative,Neg_ctrl_Sample_16,0.0900999367019032,10,1.04139268515822,Sample_100_GSE115650
scPAS,Negative,Neg_ctrl_Sample_17,-0.200200352333186,10,1.04139268515822,Sample_100_GSE115650
scPAS,Negative,Neg_ctrl_Sample_18,-0.0294943758044128,10,1.04139268515822,Sample_100_GSE115650
scPAS,Negative,Neg_ctrl_Sample_19,-0.0066662518482883,10,1.04139268515822,Sample_100_GSE115650
scPAS,Negative,Neg_ctrl_Sample_20,-0.0252485131719901,10,1.04139268515822,Sample_100_GSE115650
scPAS,Negative,Neg_ctrl_Sample_21,0.0732805295024163,10,1.04139268515822,Sample_100_GSE115650
scPAS,Negative,Neg_ctrl_Sample_22,-0.0558993576427437,10,1.04139268515822,Sample_100_GSE115650
scPAS,Negative,Neg_ctrl_Sample_23,-0.160781558486931,10,1.04139268515822,Sample_100_GSE115650
scPAS,Negative,Neg_ctrl_Sample_24,-0.121621902058339,10,1.04139268515822,Sample_100_GSE115650
scPAS,Negative,Neg_ctrl_Sample_25,0.17110151224131,10,1.04139268515822,Sample_100_GSE115650
scPAS,Negative,Neg_ctrl_Sample_26,0.0665106984844119,10,1.04139268515822,Sample_100_GSE115650
scPAS,Negative,Neg_ctrl_Sample_27,0.256416877608727,10,1.04139268515822,Sample_100_GSE115650
scPAS,Negative,Neg_ctrl_Sample_28,0.17039496586588,10,1.04139268515822,Sample_100_GSE115650
scPAS,Negative,Neg_ctrl_Sample_29,-0.0560741160367867,10,1.04139268515822,Sample_100_GSE115650
scPAS,Negative,Neg_ctrl_Sample_30,0.128868550941417,10,1.04139268515822,Sample_100_GSE115650
scPAS,Negative,Neg_ctrl_Sample_31,0.137316842102224,10,1.04139268515822,Sample_100_GSE115650
scPAS,Negative,Neg_ctrl_Sample_32,0.0718847858007311,10,1.04139268515822,Sample_100_GSE115650
scPAS,Negative,Neg_ctrl_Sample_33,0.175140768256818,10,1.04139268515822,Sample_100_GSE115650
scPAS,Negative,Neg_ctrl_Sample_34,-0.0253911247005179,10,1.04139268515822,Sample_100_GSE115650
scPAS,Negative,Neg_ctrl_Sample_35,0.110844952563527,10,1.04139268515822,Sample_100_GSE115650
scPAS,Negative,Neg_ctrl_Sample_36,0.108913882215997,10,1.04139268515822,Sample_100_GSE115650
scPAS,Negative,Neg_ctrl_Sample_37,0.269740344411817,10,1.04139268515822,Sample_100_GSE115650
scPAS,Negative,Neg_ctrl_Sample_38,0.103591237081048,10,1.04139268515822,Sample_100_GSE115650
scPAS,Negative,Neg_ctrl_Sample_39,0.0355765718199555,10,1.04139268515822,Sample_100_GSE115650
scPAS,Negative,Neg_ctrl_Sample_40,0.0934935640101556,10,1.04139268515822,Sample_100_GSE115650
scPAS,Negative,Neg_ctrl_Sample_41,-0.107873972694071,10,1.04139268515822,Sample_100_GSE115650
scPAS,Negative,Neg_ctrl_Sample_42,0.0301294676217125,10,1.04139268515822,Sample_100_GSE115650
scPAS,Negative,Neg_ctrl_Sample_43,0.16925511833288,10,1.04139268515822,Sample_100_GSE115650
scPAS,Negative,Neg_ctrl_Sample_44,0.22788897931569,10,1.04139268515822,Sample_100_GSE115650
scPAS,Negative,Neg_ctrl_Sample_45,0.289982890066237,10,1.04139268515822,Sample_100_GSE115650
scPAS,Negative,Neg_ctrl_Sample_46,0.0172859072753906,10,1.04139268515822,Sample_100_GSE115650
scPAS,Negative,Neg_ctrl_Sample_47,-0.00384116836499643,10,1.04139268515822,Sample_100_GSE115650
scPAS,Negative,Neg_ctrl_Sample_48,0.299482233398991,10,1.04139268515822,Sample_100_GSE115650
scPAS,Negative,Neg_ctrl_Sample_49,0.0244492916937088,10,1.04139268515822,Sample_100_GSE115650
scPAS,Negative,Neg_ctrl_Sample_50,0.0554044983945801,10,1.04139268515822,Sample_100_GSE115650
scPAS,Negative,Neg_ctrl_Sample_51,0.0298765557206113,10,1.04139268515822,Sample_100_GSE115650
scPAS,Negative,Neg_ctrl_Sample_52,0.140933090413744,10,1.04139268515822,Sample_100_GSE115650
scPAS,Negative,Neg_ctrl_Sample_53,0.15540091087819,10,1.04139268515822,Sample_100_GSE115650
scPAS,Negative,Neg_ctrl_Sample_54,0.0838870519605196,10,1.04139268515822,Sample_100_GSE115650
scPAS,Negative,Neg_ctrl_Sample_55,-0.0045160647240231,10,1.04139268515822,Sample_100_GSE115650
scPAS,Negative,Neg_ctrl_Sample_56,0.135772062175612,10,1.04139268515822,Sample_100_GSE115650
scPAS,Negative,Neg_ctrl_Sample_57,0.0283032769747736,10,1.04139268515822,Sample_100_GSE115650
scPAS,Negative,Neg_ctrl_Sample_58,0.00688957903998186,10,1.04139268515822,Sample_100_GSE115650
scPAS,Negative,Neg_ctrl_Sample_59,0.19638780096732,10,1.04139268515822,Sample_100_GSE115650
scPAS,Negative,Neg_ctrl_Sample_60,0.252769441985646,10,1.04139268515822,Sample_100_GSE115650
scPAS,Negative,Neg_ctrl_Sample_61,0.278980078142551,10,1.04139268515822,Sample_100_GSE115650
scPAS,Negative,Neg_ctrl_Sample_62,0.0260983438976312,10,1.04139268515822,Sample_100_GSE115650
scPAS,Negative,Neg_ctrl_Sample_63,0.114446940394861,10,1.04139268515822,Sample_100_GSE115650
scPAS,Negative,Neg_ctrl_Sample_64,0.0631091986331625,10,1.04139268515822,Sample_100_GSE115650
scPAS,Negative,Neg_ctrl_Sample_65,0.181504547158765,10,1.04139268515822,Sample_100_GSE115650
scPAS,Negative,Neg_ctrl_Sample_66,0.176511668891507,10,1.04139268515822,Sample_100_GSE115650
scPAS,Negative,Neg_ctrl_Sample_67,-0.137817939909278,10,1.04139268515822,Sample_100_GSE115650
scPAS,Negative,Neg_ctrl_Sample_68,-0.175157161141047,10,1.04139268515822,Sample_100_GSE115650
scPAS,Negative,Neg_ctrl_Sample_69,-0.0519235023717269,10,1.04139268515822,Sample_100_GSE115650
scPAS,Negative,Neg_ctrl_Sample_70,-0.0896092855448956,10,1.04139268515822,Sample_100_GSE115650
scPAS,Negative,Neg_ctrl_Sample_71,0.151663815415767,10,1.04139268515822,Sample_100_GSE115650
scPAS,Negative,Neg_ctrl_Sample_72,-0.16788909088787,10,1.04139268515822,Sample_100_GSE115650
scPAS,Negative,Neg_ctrl_Sample_73,0.0821077709688656,10,1.04139268515822,Sample_100_GSE115650
scPAS,Negative,Neg_ctrl_Sample_74,-0.115232667138165,10,1.04139268515822,Sample_100_GSE115650
scPAS,Negative,Neg_ctrl_Sample_75,-0.10567957147387,10,1.04139268515822,Sample_100_GSE115650
scPAS,Negative,Neg_ctrl_Sample_76,-0.00920358408107698,10,1.04139268515822,Sample_100_GSE115650
scPAS,Negative,Neg_ctrl_Sample_77,0.180431850637057,10,1.04139268515822,Sample_100_GSE115650
scPAS,Negative,Neg_ctrl_Sample_78,0.139288222780797,10,1.04139268515822,Sample_100_GSE115650
scPAS,Negative,Neg_ctrl_Sample_79,0.204607109848023,10,1.04139268515822,Sample_100_GSE115650
scPAS,Negative,Neg_ctrl_Sample_80,0.114178219498115,10,1.04139268515822,Sample_100_GSE115650
scPAS,Negative,Neg_ctrl_Sample_81,0.215222964833492,10,1.04139268515822,Sample_100_GSE115650
scPAS,Negative,Neg_ctrl_Sample_82,0.22684891352373,10,1.04139268515822,Sample_100_GSE115650
scPAS,Negative,Neg_ctrl_Sample_83,-0.0817817724508715,10,1.04139268515822,Sample_100_GSE115650
scPAS,Negative,Neg_ctrl_Sample_84,0.161986625852195,10,1.04139268515822,Sample_100_GSE115650
scPAS,Negative,Neg_ctrl_Sample_85,0.212393059558823,10,1.04139268515822,Sample_100_GSE115650
scPAS,Negative,Neg_ctrl_Sample_86,-0.215538631929407,10,1.04139268515822,Sample_100_GSE115650
scPAS,Negative,Neg_ctrl_Sample_87,-0.0449635609265413,10,1.04139268515822,Sample_100_GSE115650
scPAS,Negative,Neg_ctrl_Sample_88,0.0431196666191011,10,1.04139268515822,Sample_100_GSE115650
scPAS,Negative,Neg_ctrl_Sample_89,0.200109233585589,10,1.04139268515822,Sample_100_GSE115650
scPAS,Negative,Neg_ctrl_Sample_90,-0.0539262688074075,10,1.04139268515822,Sample_100_GSE115650
scPAS,Negative,Neg_ctrl_Sample_91,-0.10447959860324,10,1.04139268515822,Sample_100_GSE115650
scPAS,Negative,Neg_ctrl_Sample_92,0.0388454418765211,10,1.04139268515822,Sample_100_GSE115650
scPAS,Negative,Neg_ctrl_Sample_93,0.040129651843637,10,1.04139268515822,Sample_100_GSE115650
scPAS,Negative,Neg_ctrl_Sample_94,0.244550122870724,10,1.04139268515822,Sample_100_GSE115650
scPAS,Negative,Neg_ctrl_Sample_95,0.0926981818865644,10,1.04139268515822,Sample_100_GSE115650
scPAS,Negative,Neg_ctrl_Sample_96,-0.0801255769659189,10,1.04139268515822,Sample_100_GSE115650
scPAS,Negative,Neg_ctrl_Sample_97,0.0681988337414516,10,1.04139268515822,Sample_100_GSE115650
scPAS,Negative,Neg_ctrl_Sample_98,0.172235173199421,10,1.04139268515822,Sample_100_GSE115650
scPAS,Negative,Neg_ctrl_Sample_99,-0.09982559549606,10,1.04139268515822,Sample_100_GSE115650
scPAS,Negative,Neg_ctrl_Sample_100,0.144964657204955,10,1.04139268515822,Sample_100_GSE115650
scPAS,Neutral,Neg_ctrl_Sample_1,0.0572847119404744,6483,3.81184300617648,Sample_100_GSE115650
scPAS,Neutral,Neg_ctrl_Sample_2,-0.0271986451013716,6483,3.81184300617648,Sample_100_GSE115650
scPAS,Neutral,Neg_ctrl_Sample_3,0.073246507954696,6483,3.81184300617648,Sample_100_GSE115650
scPAS,Neutral,Neg_ctrl_Sample_4,0.0503591588842024,6483,3.81184300617648,Sample_100_GSE115650
scPAS,Neutral,Neg_ctrl_Sample_5,0.0485346350248916,6483,3.81184300617648,Sample_100_GSE115650
scPAS,Neutral,Neg_ctrl_Sample_6,-0.0842778955671605,6483,3.81184300617648,Sample_100_GSE115650
scPAS,Neutral,Neg_ctrl_Sample_7,-0.0530413344168548,6483,3.81184300617648,Sample_100_GSE115650
scPAS,Neutral,Neg_ctrl_Sample_8,-0.0818258056114415,6483,3.81184300617648,Sample_100_GSE115650
scPAS,Neutral,Neg_ctrl_Sample_9,0.076747310311397,6483,3.81184300617648,Sample_100_GSE115650
scPAS,Neutral,Neg_ctrl_Sample_10,-0.0506068180972543,6483,3.81184300617648,Sample_100_GSE115650
scPAS,Neutral,Neg_ctrl_Sample_11,-0.111932671716416,6483,3.81184300617648,Sample_100_GSE115650
scPAS,Neutral,Neg_ctrl_Sample_12,0.0405754674442723,6483,3.81184300617648,Sample_100_GSE115650
scPAS,Neutral,Neg_ctrl_Sample_13,0.051445016790149,6483,3.81184300617648,Sample_100_GSE115650
scPAS,Neutral,Neg_ctrl_Sample_14,0.0939094889330559,6483,3.81184300617648,Sample_100_GSE115650
scPAS,Neutral,Neg_ctrl_Sample_15,0.138695975581886,6483,3.81184300617648,Sample_100_GSE115650
scPAS,Neutral,Neg_ctrl_Sample_16,0.0755948558781151,6483,3.81184300617648,Sample_100_GSE115650
scPAS,Neutral,Neg_ctrl_Sample_17,-0.204795289051407,6483,3.81184300617648,Sample_100_GSE115650
scPAS,Neutral,Neg_ctrl_Sample_18,-0.0426233846772223,6483,3.81184300617648,Sample_100_GSE115650
scPAS,Neutral,Neg_ctrl_Sample_19,0.0126436637070434,6483,3.81184300617648,Sample_100_GSE115650
scPAS,Neutral,Neg_ctrl_Sample_20,-0.0389288269254746,6483,3.81184300617648,Sample_100_GSE115650
scPAS,Neutral,Neg_ctrl_Sample_21,0.0448922146291184,6483,3.81184300617648,Sample_100_GSE115650
scPAS,Neutral,Neg_ctrl_Sample_22,-0.0427615257871701,6483,3.81184300617648,Sample_100_GSE115650
scPAS,Neutral,Neg_ctrl_Sample_23,-0.171803910370945,6483,3.81184300617648,Sample_100_GSE115650
scPAS,Neutral,Neg_ctrl_Sample_24,-0.150902626229762,6483,3.81184300617648,Sample_100_GSE115650
scPAS,Neutral,Neg_ctrl_Sample_25,0.140279721793201,6483,3.81184300617648,Sample_100_GSE115650
scPAS,Neutral,Neg_ctrl_Sample_26,0.0414887402189366,6483,3.81184300617648,Sample_100_GSE115650
scPAS,Neutral,Neg_ctrl_Sample_27,0.236470457228338,6483,3.81184300617648,Sample_100_GSE115650
scPAS,Neutral,Neg_ctrl_Sample_28,0.202937329183731,6483,3.81184300617648,Sample_100_GSE115650
scPAS,Neutral,Neg_ctrl_Sample_29,-0.0229057019842475,6483,3.81184300617648,Sample_100_GSE115650
scPAS,Neutral,Neg_ctrl_Sample_30,0.12514027039181,6483,3.81184300617648,Sample_100_GSE115650
scPAS,Neutral,Neg_ctrl_Sample_31,0.173163911590545,6483,3.81184300617648,Sample_100_GSE115650
scPAS,Neutral,Neg_ctrl_Sample_32,0.0998670807888341,6483,3.81184300617648,Sample_100_GSE115650
scPAS,Neutral,Neg_ctrl_Sample_33,0.180505457307096,6483,3.81184300617648,Sample_100_GSE115650
scPAS,Neutral,Neg_ctrl_Sample_34,-0.0243785662552214,6483,3.81184300617648,Sample_100_GSE115650
scPAS,Neutral,Neg_ctrl_Sample_35,0.112702861783474,6483,3.81184300617648,Sample_100_GSE115650
scPAS,Neutral,Neg_ctrl_Sample_36,0.128687818354657,6483,3.81184300617648,Sample_100_GSE115650
scPAS,Neutral,Neg_ctrl_Sample_37,0.235263098037712,6483,3.81184300617648,Sample_100_GSE115650
scPAS,Neutral,Neg_ctrl_Sample_38,0.0946213179594002,6483,3.81184300617648,Sample_100_GSE115650
scPAS,Neutral,Neg_ctrl_Sample_39,0.0328766229703331,6483,3.81184300617648,Sample_100_GSE115650
scPAS,Neutral,Neg_ctrl_Sample_40,0.0695085120597653,6483,3.81184300617648,Sample_100_GSE115650
scPAS,Neutral,Neg_ctrl_Sample_41,-0.135591219018696,6483,3.81184300617648,Sample_100_GSE115650
scPAS,Neutral,Neg_ctrl_Sample_42,0.0329444741083349,6483,3.81184300617648,Sample_100_GSE115650
scPAS,Neutral,Neg_ctrl_Sample_43,0.150921004005873,6483,3.81184300617648,Sample_100_GSE115650
scPAS,Neutral,Neg_ctrl_Sample_44,0.22890804714199,6483,3.81184300617648,Sample_100_GSE115650
scPAS,Neutral,Neg_ctrl_Sample_45,0.261843956002278,6483,3.81184300617648,Sample_100_GSE115650
scPAS,Neutral,Neg_ctrl_Sample_46,0.0266290382992687,6483,3.81184300617648,Sample_100_GSE115650
scPAS,Neutral,Neg_ctrl_Sample_47,-0.0213350808512551,6483,3.81184300617648,Sample_100_GSE115650
scPAS,Neutral,Neg_ctrl_Sample_48,0.287447374520755,6483,3.81184300617648,Sample_100_GSE115650
scPAS,Neutral,Neg_ctrl_Sample_49,0.0259444610866002,6483,3.81184300617648,Sample_100_GSE115650
scPAS,Neutral,Neg_ctrl_Sample_50,0.0332744200598835,6483,3.81184300617648,Sample_100_GSE115650
scPAS,Neutral,Neg_ctrl_Sample_51,0.028645740801343,6483,3.81184300617648,Sample_100_GSE115650
scPAS,Neutral,Neg_ctrl_Sample_52,0.0672967741698483,6483,3.81184300617648,Sample_100_GSE115650
scPAS,Neutral,Neg_ctrl_Sample_53,0.159301033511085,6483,3.81184300617648,Sample_100_GSE115650
scPAS,Neutral,Neg_ctrl_Sample_54,0.110502480672059,6483,3.81184300617648,Sample_100_GSE115650
scPAS,Neutral,Neg_ctrl_Sample_55,0.00255876013869356,6483,3.81184300617648,Sample_100_GSE115650
scPAS,Neutral,Neg_ctrl_Sample_56,0.139108338939045,6483,3.81184300617648,Sample_100_GSE115650
scPAS,Neutral,Neg_ctrl_Sample_57,-0.00338779068023488,6483,3.81184300617648,Sample_100_GSE115650
scPAS,Neutral,Neg_ctrl_Sample_58,0.00191972832759919,6483,3.81184300617648,Sample_100_GSE115650
scPAS,Neutral,Neg_ctrl_Sample_59,0.163722340350142,6483,3.81184300617648,Sample_100_GSE115650
scPAS,Neutral,Neg_ctrl_Sample_60,0.24267960437978,6483,3.81184300617648,Sample_100_GSE115650
scPAS,Neutral,Neg_ctrl_Sample_61,0.271243286194972,6483,3.81184300617648,Sample_100_GSE115650
scPAS,Neutral,Neg_ctrl_Sample_62,0.0074351751457532,6483,3.81184300617648,Sample_100_GSE115650
scPAS,Neutral,Neg_ctrl_Sample_63,0.099317591355269,6483,3.81184300617648,Sample_100_GSE115650
scPAS,Neutral,Neg_ctrl_Sample_64,0.0484092725580121,6483,3.81184300617648,Sample_100_GSE115650
scPAS,Neutral,Neg_ctrl_Sample_65,0.154366853785419,6483,3.81184300617648,Sample_100_GSE115650
scPAS,Neutral,Neg_ctrl_Sample_66,0.147852162628562,6483,3.81184300617648,Sample_100_GSE115650
scPAS,Neutral,Neg_ctrl_Sample_67,-0.147178187648716,6483,3.81184300617648,Sample_100_GSE115650
scPAS,Neutral,Neg_ctrl_Sample_68,-0.205152964129069,6483,3.81184300617648,Sample_100_GSE115650
scPAS,Neutral,Neg_ctrl_Sample_69,-0.089194079147027,6483,3.81184300617648,Sample_100_GSE115650
scPAS,Neutral,Neg_ctrl_Sample_70,-0.0956802983159625,6483,3.81184300617648,Sample_100_GSE115650
scPAS,Neutral,Neg_ctrl_Sample_71,0.0869217286182618,6483,3.81184300617648,Sample_100_GSE115650
scPAS,Neutral,Neg_ctrl_Sample_72,-0.200711132398894,6483,3.81184300617648,Sample_100_GSE115650
scPAS,Neutral,Neg_ctrl_Sample_73,0.0299556058233238,6483,3.81184300617648,Sample_100_GSE115650
scPAS,Neutral,Neg_ctrl_Sample_74,-0.143925231360045,6483,3.81184300617648,Sample_100_GSE115650
scPAS,Neutral,Neg_ctrl_Sample_75,-0.0543702582633994,6483,3.81184300617648,Sample_100_GSE115650
scPAS,Neutral,Neg_ctrl_Sample_76,-0.00969063212590884,6483,3.81184300617648,Sample_100_GSE115650
scPAS,Neutral,Neg_ctrl_Sample_77,0.204301264309233,6483,3.81184300617648,Sample_100_GSE115650
scPAS,Neutral,Neg_ctrl_Sample_78,0.13752183049344,6483,3.81184300617648,Sample_100_GSE115650
scPAS,Neutral,Neg_ctrl_Sample_79,0.184865164887918,6483,3.81184300617648,Sample_100_GSE115650
scPAS,Neutral,Neg_ctrl_Sample_80,0.155046302144247,6483,3.81184300617648,Sample_100_GSE115650
scPAS,Neutral,Neg_ctrl_Sample_81,0.239827822647304,6483,3.81184300617648,Sample_100_GSE115650
scPAS,Neutral,Neg_ctrl_Sample_82,0.209621795918052,6483,3.81184300617648,Sample_100_GSE115650
scPAS,Neutral,Neg_ctrl_Sample_83,-0.113508178921997,6483,3.81184300617648,Sample_100_GSE115650
scPAS,Neutral,Neg_ctrl_Sample_84,0.194121771935466,6483,3.81184300617648,Sample_100_GSE115650
scPAS,Neutral,Neg_ctrl_Sample_85,0.209546297228491,6483,3.81184300617648,Sample_100_GSE115650
scPAS,Neutral,Neg_ctrl_Sample_86,-0.203398166082122,6483,3.81184300617648,Sample_100_GSE115650
scPAS,Neutral,Neg_ctrl_Sample_87,-0.00548483629436319,6483,3.81184300617648,Sample_100_GSE115650
scPAS,Neutral,Neg_ctrl_Sample_88,0.0325582725619414,6483,3.81184300617648,Sample_100_GSE115650
scPAS,Neutral,Neg_ctrl_Sample_89,0.164671513514513,6483,3.81184300617648,Sample_100_GSE115650
scPAS,Neutral,Neg_ctrl_Sample_90,-0.0226581532311955,6483,3.81184300617648,Sample_100_GSE115650
scPAS,Neutral,Neg_ctrl_Sample_91,-0.0736515504262145,6483,3.81184300617648,Sample_100_GSE115650
scPAS,Neutral,Neg_ctrl_Sample_92,0.0315989740465266,6483,3.81184300617648,Sample_100_GSE115650
scPAS,Neutral,Neg_ctrl_Sample_93,0.0527883924255255,6483,3.81184300617648,Sample_100_GSE115650
scPAS,Neutral,Neg_ctrl_Sample_94,0.278931579392422,6483,3.81184300617648,Sample_100_GSE115650
scPAS,Neutral,Neg_ctrl_Sample_95,0.0952012265596662,6483,3.81184300617648,Sample_100_GSE115650
scPAS,Neutral,Neg_ctrl_Sample_96,-0.0870184591960877,6483,3.81184300617648,Sample_100_GSE115650
scPAS,Neutral,Neg_ctrl_Sample_97,0.010979041234274,6483,3.81184300617648,Sample_100_GSE115650
scPAS,Neutral,Neg_ctrl_Sample_98,0.149687580211731,6483,3.81184300617648,Sample_100_GSE115650
scPAS,Neutral,Neg_ctrl_Sample_99,-0.124087258166886,6483,3.81184300617648,Sample_100_GSE115650
scPAS,Neutral,Neg_ctrl_Sample_100,0.150794720691538,6483,3.81184300617648,Sample_100_GSE115650
scPP,Negative,Neg_ctrl_Sample_1,0.0648993428830168,444,2.64836001098093,Sample_100_GSE115650
scPP,Negative,Neg_ctrl_Sample_2,-0.0281270268182685,444,2.64836001098093,Sample_100_GSE115650
scPP,Negative,Neg_ctrl_Sample_3,0.0625634151674733,444,2.64836001098093,Sample_100_GSE115650
scPP,Negative,Neg_ctrl_Sample_4,0.0428549103603665,444,2.64836001098093,Sample_100_GSE115650
scPP,Negative,Neg_ctrl_Sample_5,0.032089460589374,444,2.64836001098093,Sample_100_GSE115650
scPP,Negative,Neg_ctrl_Sample_6,-0.0982292884812321,444,2.64836001098093,Sample_100_GSE115650
scPP,Negative,Neg_ctrl_Sample_7,-0.0722940512828397,444,2.64836001098093,Sample_100_GSE115650
scPP,Negative,Neg_ctrl_Sample_8,-0.105773816876636,444,2.64836001098093,Sample_100_GSE115650
scPP,Negative,Neg_ctrl_Sample_9,0.0624768354229142,444,2.64836001098093,Sample_100_GSE115650
scPP,Negative,Neg_ctrl_Sample_10,-0.0546794988054611,444,2.64836001098093,Sample_100_GSE115650
scPP,Negative,Neg_ctrl_Sample_11,-0.107629680603168,444,2.64836001098093,Sample_100_GSE115650
scPP,Negative,Neg_ctrl_Sample_12,0.0419857992346949,444,2.64836001098093,Sample_100_GSE115650
scPP,Negative,Neg_ctrl_Sample_13,0.0294180932410471,444,2.64836001098093,Sample_100_GSE115650
scPP,Negative,Neg_ctrl_Sample_14,0.089390786873337,444,2.64836001098093,Sample_100_GSE115650
scPP,Negative,Neg_ctrl_Sample_15,0.162307323119987,444,2.64836001098093,Sample_100_GSE115650
scPP,Negative,Neg_ctrl_Sample_16,0.0795271087330116,444,2.64836001098093,Sample_100_GSE115650
scPP,Negative,Neg_ctrl_Sample_17,-0.213115945283438,444,2.64836001098093,Sample_100_GSE115650
scPP,Negative,Neg_ctrl_Sample_18,-0.0369551068336538,444,2.64836001098093,Sample_100_GSE115650
scPP,Negative,Neg_ctrl_Sample_19,0.0195369118415349,444,2.64836001098093,Sample_100_GSE115650
scPP,Negative,Neg_ctrl_Sample_20,-0.068568286474356,444,2.64836001098093,Sample_100_GSE115650
scPP,Negative,Neg_ctrl_Sample_21,0.0322197639235494,444,2.64836001098093,Sample_100_GSE115650
scPP,Negative,Neg_ctrl_Sample_22,-0.0481425517704245,444,2.64836001098093,Sample_100_GSE115650
scPP,Negative,Neg_ctrl_Sample_23,-0.167492120411618,444,2.64836001098093,Sample_100_GSE115650
scPP,Negative,Neg_ctrl_Sample_24,-0.156304119940693,444,2.64836001098093,Sample_100_GSE115650
scPP,Negative,Neg_ctrl_Sample_25,0.133518717450321,444,2.64836001098093,Sample_100_GSE115650
scPP,Negative,Neg_ctrl_Sample_26,0.0406017383067127,444,2.64836001098093,Sample_100_GSE115650
scPP,Negative,Neg_ctrl_Sample_27,0.221988715604883,444,2.64836001098093,Sample_100_GSE115650
scPP,Negative,Neg_ctrl_Sample_28,0.207037969576351,444,2.64836001098093,Sample_100_GSE115650
scPP,Negative,Neg_ctrl_Sample_29,-0.0276077626645831,444,2.64836001098093,Sample_100_GSE115650
scPP,Negative,Neg_ctrl_Sample_30,0.114818187599976,444,2.64836001098093,Sample_100_GSE115650
scPP,Negative,Neg_ctrl_Sample_31,0.186450210697547,444,2.64836001098093,Sample_100_GSE115650
scPP,Negative,Neg_ctrl_Sample_32,0.0868642950260126,444,2.64836001098093,Sample_100_GSE115650
scPP,Negative,Neg_ctrl_Sample_33,0.174667543003157,444,2.64836001098093,Sample_100_GSE115650
scPP,Negative,Neg_ctrl_Sample_34,-0.0315622108186673,444,2.64836001098093,Sample_100_GSE115650
scPP,Negative,Neg_ctrl_Sample_35,0.115484210068711,444,2.64836001098093,Sample_100_GSE115650
scPP,Negative,Neg_ctrl_Sample_36,0.133123662802976,444,2.64836001098093,Sample_100_GSE115650
scPP,Negative,Neg_ctrl_Sample_37,0.228440398705756,444,2.64836001098093,Sample_100_GSE115650
scPP,Negative,Neg_ctrl_Sample_38,0.0916925766592401,444,2.64836001098093,Sample_100_GSE115650
scPP,Negative,Neg_ctrl_Sample_39,0.0275456423013185,444,2.64836001098093,Sample_100_GSE115650
scPP,Negative,Neg_ctrl_Sample_40,0.040292249520967,444,2.64836001098093,Sample_100_GSE115650
scPP,Negative,Neg_ctrl_Sample_41,-0.134297999852691,444,2.64836001098093,Sample_100_GSE115650
scPP,Negative,Neg_ctrl_Sample_42,0.0188903184628091,444,2.64836001098093,Sample_100_GSE115650
scPP,Negative,Neg_ctrl_Sample_43,0.135530245447756,444,2.64836001098093,Sample_100_GSE115650
scPP,Negative,Neg_ctrl_Sample_44,0.235594435656382,444,2.64836001098093,Sample_100_GSE115650
scPP,Negative,Neg_ctrl_Sample_45,0.270095078489901,444,2.64836001098093,Sample_100_GSE115650
scPP,Negative,Neg_ctrl_Sample_46,0.0388634777186036,444,2.64836001098093,Sample_100_GSE115650
scPP,Negative,Neg_ctrl_Sample_47,-0.0244461261350372,444,2.64836001098093,Sample_100_GSE115650
scPP,Negative,Neg_ctrl_Sample_48,0.264922582173265,444,2.64836001098093,Sample_100_GSE115650
scPP,Negative,Neg_ctrl_Sample_49,0.0146132218283316,444,2.64836001098093,Sample_100_GSE115650
scPP,Negative,Neg_ctrl_Sample_50,0.0249040022239205,444,2.64836001098093,Sample_100_GSE115650
scPP,Negative,Neg_ctrl_Sample_51,0.0243072321434742,444,2.64836001098093,Sample_100_GSE115650
scPP,Negative,Neg_ctrl_Sample_52,0.0651616093991671,444,2.64836001098093,Sample_100_GSE115650
scPP,Negative,Neg_ctrl_Sample_53,0.160914437798821,444,2.64836001098093,Sample_100_GSE115650
scPP,Negative,Neg_ctrl_Sample_54,0.115668085515559,444,2.64836001098093,Sample_100_GSE115650
scPP,Negative,Neg_ctrl_Sample_55,0.00104420324301742,444,2.64836001098093,Sample_100_GSE115650
scPP,Negative,Neg_ctrl_Sample_56,0.140643409950958,444,2.64836001098093,Sample_100_GSE115650
scPP,Negative,Neg_ctrl_Sample_57,-0.009893731925159,444,2.64836001098093,Sample_100_GSE115650
scPP,Negative,Neg_ctrl_Sample_58,-0.0143331788134383,444,2.64836001098093,Sample_100_GSE115650
scPP,Negative,Neg_ctrl_Sample_59,0.141636157157971,444,2.64836001098093,Sample_100_GSE115650
scPP,Negative,Neg_ctrl_Sample_60,0.248061249940605,444,2.64836001098093,Sample_100_GSE115650
scPP,Negative,Neg_ctrl_Sample_61,0.264837677478405,444,2.64836001098093,Sample_100_GSE115650
scPP,Negative,Neg_ctrl_Sample_62,-0.00989914338388412,444,2.64836001098093,Sample_100_GSE115650
scPP,Negative,Neg_ctrl_Sample_63,0.107728789440225,444,2.64836001098093,Sample_100_GSE115650
scPP,Negative,Neg_ctrl_Sample_64,0.0328349684992939,444,2.64836001098093,Sample_100_GSE115650
scPP,Negative,Neg_ctrl_Sample_65,0.14449010639571,444,2.64836001098093,Sample_100_GSE115650
scPP,Negative,Neg_ctrl_Sample_66,0.137840218097883,444,2.64836001098093,Sample_100_GSE115650
scPP,Negative,Neg_ctrl_Sample_67,-0.149138894225958,444,2.64836001098093,Sample_100_GSE115650
scPP,Negative,Neg_ctrl_Sample_68,-0.221571550442713,444,2.64836001098093,Sample_100_GSE115650
scPP,Negative,Neg_ctrl_Sample_69,-0.0901037427824883,444,2.64836001098093,Sample_100_GSE115650
scPP,Negative,Neg_ctrl_Sample_70,-0.0924900158030752,444,2.64836001098093,Sample_100_GSE115650
scPP,Negative,Neg_ctrl_Sample_71,0.0797444388045356,444,2.64836001098093,Sample_100_GSE115650
scPP,Negative,Neg_ctrl_Sample_72,-0.203521947778027,444,2.64836001098093,Sample_100_GSE115650
scPP,Negative,Neg_ctrl_Sample_73,0.0133429953764569,444,2.64836001098093,Sample_100_GSE115650
scPP,Negative,Neg_ctrl_Sample_74,-0.163563465792092,444,2.64836001098093,Sample_100_GSE115650
scPP,Negative,Neg_ctrl_Sample_75,-0.0518111781004981,444,2.64836001098093,Sample_100_GSE115650
scPP,Negative,Neg_ctrl_Sample_76,-0.0267585696992121,444,2.64836001098093,Sample_100_GSE115650
scPP,Negative,Neg_ctrl_Sample_77,0.222637521752423,444,2.64836001098093,Sample_100_GSE115650
scPP,Negative,Neg_ctrl_Sample_78,0.149872873966652,444,2.64836001098093,Sample_100_GSE115650
scPP,Negative,Neg_ctrl_Sample_79,0.166588748431143,444,2.64836001098093,Sample_100_GSE115650
scPP,Negative,Neg_ctrl_Sample_80,0.166217369573123,444,2.64836001098093,Sample_100_GSE115650
scPP,Negative,Neg_ctrl_Sample_81,0.246134570105947,444,2.64836001098093,Sample_100_GSE115650
scPP,Negative,Neg_ctrl_Sample_82,0.205228627950149,444,2.64836001098093,Sample_100_GSE115650
scPP,Negative,Neg_ctrl_Sample_83,-0.116500218055055,444,2.64836001098093,Sample_100_GSE115650
scPP,Negative,Neg_ctrl_Sample_84,0.217185540649974,444,2.64836001098093,Sample_100_GSE115650
scPP,Negative,Neg_ctrl_Sample_85,0.201650521985815,444,2.64836001098093,Sample_100_GSE115650
scPP,Negative,Neg_ctrl_Sample_86,-0.227381648995933,444,2.64836001098093,Sample_100_GSE115650
scPP,Negative,Neg_ctrl_Sample_87,-0.00368735725733717,444,2.64836001098093,Sample_100_GSE115650
scPP,Negative,Neg_ctrl_Sample_88,0.0215915702874021,444,2.64836001098093,Sample_100_GSE115650
scPP,Negative,Neg_ctrl_Sample_89,0.167562949398742,444,2.64836001098093,Sample_100_GSE115650
scPP,Negative,Neg_ctrl_Sample_90,-0.0267990299477231,444,2.64836001098093,Sample_100_GSE115650
scPP,Negative,Neg_ctrl_Sample_91,-0.0714882464623343,444,2.64836001098093,Sample_100_GSE115650
scPP,Negative,Neg_ctrl_Sample_92,0.0399947415787784,444,2.64836001098093,Sample_100_GSE115650
scPP,Negative,Neg_ctrl_Sample_93,0.0530739492352876,444,2.64836001098093,Sample_100_GSE115650
scPP,Negative,Neg_ctrl_Sample_94,0.297966084689106,444,2.64836001098093,Sample_100_GSE115650
scPP,Negative,Neg_ctrl_Sample_95,0.0920985793402618,444,2.64836001098093,Sample_100_GSE115650
scPP,Negative,Neg_ctrl_Sample_96,-0.0862157019311792,444,2.64836001098093,Sample_100_GSE115650
scPP,Negative,Neg_ctrl_Sample_97,0.00844104638063065,444,2.64836001098093,Sample_100_GSE115650
scPP,Negative,Neg_ctrl_Sample_98,0.134174685115939,444,2.64836001098093,Sample_100_GSE115650
scPP,Negative,Neg_ctrl_Sample_99,-0.125984860936397,444,2.64836001098093,Sample_100_GSE115650
scPP,Negative,Neg_ctrl_Sample_100,0.157511796308492,444,2.64836001098093,Sample_100_GSE115650
scPP,Neutral,Neg_ctrl_Sample_1,0.0572130944363547,5660,3.75289315488459,Sample_100_GSE115650
scPP,Neutral,Neg_ctrl_Sample_2,-0.0274101323430586,5660,3.75289315488459,Sample_100_GSE115650
scPP,Neutral,Neg_ctrl_Sample_3,0.0746828746875165,5660,3.75289315488459,Sample_100_GSE115650
scPP,Neutral,Neg_ctrl_Sample_4,0.0499871073594369,5660,3.75289315488459,Sample_100_GSE115650
scPP,Neutral,Neg_ctrl_Sample_5,0.0489345905417954,5660,3.75289315488459,Sample_100_GSE115650
scPP,Neutral,Neg_ctrl_Sample_6,-0.0845748602054339,5660,3.75289315488459,Sample_100_GSE115650
scPP,Neutral,Neg_ctrl_Sample_7,-0.0525733773384588,5660,3.75289315488459,Sample_100_GSE115650
scPP,Neutral,Neg_ctrl_Sample_8,-0.0821123225470306,5660,3.75289315488459,Sample_100_GSE115650
scPP,Neutral,Neg_ctrl_Sample_9,0.0768689575547685,5660,3.75289315488459,Sample_100_GSE115650
scPP,Neutral,Neg_ctrl_Sample_10,-0.0506352475739105,5660,3.75289315488459,Sample_100_GSE115650
scPP,Neutral,Neg_ctrl_Sample_11,-0.111861404275484,5660,3.75289315488459,Sample_100_GSE115650
scPP,Neutral,Neg_ctrl_Sample_12,0.0399502267524108,5660,3.75289315488459,Sample_100_GSE115650
scPP,Neutral,Neg_ctrl_Sample_13,0.0508758813442525,5660,3.75289315488459,Sample_100_GSE115650
scPP,Neutral,Neg_ctrl_Sample_14,0.0942482691644933,5660,3.75289315488459,Sample_100_GSE115650
scPP,Neutral,Neg_ctrl_Sample_15,0.138345534438851,5660,3.75289315488459,Sample_100_GSE115650
scPP,Neutral,Neg_ctrl_Sample_16,0.0752329698104003,5660,3.75289315488459,Sample_100_GSE115650
scPP,Neutral,Neg_ctrl_Sample_17,-0.204694753615091,5660,3.75289315488459,Sample_100_GSE115650
scPP,Neutral,Neg_ctrl_Sample_18,-0.0424178081010115,5660,3.75289315488459,Sample_100_GSE115650
scPP,Neutral,Neg_ctrl_Sample_19,0.0119328210254613,5660,3.75289315488459,Sample_100_GSE115650
scPP,Neutral,Neg_ctrl_Sample_20,-0.0381340679850488,5660,3.75289315488459,Sample_100_GSE115650
scPP,Neutral,Neg_ctrl_Sample_21,0.0443118456695313,5660,3.75289315488459,Sample_100_GSE115650
scPP,Neutral,Neg_ctrl_Sample_22,-0.0430196841040338,5660,3.75289315488459,Sample_100_GSE115650
scPP,Neutral,Neg_ctrl_Sample_23,-0.171761596474112,5660,3.75289315488459,Sample_100_GSE115650
scPP,Neutral,Neg_ctrl_Sample_24,-0.150773776351588,5660,3.75289315488459,Sample_100_GSE115650
scPP,Neutral,Neg_ctrl_Sample_25,0.140293777372493,5660,3.75289315488459,Sample_100_GSE115650
scPP,Neutral,Neg_ctrl_Sample_26,0.0414542598999288,5660,3.75289315488459,Sample_100_GSE115650
scPP,Neutral,Neg_ctrl_Sample_27,0.235924693161306,5660,3.75289315488459,Sample_100_GSE115650
scPP,Neutral,Neg_ctrl_Sample_28,0.202377134367645,5660,3.75289315488459,Sample_100_GSE115650
scPP,Neutral,Neg_ctrl_Sample_29,-0.0227468123330844,5660,3.75289315488459,Sample_100_GSE115650
scPP,Neutral,Neg_ctrl_Sample_30,0.12565829632028,5660,3.75289315488459,Sample_100_GSE115650
scPP,Neutral,Neg_ctrl_Sample_31,0.172245820658888,5660,3.75289315488459,Sample_100_GSE115650
scPP,Neutral,Neg_ctrl_Sample_32,0.0991583944365301,5660,3.75289315488459,Sample_100_GSE115650
scPP,Neutral,Neg_ctrl_Sample_33,0.181038519278684,5660,3.75289315488459,Sample_100_GSE115650
scPP,Neutral,Neg_ctrl_Sample_34,-0.0246735935952263,5660,3.75289315488459,Sample_100_GSE115650
scPP,Neutral,Neg_ctrl_Sample_35,0.112377384509945,5660,3.75289315488459,Sample_100_GSE115650
scPP,Neutral,Neg_ctrl_Sample_36,0.128090339355343,5660,3.75289315488459,Sample_100_GSE115650
scPP,Neutral,Neg_ctrl_Sample_37,0.235483453691887,5660,3.75289315488459,Sample_100_GSE115650
scPP,Neutral,Neg_ctrl_Sample_38,0.094484058330026,5660,3.75289315488459,Sample_100_GSE115650
scPP,Neutral,Neg_ctrl_Sample_39,0.0331711036374239,5660,3.75289315488459,Sample_100_GSE115650
scPP,Neutral,Neg_ctrl_Sample_40,0.0693333612427301,5660,3.75289315488459,Sample_100_GSE115650
scPP,Neutral,Neg_ctrl_Sample_41,-0.135202690340864,5660,3.75289315488459,Sample_100_GSE115650
scPP,Neutral,Neg_ctrl_Sample_42,0.0323440220623146,5660,3.75289315488459,Sample_100_GSE115650
scPP,Neutral,Neg_ctrl_Sample_43,0.150962389717852,5660,3.75289315488459,Sample_100_GSE115650
scPP,Neutral,Neg_ctrl_Sample_44,0.228725529879,5660,3.75289315488459,Sample_100_GSE115650
scPP,Neutral,Neg_ctrl_Sample_45,0.261094009161451,5660,3.75289315488459,Sample_100_GSE115650
scPP,Neutral,Neg_ctrl_Sample_46,0.0266494436513125,5660,3.75289315488459,Sample_100_GSE115650
scPP,Neutral,Neg_ctrl_Sample_47,-0.0210681512605937,5660,3.75289315488459,Sample_100_GSE115650
scPP,Neutral,Neg_ctrl_Sample_48,0.288402998870812,5660,3.75289315488459,Sample_100_GSE115650
scPP,Neutral,Neg_ctrl_Sample_49,0.0259148838737342,5660,3.75289315488459,Sample_100_GSE115650
scPP,Neutral,Neg_ctrl_Sample_50,0.0329842158433393,5660,3.75289315488459,Sample_100_GSE115650
scPP,Neutral,Neg_ctrl_Sample_51,0.028565446684194,5660,3.75289315488459,Sample_100_GSE115650
scPP,Neutral,Neg_ctrl_Sample_52,0.0672431390123016,5660,3.75289315488459,Sample_100_GSE115650
scPP,Neutral,Neg_ctrl_Sample_53,0.159275974815611,5660,3.75289315488459,Sample_100_GSE115650
scPP,Neutral,Neg_ctrl_Sample_54,0.110192886072531,5660,3.75289315488459,Sample_100_GSE115650
scPP,Neutral,Neg_ctrl_Sample_55,0.00328806476616993,5660,3.75289315488459,Sample_100_GSE115650
scPP,Neutral,Neg_ctrl_Sample_56,0.139041639403598,5660,3.75289315488459,Sample_100_GSE115650
scPP,Neutral,Neg_ctrl_Sample_57,-0.00307349162192445,5660,3.75289315488459,Sample_100_GSE115650
scPP,Neutral,Neg_ctrl_Sample_58,0.00244654439699225,5660,3.75289315488459,Sample_100_GSE115650
scPP,Neutral,Neg_ctrl_Sample_59,0.163559546426081,5660,3.75289315488459,Sample_100_GSE115650
scPP,Neutral,Neg_ctrl_Sample_60,0.242653156599658,5660,3.75289315488459,Sample_100_GSE115650
scPP,Neutral,Neg_ctrl_Sample_61,0.2716263402288,5660,3.75289315488459,Sample_100_GSE115650
scPP,Neutral,Neg_ctrl_Sample_62,0.00769195815331327,5660,3.75289315488459,Sample_100_GSE115650
scPP,Neutral,Neg_ctrl_Sample_63,0.098497042522298,5660,3.75289315488459,Sample_100_GSE115650
scPP,Neutral,Neg_ctrl_Sample_64,0.0493088931868117,5660,3.75289315488459,Sample_100_GSE115650
scPP,Neutral,Neg_ctrl_Sample_65,0.153703233922376,5660,3.75289315488459,Sample_100_GSE115650
scPP,Neutral,Neg_ctrl_Sample_66,0.148073334547707,5660,3.75289315488459,Sample_100_GSE115650
scPP,Neutral,Neg_ctrl_Sample_67,-0.14724299326477,5660,3.75289315488459,Sample_100_GSE115650
scPP,Neutral,Neg_ctrl_Sample_68,-0.204907909234629,5660,3.75289315488459,Sample_100_GSE115650
scPP,Neutral,Neg_ctrl_Sample_69,-0.0889838429999668,5660,3.75289315488459,Sample_100_GSE115650
scPP,Neutral,Neg_ctrl_Sample_70,-0.0948383702952728,5660,3.75289315488459,Sample_100_GSE115650
scPP,Neutral,Neg_ctrl_Sample_71,0.0875295602410326,5660,3.75289315488459,Sample_100_GSE115650
scPP,Neutral,Neg_ctrl_Sample_72,-0.20056259878277,5660,3.75289315488459,Sample_100_GSE115650
scPP,Neutral,Neg_ctrl_Sample_73,0.0303536956676915,5660,3.75289315488459,Sample_100_GSE115650
scPP,Neutral,Neg_ctrl_Sample_74,-0.144672862422807,5660,3.75289315488459,Sample_100_GSE115650
scPP,Neutral,Neg_ctrl_Sample_75,-0.0547438133940757,5660,3.75289315488459,Sample_100_GSE115650
scPP,Neutral,Neg_ctrl_Sample_76,-0.00901169693321084,5660,3.75289315488459,Sample_100_GSE115650
scPP,Neutral,Neg_ctrl_Sample_77,0.204077564438315,5660,3.75289315488459,Sample_100_GSE115650
scPP,Neutral,Neg_ctrl_Sample_78,0.138087003558644,5660,3.75289315488459,Sample_100_GSE115650
scPP,Neutral,Neg_ctrl_Sample_79,0.185618516787297,5660,3.75289315488459,Sample_100_GSE115650
scPP,Neutral,Neg_ctrl_Sample_80,0.154655491740973,5660,3.75289315488459,Sample_100_GSE115650
scPP,Neutral,Neg_ctrl_Sample_81,0.239818642621175,5660,3.75289315488459,Sample_100_GSE115650
scPP,Neutral,Neg_ctrl_Sample_82,0.210062201349145,5660,3.75289315488459,Sample_100_GSE115650
scPP,Neutral,Neg_ctrl_Sample_83,-0.112281008027756,5660,3.75289315488459,Sample_100_GSE115650
scPP,Neutral,Neg_ctrl_Sample_84,0.194797395782005,5660,3.75289315488459,Sample_100_GSE115650
scPP,Neutral,Neg_ctrl_Sample_85,0.209575175847525,5660,3.75289315488459,Sample_100_GSE115650
scPP,Neutral,Neg_ctrl_Sample_86,-0.202675900817269,5660,3.75289315488459,Sample_100_GSE115650
scPP,Neutral,Neg_ctrl_Sample_87,-0.00522034225845421,5660,3.75289315488459,Sample_100_GSE115650
scPP,Neutral,Neg_ctrl_Sample_88,0.0320155167130804,5660,3.75289315488459,Sample_100_GSE115650
scPP,Neutral,Neg_ctrl_Sample_89,0.164873400076168,5660,3.75289315488459,Sample_100_GSE115650
scPP,Neutral,Neg_ctrl_Sample_90,-0.0231157398271371,5660,3.75289315488459,Sample_100_GSE115650
scPP,Neutral,Neg_ctrl_Sample_91,-0.0735318416111865,5660,3.75289315488459,Sample_100_GSE115650
scPP,Neutral,Neg_ctrl_Sample_92,0.0317783883864925,5660,3.75289315488459,Sample_100_GSE115650
scPP,Neutral,Neg_ctrl_Sample_93,0.0527397372846047,5660,3.75289315488459,Sample_100_GSE115650
scPP,Neutral,Neg_ctrl_Sample_94,0.27832528442477,5660,3.75289315488459,Sample_100_GSE115650
scPP,Neutral,Neg_ctrl_Sample_95,0.0955979795714861,5660,3.75289315488459,Sample_100_GSE115650
scPP,Neutral,Neg_ctrl_Sample_96,-0.0879202150528867,5660,3.75289315488459,Sample_100_GSE115650
scPP,Neutral,Neg_ctrl_Sample_97,0.0108460964180501,5660,3.75289315488459,Sample_100_GSE115650
scPP,Neutral,Neg_ctrl_Sample_98,0.149486358754607,5660,3.75289315488459,Sample_100_GSE115650
scPP,Neutral,Neg_ctrl_Sample_99,-0.123633858131793,5660,3.75289315488459,Sample_100_GSE115650
scPP,Neutral,Neg_ctrl_Sample_100,0.150765673842455,5660,3.75289315488459,Sample_100_GSE115650
scPP,Positive,Neg_ctrl_Sample_1,0.0498745300591878,389,2.5910646070265,Sample_100_GSE115650
scPP,Positive,Neg_ctrl_Sample_2,-0.0218566303635223,389,2.5910646070265,Sample_100_GSE115650
scPP,Positive,Neg_ctrl_Sample_3,0.0645171873671308,389,2.5910646070265,Sample_100_GSE115650
scPP,Positive,Neg_ctrl_Sample_4,0.0660023571506168,389,2.5910646070265,Sample_100_GSE115650
scPP,Positive,Neg_ctrl_Sample_5,0.0626237733347445,389,2.5910646070265,Sample_100_GSE115650
scPP,Positive,Neg_ctrl_Sample_6,-0.0635665693315604,389,2.5910646070265,Sample_100_GSE115650
scPP,Positive,Neg_ctrl_Sample_7,-0.0368760659062748,389,2.5910646070265,Sample_100_GSE115650
scPP,Positive,Neg_ctrl_Sample_8,-0.0500847716446228,389,2.5910646070265,Sample_100_GSE115650
scPP,Positive,Neg_ctrl_Sample_9,0.0919454904953339,389,2.5910646070265,Sample_100_GSE115650
scPP,Positive,Neg_ctrl_Sample_10,-0.0444013327258302,389,2.5910646070265,Sample_100_GSE115650
scPP,Positive,Neg_ctrl_Sample_11,-0.118812108346153,389,2.5910646070265,Sample_100_GSE115650
scPP,Positive,Neg_ctrl_Sample_12,0.0483247836083528,389,2.5910646070265,Sample_100_GSE115650
scPP,Positive,Neg_ctrl_Sample_13,0.085224212638358,389,2.5910646070265,Sample_100_GSE115650
scPP,Positive,Neg_ctrl_Sample_14,0.0943766019968,389,2.5910646070265,Sample_100_GSE115650
scPP,Positive,Neg_ctrl_Sample_15,0.117154780375069,389,2.5910646070265,Sample_100_GSE115650
scPP,Positive,Neg_ctrl_Sample_16,0.0767449990244618,389,2.5910646070265,Sample_100_GSE115650
scPP,Positive,Neg_ctrl_Sample_17,-0.196642872175694,389,2.5910646070265,Sample_100_GSE115650
scPP,Positive,Neg_ctrl_Sample_18,-0.0517467489321566,389,2.5910646070265,Sample_100_GSE115650
scPP,Positive,Neg_ctrl_Sample_19,0.0146222453278343,389,2.5910646070265,Sample_100_GSE115650
scPP,Positive,Neg_ctrl_Sample_20,-0.0163108640092057,389,2.5910646070265,Sample_100_GSE115650
scPP,Positive,Neg_ctrl_Sample_21,0.0685306197017912,389,2.5910646070265,Sample_100_GSE115650
scPP,Positive,Neg_ctrl_Sample_22,-0.0332011831356053,389,2.5910646070265,Sample_100_GSE115650
scPP,Positive,Neg_ctrl_Sample_23,-0.177057658132332,389,2.5910646070265,Sample_100_GSE115650
scPP,Positive,Neg_ctrl_Sample_24,-0.145859489625888,389,2.5910646070265,Sample_100_GSE115650
scPP,Positive,Neg_ctrl_Sample_25,0.148584475659334,389,2.5910646070265,Sample_100_GSE115650
scPP,Positive,Neg_ctrl_Sample_26,0.0436460847877459,389,2.5910646070265,Sample_100_GSE115650
scPP,Positive,Neg_ctrl_Sample_27,0.261453444642279,389,2.5910646070265,Sample_100_GSE115650
scPP,Positive,Neg_ctrl_Sample_28,0.205571248699265,389,2.5910646070265,Sample_100_GSE115650
scPP,Positive,Neg_ctrl_Sample_29,-0.0207033488326778,389,2.5910646070265,Sample_100_GSE115650
scPP,Positive,Neg_ctrl_Sample_30,0.1294802724739,389,2.5910646070265,Sample_100_GSE115650
scPP,Positive,Neg_ctrl_Sample_31,0.170435909469177,389,2.5910646070265,Sample_100_GSE115650
scPP,Positive,Neg_ctrl_Sample_32,0.124300445012108,389,2.5910646070265,Sample_100_GSE115650
scPP,Positive,Neg_ctrl_Sample_33,0.179274753711346,389,2.5910646070265,Sample_100_GSE115650
scPP,Positive,Neg_ctrl_Sample_34,-0.0119125833602469,389,2.5910646070265,Sample_100_GSE115650
scPP,Positive,Neg_ctrl_Sample_35,0.114216238743198,389,2.5910646070265,Sample_100_GSE115650
scPP,Positive,Neg_ctrl_Sample_36,0.131809866785694,389,2.5910646070265,Sample_100_GSE115650
scPP,Positive,Neg_ctrl_Sample_37,0.240730547817937,389,2.5910646070265,Sample_100_GSE115650
scPP,Positive,Neg_ctrl_Sample_38,0.100191883076998,389,2.5910646070265,Sample_100_GSE115650
scPP,Positive,Neg_ctrl_Sample_39,0.0347460171343557,389,2.5910646070265,Sample_100_GSE115650
scPP,Positive,Neg_ctrl_Sample_40,0.106020657846782,389,2.5910646070265,Sample_100_GSE115650
scPP,Positive,Neg_ctrl_Sample_41,-0.142007900671636,389,2.5910646070265,Sample_100_GSE115650
scPP,Positive,Neg_ctrl_Sample_42,0.0576500104122489,389,2.5910646070265,Sample_100_GSE115650
scPP,Positive,Neg_ctrl_Sample_43,0.168356980389605,389,2.5910646070265,Sample_100_GSE115650
scPP,Positive,Neg_ctrl_Sample_44,0.223905734879456,389,2.5910646070265,Sample_100_GSE115650
scPP,Positive,Neg_ctrl_Sample_45,0.264061411208478,389,2.5910646070265,Sample_100_GSE115650
scPP,Positive,Neg_ctrl_Sample_46,0.0121277100088025,389,2.5910646070265,Sample_100_GSE115650
scPP,Positive,Neg_ctrl_Sample_47,-0.0212183154329558,389,2.5910646070265,Sample_100_GSE115650
scPP,Positive,Neg_ctrl_Sample_48,0.299561828427555,389,2.5910646070265,Sample_100_GSE115650
scPP,Positive,Neg_ctrl_Sample_49,0.0392697195996178,389,2.5910646070265,Sample_100_GSE115650
scPP,Positive,Neg_ctrl_Sample_50,0.0476197212633669,389,2.5910646070265,Sample_100_GSE115650
scPP,Positive,Neg_ctrl_Sample_51,0.0347975934911868,389,2.5910646070265,Sample_100_GSE115650
scPP,Positive,Neg_ctrl_Sample_52,0.072407188854518,389,2.5910646070265,Sample_100_GSE115650
scPP,Positive,Neg_ctrl_Sample_53,0.157723859954008,389,2.5910646070265,Sample_100_GSE115650
scPP,Positive,Neg_ctrl_Sample_54,0.108426960352525,389,2.5910646070265,Sample_100_GSE115650
scPP,Positive,Neg_ctrl_Sample_55,-0.00650589070568501,389,2.5910646070265,Sample_100_GSE115650
scPP,Positive,Neg_ctrl_Sample_56,0.138240948383019,389,2.5910646070265,Sample_100_GSE115650
scPP,Positive,Neg_ctrl_Sample_57,0.000279602428401138,389,2.5910646070265,Sample_100_GSE115650
scPP,Positive,Neg_ctrl_Sample_58,0.012933122479218,389,2.5910646070265,Sample_100_GSE115650
scPP,Positive,Neg_ctrl_Sample_59,0.192139650256777,389,2.5910646070265,Sample_100_GSE115650
scPP,Positive,Neg_ctrl_Sample_60,0.237181255234641,389,2.5910646070265,Sample_100_GSE115650
scPP,Positive,Neg_ctrl_Sample_61,0.273179976061718,389,2.5910646070265,Sample_100_GSE115650
scPP,Positive,Neg_ctrl_Sample_62,0.0239639085439218,389,2.5910646070265,Sample_100_GSE115650
scPP,Positive,Neg_ctrl_Sample_63,0.102045169595095,389,2.5910646070265,Sample_100_GSE115650
scPP,Positive,Neg_ctrl_Sample_64,0.0534738933904466,389,2.5910646070265,Sample_100_GSE115650
scPP,Positive,Neg_ctrl_Sample_65,0.175993437846049,389,2.5910646070265,Sample_100_GSE115650
scPP,Positive,Neg_ctrl_Sample_66,0.156798346103844,389,2.5910646070265,Sample_100_GSE115650
scPP,Positive,Neg_ctrl_Sample_67,-0.143756706968626,389,2.5910646070265,Sample_100_GSE115650
scPP,Positive,Neg_ctrl_Sample_68,-0.189207463741891,389,2.5910646070265,Sample_100_GSE115650
scPP,Positive,Neg_ctrl_Sample_69,-0.0902566502793294,389,2.5910646070265,Sample_100_GSE115650
scPP,Positive,Neg_ctrl_Sample_70,-0.111415742802131,389,2.5910646070265,Sample_100_GSE115650
scPP,Positive,Neg_ctrl_Sample_71,0.0879340950974022,389,2.5910646070265,Sample_100_GSE115650
scPP,Positive,Neg_ctrl_Sample_72,-0.198820329889426,389,2.5910646070265,Sample_100_GSE115650
scPP,Positive,Neg_ctrl_Sample_73,0.0444654571619955,389,2.5910646070265,Sample_100_GSE115650
scPP,Positive,Neg_ctrl_Sample_74,-0.10989465669351,389,2.5910646070265,Sample_100_GSE115650
scPP,Positive,Neg_ctrl_Sample_75,-0.0531748924145703,389,2.5910646070265,Sample_100_GSE115650
scPP,Positive,Neg_ctrl_Sample_76,-7.55638165920522e-05,389,2.5910646070265,Sample_100_GSE115650
scPP,Positive,Neg_ctrl_Sample_77,0.186013729162428,389,2.5910646070265,Sample_100_GSE115650
scPP,Positive,Neg_ctrl_Sample_78,0.115246563325607,389,2.5910646070265,Sample_100_GSE115650
scPP,Positive,Neg_ctrl_Sample_79,0.195271788553524,389,2.5910646070265,Sample_100_GSE115650
scPP,Positive,Neg_ctrl_Sample_80,0.146931526097069,389,2.5910646070265,Sample_100_GSE115650
scPP,Positive,Neg_ctrl_Sample_81,0.232130430611614,389,2.5910646070265,Sample_100_GSE115650
scPP,Positive,Neg_ctrl_Sample_82,0.208671006750488,389,2.5910646070265,Sample_100_GSE115650
scPP,Positive,Neg_ctrl_Sample_83,-0.127133006226924,389,2.5910646070265,Sample_100_GSE115650
scPP,Positive,Neg_ctrl_Sample_84,0.157140548949651,389,2.5910646070265,Sample_100_GSE115650
scPP,Positive,Neg_ctrl_Sample_85,0.218211435653456,389,2.5910646070265,Sample_100_GSE115650
scPP,Positive,Neg_ctrl_Sample_86,-0.186844848971104,389,2.5910646070265,Sample_100_GSE115650
scPP,Positive,Neg_ctrl_Sample_87,-0.0123997570707288,389,2.5910646070265,Sample_100_GSE115650
scPP,Positive,Neg_ctrl_Sample_88,0.0532442053511962,389,2.5910646070265,Sample_100_GSE115650
scPP,Positive,Neg_ctrl_Sample_89,0.159344782741119,389,2.5910646070265,Sample_100_GSE115650
scPP,Positive,Neg_ctrl_Sample_90,-0.0120776693252695,389,2.5910646070265,Sample_100_GSE115650
scPP,Positive,Neg_ctrl_Sample_91,-0.0786549934462433,389,2.5910646070265,Sample_100_GSE115650
scPP,Positive,Neg_ctrl_Sample_92,0.0195919270793638,389,2.5910646070265,Sample_100_GSE115650
scPP,Positive,Neg_ctrl_Sample_93,0.0528449823182175,389,2.5910646070265,Sample_100_GSE115650
scPP,Positive,Neg_ctrl_Sample_94,0.265143647772798,389,2.5910646070265,Sample_100_GSE115650
scPP,Positive,Neg_ctrl_Sample_95,0.0929053984665689,389,2.5910646070265,Sample_100_GSE115650
scPP,Positive,Neg_ctrl_Sample_96,-0.0746368583062053,389,2.5910646070265,Sample_100_GSE115650
scPP,Positive,Neg_ctrl_Sample_97,0.01728118853483,389,2.5910646070265,Sample_100_GSE115650
scPP,Positive,Neg_ctrl_Sample_98,0.170901242935968,389,2.5910646070265,Sample_100_GSE115650
scPP,Positive,Neg_ctrl_Sample_99,-0.12789469246575,389,2.5910646070265,Sample_100_GSE115650
scPP,Positive,Neg_ctrl_Sample_100,0.14340069230341,389,2.5910646070265,Sample_100_GSE115650
LP_SGL,Neutral,Neg_ctrl_Sample_1,0.0582960786658388,6039,3.78103693862113,Sample_100_GSE115650
LP_SGL,Neutral,Neg_ctrl_Sample_2,-0.0284940289096437,6039,3.78103693862113,Sample_100_GSE115650
LP_SGL,Neutral,Neg_ctrl_Sample_3,0.0714064860322447,6039,3.78103693862113,Sample_100_GSE115650
LP_SGL,Neutral,Neg_ctrl_Sample_4,0.0498419549078632,6039,3.78103693862113,Sample_100_GSE115650
LP_SGL,Neutral,Neg_ctrl_Sample_5,0.0466746707320128,6039,3.78103693862113,Sample_100_GSE115650
LP_SGL,Neutral,Neg_ctrl_Sample_6,-0.0842484121193557,6039,3.78103693862113,Sample_100_GSE115650
LP_SGL,Neutral,Neg_ctrl_Sample_7,-0.0538725091434618,6039,3.78103693862113,Sample_100_GSE115650
LP_SGL,Neutral,Neg_ctrl_Sample_8,-0.0827777878541355,6039,3.78103693862113,Sample_100_GSE115650
LP_SGL,Neutral,Neg_ctrl_Sample_9,0.0749446227660542,6039,3.78103693862113,Sample_100_GSE115650
LP_SGL,Neutral,Neg_ctrl_Sample_10,-0.050339574290836,6039,3.78103693862113,Sample_100_GSE115650
LP_SGL,Neutral,Neg_ctrl_Sample_11,-0.112438589569812,6039,3.78103693862113,Sample_100_GSE115650
LP_SGL,Neutral,Neg_ctrl_Sample_12,0.0404708155828265,6039,3.78103693862113,Sample_100_GSE115650
LP_SGL,Neutral,Neg_ctrl_Sample_13,0.0521532974723544,6039,3.78103693862113,Sample_100_GSE115650
LP_SGL,Neutral,Neg_ctrl_Sample_14,0.0950530464046875,6039,3.78103693862113,Sample_100_GSE115650
LP_SGL,Neutral,Neg_ctrl_Sample_15,0.137589873981022,6039,3.78103693862113,Sample_100_GSE115650
LP_SGL,Neutral,Neg_ctrl_Sample_16,0.0753758757611895,6039,3.78103693862113,Sample_100_GSE115650
LP_SGL,Neutral,Neg_ctrl_Sample_17,-0.205793540660873,6039,3.78103693862113,Sample_100_GSE115650
LP_SGL,Neutral,Neg_ctrl_Sample_18,-0.0418763171340843,6039,3.78103693862113,Sample_100_GSE115650
LP_SGL,Neutral,Neg_ctrl_Sample_19,0.0135333552529683,6039,3.78103693862113,Sample_100_GSE115650
LP_SGL,Neutral,Neg_ctrl_Sample_20,-0.0419893976845214,6039,3.78103693862113,Sample_100_GSE115650
LP_SGL,Neutral,Neg_ctrl_Sample_21,0.046423706358687,6039,3.78103693862113,Sample_100_GSE115650
LP_SGL,Neutral,Neg_ctrl_Sample_22,-0.0421085959064938,6039,3.78103693862113,Sample_100_GSE115650
LP_SGL,Neutral,Neg_ctrl_Sample_23,-0.170909020587354,6039,3.78103693862113,Sample_100_GSE115650
LP_SGL,Neutral,Neg_ctrl_Sample_24,-0.151109769415483,6039,3.78103693862113,Sample_100_GSE115650
LP_SGL,Neutral,Neg_ctrl_Sample_25,0.140856825435547,6039,3.78103693862113,Sample_100_GSE115650
LP_SGL,Neutral,Neg_ctrl_Sample_26,0.0412952745194803,6039,3.78103693862113,Sample_100_GSE115650
LP_SGL,Neutral,Neg_ctrl_Sample_27,0.238154688646271,6039,3.78103693862113,Sample_100_GSE115650
LP_SGL,Neutral,Neg_ctrl_Sample_28,0.204324686075741,6039,3.78103693862113,Sample_100_GSE115650
LP_SGL,Neutral,Neg_ctrl_Sample_29,-0.0225299566261929,6039,3.78103693862113,Sample_100_GSE115650
LP_SGL,Neutral,Neg_ctrl_Sample_30,0.124440879683591,6039,3.78103693862113,Sample_100_GSE115650
LP_SGL,Neutral,Neg_ctrl_Sample_31,0.174157067009493,6039,3.78103693862113,Sample_100_GSE115650
LP_SGL,Neutral,Neg_ctrl_Sample_32,0.0999927711077565,6039,3.78103693862113,Sample_100_GSE115650
LP_SGL,Neutral,Neg_ctrl_Sample_33,0.17948666342418,6039,3.78103693862113,Sample_100_GSE115650
LP_SGL,Neutral,Neg_ctrl_Sample_34,-0.0225587371561417,6039,3.78103693862113,Sample_100_GSE115650
LP_SGL,Neutral,Neg_ctrl_Sample_35,0.114197403507198,6039,3.78103693862113,Sample_100_GSE115650
LP_SGL,Neutral,Neg_ctrl_Sample_36,0.127999181195973,6039,3.78103693862113,Sample_100_GSE115650
LP_SGL,Neutral,Neg_ctrl_Sample_37,0.235214427075842,6039,3.78103693862113,Sample_100_GSE115650
LP_SGL,Neutral,Neg_ctrl_Sample_38,0.0941311665593242,6039,3.78103693862113,Sample_100_GSE115650
LP_SGL,Neutral,Neg_ctrl_Sample_39,0.0335647565228191,6039,3.78103693862113,Sample_100_GSE115650
LP_SGL,Neutral,Neg_ctrl_Sample_40,0.0680408269598836,6039,3.78103693862113,Sample_100_GSE115650
LP_SGL,Neutral,Neg_ctrl_Sample_41,-0.135786534758502,6039,3.78103693862113,Sample_100_GSE115650
LP_SGL,Neutral,Neg_ctrl_Sample_42,0.0331977407395121,6039,3.78103693862113,Sample_100_GSE115650
LP_SGL,Neutral,Neg_ctrl_Sample_43,0.148596407586505,6039,3.78103693862113,Sample_100_GSE115650
LP_SGL,Neutral,Neg_ctrl_Sample_44,0.230634671548744,6039,3.78103693862113,Sample_100_GSE115650
LP_SGL,Neutral,Neg_ctrl_Sample_45,0.262918199681432,6039,3.78103693862113,Sample_100_GSE115650
LP_SGL,Neutral,Neg_ctrl_Sample_46,0.0240026514996336,6039,3.78103693862113,Sample_100_GSE115650
LP_SGL,Neutral,Neg_ctrl_Sample_47,-0.0216754851224476,6039,3.78103693862113,Sample_100_GSE115650
LP_SGL,Neutral,Neg_ctrl_Sample_48,0.285487147500393,6039,3.78103693862113,Sample_100_GSE115650
LP_SGL,Neutral,Neg_ctrl_Sample_49,0.0253579109383313,6039,3.78103693862113,Sample_100_GSE115650
LP_SGL,Neutral,Neg_ctrl_Sample_50,0.0341742620239174,6039,3.78103693862113,Sample_100_GSE115650
LP_SGL,Neutral,Neg_ctrl_Sample_51,0.0275385279439551,6039,3.78103693862113,Sample_100_GSE115650
LP_SGL,Neutral,Neg_ctrl_Sample_52,0.0682638788418512,6039,3.78103693862113,Sample_100_GSE115650
LP_SGL,Neutral,Neg_ctrl_Sample_53,0.159848027162632,6039,3.78103693862113,Sample_100_GSE115650
LP_SGL,Neutral,Neg_ctrl_Sample_54,0.109677545957486,6039,3.78103693862113,Sample_100_GSE115650
LP_SGL,Neutral,Neg_ctrl_Sample_55,0.00244169793875766,6039,3.78103693862113,Sample_100_GSE115650
LP_SGL,Neutral,Neg_ctrl_Sample_56,0.139481589674825,6039,3.78103693862113,Sample_100_GSE115650
LP_SGL,Neutral,Neg_ctrl_Sample_57,-0.00321130923727824,6039,3.78103693862113,Sample_100_GSE115650
LP_SGL,Neutral,Neg_ctrl_Sample_58,0.00111800439532261,6039,3.78103693862113,Sample_100_GSE115650
LP_SGL,Neutral,Neg_ctrl_Sample_59,0.16319115183586,6039,3.78103693862113,Sample_100_GSE115650
LP_SGL,Neutral,Neg_ctrl_Sample_60,0.243524963505265,6039,3.78103693862113,Sample_100_GSE115650
LP_SGL,Neutral,Neg_ctrl_Sample_61,0.268937482915608,6039,3.78103693862113,Sample_100_GSE115650
LP_SGL,Neutral,Neg_ctrl_Sample_62,0.00741343053274949,6039,3.78103693862113,Sample_100_GSE115650
LP_SGL,Neutral,Neg_ctrl_Sample_63,0.100595996805124,6039,3.78103693862113,Sample_100_GSE115650
LP_SGL,Neutral,Neg_ctrl_Sample_64,0.046035143415291,6039,3.78103693862113,Sample_100_GSE115650
LP_SGL,Neutral,Neg_ctrl_Sample_65,0.153098370708838,6039,3.78103693862113,Sample_100_GSE115650
LP_SGL,Neutral,Neg_ctrl_Sample_66,0.148816099476468,6039,3.78103693862113,Sample_100_GSE115650
LP_SGL,Neutral,Neg_ctrl_Sample_67,-0.14638823968007,6039,3.78103693862113,Sample_100_GSE115650
LP_SGL,Neutral,Neg_ctrl_Sample_68,-0.204279103616241,6039,3.78103693862113,Sample_100_GSE115650
LP_SGL,Neutral,Neg_ctrl_Sample_69,-0.0883928698067061,6039,3.78103693862113,Sample_100_GSE115650
LP_SGL,Neutral,Neg_ctrl_Sample_70,-0.0969121232611635,6039,3.78103693862113,Sample_100_GSE115650
LP_SGL,Neutral,Neg_ctrl_Sample_71,0.0843394055783025,6039,3.78103693862113,Sample_100_GSE115650
LP_SGL,Neutral,Neg_ctrl_Sample_72,-0.201254474088443,6039,3.78103693862113,Sample_100_GSE115650
LP_SGL,Neutral,Neg_ctrl_Sample_73,0.0287515890810018,6039,3.78103693862113,Sample_100_GSE115650
LP_SGL,Neutral,Neg_ctrl_Sample_74,-0.142753332518817,6039,3.78103693862113,Sample_100_GSE115650
LP_SGL,Neutral,Neg_ctrl_Sample_75,-0.0540438896418844,6039,3.78103693862113,Sample_100_GSE115650
LP_SGL,Neutral,Neg_ctrl_Sample_76,-0.0113436759541895,6039,3.78103693862113,Sample_100_GSE115650
LP_SGL,Neutral,Neg_ctrl_Sample_77,0.205505356561216,6039,3.78103693862113,Sample_100_GSE115650
LP_SGL,Neutral,Neg_ctrl_Sample_78,0.136645172445323,6039,3.78103693862113,Sample_100_GSE115650
LP_SGL,Neutral,Neg_ctrl_Sample_79,0.181905117400452,6039,3.78103693862113,Sample_100_GSE115650
LP_SGL,Neutral,Neg_ctrl_Sample_80,0.15411682201416,6039,3.78103693862113,Sample_100_GSE115650
LP_SGL,Neutral,Neg_ctrl_Sample_81,0.239908580507589,6039,3.78103693862113,Sample_100_GSE115650
LP_SGL,Neutral,Neg_ctrl_Sample_82,0.210290402639485,6039,3.78103693862113,Sample_100_GSE115650
LP_SGL,Neutral,Neg_ctrl_Sample_83,-0.115268444533923,6039,3.78103693862113,Sample_100_GSE115650
LP_SGL,Neutral,Neg_ctrl_Sample_84,0.190272521813399,6039,3.78103693862113,Sample_100_GSE115650
LP_SGL,Neutral,Neg_ctrl_Sample_85,0.209572146142213,6039,3.78103693862113,Sample_100_GSE115650
LP_SGL,Neutral,Neg_ctrl_Sample_86,-0.204899381039995,6039,3.78103693862113,Sample_100_GSE115650
LP_SGL,Neutral,Neg_ctrl_Sample_87,-0.00644019979404671,6039,3.78103693862113,Sample_100_GSE115650
LP_SGL,Neutral,Neg_ctrl_Sample_88,0.031640716453285,6039,3.78103693862113,Sample_100_GSE115650
LP_SGL,Neutral,Neg_ctrl_Sample_89,0.164992459283162,6039,3.78103693862113,Sample_100_GSE115650
LP_SGL,Neutral,Neg_ctrl_Sample_90,-0.0214396585678681,6039,3.78103693862113,Sample_100_GSE115650
LP_SGL,Neutral,Neg_ctrl_Sample_91,-0.0749206817582867,6039,3.78103693862113,Sample_100_GSE115650
LP_SGL,Neutral,Neg_ctrl_Sample_92,0.0323464865119985,6039,3.78103693862113,Sample_100_GSE115650
LP_SGL,Neutral,Neg_ctrl_Sample_93,0.0524016530709532,6039,3.78103693862113,Sample_100_GSE115650
LP_SGL,Neutral,Neg_ctrl_Sample_94,0.280665915268305,6039,3.78103693862113,Sample_100_GSE115650
LP_SGL,Neutral,Neg_ctrl_Sample_95,0.094951423587178,6039,3.78103693862113,Sample_100_GSE115650
LP_SGL,Neutral,Neg_ctrl_Sample_96,-0.0855433574306516,6039,3.78103693862113,Sample_100_GSE115650
LP_SGL,Neutral,Neg_ctrl_Sample_97,0.0120982127582523,6039,3.78103693862113,Sample_100_GSE115650
LP_SGL,Neutral,Neg_ctrl_Sample_98,0.149087819998024,6039,3.78103693862113,Sample_100_GSE115650
LP_SGL,Neutral,Neg_ctrl_Sample_99,-0.124444595507661,6039,3.78103693862113,Sample_100_GSE115650
LP_SGL,Neutral,Neg_ctrl_Sample_100,0.150992746004931,6039,3.78103693862113,Sample_100_GSE115650
LP_SGL,Positive,Neg_ctrl_Sample_1,0.0440365548014331,454,2.65801139665711,Sample_100_GSE115650
LP_SGL,Positive,Neg_ctrl_Sample_2,-0.00893510483501098,454,2.65801139665711,Sample_100_GSE115650
LP_SGL,Positive,Neg_ctrl_Sample_3,0.0977018585964525,454,2.65801139665711,Sample_100_GSE115650
LP_SGL,Positive,Neg_ctrl_Sample_4,0.0586651081440963,454,2.65801139665711,Sample_100_GSE115650
LP_SGL,Positive,Neg_ctrl_Sample_5,0.0742506921692396,454,2.65801139665711,Sample_100_GSE115650
LP_SGL,Positive,Neg_ctrl_Sample_6,-0.0842703690079529,454,2.65801139665711,Sample_100_GSE115650
LP_SGL,Positive,Neg_ctrl_Sample_7,-0.0411290339767261,454,2.65801139665711,Sample_100_GSE115650
LP_SGL,Positive,Neg_ctrl_Sample_8,-0.0689586687842614,454,2.65801139665711,Sample_100_GSE115650
LP_SGL,Positive,Neg_ctrl_Sample_9,0.101308884595261,454,2.65801139665711,Sample_100_GSE115650
LP_SGL,Positive,Neg_ctrl_Sample_10,-0.0531820000571531,454,2.65801139665711,Sample_100_GSE115650
LP_SGL,Positive,Neg_ctrl_Sample_11,-0.106000868109261,454,2.65801139665711,Sample_100_GSE115650
LP_SGL,Positive,Neg_ctrl_Sample_12,0.0421917704797564,454,2.65801139665711,Sample_100_GSE115650
LP_SGL,Positive,Neg_ctrl_Sample_13,0.0423294649521271,454,2.65801139665711,Sample_100_GSE115650
LP_SGL,Positive,Neg_ctrl_Sample_14,0.0789027836599998,454,2.65801139665711,Sample_100_GSE115650
LP_SGL,Positive,Neg_ctrl_Sample_15,0.153674310536745,454,2.65801139665711,Sample_100_GSE115650
LP_SGL,Positive,Neg_ctrl_Sample_16,0.078827172473604,454,2.65801139665711,Sample_100_GSE115650
LP_SGL,Positive,Neg_ctrl_Sample_17,-0.19141557355196,454,2.65801139665711,Sample_100_GSE115650
LP_SGL,Positive,Neg_ctrl_Sample_18,-0.0522715142020723,454,2.65801139665711,Sample_100_GSE115650
LP_SGL,Positive,Neg_ctrl_Sample_19,0.000383869871375474,454,2.65801139665711,Sample_100_GSE115650
LP_SGL,Positive,Neg_ctrl_Sample_20,0.00208348574284873,454,2.65801139665711,Sample_100_GSE115650
LP_SGL,Positive,Neg_ctrl_Sample_21,0.0251459692411645,454,2.65801139665711,Sample_100_GSE115650
LP_SGL,Positive,Neg_ctrl_Sample_22,-0.0517360232936885,454,2.65801139665711,Sample_100_GSE115650
LP_SGL,Positive,Neg_ctrl_Sample_23,-0.183464738309868,454,2.65801139665711,Sample_100_GSE115650
LP_SGL,Positive,Neg_ctrl_Sample_24,-0.147502306978028,454,2.65801139665711,Sample_100_GSE115650
LP_SGL,Positive,Neg_ctrl_Sample_25,0.133282120490013,454,2.65801139665711,Sample_100_GSE115650
LP_SGL,Positive,Neg_ctrl_Sample_26,0.0446133193856145,454,2.65801139665711,Sample_100_GSE115650
LP_SGL,Positive,Neg_ctrl_Sample_27,0.21450656002769,454,2.65801139665711,Sample_100_GSE115650
LP_SGL,Positive,Neg_ctrl_Sample_28,0.183766245694684,454,2.65801139665711,Sample_100_GSE115650
LP_SGL,Positive,Neg_ctrl_Sample_29,-0.028634359160056,454,2.65801139665711,Sample_100_GSE115650
LP_SGL,Positive,Neg_ctrl_Sample_30,0.134525519934611,454,2.65801139665711,Sample_100_GSE115650
LP_SGL,Positive,Neg_ctrl_Sample_31,0.159163611436555,454,2.65801139665711,Sample_100_GSE115650
LP_SGL,Positive,Neg_ctrl_Sample_32,0.0975788279565588,454,2.65801139665711,Sample_100_GSE115650
LP_SGL,Positive,Neg_ctrl_Sample_33,0.193939046224334,454,2.65801139665711,Sample_100_GSE115650
LP_SGL,Positive,Neg_ctrl_Sample_34,-0.0486078030697475,454,2.65801139665711,Sample_100_GSE115650
LP_SGL,Positive,Neg_ctrl_Sample_35,0.0927819001936759,454,2.65801139665711,Sample_100_GSE115650
LP_SGL,Positive,Neg_ctrl_Sample_36,0.137412356768543,454,2.65801139665711,Sample_100_GSE115650
LP_SGL,Positive,Neg_ctrl_Sample_37,0.236669918307489,454,2.65801139665711,Sample_100_GSE115650
LP_SGL,Positive,Neg_ctrl_Sample_38,0.101338770594367,454,2.65801139665711,Sample_100_GSE115650
LP_SGL,Positive,Neg_ctrl_Sample_39,0.0237827043911112,454,2.65801139665711,Sample_100_GSE115650
LP_SGL,Positive,Neg_ctrl_Sample_40,0.0895596152264838,454,2.65801139665711,Sample_100_GSE115650
LP_SGL,Positive,Neg_ctrl_Sample_41,-0.132382663476999,454,2.65801139665711,Sample_100_GSE115650
LP_SGL,Positive,Neg_ctrl_Sample_42,0.0295135770807022,454,2.65801139665711,Sample_100_GSE115650
LP_SGL,Positive,Neg_ctrl_Sample_43,0.182246067705943,454,2.65801139665711,Sample_100_GSE115650
LP_SGL,Positive,Neg_ctrl_Sample_44,0.205918453594309,454,2.65801139665711,Sample_100_GSE115650
LP_SGL,Positive,Neg_ctrl_Sample_45,0.248174422438896,454,2.65801139665711,Sample_100_GSE115650
LP_SGL,Positive,Neg_ctrl_Sample_46,0.0613588148912463,454,2.65801139665711,Sample_100_GSE115650
LP_SGL,Positive,Neg_ctrl_Sample_47,-0.01642177574422,454,2.65801139665711,Sample_100_GSE115650
LP_SGL,Positive,Neg_ctrl_Sample_48,0.313786933033418,454,2.65801139665711,Sample_100_GSE115650
LP_SGL,Positive,Neg_ctrl_Sample_49,0.0337136783805792,454,2.65801139665711,Sample_100_GSE115650
LP_SGL,Positive,Neg_ctrl_Sample_50,0.0217923829729814,454,2.65801139665711,Sample_100_GSE115650
LP_SGL,Positive,Neg_ctrl_Sample_51,0.0434007333012499,454,2.65801139665711,Sample_100_GSE115650
LP_SGL,Positive,Neg_ctrl_Sample_52,0.0560545231747232,454,2.65801139665711,Sample_100_GSE115650
LP_SGL,Positive,Neg_ctrl_Sample_53,0.151939148295181,454,2.65801139665711,Sample_100_GSE115650
LP_SGL,Positive,Neg_ctrl_Sample_54,0.120889323082176,454,2.65801139665711,Sample_100_GSE115650
LP_SGL,Positive,Neg_ctrl_Sample_55,0.00396006052808931,454,2.65801139665711,Sample_100_GSE115650
LP_SGL,Positive,Neg_ctrl_Sample_56,0.1340699601703,454,2.65801139665711,Sample_100_GSE115650
LP_SGL,Positive,Neg_ctrl_Sample_57,-0.0050372637142988,454,2.65801139665711,Sample_100_GSE115650
LP_SGL,Positive,Neg_ctrl_Sample_58,0.0126935374336391,454,2.65801139665711,Sample_100_GSE115650
LP_SGL,Positive,Neg_ctrl_Sample_59,0.171507587142925,454,2.65801139665711,Sample_100_GSE115650
LP_SGL,Positive,Neg_ctrl_Sample_60,0.2316570815103,454,2.65801139665711,Sample_100_GSE115650
LP_SGL,Positive,Neg_ctrl_Sample_61,0.302084946819543,454,2.65801139665711,Sample_100_GSE115650
LP_SGL,Positive,Neg_ctrl_Sample_62,0.0081354998273571,454,2.65801139665711,Sample_100_GSE115650
LP_SGL,Positive,Neg_ctrl_Sample_63,0.0826457917489327,454,2.65801139665711,Sample_100_GSE115650
LP_SGL,Positive,Neg_ctrl_Sample_64,0.080313160561635,454,2.65801139665711,Sample_100_GSE115650
LP_SGL,Positive,Neg_ctrl_Sample_65,0.171837660466481,454,2.65801139665711,Sample_100_GSE115650
LP_SGL,Positive,Neg_ctrl_Sample_66,0.135661370642052,454,2.65801139665711,Sample_100_GSE115650
LP_SGL,Positive,Neg_ctrl_Sample_67,-0.157479714752815,454,2.65801139665711,Sample_100_GSE115650
LP_SGL,Positive,Neg_ctrl_Sample_68,-0.216116148285656,454,2.65801139665711,Sample_100_GSE115650
LP_SGL,Positive,Neg_ctrl_Sample_69,-0.0990306373814887,454,2.65801139665711,Sample_100_GSE115650
LP_SGL,Positive,Neg_ctrl_Sample_70,-0.0791611331798893,454,2.65801139665711,Sample_100_GSE115650
LP_SGL,Positive,Neg_ctrl_Sample_71,0.122697212552819,454,2.65801139665711,Sample_100_GSE115650
LP_SGL,Positive,Neg_ctrl_Sample_72,-0.192760778041419,454,2.65801139665711,Sample_100_GSE115650
LP_SGL,Positive,Neg_ctrl_Sample_73,0.0471198762161388,454,2.65801139665711,Sample_100_GSE115650
LP_SGL,Positive,Neg_ctrl_Sample_74,-0.158881556161707,454,2.65801139665711,Sample_100_GSE115650
LP_SGL,Positive,Neg_ctrl_Sample_75,-0.0598416971123731,454,2.65801139665711,Sample_100_GSE115650
LP_SGL,Positive,Neg_ctrl_Sample_76,0.0123084915732871,454,2.65801139665711,Sample_100_GSE115650
LP_SGL,Positive,Neg_ctrl_Sample_77,0.187758957598985,454,2.65801139665711,Sample_100_GSE115650
LP_SGL,Positive,Neg_ctrl_Sample_78,0.149221834624396,454,2.65801139665711,Sample_100_GSE115650
LP_SGL,Positive,Neg_ctrl_Sample_79,0.224673857016566,454,2.65801139665711,Sample_100_GSE115650
LP_SGL,Positive,Neg_ctrl_Sample_80,0.166509847692997,454,2.65801139665711,Sample_100_GSE115650
LP_SGL,Positive,Neg_ctrl_Sample_81,0.23821164358035,454,2.65801139665711,Sample_100_GSE115650
LP_SGL,Positive,Neg_ctrl_Sample_82,0.201107600291001,454,2.65801139665711,Sample_100_GSE115650
LP_SGL,Positive,Neg_ctrl_Sample_83,-0.0893947249679654,454,2.65801139665711,Sample_100_GSE115650
LP_SGL,Positive,Neg_ctrl_Sample_84,0.244615758777606,454,2.65801139665711,Sample_100_GSE115650
LP_SGL,Positive,Neg_ctrl_Sample_85,0.209265165143315,454,2.65801139665711,Sample_100_GSE115650
LP_SGL,Positive,Neg_ctrl_Sample_86,-0.183696772971731,454,2.65801139665711,Sample_100_GSE115650
LP_SGL,Positive,Neg_ctrl_Sample_87,0.00635360627891232,454,2.65801139665711,Sample_100_GSE115650
LP_SGL,Positive,Neg_ctrl_Sample_88,0.0449960154710767,454,2.65801139665711,Sample_100_GSE115650
LP_SGL,Positive,Neg_ctrl_Sample_89,0.161182935769678,454,2.65801139665711,Sample_100_GSE115650
LP_SGL,Positive,Neg_ctrl_Sample_90,-0.0395550043933017,454,2.65801139665711,Sample_100_GSE115650
LP_SGL,Positive,Neg_ctrl_Sample_91,-0.0574488992530564,454,2.65801139665711,Sample_100_GSE115650
LP_SGL,Positive,Neg_ctrl_Sample_92,0.0218153548820237,454,2.65801139665711,Sample_100_GSE115650
LP_SGL,Positive,Neg_ctrl_Sample_93,0.0576538804353117,454,2.65801139665711,Sample_100_GSE115650
LP_SGL,Positive,Neg_ctrl_Sample_94,0.255104555340281,454,2.65801139665711,Sample_100_GSE115650
LP_SGL,Positive,Neg_ctrl_Sample_95,0.0984689131326332,454,2.65801139665711,Sample_100_GSE115650
LP_SGL,Positive,Neg_ctrl_Sample_96,-0.106488086374871,454,2.65801139665711,Sample_100_GSE115650
LP_SGL,Positive,Neg_ctrl_Sample_97,-0.00264756429046947,454,2.65801139665711,Sample_100_GSE115650
LP_SGL,Positive,Neg_ctrl_Sample_98,0.158162090917574,454,2.65801139665711,Sample_100_GSE115650
LP_SGL,Positive,Neg_ctrl_Sample_99,-0.118799644009072,454,2.65801139665711,Sample_100_GSE115650
LP_SGL,Positive,Neg_ctrl_Sample_100,0.148032219584822,454,2.65801139665711,Sample_100_GSE115650
