meta_column,label_value,score_group,mean_score,count,log_count,sample
scissor,Negative,Neg_ctrl_Sample_1,0.1050834656095,1072,3.03059972196595,Sample_100_GSE109887
scissor,Negative,Neg_ctrl_Sample_2,0.085645584416847,1072,3.03059972196595,Sample_100_GSE109887
scissor,Negative,Neg_ctrl_Sample_3,0.191109664135644,1072,3.03059972196595,Sample_100_GSE109887
scissor,Negative,Neg_ctrl_Sample_4,-0.0052473129357198,1072,3.03059972196595,Sample_100_GSE109887
scissor,Negative,Neg_ctrl_Sample_5,0.0049627609984136,1072,3.03059972196595,Sample_100_GSE109887
scissor,Negative,Neg_ctrl_Sample_6,0.0187106987790257,1072,3.03059972196595,Sample_100_GSE109887
scissor,Negative,Neg_ctrl_Sample_7,-0.0551734870370589,1072,3.03059972196595,Sample_100_GSE109887
scissor,Negative,Neg_ctrl_Sample_8,-0.060535236373394,1072,3.03059972196595,Sample_100_GSE109887
scissor,Negative,Neg_ctrl_Sample_9,-0.101615891522101,1072,3.03059972196595,Sample_100_GSE109887
scissor,Negative,Neg_ctrl_Sample_10,0.0487404004571675,1072,3.03059972196595,Sample_100_GSE109887
scissor,Negative,Neg_ctrl_Sample_11,0.029235369777931,1072,3.03059972196595,Sample_100_GSE109887
scissor,Negative,Neg_ctrl_Sample_12,0.0728093523983036,1072,3.03059972196595,Sample_100_GSE109887
scissor,Negative,Neg_ctrl_Sample_13,0.0127638096826751,1072,3.03059972196595,Sample_100_GSE109887
scissor,Negative,Neg_ctrl_Sample_14,0.0762925445812368,1072,3.03059972196595,Sample_100_GSE109887
scissor,Negative,Neg_ctrl_Sample_15,-0.0168078824569912,1072,3.03059972196595,Sample_100_GSE109887
scissor,Negative,Neg_ctrl_Sample_16,-0.100284790982283,1072,3.03059972196595,Sample_100_GSE109887
scissor,Negative,Neg_ctrl_Sample_17,0.0151769221460298,1072,3.03059972196595,Sample_100_GSE109887
scissor,Negative,Neg_ctrl_Sample_18,-0.0795701361468333,1072,3.03059972196595,Sample_100_GSE109887
scissor,Negative,Neg_ctrl_Sample_19,-0.169062871351156,1072,3.03059972196595,Sample_100_GSE109887
scissor,Negative,Neg_ctrl_Sample_20,-0.0223731300773817,1072,3.03059972196595,Sample_100_GSE109887
scissor,Negative,Neg_ctrl_Sample_21,-0.150348392398452,1072,3.03059972196595,Sample_100_GSE109887
scissor,Negative,Neg_ctrl_Sample_22,-0.0257228820355429,1072,3.03059972196595,Sample_100_GSE109887
scissor,Negative,Neg_ctrl_Sample_23,0.0583587987362763,1072,3.03059972196595,Sample_100_GSE109887
scissor,Negative,Neg_ctrl_Sample_24,-0.0678056091269503,1072,3.03059972196595,Sample_100_GSE109887
scissor,Negative,Neg_ctrl_Sample_25,-0.037765055951824,1072,3.03059972196595,Sample_100_GSE109887
scissor,Negative,Neg_ctrl_Sample_26,-0.108589031171535,1072,3.03059972196595,Sample_100_GSE109887
scissor,Negative,Neg_ctrl_Sample_27,0.244236459268008,1072,3.03059972196595,Sample_100_GSE109887
scissor,Negative,Neg_ctrl_Sample_28,-0.00741949546878239,1072,3.03059972196595,Sample_100_GSE109887
scissor,Negative,Neg_ctrl_Sample_29,0.0722433470188589,1072,3.03059972196595,Sample_100_GSE109887
scissor,Negative,Neg_ctrl_Sample_30,0.0462350673492051,1072,3.03059972196595,Sample_100_GSE109887
scissor,Negative,Neg_ctrl_Sample_31,0.0309656014786382,1072,3.03059972196595,Sample_100_GSE109887
scissor,Negative,Neg_ctrl_Sample_32,-0.104177401933192,1072,3.03059972196595,Sample_100_GSE109887
scissor,Negative,Neg_ctrl_Sample_33,0.025801021401371,1072,3.03059972196595,Sample_100_GSE109887
scissor,Negative,Neg_ctrl_Sample_34,0.15042088877488,1072,3.03059972196595,Sample_100_GSE109887
scissor,Negative,Neg_ctrl_Sample_35,0.0060698760736396,1072,3.03059972196595,Sample_100_GSE109887
scissor,Negative,Neg_ctrl_Sample_36,-0.0405360895942812,1072,3.03059972196595,Sample_100_GSE109887
scissor,Negative,Neg_ctrl_Sample_37,0.181943119552741,1072,3.03059972196595,Sample_100_GSE109887
scissor,Negative,Neg_ctrl_Sample_38,0.135619673878849,1072,3.03059972196595,Sample_100_GSE109887
scissor,Negative,Neg_ctrl_Sample_39,-0.0255253503305033,1072,3.03059972196595,Sample_100_GSE109887
scissor,Negative,Neg_ctrl_Sample_40,-0.179547517819288,1072,3.03059972196595,Sample_100_GSE109887
scissor,Negative,Neg_ctrl_Sample_41,-0.0395732530314493,1072,3.03059972196595,Sample_100_GSE109887
scissor,Negative,Neg_ctrl_Sample_42,0.144019097929157,1072,3.03059972196595,Sample_100_GSE109887
scissor,Negative,Neg_ctrl_Sample_43,0.243825970270341,1072,3.03059972196595,Sample_100_GSE109887
scissor,Negative,Neg_ctrl_Sample_44,0.0510469944891887,1072,3.03059972196595,Sample_100_GSE109887
scissor,Negative,Neg_ctrl_Sample_45,0.0364237897883077,1072,3.03059972196595,Sample_100_GSE109887
scissor,Negative,Neg_ctrl_Sample_46,0.119807363808013,1072,3.03059972196595,Sample_100_GSE109887
scissor,Negative,Neg_ctrl_Sample_47,0.144200422369305,1072,3.03059972196595,Sample_100_GSE109887
scissor,Negative,Neg_ctrl_Sample_48,-0.0059954058124365,1072,3.03059972196595,Sample_100_GSE109887
scissor,Negative,Neg_ctrl_Sample_49,0.0404219995239567,1072,3.03059972196595,Sample_100_GSE109887
scissor,Negative,Neg_ctrl_Sample_50,-0.0149421418645224,1072,3.03059972196595,Sample_100_GSE109887
scissor,Negative,Neg_ctrl_Sample_51,-0.012911532570959,1072,3.03059972196595,Sample_100_GSE109887
scissor,Negative,Neg_ctrl_Sample_52,0.214299901955985,1072,3.03059972196595,Sample_100_GSE109887
scissor,Negative,Neg_ctrl_Sample_53,-0.187917346078789,1072,3.03059972196595,Sample_100_GSE109887
scissor,Negative,Neg_ctrl_Sample_54,-0.0036944580211536,1072,3.03059972196595,Sample_100_GSE109887
scissor,Negative,Neg_ctrl_Sample_55,0.178724326339524,1072,3.03059972196595,Sample_100_GSE109887
scissor,Negative,Neg_ctrl_Sample_56,0.0247996172574195,1072,3.03059972196595,Sample_100_GSE109887
scissor,Negative,Neg_ctrl_Sample_57,0.128645771622546,1072,3.03059972196595,Sample_100_GSE109887
scissor,Negative,Neg_ctrl_Sample_58,0.0246542364915417,1072,3.03059972196595,Sample_100_GSE109887
scissor,Negative,Neg_ctrl_Sample_59,-0.0487909873081358,1072,3.03059972196595,Sample_100_GSE109887
scissor,Negative,Neg_ctrl_Sample_60,-0.0936985483571834,1072,3.03059972196595,Sample_100_GSE109887
scissor,Negative,Neg_ctrl_Sample_61,-0.100110482164669,1072,3.03059972196595,Sample_100_GSE109887
scissor,Negative,Neg_ctrl_Sample_62,-0.0844209907784494,1072,3.03059972196595,Sample_100_GSE109887
scissor,Negative,Neg_ctrl_Sample_63,-0.0790661475633016,1072,3.03059972196595,Sample_100_GSE109887
scissor,Negative,Neg_ctrl_Sample_64,0.0442780289562499,1072,3.03059972196595,Sample_100_GSE109887
scissor,Negative,Neg_ctrl_Sample_65,0.042811373417155,1072,3.03059972196595,Sample_100_GSE109887
scissor,Negative,Neg_ctrl_Sample_66,-0.175286983284074,1072,3.03059972196595,Sample_100_GSE109887
scissor,Negative,Neg_ctrl_Sample_67,-0.151324776942589,1072,3.03059972196595,Sample_100_GSE109887
scissor,Negative,Neg_ctrl_Sample_68,-0.139444477244766,1072,3.03059972196595,Sample_100_GSE109887
scissor,Negative,Neg_ctrl_Sample_69,0.0468479314172333,1072,3.03059972196595,Sample_100_GSE109887
scissor,Negative,Neg_ctrl_Sample_70,-0.183455909970354,1072,3.03059972196595,Sample_100_GSE109887
scissor,Negative,Neg_ctrl_Sample_71,-0.0617002538455561,1072,3.03059972196595,Sample_100_GSE109887
scissor,Negative,Neg_ctrl_Sample_72,-0.0957123143708743,1072,3.03059972196595,Sample_100_GSE109887
scissor,Negative,Neg_ctrl_Sample_73,0.0438508391546515,1072,3.03059972196595,Sample_100_GSE109887
scissor,Negative,Neg_ctrl_Sample_74,0.0489703428536843,1072,3.03059972196595,Sample_100_GSE109887
scissor,Negative,Neg_ctrl_Sample_75,0.0578198472057774,1072,3.03059972196595,Sample_100_GSE109887
scissor,Negative,Neg_ctrl_Sample_76,0.116374966631825,1072,3.03059972196595,Sample_100_GSE109887
scissor,Negative,Neg_ctrl_Sample_77,-0.134869240134153,1072,3.03059972196595,Sample_100_GSE109887
scissor,Negative,Neg_ctrl_Sample_78,0.0647843672746823,1072,3.03059972196595,Sample_100_GSE109887
scissor,Negative,Neg_ctrl_Sample_79,0.220567444899873,1072,3.03059972196595,Sample_100_GSE109887
scissor,Negative,Neg_ctrl_Sample_80,-0.0558028423607698,1072,3.03059972196595,Sample_100_GSE109887
scissor,Negative,Neg_ctrl_Sample_81,-0.228364953339008,1072,3.03059972196595,Sample_100_GSE109887
scissor,Negative,Neg_ctrl_Sample_82,0.00739056041489195,1072,3.03059972196595,Sample_100_GSE109887
scissor,Negative,Neg_ctrl_Sample_83,0.0919867233375721,1072,3.03059972196595,Sample_100_GSE109887
scissor,Negative,Neg_ctrl_Sample_84,0.115403040588897,1072,3.03059972196595,Sample_100_GSE109887
scissor,Negative,Neg_ctrl_Sample_85,-0.155410517724428,1072,3.03059972196595,Sample_100_GSE109887
scissor,Negative,Neg_ctrl_Sample_86,-0.123563687619668,1072,3.03059972196595,Sample_100_GSE109887
scissor,Negative,Neg_ctrl_Sample_87,0.0479628253283063,1072,3.03059972196595,Sample_100_GSE109887
scissor,Negative,Neg_ctrl_Sample_88,-0.104379484126865,1072,3.03059972196595,Sample_100_GSE109887
scissor,Negative,Neg_ctrl_Sample_89,0.0344092118494882,1072,3.03059972196595,Sample_100_GSE109887
scissor,Negative,Neg_ctrl_Sample_90,-0.104151445198537,1072,3.03059972196595,Sample_100_GSE109887
scissor,Negative,Neg_ctrl_Sample_91,0.0396676257264671,1072,3.03059972196595,Sample_100_GSE109887
scissor,Negative,Neg_ctrl_Sample_92,0.309795538849224,1072,3.03059972196595,Sample_100_GSE109887
scissor,Negative,Neg_ctrl_Sample_93,0.0550101269727159,1072,3.03059972196595,Sample_100_GSE109887
scissor,Negative,Neg_ctrl_Sample_94,0.132411601779167,1072,3.03059972196595,Sample_100_GSE109887
scissor,Negative,Neg_ctrl_Sample_95,0.0148029788394264,1072,3.03059972196595,Sample_100_GSE109887
scissor,Negative,Neg_ctrl_Sample_96,-0.108975651795808,1072,3.03059972196595,Sample_100_GSE109887
scissor,Negative,Neg_ctrl_Sample_97,-0.0324002957434482,1072,3.03059972196595,Sample_100_GSE109887
scissor,Negative,Neg_ctrl_Sample_98,0.113254053294872,1072,3.03059972196595,Sample_100_GSE109887
scissor,Negative,Neg_ctrl_Sample_99,-0.0694065749764495,1072,3.03059972196595,Sample_100_GSE109887
scissor,Negative,Neg_ctrl_Sample_100,0.0566844910728664,1072,3.03059972196595,Sample_100_GSE109887
scissor,Neutral,Neg_ctrl_Sample_1,0.104435933548013,10310,4.01330078685689,Sample_100_GSE109887
scissor,Neutral,Neg_ctrl_Sample_2,0.0827310971396362,10310,4.01330078685689,Sample_100_GSE109887
scissor,Neutral,Neg_ctrl_Sample_3,0.185477137877139,10310,4.01330078685689,Sample_100_GSE109887
scissor,Neutral,Neg_ctrl_Sample_4,-0.000294850485824344,10310,4.01330078685689,Sample_100_GSE109887
scissor,Neutral,Neg_ctrl_Sample_5,-0.0023744071556002,10310,4.01330078685689,Sample_100_GSE109887
scissor,Neutral,Neg_ctrl_Sample_6,0.0195199833086704,10310,4.01330078685689,Sample_100_GSE109887
scissor,Neutral,Neg_ctrl_Sample_7,-0.0550278907296169,10310,4.01330078685689,Sample_100_GSE109887
scissor,Neutral,Neg_ctrl_Sample_8,-0.0547100175513061,10310,4.01330078685689,Sample_100_GSE109887
scissor,Neutral,Neg_ctrl_Sample_9,-0.107315584701167,10310,4.01330078685689,Sample_100_GSE109887
scissor,Neutral,Neg_ctrl_Sample_10,0.0458096283984639,10310,4.01330078685689,Sample_100_GSE109887
scissor,Neutral,Neg_ctrl_Sample_11,0.0344744289162554,10310,4.01330078685689,Sample_100_GSE109887
scissor,Neutral,Neg_ctrl_Sample_12,0.0746160568480613,10310,4.01330078685689,Sample_100_GSE109887
scissor,Neutral,Neg_ctrl_Sample_13,0.0107274907866399,10310,4.01330078685689,Sample_100_GSE109887
scissor,Neutral,Neg_ctrl_Sample_14,0.0744445246043457,10310,4.01330078685689,Sample_100_GSE109887
scissor,Neutral,Neg_ctrl_Sample_15,-0.0179653629185294,10310,4.01330078685689,Sample_100_GSE109887
scissor,Neutral,Neg_ctrl_Sample_16,-0.114280868538252,10310,4.01330078685689,Sample_100_GSE109887
scissor,Neutral,Neg_ctrl_Sample_17,-0.00179715241949738,10310,4.01330078685689,Sample_100_GSE109887
scissor,Neutral,Neg_ctrl_Sample_18,-0.0778289885151441,10310,4.01330078685689,Sample_100_GSE109887
scissor,Neutral,Neg_ctrl_Sample_19,-0.176809124092362,10310,4.01330078685689,Sample_100_GSE109887
scissor,Neutral,Neg_ctrl_Sample_20,-0.0254487044742871,10310,4.01330078685689,Sample_100_GSE109887
scissor,Neutral,Neg_ctrl_Sample_21,-0.1693243640769,10310,4.01330078685689,Sample_100_GSE109887
scissor,Neutral,Neg_ctrl_Sample_22,-0.0309508151493305,10310,4.01330078685689,Sample_100_GSE109887
scissor,Neutral,Neg_ctrl_Sample_23,0.0604481197941282,10310,4.01330078685689,Sample_100_GSE109887
scissor,Neutral,Neg_ctrl_Sample_24,-0.0657328745114402,10310,4.01330078685689,Sample_100_GSE109887
scissor,Neutral,Neg_ctrl_Sample_25,-0.0372559599621443,10310,4.01330078685689,Sample_100_GSE109887
scissor,Neutral,Neg_ctrl_Sample_26,-0.12277986159515,10310,4.01330078685689,Sample_100_GSE109887
scissor,Neutral,Neg_ctrl_Sample_27,0.246999854217741,10310,4.01330078685689,Sample_100_GSE109887
scissor,Neutral,Neg_ctrl_Sample_28,-0.00857488949233922,10310,4.01330078685689,Sample_100_GSE109887
scissor,Neutral,Neg_ctrl_Sample_29,0.0731136920539169,10310,4.01330078685689,Sample_100_GSE109887
scissor,Neutral,Neg_ctrl_Sample_30,0.0508861838399908,10310,4.01330078685689,Sample_100_GSE109887
scissor,Neutral,Neg_ctrl_Sample_31,0.0173333493769657,10310,4.01330078685689,Sample_100_GSE109887
scissor,Neutral,Neg_ctrl_Sample_32,-0.109248164268461,10310,4.01330078685689,Sample_100_GSE109887
scissor,Neutral,Neg_ctrl_Sample_33,0.022110537707597,10310,4.01330078685689,Sample_100_GSE109887
scissor,Neutral,Neg_ctrl_Sample_34,0.149657391126549,10310,4.01330078685689,Sample_100_GSE109887
scissor,Neutral,Neg_ctrl_Sample_35,0.00784773073165669,10310,4.01330078685689,Sample_100_GSE109887
scissor,Neutral,Neg_ctrl_Sample_36,-0.0522055116418961,10310,4.01330078685689,Sample_100_GSE109887
scissor,Neutral,Neg_ctrl_Sample_37,0.182821142651328,10310,4.01330078685689,Sample_100_GSE109887
scissor,Neutral,Neg_ctrl_Sample_38,0.131486762602521,10310,4.01330078685689,Sample_100_GSE109887
scissor,Neutral,Neg_ctrl_Sample_39,-0.0237531678214946,10310,4.01330078685689,Sample_100_GSE109887
scissor,Neutral,Neg_ctrl_Sample_40,-0.176658108014476,10310,4.01330078685689,Sample_100_GSE109887
scissor,Neutral,Neg_ctrl_Sample_41,-0.0455212406858227,10310,4.01330078685689,Sample_100_GSE109887
scissor,Neutral,Neg_ctrl_Sample_42,0.147008124121504,10310,4.01330078685689,Sample_100_GSE109887
scissor,Neutral,Neg_ctrl_Sample_43,0.249774565398669,10310,4.01330078685689,Sample_100_GSE109887
scissor,Neutral,Neg_ctrl_Sample_44,0.0472594757122573,10310,4.01330078685689,Sample_100_GSE109887
scissor,Neutral,Neg_ctrl_Sample_45,0.0135963416612827,10310,4.01330078685689,Sample_100_GSE109887
scissor,Neutral,Neg_ctrl_Sample_46,0.119916215120104,10310,4.01330078685689,Sample_100_GSE109887
scissor,Neutral,Neg_ctrl_Sample_47,0.14468486956582,10310,4.01330078685689,Sample_100_GSE109887
scissor,Neutral,Neg_ctrl_Sample_48,0.00185554400945196,10310,4.01330078685689,Sample_100_GSE109887
scissor,Neutral,Neg_ctrl_Sample_49,0.0373493870015878,10310,4.01330078685689,Sample_100_GSE109887
scissor,Neutral,Neg_ctrl_Sample_50,-0.0143843378042293,10310,4.01330078685689,Sample_100_GSE109887
scissor,Neutral,Neg_ctrl_Sample_51,-0.0223735474782183,10310,4.01330078685689,Sample_100_GSE109887
scissor,Neutral,Neg_ctrl_Sample_52,0.218042333611822,10310,4.01330078685689,Sample_100_GSE109887
scissor,Neutral,Neg_ctrl_Sample_53,-0.189764757509923,10310,4.01330078685689,Sample_100_GSE109887
scissor,Neutral,Neg_ctrl_Sample_54,-0.00470117922293333,10310,4.01330078685689,Sample_100_GSE109887
scissor,Neutral,Neg_ctrl_Sample_55,0.173527236561577,10310,4.01330078685689,Sample_100_GSE109887
scissor,Neutral,Neg_ctrl_Sample_56,0.0251615112998727,10310,4.01330078685689,Sample_100_GSE109887
scissor,Neutral,Neg_ctrl_Sample_57,0.119797842612979,10310,4.01330078685689,Sample_100_GSE109887
scissor,Neutral,Neg_ctrl_Sample_58,0.0258115614962897,10310,4.01330078685689,Sample_100_GSE109887
scissor,Neutral,Neg_ctrl_Sample_59,-0.0579579505043735,10310,4.01330078685689,Sample_100_GSE109887
scissor,Neutral,Neg_ctrl_Sample_60,-0.0951892618193156,10310,4.01330078685689,Sample_100_GSE109887
scissor,Neutral,Neg_ctrl_Sample_61,-0.0993515296087518,10310,4.01330078685689,Sample_100_GSE109887
scissor,Neutral,Neg_ctrl_Sample_62,-0.0899001131535198,10310,4.01330078685689,Sample_100_GSE109887
scissor,Neutral,Neg_ctrl_Sample_63,-0.0727635891414358,10310,4.01330078685689,Sample_100_GSE109887
scissor,Neutral,Neg_ctrl_Sample_64,0.0425227695759853,10310,4.01330078685689,Sample_100_GSE109887
scissor,Neutral,Neg_ctrl_Sample_65,0.0412714146100531,10310,4.01330078685689,Sample_100_GSE109887
scissor,Neutral,Neg_ctrl_Sample_66,-0.172013849953563,10310,4.01330078685689,Sample_100_GSE109887
scissor,Neutral,Neg_ctrl_Sample_67,-0.149411331920237,10310,4.01330078685689,Sample_100_GSE109887
scissor,Neutral,Neg_ctrl_Sample_68,-0.147871522592462,10310,4.01330078685689,Sample_100_GSE109887
scissor,Neutral,Neg_ctrl_Sample_69,0.045552157190664,10310,4.01330078685689,Sample_100_GSE109887
scissor,Neutral,Neg_ctrl_Sample_70,-0.185699760538582,10310,4.01330078685689,Sample_100_GSE109887
scissor,Neutral,Neg_ctrl_Sample_71,-0.0579683695872401,10310,4.01330078685689,Sample_100_GSE109887
scissor,Neutral,Neg_ctrl_Sample_72,-0.104912545544234,10310,4.01330078685689,Sample_100_GSE109887
scissor,Neutral,Neg_ctrl_Sample_73,0.0452995567951941,10310,4.01330078685689,Sample_100_GSE109887
scissor,Neutral,Neg_ctrl_Sample_74,0.0464844395628354,10310,4.01330078685689,Sample_100_GSE109887
scissor,Neutral,Neg_ctrl_Sample_75,0.0542870661022382,10310,4.01330078685689,Sample_100_GSE109887
scissor,Neutral,Neg_ctrl_Sample_76,0.122150232463059,10310,4.01330078685689,Sample_100_GSE109887
scissor,Neutral,Neg_ctrl_Sample_77,-0.133878868950131,10310,4.01330078685689,Sample_100_GSE109887
scissor,Neutral,Neg_ctrl_Sample_78,0.0651925795428136,10310,4.01330078685689,Sample_100_GSE109887
scissor,Neutral,Neg_ctrl_Sample_79,0.220026239844206,10310,4.01330078685689,Sample_100_GSE109887
scissor,Neutral,Neg_ctrl_Sample_80,-0.0525532368433403,10310,4.01330078685689,Sample_100_GSE109887
scissor,Neutral,Neg_ctrl_Sample_81,-0.247593344583685,10310,4.01330078685689,Sample_100_GSE109887
scissor,Neutral,Neg_ctrl_Sample_82,0.00523236346995416,10310,4.01330078685689,Sample_100_GSE109887
scissor,Neutral,Neg_ctrl_Sample_83,0.0958457159167864,10310,4.01330078685689,Sample_100_GSE109887
scissor,Neutral,Neg_ctrl_Sample_84,0.10861630776238,10310,4.01330078685689,Sample_100_GSE109887
scissor,Neutral,Neg_ctrl_Sample_85,-0.162138231383893,10310,4.01330078685689,Sample_100_GSE109887
scissor,Neutral,Neg_ctrl_Sample_86,-0.128762236119622,10310,4.01330078685689,Sample_100_GSE109887
scissor,Neutral,Neg_ctrl_Sample_87,0.0603054588891535,10310,4.01330078685689,Sample_100_GSE109887
scissor,Neutral,Neg_ctrl_Sample_88,-0.101874014614269,10310,4.01330078685689,Sample_100_GSE109887
scissor,Neutral,Neg_ctrl_Sample_89,0.0354225803056407,10310,4.01330078685689,Sample_100_GSE109887
scissor,Neutral,Neg_ctrl_Sample_90,-0.108985707090155,10310,4.01330078685689,Sample_100_GSE109887
scissor,Neutral,Neg_ctrl_Sample_91,0.0319478195217725,10310,4.01330078685689,Sample_100_GSE109887
scissor,Neutral,Neg_ctrl_Sample_92,0.313595214483268,10310,4.01330078685689,Sample_100_GSE109887
scissor,Neutral,Neg_ctrl_Sample_93,0.0608577598230609,10310,4.01330078685689,Sample_100_GSE109887
scissor,Neutral,Neg_ctrl_Sample_94,0.142084942064498,10310,4.01330078685689,Sample_100_GSE109887
scissor,Neutral,Neg_ctrl_Sample_95,0.0199647565332275,10310,4.01330078685689,Sample_100_GSE109887
scissor,Neutral,Neg_ctrl_Sample_96,-0.0992870920075127,10310,4.01330078685689,Sample_100_GSE109887
scissor,Neutral,Neg_ctrl_Sample_97,-0.0318264517120006,10310,4.01330078685689,Sample_100_GSE109887
scissor,Neutral,Neg_ctrl_Sample_98,0.11419661853946,10310,4.01330078685689,Sample_100_GSE109887
scissor,Neutral,Neg_ctrl_Sample_99,-0.0771847115311328,10310,4.01330078685689,Sample_100_GSE109887
scissor,Neutral,Neg_ctrl_Sample_100,0.0649049528474406,10310,4.01330078685689,Sample_100_GSE109887
scissor,Positive,Neg_ctrl_Sample_1,0.100253082079184,1427,3.15472820744016,Sample_100_GSE109887
scissor,Positive,Neg_ctrl_Sample_2,0.0790024609404605,1427,3.15472820744016,Sample_100_GSE109887
scissor,Positive,Neg_ctrl_Sample_3,0.179916429470262,1427,3.15472820744016,Sample_100_GSE109887
scissor,Positive,Neg_ctrl_Sample_4,-0.014463820606935,1427,3.15472820744016,Sample_100_GSE109887
scissor,Positive,Neg_ctrl_Sample_5,-0.0158713826566695,1427,3.15472820744016,Sample_100_GSE109887
scissor,Positive,Neg_ctrl_Sample_6,0.0163677162919868,1427,3.15472820744016,Sample_100_GSE109887
scissor,Positive,Neg_ctrl_Sample_7,-0.0504019545077007,1427,3.15472820744016,Sample_100_GSE109887
scissor,Positive,Neg_ctrl_Sample_8,-0.0570722697183117,1427,3.15472820744016,Sample_100_GSE109887
scissor,Positive,Neg_ctrl_Sample_9,-0.10775556666391,1427,3.15472820744016,Sample_100_GSE109887
scissor,Positive,Neg_ctrl_Sample_10,0.037746218899069,1427,3.15472820744016,Sample_100_GSE109887
scissor,Positive,Neg_ctrl_Sample_11,0.0327240460384878,1427,3.15472820744016,Sample_100_GSE109887
scissor,Positive,Neg_ctrl_Sample_12,0.0782198567272248,1427,3.15472820744016,Sample_100_GSE109887
scissor,Positive,Neg_ctrl_Sample_13,0.0096005695814582,1427,3.15472820744016,Sample_100_GSE109887
scissor,Positive,Neg_ctrl_Sample_14,0.0724229053963526,1427,3.15472820744016,Sample_100_GSE109887
scissor,Positive,Neg_ctrl_Sample_15,-0.0255432065866891,1427,3.15472820744016,Sample_100_GSE109887
scissor,Positive,Neg_ctrl_Sample_16,-0.118383442914212,1427,3.15472820744016,Sample_100_GSE109887
scissor,Positive,Neg_ctrl_Sample_17,-0.0180221853596688,1427,3.15472820744016,Sample_100_GSE109887
scissor,Positive,Neg_ctrl_Sample_18,-0.0772024581295337,1427,3.15472820744016,Sample_100_GSE109887
scissor,Positive,Neg_ctrl_Sample_19,-0.185907500016362,1427,3.15472820744016,Sample_100_GSE109887
scissor,Positive,Neg_ctrl_Sample_20,-0.022138945511057,1427,3.15472820744016,Sample_100_GSE109887
scissor,Positive,Neg_ctrl_Sample_21,-0.161563680310988,1427,3.15472820744016,Sample_100_GSE109887
scissor,Positive,Neg_ctrl_Sample_22,-0.0421849960166535,1427,3.15472820744016,Sample_100_GSE109887
scissor,Positive,Neg_ctrl_Sample_23,0.0576821777699545,1427,3.15472820744016,Sample_100_GSE109887
scissor,Positive,Neg_ctrl_Sample_24,-0.063842566408945,1427,3.15472820744016,Sample_100_GSE109887
scissor,Positive,Neg_ctrl_Sample_25,-0.0284843640770154,1427,3.15472820744016,Sample_100_GSE109887
scissor,Positive,Neg_ctrl_Sample_26,-0.116777363160828,1427,3.15472820744016,Sample_100_GSE109887
scissor,Positive,Neg_ctrl_Sample_27,0.24686512583957,1427,3.15472820744016,Sample_100_GSE109887
scissor,Positive,Neg_ctrl_Sample_28,-0.0067769046580638,1427,3.15472820744016,Sample_100_GSE109887
scissor,Positive,Neg_ctrl_Sample_29,0.075614697161771,1427,3.15472820744016,Sample_100_GSE109887
scissor,Positive,Neg_ctrl_Sample_30,0.0530329589700687,1427,3.15472820744016,Sample_100_GSE109887
scissor,Positive,Neg_ctrl_Sample_31,0.0211249882702644,1427,3.15472820744016,Sample_100_GSE109887
scissor,Positive,Neg_ctrl_Sample_32,-0.108207820839646,1427,3.15472820744016,Sample_100_GSE109887
scissor,Positive,Neg_ctrl_Sample_33,0.0193956666443002,1427,3.15472820744016,Sample_100_GSE109887
scissor,Positive,Neg_ctrl_Sample_34,0.149090705113675,1427,3.15472820744016,Sample_100_GSE109887
scissor,Positive,Neg_ctrl_Sample_35,0.0069139108383087,1427,3.15472820744016,Sample_100_GSE109887
scissor,Positive,Neg_ctrl_Sample_36,-0.0531071242336547,1427,3.15472820744016,Sample_100_GSE109887
scissor,Positive,Neg_ctrl_Sample_37,0.18176304852186,1427,3.15472820744016,Sample_100_GSE109887
scissor,Positive,Neg_ctrl_Sample_38,0.129612527990981,1427,3.15472820744016,Sample_100_GSE109887
scissor,Positive,Neg_ctrl_Sample_39,-0.0233465980429193,1427,3.15472820744016,Sample_100_GSE109887
scissor,Positive,Neg_ctrl_Sample_40,-0.165237198377528,1427,3.15472820744016,Sample_100_GSE109887
scissor,Positive,Neg_ctrl_Sample_41,-0.0343180311675035,1427,3.15472820744016,Sample_100_GSE109887
scissor,Positive,Neg_ctrl_Sample_42,0.154351412924609,1427,3.15472820744016,Sample_100_GSE109887
scissor,Positive,Neg_ctrl_Sample_43,0.24951081509829,1427,3.15472820744016,Sample_100_GSE109887
scissor,Positive,Neg_ctrl_Sample_44,0.0509097800529928,1427,3.15472820744016,Sample_100_GSE109887
scissor,Positive,Neg_ctrl_Sample_45,0.0176180587887323,1427,3.15472820744016,Sample_100_GSE109887
scissor,Positive,Neg_ctrl_Sample_46,0.120947283606503,1427,3.15472820744016,Sample_100_GSE109887
scissor,Positive,Neg_ctrl_Sample_47,0.145856659591111,1427,3.15472820744016,Sample_100_GSE109887
scissor,Positive,Neg_ctrl_Sample_48,-0.0077276510056571,1427,3.15472820744016,Sample_100_GSE109887
scissor,Positive,Neg_ctrl_Sample_49,0.0342791027161146,1427,3.15472820744016,Sample_100_GSE109887
scissor,Positive,Neg_ctrl_Sample_50,-0.00989589308497421,1427,3.15472820744016,Sample_100_GSE109887
scissor,Positive,Neg_ctrl_Sample_51,-0.0169157169606857,1427,3.15472820744016,Sample_100_GSE109887
scissor,Positive,Neg_ctrl_Sample_52,0.219065894103746,1427,3.15472820744016,Sample_100_GSE109887
scissor,Positive,Neg_ctrl_Sample_53,-0.189243392934572,1427,3.15472820744016,Sample_100_GSE109887
scissor,Positive,Neg_ctrl_Sample_54,-0.00475494064183045,1427,3.15472820744016,Sample_100_GSE109887
scissor,Positive,Neg_ctrl_Sample_55,0.173656090763895,1427,3.15472820744016,Sample_100_GSE109887
scissor,Positive,Neg_ctrl_Sample_56,0.0288815929565757,1427,3.15472820744016,Sample_100_GSE109887
scissor,Positive,Neg_ctrl_Sample_57,0.113273529316693,1427,3.15472820744016,Sample_100_GSE109887
scissor,Positive,Neg_ctrl_Sample_58,0.0242299885094357,1427,3.15472820744016,Sample_100_GSE109887
scissor,Positive,Neg_ctrl_Sample_59,-0.0572987675598376,1427,3.15472820744016,Sample_100_GSE109887
scissor,Positive,Neg_ctrl_Sample_60,-0.0957475176986779,1427,3.15472820744016,Sample_100_GSE109887
scissor,Positive,Neg_ctrl_Sample_61,-0.101500439446617,1427,3.15472820744016,Sample_100_GSE109887
scissor,Positive,Neg_ctrl_Sample_62,-0.0878356684908824,1427,3.15472820744016,Sample_100_GSE109887
scissor,Positive,Neg_ctrl_Sample_63,-0.0841743633793219,1427,3.15472820744016,Sample_100_GSE109887
scissor,Positive,Neg_ctrl_Sample_64,0.0364451282042407,1427,3.15472820744016,Sample_100_GSE109887
scissor,Positive,Neg_ctrl_Sample_65,0.0441176528850652,1427,3.15472820744016,Sample_100_GSE109887
scissor,Positive,Neg_ctrl_Sample_66,-0.173599167629991,1427,3.15472820744016,Sample_100_GSE109887
scissor,Positive,Neg_ctrl_Sample_67,-0.146774725453573,1427,3.15472820744016,Sample_100_GSE109887
scissor,Positive,Neg_ctrl_Sample_68,-0.13435723555789,1427,3.15472820744016,Sample_100_GSE109887
scissor,Positive,Neg_ctrl_Sample_69,0.0374889572101281,1427,3.15472820744016,Sample_100_GSE109887
scissor,Positive,Neg_ctrl_Sample_70,-0.198674640615426,1427,3.15472820744016,Sample_100_GSE109887
scissor,Positive,Neg_ctrl_Sample_71,-0.059002716293131,1427,3.15472820744016,Sample_100_GSE109887
scissor,Positive,Neg_ctrl_Sample_72,-0.115615462135947,1427,3.15472820744016,Sample_100_GSE109887
scissor,Positive,Neg_ctrl_Sample_73,0.0374671374925898,1427,3.15472820744016,Sample_100_GSE109887
scissor,Positive,Neg_ctrl_Sample_74,0.042864029223334,1427,3.15472820744016,Sample_100_GSE109887
scissor,Positive,Neg_ctrl_Sample_75,0.0569767666308998,1427,3.15472820744016,Sample_100_GSE109887
scissor,Positive,Neg_ctrl_Sample_76,0.124882787340683,1427,3.15472820744016,Sample_100_GSE109887
scissor,Positive,Neg_ctrl_Sample_77,-0.133430985686533,1427,3.15472820744016,Sample_100_GSE109887
scissor,Positive,Neg_ctrl_Sample_78,0.0700918933317589,1427,3.15472820744016,Sample_100_GSE109887
scissor,Positive,Neg_ctrl_Sample_79,0.218920513237836,1427,3.15472820744016,Sample_100_GSE109887
scissor,Positive,Neg_ctrl_Sample_80,-0.0478914605606679,1427,3.15472820744016,Sample_100_GSE109887
scissor,Positive,Neg_ctrl_Sample_81,-0.246558362265436,1427,3.15472820744016,Sample_100_GSE109887
scissor,Positive,Neg_ctrl_Sample_82,0.000302867051892149,1427,3.15472820744016,Sample_100_GSE109887
scissor,Positive,Neg_ctrl_Sample_83,0.0969131092316256,1427,3.15472820744016,Sample_100_GSE109887
scissor,Positive,Neg_ctrl_Sample_84,0.103006885140968,1427,3.15472820744016,Sample_100_GSE109887
scissor,Positive,Neg_ctrl_Sample_85,-0.155766432771454,1427,3.15472820744016,Sample_100_GSE109887
scissor,Positive,Neg_ctrl_Sample_86,-0.134594133384718,1427,3.15472820744016,Sample_100_GSE109887
scissor,Positive,Neg_ctrl_Sample_87,0.0645802150978651,1427,3.15472820744016,Sample_100_GSE109887
scissor,Positive,Neg_ctrl_Sample_88,-0.105546449171203,1427,3.15472820744016,Sample_100_GSE109887
scissor,Positive,Neg_ctrl_Sample_89,0.0365462404092467,1427,3.15472820744016,Sample_100_GSE109887
scissor,Positive,Neg_ctrl_Sample_90,-0.111021784206568,1427,3.15472820744016,Sample_100_GSE109887
scissor,Positive,Neg_ctrl_Sample_91,0.0193779260443964,1427,3.15472820744016,Sample_100_GSE109887
scissor,Positive,Neg_ctrl_Sample_92,0.307346210776729,1427,3.15472820744016,Sample_100_GSE109887
scissor,Positive,Neg_ctrl_Sample_93,0.0601058298460635,1427,3.15472820744016,Sample_100_GSE109887
scissor,Positive,Neg_ctrl_Sample_94,0.13845250135365,1427,3.15472820744016,Sample_100_GSE109887
scissor,Positive,Neg_ctrl_Sample_95,0.0211690664060015,1427,3.15472820744016,Sample_100_GSE109887
scissor,Positive,Neg_ctrl_Sample_96,-0.117240655014681,1427,3.15472820744016,Sample_100_GSE109887
scissor,Positive,Neg_ctrl_Sample_97,-0.0289571802953426,1427,3.15472820744016,Sample_100_GSE109887
scissor,Positive,Neg_ctrl_Sample_98,0.116098661898779,1427,3.15472820744016,Sample_100_GSE109887
scissor,Positive,Neg_ctrl_Sample_99,-0.0749727089713787,1427,3.15472820744016,Sample_100_GSE109887
scissor,Positive,Neg_ctrl_Sample_100,0.0513496563696573,1427,3.15472820744016,Sample_100_GSE109887
scAB,Other,Neg_ctrl_Sample_1,0.108748605572507,3069,3.48713837547719,Sample_100_GSE109887
scAB,Other,Neg_ctrl_Sample_2,0.101384472440683,3069,3.48713837547719,Sample_100_GSE109887
scAB,Other,Neg_ctrl_Sample_3,0.192444914624031,3069,3.48713837547719,Sample_100_GSE109887
scAB,Other,Neg_ctrl_Sample_4,-0.0292523860897164,3069,3.48713837547719,Sample_100_GSE109887
scAB,Other,Neg_ctrl_Sample_5,0.0190247544233258,3069,3.48713837547719,Sample_100_GSE109887
scAB,Other,Neg_ctrl_Sample_6,0.00806246681052725,3069,3.48713837547719,Sample_100_GSE109887
scAB,Other,Neg_ctrl_Sample_7,-0.052024119013321,3069,3.48713837547719,Sample_100_GSE109887
scAB,Other,Neg_ctrl_Sample_8,-0.0600156949621179,3069,3.48713837547719,Sample_100_GSE109887
scAB,Other,Neg_ctrl_Sample_9,-0.102019972875289,3069,3.48713837547719,Sample_100_GSE109887
scAB,Other,Neg_ctrl_Sample_10,0.0244410254841355,3069,3.48713837547719,Sample_100_GSE109887
scAB,Other,Neg_ctrl_Sample_11,0.0332775368371855,3069,3.48713837547719,Sample_100_GSE109887
scAB,Other,Neg_ctrl_Sample_12,0.0798763658237305,3069,3.48713837547719,Sample_100_GSE109887
scAB,Other,Neg_ctrl_Sample_13,0.00484240563124936,3069,3.48713837547719,Sample_100_GSE109887
scAB,Other,Neg_ctrl_Sample_14,0.0807047842315883,3069,3.48713837547719,Sample_100_GSE109887
scAB,Other,Neg_ctrl_Sample_15,-0.00825408133673815,3069,3.48713837547719,Sample_100_GSE109887
scAB,Other,Neg_ctrl_Sample_16,-0.10183881304091,3069,3.48713837547719,Sample_100_GSE109887
scAB,Other,Neg_ctrl_Sample_17,-0.0090463765696454,3069,3.48713837547719,Sample_100_GSE109887
scAB,Other,Neg_ctrl_Sample_18,-0.0828061058981149,3069,3.48713837547719,Sample_100_GSE109887
scAB,Other,Neg_ctrl_Sample_19,-0.12851039549574,3069,3.48713837547719,Sample_100_GSE109887
scAB,Other,Neg_ctrl_Sample_20,-0.0321211799137988,3069,3.48713837547719,Sample_100_GSE109887
scAB,Other,Neg_ctrl_Sample_21,-0.171080302839684,3069,3.48713837547719,Sample_100_GSE109887
scAB,Other,Neg_ctrl_Sample_22,-0.021218400346364,3069,3.48713837547719,Sample_100_GSE109887
scAB,Other,Neg_ctrl_Sample_23,0.0661883351155986,3069,3.48713837547719,Sample_100_GSE109887
scAB,Other,Neg_ctrl_Sample_24,-0.0683287839496198,3069,3.48713837547719,Sample_100_GSE109887
scAB,Other,Neg_ctrl_Sample_25,-0.0372627017527535,3069,3.48713837547719,Sample_100_GSE109887
scAB,Other,Neg_ctrl_Sample_26,-0.118032537314331,3069,3.48713837547719,Sample_100_GSE109887
scAB,Other,Neg_ctrl_Sample_27,0.237779732090247,3069,3.48713837547719,Sample_100_GSE109887
scAB,Other,Neg_ctrl_Sample_28,-0.00402065629059424,3069,3.48713837547719,Sample_100_GSE109887
scAB,Other,Neg_ctrl_Sample_29,0.0724618178252763,3069,3.48713837547719,Sample_100_GSE109887
scAB,Other,Neg_ctrl_Sample_30,0.0402101715547313,3069,3.48713837547719,Sample_100_GSE109887
scAB,Other,Neg_ctrl_Sample_31,0.032646920072554,3069,3.48713837547719,Sample_100_GSE109887
scAB,Other,Neg_ctrl_Sample_32,-0.109850518976997,3069,3.48713837547719,Sample_100_GSE109887
scAB,Other,Neg_ctrl_Sample_33,0.00981832628923374,3069,3.48713837547719,Sample_100_GSE109887
scAB,Other,Neg_ctrl_Sample_34,0.158148585334268,3069,3.48713837547719,Sample_100_GSE109887
scAB,Other,Neg_ctrl_Sample_35,0.0185020206949108,3069,3.48713837547719,Sample_100_GSE109887
scAB,Other,Neg_ctrl_Sample_36,-0.0415640079568929,3069,3.48713837547719,Sample_100_GSE109887
scAB,Other,Neg_ctrl_Sample_37,0.160803190367923,3069,3.48713837547719,Sample_100_GSE109887
scAB,Other,Neg_ctrl_Sample_38,0.122650651809948,3069,3.48713837547719,Sample_100_GSE109887
scAB,Other,Neg_ctrl_Sample_39,-0.0164326167480326,3069,3.48713837547719,Sample_100_GSE109887
scAB,Other,Neg_ctrl_Sample_40,-0.165289914718529,3069,3.48713837547719,Sample_100_GSE109887
scAB,Other,Neg_ctrl_Sample_41,-0.0296504501624799,3069,3.48713837547719,Sample_100_GSE109887
scAB,Other,Neg_ctrl_Sample_42,0.14867744229164,3069,3.48713837547719,Sample_100_GSE109887
scAB,Other,Neg_ctrl_Sample_43,0.24423465214603,3069,3.48713837547719,Sample_100_GSE109887
scAB,Other,Neg_ctrl_Sample_44,0.0510836381142961,3069,3.48713837547719,Sample_100_GSE109887
scAB,Other,Neg_ctrl_Sample_45,0.0473483646241798,3069,3.48713837547719,Sample_100_GSE109887
scAB,Other,Neg_ctrl_Sample_46,0.131097658354196,3069,3.48713837547719,Sample_100_GSE109887
scAB,Other,Neg_ctrl_Sample_47,0.145812540515106,3069,3.48713837547719,Sample_100_GSE109887
scAB,Other,Neg_ctrl_Sample_48,0.0013329930566057,3069,3.48713837547719,Sample_100_GSE109887
scAB,Other,Neg_ctrl_Sample_49,0.0368120917801523,3069,3.48713837547719,Sample_100_GSE109887
scAB,Other,Neg_ctrl_Sample_50,-0.00710449276296042,3069,3.48713837547719,Sample_100_GSE109887
scAB,Other,Neg_ctrl_Sample_51,-0.0121570094643436,3069,3.48713837547719,Sample_100_GSE109887
scAB,Other,Neg_ctrl_Sample_52,0.217787756600937,3069,3.48713837547719,Sample_100_GSE109887
scAB,Other,Neg_ctrl_Sample_53,-0.186328434866187,3069,3.48713837547719,Sample_100_GSE109887
scAB,Other,Neg_ctrl_Sample_54,0.00994395611240304,3069,3.48713837547719,Sample_100_GSE109887
scAB,Other,Neg_ctrl_Sample_55,0.174614986967649,3069,3.48713837547719,Sample_100_GSE109887
scAB,Other,Neg_ctrl_Sample_56,0.023897207186963,3069,3.48713837547719,Sample_100_GSE109887
scAB,Other,Neg_ctrl_Sample_57,0.143715843825374,3069,3.48713837547719,Sample_100_GSE109887
scAB,Other,Neg_ctrl_Sample_58,0.0199454915473368,3069,3.48713837547719,Sample_100_GSE109887
scAB,Other,Neg_ctrl_Sample_59,-0.059178172907124,3069,3.48713837547719,Sample_100_GSE109887
scAB,Other,Neg_ctrl_Sample_60,-0.0787419557289399,3069,3.48713837547719,Sample_100_GSE109887
scAB,Other,Neg_ctrl_Sample_61,-0.0955578868135735,3069,3.48713837547719,Sample_100_GSE109887
scAB,Other,Neg_ctrl_Sample_62,-0.0818255729802185,3069,3.48713837547719,Sample_100_GSE109887
scAB,Other,Neg_ctrl_Sample_63,-0.0993651800728431,3069,3.48713837547719,Sample_100_GSE109887
scAB,Other,Neg_ctrl_Sample_64,0.0389407924406283,3069,3.48713837547719,Sample_100_GSE109887
scAB,Other,Neg_ctrl_Sample_65,0.0413490924437366,3069,3.48713837547719,Sample_100_GSE109887
scAB,Other,Neg_ctrl_Sample_66,-0.179547040993085,3069,3.48713837547719,Sample_100_GSE109887
scAB,Other,Neg_ctrl_Sample_67,-0.137471933496084,3069,3.48713837547719,Sample_100_GSE109887
scAB,Other,Neg_ctrl_Sample_68,-0.13649930806143,3069,3.48713837547719,Sample_100_GSE109887
scAB,Other,Neg_ctrl_Sample_69,0.0527569512033334,3069,3.48713837547719,Sample_100_GSE109887
scAB,Other,Neg_ctrl_Sample_70,-0.185698811623785,3069,3.48713837547719,Sample_100_GSE109887
scAB,Other,Neg_ctrl_Sample_71,-0.0598593296923003,3069,3.48713837547719,Sample_100_GSE109887
scAB,Other,Neg_ctrl_Sample_72,-0.100132556738538,3069,3.48713837547719,Sample_100_GSE109887
scAB,Other,Neg_ctrl_Sample_73,0.0351480403849289,3069,3.48713837547719,Sample_100_GSE109887
scAB,Other,Neg_ctrl_Sample_74,0.0456865650665491,3069,3.48713837547719,Sample_100_GSE109887
scAB,Other,Neg_ctrl_Sample_75,0.0609215695314091,3069,3.48713837547719,Sample_100_GSE109887
scAB,Other,Neg_ctrl_Sample_76,0.113762393169542,3069,3.48713837547719,Sample_100_GSE109887
scAB,Other,Neg_ctrl_Sample_77,-0.129128693338683,3069,3.48713837547719,Sample_100_GSE109887
scAB,Other,Neg_ctrl_Sample_78,0.0569589876340417,3069,3.48713837547719,Sample_100_GSE109887
scAB,Other,Neg_ctrl_Sample_79,0.221931717816421,3069,3.48713837547719,Sample_100_GSE109887
scAB,Other,Neg_ctrl_Sample_80,-0.0520609386676273,3069,3.48713837547719,Sample_100_GSE109887
scAB,Other,Neg_ctrl_Sample_81,-0.249496791858608,3069,3.48713837547719,Sample_100_GSE109887
scAB,Other,Neg_ctrl_Sample_82,0.000551479324468265,3069,3.48713837547719,Sample_100_GSE109887
scAB,Other,Neg_ctrl_Sample_83,0.0921266342594007,3069,3.48713837547719,Sample_100_GSE109887
scAB,Other,Neg_ctrl_Sample_84,0.115666720911343,3069,3.48713837547719,Sample_100_GSE109887
scAB,Other,Neg_ctrl_Sample_85,-0.155156885633292,3069,3.48713837547719,Sample_100_GSE109887
scAB,Other,Neg_ctrl_Sample_86,-0.119731430729961,3069,3.48713837547719,Sample_100_GSE109887
scAB,Other,Neg_ctrl_Sample_87,0.0522809749279476,3069,3.48713837547719,Sample_100_GSE109887
scAB,Other,Neg_ctrl_Sample_88,-0.109027948788097,3069,3.48713837547719,Sample_100_GSE109887
scAB,Other,Neg_ctrl_Sample_89,0.0308450070611827,3069,3.48713837547719,Sample_100_GSE109887
scAB,Other,Neg_ctrl_Sample_90,-0.0990242819433976,3069,3.48713837547719,Sample_100_GSE109887
scAB,Other,Neg_ctrl_Sample_91,0.0366298583370965,3069,3.48713837547719,Sample_100_GSE109887
scAB,Other,Neg_ctrl_Sample_92,0.306159758383473,3069,3.48713837547719,Sample_100_GSE109887
scAB,Other,Neg_ctrl_Sample_93,0.0432830902142923,3069,3.48713837547719,Sample_100_GSE109887
scAB,Other,Neg_ctrl_Sample_94,0.127302598004346,3069,3.48713837547719,Sample_100_GSE109887
scAB,Other,Neg_ctrl_Sample_95,0.0172225205579778,3069,3.48713837547719,Sample_100_GSE109887
scAB,Other,Neg_ctrl_Sample_96,-0.144155936179649,3069,3.48713837547719,Sample_100_GSE109887
scAB,Other,Neg_ctrl_Sample_97,-0.0323638655458852,3069,3.48713837547719,Sample_100_GSE109887
scAB,Other,Neg_ctrl_Sample_98,0.116737606926835,3069,3.48713837547719,Sample_100_GSE109887
scAB,Other,Neg_ctrl_Sample_99,-0.0559101743765722,3069,3.48713837547719,Sample_100_GSE109887
scAB,Other,Neg_ctrl_Sample_100,0.0521768926085271,3069,3.48713837547719,Sample_100_GSE109887
scAB,Positive,Neg_ctrl_Sample_1,0.102535485383816,9740,3.98860354334566,Sample_100_GSE109887
scAB,Positive,Neg_ctrl_Sample_2,0.0766280537829661,9740,3.98860354334566,Sample_100_GSE109887
scAB,Positive,Neg_ctrl_Sample_3,0.18308687405951,9740,3.98860354334566,Sample_100_GSE109887
scAB,Positive,Neg_ctrl_Sample_4,0.00620848798021592,9740,3.98860354334566,Sample_100_GSE109887
scAB,Positive,Neg_ctrl_Sample_5,-0.0102870115359541,9740,3.98860354334566,Sample_100_GSE109887
scAB,Positive,Neg_ctrl_Sample_6,0.0225792523111566,9740,3.98860354334566,Sample_100_GSE109887
scAB,Positive,Neg_ctrl_Sample_7,-0.0553126385376474,9740,3.98860354334566,Sample_100_GSE109887
scAB,Positive,Neg_ctrl_Sample_8,-0.0540254635929709,9740,3.98860354334566,Sample_100_GSE109887
scAB,Positive,Neg_ctrl_Sample_9,-0.108421335816823,9740,3.98860354334566,Sample_100_GSE109887
scAB,Positive,Neg_ctrl_Sample_10,0.051683914295319,9740,3.98860354334566,Sample_100_GSE109887
scAB,Positive,Neg_ctrl_Sample_11,0.0340184940115129,9740,3.98860354334566,Sample_100_GSE109887
scAB,Positive,Neg_ctrl_Sample_12,0.0732877146520752,9740,3.98860354334566,Sample_100_GSE109887
scAB,Positive,Neg_ctrl_Sample_13,0.0126408525565217,9740,3.98860354334566,Sample_100_GSE109887
scAB,Positive,Neg_ctrl_Sample_14,0.0723791745026425,9740,3.98860354334566,Sample_100_GSE109887
scAB,Positive,Neg_ctrl_Sample_15,-0.0220081439282022,9740,3.98860354334566,Sample_100_GSE109887
scAB,Positive,Neg_ctrl_Sample_16,-0.117261900038852,9740,3.98860354334566,Sample_100_GSE109887
scAB,Positive,Neg_ctrl_Sample_17,-2.19003819794276e-05,9740,3.98860354334566,Sample_100_GSE109887
scAB,Positive,Neg_ctrl_Sample_18,-0.0763605776478511,9740,3.98860354334566,Sample_100_GSE109887
scAB,Positive,Neg_ctrl_Sample_19,-0.192508117682506,9740,3.98860354334566,Sample_100_GSE109887
scAB,Positive,Neg_ctrl_Sample_20,-0.0225228452424727,9740,3.98860354334566,Sample_100_GSE109887
scAB,Positive,Neg_ctrl_Sample_21,-0.165545543395561,9740,3.98860354334566,Sample_100_GSE109887
scAB,Positive,Neg_ctrl_Sample_22,-0.0350879417232519,9740,3.98860354334566,Sample_100_GSE109887
scAB,Positive,Neg_ctrl_Sample_23,0.0580042314713247,9740,3.98860354334566,Sample_100_GSE109887
scAB,Positive,Neg_ctrl_Sample_24,-0.0648661040576201,9740,3.98860354334566,Sample_100_GSE109887
scAB,Positive,Neg_ctrl_Sample_25,-0.0360247477462796,9740,3.98860354334566,Sample_100_GSE109887
scAB,Positive,Neg_ctrl_Sample_26,-0.121834420397813,9740,3.98860354334566,Sample_100_GSE109887
scAB,Positive,Neg_ctrl_Sample_27,0.249581162023441,9740,3.98860354334566,Sample_100_GSE109887
scAB,Positive,Neg_ctrl_Sample_28,-0.00961930786445333,9740,3.98860354334566,Sample_100_GSE109887
scAB,Positive,Neg_ctrl_Sample_29,0.0735897214603875,9740,3.98860354334566,Sample_100_GSE109887
scAB,Positive,Neg_ctrl_Sample_30,0.0540527272625741,9740,3.98860354334566,Sample_100_GSE109887
scAB,Positive,Neg_ctrl_Sample_31,0.0145640572300426,9740,3.98860354334566,Sample_100_GSE109887
scAB,Positive,Neg_ctrl_Sample_32,-0.108347850726693,9740,3.98860354334566,Sample_100_GSE109887
scAB,Positive,Neg_ctrl_Sample_33,0.0259921469843277,9740,3.98860354334566,Sample_100_GSE109887
scAB,Positive,Neg_ctrl_Sample_34,0.146982887380672,9740,3.98860354334566,Sample_100_GSE109887
scAB,Positive,Neg_ctrl_Sample_35,0.0041581581363355,9740,3.98860354334566,Sample_100_GSE109887
scAB,Positive,Neg_ctrl_Sample_36,-0.0544063078988439,9740,3.98860354334566,Sample_100_GSE109887
scAB,Positive,Neg_ctrl_Sample_37,0.189507174938119,9740,3.98860354334566,Sample_100_GSE109887
scAB,Positive,Neg_ctrl_Sample_38,0.134451236126131,9740,3.98860354334566,Sample_100_GSE109887
scAB,Positive,Neg_ctrl_Sample_39,-0.026195300862571,9740,3.98860354334566,Sample_100_GSE109887
scAB,Positive,Neg_ctrl_Sample_40,-0.178884883628859,9740,3.98860354334566,Sample_100_GSE109887
scAB,Positive,Neg_ctrl_Sample_41,-0.048225987438185,9740,3.98860354334566,Sample_100_GSE109887
scAB,Positive,Neg_ctrl_Sample_42,0.147229017302169,9740,3.98860354334566,Sample_100_GSE109887
scAB,Positive,Neg_ctrl_Sample_43,0.250826796211413,9740,3.98860354334566,Sample_100_GSE109887
scAB,Positive,Neg_ctrl_Sample_44,0.0470061748920563,9740,3.98860354334566,Sample_100_GSE109887
scAB,Positive,Neg_ctrl_Sample_45,0.00606297988098607,9740,3.98860354334566,Sample_100_GSE109887
scAB,Positive,Neg_ctrl_Sample_46,0.116532108019293,9740,3.98860354334566,Sample_100_GSE109887
scAB,Positive,Neg_ctrl_Sample_47,0.144447908049195,9740,3.98860354334566,Sample_100_GSE109887
scAB,Positive,Neg_ctrl_Sample_48,-0.000247918888016166,9740,3.98860354334566,Sample_100_GSE109887
scAB,Positive,Neg_ctrl_Sample_49,0.0374070362811764,9740,3.98860354334566,Sample_100_GSE109887
scAB,Positive,Neg_ctrl_Sample_50,-0.0160819558504214,9740,3.98860354334566,Sample_100_GSE109887
scAB,Positive,Neg_ctrl_Sample_51,-0.0237516738678981,9740,3.98860354334566,Sample_100_GSE109887
scAB,Positive,Neg_ctrl_Sample_52,0.217860611941732,9740,3.98860354334566,Sample_100_GSE109887
scAB,Positive,Neg_ctrl_Sample_53,-0.19056780287855,9740,3.98860354334566,Sample_100_GSE109887
scAB,Positive,Neg_ctrl_Sample_54,-0.00921282529691747,9740,3.98860354334566,Sample_100_GSE109887
scAB,Positive,Neg_ctrl_Sample_55,0.173775373028973,9740,3.98860354334566,Sample_100_GSE109887
scAB,Positive,Neg_ctrl_Sample_56,0.0260650796194953,9740,3.98860354334566,Sample_100_GSE109887
scAB,Positive,Neg_ctrl_Sample_57,0.112279407202672,9740,3.98860354334566,Sample_100_GSE109887
scAB,Positive,Neg_ctrl_Sample_58,0.0273008234691856,9740,3.98860354334566,Sample_100_GSE109887
scAB,Positive,Neg_ctrl_Sample_59,-0.0564679606519854,9740,3.98860354334566,Sample_100_GSE109887
scAB,Positive,Neg_ctrl_Sample_60,-0.10028940234291,9740,3.98860354334566,Sample_100_GSE109887
scAB,Positive,Neg_ctrl_Sample_61,-0.100945244312753,9740,3.98860354334566,Sample_100_GSE109887
scAB,Positive,Neg_ctrl_Sample_62,-0.0915388382122675,9740,3.98860354334566,Sample_100_GSE109887
scAB,Positive,Neg_ctrl_Sample_63,-0.0667470834840656,9740,3.98860354334566,Sample_100_GSE109887
scAB,Positive,Neg_ctrl_Sample_64,0.0429541793959623,9740,3.98860354334566,Sample_100_GSE109887
scAB,Positive,Neg_ctrl_Sample_65,0.0418334294548252,9740,3.98860354334566,Sample_100_GSE109887
scAB,Positive,Neg_ctrl_Sample_66,-0.170232708675768,9740,3.98860354334566,Sample_100_GSE109887
scAB,Positive,Neg_ctrl_Sample_67,-0.152997655267235,9740,3.98860354334566,Sample_100_GSE109887
scAB,Positive,Neg_ctrl_Sample_68,-0.148547358956391,9740,3.98860354334566,Sample_100_GSE109887
scAB,Positive,Neg_ctrl_Sample_69,0.0422432630195937,9740,3.98860354334566,Sample_100_GSE109887
scAB,Positive,Neg_ctrl_Sample_70,-0.187354037569386,9740,3.98860354334566,Sample_100_GSE109887
scAB,Positive,Neg_ctrl_Sample_71,-0.05793482093342,9740,3.98860354334566,Sample_100_GSE109887
scAB,Positive,Neg_ctrl_Sample_72,-0.106974167700621,9740,3.98860354334566,Sample_100_GSE109887
scAB,Positive,Neg_ctrl_Sample_73,0.0471912525043958,9740,3.98860354334566,Sample_100_GSE109887
scAB,Positive,Neg_ctrl_Sample_74,0.0464790226842342,9740,3.98860354334566,Sample_100_GSE109887
scAB,Positive,Neg_ctrl_Sample_75,0.0529794740050378,9740,3.98860354334566,Sample_100_GSE109887
scAB,Positive,Neg_ctrl_Sample_76,0.12455788642929,9740,3.98860354334566,Sample_100_GSE109887
scAB,Positive,Neg_ctrl_Sample_77,-0.135418995997734,9740,3.98860354334566,Sample_100_GSE109887
scAB,Positive,Neg_ctrl_Sample_78,0.0684597880431636,9740,3.98860354334566,Sample_100_GSE109887
scAB,Positive,Neg_ctrl_Sample_79,0.219323404942324,9740,3.98860354334566,Sample_100_GSE109887
scAB,Positive,Neg_ctrl_Sample_80,-0.0523830197448366,9740,3.98860354334566,Sample_100_GSE109887
scAB,Positive,Neg_ctrl_Sample_81,-0.244725640798349,9740,3.98860354334566,Sample_100_GSE109887
scAB,Positive,Neg_ctrl_Sample_82,0.00622259233842389,9740,3.98860354334566,Sample_100_GSE109887
scAB,Positive,Neg_ctrl_Sample_83,0.0967492263707776,9740,3.98860354334566,Sample_100_GSE109887
scAB,Positive,Neg_ctrl_Sample_84,0.106319902583232,9740,3.98860354334566,Sample_100_GSE109887
scAB,Positive,Neg_ctrl_Sample_85,-0.162664010074417,9740,3.98860354334566,Sample_100_GSE109887
scAB,Positive,Neg_ctrl_Sample_86,-0.131890040549417,9740,3.98860354334566,Sample_100_GSE109887
scAB,Positive,Neg_ctrl_Sample_87,0.062101754085205,9740,3.98860354334566,Sample_100_GSE109887
scAB,Positive,Neg_ctrl_Sample_88,-0.100433665892582,9740,3.98860354334566,Sample_100_GSE109887
scAB,Positive,Neg_ctrl_Sample_89,0.0369180324894283,9740,3.98860354334566,Sample_100_GSE109887
scAB,Positive,Neg_ctrl_Sample_90,-0.11189071397647,9740,3.98860354334566,Sample_100_GSE109887
scAB,Positive,Neg_ctrl_Sample_91,0.0294805933549334,9740,3.98860354334566,Sample_100_GSE109887
scAB,Positive,Neg_ctrl_Sample_92,0.31460433503782,9740,3.98860354334566,Sample_100_GSE109887
scAB,Positive,Neg_ctrl_Sample_93,0.0656416401656241,9740,3.98860354334566,Sample_100_GSE109887
scAB,Positive,Neg_ctrl_Sample_94,0.145145896914637,9740,3.98860354334566,Sample_100_GSE109887
scAB,Positive,Neg_ctrl_Sample_95,0.0204371432589704,9740,3.98860354334566,Sample_100_GSE109887
scAB,Positive,Neg_ctrl_Sample_96,-0.0888459613853357,9740,3.98860354334566,Sample_100_GSE109887
scAB,Positive,Neg_ctrl_Sample_97,-0.0312999001138436,9740,3.98860354334566,Sample_100_GSE109887
scAB,Positive,Neg_ctrl_Sample_98,0.113570899090866,9740,3.98860354334566,Sample_100_GSE109887
scAB,Positive,Neg_ctrl_Sample_99,-0.0827080035730176,9740,3.98860354334566,Sample_100_GSE109887
scAB,Positive,Neg_ctrl_Sample_100,0.0660247345494002,9740,3.98860354334566,Sample_100_GSE109887
scPAS,Negative,Neg_ctrl_Sample_1,0.0726527367768086,9,1,Sample_100_GSE109887
scPAS,Negative,Neg_ctrl_Sample_2,0.0745717697313834,9,1,Sample_100_GSE109887
scPAS,Negative,Neg_ctrl_Sample_3,0.189464990664435,9,1,Sample_100_GSE109887
scPAS,Negative,Neg_ctrl_Sample_4,-0.0173061088678187,9,1,Sample_100_GSE109887
scPAS,Negative,Neg_ctrl_Sample_5,0.0265086866629872,9,1,Sample_100_GSE109887
scPAS,Negative,Neg_ctrl_Sample_6,0.0457052245616767,9,1,Sample_100_GSE109887
scPAS,Negative,Neg_ctrl_Sample_7,-0.0646134801535899,9,1,Sample_100_GSE109887
scPAS,Negative,Neg_ctrl_Sample_8,-0.0669938264446077,9,1,Sample_100_GSE109887
scPAS,Negative,Neg_ctrl_Sample_9,-0.108773095955462,9,1,Sample_100_GSE109887
scPAS,Negative,Neg_ctrl_Sample_10,0.0517506701427355,9,1,Sample_100_GSE109887
scPAS,Negative,Neg_ctrl_Sample_11,0.036951528957787,9,1,Sample_100_GSE109887
scPAS,Negative,Neg_ctrl_Sample_12,0.0544832588602089,9,1,Sample_100_GSE109887
scPAS,Negative,Neg_ctrl_Sample_13,-0.00288477937376856,9,1,Sample_100_GSE109887
scPAS,Negative,Neg_ctrl_Sample_14,0.0680894736351976,9,1,Sample_100_GSE109887
scPAS,Negative,Neg_ctrl_Sample_15,-0.0494550175969053,9,1,Sample_100_GSE109887
scPAS,Negative,Neg_ctrl_Sample_16,-0.135812919613752,9,1,Sample_100_GSE109887
scPAS,Negative,Neg_ctrl_Sample_17,-0.00166280162220199,9,1,Sample_100_GSE109887
scPAS,Negative,Neg_ctrl_Sample_18,-0.0946692564317053,9,1,Sample_100_GSE109887
scPAS,Negative,Neg_ctrl_Sample_19,-0.115629913728321,9,1,Sample_100_GSE109887
scPAS,Negative,Neg_ctrl_Sample_20,-0.000909841825102149,9,1,Sample_100_GSE109887
scPAS,Negative,Neg_ctrl_Sample_21,-0.124021313936223,9,1,Sample_100_GSE109887
scPAS,Negative,Neg_ctrl_Sample_22,-0.0262322646521875,9,1,Sample_100_GSE109887
scPAS,Negative,Neg_ctrl_Sample_23,0.0415004719854292,9,1,Sample_100_GSE109887
scPAS,Negative,Neg_ctrl_Sample_24,-0.0408255908831878,9,1,Sample_100_GSE109887
scPAS,Negative,Neg_ctrl_Sample_25,-0.0325748944363382,9,1,Sample_100_GSE109887
scPAS,Negative,Neg_ctrl_Sample_26,-0.110084738390115,9,1,Sample_100_GSE109887
scPAS,Negative,Neg_ctrl_Sample_27,0.237135572204708,9,1,Sample_100_GSE109887
scPAS,Negative,Neg_ctrl_Sample_28,0.00114383210309545,9,1,Sample_100_GSE109887
scPAS,Negative,Neg_ctrl_Sample_29,0.0894727076290379,9,1,Sample_100_GSE109887
scPAS,Negative,Neg_ctrl_Sample_30,0.0535068889713798,9,1,Sample_100_GSE109887
scPAS,Negative,Neg_ctrl_Sample_31,0.0439840991739438,9,1,Sample_100_GSE109887
scPAS,Negative,Neg_ctrl_Sample_32,-0.142402622148237,9,1,Sample_100_GSE109887
scPAS,Negative,Neg_ctrl_Sample_33,0.0185481687908595,9,1,Sample_100_GSE109887
scPAS,Negative,Neg_ctrl_Sample_34,0.185691218638885,9,1,Sample_100_GSE109887
scPAS,Negative,Neg_ctrl_Sample_35,0.0131598615916471,9,1,Sample_100_GSE109887
scPAS,Negative,Neg_ctrl_Sample_36,-0.0464364528111629,9,1,Sample_100_GSE109887
scPAS,Negative,Neg_ctrl_Sample_37,0.155735303325761,9,1,Sample_100_GSE109887
scPAS,Negative,Neg_ctrl_Sample_38,0.127436771074769,9,1,Sample_100_GSE109887
scPAS,Negative,Neg_ctrl_Sample_39,-0.0235409357363633,9,1,Sample_100_GSE109887
scPAS,Negative,Neg_ctrl_Sample_40,-0.185220903182061,9,1,Sample_100_GSE109887
scPAS,Negative,Neg_ctrl_Sample_41,-0.0290722176697221,9,1,Sample_100_GSE109887
scPAS,Negative,Neg_ctrl_Sample_42,0.133634928038841,9,1,Sample_100_GSE109887
scPAS,Negative,Neg_ctrl_Sample_43,0.244303438505972,9,1,Sample_100_GSE109887
scPAS,Negative,Neg_ctrl_Sample_44,0.0662682404032573,9,1,Sample_100_GSE109887
scPAS,Negative,Neg_ctrl_Sample_45,0.0500137135911693,9,1,Sample_100_GSE109887
scPAS,Negative,Neg_ctrl_Sample_46,0.137170251921739,9,1,Sample_100_GSE109887
scPAS,Negative,Neg_ctrl_Sample_47,0.149387498204187,9,1,Sample_100_GSE109887
scPAS,Negative,Neg_ctrl_Sample_48,-0.00174203889665323,9,1,Sample_100_GSE109887
scPAS,Negative,Neg_ctrl_Sample_49,0.0238023525711017,9,1,Sample_100_GSE109887
scPAS,Negative,Neg_ctrl_Sample_50,-0.0530874174158287,9,1,Sample_100_GSE109887
scPAS,Negative,Neg_ctrl_Sample_51,0.0290798412068689,9,1,Sample_100_GSE109887
scPAS,Negative,Neg_ctrl_Sample_52,0.185927098208113,9,1,Sample_100_GSE109887
scPAS,Negative,Neg_ctrl_Sample_53,-0.179681673632443,9,1,Sample_100_GSE109887
scPAS,Negative,Neg_ctrl_Sample_54,-0.00683920029895881,9,1,Sample_100_GSE109887
scPAS,Negative,Neg_ctrl_Sample_55,0.230094285667927,9,1,Sample_100_GSE109887
scPAS,Negative,Neg_ctrl_Sample_56,0.015567079744409,9,1,Sample_100_GSE109887
scPAS,Negative,Neg_ctrl_Sample_57,0.10841636634066,9,1,Sample_100_GSE109887
scPAS,Negative,Neg_ctrl_Sample_58,0.0460976024072498,9,1,Sample_100_GSE109887
scPAS,Negative,Neg_ctrl_Sample_59,-0.0214603686257017,9,1,Sample_100_GSE109887
scPAS,Negative,Neg_ctrl_Sample_60,-0.0632211689132672,9,1,Sample_100_GSE109887
scPAS,Negative,Neg_ctrl_Sample_61,-0.0854446804188128,9,1,Sample_100_GSE109887
scPAS,Negative,Neg_ctrl_Sample_62,-0.110006001355995,9,1,Sample_100_GSE109887
scPAS,Negative,Neg_ctrl_Sample_63,-0.0874624769605684,9,1,Sample_100_GSE109887
scPAS,Negative,Neg_ctrl_Sample_64,0.029343075773806,9,1,Sample_100_GSE109887
scPAS,Negative,Neg_ctrl_Sample_65,0.0321584591160109,9,1,Sample_100_GSE109887
scPAS,Negative,Neg_ctrl_Sample_66,-0.181672747102682,9,1,Sample_100_GSE109887
scPAS,Negative,Neg_ctrl_Sample_67,-0.111913946385029,9,1,Sample_100_GSE109887
scPAS,Negative,Neg_ctrl_Sample_68,-0.126476112624848,9,1,Sample_100_GSE109887
scPAS,Negative,Neg_ctrl_Sample_69,0.0507905647759244,9,1,Sample_100_GSE109887
scPAS,Negative,Neg_ctrl_Sample_70,-0.210594846938597,9,1,Sample_100_GSE109887
scPAS,Negative,Neg_ctrl_Sample_71,-0.0411814944941228,9,1,Sample_100_GSE109887
scPAS,Negative,Neg_ctrl_Sample_72,-0.105709458173855,9,1,Sample_100_GSE109887
scPAS,Negative,Neg_ctrl_Sample_73,0.0313854374726937,9,1,Sample_100_GSE109887
scPAS,Negative,Neg_ctrl_Sample_74,0.0468605280300189,9,1,Sample_100_GSE109887
scPAS,Negative,Neg_ctrl_Sample_75,0.0944589489423615,9,1,Sample_100_GSE109887
scPAS,Negative,Neg_ctrl_Sample_76,0.148208154865799,9,1,Sample_100_GSE109887
scPAS,Negative,Neg_ctrl_Sample_77,-0.143044677974627,9,1,Sample_100_GSE109887
scPAS,Negative,Neg_ctrl_Sample_78,0.0642571298288271,9,1,Sample_100_GSE109887
scPAS,Negative,Neg_ctrl_Sample_79,0.201707094451202,9,1,Sample_100_GSE109887
scPAS,Negative,Neg_ctrl_Sample_80,-0.0505622708676939,9,1,Sample_100_GSE109887
scPAS,Negative,Neg_ctrl_Sample_81,-0.198959559357187,9,1,Sample_100_GSE109887
scPAS,Negative,Neg_ctrl_Sample_82,0.00285063037186788,9,1,Sample_100_GSE109887
scPAS,Negative,Neg_ctrl_Sample_83,0.11542215873417,9,1,Sample_100_GSE109887
scPAS,Negative,Neg_ctrl_Sample_84,0.06438872635262,9,1,Sample_100_GSE109887
scPAS,Negative,Neg_ctrl_Sample_85,-0.162244407878671,9,1,Sample_100_GSE109887
scPAS,Negative,Neg_ctrl_Sample_86,-0.116047343699935,9,1,Sample_100_GSE109887
scPAS,Negative,Neg_ctrl_Sample_87,0.0802078955349888,9,1,Sample_100_GSE109887
scPAS,Negative,Neg_ctrl_Sample_88,-0.0360159807793058,9,1,Sample_100_GSE109887
scPAS,Negative,Neg_ctrl_Sample_89,0.0461192642543332,9,1,Sample_100_GSE109887
scPAS,Negative,Neg_ctrl_Sample_90,-0.102206251410441,9,1,Sample_100_GSE109887
scPAS,Negative,Neg_ctrl_Sample_91,0.0460084339238611,9,1,Sample_100_GSE109887
scPAS,Negative,Neg_ctrl_Sample_92,0.310497300881757,9,1,Sample_100_GSE109887
scPAS,Negative,Neg_ctrl_Sample_93,0.0956803334192146,9,1,Sample_100_GSE109887
scPAS,Negative,Neg_ctrl_Sample_94,0.134480596592559,9,1,Sample_100_GSE109887
scPAS,Negative,Neg_ctrl_Sample_95,0.00327220076750777,9,1,Sample_100_GSE109887
scPAS,Negative,Neg_ctrl_Sample_96,-0.129334099266057,9,1,Sample_100_GSE109887
scPAS,Negative,Neg_ctrl_Sample_97,-0.0441176013038248,9,1,Sample_100_GSE109887
scPAS,Negative,Neg_ctrl_Sample_98,0.11175693663716,9,1,Sample_100_GSE109887
scPAS,Negative,Neg_ctrl_Sample_99,-0.0188540785349608,9,1,Sample_100_GSE109887
scPAS,Negative,Neg_ctrl_Sample_100,0.0517434405781457,9,1,Sample_100_GSE109887
scPAS,Neutral,Neg_ctrl_Sample_1,0.104162625182855,12629,4.10140335055533,Sample_100_GSE109887
scPAS,Neutral,Neg_ctrl_Sample_2,0.0824787682892045,12629,4.10140335055533,Sample_100_GSE109887
scPAS,Neutral,Neg_ctrl_Sample_3,0.185545250638613,12629,4.10140335055533,Sample_100_GSE109887
scPAS,Neutral,Neg_ctrl_Sample_4,-0.00185049164756417,12629,4.10140335055533,Sample_100_GSE109887
scPAS,Neutral,Neg_ctrl_Sample_5,-0.00310255945447182,12629,4.10140335055533,Sample_100_GSE109887
scPAS,Neutral,Neg_ctrl_Sample_6,0.019161911147665,12629,4.10140335055533,Sample_100_GSE109887
scPAS,Neutral,Neg_ctrl_Sample_7,-0.0547288684925151,12629,4.10140335055533,Sample_100_GSE109887
scPAS,Neutral,Neg_ctrl_Sample_8,-0.0555093605750175,12629,4.10140335055533,Sample_100_GSE109887
scPAS,Neutral,Neg_ctrl_Sample_9,-0.106750064248128,12629,4.10140335055533,Sample_100_GSE109887
scPAS,Neutral,Neg_ctrl_Sample_10,0.0452625594965422,12629,4.10140335055533,Sample_100_GSE109887
scPAS,Neutral,Neg_ctrl_Sample_11,0.0338801581073283,12629,4.10140335055533,Sample_100_GSE109887
scPAS,Neutral,Neg_ctrl_Sample_12,0.0747550948865161,12629,4.10140335055533,Sample_100_GSE109887
scPAS,Neutral,Neg_ctrl_Sample_13,0.0107822545838509,12629,4.10140335055533,Sample_100_GSE109887
scPAS,Neutral,Neg_ctrl_Sample_14,0.0743350388988345,12629,4.10140335055533,Sample_100_GSE109887
scPAS,Neutral,Neg_ctrl_Sample_15,-0.0184098525205686,12629,4.10140335055533,Sample_100_GSE109887
scPAS,Neutral,Neg_ctrl_Sample_16,-0.113418028848892,12629,4.10140335055533,Sample_100_GSE109887
scPAS,Neutral,Neg_ctrl_Sample_17,-0.00197675708393636,12629,4.10140335055533,Sample_100_GSE109887
scPAS,Neutral,Neg_ctrl_Sample_18,-0.0778811850541194,12629,4.10140335055533,Sample_100_GSE109887
scPAS,Neutral,Neg_ctrl_Sample_19,-0.17731105408992,12629,4.10140335055533,Sample_100_GSE109887
scPAS,Neutral,Neg_ctrl_Sample_20,-0.0248602945370073,12629,4.10140335055533,Sample_100_GSE109887
scPAS,Neutral,Neg_ctrl_Sample_21,-0.167003893404863,12629,4.10140335055533,Sample_100_GSE109887
scPAS,Neutral,Neg_ctrl_Sample_22,-0.0315318000879498,12629,4.10140335055533,Sample_100_GSE109887
scPAS,Neutral,Neg_ctrl_Sample_23,0.0597175006812029,12629,4.10140335055533,Sample_100_GSE109887
scPAS,Neutral,Neg_ctrl_Sample_24,-0.0656235161578874,12629,4.10140335055533,Sample_100_GSE109887
scPAS,Neutral,Neg_ctrl_Sample_25,-0.0362018360556133,12629,4.10140335055533,Sample_100_GSE109887
scPAS,Neutral,Neg_ctrl_Sample_26,-0.12113235811592,12629,4.10140335055533,Sample_100_GSE109887
scPAS,Neutral,Neg_ctrl_Sample_27,0.24665416883545,12629,4.10140335055533,Sample_100_GSE109887
scPAS,Neutral,Neg_ctrl_Sample_28,-0.00839905849673505,12629,4.10140335055533,Sample_100_GSE109887
scPAS,Neutral,Neg_ctrl_Sample_29,0.073675286788089,12629,4.10140335055533,Sample_100_GSE109887
scPAS,Neutral,Neg_ctrl_Sample_30,0.0504966830700671,12629,4.10140335055533,Sample_100_GSE109887
scPAS,Neutral,Neg_ctrl_Sample_31,0.0184087153742501,12629,4.10140335055533,Sample_100_GSE109887
scPAS,Neutral,Neg_ctrl_Sample_32,-0.108729231658367,12629,4.10140335055533,Sample_100_GSE109887
scPAS,Neutral,Neg_ctrl_Sample_33,0.0222396441592488,12629,4.10140335055533,Sample_100_GSE109887
scPAS,Neutral,Neg_ctrl_Sample_34,0.149360019642149,12629,4.10140335055533,Sample_100_GSE109887
scPAS,Neutral,Neg_ctrl_Sample_35,0.00776122865121341,12629,4.10140335055533,Sample_100_GSE109887
scPAS,Neutral,Neg_ctrl_Sample_36,-0.0511773992460556,12629,4.10140335055533,Sample_100_GSE109887
scPAS,Neutral,Neg_ctrl_Sample_37,0.182620224397399,12629,4.10140335055533,Sample_100_GSE109887
scPAS,Neutral,Neg_ctrl_Sample_38,0.131830777758322,12629,4.10140335055533,Sample_100_GSE109887
scPAS,Neutral,Neg_ctrl_Sample_39,-0.0237632151400989,12629,4.10140335055533,Sample_100_GSE109887
scPAS,Neutral,Neg_ctrl_Sample_40,-0.175990136281836,12629,4.10140335055533,Sample_100_GSE109887
scPAS,Neutral,Neg_ctrl_Sample_41,-0.0442185745273455,12629,4.10140335055533,Sample_100_GSE109887
scPAS,Neutral,Neg_ctrl_Sample_42,0.147419927277347,12629,4.10140335055533,Sample_100_GSE109887
scPAS,Neutral,Neg_ctrl_Sample_43,0.249246929267531,12629,4.10140335055533,Sample_100_GSE109887
scPAS,Neutral,Neg_ctrl_Sample_44,0.0478861003832047,12629,4.10140335055533,Sample_100_GSE109887
scPAS,Neutral,Neg_ctrl_Sample_45,0.0158374485706694,12629,4.10140335055533,Sample_100_GSE109887
scPAS,Neutral,Neg_ctrl_Sample_46,0.119867683628638,12629,4.10140335055533,Sample_100_GSE109887
scPAS,Neutral,Neg_ctrl_Sample_47,0.144745128726724,12629,4.10140335055533,Sample_100_GSE109887
scPAS,Neutral,Neg_ctrl_Sample_48,0.000382803882138898,12629,4.10140335055533,Sample_100_GSE109887
scPAS,Neutral,Neg_ctrl_Sample_49,0.0373774467729786,12629,4.10140335055533,Sample_100_GSE109887
scPAS,Neutral,Neg_ctrl_Sample_50,-0.0140934682673701,12629,4.10140335055533,Sample_100_GSE109887
scPAS,Neutral,Neg_ctrl_Sample_51,-0.0210588367290579,12629,4.10140335055533,Sample_100_GSE109887
scPAS,Neutral,Neg_ctrl_Sample_52,0.217769744353235,12629,4.10140335055533,Sample_100_GSE109887
scPAS,Neutral,Neg_ctrl_Sample_53,-0.1894754726512,12629,4.10140335055533,Sample_100_GSE109887
scPAS,Neutral,Neg_ctrl_Sample_54,-0.00464010345270928,12629,4.10140335055533,Sample_100_GSE109887
scPAS,Neutral,Neg_ctrl_Sample_55,0.173939028932227,12629,4.10140335055533,Sample_100_GSE109887
scPAS,Neutral,Neg_ctrl_Sample_56,0.0255782676818929,12629,4.10140335055533,Sample_100_GSE109887
scPAS,Neutral,Neg_ctrl_Sample_57,0.11972242809325,12629,4.10140335055533,Sample_100_GSE109887
scPAS,Neutral,Neg_ctrl_Sample_58,0.0255387780901041,12629,4.10140335055533,Sample_100_GSE109887
scPAS,Neutral,Neg_ctrl_Sample_59,-0.0568725132341936,12629,4.10140335055533,Sample_100_GSE109887
scPAS,Neutral,Neg_ctrl_Sample_60,-0.0953571550202507,12629,4.10140335055533,Sample_100_GSE109887
scPAS,Neutral,Neg_ctrl_Sample_61,-0.0996893474642426,12629,4.10140335055533,Sample_100_GSE109887
scPAS,Neutral,Neg_ctrl_Sample_62,-0.0890753251476466,12629,4.10140335055533,Sample_100_GSE109887
scPAS,Neutral,Neg_ctrl_Sample_63,-0.0741193954390535,12629,4.10140335055533,Sample_100_GSE109887
scPAS,Neutral,Neg_ctrl_Sample_64,0.0423213079033565,12629,4.10140335055533,Sample_100_GSE109887
scPAS,Neutral,Neg_ctrl_Sample_65,0.0416979575028732,12629,4.10140335055533,Sample_100_GSE109887
scPAS,Neutral,Neg_ctrl_Sample_66,-0.172511344395263,12629,4.10140335055533,Sample_100_GSE109887
scPAS,Neutral,Neg_ctrl_Sample_67,-0.149370312584955,12629,4.10140335055533,Sample_100_GSE109887
scPAS,Neutral,Neg_ctrl_Sample_68,-0.146217751589223,12629,4.10140335055533,Sample_100_GSE109887
scPAS,Neutral,Neg_ctrl_Sample_69,0.0450631549209283,12629,4.10140335055533,Sample_100_GSE109887
scPAS,Neutral,Neg_ctrl_Sample_70,-0.1864565934866,12629,4.10140335055533,Sample_100_GSE109887
scPAS,Neutral,Neg_ctrl_Sample_71,-0.0584191460869594,12629,4.10140335055533,Sample_100_GSE109887
scPAS,Neutral,Neg_ctrl_Sample_72,-0.104864206624413,12629,4.10140335055533,Sample_100_GSE109887
scPAS,Neutral,Neg_ctrl_Sample_73,0.0445373253912182,12629,4.10140335055533,Sample_100_GSE109887
scPAS,Neutral,Neg_ctrl_Sample_74,0.0465643225894411,12629,4.10140335055533,Sample_100_GSE109887
scPAS,Neutral,Neg_ctrl_Sample_75,0.0547523187989585,12629,4.10140335055533,Sample_100_GSE109887
scPAS,Neutral,Neg_ctrl_Sample_76,0.122083661893735,12629,4.10140335055533,Sample_100_GSE109887
scPAS,Neutral,Neg_ctrl_Sample_77,-0.13380130336602,12629,4.10140335055533,Sample_100_GSE109887
scPAS,Neutral,Neg_ctrl_Sample_78,0.0657014550638234,12629,4.10140335055533,Sample_100_GSE109887
scPAS,Neutral,Neg_ctrl_Sample_79,0.219955866336798,12629,4.10140335055533,Sample_100_GSE109887
scPAS,Neutral,Neg_ctrl_Sample_80,-0.05238121640464,12629,4.10140335055533,Sample_100_GSE109887
scPAS,Neutral,Neg_ctrl_Sample_81,-0.245607893897376,12629,4.10140335055533,Sample_100_GSE109887
scPAS,Neutral,Neg_ctrl_Sample_82,0.00488780164886414,12629,4.10140335055533,Sample_100_GSE109887
scPAS,Neutral,Neg_ctrl_Sample_83,0.0955710094168397,12629,4.10140335055533,Sample_100_GSE109887
scPAS,Neutral,Neg_ctrl_Sample_84,0.108757001093673,12629,4.10140335055533,Sample_100_GSE109887
scPAS,Neutral,Neg_ctrl_Sample_85,-0.16080274119285,12629,4.10140335055533,Sample_100_GSE109887
scPAS,Neutral,Neg_ctrl_Sample_86,-0.128941591612125,12629,4.10140335055533,Sample_100_GSE109887
scPAS,Neutral,Neg_ctrl_Sample_87,0.0595610954889206,12629,4.10140335055533,Sample_100_GSE109887
scPAS,Neutral,Neg_ctrl_Sample_88,-0.102354899480881,12629,4.10140335055533,Sample_100_GSE109887
scPAS,Neutral,Neg_ctrl_Sample_89,0.0355423863870441,12629,4.10140335055533,Sample_100_GSE109887
scPAS,Neutral,Neg_ctrl_Sample_90,-0.108773106328579,12629,4.10140335055533,Sample_100_GSE109887
scPAS,Neutral,Neg_ctrl_Sample_91,0.0314569942232908,12629,4.10140335055533,Sample_100_GSE109887
scPAS,Neutral,Neg_ctrl_Sample_92,0.312680361170171,12629,4.10140335055533,Sample_100_GSE109887
scPAS,Neutral,Neg_ctrl_Sample_93,0.0603727891909744,12629,4.10140335055533,Sample_100_GSE109887
scPAS,Neutral,Neg_ctrl_Sample_94,0.140844903286455,12629,4.10140335055533,Sample_100_GSE109887
scPAS,Neutral,Neg_ctrl_Sample_95,0.0195963454900141,12629,4.10140335055533,Sample_100_GSE109887
scPAS,Neutral,Neg_ctrl_Sample_96,-0.101499494115696,12629,4.10140335055533,Sample_100_GSE109887
scPAS,Neutral,Neg_ctrl_Sample_97,-0.031486870239883,12629,4.10140335055533,Sample_100_GSE109887
scPAS,Neutral,Neg_ctrl_Sample_98,0.114213162366025,12629,4.10140335055533,Sample_100_GSE109887
scPAS,Neutral,Neg_ctrl_Sample_99,-0.076448250356401,12629,4.10140335055533,Sample_100_GSE109887
scPAS,Neutral,Neg_ctrl_Sample_100,0.0629773284469937,12629,4.10140335055533,Sample_100_GSE109887
scPAS,Positive,Neg_ctrl_Sample_1,0.0954469595036942,171,2.23552844690755,Sample_100_GSE109887
scPAS,Positive,Neg_ctrl_Sample_2,0.088951339851469,171,2.23552844690755,Sample_100_GSE109887
scPAS,Positive,Neg_ctrl_Sample_3,0.16914293034938,171,2.23552844690755,Sample_100_GSE109887
scPAS,Positive,Neg_ctrl_Sample_4,-0.0337969940651375,171,2.23552844690755,Sample_100_GSE109887
scPAS,Positive,Neg_ctrl_Sample_5,-0.0167536600260151,171,2.23552844690755,Sample_100_GSE109887
scPAS,Positive,Neg_ctrl_Sample_6,0.0132076330248895,171,2.23552844690755,Sample_100_GSE109887
scPAS,Positive,Neg_ctrl_Sample_7,-0.0389164859369012,171,2.23552844690755,Sample_100_GSE109887
scPAS,Positive,Neg_ctrl_Sample_8,-0.051260374820924,171,2.23552844690755,Sample_100_GSE109887
scPAS,Positive,Neg_ctrl_Sample_9,-0.116944961151513,171,2.23552844690755,Sample_100_GSE109887
scPAS,Positive,Neg_ctrl_Sample_10,0.0369836990298362,171,2.23552844690755,Sample_100_GSE109887
scPAS,Positive,Neg_ctrl_Sample_11,0.0307825247215727,171,2.23552844690755,Sample_100_GSE109887
scPAS,Positive,Neg_ctrl_Sample_12,0.0841547647525556,171,2.23552844690755,Sample_100_GSE109887
scPAS,Positive,Neg_ctrl_Sample_13,0.0107609161271125,171,2.23552844690755,Sample_100_GSE109887
scPAS,Positive,Neg_ctrl_Sample_14,0.0775797131367624,171,2.23552844690755,Sample_100_GSE109887
scPAS,Positive,Neg_ctrl_Sample_15,-0.0394618411842451,171,2.23552844690755,Sample_100_GSE109887
scPAS,Positive,Neg_ctrl_Sample_16,-0.123366204630278,171,2.23552844690755,Sample_100_GSE109887
scPAS,Positive,Neg_ctrl_Sample_17,-0.0175275379244998,171,2.23552844690755,Sample_100_GSE109887
scPAS,Positive,Neg_ctrl_Sample_18,-0.0787745961112537,171,2.23552844690755,Sample_100_GSE109887
scPAS,Positive,Neg_ctrl_Sample_19,-0.170324553677734,171,2.23552844690755,Sample_100_GSE109887
scPAS,Positive,Neg_ctrl_Sample_20,-0.0232957048704092,171,2.23552844690755,Sample_100_GSE109887
scPAS,Positive,Neg_ctrl_Sample_21,-0.159360704399528,171,2.23552844690755,Sample_100_GSE109887
scPAS,Positive,Neg_ctrl_Sample_22,-0.0492668383326197,171,2.23552844690755,Sample_100_GSE109887
scPAS,Positive,Neg_ctrl_Sample_23,0.079224530115175,171,2.23552844690755,Sample_100_GSE109887
scPAS,Positive,Neg_ctrl_Sample_24,-0.0723396233140288,171,2.23552844690755,Sample_100_GSE109887
scPAS,Positive,Neg_ctrl_Sample_25,-0.0453456908286374,171,2.23552844690755,Sample_100_GSE109887
scPAS,Positive,Neg_ctrl_Sample_26,-0.1060689964966,171,2.23552844690755,Sample_100_GSE109887
scPAS,Positive,Neg_ctrl_Sample_27,0.254601155090923,171,2.23552844690755,Sample_100_GSE109887
scPAS,Positive,Neg_ctrl_Sample_28,0.000175219360993959,171,2.23552844690755,Sample_100_GSE109887
scPAS,Positive,Neg_ctrl_Sample_29,0.046191548038065,171,2.23552844690755,Sample_100_GSE109887
scPAS,Positive,Neg_ctrl_Sample_30,0.0682713891597649,171,2.23552844690755,Sample_100_GSE109887
scPAS,Positive,Neg_ctrl_Sample_31,0.05361281736441,171,2.23552844690755,Sample_100_GSE109887
scPAS,Positive,Neg_ctrl_Sample_32,-0.105358003541127,171,2.23552844690755,Sample_100_GSE109887
scPAS,Positive,Neg_ctrl_Sample_33,0.0132430140511149,171,2.23552844690755,Sample_100_GSE109887
scPAS,Positive,Neg_ctrl_Sample_34,0.169780248246584,171,2.23552844690755,Sample_100_GSE109887
scPAS,Positive,Neg_ctrl_Sample_35,-0.00498148321585043,171,2.23552844690755,Sample_100_GSE109887
scPAS,Positive,Neg_ctrl_Sample_36,-0.0628074631620541,171,2.23552844690755,Sample_100_GSE109887
scPAS,Positive,Neg_ctrl_Sample_37,0.184751131530639,171,2.23552844690755,Sample_100_GSE109887
scPAS,Positive,Neg_ctrl_Sample_38,0.1165617954604,171,2.23552844690755,Sample_100_GSE109887
scPAS,Positive,Neg_ctrl_Sample_39,-0.0307392910831444,171,2.23552844690755,Sample_100_GSE109887
scPAS,Positive,Neg_ctrl_Sample_40,-0.148345588212332,171,2.23552844690755,Sample_100_GSE109887
scPAS,Positive,Neg_ctrl_Sample_41,-0.0118147457994009,171,2.23552844690755,Sample_100_GSE109887
scPAS,Positive,Neg_ctrl_Sample_42,0.159840485252722,171,2.23552844690755,Sample_100_GSE109887
scPAS,Positive,Neg_ctrl_Sample_43,0.249537671749418,171,2.23552844690755,Sample_100_GSE109887
scPAS,Positive,Neg_ctrl_Sample_44,0.0541862743759248,171,2.23552844690755,Sample_100_GSE109887
scPAS,Positive,Neg_ctrl_Sample_45,0.0228321266146573,171,2.23552844690755,Sample_100_GSE109887
scPAS,Positive,Neg_ctrl_Sample_46,0.130514250196347,171,2.23552844690755,Sample_100_GSE109887
scPAS,Positive,Neg_ctrl_Sample_47,0.146728614423336,171,2.23552844690755,Sample_100_GSE109887
scPAS,Positive,Neg_ctrl_Sample_48,-0.0183773459416207,171,2.23552844690755,Sample_100_GSE109887
scPAS,Positive,Neg_ctrl_Sample_49,0.0296306817711133,171,2.23552844690755,Sample_100_GSE109887
scPAS,Positive,Neg_ctrl_Sample_50,0.00013017095163517,171,2.23552844690755,Sample_100_GSE109887
scPAS,Positive,Neg_ctrl_Sample_51,-0.0173148247894037,171,2.23552844690755,Sample_100_GSE109887
scPAS,Positive,Neg_ctrl_Sample_52,0.224944678361798,171,2.23552844690755,Sample_100_GSE109887
scPAS,Positive,Neg_ctrl_Sample_53,-0.19572799688132,171,2.23552844690755,Sample_100_GSE109887
scPAS,Positive,Neg_ctrl_Sample_54,-0.00323682909973809,171,2.23552844690755,Sample_100_GSE109887
scPAS,Positive,Neg_ctrl_Sample_55,0.173793469881939,171,2.23552844690755,Sample_100_GSE109887
scPAS,Positive,Neg_ctrl_Sample_56,0.0236629127388761,171,2.23552844690755,Sample_100_GSE109887
scPAS,Positive,Neg_ctrl_Sample_57,0.126988650101661,171,2.23552844690755,Sample_100_GSE109887
scPAS,Positive,Neg_ctrl_Sample_58,0.0244364165324872,171,2.23552844690755,Sample_100_GSE109887
scPAS,Positive,Neg_ctrl_Sample_59,-0.0770738973686373,171,2.23552844690755,Sample_100_GSE109887
scPAS,Positive,Neg_ctrl_Sample_60,-0.079785612170113,171,2.23552844690755,Sample_100_GSE109887
scPAS,Positive,Neg_ctrl_Sample_61,-0.0978249297508668,171,2.23552844690755,Sample_100_GSE109887
scPAS,Positive,Neg_ctrl_Sample_62,-0.0981791366195352,171,2.23552844690755,Sample_100_GSE109887
scPAS,Positive,Neg_ctrl_Sample_63,-0.106592535005295,171,2.23552844690755,Sample_100_GSE109887
scPAS,Positive,Neg_ctrl_Sample_64,0.0183807843479907,171,2.23552844690755,Sample_100_GSE109887
scPAS,Positive,Neg_ctrl_Sample_65,0.0436551822456009,171,2.23552844690755,Sample_100_GSE109887
scPAS,Positive,Neg_ctrl_Sample_66,-0.168512445719696,171,2.23552844690755,Sample_100_GSE109887
scPAS,Positive,Neg_ctrl_Sample_67,-0.144407152336233,171,2.23552844690755,Sample_100_GSE109887
scPAS,Positive,Neg_ctrl_Sample_68,-0.105528554630741,171,2.23552844690755,Sample_100_GSE109887
scPAS,Positive,Neg_ctrl_Sample_69,0.0222267045291443,171,2.23552844690755,Sample_100_GSE109887
scPAS,Positive,Neg_ctrl_Sample_70,-0.222703544061376,171,2.23552844690755,Sample_100_GSE109887
scPAS,Positive,Neg_ctrl_Sample_71,-0.0575871890907763,171,2.23552844690755,Sample_100_GSE109887
scPAS,Positive,Neg_ctrl_Sample_72,-0.140080464627719,171,2.23552844690755,Sample_100_GSE109887
scPAS,Positive,Neg_ctrl_Sample_73,0.0278817779603091,171,2.23552844690755,Sample_100_GSE109887
scPAS,Positive,Neg_ctrl_Sample_74,0.0259366923939163,171,2.23552844690755,Sample_100_GSE109887
scPAS,Positive,Neg_ctrl_Sample_75,0.0624047312774037,171,2.23552844690755,Sample_100_GSE109887
scPAS,Positive,Neg_ctrl_Sample_76,0.112293327537071,171,2.23552844690755,Sample_100_GSE109887
scPAS,Positive,Neg_ctrl_Sample_77,-0.141596014988962,171,2.23552844690755,Sample_100_GSE109887
scPAS,Positive,Neg_ctrl_Sample_78,0.0659852539169673,171,2.23552844690755,Sample_100_GSE109887
scPAS,Positive,Neg_ctrl_Sample_79,0.220353253212443,171,2.23552844690755,Sample_100_GSE109887
scPAS,Positive,Neg_ctrl_Sample_80,-0.0468315244072968,171,2.23552844690755,Sample_100_GSE109887
scPAS,Positive,Neg_ctrl_Sample_81,-0.267606242840944,171,2.23552844690755,Sample_100_GSE109887
scPAS,Positive,Neg_ctrl_Sample_82,0.00319787559175205,171,2.23552844690755,Sample_100_GSE109887
scPAS,Positive,Neg_ctrl_Sample_83,0.0998188774245425,171,2.23552844690755,Sample_100_GSE109887
scPAS,Positive,Neg_ctrl_Sample_84,0.0962886098738783,171,2.23552844690755,Sample_100_GSE109887
scPAS,Positive,Neg_ctrl_Sample_85,-0.165414748175333,171,2.23552844690755,Sample_100_GSE109887
scPAS,Positive,Neg_ctrl_Sample_86,-0.13226297835521,171,2.23552844690755,Sample_100_GSE109887
scPAS,Positive,Neg_ctrl_Sample_87,0.072528952364775,171,2.23552844690755,Sample_100_GSE109887
scPAS,Positive,Neg_ctrl_Sample_88,-0.116178428382235,171,2.23552844690755,Sample_100_GSE109887
scPAS,Positive,Neg_ctrl_Sample_89,0.0290356260674462,171,2.23552844690755,Sample_100_GSE109887
scPAS,Positive,Neg_ctrl_Sample_90,-0.111729001922773,171,2.23552844690755,Sample_100_GSE109887
scPAS,Positive,Neg_ctrl_Sample_91,0.0109564828207456,171,2.23552844690755,Sample_100_GSE109887
scPAS,Positive,Neg_ctrl_Sample_92,0.305355349831783,171,2.23552844690755,Sample_100_GSE109887
scPAS,Positive,Neg_ctrl_Sample_93,0.0519081952470999,171,2.23552844690755,Sample_100_GSE109887
scPAS,Positive,Neg_ctrl_Sample_94,0.143111697368009,171,2.23552844690755,Sample_100_GSE109887
scPAS,Positive,Neg_ctrl_Sample_95,0.0257426545877799,171,2.23552844690755,Sample_100_GSE109887
scPAS,Positive,Neg_ctrl_Sample_96,-0.144872011391697,171,2.23552844690755,Sample_100_GSE109887
scPAS,Positive,Neg_ctrl_Sample_97,-0.0359122093446813,171,2.23552844690755,Sample_100_GSE109887
scPAS,Positive,Neg_ctrl_Sample_98,0.123066858790802,171,2.23552844690755,Sample_100_GSE109887
scPAS,Positive,Neg_ctrl_Sample_99,-0.0674247924274316,171,2.23552844690755,Sample_100_GSE109887
scPAS,Positive,Neg_ctrl_Sample_100,0.0433065848212731,171,2.23552844690755,Sample_100_GSE109887
scPP,Negative,Neg_ctrl_Sample_1,0.114636671884949,1020,3.00902574208691,Sample_100_GSE109887
scPP,Negative,Neg_ctrl_Sample_2,0.113133681941412,1020,3.00902574208691,Sample_100_GSE109887
scPP,Negative,Neg_ctrl_Sample_3,0.195664930859928,1020,3.00902574208691,Sample_100_GSE109887
scPP,Negative,Neg_ctrl_Sample_4,-0.0165996801194975,1020,3.00902574208691,Sample_100_GSE109887
scPP,Negative,Neg_ctrl_Sample_5,0.0419047785595859,1020,3.00902574208691,Sample_100_GSE109887
scPP,Negative,Neg_ctrl_Sample_6,0.00500827072644708,1020,3.00902574208691,Sample_100_GSE109887
scPP,Negative,Neg_ctrl_Sample_7,-0.0585312862941217,1020,3.00902574208691,Sample_100_GSE109887
scPP,Negative,Neg_ctrl_Sample_8,-0.0528570088151762,1020,3.00902574208691,Sample_100_GSE109887
scPP,Negative,Neg_ctrl_Sample_9,-0.0974408956609939,1020,3.00902574208691,Sample_100_GSE109887
scPP,Negative,Neg_ctrl_Sample_10,0.0211663947780391,1020,3.00902574208691,Sample_100_GSE109887
scPP,Negative,Neg_ctrl_Sample_11,0.0294577607852206,1020,3.00902574208691,Sample_100_GSE109887
scPP,Negative,Neg_ctrl_Sample_12,0.0801156934452423,1020,3.00902574208691,Sample_100_GSE109887
scPP,Negative,Neg_ctrl_Sample_13,0.00596483635397292,1020,3.00902574208691,Sample_100_GSE109887
scPP,Negative,Neg_ctrl_Sample_14,0.0784127609147764,1020,3.00902574208691,Sample_100_GSE109887
scPP,Negative,Neg_ctrl_Sample_15,0.010244082316277,1020,3.00902574208691,Sample_100_GSE109887
scPP,Negative,Neg_ctrl_Sample_16,-0.0970618472026287,1020,3.00902574208691,Sample_100_GSE109887
scPP,Negative,Neg_ctrl_Sample_17,-1.96134042890867e-05,1020,3.00902574208691,Sample_100_GSE109887
scPP,Negative,Neg_ctrl_Sample_18,-0.0815241300911202,1020,3.00902574208691,Sample_100_GSE109887
scPP,Negative,Neg_ctrl_Sample_19,-0.106045552619128,1020,3.00902574208691,Sample_100_GSE109887
scPP,Negative,Neg_ctrl_Sample_20,-0.0319136320392426,1020,3.00902574208691,Sample_100_GSE109887
scPP,Negative,Neg_ctrl_Sample_21,-0.179705980739302,1020,3.00902574208691,Sample_100_GSE109887
scPP,Negative,Neg_ctrl_Sample_22,-0.0173565120605992,1020,3.00902574208691,Sample_100_GSE109887
scPP,Negative,Neg_ctrl_Sample_23,0.070120018131987,1020,3.00902574208691,Sample_100_GSE109887
scPP,Negative,Neg_ctrl_Sample_24,-0.0684042062199355,1020,3.00902574208691,Sample_100_GSE109887
scPP,Negative,Neg_ctrl_Sample_25,-0.038634397122686,1020,3.00902574208691,Sample_100_GSE109887
scPP,Negative,Neg_ctrl_Sample_26,-0.124364771591098,1020,3.00902574208691,Sample_100_GSE109887
scPP,Negative,Neg_ctrl_Sample_27,0.236583326969961,1020,3.00902574208691,Sample_100_GSE109887
scPP,Negative,Neg_ctrl_Sample_28,-0.00596718734211418,1020,3.00902574208691,Sample_100_GSE109887
scPP,Negative,Neg_ctrl_Sample_29,0.0728524800738878,1020,3.00902574208691,Sample_100_GSE109887
scPP,Negative,Neg_ctrl_Sample_30,0.0455192829875189,1020,3.00902574208691,Sample_100_GSE109887
scPP,Negative,Neg_ctrl_Sample_31,0.0179072088727903,1020,3.00902574208691,Sample_100_GSE109887
scPP,Negative,Neg_ctrl_Sample_32,-0.110187105855197,1020,3.00902574208691,Sample_100_GSE109887
scPP,Negative,Neg_ctrl_Sample_33,0.00733854228729474,1020,3.00902574208691,Sample_100_GSE109887
scPP,Negative,Neg_ctrl_Sample_34,0.159671436843907,1020,3.00902574208691,Sample_100_GSE109887
scPP,Negative,Neg_ctrl_Sample_35,0.0267296803813165,1020,3.00902574208691,Sample_100_GSE109887
scPP,Negative,Neg_ctrl_Sample_36,-0.037624859723685,1020,3.00902574208691,Sample_100_GSE109887
scPP,Negative,Neg_ctrl_Sample_37,0.157517423607785,1020,3.00902574208691,Sample_100_GSE109887
scPP,Negative,Neg_ctrl_Sample_38,0.115728013421565,1020,3.00902574208691,Sample_100_GSE109887
scPP,Negative,Neg_ctrl_Sample_39,-0.00752988864939386,1020,3.00902574208691,Sample_100_GSE109887
scPP,Negative,Neg_ctrl_Sample_40,-0.167035194433599,1020,3.00902574208691,Sample_100_GSE109887
scPP,Negative,Neg_ctrl_Sample_41,-0.0305932642670527,1020,3.00902574208691,Sample_100_GSE109887
scPP,Negative,Neg_ctrl_Sample_42,0.145061754210037,1020,3.00902574208691,Sample_100_GSE109887
scPP,Negative,Neg_ctrl_Sample_43,0.243895508403007,1020,3.00902574208691,Sample_100_GSE109887
scPP,Negative,Neg_ctrl_Sample_44,0.0507234035429698,1020,3.00902574208691,Sample_100_GSE109887
scPP,Negative,Neg_ctrl_Sample_45,0.0576878326206332,1020,3.00902574208691,Sample_100_GSE109887
scPP,Negative,Neg_ctrl_Sample_46,0.135665882826119,1020,3.00902574208691,Sample_100_GSE109887
scPP,Negative,Neg_ctrl_Sample_47,0.14055845174198,1020,3.00902574208691,Sample_100_GSE109887
scPP,Negative,Neg_ctrl_Sample_48,0.0335168647766694,1020,3.00902574208691,Sample_100_GSE109887
scPP,Negative,Neg_ctrl_Sample_49,0.0381341104692546,1020,3.00902574208691,Sample_100_GSE109887
scPP,Negative,Neg_ctrl_Sample_50,-0.00201904105877905,1020,3.00902574208691,Sample_100_GSE109887
scPP,Negative,Neg_ctrl_Sample_51,-0.0139100613190228,1020,3.00902574208691,Sample_100_GSE109887
scPP,Negative,Neg_ctrl_Sample_52,0.225666156813354,1020,3.00902574208691,Sample_100_GSE109887
scPP,Negative,Neg_ctrl_Sample_53,-0.169410391565382,1020,3.00902574208691,Sample_100_GSE109887
scPP,Negative,Neg_ctrl_Sample_54,0.025555385453634,1020,3.00902574208691,Sample_100_GSE109887
scPP,Negative,Neg_ctrl_Sample_55,0.167609610137778,1020,3.00902574208691,Sample_100_GSE109887
scPP,Negative,Neg_ctrl_Sample_56,0.0184802309070606,1020,3.00902574208691,Sample_100_GSE109887
scPP,Negative,Neg_ctrl_Sample_57,0.14256037836641,1020,3.00902574208691,Sample_100_GSE109887
scPP,Negative,Neg_ctrl_Sample_58,0.0197716754783807,1020,3.00902574208691,Sample_100_GSE109887
scPP,Negative,Neg_ctrl_Sample_59,-0.0382605266723756,1020,3.00902574208691,Sample_100_GSE109887
scPP,Negative,Neg_ctrl_Sample_60,-0.0768605952360079,1020,3.00902574208691,Sample_100_GSE109887
scPP,Negative,Neg_ctrl_Sample_61,-0.0944015832191088,1020,3.00902574208691,Sample_100_GSE109887
scPP,Negative,Neg_ctrl_Sample_62,-0.0847974235704094,1020,3.00902574208691,Sample_100_GSE109887
scPP,Negative,Neg_ctrl_Sample_63,-0.0839857143351214,1020,3.00902574208691,Sample_100_GSE109887
scPP,Negative,Neg_ctrl_Sample_64,0.0351329211568104,1020,3.00902574208691,Sample_100_GSE109887
scPP,Negative,Neg_ctrl_Sample_65,0.0379500292624549,1020,3.00902574208691,Sample_100_GSE109887
scPP,Negative,Neg_ctrl_Sample_66,-0.1757536899824,1020,3.00902574208691,Sample_100_GSE109887
scPP,Negative,Neg_ctrl_Sample_67,-0.124550877261764,1020,3.00902574208691,Sample_100_GSE109887
scPP,Negative,Neg_ctrl_Sample_68,-0.130334087577035,1020,3.00902574208691,Sample_100_GSE109887
scPP,Negative,Neg_ctrl_Sample_69,0.0655874755691362,1020,3.00902574208691,Sample_100_GSE109887
scPP,Negative,Neg_ctrl_Sample_70,-0.162106326473579,1020,3.00902574208691,Sample_100_GSE109887
scPP,Negative,Neg_ctrl_Sample_71,-0.0543971105019353,1020,3.00902574208691,Sample_100_GSE109887
scPP,Negative,Neg_ctrl_Sample_72,-0.0766991233017494,1020,3.00902574208691,Sample_100_GSE109887
scPP,Negative,Neg_ctrl_Sample_73,0.0426421966219168,1020,3.00902574208691,Sample_100_GSE109887
scPP,Negative,Neg_ctrl_Sample_74,0.0473389579112842,1020,3.00902574208691,Sample_100_GSE109887
scPP,Negative,Neg_ctrl_Sample_75,0.0590846911825069,1020,3.00902574208691,Sample_100_GSE109887
scPP,Negative,Neg_ctrl_Sample_76,0.107453419859657,1020,3.00902574208691,Sample_100_GSE109887
scPP,Negative,Neg_ctrl_Sample_77,-0.119888934152726,1020,3.00902574208691,Sample_100_GSE109887
scPP,Negative,Neg_ctrl_Sample_78,0.054300357355645,1020,3.00902574208691,Sample_100_GSE109887
scPP,Negative,Neg_ctrl_Sample_79,0.2198946421983,1020,3.00902574208691,Sample_100_GSE109887
scPP,Negative,Neg_ctrl_Sample_80,-0.0538225669349243,1020,3.00902574208691,Sample_100_GSE109887
scPP,Negative,Neg_ctrl_Sample_81,-0.256619408199295,1020,3.00902574208691,Sample_100_GSE109887
scPP,Negative,Neg_ctrl_Sample_82,-4.94992921304452e-06,1020,3.00902574208691,Sample_100_GSE109887
scPP,Negative,Neg_ctrl_Sample_83,0.0880916227062588,1020,3.00902574208691,Sample_100_GSE109887
scPP,Negative,Neg_ctrl_Sample_84,0.123910725474356,1020,3.00902574208691,Sample_100_GSE109887
scPP,Negative,Neg_ctrl_Sample_85,-0.155431607919154,1020,3.00902574208691,Sample_100_GSE109887
scPP,Negative,Neg_ctrl_Sample_86,-0.112378122449902,1020,3.00902574208691,Sample_100_GSE109887
scPP,Negative,Neg_ctrl_Sample_87,0.0514759366095679,1020,3.00902574208691,Sample_100_GSE109887
scPP,Negative,Neg_ctrl_Sample_88,-0.103395067289,1020,3.00902574208691,Sample_100_GSE109887
scPP,Negative,Neg_ctrl_Sample_89,0.0280080830288995,1020,3.00902574208691,Sample_100_GSE109887
scPP,Negative,Neg_ctrl_Sample_90,-0.0908239754207601,1020,3.00902574208691,Sample_100_GSE109887
scPP,Negative,Neg_ctrl_Sample_91,0.0317631926990881,1020,3.00902574208691,Sample_100_GSE109887
scPP,Negative,Neg_ctrl_Sample_92,0.317157671700705,1020,3.00902574208691,Sample_100_GSE109887
scPP,Negative,Neg_ctrl_Sample_93,0.0424523708720237,1020,3.00902574208691,Sample_100_GSE109887
scPP,Negative,Neg_ctrl_Sample_94,0.125839069456076,1020,3.00902574208691,Sample_100_GSE109887
scPP,Negative,Neg_ctrl_Sample_95,0.0205604742038614,1020,3.00902574208691,Sample_100_GSE109887
scPP,Negative,Neg_ctrl_Sample_96,-0.119219859214634,1020,3.00902574208691,Sample_100_GSE109887
scPP,Negative,Neg_ctrl_Sample_97,-0.0340281781120593,1020,3.00902574208691,Sample_100_GSE109887
scPP,Negative,Neg_ctrl_Sample_98,0.128505160752829,1020,3.00902574208691,Sample_100_GSE109887
scPP,Negative,Neg_ctrl_Sample_99,-0.0511032127318955,1020,3.00902574208691,Sample_100_GSE109887
scPP,Negative,Neg_ctrl_Sample_100,0.0590729785968728,1020,3.00902574208691,Sample_100_GSE109887
scPP,Neutral,Neg_ctrl_Sample_1,0.103344565651688,11096,4.04520558603506,Sample_100_GSE109887
scPP,Neutral,Neg_ctrl_Sample_2,0.0810010927472184,11096,4.04520558603506,Sample_100_GSE109887
scPP,Neutral,Neg_ctrl_Sample_3,0.184358325823333,11096,4.04520558603506,Sample_100_GSE109887
scPP,Neutral,Neg_ctrl_Sample_4,6.59047877144102e-05,11096,4.04520558603506,Sample_100_GSE109887
scPP,Neutral,Neg_ctrl_Sample_5,-0.00655861281291133,11096,4.04520558603506,Sample_100_GSE109887
scPP,Neutral,Neg_ctrl_Sample_6,0.0200232289302198,11096,4.04520558603506,Sample_100_GSE109887
scPP,Neutral,Neg_ctrl_Sample_7,-0.0538631105423788,11096,4.04520558603506,Sample_100_GSE109887
scPP,Neutral,Neg_ctrl_Sample_8,-0.0539915021060249,11096,4.04520558603506,Sample_100_GSE109887
scPP,Neutral,Neg_ctrl_Sample_9,-0.108661268518196,11096,4.04520558603506,Sample_100_GSE109887
scPP,Neutral,Neg_ctrl_Sample_10,0.0471990060768197,11096,4.04520558603506,Sample_100_GSE109887
scPP,Neutral,Neg_ctrl_Sample_11,0.0341887873643741,11096,4.04520558603506,Sample_100_GSE109887
scPP,Neutral,Neg_ctrl_Sample_12,0.0746320505662096,11096,4.04520558603506,Sample_100_GSE109887
scPP,Neutral,Neg_ctrl_Sample_13,0.0117353646713631,11096,4.04520558603506,Sample_100_GSE109887
scPP,Neutral,Neg_ctrl_Sample_14,0.074685308109011,11096,4.04520558603506,Sample_100_GSE109887
scPP,Neutral,Neg_ctrl_Sample_15,-0.0214299690211864,11096,4.04520558603506,Sample_100_GSE109887
scPP,Neutral,Neg_ctrl_Sample_16,-0.117240861757356,11096,4.04520558603506,Sample_100_GSE109887
scPP,Neutral,Neg_ctrl_Sample_17,-0.00215668009533136,11096,4.04520558603506,Sample_100_GSE109887
scPP,Neutral,Neg_ctrl_Sample_18,-0.0774152345398483,11096,4.04520558603506,Sample_100_GSE109887
scPP,Neutral,Neg_ctrl_Sample_19,-0.18329223584817,11096,4.04520558603506,Sample_100_GSE109887
scPP,Neutral,Neg_ctrl_Sample_20,-0.025833321034979,11096,4.04520558603506,Sample_100_GSE109887
scPP,Neutral,Neg_ctrl_Sample_21,-0.168638995164293,11096,4.04520558603506,Sample_100_GSE109887
scPP,Neutral,Neg_ctrl_Sample_22,-0.0329448345311729,11096,4.04520558603506,Sample_100_GSE109887
scPP,Neutral,Neg_ctrl_Sample_23,0.0599380240915271,11096,4.04520558603506,Sample_100_GSE109887
scPP,Neutral,Neg_ctrl_Sample_24,-0.066446704377747,11096,4.04520558603506,Sample_100_GSE109887
scPP,Neutral,Neg_ctrl_Sample_25,-0.0380174419439338,11096,4.04520558603506,Sample_100_GSE109887
scPP,Neutral,Neg_ctrl_Sample_26,-0.122296565307851,11096,4.04520558603506,Sample_100_GSE109887
scPP,Neutral,Neg_ctrl_Sample_27,0.248220522301906,11096,4.04520558603506,Sample_100_GSE109887
scPP,Neutral,Neg_ctrl_Sample_28,-0.00844454922049183,11096,4.04520558603506,Sample_100_GSE109887
scPP,Neutral,Neg_ctrl_Sample_29,0.071956576245958,11096,4.04520558603506,Sample_100_GSE109887
scPP,Neutral,Neg_ctrl_Sample_30,0.0523913774645699,11096,4.04520558603506,Sample_100_GSE109887
scPP,Neutral,Neg_ctrl_Sample_31,0.017656149332755,11096,4.04520558603506,Sample_100_GSE109887
scPP,Neutral,Neg_ctrl_Sample_32,-0.11017889605542,11096,4.04520558603506,Sample_100_GSE109887
scPP,Neutral,Neg_ctrl_Sample_33,0.0228412372790843,11096,4.04520558603506,Sample_100_GSE109887
scPP,Neutral,Neg_ctrl_Sample_34,0.1496824403334,11096,4.04520558603506,Sample_100_GSE109887
scPP,Neutral,Neg_ctrl_Sample_35,0.00618961289993467,11096,4.04520558603506,Sample_100_GSE109887
scPP,Neutral,Neg_ctrl_Sample_36,-0.0541586787886687,11096,4.04520558603506,Sample_100_GSE109887
scPP,Neutral,Neg_ctrl_Sample_37,0.185461493388068,11096,4.04520558603506,Sample_100_GSE109887
scPP,Neutral,Neg_ctrl_Sample_38,0.131911316445779,11096,4.04520558603506,Sample_100_GSE109887
scPP,Neutral,Neg_ctrl_Sample_39,-0.0256550905694831,11096,4.04520558603506,Sample_100_GSE109887
scPP,Neutral,Neg_ctrl_Sample_40,-0.177631022910868,11096,4.04520558603506,Sample_100_GSE109887
scPP,Neutral,Neg_ctrl_Sample_41,-0.0453712875515148,11096,4.04520558603506,Sample_100_GSE109887
scPP,Neutral,Neg_ctrl_Sample_42,0.14830437143792,11096,4.04520558603506,Sample_100_GSE109887
scPP,Neutral,Neg_ctrl_Sample_43,0.250510077272154,11096,4.04520558603506,Sample_100_GSE109887
scPP,Neutral,Neg_ctrl_Sample_44,0.0468089424965817,11096,4.04520558603506,Sample_100_GSE109887
scPP,Neutral,Neg_ctrl_Sample_45,0.0100001593527142,11096,4.04520558603506,Sample_100_GSE109887
scPP,Neutral,Neg_ctrl_Sample_46,0.118643224781435,11096,4.04520558603506,Sample_100_GSE109887
scPP,Neutral,Neg_ctrl_Sample_47,0.145765965262529,11096,4.04520558603506,Sample_100_GSE109887
scPP,Neutral,Neg_ctrl_Sample_48,-0.00143950210400082,11096,4.04520558603506,Sample_100_GSE109887
scPP,Neutral,Neg_ctrl_Sample_49,0.0370988759540607,11096,4.04520558603506,Sample_100_GSE109887
scPP,Neutral,Neg_ctrl_Sample_50,-0.0149415818064166,11096,4.04520558603506,Sample_100_GSE109887
scPP,Neutral,Neg_ctrl_Sample_51,-0.0228746836632131,11096,4.04520558603506,Sample_100_GSE109887
scPP,Neutral,Neg_ctrl_Sample_52,0.217873352995331,11096,4.04520558603506,Sample_100_GSE109887
scPP,Neutral,Neg_ctrl_Sample_53,-0.191414755021158,11096,4.04520558603506,Sample_100_GSE109887
scPP,Neutral,Neg_ctrl_Sample_54,-0.00718664837320957,11096,4.04520558603506,Sample_100_GSE109887
scPP,Neutral,Neg_ctrl_Sample_55,0.174570459027092,11096,4.04520558603506,Sample_100_GSE109887
scPP,Neutral,Neg_ctrl_Sample_56,0.0262228609961607,11096,4.04520558603506,Sample_100_GSE109887
scPP,Neutral,Neg_ctrl_Sample_57,0.11740466564806,11096,4.04520558603506,Sample_100_GSE109887
scPP,Neutral,Neg_ctrl_Sample_58,0.0262068575170227,11096,4.04520558603506,Sample_100_GSE109887
scPP,Neutral,Neg_ctrl_Sample_59,-0.0605082524236509,11096,4.04520558603506,Sample_100_GSE109887
scPP,Neutral,Neg_ctrl_Sample_60,-0.0972865532950252,11096,4.04520558603506,Sample_100_GSE109887
scPP,Neutral,Neg_ctrl_Sample_61,-0.100425605354381,11096,4.04520558603506,Sample_100_GSE109887
scPP,Neutral,Neg_ctrl_Sample_62,-0.0908939745677293,11096,4.04520558603506,Sample_100_GSE109887
scPP,Neutral,Neg_ctrl_Sample_63,-0.0728209000462581,11096,4.04520558603506,Sample_100_GSE109887
scPP,Neutral,Neg_ctrl_Sample_64,0.0422194789444813,11096,4.04520558603506,Sample_100_GSE109887
scPP,Neutral,Neg_ctrl_Sample_65,0.041839212350523,11096,4.04520558603506,Sample_100_GSE109887
scPP,Neutral,Neg_ctrl_Sample_66,-0.171355291207308,11096,4.04520558603506,Sample_100_GSE109887
scPP,Neutral,Neg_ctrl_Sample_67,-0.151334490884979,11096,4.04520558603506,Sample_100_GSE109887
scPP,Neutral,Neg_ctrl_Sample_68,-0.147830276251925,11096,4.04520558603506,Sample_100_GSE109887
scPP,Neutral,Neg_ctrl_Sample_69,0.0430859304106192,11096,4.04520558603506,Sample_100_GSE109887
scPP,Neutral,Neg_ctrl_Sample_70,-0.188767786791234,11096,4.04520558603506,Sample_100_GSE109887
scPP,Neutral,Neg_ctrl_Sample_71,-0.0587660306526633,11096,4.04520558603506,Sample_100_GSE109887
scPP,Neutral,Neg_ctrl_Sample_72,-0.107778637300181,11096,4.04520558603506,Sample_100_GSE109887
scPP,Neutral,Neg_ctrl_Sample_73,0.0451411033093037,11096,4.04520558603506,Sample_100_GSE109887
scPP,Neutral,Neg_ctrl_Sample_74,0.0453259133268099,11096,4.04520558603506,Sample_100_GSE109887
scPP,Neutral,Neg_ctrl_Sample_75,0.0539971410278322,11096,4.04520558603506,Sample_100_GSE109887
scPP,Neutral,Neg_ctrl_Sample_76,0.12278487091541,11096,4.04520558603506,Sample_100_GSE109887
scPP,Neutral,Neg_ctrl_Sample_77,-0.13537882030055,11096,4.04520558603506,Sample_100_GSE109887
scPP,Neutral,Neg_ctrl_Sample_78,0.0667423336873694,11096,4.04520558603506,Sample_100_GSE109887
scPP,Neutral,Neg_ctrl_Sample_79,0.219978991061569,11096,4.04520558603506,Sample_100_GSE109887
scPP,Neutral,Neg_ctrl_Sample_80,-0.0528745500846976,11096,4.04520558603506,Sample_100_GSE109887
scPP,Neutral,Neg_ctrl_Sample_81,-0.247719477843378,11096,4.04520558603506,Sample_100_GSE109887
scPP,Neutral,Neg_ctrl_Sample_82,0.0053466951983795,11096,4.04520558603506,Sample_100_GSE109887
scPP,Neutral,Neg_ctrl_Sample_83,0.0966926405495689,11096,4.04520558603506,Sample_100_GSE109887
scPP,Neutral,Neg_ctrl_Sample_84,0.106711416819887,11096,4.04520558603506,Sample_100_GSE109887
scPP,Neutral,Neg_ctrl_Sample_85,-0.163336312472029,11096,4.04520558603506,Sample_100_GSE109887
scPP,Neutral,Neg_ctrl_Sample_86,-0.129714278873606,11096,4.04520558603506,Sample_100_GSE109887
scPP,Neutral,Neg_ctrl_Sample_87,0.0614726130560841,11096,4.04520558603506,Sample_100_GSE109887
scPP,Neutral,Neg_ctrl_Sample_88,-0.102489931368247,11096,4.04520558603506,Sample_100_GSE109887
scPP,Neutral,Neg_ctrl_Sample_89,0.0353728469902877,11096,4.04520558603506,Sample_100_GSE109887
scPP,Neutral,Neg_ctrl_Sample_90,-0.111410607799293,11096,4.04520558603506,Sample_100_GSE109887
scPP,Neutral,Neg_ctrl_Sample_91,0.0315037286655349,11096,4.04520558603506,Sample_100_GSE109887
scPP,Neutral,Neg_ctrl_Sample_92,0.313464604750534,11096,4.04520558603506,Sample_100_GSE109887
scPP,Neutral,Neg_ctrl_Sample_93,0.0621754246968637,11096,4.04520558603506,Sample_100_GSE109887
scPP,Neutral,Neg_ctrl_Sample_94,0.143318612636376,11096,4.04520558603506,Sample_100_GSE109887
scPP,Neutral,Neg_ctrl_Sample_95,0.0200046973566685,11096,4.04520558603506,Sample_100_GSE109887
scPP,Neutral,Neg_ctrl_Sample_96,-0.0971978004180754,11096,4.04520558603506,Sample_100_GSE109887
scPP,Neutral,Neg_ctrl_Sample_97,-0.0318376318237489,11096,4.04520558603506,Sample_100_GSE109887
scPP,Neutral,Neg_ctrl_Sample_98,0.113613601792662,11096,4.04520558603506,Sample_100_GSE109887
scPP,Neutral,Neg_ctrl_Sample_99,-0.0790711272651151,11096,4.04520558603506,Sample_100_GSE109887
scPP,Neutral,Neg_ctrl_Sample_100,0.0639734418295829,11096,4.04520558603506,Sample_100_GSE109887
scPP,Positive,Neg_ctrl_Sample_1,0.0992848374410065,693,2.84135947045486,Sample_100_GSE109887
scPP,Positive,Neg_ctrl_Sample_2,0.0625132886914441,693,2.84135947045486,Sample_100_GSE109887
scPP,Positive,Neg_ctrl_Sample_3,0.185658562060527,693,2.84135947045486,Sample_100_GSE109887
scPP,Positive,Neg_ctrl_Sample_4,-0.0189098207570396,693,2.84135947045486,Sample_100_GSE109887
scPP,Positive,Neg_ctrl_Sample_5,-0.0169942675234047,693,2.84135947045486,Sample_100_GSE109887
scPP,Positive,Neg_ctrl_Sample_6,0.0250785624840959,693,2.84135947045486,Sample_100_GSE109887
scPP,Positive,Neg_ctrl_Sample_7,-0.0592209725978714,693,2.84135947045486,Sample_100_GSE109887
scPP,Positive,Neg_ctrl_Sample_8,-0.0828172104968882,693,2.84135947045486,Sample_100_GSE109887
scPP,Positive,Neg_ctrl_Sample_9,-0.0923924365916359,693,2.84135947045486,Sample_100_GSE109887
scPP,Positive,Neg_ctrl_Sample_10,0.0477647017968642,693,2.84135947045486,Sample_100_GSE109887
scPP,Positive,Neg_ctrl_Sample_11,0.0347232202444991,693,2.84135947045486,Sample_100_GSE109887
scPP,Positive,Neg_ctrl_Sample_12,0.0708912944118816,693,2.84135947045486,Sample_100_GSE109887
scPP,Positive,Neg_ctrl_Sample_13,0.00242930347522148,693,2.84135947045486,Sample_100_GSE109887
scPP,Positive,Neg_ctrl_Sample_14,0.0634443687616514,693,2.84135947045486,Sample_100_GSE109887
scPP,Positive,Neg_ctrl_Sample_15,-0.0178255774699233,693,2.84135947045486,Sample_100_GSE109887
scPP,Positive,Neg_ctrl_Sample_16,-0.0790281924886884,693,2.84135947045486,Sample_100_GSE109887
scPP,Positive,Neg_ctrl_Sample_17,-0.00580968456356404,693,2.84135947045486,Sample_100_GSE109887
scPP,Positive,Neg_ctrl_Sample_18,-0.0804183407565439,693,2.84135947045486,Sample_100_GSE109887
scPP,Positive,Neg_ctrl_Sample_19,-0.183911049583302,693,2.84135947045486,Sample_100_GSE109887
scPP,Positive,Neg_ctrl_Sample_20,0.00179801019772391,693,2.84135947045486,Sample_100_GSE109887
scPP,Positive,Neg_ctrl_Sample_21,-0.119683479640221,693,2.84135947045486,Sample_100_GSE109887
scPP,Positive,Neg_ctrl_Sample_22,-0.0340783503430872,693,2.84135947045486,Sample_100_GSE109887
scPP,Positive,Neg_ctrl_Sample_23,0.0454523538041325,693,2.84135947045486,Sample_100_GSE109887
scPP,Positive,Neg_ctrl_Sample_24,-0.0496853814470294,693,2.84135947045486,Sample_100_GSE109887
scPP,Positive,Neg_ctrl_Sample_25,-0.00575996226974637,693,2.84135947045486,Sample_100_GSE109887
scPP,Positive,Neg_ctrl_Sample_26,-0.0938735296010687,693,2.84135947045486,Sample_100_GSE109887
scPP,Positive,Neg_ctrl_Sample_27,0.238234642023056,693,2.84135947045486,Sample_100_GSE109887
scPP,Positive,Neg_ctrl_Sample_28,-0.00901039468409123,693,2.84135947045486,Sample_100_GSE109887
scPP,Positive,Neg_ctrl_Sample_29,0.0958290133180796,693,2.84135947045486,Sample_100_GSE109887
scPP,Positive,Neg_ctrl_Sample_30,0.0319108038164554,693,2.84135947045486,Sample_100_GSE109887
scPP,Positive,Neg_ctrl_Sample_31,0.0402154820732878,693,2.84135947045486,Sample_100_GSE109887
scPP,Positive,Neg_ctrl_Sample_32,-0.0829775327779953,693,2.84135947045486,Sample_100_GSE109887
scPP,Positive,Neg_ctrl_Sample_33,0.0322716782500013,693,2.84135947045486,Sample_100_GSE109887
scPP,Positive,Neg_ctrl_Sample_34,0.134531180315171,693,2.84135947045486,Sample_100_GSE109887
scPP,Positive,Neg_ctrl_Sample_35,0.0019320967301166,693,2.84135947045486,Sample_100_GSE109887
scPP,Positive,Neg_ctrl_Sample_36,-0.0261981567059444,693,2.84135947045486,Sample_100_GSE109887
scPP,Positive,Neg_ctrl_Sample_37,0.174251619657267,693,2.84135947045486,Sample_100_GSE109887
scPP,Positive,Neg_ctrl_Sample_38,0.150417531458717,693,2.84135947045486,Sample_100_GSE109887
scPP,Positive,Neg_ctrl_Sample_39,-0.0190830589030128,693,2.84135947045486,Sample_100_GSE109887
scPP,Positive,Neg_ctrl_Sample_40,-0.156195939790757,693,2.84135947045486,Sample_100_GSE109887
scPP,Positive,Neg_ctrl_Sample_41,-0.0376239725433919,693,2.84135947045486,Sample_100_GSE109887
scPP,Positive,Neg_ctrl_Sample_42,0.139615301799111,693,2.84135947045486,Sample_100_GSE109887
scPP,Positive,Neg_ctrl_Sample_43,0.23690607006127,693,2.84135947045486,Sample_100_GSE109887
scPP,Positive,Neg_ctrl_Sample_44,0.0627502615663838,693,2.84135947045486,Sample_100_GSE109887
scPP,Positive,Neg_ctrl_Sample_45,0.049873301041343,693,2.84135947045486,Sample_100_GSE109887
scPP,Positive,Neg_ctrl_Sample_46,0.119072183173871,693,2.84135947045486,Sample_100_GSE109887
scPP,Positive,Neg_ctrl_Sample_47,0.135111890202278,693,2.84135947045486,Sample_100_GSE109887
scPP,Positive,Neg_ctrl_Sample_48,-0.0238647344946101,693,2.84135947045486,Sample_100_GSE109887
scPP,Positive,Neg_ctrl_Sample_49,0.0386362522179653,693,2.84135947045486,Sample_100_GSE109887
scPP,Positive,Neg_ctrl_Sample_50,-0.01528243097933,693,2.84135947045486,Sample_100_GSE109887
scPP,Positive,Neg_ctrl_Sample_51,-0.000931331958127809,693,2.84135947045486,Sample_100_GSE109887
scPP,Positive,Neg_ctrl_Sample_52,0.205845282157198,693,2.84135947045486,Sample_100_GSE109887
scPP,Positive,Neg_ctrl_Sample_53,-0.189373225872937,693,2.84135947045486,Sample_100_GSE109887
scPP,Positive,Neg_ctrl_Sample_54,-0.00799186132263299,693,2.84135947045486,Sample_100_GSE109887
scPP,Positive,Neg_ctrl_Sample_55,0.173838257721152,693,2.84135947045486,Sample_100_GSE109887
scPP,Positive,Neg_ctrl_Sample_56,0.0251020248370456,693,2.84135947045486,Sample_100_GSE109887
scPP,Positive,Neg_ctrl_Sample_57,0.124865216290748,693,2.84135947045486,Sample_100_GSE109887
scPP,Positive,Neg_ctrl_Sample_58,0.0233251575062235,693,2.84135947045486,Sample_100_GSE109887
scPP,Positive,Neg_ctrl_Sample_59,-0.0305778402650027,693,2.84135947045486,Sample_100_GSE109887
scPP,Positive,Neg_ctrl_Sample_60,-0.0874292041121601,693,2.84135947045486,Sample_100_GSE109887
scPP,Positive,Neg_ctrl_Sample_61,-0.095038531517144,693,2.84135947045486,Sample_100_GSE109887
scPP,Positive,Neg_ctrl_Sample_62,-0.068770640430643,693,2.84135947045486,Sample_100_GSE109887
scPP,Positive,Neg_ctrl_Sample_63,-0.0885745963106063,693,2.84135947045486,Sample_100_GSE109887
scPP,Positive,Neg_ctrl_Sample_64,0.0484561058716446,693,2.84135947045486,Sample_100_GSE109887
scPP,Positive,Neg_ctrl_Sample_65,0.0453117424397097,693,2.84135947045486,Sample_100_GSE109887
scPP,Positive,Neg_ctrl_Sample_66,-0.185381495370013,693,2.84135947045486,Sample_100_GSE109887
scPP,Positive,Neg_ctrl_Sample_67,-0.152740433673339,693,2.84135947045486,Sample_100_GSE109887
scPP,Positive,Neg_ctrl_Sample_68,-0.133480718695299,693,2.84135947045486,Sample_100_GSE109887
scPP,Positive,Neg_ctrl_Sample_69,0.0409520290578967,693,2.84135947045486,Sample_100_GSE109887
scPP,Positive,Neg_ctrl_Sample_70,-0.194548576566567,693,2.84135947045486,Sample_100_GSE109887
scPP,Positive,Neg_ctrl_Sample_71,-0.0583557141172512,693,2.84135947045486,Sample_100_GSE109887
scPP,Positive,Neg_ctrl_Sample_72,-0.108355475878817,693,2.84135947045486,Sample_100_GSE109887
scPP,Positive,Neg_ctrl_Sample_73,0.0333786615581155,693,2.84135947045486,Sample_100_GSE109887
scPP,Positive,Neg_ctrl_Sample_74,0.0601669232177292,693,2.84135947045486,Sample_100_GSE109887
scPP,Positive,Neg_ctrl_Sample_75,0.0628711570706762,693,2.84135947045486,Sample_100_GSE109887
scPP,Positive,Neg_ctrl_Sample_76,0.130313394696064,693,2.84135947045486,Sample_100_GSE109887
scPP,Positive,Neg_ctrl_Sample_77,-0.131063315993746,693,2.84135947045486,Sample_100_GSE109887
scPP,Positive,Neg_ctrl_Sample_78,0.0658674884436922,693,2.84135947045486,Sample_100_GSE109887
scPP,Positive,Neg_ctrl_Sample_79,0.219536776703297,693,2.84135947045486,Sample_100_GSE109887
scPP,Positive,Neg_ctrl_Sample_80,-0.0409676869729121,693,2.84135947045486,Sample_100_GSE109887
scPP,Positive,Neg_ctrl_Sample_81,-0.200413092462588,693,2.84135947045486,Sample_100_GSE109887
scPP,Positive,Neg_ctrl_Sample_82,0.00429820841215034,693,2.84135947045486,Sample_100_GSE109887
scPP,Positive,Neg_ctrl_Sample_83,0.0899265666595594,693,2.84135947045486,Sample_100_GSE109887
scPP,Positive,Neg_ctrl_Sample_84,0.115552953276028,693,2.84135947045486,Sample_100_GSE109887
scPP,Positive,Neg_ctrl_Sample_85,-0.12929866791663,693,2.84135947045486,Sample_100_GSE109887
scPP,Positive,Neg_ctrl_Sample_86,-0.141600912815502,693,2.84135947045486,Sample_100_GSE109887
scPP,Positive,Neg_ctrl_Sample_87,0.0443229827297278,693,2.84135947045486,Sample_100_GSE109887
scPP,Positive,Neg_ctrl_Sample_88,-0.10121130379158,693,2.84135947045486,Sample_100_GSE109887
scPP,Positive,Neg_ctrl_Sample_89,0.0478782225455879,693,2.84135947045486,Sample_100_GSE109887
scPP,Positive,Neg_ctrl_Sample_90,-0.0936053626911641,693,2.84135947045486,Sample_100_GSE109887
scPP,Positive,Neg_ctrl_Sample_91,0.0253884338928656,693,2.84135947045486,Sample_100_GSE109887
scPP,Positive,Neg_ctrl_Sample_92,0.29169760793739,693,2.84135947045486,Sample_100_GSE109887
scPP,Positive,Neg_ctrl_Sample_93,0.0562560582322911,693,2.84135947045486,Sample_100_GSE109887
scPP,Positive,Neg_ctrl_Sample_94,0.123800191292175,693,2.84135947045486,Sample_100_GSE109887
scPP,Positive,Neg_ctrl_Sample_95,0.0129435575429623,693,2.84135947045486,Sample_100_GSE109887
scPP,Positive,Neg_ctrl_Sample_96,-0.155358127259189,693,2.84135947045486,Sample_100_GSE109887
scPP,Positive,Neg_ctrl_Sample_97,-0.0233861848175161,693,2.84135947045486,Sample_100_GSE109887
scPP,Positive,Neg_ctrl_Sample_98,0.104929990395711,693,2.84135947045486,Sample_100_GSE109887
scPP,Positive,Neg_ctrl_Sample_99,-0.0687817818797156,693,2.84135947045486,Sample_100_GSE109887
scPP,Positive,Neg_ctrl_Sample_100,0.0477749627948989,693,2.84135947045486,Sample_100_GSE109887
LP_SGL,Negative,Neg_ctrl_Sample_1,0.102312287424434,163,2.2148438480477,Sample_100_GSE109887
LP_SGL,Negative,Neg_ctrl_Sample_2,0.1058173119113,163,2.2148438480477,Sample_100_GSE109887
LP_SGL,Negative,Neg_ctrl_Sample_3,0.177375018864218,163,2.2148438480477,Sample_100_GSE109887
LP_SGL,Negative,Neg_ctrl_Sample_4,-0.00928736198408196,163,2.2148438480477,Sample_100_GSE109887
LP_SGL,Negative,Neg_ctrl_Sample_5,-0.00260111675046248,163,2.2148438480477,Sample_100_GSE109887
LP_SGL,Negative,Neg_ctrl_Sample_6,0.00880897950560688,163,2.2148438480477,Sample_100_GSE109887
LP_SGL,Negative,Neg_ctrl_Sample_7,-0.0525855219932311,163,2.2148438480477,Sample_100_GSE109887
LP_SGL,Negative,Neg_ctrl_Sample_8,-0.066681270772461,163,2.2148438480477,Sample_100_GSE109887
LP_SGL,Negative,Neg_ctrl_Sample_9,-0.114082825736709,163,2.2148438480477,Sample_100_GSE109887
LP_SGL,Negative,Neg_ctrl_Sample_10,0.0517250714434366,163,2.2148438480477,Sample_100_GSE109887
LP_SGL,Negative,Neg_ctrl_Sample_11,0.0241394133762591,163,2.2148438480477,Sample_100_GSE109887
LP_SGL,Negative,Neg_ctrl_Sample_12,0.067397949156168,163,2.2148438480477,Sample_100_GSE109887
LP_SGL,Negative,Neg_ctrl_Sample_13,0.0213056980058809,163,2.2148438480477,Sample_100_GSE109887
LP_SGL,Negative,Neg_ctrl_Sample_14,0.0623715984439185,163,2.2148438480477,Sample_100_GSE109887
LP_SGL,Negative,Neg_ctrl_Sample_15,-0.0366614771287642,163,2.2148438480477,Sample_100_GSE109887
LP_SGL,Negative,Neg_ctrl_Sample_16,-0.141941120070019,163,2.2148438480477,Sample_100_GSE109887
LP_SGL,Negative,Neg_ctrl_Sample_17,-0.00814648725956963,163,2.2148438480477,Sample_100_GSE109887
LP_SGL,Negative,Neg_ctrl_Sample_18,-0.0821356526681844,163,2.2148438480477,Sample_100_GSE109887
LP_SGL,Negative,Neg_ctrl_Sample_19,-0.183073903002595,163,2.2148438480477,Sample_100_GSE109887
LP_SGL,Negative,Neg_ctrl_Sample_20,-0.0481699590063203,163,2.2148438480477,Sample_100_GSE109887
LP_SGL,Negative,Neg_ctrl_Sample_21,-0.171542647120334,163,2.2148438480477,Sample_100_GSE109887
LP_SGL,Negative,Neg_ctrl_Sample_22,-0.0576532918335658,163,2.2148438480477,Sample_100_GSE109887
LP_SGL,Negative,Neg_ctrl_Sample_23,0.0649834334150622,163,2.2148438480477,Sample_100_GSE109887
LP_SGL,Negative,Neg_ctrl_Sample_24,-0.101215533995802,163,2.2148438480477,Sample_100_GSE109887
LP_SGL,Negative,Neg_ctrl_Sample_25,-0.0454017357153736,163,2.2148438480477,Sample_100_GSE109887
LP_SGL,Negative,Neg_ctrl_Sample_26,-0.128013991972632,163,2.2148438480477,Sample_100_GSE109887
LP_SGL,Negative,Neg_ctrl_Sample_27,0.25587707286946,163,2.2148438480477,Sample_100_GSE109887
LP_SGL,Negative,Neg_ctrl_Sample_28,0.00201905348748797,163,2.2148438480477,Sample_100_GSE109887
LP_SGL,Negative,Neg_ctrl_Sample_29,0.0628077793059621,163,2.2148438480477,Sample_100_GSE109887
LP_SGL,Negative,Neg_ctrl_Sample_30,0.0448358930389459,163,2.2148438480477,Sample_100_GSE109887
LP_SGL,Negative,Neg_ctrl_Sample_31,-0.0105117487838493,163,2.2148438480477,Sample_100_GSE109887
LP_SGL,Negative,Neg_ctrl_Sample_32,-0.114855189024345,163,2.2148438480477,Sample_100_GSE109887
LP_SGL,Negative,Neg_ctrl_Sample_33,0.00994691129269746,163,2.2148438480477,Sample_100_GSE109887
LP_SGL,Negative,Neg_ctrl_Sample_34,0.15807857178528,163,2.2148438480477,Sample_100_GSE109887
LP_SGL,Negative,Neg_ctrl_Sample_35,0.00391488922354012,163,2.2148438480477,Sample_100_GSE109887
LP_SGL,Negative,Neg_ctrl_Sample_36,-0.0482415209085202,163,2.2148438480477,Sample_100_GSE109887
LP_SGL,Negative,Neg_ctrl_Sample_37,0.189545828121081,163,2.2148438480477,Sample_100_GSE109887
LP_SGL,Negative,Neg_ctrl_Sample_38,0.123963662570023,163,2.2148438480477,Sample_100_GSE109887
LP_SGL,Negative,Neg_ctrl_Sample_39,-0.021568193072504,163,2.2148438480477,Sample_100_GSE109887
LP_SGL,Negative,Neg_ctrl_Sample_40,-0.18117600465859,163,2.2148438480477,Sample_100_GSE109887
LP_SGL,Negative,Neg_ctrl_Sample_41,-0.0560058166432363,163,2.2148438480477,Sample_100_GSE109887
LP_SGL,Negative,Neg_ctrl_Sample_42,0.159387919633871,163,2.2148438480477,Sample_100_GSE109887
LP_SGL,Negative,Neg_ctrl_Sample_43,0.264908034763105,163,2.2148438480477,Sample_100_GSE109887
LP_SGL,Negative,Neg_ctrl_Sample_44,0.0444830672949082,163,2.2148438480477,Sample_100_GSE109887
LP_SGL,Negative,Neg_ctrl_Sample_45,0.0204140535561565,163,2.2148438480477,Sample_100_GSE109887
LP_SGL,Negative,Neg_ctrl_Sample_46,0.134505820483488,163,2.2148438480477,Sample_100_GSE109887
LP_SGL,Negative,Neg_ctrl_Sample_47,0.156005799028904,163,2.2148438480477,Sample_100_GSE109887
LP_SGL,Negative,Neg_ctrl_Sample_48,-0.0348859836910003,163,2.2148438480477,Sample_100_GSE109887
LP_SGL,Negative,Neg_ctrl_Sample_49,0.0245223803410046,163,2.2148438480477,Sample_100_GSE109887
LP_SGL,Negative,Neg_ctrl_Sample_50,-0.0210984899087985,163,2.2148438480477,Sample_100_GSE109887
LP_SGL,Negative,Neg_ctrl_Sample_51,-0.0227525236005573,163,2.2148438480477,Sample_100_GSE109887
LP_SGL,Negative,Neg_ctrl_Sample_52,0.231092619043964,163,2.2148438480477,Sample_100_GSE109887
LP_SGL,Negative,Neg_ctrl_Sample_53,-0.202480379406695,163,2.2148438480477,Sample_100_GSE109887
LP_SGL,Negative,Neg_ctrl_Sample_54,-0.01660200694427,163,2.2148438480477,Sample_100_GSE109887
LP_SGL,Negative,Neg_ctrl_Sample_55,0.174525611382782,163,2.2148438480477,Sample_100_GSE109887
LP_SGL,Negative,Neg_ctrl_Sample_56,0.0206691576919782,163,2.2148438480477,Sample_100_GSE109887
LP_SGL,Negative,Neg_ctrl_Sample_57,0.12462869232706,163,2.2148438480477,Sample_100_GSE109887
LP_SGL,Negative,Neg_ctrl_Sample_58,0.0253724699478604,163,2.2148438480477,Sample_100_GSE109887
LP_SGL,Negative,Neg_ctrl_Sample_59,-0.0563328512173278,163,2.2148438480477,Sample_100_GSE109887
LP_SGL,Negative,Neg_ctrl_Sample_60,-0.104953933109024,163,2.2148438480477,Sample_100_GSE109887
LP_SGL,Negative,Neg_ctrl_Sample_61,-0.113530918580811,163,2.2148438480477,Sample_100_GSE109887
LP_SGL,Negative,Neg_ctrl_Sample_62,-0.108534288817744,163,2.2148438480477,Sample_100_GSE109887
LP_SGL,Negative,Neg_ctrl_Sample_63,-0.11053143984335,163,2.2148438480477,Sample_100_GSE109887
LP_SGL,Negative,Neg_ctrl_Sample_64,0.024292728701368,163,2.2148438480477,Sample_100_GSE109887
LP_SGL,Negative,Neg_ctrl_Sample_65,0.0360291416226336,163,2.2148438480477,Sample_100_GSE109887
LP_SGL,Negative,Neg_ctrl_Sample_66,-0.190796796234134,163,2.2148438480477,Sample_100_GSE109887
LP_SGL,Negative,Neg_ctrl_Sample_67,-0.154866070944469,163,2.2148438480477,Sample_100_GSE109887
LP_SGL,Negative,Neg_ctrl_Sample_68,-0.150800557436315,163,2.2148438480477,Sample_100_GSE109887
LP_SGL,Negative,Neg_ctrl_Sample_69,0.0409548413511794,163,2.2148438480477,Sample_100_GSE109887
LP_SGL,Negative,Neg_ctrl_Sample_70,-0.202933142481667,163,2.2148438480477,Sample_100_GSE109887
LP_SGL,Negative,Neg_ctrl_Sample_71,-0.0657655822275142,163,2.2148438480477,Sample_100_GSE109887
LP_SGL,Negative,Neg_ctrl_Sample_72,-0.12991268934863,163,2.2148438480477,Sample_100_GSE109887
LP_SGL,Negative,Neg_ctrl_Sample_73,0.0387435611777084,163,2.2148438480477,Sample_100_GSE109887
LP_SGL,Negative,Neg_ctrl_Sample_74,0.0267086130034055,163,2.2148438480477,Sample_100_GSE109887
LP_SGL,Negative,Neg_ctrl_Sample_75,0.0664635923763249,163,2.2148438480477,Sample_100_GSE109887
LP_SGL,Negative,Neg_ctrl_Sample_76,0.135039844307715,163,2.2148438480477,Sample_100_GSE109887
LP_SGL,Negative,Neg_ctrl_Sample_77,-0.148748983412581,163,2.2148438480477,Sample_100_GSE109887
LP_SGL,Negative,Neg_ctrl_Sample_78,0.0655958692208489,163,2.2148438480477,Sample_100_GSE109887
LP_SGL,Negative,Neg_ctrl_Sample_79,0.231274132145959,163,2.2148438480477,Sample_100_GSE109887
LP_SGL,Negative,Neg_ctrl_Sample_80,-0.0581477155129379,163,2.2148438480477,Sample_100_GSE109887
LP_SGL,Negative,Neg_ctrl_Sample_81,-0.262403406081455,163,2.2148438480477,Sample_100_GSE109887
LP_SGL,Negative,Neg_ctrl_Sample_82,-0.0177048024984739,163,2.2148438480477,Sample_100_GSE109887
LP_SGL,Negative,Neg_ctrl_Sample_83,0.0887624108687447,163,2.2148438480477,Sample_100_GSE109887
LP_SGL,Negative,Neg_ctrl_Sample_84,0.106093976550479,163,2.2148438480477,Sample_100_GSE109887
LP_SGL,Negative,Neg_ctrl_Sample_85,-0.173825043685362,163,2.2148438480477,Sample_100_GSE109887
LP_SGL,Negative,Neg_ctrl_Sample_86,-0.137251796364555,163,2.2148438480477,Sample_100_GSE109887
LP_SGL,Negative,Neg_ctrl_Sample_87,0.0578490775000233,163,2.2148438480477,Sample_100_GSE109887
LP_SGL,Negative,Neg_ctrl_Sample_88,-0.113390998867359,163,2.2148438480477,Sample_100_GSE109887
LP_SGL,Negative,Neg_ctrl_Sample_89,0.0311515833928078,163,2.2148438480477,Sample_100_GSE109887
LP_SGL,Negative,Neg_ctrl_Sample_90,-0.111758292927061,163,2.2148438480477,Sample_100_GSE109887
LP_SGL,Negative,Neg_ctrl_Sample_91,0.0135898341925071,163,2.2148438480477,Sample_100_GSE109887
LP_SGL,Negative,Neg_ctrl_Sample_92,0.328238667691418,163,2.2148438480477,Sample_100_GSE109887
LP_SGL,Negative,Neg_ctrl_Sample_93,0.0473954183995171,163,2.2148438480477,Sample_100_GSE109887
LP_SGL,Negative,Neg_ctrl_Sample_94,0.130190782953923,163,2.2148438480477,Sample_100_GSE109887
LP_SGL,Negative,Neg_ctrl_Sample_95,0.0163843809634422,163,2.2148438480477,Sample_100_GSE109887
LP_SGL,Negative,Neg_ctrl_Sample_96,-0.15180842377533,163,2.2148438480477,Sample_100_GSE109887
LP_SGL,Negative,Neg_ctrl_Sample_97,-0.0319243685073849,163,2.2148438480477,Sample_100_GSE109887
LP_SGL,Negative,Neg_ctrl_Sample_98,0.124681624323375,163,2.2148438480477,Sample_100_GSE109887
LP_SGL,Negative,Neg_ctrl_Sample_99,-0.0786330535877188,163,2.2148438480477,Sample_100_GSE109887
LP_SGL,Negative,Neg_ctrl_Sample_100,0.0351584078370748,163,2.2148438480477,Sample_100_GSE109887
LP_SGL,Neutral,Neg_ctrl_Sample_1,0.105141402820756,10534,4.02263453994412,Sample_100_GSE109887
LP_SGL,Neutral,Neg_ctrl_Sample_2,0.0847441244940689,10534,4.02263453994412,Sample_100_GSE109887
LP_SGL,Neutral,Neg_ctrl_Sample_3,0.187258910253347,10534,4.02263453994412,Sample_100_GSE109887
LP_SGL,Neutral,Neg_ctrl_Sample_4,-0.00162011442633006,10534,4.02263453994412,Sample_100_GSE109887
LP_SGL,Neutral,Neg_ctrl_Sample_5,1.49445989547497e-05,10534,4.02263453994412,Sample_100_GSE109887
LP_SGL,Neutral,Neg_ctrl_Sample_6,0.0179173206386197,10534,4.02263453994412,Sample_100_GSE109887
LP_SGL,Neutral,Neg_ctrl_Sample_7,-0.0550619357318618,10534,4.02263453994412,Sample_100_GSE109887
LP_SGL,Neutral,Neg_ctrl_Sample_8,-0.0584677732549799,10534,4.02263453994412,Sample_100_GSE109887
LP_SGL,Neutral,Neg_ctrl_Sample_9,-0.106548126476195,10534,4.02263453994412,Sample_100_GSE109887
LP_SGL,Neutral,Neg_ctrl_Sample_10,0.0447582767886922,10534,4.02263453994412,Sample_100_GSE109887
LP_SGL,Neutral,Neg_ctrl_Sample_11,0.0336222185730241,10534,4.02263453994412,Sample_100_GSE109887
LP_SGL,Neutral,Neg_ctrl_Sample_12,0.0733620123680167,10534,4.02263453994412,Sample_100_GSE109887
LP_SGL,Neutral,Neg_ctrl_Sample_13,0.0110302590341999,10534,4.02263453994412,Sample_100_GSE109887
LP_SGL,Neutral,Neg_ctrl_Sample_14,0.074618530846756,10534,4.02263453994412,Sample_100_GSE109887
LP_SGL,Neutral,Neg_ctrl_Sample_15,-0.0181928092263656,10534,4.02263453994412,Sample_100_GSE109887
LP_SGL,Neutral,Neg_ctrl_Sample_16,-0.109666620060231,10534,4.02263453994412,Sample_100_GSE109887
LP_SGL,Neutral,Neg_ctrl_Sample_17,-0.00121822399914418,10534,4.02263453994412,Sample_100_GSE109887
LP_SGL,Neutral,Neg_ctrl_Sample_18,-0.0768640762957546,10534,4.02263453994412,Sample_100_GSE109887
LP_SGL,Neutral,Neg_ctrl_Sample_19,-0.174095302059121,10534,4.02263453994412,Sample_100_GSE109887
LP_SGL,Neutral,Neg_ctrl_Sample_20,-0.0243640818910923,10534,4.02263453994412,Sample_100_GSE109887
LP_SGL,Neutral,Neg_ctrl_Sample_21,-0.163546805197937,10534,4.02263453994412,Sample_100_GSE109887
LP_SGL,Neutral,Neg_ctrl_Sample_22,-0.031097048899579,10534,4.02263453994412,Sample_100_GSE109887
LP_SGL,Neutral,Neg_ctrl_Sample_23,0.0589725395159954,10534,4.02263453994412,Sample_100_GSE109887
LP_SGL,Neutral,Neg_ctrl_Sample_24,-0.0678357180384544,10534,4.02263453994412,Sample_100_GSE109887
LP_SGL,Neutral,Neg_ctrl_Sample_25,-0.0355079009478158,10534,4.02263453994412,Sample_100_GSE109887
LP_SGL,Neutral,Neg_ctrl_Sample_26,-0.120400324362832,10534,4.02263453994412,Sample_100_GSE109887
LP_SGL,Neutral,Neg_ctrl_Sample_27,0.248117177235753,10534,4.02263453994412,Sample_100_GSE109887
LP_SGL,Neutral,Neg_ctrl_Sample_28,-0.0073601886638399,10534,4.02263453994412,Sample_100_GSE109887
LP_SGL,Neutral,Neg_ctrl_Sample_29,0.0709302113766368,10534,4.02263453994412,Sample_100_GSE109887
LP_SGL,Neutral,Neg_ctrl_Sample_30,0.0486136500733699,10534,4.02263453994412,Sample_100_GSE109887
LP_SGL,Neutral,Neg_ctrl_Sample_31,0.0211091588994871,10534,4.02263453994412,Sample_100_GSE109887
LP_SGL,Neutral,Neg_ctrl_Sample_32,-0.109487799744465,10534,4.02263453994412,Sample_100_GSE109887
LP_SGL,Neutral,Neg_ctrl_Sample_33,0.022396297646687,10534,4.02263453994412,Sample_100_GSE109887
LP_SGL,Neutral,Neg_ctrl_Sample_34,0.151337082492569,10534,4.02263453994412,Sample_100_GSE109887
LP_SGL,Neutral,Neg_ctrl_Sample_35,0.00739623154541761,10534,4.02263453994412,Sample_100_GSE109887
LP_SGL,Neutral,Neg_ctrl_Sample_36,-0.0486789210736584,10534,4.02263453994412,Sample_100_GSE109887
LP_SGL,Neutral,Neg_ctrl_Sample_37,0.183531721774949,10534,4.02263453994412,Sample_100_GSE109887
LP_SGL,Neutral,Neg_ctrl_Sample_38,0.1320198342164,10534,4.02263453994412,Sample_100_GSE109887
LP_SGL,Neutral,Neg_ctrl_Sample_39,-0.0231057847292248,10534,4.02263453994412,Sample_100_GSE109887
LP_SGL,Neutral,Neg_ctrl_Sample_40,-0.176616672331631,10534,4.02263453994412,Sample_100_GSE109887
LP_SGL,Neutral,Neg_ctrl_Sample_41,-0.0449653019558138,10534,4.02263453994412,Sample_100_GSE109887
LP_SGL,Neutral,Neg_ctrl_Sample_42,0.14562757557405,10534,4.02263453994412,Sample_100_GSE109887
LP_SGL,Neutral,Neg_ctrl_Sample_43,0.249005019100441,10534,4.02263453994412,Sample_100_GSE109887
LP_SGL,Neutral,Neg_ctrl_Sample_44,0.0488754299801524,10534,4.02263453994412,Sample_100_GSE109887
LP_SGL,Neutral,Neg_ctrl_Sample_45,0.0206665684777621,10534,4.02263453994412,Sample_100_GSE109887
LP_SGL,Neutral,Neg_ctrl_Sample_46,0.121160136003052,10534,4.02263453994412,Sample_100_GSE109887
LP_SGL,Neutral,Neg_ctrl_Sample_47,0.144490597949893,10534,4.02263453994412,Sample_100_GSE109887
LP_SGL,Neutral,Neg_ctrl_Sample_48,-0.0022783227860762,10534,4.02263453994412,Sample_100_GSE109887
LP_SGL,Neutral,Neg_ctrl_Sample_49,0.0376897840319191,10534,4.02263453994412,Sample_100_GSE109887
LP_SGL,Neutral,Neg_ctrl_Sample_50,-0.0143758788411523,10534,4.02263453994412,Sample_100_GSE109887
LP_SGL,Neutral,Neg_ctrl_Sample_51,-0.0204539072464749,10534,4.02263453994412,Sample_100_GSE109887
LP_SGL,Neutral,Neg_ctrl_Sample_52,0.217564733436298,10534,4.02263453994412,Sample_100_GSE109887
LP_SGL,Neutral,Neg_ctrl_Sample_53,-0.188728978916523,10534,4.02263453994412,Sample_100_GSE109887
LP_SGL,Neutral,Neg_ctrl_Sample_54,-0.00489212454591828,10534,4.02263453994412,Sample_100_GSE109887
LP_SGL,Neutral,Neg_ctrl_Sample_55,0.17458781638031,10534,4.02263453994412,Sample_100_GSE109887
LP_SGL,Neutral,Neg_ctrl_Sample_56,0.0245237512968987,10534,4.02263453994412,Sample_100_GSE109887
LP_SGL,Neutral,Neg_ctrl_Sample_57,0.123075851993279,10534,4.02263453994412,Sample_100_GSE109887
LP_SGL,Neutral,Neg_ctrl_Sample_58,0.0249955115450321,10534,4.02263453994412,Sample_100_GSE109887
LP_SGL,Neutral,Neg_ctrl_Sample_59,-0.0535884178513841,10534,4.02263453994412,Sample_100_GSE109887
LP_SGL,Neutral,Neg_ctrl_Sample_60,-0.0952382196942104,10534,4.02263453994412,Sample_100_GSE109887
LP_SGL,Neutral,Neg_ctrl_Sample_61,-0.100267483133106,10534,4.02263453994412,Sample_100_GSE109887
LP_SGL,Neutral,Neg_ctrl_Sample_62,-0.0880340114177661,10534,4.02263453994412,Sample_100_GSE109887
LP_SGL,Neutral,Neg_ctrl_Sample_63,-0.0749755269628482,10534,4.02263453994412,Sample_100_GSE109887
LP_SGL,Neutral,Neg_ctrl_Sample_64,0.042616300090426,10534,4.02263453994412,Sample_100_GSE109887
LP_SGL,Neutral,Neg_ctrl_Sample_65,0.0413288258532001,10534,4.02263453994412,Sample_100_GSE109887
LP_SGL,Neutral,Neg_ctrl_Sample_66,-0.175486070688843,10534,4.02263453994412,Sample_100_GSE109887
LP_SGL,Neutral,Neg_ctrl_Sample_67,-0.150300561579676,10534,4.02263453994412,Sample_100_GSE109887
LP_SGL,Neutral,Neg_ctrl_Sample_68,-0.145501553990428,10534,4.02263453994412,Sample_100_GSE109887
LP_SGL,Neutral,Neg_ctrl_Sample_69,0.0465257204507138,10534,4.02263453994412,Sample_100_GSE109887
LP_SGL,Neutral,Neg_ctrl_Sample_70,-0.182772762264767,10534,4.02263453994412,Sample_100_GSE109887
LP_SGL,Neutral,Neg_ctrl_Sample_71,-0.0593550191393435,10534,4.02263453994412,Sample_100_GSE109887
LP_SGL,Neutral,Neg_ctrl_Sample_72,-0.104776192159139,10534,4.02263453994412,Sample_100_GSE109887
LP_SGL,Neutral,Neg_ctrl_Sample_73,0.0427614965968703,10534,4.02263453994412,Sample_100_GSE109887
LP_SGL,Neutral,Neg_ctrl_Sample_74,0.0470771147106521,10534,4.02263453994412,Sample_100_GSE109887
LP_SGL,Neutral,Neg_ctrl_Sample_75,0.0559857534195844,10534,4.02263453994412,Sample_100_GSE109887
LP_SGL,Neutral,Neg_ctrl_Sample_76,0.121322286237997,10534,4.02263453994412,Sample_100_GSE109887
LP_SGL,Neutral,Neg_ctrl_Sample_77,-0.13456240808664,10534,4.02263453994412,Sample_100_GSE109887
LP_SGL,Neutral,Neg_ctrl_Sample_78,0.0660156665820525,10534,4.02263453994412,Sample_100_GSE109887
LP_SGL,Neutral,Neg_ctrl_Sample_79,0.219681358357096,10534,4.02263453994412,Sample_100_GSE109887
LP_SGL,Neutral,Neg_ctrl_Sample_80,-0.0516105471967342,10534,4.02263453994412,Sample_100_GSE109887
LP_SGL,Neutral,Neg_ctrl_Sample_81,-0.243898024303328,10534,4.02263453994412,Sample_100_GSE109887
LP_SGL,Neutral,Neg_ctrl_Sample_82,0.00447647483341308,10534,4.02263453994412,Sample_100_GSE109887
LP_SGL,Neutral,Neg_ctrl_Sample_83,0.0935456159278649,10534,4.02263453994412,Sample_100_GSE109887
LP_SGL,Neutral,Neg_ctrl_Sample_84,0.109319391375246,10534,4.02263453994412,Sample_100_GSE109887
LP_SGL,Neutral,Neg_ctrl_Sample_85,-0.158458778140469,10534,4.02263453994412,Sample_100_GSE109887
LP_SGL,Neutral,Neg_ctrl_Sample_86,-0.128580014622333,10534,4.02263453994412,Sample_100_GSE109887
LP_SGL,Neutral,Neg_ctrl_Sample_87,0.0567441969108371,10534,4.02263453994412,Sample_100_GSE109887
LP_SGL,Neutral,Neg_ctrl_Sample_88,-0.102331559272577,10534,4.02263453994412,Sample_100_GSE109887
LP_SGL,Neutral,Neg_ctrl_Sample_89,0.0356162066162168,10534,4.02263453994412,Sample_100_GSE109887
LP_SGL,Neutral,Neg_ctrl_Sample_90,-0.108006331119167,10534,4.02263453994412,Sample_100_GSE109887
LP_SGL,Neutral,Neg_ctrl_Sample_91,0.0337818582852333,10534,4.02263453994412,Sample_100_GSE109887
LP_SGL,Neutral,Neg_ctrl_Sample_92,0.312890499091815,10534,4.02263453994412,Sample_100_GSE109887
LP_SGL,Neutral,Neg_ctrl_Sample_93,0.0582538808596713,10534,4.02263453994412,Sample_100_GSE109887
LP_SGL,Neutral,Neg_ctrl_Sample_94,0.139155426053734,10534,4.02263453994412,Sample_100_GSE109887
LP_SGL,Neutral,Neg_ctrl_Sample_95,0.0192226735460698,10534,4.02263453994412,Sample_100_GSE109887
LP_SGL,Neutral,Neg_ctrl_Sample_96,-0.100727746369144,10534,4.02263453994412,Sample_100_GSE109887
LP_SGL,Neutral,Neg_ctrl_Sample_97,-0.0326165468141105,10534,4.02263453994412,Sample_100_GSE109887
LP_SGL,Neutral,Neg_ctrl_Sample_98,0.114530358344059,10534,4.02263453994412,Sample_100_GSE109887
LP_SGL,Neutral,Neg_ctrl_Sample_99,-0.0743977667440442,10534,4.02263453994412,Sample_100_GSE109887
LP_SGL,Neutral,Neg_ctrl_Sample_100,0.0598457771548028,10534,4.02263453994412,Sample_100_GSE109887
LP_SGL,Positive,Neg_ctrl_Sample_1,0.0985836448751718,2112,3.32489949705231,Sample_100_GSE109887
LP_SGL,Positive,Neg_ctrl_Sample_2,0.0698690153903802,2112,3.32489949705231,Sample_100_GSE109887
LP_SGL,Positive,Neg_ctrl_Sample_3,0.176317285813045,2112,3.32489949705231,Sample_100_GSE109887
LP_SGL,Positive,Neg_ctrl_Sample_4,-0.00507801828204103,2112,3.32489949705231,Sample_100_GSE109887
LP_SGL,Positive,Neg_ctrl_Sample_5,-0.01966949119795,2112,3.32489949705231,Sample_100_GSE109887
LP_SGL,Positive,Neg_ctrl_Sample_6,0.0257995780708049,2112,3.32489949705231,Sample_100_GSE109887
LP_SGL,Positive,Neg_ctrl_Sample_7,-0.0519949098126127,2112,3.32489949705231,Sample_100_GSE109887
LP_SGL,Positive,Neg_ctrl_Sample_8,-0.0395964074954569,2112,3.32489949705231,Sample_100_GSE109887
LP_SGL,Positive,Neg_ctrl_Sample_9,-0.108025399012687,2112,3.32489949705231,Sample_100_GSE109887
LP_SGL,Positive,Neg_ctrl_Sample_10,0.0466363438020143,2112,3.32489949705231,Sample_100_GSE109887
LP_SGL,Positive,Neg_ctrl_Sample_11,0.0356807374038311,2112,3.32489949705231,Sample_100_GSE109887
LP_SGL,Positive,Neg_ctrl_Sample_12,0.0829458349560131,2112,3.32489949705231,Sample_100_GSE109887
LP_SGL,Positive,Neg_ctrl_Sample_13,0.00867313889280571,2112,3.32489949705231,Sample_100_GSE109887
LP_SGL,Positive,Neg_ctrl_Sample_14,0.0740804772615518,2112,3.32489949705231,Sample_100_GSE109887
LP_SGL,Positive,Neg_ctrl_Sample_15,-0.0199205607578668,2112,3.32489949705231,Sample_100_GSE109887
LP_SGL,Positive,Neg_ctrl_Sample_16,-0.130828430546914,2112,3.32489949705231,Sample_100_GSE109887
LP_SGL,Positive,Neg_ctrl_Sample_17,-0.00654166211289149,2112,3.32489949705231,Sample_100_GSE109887
LP_SGL,Positive,Neg_ctrl_Sample_18,-0.0827697321055828,2112,3.32489949705231,Sample_100_GSE109887
LP_SGL,Positive,Neg_ctrl_Sample_19,-0.192076946933632,2112,3.32489949705231,Sample_100_GSE109887
LP_SGL,Positive,Neg_ctrl_Sample_20,-0.0253075150844395,2112,3.32489949705231,Sample_100_GSE109887
LP_SGL,Positive,Neg_ctrl_Sample_21,-0.183094481369352,2112,3.32489949705231,Sample_100_GSE109887
LP_SGL,Positive,Neg_ctrl_Sample_22,-0.0330975489443319,2112,3.32489949705231,Sample_100_GSE109887
LP_SGL,Positive,Neg_ctrl_Sample_23,0.0645284962558359,2112,3.32489949705231,Sample_100_GSE109887
LP_SGL,Positive,Neg_ctrl_Sample_24,-0.0522809212141139,2112,3.32489949705231,Sample_100_GSE109887
LP_SGL,Positive,Neg_ctrl_Sample_25,-0.039677823495296,2112,3.32489949705231,Sample_100_GSE109887
LP_SGL,Positive,Neg_ctrl_Sample_26,-0.122985707463429,2112,3.32489949705231,Sample_100_GSE109887
LP_SGL,Positive,Neg_ctrl_Sample_27,0.239248204552148,2112,3.32489949705231,Sample_100_GSE109887
LP_SGL,Positive,Neg_ctrl_Sample_28,-0.0136497779778316,2112,3.32489949705231,Sample_100_GSE109887
LP_SGL,Positive,Neg_ctrl_Sample_29,0.0860476757867345,2112,3.32489949705231,Sample_100_GSE109887
LP_SGL,Positive,Neg_ctrl_Sample_30,0.0617775282200366,2112,3.32489949705231,Sample_100_GSE109887
LP_SGL,Positive,Neg_ctrl_Sample_31,0.0101310844355369,2112,3.32489949705231,Sample_100_GSE109887
LP_SGL,Positive,Neg_ctrl_Sample_32,-0.104343480350015,2112,3.32489949705231,Sample_100_GSE109887
LP_SGL,Positive,Neg_ctrl_Sample_33,0.0216628830767522,2112,3.32489949705231,Sample_100_GSE109887
LP_SGL,Positive,Neg_ctrl_Sample_34,0.140634326373526,2112,3.32489949705231,Sample_100_GSE109887
LP_SGL,Positive,Neg_ctrl_Sample_35,0.0088698540330126,2112,3.32489949705231,Sample_100_GSE109887
LP_SGL,Positive,Neg_ctrl_Sample_36,-0.0647870534358136,2112,3.32489949705231,Sample_100_GSE109887
LP_SGL,Positive,Neg_ctrl_Sample_37,0.177597418548951,2112,3.32489949705231,Sample_100_GSE109887
LP_SGL,Positive,Neg_ctrl_Sample_38,0.130239999828964,2112,3.32489949705231,Sample_100_GSE109887
LP_SGL,Positive,Neg_ctrl_Sample_39,-0.0277755584245653,2112,3.32489949705231,Sample_100_GSE109887
LP_SGL,Positive,Neg_ctrl_Sample_40,-0.170266003653174,2112,3.32489949705231,Sample_100_GSE109887
LP_SGL,Positive,Neg_ctrl_Sample_41,-0.0368962643376811,2112,3.32489949705231,Sample_100_GSE109887
LP_SGL,Positive,Neg_ctrl_Sample_42,0.156382853654742,2112,3.32489949705231,Sample_100_GSE109887
LP_SGL,Positive,Neg_ctrl_Sample_43,0.249247282985277,2112,3.32489949705231,Sample_100_GSE109887
LP_SGL,Positive,Neg_ctrl_Sample_44,0.0438027033340004,2112,3.32489949705231,Sample_100_GSE109887
LP_SGL,Positive,Neg_ctrl_Sample_45,-0.00788994697063829,2112,3.32489949705231,Sample_100_GSE109887
LP_SGL,Positive,Neg_ctrl_Sample_46,0.113227331535029,2112,3.32489949705231,Sample_100_GSE109887
LP_SGL,Positive,Neg_ctrl_Sample_47,0.145325950376009,2112,3.32489949705231,Sample_100_GSE109887
LP_SGL,Positive,Neg_ctrl_Sample_48,0.0148496653842825,2112,3.32489949705231,Sample_100_GSE109887
LP_SGL,Positive,Neg_ctrl_Sample_49,0.0361266619621813,2112,3.32489949705231,Sample_100_GSE109887
LP_SGL,Positive,Neg_ctrl_Sample_50,-0.0111587957882563,2112,3.32489949705231,Sample_100_GSE109887
LP_SGL,Positive,Neg_ctrl_Sample_51,-0.0234285252074528,2112,3.32489949705231,Sample_100_GSE109887
LP_SGL,Positive,Neg_ctrl_Sample_52,0.218209273862987,2112,3.32489949705231,Sample_100_GSE109887
LP_SGL,Positive,Neg_ctrl_Sample_53,-0.19265956481603,2112,3.32489949705231,Sample_100_GSE109887
LP_SGL,Positive,Neg_ctrl_Sample_54,-0.00235565813654931,2112,3.32489949705231,Sample_100_GSE109887
LP_SGL,Positive,Neg_ctrl_Sample_55,0.170885320028565,2112,3.32489949705231,Sample_100_GSE109887
LP_SGL,Positive,Neg_ctrl_Sample_56,0.0310190035442003,2112,3.32489949705231,Sample_100_GSE109887
LP_SGL,Positive,Neg_ctrl_Sample_57,0.103158072494126,2112,3.32489949705231,Sample_100_GSE109887
LP_SGL,Positive,Neg_ctrl_Sample_58,0.0282596131305751,2112,3.32489949705231,Sample_100_GSE109887
LP_SGL,Positive,Neg_ctrl_Sample_59,-0.0747789304012299,2112,3.32489949705231,Sample_100_GSE109887
LP_SGL,Positive,Neg_ctrl_Sample_60,-0.0938119998089367,2112,3.32489949705231,Sample_100_GSE109887
LP_SGL,Positive,Neg_ctrl_Sample_61,-0.0955258651440646,2112,3.32489949705231,Sample_100_GSE109887
LP_SGL,Positive,Neg_ctrl_Sample_62,-0.0935935617006331,2112,3.32489949705231,Sample_100_GSE109887
LP_SGL,Positive,Neg_ctrl_Sample_63,-0.0697251444399837,2112,3.32489949705231,Sample_100_GSE109887
LP_SGL,Positive,Neg_ctrl_Sample_64,0.040247717512354,2112,3.32489949705231,Sample_100_GSE109887
LP_SGL,Positive,Neg_ctrl_Sample_65,0.0440943967697569,2112,3.32489949705231,Sample_100_GSE109887
LP_SGL,Positive,Neg_ctrl_Sample_66,-0.155978364056495,2112,3.32489949705231,Sample_100_GSE109887
LP_SGL,Positive,Neg_ctrl_Sample_67,-0.143744905756674,2112,3.32489949705231,Sample_100_GSE109887
LP_SGL,Positive,Neg_ctrl_Sample_68,-0.14605766670383,2112,3.32489949705231,Sample_100_GSE109887
LP_SGL,Positive,Neg_ctrl_Sample_69,0.0362608364989635,2112,3.32489949705231,Sample_100_GSE109887
LP_SGL,Positive,Neg_ctrl_Sample_70,-0.206596400983736,2112,3.32489949705231,Sample_100_GSE109887
LP_SGL,Positive,Neg_ctrl_Sample_71,-0.0530435024622395,2112,3.32489949705231,Sample_100_GSE109887
LP_SGL,Positive,Neg_ctrl_Sample_72,-0.106224921148876,2112,3.32489949705231,Sample_100_GSE109887
LP_SGL,Positive,Neg_ctrl_Sample_73,0.0524371826282021,2112,3.32489949705231,Sample_100_GSE109887
LP_SGL,Positive,Neg_ctrl_Sample_74,0.0438702267292216,2112,3.32489949705231,Sample_100_GSE109887
LP_SGL,Positive,Neg_ctrl_Sample_75,0.0484852659193751,2112,3.32489949705231,Sample_100_GSE109887
LP_SGL,Positive,Neg_ctrl_Sample_76,0.124199877180585,2112,3.32489949705231,Sample_100_GSE109887
LP_SGL,Positive,Neg_ctrl_Sample_77,-0.129522012212799,2112,3.32489949705231,Sample_100_GSE109887
LP_SGL,Positive,Neg_ctrl_Sample_78,0.0641592377513965,2112,3.32489949705231,Sample_100_GSE109887
LP_SGL,Positive,Neg_ctrl_Sample_79,0.220405915550845,2112,3.32489949705231,Sample_100_GSE109887
LP_SGL,Positive,Neg_ctrl_Sample_80,-0.0553229409501174,2112,3.32489949705231,Sample_100_GSE109887
LP_SGL,Positive,Neg_ctrl_Sample_81,-0.254422278592538,2112,3.32489949705231,Sample_100_GSE109887
LP_SGL,Positive,Neg_ctrl_Sample_82,0.00853751720412858,2112,3.32489949705231,Sample_100_GSE109887
LP_SGL,Positive,Neg_ctrl_Sample_83,0.106627042726204,2112,3.32489949705231,Sample_100_GSE109887
LP_SGL,Positive,Neg_ctrl_Sample_84,0.104958916057303,2112,3.32489949705231,Sample_100_GSE109887
LP_SGL,Positive,Neg_ctrl_Sample_85,-0.171868223996675,2112,3.32489949705231,Sample_100_GSE109887
LP_SGL,Positive,Neg_ctrl_Sample_86,-0.130317632112923,2112,3.32489949705231,Sample_100_GSE109887
LP_SGL,Positive,Neg_ctrl_Sample_87,0.0748809786706944,2112,3.32489949705231,Sample_100_GSE109887
LP_SGL,Positive,Neg_ctrl_Sample_88,-0.102456109105923,2112,3.32489949705231,Sample_100_GSE109887
LP_SGL,Positive,Neg_ctrl_Sample_89,0.0350313136977021,2112,3.32489949705231,Sample_100_GSE109887
LP_SGL,Positive,Neg_ctrl_Sample_90,-0.112578495103547,2112,3.32489949705231,Sample_100_GSE109887
LP_SGL,Positive,Neg_ctrl_Sample_91,0.0196424130509347,2112,3.32489949705231,Sample_100_GSE109887
LP_SGL,Positive,Neg_ctrl_Sample_92,0.309829120019115,2112,3.32489949705231,Sample_100_GSE109887
LP_SGL,Positive,Neg_ctrl_Sample_93,0.0714079284592545,2112,3.32489949705231,Sample_100_GSE109887
LP_SGL,Positive,Neg_ctrl_Sample_94,0.150250167401696,2112,3.32489949705231,Sample_100_GSE109887
LP_SGL,Positive,Neg_ctrl_Sample_95,0.0221360765641407,2112,3.32489949705231,Sample_100_GSE109887
LP_SGL,Positive,Neg_ctrl_Sample_96,-0.105096296733225,2112,3.32489949705231,Sample_100_GSE109887
LP_SGL,Positive,Neg_ctrl_Sample_97,-0.0262307548591912,2112,3.32489949705231,Sample_100_GSE109887
LP_SGL,Positive,Neg_ctrl_Sample_98,0.11252953278526,2112,3.32489949705231,Sample_100_GSE109887
LP_SGL,Positive,Neg_ctrl_Sample_99,-0.0855307847283769,2112,3.32489949705231,Sample_100_GSE109887
LP_SGL,Positive,Neg_ctrl_Sample_100,0.0791030117900525,2112,3.32489949705231,Sample_100_GSE109887
