meta_column,label_value,score_group,mean_score,count,log_count,sample
scissor,Negative,Neg_ctrl_Sample_1,0.112248045101629,331,2.52113808370404,Sample_100_GSE28146
scissor,Negative,Neg_ctrl_Sample_2,0.11304118526897,331,2.52113808370404,Sample_100_GSE28146
scissor,Negative,Neg_ctrl_Sample_3,0.196484397151702,331,2.52113808370404,Sample_100_GSE28146
scissor,Negative,Neg_ctrl_Sample_4,-0.0123796129998534,331,2.52113808370404,Sample_100_GSE28146
scissor,Negative,Neg_ctrl_Sample_5,0.0504749112059042,331,2.52113808370404,Sample_100_GSE28146
scissor,Negative,Neg_ctrl_Sample_6,0.0103471729563667,331,2.52113808370404,Sample_100_GSE28146
scissor,Negative,Neg_ctrl_Sample_7,-0.0616568740528783,331,2.52113808370404,Sample_100_GSE28146
scissor,Negative,Neg_ctrl_Sample_8,-0.0552927110148931,331,2.52113808370404,Sample_100_GSE28146
scissor,Negative,Neg_ctrl_Sample_9,-0.0901655299990771,331,2.52113808370404,Sample_100_GSE28146
scissor,Negative,Neg_ctrl_Sample_10,0.014840490464151,331,2.52113808370404,Sample_100_GSE28146
scissor,Negative,Neg_ctrl_Sample_11,0.0268824368012023,331,2.52113808370404,Sample_100_GSE28146
scissor,Negative,Neg_ctrl_Sample_12,0.086823340062071,331,2.52113808370404,Sample_100_GSE28146
scissor,Negative,Neg_ctrl_Sample_13,0.00301393581637666,331,2.52113808370404,Sample_100_GSE28146
scissor,Negative,Neg_ctrl_Sample_14,0.0799845186660699,331,2.52113808370404,Sample_100_GSE28146
scissor,Negative,Neg_ctrl_Sample_15,0.0202916389593696,331,2.52113808370404,Sample_100_GSE28146
scissor,Negative,Neg_ctrl_Sample_16,-0.0926547249641853,331,2.52113808370404,Sample_100_GSE28146
scissor,Negative,Neg_ctrl_Sample_17,0.00352237279760998,331,2.52113808370404,Sample_100_GSE28146
scissor,Negative,Neg_ctrl_Sample_18,-0.0783350981550485,331,2.52113808370404,Sample_100_GSE28146
scissor,Negative,Neg_ctrl_Sample_19,-0.0895660300427303,331,2.52113808370404,Sample_100_GSE28146
scissor,Negative,Neg_ctrl_Sample_20,-0.0261688685929449,331,2.52113808370404,Sample_100_GSE28146
scissor,Negative,Neg_ctrl_Sample_21,-0.169771069362049,331,2.52113808370404,Sample_100_GSE28146
scissor,Negative,Neg_ctrl_Sample_22,-0.0138746906859211,331,2.52113808370404,Sample_100_GSE28146
scissor,Negative,Neg_ctrl_Sample_23,0.072881417061906,331,2.52113808370404,Sample_100_GSE28146
scissor,Negative,Neg_ctrl_Sample_24,-0.0669367396945574,331,2.52113808370404,Sample_100_GSE28146
scissor,Negative,Neg_ctrl_Sample_25,-0.0330625330390601,331,2.52113808370404,Sample_100_GSE28146
scissor,Negative,Neg_ctrl_Sample_26,-0.123183707192931,331,2.52113808370404,Sample_100_GSE28146
scissor,Negative,Neg_ctrl_Sample_27,0.237401282263242,331,2.52113808370404,Sample_100_GSE28146
scissor,Negative,Neg_ctrl_Sample_28,-0.000694937520982413,331,2.52113808370404,Sample_100_GSE28146
scissor,Negative,Neg_ctrl_Sample_29,0.082531152273447,331,2.52113808370404,Sample_100_GSE28146
scissor,Negative,Neg_ctrl_Sample_30,0.0405359367442216,331,2.52113808370404,Sample_100_GSE28146
scissor,Negative,Neg_ctrl_Sample_31,0.0117834594616031,331,2.52113808370404,Sample_100_GSE28146
scissor,Negative,Neg_ctrl_Sample_32,-0.112914274485209,331,2.52113808370404,Sample_100_GSE28146
scissor,Negative,Neg_ctrl_Sample_33,0.00607347031428605,331,2.52113808370404,Sample_100_GSE28146
scissor,Negative,Neg_ctrl_Sample_34,0.157549865235133,331,2.52113808370404,Sample_100_GSE28146
scissor,Negative,Neg_ctrl_Sample_35,0.0222723571541983,331,2.52113808370404,Sample_100_GSE28146
scissor,Negative,Neg_ctrl_Sample_36,-0.0277417507936377,331,2.52113808370404,Sample_100_GSE28146
scissor,Negative,Neg_ctrl_Sample_37,0.154302985433019,331,2.52113808370404,Sample_100_GSE28146
scissor,Negative,Neg_ctrl_Sample_38,0.111585158934218,331,2.52113808370404,Sample_100_GSE28146
scissor,Negative,Neg_ctrl_Sample_39,0.00322232504501465,331,2.52113808370404,Sample_100_GSE28146
scissor,Negative,Neg_ctrl_Sample_40,-0.157034533522999,331,2.52113808370404,Sample_100_GSE28146
scissor,Negative,Neg_ctrl_Sample_41,-0.0316531609358257,331,2.52113808370404,Sample_100_GSE28146
scissor,Negative,Neg_ctrl_Sample_42,0.150744218881281,331,2.52113808370404,Sample_100_GSE28146
scissor,Negative,Neg_ctrl_Sample_43,0.239763102341098,331,2.52113808370404,Sample_100_GSE28146
scissor,Negative,Neg_ctrl_Sample_44,0.0578609361523214,331,2.52113808370404,Sample_100_GSE28146
scissor,Negative,Neg_ctrl_Sample_45,0.0825724561182529,331,2.52113808370404,Sample_100_GSE28146
scissor,Negative,Neg_ctrl_Sample_46,0.140043618290536,331,2.52113808370404,Sample_100_GSE28146
scissor,Negative,Neg_ctrl_Sample_47,0.133596398240717,331,2.52113808370404,Sample_100_GSE28146
scissor,Negative,Neg_ctrl_Sample_48,0.0509585088819731,331,2.52113808370404,Sample_100_GSE28146
scissor,Negative,Neg_ctrl_Sample_49,0.0411422222966365,331,2.52113808370404,Sample_100_GSE28146
scissor,Negative,Neg_ctrl_Sample_50,0.00551720308012446,331,2.52113808370404,Sample_100_GSE28146
scissor,Negative,Neg_ctrl_Sample_51,-0.0211040113341433,331,2.52113808370404,Sample_100_GSE28146
scissor,Negative,Neg_ctrl_Sample_52,0.230075008585327,331,2.52113808370404,Sample_100_GSE28146
scissor,Negative,Neg_ctrl_Sample_53,-0.148929278142483,331,2.52113808370404,Sample_100_GSE28146
scissor,Negative,Neg_ctrl_Sample_54,0.0345128420628285,331,2.52113808370404,Sample_100_GSE28146
scissor,Negative,Neg_ctrl_Sample_55,0.156716237570773,331,2.52113808370404,Sample_100_GSE28146
scissor,Negative,Neg_ctrl_Sample_56,0.0132920378825075,331,2.52113808370404,Sample_100_GSE28146
scissor,Negative,Neg_ctrl_Sample_57,0.131386446000759,331,2.52113808370404,Sample_100_GSE28146
scissor,Negative,Neg_ctrl_Sample_58,0.0234284571887531,331,2.52113808370404,Sample_100_GSE28146
scissor,Negative,Neg_ctrl_Sample_59,0.00161661957774081,331,2.52113808370404,Sample_100_GSE28146
scissor,Negative,Neg_ctrl_Sample_60,-0.0735317150209543,331,2.52113808370404,Sample_100_GSE28146
scissor,Negative,Neg_ctrl_Sample_61,-0.0909193195991454,331,2.52113808370404,Sample_100_GSE28146
scissor,Negative,Neg_ctrl_Sample_62,-0.0890914849888232,331,2.52113808370404,Sample_100_GSE28146
scissor,Negative,Neg_ctrl_Sample_63,-0.0738618158988148,331,2.52113808370404,Sample_100_GSE28146
scissor,Negative,Neg_ctrl_Sample_64,0.0219961465066831,331,2.52113808370404,Sample_100_GSE28146
scissor,Negative,Neg_ctrl_Sample_65,0.0332948104377017,331,2.52113808370404,Sample_100_GSE28146
scissor,Negative,Neg_ctrl_Sample_66,-0.16956709287876,331,2.52113808370404,Sample_100_GSE28146
scissor,Negative,Neg_ctrl_Sample_67,-0.114010165172634,331,2.52113808370404,Sample_100_GSE28146
scissor,Negative,Neg_ctrl_Sample_68,-0.104939240021294,331,2.52113808370404,Sample_100_GSE28146
scissor,Negative,Neg_ctrl_Sample_69,0.0728095797008688,331,2.52113808370404,Sample_100_GSE28146
scissor,Negative,Neg_ctrl_Sample_70,-0.147303507512831,331,2.52113808370404,Sample_100_GSE28146
scissor,Negative,Neg_ctrl_Sample_71,-0.0521752254209051,331,2.52113808370404,Sample_100_GSE28146
scissor,Negative,Neg_ctrl_Sample_72,-0.058143200056958,331,2.52113808370404,Sample_100_GSE28146
scissor,Negative,Neg_ctrl_Sample_73,0.0426369563553611,331,2.52113808370404,Sample_100_GSE28146
scissor,Negative,Neg_ctrl_Sample_74,0.0507183319590143,331,2.52113808370404,Sample_100_GSE28146
scissor,Negative,Neg_ctrl_Sample_75,0.0641625895241095,331,2.52113808370404,Sample_100_GSE28146
scissor,Negative,Neg_ctrl_Sample_76,0.107830857213113,331,2.52113808370404,Sample_100_GSE28146
scissor,Negative,Neg_ctrl_Sample_77,-0.101559502977169,331,2.52113808370404,Sample_100_GSE28146
scissor,Negative,Neg_ctrl_Sample_78,0.0531404892943219,331,2.52113808370404,Sample_100_GSE28146
scissor,Negative,Neg_ctrl_Sample_79,0.214548757207036,331,2.52113808370404,Sample_100_GSE28146
scissor,Negative,Neg_ctrl_Sample_80,-0.0462519679765696,331,2.52113808370404,Sample_100_GSE28146
scissor,Negative,Neg_ctrl_Sample_81,-0.246138417152411,331,2.52113808370404,Sample_100_GSE28146
scissor,Negative,Neg_ctrl_Sample_82,-0.00144402378480906,331,2.52113808370404,Sample_100_GSE28146
scissor,Negative,Neg_ctrl_Sample_83,0.087855562035485,331,2.52113808370404,Sample_100_GSE28146
scissor,Negative,Neg_ctrl_Sample_84,0.130004753590131,331,2.52113808370404,Sample_100_GSE28146
scissor,Negative,Neg_ctrl_Sample_85,-0.143862439234576,331,2.52113808370404,Sample_100_GSE28146
scissor,Negative,Neg_ctrl_Sample_86,-0.113595553804449,331,2.52113808370404,Sample_100_GSE28146
scissor,Negative,Neg_ctrl_Sample_87,0.0471879654030387,331,2.52113808370404,Sample_100_GSE28146
scissor,Negative,Neg_ctrl_Sample_88,-0.0941800823319241,331,2.52113808370404,Sample_100_GSE28146
scissor,Negative,Neg_ctrl_Sample_89,0.0278635395978764,331,2.52113808370404,Sample_100_GSE28146
scissor,Negative,Neg_ctrl_Sample_90,-0.0791324394555497,331,2.52113808370404,Sample_100_GSE28146
scissor,Negative,Neg_ctrl_Sample_91,0.0139901769284601,331,2.52113808370404,Sample_100_GSE28146
scissor,Negative,Neg_ctrl_Sample_92,0.319001317959871,331,2.52113808370404,Sample_100_GSE28146
scissor,Negative,Neg_ctrl_Sample_93,0.0363029151751381,331,2.52113808370404,Sample_100_GSE28146
scissor,Negative,Neg_ctrl_Sample_94,0.125302511483043,331,2.52113808370404,Sample_100_GSE28146
scissor,Negative,Neg_ctrl_Sample_95,0.0208466384448515,331,2.52113808370404,Sample_100_GSE28146
scissor,Negative,Neg_ctrl_Sample_96,-0.113625967080537,331,2.52113808370404,Sample_100_GSE28146
scissor,Negative,Neg_ctrl_Sample_97,-0.0299880914534018,331,2.52113808370404,Sample_100_GSE28146
scissor,Negative,Neg_ctrl_Sample_98,0.136177630994319,331,2.52113808370404,Sample_100_GSE28146
scissor,Negative,Neg_ctrl_Sample_99,-0.05838766464274,331,2.52113808370404,Sample_100_GSE28146
scissor,Negative,Neg_ctrl_Sample_100,0.0665453256667686,331,2.52113808370404,Sample_100_GSE28146
scissor,Neutral,Neg_ctrl_Sample_1,0.105048254346082,10350,4.01498230858548,Sample_100_GSE28146
scissor,Neutral,Neg_ctrl_Sample_2,0.0846686884705887,10350,4.01498230858548,Sample_100_GSE28146
scissor,Neutral,Neg_ctrl_Sample_3,0.186005029322124,10350,4.01498230858548,Sample_100_GSE28146
scissor,Neutral,Neg_ctrl_Sample_4,-0.00274157641952085,10350,4.01498230858548,Sample_100_GSE28146
scissor,Neutral,Neg_ctrl_Sample_5,-0.0021775661318138,10350,4.01498230858548,Sample_100_GSE28146
scissor,Neutral,Neg_ctrl_Sample_6,0.018463052143956,10350,4.01498230858548,Sample_100_GSE28146
scissor,Neutral,Neg_ctrl_Sample_7,-0.0539045309664,10350,4.01498230858548,Sample_100_GSE28146
scissor,Neutral,Neg_ctrl_Sample_8,-0.0573266580592245,10350,4.01498230858548,Sample_100_GSE28146
scissor,Neutral,Neg_ctrl_Sample_9,-0.107658816160239,10350,4.01498230858548,Sample_100_GSE28146
scissor,Neutral,Neg_ctrl_Sample_10,0.0447420664286911,10350,4.01498230858548,Sample_100_GSE28146
scissor,Neutral,Neg_ctrl_Sample_11,0.0333722795390814,10350,4.01498230858548,Sample_100_GSE28146
scissor,Neutral,Neg_ctrl_Sample_12,0.073394369139977,10350,4.01498230858548,Sample_100_GSE28146
scissor,Neutral,Neg_ctrl_Sample_13,0.0115079169303951,10350,4.01498230858548,Sample_100_GSE28146
scissor,Neutral,Neg_ctrl_Sample_14,0.0751627824914389,10350,4.01498230858548,Sample_100_GSE28146
scissor,Neutral,Neg_ctrl_Sample_15,-0.0206333192944394,10350,4.01498230858548,Sample_100_GSE28146
scissor,Neutral,Neg_ctrl_Sample_16,-0.112985019681016,10350,4.01498230858548,Sample_100_GSE28146
scissor,Neutral,Neg_ctrl_Sample_17,-0.00196561973590956,10350,4.01498230858548,Sample_100_GSE28146
scissor,Neutral,Neg_ctrl_Sample_18,-0.0766301689797131,10350,4.01498230858548,Sample_100_GSE28146
scissor,Neutral,Neg_ctrl_Sample_19,-0.176513257032273,10350,4.01498230858548,Sample_100_GSE28146
scissor,Neutral,Neg_ctrl_Sample_20,-0.0257746701817219,10350,4.01498230858548,Sample_100_GSE28146
scissor,Neutral,Neg_ctrl_Sample_21,-0.165819715801951,10350,4.01498230858548,Sample_100_GSE28146
scissor,Neutral,Neg_ctrl_Sample_22,-0.032062187142398,10350,4.01498230858548,Sample_100_GSE28146
scissor,Neutral,Neg_ctrl_Sample_23,0.0594413941185811,10350,4.01498230858548,Sample_100_GSE28146
scissor,Neutral,Neg_ctrl_Sample_24,-0.0687270049107491,10350,4.01498230858548,Sample_100_GSE28146
scissor,Neutral,Neg_ctrl_Sample_25,-0.0370722448341498,10350,4.01498230858548,Sample_100_GSE28146
scissor,Neutral,Neg_ctrl_Sample_26,-0.121089532790574,10350,4.01498230858548,Sample_100_GSE28146
scissor,Neutral,Neg_ctrl_Sample_27,0.248262241245151,10350,4.01498230858548,Sample_100_GSE28146
scissor,Neutral,Neg_ctrl_Sample_28,-0.00724060780082991,10350,4.01498230858548,Sample_100_GSE28146
scissor,Neutral,Neg_ctrl_Sample_29,0.0702379112410128,10350,4.01498230858548,Sample_100_GSE28146
scissor,Neutral,Neg_ctrl_Sample_30,0.0498447548941087,10350,4.01498230858548,Sample_100_GSE28146
scissor,Neutral,Neg_ctrl_Sample_31,0.0202280065598198,10350,4.01498230858548,Sample_100_GSE28146
scissor,Neutral,Neg_ctrl_Sample_32,-0.109918667391734,10350,4.01498230858548,Sample_100_GSE28146
scissor,Neutral,Neg_ctrl_Sample_33,0.0211972986200252,10350,4.01498230858548,Sample_100_GSE28146
scissor,Neutral,Neg_ctrl_Sample_34,0.151814484077506,10350,4.01498230858548,Sample_100_GSE28146
scissor,Neutral,Neg_ctrl_Sample_35,0.00640067013151295,10350,4.01498230858548,Sample_100_GSE28146
scissor,Neutral,Neg_ctrl_Sample_36,-0.0507953430851683,10350,4.01498230858548,Sample_100_GSE28146
scissor,Neutral,Neg_ctrl_Sample_37,0.184780941580682,10350,4.01498230858548,Sample_100_GSE28146
scissor,Neutral,Neg_ctrl_Sample_38,0.131977994215951,10350,4.01498230858548,Sample_100_GSE28146
scissor,Neutral,Neg_ctrl_Sample_39,-0.0242210311924064,10350,4.01498230858548,Sample_100_GSE28146
scissor,Neutral,Neg_ctrl_Sample_40,-0.176320994935151,10350,4.01498230858548,Sample_100_GSE28146
scissor,Neutral,Neg_ctrl_Sample_41,-0.0443755373644918,10350,4.01498230858548,Sample_100_GSE28146
scissor,Neutral,Neg_ctrl_Sample_42,0.146615185494682,10350,4.01498230858548,Sample_100_GSE28146
scissor,Neutral,Neg_ctrl_Sample_43,0.249425979081759,10350,4.01498230858548,Sample_100_GSE28146
scissor,Neutral,Neg_ctrl_Sample_44,0.0477549457161589,10350,4.01498230858548,Sample_100_GSE28146
scissor,Neutral,Neg_ctrl_Sample_45,0.0173361485235482,10350,4.01498230858548,Sample_100_GSE28146
scissor,Neutral,Neg_ctrl_Sample_46,0.120514740118255,10350,4.01498230858548,Sample_100_GSE28146
scissor,Neutral,Neg_ctrl_Sample_47,0.145379471542312,10350,4.01498230858548,Sample_100_GSE28146
scissor,Neutral,Neg_ctrl_Sample_48,-0.00369703771375025,10350,4.01498230858548,Sample_100_GSE28146
scissor,Neutral,Neg_ctrl_Sample_49,0.0371845184278527,10350,4.01498230858548,Sample_100_GSE28146
scissor,Neutral,Neg_ctrl_Sample_50,-0.0142752944957969,10350,4.01498230858548,Sample_100_GSE28146
scissor,Neutral,Neg_ctrl_Sample_51,-0.0205049223120019,10350,4.01498230858548,Sample_100_GSE28146
scissor,Neutral,Neg_ctrl_Sample_52,0.217994427901565,10350,4.01498230858548,Sample_100_GSE28146
scissor,Neutral,Neg_ctrl_Sample_53,-0.190272740417706,10350,4.01498230858548,Sample_100_GSE28146
scissor,Neutral,Neg_ctrl_Sample_54,-0.00596093454391474,10350,4.01498230858548,Sample_100_GSE28146
scissor,Neutral,Neg_ctrl_Sample_55,0.175026325030315,10350,4.01498230858548,Sample_100_GSE28146
scissor,Neutral,Neg_ctrl_Sample_56,0.024162727859236,10350,4.01498230858548,Sample_100_GSE28146
scissor,Neutral,Neg_ctrl_Sample_57,0.122167126194131,10350,4.01498230858548,Sample_100_GSE28146
scissor,Neutral,Neg_ctrl_Sample_58,0.0249738251855831,10350,4.01498230858548,Sample_100_GSE28146
scissor,Neutral,Neg_ctrl_Sample_59,-0.0570540374717942,10350,4.01498230858548,Sample_100_GSE28146
scissor,Neutral,Neg_ctrl_Sample_60,-0.0950407980182378,10350,4.01498230858548,Sample_100_GSE28146
scissor,Neutral,Neg_ctrl_Sample_61,-0.100635185484405,10350,4.01498230858548,Sample_100_GSE28146
scissor,Neutral,Neg_ctrl_Sample_62,-0.0895033572994251,10350,4.01498230858548,Sample_100_GSE28146
scissor,Neutral,Neg_ctrl_Sample_63,-0.0761302366700587,10350,4.01498230858548,Sample_100_GSE28146
scissor,Neutral,Neg_ctrl_Sample_64,0.0417175873150924,10350,4.01498230858548,Sample_100_GSE28146
scissor,Neutral,Neg_ctrl_Sample_65,0.0415813213444929,10350,4.01498230858548,Sample_100_GSE28146
scissor,Neutral,Neg_ctrl_Sample_66,-0.174690595347925,10350,4.01498230858548,Sample_100_GSE28146
scissor,Neutral,Neg_ctrl_Sample_67,-0.151180589508558,10350,4.01498230858548,Sample_100_GSE28146
scissor,Neutral,Neg_ctrl_Sample_68,-0.146190806579505,10350,4.01498230858548,Sample_100_GSE28146
scissor,Neutral,Neg_ctrl_Sample_69,0.0451767547870206,10350,4.01498230858548,Sample_100_GSE28146
scissor,Neutral,Neg_ctrl_Sample_70,-0.185325349486682,10350,4.01498230858548,Sample_100_GSE28146
scissor,Neutral,Neg_ctrl_Sample_71,-0.0592489020719445,10350,4.01498230858548,Sample_100_GSE28146
scissor,Neutral,Neg_ctrl_Sample_72,-0.106768478153175,10350,4.01498230858548,Sample_100_GSE28146
scissor,Neutral,Neg_ctrl_Sample_73,0.0421890096797853,10350,4.01498230858548,Sample_100_GSE28146
scissor,Neutral,Neg_ctrl_Sample_74,0.0453420322029138,10350,4.01498230858548,Sample_100_GSE28146
scissor,Neutral,Neg_ctrl_Sample_75,0.0562324857919934,10350,4.01498230858548,Sample_100_GSE28146
scissor,Neutral,Neg_ctrl_Sample_76,0.121749166444951,10350,4.01498230858548,Sample_100_GSE28146
scissor,Neutral,Neg_ctrl_Sample_77,-0.135466765595527,10350,4.01498230858548,Sample_100_GSE28146
scissor,Neutral,Neg_ctrl_Sample_78,0.066696574455483,10350,4.01498230858548,Sample_100_GSE28146
scissor,Neutral,Neg_ctrl_Sample_79,0.220281610919475,10350,4.01498230858548,Sample_100_GSE28146
scissor,Neutral,Neg_ctrl_Sample_80,-0.0522225925571554,10350,4.01498230858548,Sample_100_GSE28146
scissor,Neutral,Neg_ctrl_Sample_81,-0.246721963514115,10350,4.01498230858548,Sample_100_GSE28146
scissor,Neutral,Neg_ctrl_Sample_82,0.00378758183067648,10350,4.01498230858548,Sample_100_GSE28146
scissor,Neutral,Neg_ctrl_Sample_83,0.0944013272792708,10350,4.01498230858548,Sample_100_GSE28146
scissor,Neutral,Neg_ctrl_Sample_84,0.108305538384409,10350,4.01498230858548,Sample_100_GSE28146
scissor,Neutral,Neg_ctrl_Sample_85,-0.160616921462662,10350,4.01498230858548,Sample_100_GSE28146
scissor,Neutral,Neg_ctrl_Sample_86,-0.128790630388443,10350,4.01498230858548,Sample_100_GSE28146
scissor,Neutral,Neg_ctrl_Sample_87,0.0578194379884156,10350,4.01498230858548,Sample_100_GSE28146
scissor,Neutral,Neg_ctrl_Sample_88,-0.103436857839846,10350,4.01498230858548,Sample_100_GSE28146
scissor,Neutral,Neg_ctrl_Sample_89,0.0360033246222703,10350,4.01498230858548,Sample_100_GSE28146
scissor,Neutral,Neg_ctrl_Sample_90,-0.109671284730066,10350,4.01498230858548,Sample_100_GSE28146
scissor,Neutral,Neg_ctrl_Sample_91,0.0326364587871039,10350,4.01498230858548,Sample_100_GSE28146
scissor,Neutral,Neg_ctrl_Sample_92,0.313224476692603,10350,4.01498230858548,Sample_100_GSE28146
scissor,Neutral,Neg_ctrl_Sample_93,0.0592702063426733,10350,4.01498230858548,Sample_100_GSE28146
scissor,Neutral,Neg_ctrl_Sample_94,0.139735401150069,10350,4.01498230858548,Sample_100_GSE28146
scissor,Neutral,Neg_ctrl_Sample_95,0.0191533057839704,10350,4.01498230858548,Sample_100_GSE28146
scissor,Neutral,Neg_ctrl_Sample_96,-0.102707065025779,10350,4.01498230858548,Sample_100_GSE28146
scissor,Neutral,Neg_ctrl_Sample_97,-0.0325129899712412,10350,4.01498230858548,Sample_100_GSE28146
scissor,Neutral,Neg_ctrl_Sample_98,0.114065522070379,10350,4.01498230858548,Sample_100_GSE28146
scissor,Neutral,Neg_ctrl_Sample_99,-0.0755186452898529,10350,4.01498230858548,Sample_100_GSE28146
scissor,Neutral,Neg_ctrl_Sample_100,0.0591002604824618,10350,4.01498230858548,Sample_100_GSE28146
scissor,Positive,Neg_ctrl_Sample_1,0.097763892260245,2128,3.32817566143832,Sample_100_GSE28146
scissor,Positive,Neg_ctrl_Sample_2,0.067560447261242,2128,3.32817566143832,Sample_100_GSE28146
scissor,Positive,Neg_ctrl_Sample_3,0.180306018505444,2128,3.32817566143832,Sample_100_GSE28146
scissor,Positive,Neg_ctrl_Sample_4,0.00148875369499786,2128,3.32817566143832,Sample_100_GSE28146
scissor,Positive,Neg_ctrl_Sample_5,-0.0169069112687442,2128,3.32817566143832,Sample_100_GSE28146
scissor,Positive,Neg_ctrl_Sample_6,0.0235658478447703,2128,3.32817566143832,Sample_100_GSE28146
scissor,Positive,Neg_ctrl_Sample_7,-0.0564317668208761,2128,3.32817566143832,Sample_100_GSE28146
scissor,Positive,Neg_ctrl_Sample_8,-0.0464113651200064,2128,3.32817566143832,Sample_100_GSE28146
scissor,Positive,Neg_ctrl_Sample_9,-0.105737579850542,2128,3.32817566143832,Sample_100_GSE28146
scissor,Positive,Neg_ctrl_Sample_10,0.0518882718828152,2128,3.32817566143832,Sample_100_GSE28146
scissor,Positive,Neg_ctrl_Sample_11,0.0372028723753604,2128,3.32817566143832,Sample_100_GSE28146
scissor,Positive,Neg_ctrl_Sample_12,0.0801657242786351,2128,3.32817566143832,Sample_100_GSE28146
scissor,Positive,Neg_ctrl_Sample_13,0.00840164182237614,2128,3.32817566143832,Sample_100_GSE28146
scissor,Positive,Neg_ctrl_Sample_14,0.0696646936079044,2128,3.32817566143832,Sample_100_GSE28146
scissor,Positive,Neg_ctrl_Sample_15,-0.0154383342487039,2128,3.32817566143832,Sample_100_GSE28146
scissor,Positive,Neg_ctrl_Sample_16,-0.119647817640649,2128,3.32817566143832,Sample_100_GSE28146
scissor,Positive,Neg_ctrl_Sample_17,-0.00413457732239966,2128,3.32817566143832,Sample_100_GSE28146
scissor,Positive,Neg_ctrl_Sample_18,-0.0840379693900532,2128,3.32817566143832,Sample_100_GSE28146
scissor,Positive,Neg_ctrl_Sample_19,-0.194017341999937,2128,3.32817566143832,Sample_100_GSE28146
scissor,Positive,Neg_ctrl_Sample_20,-0.0199824633139311,2128,3.32817566143832,Sample_100_GSE28146
scissor,Positive,Neg_ctrl_Sample_21,-0.171537011080227,2128,3.32817566143832,Sample_100_GSE28146
scissor,Positive,Neg_ctrl_Sample_22,-0.0331013456328037,2128,3.32817566143832,Sample_100_GSE28146
scissor,Positive,Neg_ctrl_Sample_23,0.0605033067789807,2128,3.32817566143832,Sample_100_GSE28146
scissor,Positive,Neg_ctrl_Sample_24,-0.0507595534762468,2128,3.32817566143832,Sample_100_GSE28146
scissor,Positive,Neg_ctrl_Sample_25,-0.0331761476779057,2128,3.32817566143832,Sample_100_GSE28146
scissor,Positive,Neg_ctrl_Sample_26,-0.11976439860389,2128,3.32817566143832,Sample_100_GSE28146
scissor,Positive,Neg_ctrl_Sample_27,0.240870533165807,2128,3.32817566143832,Sample_100_GSE28146
scissor,Positive,Neg_ctrl_Sample_28,-0.014502414331567,2128,3.32817566143832,Sample_100_GSE28146
scissor,Positive,Neg_ctrl_Sample_29,0.0868745362701851,2128,3.32817566143832,Sample_100_GSE28146
scissor,Positive,Neg_ctrl_Sample_30,0.0566578814955736,2128,3.32817566143832,Sample_100_GSE28146
scissor,Positive,Neg_ctrl_Sample_31,0.013527782963984,2128,3.32817566143832,Sample_100_GSE28146
scissor,Positive,Neg_ctrl_Sample_32,-0.102164697584279,2128,3.32817566143832,Sample_100_GSE28146
scissor,Positive,Neg_ctrl_Sample_33,0.029085336286523,2128,3.32817566143832,Sample_100_GSE28146
scissor,Positive,Neg_ctrl_Sample_34,0.137942864606953,2128,3.32817566143832,Sample_100_GSE28146
scissor,Positive,Neg_ctrl_Sample_35,0.0111203363164428,2128,3.32817566143832,Sample_100_GSE28146
scissor,Positive,Neg_ctrl_Sample_36,-0.0575954224202336,2128,3.32817566143832,Sample_100_GSE28146
scissor,Positive,Neg_ctrl_Sample_37,0.176573233833669,2128,3.32817566143832,Sample_100_GSE28146
scissor,Positive,Neg_ctrl_Sample_38,0.133018309460025,2128,3.32817566143832,Sample_100_GSE28146
scissor,Positive,Neg_ctrl_Sample_39,-0.0262936315552858,2128,3.32817566143832,Sample_100_GSE28146
scissor,Positive,Neg_ctrl_Sample_40,-0.17514698620363,2128,3.32817566143832,Sample_100_GSE28146
scissor,Positive,Neg_ctrl_Sample_41,-0.0427417016937615,2128,3.32817566143832,Sample_100_GSE28146
scissor,Positive,Neg_ctrl_Sample_42,0.151756669453249,2128,3.32817566143832,Sample_100_GSE28146
scissor,Positive,Neg_ctrl_Sample_43,0.249853699325295,2128,3.32817566143832,Sample_100_GSE28146
scissor,Positive,Neg_ctrl_Sample_44,0.0475564712371899,2128,3.32817566143832,Sample_100_GSE28146
scissor,Positive,Neg_ctrl_Sample_45,-0.0011255005269989,2128,3.32817566143832,Sample_100_GSE28146
scissor,Positive,Neg_ctrl_Sample_46,0.114511018664866,2128,3.32817566143832,Sample_100_GSE28146
scissor,Positive,Neg_ctrl_Sample_47,0.143573013608746,2128,3.32817566143832,Sample_100_GSE28146
scissor,Positive,Neg_ctrl_Sample_48,0.0108427159862909,2128,3.32817566143832,Sample_100_GSE28146
scissor,Positive,Neg_ctrl_Sample_49,0.0370502827741935,2128,3.32817566143832,Sample_100_GSE28146
scissor,Positive,Neg_ctrl_Sample_50,-0.0152814071713597,2128,3.32817566143832,Sample_100_GSE28146
scissor,Positive,Neg_ctrl_Sample_51,-0.023232984886549,2128,3.32817566143832,Sample_100_GSE28146
scissor,Positive,Neg_ctrl_Sample_52,0.215204806718898,2128,3.32817566143832,Sample_100_GSE28146
scissor,Positive,Neg_ctrl_Sample_53,-0.192365560269255,2128,3.32817566143832,Sample_100_GSE28146
scissor,Positive,Neg_ctrl_Sample_54,-0.00420253537419642,2128,3.32817566143832,Sample_100_GSE28146
scissor,Positive,Neg_ctrl_Sample_55,0.171555446243528,2128,3.32817566143832,Sample_100_GSE28146
scissor,Positive,Neg_ctrl_Sample_56,0.0341778695810483,2128,3.32817566143832,Sample_100_GSE28146
scissor,Positive,Neg_ctrl_Sample_57,0.1065538915031,2128,3.32817566143832,Sample_100_GSE28146
scissor,Positive,Neg_ctrl_Sample_58,0.0286131692426604,2128,3.32817566143832,Sample_100_GSE28146
scissor,Positive,Neg_ctrl_Sample_59,-0.0665608847036965,2128,3.32817566143832,Sample_100_GSE28146
scissor,Positive,Neg_ctrl_Sample_60,-0.0989034698267674,2128,3.32817566143832,Sample_100_GSE28146
scissor,Positive,Neg_ctrl_Sample_61,-0.0962431248525216,2128,3.32817566143832,Sample_100_GSE28146
scissor,Positive,Neg_ctrl_Sample_62,-0.0878110611294296,2128,3.32817566143832,Sample_100_GSE28146
scissor,Positive,Neg_ctrl_Sample_63,-0.0670451692578657,2128,3.32817566143832,Sample_100_GSE28146
scissor,Positive,Neg_ctrl_Sample_64,0.0464404352030276,2128,3.32817566143832,Sample_100_GSE28146
scissor,Positive,Neg_ctrl_Sample_65,0.043689243152935,2128,3.32817566143832,Sample_100_GSE28146
scissor,Positive,Neg_ctrl_Sample_66,-0.16208744441535,2128,3.32817566143832,Sample_100_GSE28146
scissor,Positive,Neg_ctrl_Sample_67,-0.145508486896915,2128,3.32817566143832,Sample_100_GSE28146
scissor,Positive,Neg_ctrl_Sample_68,-0.149416313971265,2128,3.32817566143832,Sample_100_GSE28146
scissor,Positive,Neg_ctrl_Sample_69,0.0383839671650476,2128,3.32817566143832,Sample_100_GSE28146
scissor,Positive,Neg_ctrl_Sample_70,-0.201063510632197,2128,3.32817566143832,Sample_100_GSE28146
scissor,Positive,Neg_ctrl_Sample_71,-0.0552148978657118,2128,3.32817566143832,Sample_100_GSE28146
scissor,Positive,Neg_ctrl_Sample_72,-0.105703036621435,2128,3.32817566143832,Sample_100_GSE28146
scissor,Positive,Neg_ctrl_Sample_73,0.0548604570464096,2128,3.32817566143832,Sample_100_GSE28146
scissor,Positive,Neg_ctrl_Sample_74,0.0502067424600978,2128,3.32817566143832,Sample_100_GSE28146
scissor,Positive,Neg_ctrl_Sample_75,0.0468723348784539,2128,3.32817566143832,Sample_100_GSE28146
scissor,Positive,Neg_ctrl_Sample_76,0.125251274443531,2128,3.32817566143832,Sample_100_GSE28146
scissor,Positive,Neg_ctrl_Sample_77,-0.131381466858646,2128,3.32817566143832,Sample_100_GSE28146
scissor,Positive,Neg_ctrl_Sample_78,0.062831964764389,2128,3.32817566143832,Sample_100_GSE28146
scissor,Positive,Neg_ctrl_Sample_79,0.219167337624405,2128,3.32817566143832,Sample_100_GSE28146
scissor,Positive,Neg_ctrl_Sample_80,-0.0536524430069791,2128,3.32817566143832,Sample_100_GSE28146
scissor,Positive,Neg_ctrl_Sample_81,-0.241677282491281,2128,3.32817566143832,Sample_100_GSE28146
scissor,Positive,Neg_ctrl_Sample_82,0.0110794357839811,2128,3.32817566143832,Sample_100_GSE28146
scissor,Positive,Neg_ctrl_Sample_83,0.102885421531615,2128,3.32817566143832,Sample_100_GSE28146
scissor,Positive,Neg_ctrl_Sample_84,0.106458233985257,2128,3.32817566143832,Sample_100_GSE28146
scissor,Positive,Neg_ctrl_Sample_85,-0.1647182028234,2128,3.32817566143832,Sample_100_GSE28146
scissor,Positive,Neg_ctrl_Sample_86,-0.132275189394697,2128,3.32817566143832,Sample_100_GSE28146
scissor,Positive,Neg_ctrl_Sample_87,0.0710859948849909,2128,3.32817566143832,Sample_100_GSE28146
scissor,Positive,Neg_ctrl_Sample_88,-0.0991943584258186,2128,3.32817566143832,Sample_100_GSE28146
scissor,Positive,Neg_ctrl_Sample_89,0.0340167864992516,2128,3.32817566143832,Sample_100_GSE28146
scissor,Positive,Neg_ctrl_Sample_90,-0.109224831296585,2128,3.32817566143832,Sample_100_GSE28146
scissor,Positive,Neg_ctrl_Sample_91,0.0268514649923666,2128,3.32817566143832,Sample_100_GSE28146
scissor,Positive,Neg_ctrl_Sample_92,0.308452890852491,2128,3.32817566143832,Sample_100_GSE28146
scissor,Positive,Neg_ctrl_Sample_93,0.0689485331349644,2128,3.32817566143832,Sample_100_GSE28146
scissor,Positive,Neg_ctrl_Sample_94,0.148813992490508,2128,3.32817566143832,Sample_100_GSE28146
scissor,Positive,Neg_ctrl_Sample_95,0.0219815501623432,2128,3.32817566143832,Sample_100_GSE28146
scissor,Positive,Neg_ctrl_Sample_96,-0.0973430046560345,2128,3.32817566143832,Sample_100_GSE28146
scissor,Positive,Neg_ctrl_Sample_97,-0.0271382640957396,2128,3.32817566143832,Sample_100_GSE28146
scissor,Positive,Neg_ctrl_Sample_98,0.112215847516897,2128,3.32817566143832,Sample_100_GSE28146
scissor,Positive,Neg_ctrl_Sample_99,-0.0828101429587248,2128,3.32817566143832,Sample_100_GSE28146
scissor,Positive,Neg_ctrl_Sample_100,0.0796511274142613,2128,3.32817566143832,Sample_100_GSE28146
scAB,Other,Neg_ctrl_Sample_1,0.104453636705853,11444,4.05861579701056,Sample_100_GSE28146
scAB,Other,Neg_ctrl_Sample_2,0.0825075859297108,11444,4.05861579701056,Sample_100_GSE28146
scAB,Other,Neg_ctrl_Sample_3,0.185308581901858,11444,4.05861579701056,Sample_100_GSE28146
scAB,Other,Neg_ctrl_Sample_4,-0.00440121245439218,11444,4.05861579701056,Sample_100_GSE28146
scAB,Other,Neg_ctrl_Sample_5,-0.00377053899695651,11444,4.05861579701056,Sample_100_GSE28146
scAB,Other,Neg_ctrl_Sample_6,0.0179275738365019,11444,4.05861579701056,Sample_100_GSE28146
scAB,Other,Neg_ctrl_Sample_7,-0.0544385844233393,11444,4.05861579701056,Sample_100_GSE28146
scAB,Other,Neg_ctrl_Sample_8,-0.0554383275774284,11444,4.05861579701056,Sample_100_GSE28146
scAB,Other,Neg_ctrl_Sample_9,-0.107743728312944,11444,4.05861579701056,Sample_100_GSE28146
scAB,Other,Neg_ctrl_Sample_10,0.0440820525188377,11444,4.05861579701056,Sample_100_GSE28146
scAB,Other,Neg_ctrl_Sample_11,0.0337123372110064,11444,4.05861579701056,Sample_100_GSE28146
scAB,Other,Neg_ctrl_Sample_12,0.0748110459410373,11444,4.05861579701056,Sample_100_GSE28146
scAB,Other,Neg_ctrl_Sample_13,0.0104246038949109,11444,4.05861579701056,Sample_100_GSE28146
scAB,Other,Neg_ctrl_Sample_14,0.0743685831186792,11444,4.05861579701056,Sample_100_GSE28146
scAB,Other,Neg_ctrl_Sample_15,-0.0199881117401484,11444,4.05861579701056,Sample_100_GSE28146
scAB,Other,Neg_ctrl_Sample_16,-0.115081720146977,11444,4.05861579701056,Sample_100_GSE28146
scAB,Other,Neg_ctrl_Sample_17,-0.00372450118511089,11444,4.05861579701056,Sample_100_GSE28146
scAB,Other,Neg_ctrl_Sample_18,-0.0779256574261126,11444,4.05861579701056,Sample_100_GSE28146
scAB,Other,Neg_ctrl_Sample_19,-0.177424056931,11444,4.05861579701056,Sample_100_GSE28146
scAB,Other,Neg_ctrl_Sample_20,-0.0258431289301241,11444,4.05861579701056,Sample_100_GSE28146
scAB,Other,Neg_ctrl_Sample_21,-0.168508117531513,11444,4.05861579701056,Sample_100_GSE28146
scAB,Other,Neg_ctrl_Sample_22,-0.0323772487949042,11444,4.05861579701056,Sample_100_GSE28146
scAB,Other,Neg_ctrl_Sample_23,0.0598123844249722,11444,4.05861579701056,Sample_100_GSE28146
scAB,Other,Neg_ctrl_Sample_24,-0.0666701308141978,11444,4.05861579701056,Sample_100_GSE28146
scAB,Other,Neg_ctrl_Sample_25,-0.0368214768734093,11444,4.05861579701056,Sample_100_GSE28146
scAB,Other,Neg_ctrl_Sample_26,-0.121583617043016,11444,4.05861579701056,Sample_100_GSE28146
scAB,Other,Neg_ctrl_Sample_27,0.247057496809775,11444,4.05861579701056,Sample_100_GSE28146
scAB,Other,Neg_ctrl_Sample_28,-0.00768681185852181,11444,4.05861579701056,Sample_100_GSE28146
scAB,Other,Neg_ctrl_Sample_29,0.0729164947709561,11444,4.05861579701056,Sample_100_GSE28146
scAB,Other,Neg_ctrl_Sample_30,0.0498437630326419,11444,4.05861579701056,Sample_100_GSE28146
scAB,Other,Neg_ctrl_Sample_31,0.0176374138907685,11444,4.05861579701056,Sample_100_GSE28146
scAB,Other,Neg_ctrl_Sample_32,-0.109065939857848,11444,4.05861579701056,Sample_100_GSE28146
scAB,Other,Neg_ctrl_Sample_33,0.020866776857588,11444,4.05861579701056,Sample_100_GSE28146
scAB,Other,Neg_ctrl_Sample_34,0.150013251110357,11444,4.05861579701056,Sample_100_GSE28146
scAB,Other,Neg_ctrl_Sample_35,0.00794790669583552,11444,4.05861579701056,Sample_100_GSE28146
scAB,Other,Neg_ctrl_Sample_36,-0.051539639465991,11444,4.05861579701056,Sample_100_GSE28146
scAB,Other,Neg_ctrl_Sample_37,0.182251804109448,11444,4.05861579701056,Sample_100_GSE28146
scAB,Other,Neg_ctrl_Sample_38,0.131196093572552,11444,4.05861579701056,Sample_100_GSE28146
scAB,Other,Neg_ctrl_Sample_39,-0.0233855379080439,11444,4.05861579701056,Sample_100_GSE28146
scAB,Other,Neg_ctrl_Sample_40,-0.175393639631433,11444,4.05861579701056,Sample_100_GSE28146
scAB,Other,Neg_ctrl_Sample_41,-0.0445833510939335,11444,4.05861579701056,Sample_100_GSE28146
scAB,Other,Neg_ctrl_Sample_42,0.148028537257478,11444,4.05861579701056,Sample_100_GSE28146
scAB,Other,Neg_ctrl_Sample_43,0.249698614387269,11444,4.05861579701056,Sample_100_GSE28146
scAB,Other,Neg_ctrl_Sample_44,0.0481078319322033,11444,4.05861579701056,Sample_100_GSE28146
scAB,Other,Neg_ctrl_Sample_45,0.0156055630985623,11444,4.05861579701056,Sample_100_GSE28146
scAB,Other,Neg_ctrl_Sample_46,0.120208481978261,11444,4.05861579701056,Sample_100_GSE28146
scAB,Other,Neg_ctrl_Sample_47,0.145079113438393,11444,4.05861579701056,Sample_100_GSE28146
scAB,Other,Neg_ctrl_Sample_48,-0.00154946713416182,11444,4.05861579701056,Sample_100_GSE28146
scAB,Other,Neg_ctrl_Sample_49,0.0370037614336033,11444,4.05861579701056,Sample_100_GSE28146
scAB,Other,Neg_ctrl_Sample_50,-0.0141305791079631,11444,4.05861579701056,Sample_100_GSE28146
scAB,Other,Neg_ctrl_Sample_51,-0.0218493412457418,11444,4.05861579701056,Sample_100_GSE28146
scAB,Other,Neg_ctrl_Sample_52,0.218312247633901,11444,4.05861579701056,Sample_100_GSE28146
scAB,Other,Neg_ctrl_Sample_53,-0.191013825929893,11444,4.05861579701056,Sample_100_GSE28146
scAB,Other,Neg_ctrl_Sample_54,-0.00571645732938538,11444,4.05861579701056,Sample_100_GSE28146
scAB,Other,Neg_ctrl_Sample_55,0.174370795730904,11444,4.05861579701056,Sample_100_GSE28146
scAB,Other,Neg_ctrl_Sample_56,0.0258657760191561,11444,4.05861579701056,Sample_100_GSE28146
scAB,Other,Neg_ctrl_Sample_57,0.120680987064537,11444,4.05861579701056,Sample_100_GSE28146
scAB,Other,Neg_ctrl_Sample_58,0.0254402443743236,11444,4.05861579701056,Sample_100_GSE28146
scAB,Other,Neg_ctrl_Sample_59,-0.0585855080515235,11444,4.05861579701056,Sample_100_GSE28146
scAB,Other,Neg_ctrl_Sample_60,-0.0952923081340523,11444,4.05861579701056,Sample_100_GSE28146
scAB,Other,Neg_ctrl_Sample_61,-0.0999023133156558,11444,4.05861579701056,Sample_100_GSE28146
scAB,Other,Neg_ctrl_Sample_62,-0.0895104405158128,11444,4.05861579701056,Sample_100_GSE28146
scAB,Other,Neg_ctrl_Sample_63,-0.0767593490271289,11444,4.05861579701056,Sample_100_GSE28146
scAB,Other,Neg_ctrl_Sample_64,0.0409579290072199,11444,4.05861579701056,Sample_100_GSE28146
scAB,Other,Neg_ctrl_Sample_65,0.0420224040475459,11444,4.05861579701056,Sample_100_GSE28146
scAB,Other,Neg_ctrl_Sample_66,-0.173209390048602,11444,4.05861579701056,Sample_100_GSE28146
scAB,Other,Neg_ctrl_Sample_67,-0.149462284753307,11444,4.05861579701056,Sample_100_GSE28146
scAB,Other,Neg_ctrl_Sample_68,-0.146994199790154,11444,4.05861579701056,Sample_100_GSE28146
scAB,Other,Neg_ctrl_Sample_69,0.0449507442178543,11444,4.05861579701056,Sample_100_GSE28146
scAB,Other,Neg_ctrl_Sample_70,-0.188967206842998,11444,4.05861579701056,Sample_100_GSE28146
scAB,Other,Neg_ctrl_Sample_71,-0.0590246254369119,11444,4.05861579701056,Sample_100_GSE28146
scAB,Other,Neg_ctrl_Sample_72,-0.106746766151543,11444,4.05861579701056,Sample_100_GSE28146
scAB,Other,Neg_ctrl_Sample_73,0.0431087080135341,11444,4.05861579701056,Sample_100_GSE28146
scAB,Other,Neg_ctrl_Sample_74,0.0454377847345883,11444,4.05861579701056,Sample_100_GSE28146
scAB,Other,Neg_ctrl_Sample_75,0.0554724320032612,11444,4.05861579701056,Sample_100_GSE28146
scAB,Other,Neg_ctrl_Sample_76,0.122164409205543,11444,4.05861579701056,Sample_100_GSE28146
scAB,Other,Neg_ctrl_Sample_77,-0.134821145188421,11444,4.05861579701056,Sample_100_GSE28146
scAB,Other,Neg_ctrl_Sample_78,0.0658110921204185,11444,4.05861579701056,Sample_100_GSE28146
scAB,Other,Neg_ctrl_Sample_79,0.220414501443791,11444,4.05861579701056,Sample_100_GSE28146
scAB,Other,Neg_ctrl_Sample_80,-0.0521233152506076,11444,4.05861579701056,Sample_100_GSE28146
scAB,Other,Neg_ctrl_Sample_81,-0.247649622716915,11444,4.05861579701056,Sample_100_GSE28146
scAB,Other,Neg_ctrl_Sample_82,0.00374535634366942,11444,4.05861579701056,Sample_100_GSE28146
scAB,Other,Neg_ctrl_Sample_83,0.0958196489329137,11444,4.05861579701056,Sample_100_GSE28146
scAB,Other,Neg_ctrl_Sample_84,0.108098696989883,11444,4.05861579701056,Sample_100_GSE28146
scAB,Other,Neg_ctrl_Sample_85,-0.161053184927374,11444,4.05861579701056,Sample_100_GSE28146
scAB,Other,Neg_ctrl_Sample_86,-0.128956565778972,11444,4.05861579701056,Sample_100_GSE28146
scAB,Other,Neg_ctrl_Sample_87,0.0598705353121516,11444,4.05861579701056,Sample_100_GSE28146
scAB,Other,Neg_ctrl_Sample_88,-0.103080733600569,11444,4.05861579701056,Sample_100_GSE28146
scAB,Other,Neg_ctrl_Sample_89,0.0359790758994427,11444,4.05861579701056,Sample_100_GSE28146
scAB,Other,Neg_ctrl_Sample_90,-0.109074638336909,11444,4.05861579701056,Sample_100_GSE28146
scAB,Other,Neg_ctrl_Sample_91,0.0313443290935016,11444,4.05861579701056,Sample_100_GSE28146
scAB,Other,Neg_ctrl_Sample_92,0.312467514912109,11444,4.05861579701056,Sample_100_GSE28146
scAB,Other,Neg_ctrl_Sample_93,0.0591286887800799,11444,4.05861579701056,Sample_100_GSE28146
scAB,Other,Neg_ctrl_Sample_94,0.140663714638753,11444,4.05861579701056,Sample_100_GSE28146
scAB,Other,Neg_ctrl_Sample_95,0.0192737876998074,11444,4.05861579701056,Sample_100_GSE28146
scAB,Other,Neg_ctrl_Sample_96,-0.106199656228563,11444,4.05861579701056,Sample_100_GSE28146
scAB,Other,Neg_ctrl_Sample_97,-0.0315972145952384,11444,4.05861579701056,Sample_100_GSE28146
scAB,Other,Neg_ctrl_Sample_98,0.113813400808635,11444,4.05861579701056,Sample_100_GSE28146
scAB,Other,Neg_ctrl_Sample_99,-0.0769424082545802,11444,4.05861579701056,Sample_100_GSE28146
scAB,Other,Neg_ctrl_Sample_100,0.0619672598767752,11444,4.05861579701056,Sample_100_GSE28146
scAB,Positive,Neg_ctrl_Sample_1,0.100423208555761,1365,3.13545069934551,Sample_100_GSE28146
scAB,Positive,Neg_ctrl_Sample_2,0.0829958801369498,1365,3.13545069934551,Sample_100_GSE28146
scAB,Positive,Neg_ctrl_Sample_3,0.185500501857811,1365,3.13545069934551,Sample_100_GSE28146
scAB,Positive,Neg_ctrl_Sample_4,0.0154304581289577,1365,3.13545069934551,Sample_100_GSE28146
scAB,Positive,Neg_ctrl_Sample_5,0.000982803843343592,1365,3.13545069934551,Sample_100_GSE28146
scAB,Positive,Neg_ctrl_Sample_6,0.028939540781865,1365,3.13545069934551,Sample_100_GSE28146
scAB,Positive,Neg_ctrl_Sample_7,-0.0552468574856195,1365,3.13545069934551,Sample_100_GSE28146
scAB,Positive,Neg_ctrl_Sample_8,-0.0556483241305377,1365,3.13545069934551,Sample_100_GSE28146
scAB,Positive,Neg_ctrl_Sample_9,-0.0997098027815349,1365,3.13545069934551,Sample_100_GSE28146
scAB,Positive,Neg_ctrl_Sample_10,0.0541654384041316,1365,3.13545069934551,Sample_100_GSE28146
scAB,Positive,Neg_ctrl_Sample_11,0.0349193444561906,1365,3.13545069934551,Sample_100_GSE28146
scAB,Positive,Neg_ctrl_Sample_12,0.0753298884066007,1365,3.13545069934551,Sample_100_GSE28146
scAB,Positive,Neg_ctrl_Sample_13,0.0136879705563849,1365,3.13545069934551,Sample_100_GSE28146
scAB,Positive,Neg_ctrl_Sample_14,0.0744191042141517,1365,3.13545069934551,Sample_100_GSE28146
scAB,Positive,Neg_ctrl_Sample_15,-0.00801988771346549,1365,3.13545069934551,Sample_100_GSE28146
scAB,Positive,Neg_ctrl_Sample_16,-0.100863749625608,1365,3.13545069934551,Sample_100_GSE28146
scAB,Positive,Neg_ctrl_Sample_17,0.010730074834936,1365,3.13545069934551,Sample_100_GSE28146
scAB,Positive,Neg_ctrl_Sample_18,-0.0777309463054589,1365,3.13545069934551,Sample_100_GSE28146
scAB,Positive,Neg_ctrl_Sample_19,-0.17508173075874,1365,3.13545069934551,Sample_100_GSE28146
scAB,Positive,Neg_ctrl_Sample_20,-0.0162664075756721,1365,3.13545069934551,Sample_100_GSE28146
scAB,Positive,Neg_ctrl_Sample_21,-0.153151754620597,1365,3.13545069934551,Sample_100_GSE28146
scAB,Positive,Neg_ctrl_Sample_22,-0.0266304672810125,1365,3.13545069934551,Sample_100_GSE28146
scAB,Positive,Neg_ctrl_Sample_23,0.0612456319714958,1365,3.13545069934551,Sample_100_GSE28146
scAB,Positive,Neg_ctrl_Sample_24,-0.0575266772343786,1365,3.13545069934551,Sample_100_GSE28146
scAB,Positive,Neg_ctrl_Sample_25,-0.032128420064958,1365,3.13545069934551,Sample_100_GSE28146
scAB,Positive,Neg_ctrl_Sample_26,-0.115389156228645,1365,3.13545069934551,Sample_100_GSE28146
scAB,Positive,Neg_ctrl_Sample_27,0.244205510917371,1365,3.13545069934551,Sample_100_GSE28146
scAB,Positive,Neg_ctrl_Sample_28,-0.0132333903638719,1365,3.13545069934551,Sample_100_GSE28146
scAB,Positive,Neg_ctrl_Sample_29,0.0766980511143766,1365,3.13545069934551,Sample_100_GSE28146
scAB,Positive,Neg_ctrl_Sample_30,0.0582172570647521,1365,3.13545069934551,Sample_100_GSE28146
scAB,Positive,Neg_ctrl_Sample_31,0.0294540297123291,1365,3.13545069934551,Sample_100_GSE28146
scAB,Positive,Neg_ctrl_Sample_32,-0.105706002260207,1365,3.13545069934551,Sample_100_GSE28146
scAB,Positive,Neg_ctrl_Sample_33,0.0325982129309702,1365,3.13545069934551,Sample_100_GSE28146
scAB,Positive,Neg_ctrl_Sample_34,0.146681088477427,1365,3.13545069934551,Sample_100_GSE28146
scAB,Positive,Neg_ctrl_Sample_35,0.0046353974604007,1365,3.13545069934551,Sample_100_GSE28146
scAB,Positive,Neg_ctrl_Sample_36,-0.0495661137770292,1365,3.13545069934551,Sample_100_GSE28146
scAB,Positive,Neg_ctrl_Sample_37,0.185798702496633,1365,3.13545069934551,Sample_100_GSE28146
scAB,Positive,Neg_ctrl_Sample_38,0.135210106541369,1365,3.13545069934551,Sample_100_GSE28146
scAB,Positive,Neg_ctrl_Sample_39,-0.0278020772025648,1365,3.13545069934551,Sample_100_GSE28146
scAB,Positive,Neg_ctrl_Sample_40,-0.177588793314382,1365,3.13545069934551,Sample_100_GSE28146
scAB,Positive,Neg_ctrl_Sample_41,-0.0370010837198511,1365,3.13545069934551,Sample_100_GSE28146
scAB,Positive,Neg_ctrl_Sample_42,0.143782504426076,1365,3.13545069934551,Sample_100_GSE28146
scAB,Positive,Neg_ctrl_Sample_43,0.245463882408383,1365,3.13545069934551,Sample_100_GSE28146
scAB,Positive,Neg_ctrl_Sample_44,0.0469375825562406,1365,3.13545069934551,Sample_100_GSE28146
scAB,Positive,Neg_ctrl_Sample_45,0.0188831435695715,1365,3.13545069934551,Sample_100_GSE28146
scAB,Positive,Neg_ctrl_Sample_46,0.118458298782218,1365,3.13545069934551,Sample_100_GSE28146
scAB,Positive,Neg_ctrl_Sample_47,0.142224129707726,1365,3.13545069934551,Sample_100_GSE28146
scAB,Positive,Neg_ctrl_Sample_48,0.0142185550218264,1365,3.13545069934551,Sample_100_GSE28146
scAB,Positive,Neg_ctrl_Sample_49,0.0394504008833633,1365,3.13545069934551,Sample_100_GSE28146
scAB,Positive,Neg_ctrl_Sample_50,-0.0122575757956774,1365,3.13545069934551,Sample_100_GSE28146
scAB,Positive,Neg_ctrl_Sample_51,-0.0136317247641969,1365,3.13545069934551,Sample_100_GSE28146
scAB,Positive,Neg_ctrl_Sample_52,0.213910346811997,1365,3.13545069934551,Sample_100_GSE28146
scAB,Positive,Neg_ctrl_Sample_53,-0.17729680783861,1365,3.13545069934551,Sample_100_GSE28146
scAB,Positive,Neg_ctrl_Sample_54,0.00454521655272891,1365,3.13545069934551,Sample_100_GSE28146
scAB,Positive,Neg_ctrl_Sample_55,0.17067116627212,1365,3.13545069934551,Sample_100_GSE28146
scAB,Positive,Neg_ctrl_Sample_56,0.0228618780860448,1365,3.13545069934551,Sample_100_GSE28146
scAB,Positive,Neg_ctrl_Sample_57,0.112521710540325,1365,3.13545069934551,Sample_100_GSE28146
scAB,Positive,Neg_ctrl_Sample_58,0.0263623278599885,1365,3.13545069934551,Sample_100_GSE28146
scAB,Positive,Neg_ctrl_Sample_59,-0.0448082016561647,1365,3.13545069934551,Sample_100_GSE28146
scAB,Positive,Neg_ctrl_Sample_60,-0.0937382173377018,1365,3.13545069934551,Sample_100_GSE28146
scAB,Positive,Neg_ctrl_Sample_61,-0.0975763814305629,1365,3.13545069934551,Sample_100_GSE28146
scAB,Positive,Neg_ctrl_Sample_62,-0.0867058508430885,1365,3.13545069934551,Sample_100_GSE28146
scAB,Positive,Neg_ctrl_Sample_63,-0.0561423740013867,1365,3.13545069934551,Sample_100_GSE28146
scAB,Positive,Neg_ctrl_Sample_64,0.0506670034859599,1365,3.13545069934551,Sample_100_GSE28146
scAB,Positive,Neg_ctrl_Sample_65,0.0391601287030847,1365,3.13545069934551,Sample_100_GSE28146
scAB,Positive,Neg_ctrl_Sample_66,-0.166218455379896,1365,3.13545069934551,Sample_100_GSE28146
scAB,Positive,Neg_ctrl_Sample_67,-0.147730505117586,1365,3.13545069934551,Sample_100_GSE28146
scAB,Positive,Neg_ctrl_Sample_68,-0.13448060826172,1365,3.13545069934551,Sample_100_GSE28146
scAB,Positive,Neg_ctrl_Sample_69,0.0431825261719766,1365,3.13545069934551,Sample_100_GSE28146
scAB,Positive,Neg_ctrl_Sample_70,-0.170107885485671,1365,3.13545069934551,Sample_100_GSE28146
scAB,Positive,Neg_ctrl_Sample_71,-0.0531250001590918,1365,3.13545069934551,Sample_100_GSE28146
scAB,Positive,Neg_ctrl_Sample_72,-0.0934983283489828,1365,3.13545069934551,Sample_100_GSE28146
scAB,Positive,Neg_ctrl_Sample_73,0.0543414511555151,1365,3.13545069934551,Sample_100_GSE28146
scAB,Positive,Neg_ctrl_Sample_74,0.0534269162132232,1365,3.13545069934551,Sample_100_GSE28146
scAB,Positive,Neg_ctrl_Sample_75,0.0499354299308737,1365,3.13545069934551,Sample_100_GSE28146
scAB,Positive,Neg_ctrl_Sample_76,0.120352453853756,1365,3.13545069934551,Sample_100_GSE28146
scAB,Positive,Neg_ctrl_Sample_77,-0.12628849475316,1365,3.13545069934551,Sample_100_GSE28146
scAB,Positive,Neg_ctrl_Sample_78,0.0648083006323945,1365,3.13545069934551,Sample_100_GSE28146
scAB,Positive,Neg_ctrl_Sample_79,0.216040184318002,1365,3.13545069934551,Sample_100_GSE28146
scAB,Positive,Neg_ctrl_Sample_80,-0.0538362002620532,1365,3.13545069934551,Sample_100_GSE28146
scAB,Positive,Neg_ctrl_Sample_81,-0.230938544481754,1365,3.13545069934551,Sample_100_GSE28146
scAB,Positive,Neg_ctrl_Sample_82,0.0142407922535449,1365,3.13545069934551,Sample_100_GSE28146
scAB,Positive,Neg_ctrl_Sample_83,0.094149482055099,1365,3.13545069934551,Sample_100_GSE28146
scAB,Positive,Neg_ctrl_Sample_84,0.1124216331761,1365,3.13545069934551,Sample_100_GSE28146
scAB,Positive,Neg_ctrl_Sample_85,-0.159290323680968,1365,3.13545069934551,Sample_100_GSE28146
scAB,Positive,Neg_ctrl_Sample_86,-0.129147118745066,1365,3.13545069934551,Sample_100_GSE28146
scAB,Positive,Neg_ctrl_Sample_87,0.0587274657373678,1365,3.13545069934551,Sample_100_GSE28146
scAB,Positive,Neg_ctrl_Sample_88,-0.0975639306223499,1365,3.13545069934551,Sample_100_GSE28146
scAB,Positive,Neg_ctrl_Sample_89,0.0311358377469448,1365,3.13545069934551,Sample_100_GSE28146
scAB,Positive,Neg_ctrl_Sample_90,-0.106572098379133,1365,3.13545069934551,Sample_100_GSE28146
scAB,Positive,Neg_ctrl_Sample_91,0.0299293130897942,1365,3.13545069934551,Sample_100_GSE28146
scAB,Positive,Neg_ctrl_Sample_92,0.313532806661597,1365,3.13545069934551,Sample_100_GSE28146
scAB,Positive,Neg_ctrl_Sample_93,0.0699755785213239,1365,3.13545069934551,Sample_100_GSE28146
scAB,Positive,Neg_ctrl_Sample_94,0.142605977214665,1365,3.13545069934551,Sample_100_GSE28146
scAB,Positive,Neg_ctrl_Sample_95,0.0229629776543655,1365,3.13545069934551,Sample_100_GSE28146
scAB,Positive,Neg_ctrl_Sample_96,-0.0677108909515227,1365,3.13545069934551,Sample_100_GSE28146
scAB,Positive,Neg_ctrl_Sample_97,-0.0311994187847972,1365,3.13545069934551,Sample_100_GSE28146
scAB,Positive,Neg_ctrl_Sample_98,0.118657665897046,1365,3.13545069934551,Sample_100_GSE28146
scAB,Positive,Neg_ctrl_Sample_99,-0.0707951354560287,1365,3.13545069934551,Sample_100_GSE28146
scAB,Positive,Neg_ctrl_Sample_100,0.0689073083493842,1365,3.13545069934551,Sample_100_GSE28146
scPAS,Negative,Neg_ctrl_Sample_1,0.117019329614871,278,2.4456042032736,Sample_100_GSE28146
scPAS,Negative,Neg_ctrl_Sample_2,0.112257476051314,278,2.4456042032736,Sample_100_GSE28146
scPAS,Negative,Neg_ctrl_Sample_3,0.192655442931896,278,2.4456042032736,Sample_100_GSE28146
scPAS,Negative,Neg_ctrl_Sample_4,-0.00565266178350056,278,2.4456042032736,Sample_100_GSE28146
scPAS,Negative,Neg_ctrl_Sample_5,0.0476774558319568,278,2.4456042032736,Sample_100_GSE28146
scPAS,Negative,Neg_ctrl_Sample_6,0.0124587928120461,278,2.4456042032736,Sample_100_GSE28146
scPAS,Negative,Neg_ctrl_Sample_7,-0.0633530259172628,278,2.4456042032736,Sample_100_GSE28146
scPAS,Negative,Neg_ctrl_Sample_8,-0.0486707953833105,278,2.4456042032736,Sample_100_GSE28146
scPAS,Negative,Neg_ctrl_Sample_9,-0.0986514244927544,278,2.4456042032736,Sample_100_GSE28146
scPAS,Negative,Neg_ctrl_Sample_10,0.0193370566381853,278,2.4456042032736,Sample_100_GSE28146
scPAS,Negative,Neg_ctrl_Sample_11,0.0289905482720228,278,2.4456042032736,Sample_100_GSE28146
scPAS,Negative,Neg_ctrl_Sample_12,0.0825186839224192,278,2.4456042032736,Sample_100_GSE28146
scPAS,Negative,Neg_ctrl_Sample_13,0.00488654004997179,278,2.4456042032736,Sample_100_GSE28146
scPAS,Negative,Neg_ctrl_Sample_14,0.0836432546665331,278,2.4456042032736,Sample_100_GSE28146
scPAS,Negative,Neg_ctrl_Sample_15,0.0128643018884891,278,2.4456042032736,Sample_100_GSE28146
scPAS,Negative,Neg_ctrl_Sample_16,-0.0959607589287857,278,2.4456042032736,Sample_100_GSE28146
scPAS,Negative,Neg_ctrl_Sample_17,-0.00205416926964089,278,2.4456042032736,Sample_100_GSE28146
scPAS,Negative,Neg_ctrl_Sample_18,-0.075565230123875,278,2.4456042032736,Sample_100_GSE28146
scPAS,Negative,Neg_ctrl_Sample_19,-0.099464401206844,278,2.4456042032736,Sample_100_GSE28146
scPAS,Negative,Neg_ctrl_Sample_20,-0.0213187231564383,278,2.4456042032736,Sample_100_GSE28146
scPAS,Negative,Neg_ctrl_Sample_21,-0.174032816452965,278,2.4456042032736,Sample_100_GSE28146
scPAS,Negative,Neg_ctrl_Sample_22,-0.0250427081030509,278,2.4456042032736,Sample_100_GSE28146
scPAS,Negative,Neg_ctrl_Sample_23,0.0718088839261765,278,2.4456042032736,Sample_100_GSE28146
scPAS,Negative,Neg_ctrl_Sample_24,-0.062083936039879,278,2.4456042032736,Sample_100_GSE28146
scPAS,Negative,Neg_ctrl_Sample_25,-0.039024084567419,278,2.4456042032736,Sample_100_GSE28146
scPAS,Negative,Neg_ctrl_Sample_26,-0.127205005732905,278,2.4456042032736,Sample_100_GSE28146
scPAS,Negative,Neg_ctrl_Sample_27,0.238582932780808,278,2.4456042032736,Sample_100_GSE28146
scPAS,Negative,Neg_ctrl_Sample_28,0.000783281515975206,278,2.4456042032736,Sample_100_GSE28146
scPAS,Negative,Neg_ctrl_Sample_29,0.0769813765773211,278,2.4456042032736,Sample_100_GSE28146
scPAS,Negative,Neg_ctrl_Sample_30,0.0442007864943907,278,2.4456042032736,Sample_100_GSE28146
scPAS,Negative,Neg_ctrl_Sample_31,0.0141077474149966,278,2.4456042032736,Sample_100_GSE28146
scPAS,Negative,Neg_ctrl_Sample_32,-0.108057750721812,278,2.4456042032736,Sample_100_GSE28146
scPAS,Negative,Neg_ctrl_Sample_33,0.0107102200605797,278,2.4456042032736,Sample_100_GSE28146
scPAS,Negative,Neg_ctrl_Sample_34,0.150095737779581,278,2.4456042032736,Sample_100_GSE28146
scPAS,Negative,Neg_ctrl_Sample_35,0.0241123823328538,278,2.4456042032736,Sample_100_GSE28146
scPAS,Negative,Neg_ctrl_Sample_36,-0.0331964132354938,278,2.4456042032736,Sample_100_GSE28146
scPAS,Negative,Neg_ctrl_Sample_37,0.151003018226482,278,2.4456042032736,Sample_100_GSE28146
scPAS,Negative,Neg_ctrl_Sample_38,0.115722912591761,278,2.4456042032736,Sample_100_GSE28146
scPAS,Negative,Neg_ctrl_Sample_39,0.00298007131194485,278,2.4456042032736,Sample_100_GSE28146
scPAS,Negative,Neg_ctrl_Sample_40,-0.160447848731185,278,2.4456042032736,Sample_100_GSE28146
scPAS,Negative,Neg_ctrl_Sample_41,-0.033842002522932,278,2.4456042032736,Sample_100_GSE28146
scPAS,Negative,Neg_ctrl_Sample_42,0.149402732496248,278,2.4456042032736,Sample_100_GSE28146
scPAS,Negative,Neg_ctrl_Sample_43,0.245326896843669,278,2.4456042032736,Sample_100_GSE28146
scPAS,Negative,Neg_ctrl_Sample_44,0.0498353962083308,278,2.4456042032736,Sample_100_GSE28146
scPAS,Negative,Neg_ctrl_Sample_45,0.0666554796930697,278,2.4456042032736,Sample_100_GSE28146
scPAS,Negative,Neg_ctrl_Sample_46,0.135757540543506,278,2.4456042032736,Sample_100_GSE28146
scPAS,Negative,Neg_ctrl_Sample_47,0.1323540791649,278,2.4456042032736,Sample_100_GSE28146
scPAS,Negative,Neg_ctrl_Sample_48,0.0541629451894859,278,2.4456042032736,Sample_100_GSE28146
scPAS,Negative,Neg_ctrl_Sample_49,0.0457077152152156,278,2.4456042032736,Sample_100_GSE28146
scPAS,Negative,Neg_ctrl_Sample_50,0.000520010813369358,278,2.4456042032736,Sample_100_GSE28146
scPAS,Negative,Neg_ctrl_Sample_51,-0.0302447695110263,278,2.4456042032736,Sample_100_GSE28146
scPAS,Negative,Neg_ctrl_Sample_52,0.228303489026994,278,2.4456042032736,Sample_100_GSE28146
scPAS,Negative,Neg_ctrl_Sample_53,-0.148192381694454,278,2.4456042032736,Sample_100_GSE28146
scPAS,Negative,Neg_ctrl_Sample_54,0.027377422880409,278,2.4456042032736,Sample_100_GSE28146
scPAS,Negative,Neg_ctrl_Sample_55,0.156058413212144,278,2.4456042032736,Sample_100_GSE28146
scPAS,Negative,Neg_ctrl_Sample_56,0.0159964962054654,278,2.4456042032736,Sample_100_GSE28146
scPAS,Negative,Neg_ctrl_Sample_57,0.125176341241013,278,2.4456042032736,Sample_100_GSE28146
scPAS,Negative,Neg_ctrl_Sample_58,0.0198274120981408,278,2.4456042032736,Sample_100_GSE28146
scPAS,Negative,Neg_ctrl_Sample_59,-0.0089579895739754,278,2.4456042032736,Sample_100_GSE28146
scPAS,Negative,Neg_ctrl_Sample_60,-0.0773708860306249,278,2.4456042032736,Sample_100_GSE28146
scPAS,Negative,Neg_ctrl_Sample_61,-0.0959587802103704,278,2.4456042032736,Sample_100_GSE28146
scPAS,Negative,Neg_ctrl_Sample_62,-0.0938124237574167,278,2.4456042032736,Sample_100_GSE28146
scPAS,Negative,Neg_ctrl_Sample_63,-0.0636352419041603,278,2.4456042032736,Sample_100_GSE28146
scPAS,Negative,Neg_ctrl_Sample_64,0.0298827286392462,278,2.4456042032736,Sample_100_GSE28146
scPAS,Negative,Neg_ctrl_Sample_65,0.0364950135658572,278,2.4456042032736,Sample_100_GSE28146
scPAS,Negative,Neg_ctrl_Sample_66,-0.1744762615296,278,2.4456042032736,Sample_100_GSE28146
scPAS,Negative,Neg_ctrl_Sample_67,-0.119421326760915,278,2.4456042032736,Sample_100_GSE28146
scPAS,Negative,Neg_ctrl_Sample_68,-0.112121979678166,278,2.4456042032736,Sample_100_GSE28146
scPAS,Negative,Neg_ctrl_Sample_69,0.0823825104037019,278,2.4456042032736,Sample_100_GSE28146
scPAS,Negative,Neg_ctrl_Sample_70,-0.145766153069593,278,2.4456042032736,Sample_100_GSE28146
scPAS,Negative,Neg_ctrl_Sample_71,-0.0567295399648474,278,2.4456042032736,Sample_100_GSE28146
scPAS,Negative,Neg_ctrl_Sample_72,-0.0631444576875564,278,2.4456042032736,Sample_100_GSE28146
scPAS,Negative,Neg_ctrl_Sample_73,0.0480696877005997,278,2.4456042032736,Sample_100_GSE28146
scPAS,Negative,Neg_ctrl_Sample_74,0.047164163529146,278,2.4456042032736,Sample_100_GSE28146
scPAS,Negative,Neg_ctrl_Sample_75,0.0669294631457967,278,2.4456042032736,Sample_100_GSE28146
scPAS,Negative,Neg_ctrl_Sample_76,0.10843794447158,278,2.4456042032736,Sample_100_GSE28146
scPAS,Negative,Neg_ctrl_Sample_77,-0.103848147506115,278,2.4456042032736,Sample_100_GSE28146
scPAS,Negative,Neg_ctrl_Sample_78,0.0530268338394095,278,2.4456042032736,Sample_100_GSE28146
scPAS,Negative,Neg_ctrl_Sample_79,0.220691728100203,278,2.4456042032736,Sample_100_GSE28146
scPAS,Negative,Neg_ctrl_Sample_80,-0.0454369637633231,278,2.4456042032736,Sample_100_GSE28146
scPAS,Negative,Neg_ctrl_Sample_81,-0.255184377248927,278,2.4456042032736,Sample_100_GSE28146
scPAS,Negative,Neg_ctrl_Sample_82,0.00317710262596106,278,2.4456042032736,Sample_100_GSE28146
scPAS,Negative,Neg_ctrl_Sample_83,0.0975406456831043,278,2.4456042032736,Sample_100_GSE28146
scPAS,Negative,Neg_ctrl_Sample_84,0.127391944029558,278,2.4456042032736,Sample_100_GSE28146
scPAS,Negative,Neg_ctrl_Sample_85,-0.147923141667293,278,2.4456042032736,Sample_100_GSE28146
scPAS,Negative,Neg_ctrl_Sample_86,-0.121840100263545,278,2.4456042032736,Sample_100_GSE28146
scPAS,Negative,Neg_ctrl_Sample_87,0.0490029136533167,278,2.4456042032736,Sample_100_GSE28146
scPAS,Negative,Neg_ctrl_Sample_88,-0.094338808647569,278,2.4456042032736,Sample_100_GSE28146
scPAS,Negative,Neg_ctrl_Sample_89,0.0286618424107704,278,2.4456042032736,Sample_100_GSE28146
scPAS,Negative,Neg_ctrl_Sample_90,-0.0872213096037782,278,2.4456042032736,Sample_100_GSE28146
scPAS,Negative,Neg_ctrl_Sample_91,0.0150395372174402,278,2.4456042032736,Sample_100_GSE28146
scPAS,Negative,Neg_ctrl_Sample_92,0.315710342338154,278,2.4456042032736,Sample_100_GSE28146
scPAS,Negative,Neg_ctrl_Sample_93,0.0370533086505726,278,2.4456042032736,Sample_100_GSE28146
scPAS,Negative,Neg_ctrl_Sample_94,0.120817815417208,278,2.4456042032736,Sample_100_GSE28146
scPAS,Negative,Neg_ctrl_Sample_95,0.0245672407654528,278,2.4456042032736,Sample_100_GSE28146
scPAS,Negative,Neg_ctrl_Sample_96,-0.115666477356265,278,2.4456042032736,Sample_100_GSE28146
scPAS,Negative,Neg_ctrl_Sample_97,-0.0261748330564785,278,2.4456042032736,Sample_100_GSE28146
scPAS,Negative,Neg_ctrl_Sample_98,0.13031541490211,278,2.4456042032736,Sample_100_GSE28146
scPAS,Negative,Neg_ctrl_Sample_99,-0.0677247611896017,278,2.4456042032736,Sample_100_GSE28146
scPAS,Negative,Neg_ctrl_Sample_100,0.0659782233566861,278,2.4456042032736,Sample_100_GSE28146
scPAS,Neutral,Neg_ctrl_Sample_1,0.103850592493842,12435,4.09468071337115,Sample_100_GSE28146
scPAS,Neutral,Neg_ctrl_Sample_2,0.0820137207326365,12435,4.09468071337115,Sample_100_GSE28146
scPAS,Neutral,Neg_ctrl_Sample_3,0.18523439900074,12435,4.09468071337115,Sample_100_GSE28146
scPAS,Neutral,Neg_ctrl_Sample_4,-0.00197551787063854,12435,4.09468071337115,Sample_100_GSE28146
scPAS,Neutral,Neg_ctrl_Sample_5,-0.00418044828887384,12435,4.09468071337115,Sample_100_GSE28146
scPAS,Neutral,Neg_ctrl_Sample_6,0.0192923018257923,12435,4.09468071337115,Sample_100_GSE28146
scPAS,Neutral,Neg_ctrl_Sample_7,-0.0543845149882886,12435,4.09468071337115,Sample_100_GSE28146
scPAS,Neutral,Neg_ctrl_Sample_8,-0.0554462935249108,12435,4.09468071337115,Sample_100_GSE28146
scPAS,Neutral,Neg_ctrl_Sample_9,-0.10716306109322,12435,4.09468071337115,Sample_100_GSE28146
scPAS,Neutral,Neg_ctrl_Sample_10,0.045785850036762,12435,4.09468071337115,Sample_100_GSE28146
scPAS,Neutral,Neg_ctrl_Sample_11,0.0339692685360453,12435,4.09468071337115,Sample_100_GSE28146
scPAS,Neutral,Neg_ctrl_Sample_12,0.0746645028796982,12435,4.09468071337115,Sample_100_GSE28146
scPAS,Neutral,Neg_ctrl_Sample_13,0.0109727763465408,12435,4.09468071337115,Sample_100_GSE28146
scPAS,Neutral,Neg_ctrl_Sample_14,0.0741911574275095,12435,4.09468071337115,Sample_100_GSE28146
scPAS,Neutral,Neg_ctrl_Sample_15,-0.0193550214087962,12435,4.09468071337115,Sample_100_GSE28146
scPAS,Neutral,Neg_ctrl_Sample_16,-0.114211786979522,12435,4.09468071337115,Sample_100_GSE28146
scPAS,Neutral,Neg_ctrl_Sample_17,-0.00205438988753037,12435,4.09468071337115,Sample_100_GSE28146
scPAS,Neutral,Neg_ctrl_Sample_18,-0.0779864475713137,12435,4.09468071337115,Sample_100_GSE28146
scPAS,Neutral,Neg_ctrl_Sample_19,-0.17879640527503,12435,4.09468071337115,Sample_100_GSE28146
scPAS,Neutral,Neg_ctrl_Sample_20,-0.0249467705937482,12435,4.09468071337115,Sample_100_GSE28146
scPAS,Neutral,Neg_ctrl_Sample_21,-0.167030173871268,12435,4.09468071337115,Sample_100_GSE28146
scPAS,Neutral,Neg_ctrl_Sample_22,-0.0318484426526134,12435,4.09468071337115,Sample_100_GSE28146
scPAS,Neutral,Neg_ctrl_Sample_23,0.059856077908016,12435,4.09468071337115,Sample_100_GSE28146
scPAS,Neutral,Neg_ctrl_Sample_24,-0.0659686737195252,12435,4.09468071337115,Sample_100_GSE28146
scPAS,Neutral,Neg_ctrl_Sample_25,-0.0364241673331998,12435,4.09468071337115,Sample_100_GSE28146
scPAS,Neutral,Neg_ctrl_Sample_26,-0.120982477884044,12435,4.09468071337115,Sample_100_GSE28146
scPAS,Neutral,Neg_ctrl_Sample_27,0.246869090324815,12435,4.09468071337115,Sample_100_GSE28146
scPAS,Neutral,Neg_ctrl_Sample_28,-0.00849857638140679,12435,4.09468071337115,Sample_100_GSE28146
scPAS,Neutral,Neg_ctrl_Sample_29,0.0731319912708766,12435,4.09468071337115,Sample_100_GSE28146
scPAS,Neutral,Neg_ctrl_Sample_30,0.0509297419297586,12435,4.09468071337115,Sample_100_GSE28146
scPAS,Neutral,Neg_ctrl_Sample_31,0.0188683721628326,12435,4.09468071337115,Sample_100_GSE28146
scPAS,Neutral,Neg_ctrl_Sample_32,-0.108883040154582,12435,4.09468071337115,Sample_100_GSE28146
scPAS,Neutral,Neg_ctrl_Sample_33,0.0222105465762127,12435,4.09468071337115,Sample_100_GSE28146
scPAS,Neutral,Neg_ctrl_Sample_34,0.149739626961729,12435,4.09468071337115,Sample_100_GSE28146
scPAS,Neutral,Neg_ctrl_Sample_35,0.00720957761995789,12435,4.09468071337115,Sample_100_GSE28146
scPAS,Neutral,Neg_ctrl_Sample_36,-0.0517456778040953,12435,4.09468071337115,Sample_100_GSE28146
scPAS,Neutral,Neg_ctrl_Sample_37,0.183454153616772,12435,4.09468071337115,Sample_100_GSE28146
scPAS,Neutral,Neg_ctrl_Sample_38,0.131868253206078,12435,4.09468071337115,Sample_100_GSE28146
scPAS,Neutral,Neg_ctrl_Sample_39,-0.024442869778293,12435,4.09468071337115,Sample_100_GSE28146
scPAS,Neutral,Neg_ctrl_Sample_40,-0.176209077690876,12435,4.09468071337115,Sample_100_GSE28146
scPAS,Neutral,Neg_ctrl_Sample_41,-0.0439911646244779,12435,4.09468071337115,Sample_100_GSE28146
scPAS,Neutral,Neg_ctrl_Sample_42,0.147481619247986,12435,4.09468071337115,Sample_100_GSE28146
scPAS,Neutral,Neg_ctrl_Sample_43,0.249403479220213,12435,4.09468071337115,Sample_100_GSE28146
scPAS,Neutral,Neg_ctrl_Sample_44,0.047856271318605,12435,4.09468071337115,Sample_100_GSE28146
scPAS,Neutral,Neg_ctrl_Sample_45,0.0145732131781952,12435,4.09468071337115,Sample_100_GSE28146
scPAS,Neutral,Neg_ctrl_Sample_46,0.119623466589074,12435,4.09468071337115,Sample_100_GSE28146
scPAS,Neutral,Neg_ctrl_Sample_47,0.145098418605187,12435,4.09468071337115,Sample_100_GSE28146
scPAS,Neutral,Neg_ctrl_Sample_48,-0.000853048808490118,12435,4.09468071337115,Sample_100_GSE28146
scPAS,Neutral,Neg_ctrl_Sample_49,0.0370617148773815,12435,4.09468071337115,Sample_100_GSE28146
scPAS,Neutral,Neg_ctrl_Sample_50,-0.0142439575437428,12435,4.09468071337115,Sample_100_GSE28146
scPAS,Neutral,Neg_ctrl_Sample_51,-0.0208862876010774,12435,4.09468071337115,Sample_100_GSE28146
scPAS,Neutral,Neg_ctrl_Sample_52,0.21760289804425,12435,4.09468071337115,Sample_100_GSE28146
scPAS,Neutral,Neg_ctrl_Sample_53,-0.190499577299457,12435,4.09468071337115,Sample_100_GSE28146
scPAS,Neutral,Neg_ctrl_Sample_54,-0.00531820566356484,12435,4.09468071337115,Sample_100_GSE28146
scPAS,Neutral,Neg_ctrl_Sample_55,0.174290034244631,12435,4.09468071337115,Sample_100_GSE28146
scPAS,Neutral,Neg_ctrl_Sample_56,0.0256268713811035,12435,4.09468071337115,Sample_100_GSE28146
scPAS,Neutral,Neg_ctrl_Sample_57,0.119663731746864,12435,4.09468071337115,Sample_100_GSE28146
scPAS,Neutral,Neg_ctrl_Sample_58,0.0258019546580639,12435,4.09468071337115,Sample_100_GSE28146
scPAS,Neutral,Neg_ctrl_Sample_59,-0.0582903412084114,12435,4.09468071337115,Sample_100_GSE28146
scPAS,Neutral,Neg_ctrl_Sample_60,-0.0955843104911913,12435,4.09468071337115,Sample_100_GSE28146
scPAS,Neutral,Neg_ctrl_Sample_61,-0.0998056449033816,12435,4.09468071337115,Sample_100_GSE28146
scPAS,Neutral,Neg_ctrl_Sample_62,-0.0892962402171537,12435,4.09468071337115,Sample_100_GSE28146
scPAS,Neutral,Neg_ctrl_Sample_63,-0.0746915500053873,12435,4.09468071337115,Sample_100_GSE28146
scPAS,Neutral,Neg_ctrl_Sample_64,0.0422415683148156,12435,4.09468071337115,Sample_100_GSE28146
scPAS,Neutral,Neg_ctrl_Sample_65,0.0417663754619385,12435,4.09468071337115,Sample_100_GSE28146
scPAS,Neutral,Neg_ctrl_Sample_66,-0.172355313834067,12435,4.09468071337115,Sample_100_GSE28146
scPAS,Neutral,Neg_ctrl_Sample_67,-0.149925834684804,12435,4.09468071337115,Sample_100_GSE28146
scPAS,Neutral,Neg_ctrl_Sample_68,-0.146479999854269,12435,4.09468071337115,Sample_100_GSE28146
scPAS,Neutral,Neg_ctrl_Sample_69,0.0439878990966845,12435,4.09468071337115,Sample_100_GSE28146
scPAS,Neutral,Neg_ctrl_Sample_70,-0.187663010341161,12435,4.09468071337115,Sample_100_GSE28146
scPAS,Neutral,Neg_ctrl_Sample_71,-0.0584216089848372,12435,4.09468071337115,Sample_100_GSE28146
scPAS,Neutral,Neg_ctrl_Sample_72,-0.106280079316173,12435,4.09468071337115,Sample_100_GSE28146
scPAS,Neutral,Neg_ctrl_Sample_73,0.0442425710564557,12435,4.09468071337115,Sample_100_GSE28146
scPAS,Neutral,Neg_ctrl_Sample_74,0.0462058227890492,12435,4.09468071337115,Sample_100_GSE28146
scPAS,Neutral,Neg_ctrl_Sample_75,0.0545819470177092,12435,4.09468071337115,Sample_100_GSE28146
scPAS,Neutral,Neg_ctrl_Sample_76,0.122282832869931,12435,4.09468071337115,Sample_100_GSE28146
scPAS,Neutral,Neg_ctrl_Sample_77,-0.134638140374801,12435,4.09468071337115,Sample_100_GSE28146
scPAS,Neutral,Neg_ctrl_Sample_78,0.0659748975916873,12435,4.09468071337115,Sample_100_GSE28146
scPAS,Neutral,Neg_ctrl_Sample_79,0.219925555370874,12435,4.09468071337115,Sample_100_GSE28146
scPAS,Neutral,Neg_ctrl_Sample_80,-0.0525533546152324,12435,4.09468071337115,Sample_100_GSE28146
scPAS,Neutral,Neg_ctrl_Sample_81,-0.245882065549623,12435,4.09468071337115,Sample_100_GSE28146
scPAS,Neutral,Neg_ctrl_Sample_82,0.00488847365914226,12435,4.09468071337115,Sample_100_GSE28146
scPAS,Neutral,Neg_ctrl_Sample_83,0.0956460525128313,12435,4.09468071337115,Sample_100_GSE28146
scPAS,Neutral,Neg_ctrl_Sample_84,0.108112200772816,12435,4.09468071337115,Sample_100_GSE28146
scPAS,Neutral,Neg_ctrl_Sample_85,-0.161298316057489,12435,4.09468071337115,Sample_100_GSE28146
scPAS,Neutral,Neg_ctrl_Sample_86,-0.129098169552283,12435,4.09468071337115,Sample_100_GSE28146
scPAS,Neutral,Neg_ctrl_Sample_87,0.0600296106072431,12435,4.09468071337115,Sample_100_GSE28146
scPAS,Neutral,Neg_ctrl_Sample_88,-0.102526277957057,12435,4.09468071337115,Sample_100_GSE28146
scPAS,Neutral,Neg_ctrl_Sample_89,0.0355738618998782,12435,4.09468071337115,Sample_100_GSE28146
scPAS,Neutral,Neg_ctrl_Sample_90,-0.109350996278176,12435,4.09468071337115,Sample_100_GSE28146
scPAS,Neutral,Neg_ctrl_Sample_91,0.0315658788193312,12435,4.09468071337115,Sample_100_GSE28146
scPAS,Neutral,Neg_ctrl_Sample_92,0.312658426055253,12435,4.09468071337115,Sample_100_GSE28146
scPAS,Neutral,Neg_ctrl_Sample_93,0.060886755447904,12435,4.09468071337115,Sample_100_GSE28146
scPAS,Neutral,Neg_ctrl_Sample_94,0.141451452122721,12435,4.09468071337115,Sample_100_GSE28146
scPAS,Neutral,Neg_ctrl_Sample_95,0.0195250409790041,12435,4.09468071337115,Sample_100_GSE28146
scPAS,Neutral,Neg_ctrl_Sample_96,-0.101413170121307,12435,4.09468071337115,Sample_100_GSE28146
scPAS,Neutral,Neg_ctrl_Sample_97,-0.0317069985560212,12435,4.09468071337115,Sample_100_GSE28146
scPAS,Neutral,Neg_ctrl_Sample_98,0.113984793463114,12435,4.09468071337115,Sample_100_GSE28146
scPAS,Neutral,Neg_ctrl_Sample_99,-0.0766713642543016,12435,4.09468071337115,Sample_100_GSE28146
scPAS,Neutral,Neg_ctrl_Sample_100,0.0627710425972755,12435,4.09468071337115,Sample_100_GSE28146
scPAS,Positive,Neg_ctrl_Sample_1,0.0888709046514035,96,1.98677173426624,Sample_100_GSE28146
scPAS,Positive,Neg_ctrl_Sample_2,0.0672707720202711,96,1.98677173426624,Sample_100_GSE28146
scPAS,Positive,Neg_ctrl_Sample_3,0.176371162619903,96,1.98677173426624,Sample_100_GSE28146
scPAS,Positive,Neg_ctrl_Sample_4,-0.0329989092170154,96,1.98677173426624,Sample_100_GSE28146
scPAS,Positive,Neg_ctrl_Sample_5,-0.0320727008765025,96,1.98677173426624,Sample_100_GSE28146
scPAS,Positive,Neg_ctrl_Sample_6,0.0135657348614231,96,1.98677173426624,Sample_100_GSE28146
scPAS,Positive,Neg_ctrl_Sample_7,-0.0471201617103838,96,1.98677173426624,Sample_100_GSE28146
scPAS,Positive,Neg_ctrl_Sample_8,-0.0769900222442633,96,1.98677173426624,Sample_100_GSE28146
scPAS,Positive,Neg_ctrl_Sample_9,-0.0950556969473118,96,1.98677173426624,Sample_100_GSE28146
scPAS,Positive,Neg_ctrl_Sample_10,0.03841755723611,96,1.98677173426624,Sample_100_GSE28146
scPAS,Positive,Neg_ctrl_Sample_11,0.0312673495845035,96,1.98677173426624,Sample_100_GSE28146
scPAS,Positive,Neg_ctrl_Sample_12,0.0788502081745883,96,1.98677173426624,Sample_100_GSE28146
scPAS,Positive,Neg_ctrl_Sample_13,0.00185744562186352,96,1.98677173426624,Sample_100_GSE28146
scPAS,Positive,Neg_ctrl_Sample_14,0.071211198480274,96,1.98677173426624,Sample_100_GSE28146
scPAS,Positive,Neg_ctrl_Sample_15,-0.0269550228099785,96,1.98677173426624,Sample_100_GSE28146
scPAS,Positive,Neg_ctrl_Sample_16,-0.0809745992542198,96,1.98677173426624,Sample_100_GSE28146
scPAS,Positive,Neg_ctrl_Sample_17,-0.0193671052533466,96,1.98677173426624,Sample_100_GSE28146
scPAS,Positive,Neg_ctrl_Sample_18,-0.0741182892464618,96,1.98677173426624,Sample_100_GSE28146
scPAS,Positive,Neg_ctrl_Sample_19,-0.192115279932806,96,1.98677173426624,Sample_100_GSE28146
scPAS,Positive,Neg_ctrl_Sample_20,-0.0188824629831616,96,1.98677173426624,Sample_100_GSE28146
scPAS,Positive,Neg_ctrl_Sample_21,-0.125601114839708,96,1.98677173426624,Sample_100_GSE28146
scPAS,Positive,Neg_ctrl_Sample_22,-0.0404017271830201,96,1.98677173426624,Sample_100_GSE28146
scPAS,Positive,Neg_ctrl_Sample_23,0.0397918383627058,96,1.98677173426624,Sample_100_GSE28146
scPAS,Positive,Neg_ctrl_Sample_24,-0.0408031202210966,96,1.98677173426624,Sample_100_GSE28146
scPAS,Positive,Neg_ctrl_Sample_25,-0.0151776919779353,96,1.98677173426624,Sample_100_GSE28146
scPAS,Positive,Neg_ctrl_Sample_26,-0.0950938292764897,96,1.98677173426624,Sample_100_GSE28146
scPAS,Positive,Neg_ctrl_Sample_27,0.255451274907766,96,1.98677173426624,Sample_100_GSE28146
scPAS,Positive,Neg_ctrl_Sample_28,-0.0059313303568401,96,1.98677173426624,Sample_100_GSE28146
scPAS,Positive,Neg_ctrl_Sample_29,0.0870007477927142,96,1.98677173426624,Sample_100_GSE28146
scPAS,Positive,Neg_ctrl_Sample_30,0.0445772968432381,96,1.98677173426624,Sample_100_GSE28146
scPAS,Positive,Neg_ctrl_Sample_31,0.0364286822613704,96,1.98677173426624,Sample_100_GSE28146
scPAS,Positive,Neg_ctrl_Sample_32,-0.0879026020364823,96,1.98677173426624,Sample_100_GSE28146
scPAS,Positive,Neg_ctrl_Sample_33,0.0430246578850565,96,1.98677173426624,Sample_100_GSE28146
scPAS,Positive,Neg_ctrl_Sample_34,0.137838074029095,96,1.98677173426624,Sample_100_GSE28146
scPAS,Positive,Neg_ctrl_Sample_35,0.00967522674873731,96,1.98677173426624,Sample_100_GSE28146
scPAS,Positive,Neg_ctrl_Sample_36,-0.0499090935526522,96,1.98677173426624,Sample_100_GSE28146
scPAS,Positive,Neg_ctrl_Sample_37,0.167433706717678,96,1.98677173426624,Sample_100_GSE28146
scPAS,Positive,Neg_ctrl_Sample_38,0.14601241619968,96,1.98677173426624,Sample_100_GSE28146
scPAS,Positive,Neg_ctrl_Sample_39,-0.0255760972166732,96,1.98677173426624,Sample_100_GSE28146
scPAS,Positive,Neg_ctrl_Sample_40,-0.144261789405621,96,1.98677173426624,Sample_100_GSE28146
scPAS,Positive,Neg_ctrl_Sample_41,-0.0445847957272162,96,1.98677173426624,Sample_100_GSE28146
scPAS,Positive,Neg_ctrl_Sample_42,0.154518790974078,96,1.98677173426624,Sample_100_GSE28146
scPAS,Positive,Neg_ctrl_Sample_43,0.240375011556749,96,1.98677173426624,Sample_100_GSE28146
scPAS,Positive,Neg_ctrl_Sample_44,0.0590505711316153,96,1.98677173426624,Sample_100_GSE28146
scPAS,Positive,Neg_ctrl_Sample_45,0.0480981859050026,96,1.98677173426624,Sample_100_GSE28146
scPAS,Positive,Neg_ctrl_Sample_46,0.126073357194933,96,1.98677173426624,Sample_100_GSE28146
scPAS,Positive,Neg_ctrl_Sample_47,0.138833769548725,96,1.98677173426624,Sample_100_GSE28146
scPAS,Positive,Neg_ctrl_Sample_48,-0.0288896990380971,96,1.98677173426624,Sample_100_GSE28146
scPAS,Positive,Neg_ctrl_Sample_49,0.0390799346028958,96,1.98677173426624,Sample_100_GSE28146
scPAS,Positive,Neg_ctrl_Sample_50,-0.0152384293989968,96,1.98677173426624,Sample_100_GSE28146
scPAS,Positive,Neg_ctrl_Sample_51,-0.0054388882909944,96,1.98677173426624,Sample_100_GSE28146
scPAS,Positive,Neg_ctrl_Sample_52,0.218672689489469,96,1.98677173426624,Sample_100_GSE28146
scPAS,Positive,Neg_ctrl_Sample_53,-0.186590008454187,96,1.98677173426624,Sample_100_GSE28146
scPAS,Positive,Neg_ctrl_Sample_54,-0.00722867934725126,96,1.98677173426624,Sample_100_GSE28146
scPAS,Positive,Neg_ctrl_Sample_55,0.185257433343175,96,1.98677173426624,Sample_100_GSE28146
scPAS,Positive,Neg_ctrl_Sample_56,0.0426795081409493,96,1.98677173426624,Sample_100_GSE28146
scPAS,Positive,Neg_ctrl_Sample_57,0.123414830383831,96,1.98677173426624,Sample_100_GSE28146
scPAS,Positive,Neg_ctrl_Sample_58,0.00795216054517088,96,1.98677173426624,Sample_100_GSE28146
scPAS,Positive,Neg_ctrl_Sample_59,-0.0446357851472634,96,1.98677173426624,Sample_100_GSE28146
scPAS,Positive,Neg_ctrl_Sample_60,-0.0872691008080935,96,1.98677173426624,Sample_100_GSE28146
scPAS,Positive,Neg_ctrl_Sample_61,-0.0907718642192925,96,1.98677173426624,Sample_100_GSE28146
scPAS,Positive,Neg_ctrl_Sample_62,-0.0649204870719514,96,1.98677173426624,Sample_100_GSE28146
scPAS,Positive,Neg_ctrl_Sample_63,-0.0894615542917719,96,1.98677173426624,Sample_100_GSE28146
scPAS,Positive,Neg_ctrl_Sample_64,0.0448093620887376,96,1.98677173426624,Sample_100_GSE28146
scPAS,Positive,Neg_ctrl_Sample_65,0.0504945308261807,96,1.98677173426624,Sample_100_GSE28146
scPAS,Positive,Neg_ctrl_Sample_66,-0.180767948728282,96,1.98677173426624,Sample_100_GSE28146
scPAS,Positive,Neg_ctrl_Sample_67,-0.151787948513268,96,1.98677173426624,Sample_100_GSE28146
scPAS,Positive,Neg_ctrl_Sample_68,-0.136655668098057,96,1.98677173426624,Sample_100_GSE28146
scPAS,Positive,Neg_ctrl_Sample_69,0.0361312697330207,96,1.98677173426624,Sample_100_GSE28146
scPAS,Positive,Neg_ctrl_Sample_70,-0.214848485974214,96,1.98677173426624,Sample_100_GSE28146
scPAS,Positive,Neg_ctrl_Sample_71,-0.0598949883385662,96,1.98677173426624,Sample_100_GSE28146
scPAS,Positive,Neg_ctrl_Sample_72,-0.105086088550703,96,1.98677173426624,Sample_100_GSE28146
scPAS,Positive,Neg_ctrl_Sample_73,0.0415874069413445,96,1.98677173426624,Sample_100_GSE28146
scPAS,Positive,Neg_ctrl_Sample_74,0.054549013445322,96,1.98677173426624,Sample_100_GSE28146
scPAS,Positive,Neg_ctrl_Sample_75,0.0589111643876994,96,1.98677173426624,Sample_100_GSE28146
scPAS,Positive,Neg_ctrl_Sample_76,0.120810657894987,96,1.98677173426624,Sample_100_GSE28146
scPAS,Positive,Neg_ctrl_Sample_77,-0.126895003197962,96,1.98677173426624,Sample_100_GSE28146
scPAS,Positive,Neg_ctrl_Sample_78,0.0673558044718565,96,1.98677173426624,Sample_100_GSE28146
scPAS,Positive,Neg_ctrl_Sample_79,0.220748173626431,96,1.98677173426624,Sample_100_GSE28146
scPAS,Positive,Neg_ctrl_Sample_80,-0.0401374220733099,96,1.98677173426624,Sample_100_GSE28146
scPAS,Positive,Neg_ctrl_Sample_81,-0.217173475054306,96,1.98677173426624,Sample_100_GSE28146
scPAS,Positive,Neg_ctrl_Sample_82,0.0065534889749016,96,1.98677173426624,Sample_100_GSE28146
scPAS,Positive,Neg_ctrl_Sample_83,0.0895744051720019,96,1.98677173426624,Sample_100_GSE28146
scPAS,Positive,Neg_ctrl_Sample_84,0.111946256118966,96,1.98677173426624,Sample_100_GSE28146
scPAS,Positive,Neg_ctrl_Sample_85,-0.142257776823008,96,1.98677173426624,Sample_100_GSE28146
scPAS,Positive,Neg_ctrl_Sample_86,-0.133931975059006,96,1.98677173426624,Sample_100_GSE28146
scPAS,Positive,Neg_ctrl_Sample_87,0.0544831140320675,96,1.98677173426624,Sample_100_GSE28146
scPAS,Positive,Neg_ctrl_Sample_88,-0.121773181504057,96,1.98677173426624,Sample_100_GSE28146
scPAS,Positive,Neg_ctrl_Sample_89,0.0407916479439895,96,1.98677173426624,Sample_100_GSE28146
scPAS,Positive,Neg_ctrl_Sample_90,-0.100978256522316,96,1.98677173426624,Sample_100_GSE28146
scPAS,Positive,Neg_ctrl_Sample_91,0.0297429171746848,96,1.98677173426624,Sample_100_GSE28146
scPAS,Positive,Neg_ctrl_Sample_92,0.293494985210124,96,1.98677173426624,Sample_100_GSE28146
scPAS,Positive,Neg_ctrl_Sample_93,0.0495599508468426,96,1.98677173426624,Sample_100_GSE28146
scPAS,Positive,Neg_ctrl_Sample_94,0.123714056165524,96,1.98677173426624,Sample_100_GSE28146
scPAS,Positive,Neg_ctrl_Sample_95,0.0238553482093091,96,1.98677173426624,Sample_100_GSE28146
scPAS,Positive,Neg_ctrl_Sample_96,-0.151522717343794,96,1.98677173426624,Sample_100_GSE28146
scPAS,Positive,Neg_ctrl_Sample_97,-0.0274229149513883,96,1.98677173426624,Sample_100_GSE28146
scPAS,Positive,Neg_ctrl_Sample_98,0.112705007779946,96,1.98677173426624,Sample_100_GSE28146
scPAS,Positive,Neg_ctrl_Sample_99,-0.051337310936916,96,1.98677173426624,Sample_100_GSE28146
scPAS,Positive,Neg_ctrl_Sample_100,0.0449160118379727,96,1.98677173426624,Sample_100_GSE28146
scPP,Negative,Neg_ctrl_Sample_1,0.111692198483678,676,2.83058866868514,Sample_100_GSE28146
scPP,Negative,Neg_ctrl_Sample_2,0.102984182653294,676,2.83058866868514,Sample_100_GSE28146
scPP,Negative,Neg_ctrl_Sample_3,0.19110264086083,676,2.83058866868514,Sample_100_GSE28146
scPP,Negative,Neg_ctrl_Sample_4,-0.00709047558463127,676,2.83058866868514,Sample_100_GSE28146
scPP,Negative,Neg_ctrl_Sample_5,0.030457944333641,676,2.83058866868514,Sample_100_GSE28146
scPP,Negative,Neg_ctrl_Sample_6,0.0120520666106033,676,2.83058866868514,Sample_100_GSE28146
scPP,Negative,Neg_ctrl_Sample_7,-0.0565237490517451,676,2.83058866868514,Sample_100_GSE28146
scPP,Negative,Neg_ctrl_Sample_8,-0.0557945909721416,676,2.83058866868514,Sample_100_GSE28146
scPP,Negative,Neg_ctrl_Sample_9,-0.0970576761874529,676,2.83058866868514,Sample_100_GSE28146
scPP,Negative,Neg_ctrl_Sample_10,0.0271605357850717,676,2.83058866868514,Sample_100_GSE28146
scPP,Negative,Neg_ctrl_Sample_11,0.0312185622280478,676,2.83058866868514,Sample_100_GSE28146
scPP,Negative,Neg_ctrl_Sample_12,0.0811609764541672,676,2.83058866868514,Sample_100_GSE28146
scPP,Negative,Neg_ctrl_Sample_13,0.00776601815641191,676,2.83058866868514,Sample_100_GSE28146
scPP,Negative,Neg_ctrl_Sample_14,0.0761382082982476,676,2.83058866868514,Sample_100_GSE28146
scPP,Negative,Neg_ctrl_Sample_15,0.0035109707464874,676,2.83058866868514,Sample_100_GSE28146
scPP,Negative,Neg_ctrl_Sample_16,-0.101175990067551,676,2.83058866868514,Sample_100_GSE28146
scPP,Negative,Neg_ctrl_Sample_17,0.00110035451006866,676,2.83058866868514,Sample_100_GSE28146
scPP,Negative,Neg_ctrl_Sample_18,-0.0803508383808426,676,2.83058866868514,Sample_100_GSE28146
scPP,Negative,Neg_ctrl_Sample_19,-0.119331094926266,676,2.83058866868514,Sample_100_GSE28146
scPP,Negative,Neg_ctrl_Sample_20,-0.0245769843049715,676,2.83058866868514,Sample_100_GSE28146
scPP,Negative,Neg_ctrl_Sample_21,-0.179477741153212,676,2.83058866868514,Sample_100_GSE28146
scPP,Negative,Neg_ctrl_Sample_22,-0.0244587403906095,676,2.83058866868514,Sample_100_GSE28146
scPP,Negative,Neg_ctrl_Sample_23,0.0655889972581999,676,2.83058866868514,Sample_100_GSE28146
scPP,Negative,Neg_ctrl_Sample_24,-0.0673825280887659,676,2.83058866868514,Sample_100_GSE28146
scPP,Negative,Neg_ctrl_Sample_25,-0.0381202761539668,676,2.83058866868514,Sample_100_GSE28146
scPP,Negative,Neg_ctrl_Sample_26,-0.128016267289401,676,2.83058866868514,Sample_100_GSE28146
scPP,Negative,Neg_ctrl_Sample_27,0.240332849447423,676,2.83058866868514,Sample_100_GSE28146
scPP,Negative,Neg_ctrl_Sample_28,-0.00217010576437529,676,2.83058866868514,Sample_100_GSE28146
scPP,Negative,Neg_ctrl_Sample_29,0.0733241699867646,676,2.83058866868514,Sample_100_GSE28146
scPP,Negative,Neg_ctrl_Sample_30,0.0481801350377268,676,2.83058866868514,Sample_100_GSE28146
scPP,Negative,Neg_ctrl_Sample_31,0.0176248853170748,676,2.83058866868514,Sample_100_GSE28146
scPP,Negative,Neg_ctrl_Sample_32,-0.115472210151235,676,2.83058866868514,Sample_100_GSE28146
scPP,Negative,Neg_ctrl_Sample_33,0.00750815162502501,676,2.83058866868514,Sample_100_GSE28146
scPP,Negative,Neg_ctrl_Sample_34,0.155548678862166,676,2.83058866868514,Sample_100_GSE28146
scPP,Negative,Neg_ctrl_Sample_35,0.0249586425252416,676,2.83058866868514,Sample_100_GSE28146
scPP,Negative,Neg_ctrl_Sample_36,-0.0402465410893199,676,2.83058866868514,Sample_100_GSE28146
scPP,Negative,Neg_ctrl_Sample_37,0.164183707799993,676,2.83058866868514,Sample_100_GSE28146
scPP,Negative,Neg_ctrl_Sample_38,0.1218410299881,676,2.83058866868514,Sample_100_GSE28146
scPP,Negative,Neg_ctrl_Sample_39,-0.0106572714229032,676,2.83058866868514,Sample_100_GSE28146
scPP,Negative,Neg_ctrl_Sample_40,-0.16674211821862,676,2.83058866868514,Sample_100_GSE28146
scPP,Negative,Neg_ctrl_Sample_41,-0.0418728694746027,676,2.83058866868514,Sample_100_GSE28146
scPP,Negative,Neg_ctrl_Sample_42,0.147798128428342,676,2.83058866868514,Sample_100_GSE28146
scPP,Negative,Neg_ctrl_Sample_43,0.245489673564781,676,2.83058866868514,Sample_100_GSE28146
scPP,Negative,Neg_ctrl_Sample_44,0.0532463354143807,676,2.83058866868514,Sample_100_GSE28146
scPP,Negative,Neg_ctrl_Sample_45,0.0506528751265932,676,2.83058866868514,Sample_100_GSE28146
scPP,Negative,Neg_ctrl_Sample_46,0.134831961054965,676,2.83058866868514,Sample_100_GSE28146
scPP,Negative,Neg_ctrl_Sample_47,0.140125170181386,676,2.83058866868514,Sample_100_GSE28146
scPP,Negative,Neg_ctrl_Sample_48,0.0375276452850875,676,2.83058866868514,Sample_100_GSE28146
scPP,Negative,Neg_ctrl_Sample_49,0.038946566246288,676,2.83058866868514,Sample_100_GSE28146
scPP,Negative,Neg_ctrl_Sample_50,-0.00257170506873349,676,2.83058866868514,Sample_100_GSE28146
scPP,Negative,Neg_ctrl_Sample_51,-0.0185871234420515,676,2.83058866868514,Sample_100_GSE28146
scPP,Negative,Neg_ctrl_Sample_52,0.226490074035254,676,2.83058866868514,Sample_100_GSE28146
scPP,Negative,Neg_ctrl_Sample_53,-0.170662556615013,676,2.83058866868514,Sample_100_GSE28146
scPP,Negative,Neg_ctrl_Sample_54,0.019834702320436,676,2.83058866868514,Sample_100_GSE28146
scPP,Negative,Neg_ctrl_Sample_55,0.164290033207398,676,2.83058866868514,Sample_100_GSE28146
scPP,Negative,Neg_ctrl_Sample_56,0.0190247018995673,676,2.83058866868514,Sample_100_GSE28146
scPP,Negative,Neg_ctrl_Sample_57,0.126466223615428,676,2.83058866868514,Sample_100_GSE28146
scPP,Negative,Neg_ctrl_Sample_58,0.0226611652098906,676,2.83058866868514,Sample_100_GSE28146
scPP,Negative,Neg_ctrl_Sample_59,-0.0356338909237657,676,2.83058866868514,Sample_100_GSE28146
scPP,Negative,Neg_ctrl_Sample_60,-0.0844391924558569,676,2.83058866868514,Sample_100_GSE28146
scPP,Negative,Neg_ctrl_Sample_61,-0.0937361219513434,676,2.83058866868514,Sample_100_GSE28146
scPP,Negative,Neg_ctrl_Sample_62,-0.0927473448526458,676,2.83058866868514,Sample_100_GSE28146
scPP,Negative,Neg_ctrl_Sample_63,-0.0770617899564481,676,2.83058866868514,Sample_100_GSE28146
scPP,Negative,Neg_ctrl_Sample_64,0.0354631481071842,676,2.83058866868514,Sample_100_GSE28146
scPP,Negative,Neg_ctrl_Sample_65,0.0390812425233951,676,2.83058866868514,Sample_100_GSE28146
scPP,Negative,Neg_ctrl_Sample_66,-0.16837751088608,676,2.83058866868514,Sample_100_GSE28146
scPP,Negative,Neg_ctrl_Sample_67,-0.126328760349516,676,2.83058866868514,Sample_100_GSE28146
scPP,Negative,Neg_ctrl_Sample_68,-0.127617068071647,676,2.83058866868514,Sample_100_GSE28146
scPP,Negative,Neg_ctrl_Sample_69,0.0644172058241783,676,2.83058866868514,Sample_100_GSE28146
scPP,Negative,Neg_ctrl_Sample_70,-0.16403033395853,676,2.83058866868514,Sample_100_GSE28146
scPP,Negative,Neg_ctrl_Sample_71,-0.0540796255774675,676,2.83058866868514,Sample_100_GSE28146
scPP,Negative,Neg_ctrl_Sample_72,-0.0807432062222929,676,2.83058866868514,Sample_100_GSE28146
scPP,Negative,Neg_ctrl_Sample_73,0.0463178653209205,676,2.83058866868514,Sample_100_GSE28146
scPP,Negative,Neg_ctrl_Sample_74,0.0502729928478318,676,2.83058866868514,Sample_100_GSE28146
scPP,Negative,Neg_ctrl_Sample_75,0.0616447368257143,676,2.83058866868514,Sample_100_GSE28146
scPP,Negative,Neg_ctrl_Sample_76,0.112152561469409,676,2.83058866868514,Sample_100_GSE28146
scPP,Negative,Neg_ctrl_Sample_77,-0.117616226721667,676,2.83058866868514,Sample_100_GSE28146
scPP,Negative,Neg_ctrl_Sample_78,0.056328952431032,676,2.83058866868514,Sample_100_GSE28146
scPP,Negative,Neg_ctrl_Sample_79,0.217783327403355,676,2.83058866868514,Sample_100_GSE28146
scPP,Negative,Neg_ctrl_Sample_80,-0.0528771166836975,676,2.83058866868514,Sample_100_GSE28146
scPP,Negative,Neg_ctrl_Sample_81,-0.249123061158091,676,2.83058866868514,Sample_100_GSE28146
scPP,Negative,Neg_ctrl_Sample_82,-0.000390786559688008,676,2.83058866868514,Sample_100_GSE28146
scPP,Negative,Neg_ctrl_Sample_83,0.0951888324523913,676,2.83058866868514,Sample_100_GSE28146
scPP,Negative,Neg_ctrl_Sample_84,0.121736823012485,676,2.83058866868514,Sample_100_GSE28146
scPP,Negative,Neg_ctrl_Sample_85,-0.157582633994654,676,2.83058866868514,Sample_100_GSE28146
scPP,Negative,Neg_ctrl_Sample_86,-0.119847348444479,676,2.83058866868514,Sample_100_GSE28146
scPP,Negative,Neg_ctrl_Sample_87,0.0563791024193384,676,2.83058866868514,Sample_100_GSE28146
scPP,Negative,Neg_ctrl_Sample_88,-0.0973550890324446,676,2.83058866868514,Sample_100_GSE28146
scPP,Negative,Neg_ctrl_Sample_89,0.0298048878536131,676,2.83058866868514,Sample_100_GSE28146
scPP,Negative,Neg_ctrl_Sample_90,-0.0941575209811677,676,2.83058866868514,Sample_100_GSE28146
scPP,Negative,Neg_ctrl_Sample_91,0.0210981425643844,676,2.83058866868514,Sample_100_GSE28146
scPP,Negative,Neg_ctrl_Sample_92,0.319325147795977,676,2.83058866868514,Sample_100_GSE28146
scPP,Negative,Neg_ctrl_Sample_93,0.0463212773895915,676,2.83058866868514,Sample_100_GSE28146
scPP,Negative,Neg_ctrl_Sample_94,0.131497633833699,676,2.83058866868514,Sample_100_GSE28146
scPP,Negative,Neg_ctrl_Sample_95,0.0210503591476292,676,2.83058866868514,Sample_100_GSE28146
scPP,Negative,Neg_ctrl_Sample_96,-0.10185835945662,676,2.83058866868514,Sample_100_GSE28146
scPP,Negative,Neg_ctrl_Sample_97,-0.031742960477799,676,2.83058866868514,Sample_100_GSE28146
scPP,Negative,Neg_ctrl_Sample_98,0.13083584079188,676,2.83058866868514,Sample_100_GSE28146
scPP,Negative,Neg_ctrl_Sample_99,-0.0600286803939384,676,2.83058866868514,Sample_100_GSE28146
scPP,Negative,Neg_ctrl_Sample_100,0.0621066493709592,676,2.83058866868514,Sample_100_GSE28146
scPP,Neutral,Neg_ctrl_Sample_1,0.103630984212282,11572,4.06344595312303,Sample_100_GSE28146
scPP,Neutral,Neg_ctrl_Sample_2,0.081615179895395,11572,4.06344595312303,Sample_100_GSE28146
scPP,Neutral,Neg_ctrl_Sample_3,0.18494199962869,11572,4.06344595312303,Sample_100_GSE28146
scPP,Neutral,Neg_ctrl_Sample_4,-0.00157324660021665,11572,4.06344595312303,Sample_100_GSE28146
scPP,Neutral,Neg_ctrl_Sample_5,-0.00459229294538359,11572,4.06344595312303,Sample_100_GSE28146
scPP,Neutral,Neg_ctrl_Sample_6,0.0195029752273707,11572,4.06344595312303,Sample_100_GSE28146
scPP,Neutral,Neg_ctrl_Sample_7,-0.054410036900413,11572,4.06344595312303,Sample_100_GSE28146
scPP,Neutral,Neg_ctrl_Sample_8,-0.0549362400225752,11572,4.06344595312303,Sample_100_GSE28146
scPP,Neutral,Neg_ctrl_Sample_9,-0.1074646677652,11572,4.06344595312303,Sample_100_GSE28146
scPP,Neutral,Neg_ctrl_Sample_10,0.0462671486764058,11572,4.06344595312303,Sample_100_GSE28146
scPP,Neutral,Neg_ctrl_Sample_11,0.0340128431041041,11572,4.06344595312303,Sample_100_GSE28146
scPP,Neutral,Neg_ctrl_Sample_12,0.0744819458503168,11572,4.06344595312303,Sample_100_GSE28146
scPP,Neutral,Neg_ctrl_Sample_13,0.0111469922599841,11572,4.06344595312303,Sample_100_GSE28146
scPP,Neutral,Neg_ctrl_Sample_14,0.0743272263460374,11572,4.06344595312303,Sample_100_GSE28146
scPP,Neutral,Neg_ctrl_Sample_15,-0.0197664627904135,11572,4.06344595312303,Sample_100_GSE28146
scPP,Neutral,Neg_ctrl_Sample_16,-0.114408665029182,11572,4.06344595312303,Sample_100_GSE28146
scPP,Neutral,Neg_ctrl_Sample_17,-0.00236481060268391,11572,4.06344595312303,Sample_100_GSE28146
scPP,Neutral,Neg_ctrl_Sample_18,-0.0780272802961726,11572,4.06344595312303,Sample_100_GSE28146
scPP,Neutral,Neg_ctrl_Sample_19,-0.179853577336171,11572,4.06344595312303,Sample_100_GSE28146
scPP,Neutral,Neg_ctrl_Sample_20,-0.025286459197322,11572,4.06344595312303,Sample_100_GSE28146
scPP,Neutral,Neg_ctrl_Sample_21,-0.167217202030248,11572,4.06344595312303,Sample_100_GSE28146
scPP,Neutral,Neg_ctrl_Sample_22,-0.0315012201164318,11572,4.06344595312303,Sample_100_GSE28146
scPP,Neutral,Neg_ctrl_Sample_23,0.0601004446803291,11572,4.06344595312303,Sample_100_GSE28146
scPP,Neutral,Neg_ctrl_Sample_24,-0.0657835331944928,11572,4.06344595312303,Sample_100_GSE28146
scPP,Neutral,Neg_ctrl_Sample_25,-0.0368705784143955,11572,4.06344595312303,Sample_100_GSE28146
scPP,Neutral,Neg_ctrl_Sample_26,-0.120997635446522,11572,4.06344595312303,Sample_100_GSE28146
scPP,Neutral,Neg_ctrl_Sample_27,0.247032662918584,11572,4.06344595312303,Sample_100_GSE28146
scPP,Neutral,Neg_ctrl_Sample_28,-0.00885185369626775,11572,4.06344595312303,Sample_100_GSE28146
scPP,Neutral,Neg_ctrl_Sample_29,0.0728364300631799,11572,4.06344595312303,Sample_100_GSE28146
scPP,Neutral,Neg_ctrl_Sample_30,0.0511958255827318,11572,4.06344595312303,Sample_100_GSE28146
scPP,Neutral,Neg_ctrl_Sample_31,0.0188997603014888,11572,4.06344595312303,Sample_100_GSE28146
scPP,Neutral,Neg_ctrl_Sample_32,-0.108813162351352,11572,4.06344595312303,Sample_100_GSE28146
scPP,Neutral,Neg_ctrl_Sample_33,0.0225470664405374,11572,4.06344595312303,Sample_100_GSE28146
scPP,Neutral,Neg_ctrl_Sample_34,0.14957005902279,11572,4.06344595312303,Sample_100_GSE28146
scPP,Neutral,Neg_ctrl_Sample_35,0.00656481929347036,11572,4.06344595312303,Sample_100_GSE28146
scPP,Neutral,Neg_ctrl_Sample_36,-0.0521681749516742,11572,4.06344595312303,Sample_100_GSE28146
scPP,Neutral,Neg_ctrl_Sample_37,0.183678002507341,11572,4.06344595312303,Sample_100_GSE28146
scPP,Neutral,Neg_ctrl_Sample_38,0.132003769840108,11572,4.06344595312303,Sample_100_GSE28146
scPP,Neutral,Neg_ctrl_Sample_39,-0.0247461205858103,11572,4.06344595312303,Sample_100_GSE28146
scPP,Neutral,Neg_ctrl_Sample_40,-0.176538743873855,11572,4.06344595312303,Sample_100_GSE28146
scPP,Neutral,Neg_ctrl_Sample_41,-0.0440874384839514,11572,4.06344595312303,Sample_100_GSE28146
scPP,Neutral,Neg_ctrl_Sample_42,0.147436664546158,11572,4.06344595312303,Sample_100_GSE28146
scPP,Neutral,Neg_ctrl_Sample_43,0.249576158287071,11572,4.06344595312303,Sample_100_GSE28146
scPP,Neutral,Neg_ctrl_Sample_44,0.0473955541544506,11572,4.06344595312303,Sample_100_GSE28146
scPP,Neutral,Neg_ctrl_Sample_45,0.0130958924862324,11572,4.06344595312303,Sample_100_GSE28146
scPP,Neutral,Neg_ctrl_Sample_46,0.119465190465725,11572,4.06344595312303,Sample_100_GSE28146
scPP,Neutral,Neg_ctrl_Sample_47,0.145222985992811,11572,4.06344595312303,Sample_100_GSE28146
scPP,Neutral,Neg_ctrl_Sample_48,-0.000562061947401379,11572,4.06344595312303,Sample_100_GSE28146
scPP,Neutral,Neg_ctrl_Sample_49,0.0371391428452239,11572,4.06344595312303,Sample_100_GSE28146
scPP,Neutral,Neg_ctrl_Sample_50,-0.014428148937564,11572,4.06344595312303,Sample_100_GSE28146
scPP,Neutral,Neg_ctrl_Sample_51,-0.0212848657588398,11572,4.06344595312303,Sample_100_GSE28146
scPP,Neutral,Neg_ctrl_Sample_52,0.217641263224871,11572,4.06344595312303,Sample_100_GSE28146
scPP,Neutral,Neg_ctrl_Sample_53,-0.190916354826434,11572,4.06344595312303,Sample_100_GSE28146
scPP,Neutral,Neg_ctrl_Sample_54,-0.00599515256230406,11572,4.06344595312303,Sample_100_GSE28146
scPP,Neutral,Neg_ctrl_Sample_55,0.174357107609032,11572,4.06344595312303,Sample_100_GSE28146
scPP,Neutral,Neg_ctrl_Sample_56,0.0257803753518821,11572,4.06344595312303,Sample_100_GSE28146
scPP,Neutral,Neg_ctrl_Sample_57,0.119424908601929,11572,4.06344595312303,Sample_100_GSE28146
scPP,Neutral,Neg_ctrl_Sample_58,0.0259477781771983,11572,4.06344595312303,Sample_100_GSE28146
scPP,Neutral,Neg_ctrl_Sample_59,-0.0588875474674307,11572,4.06344595312303,Sample_100_GSE28146
scPP,Neutral,Neg_ctrl_Sample_60,-0.0956600459720323,11572,4.06344595312303,Sample_100_GSE28146
scPP,Neutral,Neg_ctrl_Sample_61,-0.0998968506899248,11572,4.06344595312303,Sample_100_GSE28146
scPP,Neutral,Neg_ctrl_Sample_62,-0.0890964250302425,11572,4.06344595312303,Sample_100_GSE28146
scPP,Neutral,Neg_ctrl_Sample_63,-0.0736832691661828,11572,4.06344595312303,Sample_100_GSE28146
scPP,Neutral,Neg_ctrl_Sample_64,0.0423891499448716,11572,4.06344595312303,Sample_100_GSE28146
scPP,Neutral,Neg_ctrl_Sample_65,0.0419678153718352,11572,4.06344595312303,Sample_100_GSE28146
scPP,Neutral,Neg_ctrl_Sample_66,-0.172726063512795,11572,4.06344595312303,Sample_100_GSE28146
scPP,Neutral,Neg_ctrl_Sample_67,-0.150795376072458,11572,4.06344595312303,Sample_100_GSE28146
scPP,Neutral,Neg_ctrl_Sample_68,-0.147019958630317,11572,4.06344595312303,Sample_100_GSE28146
scPP,Neutral,Neg_ctrl_Sample_69,0.0438597372610138,11572,4.06344595312303,Sample_100_GSE28146
scPP,Neutral,Neg_ctrl_Sample_70,-0.188006131013301,11572,4.06344595312303,Sample_100_GSE28146
scPP,Neutral,Neg_ctrl_Sample_71,-0.0586283244066796,11572,4.06344595312303,Sample_100_GSE28146
scPP,Neutral,Neg_ctrl_Sample_72,-0.106431861299445,11572,4.06344595312303,Sample_100_GSE28146
scPP,Neutral,Neg_ctrl_Sample_73,0.0445127565780974,11572,4.06344595312303,Sample_100_GSE28146
scPP,Neutral,Neg_ctrl_Sample_74,0.0459390403995543,11572,4.06344595312303,Sample_100_GSE28146
scPP,Neutral,Neg_ctrl_Sample_75,0.0544526978235037,11572,4.06344595312303,Sample_100_GSE28146
scPP,Neutral,Neg_ctrl_Sample_76,0.122308905942641,11572,4.06344595312303,Sample_100_GSE28146
scPP,Neutral,Neg_ctrl_Sample_77,-0.134781305509338,11572,4.06344595312303,Sample_100_GSE28146
scPP,Neutral,Neg_ctrl_Sample_78,0.0660304997448156,11572,4.06344595312303,Sample_100_GSE28146
scPP,Neutral,Neg_ctrl_Sample_79,0.22011957289999,11572,4.06344595312303,Sample_100_GSE28146
scPP,Neutral,Neg_ctrl_Sample_80,-0.0527388988706842,11572,4.06344595312303,Sample_100_GSE28146
scPP,Neutral,Neg_ctrl_Sample_81,-0.246321899016177,11572,4.06344595312303,Sample_100_GSE28146
scPP,Neutral,Neg_ctrl_Sample_82,0.00537047027420288,11572,4.06344595312303,Sample_100_GSE28146
scPP,Neutral,Neg_ctrl_Sample_83,0.095578690252857,11572,4.06344595312303,Sample_100_GSE28146
scPP,Neutral,Neg_ctrl_Sample_84,0.107966761895021,11572,4.06344595312303,Sample_100_GSE28146
scPP,Neutral,Neg_ctrl_Sample_85,-0.161446148780356,11572,4.06344595312303,Sample_100_GSE28146
scPP,Neutral,Neg_ctrl_Sample_86,-0.129405517422809,11572,4.06344595312303,Sample_100_GSE28146
scPP,Neutral,Neg_ctrl_Sample_87,0.0601371726067815,11572,4.06344595312303,Sample_100_GSE28146
scPP,Neutral,Neg_ctrl_Sample_88,-0.10253108481557,11572,4.06344595312303,Sample_100_GSE28146
scPP,Neutral,Neg_ctrl_Sample_89,0.0355606659160241,11572,4.06344595312303,Sample_100_GSE28146
scPP,Neutral,Neg_ctrl_Sample_90,-0.109942388888893,11572,4.06344595312303,Sample_100_GSE28146
scPP,Neutral,Neg_ctrl_Sample_91,0.0318626796346393,11572,4.06344595312303,Sample_100_GSE28146
scPP,Neutral,Neg_ctrl_Sample_92,0.312459606482148,11572,4.06344595312303,Sample_100_GSE28146
scPP,Neutral,Neg_ctrl_Sample_93,0.061052952607143,11572,4.06344595312303,Sample_100_GSE28146
scPP,Neutral,Neg_ctrl_Sample_94,0.14183146392474,11572,4.06344595312303,Sample_100_GSE28146
scPP,Neutral,Neg_ctrl_Sample_95,0.0195971964960785,11572,4.06344595312303,Sample_100_GSE28146
scPP,Neutral,Neg_ctrl_Sample_96,-0.101117450674558,11572,4.06344595312303,Sample_100_GSE28146
scPP,Neutral,Neg_ctrl_Sample_97,-0.0316997446922732,11572,4.06344595312303,Sample_100_GSE28146
scPP,Neutral,Neg_ctrl_Sample_98,0.113548614639395,11572,4.06344595312303,Sample_100_GSE28146
scPP,Neutral,Neg_ctrl_Sample_99,-0.0770126324731827,11572,4.06344595312303,Sample_100_GSE28146
scPP,Neutral,Neg_ctrl_Sample_100,0.0633388640540738,11572,4.06344595312303,Sample_100_GSE28146
scPP,Positive,Neg_ctrl_Sample_1,0.102893801534582,561,2.74973631556906,Sample_100_GSE28146
scPP,Positive,Neg_ctrl_Sample_2,0.0774296266370906,561,2.74973631556906,Sample_100_GSE28146
scPP,Positive,Neg_ctrl_Sample_3,0.186355421382625,561,2.74973631556906,Sample_100_GSE28146
scPP,Positive,Neg_ctrl_Sample_4,-0.0112408713531535,561,2.74973631556906,Sample_100_GSE28146
scPP,Positive,Neg_ctrl_Sample_5,-0.0164992467746323,561,2.74973631556906,Sample_100_GSE28146
scPP,Positive,Neg_ctrl_Sample_6,0.0193048160290058,561,2.74973631556906,Sample_100_GSE28146
scPP,Positive,Neg_ctrl_Sample_7,-0.0544814959679267,561,2.74973631556906,Sample_100_GSE28146
scPP,Positive,Neg_ctrl_Sample_8,-0.0658767739676808,561,2.74973631556906,Sample_100_GSE28146
scPP,Positive,Neg_ctrl_Sample_9,-0.106828846931386,561,2.74973631556906,Sample_100_GSE28146
scPP,Positive,Neg_ctrl_Sample_10,0.0439338070822501,561,2.74973631556906,Sample_100_GSE28146
scPP,Positive,Neg_ctrl_Sample_11,0.0334554790705973,561,2.74973631556906,Sample_100_GSE28146
scPP,Positive,Neg_ctrl_Sample_12,0.0752103564373546,561,2.74973631556906,Sample_100_GSE28146
scPP,Positive,Neg_ctrl_Sample_13,0.00666742259635383,561,2.74973631556906,Sample_100_GSE28146
scPP,Positive,Neg_ctrl_Sample_14,0.0732122110098448,561,2.74973631556906,Sample_100_GSE28146
scPP,Positive,Neg_ctrl_Sample_15,-0.023755804451157,561,2.74973631556906,Sample_100_GSE28146
scPP,Positive,Neg_ctrl_Sample_16,-0.111126885200719,561,2.74973631556906,Sample_100_GSE28146
scPP,Positive,Neg_ctrl_Sample_17,-0.0024151350575219,561,2.74973631556906,Sample_100_GSE28146
scPP,Positive,Neg_ctrl_Sample_18,-0.0724333528674225,561,2.74973631556906,Sample_100_GSE28146
scPP,Positive,Neg_ctrl_Sample_19,-0.191611502495027,561,2.74973631556906,Sample_100_GSE28146
scPP,Positive,Neg_ctrl_Sample_20,-0.0155498513289858,561,2.74973631556906,Sample_100_GSE28146
scPP,Positive,Neg_ctrl_Sample_21,-0.144553702627724,561,2.74973631556906,Sample_100_GSE28146
scPP,Positive,Neg_ctrl_Sample_22,-0.0460064088343392,561,2.74973631556906,Sample_100_GSE28146
scPP,Positive,Neg_ctrl_Sample_23,0.0503969821981504,561,2.74973631556906,Sample_100_GSE28146
scPP,Positive,Neg_ctrl_Sample_24,-0.0618525068590538,561,2.74973631556906,Sample_100_GSE28146
scPP,Positive,Neg_ctrl_Sample_25,-0.0228246606711199,561,2.74973631556906,Sample_100_GSE28146
scPP,Positive,Neg_ctrl_Sample_26,-0.11084755368553,561,2.74973631556906,Sample_100_GSE28146
scPP,Positive,Neg_ctrl_Sample_27,0.248733572857338,561,2.74973631556906,Sample_100_GSE28146
scPP,Positive,Neg_ctrl_Sample_28,-0.00379823580335243,561,2.74973631556906,Sample_100_GSE28146
scPP,Positive,Neg_ctrl_Sample_29,0.083277893632399,561,2.74973631556906,Sample_100_GSE28146
scPP,Positive,Neg_ctrl_Sample_30,0.0443328255081378,561,2.74973631556906,Sample_100_GSE28146
scPP,Positive,Neg_ctrl_Sample_31,0.0203651808201654,561,2.74973631556906,Sample_100_GSE28146
scPP,Positive,Neg_ctrl_Sample_32,-0.0983853476404714,561,2.74973631556906,Sample_100_GSE28146
scPP,Positive,Neg_ctrl_Sample_33,0.030848113476999,561,2.74973631556906,Sample_100_GSE28146
scPP,Positive,Neg_ctrl_Sample_34,0.144377364627568,561,2.74973631556906,Sample_100_GSE28146
scPP,Positive,Neg_ctrl_Sample_35,0.00791984055166896,561,2.74973631556906,Sample_100_GSE28146
scPP,Positive,Neg_ctrl_Sample_36,-0.0473807433819791,561,2.74973631556906,Sample_100_GSE28146
scPP,Positive,Neg_ctrl_Sample_37,0.183235015416543,561,2.74973631556906,Sample_100_GSE28146
scPP,Positive,Neg_ctrl_Sample_38,0.135575275243423,561,2.74973631556906,Sample_100_GSE28146
scPP,Positive,Neg_ctrl_Sample_39,-0.0214037581110059,561,2.74973631556906,Sample_100_GSE28146
scPP,Positive,Neg_ctrl_Sample_40,-0.167539213533363,561,2.74973631556906,Sample_100_GSE28146
scPP,Positive,Neg_ctrl_Sample_41,-0.039630037959813,561,2.74973631556906,Sample_100_GSE28146
scPP,Positive,Neg_ctrl_Sample_42,0.150183746827934,561,2.74973631556906,Sample_100_GSE28146
scPP,Positive,Neg_ctrl_Sample_43,0.24699254814183,561,2.74973631556906,Sample_100_GSE28146
scPP,Positive,Neg_ctrl_Sample_44,0.0537610577646716,561,2.74973631556906,Sample_100_GSE28146
scPP,Positive,Neg_ctrl_Sample_45,0.033116833576031,561,2.74973631556906,Sample_100_GSE28146
scPP,Positive,Neg_ctrl_Sample_46,0.113661062129072,561,2.74973631556906,Sample_100_GSE28146
scPP,Positive,Neg_ctrl_Sample_47,0.141134228678409,561,2.74973631556906,Sample_100_GSE28146
scPP,Positive,Neg_ctrl_Sample_48,-0.0306386481924158,561,2.74973631556906,Sample_100_GSE28146
scPP,Positive,Neg_ctrl_Sample_49,0.0378231787246457,561,2.74973631556906,Sample_100_GSE28146
scPP,Positive,Neg_ctrl_Sample_50,-0.0173635047070857,561,2.74973631556906,Sample_100_GSE28146
scPP,Positive,Neg_ctrl_Sample_51,-0.017429239770546,561,2.74973631556906,Sample_100_GSE28146
scPP,Positive,Neg_ctrl_Sample_52,0.211588230364906,561,2.74973631556906,Sample_100_GSE28146
scPP,Positive,Neg_ctrl_Sample_53,-0.184171872224882,561,2.74973631556906,Sample_100_GSE28146
scPP,Positive,Neg_ctrl_Sample_54,-0.00578836078546067,561,2.74973631556906,Sample_100_GSE28146
scPP,Positive,Neg_ctrl_Sample_55,0.177798603575736,561,2.74973631556906,Sample_100_GSE28146
scPP,Positive,Neg_ctrl_Sample_56,0.028561857922614,561,2.74973631556906,Sample_100_GSE28146
scPP,Positive,Neg_ctrl_Sample_57,0.119766740371754,561,2.74973631556906,Sample_100_GSE28146
scPP,Positive,Neg_ctrl_Sample_58,0.0205634534763257,561,2.74973631556906,Sample_100_GSE28146
scPP,Positive,Neg_ctrl_Sample_59,-0.0464893758373003,561,2.74973631556906,Sample_100_GSE28146
scPP,Positive,Neg_ctrl_Sample_60,-0.0970033776533674,561,2.74973631556906,Sample_100_GSE28146
scPP,Positive,Neg_ctrl_Sample_61,-0.101785846014549,561,2.74973631556906,Sample_100_GSE28146
scPP,Positive,Neg_ctrl_Sample_62,-0.087326082162964,561,2.74973631556906,Sample_100_GSE28146
scPP,Positive,Neg_ctrl_Sample_63,-0.0896822994237596,561,2.74973631556906,Sample_100_GSE28146
scPP,Positive,Neg_ctrl_Sample_64,0.0416803351772719,561,2.74973631556906,Sample_100_GSE28146
scPP,Positive,Neg_ctrl_Sample_65,0.0397281429075476,561,2.74973631556906,Sample_100_GSE28146
scPP,Positive,Neg_ctrl_Sample_66,-0.171991527594834,561,2.74973631556906,Sample_100_GSE28146
scPP,Positive,Neg_ctrl_Sample_67,-0.145626011222082,561,2.74973631556906,Sample_100_GSE28146
scPP,Positive,Neg_ctrl_Sample_68,-0.139364622797343,561,2.74973631556906,Sample_100_GSE28146
scPP,Positive,Neg_ctrl_Sample_69,0.0396961752803491,561,2.74973631556906,Sample_100_GSE28146
scPP,Positive,Neg_ctrl_Sample_70,-0.192952807410567,561,2.74973631556906,Sample_100_GSE28146
scPP,Positive,Neg_ctrl_Sample_71,-0.058803283052968,561,2.74973631556906,Sample_100_GSE28146
scPP,Positive,Neg_ctrl_Sample_72,-0.112341004761436,561,2.74973631556906,Sample_100_GSE28146
scPP,Positive,Neg_ctrl_Sample_73,0.0376107651612778,561,2.74973631556906,Sample_100_GSE28146
scPP,Positive,Neg_ctrl_Sample_74,0.0487105712386877,561,2.74973631556906,Sample_100_GSE28146
scPP,Positive,Neg_ctrl_Sample_75,0.0555969917882267,561,2.74973631556906,Sample_100_GSE28146
scPP,Positive,Neg_ctrl_Sample_76,0.126839228764791,561,2.74973631556906,Sample_100_GSE28146
scPP,Positive,Neg_ctrl_Sample_77,-0.13561344787245,561,2.74973631556906,Sample_100_GSE28146
scPP,Positive,Neg_ctrl_Sample_78,0.0702712187146245,561,2.74973631556906,Sample_100_GSE28146
scPP,Positive,Neg_ctrl_Sample_79,0.219025274854661,561,2.74973631556906,Sample_100_GSE28146
scPP,Positive,Neg_ctrl_Sample_80,-0.042684785162064,561,2.74973631556906,Sample_100_GSE28146
scPP,Positive,Neg_ctrl_Sample_81,-0.232601053176297,561,2.74973631556906,Sample_100_GSE28146
scPP,Positive,Neg_ctrl_Sample_82,0.00074443694173815,561,2.74973631556906,Sample_100_GSE28146
scPP,Positive,Neg_ctrl_Sample_83,0.0974863655073037,561,2.74973631556906,Sample_100_GSE28146
scPP,Positive,Neg_ctrl_Sample_84,0.104904735529376,561,2.74973631556906,Sample_100_GSE28146
scPP,Positive,Neg_ctrl_Sample_85,-0.152840010457619,561,2.74973631556906,Sample_100_GSE28146
scPP,Positive,Neg_ctrl_Sample_86,-0.131136008371399,561,2.74973631556906,Sample_100_GSE28146
scPP,Positive,Neg_ctrl_Sample_87,0.0557963675626073,561,2.74973631556906,Sample_100_GSE28146
scPP,Positive,Neg_ctrl_Sample_88,-0.107894700450455,561,2.74973631556906,Sample_100_GSE28146
scPP,Positive,Neg_ctrl_Sample_89,0.0402652993734914,561,2.74973631556906,Sample_100_GSE28146
scPP,Positive,Neg_ctrl_Sample_90,-0.103061082013489,561,2.74973631556906,Sample_100_GSE28146
scPP,Positive,Neg_ctrl_Sample_91,0.0295556887843714,561,2.74973631556906,Sample_100_GSE28146
scPP,Positive,Neg_ctrl_Sample_92,0.306959279190301,561,2.74973631556906,Sample_100_GSE28146
scPP,Positive,Neg_ctrl_Sample_93,0.0612610124699067,561,2.74973631556906,Sample_100_GSE28146
scPP,Positive,Neg_ctrl_Sample_94,0.132346895214304,561,2.74973631556906,Sample_100_GSE28146
scPP,Positive,Neg_ctrl_Sample_95,0.0194383071272511,561,2.74973631556906,Sample_100_GSE28146
scPP,Positive,Neg_ctrl_Sample_96,-0.122614691318792,561,2.74973631556906,Sample_100_GSE28146
scPP,Positive,Neg_ctrl_Sample_97,-0.0283387586580747,561,2.74973631556906,Sample_100_GSE28146
scPP,Positive,Neg_ctrl_Sample_98,0.110550224280027,561,2.74973631556906,Sample_100_GSE28146
scPP,Positive,Neg_ctrl_Sample_99,-0.0809174849142937,561,2.74973631556906,Sample_100_GSE28146
scPP,Positive,Neg_ctrl_Sample_100,0.0503928130449441,561,2.74973631556906,Sample_100_GSE28146
LP_SGL,Negative,Neg_ctrl_Sample_1,0.0968984549863674,144,2.16136800223497,Sample_100_GSE28146
LP_SGL,Negative,Neg_ctrl_Sample_2,0.110559840559589,144,2.16136800223497,Sample_100_GSE28146
LP_SGL,Negative,Neg_ctrl_Sample_3,0.186585858695188,144,2.16136800223497,Sample_100_GSE28146
LP_SGL,Negative,Neg_ctrl_Sample_4,-0.0177568781791753,144,2.16136800223497,Sample_100_GSE28146
LP_SGL,Negative,Neg_ctrl_Sample_5,0.0191290822787892,144,2.16136800223497,Sample_100_GSE28146
LP_SGL,Negative,Neg_ctrl_Sample_6,0.0188476826150934,144,2.16136800223497,Sample_100_GSE28146
LP_SGL,Negative,Neg_ctrl_Sample_7,-0.0565092970650723,144,2.16136800223497,Sample_100_GSE28146
LP_SGL,Negative,Neg_ctrl_Sample_8,-0.0748424902074866,144,2.16136800223497,Sample_100_GSE28146
LP_SGL,Negative,Neg_ctrl_Sample_9,-0.0997649987312227,144,2.16136800223497,Sample_100_GSE28146
LP_SGL,Negative,Neg_ctrl_Sample_10,0.0266128990887873,144,2.16136800223497,Sample_100_GSE28146
LP_SGL,Negative,Neg_ctrl_Sample_11,0.032077497302935,144,2.16136800223497,Sample_100_GSE28146
LP_SGL,Negative,Neg_ctrl_Sample_12,0.0657282937461981,144,2.16136800223497,Sample_100_GSE28146
LP_SGL,Negative,Neg_ctrl_Sample_13,0.0289882707991593,144,2.16136800223497,Sample_100_GSE28146
LP_SGL,Negative,Neg_ctrl_Sample_14,0.0831909449159513,144,2.16136800223497,Sample_100_GSE28146
LP_SGL,Negative,Neg_ctrl_Sample_15,-0.0252795880406652,144,2.16136800223497,Sample_100_GSE28146
LP_SGL,Negative,Neg_ctrl_Sample_16,-0.137276433333567,144,2.16136800223497,Sample_100_GSE28146
LP_SGL,Negative,Neg_ctrl_Sample_17,-0.00495103388200156,144,2.16136800223497,Sample_100_GSE28146
LP_SGL,Negative,Neg_ctrl_Sample_18,-0.0687561216856321,144,2.16136800223497,Sample_100_GSE28146
LP_SGL,Negative,Neg_ctrl_Sample_19,-0.183249937210761,144,2.16136800223497,Sample_100_GSE28146
LP_SGL,Negative,Neg_ctrl_Sample_20,-0.0396893720130526,144,2.16136800223497,Sample_100_GSE28146
LP_SGL,Negative,Neg_ctrl_Sample_21,-0.191949891677903,144,2.16136800223497,Sample_100_GSE28146
LP_SGL,Negative,Neg_ctrl_Sample_22,-0.0138803007834528,144,2.16136800223497,Sample_100_GSE28146
LP_SGL,Negative,Neg_ctrl_Sample_23,0.0765168438380395,144,2.16136800223497,Sample_100_GSE28146
LP_SGL,Negative,Neg_ctrl_Sample_24,-0.0879553083411769,144,2.16136800223497,Sample_100_GSE28146
LP_SGL,Negative,Neg_ctrl_Sample_25,-0.0430564636323985,144,2.16136800223497,Sample_100_GSE28146
LP_SGL,Negative,Neg_ctrl_Sample_26,-0.133972415973665,144,2.16136800223497,Sample_100_GSE28146
LP_SGL,Negative,Neg_ctrl_Sample_27,0.254344343949422,144,2.16136800223497,Sample_100_GSE28146
LP_SGL,Negative,Neg_ctrl_Sample_28,-0.00410742829160249,144,2.16136800223497,Sample_100_GSE28146
LP_SGL,Negative,Neg_ctrl_Sample_29,0.0597127729542836,144,2.16136800223497,Sample_100_GSE28146
LP_SGL,Negative,Neg_ctrl_Sample_30,0.0453358129028063,144,2.16136800223497,Sample_100_GSE28146
LP_SGL,Negative,Neg_ctrl_Sample_31,-0.000237688885754398,144,2.16136800223497,Sample_100_GSE28146
LP_SGL,Negative,Neg_ctrl_Sample_32,-0.111885481285831,144,2.16136800223497,Sample_100_GSE28146
LP_SGL,Negative,Neg_ctrl_Sample_33,0.00502526752106474,144,2.16136800223497,Sample_100_GSE28146
LP_SGL,Negative,Neg_ctrl_Sample_34,0.151092772282811,144,2.16136800223497,Sample_100_GSE28146
LP_SGL,Negative,Neg_ctrl_Sample_35,-0.00590799359143642,144,2.16136800223497,Sample_100_GSE28146
LP_SGL,Negative,Neg_ctrl_Sample_36,-0.0581560974157006,144,2.16136800223497,Sample_100_GSE28146
LP_SGL,Negative,Neg_ctrl_Sample_37,0.181173222495507,144,2.16136800223497,Sample_100_GSE28146
LP_SGL,Negative,Neg_ctrl_Sample_38,0.122197756614808,144,2.16136800223497,Sample_100_GSE28146
LP_SGL,Negative,Neg_ctrl_Sample_39,-0.0197929356706401,144,2.16136800223497,Sample_100_GSE28146
LP_SGL,Negative,Neg_ctrl_Sample_40,-0.181504986543583,144,2.16136800223497,Sample_100_GSE28146
LP_SGL,Negative,Neg_ctrl_Sample_41,-0.0524294679144475,144,2.16136800223497,Sample_100_GSE28146
LP_SGL,Negative,Neg_ctrl_Sample_42,0.157209258306692,144,2.16136800223497,Sample_100_GSE28146
LP_SGL,Negative,Neg_ctrl_Sample_43,0.257309596244951,144,2.16136800223497,Sample_100_GSE28146
LP_SGL,Negative,Neg_ctrl_Sample_44,0.0491761599793867,144,2.16136800223497,Sample_100_GSE28146
LP_SGL,Negative,Neg_ctrl_Sample_45,0.0226751964400462,144,2.16136800223497,Sample_100_GSE28146
LP_SGL,Negative,Neg_ctrl_Sample_46,0.162560633388043,144,2.16136800223497,Sample_100_GSE28146
LP_SGL,Negative,Neg_ctrl_Sample_47,0.146329133145717,144,2.16136800223497,Sample_100_GSE28146
LP_SGL,Negative,Neg_ctrl_Sample_48,0.00198150873047283,144,2.16136800223497,Sample_100_GSE28146
LP_SGL,Negative,Neg_ctrl_Sample_49,0.0247679447750603,144,2.16136800223497,Sample_100_GSE28146
LP_SGL,Negative,Neg_ctrl_Sample_50,0.0308056950240067,144,2.16136800223497,Sample_100_GSE28146
LP_SGL,Negative,Neg_ctrl_Sample_51,-0.0254074915530654,144,2.16136800223497,Sample_100_GSE28146
LP_SGL,Negative,Neg_ctrl_Sample_52,0.256865311699763,144,2.16136800223497,Sample_100_GSE28146
LP_SGL,Negative,Neg_ctrl_Sample_53,-0.130167617937108,144,2.16136800223497,Sample_100_GSE28146
LP_SGL,Negative,Neg_ctrl_Sample_54,-0.0125915515749623,144,2.16136800223497,Sample_100_GSE28146
LP_SGL,Negative,Neg_ctrl_Sample_55,0.174838997422745,144,2.16136800223497,Sample_100_GSE28146
LP_SGL,Negative,Neg_ctrl_Sample_56,0.0207011582068401,144,2.16136800223497,Sample_100_GSE28146
LP_SGL,Negative,Neg_ctrl_Sample_57,0.109118380983925,144,2.16136800223497,Sample_100_GSE28146
LP_SGL,Negative,Neg_ctrl_Sample_58,0.0219347564697658,144,2.16136800223497,Sample_100_GSE28146
LP_SGL,Negative,Neg_ctrl_Sample_59,-0.0212273160721611,144,2.16136800223497,Sample_100_GSE28146
LP_SGL,Negative,Neg_ctrl_Sample_60,-0.0644282714843914,144,2.16136800223497,Sample_100_GSE28146
LP_SGL,Negative,Neg_ctrl_Sample_61,-0.0989873588688353,144,2.16136800223497,Sample_100_GSE28146
LP_SGL,Negative,Neg_ctrl_Sample_62,-0.110330584010866,144,2.16136800223497,Sample_100_GSE28146
LP_SGL,Negative,Neg_ctrl_Sample_63,-0.1056018691652,144,2.16136800223497,Sample_100_GSE28146
LP_SGL,Negative,Neg_ctrl_Sample_64,0.0212829724890772,144,2.16136800223497,Sample_100_GSE28146
LP_SGL,Negative,Neg_ctrl_Sample_65,0.0412480639496328,144,2.16136800223497,Sample_100_GSE28146
LP_SGL,Negative,Neg_ctrl_Sample_66,-0.182822913361544,144,2.16136800223497,Sample_100_GSE28146
LP_SGL,Negative,Neg_ctrl_Sample_67,-0.155033773105685,144,2.16136800223497,Sample_100_GSE28146
LP_SGL,Negative,Neg_ctrl_Sample_68,-0.135671565129425,144,2.16136800223497,Sample_100_GSE28146
LP_SGL,Negative,Neg_ctrl_Sample_69,0.0512384382823391,144,2.16136800223497,Sample_100_GSE28146
LP_SGL,Negative,Neg_ctrl_Sample_70,-0.161149430975131,144,2.16136800223497,Sample_100_GSE28146
LP_SGL,Negative,Neg_ctrl_Sample_71,-0.0533136080670905,144,2.16136800223497,Sample_100_GSE28146
LP_SGL,Negative,Neg_ctrl_Sample_72,-0.0847333151036574,144,2.16136800223497,Sample_100_GSE28146
LP_SGL,Negative,Neg_ctrl_Sample_73,0.0247372771504884,144,2.16136800223497,Sample_100_GSE28146
LP_SGL,Negative,Neg_ctrl_Sample_74,0.0346856860725492,144,2.16136800223497,Sample_100_GSE28146
LP_SGL,Negative,Neg_ctrl_Sample_75,0.0806735957275147,144,2.16136800223497,Sample_100_GSE28146
LP_SGL,Negative,Neg_ctrl_Sample_76,0.124082410627718,144,2.16136800223497,Sample_100_GSE28146
LP_SGL,Negative,Neg_ctrl_Sample_77,-0.134765552189244,144,2.16136800223497,Sample_100_GSE28146
LP_SGL,Negative,Neg_ctrl_Sample_78,0.0667268619427693,144,2.16136800223497,Sample_100_GSE28146
LP_SGL,Negative,Neg_ctrl_Sample_79,0.227385094690641,144,2.16136800223497,Sample_100_GSE28146
LP_SGL,Negative,Neg_ctrl_Sample_80,-0.0510199378393467,144,2.16136800223497,Sample_100_GSE28146
LP_SGL,Negative,Neg_ctrl_Sample_81,-0.272829297577534,144,2.16136800223497,Sample_100_GSE28146
LP_SGL,Negative,Neg_ctrl_Sample_82,-0.0115006717557102,144,2.16136800223497,Sample_100_GSE28146
LP_SGL,Negative,Neg_ctrl_Sample_83,0.089430567973898,144,2.16136800223497,Sample_100_GSE28146
LP_SGL,Negative,Neg_ctrl_Sample_84,0.113886933519618,144,2.16136800223497,Sample_100_GSE28146
LP_SGL,Negative,Neg_ctrl_Sample_85,-0.156826472164636,144,2.16136800223497,Sample_100_GSE28146
LP_SGL,Negative,Neg_ctrl_Sample_86,-0.135621550838649,144,2.16136800223497,Sample_100_GSE28146
LP_SGL,Negative,Neg_ctrl_Sample_87,0.0520911667345099,144,2.16136800223497,Sample_100_GSE28146
LP_SGL,Negative,Neg_ctrl_Sample_88,-0.11098356536567,144,2.16136800223497,Sample_100_GSE28146
LP_SGL,Negative,Neg_ctrl_Sample_89,0.0239304243273186,144,2.16136800223497,Sample_100_GSE28146
LP_SGL,Negative,Neg_ctrl_Sample_90,-0.108287429593222,144,2.16136800223497,Sample_100_GSE28146
LP_SGL,Negative,Neg_ctrl_Sample_91,0.0140224418702863,144,2.16136800223497,Sample_100_GSE28146
LP_SGL,Negative,Neg_ctrl_Sample_92,0.335847690003609,144,2.16136800223497,Sample_100_GSE28146
LP_SGL,Negative,Neg_ctrl_Sample_93,0.0459286500429049,144,2.16136800223497,Sample_100_GSE28146
LP_SGL,Negative,Neg_ctrl_Sample_94,0.131346011785399,144,2.16136800223497,Sample_100_GSE28146
LP_SGL,Negative,Neg_ctrl_Sample_95,0.0190798333554087,144,2.16136800223497,Sample_100_GSE28146
LP_SGL,Negative,Neg_ctrl_Sample_96,-0.131862341896168,144,2.16136800223497,Sample_100_GSE28146
LP_SGL,Negative,Neg_ctrl_Sample_97,-0.035192862233432,144,2.16136800223497,Sample_100_GSE28146
LP_SGL,Negative,Neg_ctrl_Sample_98,0.130128380914285,144,2.16136800223497,Sample_100_GSE28146
LP_SGL,Negative,Neg_ctrl_Sample_99,-0.0908379636151421,144,2.16136800223497,Sample_100_GSE28146
LP_SGL,Negative,Neg_ctrl_Sample_100,0.05031896190721,144,2.16136800223497,Sample_100_GSE28146
LP_SGL,Neutral,Neg_ctrl_Sample_1,0.105703739357328,9907,3.9959859979138,Sample_100_GSE28146
LP_SGL,Neutral,Neg_ctrl_Sample_2,0.0864736317622632,9907,3.9959859979138,Sample_100_GSE28146
LP_SGL,Neutral,Neg_ctrl_Sample_3,0.187149376603996,9907,3.9959859979138,Sample_100_GSE28146
LP_SGL,Neutral,Neg_ctrl_Sample_4,-0.00111524197762837,9907,3.9959859979138,Sample_100_GSE28146
LP_SGL,Neutral,Neg_ctrl_Sample_5,0.000956027129891467,9907,3.9959859979138,Sample_100_GSE28146
LP_SGL,Neutral,Neg_ctrl_Sample_6,0.0171218079992962,9907,3.9959859979138,Sample_100_GSE28146
LP_SGL,Neutral,Neg_ctrl_Sample_7,-0.0547290130235165,9907,3.9959859979138,Sample_100_GSE28146
LP_SGL,Neutral,Neg_ctrl_Sample_8,-0.0570977165770352,9907,3.9959859979138,Sample_100_GSE28146
LP_SGL,Neutral,Neg_ctrl_Sample_9,-0.107212920496502,9907,3.9959859979138,Sample_100_GSE28146
LP_SGL,Neutral,Neg_ctrl_Sample_10,0.0455894556207787,9907,3.9959859979138,Sample_100_GSE28146
LP_SGL,Neutral,Neg_ctrl_Sample_11,0.0332082426142076,9907,3.9959859979138,Sample_100_GSE28146
LP_SGL,Neutral,Neg_ctrl_Sample_12,0.0734012131145314,9907,3.9959859979138,Sample_100_GSE28146
LP_SGL,Neutral,Neg_ctrl_Sample_13,0.0112368118722497,9907,3.9959859979138,Sample_100_GSE28146
LP_SGL,Neutral,Neg_ctrl_Sample_14,0.0755267948047645,9907,3.9959859979138,Sample_100_GSE28146
LP_SGL,Neutral,Neg_ctrl_Sample_15,-0.0189150634659596,9907,3.9959859979138,Sample_100_GSE28146
LP_SGL,Neutral,Neg_ctrl_Sample_16,-0.11091176704557,9907,3.9959859979138,Sample_100_GSE28146
LP_SGL,Neutral,Neg_ctrl_Sample_17,-0.000723420944694897,9907,3.9959859979138,Sample_100_GSE28146
LP_SGL,Neutral,Neg_ctrl_Sample_18,-0.0772457269512081,9907,3.9959859979138,Sample_100_GSE28146
LP_SGL,Neutral,Neg_ctrl_Sample_19,-0.172653318200308,9907,3.9959859979138,Sample_100_GSE28146
LP_SGL,Neutral,Neg_ctrl_Sample_20,-0.0259231668890715,9907,3.9959859979138,Sample_100_GSE28146
LP_SGL,Neutral,Neg_ctrl_Sample_21,-0.165420737930276,9907,3.9959859979138,Sample_100_GSE28146
LP_SGL,Neutral,Neg_ctrl_Sample_22,-0.0311747119530623,9907,3.9959859979138,Sample_100_GSE28146
LP_SGL,Neutral,Neg_ctrl_Sample_23,0.0600993583702937,9907,3.9959859979138,Sample_100_GSE28146
LP_SGL,Neutral,Neg_ctrl_Sample_24,-0.0697565911977152,9907,3.9959859979138,Sample_100_GSE28146
LP_SGL,Neutral,Neg_ctrl_Sample_25,-0.0381253463515184,9907,3.9959859979138,Sample_100_GSE28146
LP_SGL,Neutral,Neg_ctrl_Sample_26,-0.121469443096007,9907,3.9959859979138,Sample_100_GSE28146
LP_SGL,Neutral,Neg_ctrl_Sample_27,0.248835545589304,9907,3.9959859979138,Sample_100_GSE28146
LP_SGL,Neutral,Neg_ctrl_Sample_28,-0.00712843024499016,9907,3.9959859979138,Sample_100_GSE28146
LP_SGL,Neutral,Neg_ctrl_Sample_29,0.0684728146826305,9907,3.9959859979138,Sample_100_GSE28146
LP_SGL,Neutral,Neg_ctrl_Sample_30,0.0500610739191939,9907,3.9959859979138,Sample_100_GSE28146
LP_SGL,Neutral,Neg_ctrl_Sample_31,0.02080765916452,9907,3.9959859979138,Sample_100_GSE28146
LP_SGL,Neutral,Neg_ctrl_Sample_32,-0.111157582906421,9907,3.9959859979138,Sample_100_GSE28146
LP_SGL,Neutral,Neg_ctrl_Sample_33,0.0209094876847111,9907,3.9959859979138,Sample_100_GSE28146
LP_SGL,Neutral,Neg_ctrl_Sample_34,0.152750680815823,9907,3.9959859979138,Sample_100_GSE28146
LP_SGL,Neutral,Neg_ctrl_Sample_35,0.00728954107855501,9907,3.9959859979138,Sample_100_GSE28146
LP_SGL,Neutral,Neg_ctrl_Sample_36,-0.0501262348097529,9907,3.9959859979138,Sample_100_GSE28146
LP_SGL,Neutral,Neg_ctrl_Sample_37,0.183955935210991,9907,3.9959859979138,Sample_100_GSE28146
LP_SGL,Neutral,Neg_ctrl_Sample_38,0.131182787501205,9907,3.9959859979138,Sample_100_GSE28146
LP_SGL,Neutral,Neg_ctrl_Sample_39,-0.0235588636584552,9907,3.9959859979138,Sample_100_GSE28146
LP_SGL,Neutral,Neg_ctrl_Sample_40,-0.177001832581916,9907,3.9959859979138,Sample_100_GSE28146
LP_SGL,Neutral,Neg_ctrl_Sample_41,-0.0443038121105554,9907,3.9959859979138,Sample_100_GSE28146
LP_SGL,Neutral,Neg_ctrl_Sample_42,0.145650822298617,9907,3.9959859979138,Sample_100_GSE28146
LP_SGL,Neutral,Neg_ctrl_Sample_43,0.249852393236419,9907,3.9959859979138,Sample_100_GSE28146
LP_SGL,Neutral,Neg_ctrl_Sample_44,0.0477119828084535,9907,3.9959859979138,Sample_100_GSE28146
LP_SGL,Neutral,Neg_ctrl_Sample_45,0.018916775081973,9907,3.9959859979138,Sample_100_GSE28146
LP_SGL,Neutral,Neg_ctrl_Sample_46,0.121090596665293,9907,3.9959859979138,Sample_100_GSE28146
LP_SGL,Neutral,Neg_ctrl_Sample_47,0.14532112443239,9907,3.9959859979138,Sample_100_GSE28146
LP_SGL,Neutral,Neg_ctrl_Sample_48,-0.000988968863498507,9907,3.9959859979138,Sample_100_GSE28146
LP_SGL,Neutral,Neg_ctrl_Sample_49,0.0375266006792894,9907,3.9959859979138,Sample_100_GSE28146
LP_SGL,Neutral,Neg_ctrl_Sample_50,-0.0148600096679432,9907,3.9959859979138,Sample_100_GSE28146
LP_SGL,Neutral,Neg_ctrl_Sample_51,-0.0208763699669237,9907,3.9959859979138,Sample_100_GSE28146
LP_SGL,Neutral,Neg_ctrl_Sample_52,0.218049820323624,9907,3.9959859979138,Sample_100_GSE28146
LP_SGL,Neutral,Neg_ctrl_Sample_53,-0.189791555306217,9907,3.9959859979138,Sample_100_GSE28146
LP_SGL,Neutral,Neg_ctrl_Sample_54,-0.00478038343864944,9907,3.9959859979138,Sample_100_GSE28146
LP_SGL,Neutral,Neg_ctrl_Sample_55,0.174670569455509,9907,3.9959859979138,Sample_100_GSE28146
LP_SGL,Neutral,Neg_ctrl_Sample_56,0.0228991043450952,9907,3.9959859979138,Sample_100_GSE28146
LP_SGL,Neutral,Neg_ctrl_Sample_57,0.12416810030853,9907,3.9959859979138,Sample_100_GSE28146
LP_SGL,Neutral,Neg_ctrl_Sample_58,0.0255221551836261,9907,3.9959859979138,Sample_100_GSE28146
LP_SGL,Neutral,Neg_ctrl_Sample_59,-0.0555834059296636,9907,3.9959859979138,Sample_100_GSE28146
LP_SGL,Neutral,Neg_ctrl_Sample_60,-0.0954497042654591,9907,3.9959859979138,Sample_100_GSE28146
LP_SGL,Neutral,Neg_ctrl_Sample_61,-0.100889389957689,9907,3.9959859979138,Sample_100_GSE28146
LP_SGL,Neutral,Neg_ctrl_Sample_62,-0.0892331709541822,9907,3.9959859979138,Sample_100_GSE28146
LP_SGL,Neutral,Neg_ctrl_Sample_63,-0.0742059747670522,9907,3.9959859979138,Sample_100_GSE28146
LP_SGL,Neutral,Neg_ctrl_Sample_64,0.0421681855888357,9907,3.9959859979138,Sample_100_GSE28146
LP_SGL,Neutral,Neg_ctrl_Sample_65,0.0412934335203175,9907,3.9959859979138,Sample_100_GSE28146
LP_SGL,Neutral,Neg_ctrl_Sample_66,-0.175478332754393,9907,3.9959859979138,Sample_100_GSE28146
LP_SGL,Neutral,Neg_ctrl_Sample_67,-0.150423758869516,9907,3.9959859979138,Sample_100_GSE28146
LP_SGL,Neutral,Neg_ctrl_Sample_68,-0.145915356833068,9907,3.9959859979138,Sample_100_GSE28146
LP_SGL,Neutral,Neg_ctrl_Sample_69,0.046553858671778,9907,3.9959859979138,Sample_100_GSE28146
LP_SGL,Neutral,Neg_ctrl_Sample_70,-0.182402206144029,9907,3.9959859979138,Sample_100_GSE28146
LP_SGL,Neutral,Neg_ctrl_Sample_71,-0.0595338307373518,9907,3.9959859979138,Sample_100_GSE28146
LP_SGL,Neutral,Neg_ctrl_Sample_72,-0.105223611928043,9907,3.9959859979138,Sample_100_GSE28146
LP_SGL,Neutral,Neg_ctrl_Sample_73,0.0433482552218049,9907,3.9959859979138,Sample_100_GSE28146
LP_SGL,Neutral,Neg_ctrl_Sample_74,0.0458893186020365,9907,3.9959859979138,Sample_100_GSE28146
LP_SGL,Neutral,Neg_ctrl_Sample_75,0.0558345106795205,9907,3.9959859979138,Sample_100_GSE28146
LP_SGL,Neutral,Neg_ctrl_Sample_76,0.121026369086741,9907,3.9959859979138,Sample_100_GSE28146
LP_SGL,Neutral,Neg_ctrl_Sample_77,-0.134764878156539,9907,3.9959859979138,Sample_100_GSE28146
LP_SGL,Neutral,Neg_ctrl_Sample_78,0.0656632566878327,9907,3.9959859979138,Sample_100_GSE28146
LP_SGL,Neutral,Neg_ctrl_Sample_79,0.220209579726119,9907,3.9959859979138,Sample_100_GSE28146
LP_SGL,Neutral,Neg_ctrl_Sample_80,-0.0525648247554197,9907,3.9959859979138,Sample_100_GSE28146
LP_SGL,Neutral,Neg_ctrl_Sample_81,-0.245925991168317,9907,3.9959859979138,Sample_100_GSE28146
LP_SGL,Neutral,Neg_ctrl_Sample_82,0.00418012312417134,9907,3.9959859979138,Sample_100_GSE28146
LP_SGL,Neutral,Neg_ctrl_Sample_83,0.0942880834360496,9907,3.9959859979138,Sample_100_GSE28146
LP_SGL,Neutral,Neg_ctrl_Sample_84,0.109086114312173,9907,3.9959859979138,Sample_100_GSE28146
LP_SGL,Neutral,Neg_ctrl_Sample_85,-0.160323031709433,9907,3.9959859979138,Sample_100_GSE28146
LP_SGL,Neutral,Neg_ctrl_Sample_86,-0.127859445584604,9907,3.9959859979138,Sample_100_GSE28146
LP_SGL,Neutral,Neg_ctrl_Sample_87,0.0577563171714147,9907,3.9959859979138,Sample_100_GSE28146
LP_SGL,Neutral,Neg_ctrl_Sample_88,-0.102364791018333,9907,3.9959859979138,Sample_100_GSE28146
LP_SGL,Neutral,Neg_ctrl_Sample_89,0.0356459232689932,9907,3.9959859979138,Sample_100_GSE28146
LP_SGL,Neutral,Neg_ctrl_Sample_90,-0.109228587343592,9907,3.9959859979138,Sample_100_GSE28146
LP_SGL,Neutral,Neg_ctrl_Sample_91,0.0340137459358344,9907,3.9959859979138,Sample_100_GSE28146
LP_SGL,Neutral,Neg_ctrl_Sample_92,0.31376619444741,9907,3.9959859979138,Sample_100_GSE28146
LP_SGL,Neutral,Neg_ctrl_Sample_93,0.057556138229345,9907,3.9959859979138,Sample_100_GSE28146
LP_SGL,Neutral,Neg_ctrl_Sample_94,0.140810202891625,9907,3.9959859979138,Sample_100_GSE28146
LP_SGL,Neutral,Neg_ctrl_Sample_95,0.0192692033176259,9907,3.9959859979138,Sample_100_GSE28146
LP_SGL,Neutral,Neg_ctrl_Sample_96,-0.0986146314118664,9907,3.9959859979138,Sample_100_GSE28146
LP_SGL,Neutral,Neg_ctrl_Sample_97,-0.0329424726554889,9907,3.9959859979138,Sample_100_GSE28146
LP_SGL,Neutral,Neg_ctrl_Sample_98,0.115155503165064,9907,3.9959859979138,Sample_100_GSE28146
LP_SGL,Neutral,Neg_ctrl_Sample_99,-0.0742139728766698,9907,3.9959859979138,Sample_100_GSE28146
LP_SGL,Neutral,Neg_ctrl_Sample_100,0.0603384244003806,9907,3.9959859979138,Sample_100_GSE28146
LP_SGL,Positive,Neg_ctrl_Sample_1,0.0983628625124378,2758,3.44075170047919,Sample_100_GSE28146
LP_SGL,Positive,Neg_ctrl_Sample_2,0.0670381808764408,2758,3.44075170047919,Sample_100_GSE28146
LP_SGL,Positive,Neg_ctrl_Sample_3,0.178724568039478,2758,3.44075170047919,Sample_100_GSE28146
LP_SGL,Positive,Neg_ctrl_Sample_4,-0.00569224338356469,2758,3.44075170047919,Sample_100_GSE28146
LP_SGL,Positive,Neg_ctrl_Sample_5,-0.0195919034296543,2758,3.44075170047919,Sample_100_GSE28146
LP_SGL,Positive,Neg_ctrl_Sample_6,0.0262240065288516,2758,3.44075170047919,Sample_100_GSE28146
LP_SGL,Positive,Neg_ctrl_Sample_7,-0.0536872551875341,2758,3.44075170047919,Sample_100_GSE28146
LP_SGL,Positive,Neg_ctrl_Sample_8,-0.0485684505133106,2758,3.44075170047919,Sample_100_GSE28146
LP_SGL,Positive,Neg_ctrl_Sample_9,-0.106090842796948,2758,3.44075170047919,Sample_100_GSE28146
LP_SGL,Positive,Neg_ctrl_Sample_10,0.0445699195588755,2758,3.44075170047919,Sample_100_GSE28146
LP_SGL,Positive,Neg_ctrl_Sample_11,0.0362058277863957,2758,3.44075170047919,Sample_100_GSE28146
LP_SGL,Positive,Neg_ctrl_Sample_12,0.0806063142853989,2758,3.44075170047919,Sample_100_GSE28146
LP_SGL,Positive,Neg_ctrl_Sample_13,0.00815295162051104,2758,3.44075170047919,Sample_100_GSE28146
LP_SGL,Positive,Neg_ctrl_Sample_14,0.0697725490441563,2758,3.44075170047919,Sample_100_GSE28146
LP_SGL,Positive,Neg_ctrl_Sample_15,-0.0176429670224875,2758,3.44075170047919,Sample_100_GSE28146
LP_SGL,Positive,Neg_ctrl_Sample_16,-0.121864953256152,2758,3.44075170047919,Sample_100_GSE28146
LP_SGL,Positive,Neg_ctrl_Sample_17,-0.00728671473336508,2758,3.44075170047919,Sample_100_GSE28146
LP_SGL,Positive,Neg_ctrl_Sample_18,-0.0807504230830438,2758,3.44075170047919,Sample_100_GSE28146
LP_SGL,Positive,Neg_ctrl_Sample_19,-0.19309755461756,2758,3.44075170047919,Sample_100_GSE28146
LP_SGL,Positive,Neg_ctrl_Sample_20,-0.0200929404921032,2758,3.44075170047919,Sample_100_GSE28146
LP_SGL,Positive,Neg_ctrl_Sample_21,-0.170774114217147,2758,3.44075170047919,Sample_100_GSE28146
LP_SGL,Positive,Neg_ctrl_Sample_22,-0.0348184149440387,2758,3.44075170047919,Sample_100_GSE28146
LP_SGL,Positive,Neg_ctrl_Sample_23,0.0586187259294046,2758,3.44075170047919,Sample_100_GSE28146
LP_SGL,Positive,Neg_ctrl_Sample_24,-0.049946620038328,2758,3.44075170047919,Sample_100_GSE28146
LP_SGL,Positive,Neg_ctrl_Sample_25,-0.0294896075635987,2758,3.44075170047919,Sample_100_GSE28146
LP_SGL,Positive,Neg_ctrl_Sample_26,-0.118281113502549,2758,3.44075170047919,Sample_100_GSE28146
LP_SGL,Positive,Neg_ctrl_Sample_27,0.238878600511722,2758,3.44075170047919,Sample_100_GSE28146
LP_SGL,Positive,Neg_ctrl_Sample_28,-0.0126245919668241,2758,3.44075170047919,Sample_100_GSE28146
LP_SGL,Positive,Neg_ctrl_Sample_29,0.0914395908497864,2758,3.44075170047919,Sample_100_GSE28146
LP_SGL,Positive,Neg_ctrl_Sample_30,0.0534427714515898,2758,3.44075170047919,Sample_100_GSE28146
LP_SGL,Positive,Neg_ctrl_Sample_31,0.0130312048513173,2758,3.44075170047919,Sample_100_GSE28146
LP_SGL,Positive,Neg_ctrl_Sample_32,-0.099742431348556,2758,3.44075170047919,Sample_100_GSE28146
LP_SGL,Positive,Neg_ctrl_Sample_33,0.027346635965752,2758,3.44075170047919,Sample_100_GSE28146
LP_SGL,Positive,Neg_ctrl_Sample_34,0.138474611104976,2758,3.44075170047919,Sample_100_GSE28146
LP_SGL,Positive,Neg_ctrl_Sample_35,0.00939681993202007,2758,3.44075170047919,Sample_100_GSE28146
LP_SGL,Positive,Neg_ctrl_Sample_36,-0.0552945225041195,2758,3.44075170047919,Sample_100_GSE28146
LP_SGL,Positive,Neg_ctrl_Sample_37,0.17794216133495,2758,3.44075170047919,Sample_100_GSE28146
LP_SGL,Positive,Neg_ctrl_Sample_38,0.13370033993701,2758,3.44075170047919,Sample_100_GSE28146
LP_SGL,Positive,Neg_ctrl_Sample_39,-0.0251363619290306,2758,3.44075170047919,Sample_100_GSE28146
LP_SGL,Positive,Neg_ctrl_Sample_40,-0.170384206441237,2758,3.44075170047919,Sample_100_GSE28146
LP_SGL,Positive,Neg_ctrl_Sample_41,-0.0414251773885494,2758,3.44075170047919,Sample_100_GSE28146
LP_SGL,Positive,Neg_ctrl_Sample_42,0.153988712548082,2758,3.44075170047919,Sample_100_GSE28146
LP_SGL,Positive,Neg_ctrl_Sample_43,0.246652973489071,2758,3.44075170047919,Sample_100_GSE28146
LP_SGL,Positive,Neg_ctrl_Sample_44,0.0488947962657804,2758,3.44075170047919,Sample_100_GSE28146
LP_SGL,Positive,Neg_ctrl_Sample_45,0.00496440755907834,2758,3.44075170047919,Sample_100_GSE28146
LP_SGL,Positive,Neg_ctrl_Sample_46,0.113962354324149,2758,3.44075170047919,Sample_100_GSE28146
LP_SGL,Positive,Neg_ctrl_Sample_47,0.142731521506653,2758,3.44075170047919,Sample_100_GSE28146
LP_SGL,Positive,Neg_ctrl_Sample_48,0.00405678136147081,2758,3.44075170047919,Sample_100_GSE28146
LP_SGL,Positive,Neg_ctrl_Sample_49,0.0369754264229942,2758,3.44075170047919,Sample_100_GSE28146
LP_SGL,Positive,Neg_ctrl_Sample_50,-0.012929602094189,2758,3.44075170047919,Sample_100_GSE28146
LP_SGL,Positive,Neg_ctrl_Sample_51,-0.0210914755161144,2758,3.44075170047919,Sample_100_GSE28146
LP_SGL,Positive,Neg_ctrl_Sample_52,0.215063383063755,2758,3.44075170047919,Sample_100_GSE28146
LP_SGL,Positive,Neg_ctrl_Sample_53,-0.191792346352344,2758,3.44075170047919,Sample_100_GSE28146
LP_SGL,Positive,Neg_ctrl_Sample_54,-0.0036412164356478,2758,3.44075170047919,Sample_100_GSE28146
LP_SGL,Positive,Neg_ctrl_Sample_55,0.171438499304317,2758,3.44075170047919,Sample_100_GSE28146
LP_SGL,Positive,Neg_ctrl_Sample_56,0.0353052976149496,2758,3.44075170047919,Sample_100_GSE28146
LP_SGL,Positive,Neg_ctrl_Sample_57,0.104720425756277,2758,3.44075170047919,Sample_100_GSE28146
LP_SGL,Positive,Neg_ctrl_Sample_58,0.0257854016725216,2758,3.44075170047919,Sample_100_GSE28146
LP_SGL,Positive,Neg_ctrl_Sample_59,-0.0645011650988882,2758,3.44075170047919,Sample_100_GSE28146
LP_SGL,Positive,Neg_ctrl_Sample_60,-0.0955692348442354,2758,3.44075170047919,Sample_100_GSE28146
LP_SGL,Positive,Neg_ctrl_Sample_61,-0.0952532517219528,2758,3.44075170047919,Sample_100_GSE28146
LP_SGL,Positive,Neg_ctrl_Sample_62,-0.088031304903238,2758,3.44075170047919,Sample_100_GSE28146
LP_SGL,Positive,Neg_ctrl_Sample_63,-0.0742215625820814,2758,3.44075170047919,Sample_100_GSE28146
LP_SGL,Positive,Neg_ctrl_Sample_64,0.0424430879803984,2758,3.44075170047919,Sample_100_GSE28146
LP_SGL,Positive,Neg_ctrl_Sample_65,0.0432647572535508,2758,3.44075170047919,Sample_100_GSE28146
LP_SGL,Positive,Neg_ctrl_Sample_66,-0.161097211453199,2758,3.44075170047919,Sample_100_GSE28146
LP_SGL,Positive,Neg_ctrl_Sample_67,-0.144860581491968,2758,3.44075170047919,Sample_100_GSE28146
LP_SGL,Positive,Neg_ctrl_Sample_68,-0.145267406509041,2758,3.44075170047919,Sample_100_GSE28146
LP_SGL,Positive,Neg_ctrl_Sample_69,0.0379887788542101,2758,3.44075170047919,Sample_100_GSE28146
LP_SGL,Positive,Neg_ctrl_Sample_70,-0.204667804376323,2758,3.44075170047919,Sample_100_GSE28146
LP_SGL,Positive,Neg_ctrl_Sample_71,-0.0545738281510427,2758,3.44075170047919,Sample_100_GSE28146
LP_SGL,Positive,Neg_ctrl_Sample_72,-0.106810474723923,2758,3.44075170047919,Sample_100_GSE28146
LP_SGL,Positive,Neg_ctrl_Sample_73,0.0487667885939344,2758,3.44075170047919,Sample_100_GSE28146
LP_SGL,Positive,Neg_ctrl_Sample_74,0.0483312294955972,2758,3.44075170047919,Sample_100_GSE28146
LP_SGL,Positive,Neg_ctrl_Sample_75,0.0501156195120346,2758,3.44075170047919,Sample_100_GSE28146
LP_SGL,Positive,Neg_ctrl_Sample_76,0.125255436108004,2758,3.44075170047919,Sample_100_GSE28146
LP_SGL,Positive,Neg_ctrl_Sample_77,-0.13080315208929,2758,3.44075170047919,Sample_100_GSE28146
LP_SGL,Positive,Neg_ctrl_Sample_78,0.0657980117705479,2758,3.44075170047919,Sample_100_GSE28146
LP_SGL,Positive,Neg_ctrl_Sample_79,0.218621699106133,2758,3.44075170047919,Sample_100_GSE28146
LP_SGL,Positive,Neg_ctrl_Sample_80,-0.0514427277682551,2758,3.44075170047919,Sample_100_GSE28146
LP_SGL,Positive,Neg_ctrl_Sample_81,-0.244255686089303,2758,3.44075170047919,Sample_100_GSE28146
LP_SGL,Positive,Neg_ctrl_Sample_82,0.00817409585377033,2758,3.44075170047919,Sample_100_GSE28146
LP_SGL,Positive,Neg_ctrl_Sample_83,0.100828158449707,2758,3.44075170047919,Sample_100_GSE28146
LP_SGL,Positive,Neg_ctrl_Sample_84,0.106389109760723,2758,3.44075170047919,Sample_100_GSE28146
LP_SGL,Positive,Neg_ctrl_Sample_85,-0.16302416714878,2758,3.44075170047919,Sample_100_GSE28146
LP_SGL,Positive,Neg_ctrl_Sample_86,-0.132643845226301,2758,3.44075170047919,Sample_100_GSE28146
LP_SGL,Positive,Neg_ctrl_Sample_87,0.0673054512751245,2758,3.44075170047919,Sample_100_GSE28146
LP_SGL,Positive,Neg_ctrl_Sample_88,-0.102509449816219,2758,3.44075170047919,Sample_100_GSE28146
LP_SGL,Positive,Neg_ctrl_Sample_89,0.0354078390822161,2758,3.44075170047919,Sample_100_GSE28146
LP_SGL,Positive,Neg_ctrl_Sample_90,-0.107324173582566,2758,3.44075170047919,Sample_100_GSE28146
LP_SGL,Positive,Neg_ctrl_Sample_91,0.0219596091000615,2758,3.44075170047919,Sample_100_GSE28146
LP_SGL,Positive,Neg_ctrl_Sample_92,0.307109052210381,2758,3.44075170047919,Sample_100_GSE28146
LP_SGL,Positive,Neg_ctrl_Sample_93,0.0708350224933092,2758,3.44075170047919,Sample_100_GSE28146
LP_SGL,Positive,Neg_ctrl_Sample_94,0.141585280449408,2758,3.44075170047919,Sample_100_GSE28146
LP_SGL,Positive,Neg_ctrl_Sample_95,0.0211262500594297,2758,3.44075170047919,Sample_100_GSE28146
LP_SGL,Positive,Neg_ctrl_Sample_96,-0.113056889556963,2758,3.44075170047919,Sample_100_GSE28146
LP_SGL,Positive,Neg_ctrl_Sample_97,-0.0263803051884025,2758,3.44075170047919,Sample_100_GSE28146
LP_SGL,Positive,Neg_ctrl_Sample_98,0.110538149418254,2758,3.44075170047919,Sample_100_GSE28146
LP_SGL,Positive,Neg_ctrl_Sample_99,-0.0829752661033868,2758,3.44075170047919,Sample_100_GSE28146
LP_SGL,Positive,Neg_ctrl_Sample_100,0.0718611663805361,2758,3.44075170047919,Sample_100_GSE28146
