meta_column,label_value,score_group,mean_score,count,log_count,sample
scissor,Negative,Neg_ctrl_Sample_1,0.0237352183230366,3644,3.56169753265399,Sample_100_GSE8894
scissor,Negative,Neg_ctrl_Sample_2,0.00299476746192253,3644,3.56169753265399,Sample_100_GSE8894
scissor,Negative,Neg_ctrl_Sample_3,-0.137599947209539,3644,3.56169753265399,Sample_100_GSE8894
scissor,Negative,Neg_ctrl_Sample_4,-0.0868897762921518,3644,3.56169753265399,Sample_100_GSE8894
scissor,Negative,Neg_ctrl_Sample_5,-0.157191634049908,3644,3.56169753265399,Sample_100_GSE8894
scissor,Negative,Neg_ctrl_Sample_6,0.057786517580064,3644,3.56169753265399,Sample_100_GSE8894
scissor,Negative,Neg_ctrl_Sample_7,0.0833127783449605,3644,3.56169753265399,Sample_100_GSE8894
scissor,Negative,Neg_ctrl_Sample_8,0.0657240385770711,3644,3.56169753265399,Sample_100_GSE8894
scissor,Negative,Neg_ctrl_Sample_9,-0.112388571800208,3644,3.56169753265399,Sample_100_GSE8894
scissor,Negative,Neg_ctrl_Sample_10,0.114837249668274,3644,3.56169753265399,Sample_100_GSE8894
scissor,Negative,Neg_ctrl_Sample_11,-0.134708123745672,3644,3.56169753265399,Sample_100_GSE8894
scissor,Negative,Neg_ctrl_Sample_12,0.0413665865506745,3644,3.56169753265399,Sample_100_GSE8894
scissor,Negative,Neg_ctrl_Sample_13,0.061641908195207,3644,3.56169753265399,Sample_100_GSE8894
scissor,Negative,Neg_ctrl_Sample_14,0.229144148148189,3644,3.56169753265399,Sample_100_GSE8894
scissor,Negative,Neg_ctrl_Sample_15,0.0484105804889678,3644,3.56169753265399,Sample_100_GSE8894
scissor,Negative,Neg_ctrl_Sample_16,-0.061218931785366,3644,3.56169753265399,Sample_100_GSE8894
scissor,Negative,Neg_ctrl_Sample_17,0.0265424693730545,3644,3.56169753265399,Sample_100_GSE8894
scissor,Negative,Neg_ctrl_Sample_18,0.0162663947737923,3644,3.56169753265399,Sample_100_GSE8894
scissor,Negative,Neg_ctrl_Sample_19,0.0883999991087199,3644,3.56169753265399,Sample_100_GSE8894
scissor,Negative,Neg_ctrl_Sample_20,-0.0466068016889325,3644,3.56169753265399,Sample_100_GSE8894
scissor,Negative,Neg_ctrl_Sample_21,0.0920958517845998,3644,3.56169753265399,Sample_100_GSE8894
scissor,Negative,Neg_ctrl_Sample_22,0.129082224985905,3644,3.56169753265399,Sample_100_GSE8894
scissor,Negative,Neg_ctrl_Sample_23,-0.0142742964175069,3644,3.56169753265399,Sample_100_GSE8894
scissor,Negative,Neg_ctrl_Sample_24,0.0346745743019828,3644,3.56169753265399,Sample_100_GSE8894
scissor,Negative,Neg_ctrl_Sample_25,0.219660890193416,3644,3.56169753265399,Sample_100_GSE8894
scissor,Negative,Neg_ctrl_Sample_26,0.117237456746651,3644,3.56169753265399,Sample_100_GSE8894
scissor,Negative,Neg_ctrl_Sample_27,-0.0806814795185288,3644,3.56169753265399,Sample_100_GSE8894
scissor,Negative,Neg_ctrl_Sample_28,0.0573809978683601,3644,3.56169753265399,Sample_100_GSE8894
scissor,Negative,Neg_ctrl_Sample_29,0.0844840821801965,3644,3.56169753265399,Sample_100_GSE8894
scissor,Negative,Neg_ctrl_Sample_30,0.00902911182907929,3644,3.56169753265399,Sample_100_GSE8894
scissor,Negative,Neg_ctrl_Sample_31,0.105558419786864,3644,3.56169753265399,Sample_100_GSE8894
scissor,Negative,Neg_ctrl_Sample_32,-0.0124548999491539,3644,3.56169753265399,Sample_100_GSE8894
scissor,Negative,Neg_ctrl_Sample_33,-0.0952645096065494,3644,3.56169753265399,Sample_100_GSE8894
scissor,Negative,Neg_ctrl_Sample_34,-0.157286104095221,3644,3.56169753265399,Sample_100_GSE8894
scissor,Negative,Neg_ctrl_Sample_35,0.094158760028721,3644,3.56169753265399,Sample_100_GSE8894
scissor,Negative,Neg_ctrl_Sample_36,0.0504967018111775,3644,3.56169753265399,Sample_100_GSE8894
scissor,Negative,Neg_ctrl_Sample_37,0.067417804896273,3644,3.56169753265399,Sample_100_GSE8894
scissor,Negative,Neg_ctrl_Sample_38,0.0124973706874036,3644,3.56169753265399,Sample_100_GSE8894
scissor,Negative,Neg_ctrl_Sample_39,0.049088713987529,3644,3.56169753265399,Sample_100_GSE8894
scissor,Negative,Neg_ctrl_Sample_40,-0.132492995875515,3644,3.56169753265399,Sample_100_GSE8894
scissor,Negative,Neg_ctrl_Sample_41,-0.0279697076174049,3644,3.56169753265399,Sample_100_GSE8894
scissor,Negative,Neg_ctrl_Sample_42,-0.020958098463901,3644,3.56169753265399,Sample_100_GSE8894
scissor,Negative,Neg_ctrl_Sample_43,0.0754198812072124,3644,3.56169753265399,Sample_100_GSE8894
scissor,Negative,Neg_ctrl_Sample_44,0.0661810227281742,3644,3.56169753265399,Sample_100_GSE8894
scissor,Negative,Neg_ctrl_Sample_45,-0.0444504503988704,3644,3.56169753265399,Sample_100_GSE8894
scissor,Negative,Neg_ctrl_Sample_46,0.038231685164169,3644,3.56169753265399,Sample_100_GSE8894
scissor,Negative,Neg_ctrl_Sample_47,0.0494812940738381,3644,3.56169753265399,Sample_100_GSE8894
scissor,Negative,Neg_ctrl_Sample_48,0.108439771053403,3644,3.56169753265399,Sample_100_GSE8894
scissor,Negative,Neg_ctrl_Sample_49,-0.0490908574043264,3644,3.56169753265399,Sample_100_GSE8894
scissor,Negative,Neg_ctrl_Sample_50,-0.0170337436105959,3644,3.56169753265399,Sample_100_GSE8894
scissor,Negative,Neg_ctrl_Sample_51,-0.139410436929568,3644,3.56169753265399,Sample_100_GSE8894
scissor,Negative,Neg_ctrl_Sample_52,-0.0387774872169733,3644,3.56169753265399,Sample_100_GSE8894
scissor,Negative,Neg_ctrl_Sample_53,0.0531296020264259,3644,3.56169753265399,Sample_100_GSE8894
scissor,Negative,Neg_ctrl_Sample_54,-0.0598677890340609,3644,3.56169753265399,Sample_100_GSE8894
scissor,Negative,Neg_ctrl_Sample_55,0.0856680209424101,3644,3.56169753265399,Sample_100_GSE8894
scissor,Negative,Neg_ctrl_Sample_56,0.10276281448308,3644,3.56169753265399,Sample_100_GSE8894
scissor,Negative,Neg_ctrl_Sample_57,0.107048290921223,3644,3.56169753265399,Sample_100_GSE8894
scissor,Negative,Neg_ctrl_Sample_58,-0.0102144654943065,3644,3.56169753265399,Sample_100_GSE8894
scissor,Negative,Neg_ctrl_Sample_59,0.00966639403433359,3644,3.56169753265399,Sample_100_GSE8894
scissor,Negative,Neg_ctrl_Sample_60,0.142508510456533,3644,3.56169753265399,Sample_100_GSE8894
scissor,Negative,Neg_ctrl_Sample_61,-0.0526307161502902,3644,3.56169753265399,Sample_100_GSE8894
scissor,Negative,Neg_ctrl_Sample_62,0.11836039066193,3644,3.56169753265399,Sample_100_GSE8894
scissor,Negative,Neg_ctrl_Sample_63,0.118663082526651,3644,3.56169753265399,Sample_100_GSE8894
scissor,Negative,Neg_ctrl_Sample_64,-0.0290179114120063,3644,3.56169753265399,Sample_100_GSE8894
scissor,Negative,Neg_ctrl_Sample_65,-0.105050228248145,3644,3.56169753265399,Sample_100_GSE8894
scissor,Negative,Neg_ctrl_Sample_66,0.0204339498200569,3644,3.56169753265399,Sample_100_GSE8894
scissor,Negative,Neg_ctrl_Sample_67,-0.0599613828193518,3644,3.56169753265399,Sample_100_GSE8894
scissor,Negative,Neg_ctrl_Sample_68,0.0859112530663804,3644,3.56169753265399,Sample_100_GSE8894
scissor,Negative,Neg_ctrl_Sample_69,-0.0537959844144506,3644,3.56169753265399,Sample_100_GSE8894
scissor,Negative,Neg_ctrl_Sample_70,0.0824354730037479,3644,3.56169753265399,Sample_100_GSE8894
scissor,Negative,Neg_ctrl_Sample_71,0.000881153425040998,3644,3.56169753265399,Sample_100_GSE8894
scissor,Negative,Neg_ctrl_Sample_72,0.0575677475011063,3644,3.56169753265399,Sample_100_GSE8894
scissor,Negative,Neg_ctrl_Sample_73,-0.0654879323806828,3644,3.56169753265399,Sample_100_GSE8894
scissor,Negative,Neg_ctrl_Sample_74,0.00117212547638278,3644,3.56169753265399,Sample_100_GSE8894
scissor,Negative,Neg_ctrl_Sample_75,-0.0528250820737842,3644,3.56169753265399,Sample_100_GSE8894
scissor,Negative,Neg_ctrl_Sample_76,-0.0240442735304906,3644,3.56169753265399,Sample_100_GSE8894
scissor,Negative,Neg_ctrl_Sample_77,0.042384329484649,3644,3.56169753265399,Sample_100_GSE8894
scissor,Negative,Neg_ctrl_Sample_78,-0.0820776566091505,3644,3.56169753265399,Sample_100_GSE8894
scissor,Negative,Neg_ctrl_Sample_79,-0.120933338437181,3644,3.56169753265399,Sample_100_GSE8894
scissor,Negative,Neg_ctrl_Sample_80,0.0925881838332351,3644,3.56169753265399,Sample_100_GSE8894
scissor,Negative,Neg_ctrl_Sample_81,-0.0519372278837261,3644,3.56169753265399,Sample_100_GSE8894
scissor,Negative,Neg_ctrl_Sample_82,0.108039610231282,3644,3.56169753265399,Sample_100_GSE8894
scissor,Negative,Neg_ctrl_Sample_83,-0.119474022860635,3644,3.56169753265399,Sample_100_GSE8894
scissor,Negative,Neg_ctrl_Sample_84,-0.134443517255487,3644,3.56169753265399,Sample_100_GSE8894
scissor,Negative,Neg_ctrl_Sample_85,-0.0139530247314141,3644,3.56169753265399,Sample_100_GSE8894
scissor,Negative,Neg_ctrl_Sample_86,0.115344408318862,3644,3.56169753265399,Sample_100_GSE8894
scissor,Negative,Neg_ctrl_Sample_87,0.0817789326145586,3644,3.56169753265399,Sample_100_GSE8894
scissor,Negative,Neg_ctrl_Sample_88,-0.0380285265616399,3644,3.56169753265399,Sample_100_GSE8894
scissor,Negative,Neg_ctrl_Sample_89,-0.0552869985382829,3644,3.56169753265399,Sample_100_GSE8894
scissor,Negative,Neg_ctrl_Sample_90,0.0314610238580352,3644,3.56169753265399,Sample_100_GSE8894
scissor,Negative,Neg_ctrl_Sample_91,0.0207684160030623,3644,3.56169753265399,Sample_100_GSE8894
scissor,Negative,Neg_ctrl_Sample_92,0.168965970582122,3644,3.56169753265399,Sample_100_GSE8894
scissor,Negative,Neg_ctrl_Sample_93,0.0818985082270318,3644,3.56169753265399,Sample_100_GSE8894
scissor,Negative,Neg_ctrl_Sample_94,0.0197761151555134,3644,3.56169753265399,Sample_100_GSE8894
scissor,Negative,Neg_ctrl_Sample_95,0.0516312909063638,3644,3.56169753265399,Sample_100_GSE8894
scissor,Negative,Neg_ctrl_Sample_96,-0.00500766388487719,3644,3.56169753265399,Sample_100_GSE8894
scissor,Negative,Neg_ctrl_Sample_97,-0.0466924913354465,3644,3.56169753265399,Sample_100_GSE8894
scissor,Negative,Neg_ctrl_Sample_98,-0.114186192269752,3644,3.56169753265399,Sample_100_GSE8894
scissor,Negative,Neg_ctrl_Sample_99,0.0463459338917215,3644,3.56169753265399,Sample_100_GSE8894
scissor,Negative,Neg_ctrl_Sample_100,-0.0590236958457192,3644,3.56169753265399,Sample_100_GSE8894
scissor,Neutral,Neg_ctrl_Sample_1,0.0275088047003588,26097,4.4166072267925,Sample_100_GSE8894
scissor,Neutral,Neg_ctrl_Sample_2,-0.00634412567426371,26097,4.4166072267925,Sample_100_GSE8894
scissor,Neutral,Neg_ctrl_Sample_3,-0.149784340274929,26097,4.4166072267925,Sample_100_GSE8894
scissor,Neutral,Neg_ctrl_Sample_4,-0.0924087306790272,26097,4.4166072267925,Sample_100_GSE8894
scissor,Neutral,Neg_ctrl_Sample_5,-0.169237941000203,26097,4.4166072267925,Sample_100_GSE8894
scissor,Neutral,Neg_ctrl_Sample_6,0.070142404605464,26097,4.4166072267925,Sample_100_GSE8894
scissor,Neutral,Neg_ctrl_Sample_7,0.0834618819673253,26097,4.4166072267925,Sample_100_GSE8894
scissor,Neutral,Neg_ctrl_Sample_8,0.0632486882904821,26097,4.4166072267925,Sample_100_GSE8894
scissor,Neutral,Neg_ctrl_Sample_9,-0.0962635361379767,26097,4.4166072267925,Sample_100_GSE8894
scissor,Neutral,Neg_ctrl_Sample_10,0.119002474811634,26097,4.4166072267925,Sample_100_GSE8894
scissor,Neutral,Neg_ctrl_Sample_11,-0.146363189475492,26097,4.4166072267925,Sample_100_GSE8894
scissor,Neutral,Neg_ctrl_Sample_12,0.0505701975903409,26097,4.4166072267925,Sample_100_GSE8894
scissor,Neutral,Neg_ctrl_Sample_13,0.0660409721501894,26097,4.4166072267925,Sample_100_GSE8894
scissor,Neutral,Neg_ctrl_Sample_14,0.254034827583954,26097,4.4166072267925,Sample_100_GSE8894
scissor,Neutral,Neg_ctrl_Sample_15,0.0559056181400623,26097,4.4166072267925,Sample_100_GSE8894
scissor,Neutral,Neg_ctrl_Sample_16,-0.046457957997563,26097,4.4166072267925,Sample_100_GSE8894
scissor,Neutral,Neg_ctrl_Sample_17,0.0199172317899215,26097,4.4166072267925,Sample_100_GSE8894
scissor,Neutral,Neg_ctrl_Sample_18,0.0152214899568373,26097,4.4166072267925,Sample_100_GSE8894
scissor,Neutral,Neg_ctrl_Sample_19,0.0762817482884535,26097,4.4166072267925,Sample_100_GSE8894
scissor,Neutral,Neg_ctrl_Sample_20,-0.0559293513280259,26097,4.4166072267925,Sample_100_GSE8894
scissor,Neutral,Neg_ctrl_Sample_21,0.0992463941115308,26097,4.4166072267925,Sample_100_GSE8894
scissor,Neutral,Neg_ctrl_Sample_22,0.131378619185669,26097,4.4166072267925,Sample_100_GSE8894
scissor,Neutral,Neg_ctrl_Sample_23,-0.0196373289569827,26097,4.4166072267925,Sample_100_GSE8894
scissor,Neutral,Neg_ctrl_Sample_24,0.0619312562098912,26097,4.4166072267925,Sample_100_GSE8894
scissor,Neutral,Neg_ctrl_Sample_25,0.207276857383466,26097,4.4166072267925,Sample_100_GSE8894
scissor,Neutral,Neg_ctrl_Sample_26,0.118109718501064,26097,4.4166072267925,Sample_100_GSE8894
scissor,Neutral,Neg_ctrl_Sample_27,-0.0742794042281107,26097,4.4166072267925,Sample_100_GSE8894
scissor,Neutral,Neg_ctrl_Sample_28,0.0710267591723515,26097,4.4166072267925,Sample_100_GSE8894
scissor,Neutral,Neg_ctrl_Sample_29,0.0959486886275711,26097,4.4166072267925,Sample_100_GSE8894
scissor,Neutral,Neg_ctrl_Sample_30,-0.00107403662358014,26097,4.4166072267925,Sample_100_GSE8894
scissor,Neutral,Neg_ctrl_Sample_31,0.0992351950735388,26097,4.4166072267925,Sample_100_GSE8894
scissor,Neutral,Neg_ctrl_Sample_32,-0.0329363050211244,26097,4.4166072267925,Sample_100_GSE8894
scissor,Neutral,Neg_ctrl_Sample_33,-0.0964347588372195,26097,4.4166072267925,Sample_100_GSE8894
scissor,Neutral,Neg_ctrl_Sample_34,-0.151496012886876,26097,4.4166072267925,Sample_100_GSE8894
scissor,Neutral,Neg_ctrl_Sample_35,0.0957127765110984,26097,4.4166072267925,Sample_100_GSE8894
scissor,Neutral,Neg_ctrl_Sample_36,0.0439125401444631,26097,4.4166072267925,Sample_100_GSE8894
scissor,Neutral,Neg_ctrl_Sample_37,0.0687988747450592,26097,4.4166072267925,Sample_100_GSE8894
scissor,Neutral,Neg_ctrl_Sample_38,0.0023082642873706,26097,4.4166072267925,Sample_100_GSE8894
scissor,Neutral,Neg_ctrl_Sample_39,0.031189340022796,26097,4.4166072267925,Sample_100_GSE8894
scissor,Neutral,Neg_ctrl_Sample_40,-0.125803031598353,26097,4.4166072267925,Sample_100_GSE8894
scissor,Neutral,Neg_ctrl_Sample_41,-0.0260374019611832,26097,4.4166072267925,Sample_100_GSE8894
scissor,Neutral,Neg_ctrl_Sample_42,-0.0318107132136747,26097,4.4166072267925,Sample_100_GSE8894
scissor,Neutral,Neg_ctrl_Sample_43,0.0849980425138437,26097,4.4166072267925,Sample_100_GSE8894
scissor,Neutral,Neg_ctrl_Sample_44,0.0627889724779269,26097,4.4166072267925,Sample_100_GSE8894
scissor,Neutral,Neg_ctrl_Sample_45,-0.0490636392656414,26097,4.4166072267925,Sample_100_GSE8894
scissor,Neutral,Neg_ctrl_Sample_46,0.0378620093794191,26097,4.4166072267925,Sample_100_GSE8894
scissor,Neutral,Neg_ctrl_Sample_47,0.051440037283583,26097,4.4166072267925,Sample_100_GSE8894
scissor,Neutral,Neg_ctrl_Sample_48,0.113523555489409,26097,4.4166072267925,Sample_100_GSE8894
scissor,Neutral,Neg_ctrl_Sample_49,-0.0560511357327037,26097,4.4166072267925,Sample_100_GSE8894
scissor,Neutral,Neg_ctrl_Sample_50,-0.0198603109729392,26097,4.4166072267925,Sample_100_GSE8894
scissor,Neutral,Neg_ctrl_Sample_51,-0.147257647300394,26097,4.4166072267925,Sample_100_GSE8894
scissor,Neutral,Neg_ctrl_Sample_52,-0.0373554006354227,26097,4.4166072267925,Sample_100_GSE8894
scissor,Neutral,Neg_ctrl_Sample_53,0.0260424324457369,26097,4.4166072267925,Sample_100_GSE8894
scissor,Neutral,Neg_ctrl_Sample_54,-0.0448597780688565,26097,4.4166072267925,Sample_100_GSE8894
scissor,Neutral,Neg_ctrl_Sample_55,0.0807405166026575,26097,4.4166072267925,Sample_100_GSE8894
scissor,Neutral,Neg_ctrl_Sample_56,0.100937205392656,26097,4.4166072267925,Sample_100_GSE8894
scissor,Neutral,Neg_ctrl_Sample_57,0.0891342800780818,26097,4.4166072267925,Sample_100_GSE8894
scissor,Neutral,Neg_ctrl_Sample_58,-0.0186565571620156,26097,4.4166072267925,Sample_100_GSE8894
scissor,Neutral,Neg_ctrl_Sample_59,0.014889174762483,26097,4.4166072267925,Sample_100_GSE8894
scissor,Neutral,Neg_ctrl_Sample_60,0.134807387140476,26097,4.4166072267925,Sample_100_GSE8894
scissor,Neutral,Neg_ctrl_Sample_61,-0.0645211672167289,26097,4.4166072267925,Sample_100_GSE8894
scissor,Neutral,Neg_ctrl_Sample_62,0.118118593180079,26097,4.4166072267925,Sample_100_GSE8894
scissor,Neutral,Neg_ctrl_Sample_63,0.107203394282648,26097,4.4166072267925,Sample_100_GSE8894
scissor,Neutral,Neg_ctrl_Sample_64,-0.00995655225757784,26097,4.4166072267925,Sample_100_GSE8894
scissor,Neutral,Neg_ctrl_Sample_65,-0.090321482306225,26097,4.4166072267925,Sample_100_GSE8894
scissor,Neutral,Neg_ctrl_Sample_66,0.014510488840475,26097,4.4166072267925,Sample_100_GSE8894
scissor,Neutral,Neg_ctrl_Sample_67,-0.0578699490397041,26097,4.4166072267925,Sample_100_GSE8894
scissor,Neutral,Neg_ctrl_Sample_68,0.089103321017543,26097,4.4166072267925,Sample_100_GSE8894
scissor,Neutral,Neg_ctrl_Sample_69,-0.0389007649517487,26097,4.4166072267925,Sample_100_GSE8894
scissor,Neutral,Neg_ctrl_Sample_70,0.0817894676986886,26097,4.4166072267925,Sample_100_GSE8894
scissor,Neutral,Neg_ctrl_Sample_71,-0.00916133942123576,26097,4.4166072267925,Sample_100_GSE8894
scissor,Neutral,Neg_ctrl_Sample_72,0.0677146280635393,26097,4.4166072267925,Sample_100_GSE8894
scissor,Neutral,Neg_ctrl_Sample_73,-0.0613637928662816,26097,4.4166072267925,Sample_100_GSE8894
scissor,Neutral,Neg_ctrl_Sample_74,0.00278428671692997,26097,4.4166072267925,Sample_100_GSE8894
scissor,Neutral,Neg_ctrl_Sample_75,-0.0481245886482267,26097,4.4166072267925,Sample_100_GSE8894
scissor,Neutral,Neg_ctrl_Sample_76,-0.0196269305715741,26097,4.4166072267925,Sample_100_GSE8894
scissor,Neutral,Neg_ctrl_Sample_77,0.0328461412047321,26097,4.4166072267925,Sample_100_GSE8894
scissor,Neutral,Neg_ctrl_Sample_78,-0.0804063703320806,26097,4.4166072267925,Sample_100_GSE8894
scissor,Neutral,Neg_ctrl_Sample_79,-0.124638017307468,26097,4.4166072267925,Sample_100_GSE8894
scissor,Neutral,Neg_ctrl_Sample_80,0.0838714787889841,26097,4.4166072267925,Sample_100_GSE8894
scissor,Neutral,Neg_ctrl_Sample_81,-0.0692067265663531,26097,4.4166072267925,Sample_100_GSE8894
scissor,Neutral,Neg_ctrl_Sample_82,0.13408914898997,26097,4.4166072267925,Sample_100_GSE8894
scissor,Neutral,Neg_ctrl_Sample_83,-0.125592561143775,26097,4.4166072267925,Sample_100_GSE8894
scissor,Neutral,Neg_ctrl_Sample_84,-0.130258489796042,26097,4.4166072267925,Sample_100_GSE8894
scissor,Neutral,Neg_ctrl_Sample_85,-0.0132025885033129,26097,4.4166072267925,Sample_100_GSE8894
scissor,Neutral,Neg_ctrl_Sample_86,0.125994164336224,26097,4.4166072267925,Sample_100_GSE8894
scissor,Neutral,Neg_ctrl_Sample_87,0.072663934300768,26097,4.4166072267925,Sample_100_GSE8894
scissor,Neutral,Neg_ctrl_Sample_88,-0.0381090626476203,26097,4.4166072267925,Sample_100_GSE8894
scissor,Neutral,Neg_ctrl_Sample_89,-0.0545337544415252,26097,4.4166072267925,Sample_100_GSE8894
scissor,Neutral,Neg_ctrl_Sample_90,0.0327533179585411,26097,4.4166072267925,Sample_100_GSE8894
scissor,Neutral,Neg_ctrl_Sample_91,0.0221663720890203,26097,4.4166072267925,Sample_100_GSE8894
scissor,Neutral,Neg_ctrl_Sample_92,0.179137763641605,26097,4.4166072267925,Sample_100_GSE8894
scissor,Neutral,Neg_ctrl_Sample_93,0.0846873416392171,26097,4.4166072267925,Sample_100_GSE8894
scissor,Neutral,Neg_ctrl_Sample_94,0.0215277694207197,26097,4.4166072267925,Sample_100_GSE8894
scissor,Neutral,Neg_ctrl_Sample_95,0.040722996693875,26097,4.4166072267925,Sample_100_GSE8894
scissor,Neutral,Neg_ctrl_Sample_96,-0.0241623093065284,26097,4.4166072267925,Sample_100_GSE8894
scissor,Neutral,Neg_ctrl_Sample_97,-0.0408492425491299,26097,4.4166072267925,Sample_100_GSE8894
scissor,Neutral,Neg_ctrl_Sample_98,-0.128489535073378,26097,4.4166072267925,Sample_100_GSE8894
scissor,Neutral,Neg_ctrl_Sample_99,0.044525127456219,26097,4.4166072267925,Sample_100_GSE8894
scissor,Neutral,Neg_ctrl_Sample_100,-0.0854523865600127,26097,4.4166072267925,Sample_100_GSE8894
scissor,Positive,Neg_ctrl_Sample_1,0.0267977610111474,2493,3.39689644914252,Sample_100_GSE8894
scissor,Positive,Neg_ctrl_Sample_2,0.0323814067074667,2493,3.39689644914252,Sample_100_GSE8894
scissor,Positive,Neg_ctrl_Sample_3,-0.0969523458531201,2493,3.39689644914252,Sample_100_GSE8894
scissor,Positive,Neg_ctrl_Sample_4,-0.0919108018547425,2493,3.39689644914252,Sample_100_GSE8894
scissor,Positive,Neg_ctrl_Sample_5,-0.15782946244837,2493,3.39689644914252,Sample_100_GSE8894
scissor,Positive,Neg_ctrl_Sample_6,0.0602130513400033,2493,3.39689644914252,Sample_100_GSE8894
scissor,Positive,Neg_ctrl_Sample_7,0.094321092080411,2493,3.39689644914252,Sample_100_GSE8894
scissor,Positive,Neg_ctrl_Sample_8,0.0793404264435951,2493,3.39689644914252,Sample_100_GSE8894
scissor,Positive,Neg_ctrl_Sample_9,-0.0425346794063055,2493,3.39689644914252,Sample_100_GSE8894
scissor,Positive,Neg_ctrl_Sample_10,0.112142512094678,2493,3.39689644914252,Sample_100_GSE8894
scissor,Positive,Neg_ctrl_Sample_11,-0.0843971683164829,2493,3.39689644914252,Sample_100_GSE8894
scissor,Positive,Neg_ctrl_Sample_12,0.0119602748783069,2493,3.39689644914252,Sample_100_GSE8894
scissor,Positive,Neg_ctrl_Sample_13,0.0827568067245863,2493,3.39689644914252,Sample_100_GSE8894
scissor,Positive,Neg_ctrl_Sample_14,0.276867764347516,2493,3.39689644914252,Sample_100_GSE8894
scissor,Positive,Neg_ctrl_Sample_15,0.0345622765389309,2493,3.39689644914252,Sample_100_GSE8894
scissor,Positive,Neg_ctrl_Sample_16,0.00577817788084699,2493,3.39689644914252,Sample_100_GSE8894
scissor,Positive,Neg_ctrl_Sample_17,0.0342269100298229,2493,3.39689644914252,Sample_100_GSE8894
scissor,Positive,Neg_ctrl_Sample_18,0.0708993914058066,2493,3.39689644914252,Sample_100_GSE8894
scissor,Positive,Neg_ctrl_Sample_19,0.0905392819932689,2493,3.39689644914252,Sample_100_GSE8894
scissor,Positive,Neg_ctrl_Sample_20,0.00939723628477359,2493,3.39689644914252,Sample_100_GSE8894
scissor,Positive,Neg_ctrl_Sample_21,0.0792632305263555,2493,3.39689644914252,Sample_100_GSE8894
scissor,Positive,Neg_ctrl_Sample_22,0.130707868183705,2493,3.39689644914252,Sample_100_GSE8894
scissor,Positive,Neg_ctrl_Sample_23,-0.00996594461691342,2493,3.39689644914252,Sample_100_GSE8894
scissor,Positive,Neg_ctrl_Sample_24,0.0503743999342937,2493,3.39689644914252,Sample_100_GSE8894
scissor,Positive,Neg_ctrl_Sample_25,0.213919113605481,2493,3.39689644914252,Sample_100_GSE8894
scissor,Positive,Neg_ctrl_Sample_26,0.120949795664885,2493,3.39689644914252,Sample_100_GSE8894
scissor,Positive,Neg_ctrl_Sample_27,-0.0529169381342458,2493,3.39689644914252,Sample_100_GSE8894
scissor,Positive,Neg_ctrl_Sample_28,0.0719932383144185,2493,3.39689644914252,Sample_100_GSE8894
scissor,Positive,Neg_ctrl_Sample_29,0.0659882377970643,2493,3.39689644914252,Sample_100_GSE8894
scissor,Positive,Neg_ctrl_Sample_30,0.0410505283393485,2493,3.39689644914252,Sample_100_GSE8894
scissor,Positive,Neg_ctrl_Sample_31,0.149701786153677,2493,3.39689644914252,Sample_100_GSE8894
scissor,Positive,Neg_ctrl_Sample_32,-0.00070816497283587,2493,3.39689644914252,Sample_100_GSE8894
scissor,Positive,Neg_ctrl_Sample_33,-0.0798016440142722,2493,3.39689644914252,Sample_100_GSE8894
scissor,Positive,Neg_ctrl_Sample_34,-0.135005645022459,2493,3.39689644914252,Sample_100_GSE8894
scissor,Positive,Neg_ctrl_Sample_35,0.0826294158923698,2493,3.39689644914252,Sample_100_GSE8894
scissor,Positive,Neg_ctrl_Sample_36,0.0643135425653499,2493,3.39689644914252,Sample_100_GSE8894
scissor,Positive,Neg_ctrl_Sample_37,0.118466741542135,2493,3.39689644914252,Sample_100_GSE8894
scissor,Positive,Neg_ctrl_Sample_38,0.0226330451552539,2493,3.39689644914252,Sample_100_GSE8894
scissor,Positive,Neg_ctrl_Sample_39,0.0756687243082187,2493,3.39689644914252,Sample_100_GSE8894
scissor,Positive,Neg_ctrl_Sample_40,-0.104075822584029,2493,3.39689644914252,Sample_100_GSE8894
scissor,Positive,Neg_ctrl_Sample_41,-0.0491021517894391,2493,3.39689644914252,Sample_100_GSE8894
scissor,Positive,Neg_ctrl_Sample_42,-0.0494453055945915,2493,3.39689644914252,Sample_100_GSE8894
scissor,Positive,Neg_ctrl_Sample_43,0.058264451841775,2493,3.39689644914252,Sample_100_GSE8894
scissor,Positive,Neg_ctrl_Sample_44,0.0790463431529059,2493,3.39689644914252,Sample_100_GSE8894
scissor,Positive,Neg_ctrl_Sample_45,-0.021073943090596,2493,3.39689644914252,Sample_100_GSE8894
scissor,Positive,Neg_ctrl_Sample_46,0.0448498279143404,2493,3.39689644914252,Sample_100_GSE8894
scissor,Positive,Neg_ctrl_Sample_47,0.0365172249187851,2493,3.39689644914252,Sample_100_GSE8894
scissor,Positive,Neg_ctrl_Sample_48,0.0837079057852698,2493,3.39689644914252,Sample_100_GSE8894
scissor,Positive,Neg_ctrl_Sample_49,-0.0203981689576533,2493,3.39689644914252,Sample_100_GSE8894
scissor,Positive,Neg_ctrl_Sample_50,0.00500458427714495,2493,3.39689644914252,Sample_100_GSE8894
scissor,Positive,Neg_ctrl_Sample_51,-0.146530281850828,2493,3.39689644914252,Sample_100_GSE8894
scissor,Positive,Neg_ctrl_Sample_52,-0.07015999307077,2493,3.39689644914252,Sample_100_GSE8894
scissor,Positive,Neg_ctrl_Sample_53,0.111789856353267,2493,3.39689644914252,Sample_100_GSE8894
scissor,Positive,Neg_ctrl_Sample_54,-0.0708992419755365,2493,3.39689644914252,Sample_100_GSE8894
scissor,Positive,Neg_ctrl_Sample_55,0.0944853989816036,2493,3.39689644914252,Sample_100_GSE8894
scissor,Positive,Neg_ctrl_Sample_56,0.0589755606708328,2493,3.39689644914252,Sample_100_GSE8894
scissor,Positive,Neg_ctrl_Sample_57,0.0835098653574638,2493,3.39689644914252,Sample_100_GSE8894
scissor,Positive,Neg_ctrl_Sample_58,-0.0192311799462127,2493,3.39689644914252,Sample_100_GSE8894
scissor,Positive,Neg_ctrl_Sample_59,0.0108149962859649,2493,3.39689644914252,Sample_100_GSE8894
scissor,Positive,Neg_ctrl_Sample_60,0.147517279398968,2493,3.39689644914252,Sample_100_GSE8894
scissor,Positive,Neg_ctrl_Sample_61,-0.00133728924110577,2493,3.39689644914252,Sample_100_GSE8894
scissor,Positive,Neg_ctrl_Sample_62,0.135742270831586,2493,3.39689644914252,Sample_100_GSE8894
scissor,Positive,Neg_ctrl_Sample_63,0.121456151602697,2493,3.39689644914252,Sample_100_GSE8894
scissor,Positive,Neg_ctrl_Sample_64,-0.0438523638707762,2493,3.39689644914252,Sample_100_GSE8894
scissor,Positive,Neg_ctrl_Sample_65,-0.0334652356315536,2493,3.39689644914252,Sample_100_GSE8894
scissor,Positive,Neg_ctrl_Sample_66,0.0253913068957002,2493,3.39689644914252,Sample_100_GSE8894
scissor,Positive,Neg_ctrl_Sample_67,-0.0154647125730767,2493,3.39689644914252,Sample_100_GSE8894
scissor,Positive,Neg_ctrl_Sample_68,0.131054790654802,2493,3.39689644914252,Sample_100_GSE8894
scissor,Positive,Neg_ctrl_Sample_69,-0.00752165380427091,2493,3.39689644914252,Sample_100_GSE8894
scissor,Positive,Neg_ctrl_Sample_70,0.0877341977815033,2493,3.39689644914252,Sample_100_GSE8894
scissor,Positive,Neg_ctrl_Sample_71,0.000122953859154759,2493,3.39689644914252,Sample_100_GSE8894
scissor,Positive,Neg_ctrl_Sample_72,0.0943845953062867,2493,3.39689644914252,Sample_100_GSE8894
scissor,Positive,Neg_ctrl_Sample_73,-0.0594435779707812,2493,3.39689644914252,Sample_100_GSE8894
scissor,Positive,Neg_ctrl_Sample_74,0.0135915003902362,2493,3.39689644914252,Sample_100_GSE8894
scissor,Positive,Neg_ctrl_Sample_75,-0.0331355117495767,2493,3.39689644914252,Sample_100_GSE8894
scissor,Positive,Neg_ctrl_Sample_76,-0.0228848577077573,2493,3.39689644914252,Sample_100_GSE8894
scissor,Positive,Neg_ctrl_Sample_77,0.0523808717951062,2493,3.39689644914252,Sample_100_GSE8894
scissor,Positive,Neg_ctrl_Sample_78,-0.0660889969791869,2493,3.39689644914252,Sample_100_GSE8894
scissor,Positive,Neg_ctrl_Sample_79,-0.104077818137864,2493,3.39689644914252,Sample_100_GSE8894
scissor,Positive,Neg_ctrl_Sample_80,0.120296708671921,2493,3.39689644914252,Sample_100_GSE8894
scissor,Positive,Neg_ctrl_Sample_81,-0.0529879385924134,2493,3.39689644914252,Sample_100_GSE8894
scissor,Positive,Neg_ctrl_Sample_82,0.0972633309316267,2493,3.39689644914252,Sample_100_GSE8894
scissor,Positive,Neg_ctrl_Sample_83,-0.0754628884188732,2493,3.39689644914252,Sample_100_GSE8894
scissor,Positive,Neg_ctrl_Sample_84,-0.147289584041152,2493,3.39689644914252,Sample_100_GSE8894
scissor,Positive,Neg_ctrl_Sample_85,-0.0099435419268457,2493,3.39689644914252,Sample_100_GSE8894
scissor,Positive,Neg_ctrl_Sample_86,0.093200659883331,2493,3.39689644914252,Sample_100_GSE8894
scissor,Positive,Neg_ctrl_Sample_87,0.0709479265117841,2493,3.39689644914252,Sample_100_GSE8894
scissor,Positive,Neg_ctrl_Sample_88,-0.0349999618648707,2493,3.39689644914252,Sample_100_GSE8894
scissor,Positive,Neg_ctrl_Sample_89,-0.0267300720206067,2493,3.39689644914252,Sample_100_GSE8894
scissor,Positive,Neg_ctrl_Sample_90,0.0530620089917307,2493,3.39689644914252,Sample_100_GSE8894
scissor,Positive,Neg_ctrl_Sample_91,0.0227181516179932,2493,3.39689644914252,Sample_100_GSE8894
scissor,Positive,Neg_ctrl_Sample_92,0.176621467200006,2493,3.39689644914252,Sample_100_GSE8894
scissor,Positive,Neg_ctrl_Sample_93,0.0832925306420833,2493,3.39689644914252,Sample_100_GSE8894
scissor,Positive,Neg_ctrl_Sample_94,0.0326290778204509,2493,3.39689644914252,Sample_100_GSE8894
scissor,Positive,Neg_ctrl_Sample_95,0.0451190272887453,2493,3.39689644914252,Sample_100_GSE8894
scissor,Positive,Neg_ctrl_Sample_96,0.0215582905255528,2493,3.39689644914252,Sample_100_GSE8894
scissor,Positive,Neg_ctrl_Sample_97,0.0305190931321392,2493,3.39689644914252,Sample_100_GSE8894
scissor,Positive,Neg_ctrl_Sample_98,-0.115078850795917,2493,3.39689644914252,Sample_100_GSE8894
scissor,Positive,Neg_ctrl_Sample_99,0.087783340479692,2493,3.39689644914252,Sample_100_GSE8894
scissor,Positive,Neg_ctrl_Sample_100,-0.102298653425896,2493,3.39689644914252,Sample_100_GSE8894
scAB,Other,Neg_ctrl_Sample_1,0.027064410223266,30682,4.48689782006669,Sample_100_GSE8894
scAB,Other,Neg_ctrl_Sample_2,-0.00564806516576411,30682,4.48689782006669,Sample_100_GSE8894
scAB,Other,Neg_ctrl_Sample_3,-0.148652599237398,30682,4.48689782006669,Sample_100_GSE8894
scAB,Other,Neg_ctrl_Sample_4,-0.0917805216651542,30682,4.48689782006669,Sample_100_GSE8894
scAB,Other,Neg_ctrl_Sample_5,-0.167764797623593,30682,4.48689782006669,Sample_100_GSE8894
scAB,Other,Neg_ctrl_Sample_6,0.0689779907890184,30682,4.48689782006669,Sample_100_GSE8894
scAB,Other,Neg_ctrl_Sample_7,0.0842991428143253,30682,4.48689782006669,Sample_100_GSE8894
scAB,Other,Neg_ctrl_Sample_8,0.0628307203879978,30682,4.48689782006669,Sample_100_GSE8894
scAB,Other,Neg_ctrl_Sample_9,-0.101148951427542,30682,4.48689782006669,Sample_100_GSE8894
scAB,Other,Neg_ctrl_Sample_10,0.118360013650657,30682,4.48689782006669,Sample_100_GSE8894
scAB,Other,Neg_ctrl_Sample_11,-0.145654068761973,30682,4.48689782006669,Sample_100_GSE8894
scAB,Other,Neg_ctrl_Sample_12,0.047665800387601,30682,4.48689782006669,Sample_100_GSE8894
scAB,Other,Neg_ctrl_Sample_13,0.0641551473504732,30682,4.48689782006669,Sample_100_GSE8894
scAB,Other,Neg_ctrl_Sample_14,0.252030373236615,30682,4.48689782006669,Sample_100_GSE8894
scAB,Other,Neg_ctrl_Sample_15,0.0567415112244079,30682,4.48689782006669,Sample_100_GSE8894
scAB,Other,Neg_ctrl_Sample_16,-0.0484733188864808,30682,4.48689782006669,Sample_100_GSE8894
scAB,Other,Neg_ctrl_Sample_17,0.0189069142855917,30682,4.48689782006669,Sample_100_GSE8894
scAB,Other,Neg_ctrl_Sample_18,0.0148547015273909,30682,4.48689782006669,Sample_100_GSE8894
scAB,Other,Neg_ctrl_Sample_19,0.0760571712669234,30682,4.48689782006669,Sample_100_GSE8894
scAB,Other,Neg_ctrl_Sample_20,-0.0568997339157533,30682,4.48689782006669,Sample_100_GSE8894
scAB,Other,Neg_ctrl_Sample_21,0.0967391103765535,30682,4.48689782006669,Sample_100_GSE8894
scAB,Other,Neg_ctrl_Sample_22,0.132302097203192,30682,4.48689782006669,Sample_100_GSE8894
scAB,Other,Neg_ctrl_Sample_23,-0.0200858577263594,30682,4.48689782006669,Sample_100_GSE8894
scAB,Other,Neg_ctrl_Sample_24,0.0592982405185976,30682,4.48689782006669,Sample_100_GSE8894
scAB,Other,Neg_ctrl_Sample_25,0.208858208972991,30682,4.48689782006669,Sample_100_GSE8894
scAB,Other,Neg_ctrl_Sample_26,0.11628959854278,30682,4.48689782006669,Sample_100_GSE8894
scAB,Other,Neg_ctrl_Sample_27,-0.07501406847527,30682,4.48689782006669,Sample_100_GSE8894
scAB,Other,Neg_ctrl_Sample_28,0.0690792470990099,30682,4.48689782006669,Sample_100_GSE8894
scAB,Other,Neg_ctrl_Sample_29,0.0962711137648602,30682,4.48689782006669,Sample_100_GSE8894
scAB,Other,Neg_ctrl_Sample_30,0.000967691534931663,30682,4.48689782006669,Sample_100_GSE8894
scAB,Other,Neg_ctrl_Sample_31,0.0985977347262347,30682,4.48689782006669,Sample_100_GSE8894
scAB,Other,Neg_ctrl_Sample_32,-0.0313975832981271,30682,4.48689782006669,Sample_100_GSE8894
scAB,Other,Neg_ctrl_Sample_33,-0.0978085832674761,30682,4.48689782006669,Sample_100_GSE8894
scAB,Other,Neg_ctrl_Sample_34,-0.154965100164625,30682,4.48689782006669,Sample_100_GSE8894
scAB,Other,Neg_ctrl_Sample_35,0.0949893212329933,30682,4.48689782006669,Sample_100_GSE8894
scAB,Other,Neg_ctrl_Sample_36,0.0432131935911841,30682,4.48689782006669,Sample_100_GSE8894
scAB,Other,Neg_ctrl_Sample_37,0.0690326439409274,30682,4.48689782006669,Sample_100_GSE8894
scAB,Other,Neg_ctrl_Sample_38,0.00468041716503975,30682,4.48689782006669,Sample_100_GSE8894
scAB,Other,Neg_ctrl_Sample_39,0.0299816693450157,30682,4.48689782006669,Sample_100_GSE8894
scAB,Other,Neg_ctrl_Sample_40,-0.126507886432649,30682,4.48689782006669,Sample_100_GSE8894
scAB,Other,Neg_ctrl_Sample_41,-0.0298281532573167,30682,4.48689782006669,Sample_100_GSE8894
scAB,Other,Neg_ctrl_Sample_42,-0.0334806359679375,30682,4.48689782006669,Sample_100_GSE8894
scAB,Other,Neg_ctrl_Sample_43,0.0837604212116476,30682,4.48689782006669,Sample_100_GSE8894
scAB,Other,Neg_ctrl_Sample_44,0.0633571392452948,30682,4.48689782006669,Sample_100_GSE8894
scAB,Other,Neg_ctrl_Sample_45,-0.0494952000958112,30682,4.48689782006669,Sample_100_GSE8894
scAB,Other,Neg_ctrl_Sample_46,0.0372782829428535,30682,4.48689782006669,Sample_100_GSE8894
scAB,Other,Neg_ctrl_Sample_47,0.0505363406172403,30682,4.48689782006669,Sample_100_GSE8894
scAB,Other,Neg_ctrl_Sample_48,0.113287867696707,30682,4.48689782006669,Sample_100_GSE8894
scAB,Other,Neg_ctrl_Sample_49,-0.0559176764012554,30682,4.48689782006669,Sample_100_GSE8894
scAB,Other,Neg_ctrl_Sample_50,-0.0216517963759903,30682,4.48689782006669,Sample_100_GSE8894
scAB,Other,Neg_ctrl_Sample_51,-0.146722483627223,30682,4.48689782006669,Sample_100_GSE8894
scAB,Other,Neg_ctrl_Sample_52,-0.0375706174154146,30682,4.48689782006669,Sample_100_GSE8894
scAB,Other,Neg_ctrl_Sample_53,0.0287460751163703,30682,4.48689782006669,Sample_100_GSE8894
scAB,Other,Neg_ctrl_Sample_54,-0.0462787281610578,30682,4.48689782006669,Sample_100_GSE8894
scAB,Other,Neg_ctrl_Sample_55,0.0804300982392885,30682,4.48689782006669,Sample_100_GSE8894
scAB,Other,Neg_ctrl_Sample_56,0.0997969829856459,30682,4.48689782006669,Sample_100_GSE8894
scAB,Other,Neg_ctrl_Sample_57,0.0912657642955329,30682,4.48689782006669,Sample_100_GSE8894
scAB,Other,Neg_ctrl_Sample_58,-0.0185889823371234,30682,4.48689782006669,Sample_100_GSE8894
scAB,Other,Neg_ctrl_Sample_59,0.015064840691218,30682,4.48689782006669,Sample_100_GSE8894
scAB,Other,Neg_ctrl_Sample_60,0.1338054676202,30682,4.48689782006669,Sample_100_GSE8894
scAB,Other,Neg_ctrl_Sample_61,-0.0631090539975465,30682,4.48689782006669,Sample_100_GSE8894
scAB,Other,Neg_ctrl_Sample_62,0.117816600603727,30682,4.48689782006669,Sample_100_GSE8894
scAB,Other,Neg_ctrl_Sample_63,0.108421082654275,30682,4.48689782006669,Sample_100_GSE8894
scAB,Other,Neg_ctrl_Sample_64,-0.0136402887100912,30682,4.48689782006669,Sample_100_GSE8894
scAB,Other,Neg_ctrl_Sample_65,-0.0908919882359392,30682,4.48689782006669,Sample_100_GSE8894
scAB,Other,Neg_ctrl_Sample_66,0.0146752397840962,30682,4.48689782006669,Sample_100_GSE8894
scAB,Other,Neg_ctrl_Sample_67,-0.0579011916523486,30682,4.48689782006669,Sample_100_GSE8894
scAB,Other,Neg_ctrl_Sample_68,0.0873655259364509,30682,4.48689782006669,Sample_100_GSE8894
scAB,Other,Neg_ctrl_Sample_69,-0.0392165561651865,30682,4.48689782006669,Sample_100_GSE8894
scAB,Other,Neg_ctrl_Sample_70,0.0819869895945684,30682,4.48689782006669,Sample_100_GSE8894
scAB,Other,Neg_ctrl_Sample_71,-0.00798079945520761,30682,4.48689782006669,Sample_100_GSE8894
scAB,Other,Neg_ctrl_Sample_72,0.0687513999179099,30682,4.48689782006669,Sample_100_GSE8894
scAB,Other,Neg_ctrl_Sample_73,-0.0606815770828243,30682,4.48689782006669,Sample_100_GSE8894
scAB,Other,Neg_ctrl_Sample_74,0.0036322493331444,30682,4.48689782006669,Sample_100_GSE8894
scAB,Other,Neg_ctrl_Sample_75,-0.0511447206526952,30682,4.48689782006669,Sample_100_GSE8894
scAB,Other,Neg_ctrl_Sample_76,-0.0200036427072818,30682,4.48689782006669,Sample_100_GSE8894
scAB,Other,Neg_ctrl_Sample_77,0.0329201981440596,30682,4.48689782006669,Sample_100_GSE8894
scAB,Other,Neg_ctrl_Sample_78,-0.0829232532477528,30682,4.48689782006669,Sample_100_GSE8894
scAB,Other,Neg_ctrl_Sample_79,-0.123514654058451,30682,4.48689782006669,Sample_100_GSE8894
scAB,Other,Neg_ctrl_Sample_80,0.0838505254601662,30682,4.48689782006669,Sample_100_GSE8894
scAB,Other,Neg_ctrl_Sample_81,-0.0697157011270476,30682,4.48689782006669,Sample_100_GSE8894
scAB,Other,Neg_ctrl_Sample_82,0.12937966719651,30682,4.48689782006669,Sample_100_GSE8894
scAB,Other,Neg_ctrl_Sample_83,-0.126130791574165,30682,4.48689782006669,Sample_100_GSE8894
scAB,Other,Neg_ctrl_Sample_84,-0.132741835275602,30682,4.48689782006669,Sample_100_GSE8894
scAB,Other,Neg_ctrl_Sample_85,-0.015376347558581,30682,4.48689782006669,Sample_100_GSE8894
scAB,Other,Neg_ctrl_Sample_86,0.121813322401848,30682,4.48689782006669,Sample_100_GSE8894
scAB,Other,Neg_ctrl_Sample_87,0.0737473875338135,30682,4.48689782006669,Sample_100_GSE8894
scAB,Other,Neg_ctrl_Sample_88,-0.0369791323204436,30682,4.48689782006669,Sample_100_GSE8894
scAB,Other,Neg_ctrl_Sample_89,-0.05454869361782,30682,4.48689782006669,Sample_100_GSE8894
scAB,Other,Neg_ctrl_Sample_90,0.0324497425584745,30682,4.48689782006669,Sample_100_GSE8894
scAB,Other,Neg_ctrl_Sample_91,0.0218185425677478,30682,4.48689782006669,Sample_100_GSE8894
scAB,Other,Neg_ctrl_Sample_92,0.179016026167525,30682,4.48689782006669,Sample_100_GSE8894
scAB,Other,Neg_ctrl_Sample_93,0.0823955537650802,30682,4.48689782006669,Sample_100_GSE8894
scAB,Other,Neg_ctrl_Sample_94,0.020799665536452,30682,4.48689782006669,Sample_100_GSE8894
scAB,Other,Neg_ctrl_Sample_95,0.0406080160027248,30682,4.48689782006669,Sample_100_GSE8894
scAB,Other,Neg_ctrl_Sample_96,-0.0249079151604615,30682,4.48689782006669,Sample_100_GSE8894
scAB,Other,Neg_ctrl_Sample_97,-0.0422483593045664,30682,4.48689782006669,Sample_100_GSE8894
scAB,Other,Neg_ctrl_Sample_98,-0.128858441143688,30682,4.48689782006669,Sample_100_GSE8894
scAB,Other,Neg_ctrl_Sample_99,0.0453013438857066,30682,4.48689782006669,Sample_100_GSE8894
scAB,Other,Neg_ctrl_Sample_100,-0.0856985712001873,30682,4.48689782006669,Sample_100_GSE8894
scAB,Positive,Neg_ctrl_Sample_1,0.026291878585663,1552,3.19117145572856,Sample_100_GSE8894
scAB,Positive,Neg_ctrl_Sample_2,0.0640277495152536,1552,3.19117145572856,Sample_100_GSE8894
scAB,Positive,Neg_ctrl_Sample_3,-0.058685105796625,1552,3.19117145572856,Sample_100_GSE8894
scAB,Positive,Neg_ctrl_Sample_4,-0.0910700081396961,1552,3.19117145572856,Sample_100_GSE8894
scAB,Positive,Neg_ctrl_Sample_5,-0.151751411054697,1552,3.19117145572856,Sample_100_GSE8894
scAB,Positive,Neg_ctrl_Sample_6,0.0482015635647652,1552,3.19117145572856,Sample_100_GSE8894
scAB,Positive,Neg_ctrl_Sample_7,0.0840030159263352,1552,3.19117145572856,Sample_100_GSE8894
scAB,Positive,Neg_ctrl_Sample_8,0.103171994246709,1552,3.19117145572856,Sample_100_GSE8894
scAB,Positive,Neg_ctrl_Sample_9,0.0487627021309223,1552,3.19117145572856,Sample_100_GSE8894
scAB,Positive,Neg_ctrl_Sample_10,0.110904553333098,1552,3.19117145572856,Sample_100_GSE8894
scAB,Positive,Neg_ctrl_Sample_11,-0.0334797432534234,1552,3.19117145572856,Sample_100_GSE8894
scAB,Positive,Neg_ctrl_Sample_12,0.0243589985083983,1552,3.19117145572856,Sample_100_GSE8894
scAB,Positive,Neg_ctrl_Sample_13,0.119844621020625,1552,3.19117145572856,Sample_100_GSE8894
scAB,Positive,Neg_ctrl_Sample_14,0.27189664702512,1552,3.19117145572856,Sample_100_GSE8894
scAB,Positive,Neg_ctrl_Sample_15,-0.0125014304592308,1552,3.19117145572856,Sample_100_GSE8894
scAB,Positive,Neg_ctrl_Sample_16,0.04263418185804,1552,3.19117145572856,Sample_100_GSE8894
scAB,Positive,Neg_ctrl_Sample_17,0.0784320225585145,1552,3.19117145572856,Sample_100_GSE8894
scAB,Positive,Neg_ctrl_Sample_18,0.114362239993912,1552,3.19117145572856,Sample_100_GSE8894
scAB,Positive,Neg_ctrl_Sample_19,0.132076471026688,1552,3.19117145572856,Sample_100_GSE8894
scAB,Positive,Neg_ctrl_Sample_20,0.0900782726154102,1552,3.19117145572856,Sample_100_GSE8894
scAB,Positive,Neg_ctrl_Sample_21,0.0999254382477412,1552,3.19117145572856,Sample_100_GSE8894
scAB,Positive,Neg_ctrl_Sample_22,0.106652849053282,1552,3.19117145572856,Sample_100_GSE8894
scAB,Positive,Neg_ctrl_Sample_23,0.0173571371742443,1552,3.19117145572856,Sample_100_GSE8894
scAB,Positive,Neg_ctrl_Sample_24,0.0314232638598823,1552,3.19117145572856,Sample_100_GSE8894
scAB,Positive,Neg_ctrl_Sample_25,0.215761091179302,1552,3.19117145572856,Sample_100_GSE8894
scAB,Positive,Neg_ctrl_Sample_26,0.156606310702346,1552,3.19117145572856,Sample_100_GSE8894
scAB,Positive,Neg_ctrl_Sample_27,-0.0404724235289797,1552,3.19117145572856,Sample_100_GSE8894
scAB,Positive,Neg_ctrl_Sample_28,0.0790408337494716,1552,3.19117145572856,Sample_100_GSE8894
scAB,Positive,Neg_ctrl_Sample_29,0.0145304683460026,1552,3.19117145572856,Sample_100_GSE8894
scAB,Positive,Neg_ctrl_Sample_30,0.0499492301641862,1552,3.19117145572856,Sample_100_GSE8894
scAB,Positive,Neg_ctrl_Sample_31,0.207749113110986,1552,3.19117145572856,Sample_100_GSE8894
scAB,Positive,Neg_ctrl_Sample_32,0.0365017963433373,1552,3.19117145572856,Sample_100_GSE8894
scAB,Positive,Neg_ctrl_Sample_33,-0.0398094852423167,1552,3.19117145572856,Sample_100_GSE8894
scAB,Positive,Neg_ctrl_Sample_34,-0.0700205421532168,1552,3.19117145572856,Sample_100_GSE8894
scAB,Positive,Neg_ctrl_Sample_35,0.0853502769998522,1552,3.19117145572856,Sample_100_GSE8894
scAB,Positive,Neg_ctrl_Sample_36,0.105967781830342,1552,3.19117145572856,Sample_100_GSE8894
scAB,Positive,Neg_ctrl_Sample_37,0.140716959106204,1552,3.19117145572856,Sample_100_GSE8894
scAB,Positive,Neg_ctrl_Sample_38,0.0119837719115388,1552,3.19117145572856,Sample_100_GSE8894
scAB,Positive,Neg_ctrl_Sample_39,0.168538679898246,1552,3.19117145572856,Sample_100_GSE8894
scAB,Positive,Neg_ctrl_Sample_40,-0.0926754167319848,1552,3.19117145572856,Sample_100_GSE8894
scAB,Positive,Neg_ctrl_Sample_41,0.00731703627003882,1552,3.19117145572856,Sample_100_GSE8894
scAB,Positive,Neg_ctrl_Sample_42,-0.00164289150694752,1552,3.19117145572856,Sample_100_GSE8894
scAB,Positive,Neg_ctrl_Sample_43,0.0440335034978311,1552,3.19117145572856,Sample_100_GSE8894
scAB,Positive,Neg_ctrl_Sample_44,0.0856354695450952,1552,3.19117145572856,Sample_100_GSE8894
scAB,Positive,Neg_ctrl_Sample_45,0.0152597642048324,1552,3.19117145572856,Sample_100_GSE8894
scAB,Positive,Neg_ctrl_Sample_46,0.0614944995172361,1552,3.19117145572856,Sample_100_GSE8894
scAB,Positive,Neg_ctrl_Sample_47,0.0407357780277688,1552,3.19117145572856,Sample_100_GSE8894
scAB,Positive,Neg_ctrl_Sample_48,0.0583532253724481,1552,3.19117145572856,Sample_100_GSE8894
scAB,Positive,Neg_ctrl_Sample_49,0.0149226408080855,1552,3.19117145572856,Sample_100_GSE8894
scAB,Positive,Neg_ctrl_Sample_50,0.0621336004080223,1552,3.19117145572856,Sample_100_GSE8894
scAB,Positive,Neg_ctrl_Sample_51,-0.138244332328197,1552,3.19117145572856,Sample_100_GSE8894
scAB,Positive,Neg_ctrl_Sample_52,-0.08913417073902,1552,3.19117145572856,Sample_100_GSE8894
scAB,Positive,Neg_ctrl_Sample_53,0.173929551861417,1552,3.19117145572856,Sample_100_GSE8894
scAB,Positive,Neg_ctrl_Sample_54,-0.0938735337052219,1552,3.19117145572856,Sample_100_GSE8894
scAB,Positive,Neg_ctrl_Sample_55,0.12052535797486,1552,3.19117145572856,Sample_100_GSE8894
scAB,Positive,Neg_ctrl_Sample_56,0.0603614599840665,1552,3.19117145572856,Sample_100_GSE8894
scAB,Positive,Neg_ctrl_Sample_57,0.0800226762469463,1552,3.19117145572856,Sample_100_GSE8894
scAB,Positive,Neg_ctrl_Sample_58,-0.00109398199526898,1552,3.19117145572856,Sample_100_GSE8894
scAB,Positive,Neg_ctrl_Sample_59,-0.0073908007148265,1552,3.19117145572856,Sample_100_GSE8894
scAB,Positive,Neg_ctrl_Sample_60,0.193112509231493,1552,3.19117145572856,Sample_100_GSE8894
scAB,Positive,Neg_ctrl_Sample_61,0.036973519438153,1552,3.19117145572856,Sample_100_GSE8894
scAB,Positive,Neg_ctrl_Sample_62,0.152965677353211,1552,3.19117145572856,Sample_100_GSE8894
scAB,Positive,Neg_ctrl_Sample_63,0.132931560095633,1552,3.19117145572856,Sample_100_GSE8894
scAB,Positive,Neg_ctrl_Sample_64,-0.036333774728212,1552,3.19117145572856,Sample_100_GSE8894
scAB,Positive,Neg_ctrl_Sample_65,-0.0222961371496077,1552,3.19117145572856,Sample_100_GSE8894
scAB,Positive,Neg_ctrl_Sample_66,0.0426394081504539,1552,3.19117145572856,Sample_100_GSE8894
scAB,Positive,Neg_ctrl_Sample_67,0.00595328269962157,1552,3.19117145572856,Sample_100_GSE8894
scAB,Positive,Neg_ctrl_Sample_68,0.183350838330499,1552,3.19117145572856,Sample_100_GSE8894
scAB,Positive,Neg_ctrl_Sample_69,-0.0172261190888113,1552,3.19117145572856,Sample_100_GSE8894
scAB,Positive,Neg_ctrl_Sample_70,0.0889504784066062,1552,3.19117145572856,Sample_100_GSE8894
scAB,Positive,Neg_ctrl_Sample_71,0.00599282284820468,1552,3.19117145572856,Sample_100_GSE8894
scAB,Positive,Neg_ctrl_Sample_72,0.0662344486375478,1552,3.19117145572856,Sample_100_GSE8894
scAB,Positive,Neg_ctrl_Sample_73,-0.0814494973276445,1552,3.19117145572856,Sample_100_GSE8894
scAB,Positive,Neg_ctrl_Sample_74,-0.000404837550913124,1552,3.19117145572856,Sample_100_GSE8894
scAB,Positive,Neg_ctrl_Sample_75,0.024622100028772,1552,3.19117145572856,Sample_100_GSE8894
scAB,Positive,Neg_ctrl_Sample_76,-0.0277844874949076,1552,3.19117145572856,Sample_100_GSE8894
scAB,Positive,Neg_ctrl_Sample_77,0.0851560809221121,1552,3.19117145572856,Sample_100_GSE8894
scAB,Positive,Neg_ctrl_Sample_78,-0.0115751550010348,1552,3.19117145572856,Sample_100_GSE8894
scAB,Positive,Neg_ctrl_Sample_79,-0.105121654468047,1552,3.19117145572856,Sample_100_GSE8894
scAB,Positive,Neg_ctrl_Sample_80,0.163262368811022,1552,3.19117145572856,Sample_100_GSE8894
scAB,Positive,Neg_ctrl_Sample_81,0.00745554733168462,1552,3.19117145572856,Sample_100_GSE8894
scAB,Positive,Neg_ctrl_Sample_82,0.106875899460876,1552,3.19117145572856,Sample_100_GSE8894
scAB,Positive,Neg_ctrl_Sample_83,-0.0200621399632674,1552,3.19117145572856,Sample_100_GSE8894
scAB,Positive,Neg_ctrl_Sample_84,-0.118347891865242,1552,3.19117145572856,Sample_100_GSE8894
scAB,Positive,Neg_ctrl_Sample_85,0.0332442470853907,1552,3.19117145572856,Sample_100_GSE8894
scAB,Positive,Neg_ctrl_Sample_86,0.130964959891762,1552,3.19117145572856,Sample_100_GSE8894
scAB,Positive,Neg_ctrl_Sample_87,0.0698897940567007,1552,3.19117145572856,Sample_100_GSE8894
scAB,Positive,Neg_ctrl_Sample_88,-0.0552637408368794,1552,3.19117145572856,Sample_100_GSE8894
scAB,Positive,Neg_ctrl_Sample_89,-0.0113455311207488,1552,3.19117145572856,Sample_100_GSE8894
scAB,Positive,Neg_ctrl_Sample_90,0.0683427171005089,1552,3.19117145572856,Sample_100_GSE8894
scAB,Positive,Neg_ctrl_Sample_91,0.0266467456458362,1552,3.19117145572856,Sample_100_GSE8894
scAB,Positive,Neg_ctrl_Sample_92,0.153619727715089,1552,3.19117145572856,Sample_100_GSE8894
scAB,Positive,Neg_ctrl_Sample_93,0.121205938794118,1552,3.19117145572856,Sample_100_GSE8894
scAB,Positive,Neg_ctrl_Sample_94,0.0496413113506305,1552,3.19117145572856,Sample_100_GSE8894
scAB,Positive,Neg_ctrl_Sample_95,0.0756694953724725,1552,3.19117145572856,Sample_100_GSE8894
scAB,Positive,Neg_ctrl_Sample_96,0.108993400814771,1552,3.19117145572856,Sample_100_GSE8894
scAB,Positive,Neg_ctrl_Sample_97,0.0877307591044568,1552,3.19117145572856,Sample_100_GSE8894
scAB,Positive,Neg_ctrl_Sample_98,-0.066071369397237,1552,3.19117145572856,Sample_100_GSE8894
scAB,Positive,Neg_ctrl_Sample_99,0.102941281598589,1552,3.19117145572856,Sample_100_GSE8894
scAB,Positive,Neg_ctrl_Sample_100,-0.0455929517687323,1552,3.19117145572856,Sample_100_GSE8894
SCIPAC,Negative,Neg_ctrl_Sample_1,0.0407438026785248,4933,3.69319914515372,Sample_100_GSE8894
SCIPAC,Negative,Neg_ctrl_Sample_2,-0.022668420570891,4933,3.69319914515372,Sample_100_GSE8894
SCIPAC,Negative,Neg_ctrl_Sample_3,-0.158111689547103,4933,3.69319914515372,Sample_100_GSE8894
SCIPAC,Negative,Neg_ctrl_Sample_4,-0.102912046822876,4933,3.69319914515372,Sample_100_GSE8894
SCIPAC,Negative,Neg_ctrl_Sample_5,-0.170794859992725,4933,3.69319914515372,Sample_100_GSE8894
SCIPAC,Negative,Neg_ctrl_Sample_6,0.0769047131015648,4933,3.69319914515372,Sample_100_GSE8894
SCIPAC,Negative,Neg_ctrl_Sample_7,0.0799302545775443,4933,3.69319914515372,Sample_100_GSE8894
SCIPAC,Negative,Neg_ctrl_Sample_8,0.0550981118504718,4933,3.69319914515372,Sample_100_GSE8894
SCIPAC,Negative,Neg_ctrl_Sample_9,-0.131862847507496,4933,3.69319914515372,Sample_100_GSE8894
SCIPAC,Negative,Neg_ctrl_Sample_10,0.121904707980304,4933,3.69319914515372,Sample_100_GSE8894
SCIPAC,Negative,Neg_ctrl_Sample_11,-0.177233750629295,4933,3.69319914515372,Sample_100_GSE8894
SCIPAC,Negative,Neg_ctrl_Sample_12,0.0556326083452192,4933,3.69319914515372,Sample_100_GSE8894
SCIPAC,Negative,Neg_ctrl_Sample_13,0.0402754970557905,4933,3.69319914515372,Sample_100_GSE8894
SCIPAC,Negative,Neg_ctrl_Sample_14,0.227718647966149,4933,3.69319914515372,Sample_100_GSE8894
SCIPAC,Negative,Neg_ctrl_Sample_15,0.0675529829356222,4933,3.69319914515372,Sample_100_GSE8894
SCIPAC,Negative,Neg_ctrl_Sample_16,-0.0818692720060336,4933,3.69319914515372,Sample_100_GSE8894
SCIPAC,Negative,Neg_ctrl_Sample_17,0.0146367483022977,4933,3.69319914515372,Sample_100_GSE8894
SCIPAC,Negative,Neg_ctrl_Sample_18,-0.018553617422736,4933,3.69319914515372,Sample_100_GSE8894
SCIPAC,Negative,Neg_ctrl_Sample_19,0.077579823781387,4933,3.69319914515372,Sample_100_GSE8894
SCIPAC,Negative,Neg_ctrl_Sample_20,-0.0812518073855175,4933,3.69319914515372,Sample_100_GSE8894
SCIPAC,Negative,Neg_ctrl_Sample_21,0.101234250904711,4933,3.69319914515372,Sample_100_GSE8894
SCIPAC,Negative,Neg_ctrl_Sample_22,0.144682375083006,4933,3.69319914515372,Sample_100_GSE8894
SCIPAC,Negative,Neg_ctrl_Sample_23,-0.0327963354311851,4933,3.69319914515372,Sample_100_GSE8894
SCIPAC,Negative,Neg_ctrl_Sample_24,0.0470834091036105,4933,3.69319914515372,Sample_100_GSE8894
SCIPAC,Negative,Neg_ctrl_Sample_25,0.219667463710711,4933,3.69319914515372,Sample_100_GSE8894
SCIPAC,Negative,Neg_ctrl_Sample_26,0.127541980883183,4933,3.69319914515372,Sample_100_GSE8894
SCIPAC,Negative,Neg_ctrl_Sample_27,-0.0868132519335922,4933,3.69319914515372,Sample_100_GSE8894
SCIPAC,Negative,Neg_ctrl_Sample_28,0.0664080720372426,4933,3.69319914515372,Sample_100_GSE8894
SCIPAC,Negative,Neg_ctrl_Sample_29,0.11260745056717,4933,3.69319914515372,Sample_100_GSE8894
SCIPAC,Negative,Neg_ctrl_Sample_30,-0.00166640990057258,4933,3.69319914515372,Sample_100_GSE8894
SCIPAC,Negative,Neg_ctrl_Sample_31,0.0750225536668055,4933,3.69319914515372,Sample_100_GSE8894
SCIPAC,Negative,Neg_ctrl_Sample_32,-0.0336446648283765,4933,3.69319914515372,Sample_100_GSE8894
SCIPAC,Negative,Neg_ctrl_Sample_33,-0.10549634240247,4933,3.69319914515372,Sample_100_GSE8894
SCIPAC,Negative,Neg_ctrl_Sample_34,-0.163904446142245,4933,3.69319914515372,Sample_100_GSE8894
SCIPAC,Negative,Neg_ctrl_Sample_35,0.0932803010740423,4933,3.69319914515372,Sample_100_GSE8894
SCIPAC,Negative,Neg_ctrl_Sample_36,0.020360233121237,4933,3.69319914515372,Sample_100_GSE8894
SCIPAC,Negative,Neg_ctrl_Sample_37,0.0412994495127147,4933,3.69319914515372,Sample_100_GSE8894
SCIPAC,Negative,Neg_ctrl_Sample_38,-0.00411579136530268,4933,3.69319914515372,Sample_100_GSE8894
SCIPAC,Negative,Neg_ctrl_Sample_39,0.00419131847852458,4933,3.69319914515372,Sample_100_GSE8894
SCIPAC,Negative,Neg_ctrl_Sample_40,-0.162092836463383,4933,3.69319914515372,Sample_100_GSE8894
SCIPAC,Negative,Neg_ctrl_Sample_41,-0.0374278280210256,4933,3.69319914515372,Sample_100_GSE8894
SCIPAC,Negative,Neg_ctrl_Sample_42,-0.020145244417061,4933,3.69319914515372,Sample_100_GSE8894
SCIPAC,Negative,Neg_ctrl_Sample_43,0.100134991784445,4933,3.69319914515372,Sample_100_GSE8894
SCIPAC,Negative,Neg_ctrl_Sample_44,0.0524266237600132,4933,3.69319914515372,Sample_100_GSE8894
SCIPAC,Negative,Neg_ctrl_Sample_45,-0.065025284502085,4933,3.69319914515372,Sample_100_GSE8894
SCIPAC,Negative,Neg_ctrl_Sample_46,0.0305570343555574,4933,3.69319914515372,Sample_100_GSE8894
SCIPAC,Negative,Neg_ctrl_Sample_47,0.0535838027050672,4933,3.69319914515372,Sample_100_GSE8894
SCIPAC,Negative,Neg_ctrl_Sample_48,0.12501391079545,4933,3.69319914515372,Sample_100_GSE8894
SCIPAC,Negative,Neg_ctrl_Sample_49,-0.0690413347800348,4933,3.69319914515372,Sample_100_GSE8894
SCIPAC,Negative,Neg_ctrl_Sample_50,-0.0315892782373966,4933,3.69319914515372,Sample_100_GSE8894
SCIPAC,Negative,Neg_ctrl_Sample_51,-0.15711229422289,4933,3.69319914515372,Sample_100_GSE8894
SCIPAC,Negative,Neg_ctrl_Sample_52,-0.0401231120392429,4933,3.69319914515372,Sample_100_GSE8894
SCIPAC,Negative,Neg_ctrl_Sample_53,-0.00449569115068599,4933,3.69319914515372,Sample_100_GSE8894
SCIPAC,Negative,Neg_ctrl_Sample_54,-0.0638977140391847,4933,3.69319914515372,Sample_100_GSE8894
SCIPAC,Negative,Neg_ctrl_Sample_55,0.0815272062136518,4933,3.69319914515372,Sample_100_GSE8894
SCIPAC,Negative,Neg_ctrl_Sample_56,0.11782047862489,4933,3.69319914515372,Sample_100_GSE8894
SCIPAC,Negative,Neg_ctrl_Sample_57,0.105278423249973,4933,3.69319914515372,Sample_100_GSE8894
SCIPAC,Negative,Neg_ctrl_Sample_58,-0.00741611177311322,4933,3.69319914515372,Sample_100_GSE8894
SCIPAC,Negative,Neg_ctrl_Sample_59,0.0217682880643207,4933,3.69319914515372,Sample_100_GSE8894
SCIPAC,Negative,Neg_ctrl_Sample_60,0.125214905961352,4933,3.69319914515372,Sample_100_GSE8894
SCIPAC,Negative,Neg_ctrl_Sample_61,-0.0851019851971464,4933,3.69319914515372,Sample_100_GSE8894
SCIPAC,Negative,Neg_ctrl_Sample_62,0.117936438519755,4933,3.69319914515372,Sample_100_GSE8894
SCIPAC,Negative,Neg_ctrl_Sample_63,0.105661281716646,4933,3.69319914515372,Sample_100_GSE8894
SCIPAC,Negative,Neg_ctrl_Sample_64,-0.0276469445763857,4933,3.69319914515372,Sample_100_GSE8894
SCIPAC,Negative,Neg_ctrl_Sample_65,-0.115615776319101,4933,3.69319914515372,Sample_100_GSE8894
SCIPAC,Negative,Neg_ctrl_Sample_66,0.0133466453151796,4933,3.69319914515372,Sample_100_GSE8894
SCIPAC,Negative,Neg_ctrl_Sample_67,-0.0650648311914162,4933,3.69319914515372,Sample_100_GSE8894
SCIPAC,Negative,Neg_ctrl_Sample_68,0.0717452122231304,4933,3.69319914515372,Sample_100_GSE8894
SCIPAC,Negative,Neg_ctrl_Sample_69,-0.0643458203601592,4933,3.69319914515372,Sample_100_GSE8894
SCIPAC,Negative,Neg_ctrl_Sample_70,0.0778801231060182,4933,3.69319914515372,Sample_100_GSE8894
SCIPAC,Negative,Neg_ctrl_Sample_71,-0.000886773729355615,4933,3.69319914515372,Sample_100_GSE8894
SCIPAC,Negative,Neg_ctrl_Sample_72,0.0534260276259829,4933,3.69319914515372,Sample_100_GSE8894
SCIPAC,Negative,Neg_ctrl_Sample_73,-0.0590700766139236,4933,3.69319914515372,Sample_100_GSE8894
SCIPAC,Negative,Neg_ctrl_Sample_74,-0.00874847395938579,4933,3.69319914515372,Sample_100_GSE8894
SCIPAC,Negative,Neg_ctrl_Sample_75,-0.066499091508896,4933,3.69319914515372,Sample_100_GSE8894
SCIPAC,Negative,Neg_ctrl_Sample_76,-0.0163210540261001,4933,3.69319914515372,Sample_100_GSE8894
SCIPAC,Negative,Neg_ctrl_Sample_77,0.0280215411811574,4933,3.69319914515372,Sample_100_GSE8894
SCIPAC,Negative,Neg_ctrl_Sample_78,-0.096532090181615,4933,3.69319914515372,Sample_100_GSE8894
SCIPAC,Negative,Neg_ctrl_Sample_79,-0.116461139348369,4933,3.69319914515372,Sample_100_GSE8894
SCIPAC,Negative,Neg_ctrl_Sample_80,0.0737619516131142,4933,3.69319914515372,Sample_100_GSE8894
SCIPAC,Negative,Neg_ctrl_Sample_81,-0.0655501907234601,4933,3.69319914515372,Sample_100_GSE8894
SCIPAC,Negative,Neg_ctrl_Sample_82,0.127955767251619,4933,3.69319914515372,Sample_100_GSE8894
SCIPAC,Negative,Neg_ctrl_Sample_83,-0.156377618517307,4933,3.69319914515372,Sample_100_GSE8894
SCIPAC,Negative,Neg_ctrl_Sample_84,-0.133955560894814,4933,3.69319914515372,Sample_100_GSE8894
SCIPAC,Negative,Neg_ctrl_Sample_85,-0.0340875978223233,4933,3.69319914515372,Sample_100_GSE8894
SCIPAC,Negative,Neg_ctrl_Sample_86,0.124204476554292,4933,3.69319914515372,Sample_100_GSE8894
SCIPAC,Negative,Neg_ctrl_Sample_87,0.0742158793636853,4933,3.69319914515372,Sample_100_GSE8894
SCIPAC,Negative,Neg_ctrl_Sample_88,-0.0302275944729126,4933,3.69319914515372,Sample_100_GSE8894
SCIPAC,Negative,Neg_ctrl_Sample_89,-0.0626022829574681,4933,3.69319914515372,Sample_100_GSE8894
SCIPAC,Negative,Neg_ctrl_Sample_90,0.0181008140608482,4933,3.69319914515372,Sample_100_GSE8894
SCIPAC,Negative,Neg_ctrl_Sample_91,0.0276174658117501,4933,3.69319914515372,Sample_100_GSE8894
SCIPAC,Negative,Neg_ctrl_Sample_92,0.169681218767146,4933,3.69319914515372,Sample_100_GSE8894
SCIPAC,Negative,Neg_ctrl_Sample_93,0.0812513946841436,4933,3.69319914515372,Sample_100_GSE8894
SCIPAC,Negative,Neg_ctrl_Sample_94,0.0150532708936727,4933,3.69319914515372,Sample_100_GSE8894
SCIPAC,Negative,Neg_ctrl_Sample_95,0.0514567979284073,4933,3.69319914515372,Sample_100_GSE8894
SCIPAC,Negative,Neg_ctrl_Sample_96,-0.0385654780515674,4933,3.69319914515372,Sample_100_GSE8894
SCIPAC,Negative,Neg_ctrl_Sample_97,-0.0807375910889587,4933,3.69319914515372,Sample_100_GSE8894
SCIPAC,Negative,Neg_ctrl_Sample_98,-0.14009799723452,4933,3.69319914515372,Sample_100_GSE8894
SCIPAC,Negative,Neg_ctrl_Sample_99,0.0117433542363815,4933,3.69319914515372,Sample_100_GSE8894
SCIPAC,Negative,Neg_ctrl_Sample_100,-0.0761548523615522,4933,3.69319914515372,Sample_100_GSE8894
SCIPAC,Neutral,Neg_ctrl_Sample_1,0.0245487729908074,27301,4.43619446232094,Sample_100_GSE8894
SCIPAC,Neutral,Neg_ctrl_Sample_2,0.00138824403896945,27301,4.43619446232094,Sample_100_GSE8894
SCIPAC,Neutral,Neg_ctrl_Sample_3,-0.141828994156343,27301,4.43619446232094,Sample_100_GSE8894
SCIPAC,Neutral,Neg_ctrl_Sample_4,-0.0897287825129412,27301,4.43619446232094,Sample_100_GSE8894
SCIPAC,Neutral,Neg_ctrl_Sample_5,-0.166306972869121,27301,4.43619446232094,Sample_100_GSE8894
SCIPAC,Neutral,Neg_ctrl_Sample_6,0.066364623651557,27301,4.43619446232094,Sample_100_GSE8894
SCIPAC,Neutral,Neg_ctrl_Sample_7,0.0850717202562458,27301,4.43619446232094,Sample_100_GSE8894
SCIPAC,Neutral,Neg_ctrl_Sample_8,0.0665212304405358,27301,4.43619446232094,Sample_100_GSE8894
SCIPAC,Neutral,Neg_ctrl_Sample_9,-0.0870771395640516,27301,4.43619446232094,Sample_100_GSE8894
SCIPAC,Neutral,Neg_ctrl_Sample_10,0.117295699100238,27301,4.43619446232094,Sample_100_GSE8894
SCIPAC,Neutral,Neg_ctrl_Sample_11,-0.133571100231854,27301,4.43619446232094,Sample_100_GSE8894
SCIPAC,Neutral,Neg_ctrl_Sample_12,0.0449013441342968,27301,4.43619446232094,Sample_100_GSE8894
SCIPAC,Neutral,Neg_ctrl_Sample_13,0.0716357663036159,27301,4.43619446232094,Sample_100_GSE8894
SCIPAC,Neutral,Neg_ctrl_Sample_14,0.257552595780807,27301,4.43619446232094,Sample_100_GSE8894
SCIPAC,Neutral,Neg_ctrl_Sample_15,0.050851689040443,27301,4.43619446232094,Sample_100_GSE8894
SCIPAC,Neutral,Neg_ctrl_Sample_16,-0.0372597707419348,27301,4.43619446232094,Sample_100_GSE8894
SCIPAC,Neutral,Neg_ctrl_Sample_17,0.0230623553622984,27301,4.43619446232094,Sample_100_GSE8894
SCIPAC,Neutral,Neg_ctrl_Sample_18,0.0265480071601889,27301,4.43619446232094,Sample_100_GSE8894
SCIPAC,Neutral,Neg_ctrl_Sample_19,0.078966614451177,27301,4.43619446232094,Sample_100_GSE8894
SCIPAC,Neutral,Neg_ctrl_Sample_20,-0.0441442068448509,27301,4.43619446232094,Sample_100_GSE8894
SCIPAC,Neutral,Neg_ctrl_Sample_21,0.0961080218680989,27301,4.43619446232094,Sample_100_GSE8894
SCIPAC,Neutral,Neg_ctrl_Sample_22,0.128607011165692,27301,4.43619446232094,Sample_100_GSE8894
SCIPAC,Neutral,Neg_ctrl_Sample_23,-0.015660660312212,27301,4.43619446232094,Sample_100_GSE8894
SCIPAC,Neutral,Neg_ctrl_Sample_24,0.0599207012195171,27301,4.43619446232094,Sample_100_GSE8894
SCIPAC,Neutral,Neg_ctrl_Sample_25,0.207297504953468,27301,4.43619446232094,Sample_100_GSE8894
SCIPAC,Neutral,Neg_ctrl_Sample_26,0.116548326618177,27301,4.43619446232094,Sample_100_GSE8894
SCIPAC,Neutral,Neg_ctrl_Sample_27,-0.070918467399978,27301,4.43619446232094,Sample_100_GSE8894
SCIPAC,Neutral,Neg_ctrl_Sample_28,0.0701281936233578,27301,4.43619446232094,Sample_100_GSE8894
SCIPAC,Neutral,Neg_ctrl_Sample_29,0.0886725411434962,27301,4.43619446232094,Sample_100_GSE8894
SCIPAC,Neutral,Neg_ctrl_Sample_30,0.00422813512065913,27301,4.43619446232094,Sample_100_GSE8894
SCIPAC,Neutral,Neg_ctrl_Sample_31,0.109062527496437,27301,4.43619446232094,Sample_100_GSE8894
SCIPAC,Neutral,Neg_ctrl_Sample_32,-0.027131633684843,27301,4.43619446232094,Sample_100_GSE8894
SCIPAC,Neutral,Neg_ctrl_Sample_33,-0.09312236972409,27301,4.43619446232094,Sample_100_GSE8894
SCIPAC,Neutral,Neg_ctrl_Sample_34,-0.148520949849936,27301,4.43619446232094,Sample_100_GSE8894
SCIPAC,Neutral,Neg_ctrl_Sample_35,0.0947501651505887,27301,4.43619446232094,Sample_100_GSE8894
SCIPAC,Neutral,Neg_ctrl_Sample_36,0.0509099363824893,27301,4.43619446232094,Sample_100_GSE8894
SCIPAC,Neutral,Neg_ctrl_Sample_37,0.078118827789537,27301,4.43619446232094,Sample_100_GSE8894
SCIPAC,Neutral,Neg_ctrl_Sample_38,0.00668497755648131,27301,4.43619446232094,Sample_100_GSE8894
SCIPAC,Neutral,Neg_ctrl_Sample_39,0.042518363283077,27301,4.43619446232094,Sample_100_GSE8894
SCIPAC,Neutral,Neg_ctrl_Sample_40,-0.11815476561374,27301,4.43619446232094,Sample_100_GSE8894
SCIPAC,Neutral,Neg_ctrl_Sample_41,-0.026343353075791,27301,4.43619446232094,Sample_100_GSE8894
SCIPAC,Neutral,Neg_ctrl_Sample_42,-0.0340802955817619,27301,4.43619446232094,Sample_100_GSE8894
SCIPAC,Neutral,Neg_ctrl_Sample_43,0.0785433253936392,27301,4.43619446232094,Sample_100_GSE8894
SCIPAC,Neutral,Neg_ctrl_Sample_44,0.0665986396121012,27301,4.43619446232094,Sample_100_GSE8894
SCIPAC,Neutral,Neg_ctrl_Sample_45,-0.0430079061882347,27301,4.43619446232094,Sample_100_GSE8894
SCIPAC,Neutral,Neg_ctrl_Sample_46,0.0398693780457646,27301,4.43619446232094,Sample_100_GSE8894
SCIPAC,Neutral,Neg_ctrl_Sample_47,0.0494285568870434,27301,4.43619446232094,Sample_100_GSE8894
SCIPAC,Neutral,Neg_ctrl_Sample_48,0.108046186604683,27301,4.43619446232094,Sample_100_GSE8894
SCIPAC,Neutral,Neg_ctrl_Sample_49,-0.0495192595267297,27301,4.43619446232094,Sample_100_GSE8894
SCIPAC,Neutral,Neg_ctrl_Sample_50,-0.0150931892249296,27301,4.43619446232094,Sample_100_GSE8894
SCIPAC,Neutral,Neg_ctrl_Sample_51,-0.144363191788663,27301,4.43619446232094,Sample_100_GSE8894
SCIPAC,Neutral,Neg_ctrl_Sample_52,-0.0400406800057551,27301,4.43619446232094,Sample_100_GSE8894
SCIPAC,Neutral,Neg_ctrl_Sample_53,0.043005860065775,27301,4.43619446232094,Sample_100_GSE8894
SCIPAC,Neutral,Neg_ctrl_Sample_54,-0.045800821889044,27301,4.43619446232094,Sample_100_GSE8894
SCIPAC,Neutral,Neg_ctrl_Sample_55,0.082511187191051,27301,4.43619446232094,Sample_100_GSE8894
SCIPAC,Neutral,Neg_ctrl_Sample_56,0.0942985090950618,27301,4.43619446232094,Sample_100_GSE8894
SCIPAC,Neutral,Neg_ctrl_Sample_57,0.0880946819442028,27301,4.43619446232094,Sample_100_GSE8894
SCIPAC,Neutral,Neg_ctrl_Sample_58,-0.019613249944966,27301,4.43619446232094,Sample_100_GSE8894
SCIPAC,Neutral,Neg_ctrl_Sample_59,0.0125770467879289,27301,4.43619446232094,Sample_100_GSE8894
SCIPAC,Neutral,Neg_ctrl_Sample_60,0.138729161596385,27301,4.43619446232094,Sample_100_GSE8894
SCIPAC,Neutral,Neg_ctrl_Sample_61,-0.0534456979453936,27301,4.43619446232094,Sample_100_GSE8894
SCIPAC,Neutral,Neg_ctrl_Sample_62,0.11979309255184,27301,4.43619446232094,Sample_100_GSE8894
SCIPAC,Neutral,Neg_ctrl_Sample_63,0.110313114411878,27301,4.43619446232094,Sample_100_GSE8894
SCIPAC,Neutral,Neg_ctrl_Sample_64,-0.0123995084057688,27301,4.43619446232094,Sample_100_GSE8894
SCIPAC,Neutral,Neg_ctrl_Sample_65,-0.0825251442558562,27301,4.43619446232094,Sample_100_GSE8894
SCIPAC,Neutral,Neg_ctrl_Sample_66,0.016505002277036,27301,4.43619446232094,Sample_100_GSE8894
SCIPAC,Neutral,Neg_ctrl_Sample_67,-0.0529768160602284,27301,4.43619446232094,Sample_100_GSE8894
SCIPAC,Neutral,Neg_ctrl_Sample_68,0.0956444978562846,27301,4.43619446232094,Sample_100_GSE8894
SCIPAC,Neutral,Neg_ctrl_Sample_69,-0.0334258591718042,27301,4.43619446232094,Sample_100_GSE8894
SCIPAC,Neutral,Neg_ctrl_Sample_70,0.0831249152025794,27301,4.43619446232094,Sample_100_GSE8894
SCIPAC,Neutral,Neg_ctrl_Sample_71,-0.00846824559603514,27301,4.43619446232094,Sample_100_GSE8894
SCIPAC,Neutral,Neg_ctrl_Sample_72,0.0713774485289116,27301,4.43619446232094,Sample_100_GSE8894
SCIPAC,Neutral,Neg_ctrl_Sample_73,-0.0621533672748705,27301,4.43619446232094,Sample_100_GSE8894
SCIPAC,Neutral,Neg_ctrl_Sample_74,0.00563981495923848,27301,4.43619446232094,Sample_100_GSE8894
SCIPAC,Neutral,Neg_ctrl_Sample_75,-0.0440631772245687,27301,4.43619446232094,Sample_100_GSE8894
SCIPAC,Neutral,Neg_ctrl_Sample_76,-0.0211113706686995,27301,4.43619446232094,Sample_100_GSE8894
SCIPAC,Neutral,Neg_ctrl_Sample_77,0.0367748248928795,27301,4.43619446232094,Sample_100_GSE8894
SCIPAC,Neutral,Neg_ctrl_Sample_78,-0.0764083035728817,27301,4.43619446232094,Sample_100_GSE8894
SCIPAC,Neutral,Neg_ctrl_Sample_79,-0.123743548703355,27301,4.43619446232094,Sample_100_GSE8894
SCIPAC,Neutral,Neg_ctrl_Sample_80,0.0901878067197553,27301,4.43619446232094,Sample_100_GSE8894
SCIPAC,Neutral,Neg_ctrl_Sample_81,-0.0660813538581914,27301,4.43619446232094,Sample_100_GSE8894
SCIPAC,Neutral,Neg_ctrl_Sample_82,0.128357662541092,27301,4.43619446232094,Sample_100_GSE8894
SCIPAC,Neutral,Neg_ctrl_Sample_83,-0.114635749465428,27301,4.43619446232094,Sample_100_GSE8894
SCIPAC,Neutral,Neg_ctrl_Sample_84,-0.131704264906294,27301,4.43619446232094,Sample_100_GSE8894
SCIPAC,Neutral,Neg_ctrl_Sample_85,-0.00923145321630474,27301,4.43619446232094,Sample_100_GSE8894
SCIPAC,Neutral,Neg_ctrl_Sample_86,0.121901516165825,27301,4.43619446232094,Sample_100_GSE8894
SCIPAC,Neutral,Neg_ctrl_Sample_87,0.0734434405987843,27301,4.43619446232094,Sample_100_GSE8894
SCIPAC,Neutral,Neg_ctrl_Sample_88,-0.0392385018900337,27301,4.43619446232094,Sample_100_GSE8894
SCIPAC,Neutral,Neg_ctrl_Sample_89,-0.0506374938666045,27301,4.43619446232094,Sample_100_GSE8894
SCIPAC,Neutral,Neg_ctrl_Sample_90,0.0370828754388829,27301,4.43619446232094,Sample_100_GSE8894
SCIPAC,Neutral,Neg_ctrl_Sample_91,0.0210452112910375,27301,4.43619446232094,Sample_100_GSE8894
SCIPAC,Neutral,Neg_ctrl_Sample_92,0.179259004436009,27301,4.43619446232094,Sample_100_GSE8894
SCIPAC,Neutral,Neg_ctrl_Sample_93,0.0848085735926071,27301,4.43619446232094,Sample_100_GSE8894
SCIPAC,Neutral,Neg_ctrl_Sample_94,0.0234775600852391,27301,4.43619446232094,Sample_100_GSE8894
SCIPAC,Neutral,Neg_ctrl_Sample_95,0.0406409222970899,27301,4.43619446232094,Sample_100_GSE8894
SCIPAC,Neutral,Neg_ctrl_Sample_96,-0.0148281525094457,27301,4.43619446232094,Sample_100_GSE8894
SCIPAC,Neutral,Neg_ctrl_Sample_97,-0.027904746537151,27301,4.43619446232094,Sample_100_GSE8894
SCIPAC,Neutral,Neg_ctrl_Sample_98,-0.123258270250807,27301,4.43619446232094,Sample_100_GSE8894
SCIPAC,Neutral,Neg_ctrl_Sample_99,0.0546416151677301,27301,4.43619446232094,Sample_100_GSE8894
SCIPAC,Neutral,Neg_ctrl_Sample_100,-0.0851431059671687,27301,4.43619446232094,Sample_100_GSE8894
scPAS,Negative,Neg_ctrl_Sample_1,0.0286897286356813,21,1.34242268082221,Sample_100_GSE8894
scPAS,Negative,Neg_ctrl_Sample_2,-0.0352644607683177,21,1.34242268082221,Sample_100_GSE8894
scPAS,Negative,Neg_ctrl_Sample_3,-0.160866665407481,21,1.34242268082221,Sample_100_GSE8894
scPAS,Negative,Neg_ctrl_Sample_4,-0.0918169414933898,21,1.34242268082221,Sample_100_GSE8894
scPAS,Negative,Neg_ctrl_Sample_5,-0.161611071810456,21,1.34242268082221,Sample_100_GSE8894
scPAS,Negative,Neg_ctrl_Sample_6,0.0862123892518897,21,1.34242268082221,Sample_100_GSE8894
scPAS,Negative,Neg_ctrl_Sample_7,0.0794259818251377,21,1.34242268082221,Sample_100_GSE8894
scPAS,Negative,Neg_ctrl_Sample_8,0.0611969070725074,21,1.34242268082221,Sample_100_GSE8894
scPAS,Negative,Neg_ctrl_Sample_9,-0.165128614533116,21,1.34242268082221,Sample_100_GSE8894
scPAS,Negative,Neg_ctrl_Sample_10,0.095844386276362,21,1.34242268082221,Sample_100_GSE8894
scPAS,Negative,Neg_ctrl_Sample_11,-0.196241504161813,21,1.34242268082221,Sample_100_GSE8894
scPAS,Negative,Neg_ctrl_Sample_12,0.0594716735177923,21,1.34242268082221,Sample_100_GSE8894
scPAS,Negative,Neg_ctrl_Sample_13,0.0159071026524982,21,1.34242268082221,Sample_100_GSE8894
scPAS,Negative,Neg_ctrl_Sample_14,0.207911971742584,21,1.34242268082221,Sample_100_GSE8894
scPAS,Negative,Neg_ctrl_Sample_15,0.0680201076515139,21,1.34242268082221,Sample_100_GSE8894
scPAS,Negative,Neg_ctrl_Sample_16,-0.107394898274301,21,1.34242268082221,Sample_100_GSE8894
scPAS,Negative,Neg_ctrl_Sample_17,-0.0043196026197587,21,1.34242268082221,Sample_100_GSE8894
scPAS,Negative,Neg_ctrl_Sample_18,-0.0121103483286207,21,1.34242268082221,Sample_100_GSE8894
scPAS,Negative,Neg_ctrl_Sample_19,0.0505615370114468,21,1.34242268082221,Sample_100_GSE8894
scPAS,Negative,Neg_ctrl_Sample_20,-0.0720518534444069,21,1.34242268082221,Sample_100_GSE8894
scPAS,Negative,Neg_ctrl_Sample_21,0.131438670598625,21,1.34242268082221,Sample_100_GSE8894
scPAS,Negative,Neg_ctrl_Sample_22,0.126977671038692,21,1.34242268082221,Sample_100_GSE8894
scPAS,Negative,Neg_ctrl_Sample_23,-0.0371852762416546,21,1.34242268082221,Sample_100_GSE8894
scPAS,Negative,Neg_ctrl_Sample_24,0.0692197070339456,21,1.34242268082221,Sample_100_GSE8894
scPAS,Negative,Neg_ctrl_Sample_25,0.199154101447323,21,1.34242268082221,Sample_100_GSE8894
scPAS,Negative,Neg_ctrl_Sample_26,0.123493905335171,21,1.34242268082221,Sample_100_GSE8894
scPAS,Negative,Neg_ctrl_Sample_27,-0.107444412168441,21,1.34242268082221,Sample_100_GSE8894
scPAS,Negative,Neg_ctrl_Sample_28,0.0132734626850419,21,1.34242268082221,Sample_100_GSE8894
scPAS,Negative,Neg_ctrl_Sample_29,0.0941318306759073,21,1.34242268082221,Sample_100_GSE8894
scPAS,Negative,Neg_ctrl_Sample_30,-0.0198841755921029,21,1.34242268082221,Sample_100_GSE8894
scPAS,Negative,Neg_ctrl_Sample_31,0.086289102848374,21,1.34242268082221,Sample_100_GSE8894
scPAS,Negative,Neg_ctrl_Sample_32,-0.0548466401307043,21,1.34242268082221,Sample_100_GSE8894
scPAS,Negative,Neg_ctrl_Sample_33,-0.114255925514234,21,1.34242268082221,Sample_100_GSE8894
scPAS,Negative,Neg_ctrl_Sample_34,-0.17477224483323,21,1.34242268082221,Sample_100_GSE8894
scPAS,Negative,Neg_ctrl_Sample_35,0.0796631423386307,21,1.34242268082221,Sample_100_GSE8894
scPAS,Negative,Neg_ctrl_Sample_36,0.0968159577997915,21,1.34242268082221,Sample_100_GSE8894
scPAS,Negative,Neg_ctrl_Sample_37,0.0293723551707606,21,1.34242268082221,Sample_100_GSE8894
scPAS,Negative,Neg_ctrl_Sample_38,0.0113381202576116,21,1.34242268082221,Sample_100_GSE8894
scPAS,Negative,Neg_ctrl_Sample_39,-0.00186778661986577,21,1.34242268082221,Sample_100_GSE8894
scPAS,Negative,Neg_ctrl_Sample_40,-0.140151259444838,21,1.34242268082221,Sample_100_GSE8894
scPAS,Negative,Neg_ctrl_Sample_41,-0.0150508729658318,21,1.34242268082221,Sample_100_GSE8894
scPAS,Negative,Neg_ctrl_Sample_42,-0.0604995085062845,21,1.34242268082221,Sample_100_GSE8894
scPAS,Negative,Neg_ctrl_Sample_43,0.08010879646658,21,1.34242268082221,Sample_100_GSE8894
scPAS,Negative,Neg_ctrl_Sample_44,0.0296843464894482,21,1.34242268082221,Sample_100_GSE8894
scPAS,Negative,Neg_ctrl_Sample_45,-0.0527033180498853,21,1.34242268082221,Sample_100_GSE8894
scPAS,Negative,Neg_ctrl_Sample_46,0.00850642898598763,21,1.34242268082221,Sample_100_GSE8894
scPAS,Negative,Neg_ctrl_Sample_47,0.0312201185545614,21,1.34242268082221,Sample_100_GSE8894
scPAS,Negative,Neg_ctrl_Sample_48,0.135172566334521,21,1.34242268082221,Sample_100_GSE8894
scPAS,Negative,Neg_ctrl_Sample_49,-0.0802419932605127,21,1.34242268082221,Sample_100_GSE8894
scPAS,Negative,Neg_ctrl_Sample_50,-0.0573042916507675,21,1.34242268082221,Sample_100_GSE8894
scPAS,Negative,Neg_ctrl_Sample_51,-0.101878119266295,21,1.34242268082221,Sample_100_GSE8894
scPAS,Negative,Neg_ctrl_Sample_52,0.0216554207781615,21,1.34242268082221,Sample_100_GSE8894
scPAS,Negative,Neg_ctrl_Sample_53,-0.0176336410978375,21,1.34242268082221,Sample_100_GSE8894
scPAS,Negative,Neg_ctrl_Sample_54,-0.0542294391092921,21,1.34242268082221,Sample_100_GSE8894
scPAS,Negative,Neg_ctrl_Sample_55,0.0797603942941536,21,1.34242268082221,Sample_100_GSE8894
scPAS,Negative,Neg_ctrl_Sample_56,0.110838540362698,21,1.34242268082221,Sample_100_GSE8894
scPAS,Negative,Neg_ctrl_Sample_57,0.0604150325950266,21,1.34242268082221,Sample_100_GSE8894
scPAS,Negative,Neg_ctrl_Sample_58,-0.0213934395742272,21,1.34242268082221,Sample_100_GSE8894
scPAS,Negative,Neg_ctrl_Sample_59,0.00215823963142869,21,1.34242268082221,Sample_100_GSE8894
scPAS,Negative,Neg_ctrl_Sample_60,0.104042111586855,21,1.34242268082221,Sample_100_GSE8894
scPAS,Negative,Neg_ctrl_Sample_61,-0.098903425762244,21,1.34242268082221,Sample_100_GSE8894
scPAS,Negative,Neg_ctrl_Sample_62,0.116026333079493,21,1.34242268082221,Sample_100_GSE8894
scPAS,Negative,Neg_ctrl_Sample_63,0.10027808544636,21,1.34242268082221,Sample_100_GSE8894
scPAS,Negative,Neg_ctrl_Sample_64,0.0623942305253144,21,1.34242268082221,Sample_100_GSE8894
scPAS,Negative,Neg_ctrl_Sample_65,-0.13820118558284,21,1.34242268082221,Sample_100_GSE8894
scPAS,Negative,Neg_ctrl_Sample_66,0.0145686807465704,21,1.34242268082221,Sample_100_GSE8894
scPAS,Negative,Neg_ctrl_Sample_67,-0.071935026710824,21,1.34242268082221,Sample_100_GSE8894
scPAS,Negative,Neg_ctrl_Sample_68,0.0510303353641939,21,1.34242268082221,Sample_100_GSE8894
scPAS,Negative,Neg_ctrl_Sample_69,-0.0537704404991245,21,1.34242268082221,Sample_100_GSE8894
scPAS,Negative,Neg_ctrl_Sample_70,0.0687057876777749,21,1.34242268082221,Sample_100_GSE8894
scPAS,Negative,Neg_ctrl_Sample_71,-0.0161599560364411,21,1.34242268082221,Sample_100_GSE8894
scPAS,Negative,Neg_ctrl_Sample_72,0.0493159759765474,21,1.34242268082221,Sample_100_GSE8894
scPAS,Negative,Neg_ctrl_Sample_73,-0.0570162269967162,21,1.34242268082221,Sample_100_GSE8894
scPAS,Negative,Neg_ctrl_Sample_74,0.00445046122399228,21,1.34242268082221,Sample_100_GSE8894
scPAS,Negative,Neg_ctrl_Sample_75,-0.045696123804821,21,1.34242268082221,Sample_100_GSE8894
scPAS,Negative,Neg_ctrl_Sample_76,-0.0361491093773382,21,1.34242268082221,Sample_100_GSE8894
scPAS,Negative,Neg_ctrl_Sample_77,0.0281928496384738,21,1.34242268082221,Sample_100_GSE8894
scPAS,Negative,Neg_ctrl_Sample_78,-0.140180459852159,21,1.34242268082221,Sample_100_GSE8894
scPAS,Negative,Neg_ctrl_Sample_79,-0.135049739490364,21,1.34242268082221,Sample_100_GSE8894
scPAS,Negative,Neg_ctrl_Sample_80,0.0471495321237076,21,1.34242268082221,Sample_100_GSE8894
scPAS,Negative,Neg_ctrl_Sample_81,-0.081368592185578,21,1.34242268082221,Sample_100_GSE8894
scPAS,Negative,Neg_ctrl_Sample_82,0.156289130506645,21,1.34242268082221,Sample_100_GSE8894
scPAS,Negative,Neg_ctrl_Sample_83,-0.136287765527271,21,1.34242268082221,Sample_100_GSE8894
scPAS,Negative,Neg_ctrl_Sample_84,-0.132148124696404,21,1.34242268082221,Sample_100_GSE8894
scPAS,Negative,Neg_ctrl_Sample_85,-0.0258842097933371,21,1.34242268082221,Sample_100_GSE8894
scPAS,Negative,Neg_ctrl_Sample_86,0.15614507031826,21,1.34242268082221,Sample_100_GSE8894
scPAS,Negative,Neg_ctrl_Sample_87,0.0640481301227643,21,1.34242268082221,Sample_100_GSE8894
scPAS,Negative,Neg_ctrl_Sample_88,-0.0280857418571962,21,1.34242268082221,Sample_100_GSE8894
scPAS,Negative,Neg_ctrl_Sample_89,-0.0785827665286606,21,1.34242268082221,Sample_100_GSE8894
scPAS,Negative,Neg_ctrl_Sample_90,0.0124759331905251,21,1.34242268082221,Sample_100_GSE8894
scPAS,Negative,Neg_ctrl_Sample_91,0.0271275223970906,21,1.34242268082221,Sample_100_GSE8894
scPAS,Negative,Neg_ctrl_Sample_92,0.182552174996728,21,1.34242268082221,Sample_100_GSE8894
scPAS,Negative,Neg_ctrl_Sample_93,0.095933709697754,21,1.34242268082221,Sample_100_GSE8894
scPAS,Negative,Neg_ctrl_Sample_94,0.044088438427341,21,1.34242268082221,Sample_100_GSE8894
scPAS,Negative,Neg_ctrl_Sample_95,0.0449530333518051,21,1.34242268082221,Sample_100_GSE8894
scPAS,Negative,Neg_ctrl_Sample_96,-0.0436448045910749,21,1.34242268082221,Sample_100_GSE8894
scPAS,Negative,Neg_ctrl_Sample_97,-0.0785350704000677,21,1.34242268082221,Sample_100_GSE8894
scPAS,Negative,Neg_ctrl_Sample_98,-0.14538802605302,21,1.34242268082221,Sample_100_GSE8894
scPAS,Negative,Neg_ctrl_Sample_99,0.0174896672618242,21,1.34242268082221,Sample_100_GSE8894
scPAS,Negative,Neg_ctrl_Sample_100,-0.102132218425295,21,1.34242268082221,Sample_100_GSE8894
scPAS,Neutral,Neg_ctrl_Sample_1,0.0272186436709737,31722,4.50137425121296,Sample_100_GSE8894
scPAS,Neutral,Neg_ctrl_Sample_2,-0.00272815564402476,31722,4.50137425121296,Sample_100_GSE8894
scPAS,Neutral,Neg_ctrl_Sample_3,-0.144665972817158,31722,4.50137425121296,Sample_100_GSE8894
scPAS,Neutral,Neg_ctrl_Sample_4,-0.091842664541994,31722,4.50137425121296,Sample_100_GSE8894
scPAS,Neutral,Neg_ctrl_Sample_5,-0.167133914765184,31722,4.50137425121296,Sample_100_GSE8894
scPAS,Neutral,Neg_ctrl_Sample_6,0.0679783178099641,31722,4.50137425121296,Sample_100_GSE8894
scPAS,Neutral,Neg_ctrl_Sample_7,0.0842901670910646,31722,4.50137425121296,Sample_100_GSE8894
scPAS,Neutral,Neg_ctrl_Sample_8,0.0644899316691998,31722,4.50137425121296,Sample_100_GSE8894
scPAS,Neutral,Neg_ctrl_Sample_9,-0.0939153816872354,31722,4.50137425121296,Sample_100_GSE8894
scPAS,Neutral,Neg_ctrl_Sample_10,0.118061166555405,31722,4.50137425121296,Sample_100_GSE8894
scPAS,Neutral,Neg_ctrl_Sample_11,-0.140367157590077,31722,4.50137425121296,Sample_100_GSE8894
scPAS,Neutral,Neg_ctrl_Sample_12,0.0467077942272904,31722,4.50137425121296,Sample_100_GSE8894
scPAS,Neutral,Neg_ctrl_Sample_13,0.0667834785409183,31722,4.50137425121296,Sample_100_GSE8894
scPAS,Neutral,Neg_ctrl_Sample_14,0.2531213863584,31722,4.50137425121296,Sample_100_GSE8894
scPAS,Neutral,Neg_ctrl_Sample_15,0.0535097843442099,31722,4.50137425121296,Sample_100_GSE8894
scPAS,Neutral,Neg_ctrl_Sample_16,-0.0441804129071786,31722,4.50137425121296,Sample_100_GSE8894
scPAS,Neutral,Neg_ctrl_Sample_17,0.0216108816250791,31722,4.50137425121296,Sample_100_GSE8894
scPAS,Neutral,Neg_ctrl_Sample_18,0.0194942023212602,31722,4.50137425121296,Sample_100_GSE8894
scPAS,Neutral,Neg_ctrl_Sample_19,0.078642247348052,31722,4.50137425121296,Sample_100_GSE8894
scPAS,Neutral,Neg_ctrl_Sample_20,-0.0503001387067879,31722,4.50137425121296,Sample_100_GSE8894
scPAS,Neutral,Neg_ctrl_Sample_21,0.097047687702161,31722,4.50137425121296,Sample_100_GSE8894
scPAS,Neutral,Neg_ctrl_Sample_22,0.131276340734149,31722,4.50137425121296,Sample_100_GSE8894
scPAS,Neutral,Neg_ctrl_Sample_23,-0.0184128153269958,31722,4.50137425121296,Sample_100_GSE8894
scPAS,Neutral,Neg_ctrl_Sample_24,0.0583588315640429,31722,4.50137425121296,Sample_100_GSE8894
scPAS,Neutral,Neg_ctrl_Sample_25,0.20915190580342,31722,4.50137425121296,Sample_100_GSE8894
scPAS,Neutral,Neg_ctrl_Sample_26,0.118033674303041,31722,4.50137425121296,Sample_100_GSE8894
scPAS,Neutral,Neg_ctrl_Sample_27,-0.0732281402805274,31722,4.50137425121296,Sample_100_GSE8894
scPAS,Neutral,Neg_ctrl_Sample_28,0.0696253076055016,31722,4.50137425121296,Sample_100_GSE8894
scPAS,Neutral,Neg_ctrl_Sample_29,0.0925228325107568,31722,4.50137425121296,Sample_100_GSE8894
scPAS,Neutral,Neg_ctrl_Sample_30,0.0032052813793374,31722,4.50137425121296,Sample_100_GSE8894
scPAS,Neutral,Neg_ctrl_Sample_31,0.103290597170837,31722,4.50137425121296,Sample_100_GSE8894
scPAS,Neutral,Neg_ctrl_Sample_32,-0.0283802801219532,31722,4.50137425121296,Sample_100_GSE8894
scPAS,Neutral,Neg_ctrl_Sample_33,-0.0950782198437767,31722,4.50137425121296,Sample_100_GSE8894
scPAS,Neutral,Neg_ctrl_Sample_34,-0.150884025847361,31722,4.50137425121296,Sample_100_GSE8894
scPAS,Neutral,Neg_ctrl_Sample_35,0.0945212241487584,31722,4.50137425121296,Sample_100_GSE8894
scPAS,Neutral,Neg_ctrl_Sample_36,0.0459608884056024,31722,4.50137425121296,Sample_100_GSE8894
scPAS,Neutral,Neg_ctrl_Sample_37,0.072289255432698,31722,4.50137425121296,Sample_100_GSE8894
scPAS,Neutral,Neg_ctrl_Sample_38,0.00506777200916683,31722,4.50137425121296,Sample_100_GSE8894
scPAS,Neutral,Neg_ctrl_Sample_39,0.0358515203475331,31722,4.50137425121296,Sample_100_GSE8894
scPAS,Neutral,Neg_ctrl_Sample_40,-0.124859136412046,31722,4.50137425121296,Sample_100_GSE8894
scPAS,Neutral,Neg_ctrl_Sample_41,-0.0278147562923134,31722,4.50137425121296,Sample_100_GSE8894
scPAS,Neutral,Neg_ctrl_Sample_42,-0.0323620611774842,31722,4.50137425121296,Sample_100_GSE8894
scPAS,Neutral,Neg_ctrl_Sample_43,0.0819545773702765,31722,4.50137425121296,Sample_100_GSE8894
scPAS,Neutral,Neg_ctrl_Sample_44,0.0643114399825279,31722,4.50137425121296,Sample_100_GSE8894
scPAS,Neutral,Neg_ctrl_Sample_45,-0.0465979017420377,31722,4.50137425121296,Sample_100_GSE8894
scPAS,Neutral,Neg_ctrl_Sample_46,0.03832676484656,31722,4.50137425121296,Sample_100_GSE8894
scPAS,Neutral,Neg_ctrl_Sample_47,0.0500395335568443,31722,4.50137425121296,Sample_100_GSE8894
scPAS,Neutral,Neg_ctrl_Sample_48,0.11088922667167,31722,4.50137425121296,Sample_100_GSE8894
scPAS,Neutral,Neg_ctrl_Sample_49,-0.0526870595984278,31722,4.50137425121296,Sample_100_GSE8894
scPAS,Neutral,Neg_ctrl_Sample_50,-0.0177466328015758,31722,4.50137425121296,Sample_100_GSE8894
scPAS,Neutral,Neg_ctrl_Sample_51,-0.146248650254487,31722,4.50137425121296,Sample_100_GSE8894
scPAS,Neutral,Neg_ctrl_Sample_52,-0.0397579856792108,31722,4.50137425121296,Sample_100_GSE8894
scPAS,Neutral,Neg_ctrl_Sample_53,0.0351810091330556,31722,4.50137425121296,Sample_100_GSE8894
scPAS,Neutral,Neg_ctrl_Sample_54,-0.0482444802638413,31722,4.50137425121296,Sample_100_GSE8894
scPAS,Neutral,Neg_ctrl_Sample_55,0.0822063396296789,31722,4.50137425121296,Sample_100_GSE8894
scPAS,Neutral,Neg_ctrl_Sample_56,0.0981206942417561,31722,4.50137425121296,Sample_100_GSE8894
scPAS,Neutral,Neg_ctrl_Sample_57,0.0907089258481446,31722,4.50137425121296,Sample_100_GSE8894
scPAS,Neutral,Neg_ctrl_Sample_58,-0.0176929792877863,31722,4.50137425121296,Sample_100_GSE8894
scPAS,Neutral,Neg_ctrl_Sample_59,0.014004500154559,31722,4.50137425121296,Sample_100_GSE8894
scPAS,Neutral,Neg_ctrl_Sample_60,0.136499227346662,31722,4.50137425121296,Sample_100_GSE8894
scPAS,Neutral,Neg_ctrl_Sample_61,-0.0585039829144826,31722,4.50137425121296,Sample_100_GSE8894
scPAS,Neutral,Neg_ctrl_Sample_62,0.119585327145359,31722,4.50137425121296,Sample_100_GSE8894
scPAS,Neutral,Neg_ctrl_Sample_63,0.109362048270551,31722,4.50137425121296,Sample_100_GSE8894
scPAS,Neutral,Neg_ctrl_Sample_64,-0.0144667786553791,31722,4.50137425121296,Sample_100_GSE8894
scPAS,Neutral,Neg_ctrl_Sample_65,-0.0875719384659249,31722,4.50137425121296,Sample_100_GSE8894
scPAS,Neutral,Neg_ctrl_Sample_66,0.0158759969200631,31722,4.50137425121296,Sample_100_GSE8894
scPAS,Neutral,Neg_ctrl_Sample_67,-0.0550172405035501,31722,4.50137425121296,Sample_100_GSE8894
scPAS,Neutral,Neg_ctrl_Sample_68,0.0916409856439842,31722,4.50137425121296,Sample_100_GSE8894
scPAS,Neutral,Neg_ctrl_Sample_69,-0.0381669908601025,31722,4.50137425121296,Sample_100_GSE8894
scPAS,Neutral,Neg_ctrl_Sample_70,0.0822912300205691,31722,4.50137425121296,Sample_100_GSE8894
scPAS,Neutral,Neg_ctrl_Sample_71,-0.00727762278114151,31722,4.50137425121296,Sample_100_GSE8894
scPAS,Neutral,Neg_ctrl_Sample_72,0.0685662740381238,31722,4.50137425121296,Sample_100_GSE8894
scPAS,Neutral,Neg_ctrl_Sample_73,-0.0614852355931312,31722,4.50137425121296,Sample_100_GSE8894
scPAS,Neutral,Neg_ctrl_Sample_74,0.00345259414847247,31722,4.50137425121296,Sample_100_GSE8894
scPAS,Neutral,Neg_ctrl_Sample_75,-0.0477721123925839,31722,4.50137425121296,Sample_100_GSE8894
scPAS,Neutral,Neg_ctrl_Sample_76,-0.0203510938302047,31722,4.50137425121296,Sample_100_GSE8894
scPAS,Neutral,Neg_ctrl_Sample_77,0.0352549171622464,31722,4.50137425121296,Sample_100_GSE8894
scPAS,Neutral,Neg_ctrl_Sample_78,-0.0794774602909185,31722,4.50137425121296,Sample_100_GSE8894
scPAS,Neutral,Neg_ctrl_Sample_79,-0.122767858326143,31722,4.50137425121296,Sample_100_GSE8894
scPAS,Neutral,Neg_ctrl_Sample_80,0.0873556572223675,31722,4.50137425121296,Sample_100_GSE8894
scPAS,Neutral,Neg_ctrl_Sample_81,-0.0663308062878353,31722,4.50137425121296,Sample_100_GSE8894
scPAS,Neutral,Neg_ctrl_Sample_82,0.128589797892564,31722,4.50137425121296,Sample_100_GSE8894
scPAS,Neutral,Neg_ctrl_Sample_83,-0.121214990358462,31722,4.50137425121296,Sample_100_GSE8894
scPAS,Neutral,Neg_ctrl_Sample_84,-0.131994382024781,31722,4.50137425121296,Sample_100_GSE8894
scPAS,Neutral,Neg_ctrl_Sample_85,-0.0132246695646581,31722,4.50137425121296,Sample_100_GSE8894
scPAS,Neutral,Neg_ctrl_Sample_86,0.122389601945474,31722,4.50137425121296,Sample_100_GSE8894
scPAS,Neutral,Neg_ctrl_Sample_87,0.0735468235617239,31722,4.50137425121296,Sample_100_GSE8894
scPAS,Neutral,Neg_ctrl_Sample_88,-0.0380618319405646,31722,4.50137425121296,Sample_100_GSE8894
scPAS,Neutral,Neg_ctrl_Sample_89,-0.0526527530135568,31722,4.50137425121296,Sample_100_GSE8894
scPAS,Neutral,Neg_ctrl_Sample_90,0.034157686872654,31722,4.50137425121296,Sample_100_GSE8894
scPAS,Neutral,Neg_ctrl_Sample_91,0.0221112528470339,31722,4.50137425121296,Sample_100_GSE8894
scPAS,Neutral,Neg_ctrl_Sample_92,0.178000363952251,31722,4.50137425121296,Sample_100_GSE8894
scPAS,Neutral,Neg_ctrl_Sample_93,0.0840581387668827,31722,4.50137425121296,Sample_100_GSE8894
scPAS,Neutral,Neg_ctrl_Sample_94,0.0225253162099603,31722,4.50137425121296,Sample_100_GSE8894
scPAS,Neutral,Neg_ctrl_Sample_95,0.0424509096892314,31722,4.50137425121296,Sample_100_GSE8894
scPAS,Neutral,Neg_ctrl_Sample_96,-0.0189043847851858,31722,4.50137425121296,Sample_100_GSE8894
scPAS,Neutral,Neg_ctrl_Sample_97,-0.0363456804009433,31722,4.50137425121296,Sample_100_GSE8894
scPAS,Neutral,Neg_ctrl_Sample_98,-0.12649491311224,31722,4.50137425121296,Sample_100_GSE8894
scPAS,Neutral,Neg_ctrl_Sample_99,0.0480468904070689,31722,4.50137425121296,Sample_100_GSE8894
scPAS,Neutral,Neg_ctrl_Sample_100,-0.0841161032521795,31722,4.50137425121296,Sample_100_GSE8894
scPAS,Positive,Neg_ctrl_Sample_1,0.0145884545890455,491,2.69196510276736,Sample_100_GSE8894
scPAS,Positive,Neg_ctrl_Sample_2,0.0272102624187104,491,2.69196510276736,Sample_100_GSE8894
scPAS,Positive,Neg_ctrl_Sample_3,-0.121315976209223,491,2.69196510276736,Sample_100_GSE8894
scPAS,Positive,Neg_ctrl_Sample_4,-0.0855182443799907,491,2.69196510276736,Sample_100_GSE8894
scPAS,Positive,Neg_ctrl_Sample_5,-0.158170741252149,491,2.69196510276736,Sample_100_GSE8894
scPAS,Positive,Neg_ctrl_Sample_6,0.0671545464342192,491,2.69196510276736,Sample_100_GSE8894
scPAS,Positive,Neg_ctrl_Sample_7,0.0841514347570834,491,2.69196510276736,Sample_100_GSE8894
scPAS,Positive,Neg_ctrl_Sample_8,0.0832186365714127,491,2.69196510276736,Sample_100_GSE8894
scPAS,Positive,Neg_ctrl_Sample_9,-0.0918960798471939,491,2.69196510276736,Sample_100_GSE8894
scPAS,Positive,Neg_ctrl_Sample_10,0.115064659918674,491,2.69196510276736,Sample_100_GSE8894
scPAS,Positive,Neg_ctrl_Sample_11,-0.130490131617791,491,2.69196510276736,Sample_100_GSE8894
scPAS,Positive,Neg_ctrl_Sample_12,0.0353843168135057,491,2.69196510276736,Sample_100_GSE8894
scPAS,Positive,Neg_ctrl_Sample_13,0.0724389560091854,491,2.69196510276736,Sample_100_GSE8894
scPAS,Positive,Neg_ctrl_Sample_14,0.246225536376821,491,2.69196510276736,Sample_100_GSE8894
scPAS,Positive,Neg_ctrl_Sample_15,0.0461813158591737,491,2.69196510276736,Sample_100_GSE8894
scPAS,Positive,Neg_ctrl_Sample_16,-0.0353233578941893,491,2.69196510276736,Sample_100_GSE8894
scPAS,Positive,Neg_ctrl_Sample_17,0.0333579793596681,491,2.69196510276736,Sample_100_GSE8894
scPAS,Positive,Neg_ctrl_Sample_18,0.0307971079711808,491,2.69196510276736,Sample_100_GSE8894
scPAS,Positive,Neg_ctrl_Sample_19,0.0872049881731322,491,2.69196510276736,Sample_100_GSE8894
scPAS,Positive,Neg_ctrl_Sample_20,-0.0180490181771165,491,2.69196510276736,Sample_100_GSE8894
scPAS,Positive,Neg_ctrl_Sample_21,0.0853904345486334,491,2.69196510276736,Sample_100_GSE8894
scPAS,Positive,Neg_ctrl_Sample_22,0.117726183825928,491,2.69196510276736,Sample_100_GSE8894
scPAS,Positive,Neg_ctrl_Sample_23,-0.00909122456557265,491,2.69196510276736,Sample_100_GSE8894
scPAS,Positive,Neg_ctrl_Sample_24,0.0314563184926087,491,2.69196510276736,Sample_100_GSE8894
scPAS,Positive,Neg_ctrl_Sample_25,0.212117696930984,491,2.69196510276736,Sample_100_GSE8894
scPAS,Positive,Neg_ctrl_Sample_26,0.1307390396059,491,2.69196510276736,Sample_100_GSE8894
scPAS,Positive,Neg_ctrl_Sample_27,-0.0798278037490398,491,2.69196510276736,Sample_100_GSE8894
scPAS,Positive,Neg_ctrl_Sample_28,0.067674303244154,491,2.69196510276736,Sample_100_GSE8894
scPAS,Positive,Neg_ctrl_Sample_29,0.0801538453279117,491,2.69196510276736,Sample_100_GSE8894
scPAS,Positive,Neg_ctrl_Sample_30,0.0121212803700275,491,2.69196510276736,Sample_100_GSE8894
scPAS,Positive,Neg_ctrl_Sample_31,0.140948932394043,491,2.69196510276736,Sample_100_GSE8894
scPAS,Positive,Neg_ctrl_Sample_32,-0.0107104630487425,491,2.69196510276736,Sample_100_GSE8894
scPAS,Positive,Neg_ctrl_Sample_33,-0.0901763922376534,491,2.69196510276736,Sample_100_GSE8894
scPAS,Positive,Neg_ctrl_Sample_34,-0.149282687579036,491,2.69196510276736,Sample_100_GSE8894
scPAS,Positive,Neg_ctrl_Sample_35,0.0954191151496003,491,2.69196510276736,Sample_100_GSE8894
scPAS,Positive,Neg_ctrl_Sample_36,0.061761234315867,491,2.69196510276736,Sample_100_GSE8894
scPAS,Positive,Neg_ctrl_Sample_37,0.0869159300075985,491,2.69196510276736,Sample_100_GSE8894
scPAS,Positive,Neg_ctrl_Sample_38,0.00245500868484332,491,2.69196510276736,Sample_100_GSE8894
scPAS,Positive,Neg_ctrl_Sample_39,0.0900751631373189,491,2.69196510276736,Sample_100_GSE8894
scPAS,Positive,Neg_ctrl_Sample_40,-0.125504107094292,491,2.69196510276736,Sample_100_GSE8894
scPAS,Positive,Neg_ctrl_Sample_41,-0.0431274755862384,491,2.69196510276736,Sample_100_GSE8894
scPAS,Positive,Neg_ctrl_Sample_42,-0.00395691657079065,491,2.69196510276736,Sample_100_GSE8894
scPAS,Positive,Neg_ctrl_Sample_43,0.0750139571867562,491,2.69196510276736,Sample_100_GSE8894
scPAS,Positive,Neg_ctrl_Sample_44,0.0735623720083436,491,2.69196510276736,Sample_100_GSE8894
scPAS,Positive,Neg_ctrl_Sample_45,-0.0318598096818956,491,2.69196510276736,Sample_100_GSE8894
scPAS,Positive,Neg_ctrl_Sample_46,0.0473146049533634,491,2.69196510276736,Sample_100_GSE8894
scPAS,Positive,Neg_ctrl_Sample_47,0.0524811086301398,491,2.69196510276736,Sample_100_GSE8894
scPAS,Positive,Neg_ctrl_Sample_48,0.0936779838628524,491,2.69196510276736,Sample_100_GSE8894
scPAS,Positive,Neg_ctrl_Sample_49,-0.0396786606300779,491,2.69196510276736,Sample_100_GSE8894
scPAS,Positive,Neg_ctrl_Sample_50,-0.00759061653489101,491,2.69196510276736,Sample_100_GSE8894
scPAS,Positive,Neg_ctrl_Sample_51,-0.152454832070043,491,2.69196510276736,Sample_100_GSE8894
scPAS,Positive,Neg_ctrl_Sample_52,-0.0617716062059718,491,2.69196510276736,Sample_100_GSE8894
scPAS,Positive,Neg_ctrl_Sample_53,0.0738983216978739,491,2.69196510276736,Sample_100_GSE8894
scPAS,Positive,Neg_ctrl_Sample_54,-0.0693797160839408,491,2.69196510276736,Sample_100_GSE8894
scPAS,Positive,Neg_ctrl_Sample_55,0.0924381990671778,491,2.69196510276736,Sample_100_GSE8894
scPAS,Positive,Neg_ctrl_Sample_56,0.082973005654297,491,2.69196510276736,Sample_100_GSE8894
scPAS,Positive,Neg_ctrl_Sample_57,0.0930226317952446,491,2.69196510276736,Sample_100_GSE8894
scPAS,Positive,Neg_ctrl_Sample_58,-0.0210571587088895,491,2.69196510276736,Sample_100_GSE8894
scPAS,Positive,Neg_ctrl_Sample_59,0.0131422453021578,491,2.69196510276736,Sample_100_GSE8894
scPAS,Positive,Neg_ctrl_Sample_60,0.148506308790505,491,2.69196510276736,Sample_100_GSE8894
scPAS,Positive,Neg_ctrl_Sample_61,-0.0427469951740957,491,2.69196510276736,Sample_100_GSE8894
scPAS,Positive,Neg_ctrl_Sample_62,0.114723768382858,491,2.69196510276736,Sample_100_GSE8894
scPAS,Positive,Neg_ctrl_Sample_63,0.125451536118367,491,2.69196510276736,Sample_100_GSE8894
scPAS,Positive,Neg_ctrl_Sample_64,-0.035227052782684,491,2.69196510276736,Sample_100_GSE8894
scPAS,Positive,Neg_ctrl_Sample_65,-0.086542425657766,491,2.69196510276736,Sample_100_GSE8894
scPAS,Positive,Neg_ctrl_Sample_66,0.0254944030778494,491,2.69196510276736,Sample_100_GSE8894
scPAS,Positive,Neg_ctrl_Sample_67,-0.0417868201894167,491,2.69196510276736,Sample_100_GSE8894
scPAS,Positive,Neg_ctrl_Sample_68,0.116094876232182,491,2.69196510276736,Sample_100_GSE8894
scPAS,Positive,Neg_ctrl_Sample_69,-0.0368937877218636,491,2.69196510276736,Sample_100_GSE8894
scPAS,Positive,Neg_ctrl_Sample_70,0.0849098512706133,491,2.69196510276736,Sample_100_GSE8894
scPAS,Positive,Neg_ctrl_Sample_71,-0.00889189182104007,491,2.69196510276736,Sample_100_GSE8894
scPAS,Positive,Neg_ctrl_Sample_72,0.0735872424315981,491,2.69196510276736,Sample_100_GSE8894
scPAS,Positive,Neg_ctrl_Sample_73,-0.0745616775060749,491,2.69196510276736,Sample_100_GSE8894
scPAS,Positive,Neg_ctrl_Sample_74,0.00244341119546187,491,2.69196510276736,Sample_100_GSE8894
scPAS,Positive,Neg_ctrl_Sample_75,-0.0297805537757587,491,2.69196510276736,Sample_100_GSE8894
scPAS,Positive,Neg_ctrl_Sample_76,-0.021459797063624,491,2.69196510276736,Sample_100_GSE8894
scPAS,Positive,Neg_ctrl_Sample_77,0.0473955702321101,491,2.69196510276736,Sample_100_GSE8894
scPAS,Positive,Neg_ctrl_Sample_78,-0.0775725289281931,491,2.69196510276736,Sample_100_GSE8894
scPAS,Positive,Neg_ctrl_Sample_79,-0.113131114469615,491,2.69196510276736,Sample_100_GSE8894
scPAS,Positive,Neg_ctrl_Sample_80,0.109977026437858,491,2.69196510276736,Sample_100_GSE8894
scPAS,Positive,Neg_ctrl_Sample_81,-0.043974653814048,491,2.69196510276736,Sample_100_GSE8894
scPAS,Positive,Neg_ctrl_Sample_82,0.108127707531647,491,2.69196510276736,Sample_100_GSE8894
scPAS,Positive,Neg_ctrl_Sample_83,-0.108019187524088,491,2.69196510276736,Sample_100_GSE8894
scPAS,Positive,Neg_ctrl_Sample_84,-0.135560124016614,491,2.69196510276736,Sample_100_GSE8894
scPAS,Positive,Neg_ctrl_Sample_85,-0.00025557633423937,491,2.69196510276736,Sample_100_GSE8894
scPAS,Positive,Neg_ctrl_Sample_86,0.112040684917537,491,2.69196510276736,Sample_100_GSE8894
scPAS,Positive,Neg_ctrl_Sample_87,0.0749265925272565,491,2.69196510276736,Sample_100_GSE8894
scPAS,Positive,Neg_ctrl_Sample_88,-0.0252053568983624,491,2.69196510276736,Sample_100_GSE8894
scPAS,Positive,Neg_ctrl_Sample_89,-0.0394509423385042,491,2.69196510276736,Sample_100_GSE8894
scPAS,Positive,Neg_ctrl_Sample_90,0.0364129542724497,491,2.69196510276736,Sample_100_GSE8894
scPAS,Positive,Neg_ctrl_Sample_91,0.0179418157271433,491,2.69196510276736,Sample_100_GSE8894
scPAS,Positive,Neg_ctrl_Sample_92,0.164208536288316,491,2.69196510276736,Sample_100_GSE8894
scPAS,Positive,Neg_ctrl_Sample_93,0.0970776206964516,491,2.69196510276736,Sample_100_GSE8894
scPAS,Positive,Neg_ctrl_Sample_94,-0.000519928337545914,491,2.69196510276736,Sample_100_GSE8894
scPAS,Positive,Neg_ctrl_Sample_95,0.0321841811639391,491,2.69196510276736,Sample_100_GSE8894
scPAS,Positive,Neg_ctrl_Sample_96,0.0112719758927101,491,2.69196510276736,Sample_100_GSE8894
scPAS,Positive,Neg_ctrl_Sample_97,-0.0111998205610385,491,2.69196510276736,Sample_100_GSE8894
scPAS,Positive,Neg_ctrl_Sample_98,-0.0823883384552718,491,2.69196510276736,Sample_100_GSE8894
scPAS,Positive,Neg_ctrl_Sample_99,0.0513033841888442,491,2.69196510276736,Sample_100_GSE8894
scPAS,Positive,Neg_ctrl_Sample_100,-0.0604643966530447,491,2.69196510276736,Sample_100_GSE8894
scPP,Negative,Neg_ctrl_Sample_1,0.0400208455134681,2152,3.33304402982349,Sample_100_GSE8894
scPP,Negative,Neg_ctrl_Sample_2,-0.0220994116297514,2152,3.33304402982349,Sample_100_GSE8894
scPP,Negative,Neg_ctrl_Sample_3,-0.160101993091892,2152,3.33304402982349,Sample_100_GSE8894
scPP,Negative,Neg_ctrl_Sample_4,-0.0865074504085781,2152,3.33304402982349,Sample_100_GSE8894
scPP,Negative,Neg_ctrl_Sample_5,-0.168515429710191,2152,3.33304402982349,Sample_100_GSE8894
scPP,Negative,Neg_ctrl_Sample_6,0.0830854552611461,2152,3.33304402982349,Sample_100_GSE8894
scPP,Negative,Neg_ctrl_Sample_7,0.0850397492551861,2152,3.33304402982349,Sample_100_GSE8894
scPP,Negative,Neg_ctrl_Sample_8,0.0562928158030845,2152,3.33304402982349,Sample_100_GSE8894
scPP,Negative,Neg_ctrl_Sample_9,-0.123221586836859,2152,3.33304402982349,Sample_100_GSE8894
scPP,Negative,Neg_ctrl_Sample_10,0.121914817620154,2152,3.33304402982349,Sample_100_GSE8894
scPP,Negative,Neg_ctrl_Sample_11,-0.170413079966202,2152,3.33304402982349,Sample_100_GSE8894
scPP,Negative,Neg_ctrl_Sample_12,0.0591578806460949,2152,3.33304402982349,Sample_100_GSE8894
scPP,Negative,Neg_ctrl_Sample_13,0.041742990701925,2152,3.33304402982349,Sample_100_GSE8894
scPP,Negative,Neg_ctrl_Sample_14,0.236225553063657,2152,3.33304402982349,Sample_100_GSE8894
scPP,Negative,Neg_ctrl_Sample_15,0.0616601113981851,2152,3.33304402982349,Sample_100_GSE8894
scPP,Negative,Neg_ctrl_Sample_16,-0.0799055468986737,2152,3.33304402982349,Sample_100_GSE8894
scPP,Negative,Neg_ctrl_Sample_17,0.010743122878141,2152,3.33304402982349,Sample_100_GSE8894
scPP,Negative,Neg_ctrl_Sample_18,-0.0085168273409008,2152,3.33304402982349,Sample_100_GSE8894
scPP,Negative,Neg_ctrl_Sample_19,0.0734600160301118,2152,3.33304402982349,Sample_100_GSE8894
scPP,Negative,Neg_ctrl_Sample_20,-0.0817682869237145,2152,3.33304402982349,Sample_100_GSE8894
scPP,Negative,Neg_ctrl_Sample_21,0.104639610895511,2152,3.33304402982349,Sample_100_GSE8894
scPP,Negative,Neg_ctrl_Sample_22,0.139857834670534,2152,3.33304402982349,Sample_100_GSE8894
scPP,Negative,Neg_ctrl_Sample_23,-0.0285592200035654,2152,3.33304402982349,Sample_100_GSE8894
scPP,Negative,Neg_ctrl_Sample_24,0.0559976931814297,2152,3.33304402982349,Sample_100_GSE8894
scPP,Negative,Neg_ctrl_Sample_25,0.215461321252846,2152,3.33304402982349,Sample_100_GSE8894
scPP,Negative,Neg_ctrl_Sample_26,0.122308700423492,2152,3.33304402982349,Sample_100_GSE8894
scPP,Negative,Neg_ctrl_Sample_27,-0.0958580539237364,2152,3.33304402982349,Sample_100_GSE8894
scPP,Negative,Neg_ctrl_Sample_28,0.0629023100124278,2152,3.33304402982349,Sample_100_GSE8894
scPP,Negative,Neg_ctrl_Sample_29,0.101101538836942,2152,3.33304402982349,Sample_100_GSE8894
scPP,Negative,Neg_ctrl_Sample_30,-0.00578063095490031,2152,3.33304402982349,Sample_100_GSE8894
scPP,Negative,Neg_ctrl_Sample_31,0.0879241851267297,2152,3.33304402982349,Sample_100_GSE8894
scPP,Negative,Neg_ctrl_Sample_32,-0.038862010453833,2152,3.33304402982349,Sample_100_GSE8894
scPP,Negative,Neg_ctrl_Sample_33,-0.101839982658072,2152,3.33304402982349,Sample_100_GSE8894
scPP,Negative,Neg_ctrl_Sample_34,-0.164613240483748,2152,3.33304402982349,Sample_100_GSE8894
scPP,Negative,Neg_ctrl_Sample_35,0.093269508982139,2152,3.33304402982349,Sample_100_GSE8894
scPP,Negative,Neg_ctrl_Sample_36,0.0379484340460699,2152,3.33304402982349,Sample_100_GSE8894
scPP,Negative,Neg_ctrl_Sample_37,0.0398802405895053,2152,3.33304402982349,Sample_100_GSE8894
scPP,Negative,Neg_ctrl_Sample_38,0.00312320799624557,2152,3.33304402982349,Sample_100_GSE8894
scPP,Negative,Neg_ctrl_Sample_39,0.00645834386206084,2152,3.33304402982349,Sample_100_GSE8894
scPP,Negative,Neg_ctrl_Sample_40,-0.140485648618931,2152,3.33304402982349,Sample_100_GSE8894
scPP,Negative,Neg_ctrl_Sample_41,-0.019546852242736,2152,3.33304402982349,Sample_100_GSE8894
scPP,Negative,Neg_ctrl_Sample_42,-0.0250794650130089,2152,3.33304402982349,Sample_100_GSE8894
scPP,Negative,Neg_ctrl_Sample_43,0.0993560126543943,2152,3.33304402982349,Sample_100_GSE8894
scPP,Negative,Neg_ctrl_Sample_44,0.0535638481892957,2152,3.33304402982349,Sample_100_GSE8894
scPP,Negative,Neg_ctrl_Sample_45,-0.0586329951033653,2152,3.33304402982349,Sample_100_GSE8894
scPP,Negative,Neg_ctrl_Sample_46,0.0287497996827807,2152,3.33304402982349,Sample_100_GSE8894
scPP,Negative,Neg_ctrl_Sample_47,0.0595601406871971,2152,3.33304402982349,Sample_100_GSE8894
scPP,Negative,Neg_ctrl_Sample_48,0.130276604974388,2152,3.33304402982349,Sample_100_GSE8894
scPP,Negative,Neg_ctrl_Sample_49,-0.0737535469706846,2152,3.33304402982349,Sample_100_GSE8894
scPP,Negative,Neg_ctrl_Sample_50,-0.0285187904108146,2152,3.33304402982349,Sample_100_GSE8894
scPP,Negative,Neg_ctrl_Sample_51,-0.142807977682304,2152,3.33304402982349,Sample_100_GSE8894
scPP,Negative,Neg_ctrl_Sample_52,-0.025489981636985,2152,3.33304402982349,Sample_100_GSE8894
scPP,Negative,Neg_ctrl_Sample_53,-0.00444580686768711,2152,3.33304402982349,Sample_100_GSE8894
scPP,Negative,Neg_ctrl_Sample_54,-0.0559566731698352,2152,3.33304402982349,Sample_100_GSE8894
scPP,Negative,Neg_ctrl_Sample_55,0.0792668508079057,2152,3.33304402982349,Sample_100_GSE8894
scPP,Negative,Neg_ctrl_Sample_56,0.110822567388217,2152,3.33304402982349,Sample_100_GSE8894
scPP,Negative,Neg_ctrl_Sample_57,0.0961939622378725,2152,3.33304402982349,Sample_100_GSE8894
scPP,Negative,Neg_ctrl_Sample_58,-0.0133276107764997,2152,3.33304402982349,Sample_100_GSE8894
scPP,Negative,Neg_ctrl_Sample_59,0.0232813089780273,2152,3.33304402982349,Sample_100_GSE8894
scPP,Negative,Neg_ctrl_Sample_60,0.121472066327611,2152,3.33304402982349,Sample_100_GSE8894
scPP,Negative,Neg_ctrl_Sample_61,-0.0925641022182745,2152,3.33304402982349,Sample_100_GSE8894
scPP,Negative,Neg_ctrl_Sample_62,0.124348732334143,2152,3.33304402982349,Sample_100_GSE8894
scPP,Negative,Neg_ctrl_Sample_63,0.104115349074077,2152,3.33304402982349,Sample_100_GSE8894
scPP,Negative,Neg_ctrl_Sample_64,0.0139718038693009,2152,3.33304402982349,Sample_100_GSE8894
scPP,Negative,Neg_ctrl_Sample_65,-0.122580459858106,2152,3.33304402982349,Sample_100_GSE8894
scPP,Negative,Neg_ctrl_Sample_66,0.0149341772678489,2152,3.33304402982349,Sample_100_GSE8894
scPP,Negative,Neg_ctrl_Sample_67,-0.0673553070421748,2152,3.33304402982349,Sample_100_GSE8894
scPP,Negative,Neg_ctrl_Sample_68,0.0715301224519347,2152,3.33304402982349,Sample_100_GSE8894
scPP,Negative,Neg_ctrl_Sample_69,-0.0625933692104489,2152,3.33304402982349,Sample_100_GSE8894
scPP,Negative,Neg_ctrl_Sample_70,0.0730687079622269,2152,3.33304402982349,Sample_100_GSE8894
scPP,Negative,Neg_ctrl_Sample_71,-0.004530420538231,2152,3.33304402982349,Sample_100_GSE8894
scPP,Negative,Neg_ctrl_Sample_72,0.0571495272886824,2152,3.33304402982349,Sample_100_GSE8894
scPP,Negative,Neg_ctrl_Sample_73,-0.0608446133517607,2152,3.33304402982349,Sample_100_GSE8894
scPP,Negative,Neg_ctrl_Sample_74,-0.00554040263374142,2152,3.33304402982349,Sample_100_GSE8894
scPP,Negative,Neg_ctrl_Sample_75,-0.0584150438255668,2152,3.33304402982349,Sample_100_GSE8894
scPP,Negative,Neg_ctrl_Sample_76,-0.0168757195885266,2152,3.33304402982349,Sample_100_GSE8894
scPP,Negative,Neg_ctrl_Sample_77,0.0262740546608082,2152,3.33304402982349,Sample_100_GSE8894
scPP,Negative,Neg_ctrl_Sample_78,-0.0971828811917344,2152,3.33304402982349,Sample_100_GSE8894
scPP,Negative,Neg_ctrl_Sample_79,-0.126568565541176,2152,3.33304402982349,Sample_100_GSE8894
scPP,Negative,Neg_ctrl_Sample_80,0.0749840091047221,2152,3.33304402982349,Sample_100_GSE8894
scPP,Negative,Neg_ctrl_Sample_81,-0.0766056793156538,2152,3.33304402982349,Sample_100_GSE8894
scPP,Negative,Neg_ctrl_Sample_82,0.145702527591925,2152,3.33304402982349,Sample_100_GSE8894
scPP,Negative,Neg_ctrl_Sample_83,-0.141729836364953,2152,3.33304402982349,Sample_100_GSE8894
scPP,Negative,Neg_ctrl_Sample_84,-0.122937775373376,2152,3.33304402982349,Sample_100_GSE8894
scPP,Negative,Neg_ctrl_Sample_85,-0.0289759260383403,2152,3.33304402982349,Sample_100_GSE8894
scPP,Negative,Neg_ctrl_Sample_86,0.131105015116698,2152,3.33304402982349,Sample_100_GSE8894
scPP,Negative,Neg_ctrl_Sample_87,0.0759341122008498,2152,3.33304402982349,Sample_100_GSE8894
scPP,Negative,Neg_ctrl_Sample_88,-0.0317786665040199,2152,3.33304402982349,Sample_100_GSE8894
scPP,Negative,Neg_ctrl_Sample_89,-0.0617761552636519,2152,3.33304402982349,Sample_100_GSE8894
scPP,Negative,Neg_ctrl_Sample_90,0.0214237846146865,2152,3.33304402982349,Sample_100_GSE8894
scPP,Negative,Neg_ctrl_Sample_91,0.0226448507610209,2152,3.33304402982349,Sample_100_GSE8894
scPP,Negative,Neg_ctrl_Sample_92,0.171982570436557,2152,3.33304402982349,Sample_100_GSE8894
scPP,Negative,Neg_ctrl_Sample_93,0.0847820038124287,2152,3.33304402982349,Sample_100_GSE8894
scPP,Negative,Neg_ctrl_Sample_94,0.0210188691717799,2152,3.33304402982349,Sample_100_GSE8894
scPP,Negative,Neg_ctrl_Sample_95,0.053805186962692,2152,3.33304402982349,Sample_100_GSE8894
scPP,Negative,Neg_ctrl_Sample_96,-0.0349254899056941,2152,3.33304402982349,Sample_100_GSE8894
scPP,Negative,Neg_ctrl_Sample_97,-0.0728684527876669,2152,3.33304402982349,Sample_100_GSE8894
scPP,Negative,Neg_ctrl_Sample_98,-0.131585677151273,2152,3.33304402982349,Sample_100_GSE8894
scPP,Negative,Neg_ctrl_Sample_99,0.0245049486335807,2152,3.33304402982349,Sample_100_GSE8894
scPP,Negative,Neg_ctrl_Sample_100,-0.0808492947703864,2152,3.33304402982349,Sample_100_GSE8894
scPP,Neutral,Neg_ctrl_Sample_1,0.0313183394589073,24104,4.38210713581903,Sample_100_GSE8894
scPP,Neutral,Neg_ctrl_Sample_2,-0.00665499745665129,24104,4.38210713581903,Sample_100_GSE8894
scPP,Neutral,Neg_ctrl_Sample_3,-0.147352785078713,24104,4.38210713581903,Sample_100_GSE8894
scPP,Neutral,Neg_ctrl_Sample_4,-0.0903489105516795,24104,4.38210713581903,Sample_100_GSE8894
scPP,Neutral,Neg_ctrl_Sample_5,-0.16559384103981,24104,4.38210713581903,Sample_100_GSE8894
scPP,Neutral,Neg_ctrl_Sample_6,0.0712413077897982,24104,4.38210713581903,Sample_100_GSE8894
scPP,Neutral,Neg_ctrl_Sample_7,0.0849118380212026,24104,4.38210713581903,Sample_100_GSE8894
scPP,Neutral,Neg_ctrl_Sample_8,0.0640411694938575,24104,4.38210713581903,Sample_100_GSE8894
scPP,Neutral,Neg_ctrl_Sample_9,-0.105178639160101,24104,4.38210713581903,Sample_100_GSE8894
scPP,Neutral,Neg_ctrl_Sample_10,0.117558143123441,24104,4.38210713581903,Sample_100_GSE8894
scPP,Neutral,Neg_ctrl_Sample_11,-0.148672004794673,24104,4.38210713581903,Sample_100_GSE8894
scPP,Neutral,Neg_ctrl_Sample_12,0.0480346750545231,24104,4.38210713581903,Sample_100_GSE8894
scPP,Neutral,Neg_ctrl_Sample_13,0.0595230729997007,24104,4.38210713581903,Sample_100_GSE8894
scPP,Neutral,Neg_ctrl_Sample_14,0.241804690086893,24104,4.38210713581903,Sample_100_GSE8894
scPP,Neutral,Neg_ctrl_Sample_15,0.0544227559160837,24104,4.38210713581903,Sample_100_GSE8894
scPP,Neutral,Neg_ctrl_Sample_16,-0.0574824592809892,24104,4.38210713581903,Sample_100_GSE8894
scPP,Neutral,Neg_ctrl_Sample_17,0.0191904104069384,24104,4.38210713581903,Sample_100_GSE8894
scPP,Neutral,Neg_ctrl_Sample_18,0.0105138268737247,24104,4.38210713581903,Sample_100_GSE8894
scPP,Neutral,Neg_ctrl_Sample_19,0.0806689950458377,24104,4.38210713581903,Sample_100_GSE8894
scPP,Neutral,Neg_ctrl_Sample_20,-0.0556580108201734,24104,4.38210713581903,Sample_100_GSE8894
scPP,Neutral,Neg_ctrl_Sample_21,0.0979069304541469,24104,4.38210713581903,Sample_100_GSE8894
scPP,Neutral,Neg_ctrl_Sample_22,0.133907516294195,24104,4.38210713581903,Sample_100_GSE8894
scPP,Neutral,Neg_ctrl_Sample_23,-0.0206082302141493,24104,4.38210713581903,Sample_100_GSE8894
scPP,Neutral,Neg_ctrl_Sample_24,0.05312534359104,24104,4.38210713581903,Sample_100_GSE8894
scPP,Neutral,Neg_ctrl_Sample_25,0.213103641352413,24104,4.38210713581903,Sample_100_GSE8894
scPP,Neutral,Neg_ctrl_Sample_26,0.120266012135239,24104,4.38210713581903,Sample_100_GSE8894
scPP,Neutral,Neg_ctrl_Sample_27,-0.0823613612050192,24104,4.38210713581903,Sample_100_GSE8894
scPP,Neutral,Neg_ctrl_Sample_28,0.064005961232873,24104,4.38210713581903,Sample_100_GSE8894
scPP,Neutral,Neg_ctrl_Sample_29,0.0919428909370766,24104,4.38210713581903,Sample_100_GSE8894
scPP,Neutral,Neg_ctrl_Sample_30,0.00358404255123723,24104,4.38210713581903,Sample_100_GSE8894
scPP,Neutral,Neg_ctrl_Sample_31,0.100712323619859,24104,4.38210713581903,Sample_100_GSE8894
scPP,Neutral,Neg_ctrl_Sample_32,-0.0273972327108233,24104,4.38210713581903,Sample_100_GSE8894
scPP,Neutral,Neg_ctrl_Sample_33,-0.0961155256445733,24104,4.38210713581903,Sample_100_GSE8894
scPP,Neutral,Neg_ctrl_Sample_34,-0.156306081702355,24104,4.38210713581903,Sample_100_GSE8894
scPP,Neutral,Neg_ctrl_Sample_35,0.0947250500849275,24104,4.38210713581903,Sample_100_GSE8894
scPP,Neutral,Neg_ctrl_Sample_36,0.0472380850704461,24104,4.38210713581903,Sample_100_GSE8894
scPP,Neutral,Neg_ctrl_Sample_37,0.0611568014916824,24104,4.38210713581903,Sample_100_GSE8894
scPP,Neutral,Neg_ctrl_Sample_38,0.00603458927670083,24104,4.38210713581903,Sample_100_GSE8894
scPP,Neutral,Neg_ctrl_Sample_39,0.0336151713452301,24104,4.38210713581903,Sample_100_GSE8894
scPP,Neutral,Neg_ctrl_Sample_40,-0.132576601262152,24104,4.38210713581903,Sample_100_GSE8894
scPP,Neutral,Neg_ctrl_Sample_41,-0.0235855668054335,24104,4.38210713581903,Sample_100_GSE8894
scPP,Neutral,Neg_ctrl_Sample_42,-0.0267018061677509,24104,4.38210713581903,Sample_100_GSE8894
scPP,Neutral,Neg_ctrl_Sample_43,0.0873410437873232,24104,4.38210713581903,Sample_100_GSE8894
scPP,Neutral,Neg_ctrl_Sample_44,0.0613854133979055,24104,4.38210713581903,Sample_100_GSE8894
scPP,Neutral,Neg_ctrl_Sample_45,-0.0490445258554144,24104,4.38210713581903,Sample_100_GSE8894
scPP,Neutral,Neg_ctrl_Sample_46,0.0352896309065525,24104,4.38210713581903,Sample_100_GSE8894
scPP,Neutral,Neg_ctrl_Sample_47,0.0514288092966881,24104,4.38210713581903,Sample_100_GSE8894
scPP,Neutral,Neg_ctrl_Sample_48,0.115080098312424,24104,4.38210713581903,Sample_100_GSE8894
scPP,Neutral,Neg_ctrl_Sample_49,-0.0597337859014322,24104,4.38210713581903,Sample_100_GSE8894
scPP,Neutral,Neg_ctrl_Sample_50,-0.0198382911295438,24104,4.38210713581903,Sample_100_GSE8894
scPP,Neutral,Neg_ctrl_Sample_51,-0.142887625205653,24104,4.38210713581903,Sample_100_GSE8894
scPP,Neutral,Neg_ctrl_Sample_52,-0.0343042832922785,24104,4.38210713581903,Sample_100_GSE8894
scPP,Neutral,Neg_ctrl_Sample_53,0.0258966548829791,24104,4.38210713581903,Sample_100_GSE8894
scPP,Neutral,Neg_ctrl_Sample_54,-0.0556741812085206,24104,4.38210713581903,Sample_100_GSE8894
scPP,Neutral,Neg_ctrl_Sample_55,0.0832553630872147,24104,4.38210713581903,Sample_100_GSE8894
scPP,Neutral,Neg_ctrl_Sample_56,0.102096694343898,24104,4.38210713581903,Sample_100_GSE8894
scPP,Neutral,Neg_ctrl_Sample_57,0.0937967585394506,24104,4.38210713581903,Sample_100_GSE8894
scPP,Neutral,Neg_ctrl_Sample_58,-0.0146653104687216,24104,4.38210713581903,Sample_100_GSE8894
scPP,Neutral,Neg_ctrl_Sample_59,0.015406987220163,24104,4.38210713581903,Sample_100_GSE8894
scPP,Neutral,Neg_ctrl_Sample_60,0.133243975365464,24104,4.38210713581903,Sample_100_GSE8894
scPP,Neutral,Neg_ctrl_Sample_61,-0.0667362215663491,24104,4.38210713581903,Sample_100_GSE8894
scPP,Neutral,Neg_ctrl_Sample_62,0.122124235777871,24104,4.38210713581903,Sample_100_GSE8894
scPP,Neutral,Neg_ctrl_Sample_63,0.109440776437214,24104,4.38210713581903,Sample_100_GSE8894
scPP,Neutral,Neg_ctrl_Sample_64,-0.00847455896587383,24104,4.38210713581903,Sample_100_GSE8894
scPP,Neutral,Neg_ctrl_Sample_65,-0.102145050334376,24104,4.38210713581903,Sample_100_GSE8894
scPP,Neutral,Neg_ctrl_Sample_66,0.0178867735459265,24104,4.38210713581903,Sample_100_GSE8894
scPP,Neutral,Neg_ctrl_Sample_67,-0.0567434995594925,24104,4.38210713581903,Sample_100_GSE8894
scPP,Neutral,Neg_ctrl_Sample_68,0.0868066826744536,24104,4.38210713581903,Sample_100_GSE8894
scPP,Neutral,Neg_ctrl_Sample_69,-0.0498689157392164,24104,4.38210713581903,Sample_100_GSE8894
scPP,Neutral,Neg_ctrl_Sample_70,0.0780765804360005,24104,4.38210713581903,Sample_100_GSE8894
scPP,Neutral,Neg_ctrl_Sample_71,-0.00580135869106217,24104,4.38210713581903,Sample_100_GSE8894
scPP,Neutral,Neg_ctrl_Sample_72,0.0603468346436353,24104,4.38210713581903,Sample_100_GSE8894
scPP,Neutral,Neg_ctrl_Sample_73,-0.0613025396195706,24104,4.38210713581903,Sample_100_GSE8894
scPP,Neutral,Neg_ctrl_Sample_74,-0.000450105069419285,24104,4.38210713581903,Sample_100_GSE8894
scPP,Neutral,Neg_ctrl_Sample_75,-0.0514175154315998,24104,4.38210713581903,Sample_100_GSE8894
scPP,Neutral,Neg_ctrl_Sample_76,-0.0192249862796531,24104,4.38210713581903,Sample_100_GSE8894
scPP,Neutral,Neg_ctrl_Sample_77,0.0358658402903846,24104,4.38210713581903,Sample_100_GSE8894
scPP,Neutral,Neg_ctrl_Sample_78,-0.0846125727359587,24104,4.38210713581903,Sample_100_GSE8894
scPP,Neutral,Neg_ctrl_Sample_79,-0.123652974096429,24104,4.38210713581903,Sample_100_GSE8894
scPP,Neutral,Neg_ctrl_Sample_80,0.0862404122365627,24104,4.38210713581903,Sample_100_GSE8894
scPP,Neutral,Neg_ctrl_Sample_81,-0.0654428514030736,24104,4.38210713581903,Sample_100_GSE8894
scPP,Neutral,Neg_ctrl_Sample_82,0.130371813146142,24104,4.38210713581903,Sample_100_GSE8894
scPP,Neutral,Neg_ctrl_Sample_83,-0.125712543982998,24104,4.38210713581903,Sample_100_GSE8894
scPP,Neutral,Neg_ctrl_Sample_84,-0.128179090300291,24104,4.38210713581903,Sample_100_GSE8894
scPP,Neutral,Neg_ctrl_Sample_85,-0.0180933287766396,24104,4.38210713581903,Sample_100_GSE8894
scPP,Neutral,Neg_ctrl_Sample_86,0.123879717618068,24104,4.38210713581903,Sample_100_GSE8894
scPP,Neutral,Neg_ctrl_Sample_87,0.0753581507344256,24104,4.38210713581903,Sample_100_GSE8894
scPP,Neutral,Neg_ctrl_Sample_88,-0.0349487884168593,24104,4.38210713581903,Sample_100_GSE8894
scPP,Neutral,Neg_ctrl_Sample_89,-0.0560876877941046,24104,4.38210713581903,Sample_100_GSE8894
scPP,Neutral,Neg_ctrl_Sample_90,0.0301774987130682,24104,4.38210713581903,Sample_100_GSE8894
scPP,Neutral,Neg_ctrl_Sample_91,0.0221268964253409,24104,4.38210713581903,Sample_100_GSE8894
scPP,Neutral,Neg_ctrl_Sample_92,0.172493825059645,24104,4.38210713581903,Sample_100_GSE8894
scPP,Neutral,Neg_ctrl_Sample_93,0.0857295222927595,24104,4.38210713581903,Sample_100_GSE8894
scPP,Neutral,Neg_ctrl_Sample_94,0.0208824822444297,24104,4.38210713581903,Sample_100_GSE8894
scPP,Neutral,Neg_ctrl_Sample_95,0.0477923939235302,24104,4.38210713581903,Sample_100_GSE8894
scPP,Neutral,Neg_ctrl_Sample_96,-0.0189953075171844,24104,4.38210713581903,Sample_100_GSE8894
scPP,Neutral,Neg_ctrl_Sample_97,-0.048989710237158,24104,4.38210713581903,Sample_100_GSE8894
scPP,Neutral,Neg_ctrl_Sample_98,-0.124930843887048,24104,4.38210713581903,Sample_100_GSE8894
scPP,Neutral,Neg_ctrl_Sample_99,0.0400383778774221,24104,4.38210713581903,Sample_100_GSE8894
scPP,Neutral,Neg_ctrl_Sample_100,-0.0770450158966038,24104,4.38210713581903,Sample_100_GSE8894
scPP,Positive,Neg_ctrl_Sample_1,0.00504735968094883,5978,3.77662855342015,Sample_100_GSE8894
scPP,Positive,Neg_ctrl_Sample_2,0.02242340654969,5978,3.77662855342015,Sample_100_GSE8894
scPP,Positive,Neg_ctrl_Sample_3,-0.126414739599724,5978,3.77662855342015,Sample_100_GSE8894
scPP,Positive,Neg_ctrl_Sample_4,-0.0992667188267155,5978,3.77662855342015,Sample_100_GSE8894
scPP,Positive,Neg_ctrl_Sample_5,-0.172090759699571,5978,3.77662855342015,Sample_100_GSE8894
scPP,Positive,Neg_ctrl_Sample_6,0.0493795847028911,5978,3.77662855342015,Sample_100_GSE8894
scPP,Positive,Neg_ctrl_Sample_7,0.0814851951299037,5978,3.77662855342015,Sample_100_GSE8894
scPP,Positive,Neg_ctrl_Sample_8,0.0707769503056654,5978,3.77662855342015,Sample_100_GSE8894
scPP,Positive,Neg_ctrl_Sample_9,-0.0380350687194156,5978,3.77662855342015,Sample_100_GSE8894
scPP,Positive,Neg_ctrl_Sample_10,0.118377992010109,5978,3.77662855342015,Sample_100_GSE8894
scPP,Positive,Neg_ctrl_Sample_11,-0.0954499410548794,5978,3.77662855342015,Sample_100_GSE8894
scPP,Positive,Neg_ctrl_Sample_12,0.0359905798783514,5978,3.77662855342015,Sample_100_GSE8894
scPP,Positive,Neg_ctrl_Sample_13,0.105358316369335,5978,3.77662855342015,Sample_100_GSE8894
scPP,Positive,Neg_ctrl_Sample_14,0.304108709899857,5978,3.77662855342015,Sample_100_GSE8894
scPP,Positive,Neg_ctrl_Sample_15,0.046343619769887,5978,3.77662855342015,Sample_100_GSE8894
scPP,Positive,Neg_ctrl_Sample_16,0.0228209795255243,5978,3.77662855342015,Sample_100_GSE8894
scPP,Positive,Neg_ctrl_Sample_17,0.0361565055601767,5978,3.77662855342015,Sample_100_GSE8894
scPP,Positive,Neg_ctrl_Sample_18,0.06660506493933,5978,3.77662855342015,Sample_100_GSE8894
scPP,Positive,Neg_ctrl_Sample_19,0.0729403480701728,5978,3.77662855342015,Sample_100_GSE8894
scPP,Positive,Neg_ctrl_Sample_20,-0.0147959368743281,5978,3.77662855342015,Sample_100_GSE8894
scPP,Positive,Neg_ctrl_Sample_21,0.0900134778220179,5978,3.77662855342015,Sample_100_GSE8894
scPP,Positive,Neg_ctrl_Sample_22,0.116449872056334,5978,3.77662855342015,Sample_100_GSE8894
scPP,Positive,Neg_ctrl_Sample_23,-0.00520839533894471,5978,3.77662855342015,Sample_100_GSE8894
scPP,Positive,Neg_ctrl_Sample_24,0.078139378296635,5978,3.77662855342015,Sample_100_GSE8894
scPP,Positive,Neg_ctrl_Sample_25,0.191155210224974,5978,3.77662855342015,Sample_100_GSE8894
scPP,Positive,Neg_ctrl_Sample_26,0.108556402957586,5978,3.77662855342015,Sample_100_GSE8894
scPP,Positive,Neg_ctrl_Sample_27,-0.0289177095593075,5978,3.77662855342015,Sample_100_GSE8894
scPP,Positive,Neg_ctrl_Sample_28,0.0943451610517022,5978,3.77662855342015,Sample_100_GSE8894
scPP,Positive,Neg_ctrl_Sample_29,0.0907627374844509,5978,3.77662855342015,Sample_100_GSE8894
scPP,Positive,Neg_ctrl_Sample_30,0.00556408046997552,5978,3.77662855342015,Sample_100_GSE8894
scPP,Positive,Neg_ctrl_Sample_31,0.122251526512679,5978,3.77662855342015,Sample_100_GSE8894
scPP,Positive,Neg_ctrl_Sample_32,-0.0272124320960094,5978,3.77662855342015,Sample_100_GSE8894
scPP,Positive,Neg_ctrl_Sample_33,-0.0881262964355651,5978,3.77662855342015,Sample_100_GSE8894
scPP,Positive,Neg_ctrl_Sample_34,-0.124031715924756,5978,3.77662855342015,Sample_100_GSE8894
scPP,Positive,Neg_ctrl_Sample_35,0.0941715278350307,5978,3.77662855342015,Sample_100_GSE8894
scPP,Positive,Neg_ctrl_Sample_36,0.0451718585748123,5978,3.77662855342015,Sample_100_GSE8894
scPP,Positive,Neg_ctrl_Sample_37,0.12989402492878,5978,3.77662855342015,Sample_100_GSE8894
scPP,Positive,Neg_ctrl_Sample_38,0.00167689694395134,5978,3.77662855342015,Sample_100_GSE8894
scPP,Positive,Neg_ctrl_Sample_39,0.0597710210687968,5978,3.77662855342015,Sample_100_GSE8894
scPP,Positive,Neg_ctrl_Sample_40,-0.088222767755726,5978,3.77662855342015,Sample_100_GSE8894
scPP,Positive,Neg_ctrl_Sample_41,-0.0490565456081229,5978,3.77662855342015,Sample_100_GSE8894
scPP,Positive,Neg_ctrl_Sample_42,-0.0555723144549306,5978,3.77662855342015,Sample_100_GSE8894
scPP,Positive,Neg_ctrl_Sample_43,0.0533948782807797,5978,3.77662855342015,Sample_100_GSE8894
scPP,Positive,Neg_ctrl_Sample_44,0.0806166927419941,5978,3.77662855342015,Sample_100_GSE8894
scPP,Positive,Neg_ctrl_Sample_45,-0.0312112945152932,5978,3.77662855342015,Sample_100_GSE8894
scPP,Positive,Neg_ctrl_Sample_46,0.0546538822707429,5978,3.77662855342015,Sample_100_GSE8894
scPP,Positive,Neg_ctrl_Sample_47,0.0411449461811735,5978,3.77662855342015,Sample_100_GSE8894
scPP,Positive,Neg_ctrl_Sample_48,0.0856836097057304,5978,3.77662855342015,Sample_100_GSE8894
scPP,Positive,Neg_ctrl_Sample_49,-0.0157185346872082,5978,3.77662855342015,Sample_100_GSE8894
scPP,Positive,Neg_ctrl_Sample_50,-0.00473978959924459,5978,3.77662855342015,Sample_100_GSE8894
scPP,Positive,Neg_ctrl_Sample_51,-0.161393168366416,5978,3.77662855342015,Sample_100_GSE8894
scPP,Positive,Neg_ctrl_Sample_52,-0.0684765860767541,5978,3.77662855342015,Sample_100_GSE8894
scPP,Positive,Neg_ctrl_Sample_53,0.0898762375860354,5978,3.77662855342015,Sample_100_GSE8894
scPP,Positive,Neg_ctrl_Sample_54,-0.0172677211837417,5978,3.77662855342015,Sample_100_GSE8894
scPP,Positive,Neg_ctrl_Sample_55,0.0798665264238864,5978,3.77662855342015,Sample_100_GSE8894
scPP,Positive,Neg_ctrl_Sample_56,0.076317017794597,5978,3.77662855342015,Sample_100_GSE8894
scPP,Positive,Neg_ctrl_Sample_57,0.076367497336897,5978,3.77662855342015,Sample_100_GSE8894
scPP,Positive,Neg_ctrl_Sample_58,-0.0317616852116404,5978,3.77662855342015,Sample_100_GSE8894
scPP,Positive,Neg_ctrl_Sample_59,0.00489754474791204,5978,3.77662855342015,Sample_100_GSE8894
scPP,Positive,Neg_ctrl_Sample_60,0.155906541134839,5978,3.77662855342015,Sample_100_GSE8894
scPP,Positive,Neg_ctrl_Sample_61,-0.0118971662722822,5978,3.77662855342015,Sample_100_GSE8894
scPP,Positive,Neg_ctrl_Sample_62,0.107221582436076,5978,3.77662855342015,Sample_100_GSE8894
scPP,Positive,Neg_ctrl_Sample_63,0.112222939581273,5978,3.77662855342015,Sample_100_GSE8894
scPP,Positive,Neg_ctrl_Sample_64,-0.0503007542981793,5978,3.77662855342015,Sample_100_GSE8894
scPP,Positive,Neg_ctrl_Sample_65,-0.0163021319901015,5978,3.77662855342015,Sample_100_GSE8894
scPP,Positive,Neg_ctrl_Sample_66,0.00889276170520597,5978,3.77662855342015,Sample_100_GSE8894
scPP,Positive,Neg_ctrl_Sample_67,-0.0425879781516866,5978,3.77662855342015,Sample_100_GSE8894
scPP,Positive,Neg_ctrl_Sample_68,0.120238953691794,5978,3.77662855342015,Sample_100_GSE8894
scPP,Positive,Neg_ctrl_Sample_69,0.0178594784932872,5978,3.77662855342015,Sample_100_GSE8894
scPP,Positive,Neg_ctrl_Sample_70,0.102772533098619,5978,3.77662855342015,Sample_100_GSE8894
scPP,Positive,Neg_ctrl_Sample_71,-0.0143828392332941,5978,3.77662855342015,Sample_100_GSE8894
scPP,Positive,Neg_ctrl_Sample_72,0.106162668382628,5978,3.77662855342015,Sample_100_GSE8894
scPP,Positive,Neg_ctrl_Sample_73,-0.0635108305427573,5978,3.77662855342015,Sample_100_GSE8894
scPP,Positive,Neg_ctrl_Sample_74,0.0223467121481452,5978,3.77662855342015,Sample_100_GSE8894
scPP,Positive,Neg_ctrl_Sample_75,-0.027757084902214,5978,3.77662855342015,Sample_100_GSE8894
scPP,Positive,Neg_ctrl_Sample_76,-0.0262893396282447,5978,3.77662855342015,Sample_100_GSE8894
scPP,Positive,Neg_ctrl_Sample_77,0.0369969516657176,5978,3.77662855342015,Sample_100_GSE8894
scPP,Positive,Neg_ctrl_Sample_78,-0.0524551494073264,5978,3.77662855342015,Sample_100_GSE8894
scPP,Positive,Neg_ctrl_Sample_79,-0.117082399279167,5978,3.77662855342015,Sample_100_GSE8894
scPP,Positive,Neg_ctrl_Sample_80,0.0980228394814425,5978,3.77662855342015,Sample_100_GSE8894
scPP,Positive,Neg_ctrl_Sample_81,-0.064428942859539,5978,3.77662855342015,Sample_100_GSE8894
scPP,Positive,Neg_ctrl_Sample_82,0.113660809875235,5978,3.77662855342015,Sample_100_GSE8894
scPP,Positive,Neg_ctrl_Sample_83,-0.0946643727463903,5978,3.77662855342015,Sample_100_GSE8894
scPP,Positive,Neg_ctrl_Sample_84,-0.150931755252448,5978,3.77662855342015,Sample_100_GSE8894
scPP,Positive,Neg_ctrl_Sample_85,0.0130973177234478,5978,3.77662855342015,Sample_100_GSE8894
scPP,Positive,Neg_ctrl_Sample_86,0.112512423835476,5978,3.77662855342015,Sample_100_GSE8894
scPP,Positive,Neg_ctrl_Sample_87,0.0654639059768562,5978,3.77662855342015,Sample_100_GSE8894
scPP,Positive,Neg_ctrl_Sample_88,-0.051784840635339,5978,3.77662855342015,Sample_100_GSE8894
scPP,Positive,Neg_ctrl_Sample_89,-0.0345251537579263,5978,3.77662855342015,Sample_100_GSE8894
scPP,Positive,Neg_ctrl_Sample_90,0.0548993784959026,5978,3.77662855342015,Sample_100_GSE8894
scPP,Positive,Neg_ctrl_Sample_91,0.0215312549400874,5978,3.77662855342015,Sample_100_GSE8894
scPP,Positive,Neg_ctrl_Sample_92,0.201252907572542,5978,3.77662855342015,Sample_100_GSE8894
scPP,Positive,Neg_ctrl_Sample_93,0.0781694078420287,5978,3.77662855342015,Sample_100_GSE8894
scPP,Positive,Neg_ctrl_Sample_94,0.0278746561940779,5978,3.77662855342015,Sample_100_GSE8894
scPP,Positive,Neg_ctrl_Sample_95,0.0159915654628971,5978,3.77662855342015,Sample_100_GSE8894
scPP,Positive,Neg_ctrl_Sample_96,-0.0103787802304272,5978,3.77662855342015,Sample_100_GSE8894
scPP,Positive,Neg_ctrl_Sample_97,0.0297013823859024,5978,3.77662855342015,Sample_100_GSE8894
scPP,Positive,Neg_ctrl_Sample_98,-0.127412515589194,5978,3.77662855342015,Sample_100_GSE8894
scPP,Positive,Neg_ctrl_Sample_99,0.0889730666318858,5978,3.77662855342015,Sample_100_GSE8894
scPP,Positive,Neg_ctrl_Sample_100,-0.111924235060486,5978,3.77662855342015,Sample_100_GSE8894
DEGAS,Other,Neg_ctrl_Sample_1,0.0267357480503422,30622,4.48604773435783,Sample_100_GSE8894
DEGAS,Other,Neg_ctrl_Sample_2,-0.00203106047646629,30622,4.48604773435783,Sample_100_GSE8894
DEGAS,Other,Neg_ctrl_Sample_3,-0.143736884209255,30622,4.48604773435783,Sample_100_GSE8894
DEGAS,Other,Neg_ctrl_Sample_4,-0.0918748450548923,30622,4.48604773435783,Sample_100_GSE8894
DEGAS,Other,Neg_ctrl_Sample_5,-0.167618834745556,30622,4.48604773435783,Sample_100_GSE8894
DEGAS,Other,Neg_ctrl_Sample_6,0.0677780625926106,30622,4.48604773435783,Sample_100_GSE8894
DEGAS,Other,Neg_ctrl_Sample_7,0.0836933339080358,30622,4.48604773435783,Sample_100_GSE8894
DEGAS,Other,Neg_ctrl_Sample_8,0.0648553374955546,30622,4.48604773435783,Sample_100_GSE8894
DEGAS,Other,Neg_ctrl_Sample_9,-0.0904501325526065,30622,4.48604773435783,Sample_100_GSE8894
DEGAS,Other,Neg_ctrl_Sample_10,0.117967173242813,30622,4.48604773435783,Sample_100_GSE8894
DEGAS,Other,Neg_ctrl_Sample_11,-0.139365540804481,30622,4.48604773435783,Sample_100_GSE8894
DEGAS,Other,Neg_ctrl_Sample_12,0.0478863900897976,30622,4.48604773435783,Sample_100_GSE8894
DEGAS,Other,Neg_ctrl_Sample_13,0.0685351696319468,30622,4.48604773435783,Sample_100_GSE8894
DEGAS,Other,Neg_ctrl_Sample_14,0.254709480315938,30622,4.48604773435783,Sample_100_GSE8894
DEGAS,Other,Neg_ctrl_Sample_15,0.0522911973019592,30622,4.48604773435783,Sample_100_GSE8894
DEGAS,Other,Neg_ctrl_Sample_16,-0.0418594237407107,30622,4.48604773435783,Sample_100_GSE8894
DEGAS,Other,Neg_ctrl_Sample_17,0.0224256988501084,30622,4.48604773435783,Sample_100_GSE8894
DEGAS,Other,Neg_ctrl_Sample_18,0.0220992108626294,30622,4.48604773435783,Sample_100_GSE8894
DEGAS,Other,Neg_ctrl_Sample_19,0.0788360397868439,30622,4.48604773435783,Sample_100_GSE8894
DEGAS,Other,Neg_ctrl_Sample_20,-0.0484201683847351,30622,4.48604773435783,Sample_100_GSE8894
DEGAS,Other,Neg_ctrl_Sample_21,0.0970620680193992,30622,4.48604773435783,Sample_100_GSE8894
DEGAS,Other,Neg_ctrl_Sample_22,0.130557424451817,30622,4.48604773435783,Sample_100_GSE8894
DEGAS,Other,Neg_ctrl_Sample_23,-0.0171287464619525,30622,4.48604773435783,Sample_100_GSE8894
DEGAS,Other,Neg_ctrl_Sample_24,0.0587932014169082,30622,4.48604773435783,Sample_100_GSE8894
DEGAS,Other,Neg_ctrl_Sample_25,0.209023784642326,30622,4.48604773435783,Sample_100_GSE8894
DEGAS,Other,Neg_ctrl_Sample_26,0.119204196967152,30622,4.48604773435783,Sample_100_GSE8894
DEGAS,Other,Neg_ctrl_Sample_27,-0.0722520846311364,30622,4.48604773435783,Sample_100_GSE8894
DEGAS,Other,Neg_ctrl_Sample_28,0.0707458021362461,30622,4.48604773435783,Sample_100_GSE8894
DEGAS,Other,Neg_ctrl_Sample_29,0.0920555201325527,30622,4.48604773435783,Sample_100_GSE8894
DEGAS,Other,Neg_ctrl_Sample_30,0.00346475724336173,30622,4.48604773435783,Sample_100_GSE8894
DEGAS,Other,Neg_ctrl_Sample_31,0.105234512365178,30622,4.48604773435783,Sample_100_GSE8894
DEGAS,Other,Neg_ctrl_Sample_32,-0.0281229616136737,30622,4.48604773435783,Sample_100_GSE8894
DEGAS,Other,Neg_ctrl_Sample_33,-0.0939818000645526,30622,4.48604773435783,Sample_100_GSE8894
DEGAS,Other,Neg_ctrl_Sample_34,-0.149005426828451,30622,4.48604773435783,Sample_100_GSE8894
DEGAS,Other,Neg_ctrl_Sample_35,0.0945288429928093,30622,4.48604773435783,Sample_100_GSE8894
DEGAS,Other,Neg_ctrl_Sample_36,0.045953941072182,30622,4.48604773435783,Sample_100_GSE8894
DEGAS,Other,Neg_ctrl_Sample_37,0.0744217622809258,30622,4.48604773435783,Sample_100_GSE8894
DEGAS,Other,Neg_ctrl_Sample_38,0.00438380549544991,30622,4.48604773435783,Sample_100_GSE8894
DEGAS,Other,Neg_ctrl_Sample_39,0.0373360622732852,30622,4.48604773435783,Sample_100_GSE8894
DEGAS,Other,Neg_ctrl_Sample_40,-0.123844015261156,30622,4.48604773435783,Sample_100_GSE8894
DEGAS,Other,Neg_ctrl_Sample_41,-0.0266309088454132,30622,4.48604773435783,Sample_100_GSE8894
DEGAS,Other,Neg_ctrl_Sample_42,-0.0320302836249091,30622,4.48604773435783,Sample_100_GSE8894
DEGAS,Other,Neg_ctrl_Sample_43,0.0813211971392442,30622,4.48604773435783,Sample_100_GSE8894
DEGAS,Other,Neg_ctrl_Sample_44,0.0641708870791814,30622,4.48604773435783,Sample_100_GSE8894
DEGAS,Other,Neg_ctrl_Sample_45,-0.045552538961323,30622,4.48604773435783,Sample_100_GSE8894
DEGAS,Other,Neg_ctrl_Sample_46,0.0385945541081744,30622,4.48604773435783,Sample_100_GSE8894
DEGAS,Other,Neg_ctrl_Sample_47,0.0503397011856853,30622,4.48604773435783,Sample_100_GSE8894
DEGAS,Other,Neg_ctrl_Sample_48,0.110112522189744,30622,4.48604773435783,Sample_100_GSE8894
DEGAS,Other,Neg_ctrl_Sample_49,-0.0516099535880885,30622,4.48604773435783,Sample_100_GSE8894
DEGAS,Other,Neg_ctrl_Sample_50,-0.0162682823773581,30622,4.48604773435783,Sample_100_GSE8894
DEGAS,Other,Neg_ctrl_Sample_51,-0.146991129225125,30622,4.48604773435783,Sample_100_GSE8894
DEGAS,Other,Neg_ctrl_Sample_52,-0.0413884503556047,30622,4.48604773435783,Sample_100_GSE8894
DEGAS,Other,Neg_ctrl_Sample_53,0.0374477626276257,30622,4.48604773435783,Sample_100_GSE8894
DEGAS,Other,Neg_ctrl_Sample_54,-0.0483441482561843,30622,4.48604773435783,Sample_100_GSE8894
DEGAS,Other,Neg_ctrl_Sample_55,0.0826831495438821,30622,4.48604773435783,Sample_100_GSE8894
DEGAS,Other,Neg_ctrl_Sample_56,0.0976832655814498,30622,4.48604773435783,Sample_100_GSE8894
DEGAS,Other,Neg_ctrl_Sample_57,0.0900754173605876,30622,4.48604773435783,Sample_100_GSE8894
DEGAS,Other,Neg_ctrl_Sample_58,-0.0178047296271204,30622,4.48604773435783,Sample_100_GSE8894
DEGAS,Other,Neg_ctrl_Sample_59,0.0138283856332805,30622,4.48604773435783,Sample_100_GSE8894
DEGAS,Other,Neg_ctrl_Sample_60,0.138515928112309,30622,4.48604773435783,Sample_100_GSE8894
DEGAS,Other,Neg_ctrl_Sample_61,-0.0567727038194559,30622,4.48604773435783,Sample_100_GSE8894
DEGAS,Other,Neg_ctrl_Sample_62,0.120144922212097,30622,4.48604773435783,Sample_100_GSE8894
DEGAS,Other,Neg_ctrl_Sample_63,0.109254006756778,30622,4.48604773435783,Sample_100_GSE8894
DEGAS,Other,Neg_ctrl_Sample_64,-0.0149423327168718,30622,4.48604773435783,Sample_100_GSE8894
DEGAS,Other,Neg_ctrl_Sample_65,-0.0853772446166205,30622,4.48604773435783,Sample_100_GSE8894
DEGAS,Other,Neg_ctrl_Sample_66,0.0156148211736857,30622,4.48604773435783,Sample_100_GSE8894
DEGAS,Other,Neg_ctrl_Sample_67,-0.0546554453736972,30622,4.48604773435783,Sample_100_GSE8894
DEGAS,Other,Neg_ctrl_Sample_68,0.0929482145020924,30622,4.48604773435783,Sample_100_GSE8894
DEGAS,Other,Neg_ctrl_Sample_69,-0.0370842230439718,30622,4.48604773435783,Sample_100_GSE8894
DEGAS,Other,Neg_ctrl_Sample_70,0.082445213204548,30622,4.48604773435783,Sample_100_GSE8894
DEGAS,Other,Neg_ctrl_Sample_71,-0.00737773129097715,30622,4.48604773435783,Sample_100_GSE8894
DEGAS,Other,Neg_ctrl_Sample_72,0.0694009234983455,30622,4.48604773435783,Sample_100_GSE8894
DEGAS,Other,Neg_ctrl_Sample_73,-0.062031943386327,30622,4.48604773435783,Sample_100_GSE8894
DEGAS,Other,Neg_ctrl_Sample_74,0.00346560592308642,30622,4.48604773435783,Sample_100_GSE8894
DEGAS,Other,Neg_ctrl_Sample_75,-0.0459337387012098,30622,4.48604773435783,Sample_100_GSE8894
DEGAS,Other,Neg_ctrl_Sample_76,-0.0205091742900744,30622,4.48604773435783,Sample_100_GSE8894
DEGAS,Other,Neg_ctrl_Sample_77,0.035575579643125,30622,4.48604773435783,Sample_100_GSE8894
DEGAS,Other,Neg_ctrl_Sample_78,-0.0778082824962164,30622,4.48604773435783,Sample_100_GSE8894
DEGAS,Other,Neg_ctrl_Sample_79,-0.122791351172352,30622,4.48604773435783,Sample_100_GSE8894
DEGAS,Other,Neg_ctrl_Sample_80,0.0881553655217291,30622,4.48604773435783,Sample_100_GSE8894
DEGAS,Other,Neg_ctrl_Sample_81,-0.0653844769760382,30622,4.48604773435783,Sample_100_GSE8894
DEGAS,Other,Neg_ctrl_Sample_82,0.128970421251519,30622,4.48604773435783,Sample_100_GSE8894
DEGAS,Other,Neg_ctrl_Sample_83,-0.119729864018023,30622,4.48604773435783,Sample_100_GSE8894
DEGAS,Other,Neg_ctrl_Sample_84,-0.131860340382379,30622,4.48604773435783,Sample_100_GSE8894
DEGAS,Other,Neg_ctrl_Sample_85,-0.011825315494299,30622,4.48604773435783,Sample_100_GSE8894
DEGAS,Other,Neg_ctrl_Sample_86,0.123386708573512,30622,4.48604773435783,Sample_100_GSE8894
DEGAS,Other,Neg_ctrl_Sample_87,0.0728810353939563,30622,4.48604773435783,Sample_100_GSE8894
DEGAS,Other,Neg_ctrl_Sample_88,-0.0388382359558295,30622,4.48604773435783,Sample_100_GSE8894
DEGAS,Other,Neg_ctrl_Sample_89,-0.0523787573255579,30622,4.48604773435783,Sample_100_GSE8894
DEGAS,Other,Neg_ctrl_Sample_90,0.0345408928052483,30622,4.48604773435783,Sample_100_GSE8894
DEGAS,Other,Neg_ctrl_Sample_91,0.0225589895820514,30622,4.48604773435783,Sample_100_GSE8894
DEGAS,Other,Neg_ctrl_Sample_92,0.177887120610949,30622,4.48604773435783,Sample_100_GSE8894
DEGAS,Other,Neg_ctrl_Sample_93,0.0845933742826022,30622,4.48604773435783,Sample_100_GSE8894
DEGAS,Other,Neg_ctrl_Sample_94,0.0233247722733379,30622,4.48604773435783,Sample_100_GSE8894
DEGAS,Other,Neg_ctrl_Sample_95,0.0419713782950511,30622,4.48604773435783,Sample_100_GSE8894
DEGAS,Other,Neg_ctrl_Sample_96,-0.0175631619571144,30622,4.48604773435783,Sample_100_GSE8894
DEGAS,Other,Neg_ctrl_Sample_97,-0.033646741442542,30622,4.48604773435783,Sample_100_GSE8894
DEGAS,Other,Neg_ctrl_Sample_98,-0.125405066507456,30622,4.48604773435783,Sample_100_GSE8894
DEGAS,Other,Neg_ctrl_Sample_99,0.0493004230902722,30622,4.48604773435783,Sample_100_GSE8894
DEGAS,Other,Neg_ctrl_Sample_100,-0.0842787911833779,30622,4.48604773435783,Sample_100_GSE8894
DEGAS,Positive,Neg_ctrl_Sample_1,0.0325639908421958,1612,3.20763436738896,Sample_100_GSE8894
DEGAS,Positive,Neg_ctrl_Sample_2,-0.00727526939078748,1612,3.20763436738896,Sample_100_GSE8894
DEGAS,Positive,Neg_ctrl_Sample_3,-0.155414060634227,1612,3.20763436738896,Sample_100_GSE8894
DEGAS,Positive,Neg_ctrl_Sample_4,-0.0893046607271449,1612,3.20763436738896,Sample_100_GSE8894
DEGAS,Positive,Neg_ctrl_Sample_5,-0.155120194209399,1612,3.20763436738896,Sample_100_GSE8894
DEGAS,Positive,Neg_ctrl_Sample_6,0.0717690492123138,1612,3.20763436738896,Sample_100_GSE8894
DEGAS,Positive,Neg_ctrl_Sample_7,0.0955221523665854,1612,3.20763436738896,Sample_100_GSE8894
DEGAS,Positive,Neg_ctrl_Sample_8,0.063210268750973,1612,3.20763436738896,Sample_100_GSE8894
DEGAS,Positive,Neg_ctrl_Sample_9,-0.160054872808144,1612,3.20763436738896,Sample_100_GSE8894
DEGAS,Positive,Neg_ctrl_Sample_10,0.118644557419982,1612,3.20763436738896,Sample_100_GSE8894
DEGAS,Positive,Neg_ctrl_Sample_11,-0.157113591047977,1612,3.20763436738896,Sample_100_GSE8894
DEGAS,Positive,Neg_ctrl_Sample_12,0.021036114049399,1612,3.20763436738896,Sample_100_GSE8894
DEGAS,Positive,Neg_ctrl_Sample_13,0.0345676912914082,1612,3.20763436738896,Sample_100_GSE8894
DEGAS,Positive,Neg_ctrl_Sample_14,0.220264144909529,1612,3.20763436738896,Sample_100_GSE8894
DEGAS,Positive,Neg_ctrl_Sample_15,0.0746152503312435,1612,3.20763436738896,Sample_100_GSE8894
DEGAS,Positive,Neg_ctrl_Sample_16,-0.0863963064784624,1612,3.20763436738896,Sample_100_GSE8894
DEGAS,Positive,Neg_ctrl_Sample_17,0.00937263829610632,1612,3.20763436738896,Sample_100_GSE8894
DEGAS,Positive,Neg_ctrl_Sample_18,-0.0269602272341648,1612,3.20763436738896,Sample_100_GSE8894
DEGAS,Positive,Neg_ctrl_Sample_19,0.0772032267322731,1612,3.20763436738896,Sample_100_GSE8894
DEGAS,Positive,Neg_ctrl_Sample_20,-0.0764725562200199,1612,3.20763436738896,Sample_100_GSE8894
DEGAS,Positive,Neg_ctrl_Sample_21,0.0936718472976847,1612,3.20763436738896,Sample_100_GSE8894
DEGAS,Positive,Neg_ctrl_Sample_22,0.140749824165929,1612,3.20763436738896,Sample_100_GSE8894
DEGAS,Positive,Neg_ctrl_Sample_23,-0.0402106300917054,1612,3.20763436738896,Sample_100_GSE8894
DEGAS,Positive,Neg_ctrl_Sample_24,0.0420546571424242,1612,3.20763436738896,Sample_100_GSE8894
DEGAS,Positive,Neg_ctrl_Sample_25,0.212358838649072,1612,3.20763436738896,Sample_100_GSE8894
DEGAS,Positive,Neg_ctrl_Sample_26,0.0997391669798282,1612,3.20763436738896,Sample_100_GSE8894
DEGAS,Positive,Neg_ctrl_Sample_27,-0.0942255053973621,1612,3.20763436738896,Sample_100_GSE8894
DEGAS,Positive,Neg_ctrl_Sample_28,0.0470117124409837,1612,3.20763436738896,Sample_100_GSE8894
DEGAS,Positive,Neg_ctrl_Sample_29,0.0976535123495029,1612,3.20763436738896,Sample_100_GSE8894
DEGAS,Positive,Neg_ctrl_Sample_30,0.000691141801096326,1612,3.20763436738896,Sample_100_GSE8894
DEGAS,Positive,Neg_ctrl_Sample_31,0.0776123342258707,1612,3.20763436738896,Sample_100_GSE8894
DEGAS,Positive,Neg_ctrl_Sample_32,-0.0282310994381922,1612,3.20763436738896,Sample_100_GSE8894
DEGAS,Positive,Neg_ctrl_Sample_33,-0.114662897848663,1612,3.20763436738896,Sample_100_GSE8894
DEGAS,Positive,Neg_ctrl_Sample_34,-0.186393861248116,1612,3.20763436738896,Sample_100_GSE8894
DEGAS,Positive,Neg_ctrl_Sample_35,0.0944564229830405,1612,3.20763436738896,Sample_100_GSE8894
DEGAS,Positive,Neg_ctrl_Sample_36,0.0515680022661564,1612,3.20763436738896,Sample_100_GSE8894
DEGAS,Positive,Neg_ctrl_Sample_37,0.0356756187108261,1612,3.20763436738896,Sample_100_GSE8894
DEGAS,Positive,Neg_ctrl_Sample_38,0.0173464525947831,1612,3.20763436738896,Sample_100_GSE8894
DEGAS,Positive,Neg_ctrl_Sample_39,0.0236753791025502,1612,3.20763436738896,Sample_100_GSE8894
DEGAS,Positive,Neg_ctrl_Sample_40,-0.144538326902889,1612,3.20763436738896,Sample_100_GSE8894
DEGAS,Positive,Neg_ctrl_Sample_41,-0.0548012824352663,1612,3.20763436738896,Sample_100_GSE8894
DEGAS,Positive,Neg_ctrl_Sample_42,-0.0303792154001733,1612,3.20763436738896,Sample_100_GSE8894
DEGAS,Positive,Neg_ctrl_Sample_43,0.0918483512695251,1612,3.20763436738896,Sample_100_GSE8894
DEGAS,Positive,Neg_ctrl_Sample_44,0.069348071289969,1612,3.20763436738896,Sample_100_GSE8894
DEGAS,Positive,Neg_ctrl_Sample_45,-0.0620463568363167,1612,3.20763436738896,Sample_100_GSE8894
DEGAS,Positive,Neg_ctrl_Sample_46,0.035588898637014,1612,3.20763436738896,Sample_100_GSE8894
DEGAS,Positive,Neg_ctrl_Sample_47,0.0448359805268061,1612,3.20763436738896,Sample_100_GSE8894
DEGAS,Positive,Neg_ctrl_Sample_48,0.120717684835033,1612,3.20763436738896,Sample_100_GSE8894
DEGAS,Positive,Neg_ctrl_Sample_49,-0.0695447953068978,1612,3.20763436738896,Sample_100_GSE8894
DEGAS,Positive,Neg_ctrl_Sample_50,-0.0432516908284243,1612,3.20763436738896,Sample_100_GSE8894
DEGAS,Positive,Neg_ctrl_Sample_51,-0.133456629833755,1612,3.20763436738896,Sample_100_GSE8894
DEGAS,Positive,Neg_ctrl_Sample_52,-0.0146903162142605,1612,3.20763436738896,Sample_100_GSE8894
DEGAS,Positive,Neg_ctrl_Sample_53,0.00322602607086533,1612,3.20763436738896,Sample_100_GSE8894
DEGAS,Positive,Neg_ctrl_Sample_54,-0.0528667207488869,1612,3.20763436738896,Sample_100_GSE8894
DEGAS,Positive,Neg_ctrl_Sample_55,0.0762333898399924,1612,3.20763436738896,Sample_100_GSE8894
DEGAS,Positive,Neg_ctrl_Sample_56,0.101982046666073,1612,3.20763436738896,Sample_100_GSE8894
DEGAS,Positive,Neg_ctrl_Sample_57,0.103053314661836,1612,3.20763436738896,Sample_100_GSE8894
DEGAS,Positive,Neg_ctrl_Sample_58,-0.0166430431033489,1612,3.20763436738896,Sample_100_GSE8894
DEGAS,Positive,Neg_ctrl_Sample_59,0.0169330611142839,1612,3.20763436738896,Sample_100_GSE8894
DEGAS,Positive,Neg_ctrl_Sample_60,0.10142383448829,1612,3.20763436738896,Sample_100_GSE8894
DEGAS,Positive,Neg_ctrl_Sample_61,-0.0871187073358127,1612,3.20763436738896,Sample_100_GSE8894
DEGAS,Positive,Neg_ctrl_Sample_62,0.107427954712717,1612,3.20763436738896,Sample_100_GSE8894
DEGAS,Positive,Neg_ctrl_Sample_63,0.116196801712687,1612,3.20763436738896,Sample_100_GSE8894
DEGAS,Positive,Neg_ctrl_Sample_64,-0.010755114221559,1612,3.20763436738896,Sample_100_GSE8894
DEGAS,Positive,Neg_ctrl_Sample_65,-0.129608935025502,1612,3.20763436738896,Sample_100_GSE8894
DEGAS,Positive,Neg_ctrl_Sample_66,0.0237500090102599,1612,3.20763436738896,Sample_100_GSE8894
DEGAS,Positive,Neg_ctrl_Sample_67,-0.0580805330609157,1612,3.20763436738896,Sample_100_GSE8894
DEGAS,Positive,Neg_ctrl_Sample_68,0.0737278805136754,1612,3.20763436738896,Sample_100_GSE8894
DEGAS,Positive,Neg_ctrl_Sample_69,-0.0585510142888237,1612,3.20763436738896,Sample_100_GSE8894
DEGAS,Positive,Neg_ctrl_Sample_70,0.079986748435444,1612,3.20763436738896,Sample_100_GSE8894
DEGAS,Positive,Neg_ctrl_Sample_71,-0.00598333761288086,1612,3.20763436738896,Sample_100_GSE8894
DEGAS,Positive,Neg_ctrl_Sample_72,0.0539896012409728,1612,3.20763436738896,Sample_100_GSE8894
DEGAS,Positive,Neg_ctrl_Sample_73,-0.0550245642255704,1612,3.20763436738896,Sample_100_GSE8894
DEGAS,Positive,Neg_ctrl_Sample_74,0.00291103075916071,1612,3.20763436738896,Sample_100_GSE8894
DEGAS,Positive,Neg_ctrl_Sample_75,-0.0771872663231349,1612,3.20763436738896,Sample_100_GSE8894
DEGAS,Positive,Neg_ctrl_Sample_76,-0.017891659445569,1612,3.20763436738896,Sample_100_GSE8894
DEGAS,Positive,Neg_ctrl_Sample_77,0.0327694523668616,1612,3.20763436738896,Sample_100_GSE8894
DEGAS,Positive,Neg_ctrl_Sample_78,-0.111396197338723,1612,3.20763436738896,Sample_100_GSE8894
DEGAS,Positive,Neg_ctrl_Sample_79,-0.119546320071984,1612,3.20763436738896,Sample_100_GSE8894
DEGAS,Positive,Neg_ctrl_Sample_80,0.0785306548121201,1612,3.20763436738896,Sample_100_GSE8894
DEGAS,Positive,Neg_ctrl_Sample_81,-0.0776939693306881,1612,3.20763436738896,Sample_100_GSE8894
DEGAS,Positive,Neg_ctrl_Sample_82,0.115487658388697,1612,3.20763436738896,Sample_100_GSE8894
DEGAS,Positive,Neg_ctrl_Sample_83,-0.145603903437731,1612,3.20763436738896,Sample_100_GSE8894
DEGAS,Positive,Neg_ctrl_Sample_84,-0.135628768555609,1612,3.20763436738896,Sample_100_GSE8894
DEGAS,Positive,Neg_ctrl_Sample_85,-0.0360218444475392,1612,3.20763436738896,Sample_100_GSE8894
DEGAS,Positive,Neg_ctrl_Sample_86,0.100735847237875,1612,3.20763436738896,Sample_100_GSE8894
DEGAS,Positive,Neg_ctrl_Sample_87,0.0864908429619956,1612,3.20763436738896,Sample_100_GSE8894
DEGAS,Positive,Neg_ctrl_Sample_88,-0.0192671229499228,1612,3.20763436738896,Sample_100_GSE8894
DEGAS,Positive,Neg_ctrl_Sample_89,-0.0541743021452375,1612,3.20763436738896,Sample_100_GSE8894
DEGAS,Positive,Neg_ctrl_Sample_90,0.0272826790550852,1612,3.20763436738896,Sample_100_GSE8894
DEGAS,Positive,Neg_ctrl_Sample_91,0.0124012985883374,1612,3.20763436738896,Sample_100_GSE8894
DEGAS,Positive,Neg_ctrl_Sample_92,0.176010003062861,1612,3.20763436738896,Sample_100_GSE8894
DEGAS,Positive,Neg_ctrl_Sample_93,0.0780109741605577,1612,3.20763436738896,Sample_100_GSE8894
DEGAS,Positive,Neg_ctrl_Sample_94,0.000600171620003241,1612,3.20763436738896,Sample_100_GSE8894
DEGAS,Positive,Neg_ctrl_Sample_95,0.0484656685251979,1612,3.20763436738896,Sample_100_GSE8894
DEGAS,Positive,Neg_ctrl_Sample_96,-0.0355134922071969,1612,3.20763436738896,Sample_100_GSE8894
DEGAS,Positive,Neg_ctrl_Sample_97,-0.0805058967736147,1612,3.20763436738896,Sample_100_GSE8894
DEGAS,Positive,Neg_ctrl_Sample_98,-0.134009621516024,1612,3.20763436738896,Sample_100_GSE8894
DEGAS,Positive,Neg_ctrl_Sample_99,0.0248282545111328,1612,3.20763436738896,Sample_100_GSE8894
DEGAS,Positive,Neg_ctrl_Sample_100,-0.0740562525383486,1612,3.20763436738896,Sample_100_GSE8894
LP_SGL,Negative,Neg_ctrl_Sample_1,0.0156164028764112,1765,3.24699069924155,Sample_100_GSE8894
LP_SGL,Negative,Neg_ctrl_Sample_2,0.00660613108407159,1765,3.24699069924155,Sample_100_GSE8894
LP_SGL,Negative,Neg_ctrl_Sample_3,-0.120205337358621,1765,3.24699069924155,Sample_100_GSE8894
LP_SGL,Negative,Neg_ctrl_Sample_4,-0.0798205765392268,1765,3.24699069924155,Sample_100_GSE8894
LP_SGL,Negative,Neg_ctrl_Sample_5,-0.147178441203012,1765,3.24699069924155,Sample_100_GSE8894
LP_SGL,Negative,Neg_ctrl_Sample_6,0.0412810952533525,1765,3.24699069924155,Sample_100_GSE8894
LP_SGL,Negative,Neg_ctrl_Sample_7,0.0938745627788219,1765,3.24699069924155,Sample_100_GSE8894
LP_SGL,Negative,Neg_ctrl_Sample_8,0.0715549302321097,1765,3.24699069924155,Sample_100_GSE8894
LP_SGL,Negative,Neg_ctrl_Sample_9,-0.0863617893894473,1765,3.24699069924155,Sample_100_GSE8894
LP_SGL,Negative,Neg_ctrl_Sample_10,0.119948256053486,1765,3.24699069924155,Sample_100_GSE8894
LP_SGL,Negative,Neg_ctrl_Sample_11,-0.108158363200623,1765,3.24699069924155,Sample_100_GSE8894
LP_SGL,Negative,Neg_ctrl_Sample_12,0.0174782650390686,1765,3.24699069924155,Sample_100_GSE8894
LP_SGL,Negative,Neg_ctrl_Sample_13,0.0727542418252868,1765,3.24699069924155,Sample_100_GSE8894
LP_SGL,Negative,Neg_ctrl_Sample_14,0.226144302429383,1765,3.24699069924155,Sample_100_GSE8894
LP_SGL,Negative,Neg_ctrl_Sample_15,0.048442181511899,1765,3.24699069924155,Sample_100_GSE8894
LP_SGL,Negative,Neg_ctrl_Sample_16,-0.0415318576041832,1765,3.24699069924155,Sample_100_GSE8894
LP_SGL,Negative,Neg_ctrl_Sample_17,0.0303406244329923,1765,3.24699069924155,Sample_100_GSE8894
LP_SGL,Negative,Neg_ctrl_Sample_18,0.0402640145727945,1765,3.24699069924155,Sample_100_GSE8894
LP_SGL,Negative,Neg_ctrl_Sample_19,0.0988687793214234,1765,3.24699069924155,Sample_100_GSE8894
LP_SGL,Negative,Neg_ctrl_Sample_20,-0.0303311307836993,1765,3.24699069924155,Sample_100_GSE8894
LP_SGL,Negative,Neg_ctrl_Sample_21,0.0752209451186259,1765,3.24699069924155,Sample_100_GSE8894
LP_SGL,Negative,Neg_ctrl_Sample_22,0.126153790077655,1765,3.24699069924155,Sample_100_GSE8894
LP_SGL,Negative,Neg_ctrl_Sample_23,0.0120456536743802,1765,3.24699069924155,Sample_100_GSE8894
LP_SGL,Negative,Neg_ctrl_Sample_24,0.0263804335697759,1765,3.24699069924155,Sample_100_GSE8894
LP_SGL,Negative,Neg_ctrl_Sample_25,0.234046275061698,1765,3.24699069924155,Sample_100_GSE8894
LP_SGL,Negative,Neg_ctrl_Sample_26,0.106874739179625,1765,3.24699069924155,Sample_100_GSE8894
LP_SGL,Negative,Neg_ctrl_Sample_27,-0.0781463219229911,1765,3.24699069924155,Sample_100_GSE8894
LP_SGL,Negative,Neg_ctrl_Sample_28,0.0647430276481014,1765,3.24699069924155,Sample_100_GSE8894
LP_SGL,Negative,Neg_ctrl_Sample_29,0.0667800551746723,1765,3.24699069924155,Sample_100_GSE8894
LP_SGL,Negative,Neg_ctrl_Sample_30,0.0218907321444188,1765,3.24699069924155,Sample_100_GSE8894
LP_SGL,Negative,Neg_ctrl_Sample_31,0.119493649028868,1765,3.24699069924155,Sample_100_GSE8894
LP_SGL,Negative,Neg_ctrl_Sample_32,0.0073093378177183,1765,3.24699069924155,Sample_100_GSE8894
LP_SGL,Negative,Neg_ctrl_Sample_33,-0.0885745647191722,1765,3.24699069924155,Sample_100_GSE8894
LP_SGL,Negative,Neg_ctrl_Sample_34,-0.158533880664656,1765,3.24699069924155,Sample_100_GSE8894
LP_SGL,Negative,Neg_ctrl_Sample_35,0.11169176714725,1765,3.24699069924155,Sample_100_GSE8894
LP_SGL,Negative,Neg_ctrl_Sample_36,0.0612912558182167,1765,3.24699069924155,Sample_100_GSE8894
LP_SGL,Negative,Neg_ctrl_Sample_37,0.0820267206560614,1765,3.24699069924155,Sample_100_GSE8894
LP_SGL,Negative,Neg_ctrl_Sample_38,0.0240011971615525,1765,3.24699069924155,Sample_100_GSE8894
LP_SGL,Negative,Neg_ctrl_Sample_39,0.0672805404271786,1765,3.24699069924155,Sample_100_GSE8894
LP_SGL,Negative,Neg_ctrl_Sample_40,-0.114018251483538,1765,3.24699069924155,Sample_100_GSE8894
LP_SGL,Negative,Neg_ctrl_Sample_41,-0.0419515457861494,1765,3.24699069924155,Sample_100_GSE8894
LP_SGL,Negative,Neg_ctrl_Sample_42,-0.0348572079878376,1765,3.24699069924155,Sample_100_GSE8894
LP_SGL,Negative,Neg_ctrl_Sample_43,0.0685428567840617,1765,3.24699069924155,Sample_100_GSE8894
LP_SGL,Negative,Neg_ctrl_Sample_44,0.0713074266790412,1765,3.24699069924155,Sample_100_GSE8894
LP_SGL,Negative,Neg_ctrl_Sample_45,-0.0338603792989898,1765,3.24699069924155,Sample_100_GSE8894
LP_SGL,Negative,Neg_ctrl_Sample_46,0.0405867068648374,1765,3.24699069924155,Sample_100_GSE8894
LP_SGL,Negative,Neg_ctrl_Sample_47,0.0521416448708847,1765,3.24699069924155,Sample_100_GSE8894
LP_SGL,Negative,Neg_ctrl_Sample_48,0.0935939631688761,1765,3.24699069924155,Sample_100_GSE8894
LP_SGL,Negative,Neg_ctrl_Sample_49,-0.0307398180135074,1765,3.24699069924155,Sample_100_GSE8894
LP_SGL,Negative,Neg_ctrl_Sample_50,-0.014706307602197,1765,3.24699069924155,Sample_100_GSE8894
LP_SGL,Negative,Neg_ctrl_Sample_51,-0.140901056071345,1765,3.24699069924155,Sample_100_GSE8894
LP_SGL,Negative,Neg_ctrl_Sample_52,-0.0531846132146232,1765,3.24699069924155,Sample_100_GSE8894
LP_SGL,Negative,Neg_ctrl_Sample_53,0.108517625838832,1765,3.24699069924155,Sample_100_GSE8894
LP_SGL,Negative,Neg_ctrl_Sample_54,-0.0672363381443871,1765,3.24699069924155,Sample_100_GSE8894
LP_SGL,Negative,Neg_ctrl_Sample_55,0.0974699498779286,1765,3.24699069924155,Sample_100_GSE8894
LP_SGL,Negative,Neg_ctrl_Sample_56,0.094823645955608,1765,3.24699069924155,Sample_100_GSE8894
LP_SGL,Negative,Neg_ctrl_Sample_57,0.124057025963869,1765,3.24699069924155,Sample_100_GSE8894
LP_SGL,Negative,Neg_ctrl_Sample_58,-0.0018320825382207,1765,3.24699069924155,Sample_100_GSE8894
LP_SGL,Negative,Neg_ctrl_Sample_59,0.00538390595929366,1765,3.24699069924155,Sample_100_GSE8894
LP_SGL,Negative,Neg_ctrl_Sample_60,0.149723356146572,1765,3.24699069924155,Sample_100_GSE8894
LP_SGL,Negative,Neg_ctrl_Sample_61,-0.0162027987486947,1765,3.24699069924155,Sample_100_GSE8894
LP_SGL,Negative,Neg_ctrl_Sample_62,0.110278310943428,1765,3.24699069924155,Sample_100_GSE8894
LP_SGL,Negative,Neg_ctrl_Sample_63,0.121702015378262,1765,3.24699069924155,Sample_100_GSE8894
LP_SGL,Negative,Neg_ctrl_Sample_64,-0.0589438358243022,1765,3.24699069924155,Sample_100_GSE8894
LP_SGL,Negative,Neg_ctrl_Sample_65,-0.0931271828392237,1765,3.24699069924155,Sample_100_GSE8894
LP_SGL,Negative,Neg_ctrl_Sample_66,0.0162565502209742,1765,3.24699069924155,Sample_100_GSE8894
LP_SGL,Negative,Neg_ctrl_Sample_67,-0.0616700932915792,1765,3.24699069924155,Sample_100_GSE8894
LP_SGL,Negative,Neg_ctrl_Sample_68,0.0993509564310383,1765,3.24699069924155,Sample_100_GSE8894
LP_SGL,Negative,Neg_ctrl_Sample_69,-0.0482556031594565,1765,3.24699069924155,Sample_100_GSE8894
LP_SGL,Negative,Neg_ctrl_Sample_70,0.0800338720041622,1765,3.24699069924155,Sample_100_GSE8894
LP_SGL,Negative,Neg_ctrl_Sample_71,-0.00146995063569734,1765,3.24699069924155,Sample_100_GSE8894
LP_SGL,Negative,Neg_ctrl_Sample_72,0.073180551117672,1765,3.24699069924155,Sample_100_GSE8894
LP_SGL,Negative,Neg_ctrl_Sample_73,-0.0728532246303047,1765,3.24699069924155,Sample_100_GSE8894
LP_SGL,Negative,Neg_ctrl_Sample_74,0.0113236587331631,1765,3.24699069924155,Sample_100_GSE8894
LP_SGL,Negative,Neg_ctrl_Sample_75,-0.0556731502725704,1765,3.24699069924155,Sample_100_GSE8894
LP_SGL,Negative,Neg_ctrl_Sample_76,-0.0288823048719178,1765,3.24699069924155,Sample_100_GSE8894
LP_SGL,Negative,Neg_ctrl_Sample_77,0.0515174100235539,1765,3.24699069924155,Sample_100_GSE8894
LP_SGL,Negative,Neg_ctrl_Sample_78,-0.0739450971801722,1765,3.24699069924155,Sample_100_GSE8894
LP_SGL,Negative,Neg_ctrl_Sample_79,-0.126372065726776,1765,3.24699069924155,Sample_100_GSE8894
LP_SGL,Negative,Neg_ctrl_Sample_80,0.102458894754753,1765,3.24699069924155,Sample_100_GSE8894
LP_SGL,Negative,Neg_ctrl_Sample_81,-0.0493540735121297,1765,3.24699069924155,Sample_100_GSE8894
LP_SGL,Negative,Neg_ctrl_Sample_82,0.0951963516842177,1765,3.24699069924155,Sample_100_GSE8894
LP_SGL,Negative,Neg_ctrl_Sample_83,-0.0951041993808241,1765,3.24699069924155,Sample_100_GSE8894
LP_SGL,Negative,Neg_ctrl_Sample_84,-0.149675690211974,1765,3.24699069924155,Sample_100_GSE8894
LP_SGL,Negative,Neg_ctrl_Sample_85,-0.0128149882776094,1765,3.24699069924155,Sample_100_GSE8894
LP_SGL,Negative,Neg_ctrl_Sample_86,0.109192328696533,1765,3.24699069924155,Sample_100_GSE8894
LP_SGL,Negative,Neg_ctrl_Sample_87,0.0808958294720472,1765,3.24699069924155,Sample_100_GSE8894
LP_SGL,Negative,Neg_ctrl_Sample_88,-0.0375581705877676,1765,3.24699069924155,Sample_100_GSE8894
LP_SGL,Negative,Neg_ctrl_Sample_89,-0.0505691192218853,1765,3.24699069924155,Sample_100_GSE8894
LP_SGL,Negative,Neg_ctrl_Sample_90,0.0359659850418123,1765,3.24699069924155,Sample_100_GSE8894
LP_SGL,Negative,Neg_ctrl_Sample_91,0.0125550271046616,1765,3.24699069924155,Sample_100_GSE8894
LP_SGL,Negative,Neg_ctrl_Sample_92,0.160603460254279,1765,3.24699069924155,Sample_100_GSE8894
LP_SGL,Negative,Neg_ctrl_Sample_93,0.0784738009288872,1765,3.24699069924155,Sample_100_GSE8894
LP_SGL,Negative,Neg_ctrl_Sample_94,0.0210996793309229,1765,3.24699069924155,Sample_100_GSE8894
LP_SGL,Negative,Neg_ctrl_Sample_95,0.0468645209836548,1765,3.24699069924155,Sample_100_GSE8894
LP_SGL,Negative,Neg_ctrl_Sample_96,0.0136163741245794,1765,3.24699069924155,Sample_100_GSE8894
LP_SGL,Negative,Neg_ctrl_Sample_97,-0.0276120371084635,1765,3.24699069924155,Sample_100_GSE8894
LP_SGL,Negative,Neg_ctrl_Sample_98,-0.106813939850347,1765,3.24699069924155,Sample_100_GSE8894
LP_SGL,Negative,Neg_ctrl_Sample_99,0.0770361038257548,1765,3.24699069924155,Sample_100_GSE8894
LP_SGL,Negative,Neg_ctrl_Sample_100,-0.052974557940559,1765,3.24699069924155,Sample_100_GSE8894
LP_SGL,Neutral,Neg_ctrl_Sample_1,0.0273018903587373,29268,4.46640788465105,Sample_100_GSE8894
LP_SGL,Neutral,Neg_ctrl_Sample_2,-0.00453055421014103,29268,4.46640788465105,Sample_100_GSE8894
LP_SGL,Neutral,Neg_ctrl_Sample_3,-0.148400937868076,29268,4.46640788465105,Sample_100_GSE8894
LP_SGL,Neutral,Neg_ctrl_Sample_4,-0.0929098694516333,29268,4.46640788465105,Sample_100_GSE8894
LP_SGL,Neutral,Neg_ctrl_Sample_5,-0.169134620182571,29268,4.46640788465105,Sample_100_GSE8894
LP_SGL,Neutral,Neg_ctrl_Sample_6,0.0695079665061071,29268,4.46640788465105,Sample_100_GSE8894
LP_SGL,Neutral,Neg_ctrl_Sample_7,0.0831098216167381,29268,4.46640788465105,Sample_100_GSE8894
LP_SGL,Neutral,Neg_ctrl_Sample_8,0.0633890017901744,29268,4.46640788465105,Sample_100_GSE8894
LP_SGL,Neutral,Neg_ctrl_Sample_9,-0.0975089091003185,29268,4.46640788465105,Sample_100_GSE8894
LP_SGL,Neutral,Neg_ctrl_Sample_10,0.118361771677778,29268,4.46640788465105,Sample_100_GSE8894
LP_SGL,Neutral,Neg_ctrl_Sample_11,-0.144832445981624,29268,4.46640788465105,Sample_100_GSE8894
LP_SGL,Neutral,Neg_ctrl_Sample_12,0.0495681668582409,29268,4.46640788465105,Sample_100_GSE8894
LP_SGL,Neutral,Neg_ctrl_Sample_13,0.0655459318156437,29268,4.46640788465105,Sample_100_GSE8894
LP_SGL,Neutral,Neg_ctrl_Sample_14,0.254456940916557,29268,4.46640788465105,Sample_100_GSE8894
LP_SGL,Neutral,Neg_ctrl_Sample_15,0.0557440563218952,29268,4.46640788465105,Sample_100_GSE8894
LP_SGL,Neutral,Neg_ctrl_Sample_16,-0.0457041493615322,29268,4.46640788465105,Sample_100_GSE8894
LP_SGL,Neutral,Neg_ctrl_Sample_17,0.020231844511272,29268,4.46640788465105,Sample_100_GSE8894
LP_SGL,Neutral,Neg_ctrl_Sample_18,0.016106229741807,29268,4.46640788465105,Sample_100_GSE8894
LP_SGL,Neutral,Neg_ctrl_Sample_19,0.0758280044921991,29268,4.46640788465105,Sample_100_GSE8894
LP_SGL,Neutral,Neg_ctrl_Sample_20,-0.0546890951956897,29268,4.46640788465105,Sample_100_GSE8894
LP_SGL,Neutral,Neg_ctrl_Sample_21,0.0986290666054011,29268,4.46640788465105,Sample_100_GSE8894
LP_SGL,Neutral,Neg_ctrl_Sample_22,0.131311944377501,29268,4.46640788465105,Sample_100_GSE8894
LP_SGL,Neutral,Neg_ctrl_Sample_23,-0.0208397895008702,29268,4.46640788465105,Sample_100_GSE8894
LP_SGL,Neutral,Neg_ctrl_Sample_24,0.061129171994313,29268,4.46640788465105,Sample_100_GSE8894
LP_SGL,Neutral,Neg_ctrl_Sample_25,0.20702093540627,29268,4.46640788465105,Sample_100_GSE8894
LP_SGL,Neutral,Neg_ctrl_Sample_26,0.118031791208148,29268,4.46640788465105,Sample_100_GSE8894
LP_SGL,Neutral,Neg_ctrl_Sample_27,-0.073586555644577,29268,4.46640788465105,Sample_100_GSE8894
LP_SGL,Neutral,Neg_ctrl_Sample_28,0.0701982163591769,29268,4.46640788465105,Sample_100_GSE8894
LP_SGL,Neutral,Neg_ctrl_Sample_29,0.0958596224582033,29268,4.46640788465105,Sample_100_GSE8894
LP_SGL,Neutral,Neg_ctrl_Sample_30,-4.24759191429728e-05,29268,4.46640788465105,Sample_100_GSE8894
LP_SGL,Neutral,Neg_ctrl_Sample_31,0.100051199947708,29268,4.46640788465105,Sample_100_GSE8894
LP_SGL,Neutral,Neg_ctrl_Sample_32,-0.0326182173026607,29268,4.46640788465105,Sample_100_GSE8894
LP_SGL,Neutral,Neg_ctrl_Sample_33,-0.0965490646978642,29268,4.46640788465105,Sample_100_GSE8894
LP_SGL,Neutral,Neg_ctrl_Sample_34,-0.151868882302297,29268,4.46640788465105,Sample_100_GSE8894
LP_SGL,Neutral,Neg_ctrl_Sample_35,0.094240742529325,29268,4.46640788465105,Sample_100_GSE8894
LP_SGL,Neutral,Neg_ctrl_Sample_36,0.0434949977514471,29268,4.46640788465105,Sample_100_GSE8894
LP_SGL,Neutral,Neg_ctrl_Sample_37,0.0706847736146765,29268,4.46640788465105,Sample_100_GSE8894
LP_SGL,Neutral,Neg_ctrl_Sample_38,0.00280030255914537,29268,4.46640788465105,Sample_100_GSE8894
LP_SGL,Neutral,Neg_ctrl_Sample_39,0.0321606079338278,29268,4.46640788465105,Sample_100_GSE8894
LP_SGL,Neutral,Neg_ctrl_Sample_40,-0.126014559780085,29268,4.46640788465105,Sample_100_GSE8894
LP_SGL,Neutral,Neg_ctrl_Sample_41,-0.0279537870966374,29268,4.46640788465105,Sample_100_GSE8894
LP_SGL,Neutral,Neg_ctrl_Sample_42,-0.0315799788375478,29268,4.46640788465105,Sample_100_GSE8894
LP_SGL,Neutral,Neg_ctrl_Sample_43,0.0838070875111735,29268,4.46640788465105,Sample_100_GSE8894
LP_SGL,Neutral,Neg_ctrl_Sample_44,0.0636409070627218,29268,4.46640788465105,Sample_100_GSE8894
LP_SGL,Neutral,Neg_ctrl_Sample_45,-0.0486463311328779,29268,4.46640788465105,Sample_100_GSE8894
LP_SGL,Neutral,Neg_ctrl_Sample_46,0.0381438494061749,29268,4.46640788465105,Sample_100_GSE8894
LP_SGL,Neutral,Neg_ctrl_Sample_47,0.0505797360017759,29268,4.46640788465105,Sample_100_GSE8894
LP_SGL,Neutral,Neg_ctrl_Sample_48,0.11272702837561,29268,4.46640788465105,Sample_100_GSE8894
LP_SGL,Neutral,Neg_ctrl_Sample_49,-0.0548082816982164,29268,4.46640788465105,Sample_100_GSE8894
LP_SGL,Neutral,Neg_ctrl_Sample_50,-0.0195498225544963,29268,4.46640788465105,Sample_100_GSE8894
LP_SGL,Neutral,Neg_ctrl_Sample_51,-0.147293694780556,29268,4.46640788465105,Sample_100_GSE8894
LP_SGL,Neutral,Neg_ctrl_Sample_52,-0.0383117377026731,29268,4.46640788465105,Sample_100_GSE8894
LP_SGL,Neutral,Neg_ctrl_Sample_53,0.0280656491314864,29268,4.46640788465105,Sample_100_GSE8894
LP_SGL,Neutral,Neg_ctrl_Sample_54,-0.0453819888584741,29268,4.46640788465105,Sample_100_GSE8894
LP_SGL,Neutral,Neg_ctrl_Sample_55,0.08049394292856,29268,4.46640788465105,Sample_100_GSE8894
LP_SGL,Neutral,Neg_ctrl_Sample_56,0.0994917793656323,29268,4.46640788465105,Sample_100_GSE8894
LP_SGL,Neutral,Neg_ctrl_Sample_57,0.0890130181849614,29268,4.46640788465105,Sample_100_GSE8894
LP_SGL,Neutral,Neg_ctrl_Sample_58,-0.0191325473790252,29268,4.46640788465105,Sample_100_GSE8894
LP_SGL,Neutral,Neg_ctrl_Sample_59,0.0148201360314405,29268,4.46640788465105,Sample_100_GSE8894
LP_SGL,Neutral,Neg_ctrl_Sample_60,0.135077123946621,29268,4.46640788465105,Sample_100_GSE8894
LP_SGL,Neutral,Neg_ctrl_Sample_61,-0.0631923486808377,29268,4.46640788465105,Sample_100_GSE8894
LP_SGL,Neutral,Neg_ctrl_Sample_62,0.118528155691237,29268,4.46640788465105,Sample_100_GSE8894
LP_SGL,Neutral,Neg_ctrl_Sample_63,0.107973565154059,29268,4.46640788465105,Sample_100_GSE8894
LP_SGL,Neutral,Neg_ctrl_Sample_64,-0.0115470529733882,29268,4.46640788465105,Sample_100_GSE8894
LP_SGL,Neutral,Neg_ctrl_Sample_65,-0.0884605073189141,29268,4.46640788465105,Sample_100_GSE8894
LP_SGL,Neutral,Neg_ctrl_Sample_66,0.0155959709364978,29268,4.46640788465105,Sample_100_GSE8894
LP_SGL,Neutral,Neg_ctrl_Sample_67,-0.0564489797614531,29268,4.46640788465105,Sample_100_GSE8894
LP_SGL,Neutral,Neg_ctrl_Sample_68,0.0892059024369354,29268,4.46640788465105,Sample_100_GSE8894
LP_SGL,Neutral,Neg_ctrl_Sample_69,-0.0379461494305172,29268,4.46640788465105,Sample_100_GSE8894
LP_SGL,Neutral,Neg_ctrl_Sample_70,0.0827726916170969,29268,4.46640788465105,Sample_100_GSE8894
LP_SGL,Neutral,Neg_ctrl_Sample_71,-0.00812156023322037,29268,4.46640788465105,Sample_100_GSE8894
LP_SGL,Neutral,Neg_ctrl_Sample_72,0.0687025758865985,29268,4.46640788465105,Sample_100_GSE8894
LP_SGL,Neutral,Neg_ctrl_Sample_73,-0.0607466933198221,29268,4.46640788465105,Sample_100_GSE8894
LP_SGL,Neutral,Neg_ctrl_Sample_74,0.00331181402950056,29268,4.46640788465105,Sample_100_GSE8894
LP_SGL,Neutral,Neg_ctrl_Sample_75,-0.0479326585269689,29268,4.46640788465105,Sample_100_GSE8894
LP_SGL,Neutral,Neg_ctrl_Sample_76,-0.0198235638744145,29268,4.46640788465105,Sample_100_GSE8894
LP_SGL,Neutral,Neg_ctrl_Sample_77,0.0329473239864457,29268,4.46640788465105,Sample_100_GSE8894
LP_SGL,Neutral,Neg_ctrl_Sample_78,-0.081123981615346,29268,4.46640788465105,Sample_100_GSE8894
LP_SGL,Neutral,Neg_ctrl_Sample_79,-0.122670609735942,29268,4.46640788465105,Sample_100_GSE8894
LP_SGL,Neutral,Neg_ctrl_Sample_80,0.0847692434446349,29268,4.46640788465105,Sample_100_GSE8894
LP_SGL,Neutral,Neg_ctrl_Sample_81,-0.0688364838411316,29268,4.46640788465105,Sample_100_GSE8894
LP_SGL,Neutral,Neg_ctrl_Sample_82,0.131757784977231,29268,4.46640788465105,Sample_100_GSE8894
LP_SGL,Neutral,Neg_ctrl_Sample_83,-0.125375856084331,29268,4.46640788465105,Sample_100_GSE8894
LP_SGL,Neutral,Neg_ctrl_Sample_84,-0.131573296217125,29268,4.46640788465105,Sample_100_GSE8894
LP_SGL,Neutral,Neg_ctrl_Sample_85,-0.0132586368964023,29268,4.46640788465105,Sample_100_GSE8894
LP_SGL,Neutral,Neg_ctrl_Sample_86,0.12362707594788,29268,4.46640788465105,Sample_100_GSE8894
LP_SGL,Neutral,Neg_ctrl_Sample_87,0.0731794740200527,29268,4.46640788465105,Sample_100_GSE8894
LP_SGL,Neutral,Neg_ctrl_Sample_88,-0.0373150321793297,29268,4.46640788465105,Sample_100_GSE8894
LP_SGL,Neutral,Neg_ctrl_Sample_89,-0.0532440143554902,29268,4.46640788465105,Sample_100_GSE8894
LP_SGL,Neutral,Neg_ctrl_Sample_90,0.0333168450209144,29268,4.46640788465105,Sample_100_GSE8894
LP_SGL,Neutral,Neg_ctrl_Sample_91,0.0223664382703586,29268,4.46640788465105,Sample_100_GSE8894
LP_SGL,Neutral,Neg_ctrl_Sample_92,0.179697346856269,29268,4.46640788465105,Sample_100_GSE8894
LP_SGL,Neutral,Neg_ctrl_Sample_93,0.0836820188156273,29268,4.46640788465105,Sample_100_GSE8894
LP_SGL,Neutral,Neg_ctrl_Sample_94,0.021105014077511,29268,4.46640788465105,Sample_100_GSE8894
LP_SGL,Neutral,Neg_ctrl_Sample_95,0.0400582207164106,29268,4.46640788465105,Sample_100_GSE8894
LP_SGL,Neutral,Neg_ctrl_Sample_96,-0.0240008035455036,29268,4.46640788465105,Sample_100_GSE8894
LP_SGL,Neutral,Neg_ctrl_Sample_97,-0.0389354144411206,29268,4.46640788465105,Sample_100_GSE8894
LP_SGL,Neutral,Neg_ctrl_Sample_98,-0.128112242091176,29268,4.46640788465105,Sample_100_GSE8894
LP_SGL,Neutral,Neg_ctrl_Sample_99,0.0447473595526673,29268,4.46640788465105,Sample_100_GSE8894
LP_SGL,Neutral,Neg_ctrl_Sample_100,-0.0858239936385308,29268,4.46640788465105,Sample_100_GSE8894
LP_SGL,Positive,Neg_ctrl_Sample_1,0.0371028742204908,1201,3.07990446766672,Sample_100_GSE8894
LP_SGL,Positive,Neg_ctrl_Sample_2,0.0391486853378184,1201,3.07990446766672,Sample_100_GSE8894
LP_SGL,Positive,Neg_ctrl_Sample_3,-0.0803307777163894,1201,3.07990446766672,Sample_100_GSE8894
LP_SGL,Positive,Neg_ctrl_Sample_4,-0.0809169372697089,1201,3.07990446766672,Sample_100_GSE8894
LP_SGL,Positive,Neg_ctrl_Sample_5,-0.143943129406441,1201,3.07990446766672,Sample_100_GSE8894
LP_SGL,Positive,Neg_ctrl_Sample_6,0.0699177712058816,1201,3.07990446766672,Sample_100_GSE8894
LP_SGL,Positive,Neg_ctrl_Sample_7,0.0988277420178934,1201,3.07990446766672,Sample_100_GSE8894
LP_SGL,Positive,Neg_ctrl_Sample_8,0.088535671741004,1201,3.07990446766672,Sample_100_GSE8894
LP_SGL,Positive,Neg_ctrl_Sample_9,-0.017862701225777,1201,3.07990446766672,Sample_100_GSE8894
LP_SGL,Positive,Neg_ctrl_Sample_10,0.106348709577685,1201,3.07990446766672,Sample_100_GSE8894
LP_SGL,Positive,Neg_ctrl_Sample_11,-0.0758227803870699,1201,3.07990446766672,Sample_100_GSE8894
LP_SGL,Positive,Neg_ctrl_Sample_12,0.0155512138022152,1201,3.07990446766672,Sample_100_GSE8894
LP_SGL,Positive,Neg_ctrl_Sample_13,0.0895899364107702,1201,3.07990446766672,Sample_100_GSE8894
LP_SGL,Positive,Neg_ctrl_Sample_14,0.256610380762018,1201,3.07990446766672,Sample_100_GSE8894
LP_SGL,Positive,Neg_ctrl_Sample_15,0.00376630850693485,1201,3.07990446766672,Sample_100_GSE8894
LP_SGL,Positive,Neg_ctrl_Sample_16,-0.00842410295305299,1201,3.07990446766672,Sample_100_GSE8894
LP_SGL,Positive,Neg_ctrl_Sample_17,0.0467373987020799,1201,3.07990446766672,Sample_100_GSE8894
LP_SGL,Positive,Neg_ctrl_Sample_18,0.0756028567275336,1201,3.07990446766672,Sample_100_GSE8894
LP_SGL,Positive,Neg_ctrl_Sample_19,0.120509059837773,1201,3.07990446766672,Sample_100_GSE8894
LP_SGL,Positive,Neg_ctrl_Sample_20,0.0401155096724833,1201,3.07990446766672,Sample_100_GSE8894
LP_SGL,Positive,Neg_ctrl_Sample_21,0.086422294082143,1201,3.07990446766672,Sample_100_GSE8894
LP_SGL,Positive,Neg_ctrl_Sample_22,0.132322015479808,1201,3.07990446766672,Sample_100_GSE8894
LP_SGL,Positive,Neg_ctrl_Sample_23,-0.00054756826773042,1201,3.07990446766672,Sample_100_GSE8894
LP_SGL,Positive,Neg_ctrl_Sample_24,0.0270336802014495,1201,3.07990446766672,Sample_100_GSE8894
LP_SGL,Positive,Neg_ctrl_Sample_25,0.225535693809313,1201,3.07990446766672,Sample_100_GSE8894
LP_SGL,Positive,Neg_ctrl_Sample_26,0.139768590314332,1201,3.07990446766672,Sample_100_GSE8894
LP_SGL,Positive,Neg_ctrl_Sample_27,-0.0605622660080316,1201,3.07990446766672,Sample_100_GSE8894
LP_SGL,Positive,Neg_ctrl_Sample_28,0.0610557812420646,1201,3.07990446766672,Sample_100_GSE8894
LP_SGL,Positive,Neg_ctrl_Sample_29,0.0440094687064509,1201,3.07990446766672,Sample_100_GSE8894
LP_SGL,Positive,Neg_ctrl_Sample_30,0.0581331888893983,1201,3.07990446766672,Sample_100_GSE8894
LP_SGL,Positive,Neg_ctrl_Sample_31,0.173519991518003,1201,3.07990446766672,Sample_100_GSE8894
LP_SGL,Positive,Neg_ctrl_Sample_32,0.0292082763844486,1201,3.07990446766672,Sample_100_GSE8894
LP_SGL,Positive,Neg_ctrl_Sample_33,-0.0671233477121898,1201,3.07990446766672,Sample_100_GSE8894
LP_SGL,Positive,Neg_ctrl_Sample_34,-0.115404111637033,1201,3.07990446766672,Sample_100_GSE8894
LP_SGL,Positive,Neg_ctrl_Sample_35,0.0762297773616107,1201,3.07990446766672,Sample_100_GSE8894
LP_SGL,Positive,Neg_ctrl_Sample_36,0.0908730578325557,1201,3.07990446766672,Sample_100_GSE8894
LP_SGL,Positive,Neg_ctrl_Sample_37,0.102309063960093,1201,3.07990446766672,Sample_100_GSE8894
LP_SGL,Positive,Neg_ctrl_Sample_38,0.0315420526005418,1201,3.07990446766672,Sample_100_GSE8894
LP_SGL,Positive,Neg_ctrl_Sample_39,0.101118054275276,1201,3.07990446766672,Sample_100_GSE8894
LP_SGL,Positive,Neg_ctrl_Sample_40,-0.113164753357703,1201,3.07990446766672,Sample_100_GSE8894
LP_SGL,Positive,Neg_ctrl_Sample_41,-0.00968812563943043,1201,3.07990446766672,Sample_100_GSE8894
LP_SGL,Positive,Neg_ctrl_Sample_42,-0.036633511799467,1201,3.07990446766672,Sample_100_GSE8894
LP_SGL,Positive,Neg_ctrl_Sample_43,0.053649676555796,1201,3.07990446766672,Sample_100_GSE8894
LP_SGL,Positive,Neg_ctrl_Sample_44,0.0735473097900682,1201,3.07990446766672,Sample_100_GSE8894
LP_SGL,Positive,Neg_ctrl_Sample_45,-0.0094789227593592,1201,3.07990446766672,Sample_100_GSE8894
LP_SGL,Positive,Neg_ctrl_Sample_46,0.0426161685820308,1201,3.07990446766672,Sample_100_GSE8894
LP_SGL,Positive,Neg_ctrl_Sample_47,0.0344547991841631,1201,3.07990446766672,Sample_100_GSE8894
LP_SGL,Positive,Neg_ctrl_Sample_48,0.0849080357685022,1201,3.07990446766672,Sample_100_GSE8894
LP_SGL,Positive,Neg_ctrl_Sample_49,-0.0284110252056009,1201,3.07990446766672,Sample_100_GSE8894
LP_SGL,Positive,Neg_ctrl_Sample_50,0.0251888183746827,1201,3.07990446766672,Sample_100_GSE8894
LP_SGL,Positive,Neg_ctrl_Sample_51,-0.130401518418473,1201,3.07990446766672,Sample_100_GSE8894
LP_SGL,Positive,Neg_ctrl_Sample_52,-0.0631966154213675,1201,3.07990446766672,Sample_100_GSE8894
LP_SGL,Positive,Neg_ctrl_Sample_53,0.115709169711496,1201,3.07990446766672,Sample_100_GSE8894
LP_SGL,Positive,Neg_ctrl_Sample_54,-0.0988371981793628,1201,3.07990446766672,Sample_100_GSE8894
LP_SGL,Positive,Neg_ctrl_Sample_55,0.105645667433139,1201,3.07990446766672,Sample_100_GSE8894
LP_SGL,Positive,Neg_ctrl_Sample_56,0.0635827512705104,1201,3.07990446766672,Sample_100_GSE8894
LP_SGL,Positive,Neg_ctrl_Sample_57,0.083445217807754,1201,3.07990446766672,Sample_100_GSE8894
LP_SGL,Positive,Neg_ctrl_Sample_58,-0.00736052768943254,1201,3.07990446766672,Sample_100_GSE8894
LP_SGL,Positive,Neg_ctrl_Sample_59,0.00623695586360162,1201,3.07990446766672,Sample_100_GSE8894
LP_SGL,Positive,Neg_ctrl_Sample_60,0.156062435122254,1201,3.07990446766672,Sample_100_GSE8894
LP_SGL,Positive,Neg_ctrl_Sample_61,-0.000680675772276257,1201,3.07990446766672,Sample_100_GSE8894
LP_SGL,Positive,Neg_ctrl_Sample_62,0.156976179341763,1201,3.07990446766672,Sample_100_GSE8894
LP_SGL,Positive,Neg_ctrl_Sample_63,0.131482995166753,1201,3.07990446766672,Sample_100_GSE8894
LP_SGL,Positive,Neg_ctrl_Sample_64,-0.0273991173407026,1201,3.07990446766672,Sample_100_GSE8894
LP_SGL,Positive,Neg_ctrl_Sample_65,-0.0582181365445983,1201,3.07990446766672,Sample_100_GSE8894
LP_SGL,Positive,Neg_ctrl_Sample_66,0.0260502747674488,1201,3.07990446766672,Sample_100_GSE8894
LP_SGL,Positive,Neg_ctrl_Sample_67,-0.00523598102390897,1201,3.07990446766672,Sample_100_GSE8894
LP_SGL,Positive,Neg_ctrl_Sample_68,0.148939864484683,1201,3.07990446766672,Sample_100_GSE8894
LP_SGL,Positive,Neg_ctrl_Sample_69,-0.0284748309552603,1201,3.07990446766672,Sample_100_GSE8894
LP_SGL,Positive,Neg_ctrl_Sample_70,0.0747086052381879,1201,3.07990446766672,Sample_100_GSE8894
LP_SGL,Positive,Neg_ctrl_Sample_71,0.00393860112708801,1201,3.07990446766672,Sample_100_GSE8894
LP_SGL,Positive,Neg_ctrl_Sample_72,0.0601795610284171,1201,3.07990446766672,Sample_100_GSE8894
LP_SGL,Positive,Neg_ctrl_Sample_73,-0.0680446347632661,1201,3.07990446766672,Sample_100_GSE8894
LP_SGL,Positive,Neg_ctrl_Sample_74,-0.00507915447038789,1201,3.07990446766672,Sample_100_GSE8894
LP_SGL,Positive,Neg_ctrl_Sample_75,-0.0248565027668039,1201,3.07990446766672,Sample_100_GSE8894
LP_SGL,Positive,Neg_ctrl_Sample_76,-0.0213987964709539,1201,3.07990446766672,Sample_100_GSE8894
LP_SGL,Positive,Neg_ctrl_Sample_77,0.0724306826979916,1201,3.07990446766672,Sample_100_GSE8894
LP_SGL,Positive,Neg_ctrl_Sample_78,-0.0477652841533901,1201,3.07990446766672,Sample_100_GSE8894
LP_SGL,Positive,Neg_ctrl_Sample_79,-0.116116004826391,1201,3.07990446766672,Sample_100_GSE8894
LP_SGL,Positive,Neg_ctrl_Sample_80,0.136735097571874,1201,3.07990446766672,Sample_100_GSE8894
LP_SGL,Positive,Neg_ctrl_Sample_81,-0.0213405359784826,1201,3.07990446766672,Sample_100_GSE8894
LP_SGL,Positive,Neg_ctrl_Sample_82,0.0925811269361716,1201,3.07990446766672,Sample_100_GSE8894
LP_SGL,Positive,Neg_ctrl_Sample_83,-0.0530573859435289,1201,3.07990446766672,Sample_100_GSE8894
LP_SGL,Positive,Neg_ctrl_Sample_84,-0.117731966023258,1201,3.07990446766672,Sample_100_GSE8894
LP_SGL,Positive,Neg_ctrl_Sample_85,-0.00791822258282747,1201,3.07990446766672,Sample_100_GSE8894
LP_SGL,Positive,Neg_ctrl_Sample_86,0.10798689150175,1201,3.07990446766672,Sample_100_GSE8894
LP_SGL,Positive,Neg_ctrl_Sample_87,0.0720968526656141,1201,3.07990446766672,Sample_100_GSE8894
LP_SGL,Positive,Neg_ctrl_Sample_88,-0.0515707999355971,1201,3.07990446766672,Sample_100_GSE8894
LP_SGL,Positive,Neg_ctrl_Sample_89,-0.0363621767678964,1201,3.07990446766672,Sample_100_GSE8894
LP_SGL,Positive,Neg_ctrl_Sample_90,0.0525341502482822,1201,3.07990446766672,Sample_100_GSE8894
LP_SGL,Positive,Neg_ctrl_Sample_91,0.0283195122143149,1201,3.07990446766672,Sample_100_GSE8894
LP_SGL,Positive,Neg_ctrl_Sample_92,0.156653186634272,1201,3.07990446766672,Sample_100_GSE8894
LP_SGL,Positive,Neg_ctrl_Sample_93,0.106961209236795,1201,3.07990446766672,Sample_100_GSE8894
LP_SGL,Positive,Neg_ctrl_Sample_94,0.0501883157085155,1201,3.07990446766672,Sample_100_GSE8894
LP_SGL,Positive,Neg_ctrl_Sample_95,0.0901201668190055,1201,3.07990446766672,Sample_100_GSE8894
LP_SGL,Positive,Neg_ctrl_Sample_96,0.0694052647386835,1201,3.07990446766672,Sample_100_GSE8894
LP_SGL,Positive,Neg_ctrl_Sample_97,0.023472883685735,1201,3.07990446766672,Sample_100_GSE8894
LP_SGL,Positive,Neg_ctrl_Sample_98,-0.0983028735343468,1201,3.07990446766672,Sample_100_GSE8894
LP_SGL,Positive,Neg_ctrl_Sample_99,0.0866496748562377,1201,3.07990446766672,Sample_100_GSE8894
LP_SGL,Positive,Neg_ctrl_Sample_100,-0.0789068127657,1201,3.07990446766672,Sample_100_GSE8894
