meta_column,label_value,score_group,mean_score,count,log_count,sample
scissor,Negative,Neg_ctrl_Sample_1,0.0699845187130035,273,2.43775056282039,Sample_100_GSE140261
scissor,Negative,Neg_ctrl_Sample_2,-0.0401721860514526,273,2.43775056282039,Sample_100_GSE140261
scissor,Negative,Neg_ctrl_Sample_3,0.0595448564036803,273,2.43775056282039,Sample_100_GSE140261
scissor,Negative,Neg_ctrl_Sample_4,0.0414856632081333,273,2.43775056282039,Sample_100_GSE140261
scissor,Negative,Neg_ctrl_Sample_5,0.0286634565025207,273,2.43775056282039,Sample_100_GSE140261
scissor,Negative,Neg_ctrl_Sample_6,-0.11931069678751,273,2.43775056282039,Sample_100_GSE140261
scissor,Negative,Neg_ctrl_Sample_7,-0.0946134082982804,273,2.43775056282039,Sample_100_GSE140261
scissor,Negative,Neg_ctrl_Sample_8,-0.10072336750105,273,2.43775056282039,Sample_100_GSE140261
scissor,Negative,Neg_ctrl_Sample_9,0.0572471105553561,273,2.43775056282039,Sample_100_GSE140261
scissor,Negative,Neg_ctrl_Sample_10,-0.0639872838584906,273,2.43775056282039,Sample_100_GSE140261
scissor,Negative,Neg_ctrl_Sample_11,-0.130316300402137,273,2.43775056282039,Sample_100_GSE140261
scissor,Negative,Neg_ctrl_Sample_12,0.0443821526398627,273,2.43775056282039,Sample_100_GSE140261
scissor,Negative,Neg_ctrl_Sample_13,0.0326352549370539,273,2.43775056282039,Sample_100_GSE140261
scissor,Negative,Neg_ctrl_Sample_14,0.0923448014491543,273,2.43775056282039,Sample_100_GSE140261
scissor,Negative,Neg_ctrl_Sample_15,0.161796191745557,273,2.43775056282039,Sample_100_GSE140261
scissor,Negative,Neg_ctrl_Sample_16,0.092701377094405,273,2.43775056282039,Sample_100_GSE140261
scissor,Negative,Neg_ctrl_Sample_17,-0.220591968631255,273,2.43775056282039,Sample_100_GSE140261
scissor,Negative,Neg_ctrl_Sample_18,-0.0363834190465569,273,2.43775056282039,Sample_100_GSE140261
scissor,Negative,Neg_ctrl_Sample_19,0.0226334239973922,273,2.43775056282039,Sample_100_GSE140261
scissor,Negative,Neg_ctrl_Sample_20,-0.0801406232501109,273,2.43775056282039,Sample_100_GSE140261
scissor,Negative,Neg_ctrl_Sample_21,0.0297750693821621,273,2.43775056282039,Sample_100_GSE140261
scissor,Negative,Neg_ctrl_Sample_22,-0.0460148999554179,273,2.43775056282039,Sample_100_GSE140261
scissor,Negative,Neg_ctrl_Sample_23,-0.162733729379086,273,2.43775056282039,Sample_100_GSE140261
scissor,Negative,Neg_ctrl_Sample_24,-0.164675951878718,273,2.43775056282039,Sample_100_GSE140261
scissor,Negative,Neg_ctrl_Sample_25,0.141525995681002,273,2.43775056282039,Sample_100_GSE140261
scissor,Negative,Neg_ctrl_Sample_26,0.0543156767992083,273,2.43775056282039,Sample_100_GSE140261
scissor,Negative,Neg_ctrl_Sample_27,0.229041067525945,273,2.43775056282039,Sample_100_GSE140261
scissor,Negative,Neg_ctrl_Sample_28,0.220204469223612,273,2.43775056282039,Sample_100_GSE140261
scissor,Negative,Neg_ctrl_Sample_29,-0.0215828289336223,273,2.43775056282039,Sample_100_GSE140261
scissor,Negative,Neg_ctrl_Sample_30,0.115465237457129,273,2.43775056282039,Sample_100_GSE140261
scissor,Negative,Neg_ctrl_Sample_31,0.182136380625471,273,2.43775056282039,Sample_100_GSE140261
scissor,Negative,Neg_ctrl_Sample_32,0.0913077749373426,273,2.43775056282039,Sample_100_GSE140261
scissor,Negative,Neg_ctrl_Sample_33,0.174172354242701,273,2.43775056282039,Sample_100_GSE140261
scissor,Negative,Neg_ctrl_Sample_34,-0.0309481803398083,273,2.43775056282039,Sample_100_GSE140261
scissor,Negative,Neg_ctrl_Sample_35,0.111159368743812,273,2.43775056282039,Sample_100_GSE140261
scissor,Negative,Neg_ctrl_Sample_36,0.144672342778175,273,2.43775056282039,Sample_100_GSE140261
scissor,Negative,Neg_ctrl_Sample_37,0.219794078043203,273,2.43775056282039,Sample_100_GSE140261
scissor,Negative,Neg_ctrl_Sample_38,0.0858385301050836,273,2.43775056282039,Sample_100_GSE140261
scissor,Negative,Neg_ctrl_Sample_39,0.0387104893952757,273,2.43775056282039,Sample_100_GSE140261
scissor,Negative,Neg_ctrl_Sample_40,0.0485113991800308,273,2.43775056282039,Sample_100_GSE140261
scissor,Negative,Neg_ctrl_Sample_41,-0.139940892778924,273,2.43775056282039,Sample_100_GSE140261
scissor,Negative,Neg_ctrl_Sample_42,0.0196020383526222,273,2.43775056282039,Sample_100_GSE140261
scissor,Negative,Neg_ctrl_Sample_43,0.136269806649346,273,2.43775056282039,Sample_100_GSE140261
scissor,Negative,Neg_ctrl_Sample_44,0.245078397075014,273,2.43775056282039,Sample_100_GSE140261
scissor,Negative,Neg_ctrl_Sample_45,0.275652416010759,273,2.43775056282039,Sample_100_GSE140261
scissor,Negative,Neg_ctrl_Sample_46,0.0252634968924631,273,2.43775056282039,Sample_100_GSE140261
scissor,Negative,Neg_ctrl_Sample_47,-0.0336999784217549,273,2.43775056282039,Sample_100_GSE140261
scissor,Negative,Neg_ctrl_Sample_48,0.240797180735926,273,2.43775056282039,Sample_100_GSE140261
scissor,Negative,Neg_ctrl_Sample_49,0.00589341507006836,273,2.43775056282039,Sample_100_GSE140261
scissor,Negative,Neg_ctrl_Sample_50,0.0236079914779116,273,2.43775056282039,Sample_100_GSE140261
scissor,Negative,Neg_ctrl_Sample_51,0.0166483843024021,273,2.43775056282039,Sample_100_GSE140261
scissor,Negative,Neg_ctrl_Sample_52,0.0719127750041162,273,2.43775056282039,Sample_100_GSE140261
scissor,Negative,Neg_ctrl_Sample_53,0.163009764508425,273,2.43775056282039,Sample_100_GSE140261
scissor,Negative,Neg_ctrl_Sample_54,0.110846185066655,273,2.43775056282039,Sample_100_GSE140261
scissor,Negative,Neg_ctrl_Sample_55,-0.000560179682416839,273,2.43775056282039,Sample_100_GSE140261
scissor,Negative,Neg_ctrl_Sample_56,0.147307567288548,273,2.43775056282039,Sample_100_GSE140261
scissor,Negative,Neg_ctrl_Sample_57,-0.0262709882522439,273,2.43775056282039,Sample_100_GSE140261
scissor,Negative,Neg_ctrl_Sample_58,-0.0100459762476796,273,2.43775056282039,Sample_100_GSE140261
scissor,Negative,Neg_ctrl_Sample_59,0.122663383979636,273,2.43775056282039,Sample_100_GSE140261
scissor,Negative,Neg_ctrl_Sample_60,0.239261894137091,273,2.43775056282039,Sample_100_GSE140261
scissor,Negative,Neg_ctrl_Sample_61,0.261883298260841,273,2.43775056282039,Sample_100_GSE140261
scissor,Negative,Neg_ctrl_Sample_62,-0.000624732468614009,273,2.43775056282039,Sample_100_GSE140261
scissor,Negative,Neg_ctrl_Sample_63,0.114774447127593,273,2.43775056282039,Sample_100_GSE140261
scissor,Negative,Neg_ctrl_Sample_64,0.0243193847104,273,2.43775056282039,Sample_100_GSE140261
scissor,Negative,Neg_ctrl_Sample_65,0.146556150422397,273,2.43775056282039,Sample_100_GSE140261
scissor,Negative,Neg_ctrl_Sample_66,0.135017881504081,273,2.43775056282039,Sample_100_GSE140261
scissor,Negative,Neg_ctrl_Sample_67,-0.152574186458072,273,2.43775056282039,Sample_100_GSE140261
scissor,Negative,Neg_ctrl_Sample_68,-0.20837165269253,273,2.43775056282039,Sample_100_GSE140261
scissor,Negative,Neg_ctrl_Sample_69,-0.0788235473674121,273,2.43775056282039,Sample_100_GSE140261
scissor,Negative,Neg_ctrl_Sample_70,-0.0873710929539397,273,2.43775056282039,Sample_100_GSE140261
scissor,Negative,Neg_ctrl_Sample_71,0.0665132947085983,273,2.43775056282039,Sample_100_GSE140261
scissor,Negative,Neg_ctrl_Sample_72,-0.203678554817268,273,2.43775056282039,Sample_100_GSE140261
scissor,Negative,Neg_ctrl_Sample_73,0.0102592028058714,273,2.43775056282039,Sample_100_GSE140261
scissor,Negative,Neg_ctrl_Sample_74,-0.159987117329313,273,2.43775056282039,Sample_100_GSE140261
scissor,Negative,Neg_ctrl_Sample_75,-0.0453426843064918,273,2.43775056282039,Sample_100_GSE140261
scissor,Negative,Neg_ctrl_Sample_76,-0.0289303184710797,273,2.43775056282039,Sample_100_GSE140261
scissor,Negative,Neg_ctrl_Sample_77,0.213319622170686,273,2.43775056282039,Sample_100_GSE140261
scissor,Negative,Neg_ctrl_Sample_78,0.152681262087188,273,2.43775056282039,Sample_100_GSE140261
scissor,Negative,Neg_ctrl_Sample_79,0.170161570385339,273,2.43775056282039,Sample_100_GSE140261
scissor,Negative,Neg_ctrl_Sample_80,0.164258323325756,273,2.43775056282039,Sample_100_GSE140261
scissor,Negative,Neg_ctrl_Sample_81,0.240676991269754,273,2.43775056282039,Sample_100_GSE140261
scissor,Negative,Neg_ctrl_Sample_82,0.209259236031573,273,2.43775056282039,Sample_100_GSE140261
scissor,Negative,Neg_ctrl_Sample_83,-0.135419285491839,273,2.43775056282039,Sample_100_GSE140261
scissor,Negative,Neg_ctrl_Sample_84,0.206411617401309,273,2.43775056282039,Sample_100_GSE140261
scissor,Negative,Neg_ctrl_Sample_85,0.198332796975043,273,2.43775056282039,Sample_100_GSE140261
scissor,Negative,Neg_ctrl_Sample_86,-0.21756011864249,273,2.43775056282039,Sample_100_GSE140261
scissor,Negative,Neg_ctrl_Sample_87,-0.00301025725550403,273,2.43775056282039,Sample_100_GSE140261
scissor,Negative,Neg_ctrl_Sample_88,0.00411120513948735,273,2.43775056282039,Sample_100_GSE140261
scissor,Negative,Neg_ctrl_Sample_89,0.160004210034401,273,2.43775056282039,Sample_100_GSE140261
scissor,Negative,Neg_ctrl_Sample_90,-0.0238446590571601,273,2.43775056282039,Sample_100_GSE140261
scissor,Negative,Neg_ctrl_Sample_91,-0.0743094012031108,273,2.43775056282039,Sample_100_GSE140261
scissor,Negative,Neg_ctrl_Sample_92,0.0409556530499834,273,2.43775056282039,Sample_100_GSE140261
scissor,Negative,Neg_ctrl_Sample_93,0.0519898629698849,273,2.43775056282039,Sample_100_GSE140261
scissor,Negative,Neg_ctrl_Sample_94,0.311109367801719,273,2.43775056282039,Sample_100_GSE140261
scissor,Negative,Neg_ctrl_Sample_95,0.0833153468614377,273,2.43775056282039,Sample_100_GSE140261
scissor,Negative,Neg_ctrl_Sample_96,-0.0797780732662131,273,2.43775056282039,Sample_100_GSE140261
scissor,Negative,Neg_ctrl_Sample_97,-0.00659240395710344,273,2.43775056282039,Sample_100_GSE140261
scissor,Negative,Neg_ctrl_Sample_98,0.13952017130079,273,2.43775056282039,Sample_100_GSE140261
scissor,Negative,Neg_ctrl_Sample_99,-0.143583785267182,273,2.43775056282039,Sample_100_GSE140261
scissor,Negative,Neg_ctrl_Sample_100,0.148099401975532,273,2.43775056282039,Sample_100_GSE140261
scissor,Neutral,Neg_ctrl_Sample_1,0.0587264036689174,5292,3.72370189399127,Sample_100_GSE140261
scissor,Neutral,Neg_ctrl_Sample_2,-0.0291956922709309,5292,3.72370189399127,Sample_100_GSE140261
scissor,Neutral,Neg_ctrl_Sample_3,0.0713685305200057,5292,3.72370189399127,Sample_100_GSE140261
scissor,Neutral,Neg_ctrl_Sample_4,0.0488648660061632,5292,3.72370189399127,Sample_100_GSE140261
scissor,Neutral,Neg_ctrl_Sample_5,0.0464089327006178,5292,3.72370189399127,Sample_100_GSE140261
scissor,Neutral,Neg_ctrl_Sample_6,-0.0829409026242583,5292,3.72370189399127,Sample_100_GSE140261
scissor,Neutral,Neg_ctrl_Sample_7,-0.0551844870118557,5292,3.72370189399127,Sample_100_GSE140261
scissor,Neutral,Neg_ctrl_Sample_8,-0.0846326021842647,5292,3.72370189399127,Sample_100_GSE140261
scissor,Neutral,Neg_ctrl_Sample_9,0.0742290547732753,5292,3.72370189399127,Sample_100_GSE140261
scissor,Neutral,Neg_ctrl_Sample_10,-0.0497683691056775,5292,3.72370189399127,Sample_100_GSE140261
scissor,Neutral,Neg_ctrl_Sample_11,-0.11223418887756,5292,3.72370189399127,Sample_100_GSE140261
scissor,Neutral,Neg_ctrl_Sample_12,0.0384994773834047,5292,3.72370189399127,Sample_100_GSE140261
scissor,Neutral,Neg_ctrl_Sample_13,0.0514271360417064,5292,3.72370189399127,Sample_100_GSE140261
scissor,Neutral,Neg_ctrl_Sample_14,0.0957520117653546,5292,3.72370189399127,Sample_100_GSE140261
scissor,Neutral,Neg_ctrl_Sample_15,0.137379385349055,5292,3.72370189399127,Sample_100_GSE140261
scissor,Neutral,Neg_ctrl_Sample_16,0.0743331424402571,5292,3.72370189399127,Sample_100_GSE140261
scissor,Neutral,Neg_ctrl_Sample_17,-0.205775842442454,5292,3.72370189399127,Sample_100_GSE140261
scissor,Neutral,Neg_ctrl_Sample_18,-0.0413009380837821,5292,3.72370189399127,Sample_100_GSE140261
scissor,Neutral,Neg_ctrl_Sample_19,0.0135140363200701,5292,3.72370189399127,Sample_100_GSE140261
scissor,Neutral,Neg_ctrl_Sample_20,-0.0414697384354764,5292,3.72370189399127,Sample_100_GSE140261
scissor,Neutral,Neg_ctrl_Sample_21,0.0460932937740267,5292,3.72370189399127,Sample_100_GSE140261
scissor,Neutral,Neg_ctrl_Sample_22,-0.0423084874398255,5292,3.72370189399127,Sample_100_GSE140261
scissor,Neutral,Neg_ctrl_Sample_23,-0.171587256208353,5292,3.72370189399127,Sample_100_GSE140261
scissor,Neutral,Neg_ctrl_Sample_24,-0.151355926139036,5292,3.72370189399127,Sample_100_GSE140261
scissor,Neutral,Neg_ctrl_Sample_25,0.139997870738863,5292,3.72370189399127,Sample_100_GSE140261
scissor,Neutral,Neg_ctrl_Sample_26,0.0392461544883924,5292,3.72370189399127,Sample_100_GSE140261
scissor,Neutral,Neg_ctrl_Sample_27,0.238047594652551,5292,3.72370189399127,Sample_100_GSE140261
scissor,Neutral,Neg_ctrl_Sample_28,0.203481877473514,5292,3.72370189399127,Sample_100_GSE140261
scissor,Neutral,Neg_ctrl_Sample_29,-0.0233988046003236,5292,3.72370189399127,Sample_100_GSE140261
scissor,Neutral,Neg_ctrl_Sample_30,0.124856470851616,5292,3.72370189399127,Sample_100_GSE140261
scissor,Neutral,Neg_ctrl_Sample_31,0.174707277359758,5292,3.72370189399127,Sample_100_GSE140261
scissor,Neutral,Neg_ctrl_Sample_32,0.0989474523326366,5292,3.72370189399127,Sample_100_GSE140261
scissor,Neutral,Neg_ctrl_Sample_33,0.180441860410142,5292,3.72370189399127,Sample_100_GSE140261
scissor,Neutral,Neg_ctrl_Sample_34,-0.0231646079918019,5292,3.72370189399127,Sample_100_GSE140261
scissor,Neutral,Neg_ctrl_Sample_35,0.115080645617958,5292,3.72370189399127,Sample_100_GSE140261
scissor,Neutral,Neg_ctrl_Sample_36,0.12640248617488,5292,3.72370189399127,Sample_100_GSE140261
scissor,Neutral,Neg_ctrl_Sample_37,0.235033368838577,5292,3.72370189399127,Sample_100_GSE140261
scissor,Neutral,Neg_ctrl_Sample_38,0.0939848679083643,5292,3.72370189399127,Sample_100_GSE140261
scissor,Neutral,Neg_ctrl_Sample_39,0.0336148963024642,5292,3.72370189399127,Sample_100_GSE140261
scissor,Neutral,Neg_ctrl_Sample_40,0.0655741462670405,5292,3.72370189399127,Sample_100_GSE140261
scissor,Neutral,Neg_ctrl_Sample_41,-0.135322546013048,5292,3.72370189399127,Sample_100_GSE140261
scissor,Neutral,Neg_ctrl_Sample_42,0.0315821102885478,5292,3.72370189399127,Sample_100_GSE140261
scissor,Neutral,Neg_ctrl_Sample_43,0.146744328940264,5292,3.72370189399127,Sample_100_GSE140261
scissor,Neutral,Neg_ctrl_Sample_44,0.230136844216335,5292,3.72370189399127,Sample_100_GSE140261
scissor,Neutral,Neg_ctrl_Sample_45,0.262336743398203,5292,3.72370189399127,Sample_100_GSE140261
scissor,Neutral,Neg_ctrl_Sample_46,0.024750010614078,5292,3.72370189399127,Sample_100_GSE140261
scissor,Neutral,Neg_ctrl_Sample_47,-0.0211884901902896,5292,3.72370189399127,Sample_100_GSE140261
scissor,Neutral,Neg_ctrl_Sample_48,0.285367148773784,5292,3.72370189399127,Sample_100_GSE140261
scissor,Neutral,Neg_ctrl_Sample_49,0.0258443169483798,5292,3.72370189399127,Sample_100_GSE140261
scissor,Neutral,Neg_ctrl_Sample_50,0.0344633551022586,5292,3.72370189399127,Sample_100_GSE140261
scissor,Neutral,Neg_ctrl_Sample_51,0.027763452160099,5292,3.72370189399127,Sample_100_GSE140261
scissor,Neutral,Neg_ctrl_Sample_52,0.0684390134894931,5292,3.72370189399127,Sample_100_GSE140261
scissor,Neutral,Neg_ctrl_Sample_53,0.160673798589747,5292,3.72370189399127,Sample_100_GSE140261
scissor,Neutral,Neg_ctrl_Sample_54,0.110581604980427,5292,3.72370189399127,Sample_100_GSE140261
scissor,Neutral,Neg_ctrl_Sample_55,0.00248772108932962,5292,3.72370189399127,Sample_100_GSE140261
scissor,Neutral,Neg_ctrl_Sample_56,0.139486538077396,5292,3.72370189399127,Sample_100_GSE140261
scissor,Neutral,Neg_ctrl_Sample_57,-0.00281546343293688,5292,3.72370189399127,Sample_100_GSE140261
scissor,Neutral,Neg_ctrl_Sample_58,0.000885566890567908,5292,3.72370189399127,Sample_100_GSE140261
scissor,Neutral,Neg_ctrl_Sample_59,0.161704258878252,5292,3.72370189399127,Sample_100_GSE140261
scissor,Neutral,Neg_ctrl_Sample_60,0.243315551005194,5292,3.72370189399127,Sample_100_GSE140261
scissor,Neutral,Neg_ctrl_Sample_61,0.267927558720881,5292,3.72370189399127,Sample_100_GSE140261
scissor,Neutral,Neg_ctrl_Sample_62,0.0084555390113277,5292,3.72370189399127,Sample_100_GSE140261
scissor,Neutral,Neg_ctrl_Sample_63,0.0993891902935429,5292,3.72370189399127,Sample_100_GSE140261
scissor,Neutral,Neg_ctrl_Sample_64,0.0451085301728741,5292,3.72370189399127,Sample_100_GSE140261
scissor,Neutral,Neg_ctrl_Sample_65,0.152545740817811,5292,3.72370189399127,Sample_100_GSE140261
scissor,Neutral,Neg_ctrl_Sample_66,0.149689549538714,5292,3.72370189399127,Sample_100_GSE140261
scissor,Neutral,Neg_ctrl_Sample_67,-0.147803844756868,5292,3.72370189399127,Sample_100_GSE140261
scissor,Neutral,Neg_ctrl_Sample_68,-0.203275468051691,5292,3.72370189399127,Sample_100_GSE140261
scissor,Neutral,Neg_ctrl_Sample_69,-0.0882911149182375,5292,3.72370189399127,Sample_100_GSE140261
scissor,Neutral,Neg_ctrl_Sample_70,-0.0964162548998436,5292,3.72370189399127,Sample_100_GSE140261
scissor,Neutral,Neg_ctrl_Sample_71,0.0836707799062267,5292,3.72370189399127,Sample_100_GSE140261
scissor,Neutral,Neg_ctrl_Sample_72,-0.201485972223641,5292,3.72370189399127,Sample_100_GSE140261
scissor,Neutral,Neg_ctrl_Sample_73,0.0274325534926129,5292,3.72370189399127,Sample_100_GSE140261
scissor,Neutral,Neg_ctrl_Sample_74,-0.144686432075639,5292,3.72370189399127,Sample_100_GSE140261
scissor,Neutral,Neg_ctrl_Sample_75,-0.0545953830915871,5292,3.72370189399127,Sample_100_GSE140261
scissor,Neutral,Neg_ctrl_Sample_76,-0.0129427622504558,5292,3.72370189399127,Sample_100_GSE140261
scissor,Neutral,Neg_ctrl_Sample_77,0.20532450115139,5292,3.72370189399127,Sample_100_GSE140261
scissor,Neutral,Neg_ctrl_Sample_78,0.136630672582835,5292,3.72370189399127,Sample_100_GSE140261
scissor,Neutral,Neg_ctrl_Sample_79,0.181821997853367,5292,3.72370189399127,Sample_100_GSE140261
scissor,Neutral,Neg_ctrl_Sample_80,0.15365171482429,5292,3.72370189399127,Sample_100_GSE140261
scissor,Neutral,Neg_ctrl_Sample_81,0.23983617655413,5292,3.72370189399127,Sample_100_GSE140261
scissor,Neutral,Neg_ctrl_Sample_82,0.210818455771034,5292,3.72370189399127,Sample_100_GSE140261
scissor,Neutral,Neg_ctrl_Sample_83,-0.114441362840653,5292,3.72370189399127,Sample_100_GSE140261
scissor,Neutral,Neg_ctrl_Sample_84,0.191733300301196,5292,3.72370189399127,Sample_100_GSE140261
scissor,Neutral,Neg_ctrl_Sample_85,0.209930521235311,5292,3.72370189399127,Sample_100_GSE140261
scissor,Neutral,Neg_ctrl_Sample_86,-0.20557701540488,5292,3.72370189399127,Sample_100_GSE140261
scissor,Neutral,Neg_ctrl_Sample_87,-0.00576184314142318,5292,3.72370189399127,Sample_100_GSE140261
scissor,Neutral,Neg_ctrl_Sample_88,0.0303914289935983,5292,3.72370189399127,Sample_100_GSE140261
scissor,Neutral,Neg_ctrl_Sample_89,0.164759363170425,5292,3.72370189399127,Sample_100_GSE140261
scissor,Neutral,Neg_ctrl_Sample_90,-0.0219568556666174,5292,3.72370189399127,Sample_100_GSE140261
scissor,Neutral,Neg_ctrl_Sample_91,-0.0736117648141182,5292,3.72370189399127,Sample_100_GSE140261
scissor,Neutral,Neg_ctrl_Sample_92,0.0331575769027611,5292,3.72370189399127,Sample_100_GSE140261
scissor,Neutral,Neg_ctrl_Sample_93,0.0521045502196821,5292,3.72370189399127,Sample_100_GSE140261
scissor,Neutral,Neg_ctrl_Sample_94,0.280426841466046,5292,3.72370189399127,Sample_100_GSE140261
scissor,Neutral,Neg_ctrl_Sample_95,0.095493411458192,5292,3.72370189399127,Sample_100_GSE140261
scissor,Neutral,Neg_ctrl_Sample_96,-0.08763523912994,5292,3.72370189399127,Sample_100_GSE140261
scissor,Neutral,Neg_ctrl_Sample_97,0.0115552069156039,5292,3.72370189399127,Sample_100_GSE140261
scissor,Neutral,Neg_ctrl_Sample_98,0.146557669107813,5292,3.72370189399127,Sample_100_GSE140261
scissor,Neutral,Neg_ctrl_Sample_99,-0.122467740425295,5292,3.72370189399127,Sample_100_GSE140261
scissor,Neutral,Neg_ctrl_Sample_100,0.152871443148775,5292,3.72370189399127,Sample_100_GSE140261
scissor,Positive,Neg_ctrl_Sample_1,0.0454274925843647,928,2.96801571399364,Sample_100_GSE140261
scissor,Positive,Neg_ctrl_Sample_2,-0.0114885429855825,928,2.96801571399364,Sample_100_GSE140261
scissor,Positive,Neg_ctrl_Sample_3,0.0879767280618973,928,2.96801571399364,Sample_100_GSE140261
scissor,Positive,Neg_ctrl_Sample_4,0.0621886506741038,928,2.96801571399364,Sample_100_GSE140261
scissor,Positive,Neg_ctrl_Sample_5,0.0669794777140114,928,2.96801571399364,Sample_100_GSE140261
scissor,Positive,Neg_ctrl_Sample_6,-0.0814006803963743,928,2.96801571399364,Sample_100_GSE140261
scissor,Positive,Neg_ctrl_Sample_7,-0.0281712267355912,928,2.96801571399364,Sample_100_GSE140261
scissor,Positive,Neg_ctrl_Sample_8,-0.0601606534399386,928,2.96801571399364,Sample_100_GSE140261
scissor,Positive,Neg_ctrl_Sample_9,0.0971295166472675,928,2.96801571399364,Sample_100_GSE140261
scissor,Positive,Neg_ctrl_Sample_10,-0.0509726070772548,928,2.96801571399364,Sample_100_GSE140261
scissor,Positive,Neg_ctrl_Sample_11,-0.105195429939515,928,2.96801571399364,Sample_100_GSE140261
scissor,Positive,Neg_ctrl_Sample_12,0.0514038331021964,928,2.96801571399364,Sample_100_GSE140261
scissor,Positive,Neg_ctrl_Sample_13,0.0572300775789749,928,2.96801571399364,Sample_100_GSE140261
scissor,Positive,Neg_ctrl_Sample_14,0.0839627521138715,928,2.96801571399364,Sample_100_GSE140261
scissor,Positive,Neg_ctrl_Sample_15,0.139538058557477,928,2.96801571399364,Sample_100_GSE140261
scissor,Positive,Neg_ctrl_Sample_16,0.0779137761683469,928,2.96801571399364,Sample_100_GSE140261
scissor,Positive,Neg_ctrl_Sample_17,-0.194507000864019,928,2.96801571399364,Sample_100_GSE140261
scissor,Positive,Neg_ctrl_Sample_18,-0.0518589535359819,928,2.96801571399364,Sample_100_GSE140261
scissor,Positive,Neg_ctrl_Sample_19,0.00453340984610006,928,2.96801571399364,Sample_100_GSE140261
scissor,Positive,Neg_ctrl_Sample_20,-0.0121679139458516,928,2.96801571399364,Sample_100_GSE140261
scissor,Positive,Neg_ctrl_Sample_21,0.0427960432565945,928,2.96801571399364,Sample_100_GSE140261
scissor,Positive,Neg_ctrl_Sample_22,-0.0445295065035175,928,2.96801571399364,Sample_100_GSE140261
scissor,Positive,Neg_ctrl_Sample_23,-0.175588899293762,928,2.96801571399364,Sample_100_GSE140261
scissor,Positive,Neg_ctrl_Sample_24,-0.143950268186914,928,2.96801571399364,Sample_100_GSE140261
scissor,Positive,Neg_ctrl_Sample_25,0.141852502949091,928,2.96801571399364,Sample_100_GSE140261
scissor,Positive,Neg_ctrl_Sample_26,0.050773470372257,928,2.96801571399364,Sample_100_GSE140261
scissor,Positive,Neg_ctrl_Sample_27,0.229877220529656,928,2.96801571399364,Sample_100_GSE140261
scissor,Positive,Neg_ctrl_Sample_28,0.194401658479421,928,2.96801571399364,Sample_100_GSE140261
scissor,Positive,Neg_ctrl_Sample_29,-0.0208403242246259,928,2.96801571399364,Sample_100_GSE140261
scissor,Positive,Neg_ctrl_Sample_30,0.129645048369578,928,2.96801571399364,Sample_100_GSE140261
scissor,Positive,Neg_ctrl_Sample_31,0.161336921943892,928,2.96801571399364,Sample_100_GSE140261
scissor,Positive,Neg_ctrl_Sample_32,0.107327793437299,928,2.96801571399364,Sample_100_GSE140261
scissor,Positive,Neg_ctrl_Sample_33,0.182673393756184,928,2.96801571399364,Sample_100_GSE140261
scissor,Positive,Neg_ctrl_Sample_34,-0.0293795232265319,928,2.96801571399364,Sample_100_GSE140261
scissor,Positive,Neg_ctrl_Sample_35,0.0995773902915946,928,2.96801571399364,Sample_100_GSE140261
scissor,Positive,Neg_ctrl_Sample_36,0.136804696982213,928,2.96801571399364,Sample_100_GSE140261
scissor,Positive,Neg_ctrl_Sample_37,0.241495362955885,928,2.96801571399364,Sample_100_GSE140261
scissor,Positive,Neg_ctrl_Sample_38,0.100931117469666,928,2.96801571399364,Sample_100_GSE140261
scissor,Positive,Neg_ctrl_Sample_39,0.0269794370660757,928,2.96801571399364,Sample_100_GSE140261
scissor,Positive,Neg_ctrl_Sample_40,0.0983799841618891,928,2.96801571399364,Sample_100_GSE140261
scissor,Positive,Neg_ctrl_Sample_41,-0.135545081245101,928,2.96801571399364,Sample_100_GSE140261
scissor,Positive,Neg_ctrl_Sample_42,0.0446082286673406,928,2.96801571399364,Sample_100_GSE140261
scissor,Positive,Neg_ctrl_Sample_43,0.179246523907602,928,2.96801571399364,Sample_100_GSE140261
scissor,Positive,Neg_ctrl_Sample_44,0.217132734289187,928,2.96801571399364,Sample_100_GSE140261
scissor,Positive,Neg_ctrl_Sample_45,0.255274827617675,928,2.96801571399364,Sample_100_GSE140261
scissor,Positive,Neg_ctrl_Sample_46,0.0376453917516912,928,2.96801571399364,Sample_100_GSE140261
scissor,Positive,Neg_ctrl_Sample_47,-0.0183449963859751,928,2.96801571399364,Sample_100_GSE140261
scissor,Positive,Neg_ctrl_Sample_48,0.313163329418394,928,2.96801571399364,Sample_100_GSE140261
scissor,Positive,Neg_ctrl_Sample_49,0.0323980673883746,928,2.96801571399364,Sample_100_GSE140261
scissor,Positive,Neg_ctrl_Sample_50,0.0295765661180472,928,2.96801571399364,Sample_100_GSE140261
scissor,Positive,Neg_ctrl_Sample_51,0.0372197256751217,928,2.96801571399364,Sample_100_GSE140261
scissor,Positive,Neg_ctrl_Sample_52,0.0602186108671799,928,2.96801571399364,Sample_100_GSE140261
scissor,Positive,Neg_ctrl_Sample_53,0.150339656803235,928,2.96801571399364,Sample_100_GSE140261
scissor,Positive,Neg_ctrl_Sample_54,0.10966335197947,928,2.96801571399364,Sample_100_GSE140261
scissor,Positive,Neg_ctrl_Sample_55,0.00380516204792836,928,2.96801571399364,Sample_100_GSE140261
scissor,Positive,Neg_ctrl_Sample_56,0.134503617013181,928,2.96801571399364,Sample_100_GSE140261
scissor,Positive,Neg_ctrl_Sample_57,0.000421765161368154,928,2.96801571399364,Sample_100_GSE140261
scissor,Positive,Neg_ctrl_Sample_58,0.0113907608501687,928,2.96801571399364,Sample_100_GSE140261
scissor,Positive,Neg_ctrl_Sample_59,0.187661388674026,928,2.96801571399364,Sample_100_GSE140261
scissor,Positive,Neg_ctrl_Sample_60,0.240167216158469,928,2.96801571399364,Sample_100_GSE140261
scissor,Positive,Neg_ctrl_Sample_61,0.292988409490641,928,2.96801571399364,Sample_100_GSE140261
scissor,Positive,Neg_ctrl_Sample_62,0.00418864593198249,928,2.96801571399364,Sample_100_GSE140261
scissor,Positive,Neg_ctrl_Sample_63,0.0945252101949307,928,2.96801571399364,Sample_100_GSE140261
scissor,Positive,Neg_ctrl_Sample_64,0.0744772330594127,928,2.96801571399364,Sample_100_GSE140261
scissor,Positive,Neg_ctrl_Sample_65,0.167342100311729,928,2.96801571399364,Sample_100_GSE140261
scissor,Positive,Neg_ctrl_Sample_66,0.141458738362491,928,2.96801571399364,Sample_100_GSE140261
scissor,Positive,Neg_ctrl_Sample_67,-0.141922058803146,928,2.96801571399364,Sample_100_GSE140261
scissor,Positive,Neg_ctrl_Sample_68,-0.214589439596503,928,2.96801571399364,Sample_100_GSE140261
scissor,Positive,Neg_ctrl_Sample_69,-0.0969925016759468,928,2.96801571399364,Sample_100_GSE140261
scissor,Positive,Neg_ctrl_Sample_70,-0.093862432684742,928,2.96801571399364,Sample_100_GSE140261
scissor,Positive,Neg_ctrl_Sample_71,0.112161969899946,928,2.96801571399364,Sample_100_GSE140261
scissor,Positive,Neg_ctrl_Sample_72,-0.195065896312808,928,2.96801571399364,Sample_100_GSE140261
scissor,Positive,Neg_ctrl_Sample_73,0.0506998219971844,928,2.96801571399364,Sample_100_GSE140261
scissor,Positive,Neg_ctrl_Sample_74,-0.134550129313976,928,2.96801571399364,Sample_100_GSE140261
scissor,Positive,Neg_ctrl_Sample_75,-0.0562951076508685,928,2.96801571399364,Sample_100_GSE140261
scissor,Positive,Neg_ctrl_Sample_76,0.0145201194600636,928,2.96801571399364,Sample_100_GSE140261
scissor,Positive,Neg_ctrl_Sample_77,0.195555924652344,928,2.96801571399364,Sample_100_GSE140261
scissor,Positive,Neg_ctrl_Sample_78,0.138163152433849,928,2.96801571399364,Sample_100_GSE140261
scissor,Positive,Neg_ctrl_Sample_79,0.206757342361675,928,2.96801571399364,Sample_100_GSE140261
scissor,Positive,Neg_ctrl_Sample_80,0.159848665816873,928,2.96801571399364,Sample_100_GSE140261
scissor,Positive,Neg_ctrl_Sample_81,0.239265235915632,928,2.96801571399364,Sample_100_GSE140261
scissor,Positive,Neg_ctrl_Sample_82,0.20309003523172,928,2.96801571399364,Sample_100_GSE140261
scissor,Positive,Neg_ctrl_Sample_83,-0.101398905801517,928,2.96801571399364,Sample_100_GSE140261
scissor,Positive,Neg_ctrl_Sample_84,0.203780513978083,928,2.96801571399364,Sample_100_GSE140261
scissor,Positive,Neg_ctrl_Sample_85,0.210684702129777,928,2.96801571399364,Sample_100_GSE140261
scissor,Positive,Neg_ctrl_Sample_86,-0.186937736118178,928,2.96801571399364,Sample_100_GSE140261
scissor,Positive,Neg_ctrl_Sample_87,-0.00505857238195891,928,2.96801571399364,Sample_100_GSE140261
scissor,Positive,Neg_ctrl_Sample_88,0.0533972806552313,928,2.96801571399364,Sample_100_GSE140261
scissor,Positive,Neg_ctrl_Sample_89,0.165925447427981,928,2.96801571399364,Sample_100_GSE140261
scissor,Positive,Neg_ctrl_Sample_90,-0.0266452564391924,928,2.96801571399364,Sample_100_GSE140261
scissor,Positive,Neg_ctrl_Sample_91,-0.0740171028819159,928,2.96801571399364,Sample_100_GSE140261
scissor,Positive,Neg_ctrl_Sample_92,0.0200364363257979,928,2.96801571399364,Sample_100_GSE140261
scissor,Positive,Neg_ctrl_Sample_93,0.0567865649351089,928,2.96801571399364,Sample_100_GSE140261
scissor,Positive,Neg_ctrl_Sample_94,0.260568133600857,928,2.96801571399364,Sample_100_GSE140261
scissor,Positive,Neg_ctrl_Sample_95,0.0970046449086845,928,2.96801571399364,Sample_100_GSE140261
scissor,Positive,Neg_ctrl_Sample_96,-0.0855569259273463,928,2.96801571399364,Sample_100_GSE140261
scissor,Positive,Neg_ctrl_Sample_97,0.0134791852824633,928,2.96801571399364,Sample_100_GSE140261
scissor,Positive,Neg_ctrl_Sample_98,0.170770196725196,928,2.96801571399364,Sample_100_GSE140261
scissor,Positive,Neg_ctrl_Sample_99,-0.127325748860218,928,2.96801571399364,Sample_100_GSE140261
scissor,Positive,Neg_ctrl_Sample_100,0.139682119539499,928,2.96801571399364,Sample_100_GSE140261
scAB,Other,Neg_ctrl_Sample_1,0.0609365185419693,898,2.95375969173323,Sample_100_GSE140261
scAB,Other,Neg_ctrl_Sample_2,-0.0466392506593633,898,2.95375969173323,Sample_100_GSE140261
scAB,Other,Neg_ctrl_Sample_3,0.0331124863023988,898,2.95375969173323,Sample_100_GSE140261
scAB,Other,Neg_ctrl_Sample_4,0.0479515013602035,898,2.95375969173323,Sample_100_GSE140261
scAB,Other,Neg_ctrl_Sample_5,0.0331586436416027,898,2.95375969173323,Sample_100_GSE140261
scAB,Other,Neg_ctrl_Sample_6,-0.0768790680522349,898,2.95375969173323,Sample_100_GSE140261
scAB,Other,Neg_ctrl_Sample_7,-0.046407735385547,898,2.95375969173323,Sample_100_GSE140261
scAB,Other,Neg_ctrl_Sample_8,-0.0711276344935902,898,2.95375969173323,Sample_100_GSE140261
scAB,Other,Neg_ctrl_Sample_9,0.0978702750116112,898,2.95375969173323,Sample_100_GSE140261
scAB,Other,Neg_ctrl_Sample_10,-0.068157842385837,898,2.95375969173323,Sample_100_GSE140261
scAB,Other,Neg_ctrl_Sample_11,-0.135537562262459,898,2.95375969173323,Sample_100_GSE140261
scAB,Other,Neg_ctrl_Sample_12,0.0547913251488832,898,2.95375969173323,Sample_100_GSE140261
scAB,Other,Neg_ctrl_Sample_13,0.0545587287842825,898,2.95375969173323,Sample_100_GSE140261
scAB,Other,Neg_ctrl_Sample_14,0.0957025030866672,898,2.95375969173323,Sample_100_GSE140261
scAB,Other,Neg_ctrl_Sample_15,0.127343856950322,898,2.95375969173323,Sample_100_GSE140261
scAB,Other,Neg_ctrl_Sample_16,0.0756862335586967,898,2.95375969173323,Sample_100_GSE140261
scAB,Other,Neg_ctrl_Sample_17,-0.197427358326447,898,2.95375969173323,Sample_100_GSE140261
scAB,Other,Neg_ctrl_Sample_18,-0.0422831727059508,898,2.95375969173323,Sample_100_GSE140261
scAB,Other,Neg_ctrl_Sample_19,0.0181277726094324,898,2.95375969173323,Sample_100_GSE140261
scAB,Other,Neg_ctrl_Sample_20,-0.0516721606187554,898,2.95375969173323,Sample_100_GSE140261
scAB,Other,Neg_ctrl_Sample_21,0.0747571827082965,898,2.95375969173323,Sample_100_GSE140261
scAB,Other,Neg_ctrl_Sample_22,-0.0441663586014719,898,2.95375969173323,Sample_100_GSE140261
scAB,Other,Neg_ctrl_Sample_23,-0.165746136828035,898,2.95375969173323,Sample_100_GSE140261
scAB,Other,Neg_ctrl_Sample_24,-0.149524904429291,898,2.95375969173323,Sample_100_GSE140261
scAB,Other,Neg_ctrl_Sample_25,0.143305075423819,898,2.95375969173323,Sample_100_GSE140261
scAB,Other,Neg_ctrl_Sample_26,0.0422160983838012,898,2.95375969173323,Sample_100_GSE140261
scAB,Other,Neg_ctrl_Sample_27,0.261718325923931,898,2.95375969173323,Sample_100_GSE140261
scAB,Other,Neg_ctrl_Sample_28,0.212204040005201,898,2.95375969173323,Sample_100_GSE140261
scAB,Other,Neg_ctrl_Sample_29,-0.0226220929438671,898,2.95375969173323,Sample_100_GSE140261
scAB,Other,Neg_ctrl_Sample_30,0.138529484338239,898,2.95375969173323,Sample_100_GSE140261
scAB,Other,Neg_ctrl_Sample_31,0.163130560659031,898,2.95375969173323,Sample_100_GSE140261
scAB,Other,Neg_ctrl_Sample_32,0.104074465563659,898,2.95375969173323,Sample_100_GSE140261
scAB,Other,Neg_ctrl_Sample_33,0.168134876201608,898,2.95375969173323,Sample_100_GSE140261
scAB,Other,Neg_ctrl_Sample_34,-0.00512884618368977,898,2.95375969173323,Sample_100_GSE140261
scAB,Other,Neg_ctrl_Sample_35,0.120218192499591,898,2.95375969173323,Sample_100_GSE140261
scAB,Other,Neg_ctrl_Sample_36,0.123936621547768,898,2.95375969173323,Sample_100_GSE140261
scAB,Other,Neg_ctrl_Sample_37,0.240408088211225,898,2.95375969173323,Sample_100_GSE140261
scAB,Other,Neg_ctrl_Sample_38,0.098583951746238,898,2.95375969173323,Sample_100_GSE140261
scAB,Other,Neg_ctrl_Sample_39,0.0378827987494622,898,2.95375969173323,Sample_100_GSE140261
scAB,Other,Neg_ctrl_Sample_40,0.0919013426375144,898,2.95375969173323,Sample_100_GSE140261
scAB,Other,Neg_ctrl_Sample_41,-0.14639542574794,898,2.95375969173323,Sample_100_GSE140261
scAB,Other,Neg_ctrl_Sample_42,0.0327756476096587,898,2.95375969173323,Sample_100_GSE140261
scAB,Other,Neg_ctrl_Sample_43,0.149588853416938,898,2.95375969173323,Sample_100_GSE140261
scAB,Other,Neg_ctrl_Sample_44,0.232929405391236,898,2.95375969173323,Sample_100_GSE140261
scAB,Other,Neg_ctrl_Sample_45,0.281542310425252,898,2.95375969173323,Sample_100_GSE140261
scAB,Other,Neg_ctrl_Sample_46,-0.00311449703823551,898,2.95375969173323,Sample_100_GSE140261
scAB,Other,Neg_ctrl_Sample_47,-0.0159259311395677,898,2.95375969173323,Sample_100_GSE140261
scAB,Other,Neg_ctrl_Sample_48,0.305767209459884,898,2.95375969173323,Sample_100_GSE140261
scAB,Other,Neg_ctrl_Sample_49,0.0402217605979851,898,2.95375969173323,Sample_100_GSE140261
scAB,Other,Neg_ctrl_Sample_50,0.0481809240877213,898,2.95375969173323,Sample_100_GSE140261
scAB,Other,Neg_ctrl_Sample_51,0.0259553060297017,898,2.95375969173323,Sample_100_GSE140261
scAB,Other,Neg_ctrl_Sample_52,0.0673043910923037,898,2.95375969173323,Sample_100_GSE140261
scAB,Other,Neg_ctrl_Sample_53,0.165370934130519,898,2.95375969173323,Sample_100_GSE140261
scAB,Other,Neg_ctrl_Sample_54,0.100211985416756,898,2.95375969173323,Sample_100_GSE140261
scAB,Other,Neg_ctrl_Sample_55,-0.0134592890549149,898,2.95375969173323,Sample_100_GSE140261
scAB,Other,Neg_ctrl_Sample_56,0.143299588147984,898,2.95375969173323,Sample_100_GSE140261
scAB,Other,Neg_ctrl_Sample_57,-0.000753319806754191,898,2.95375969173323,Sample_100_GSE140261
scAB,Other,Neg_ctrl_Sample_58,0.00700446014628773,898,2.95375969173323,Sample_100_GSE140261
scAB,Other,Neg_ctrl_Sample_59,0.162314317119662,898,2.95375969173323,Sample_100_GSE140261
scAB,Other,Neg_ctrl_Sample_60,0.253115489618257,898,2.95375969173323,Sample_100_GSE140261
scAB,Other,Neg_ctrl_Sample_61,0.262195149088479,898,2.95375969173323,Sample_100_GSE140261
scAB,Other,Neg_ctrl_Sample_62,0.0119206199160716,898,2.95375969173323,Sample_100_GSE140261
scAB,Other,Neg_ctrl_Sample_63,0.111344267130107,898,2.95375969173323,Sample_100_GSE140261
scAB,Other,Neg_ctrl_Sample_64,0.037553746355711,898,2.95375969173323,Sample_100_GSE140261
scAB,Other,Neg_ctrl_Sample_65,0.158334598545736,898,2.95375969173323,Sample_100_GSE140261
scAB,Other,Neg_ctrl_Sample_66,0.169722226088831,898,2.95375969173323,Sample_100_GSE140261
scAB,Other,Neg_ctrl_Sample_67,-0.140343187361076,898,2.95375969173323,Sample_100_GSE140261
scAB,Other,Neg_ctrl_Sample_68,-0.198737395522123,898,2.95375969173323,Sample_100_GSE140261
scAB,Other,Neg_ctrl_Sample_69,-0.0883669915887054,898,2.95375969173323,Sample_100_GSE140261
scAB,Other,Neg_ctrl_Sample_70,-0.123598338777588,898,2.95375969173323,Sample_100_GSE140261
scAB,Other,Neg_ctrl_Sample_71,0.0583609350024191,898,2.95375969173323,Sample_100_GSE140261
scAB,Other,Neg_ctrl_Sample_72,-0.202278956688004,898,2.95375969173323,Sample_100_GSE140261
scAB,Other,Neg_ctrl_Sample_73,0.0369200222885253,898,2.95375969173323,Sample_100_GSE140261
scAB,Other,Neg_ctrl_Sample_74,-0.129166715075961,898,2.95375969173323,Sample_100_GSE140261
scAB,Other,Neg_ctrl_Sample_75,-0.0516500102305075,898,2.95375969173323,Sample_100_GSE140261
scAB,Other,Neg_ctrl_Sample_76,-0.0222531316438042,898,2.95375969173323,Sample_100_GSE140261
scAB,Other,Neg_ctrl_Sample_77,0.204814945510002,898,2.95375969173323,Sample_100_GSE140261
scAB,Other,Neg_ctrl_Sample_78,0.118834600048359,898,2.95375969173323,Sample_100_GSE140261
scAB,Other,Neg_ctrl_Sample_79,0.174656384397265,898,2.95375969173323,Sample_100_GSE140261
scAB,Other,Neg_ctrl_Sample_80,0.145762580379803,898,2.95375969173323,Sample_100_GSE140261
scAB,Other,Neg_ctrl_Sample_81,0.227719928890272,898,2.95375969173323,Sample_100_GSE140261
scAB,Other,Neg_ctrl_Sample_82,0.223049669489233,898,2.95375969173323,Sample_100_GSE140261
scAB,Other,Neg_ctrl_Sample_83,-0.122182199603561,898,2.95375969173323,Sample_100_GSE140261
scAB,Other,Neg_ctrl_Sample_84,0.122519055966458,898,2.95375969173323,Sample_100_GSE140261
scAB,Other,Neg_ctrl_Sample_85,0.214686517936342,898,2.95375969173323,Sample_100_GSE140261
scAB,Other,Neg_ctrl_Sample_86,-0.19344938309481,898,2.95375969173323,Sample_100_GSE140261
scAB,Other,Neg_ctrl_Sample_87,-0.0251701512286639,898,2.95375969173323,Sample_100_GSE140261
scAB,Other,Neg_ctrl_Sample_88,0.0381211826069273,898,2.95375969173323,Sample_100_GSE140261
scAB,Other,Neg_ctrl_Sample_89,0.150407549024002,898,2.95375969173323,Sample_100_GSE140261
scAB,Other,Neg_ctrl_Sample_90,-0.0142898099295501,898,2.95375969173323,Sample_100_GSE140261
scAB,Other,Neg_ctrl_Sample_91,-0.0947656718012891,898,2.95375969173323,Sample_100_GSE140261
scAB,Other,Neg_ctrl_Sample_92,0.028352299266558,898,2.95375969173323,Sample_100_GSE140261
scAB,Other,Neg_ctrl_Sample_93,0.0494170447778713,898,2.95375969173323,Sample_100_GSE140261
scAB,Other,Neg_ctrl_Sample_94,0.283095103505192,898,2.95375969173323,Sample_100_GSE140261
scAB,Other,Neg_ctrl_Sample_95,0.0989430460508052,898,2.95375969173323,Sample_100_GSE140261
scAB,Other,Neg_ctrl_Sample_96,-0.0566498521429972,898,2.95375969173323,Sample_100_GSE140261
scAB,Other,Neg_ctrl_Sample_97,0.0317901021036542,898,2.95375969173323,Sample_100_GSE140261
scAB,Other,Neg_ctrl_Sample_98,0.152562058731876,898,2.95375969173323,Sample_100_GSE140261
scAB,Other,Neg_ctrl_Sample_99,-0.134568910628894,898,2.95375969173323,Sample_100_GSE140261
scAB,Other,Neg_ctrl_Sample_100,0.135002276494379,898,2.95375969173323,Sample_100_GSE140261
scAB,Positive,Neg_ctrl_Sample_1,0.0567152138145064,5595,3.74787770581979,Sample_100_GSE140261
scAB,Positive,Neg_ctrl_Sample_2,-0.0239946257530518,5595,3.74787770581979,Sample_100_GSE140261
scAB,Positive,Neg_ctrl_Sample_3,0.0796863986151853,5595,3.74787770581979,Sample_100_GSE140261
scAB,Positive,Neg_ctrl_Sample_4,0.0508613184208297,5595,3.74787770581979,Sample_100_GSE140261
scAB,Positive,Neg_ctrl_Sample_5,0.0510816244513496,5595,3.74787770581979,Sample_100_GSE140261
scAB,Positive,Neg_ctrl_Sample_6,-0.085432976802054,5595,3.74787770581979,Sample_100_GSE140261
scAB,Positive,Neg_ctrl_Sample_7,-0.0540365536669487,5595,3.74787770581979,Sample_100_GSE140261
scAB,Positive,Neg_ctrl_Sample_8,-0.0835263057558417,5595,3.74787770581979,Sample_100_GSE140261
scAB,Positive,Neg_ctrl_Sample_9,0.0734043437944634,5595,3.74787770581979,Sample_100_GSE140261
scAB,Positive,Neg_ctrl_Sample_10,-0.0477103797508174,5595,3.74787770581979,Sample_100_GSE140261
scAB,Positive,Neg_ctrl_Sample_11,-0.108208812443612,5595,3.74787770581979,Sample_100_GSE140261
scAB,Positive,Neg_ctrl_Sample_12,0.0383120123536731,5595,3.74787770581979,Sample_100_GSE140261
scAB,Positive,Neg_ctrl_Sample_13,0.0509700807999159,5595,3.74787770581979,Sample_100_GSE140261
scAB,Positive,Neg_ctrl_Sample_14,0.0936383133597355,5595,3.74787770581979,Sample_100_GSE140261
scAB,Positive,Neg_ctrl_Sample_15,0.140539517857674,5595,3.74787770581979,Sample_100_GSE140261
scAB,Positive,Neg_ctrl_Sample_16,0.0756061147969847,5595,3.74787770581979,Sample_100_GSE140261
scAB,Positive,Neg_ctrl_Sample_17,-0.20596963264816,5595,3.74787770581979,Sample_100_GSE140261
scAB,Positive,Neg_ctrl_Sample_18,-0.0426545232404882,5595,3.74787770581979,Sample_100_GSE140261
scAB,Positive,Neg_ctrl_Sample_19,0.0117289489706898,5595,3.74787770581979,Sample_100_GSE140261
scAB,Positive,Neg_ctrl_Sample_20,-0.0368590652107112,5595,3.74787770581979,Sample_100_GSE140261
scAB,Positive,Neg_ctrl_Sample_21,0.0401496126297676,5595,3.74787770581979,Sample_100_GSE140261
scAB,Positive,Neg_ctrl_Sample_22,-0.0425595308723018,5595,3.74787770581979,Sample_100_GSE140261
scAB,Positive,Neg_ctrl_Sample_23,-0.172756485370533,5595,3.74787770581979,Sample_100_GSE140261
scAB,Positive,Neg_ctrl_Sample_24,-0.151071417460344,5595,3.74787770581979,Sample_100_GSE140261
scAB,Positive,Neg_ctrl_Sample_25,0.139849239280991,5595,3.74787770581979,Sample_100_GSE140261
scAB,Positive,Neg_ctrl_Sample_26,0.0414167209071595,5595,3.74787770581979,Sample_100_GSE140261
scAB,Positive,Neg_ctrl_Sample_27,0.232453813459824,5595,3.74787770581979,Sample_100_GSE140261
scAB,Positive,Neg_ctrl_Sample_28,0.201391854661683,5595,3.74787770581979,Sample_100_GSE140261
scAB,Positive,Neg_ctrl_Sample_29,-0.0230105036033335,5595,3.74787770581979,Sample_100_GSE140261
scAB,Positive,Neg_ctrl_Sample_30,0.122997959164214,5595,3.74787770581979,Sample_100_GSE140261
scAB,Positive,Neg_ctrl_Sample_31,0.174710199068939,5595,3.74787770581979,Sample_100_GSE140261
scAB,Positive,Neg_ctrl_Sample_32,0.0991417806140937,5595,3.74787770581979,Sample_100_GSE140261
scAB,Positive,Neg_ctrl_Sample_33,0.182481352739129,5595,3.74787770581979,Sample_100_GSE140261
scAB,Positive,Neg_ctrl_Sample_34,-0.0274699646839414,5595,3.74787770581979,Sample_100_GSE140261
scAB,Positive,Neg_ctrl_Sample_35,0.11149332718557,5595,3.74787770581979,Sample_100_GSE140261
scAB,Positive,Neg_ctrl_Sample_36,0.129415045409384,5595,3.74787770581979,Sample_100_GSE140261
scAB,Positive,Neg_ctrl_Sample_37,0.234498946346546,5595,3.74787770581979,Sample_100_GSE140261
scAB,Positive,Neg_ctrl_Sample_38,0.094001345493026,5595,3.74787770581979,Sample_100_GSE140261
scAB,Positive,Neg_ctrl_Sample_39,0.0320779551667296,5595,3.74787770581979,Sample_100_GSE140261
scAB,Positive,Neg_ctrl_Sample_40,0.0659573214718627,5595,3.74787770581979,Sample_100_GSE140261
scAB,Positive,Neg_ctrl_Sample_41,-0.133807599696783,5595,3.74787770581979,Sample_100_GSE140261
scAB,Positive,Neg_ctrl_Sample_42,0.0329665395472884,5595,3.74787770581979,Sample_100_GSE140261
scAB,Positive,Neg_ctrl_Sample_43,0.151167583518318,5595,3.74787770581979,Sample_100_GSE140261
scAB,Positive,Neg_ctrl_Sample_44,0.228260795955917,5595,3.74787770581979,Sample_100_GSE140261
scAB,Positive,Neg_ctrl_Sample_45,0.258732654316631,5595,3.74787770581979,Sample_100_GSE140261
scAB,Positive,Neg_ctrl_Sample_46,0.0313861899387396,5595,3.74787770581979,Sample_100_GSE140261
scAB,Positive,Neg_ctrl_Sample_47,-0.0221719847504924,5595,3.74787770581979,Sample_100_GSE140261
scAB,Positive,Neg_ctrl_Sample_48,0.284528542852023,5595,3.74787770581979,Sample_100_GSE140261
scAB,Positive,Neg_ctrl_Sample_49,0.0236502758041779,5595,3.74787770581979,Sample_100_GSE140261
scAB,Positive,Neg_ctrl_Sample_50,0.030921472815263,5595,3.74787770581979,Sample_100_GSE140261
scAB,Positive,Neg_ctrl_Sample_51,0.029079756632286,5595,3.74787770581979,Sample_100_GSE140261
scAB,Positive,Neg_ctrl_Sample_52,0.0674271625820153,5595,3.74787770581979,Sample_100_GSE140261
scAB,Positive,Neg_ctrl_Sample_53,0.1583198410209,5595,3.74787770581979,Sample_100_GSE140261
scAB,Positive,Neg_ctrl_Sample_54,0.112106539734105,5595,3.74787770581979,Sample_100_GSE140261
scAB,Positive,Neg_ctrl_Sample_55,0.00511701928565211,5595,3.74787770581979,Sample_100_GSE140261
scAB,Positive,Neg_ctrl_Sample_56,0.138429678607095,5595,3.74787770581979,Sample_100_GSE140261
scAB,Positive,Neg_ctrl_Sample_57,-0.00375398266733684,5595,3.74787770581979,Sample_100_GSE140261
scAB,Positive,Neg_ctrl_Sample_58,0.00111250926306684,5595,3.74787770581979,Sample_100_GSE140261
scAB,Positive,Neg_ctrl_Sample_59,0.164006712015405,5595,3.74787770581979,Sample_100_GSE140261
scAB,Positive,Neg_ctrl_Sample_60,0.241022673804607,5595,3.74787770581979,Sample_100_GSE140261
scAB,Positive,Neg_ctrl_Sample_61,0.272709344289897,5595,3.74787770581979,Sample_100_GSE140261
scAB,Positive,Neg_ctrl_Sample_62,0.00674861612587342,5595,3.74787770581979,Sample_100_GSE140261
scAB,Positive,Neg_ctrl_Sample_63,0.097414345357877,5595,3.74787770581979,Sample_100_GSE140261
scAB,Positive,Neg_ctrl_Sample_64,0.0501778626903479,5595,3.74787770581979,Sample_100_GSE140261
scAB,Positive,Neg_ctrl_Sample_65,0.153778532451901,5595,3.74787770581979,Sample_100_GSE140261
scAB,Positive,Neg_ctrl_Sample_66,0.144393231095998,5595,3.74787770581979,Sample_100_GSE140261
scAB,Positive,Neg_ctrl_Sample_67,-0.148258478583641,5595,3.74787770581979,Sample_100_GSE140261
scAB,Positive,Neg_ctrl_Sample_68,-0.206129053955549,5595,3.74787770581979,Sample_100_GSE140261
scAB,Positive,Neg_ctrl_Sample_69,-0.0892602129914633,5595,3.74787770581979,Sample_100_GSE140261
scAB,Positive,Neg_ctrl_Sample_70,-0.091188589564891,5595,3.74787770581979,Sample_100_GSE140261
scAB,Positive,Neg_ctrl_Sample_71,0.0916214629408714,5595,3.74787770581979,Sample_100_GSE140261
scAB,Positive,Neg_ctrl_Sample_72,-0.200400832733705,5595,3.74787770581979,Sample_100_GSE140261
scAB,Positive,Neg_ctrl_Sample_73,0.028931025960179,5595,3.74787770581979,Sample_100_GSE140261
scAB,Positive,Neg_ctrl_Sample_74,-0.146242697308372,5595,3.74787770581979,Sample_100_GSE140261
scAB,Positive,Neg_ctrl_Sample_75,-0.0548985649417984,5595,3.74787770581979,Sample_100_GSE140261
scAB,Positive,Neg_ctrl_Sample_76,-0.0076734748341272,5595,3.74787770581979,Sample_100_GSE140261
scAB,Positive,Neg_ctrl_Sample_77,0.204176156202886,5595,3.74787770581979,Sample_100_GSE140261
scAB,Positive,Neg_ctrl_Sample_78,0.140524296420617,5595,3.74787770581979,Sample_100_GSE140261
scAB,Positive,Neg_ctrl_Sample_79,0.186538963695819,5595,3.74787770581979,Sample_100_GSE140261
scAB,Positive,Neg_ctrl_Sample_80,0.156463299698851,5595,3.74787770581979,Sample_100_GSE140261
scAB,Positive,Neg_ctrl_Sample_81,0.24172716849461,5595,3.74787770581979,Sample_100_GSE140261
scAB,Positive,Neg_ctrl_Sample_82,0.207497406411195,5595,3.74787770581979,Sample_100_GSE140261
scAB,Positive,Neg_ctrl_Sample_83,-0.112059289800146,5595,3.74787770581979,Sample_100_GSE140261
scAB,Positive,Neg_ctrl_Sample_84,0.205556604371451,5595,3.74787770581979,Sample_100_GSE140261
scAB,Positive,Neg_ctrl_Sample_85,0.208726377555147,5595,3.74787770581979,Sample_100_GSE140261
scAB,Positive,Neg_ctrl_Sample_86,-0.205016648974183,5595,3.74787770581979,Sample_100_GSE140261
scAB,Positive,Neg_ctrl_Sample_87,-0.00239589517467057,5595,3.74787770581979,Sample_100_GSE140261
scAB,Positive,Neg_ctrl_Sample_88,0.0316842995003104,5595,3.74787770581979,Sample_100_GSE140261
scAB,Positive,Neg_ctrl_Sample_89,0.167024224383716,5595,3.74787770581979,Sample_100_GSE140261
scAB,Positive,Neg_ctrl_Sample_90,-0.02405716188904,5595,3.74787770581979,Sample_100_GSE140261
scAB,Positive,Neg_ctrl_Sample_91,-0.0703178237929621,5595,3.74787770581979,Sample_100_GSE140261
scAB,Positive,Neg_ctrl_Sample_92,0.0321330184845449,5595,3.74787770581979,Sample_100_GSE140261
scAB,Positive,Neg_ctrl_Sample_93,0.053306870134511,5595,3.74787770581979,Sample_100_GSE140261
scAB,Positive,Neg_ctrl_Sample_94,0.27820188158751,5595,3.74787770581979,Sample_100_GSE140261
scAB,Positive,Neg_ctrl_Sample_95,0.0945961891423702,5595,3.74787770581979,Sample_100_GSE140261
scAB,Positive,Neg_ctrl_Sample_96,-0.091880314479622,5595,3.74787770581979,Sample_100_GSE140261
scAB,Positive,Neg_ctrl_Sample_97,0.00774112617875443,5595,3.74787770581979,Sample_100_GSE140261
scAB,Positive,Neg_ctrl_Sample_98,0.149266524665491,5595,3.74787770581979,Sample_100_GSE140261
scAB,Positive,Neg_ctrl_Sample_99,-0.12236158514855,5595,3.74787770581979,Sample_100_GSE140261
scAB,Positive,Neg_ctrl_Sample_100,0.153318994910338,5595,3.74787770581979,Sample_100_GSE140261
scPAS,Negative,Neg_ctrl_Sample_1,0.0655203193360554,9,1,Sample_100_GSE140261
scPAS,Negative,Neg_ctrl_Sample_2,-0.0188010906902364,9,1,Sample_100_GSE140261
scPAS,Negative,Neg_ctrl_Sample_3,0.0514529834854526,9,1,Sample_100_GSE140261
scPAS,Negative,Neg_ctrl_Sample_4,0.146770310351724,9,1,Sample_100_GSE140261
scPAS,Negative,Neg_ctrl_Sample_5,0.0523622614770985,9,1,Sample_100_GSE140261
scPAS,Negative,Neg_ctrl_Sample_6,-0.0570282551302859,9,1,Sample_100_GSE140261
scPAS,Negative,Neg_ctrl_Sample_7,0.0133237213785463,9,1,Sample_100_GSE140261
scPAS,Negative,Neg_ctrl_Sample_8,-0.020245325077259,9,1,Sample_100_GSE140261
scPAS,Negative,Neg_ctrl_Sample_9,0.0984525562822654,9,1,Sample_100_GSE140261
scPAS,Negative,Neg_ctrl_Sample_10,-0.00719587726897544,9,1,Sample_100_GSE140261
scPAS,Negative,Neg_ctrl_Sample_11,-0.123994677567197,9,1,Sample_100_GSE140261
scPAS,Negative,Neg_ctrl_Sample_12,0.0446316520134652,9,1,Sample_100_GSE140261
scPAS,Negative,Neg_ctrl_Sample_13,0.0117500694605058,9,1,Sample_100_GSE140261
scPAS,Negative,Neg_ctrl_Sample_14,0.0905453352951129,9,1,Sample_100_GSE140261
scPAS,Negative,Neg_ctrl_Sample_15,0.143919398603362,9,1,Sample_100_GSE140261
scPAS,Negative,Neg_ctrl_Sample_16,0.0988797908340971,9,1,Sample_100_GSE140261
scPAS,Negative,Neg_ctrl_Sample_17,-0.188168181262765,9,1,Sample_100_GSE140261
scPAS,Negative,Neg_ctrl_Sample_18,-0.0750854608589657,9,1,Sample_100_GSE140261
scPAS,Negative,Neg_ctrl_Sample_19,0.0010774396866876,9,1,Sample_100_GSE140261
scPAS,Negative,Neg_ctrl_Sample_20,-0.0176717484554196,9,1,Sample_100_GSE140261
scPAS,Negative,Neg_ctrl_Sample_21,0.0572678386403198,9,1,Sample_100_GSE140261
scPAS,Negative,Neg_ctrl_Sample_22,-0.0182067841662498,9,1,Sample_100_GSE140261
scPAS,Negative,Neg_ctrl_Sample_23,-0.141731781180256,9,1,Sample_100_GSE140261
scPAS,Negative,Neg_ctrl_Sample_24,-0.106969090348144,9,1,Sample_100_GSE140261
scPAS,Negative,Neg_ctrl_Sample_25,0.171492962019415,9,1,Sample_100_GSE140261
scPAS,Negative,Neg_ctrl_Sample_26,0.0525907276800771,9,1,Sample_100_GSE140261
scPAS,Negative,Neg_ctrl_Sample_27,0.267398417022537,9,1,Sample_100_GSE140261
scPAS,Negative,Neg_ctrl_Sample_28,0.226613788980532,9,1,Sample_100_GSE140261
scPAS,Negative,Neg_ctrl_Sample_29,-0.0415415789968366,9,1,Sample_100_GSE140261
scPAS,Negative,Neg_ctrl_Sample_30,0.136438696382865,9,1,Sample_100_GSE140261
scPAS,Negative,Neg_ctrl_Sample_31,0.104752641803663,9,1,Sample_100_GSE140261
scPAS,Negative,Neg_ctrl_Sample_32,0.0773211518910857,9,1,Sample_100_GSE140261
scPAS,Negative,Neg_ctrl_Sample_33,0.202294082261609,9,1,Sample_100_GSE140261
scPAS,Negative,Neg_ctrl_Sample_34,-0.0217757259034258,9,1,Sample_100_GSE140261
scPAS,Negative,Neg_ctrl_Sample_35,0.123519851106809,9,1,Sample_100_GSE140261
scPAS,Negative,Neg_ctrl_Sample_36,0.113304584579175,9,1,Sample_100_GSE140261
scPAS,Negative,Neg_ctrl_Sample_37,0.275051806630978,9,1,Sample_100_GSE140261
scPAS,Negative,Neg_ctrl_Sample_38,0.1095836296917,9,1,Sample_100_GSE140261
scPAS,Negative,Neg_ctrl_Sample_39,0.00691878156399615,9,1,Sample_100_GSE140261
scPAS,Negative,Neg_ctrl_Sample_40,0.0755624416273749,9,1,Sample_100_GSE140261
scPAS,Negative,Neg_ctrl_Sample_41,-0.131038709738947,9,1,Sample_100_GSE140261
scPAS,Negative,Neg_ctrl_Sample_42,0.070173385548452,9,1,Sample_100_GSE140261
scPAS,Negative,Neg_ctrl_Sample_43,0.170809915516082,9,1,Sample_100_GSE140261
scPAS,Negative,Neg_ctrl_Sample_44,0.219831578716274,9,1,Sample_100_GSE140261
scPAS,Negative,Neg_ctrl_Sample_45,0.285506730444153,9,1,Sample_100_GSE140261
scPAS,Negative,Neg_ctrl_Sample_46,-0.00201865280618525,9,1,Sample_100_GSE140261
scPAS,Negative,Neg_ctrl_Sample_47,0.0178449343736493,9,1,Sample_100_GSE140261
scPAS,Negative,Neg_ctrl_Sample_48,0.339767943382683,9,1,Sample_100_GSE140261
scPAS,Negative,Neg_ctrl_Sample_49,-0.0150061772818776,9,1,Sample_100_GSE140261
scPAS,Negative,Neg_ctrl_Sample_50,0.0562719440917265,9,1,Sample_100_GSE140261
scPAS,Negative,Neg_ctrl_Sample_51,0.0597333212900103,9,1,Sample_100_GSE140261
scPAS,Negative,Neg_ctrl_Sample_52,0.0955985506942792,9,1,Sample_100_GSE140261
scPAS,Negative,Neg_ctrl_Sample_53,0.166600869773893,9,1,Sample_100_GSE140261
scPAS,Negative,Neg_ctrl_Sample_54,0.0882810241632111,9,1,Sample_100_GSE140261
scPAS,Negative,Neg_ctrl_Sample_55,0.0188075523959353,9,1,Sample_100_GSE140261
scPAS,Negative,Neg_ctrl_Sample_56,0.155713059927998,9,1,Sample_100_GSE140261
scPAS,Negative,Neg_ctrl_Sample_57,0.00131162648532952,9,1,Sample_100_GSE140261
scPAS,Negative,Neg_ctrl_Sample_58,0.0244166496586894,9,1,Sample_100_GSE140261
scPAS,Negative,Neg_ctrl_Sample_59,0.212226724955309,9,1,Sample_100_GSE140261
scPAS,Negative,Neg_ctrl_Sample_60,0.262910044788087,9,1,Sample_100_GSE140261
scPAS,Negative,Neg_ctrl_Sample_61,0.266503606397197,9,1,Sample_100_GSE140261
scPAS,Negative,Neg_ctrl_Sample_62,0.0322647551075336,9,1,Sample_100_GSE140261
scPAS,Negative,Neg_ctrl_Sample_63,0.135083289071539,9,1,Sample_100_GSE140261
scPAS,Negative,Neg_ctrl_Sample_64,0.0552788186120576,9,1,Sample_100_GSE140261
scPAS,Negative,Neg_ctrl_Sample_65,0.211877999431051,9,1,Sample_100_GSE140261
scPAS,Negative,Neg_ctrl_Sample_66,0.170153612502329,9,1,Sample_100_GSE140261
scPAS,Negative,Neg_ctrl_Sample_67,-0.123092914716536,9,1,Sample_100_GSE140261
scPAS,Negative,Neg_ctrl_Sample_68,-0.176174749948167,9,1,Sample_100_GSE140261
scPAS,Negative,Neg_ctrl_Sample_69,-0.0376498757816495,9,1,Sample_100_GSE140261
scPAS,Negative,Neg_ctrl_Sample_70,-0.114461467764776,9,1,Sample_100_GSE140261
scPAS,Negative,Neg_ctrl_Sample_71,0.121846728489264,9,1,Sample_100_GSE140261
scPAS,Negative,Neg_ctrl_Sample_72,-0.167241383829877,9,1,Sample_100_GSE140261
scPAS,Negative,Neg_ctrl_Sample_73,0.0159605924911682,9,1,Sample_100_GSE140261
scPAS,Negative,Neg_ctrl_Sample_74,-0.0797493244257489,9,1,Sample_100_GSE140261
scPAS,Negative,Neg_ctrl_Sample_75,-0.0798712848746328,9,1,Sample_100_GSE140261
scPAS,Negative,Neg_ctrl_Sample_76,-0.00231102054166113,9,1,Sample_100_GSE140261
scPAS,Negative,Neg_ctrl_Sample_77,0.204237610085051,9,1,Sample_100_GSE140261
scPAS,Negative,Neg_ctrl_Sample_78,0.139192119381346,9,1,Sample_100_GSE140261
scPAS,Negative,Neg_ctrl_Sample_79,0.184759378348005,9,1,Sample_100_GSE140261
scPAS,Negative,Neg_ctrl_Sample_80,0.146445880764464,9,1,Sample_100_GSE140261
scPAS,Negative,Neg_ctrl_Sample_81,0.20911110986284,9,1,Sample_100_GSE140261
scPAS,Negative,Neg_ctrl_Sample_82,0.257489375183316,9,1,Sample_100_GSE140261
scPAS,Negative,Neg_ctrl_Sample_83,-0.0693682990935887,9,1,Sample_100_GSE140261
scPAS,Negative,Neg_ctrl_Sample_84,0.133870802030192,9,1,Sample_100_GSE140261
scPAS,Negative,Neg_ctrl_Sample_85,0.21616963910356,9,1,Sample_100_GSE140261
scPAS,Negative,Neg_ctrl_Sample_86,-0.178494398328988,9,1,Sample_100_GSE140261
scPAS,Negative,Neg_ctrl_Sample_87,-0.0455606610526519,9,1,Sample_100_GSE140261
scPAS,Negative,Neg_ctrl_Sample_88,0.0452538969314365,9,1,Sample_100_GSE140261
scPAS,Negative,Neg_ctrl_Sample_89,0.175266601959113,9,1,Sample_100_GSE140261
scPAS,Negative,Neg_ctrl_Sample_90,-0.00363971833331626,9,1,Sample_100_GSE140261
scPAS,Negative,Neg_ctrl_Sample_91,-0.0788118379622546,9,1,Sample_100_GSE140261
scPAS,Negative,Neg_ctrl_Sample_92,0.0226201893834013,9,1,Sample_100_GSE140261
scPAS,Negative,Neg_ctrl_Sample_93,0.0264422534861839,9,1,Sample_100_GSE140261
scPAS,Negative,Neg_ctrl_Sample_94,0.250780528014509,9,1,Sample_100_GSE140261
scPAS,Negative,Neg_ctrl_Sample_95,0.0986998486731229,9,1,Sample_100_GSE140261
scPAS,Negative,Neg_ctrl_Sample_96,-0.0966756630342655,9,1,Sample_100_GSE140261
scPAS,Negative,Neg_ctrl_Sample_97,0.0845346415046008,9,1,Sample_100_GSE140261
scPAS,Negative,Neg_ctrl_Sample_98,0.154155291842646,9,1,Sample_100_GSE140261
scPAS,Negative,Neg_ctrl_Sample_99,-0.13701061432203,9,1,Sample_100_GSE140261
scPAS,Negative,Neg_ctrl_Sample_100,0.145737975005855,9,1,Sample_100_GSE140261
scPAS,Neutral,Neg_ctrl_Sample_1,0.0572876206151799,6484,3.8119099804201,Sample_100_GSE140261
scPAS,Neutral,Neg_ctrl_Sample_2,-0.0271379963547534,6484,3.8119099804201,Sample_100_GSE140261
scPAS,Neutral,Neg_ctrl_Sample_3,0.0732753448643039,6484,3.8119099804201,Sample_100_GSE140261
scPAS,Neutral,Neg_ctrl_Sample_4,0.050325199258612,6484,3.8119099804201,Sample_100_GSE140261
scPAS,Neutral,Neg_ctrl_Sample_5,0.0485976080262439,6484,3.8119099804201,Sample_100_GSE140261
scPAS,Neutral,Neg_ctrl_Sample_6,-0.084287731959011,6484,3.8119099804201,Sample_100_GSE140261
scPAS,Neutral,Neg_ctrl_Sample_7,-0.0530735005606424,6484,3.8119099804201,Sample_100_GSE140261
scPAS,Neutral,Neg_ctrl_Sample_8,-0.0818969908318141,6484,3.8119099804201,Sample_100_GSE140261
scPAS,Neutral,Neg_ctrl_Sample_9,0.0767579792541501,6484,3.8119099804201,Sample_100_GSE140261
scPAS,Neutral,Neg_ctrl_Sample_10,-0.0505984815349915,6484,3.8119099804201,Sample_100_GSE140261
scPAS,Neutral,Neg_ctrl_Sample_11,-0.111971789703207,6484,3.8119099804201,Sample_100_GSE140261
scPAS,Neutral,Neg_ctrl_Sample_12,0.0405855389010453,6484,3.8119099804201,Sample_100_GSE140261
scPAS,Neutral,Neg_ctrl_Sample_13,0.0515215283619168,6484,3.8119099804201,Sample_100_GSE140261
scPAS,Neutral,Neg_ctrl_Sample_14,0.0939284859657451,6484,3.8119099804201,Sample_100_GSE140261
scPAS,Neutral,Neg_ctrl_Sample_15,0.138707296632888,6484,3.8119099804201,Sample_100_GSE140261
scPAS,Neutral,Neg_ctrl_Sample_16,0.07558490621643,6484,3.8119099804201,Sample_100_GSE140261
scPAS,Neutral,Neg_ctrl_Sample_17,-0.204811281433103,6484,3.8119099804201,Sample_100_GSE140261
scPAS,Neutral,Neg_ctrl_Sample_18,-0.0425580779569318,6484,3.8119099804201,Sample_100_GSE140261
scPAS,Neutral,Neg_ctrl_Sample_19,0.0126299371278685,6484,3.8119099804201,Sample_100_GSE140261
scPAS,Neutral,Neg_ctrl_Sample_20,-0.038937233860807,6484,3.8119099804201,Sample_100_GSE140261
scPAS,Neutral,Neg_ctrl_Sample_21,0.0449188189678957,6484,3.8119099804201,Sample_100_GSE140261
scPAS,Neutral,Neg_ctrl_Sample_22,-0.0428158704807457,6484,3.8119099804201,Sample_100_GSE140261
scPAS,Neutral,Neg_ctrl_Sample_23,-0.171828652142055,6484,3.8119099804201,Sample_100_GSE140261
scPAS,Neutral,Neg_ctrl_Sample_24,-0.150918448959746,6484,3.8119099804201,Sample_100_GSE140261
scPAS,Neutral,Neg_ctrl_Sample_25,0.140283931963227,6484,3.8119099804201,Sample_100_GSE140261
scPAS,Neutral,Neg_ctrl_Sample_26,0.0415119206161458,6484,3.8119099804201,Sample_100_GSE140261
scPAS,Neutral,Neg_ctrl_Sample_27,0.236458290751727,6484,3.8119099804201,Sample_100_GSE140261
scPAS,Neutral,Neg_ctrl_Sample_28,0.202854276782228,6484,3.8119099804201,Sample_100_GSE140261
scPAS,Neutral,Neg_ctrl_Sample_29,-0.0229309890365936,6484,3.8119099804201,Sample_100_GSE140261
scPAS,Neutral,Neg_ctrl_Sample_30,0.125130337784095,6484,3.8119099804201,Sample_100_GSE140261
scPAS,Neutral,Neg_ctrl_Sample_31,0.173203583202698,6484,3.8119099804201,Sample_100_GSE140261
scPAS,Neutral,Neg_ctrl_Sample_32,0.0998552193468536,6484,3.8119099804201,Sample_100_GSE140261
scPAS,Neutral,Neg_ctrl_Sample_33,0.180466940262819,6484,3.8119099804201,Sample_100_GSE140261
scPAS,Neutral,Neg_ctrl_Sample_34,-0.0243837407073526,6484,3.8119099804201,Sample_100_GSE140261
scPAS,Neutral,Neg_ctrl_Sample_35,0.112684982080187,6484,3.8119099804201,Sample_100_GSE140261
scPAS,Neutral,Neg_ctrl_Sample_36,0.128678674268074,6484,3.8119099804201,Sample_100_GSE140261
scPAS,Neutral,Neg_ctrl_Sample_37,0.235261042838206,6484,3.8119099804201,Sample_100_GSE140261
scPAS,Neutral,Neg_ctrl_Sample_38,0.0946143837190587,6484,3.8119099804201,Sample_100_GSE140261
scPAS,Neutral,Neg_ctrl_Sample_39,0.0329168173042555,6484,3.8119099804201,Sample_100_GSE140261
scPAS,Neutral,Neg_ctrl_Sample_40,0.069537100146347,6484,3.8119099804201,Sample_100_GSE140261
scPAS,Neutral,Neg_ctrl_Sample_41,-0.135554790906462,6484,3.8119099804201,Sample_100_GSE140261
scPAS,Neutral,Neg_ctrl_Sample_42,0.0328884577190957,6484,3.8119099804201,Sample_100_GSE140261
scPAS,Neutral,Neg_ctrl_Sample_43,0.150921673490709,6484,3.8119099804201,Sample_100_GSE140261
scPAS,Neutral,Neg_ctrl_Sample_44,0.228919073905958,6484,3.8119099804201,Sample_100_GSE140261
scPAS,Neutral,Neg_ctrl_Sample_45,0.261854508804663,6484,3.8119099804201,Sample_100_GSE140261
scPAS,Neutral,Neg_ctrl_Sample_46,0.0266543926962012,6484,3.8119099804201,Sample_100_GSE140261
scPAS,Neutral,Neg_ctrl_Sample_47,-0.021362483845111,6484,3.8119099804201,Sample_100_GSE140261
scPAS,Neutral,Neg_ctrl_Sample_48,0.287393312748551,6484,3.8119099804201,Sample_100_GSE140261
scPAS,Neutral,Neg_ctrl_Sample_49,0.0259989959495532,6484,3.8119099804201,Sample_100_GSE140261
scPAS,Neutral,Neg_ctrl_Sample_50,0.0332766290461668,6484,3.8119099804201,Sample_100_GSE140261
scPAS,Neutral,Neg_ctrl_Sample_51,0.0286044884763576,6484,3.8119099804201,Sample_100_GSE140261
scPAS,Neutral,Neg_ctrl_Sample_52,0.0673710565840555,6484,3.8119099804201,Sample_100_GSE140261
scPAS,Neutral,Neg_ctrl_Sample_53,0.159284886109374,6484,3.8119099804201,Sample_100_GSE140261
scPAS,Neutral,Neg_ctrl_Sample_54,0.110492276912261,6484,3.8119099804201,Sample_100_GSE140261
scPAS,Neutral,Neg_ctrl_Sample_55,0.00252529508950443,6484,3.8119099804201,Sample_100_GSE140261
scPAS,Neutral,Neg_ctrl_Sample_56,0.13908014565457,6484,3.8119099804201,Sample_100_GSE140261
scPAS,Neutral,Neg_ctrl_Sample_57,-0.0033454378236556,6484,3.8119099804201,Sample_100_GSE140261
scPAS,Neutral,Neg_ctrl_Sample_58,0.00189616667046532,6484,3.8119099804201,Sample_100_GSE140261
scPAS,Neutral,Neg_ctrl_Sample_59,0.163705393271908,6484,3.8119099804201,Sample_100_GSE140261
scPAS,Neutral,Neg_ctrl_Sample_60,0.242667085010931,6484,3.8119099804201,Sample_100_GSE140261
scPAS,Neutral,Neg_ctrl_Sample_61,0.27126179715081,6484,3.8119099804201,Sample_100_GSE140261
scPAS,Neutral,Neg_ctrl_Sample_62,0.00742949431106208,6484,3.8119099804201,Sample_100_GSE140261
scPAS,Neutral,Neg_ctrl_Sample_63,0.0992912807770687,6484,3.8119099804201,Sample_100_GSE140261
scPAS,Neutral,Neg_ctrl_Sample_64,0.048422408484333,6484,3.8119099804201,Sample_100_GSE140261
scPAS,Neutral,Neg_ctrl_Sample_65,0.154328879791422,6484,3.8119099804201,Sample_100_GSE140261
scPAS,Neutral,Neg_ctrl_Sample_66,0.147865407849685,6484,3.8119099804201,Sample_100_GSE140261
scPAS,Neutral,Neg_ctrl_Sample_67,-0.147197182864478,6484,3.8119099804201,Sample_100_GSE140261
scPAS,Neutral,Neg_ctrl_Sample_68,-0.205146925556853,6484,3.8119099804201,Sample_100_GSE140261
scPAS,Neutral,Neg_ctrl_Sample_69,-0.0892081433145988,6484,3.8119099804201,Sample_100_GSE140261
scPAS,Neutral,Neg_ctrl_Sample_70,-0.0956448663830892,6484,3.8119099804201,Sample_100_GSE140261
scPAS,Neutral,Neg_ctrl_Sample_71,0.0869731005906764,6484,3.8119099804201,Sample_100_GSE140261
scPAS,Neutral,Neg_ctrl_Sample_72,-0.2007069694319,6484,3.8119099804201,Sample_100_GSE140261
scPAS,Neutral,Neg_ctrl_Sample_73,0.0300554634376737,6484,3.8119099804201,Sample_100_GSE140261
scPAS,Neutral,Neg_ctrl_Sample_74,-0.143970058244713,6484,3.8119099804201,Sample_100_GSE140261
scPAS,Neutral,Neg_ctrl_Sample_75,-0.0544139942122895,6484,3.8119099804201,Sample_100_GSE140261
scPAS,Neutral,Neg_ctrl_Sample_76,-0.00970012410984004,6484,3.8119099804201,Sample_100_GSE140261
scPAS,Neutral,Neg_ctrl_Sample_77,0.204264539872356,6484,3.8119099804201,Sample_100_GSE140261
scPAS,Neutral,Neg_ctrl_Sample_78,0.137522236311281,6484,3.8119099804201,Sample_100_GSE140261
scPAS,Neutral,Neg_ctrl_Sample_79,0.184895758892924,6484,3.8119099804201,Sample_100_GSE140261
scPAS,Neutral,Neg_ctrl_Sample_80,0.154995210683105,6484,3.8119099804201,Sample_100_GSE140261
scPAS,Neutral,Neg_ctrl_Sample_81,0.239832511394516,6484,3.8119099804201,Sample_100_GSE140261
scPAS,Neutral,Neg_ctrl_Sample_82,0.209581922840117,6484,3.8119099804201,Sample_100_GSE140261
scPAS,Neutral,Neg_ctrl_Sample_83,-0.113520516191236,6484,3.8119099804201,Sample_100_GSE140261
scPAS,Neutral,Neg_ctrl_Sample_84,0.194155841532677,6484,3.8119099804201,Sample_100_GSE140261
scPAS,Neutral,Neg_ctrl_Sample_85,0.209541494259093,6484,3.8119099804201,Sample_100_GSE140261
scPAS,Neutral,Neg_ctrl_Sample_86,-0.203451457039595,6484,3.8119099804201,Sample_100_GSE140261
scPAS,Neutral,Neg_ctrl_Sample_87,-0.00549009613759224,6484,3.8119099804201,Sample_100_GSE140261
scPAS,Neutral,Neg_ctrl_Sample_88,0.0325569390211096,6484,3.8119099804201,Sample_100_GSE140261
scPAS,Neutral,Neg_ctrl_Sample_89,0.164711461294388,6484,3.8119099804201,Sample_100_GSE140261
scPAS,Neutral,Neg_ctrl_Sample_90,-0.0227327749261127,6484,3.8119099804201,Sample_100_GSE140261
scPAS,Neutral,Neg_ctrl_Sample_91,-0.0736919325813573,6484,3.8119099804201,Sample_100_GSE140261
scPAS,Neutral,Neg_ctrl_Sample_92,0.0316226128096771,6484,3.8119099804201,Sample_100_GSE140261
scPAS,Neutral,Neg_ctrl_Sample_93,0.0528054386693002,6484,3.8119099804201,Sample_100_GSE140261
scPAS,Neutral,Neg_ctrl_Sample_94,0.278917628883043,6484,3.8119099804201,Sample_100_GSE140261
scPAS,Neutral,Neg_ctrl_Sample_95,0.0951925100196057,6484,3.8119099804201,Sample_100_GSE140261
scPAS,Neutral,Neg_ctrl_Sample_96,-0.0869944240855317,6484,3.8119099804201,Sample_100_GSE140261
scPAS,Neutral,Neg_ctrl_Sample_97,0.0109651913765687,6484,3.8119099804201,Sample_100_GSE140261
scPAS,Neutral,Neg_ctrl_Sample_98,0.149716153087301,6484,3.8119099804201,Sample_100_GSE140261
scPAS,Neutral,Neg_ctrl_Sample_99,-0.124031902393891,6484,3.8119099804201,Sample_100_GSE140261
scPAS,Neutral,Neg_ctrl_Sample_100,0.150792748155496,6484,3.8119099804201,Sample_100_GSE140261
scPP,Negative,Neg_ctrl_Sample_1,0.0519743579741819,601,2.77959649125782,Sample_100_GSE140261
scPP,Negative,Neg_ctrl_Sample_2,-0.00785594329043275,601,2.77959649125782,Sample_100_GSE140261
scPP,Negative,Neg_ctrl_Sample_3,0.0890207466779153,601,2.77959649125782,Sample_100_GSE140261
scPP,Negative,Neg_ctrl_Sample_4,0.05766737780542,601,2.77959649125782,Sample_100_GSE140261
scPP,Negative,Neg_ctrl_Sample_5,0.0489668046902275,601,2.77959649125782,Sample_100_GSE140261
scPP,Negative,Neg_ctrl_Sample_6,-0.0853484405596411,601,2.77959649125782,Sample_100_GSE140261
scPP,Negative,Neg_ctrl_Sample_7,-0.0682933723174756,601,2.77959649125782,Sample_100_GSE140261
scPP,Negative,Neg_ctrl_Sample_8,-0.0880140850335729,601,2.77959649125782,Sample_100_GSE140261
scPP,Negative,Neg_ctrl_Sample_9,0.0706387762946141,601,2.77959649125782,Sample_100_GSE140261
scPP,Negative,Neg_ctrl_Sample_10,-0.0473315373593966,601,2.77959649125782,Sample_100_GSE140261
scPP,Negative,Neg_ctrl_Sample_11,-0.1102816539752,601,2.77959649125782,Sample_100_GSE140261
scPP,Negative,Neg_ctrl_Sample_12,0.0553734793673974,601,2.77959649125782,Sample_100_GSE140261
scPP,Negative,Neg_ctrl_Sample_13,0.0493473446320021,601,2.77959649125782,Sample_100_GSE140261
scPP,Negative,Neg_ctrl_Sample_14,0.0836628029534918,601,2.77959649125782,Sample_100_GSE140261
scPP,Negative,Neg_ctrl_Sample_15,0.164569918994864,601,2.77959649125782,Sample_100_GSE140261
scPP,Negative,Neg_ctrl_Sample_16,0.0845203849255531,601,2.77959649125782,Sample_100_GSE140261
scPP,Negative,Neg_ctrl_Sample_17,-0.205521818880239,601,2.77959649125782,Sample_100_GSE140261
scPP,Negative,Neg_ctrl_Sample_18,-0.0386746793056813,601,2.77959649125782,Sample_100_GSE140261
scPP,Negative,Neg_ctrl_Sample_19,0.0105476063051569,601,2.77959649125782,Sample_100_GSE140261
scPP,Negative,Neg_ctrl_Sample_20,-0.0392405015751371,601,2.77959649125782,Sample_100_GSE140261
scPP,Negative,Neg_ctrl_Sample_21,0.0211387708024289,601,2.77959649125782,Sample_100_GSE140261
scPP,Negative,Neg_ctrl_Sample_22,-0.0552493245897633,601,2.77959649125782,Sample_100_GSE140261
scPP,Negative,Neg_ctrl_Sample_23,-0.171320915551224,601,2.77959649125782,Sample_100_GSE140261
scPP,Negative,Neg_ctrl_Sample_24,-0.159272868419126,601,2.77959649125782,Sample_100_GSE140261
scPP,Negative,Neg_ctrl_Sample_25,0.121277690310731,601,2.77959649125782,Sample_100_GSE140261
scPP,Negative,Neg_ctrl_Sample_26,0.0459251331820594,601,2.77959649125782,Sample_100_GSE140261
scPP,Negative,Neg_ctrl_Sample_27,0.21943119189448,601,2.77959649125782,Sample_100_GSE140261
scPP,Negative,Neg_ctrl_Sample_28,0.211168627540294,601,2.77959649125782,Sample_100_GSE140261
scPP,Negative,Neg_ctrl_Sample_29,-0.0283751703767537,601,2.77959649125782,Sample_100_GSE140261
scPP,Negative,Neg_ctrl_Sample_30,0.120827807815904,601,2.77959649125782,Sample_100_GSE140261
scPP,Negative,Neg_ctrl_Sample_31,0.176419581352266,601,2.77959649125782,Sample_100_GSE140261
scPP,Negative,Neg_ctrl_Sample_32,0.0924153118273365,601,2.77959649125782,Sample_100_GSE140261
scPP,Negative,Neg_ctrl_Sample_33,0.191057789752674,601,2.77959649125782,Sample_100_GSE140261
scPP,Negative,Neg_ctrl_Sample_34,-0.0390027962742115,601,2.77959649125782,Sample_100_GSE140261
scPP,Negative,Neg_ctrl_Sample_35,0.10237976094749,601,2.77959649125782,Sample_100_GSE140261
scPP,Negative,Neg_ctrl_Sample_36,0.134647340534587,601,2.77959649125782,Sample_100_GSE140261
scPP,Negative,Neg_ctrl_Sample_37,0.225361044924111,601,2.77959649125782,Sample_100_GSE140261
scPP,Negative,Neg_ctrl_Sample_38,0.0990980928361781,601,2.77959649125782,Sample_100_GSE140261
scPP,Negative,Neg_ctrl_Sample_39,0.0256675186958618,601,2.77959649125782,Sample_100_GSE140261
scPP,Negative,Neg_ctrl_Sample_40,0.0400282755265633,601,2.77959649125782,Sample_100_GSE140261
scPP,Negative,Neg_ctrl_Sample_41,-0.12985404523948,601,2.77959649125782,Sample_100_GSE140261
scPP,Negative,Neg_ctrl_Sample_42,0.0197795191813032,601,2.77959649125782,Sample_100_GSE140261
scPP,Negative,Neg_ctrl_Sample_43,0.155030171760078,601,2.77959649125782,Sample_100_GSE140261
scPP,Negative,Neg_ctrl_Sample_44,0.224325643845456,601,2.77959649125782,Sample_100_GSE140261
scPP,Negative,Neg_ctrl_Sample_45,0.257553440065728,601,2.77959649125782,Sample_100_GSE140261
scPP,Negative,Neg_ctrl_Sample_46,0.0516309348492185,601,2.77959649125782,Sample_100_GSE140261
scPP,Negative,Neg_ctrl_Sample_47,-0.0170959615619977,601,2.77959649125782,Sample_100_GSE140261
scPP,Negative,Neg_ctrl_Sample_48,0.286802404692415,601,2.77959649125782,Sample_100_GSE140261
scPP,Negative,Neg_ctrl_Sample_49,0.0143101478206752,601,2.77959649125782,Sample_100_GSE140261
scPP,Negative,Neg_ctrl_Sample_50,0.0175862536903137,601,2.77959649125782,Sample_100_GSE140261
scPP,Negative,Neg_ctrl_Sample_51,0.0294106828956322,601,2.77959649125782,Sample_100_GSE140261
scPP,Negative,Neg_ctrl_Sample_52,0.0586999571196856,601,2.77959649125782,Sample_100_GSE140261
scPP,Negative,Neg_ctrl_Sample_53,0.143921610932737,601,2.77959649125782,Sample_100_GSE140261
scPP,Negative,Neg_ctrl_Sample_54,0.112688114585572,601,2.77959649125782,Sample_100_GSE140261
scPP,Negative,Neg_ctrl_Sample_55,0.0176851803419463,601,2.77959649125782,Sample_100_GSE140261
scPP,Negative,Neg_ctrl_Sample_56,0.134413917560617,601,2.77959649125782,Sample_100_GSE140261
scPP,Negative,Neg_ctrl_Sample_57,-0.00517066922157584,601,2.77959649125782,Sample_100_GSE140261
scPP,Negative,Neg_ctrl_Sample_58,0.00670029242216749,601,2.77959649125782,Sample_100_GSE140261
scPP,Negative,Neg_ctrl_Sample_59,0.179992586238512,601,2.77959649125782,Sample_100_GSE140261
scPP,Negative,Neg_ctrl_Sample_60,0.243267962740783,601,2.77959649125782,Sample_100_GSE140261
scPP,Negative,Neg_ctrl_Sample_61,0.275194695640369,601,2.77959649125782,Sample_100_GSE140261
scPP,Negative,Neg_ctrl_Sample_62,-0.0161337117052541,601,2.77959649125782,Sample_100_GSE140261
scPP,Negative,Neg_ctrl_Sample_63,0.0930516044148531,601,2.77959649125782,Sample_100_GSE140261
scPP,Negative,Neg_ctrl_Sample_64,0.0517608129673598,601,2.77959649125782,Sample_100_GSE140261
scPP,Negative,Neg_ctrl_Sample_65,0.150374048905224,601,2.77959649125782,Sample_100_GSE140261
scPP,Negative,Neg_ctrl_Sample_66,0.146132516378241,601,2.77959649125782,Sample_100_GSE140261
scPP,Negative,Neg_ctrl_Sample_67,-0.140682275731155,601,2.77959649125782,Sample_100_GSE140261
scPP,Negative,Neg_ctrl_Sample_68,-0.208186806237194,601,2.77959649125782,Sample_100_GSE140261
scPP,Negative,Neg_ctrl_Sample_69,-0.0898010971449725,601,2.77959649125782,Sample_100_GSE140261
scPP,Negative,Neg_ctrl_Sample_70,-0.0880197708369251,601,2.77959649125782,Sample_100_GSE140261
scPP,Negative,Neg_ctrl_Sample_71,0.104942695125098,601,2.77959649125782,Sample_100_GSE140261
scPP,Negative,Neg_ctrl_Sample_72,-0.19883016893313,601,2.77959649125782,Sample_100_GSE140261
scPP,Negative,Neg_ctrl_Sample_73,0.0170904720385939,601,2.77959649125782,Sample_100_GSE140261
scPP,Negative,Neg_ctrl_Sample_74,-0.148633666295994,601,2.77959649125782,Sample_100_GSE140261
scPP,Negative,Neg_ctrl_Sample_75,-0.0502143240961197,601,2.77959649125782,Sample_100_GSE140261
scPP,Negative,Neg_ctrl_Sample_76,-0.00941904868803731,601,2.77959649125782,Sample_100_GSE140261
scPP,Negative,Neg_ctrl_Sample_77,0.210748532173641,601,2.77959649125782,Sample_100_GSE140261
scPP,Negative,Neg_ctrl_Sample_78,0.15850545363905,601,2.77959649125782,Sample_100_GSE140261
scPP,Negative,Neg_ctrl_Sample_79,0.191372587526405,601,2.77959649125782,Sample_100_GSE140261
scPP,Negative,Neg_ctrl_Sample_80,0.16008408415766,601,2.77959649125782,Sample_100_GSE140261
scPP,Negative,Neg_ctrl_Sample_81,0.242887993983689,601,2.77959649125782,Sample_100_GSE140261
scPP,Negative,Neg_ctrl_Sample_82,0.207224574631976,601,2.77959649125782,Sample_100_GSE140261
scPP,Negative,Neg_ctrl_Sample_83,-0.111498149699809,601,2.77959649125782,Sample_100_GSE140261
scPP,Negative,Neg_ctrl_Sample_84,0.244460847395992,601,2.77959649125782,Sample_100_GSE140261
scPP,Negative,Neg_ctrl_Sample_85,0.198318225240907,601,2.77959649125782,Sample_100_GSE140261
scPP,Negative,Neg_ctrl_Sample_86,-0.207032001384461,601,2.77959649125782,Sample_100_GSE140261
scPP,Negative,Neg_ctrl_Sample_87,0.00076251078808624,601,2.77959649125782,Sample_100_GSE140261
scPP,Negative,Neg_ctrl_Sample_88,0.0182677918701415,601,2.77959649125782,Sample_100_GSE140261
scPP,Negative,Neg_ctrl_Sample_89,0.168265786377889,601,2.77959649125782,Sample_100_GSE140261
scPP,Negative,Neg_ctrl_Sample_90,-0.016344387248858,601,2.77959649125782,Sample_100_GSE140261
scPP,Negative,Neg_ctrl_Sample_91,-0.0738704139676529,601,2.77959649125782,Sample_100_GSE140261
scPP,Negative,Neg_ctrl_Sample_92,0.0216704125734828,601,2.77959649125782,Sample_100_GSE140261
scPP,Negative,Neg_ctrl_Sample_93,0.0469384438965191,601,2.77959649125782,Sample_100_GSE140261
scPP,Negative,Neg_ctrl_Sample_94,0.274879535722839,601,2.77959649125782,Sample_100_GSE140261
scPP,Negative,Neg_ctrl_Sample_95,0.0884340203725644,601,2.77959649125782,Sample_100_GSE140261
scPP,Negative,Neg_ctrl_Sample_96,-0.0950603997958733,601,2.77959649125782,Sample_100_GSE140261
scPP,Negative,Neg_ctrl_Sample_97,0.00372953161864447,601,2.77959649125782,Sample_100_GSE140261
scPP,Negative,Neg_ctrl_Sample_98,0.145532986059263,601,2.77959649125782,Sample_100_GSE140261
scPP,Negative,Neg_ctrl_Sample_99,-0.13089592341663,601,2.77959649125782,Sample_100_GSE140261
scPP,Negative,Neg_ctrl_Sample_100,0.175822307655628,601,2.77959649125782,Sample_100_GSE140261
scPP,Neutral,Neg_ctrl_Sample_1,0.0567961186653909,5284,3.72304499164345,Sample_100_GSE140261
scPP,Neutral,Neg_ctrl_Sample_2,-0.0273259133758645,5284,3.72304499164345,Sample_100_GSE140261
scPP,Neutral,Neg_ctrl_Sample_3,0.0755586573289109,5284,3.72304499164345,Sample_100_GSE140261
scPP,Neutral,Neg_ctrl_Sample_4,0.0491431364225185,5284,3.72304499164345,Sample_100_GSE140261
scPP,Neutral,Neg_ctrl_Sample_5,0.0503227282422176,5284,3.72304499164345,Sample_100_GSE140261
scPP,Neutral,Neg_ctrl_Sample_6,-0.085071833750382,5284,3.72304499164345,Sample_100_GSE140261
scPP,Neutral,Neg_ctrl_Sample_7,-0.0527736150137227,5284,3.72304499164345,Sample_100_GSE140261
scPP,Neutral,Neg_ctrl_Sample_8,-0.0829185884914943,5284,3.72304499164345,Sample_100_GSE140261
scPP,Neutral,Neg_ctrl_Sample_9,0.0775088538641694,5284,3.72304499164345,Sample_100_GSE140261
scPP,Neutral,Neg_ctrl_Sample_10,-0.0498654068106459,5284,3.72304499164345,Sample_100_GSE140261
scPP,Neutral,Neg_ctrl_Sample_11,-0.109805207857381,5284,3.72304499164345,Sample_100_GSE140261
scPP,Neutral,Neg_ctrl_Sample_12,0.0390530000850092,5284,3.72304499164345,Sample_100_GSE140261
scPP,Neutral,Neg_ctrl_Sample_13,0.0507973792202412,5284,3.72304499164345,Sample_100_GSE140261
scPP,Neutral,Neg_ctrl_Sample_14,0.09355782691458,5284,3.72304499164345,Sample_100_GSE140261
scPP,Neutral,Neg_ctrl_Sample_15,0.138327350052869,5284,3.72304499164345,Sample_100_GSE140261
scPP,Neutral,Neg_ctrl_Sample_16,0.0750095419656872,5284,3.72304499164345,Sample_100_GSE140261
scPP,Neutral,Neg_ctrl_Sample_17,-0.205597149886136,5284,3.72304499164345,Sample_100_GSE140261
scPP,Neutral,Neg_ctrl_Sample_18,-0.0423237808304668,5284,3.72304499164345,Sample_100_GSE140261
scPP,Neutral,Neg_ctrl_Sample_19,0.0117584312720211,5284,3.72304499164345,Sample_100_GSE140261
scPP,Neutral,Neg_ctrl_Sample_20,-0.0381038009264465,5284,3.72304499164345,Sample_100_GSE140261
scPP,Neutral,Neg_ctrl_Sample_21,0.0445947545641476,5284,3.72304499164345,Sample_100_GSE140261
scPP,Neutral,Neg_ctrl_Sample_22,-0.0419775237201359,5284,3.72304499164345,Sample_100_GSE140261
scPP,Neutral,Neg_ctrl_Sample_23,-0.172321512183785,5284,3.72304499164345,Sample_100_GSE140261
scPP,Neutral,Neg_ctrl_Sample_24,-0.1499187791345,5284,3.72304499164345,Sample_100_GSE140261
scPP,Neutral,Neg_ctrl_Sample_25,0.140245044925033,5284,3.72304499164345,Sample_100_GSE140261
scPP,Neutral,Neg_ctrl_Sample_26,0.0409046730894447,5284,3.72304499164345,Sample_100_GSE140261
scPP,Neutral,Neg_ctrl_Sample_27,0.234768125858284,5284,3.72304499164345,Sample_100_GSE140261
scPP,Neutral,Neg_ctrl_Sample_28,0.200583421236578,5284,3.72304499164345,Sample_100_GSE140261
scPP,Neutral,Neg_ctrl_Sample_29,-0.0228294199611775,5284,3.72304499164345,Sample_100_GSE140261
scPP,Neutral,Neg_ctrl_Sample_30,0.125808331010215,5284,3.72304499164345,Sample_100_GSE140261
scPP,Neutral,Neg_ctrl_Sample_31,0.172822331381141,5284,3.72304499164345,Sample_100_GSE140261
scPP,Neutral,Neg_ctrl_Sample_32,0.0984415011676474,5284,3.72304499164345,Sample_100_GSE140261
scPP,Neutral,Neg_ctrl_Sample_33,0.180971551501841,5284,3.72304499164345,Sample_100_GSE140261
scPP,Neutral,Neg_ctrl_Sample_34,-0.0238869426022801,5284,3.72304499164345,Sample_100_GSE140261
scPP,Neutral,Neg_ctrl_Sample_35,0.112173098182687,5284,3.72304499164345,Sample_100_GSE140261
scPP,Neutral,Neg_ctrl_Sample_36,0.128305805532059,5284,3.72304499164345,Sample_100_GSE140261
scPP,Neutral,Neg_ctrl_Sample_37,0.234881883932451,5284,3.72304499164345,Sample_100_GSE140261
scPP,Neutral,Neg_ctrl_Sample_38,0.0941996515165865,5284,3.72304499164345,Sample_100_GSE140261
scPP,Neutral,Neg_ctrl_Sample_39,0.0336583086503366,5284,3.72304499164345,Sample_100_GSE140261
scPP,Neutral,Neg_ctrl_Sample_40,0.0691576010396582,5284,3.72304499164345,Sample_100_GSE140261
scPP,Neutral,Neg_ctrl_Sample_41,-0.134948567083256,5284,3.72304499164345,Sample_100_GSE140261
scPP,Neutral,Neg_ctrl_Sample_42,0.032870502479721,5284,3.72304499164345,Sample_100_GSE140261
scPP,Neutral,Neg_ctrl_Sample_43,0.150194547974358,5284,3.72304499164345,Sample_100_GSE140261
scPP,Neutral,Neg_ctrl_Sample_44,0.228564868673268,5284,3.72304499164345,Sample_100_GSE140261
scPP,Neutral,Neg_ctrl_Sample_45,0.260436223037426,5284,3.72304499164345,Sample_100_GSE140261
scPP,Neutral,Neg_ctrl_Sample_46,0.0281670389291685,5284,3.72304499164345,Sample_100_GSE140261
scPP,Neutral,Neg_ctrl_Sample_47,-0.0217834954317975,5284,3.72304499164345,Sample_100_GSE140261
scPP,Neutral,Neg_ctrl_Sample_48,0.288339476204429,5284,3.72304499164345,Sample_100_GSE140261
scPP,Neutral,Neg_ctrl_Sample_49,0.0258735701923974,5284,3.72304499164345,Sample_100_GSE140261
scPP,Neutral,Neg_ctrl_Sample_50,0.0332516053234822,5284,3.72304499164345,Sample_100_GSE140261
scPP,Neutral,Neg_ctrl_Sample_51,0.0290242561564587,5284,3.72304499164345,Sample_100_GSE140261
scPP,Neutral,Neg_ctrl_Sample_52,0.0678296141342786,5284,3.72304499164345,Sample_100_GSE140261
scPP,Neutral,Neg_ctrl_Sample_53,0.159992736265423,5284,3.72304499164345,Sample_100_GSE140261
scPP,Neutral,Neg_ctrl_Sample_54,0.110708515308709,5284,3.72304499164345,Sample_100_GSE140261
scPP,Neutral,Neg_ctrl_Sample_55,0.00316069321282322,5284,3.72304499164345,Sample_100_GSE140261
scPP,Neutral,Neg_ctrl_Sample_56,0.138634614450684,5284,3.72304499164345,Sample_100_GSE140261
scPP,Neutral,Neg_ctrl_Sample_57,-0.00254134561010243,5284,3.72304499164345,Sample_100_GSE140261
scPP,Neutral,Neg_ctrl_Sample_58,0.00124823460288905,5284,3.72304499164345,Sample_100_GSE140261
scPP,Neutral,Neg_ctrl_Sample_59,0.162483367396676,5284,3.72304499164345,Sample_100_GSE140261
scPP,Neutral,Neg_ctrl_Sample_60,0.242513066307918,5284,3.72304499164345,Sample_100_GSE140261
scPP,Neutral,Neg_ctrl_Sample_61,0.272301309655957,5284,3.72304499164345,Sample_100_GSE140261
scPP,Neutral,Neg_ctrl_Sample_62,0.00805848099403992,5284,3.72304499164345,Sample_100_GSE140261
scPP,Neutral,Neg_ctrl_Sample_63,0.097567090602928,5284,3.72304499164345,Sample_100_GSE140261
scPP,Neutral,Neg_ctrl_Sample_64,0.050066906332359,5284,3.72304499164345,Sample_100_GSE140261
scPP,Neutral,Neg_ctrl_Sample_65,0.153380178846467,5284,3.72304499164345,Sample_100_GSE140261
scPP,Neutral,Neg_ctrl_Sample_66,0.147113022573358,5284,3.72304499164345,Sample_100_GSE140261
scPP,Neutral,Neg_ctrl_Sample_67,-0.147770220005088,5284,3.72304499164345,Sample_100_GSE140261
scPP,Neutral,Neg_ctrl_Sample_68,-0.204210199525247,5284,3.72304499164345,Sample_100_GSE140261
scPP,Neutral,Neg_ctrl_Sample_69,-0.0886078608917598,5284,3.72304499164345,Sample_100_GSE140261
scPP,Neutral,Neg_ctrl_Sample_70,-0.0934065949994357,5284,3.72304499164345,Sample_100_GSE140261
scPP,Neutral,Neg_ctrl_Sample_71,0.0871624427126662,5284,3.72304499164345,Sample_100_GSE140261
scPP,Neutral,Neg_ctrl_Sample_72,-0.200814976252631,5284,3.72304499164345,Sample_100_GSE140261
scPP,Neutral,Neg_ctrl_Sample_73,0.0308031001157388,5284,3.72304499164345,Sample_100_GSE140261
scPP,Neutral,Neg_ctrl_Sample_74,-0.144615504305583,5284,3.72304499164345,Sample_100_GSE140261
scPP,Neutral,Neg_ctrl_Sample_75,-0.0551350238027303,5284,3.72304499164345,Sample_100_GSE140261
scPP,Neutral,Neg_ctrl_Sample_76,-0.00776476506043992,5284,3.72304499164345,Sample_100_GSE140261
scPP,Neutral,Neg_ctrl_Sample_77,0.203910140905535,5284,3.72304499164345,Sample_100_GSE140261
scPP,Neutral,Neg_ctrl_Sample_78,0.13778023415629,5284,3.72304499164345,Sample_100_GSE140261
scPP,Neutral,Neg_ctrl_Sample_79,0.18570578765552,5284,3.72304499164345,Sample_100_GSE140261
scPP,Neutral,Neg_ctrl_Sample_80,0.154479976818171,5284,3.72304499164345,Sample_100_GSE140261
scPP,Neutral,Neg_ctrl_Sample_81,0.24055981893385,5284,3.72304499164345,Sample_100_GSE140261
scPP,Neutral,Neg_ctrl_Sample_82,0.209586048541605,5284,3.72304499164345,Sample_100_GSE140261
scPP,Neutral,Neg_ctrl_Sample_83,-0.111701289612101,5284,3.72304499164345,Sample_100_GSE140261
scPP,Neutral,Neg_ctrl_Sample_84,0.1980064902006,5284,3.72304499164345,Sample_100_GSE140261
scPP,Neutral,Neg_ctrl_Sample_85,0.209426838903643,5284,3.72304499164345,Sample_100_GSE140261
scPP,Neutral,Neg_ctrl_Sample_86,-0.203348528605853,5284,3.72304499164345,Sample_100_GSE140261
scPP,Neutral,Neg_ctrl_Sample_87,-0.00493408399887967,5284,3.72304499164345,Sample_100_GSE140261
scPP,Neutral,Neg_ctrl_Sample_88,0.0322532653425138,5284,3.72304499164345,Sample_100_GSE140261
scPP,Neutral,Neg_ctrl_Sample_89,0.16463334657962,5284,3.72304499164345,Sample_100_GSE140261
scPP,Neutral,Neg_ctrl_Sample_90,-0.023484823736721,5284,3.72304499164345,Sample_100_GSE140261
scPP,Neutral,Neg_ctrl_Sample_91,-0.072217578454308,5284,3.72304499164345,Sample_100_GSE140261
scPP,Neutral,Neg_ctrl_Sample_92,0.0322384050960114,5284,3.72304499164345,Sample_100_GSE140261
scPP,Neutral,Neg_ctrl_Sample_93,0.0533823269332325,5284,3.72304499164345,Sample_100_GSE140261
scPP,Neutral,Neg_ctrl_Sample_94,0.278527036184722,5284,3.72304499164345,Sample_100_GSE140261
scPP,Neutral,Neg_ctrl_Sample_95,0.0954027539537854,5284,3.72304499164345,Sample_100_GSE140261
scPP,Neutral,Neg_ctrl_Sample_96,-0.0882710119929934,5284,3.72304499164345,Sample_100_GSE140261
scPP,Neutral,Neg_ctrl_Sample_97,0.0100222265575707,5284,3.72304499164345,Sample_100_GSE140261
scPP,Neutral,Neg_ctrl_Sample_98,0.150118034686328,5284,3.72304499164345,Sample_100_GSE140261
scPP,Neutral,Neg_ctrl_Sample_99,-0.121475482092608,5284,3.72304499164345,Sample_100_GSE140261
scPP,Neutral,Neg_ctrl_Sample_100,0.150621876962278,5284,3.72304499164345,Sample_100_GSE140261
scPP,Positive,Neg_ctrl_Sample_1,0.0669331164020439,608,2.78461729263288,Sample_100_GSE140261
scPP,Positive,Neg_ctrl_Sample_2,-0.0444414966855513,608,2.78461729263288,Sample_100_GSE140261
scPP,Positive,Neg_ctrl_Sample_3,0.037544406039678,608,2.78461729263288,Sample_100_GSE140261
scPP,Positive,Neg_ctrl_Sample_4,0.0547682530729605,608,2.78461729263288,Sample_100_GSE140261
scPP,Positive,Neg_ctrl_Sample_5,0.0332957321459785,608,2.78461729263288,Sample_100_GSE140261
scPP,Positive,Neg_ctrl_Sample_6,-0.0760212598767062,608,2.78461729263288,Sample_100_GSE140261
scPP,Positive,Neg_ctrl_Sample_7,-0.0396522461307329,608,2.78461729263288,Sample_100_GSE140261
scPP,Positive,Neg_ctrl_Sample_8,-0.066059226619975,608,2.78461729263288,Sample_100_GSE140261
scPP,Positive,Neg_ctrl_Sample_9,0.0766021745380194,608,2.78461729263288,Sample_100_GSE140261
scPP,Positive,Neg_ctrl_Sample_10,-0.0595563382037099,608,2.78461729263288,Sample_100_GSE140261
scPP,Positive,Neg_ctrl_Sample_11,-0.132649743710856,608,2.78461729263288,Sample_100_GSE140261
scPP,Positive,Neg_ctrl_Sample_12,0.0393467196603687,608,2.78461729263288,Sample_100_GSE140261
scPP,Positive,Neg_ctrl_Sample_13,0.0593753858556357,608,2.78461729263288,Sample_100_GSE140261
scPP,Positive,Neg_ctrl_Sample_14,0.107247218795821,608,2.78461729263288,Sample_100_GSE140261
scPP,Positive,Neg_ctrl_Sample_15,0.116521623289144,608,2.78461729263288,Sample_100_GSE140261
scPP,Positive,Neg_ctrl_Sample_16,0.0720974982531094,608,2.78461729263288,Sample_100_GSE140261
scPP,Positive,Neg_ctrl_Sample_17,-0.197032745556318,608,2.78461729263288,Sample_100_GSE140261
scPP,Positive,Neg_ctrl_Sample_18,-0.0489144842920636,608,2.78461729263288,Sample_100_GSE140261
scPP,Positive,Neg_ctrl_Sample_19,0.0220913603018435,608,2.78461729263288,Sample_100_GSE140261
scPP,Positive,Neg_ctrl_Sample_20,-0.0455658627427153,608,2.78461729263288,Sample_100_GSE140261
scPP,Positive,Neg_ctrl_Sample_21,0.0714242571815521,608,2.78461729263288,Sample_100_GSE140261
scPP,Positive,Neg_ctrl_Sample_22,-0.037447180656257,608,2.78461729263288,Sample_100_GSE140261
scPP,Positive,Neg_ctrl_Sample_23,-0.167601687326157,608,2.78461729263288,Sample_100_GSE140261
scPP,Positive,Neg_ctrl_Sample_24,-0.150697569081469,608,2.78461729263288,Sample_100_GSE140261
scPP,Positive,Neg_ctrl_Sample_25,0.159871286590648,608,2.78461729263288,Sample_100_GSE140261
scPP,Positive,Neg_ctrl_Sample_26,0.0425909739756045,608,2.78461729263288,Sample_100_GSE140261
scPP,Positive,Neg_ctrl_Sample_27,0.268436216486265,608,2.78461729263288,Sample_100_GSE140261
scPP,Positive,Neg_ctrl_Sample_28,0.214722881235187,608,2.78461729263288,Sample_100_GSE140261
scPP,Positive,Neg_ctrl_Sample_29,-0.0187076885739366,608,2.78461729263288,Sample_100_GSE140261
scPP,Positive,Neg_ctrl_Sample_30,0.123658429118723,608,2.78461729263288,Sample_100_GSE140261
scPP,Positive,Neg_ctrl_Sample_31,0.17232473659846,608,2.78461729263288,Sample_100_GSE140261
scPP,Positive,Neg_ctrl_Sample_32,0.119162233608457,608,2.78461729263288,Sample_100_GSE140261
scPP,Positive,Neg_ctrl_Sample_33,0.165935653992411,608,2.78461729263288,Sample_100_GSE140261
scPP,Positive,Neg_ctrl_Sample_34,-0.0142119588953221,608,2.78461729263288,Sample_100_GSE140261
scPP,Positive,Neg_ctrl_Sample_35,0.127480617337393,608,2.78461729263288,Sample_100_GSE140261
scPP,Positive,Neg_ctrl_Sample_36,0.1257916728992,608,2.78461729263288,Sample_100_GSE140261
scPP,Positive,Neg_ctrl_Sample_37,0.248931258756823,608,2.78461729263288,Sample_100_GSE140261
scPP,Positive,Neg_ctrl_Sample_38,0.0940082307457498,608,2.78461729263288,Sample_100_GSE140261
scPP,Positive,Neg_ctrl_Sample_39,0.0332536690629574,608,2.78461729263288,Sample_100_GSE140261
scPP,Positive,Neg_ctrl_Sample_40,0.102093522760759,608,2.78461729263288,Sample_100_GSE140261
scPP,Positive,Neg_ctrl_Sample_41,-0.146391616724171,608,2.78461729263288,Sample_100_GSE140261
scPP,Positive,Neg_ctrl_Sample_42,0.0465544312331307,608,2.78461729263288,Sample_100_GSE140261
scPP,Positive,Neg_ctrl_Sample_43,0.15347417011363,608,2.78461729263288,Sample_100_GSE140261
scPP,Positive,Neg_ctrl_Sample_44,0.236403423345427,608,2.78461729263288,Sample_100_GSE140261
scPP,Positive,Neg_ctrl_Sample_45,0.278782196799613,608,2.78461729263288,Sample_100_GSE140261
scPP,Positive,Neg_ctrl_Sample_46,-0.0116051170710426,608,2.78461729263288,Sample_100_GSE140261
scPP,Positive,Neg_ctrl_Sample_47,-0.0213405889505892,608,2.78461729263288,Sample_100_GSE140261
scPP,Positive,Neg_ctrl_Sample_48,0.280529792545559,608,2.78461729263288,Sample_100_GSE140261
scPP,Positive,Neg_ctrl_Sample_49,0.0380363329021592,608,2.78461729263288,Sample_100_GSE140261
scPP,Positive,Neg_ctrl_Sample_50,0.0493442257154805,608,2.78461729263288,Sample_100_GSE140261
scPP,Positive,Neg_ctrl_Sample_51,0.024620252008733,608,2.78461729263288,Sample_100_GSE140261
scPP,Positive,Neg_ctrl_Sample_52,0.0723749383763236,608,2.78461729263288,Sample_100_GSE140261
scPP,Positive,Neg_ctrl_Sample_53,0.168427800598802,608,2.78461729263288,Sample_100_GSE140261
scPP,Positive,Neg_ctrl_Sample_54,0.106113652893777,608,2.78461729263288,Sample_100_GSE140261
scPP,Positive,Neg_ctrl_Sample_55,-0.017741143075917,608,2.78461729263288,Sample_100_GSE140261
scPP,Positive,Neg_ctrl_Sample_56,0.147810879526708,608,2.78461729263288,Sample_100_GSE140261
scPP,Positive,Neg_ctrl_Sample_57,-0.008460479941228,608,2.78461729263288,Sample_100_GSE140261
scPP,Positive,Neg_ctrl_Sample_58,0.00311175518229773,608,2.78461729263288,Sample_100_GSE140261
scPP,Positive,Neg_ctrl_Sample_59,0.158944330339254,608,2.78461729263288,Sample_100_GSE140261
scPP,Positive,Neg_ctrl_Sample_60,0.243711318479806,608,2.78461729263288,Sample_100_GSE140261
scPP,Positive,Neg_ctrl_Sample_61,0.258269560660338,608,2.78461729263288,Sample_100_GSE140261
scPP,Positive,Neg_ctrl_Sample_62,0.0256226497882319,608,2.78461729263288,Sample_100_GSE140261
scPP,Positive,Neg_ctrl_Sample_63,0.12097350848842,608,2.78461729263288,Sample_100_GSE140261
scPP,Positive,Neg_ctrl_Sample_64,0.0309319479051908,608,2.78461729263288,Sample_100_GSE140261
scPP,Positive,Neg_ctrl_Sample_65,0.167335016686975,608,2.78461729263288,Sample_100_GSE140261
scPP,Positive,Neg_ctrl_Sample_66,0.156447094389695,608,2.78461729263288,Sample_100_GSE140261
scPP,Positive,Neg_ctrl_Sample_67,-0.148300131092779,608,2.78461729263288,Sample_100_GSE140261
scPP,Positive,Neg_ctrl_Sample_68,-0.209854067796396,608,2.78461729263288,Sample_100_GSE140261
scPP,Positive,Neg_ctrl_Sample_69,-0.0930757463778098,608,2.78461729263288,Sample_100_GSE140261
scPP,Positive,Neg_ctrl_Sample_70,-0.122913053598403,608,2.78461729263288,Sample_100_GSE140261
scPP,Positive,Neg_ctrl_Sample_71,0.0680810817803207,608,2.78461729263288,Sample_100_GSE140261
scPP,Positive,Neg_ctrl_Sample_72,-0.20112811875525,608,2.78461729263288,Sample_100_GSE140261
scPP,Positive,Neg_ctrl_Sample_73,0.0361649926900297,608,2.78461729263288,Sample_100_GSE140261
scPP,Positive,Neg_ctrl_Sample_74,-0.132800071355194,608,2.78461729263288,Sample_100_GSE140261
scPP,Positive,Neg_ctrl_Sample_75,-0.0526758313831627,608,2.78461729263288,Sample_100_GSE140261
scPP,Positive,Neg_ctrl_Sample_76,-0.0266883833424391,608,2.78461729263288,Sample_100_GSE140261
scPP,Positive,Neg_ctrl_Sample_77,0.200934806976849,608,2.78461729263288,Sample_100_GSE140261
scPP,Positive,Neg_ctrl_Sample_78,0.114563115785976,608,2.78461729263288,Sample_100_GSE140261
scPP,Positive,Neg_ctrl_Sample_79,0.171451690775841,608,2.78461729263288,Sample_100_GSE140261
scPP,Positive,Neg_ctrl_Sample_80,0.154316162681196,608,2.78461729263288,Sample_100_GSE140261
scPP,Positive,Neg_ctrl_Sample_81,0.230036572763404,608,2.78461729263288,Sample_100_GSE140261
scPP,Positive,Neg_ctrl_Sample_82,0.212585431289981,608,2.78461729263288,Sample_100_GSE140261
scPP,Positive,Neg_ctrl_Sample_83,-0.130676545059032,608,2.78461729263288,Sample_100_GSE140261
scPP,Positive,Neg_ctrl_Sample_84,0.110072451005245,608,2.78461729263288,Sample_100_GSE140261
scPP,Positive,Neg_ctrl_Sample_85,0.221730107551393,608,2.78461729263288,Sample_100_GSE140261
scPP,Positive,Neg_ctrl_Sample_86,-0.200437235270238,608,2.78461729263288,Sample_100_GSE140261
scPP,Positive,Neg_ctrl_Sample_87,-0.0170960500644436,608,2.78461729263288,Sample_100_GSE140261
scPP,Positive,Neg_ctrl_Sample_88,0.0495086853642421,608,2.78461729263288,Sample_100_GSE140261
scPP,Positive,Neg_ctrl_Sample_89,0.162033180116158,608,2.78461729263288,Sample_100_GSE140261
scPP,Positive,Neg_ctrl_Sample_90,-0.0222290867179558,608,2.78461729263288,Sample_100_GSE140261
scPP,Positive,Neg_ctrl_Sample_91,-0.0864045954803587,608,2.78461729263288,Sample_100_GSE140261
scPP,Positive,Neg_ctrl_Sample_92,0.0359752511158068,608,2.78461729263288,Sample_100_GSE140261
scPP,Positive,Neg_ctrl_Sample_93,0.0532010268357043,608,2.78461729263288,Sample_100_GSE140261
scPP,Positive,Neg_ctrl_Sample_94,0.285887286612308,608,2.78461729263288,Sample_100_GSE140261
scPP,Positive,Neg_ctrl_Sample_95,0.100097920180051,608,2.78461729263288,Sample_100_GSE140261
scPP,Positive,Neg_ctrl_Sample_96,-0.0680700642921036,608,2.78461729263288,Sample_100_GSE140261
scPP,Positive,Neg_ctrl_Sample_97,0.0274016760299401,608,2.78461729263288,Sample_100_GSE140261
scPP,Positive,Neg_ctrl_Sample_98,0.15042420121788,608,2.78461729263288,Sample_100_GSE140261
scPP,Positive,Neg_ctrl_Sample_99,-0.139656337664717,608,2.78461729263288,Sample_100_GSE140261
scPP,Positive,Neg_ctrl_Sample_100,0.127461539548656,608,2.78461729263288,Sample_100_GSE140261
LP_SGL,Negative,Neg_ctrl_Sample_1,0.0374972230925544,22,1.36172783601759,Sample_100_GSE140261
LP_SGL,Negative,Neg_ctrl_Sample_2,-0.0290728776756754,22,1.36172783601759,Sample_100_GSE140261
LP_SGL,Negative,Neg_ctrl_Sample_3,0.152979313693106,22,1.36172783601759,Sample_100_GSE140261
LP_SGL,Negative,Neg_ctrl_Sample_4,0.111468126034937,22,1.36172783601759,Sample_100_GSE140261
LP_SGL,Negative,Neg_ctrl_Sample_5,0.0472318377235821,22,1.36172783601759,Sample_100_GSE140261
LP_SGL,Negative,Neg_ctrl_Sample_6,-0.0777350762446857,22,1.36172783601759,Sample_100_GSE140261
LP_SGL,Negative,Neg_ctrl_Sample_7,-0.0518596361940344,22,1.36172783601759,Sample_100_GSE140261
LP_SGL,Negative,Neg_ctrl_Sample_8,-0.0680907972343665,22,1.36172783601759,Sample_100_GSE140261
LP_SGL,Negative,Neg_ctrl_Sample_9,0.0825175455322755,22,1.36172783601759,Sample_100_GSE140261
LP_SGL,Negative,Neg_ctrl_Sample_10,-0.0633738118168826,22,1.36172783601759,Sample_100_GSE140261
LP_SGL,Negative,Neg_ctrl_Sample_11,-0.132248450323927,22,1.36172783601759,Sample_100_GSE140261
LP_SGL,Negative,Neg_ctrl_Sample_12,0.0710146860083018,22,1.36172783601759,Sample_100_GSE140261
LP_SGL,Negative,Neg_ctrl_Sample_13,0.0598163408976297,22,1.36172783601759,Sample_100_GSE140261
LP_SGL,Negative,Neg_ctrl_Sample_14,0.0721364538756335,22,1.36172783601759,Sample_100_GSE140261
LP_SGL,Negative,Neg_ctrl_Sample_15,0.139524510598338,22,1.36172783601759,Sample_100_GSE140261
LP_SGL,Negative,Neg_ctrl_Sample_16,0.0724604234904028,22,1.36172783601759,Sample_100_GSE140261
LP_SGL,Negative,Neg_ctrl_Sample_17,-0.220231855818181,22,1.36172783601759,Sample_100_GSE140261
LP_SGL,Negative,Neg_ctrl_Sample_18,-0.0341611862761676,22,1.36172783601759,Sample_100_GSE140261
LP_SGL,Negative,Neg_ctrl_Sample_19,0.039610103658055,22,1.36172783601759,Sample_100_GSE140261
LP_SGL,Negative,Neg_ctrl_Sample_20,-0.018454172998934,22,1.36172783601759,Sample_100_GSE140261
LP_SGL,Negative,Neg_ctrl_Sample_21,0.0405658176517215,22,1.36172783601759,Sample_100_GSE140261
LP_SGL,Negative,Neg_ctrl_Sample_22,-0.0504760348835216,22,1.36172783601759,Sample_100_GSE140261
LP_SGL,Negative,Neg_ctrl_Sample_23,-0.12802478090356,22,1.36172783601759,Sample_100_GSE140261
LP_SGL,Negative,Neg_ctrl_Sample_24,-0.11884563067093,22,1.36172783601759,Sample_100_GSE140261
LP_SGL,Negative,Neg_ctrl_Sample_25,0.0995534784422821,22,1.36172783601759,Sample_100_GSE140261
LP_SGL,Negative,Neg_ctrl_Sample_26,0.0485855357897933,22,1.36172783601759,Sample_100_GSE140261
LP_SGL,Negative,Neg_ctrl_Sample_27,0.216524399662342,22,1.36172783601759,Sample_100_GSE140261
LP_SGL,Negative,Neg_ctrl_Sample_28,0.200899331975724,22,1.36172783601759,Sample_100_GSE140261
LP_SGL,Negative,Neg_ctrl_Sample_29,-0.0219012619586366,22,1.36172783601759,Sample_100_GSE140261
LP_SGL,Negative,Neg_ctrl_Sample_30,0.183135132908694,22,1.36172783601759,Sample_100_GSE140261
LP_SGL,Negative,Neg_ctrl_Sample_31,0.161041724450736,22,1.36172783601759,Sample_100_GSE140261
LP_SGL,Negative,Neg_ctrl_Sample_32,0.0778329061561589,22,1.36172783601759,Sample_100_GSE140261
LP_SGL,Negative,Neg_ctrl_Sample_33,0.191179360272486,22,1.36172783601759,Sample_100_GSE140261
LP_SGL,Negative,Neg_ctrl_Sample_34,-0.02413698585902,22,1.36172783601759,Sample_100_GSE140261
LP_SGL,Negative,Neg_ctrl_Sample_35,0.0848528982951555,22,1.36172783601759,Sample_100_GSE140261
LP_SGL,Negative,Neg_ctrl_Sample_36,0.1031087959406,22,1.36172783601759,Sample_100_GSE140261
LP_SGL,Negative,Neg_ctrl_Sample_37,0.259856919963711,22,1.36172783601759,Sample_100_GSE140261
LP_SGL,Negative,Neg_ctrl_Sample_38,0.121108152279803,22,1.36172783601759,Sample_100_GSE140261
LP_SGL,Negative,Neg_ctrl_Sample_39,0.012363837792763,22,1.36172783601759,Sample_100_GSE140261
LP_SGL,Negative,Neg_ctrl_Sample_40,0.0556222108590531,22,1.36172783601759,Sample_100_GSE140261
LP_SGL,Negative,Neg_ctrl_Sample_41,-0.128957497261117,22,1.36172783601759,Sample_100_GSE140261
LP_SGL,Negative,Neg_ctrl_Sample_42,0.064081617449348,22,1.36172783601759,Sample_100_GSE140261
LP_SGL,Negative,Neg_ctrl_Sample_43,0.146200036089143,22,1.36172783601759,Sample_100_GSE140261
LP_SGL,Negative,Neg_ctrl_Sample_44,0.21440522633684,22,1.36172783601759,Sample_100_GSE140261
LP_SGL,Negative,Neg_ctrl_Sample_45,0.233959641839413,22,1.36172783601759,Sample_100_GSE140261
LP_SGL,Negative,Neg_ctrl_Sample_46,0.0433303580240636,22,1.36172783601759,Sample_100_GSE140261
LP_SGL,Negative,Neg_ctrl_Sample_47,0.00454600940648944,22,1.36172783601759,Sample_100_GSE140261
LP_SGL,Negative,Neg_ctrl_Sample_48,0.29992275815892,22,1.36172783601759,Sample_100_GSE140261
LP_SGL,Negative,Neg_ctrl_Sample_49,0.0313959972680778,22,1.36172783601759,Sample_100_GSE140261
LP_SGL,Negative,Neg_ctrl_Sample_50,0.0405144327696227,22,1.36172783601759,Sample_100_GSE140261
LP_SGL,Negative,Neg_ctrl_Sample_51,0.0442872777935401,22,1.36172783601759,Sample_100_GSE140261
LP_SGL,Negative,Neg_ctrl_Sample_52,0.0643522402068248,22,1.36172783601759,Sample_100_GSE140261
LP_SGL,Negative,Neg_ctrl_Sample_53,0.135650721436108,22,1.36172783601759,Sample_100_GSE140261
LP_SGL,Negative,Neg_ctrl_Sample_54,0.100946700599642,22,1.36172783601759,Sample_100_GSE140261
LP_SGL,Negative,Neg_ctrl_Sample_55,0.0033545314764298,22,1.36172783601759,Sample_100_GSE140261
LP_SGL,Negative,Neg_ctrl_Sample_56,0.105858475577167,22,1.36172783601759,Sample_100_GSE140261
LP_SGL,Negative,Neg_ctrl_Sample_57,0.0220138206985271,22,1.36172783601759,Sample_100_GSE140261
LP_SGL,Negative,Neg_ctrl_Sample_58,-0.0226775675508277,22,1.36172783601759,Sample_100_GSE140261
LP_SGL,Negative,Neg_ctrl_Sample_59,0.147684071180103,22,1.36172783601759,Sample_100_GSE140261
LP_SGL,Negative,Neg_ctrl_Sample_60,0.242136004665157,22,1.36172783601759,Sample_100_GSE140261
LP_SGL,Negative,Neg_ctrl_Sample_61,0.312933521078922,22,1.36172783601759,Sample_100_GSE140261
LP_SGL,Negative,Neg_ctrl_Sample_62,-0.00594902753763031,22,1.36172783601759,Sample_100_GSE140261
LP_SGL,Negative,Neg_ctrl_Sample_63,0.0719240091845276,22,1.36172783601759,Sample_100_GSE140261
LP_SGL,Negative,Neg_ctrl_Sample_64,0.0800344500187253,22,1.36172783601759,Sample_100_GSE140261
LP_SGL,Negative,Neg_ctrl_Sample_65,0.170202594345052,22,1.36172783601759,Sample_100_GSE140261
LP_SGL,Negative,Neg_ctrl_Sample_66,0.137227621453577,22,1.36172783601759,Sample_100_GSE140261
LP_SGL,Negative,Neg_ctrl_Sample_67,-0.151594860108722,22,1.36172783601759,Sample_100_GSE140261
LP_SGL,Negative,Neg_ctrl_Sample_68,-0.240397291488964,22,1.36172783601759,Sample_100_GSE140261
LP_SGL,Negative,Neg_ctrl_Sample_69,-0.0673688577372459,22,1.36172783601759,Sample_100_GSE140261
LP_SGL,Negative,Neg_ctrl_Sample_70,-0.0984700746710864,22,1.36172783601759,Sample_100_GSE140261
LP_SGL,Negative,Neg_ctrl_Sample_71,0.115962067216084,22,1.36172783601759,Sample_100_GSE140261
LP_SGL,Negative,Neg_ctrl_Sample_72,-0.211165453772455,22,1.36172783601759,Sample_100_GSE140261
LP_SGL,Negative,Neg_ctrl_Sample_73,0.0451203717910797,22,1.36172783601759,Sample_100_GSE140261
LP_SGL,Negative,Neg_ctrl_Sample_74,-0.131465477635492,22,1.36172783601759,Sample_100_GSE140261
LP_SGL,Negative,Neg_ctrl_Sample_75,-0.0665239545080619,22,1.36172783601759,Sample_100_GSE140261
LP_SGL,Negative,Neg_ctrl_Sample_76,-0.00801324210622712,22,1.36172783601759,Sample_100_GSE140261
LP_SGL,Negative,Neg_ctrl_Sample_77,0.192498527253773,22,1.36172783601759,Sample_100_GSE140261
LP_SGL,Negative,Neg_ctrl_Sample_78,0.139794380306997,22,1.36172783601759,Sample_100_GSE140261
LP_SGL,Negative,Neg_ctrl_Sample_79,0.164559777771749,22,1.36172783601759,Sample_100_GSE140261
LP_SGL,Negative,Neg_ctrl_Sample_80,0.140923939212091,22,1.36172783601759,Sample_100_GSE140261
LP_SGL,Negative,Neg_ctrl_Sample_81,0.228607157690336,22,1.36172783601759,Sample_100_GSE140261
LP_SGL,Negative,Neg_ctrl_Sample_82,0.212746976167825,22,1.36172783601759,Sample_100_GSE140261
LP_SGL,Negative,Neg_ctrl_Sample_83,-0.0837906279719781,22,1.36172783601759,Sample_100_GSE140261
LP_SGL,Negative,Neg_ctrl_Sample_84,0.251649458940427,22,1.36172783601759,Sample_100_GSE140261
LP_SGL,Negative,Neg_ctrl_Sample_85,0.208509316980653,22,1.36172783601759,Sample_100_GSE140261
LP_SGL,Negative,Neg_ctrl_Sample_86,-0.200897332867644,22,1.36172783601759,Sample_100_GSE140261
LP_SGL,Negative,Neg_ctrl_Sample_87,0.0251950190584877,22,1.36172783601759,Sample_100_GSE140261
LP_SGL,Negative,Neg_ctrl_Sample_88,0.0238072822581496,22,1.36172783601759,Sample_100_GSE140261
LP_SGL,Negative,Neg_ctrl_Sample_89,0.184142199841723,22,1.36172783601759,Sample_100_GSE140261
LP_SGL,Negative,Neg_ctrl_Sample_90,-0.0636621354642078,22,1.36172783601759,Sample_100_GSE140261
LP_SGL,Negative,Neg_ctrl_Sample_91,-0.107410671296724,22,1.36172783601759,Sample_100_GSE140261
LP_SGL,Negative,Neg_ctrl_Sample_92,0.0270882656921251,22,1.36172783601759,Sample_100_GSE140261
LP_SGL,Negative,Neg_ctrl_Sample_93,0.0572162389158109,22,1.36172783601759,Sample_100_GSE140261
LP_SGL,Negative,Neg_ctrl_Sample_94,0.32704694911217,22,1.36172783601759,Sample_100_GSE140261
LP_SGL,Negative,Neg_ctrl_Sample_95,0.0896269757187991,22,1.36172783601759,Sample_100_GSE140261
LP_SGL,Negative,Neg_ctrl_Sample_96,-0.126283852449596,22,1.36172783601759,Sample_100_GSE140261
LP_SGL,Negative,Neg_ctrl_Sample_97,0.00205130381323765,22,1.36172783601759,Sample_100_GSE140261
LP_SGL,Negative,Neg_ctrl_Sample_98,0.161908328383594,22,1.36172783601759,Sample_100_GSE140261
LP_SGL,Negative,Neg_ctrl_Sample_99,-0.10177498006222,22,1.36172783601759,Sample_100_GSE140261
LP_SGL,Negative,Neg_ctrl_Sample_100,0.125001781391082,22,1.36172783601759,Sample_100_GSE140261
LP_SGL,Neutral,Neg_ctrl_Sample_1,0.0572956715735398,6412,3.80706123991724,Sample_100_GSE140261
LP_SGL,Neutral,Neg_ctrl_Sample_2,-0.0269068001730821,6412,3.80706123991724,Sample_100_GSE140261
LP_SGL,Neutral,Neg_ctrl_Sample_3,0.0732918110103426,6412,3.80706123991724,Sample_100_GSE140261
LP_SGL,Neutral,Neg_ctrl_Sample_4,0.0502470980110937,6412,3.80706123991724,Sample_100_GSE140261
LP_SGL,Neutral,Neg_ctrl_Sample_5,0.0491741131857622,6412,3.80706123991724,Sample_100_GSE140261
LP_SGL,Neutral,Neg_ctrl_Sample_6,-0.0838538216781678,6412,3.80706123991724,Sample_100_GSE140261
LP_SGL,Neutral,Neg_ctrl_Sample_7,-0.0527170813390706,6412,3.80706123991724,Sample_100_GSE140261
LP_SGL,Neutral,Neg_ctrl_Sample_8,-0.0816184357003676,6412,3.80706123991724,Sample_100_GSE140261
LP_SGL,Neutral,Neg_ctrl_Sample_9,0.0769818823670987,6412,3.80706123991724,Sample_100_GSE140261
LP_SGL,Neutral,Neg_ctrl_Sample_10,-0.0503550234680079,6412,3.80706123991724,Sample_100_GSE140261
LP_SGL,Neutral,Neg_ctrl_Sample_11,-0.111530616230794,6412,3.80706123991724,Sample_100_GSE140261
LP_SGL,Neutral,Neg_ctrl_Sample_12,0.040749448717243,6412,3.80706123991724,Sample_100_GSE140261
LP_SGL,Neutral,Neg_ctrl_Sample_13,0.0519443181834699,6412,3.80706123991724,Sample_100_GSE140261
LP_SGL,Neutral,Neg_ctrl_Sample_14,0.0939506688241033,6412,3.80706123991724,Sample_100_GSE140261
LP_SGL,Neutral,Neg_ctrl_Sample_15,0.13870283073956,6412,3.80706123991724,Sample_100_GSE140261
LP_SGL,Neutral,Neg_ctrl_Sample_16,0.0757693694549562,6412,3.80706123991724,Sample_100_GSE140261
LP_SGL,Neutral,Neg_ctrl_Sample_17,-0.204603112622908,6412,3.80706123991724,Sample_100_GSE140261
LP_SGL,Neutral,Neg_ctrl_Sample_18,-0.0425036861195048,6412,3.80706123991724,Sample_100_GSE140261
LP_SGL,Neutral,Neg_ctrl_Sample_19,0.0123620809967866,6412,3.80706123991724,Sample_100_GSE140261
LP_SGL,Neutral,Neg_ctrl_Sample_20,-0.0384224091418912,6412,3.80706123991724,Sample_100_GSE140261
LP_SGL,Neutral,Neg_ctrl_Sample_21,0.0453231024220341,6412,3.80706123991724,Sample_100_GSE140261
LP_SGL,Neutral,Neg_ctrl_Sample_22,-0.0428251944111007,6412,3.80706123991724,Sample_100_GSE140261
LP_SGL,Neutral,Neg_ctrl_Sample_23,-0.172062172588213,6412,3.80706123991724,Sample_100_GSE140261
LP_SGL,Neutral,Neg_ctrl_Sample_24,-0.1507923909543,6412,3.80706123991724,Sample_100_GSE140261
LP_SGL,Neutral,Neg_ctrl_Sample_25,0.140509751121002,6412,3.80706123991724,Sample_100_GSE140261
LP_SGL,Neutral,Neg_ctrl_Sample_26,0.0417109646444625,6412,3.80706123991724,Sample_100_GSE140261
LP_SGL,Neutral,Neg_ctrl_Sample_27,0.236498410813372,6412,3.80706123991724,Sample_100_GSE140261
LP_SGL,Neutral,Neg_ctrl_Sample_28,0.202699682388649,6412,3.80706123991724,Sample_100_GSE140261
LP_SGL,Neutral,Neg_ctrl_Sample_29,-0.0228875085840342,6412,3.80706123991724,Sample_100_GSE140261
LP_SGL,Neutral,Neg_ctrl_Sample_30,0.124918403247352,6412,3.80706123991724,Sample_100_GSE140261
LP_SGL,Neutral,Neg_ctrl_Sample_31,0.173210397388461,6412,3.80706123991724,Sample_100_GSE140261
LP_SGL,Neutral,Neg_ctrl_Sample_32,0.10046987147665,6412,3.80706123991724,Sample_100_GSE140261
LP_SGL,Neutral,Neg_ctrl_Sample_33,0.180725874661035,6412,3.80706123991724,Sample_100_GSE140261
LP_SGL,Neutral,Neg_ctrl_Sample_34,-0.0243110915750899,6412,3.80706123991724,Sample_100_GSE140261
LP_SGL,Neutral,Neg_ctrl_Sample_35,0.112782539901341,6412,3.80706123991724,Sample_100_GSE140261
LP_SGL,Neutral,Neg_ctrl_Sample_36,0.128989832742784,6412,3.80706123991724,Sample_100_GSE140261
LP_SGL,Neutral,Neg_ctrl_Sample_37,0.235211898523806,6412,3.80706123991724,Sample_100_GSE140261
LP_SGL,Neutral,Neg_ctrl_Sample_38,0.0945375116941656,6412,3.80706123991724,Sample_100_GSE140261
LP_SGL,Neutral,Neg_ctrl_Sample_39,0.0329472229703851,6412,3.80706123991724,Sample_100_GSE140261
LP_SGL,Neutral,Neg_ctrl_Sample_40,0.0696279052446259,6412,3.80706123991724,Sample_100_GSE140261
LP_SGL,Neutral,Neg_ctrl_Sample_41,-0.135279556618345,6412,3.80706123991724,Sample_100_GSE140261
LP_SGL,Neutral,Neg_ctrl_Sample_42,0.0331545025663884,6412,3.80706123991724,Sample_100_GSE140261
LP_SGL,Neutral,Neg_ctrl_Sample_43,0.151243549816748,6412,3.80706123991724,Sample_100_GSE140261
LP_SGL,Neutral,Neg_ctrl_Sample_44,0.228866548458357,6412,3.80706123991724,Sample_100_GSE140261
LP_SGL,Neutral,Neg_ctrl_Sample_45,0.261604524916683,6412,3.80706123991724,Sample_100_GSE140261
LP_SGL,Neutral,Neg_ctrl_Sample_46,0.0269114227904714,6412,3.80706123991724,Sample_100_GSE140261
LP_SGL,Neutral,Neg_ctrl_Sample_47,-0.021373339839971,6412,3.80706123991724,Sample_100_GSE140261
LP_SGL,Neutral,Neg_ctrl_Sample_48,0.287333262391257,6412,3.80706123991724,Sample_100_GSE140261
LP_SGL,Neutral,Neg_ctrl_Sample_49,0.0258257350751617,6412,3.80706123991724,Sample_100_GSE140261
LP_SGL,Neutral,Neg_ctrl_Sample_50,0.033486120324317,6412,3.80706123991724,Sample_100_GSE140261
LP_SGL,Neutral,Neg_ctrl_Sample_51,0.0287421291781078,6412,3.80706123991724,Sample_100_GSE140261
LP_SGL,Neutral,Neg_ctrl_Sample_52,0.0674680733897749,6412,3.80706123991724,Sample_100_GSE140261
LP_SGL,Neutral,Neg_ctrl_Sample_53,0.158972553357069,6412,3.80706123991724,Sample_100_GSE140261
LP_SGL,Neutral,Neg_ctrl_Sample_54,0.110610955124172,6412,3.80706123991724,Sample_100_GSE140261
LP_SGL,Neutral,Neg_ctrl_Sample_55,0.00275432002931076,6412,3.80706123991724,Sample_100_GSE140261
LP_SGL,Neutral,Neg_ctrl_Sample_56,0.139154477759467,6412,3.80706123991724,Sample_100_GSE140261
LP_SGL,Neutral,Neg_ctrl_Sample_57,-0.00297031906135064,6412,3.80706123991724,Sample_100_GSE140261
LP_SGL,Neutral,Neg_ctrl_Sample_58,0.00219178828503846,6412,3.80706123991724,Sample_100_GSE140261
LP_SGL,Neutral,Neg_ctrl_Sample_59,0.16463255186608,6412,3.80706123991724,Sample_100_GSE140261
LP_SGL,Neutral,Neg_ctrl_Sample_60,0.242481158651418,6412,3.80706123991724,Sample_100_GSE140261
LP_SGL,Neutral,Neg_ctrl_Sample_61,0.27123083825217,6412,3.80706123991724,Sample_100_GSE140261
LP_SGL,Neutral,Neg_ctrl_Sample_62,0.00785524482170353,6412,3.80706123991724,Sample_100_GSE140261
LP_SGL,Neutral,Neg_ctrl_Sample_63,0.0990646520902499,6412,3.80706123991724,Sample_100_GSE140261
LP_SGL,Neutral,Neg_ctrl_Sample_64,0.0485086028240887,6412,3.80706123991724,Sample_100_GSE140261
LP_SGL,Neutral,Neg_ctrl_Sample_65,0.154286863124804,6412,3.80706123991724,Sample_100_GSE140261
LP_SGL,Neutral,Neg_ctrl_Sample_66,0.147915285062459,6412,3.80706123991724,Sample_100_GSE140261
LP_SGL,Neutral,Neg_ctrl_Sample_67,-0.147062431672437,6412,3.80706123991724,Sample_100_GSE140261
LP_SGL,Neutral,Neg_ctrl_Sample_68,-0.204574481624709,6412,3.80706123991724,Sample_100_GSE140261
LP_SGL,Neutral,Neg_ctrl_Sample_69,-0.0890498196875244,6412,3.80706123991724,Sample_100_GSE140261
LP_SGL,Neutral,Neg_ctrl_Sample_70,-0.0955337361680036,6412,3.80706123991724,Sample_100_GSE140261
LP_SGL,Neutral,Neg_ctrl_Sample_71,0.0874401482277106,6412,3.80706123991724,Sample_100_GSE140261
LP_SGL,Neutral,Neg_ctrl_Sample_72,-0.200586417431917,6412,3.80706123991724,Sample_100_GSE140261
LP_SGL,Neutral,Neg_ctrl_Sample_73,0.0299205721273097,6412,3.80706123991724,Sample_100_GSE140261
LP_SGL,Neutral,Neg_ctrl_Sample_74,-0.143353949761524,6412,3.80706123991724,Sample_100_GSE140261
LP_SGL,Neutral,Neg_ctrl_Sample_75,-0.0544638835986766,6412,3.80706123991724,Sample_100_GSE140261
LP_SGL,Neutral,Neg_ctrl_Sample_76,-0.00939357966059244,6412,3.80706123991724,Sample_100_GSE140261
LP_SGL,Neutral,Neg_ctrl_Sample_77,0.204265574012423,6412,3.80706123991724,Sample_100_GSE140261
LP_SGL,Neutral,Neg_ctrl_Sample_78,0.13745238813641,6412,3.80706123991724,Sample_100_GSE140261
LP_SGL,Neutral,Neg_ctrl_Sample_79,0.18541762392982,6412,3.80706123991724,Sample_100_GSE140261
LP_SGL,Neutral,Neg_ctrl_Sample_80,0.154872094648047,6412,3.80706123991724,Sample_100_GSE140261
LP_SGL,Neutral,Neg_ctrl_Sample_81,0.240168097989752,6412,3.80706123991724,Sample_100_GSE140261
LP_SGL,Neutral,Neg_ctrl_Sample_82,0.209671453228329,6412,3.80706123991724,Sample_100_GSE140261
LP_SGL,Neutral,Neg_ctrl_Sample_83,-0.11354279812686,6412,3.80706123991724,Sample_100_GSE140261
LP_SGL,Neutral,Neg_ctrl_Sample_84,0.1948173685143,6412,3.80706123991724,Sample_100_GSE140261
LP_SGL,Neutral,Neg_ctrl_Sample_85,0.209884582905886,6412,3.80706123991724,Sample_100_GSE140261
LP_SGL,Neutral,Neg_ctrl_Sample_86,-0.203000116951277,6412,3.80706123991724,Sample_100_GSE140261
LP_SGL,Neutral,Neg_ctrl_Sample_87,-0.00549745910321599,6412,3.80706123991724,Sample_100_GSE140261
LP_SGL,Neutral,Neg_ctrl_Sample_88,0.0325755246896519,6412,3.80706123991724,Sample_100_GSE140261
LP_SGL,Neutral,Neg_ctrl_Sample_89,0.164515693823977,6412,3.80706123991724,Sample_100_GSE140261
LP_SGL,Neutral,Neg_ctrl_Sample_90,-0.0221785852245883,6412,3.80706123991724,Sample_100_GSE140261
LP_SGL,Neutral,Neg_ctrl_Sample_91,-0.0735479691582187,6412,3.80706123991724,Sample_100_GSE140261
LP_SGL,Neutral,Neg_ctrl_Sample_92,0.0315602488064478,6412,3.80706123991724,Sample_100_GSE140261
LP_SGL,Neutral,Neg_ctrl_Sample_93,0.0526100620616887,6412,3.80706123991724,Sample_100_GSE140261
LP_SGL,Neutral,Neg_ctrl_Sample_94,0.278341831674273,6412,3.80706123991724,Sample_100_GSE140261
LP_SGL,Neutral,Neg_ctrl_Sample_95,0.0949979195342267,6412,3.80706123991724,Sample_100_GSE140261
LP_SGL,Neutral,Neg_ctrl_Sample_96,-0.0870019936400595,6412,3.80706123991724,Sample_100_GSE140261
LP_SGL,Neutral,Neg_ctrl_Sample_97,0.0110353549058623,6412,3.80706123991724,Sample_100_GSE140261
LP_SGL,Neutral,Neg_ctrl_Sample_98,0.1502146332638,6412,3.80706123991724,Sample_100_GSE140261
LP_SGL,Neutral,Neg_ctrl_Sample_99,-0.123944850064682,6412,3.80706123991724,Sample_100_GSE140261
LP_SGL,Neutral,Neg_ctrl_Sample_100,0.151371128331903,6412,3.80706123991724,Sample_100_GSE140261
LP_SGL,Positive,Neg_ctrl_Sample_1,0.0650479644962358,59,1.77815125038364,Sample_100_GSE140261
LP_SGL,Positive,Neg_ctrl_Sample_2,-0.0502707146062003,59,1.77815125038364,Sample_100_GSE140261
LP_SGL,Positive,Neg_ctrl_Sample_3,0.0384368788466222,59,1.77815125038364,Sample_100_GSE140261
LP_SGL,Positive,Neg_ctrl_Sample_4,0.0507259926458363,59,1.77815125038364,Sample_100_GSE140261
LP_SGL,Positive,Neg_ctrl_Sample_5,-0.0129722607045234,59,1.77815125038364,Sample_100_GSE140261
LP_SGL,Positive,Neg_ctrl_Sample_6,-0.129729356620422,59,1.77815125038364,Sample_100_GSE140261
LP_SGL,Positive,Neg_ctrl_Sample_7,-0.0821326542442236,59,1.77815125038364,Sample_100_GSE140261
LP_SGL,Positive,Neg_ctrl_Sample_8,-0.107913376767213,59,1.77815125038364,Sample_100_GSE140261
LP_SGL,Positive,Neg_ctrl_Sample_9,0.0535863517102145,59,1.77815125038364,Sample_100_GSE140261
LP_SGL,Positive,Neg_ctrl_Sample_10,-0.0656725903638607,59,1.77815125038364,Sample_100_GSE140261
LP_SGL,Positive,Neg_ctrl_Sample_11,-0.154190836520748,59,1.77815125038364,Sample_100_GSE140261
LP_SGL,Positive,Neg_ctrl_Sample_12,0.0120428955144722,59,1.77815125038364,Sample_100_GSE140261
LP_SGL,Positive,Neg_ctrl_Sample_13,-0.0035862231922659,59,1.77815125038364,Sample_100_GSE140261
LP_SGL,Positive,Neg_ctrl_Sample_14,0.0991274666802229,59,1.77815125038364,Sample_100_GSE140261
LP_SGL,Positive,Neg_ctrl_Sample_15,0.139682983387349,59,1.77815125038364,Sample_100_GSE140261
LP_SGL,Positive,Neg_ctrl_Sample_16,0.0602563349639217,59,1.77815125038364,Sample_100_GSE140261
LP_SGL,Positive,Neg_ctrl_Sample_17,-0.219145821652884,59,1.77815125038364,Sample_100_GSE140261
LP_SGL,Positive,Neg_ctrl_Sample_18,-0.0565621207480633,59,1.77815125038364,Sample_100_GSE140261
LP_SGL,Positive,Neg_ctrl_Sample_19,0.0299173502102912,59,1.77815125038364,Sample_100_GSE140261
LP_SGL,Positive,Neg_ctrl_Sample_20,-0.0992812011150605,59,1.77815125038364,Sample_100_GSE140261
LP_SGL,Positive,Neg_ctrl_Sample_21,0.00448901724031412,59,1.77815125038364,Sample_100_GSE140261
LP_SGL,Positive,Neg_ctrl_Sample_22,-0.0351923037836546,59,1.77815125038364,Sample_100_GSE140261
LP_SGL,Positive,Neg_ctrl_Sample_23,-0.158192723800094,59,1.77815125038364,Sample_100_GSE140261
LP_SGL,Positive,Neg_ctrl_Sample_24,-0.169873393125408,59,1.77815125038364,Sample_100_GSE140261
LP_SGL,Positive,Neg_ctrl_Sample_25,0.135690691426089,59,1.77815125038364,Sample_100_GSE140261
LP_SGL,Positive,Neg_ctrl_Sample_26,0.018932588754937,59,1.77815125038364,Sample_100_GSE140261
LP_SGL,Positive,Neg_ctrl_Sample_27,0.244250780669271,59,1.77815125038364,Sample_100_GSE140261
LP_SGL,Positive,Neg_ctrl_Sample_28,0.224008575886515,59,1.77815125038364,Sample_100_GSE140261
LP_SGL,Positive,Neg_ctrl_Sample_29,-0.0308792257682559,59,1.77815125038364,Sample_100_GSE140261
LP_SGL,Positive,Neg_ctrl_Sample_30,0.128259049381393,59,1.77815125038364,Sample_100_GSE140261
LP_SGL,Positive,Neg_ctrl_Sample_31,0.166556292708405,59,1.77815125038364,Sample_100_GSE140261
LP_SGL,Positive,Neg_ctrl_Sample_32,0.0378303859034099,59,1.77815125038364,Sample_100_GSE140261
LP_SGL,Positive,Neg_ctrl_Sample_33,0.151661578846197,59,1.77815125038364,Sample_100_GSE140261
LP_SGL,Positive,Neg_ctrl_Sample_34,-0.0319732781564539,59,1.77815125038364,Sample_100_GSE140261
LP_SGL,Positive,Neg_ctrl_Sample_35,0.11411343827125,59,1.77815125038364,Sample_100_GSE140261
LP_SGL,Positive,Neg_ctrl_Sample_36,0.102051934880975,59,1.77815125038364,Sample_100_GSE140261
LP_SGL,Positive,Neg_ctrl_Sample_37,0.237500380487495,59,1.77815125038364,Sample_100_GSE140261
LP_SGL,Positive,Neg_ctrl_Sample_38,0.0953730909907809,59,1.77815125038364,Sample_100_GSE140261
LP_SGL,Positive,Neg_ctrl_Sample_39,0.0333104121579452,59,1.77815125038364,Sample_100_GSE140261
LP_SGL,Positive,Neg_ctrl_Sample_40,0.0657763094257569,59,1.77815125038364,Sample_100_GSE140261
LP_SGL,Positive,Neg_ctrl_Sample_41,-0.167237807603006,59,1.77815125038364,Sample_100_GSE140261
LP_SGL,Positive,Neg_ctrl_Sample_42,-0.00196857150873996,59,1.77815125038364,Sample_100_GSE140261
LP_SGL,Positive,Neg_ctrl_Sample_43,0.120735219228051,59,1.77815125038364,Sample_100_GSE140261
LP_SGL,Positive,Neg_ctrl_Sample_44,0.238653147801441,59,1.77815125038364,Sample_100_GSE140261
LP_SGL,Positive,Neg_ctrl_Sample_45,0.303031691138865,59,1.77815125038364,Sample_100_GSE140261
LP_SGL,Positive,Neg_ctrl_Sample_46,-0.0118711261376139,59,1.77815125038364,Sample_100_GSE140261
LP_SGL,Positive,Neg_ctrl_Sample_47,-0.0238626778878873,59,1.77815125038364,Sample_100_GSE140261
LP_SGL,Positive,Neg_ctrl_Sample_48,0.297236817284882,59,1.77815125038364,Sample_100_GSE140261
LP_SGL,Positive,Neg_ctrl_Sample_49,0.0365611677886642,59,1.77815125038364,Sample_100_GSE140261
LP_SGL,Positive,Neg_ctrl_Sample_50,0.0113184608765852,59,1.77815125038364,Sample_100_GSE140261
LP_SGL,Positive,Neg_ctrl_Sample_51,0.0125466232343591,59,1.77815125038364,Sample_100_GSE140261
LP_SGL,Positive,Neg_ctrl_Sample_52,0.0622590167368968,59,1.77815125038364,Sample_100_GSE140261
LP_SGL,Positive,Neg_ctrl_Sample_53,0.203157311254604,59,1.77815125038364,Sample_100_GSE140261
LP_SGL,Positive,Neg_ctrl_Sample_54,0.0977657804607462,59,1.77815125038364,Sample_100_GSE140261
LP_SGL,Positive,Neg_ctrl_Sample_55,-0.0201901421781696,59,1.77815125038364,Sample_100_GSE140261
LP_SGL,Positive,Neg_ctrl_Sample_56,0.145926849274307,59,1.77815125038364,Sample_100_GSE140261
LP_SGL,Positive,Neg_ctrl_Sample_57,-0.0528581770203777,59,1.77815125038364,Sample_100_GSE140261
LP_SGL,Positive,Neg_ctrl_Sample_58,-0.0176329738868305,59,1.77815125038364,Sample_100_GSE140261
LP_SGL,Positive,Neg_ctrl_Sample_59,0.0763192943793393,59,1.77815125038364,Sample_100_GSE140261
LP_SGL,Positive,Neg_ctrl_Sample_60,0.266159122685434,59,1.77815125038364,Sample_100_GSE140261
LP_SGL,Positive,Neg_ctrl_Sample_61,0.258361912657237,59,1.77815125038364,Sample_100_GSE140261
LP_SGL,Positive,Neg_ctrl_Sample_62,-0.0300631742718784,59,1.77815125038364,Sample_100_GSE140261
LP_SGL,Positive,Neg_ctrl_Sample_63,0.139585368735867,59,1.77815125038364,Sample_100_GSE140261
LP_SGL,Positive,Neg_ctrl_Sample_64,0.028313335109409,59,1.77815125038364,Sample_100_GSE140261
LP_SGL,Positive,Neg_ctrl_Sample_65,0.161754832722375,59,1.77815125038364,Sample_100_GSE140261
LP_SGL,Positive,Neg_ctrl_Sample_66,0.149811381651048,59,1.77815125038364,Sample_100_GSE140261
LP_SGL,Positive,Neg_ctrl_Sample_67,-0.156524934231594,59,1.77815125038364,Sample_100_GSE140261
LP_SGL,Positive,Neg_ctrl_Sample_68,-0.249795279148704,59,1.77815125038364,Sample_100_GSE140261
LP_SGL,Positive,Neg_ctrl_Sample_69,-0.10669307503842,59,1.77815125038364,Sample_100_GSE140261
LP_SGL,Positive,Neg_ctrl_Sample_70,-0.109539133658171,59,1.77815125038364,Sample_100_GSE140261
LP_SGL,Positive,Neg_ctrl_Sample_71,0.0307255740934698,59,1.77815125038364,Sample_100_GSE140261
LP_SGL,Positive,Neg_ctrl_Sample_72,-0.204803621940032,59,1.77815125038364,Sample_100_GSE140261
LP_SGL,Positive,Neg_ctrl_Sample_73,0.0369476881793801,59,1.77815125038364,Sample_100_GSE140261
LP_SGL,Positive,Neg_ctrl_Sample_74,-0.205793816943749,59,1.77815125038364,Sample_100_GSE140261
LP_SGL,Positive,Neg_ctrl_Sample_75,-0.048359854279077,59,1.77815125038364,Sample_100_GSE140261
LP_SGL,Positive,Neg_ctrl_Sample_76,-0.0425166068308829,59,1.77815125038364,Sample_100_GSE140261
LP_SGL,Positive,Neg_ctrl_Sample_77,0.208535370438748,59,1.77815125038364,Sample_100_GSE140261
LP_SGL,Positive,Neg_ctrl_Sample_78,0.144520681684193,59,1.77815125038364,Sample_100_GSE140261
LP_SGL,Positive,Neg_ctrl_Sample_79,0.135742632506199,59,1.77815125038364,Sample_100_GSE140261
LP_SGL,Positive,Neg_ctrl_Sample_80,0.172317990681217,59,1.77815125038364,Sample_100_GSE140261
LP_SGL,Positive,Neg_ctrl_Sample_81,0.202861052395484,59,1.77815125038364,Sample_100_GSE140261
LP_SGL,Positive,Neg_ctrl_Sample_82,0.205979669427559,59,1.77815125038364,Sample_100_GSE140261
LP_SGL,Positive,Neg_ctrl_Sample_83,-0.115449597813644,59,1.77815125038364,Sample_100_GSE140261
LP_SGL,Positive,Neg_ctrl_Sample_84,0.091628113657019,59,1.77815125038364,Sample_100_GSE140261
LP_SGL,Positive,Neg_ctrl_Sample_85,0.173651270538608,59,1.77815125038364,Sample_100_GSE140261
LP_SGL,Positive,Neg_ctrl_Sample_86,-0.249647556186757,59,1.77815125038364,Sample_100_GSE140261
LP_SGL,Positive,Neg_ctrl_Sample_87,-0.0222442704252161,59,1.77815125038364,Sample_100_GSE140261
LP_SGL,Positive,Neg_ctrl_Sample_88,0.0357364943310172,59,1.77815125038364,Sample_100_GSE140261
LP_SGL,Positive,Neg_ctrl_Sample_89,0.180351817874349,59,1.77815125038364,Sample_100_GSE140261
LP_SGL,Positive,Neg_ctrl_Sample_90,-0.0647866889091883,59,1.77815125038364,Sample_100_GSE140261
LP_SGL,Positive,Neg_ctrl_Sample_91,-0.0775454981043194,59,1.77815125038364,Sample_100_GSE140261
LP_SGL,Positive,Neg_ctrl_Sample_92,0.0387177283089399,59,1.77815125038364,Sample_100_GSE140261
LP_SGL,Positive,Neg_ctrl_Sample_93,0.0683723630071559,59,1.77815125038364,Sample_100_GSE140261
LP_SGL,Positive,Neg_ctrl_Sample_94,0.319255472099585,59,1.77815125038364,Sample_100_GSE140261
LP_SGL,Positive,Neg_ctrl_Sample_95,0.118950509930623,59,1.77815125038364,Sample_100_GSE140261
LP_SGL,Positive,Neg_ctrl_Sample_96,-0.0729982841346356,59,1.77815125038364,Sample_100_GSE140261
LP_SGL,Positive,Neg_ctrl_Sample_97,0.0178862426937702,59,1.77815125038364,Sample_100_GSE140261
LP_SGL,Positive,Neg_ctrl_Sample_98,0.0916732632664313,59,1.77815125038364,Sample_100_GSE140261
LP_SGL,Positive,Neg_ctrl_Sample_99,-0.14377156736908,59,1.77815125038364,Sample_100_GSE140261
LP_SGL,Positive,Neg_ctrl_Sample_100,0.0967814705174017,59,1.77815125038364,Sample_100_GSE140261
