meta_column,label_value,score_group,mean_score,count,log_count,sample
scissor,Negative,Neg_ctrl_Sample_1,-0.0614403107788059,1810,3.25791845031406,Sample_100_GSE42568
scissor,Negative,Neg_ctrl_Sample_2,-0.0648573540989398,1810,3.25791845031406,Sample_100_GSE42568
scissor,Negative,Neg_ctrl_Sample_3,-0.0394229992264865,1810,3.25791845031406,Sample_100_GSE42568
scissor,Negative,Neg_ctrl_Sample_4,-0.24589323112801,1810,3.25791845031406,Sample_100_GSE42568
scissor,Negative,Neg_ctrl_Sample_5,-0.107696514728756,1810,3.25791845031406,Sample_100_GSE42568
scissor,Negative,Neg_ctrl_Sample_6,-0.156043303119636,1810,3.25791845031406,Sample_100_GSE42568
scissor,Negative,Neg_ctrl_Sample_7,-0.169715019582394,1810,3.25791845031406,Sample_100_GSE42568
scissor,Negative,Neg_ctrl_Sample_8,-0.01308404691208,1810,3.25791845031406,Sample_100_GSE42568
scissor,Negative,Neg_ctrl_Sample_9,-0.0208001013351344,1810,3.25791845031406,Sample_100_GSE42568
scissor,Negative,Neg_ctrl_Sample_10,0.0858241532805246,1810,3.25791845031406,Sample_100_GSE42568
scissor,Negative,Neg_ctrl_Sample_11,0.14110984568972,1810,3.25791845031406,Sample_100_GSE42568
scissor,Negative,Neg_ctrl_Sample_12,-0.136080139327338,1810,3.25791845031406,Sample_100_GSE42568
scissor,Negative,Neg_ctrl_Sample_13,-0.0708365628318355,1810,3.25791845031406,Sample_100_GSE42568
scissor,Negative,Neg_ctrl_Sample_14,0.0159346250147574,1810,3.25791845031406,Sample_100_GSE42568
scissor,Negative,Neg_ctrl_Sample_15,-0.0799935961719203,1810,3.25791845031406,Sample_100_GSE42568
scissor,Negative,Neg_ctrl_Sample_16,-0.0475534018206672,1810,3.25791845031406,Sample_100_GSE42568
scissor,Negative,Neg_ctrl_Sample_17,0.15991461544964,1810,3.25791845031406,Sample_100_GSE42568
scissor,Negative,Neg_ctrl_Sample_18,0.200290719435125,1810,3.25791845031406,Sample_100_GSE42568
scissor,Negative,Neg_ctrl_Sample_19,0.231437993105319,1810,3.25791845031406,Sample_100_GSE42568
scissor,Negative,Neg_ctrl_Sample_20,-0.140997314221658,1810,3.25791845031406,Sample_100_GSE42568
scissor,Negative,Neg_ctrl_Sample_21,-0.013287200609207,1810,3.25791845031406,Sample_100_GSE42568
scissor,Negative,Neg_ctrl_Sample_22,0.201235148939604,1810,3.25791845031406,Sample_100_GSE42568
scissor,Negative,Neg_ctrl_Sample_23,-0.0629112404753147,1810,3.25791845031406,Sample_100_GSE42568
scissor,Negative,Neg_ctrl_Sample_24,0.131791779452336,1810,3.25791845031406,Sample_100_GSE42568
scissor,Negative,Neg_ctrl_Sample_25,0.0550970084744372,1810,3.25791845031406,Sample_100_GSE42568
scissor,Negative,Neg_ctrl_Sample_26,0.0247283887078667,1810,3.25791845031406,Sample_100_GSE42568
scissor,Negative,Neg_ctrl_Sample_27,-0.0145520886502264,1810,3.25791845031406,Sample_100_GSE42568
scissor,Negative,Neg_ctrl_Sample_28,0.0924558338240143,1810,3.25791845031406,Sample_100_GSE42568
scissor,Negative,Neg_ctrl_Sample_29,0.114574637521395,1810,3.25791845031406,Sample_100_GSE42568
scissor,Negative,Neg_ctrl_Sample_30,-0.0618937669386455,1810,3.25791845031406,Sample_100_GSE42568
scissor,Negative,Neg_ctrl_Sample_31,0.188709777252201,1810,3.25791845031406,Sample_100_GSE42568
scissor,Negative,Neg_ctrl_Sample_32,0.218262431757923,1810,3.25791845031406,Sample_100_GSE42568
scissor,Negative,Neg_ctrl_Sample_33,0.00971854368303929,1810,3.25791845031406,Sample_100_GSE42568
scissor,Negative,Neg_ctrl_Sample_34,-0.250028581837163,1810,3.25791845031406,Sample_100_GSE42568
scissor,Negative,Neg_ctrl_Sample_35,0.0217154068788071,1810,3.25791845031406,Sample_100_GSE42568
scissor,Negative,Neg_ctrl_Sample_36,0.06273864718591,1810,3.25791845031406,Sample_100_GSE42568
scissor,Negative,Neg_ctrl_Sample_37,0.0853875615145834,1810,3.25791845031406,Sample_100_GSE42568
scissor,Negative,Neg_ctrl_Sample_38,0.070363969128152,1810,3.25791845031406,Sample_100_GSE42568
scissor,Negative,Neg_ctrl_Sample_39,0.103850140966889,1810,3.25791845031406,Sample_100_GSE42568
scissor,Negative,Neg_ctrl_Sample_40,0.174464898224238,1810,3.25791845031406,Sample_100_GSE42568
scissor,Negative,Neg_ctrl_Sample_41,-0.145263869474262,1810,3.25791845031406,Sample_100_GSE42568
scissor,Negative,Neg_ctrl_Sample_42,-0.160355612512961,1810,3.25791845031406,Sample_100_GSE42568
scissor,Negative,Neg_ctrl_Sample_43,0.0317782861810415,1810,3.25791845031406,Sample_100_GSE42568
scissor,Negative,Neg_ctrl_Sample_44,0.271355837580926,1810,3.25791845031406,Sample_100_GSE42568
scissor,Negative,Neg_ctrl_Sample_45,0.00614060852432188,1810,3.25791845031406,Sample_100_GSE42568
scissor,Negative,Neg_ctrl_Sample_46,0.317953577956349,1810,3.25791845031406,Sample_100_GSE42568
scissor,Negative,Neg_ctrl_Sample_47,0.0461822077894376,1810,3.25791845031406,Sample_100_GSE42568
scissor,Negative,Neg_ctrl_Sample_48,-0.00044813313251569,1810,3.25791845031406,Sample_100_GSE42568
scissor,Negative,Neg_ctrl_Sample_49,-0.133403281908849,1810,3.25791845031406,Sample_100_GSE42568
scissor,Negative,Neg_ctrl_Sample_50,-0.0404489555631394,1810,3.25791845031406,Sample_100_GSE42568
scissor,Negative,Neg_ctrl_Sample_51,0.1050609718536,1810,3.25791845031406,Sample_100_GSE42568
scissor,Negative,Neg_ctrl_Sample_52,0.191011004717157,1810,3.25791845031406,Sample_100_GSE42568
scissor,Negative,Neg_ctrl_Sample_53,0.0837418425665336,1810,3.25791845031406,Sample_100_GSE42568
scissor,Negative,Neg_ctrl_Sample_54,0.0107983523622636,1810,3.25791845031406,Sample_100_GSE42568
scissor,Negative,Neg_ctrl_Sample_55,-0.0320871432006685,1810,3.25791845031406,Sample_100_GSE42568
scissor,Negative,Neg_ctrl_Sample_56,0.0810904832028699,1810,3.25791845031406,Sample_100_GSE42568
scissor,Negative,Neg_ctrl_Sample_57,0.0812350396172153,1810,3.25791845031406,Sample_100_GSE42568
scissor,Negative,Neg_ctrl_Sample_58,0.0155686578331562,1810,3.25791845031406,Sample_100_GSE42568
scissor,Negative,Neg_ctrl_Sample_59,0.0929028100390051,1810,3.25791845031406,Sample_100_GSE42568
scissor,Negative,Neg_ctrl_Sample_60,0.0555747432279259,1810,3.25791845031406,Sample_100_GSE42568
scissor,Negative,Neg_ctrl_Sample_61,-0.0789476604050472,1810,3.25791845031406,Sample_100_GSE42568
scissor,Negative,Neg_ctrl_Sample_62,-0.0830095977880859,1810,3.25791845031406,Sample_100_GSE42568
scissor,Negative,Neg_ctrl_Sample_63,0.139014719024525,1810,3.25791845031406,Sample_100_GSE42568
scissor,Negative,Neg_ctrl_Sample_64,0.00775328648189961,1810,3.25791845031406,Sample_100_GSE42568
scissor,Negative,Neg_ctrl_Sample_65,-0.135498300062493,1810,3.25791845031406,Sample_100_GSE42568
scissor,Negative,Neg_ctrl_Sample_66,0.00569858271746828,1810,3.25791845031406,Sample_100_GSE42568
scissor,Negative,Neg_ctrl_Sample_67,0.338409577059266,1810,3.25791845031406,Sample_100_GSE42568
scissor,Negative,Neg_ctrl_Sample_68,0.0040298664691446,1810,3.25791845031406,Sample_100_GSE42568
scissor,Negative,Neg_ctrl_Sample_69,-0.0985959786392354,1810,3.25791845031406,Sample_100_GSE42568
scissor,Negative,Neg_ctrl_Sample_70,0.0650192047444681,1810,3.25791845031406,Sample_100_GSE42568
scissor,Negative,Neg_ctrl_Sample_71,-0.12729695264688,1810,3.25791845031406,Sample_100_GSE42568
scissor,Negative,Neg_ctrl_Sample_72,-0.12209629505481,1810,3.25791845031406,Sample_100_GSE42568
scissor,Negative,Neg_ctrl_Sample_73,0.1384754688856,1810,3.25791845031406,Sample_100_GSE42568
scissor,Negative,Neg_ctrl_Sample_74,-0.103779154361875,1810,3.25791845031406,Sample_100_GSE42568
scissor,Negative,Neg_ctrl_Sample_75,0.0899495963492936,1810,3.25791845031406,Sample_100_GSE42568
scissor,Negative,Neg_ctrl_Sample_76,0.00399023858312873,1810,3.25791845031406,Sample_100_GSE42568
scissor,Negative,Neg_ctrl_Sample_77,0.153713088747991,1810,3.25791845031406,Sample_100_GSE42568
scissor,Negative,Neg_ctrl_Sample_78,0.000399217609560624,1810,3.25791845031406,Sample_100_GSE42568
scissor,Negative,Neg_ctrl_Sample_79,-0.143292478392664,1810,3.25791845031406,Sample_100_GSE42568
scissor,Negative,Neg_ctrl_Sample_80,-0.0298943487497373,1810,3.25791845031406,Sample_100_GSE42568
scissor,Negative,Neg_ctrl_Sample_81,0.0402811065082359,1810,3.25791845031406,Sample_100_GSE42568
scissor,Negative,Neg_ctrl_Sample_82,-0.0435509545620141,1810,3.25791845031406,Sample_100_GSE42568
scissor,Negative,Neg_ctrl_Sample_83,0.0840265934737342,1810,3.25791845031406,Sample_100_GSE42568
scissor,Negative,Neg_ctrl_Sample_84,0.0888216292858524,1810,3.25791845031406,Sample_100_GSE42568
scissor,Negative,Neg_ctrl_Sample_85,-0.0152428807906785,1810,3.25791845031406,Sample_100_GSE42568
scissor,Negative,Neg_ctrl_Sample_86,-0.0699949147094319,1810,3.25791845031406,Sample_100_GSE42568
scissor,Negative,Neg_ctrl_Sample_87,-0.128753591356642,1810,3.25791845031406,Sample_100_GSE42568
scissor,Negative,Neg_ctrl_Sample_88,0.16711904049488,1810,3.25791845031406,Sample_100_GSE42568
scissor,Negative,Neg_ctrl_Sample_89,-0.158922671249043,1810,3.25791845031406,Sample_100_GSE42568
scissor,Negative,Neg_ctrl_Sample_90,0.117795435493413,1810,3.25791845031406,Sample_100_GSE42568
scissor,Negative,Neg_ctrl_Sample_91,-0.0470321237646054,1810,3.25791845031406,Sample_100_GSE42568
scissor,Negative,Neg_ctrl_Sample_92,-0.155824102359012,1810,3.25791845031406,Sample_100_GSE42568
scissor,Negative,Neg_ctrl_Sample_93,-0.125152304146375,1810,3.25791845031406,Sample_100_GSE42568
scissor,Negative,Neg_ctrl_Sample_94,0.0231243816949653,1810,3.25791845031406,Sample_100_GSE42568
scissor,Negative,Neg_ctrl_Sample_95,-0.102864062519761,1810,3.25791845031406,Sample_100_GSE42568
scissor,Negative,Neg_ctrl_Sample_96,-0.0935273399659533,1810,3.25791845031406,Sample_100_GSE42568
scissor,Negative,Neg_ctrl_Sample_97,0.0481924737916012,1810,3.25791845031406,Sample_100_GSE42568
scissor,Negative,Neg_ctrl_Sample_98,0.019331029387044,1810,3.25791845031406,Sample_100_GSE42568
scissor,Negative,Neg_ctrl_Sample_99,-0.107791516771986,1810,3.25791845031406,Sample_100_GSE42568
scissor,Negative,Neg_ctrl_Sample_100,-0.158141082245315,1810,3.25791845031406,Sample_100_GSE42568
scissor,Neutral,Neg_ctrl_Sample_1,-0.0524410230739777,27302,4.43621036908705,Sample_100_GSE42568
scissor,Neutral,Neg_ctrl_Sample_2,-0.0486586046571388,27302,4.43621036908705,Sample_100_GSE42568
scissor,Neutral,Neg_ctrl_Sample_3,-0.0242902550962739,27302,4.43621036908705,Sample_100_GSE42568
scissor,Neutral,Neg_ctrl_Sample_4,-0.225507089799368,27302,4.43621036908705,Sample_100_GSE42568
scissor,Neutral,Neg_ctrl_Sample_5,-0.0887169297051838,27302,4.43621036908705,Sample_100_GSE42568
scissor,Neutral,Neg_ctrl_Sample_6,-0.142962226998794,27302,4.43621036908705,Sample_100_GSE42568
scissor,Neutral,Neg_ctrl_Sample_7,-0.165656499315142,27302,4.43621036908705,Sample_100_GSE42568
scissor,Neutral,Neg_ctrl_Sample_8,-0.00735693404454629,27302,4.43621036908705,Sample_100_GSE42568
scissor,Neutral,Neg_ctrl_Sample_9,-0.00664817998133549,27302,4.43621036908705,Sample_100_GSE42568
scissor,Neutral,Neg_ctrl_Sample_10,0.0962179100279426,27302,4.43621036908705,Sample_100_GSE42568
scissor,Neutral,Neg_ctrl_Sample_11,0.148606950901116,27302,4.43621036908705,Sample_100_GSE42568
scissor,Neutral,Neg_ctrl_Sample_12,-0.126516524731698,27302,4.43621036908705,Sample_100_GSE42568
scissor,Neutral,Neg_ctrl_Sample_13,-0.0632614698062282,27302,4.43621036908705,Sample_100_GSE42568
scissor,Neutral,Neg_ctrl_Sample_14,0.0323233670369456,27302,4.43621036908705,Sample_100_GSE42568
scissor,Neutral,Neg_ctrl_Sample_15,-0.0743966776974567,27302,4.43621036908705,Sample_100_GSE42568
scissor,Neutral,Neg_ctrl_Sample_16,-0.0227743311008989,27302,4.43621036908705,Sample_100_GSE42568
scissor,Neutral,Neg_ctrl_Sample_17,0.168267121443988,27302,4.43621036908705,Sample_100_GSE42568
scissor,Neutral,Neg_ctrl_Sample_18,0.199436161167678,27302,4.43621036908705,Sample_100_GSE42568
scissor,Neutral,Neg_ctrl_Sample_19,0.23165460018808,27302,4.43621036908705,Sample_100_GSE42568
scissor,Neutral,Neg_ctrl_Sample_20,-0.129089825703181,27302,4.43621036908705,Sample_100_GSE42568
scissor,Neutral,Neg_ctrl_Sample_21,-0.0282175001267374,27302,4.43621036908705,Sample_100_GSE42568
scissor,Neutral,Neg_ctrl_Sample_22,0.205266229184912,27302,4.43621036908705,Sample_100_GSE42568
scissor,Neutral,Neg_ctrl_Sample_23,-0.0352842804431393,27302,4.43621036908705,Sample_100_GSE42568
scissor,Neutral,Neg_ctrl_Sample_24,0.134031880487922,27302,4.43621036908705,Sample_100_GSE42568
scissor,Neutral,Neg_ctrl_Sample_25,0.0544530541231801,27302,4.43621036908705,Sample_100_GSE42568
scissor,Neutral,Neg_ctrl_Sample_26,0.0322542779074025,27302,4.43621036908705,Sample_100_GSE42568
scissor,Neutral,Neg_ctrl_Sample_27,0.00316081314291237,27302,4.43621036908705,Sample_100_GSE42568
scissor,Neutral,Neg_ctrl_Sample_28,0.0944854936806201,27302,4.43621036908705,Sample_100_GSE42568
scissor,Neutral,Neg_ctrl_Sample_29,0.120599102435958,27302,4.43621036908705,Sample_100_GSE42568
scissor,Neutral,Neg_ctrl_Sample_30,-0.0532588129379262,27302,4.43621036908705,Sample_100_GSE42568
scissor,Neutral,Neg_ctrl_Sample_31,0.201148379386667,27302,4.43621036908705,Sample_100_GSE42568
scissor,Neutral,Neg_ctrl_Sample_32,0.234945148559029,27302,4.43621036908705,Sample_100_GSE42568
scissor,Neutral,Neg_ctrl_Sample_33,0.0167444797414292,27302,4.43621036908705,Sample_100_GSE42568
scissor,Neutral,Neg_ctrl_Sample_34,-0.230018190077566,27302,4.43621036908705,Sample_100_GSE42568
scissor,Neutral,Neg_ctrl_Sample_35,0.0394840657897553,27302,4.43621036908705,Sample_100_GSE42568
scissor,Neutral,Neg_ctrl_Sample_36,0.0635835807400404,27302,4.43621036908705,Sample_100_GSE42568
scissor,Neutral,Neg_ctrl_Sample_37,0.0780108576212349,27302,4.43621036908705,Sample_100_GSE42568
scissor,Neutral,Neg_ctrl_Sample_38,0.0707791084872116,27302,4.43621036908705,Sample_100_GSE42568
scissor,Neutral,Neg_ctrl_Sample_39,0.111872734892221,27302,4.43621036908705,Sample_100_GSE42568
scissor,Neutral,Neg_ctrl_Sample_40,0.168959436477812,27302,4.43621036908705,Sample_100_GSE42568
scissor,Neutral,Neg_ctrl_Sample_41,-0.137305559365076,27302,4.43621036908705,Sample_100_GSE42568
scissor,Neutral,Neg_ctrl_Sample_42,-0.145981367501703,27302,4.43621036908705,Sample_100_GSE42568
scissor,Neutral,Neg_ctrl_Sample_43,0.0417966437176963,27302,4.43621036908705,Sample_100_GSE42568
scissor,Neutral,Neg_ctrl_Sample_44,0.271827341742711,27302,4.43621036908705,Sample_100_GSE42568
scissor,Neutral,Neg_ctrl_Sample_45,0.0187001669222045,27302,4.43621036908705,Sample_100_GSE42568
scissor,Neutral,Neg_ctrl_Sample_46,0.310195873902139,27302,4.43621036908705,Sample_100_GSE42568
scissor,Neutral,Neg_ctrl_Sample_47,0.0526103408609867,27302,4.43621036908705,Sample_100_GSE42568
scissor,Neutral,Neg_ctrl_Sample_48,0.0172270666097312,27302,4.43621036908705,Sample_100_GSE42568
scissor,Neutral,Neg_ctrl_Sample_49,-0.11151734040575,27302,4.43621036908705,Sample_100_GSE42568
scissor,Neutral,Neg_ctrl_Sample_50,-0.00984896921698936,27302,4.43621036908705,Sample_100_GSE42568
scissor,Neutral,Neg_ctrl_Sample_51,0.114412420340753,27302,4.43621036908705,Sample_100_GSE42568
scissor,Neutral,Neg_ctrl_Sample_52,0.205730206907908,27302,4.43621036908705,Sample_100_GSE42568
scissor,Neutral,Neg_ctrl_Sample_53,0.0904845730622374,27302,4.43621036908705,Sample_100_GSE42568
scissor,Neutral,Neg_ctrl_Sample_54,0.0161661684140343,27302,4.43621036908705,Sample_100_GSE42568
scissor,Neutral,Neg_ctrl_Sample_55,-0.0200412857652607,27302,4.43621036908705,Sample_100_GSE42568
scissor,Neutral,Neg_ctrl_Sample_56,0.0858740067429494,27302,4.43621036908705,Sample_100_GSE42568
scissor,Neutral,Neg_ctrl_Sample_57,0.0923624271082137,27302,4.43621036908705,Sample_100_GSE42568
scissor,Neutral,Neg_ctrl_Sample_58,0.0263294522408758,27302,4.43621036908705,Sample_100_GSE42568
scissor,Neutral,Neg_ctrl_Sample_59,0.0962822188384812,27302,4.43621036908705,Sample_100_GSE42568
scissor,Neutral,Neg_ctrl_Sample_60,0.0740650166771825,27302,4.43621036908705,Sample_100_GSE42568
scissor,Neutral,Neg_ctrl_Sample_61,-0.0657002644371095,27302,4.43621036908705,Sample_100_GSE42568
scissor,Neutral,Neg_ctrl_Sample_62,-0.0756355757602518,27302,4.43621036908705,Sample_100_GSE42568
scissor,Neutral,Neg_ctrl_Sample_63,0.144571960828936,27302,4.43621036908705,Sample_100_GSE42568
scissor,Neutral,Neg_ctrl_Sample_64,0.0284236547327256,27302,4.43621036908705,Sample_100_GSE42568
scissor,Neutral,Neg_ctrl_Sample_65,-0.116459587434144,27302,4.43621036908705,Sample_100_GSE42568
scissor,Neutral,Neg_ctrl_Sample_66,0.0153423143396708,27302,4.43621036908705,Sample_100_GSE42568
scissor,Neutral,Neg_ctrl_Sample_67,0.335255046120679,27302,4.43621036908705,Sample_100_GSE42568
scissor,Neutral,Neg_ctrl_Sample_68,0.0187050378882904,27302,4.43621036908705,Sample_100_GSE42568
scissor,Neutral,Neg_ctrl_Sample_69,-0.0786771910539853,27302,4.43621036908705,Sample_100_GSE42568
scissor,Neutral,Neg_ctrl_Sample_70,0.0745087260839928,27302,4.43621036908705,Sample_100_GSE42568
scissor,Neutral,Neg_ctrl_Sample_71,-0.121307799630687,27302,4.43621036908705,Sample_100_GSE42568
scissor,Neutral,Neg_ctrl_Sample_72,-0.110572954509907,27302,4.43621036908705,Sample_100_GSE42568
scissor,Neutral,Neg_ctrl_Sample_73,0.146403114983161,27302,4.43621036908705,Sample_100_GSE42568
scissor,Neutral,Neg_ctrl_Sample_74,-0.0963306478039894,27302,4.43621036908705,Sample_100_GSE42568
scissor,Neutral,Neg_ctrl_Sample_75,0.102038046621431,27302,4.43621036908705,Sample_100_GSE42568
scissor,Neutral,Neg_ctrl_Sample_76,0.0188971624498955,27302,4.43621036908705,Sample_100_GSE42568
scissor,Neutral,Neg_ctrl_Sample_77,0.156930660583092,27302,4.43621036908705,Sample_100_GSE42568
scissor,Neutral,Neg_ctrl_Sample_78,0.0100508710650653,27302,4.43621036908705,Sample_100_GSE42568
scissor,Neutral,Neg_ctrl_Sample_79,-0.130331084729535,27302,4.43621036908705,Sample_100_GSE42568
scissor,Neutral,Neg_ctrl_Sample_80,-0.0297712920667578,27302,4.43621036908705,Sample_100_GSE42568
scissor,Neutral,Neg_ctrl_Sample_81,0.04589325772802,27302,4.43621036908705,Sample_100_GSE42568
scissor,Neutral,Neg_ctrl_Sample_82,-0.0287766839812667,27302,4.43621036908705,Sample_100_GSE42568
scissor,Neutral,Neg_ctrl_Sample_83,0.0874795837261295,27302,4.43621036908705,Sample_100_GSE42568
scissor,Neutral,Neg_ctrl_Sample_84,0.106445809950731,27302,4.43621036908705,Sample_100_GSE42568
scissor,Neutral,Neg_ctrl_Sample_85,-0.00901942168969858,27302,4.43621036908705,Sample_100_GSE42568
scissor,Neutral,Neg_ctrl_Sample_86,-0.0630109142889294,27302,4.43621036908705,Sample_100_GSE42568
scissor,Neutral,Neg_ctrl_Sample_87,-0.110450739798945,27302,4.43621036908705,Sample_100_GSE42568
scissor,Neutral,Neg_ctrl_Sample_88,0.173610519264583,27302,4.43621036908705,Sample_100_GSE42568
scissor,Neutral,Neg_ctrl_Sample_89,-0.13755219313512,27302,4.43621036908705,Sample_100_GSE42568
scissor,Neutral,Neg_ctrl_Sample_90,0.133876750923674,27302,4.43621036908705,Sample_100_GSE42568
scissor,Neutral,Neg_ctrl_Sample_91,-0.0366657783376754,27302,4.43621036908705,Sample_100_GSE42568
scissor,Neutral,Neg_ctrl_Sample_92,-0.14293466619617,27302,4.43621036908705,Sample_100_GSE42568
scissor,Neutral,Neg_ctrl_Sample_93,-0.120197840098473,27302,4.43621036908705,Sample_100_GSE42568
scissor,Neutral,Neg_ctrl_Sample_94,0.0323908959584405,27302,4.43621036908705,Sample_100_GSE42568
scissor,Neutral,Neg_ctrl_Sample_95,-0.0950892780149504,27302,4.43621036908705,Sample_100_GSE42568
scissor,Neutral,Neg_ctrl_Sample_96,-0.0713777481947445,27302,4.43621036908705,Sample_100_GSE42568
scissor,Neutral,Neg_ctrl_Sample_97,0.0540539135229623,27302,4.43621036908705,Sample_100_GSE42568
scissor,Neutral,Neg_ctrl_Sample_98,0.0365795960139096,27302,4.43621036908705,Sample_100_GSE42568
scissor,Neutral,Neg_ctrl_Sample_99,-0.101800368361269,27302,4.43621036908705,Sample_100_GSE42568
scissor,Neutral,Neg_ctrl_Sample_100,-0.149991273331812,27302,4.43621036908705,Sample_100_GSE42568
scissor,Positive,Neg_ctrl_Sample_1,-0.0479945758237458,2760,3.44106640663926,Sample_100_GSE42568
scissor,Positive,Neg_ctrl_Sample_2,-0.053210465479857,2760,3.44106640663926,Sample_100_GSE42568
scissor,Positive,Neg_ctrl_Sample_3,-0.0184850591594001,2760,3.44106640663926,Sample_100_GSE42568
scissor,Positive,Neg_ctrl_Sample_4,-0.216745823159149,2760,3.44106640663926,Sample_100_GSE42568
scissor,Positive,Neg_ctrl_Sample_5,-0.0891967592141127,2760,3.44106640663926,Sample_100_GSE42568
scissor,Positive,Neg_ctrl_Sample_6,-0.129938221838968,2760,3.44106640663926,Sample_100_GSE42568
scissor,Positive,Neg_ctrl_Sample_7,-0.169953653915693,2760,3.44106640663926,Sample_100_GSE42568
scissor,Positive,Neg_ctrl_Sample_8,0.0105928869820209,2760,3.44106640663926,Sample_100_GSE42568
scissor,Positive,Neg_ctrl_Sample_9,-0.0120729859115477,2760,3.44106640663926,Sample_100_GSE42568
scissor,Positive,Neg_ctrl_Sample_10,0.0998353409165309,2760,3.44106640663926,Sample_100_GSE42568
scissor,Positive,Neg_ctrl_Sample_11,0.154724723996764,2760,3.44106640663926,Sample_100_GSE42568
scissor,Positive,Neg_ctrl_Sample_12,-0.124973481469404,2760,3.44106640663926,Sample_100_GSE42568
scissor,Positive,Neg_ctrl_Sample_13,-0.0628631838458229,2760,3.44106640663926,Sample_100_GSE42568
scissor,Positive,Neg_ctrl_Sample_14,0.035644076681302,2760,3.44106640663926,Sample_100_GSE42568
scissor,Positive,Neg_ctrl_Sample_15,-0.062116951945368,2760,3.44106640663926,Sample_100_GSE42568
scissor,Positive,Neg_ctrl_Sample_16,-0.0111165673810919,2760,3.44106640663926,Sample_100_GSE42568
scissor,Positive,Neg_ctrl_Sample_17,0.164249130286043,2760,3.44106640663926,Sample_100_GSE42568
scissor,Positive,Neg_ctrl_Sample_18,0.19657882763053,2760,3.44106640663926,Sample_100_GSE42568
scissor,Positive,Neg_ctrl_Sample_19,0.238493557591162,2760,3.44106640663926,Sample_100_GSE42568
scissor,Positive,Neg_ctrl_Sample_20,-0.124790054570045,2760,3.44106640663926,Sample_100_GSE42568
scissor,Positive,Neg_ctrl_Sample_21,-0.0305755413501429,2760,3.44106640663926,Sample_100_GSE42568
scissor,Positive,Neg_ctrl_Sample_22,0.20689991654346,2760,3.44106640663926,Sample_100_GSE42568
scissor,Positive,Neg_ctrl_Sample_23,-0.0346189549391741,2760,3.44106640663926,Sample_100_GSE42568
scissor,Positive,Neg_ctrl_Sample_24,0.140933019826444,2760,3.44106640663926,Sample_100_GSE42568
scissor,Positive,Neg_ctrl_Sample_25,0.0630142374282181,2760,3.44106640663926,Sample_100_GSE42568
scissor,Positive,Neg_ctrl_Sample_26,0.0324578671013875,2760,3.44106640663926,Sample_100_GSE42568
scissor,Positive,Neg_ctrl_Sample_27,0.00899224289865698,2760,3.44106640663926,Sample_100_GSE42568
scissor,Positive,Neg_ctrl_Sample_28,0.0854181821106791,2760,3.44106640663926,Sample_100_GSE42568
scissor,Positive,Neg_ctrl_Sample_29,0.125873525019155,2760,3.44106640663926,Sample_100_GSE42568
scissor,Positive,Neg_ctrl_Sample_30,-0.041370739514237,2760,3.44106640663926,Sample_100_GSE42568
scissor,Positive,Neg_ctrl_Sample_31,0.200971195517297,2760,3.44106640663926,Sample_100_GSE42568
scissor,Positive,Neg_ctrl_Sample_32,0.250844241818999,2760,3.44106640663926,Sample_100_GSE42568
scissor,Positive,Neg_ctrl_Sample_33,0.0253912411507254,2760,3.44106640663926,Sample_100_GSE42568
scissor,Positive,Neg_ctrl_Sample_34,-0.23533836095577,2760,3.44106640663926,Sample_100_GSE42568
scissor,Positive,Neg_ctrl_Sample_35,0.044270745272509,2760,3.44106640663926,Sample_100_GSE42568
scissor,Positive,Neg_ctrl_Sample_36,0.0614730682325435,2760,3.44106640663926,Sample_100_GSE42568
scissor,Positive,Neg_ctrl_Sample_37,0.078092846491875,2760,3.44106640663926,Sample_100_GSE42568
scissor,Positive,Neg_ctrl_Sample_38,0.0754883098017573,2760,3.44106640663926,Sample_100_GSE42568
scissor,Positive,Neg_ctrl_Sample_39,0.111169647348539,2760,3.44106640663926,Sample_100_GSE42568
scissor,Positive,Neg_ctrl_Sample_40,0.170472812535354,2760,3.44106640663926,Sample_100_GSE42568
scissor,Positive,Neg_ctrl_Sample_41,-0.130527116323699,2760,3.44106640663926,Sample_100_GSE42568
scissor,Positive,Neg_ctrl_Sample_42,-0.141880067535432,2760,3.44106640663926,Sample_100_GSE42568
scissor,Positive,Neg_ctrl_Sample_43,0.0389915291775362,2760,3.44106640663926,Sample_100_GSE42568
scissor,Positive,Neg_ctrl_Sample_44,0.2759996062871,2760,3.44106640663926,Sample_100_GSE42568
scissor,Positive,Neg_ctrl_Sample_45,0.0180322025806524,2760,3.44106640663926,Sample_100_GSE42568
scissor,Positive,Neg_ctrl_Sample_46,0.302617786728984,2760,3.44106640663926,Sample_100_GSE42568
scissor,Positive,Neg_ctrl_Sample_47,0.0531414641138344,2760,3.44106640663926,Sample_100_GSE42568
scissor,Positive,Neg_ctrl_Sample_48,0.0316826522331659,2760,3.44106640663926,Sample_100_GSE42568
scissor,Positive,Neg_ctrl_Sample_49,-0.108413115703593,2760,3.44106640663926,Sample_100_GSE42568
scissor,Positive,Neg_ctrl_Sample_50,-0.00210705941941112,2760,3.44106640663926,Sample_100_GSE42568
scissor,Positive,Neg_ctrl_Sample_51,0.120479815561344,2760,3.44106640663926,Sample_100_GSE42568
scissor,Positive,Neg_ctrl_Sample_52,0.211658526943064,2760,3.44106640663926,Sample_100_GSE42568
scissor,Positive,Neg_ctrl_Sample_53,0.0922007770049138,2760,3.44106640663926,Sample_100_GSE42568
scissor,Positive,Neg_ctrl_Sample_54,0.0225198150828754,2760,3.44106640663926,Sample_100_GSE42568
scissor,Positive,Neg_ctrl_Sample_55,-0.0313679818490284,2760,3.44106640663926,Sample_100_GSE42568
scissor,Positive,Neg_ctrl_Sample_56,0.0915308682768827,2760,3.44106640663926,Sample_100_GSE42568
scissor,Positive,Neg_ctrl_Sample_57,0.0915580820810674,2760,3.44106640663926,Sample_100_GSE42568
scissor,Positive,Neg_ctrl_Sample_58,0.0288758689349289,2760,3.44106640663926,Sample_100_GSE42568
scissor,Positive,Neg_ctrl_Sample_59,0.0921430538729823,2760,3.44106640663926,Sample_100_GSE42568
scissor,Positive,Neg_ctrl_Sample_60,0.0789550869892241,2760,3.44106640663926,Sample_100_GSE42568
scissor,Positive,Neg_ctrl_Sample_61,-0.0612864886857008,2760,3.44106640663926,Sample_100_GSE42568
scissor,Positive,Neg_ctrl_Sample_62,-0.072194331182826,2760,3.44106640663926,Sample_100_GSE42568
scissor,Positive,Neg_ctrl_Sample_63,0.154114045732154,2760,3.44106640663926,Sample_100_GSE42568
scissor,Positive,Neg_ctrl_Sample_64,0.0390147856027313,2760,3.44106640663926,Sample_100_GSE42568
scissor,Positive,Neg_ctrl_Sample_65,-0.102807704628298,2760,3.44106640663926,Sample_100_GSE42568
scissor,Positive,Neg_ctrl_Sample_66,0.0183820377711415,2760,3.44106640663926,Sample_100_GSE42568
scissor,Positive,Neg_ctrl_Sample_67,0.338921996562078,2760,3.44106640663926,Sample_100_GSE42568
scissor,Positive,Neg_ctrl_Sample_68,0.0265317739017467,2760,3.44106640663926,Sample_100_GSE42568
scissor,Positive,Neg_ctrl_Sample_69,-0.0741870784805142,2760,3.44106640663926,Sample_100_GSE42568
scissor,Positive,Neg_ctrl_Sample_70,0.0822088579808645,2760,3.44106640663926,Sample_100_GSE42568
scissor,Positive,Neg_ctrl_Sample_71,-0.113266841265027,2760,3.44106640663926,Sample_100_GSE42568
scissor,Positive,Neg_ctrl_Sample_72,-0.112860217084875,2760,3.44106640663926,Sample_100_GSE42568
scissor,Positive,Neg_ctrl_Sample_73,0.147345243479684,2760,3.44106640663926,Sample_100_GSE42568
scissor,Positive,Neg_ctrl_Sample_74,-0.100308689105647,2760,3.44106640663926,Sample_100_GSE42568
scissor,Positive,Neg_ctrl_Sample_75,0.114563352323547,2760,3.44106640663926,Sample_100_GSE42568
scissor,Positive,Neg_ctrl_Sample_76,0.0156614978879817,2760,3.44106640663926,Sample_100_GSE42568
scissor,Positive,Neg_ctrl_Sample_77,0.150916240848936,2760,3.44106640663926,Sample_100_GSE42568
scissor,Positive,Neg_ctrl_Sample_78,0.008982717491636,2760,3.44106640663926,Sample_100_GSE42568
scissor,Positive,Neg_ctrl_Sample_79,-0.128617779709488,2760,3.44106640663926,Sample_100_GSE42568
scissor,Positive,Neg_ctrl_Sample_80,-0.0329056190157253,2760,3.44106640663926,Sample_100_GSE42568
scissor,Positive,Neg_ctrl_Sample_81,0.0520717314319737,2760,3.44106640663926,Sample_100_GSE42568
scissor,Positive,Neg_ctrl_Sample_82,-0.018879410840716,2760,3.44106640663926,Sample_100_GSE42568
scissor,Positive,Neg_ctrl_Sample_83,0.0923116715641208,2760,3.44106640663926,Sample_100_GSE42568
scissor,Positive,Neg_ctrl_Sample_84,0.115572483198744,2760,3.44106640663926,Sample_100_GSE42568
scissor,Positive,Neg_ctrl_Sample_85,-0.00944792643745406,2760,3.44106640663926,Sample_100_GSE42568
scissor,Positive,Neg_ctrl_Sample_86,-0.0564644464501912,2760,3.44106640663926,Sample_100_GSE42568
scissor,Positive,Neg_ctrl_Sample_87,-0.115306813763648,2760,3.44106640663926,Sample_100_GSE42568
scissor,Positive,Neg_ctrl_Sample_88,0.188242724842502,2760,3.44106640663926,Sample_100_GSE42568
scissor,Positive,Neg_ctrl_Sample_89,-0.126366500545136,2760,3.44106640663926,Sample_100_GSE42568
scissor,Positive,Neg_ctrl_Sample_90,0.140701689960339,2760,3.44106640663926,Sample_100_GSE42568
scissor,Positive,Neg_ctrl_Sample_91,-0.0229864667810993,2760,3.44106640663926,Sample_100_GSE42568
scissor,Positive,Neg_ctrl_Sample_92,-0.141253085077875,2760,3.44106640663926,Sample_100_GSE42568
scissor,Positive,Neg_ctrl_Sample_93,-0.115723386423151,2760,3.44106640663926,Sample_100_GSE42568
scissor,Positive,Neg_ctrl_Sample_94,0.0295609922905739,2760,3.44106640663926,Sample_100_GSE42568
scissor,Positive,Neg_ctrl_Sample_95,-0.0934814069255059,2760,3.44106640663926,Sample_100_GSE42568
scissor,Positive,Neg_ctrl_Sample_96,-0.0701240918644913,2760,3.44106640663926,Sample_100_GSE42568
scissor,Positive,Neg_ctrl_Sample_97,0.0511525940588604,2760,3.44106640663926,Sample_100_GSE42568
scissor,Positive,Neg_ctrl_Sample_98,0.0422965004472933,2760,3.44106640663926,Sample_100_GSE42568
scissor,Positive,Neg_ctrl_Sample_99,-0.0995260431162684,2760,3.44106640663926,Sample_100_GSE42568
scissor,Positive,Neg_ctrl_Sample_100,-0.144042294563383,2760,3.44106640663926,Sample_100_GSE42568
scAB,Other,Neg_ctrl_Sample_1,-0.0588811109529242,14127,4.15008068623349,Sample_100_GSE42568
scAB,Other,Neg_ctrl_Sample_2,-0.0730371565806856,14127,4.15008068623349,Sample_100_GSE42568
scAB,Other,Neg_ctrl_Sample_3,-0.0450795895552149,14127,4.15008068623349,Sample_100_GSE42568
scAB,Other,Neg_ctrl_Sample_4,-0.256162480401429,14127,4.15008068623349,Sample_100_GSE42568
scAB,Other,Neg_ctrl_Sample_5,-0.113738639795849,14127,4.15008068623349,Sample_100_GSE42568
scAB,Other,Neg_ctrl_Sample_6,-0.160612286169222,14127,4.15008068623349,Sample_100_GSE42568
scAB,Other,Neg_ctrl_Sample_7,-0.180092370701319,14127,4.15008068623349,Sample_100_GSE42568
scAB,Other,Neg_ctrl_Sample_8,-0.00681013181671225,14127,4.15008068623349,Sample_100_GSE42568
scAB,Other,Neg_ctrl_Sample_9,-0.0376880731092203,14127,4.15008068623349,Sample_100_GSE42568
scAB,Other,Neg_ctrl_Sample_10,0.0819783362296745,14127,4.15008068623349,Sample_100_GSE42568
scAB,Other,Neg_ctrl_Sample_11,0.144752701705043,14127,4.15008068623349,Sample_100_GSE42568
scAB,Other,Neg_ctrl_Sample_12,-0.159100588293756,14127,4.15008068623349,Sample_100_GSE42568
scAB,Other,Neg_ctrl_Sample_13,-0.0738621302242732,14127,4.15008068623349,Sample_100_GSE42568
scAB,Other,Neg_ctrl_Sample_14,0.00808962418942431,14127,4.15008068623349,Sample_100_GSE42568
scAB,Other,Neg_ctrl_Sample_15,-0.0869791785652576,14127,4.15008068623349,Sample_100_GSE42568
scAB,Other,Neg_ctrl_Sample_16,-0.043497642365778,14127,4.15008068623349,Sample_100_GSE42568
scAB,Other,Neg_ctrl_Sample_17,0.157314337184516,14127,4.15008068623349,Sample_100_GSE42568
scAB,Other,Neg_ctrl_Sample_18,0.209293322282974,14127,4.15008068623349,Sample_100_GSE42568
scAB,Other,Neg_ctrl_Sample_19,0.240024578265163,14127,4.15008068623349,Sample_100_GSE42568
scAB,Other,Neg_ctrl_Sample_20,-0.15020157364058,14127,4.15008068623349,Sample_100_GSE42568
scAB,Other,Neg_ctrl_Sample_21,-0.00933497530690263,14127,4.15008068623349,Sample_100_GSE42568
scAB,Other,Neg_ctrl_Sample_22,0.196129126594699,14127,4.15008068623349,Sample_100_GSE42568
scAB,Other,Neg_ctrl_Sample_23,-0.073528782909017,14127,4.15008068623349,Sample_100_GSE42568
scAB,Other,Neg_ctrl_Sample_24,0.127749743913901,14127,4.15008068623349,Sample_100_GSE42568
scAB,Other,Neg_ctrl_Sample_25,0.0272380147135233,14127,4.15008068623349,Sample_100_GSE42568
scAB,Other,Neg_ctrl_Sample_26,0.0199104979189106,14127,4.15008068623349,Sample_100_GSE42568
scAB,Other,Neg_ctrl_Sample_27,-0.0169718651304422,14127,4.15008068623349,Sample_100_GSE42568
scAB,Other,Neg_ctrl_Sample_28,0.0836708045382379,14127,4.15008068623349,Sample_100_GSE42568
scAB,Other,Neg_ctrl_Sample_29,0.112449858019539,14127,4.15008068623349,Sample_100_GSE42568
scAB,Other,Neg_ctrl_Sample_30,-0.0649118481491076,14127,4.15008068623349,Sample_100_GSE42568
scAB,Other,Neg_ctrl_Sample_31,0.184516148712563,14127,4.15008068623349,Sample_100_GSE42568
scAB,Other,Neg_ctrl_Sample_32,0.204055212554409,14127,4.15008068623349,Sample_100_GSE42568
scAB,Other,Neg_ctrl_Sample_33,0.0133309345593054,14127,4.15008068623349,Sample_100_GSE42568
scAB,Other,Neg_ctrl_Sample_34,-0.255175206049379,14127,4.15008068623349,Sample_100_GSE42568
scAB,Other,Neg_ctrl_Sample_35,0.0136722547807515,14127,4.15008068623349,Sample_100_GSE42568
scAB,Other,Neg_ctrl_Sample_36,0.0583100528945376,14127,4.15008068623349,Sample_100_GSE42568
scAB,Other,Neg_ctrl_Sample_37,0.0844330893736118,14127,4.15008068623349,Sample_100_GSE42568
scAB,Other,Neg_ctrl_Sample_38,0.078929704024406,14127,4.15008068623349,Sample_100_GSE42568
scAB,Other,Neg_ctrl_Sample_39,0.10963724247534,14127,4.15008068623349,Sample_100_GSE42568
scAB,Other,Neg_ctrl_Sample_40,0.154385647107166,14127,4.15008068623349,Sample_100_GSE42568
scAB,Other,Neg_ctrl_Sample_41,-0.165582684288037,14127,4.15008068623349,Sample_100_GSE42568
scAB,Other,Neg_ctrl_Sample_42,-0.156899496284966,14127,4.15008068623349,Sample_100_GSE42568
scAB,Other,Neg_ctrl_Sample_43,0.0337467087077964,14127,4.15008068623349,Sample_100_GSE42568
scAB,Other,Neg_ctrl_Sample_44,0.268608981905613,14127,4.15008068623349,Sample_100_GSE42568
scAB,Other,Neg_ctrl_Sample_45,0.000752734923747838,14127,4.15008068623349,Sample_100_GSE42568
scAB,Other,Neg_ctrl_Sample_46,0.318701962768454,14127,4.15008068623349,Sample_100_GSE42568
scAB,Other,Neg_ctrl_Sample_47,0.0563213201973567,14127,4.15008068623349,Sample_100_GSE42568
scAB,Other,Neg_ctrl_Sample_48,0.0104295773402137,14127,4.15008068623349,Sample_100_GSE42568
scAB,Other,Neg_ctrl_Sample_49,-0.144029718605399,14127,4.15008068623349,Sample_100_GSE42568
scAB,Other,Neg_ctrl_Sample_50,-0.0322959628621271,14127,4.15008068623349,Sample_100_GSE42568
scAB,Other,Neg_ctrl_Sample_51,0.103031638996441,14127,4.15008068623349,Sample_100_GSE42568
scAB,Other,Neg_ctrl_Sample_52,0.183082629074664,14127,4.15008068623349,Sample_100_GSE42568
scAB,Other,Neg_ctrl_Sample_53,0.0784018386970467,14127,4.15008068623349,Sample_100_GSE42568
scAB,Other,Neg_ctrl_Sample_54,0.00485294206109312,14127,4.15008068623349,Sample_100_GSE42568
scAB,Other,Neg_ctrl_Sample_55,-0.0376880003586284,14127,4.15008068623349,Sample_100_GSE42568
scAB,Other,Neg_ctrl_Sample_56,0.0805036502802236,14127,4.15008068623349,Sample_100_GSE42568
scAB,Other,Neg_ctrl_Sample_57,0.0762307518704626,14127,4.15008068623349,Sample_100_GSE42568
scAB,Other,Neg_ctrl_Sample_58,0.0104069874960542,14127,4.15008068623349,Sample_100_GSE42568
scAB,Other,Neg_ctrl_Sample_59,0.0856212424799025,14127,4.15008068623349,Sample_100_GSE42568
scAB,Other,Neg_ctrl_Sample_60,0.0514357127480547,14127,4.15008068623349,Sample_100_GSE42568
scAB,Other,Neg_ctrl_Sample_61,-0.0891842775748539,14127,4.15008068623349,Sample_100_GSE42568
scAB,Other,Neg_ctrl_Sample_62,-0.0914151436494821,14127,4.15008068623349,Sample_100_GSE42568
scAB,Other,Neg_ctrl_Sample_63,0.136585272260324,14127,4.15008068623349,Sample_100_GSE42568
scAB,Other,Neg_ctrl_Sample_64,-0.00282313646697712,14127,4.15008068623349,Sample_100_GSE42568
scAB,Other,Neg_ctrl_Sample_65,-0.136169843598727,14127,4.15008068623349,Sample_100_GSE42568
scAB,Other,Neg_ctrl_Sample_66,0.0110179379602927,14127,4.15008068623349,Sample_100_GSE42568
scAB,Other,Neg_ctrl_Sample_67,0.34293295271355,14127,4.15008068623349,Sample_100_GSE42568
scAB,Other,Neg_ctrl_Sample_68,-0.00105365856533692,14127,4.15008068623349,Sample_100_GSE42568
scAB,Other,Neg_ctrl_Sample_69,-0.100117205157285,14127,4.15008068623349,Sample_100_GSE42568
scAB,Other,Neg_ctrl_Sample_70,0.0571868593734793,14127,4.15008068623349,Sample_100_GSE42568
scAB,Other,Neg_ctrl_Sample_71,-0.131530871526719,14127,4.15008068623349,Sample_100_GSE42568
scAB,Other,Neg_ctrl_Sample_72,-0.124350564054768,14127,4.15008068623349,Sample_100_GSE42568
scAB,Other,Neg_ctrl_Sample_73,0.146497247716413,14127,4.15008068623349,Sample_100_GSE42568
scAB,Other,Neg_ctrl_Sample_74,-0.121786028849026,14127,4.15008068623349,Sample_100_GSE42568
scAB,Other,Neg_ctrl_Sample_75,0.0821581015873205,14127,4.15008068623349,Sample_100_GSE42568
scAB,Other,Neg_ctrl_Sample_76,-0.00762796190845884,14127,4.15008068623349,Sample_100_GSE42568
scAB,Other,Neg_ctrl_Sample_77,0.14584582460742,14127,4.15008068623349,Sample_100_GSE42568
scAB,Other,Neg_ctrl_Sample_78,0.00555288392020571,14127,4.15008068623349,Sample_100_GSE42568
scAB,Other,Neg_ctrl_Sample_79,-0.154565352236764,14127,4.15008068623349,Sample_100_GSE42568
scAB,Other,Neg_ctrl_Sample_80,-0.0232374705294326,14127,4.15008068623349,Sample_100_GSE42568
scAB,Other,Neg_ctrl_Sample_81,0.0394309497844551,14127,4.15008068623349,Sample_100_GSE42568
scAB,Other,Neg_ctrl_Sample_82,-0.0453296589627186,14127,4.15008068623349,Sample_100_GSE42568
scAB,Other,Neg_ctrl_Sample_83,0.0787011919937474,14127,4.15008068623349,Sample_100_GSE42568
scAB,Other,Neg_ctrl_Sample_84,0.0889441443522089,14127,4.15008068623349,Sample_100_GSE42568
scAB,Other,Neg_ctrl_Sample_85,-0.0144546622536499,14127,4.15008068623349,Sample_100_GSE42568
scAB,Other,Neg_ctrl_Sample_86,-0.0703072741583253,14127,4.15008068623349,Sample_100_GSE42568
scAB,Other,Neg_ctrl_Sample_87,-0.136933737934874,14127,4.15008068623349,Sample_100_GSE42568
scAB,Other,Neg_ctrl_Sample_88,0.167118398113048,14127,4.15008068623349,Sample_100_GSE42568
scAB,Other,Neg_ctrl_Sample_89,-0.166967758470158,14127,4.15008068623349,Sample_100_GSE42568
scAB,Other,Neg_ctrl_Sample_90,0.113290021441969,14127,4.15008068623349,Sample_100_GSE42568
scAB,Other,Neg_ctrl_Sample_91,-0.0423297798226036,14127,4.15008068623349,Sample_100_GSE42568
scAB,Other,Neg_ctrl_Sample_92,-0.170254177598877,14127,4.15008068623349,Sample_100_GSE42568
scAB,Other,Neg_ctrl_Sample_93,-0.125195506156265,14127,4.15008068623349,Sample_100_GSE42568
scAB,Other,Neg_ctrl_Sample_94,0.0304899395802665,14127,4.15008068623349,Sample_100_GSE42568
scAB,Other,Neg_ctrl_Sample_95,-0.102495750960237,14127,4.15008068623349,Sample_100_GSE42568
scAB,Other,Neg_ctrl_Sample_96,-0.0918985139638301,14127,4.15008068623349,Sample_100_GSE42568
scAB,Other,Neg_ctrl_Sample_97,0.0441691855218416,14127,4.15008068623349,Sample_100_GSE42568
scAB,Other,Neg_ctrl_Sample_98,0.0200937262716806,14127,4.15008068623349,Sample_100_GSE42568
scAB,Other,Neg_ctrl_Sample_99,-0.111434473112132,14127,4.15008068623349,Sample_100_GSE42568
scAB,Other,Neg_ctrl_Sample_100,-0.161706806184535,14127,4.15008068623349,Sample_100_GSE42568
scAB,Positive,Neg_ctrl_Sample_1,-0.0475403409026175,17745,4.24910047718292,Sample_100_GSE42568
scAB,Positive,Neg_ctrl_Sample_2,-0.0316108204551898,17745,4.24910047718292,Sample_100_GSE42568
scAB,Positive,Neg_ctrl_Sample_3,-0.0083802521764909,17745,4.24910047718292,Sample_100_GSE42568
scAB,Positive,Neg_ctrl_Sample_4,-0.201818677110865,17745,4.24910047718292,Sample_100_GSE42568
scAB,Positive,Neg_ctrl_Sample_5,-0.0708074160329646,17745,4.24910047718292,Sample_100_GSE42568
scAB,Positive,Neg_ctrl_Sample_6,-0.1282193759217,17745,4.24910047718292,Sample_100_GSE42568
scAB,Positive,Neg_ctrl_Sample_7,-0.155246271831835,17745,4.24910047718292,Sample_100_GSE42568
scAB,Positive,Neg_ctrl_Sample_8,-0.00558456116934319,17745,4.24910047718292,Sample_100_GSE42568
scAB,Positive,Neg_ctrl_Sample_9,0.0157757776517933,17745,4.24910047718292,Sample_100_GSE42568
scAB,Positive,Neg_ctrl_Sample_10,0.107056674107279,17745,4.24910047718292,Sample_100_GSE42568
scAB,Positive,Neg_ctrl_Sample_11,0.151862193037169,17745,4.24910047718292,Sample_100_GSE42568
scAB,Positive,Neg_ctrl_Sample_12,-0.101311468494617,17745,4.24910047718292,Sample_100_GSE42568
scAB,Positive,Neg_ctrl_Sample_13,-0.0555328769293558,17745,4.24910047718292,Sample_100_GSE42568
scAB,Positive,Neg_ctrl_Sample_14,0.0504609618955085,17745,4.24910047718292,Sample_100_GSE42568
scAB,Positive,Neg_ctrl_Sample_15,-0.0630405429892902,17745,4.24910047718292,Sample_100_GSE42568
scAB,Positive,Neg_ctrl_Sample_16,-0.00699053126416558,17745,4.24910047718292,Sample_100_GSE42568
scAB,Positive,Neg_ctrl_Sample_17,0.175509854145475,17745,4.24910047718292,Sample_100_GSE42568
scAB,Positive,Neg_ctrl_Sample_18,0.191231506043746,17745,4.24910047718292,Sample_100_GSE42568
scAB,Positive,Neg_ctrl_Sample_19,0.226032779016916,17745,4.24910047718292,Sample_100_GSE42568
scAB,Positive,Neg_ctrl_Sample_20,-0.112828316702299,17745,4.24910047718292,Sample_100_GSE42568
scAB,Positive,Neg_ctrl_Sample_21,-0.0420939599621656,17745,4.24910047718292,Sample_100_GSE42568
scAB,Positive,Neg_ctrl_Sample_22,0.21238330837102,17745,4.24910047718292,Sample_100_GSE42568
scAB,Positive,Neg_ctrl_Sample_23,-0.00755187204256654,17745,4.24910047718292,Sample_100_GSE42568
scAB,Positive,Neg_ctrl_Sample_24,0.139878051526588,17745,4.24910047718292,Sample_100_GSE42568
scAB,Positive,Neg_ctrl_Sample_25,0.0775165246804021,17745,4.24910047718292,Sample_100_GSE42568
scAB,Positive,Neg_ctrl_Sample_26,0.0413453247725286,17745,4.24910047718292,Sample_100_GSE42568
scAB,Positive,Neg_ctrl_Sample_27,0.0182889472566319,17745,4.24910047718292,Sample_100_GSE42568
scAB,Positive,Neg_ctrl_Sample_28,0.10147786613714,17745,4.24910047718292,Sample_100_GSE42568
scAB,Positive,Neg_ctrl_Sample_29,0.127292678130803,17745,4.24910047718292,Sample_100_GSE42568
scAB,Positive,Neg_ctrl_Sample_30,-0.0430134342770954,17745,4.24910047718292,Sample_100_GSE42568
scAB,Positive,Neg_ctrl_Sample_31,0.213093187805386,17745,4.24910047718292,Sample_100_GSE42568
scAB,Positive,Neg_ctrl_Sample_32,0.260308231451381,17745,4.24910047718292,Sample_100_GSE42568
scAB,Positive,Neg_ctrl_Sample_33,0.0200902825034371,17745,4.24910047718292,Sample_100_GSE42568
scAB,Positive,Neg_ctrl_Sample_34,-0.212858951761134,17745,4.24910047718292,Sample_100_GSE42568
scAB,Positive,Neg_ctrl_Sample_35,0.0589652389014927,17745,4.24910047718292,Sample_100_GSE42568
scAB,Positive,Neg_ctrl_Sample_36,0.0673674513300519,17745,4.24910047718292,Sample_100_GSE42568
scAB,Positive,Neg_ctrl_Sample_37,0.0736632247874281,17745,4.24910047718292,Sample_100_GSE42568
scAB,Positive,Neg_ctrl_Sample_38,0.0649804345077422,17745,4.24910047718292,Sample_100_GSE42568
scAB,Positive,Neg_ctrl_Sample_39,0.112724771226281,17745,4.24910047718292,Sample_100_GSE42568
scAB,Positive,Neg_ctrl_Sample_40,0.181358744796714,17745,4.24910047718292,Sample_100_GSE42568
scAB,Positive,Neg_ctrl_Sample_41,-0.11455126771767,17745,4.24910047718292,Sample_100_GSE42568
scAB,Positive,Neg_ctrl_Sample_42,-0.138117596875743,17745,4.24910047718292,Sample_100_GSE42568
scAB,Positive,Neg_ctrl_Sample_43,0.0467471136310618,17745,4.24910047718292,Sample_100_GSE42568
scAB,Positive,Neg_ctrl_Sample_44,0.274990362144423,17745,4.24910047718292,Sample_100_GSE42568
scAB,Positive,Neg_ctrl_Sample_45,0.0316033503293247,17745,4.24910047718292,Sample_100_GSE42568
scAB,Positive,Neg_ctrl_Sample_46,0.3030366970256,17745,4.24910047718292,Sample_100_GSE42568
scAB,Positive,Neg_ctrl_Sample_47,0.0490829232353713,17745,4.24910047718292,Sample_100_GSE42568
scAB,Positive,Neg_ctrl_Sample_48,0.0230841213123341,17745,4.24910047718292,Sample_100_GSE42568
scAB,Positive,Neg_ctrl_Sample_49,-0.0873834168845475,17745,4.24910047718292,Sample_100_GSE42568
scAB,Positive,Neg_ctrl_Sample_50,0.00610427817549561,17745,4.24910047718292,Sample_100_GSE42568
scAB,Positive,Neg_ctrl_Sample_51,0.1234626422116,17745,4.24910047718292,Sample_100_GSE42568
scAB,Positive,Neg_ctrl_Sample_52,0.223180910733322,17745,4.24910047718292,Sample_100_GSE42568
scAB,Positive,Neg_ctrl_Sample_53,0.0996829483263468,17745,4.24910047718292,Sample_100_GSE42568
scAB,Positive,Neg_ctrl_Sample_54,0.0256134643531886,17745,4.24910047718292,Sample_100_GSE42568
scAB,Positive,Neg_ctrl_Sample_55,-0.00898293389649669,17745,4.24910047718292,Sample_100_GSE42568
scAB,Positive,Neg_ctrl_Sample_56,0.0905413375953047,17745,4.24910047718292,Sample_100_GSE42568
scAB,Positive,Neg_ctrl_Sample_57,0.103944935558487,17745,4.24910047718292,Sample_100_GSE42568
scAB,Positive,Neg_ctrl_Sample_58,0.0383039651542437,17745,4.24910047718292,Sample_100_GSE42568
scAB,Positive,Neg_ctrl_Sample_59,0.103781051624381,17745,4.24910047718292,Sample_100_GSE42568
scAB,Positive,Neg_ctrl_Sample_60,0.0909550350330507,17745,4.24910047718292,Sample_100_GSE42568
scAB,Positive,Neg_ctrl_Sample_61,-0.0476691070424154,17745,4.24910047718292,Sample_100_GSE42568
scAB,Positive,Neg_ctrl_Sample_62,-0.0632901933576328,17745,4.24910047718292,Sample_100_GSE42568
scAB,Positive,Neg_ctrl_Sample_63,0.151847559368,17745,4.24910047718292,Sample_100_GSE42568
scAB,Positive,Neg_ctrl_Sample_64,0.0528385081531494,17745,4.24910047718292,Sample_100_GSE42568
scAB,Positive,Neg_ctrl_Sample_65,-0.100586613890954,17745,4.24910047718292,Sample_100_GSE42568
scAB,Positive,Neg_ctrl_Sample_66,0.018274123161657,17745,4.24910047718292,Sample_100_GSE42568
scAB,Positive,Neg_ctrl_Sample_67,0.330034685330578,17745,4.24910047718292,Sample_100_GSE42568
scAB,Positive,Neg_ctrl_Sample_68,0.0341556344466945,17745,4.24910047718292,Sample_100_GSE42568
scAB,Positive,Neg_ctrl_Sample_69,-0.062941897483357,17745,4.24910047718292,Sample_100_GSE42568
scAB,Positive,Neg_ctrl_Sample_70,0.0885285818986019,17745,4.24910047718292,Sample_100_GSE42568
scAB,Positive,Neg_ctrl_Sample_71,-0.112529325987119,17745,4.24910047718292,Sample_100_GSE42568
scAB,Positive,Neg_ctrl_Sample_72,-0.1011355806611,17745,4.24910047718292,Sample_100_GSE42568
scAB,Positive,Neg_ctrl_Sample_73,0.145666086078744,17745,4.24910047718292,Sample_100_GSE42568
scAB,Positive,Neg_ctrl_Sample_74,-0.0774438077272999,17745,4.24910047718292,Sample_100_GSE42568
scAB,Positive,Neg_ctrl_Sample_75,0.11857981795094,17745,4.24910047718292,Sample_100_GSE42568
scAB,Positive,Neg_ctrl_Sample_76,0.0379903416790158,17745,4.24910047718292,Sample_100_GSE42568
scAB,Positive,Neg_ctrl_Sample_77,0.164491769308961,17745,4.24910047718292,Sample_100_GSE42568
scAB,Positive,Neg_ctrl_Sample_78,0.012481159471845,17745,4.24910047718292,Sample_100_GSE42568
scAB,Positive,Neg_ctrl_Sample_79,-0.112093491244063,17745,4.24910047718292,Sample_100_GSE42568
scAB,Positive,Neg_ctrl_Sample_80,-0.035472998002691,17745,4.24910047718292,Sample_100_GSE42568
scAB,Positive,Neg_ctrl_Sample_81,0.0514265131821666,17745,4.24910047718292,Sample_100_GSE42568
scAB,Positive,Neg_ctrl_Sample_82,-0.0155662629229553,17745,4.24910047718292,Sample_100_GSE42568
scAB,Positive,Neg_ctrl_Sample_83,0.0948675234319257,17745,4.24910047718292,Sample_100_GSE42568
scAB,Positive,Neg_ctrl_Sample_84,0.120000945542243,17745,4.24910047718292,Sample_100_GSE42568
scAB,Positive,Neg_ctrl_Sample_85,-0.00539380831295231,17745,4.24910047718292,Sample_100_GSE42568
scAB,Positive,Neg_ctrl_Sample_86,-0.056896353209823,17745,4.24910047718292,Sample_100_GSE42568
scAB,Positive,Neg_ctrl_Sample_87,-0.0919895175276399,17745,4.24910047718292,Sample_100_GSE42568
scAB,Positive,Neg_ctrl_Sample_88,0.180392683611139,17745,4.24910047718292,Sample_100_GSE42568
scAB,Positive,Neg_ctrl_Sample_89,-0.114574135223018,17745,4.24910047718292,Sample_100_GSE42568
scAB,Positive,Neg_ctrl_Sample_90,0.149687310416515,17745,4.24910047718292,Sample_100_GSE42568
scAB,Positive,Neg_ctrl_Sample_91,-0.031086338289719,17745,4.24910047718292,Sample_100_GSE42568
scAB,Positive,Neg_ctrl_Sample_92,-0.1222384688438,17745,4.24910047718292,Sample_100_GSE42568
scAB,Positive,Neg_ctrl_Sample_93,-0.116028556321882,17745,4.24910047718292,Sample_100_GSE42568
scAB,Positive,Neg_ctrl_Sample_94,0.0325189255901263,17745,4.24910047718292,Sample_100_GSE42568
scAB,Positive,Neg_ctrl_Sample_95,-0.0897358484544418,17745,4.24910047718292,Sample_100_GSE42568
scAB,Positive,Neg_ctrl_Sample_96,-0.0571052101059599,17745,4.24910047718292,Sample_100_GSE42568
scAB,Positive,Neg_ctrl_Sample_97,0.0608741279403838,17745,4.24910047718292,Sample_100_GSE42568
scAB,Positive,Neg_ctrl_Sample_98,0.0488340131731083,17745,4.24910047718292,Sample_100_GSE42568
scAB,Positive,Neg_ctrl_Sample_99,-0.0943879053086788,17745,4.24910047718292,Sample_100_GSE42568
scAB,Positive,Neg_ctrl_Sample_100,-0.140570402107364,17745,4.24910047718292,Sample_100_GSE42568
scPAS,Negative,Neg_ctrl_Sample_1,-0.0491728107383746,719,2.85733249643127,Sample_100_GSE42568
scPAS,Negative,Neg_ctrl_Sample_2,-0.0511596856422302,719,2.85733249643127,Sample_100_GSE42568
scPAS,Negative,Neg_ctrl_Sample_3,-0.00547432789066434,719,2.85733249643127,Sample_100_GSE42568
scPAS,Negative,Neg_ctrl_Sample_4,-0.205028924028077,719,2.85733249643127,Sample_100_GSE42568
scPAS,Negative,Neg_ctrl_Sample_5,-0.0729361393684516,719,2.85733249643127,Sample_100_GSE42568
scPAS,Negative,Neg_ctrl_Sample_6,-0.141531087691094,719,2.85733249643127,Sample_100_GSE42568
scPAS,Negative,Neg_ctrl_Sample_7,-0.179088300275734,719,2.85733249643127,Sample_100_GSE42568
scPAS,Negative,Neg_ctrl_Sample_8,-0.0079940033819084,719,2.85733249643127,Sample_100_GSE42568
scPAS,Negative,Neg_ctrl_Sample_9,-0.00675499566630094,719,2.85733249643127,Sample_100_GSE42568
scPAS,Negative,Neg_ctrl_Sample_10,0.114890114767791,719,2.85733249643127,Sample_100_GSE42568
scPAS,Negative,Neg_ctrl_Sample_11,0.152541062714845,719,2.85733249643127,Sample_100_GSE42568
scPAS,Negative,Neg_ctrl_Sample_12,-0.100567005518365,719,2.85733249643127,Sample_100_GSE42568
scPAS,Negative,Neg_ctrl_Sample_13,-0.0592494981136125,719,2.85733249643127,Sample_100_GSE42568
scPAS,Negative,Neg_ctrl_Sample_14,0.0237594933159234,719,2.85733249643127,Sample_100_GSE42568
scPAS,Negative,Neg_ctrl_Sample_15,-0.0766731090809077,719,2.85733249643127,Sample_100_GSE42568
scPAS,Negative,Neg_ctrl_Sample_16,-0.0110402343753064,719,2.85733249643127,Sample_100_GSE42568
scPAS,Negative,Neg_ctrl_Sample_17,0.180370405236225,719,2.85733249643127,Sample_100_GSE42568
scPAS,Negative,Neg_ctrl_Sample_18,0.195770444661405,719,2.85733249643127,Sample_100_GSE42568
scPAS,Negative,Neg_ctrl_Sample_19,0.226167095381768,719,2.85733249643127,Sample_100_GSE42568
scPAS,Negative,Neg_ctrl_Sample_20,-0.124376421610027,719,2.85733249643127,Sample_100_GSE42568
scPAS,Negative,Neg_ctrl_Sample_21,-0.0369487617388443,719,2.85733249643127,Sample_100_GSE42568
scPAS,Negative,Neg_ctrl_Sample_22,0.203996200406751,719,2.85733249643127,Sample_100_GSE42568
scPAS,Negative,Neg_ctrl_Sample_23,-0.00370317390470527,719,2.85733249643127,Sample_100_GSE42568
scPAS,Negative,Neg_ctrl_Sample_24,0.146914352310548,719,2.85733249643127,Sample_100_GSE42568
scPAS,Negative,Neg_ctrl_Sample_25,0.0633981321068092,719,2.85733249643127,Sample_100_GSE42568
scPAS,Negative,Neg_ctrl_Sample_26,0.0400208372636354,719,2.85733249643127,Sample_100_GSE42568
scPAS,Negative,Neg_ctrl_Sample_27,0.0282828333826362,719,2.85733249643127,Sample_100_GSE42568
scPAS,Negative,Neg_ctrl_Sample_28,0.10232343870745,719,2.85733249643127,Sample_100_GSE42568
scPAS,Negative,Neg_ctrl_Sample_29,0.124676544200385,719,2.85733249643127,Sample_100_GSE42568
scPAS,Negative,Neg_ctrl_Sample_30,-0.0341332239812292,719,2.85733249643127,Sample_100_GSE42568
scPAS,Negative,Neg_ctrl_Sample_31,0.197119565414643,719,2.85733249643127,Sample_100_GSE42568
scPAS,Negative,Neg_ctrl_Sample_32,0.243269537577205,719,2.85733249643127,Sample_100_GSE42568
scPAS,Negative,Neg_ctrl_Sample_33,0.0132978896311207,719,2.85733249643127,Sample_100_GSE42568
scPAS,Negative,Neg_ctrl_Sample_34,-0.208313387163714,719,2.85733249643127,Sample_100_GSE42568
scPAS,Negative,Neg_ctrl_Sample_35,0.0380583394956121,719,2.85733249643127,Sample_100_GSE42568
scPAS,Negative,Neg_ctrl_Sample_36,0.0603308332638779,719,2.85733249643127,Sample_100_GSE42568
scPAS,Negative,Neg_ctrl_Sample_37,0.0758878955219686,719,2.85733249643127,Sample_100_GSE42568
scPAS,Negative,Neg_ctrl_Sample_38,0.0774604197903822,719,2.85733249643127,Sample_100_GSE42568
scPAS,Negative,Neg_ctrl_Sample_39,0.114146253313575,719,2.85733249643127,Sample_100_GSE42568
scPAS,Negative,Neg_ctrl_Sample_40,0.155314709635042,719,2.85733249643127,Sample_100_GSE42568
scPAS,Negative,Neg_ctrl_Sample_41,-0.12091565349425,719,2.85733249643127,Sample_100_GSE42568
scPAS,Negative,Neg_ctrl_Sample_42,-0.122351135498453,719,2.85733249643127,Sample_100_GSE42568
scPAS,Negative,Neg_ctrl_Sample_43,0.0571823900646047,719,2.85733249643127,Sample_100_GSE42568
scPAS,Negative,Neg_ctrl_Sample_44,0.261801856971655,719,2.85733249643127,Sample_100_GSE42568
scPAS,Negative,Neg_ctrl_Sample_45,0.0327429859497969,719,2.85733249643127,Sample_100_GSE42568
scPAS,Negative,Neg_ctrl_Sample_46,0.304345552576208,719,2.85733249643127,Sample_100_GSE42568
scPAS,Negative,Neg_ctrl_Sample_47,0.0469225224893506,719,2.85733249643127,Sample_100_GSE42568
scPAS,Negative,Neg_ctrl_Sample_48,0.0288027620153831,719,2.85733249643127,Sample_100_GSE42568
scPAS,Negative,Neg_ctrl_Sample_49,-0.0673317566048596,719,2.85733249643127,Sample_100_GSE42568
scPAS,Negative,Neg_ctrl_Sample_50,0.0277029388065436,719,2.85733249643127,Sample_100_GSE42568
scPAS,Negative,Neg_ctrl_Sample_51,0.129879788933563,719,2.85733249643127,Sample_100_GSE42568
scPAS,Negative,Neg_ctrl_Sample_52,0.236377148004243,719,2.85733249643127,Sample_100_GSE42568
scPAS,Negative,Neg_ctrl_Sample_53,0.0957483061751345,719,2.85733249643127,Sample_100_GSE42568
scPAS,Negative,Neg_ctrl_Sample_54,0.00553032871181949,719,2.85733249643127,Sample_100_GSE42568
scPAS,Negative,Neg_ctrl_Sample_55,-0.023874700303997,719,2.85733249643127,Sample_100_GSE42568
scPAS,Negative,Neg_ctrl_Sample_56,0.0822817485652296,719,2.85733249643127,Sample_100_GSE42568
scPAS,Negative,Neg_ctrl_Sample_57,0.0814263403243288,719,2.85733249643127,Sample_100_GSE42568
scPAS,Negative,Neg_ctrl_Sample_58,0.0345761898909773,719,2.85733249643127,Sample_100_GSE42568
scPAS,Negative,Neg_ctrl_Sample_59,0.0976808243659501,719,2.85733249643127,Sample_100_GSE42568
scPAS,Negative,Neg_ctrl_Sample_60,0.071921043399983,719,2.85733249643127,Sample_100_GSE42568
scPAS,Negative,Neg_ctrl_Sample_61,-0.0473938925233879,719,2.85733249643127,Sample_100_GSE42568
scPAS,Negative,Neg_ctrl_Sample_62,-0.0671356709334647,719,2.85733249643127,Sample_100_GSE42568
scPAS,Negative,Neg_ctrl_Sample_63,0.148512008025669,719,2.85733249643127,Sample_100_GSE42568
scPAS,Negative,Neg_ctrl_Sample_64,0.0539973411789964,719,2.85733249643127,Sample_100_GSE42568
scPAS,Negative,Neg_ctrl_Sample_65,-0.107338336395791,719,2.85733249643127,Sample_100_GSE42568
scPAS,Negative,Neg_ctrl_Sample_66,0.0176234622139162,719,2.85733249643127,Sample_100_GSE42568
scPAS,Negative,Neg_ctrl_Sample_67,0.331852620441283,719,2.85733249643127,Sample_100_GSE42568
scPAS,Negative,Neg_ctrl_Sample_68,0.018659462407192,719,2.85733249643127,Sample_100_GSE42568
scPAS,Negative,Neg_ctrl_Sample_69,-0.0544587532110653,719,2.85733249643127,Sample_100_GSE42568
scPAS,Negative,Neg_ctrl_Sample_70,0.0761100705401597,719,2.85733249643127,Sample_100_GSE42568
scPAS,Negative,Neg_ctrl_Sample_71,-0.125476815406656,719,2.85733249643127,Sample_100_GSE42568
scPAS,Negative,Neg_ctrl_Sample_72,-0.100220753599837,719,2.85733249643127,Sample_100_GSE42568
scPAS,Negative,Neg_ctrl_Sample_73,0.147063237696675,719,2.85733249643127,Sample_100_GSE42568
scPAS,Negative,Neg_ctrl_Sample_74,-0.0830354248490242,719,2.85733249643127,Sample_100_GSE42568
scPAS,Negative,Neg_ctrl_Sample_75,0.0961689586208742,719,2.85733249643127,Sample_100_GSE42568
scPAS,Negative,Neg_ctrl_Sample_76,0.0457232750863967,719,2.85733249643127,Sample_100_GSE42568
scPAS,Negative,Neg_ctrl_Sample_77,0.145011623518655,719,2.85733249643127,Sample_100_GSE42568
scPAS,Negative,Neg_ctrl_Sample_78,0.00674974547128119,719,2.85733249643127,Sample_100_GSE42568
scPAS,Negative,Neg_ctrl_Sample_79,-0.117723502772372,719,2.85733249643127,Sample_100_GSE42568
scPAS,Negative,Neg_ctrl_Sample_80,-0.0368098843218879,719,2.85733249643127,Sample_100_GSE42568
scPAS,Negative,Neg_ctrl_Sample_81,0.0394517831421144,719,2.85733249643127,Sample_100_GSE42568
scPAS,Negative,Neg_ctrl_Sample_82,-0.0305282941749763,719,2.85733249643127,Sample_100_GSE42568
scPAS,Negative,Neg_ctrl_Sample_83,0.0793862508108781,719,2.85733249643127,Sample_100_GSE42568
scPAS,Negative,Neg_ctrl_Sample_84,0.11250511883952,719,2.85733249643127,Sample_100_GSE42568
scPAS,Negative,Neg_ctrl_Sample_85,-0.0137170691039173,719,2.85733249643127,Sample_100_GSE42568
scPAS,Negative,Neg_ctrl_Sample_86,-0.0545029246873162,719,2.85733249643127,Sample_100_GSE42568
scPAS,Negative,Neg_ctrl_Sample_87,-0.0828709675896389,719,2.85733249643127,Sample_100_GSE42568
scPAS,Negative,Neg_ctrl_Sample_88,0.18455040923992,719,2.85733249643127,Sample_100_GSE42568
scPAS,Negative,Neg_ctrl_Sample_89,-0.116527991642019,719,2.85733249643127,Sample_100_GSE42568
scPAS,Negative,Neg_ctrl_Sample_90,0.118363532544931,719,2.85733249643127,Sample_100_GSE42568
scPAS,Negative,Neg_ctrl_Sample_91,-0.0291786846295414,719,2.85733249643127,Sample_100_GSE42568
scPAS,Negative,Neg_ctrl_Sample_92,-0.125835627439285,719,2.85733249643127,Sample_100_GSE42568
scPAS,Negative,Neg_ctrl_Sample_93,-0.12843038087335,719,2.85733249643127,Sample_100_GSE42568
scPAS,Negative,Neg_ctrl_Sample_94,0.0338216753928554,719,2.85733249643127,Sample_100_GSE42568
scPAS,Negative,Neg_ctrl_Sample_95,-0.104665151844806,719,2.85733249643127,Sample_100_GSE42568
scPAS,Negative,Neg_ctrl_Sample_96,-0.0642895596084134,719,2.85733249643127,Sample_100_GSE42568
scPAS,Negative,Neg_ctrl_Sample_97,0.0581292719521015,719,2.85733249643127,Sample_100_GSE42568
scPAS,Negative,Neg_ctrl_Sample_98,0.0489767537008352,719,2.85733249643127,Sample_100_GSE42568
scPAS,Negative,Neg_ctrl_Sample_99,-0.0920399100474884,719,2.85733249643127,Sample_100_GSE42568
scPAS,Negative,Neg_ctrl_Sample_100,-0.147928930802564,719,2.85733249643127,Sample_100_GSE42568
scPAS,Neutral,Neg_ctrl_Sample_1,-0.0526453809529749,31153,4.49351381556664,Sample_100_GSE42568
scPAS,Neutral,Neg_ctrl_Sample_2,-0.0499453056211577,31153,4.49351381556664,Sample_100_GSE42568
scPAS,Neutral,Neg_ctrl_Sample_3,-0.0250894262114392,31153,4.49351381556664,Sample_100_GSE42568
scPAS,Neutral,Neg_ctrl_Sample_4,-0.226387955881845,31153,4.49351381556664,Sample_100_GSE42568
scPAS,Neutral,Neg_ctrl_Sample_5,-0.0902263755559657,31153,4.49351381556664,Sample_100_GSE42568
scPAS,Neutral,Neg_ctrl_Sample_6,-0.142601410470686,31153,4.49351381556664,Sample_100_GSE42568
scPAS,Neutral,Neg_ctrl_Sample_7,-0.165963006023665,31153,4.49351381556664,Sample_100_GSE42568
scPAS,Neutral,Neg_ctrl_Sample_8,-0.00608471356508515,31153,4.49351381556664,Sample_100_GSE42568
scPAS,Neutral,Neg_ctrl_Sample_9,-0.00794855688051921,31153,4.49351381556664,Sample_100_GSE42568
scPAS,Neutral,Neg_ctrl_Sample_10,0.0955035677280586,31153,4.49351381556664,Sample_100_GSE42568
scPAS,Neutral,Neg_ctrl_Sample_11,0.148622572732634,31153,4.49351381556664,Sample_100_GSE42568
scPAS,Neutral,Neg_ctrl_Sample_12,-0.127534373649252,31153,4.49351381556664,Sample_100_GSE42568
scPAS,Neutral,Neg_ctrl_Sample_13,-0.0637588940277357,31153,4.49351381556664,Sample_100_GSE42568
scPAS,Neutral,Neg_ctrl_Sample_14,0.0318630248793262,31153,4.49351381556664,Sample_100_GSE42568
scPAS,Neutral,Neg_ctrl_Sample_15,-0.073581399078971,31153,4.49351381556664,Sample_100_GSE42568
scPAS,Neutral,Neg_ctrl_Sample_16,-0.0234520027755951,31153,4.49351381556664,Sample_100_GSE42568
scPAS,Neutral,Neg_ctrl_Sample_17,0.167146524631728,31153,4.49351381556664,Sample_100_GSE42568
scPAS,Neutral,Neg_ctrl_Sample_18,0.199317269249389,31153,4.49351381556664,Sample_100_GSE42568
scPAS,Neutral,Neg_ctrl_Sample_19,0.232374562296656,31153,4.49351381556664,Sample_100_GSE42568
scPAS,Neutral,Neg_ctrl_Sample_20,-0.129509500323089,31153,4.49351381556664,Sample_100_GSE42568
scPAS,Neutral,Neg_ctrl_Sample_21,-0.0273574408884865,31153,4.49351381556664,Sample_100_GSE42568
scPAS,Neutral,Neg_ctrl_Sample_22,0.205206070373789,31153,4.49351381556664,Sample_100_GSE42568
scPAS,Neutral,Neg_ctrl_Sample_23,-0.0375593523421033,31153,4.49351381556664,Sample_100_GSE42568
scPAS,Neutral,Neg_ctrl_Sample_24,0.134215813478628,31153,4.49351381556664,Sample_100_GSE42568
scPAS,Neutral,Neg_ctrl_Sample_25,0.0550424969449774,31153,4.49351381556664,Sample_100_GSE42568
scPAS,Neutral,Neg_ctrl_Sample_26,0.0316558087566661,31153,4.49351381556664,Sample_100_GSE42568
scPAS,Neutral,Neg_ctrl_Sample_27,0.00206851581449816,31153,4.49351381556664,Sample_100_GSE42568
scPAS,Neutral,Neg_ctrl_Sample_28,0.0933833543441907,31153,4.49351381556664,Sample_100_GSE42568
scPAS,Neutral,Neg_ctrl_Sample_29,0.120622260533272,31153,4.49351381556664,Sample_100_GSE42568
scPAS,Neutral,Neg_ctrl_Sample_30,-0.0531486945721758,31153,4.49351381556664,Sample_100_GSE42568
scPAS,Neutral,Neg_ctrl_Sample_31,0.200502978298586,31153,4.49351381556664,Sample_100_GSE42568
scPAS,Neutral,Neg_ctrl_Sample_32,0.235192333237341,31153,4.49351381556664,Sample_100_GSE42568
scPAS,Neutral,Neg_ctrl_Sample_33,0.0171818763168242,31153,4.49351381556664,Sample_100_GSE42568
scPAS,Neutral,Neg_ctrl_Sample_34,-0.232153080264828,31153,4.49351381556664,Sample_100_GSE42568
scPAS,Neutral,Neg_ctrl_Sample_35,0.0389086817159606,31153,4.49351381556664,Sample_100_GSE42568
scPAS,Neutral,Neg_ctrl_Sample_36,0.0634225811952676,31153,4.49351381556664,Sample_100_GSE42568
scPAS,Neutral,Neg_ctrl_Sample_37,0.0784957076542748,31153,4.49351381556664,Sample_100_GSE42568
scPAS,Neutral,Neg_ctrl_Sample_38,0.071017998178775,31153,4.49351381556664,Sample_100_GSE42568
scPAS,Neutral,Neg_ctrl_Sample_39,0.111291857404649,31153,4.49351381556664,Sample_100_GSE42568
scPAS,Neutral,Neg_ctrl_Sample_40,0.169728298618852,31153,4.49351381556664,Sample_100_GSE42568
scPAS,Neutral,Neg_ctrl_Sample_41,-0.137545676876216,31153,4.49351381556664,Sample_100_GSE42568
scPAS,Neutral,Neg_ctrl_Sample_42,-0.146998538636868,31153,4.49351381556664,Sample_100_GSE42568
scPAS,Neutral,Neg_ctrl_Sample_43,0.040610957109806,31153,4.49351381556664,Sample_100_GSE42568
scPAS,Neutral,Neg_ctrl_Sample_44,0.272400973532909,31153,4.49351381556664,Sample_100_GSE42568
scPAS,Neutral,Neg_ctrl_Sample_45,0.0175871707689068,31153,4.49351381556664,Sample_100_GSE42568
scPAS,Neutral,Neg_ctrl_Sample_46,0.310110241853013,31153,4.49351381556664,Sample_100_GSE42568
scPAS,Neutral,Neg_ctrl_Sample_47,0.0524151917815263,31153,4.49351381556664,Sample_100_GSE42568
scPAS,Neutral,Neg_ctrl_Sample_48,0.0172136611524896,31153,4.49351381556664,Sample_100_GSE42568
scPAS,Neutral,Neg_ctrl_Sample_49,-0.113533689672128,31153,4.49351381556664,Sample_100_GSE42568
scPAS,Neutral,Neg_ctrl_Sample_50,-0.0118076289323983,31153,4.49351381556664,Sample_100_GSE42568
scPAS,Neutral,Neg_ctrl_Sample_51,0.114049657557999,31153,4.49351381556664,Sample_100_GSE42568
scPAS,Neutral,Neg_ctrl_Sample_52,0.204692915368842,31153,4.49351381556664,Sample_100_GSE42568
scPAS,Neutral,Neg_ctrl_Sample_53,0.0901233801298196,31153,4.49351381556664,Sample_100_GSE42568
scPAS,Neutral,Neg_ctrl_Sample_54,0.0166626691201682,31153,4.49351381556664,Sample_100_GSE42568
scPAS,Neutral,Neg_ctrl_Sample_55,-0.0216561690219593,31153,4.49351381556664,Sample_100_GSE42568
scPAS,Neutral,Neg_ctrl_Sample_56,0.0861801600461915,31153,4.49351381556664,Sample_100_GSE42568
scPAS,Neutral,Neg_ctrl_Sample_57,0.091897062063563,31153,4.49351381556664,Sample_100_GSE42568
scPAS,Neutral,Neg_ctrl_Sample_58,0.0257395144444258,31153,4.49351381556664,Sample_100_GSE42568
scPAS,Neutral,Neg_ctrl_Sample_59,0.095686885400094,31153,4.49351381556664,Sample_100_GSE42568
scPAS,Neutral,Neg_ctrl_Sample_60,0.0734734433424919,31153,4.49351381556664,Sample_100_GSE42568
scPAS,Neutral,Neg_ctrl_Sample_61,-0.0665014086939719,31153,4.49351381556664,Sample_100_GSE42568
scPAS,Neutral,Neg_ctrl_Sample_62,-0.075955306649963,31153,4.49351381556664,Sample_100_GSE42568
scPAS,Neutral,Neg_ctrl_Sample_63,0.145003529304924,31153,4.49351381556664,Sample_100_GSE42568
scPAS,Neutral,Neg_ctrl_Sample_64,0.0275707890091148,31153,4.49351381556664,Sample_100_GSE42568
scPAS,Neutral,Neg_ctrl_Sample_65,-0.116566769818176,31153,4.49351381556664,Sample_100_GSE42568
scPAS,Neutral,Neg_ctrl_Sample_66,0.0149986664442222,31153,4.49351381556664,Sample_100_GSE42568
scPAS,Neutral,Neg_ctrl_Sample_67,0.335841725679006,31153,4.49351381556664,Sample_100_GSE42568
scPAS,Neutral,Neg_ctrl_Sample_68,0.0185468669223929,31153,4.49351381556664,Sample_100_GSE42568
scPAS,Neutral,Neg_ctrl_Sample_69,-0.079995630743119,31153,4.49351381556664,Sample_100_GSE42568
scPAS,Neutral,Neg_ctrl_Sample_70,0.0746026163593062,31153,4.49351381556664,Sample_100_GSE42568
scPAS,Neutral,Neg_ctrl_Sample_71,-0.120847163400698,31153,4.49351381556664,Sample_100_GSE42568
scPAS,Neutral,Neg_ctrl_Sample_72,-0.111684029640633,31153,4.49351381556664,Sample_100_GSE42568
scPAS,Neutral,Neg_ctrl_Sample_73,0.14601074850105,31153,4.49351381556664,Sample_100_GSE42568
scPAS,Neutral,Neg_ctrl_Sample_74,-0.0974226921068481,31153,4.49351381556664,Sample_100_GSE42568
scPAS,Neutral,Neg_ctrl_Sample_75,0.10258083938674,31153,4.49351381556664,Sample_100_GSE42568
scPAS,Neutral,Neg_ctrl_Sample_76,0.0171252643541945,31153,4.49351381556664,Sample_100_GSE42568
scPAS,Neutral,Neg_ctrl_Sample_77,0.156485958119815,31153,4.49351381556664,Sample_100_GSE42568
scPAS,Neutral,Neg_ctrl_Sample_78,0.00947166240730531,31153,4.49351381556664,Sample_100_GSE42568
scPAS,Neutral,Neg_ctrl_Sample_79,-0.131223334339593,31153,4.49351381556664,Sample_100_GSE42568
scPAS,Neutral,Neg_ctrl_Sample_80,-0.0298936792251023,31153,4.49351381556664,Sample_100_GSE42568
scPAS,Neutral,Neg_ctrl_Sample_81,0.046263238594786,31153,4.49351381556664,Sample_100_GSE42568
scPAS,Neutral,Neg_ctrl_Sample_82,-0.028717798742412,31153,4.49351381556664,Sample_100_GSE42568
scPAS,Neutral,Neg_ctrl_Sample_83,0.0878938538266682,31153,4.49351381556664,Sample_100_GSE42568
scPAS,Neutral,Neg_ctrl_Sample_84,0.106090569943991,31153,4.49351381556664,Sample_100_GSE42568
scPAS,Neutral,Neg_ctrl_Sample_85,-0.00931055017124951,31153,4.49351381556664,Sample_100_GSE42568
scPAS,Neutral,Neg_ctrl_Sample_86,-0.0630330641316335,31153,4.49351381556664,Sample_100_GSE42568
scPAS,Neutral,Neg_ctrl_Sample_87,-0.112580896820114,31153,4.49351381556664,Sample_100_GSE42568
scPAS,Neutral,Neg_ctrl_Sample_88,0.174277213641678,31153,4.49351381556664,Sample_100_GSE42568
scPAS,Neutral,Neg_ctrl_Sample_89,-0.138288059816062,31153,4.49351381556664,Sample_100_GSE42568
scPAS,Neutral,Neg_ctrl_Sample_90,0.133905115923088,31153,4.49351381556664,Sample_100_GSE42568
scPAS,Neutral,Neg_ctrl_Sample_91,-0.0362289473969227,31153,4.49351381556664,Sample_100_GSE42568
scPAS,Neutral,Neg_ctrl_Sample_92,-0.143929206832206,31153,4.49351381556664,Sample_100_GSE42568
scPAS,Neutral,Neg_ctrl_Sample_93,-0.119899277872224,31153,4.49351381556664,Sample_100_GSE42568
scPAS,Neutral,Neg_ctrl_Sample_94,0.0315687711116024,31153,4.49351381556664,Sample_100_GSE42568
scPAS,Neutral,Neg_ctrl_Sample_95,-0.095177538614674,31153,4.49351381556664,Sample_100_GSE42568
scPAS,Neutral,Neg_ctrl_Sample_96,-0.0727171722382707,31153,4.49351381556664,Sample_100_GSE42568
scPAS,Neutral,Neg_ctrl_Sample_97,0.0533622616645464,31153,4.49351381556664,Sample_100_GSE42568
scPAS,Neutral,Neg_ctrl_Sample_98,0.0357978155839226,31153,4.49351381556664,Sample_100_GSE42568
scPAS,Neutral,Neg_ctrl_Sample_99,-0.102172230155473,31153,4.49351381556664,Sample_100_GSE42568
scPAS,Neutral,Neg_ctrl_Sample_100,-0.149985328383047,31153,4.49351381556664,Sample_100_GSE42568
scPP,Negative,Neg_ctrl_Sample_1,-0.0551110859509492,4107,3.61363043492524,Sample_100_GSE42568
scPP,Negative,Neg_ctrl_Sample_2,-0.0724434932125953,4107,3.61363043492524,Sample_100_GSE42568
scPP,Negative,Neg_ctrl_Sample_3,-0.0355855142694044,4107,3.61363043492524,Sample_100_GSE42568
scPP,Negative,Neg_ctrl_Sample_4,-0.254327721238635,4107,3.61363043492524,Sample_100_GSE42568
scPP,Negative,Neg_ctrl_Sample_5,-0.109265581988213,4107,3.61363043492524,Sample_100_GSE42568
scPP,Negative,Neg_ctrl_Sample_6,-0.153723611096738,4107,3.61363043492524,Sample_100_GSE42568
scPP,Negative,Neg_ctrl_Sample_7,-0.173841158665326,4107,3.61363043492524,Sample_100_GSE42568
scPP,Negative,Neg_ctrl_Sample_8,-0.000470708381955224,4107,3.61363043492524,Sample_100_GSE42568
scPP,Negative,Neg_ctrl_Sample_9,-0.0357367477574046,4107,3.61363043492524,Sample_100_GSE42568
scPP,Negative,Neg_ctrl_Sample_10,0.0828602192487919,4107,3.61363043492524,Sample_100_GSE42568
scPP,Negative,Neg_ctrl_Sample_11,0.150280657543968,4107,3.61363043492524,Sample_100_GSE42568
scPP,Negative,Neg_ctrl_Sample_12,-0.154656278384399,4107,3.61363043492524,Sample_100_GSE42568
scPP,Negative,Neg_ctrl_Sample_13,-0.0684549591683111,4107,3.61363043492524,Sample_100_GSE42568
scPP,Negative,Neg_ctrl_Sample_14,0.00777776042226046,4107,3.61363043492524,Sample_100_GSE42568
scPP,Negative,Neg_ctrl_Sample_15,-0.0849818561528191,4107,3.61363043492524,Sample_100_GSE42568
scPP,Negative,Neg_ctrl_Sample_16,-0.0386296053226316,4107,3.61363043492524,Sample_100_GSE42568
scPP,Negative,Neg_ctrl_Sample_17,0.157238201932964,4107,3.61363043492524,Sample_100_GSE42568
scPP,Negative,Neg_ctrl_Sample_18,0.213997822856484,4107,3.61363043492524,Sample_100_GSE42568
scPP,Negative,Neg_ctrl_Sample_19,0.237799884814396,4107,3.61363043492524,Sample_100_GSE42568
scPP,Negative,Neg_ctrl_Sample_20,-0.146729465851631,4107,3.61363043492524,Sample_100_GSE42568
scPP,Negative,Neg_ctrl_Sample_21,0.00452296583273861,4107,3.61363043492524,Sample_100_GSE42568
scPP,Negative,Neg_ctrl_Sample_22,0.201290792451779,4107,3.61363043492524,Sample_100_GSE42568
scPP,Negative,Neg_ctrl_Sample_23,-0.065819944246498,4107,3.61363043492524,Sample_100_GSE42568
scPP,Negative,Neg_ctrl_Sample_24,0.126773249159453,4107,3.61363043492524,Sample_100_GSE42568
scPP,Negative,Neg_ctrl_Sample_25,0.0275949918283632,4107,3.61363043492524,Sample_100_GSE42568
scPP,Negative,Neg_ctrl_Sample_26,0.021958550169246,4107,3.61363043492524,Sample_100_GSE42568
scPP,Negative,Neg_ctrl_Sample_27,-0.0265273841891933,4107,3.61363043492524,Sample_100_GSE42568
scPP,Negative,Neg_ctrl_Sample_28,0.0911554401941273,4107,3.61363043492524,Sample_100_GSE42568
scPP,Negative,Neg_ctrl_Sample_29,0.110011380323161,4107,3.61363043492524,Sample_100_GSE42568
scPP,Negative,Neg_ctrl_Sample_30,-0.0546549874754413,4107,3.61363043492524,Sample_100_GSE42568
scPP,Negative,Neg_ctrl_Sample_31,0.186392651598994,4107,3.61363043492524,Sample_100_GSE42568
scPP,Negative,Neg_ctrl_Sample_32,0.207119512200696,4107,3.61363043492524,Sample_100_GSE42568
scPP,Negative,Neg_ctrl_Sample_33,0.0229430795955396,4107,3.61363043492524,Sample_100_GSE42568
scPP,Negative,Neg_ctrl_Sample_34,-0.252841921689298,4107,3.61363043492524,Sample_100_GSE42568
scPP,Negative,Neg_ctrl_Sample_35,0.0111115148185906,4107,3.61363043492524,Sample_100_GSE42568
scPP,Negative,Neg_ctrl_Sample_36,0.0727397848238306,4107,3.61363043492524,Sample_100_GSE42568
scPP,Negative,Neg_ctrl_Sample_37,0.0968801786243439,4107,3.61363043492524,Sample_100_GSE42568
scPP,Negative,Neg_ctrl_Sample_38,0.0868103852678103,4107,3.61363043492524,Sample_100_GSE42568
scPP,Negative,Neg_ctrl_Sample_39,0.114427877937298,4107,3.61363043492524,Sample_100_GSE42568
scPP,Negative,Neg_ctrl_Sample_40,0.155716757193973,4107,3.61363043492524,Sample_100_GSE42568
scPP,Negative,Neg_ctrl_Sample_41,-0.165595967650636,4107,3.61363043492524,Sample_100_GSE42568
scPP,Negative,Neg_ctrl_Sample_42,-0.155546814015632,4107,3.61363043492524,Sample_100_GSE42568
scPP,Negative,Neg_ctrl_Sample_43,0.0317918486210303,4107,3.61363043492524,Sample_100_GSE42568
scPP,Negative,Neg_ctrl_Sample_44,0.278459719346441,4107,3.61363043492524,Sample_100_GSE42568
scPP,Negative,Neg_ctrl_Sample_45,0.00631456874159513,4107,3.61363043492524,Sample_100_GSE42568
scPP,Negative,Neg_ctrl_Sample_46,0.320985688839927,4107,3.61363043492524,Sample_100_GSE42568
scPP,Negative,Neg_ctrl_Sample_47,0.0619153509510602,4107,3.61363043492524,Sample_100_GSE42568
scPP,Negative,Neg_ctrl_Sample_48,0.0124672181517081,4107,3.61363043492524,Sample_100_GSE42568
scPP,Negative,Neg_ctrl_Sample_49,-0.14171802792604,4107,3.61363043492524,Sample_100_GSE42568
scPP,Negative,Neg_ctrl_Sample_50,-0.0392783800208518,4107,3.61363043492524,Sample_100_GSE42568
scPP,Negative,Neg_ctrl_Sample_51,0.106735394313914,4107,3.61363043492524,Sample_100_GSE42568
scPP,Negative,Neg_ctrl_Sample_52,0.183909004360816,4107,3.61363043492524,Sample_100_GSE42568
scPP,Negative,Neg_ctrl_Sample_53,0.0803063266319534,4107,3.61363043492524,Sample_100_GSE42568
scPP,Negative,Neg_ctrl_Sample_54,0.00904831944234701,4107,3.61363043492524,Sample_100_GSE42568
scPP,Negative,Neg_ctrl_Sample_55,-0.0312858342046762,4107,3.61363043492524,Sample_100_GSE42568
scPP,Negative,Neg_ctrl_Sample_56,0.0912598420643968,4107,3.61363043492524,Sample_100_GSE42568
scPP,Negative,Neg_ctrl_Sample_57,0.0743148729396697,4107,3.61363043492524,Sample_100_GSE42568
scPP,Negative,Neg_ctrl_Sample_58,0.0119392124409229,4107,3.61363043492524,Sample_100_GSE42568
scPP,Negative,Neg_ctrl_Sample_59,0.0915459425073174,4107,3.61363043492524,Sample_100_GSE42568
scPP,Negative,Neg_ctrl_Sample_60,0.0533989403250259,4107,3.61363043492524,Sample_100_GSE42568
scPP,Negative,Neg_ctrl_Sample_61,-0.0870180369834486,4107,3.61363043492524,Sample_100_GSE42568
scPP,Negative,Neg_ctrl_Sample_62,-0.0872914386926329,4107,3.61363043492524,Sample_100_GSE42568
scPP,Negative,Neg_ctrl_Sample_63,0.142143958248944,4107,3.61363043492524,Sample_100_GSE42568
scPP,Negative,Neg_ctrl_Sample_64,-0.00715656332798624,4107,3.61363043492524,Sample_100_GSE42568
scPP,Negative,Neg_ctrl_Sample_65,-0.13068480543526,4107,3.61363043492524,Sample_100_GSE42568
scPP,Negative,Neg_ctrl_Sample_66,0.0299426802699869,4107,3.61363043492524,Sample_100_GSE42568
scPP,Negative,Neg_ctrl_Sample_67,0.344195049186824,4107,3.61363043492524,Sample_100_GSE42568
scPP,Negative,Neg_ctrl_Sample_68,-0.00431348425729574,4107,3.61363043492524,Sample_100_GSE42568
scPP,Negative,Neg_ctrl_Sample_69,-0.0924188828316662,4107,3.61363043492524,Sample_100_GSE42568
scPP,Negative,Neg_ctrl_Sample_70,0.0567974202329047,4107,3.61363043492524,Sample_100_GSE42568
scPP,Negative,Neg_ctrl_Sample_71,-0.123121097594184,4107,3.61363043492524,Sample_100_GSE42568
scPP,Negative,Neg_ctrl_Sample_72,-0.122397341550193,4107,3.61363043492524,Sample_100_GSE42568
scPP,Negative,Neg_ctrl_Sample_73,0.140087324539497,4107,3.61363043492524,Sample_100_GSE42568
scPP,Negative,Neg_ctrl_Sample_74,-0.120144763780252,4107,3.61363043492524,Sample_100_GSE42568
scPP,Negative,Neg_ctrl_Sample_75,0.0808586227759014,4107,3.61363043492524,Sample_100_GSE42568
scPP,Negative,Neg_ctrl_Sample_76,-0.0092308986290174,4107,3.61363043492524,Sample_100_GSE42568
scPP,Negative,Neg_ctrl_Sample_77,0.153641325591529,4107,3.61363043492524,Sample_100_GSE42568
scPP,Negative,Neg_ctrl_Sample_78,0.00227618581210317,4107,3.61363043492524,Sample_100_GSE42568
scPP,Negative,Neg_ctrl_Sample_79,-0.145305083593603,4107,3.61363043492524,Sample_100_GSE42568
scPP,Negative,Neg_ctrl_Sample_80,-0.0207314100832039,4107,3.61363043492524,Sample_100_GSE42568
scPP,Negative,Neg_ctrl_Sample_81,0.0397870013556442,4107,3.61363043492524,Sample_100_GSE42568
scPP,Negative,Neg_ctrl_Sample_82,-0.0422787801290004,4107,3.61363043492524,Sample_100_GSE42568
scPP,Negative,Neg_ctrl_Sample_83,0.0837385417510343,4107,3.61363043492524,Sample_100_GSE42568
scPP,Negative,Neg_ctrl_Sample_84,0.0902055854490289,4107,3.61363043492524,Sample_100_GSE42568
scPP,Negative,Neg_ctrl_Sample_85,-0.0088391240692539,4107,3.61363043492524,Sample_100_GSE42568
scPP,Negative,Neg_ctrl_Sample_86,-0.0708107778266549,4107,3.61363043492524,Sample_100_GSE42568
scPP,Negative,Neg_ctrl_Sample_87,-0.136146022883671,4107,3.61363043492524,Sample_100_GSE42568
scPP,Negative,Neg_ctrl_Sample_88,0.167155319873538,4107,3.61363043492524,Sample_100_GSE42568
scPP,Negative,Neg_ctrl_Sample_89,-0.163466288205256,4107,3.61363043492524,Sample_100_GSE42568
scPP,Negative,Neg_ctrl_Sample_90,0.117453927085065,4107,3.61363043492524,Sample_100_GSE42568
scPP,Negative,Neg_ctrl_Sample_91,-0.0407663886504863,4107,3.61363043492524,Sample_100_GSE42568
scPP,Negative,Neg_ctrl_Sample_92,-0.169347772175662,4107,3.61363043492524,Sample_100_GSE42568
scPP,Negative,Neg_ctrl_Sample_93,-0.116850382145399,4107,3.61363043492524,Sample_100_GSE42568
scPP,Negative,Neg_ctrl_Sample_94,0.0334920606604459,4107,3.61363043492524,Sample_100_GSE42568
scPP,Negative,Neg_ctrl_Sample_95,-0.0901514057726565,4107,3.61363043492524,Sample_100_GSE42568
scPP,Negative,Neg_ctrl_Sample_96,-0.0960060960203773,4107,3.61363043492524,Sample_100_GSE42568
scPP,Negative,Neg_ctrl_Sample_97,0.0457802815875907,4107,3.61363043492524,Sample_100_GSE42568
scPP,Negative,Neg_ctrl_Sample_98,0.0276554137146012,4107,3.61363043492524,Sample_100_GSE42568
scPP,Negative,Neg_ctrl_Sample_99,-0.107443807423606,4107,3.61363043492524,Sample_100_GSE42568
scPP,Negative,Neg_ctrl_Sample_100,-0.156501284479966,4107,3.61363043492524,Sample_100_GSE42568
scPP,Neutral,Neg_ctrl_Sample_1,-0.053296514476574,25009,4.3981136917305,Sample_100_GSE42568
scPP,Neutral,Neg_ctrl_Sample_2,-0.0461024522298637,25009,4.3981136917305,Sample_100_GSE42568
scPP,Neutral,Neg_ctrl_Sample_3,-0.0254570221467055,25009,4.3981136917305,Sample_100_GSE42568
scPP,Neutral,Neg_ctrl_Sample_4,-0.225424630216731,25009,4.3981136917305,Sample_100_GSE42568
scPP,Neutral,Neg_ctrl_Sample_5,-0.088201331324759,25009,4.3981136917305,Sample_100_GSE42568
scPP,Neutral,Neg_ctrl_Sample_6,-0.143600518154774,25009,4.3981136917305,Sample_100_GSE42568
scPP,Neutral,Neg_ctrl_Sample_7,-0.164677793128621,25009,4.3981136917305,Sample_100_GSE42568
scPP,Neutral,Neg_ctrl_Sample_8,-0.0090706696471814,25009,4.3981136917305,Sample_100_GSE42568
scPP,Neutral,Neg_ctrl_Sample_9,-0.00403880594454646,25009,4.3981136917305,Sample_100_GSE42568
scPP,Neutral,Neg_ctrl_Sample_10,0.0973801681538743,25009,4.3981136917305,Sample_100_GSE42568
scPP,Neutral,Neg_ctrl_Sample_11,0.147416316445537,25009,4.3981136917305,Sample_100_GSE42568
scPP,Neutral,Neg_ctrl_Sample_12,-0.124959890630796,25009,4.3981136917305,Sample_100_GSE42568
scPP,Neutral,Neg_ctrl_Sample_13,-0.0635659124608668,25009,4.3981136917305,Sample_100_GSE42568
scPP,Neutral,Neg_ctrl_Sample_14,0.0339415601702121,25009,4.3981136917305,Sample_100_GSE42568
scPP,Neutral,Neg_ctrl_Sample_15,-0.0728618311661989,25009,4.3981136917305,Sample_100_GSE42568
scPP,Neutral,Neg_ctrl_Sample_16,-0.0231930636905462,25009,4.3981136917305,Sample_100_GSE42568
scPP,Neutral,Neg_ctrl_Sample_17,0.169203166603555,25009,4.3981136917305,Sample_100_GSE42568
scPP,Neutral,Neg_ctrl_Sample_18,0.198603886297145,25009,4.3981136917305,Sample_100_GSE42568
scPP,Neutral,Neg_ctrl_Sample_19,0.231635526922804,25009,4.3981136917305,Sample_100_GSE42568
scPP,Neutral,Neg_ctrl_Sample_20,-0.128778023869512,25009,4.3981136917305,Sample_100_GSE42568
scPP,Neutral,Neg_ctrl_Sample_21,-0.0308025890759798,25009,4.3981136917305,Sample_100_GSE42568
scPP,Neutral,Neg_ctrl_Sample_22,0.205096879560292,25009,4.3981136917305,Sample_100_GSE42568
scPP,Neutral,Neg_ctrl_Sample_23,-0.0345099752575337,25009,4.3981136917305,Sample_100_GSE42568
scPP,Neutral,Neg_ctrl_Sample_24,0.134595372817867,25009,4.3981136917305,Sample_100_GSE42568
scPP,Neutral,Neg_ctrl_Sample_25,0.056481898605525,25009,4.3981136917305,Sample_100_GSE42568
scPP,Neutral,Neg_ctrl_Sample_26,0.0334706713811947,25009,4.3981136917305,Sample_100_GSE42568
scPP,Neutral,Neg_ctrl_Sample_27,0.00548073433835973,25009,4.3981136917305,Sample_100_GSE42568
scPP,Neutral,Neg_ctrl_Sample_28,0.0950711531254711,25009,4.3981136917305,Sample_100_GSE42568
scPP,Neutral,Neg_ctrl_Sample_29,0.121493648315003,25009,4.3981136917305,Sample_100_GSE42568
scPP,Neutral,Neg_ctrl_Sample_30,-0.0551508275492609,25009,4.3981136917305,Sample_100_GSE42568
scPP,Neutral,Neg_ctrl_Sample_31,0.202898149068178,25009,4.3981136917305,Sample_100_GSE42568
scPP,Neutral,Neg_ctrl_Sample_32,0.236104878891487,25009,4.3981136917305,Sample_100_GSE42568
scPP,Neutral,Neg_ctrl_Sample_33,0.0148992110889887,25009,4.3981136917305,Sample_100_GSE42568
scPP,Neutral,Neg_ctrl_Sample_34,-0.229097903185955,25009,4.3981136917305,Sample_100_GSE42568
scPP,Neutral,Neg_ctrl_Sample_35,0.0417410715213699,25009,4.3981136917305,Sample_100_GSE42568
scPP,Neutral,Neg_ctrl_Sample_36,0.061503840700302,25009,4.3981136917305,Sample_100_GSE42568
scPP,Neutral,Neg_ctrl_Sample_37,0.0760922989083082,25009,4.3981136917305,Sample_100_GSE42568
scPP,Neutral,Neg_ctrl_Sample_38,0.0684278959732945,25009,4.3981136917305,Sample_100_GSE42568
scPP,Neutral,Neg_ctrl_Sample_39,0.110912809134285,25009,4.3981136917305,Sample_100_GSE42568
scPP,Neutral,Neg_ctrl_Sample_40,0.170682636387709,25009,4.3981136917305,Sample_100_GSE42568
scPP,Neutral,Neg_ctrl_Sample_41,-0.135344732476639,25009,4.3981136917305,Sample_100_GSE42568
scPP,Neutral,Neg_ctrl_Sample_42,-0.146466087900527,25009,4.3981136917305,Sample_100_GSE42568
scPP,Neutral,Neg_ctrl_Sample_43,0.0424214665404241,25009,4.3981136917305,Sample_100_GSE42568
scPP,Neutral,Neg_ctrl_Sample_44,0.270169552595106,25009,4.3981136917305,Sample_100_GSE42568
scPP,Neutral,Neg_ctrl_Sample_45,0.0190125656116321,25009,4.3981136917305,Sample_100_GSE42568
scPP,Neutral,Neg_ctrl_Sample_46,0.3098483774357,25009,4.3981136917305,Sample_100_GSE42568
scPP,Neutral,Neg_ctrl_Sample_47,0.0512842336346401,25009,4.3981136917305,Sample_100_GSE42568
scPP,Neutral,Neg_ctrl_Sample_48,0.0147500670215929,25009,4.3981136917305,Sample_100_GSE42568
scPP,Neutral,Neg_ctrl_Sample_49,-0.110230303858181,25009,4.3981136917305,Sample_100_GSE42568
scPP,Neutral,Neg_ctrl_Sample_50,-0.00843102745936236,25009,4.3981136917305,Sample_100_GSE42568
scPP,Neutral,Neg_ctrl_Sample_51,0.114252447348973,25009,4.3981136917305,Sample_100_GSE42568
scPP,Neutral,Neg_ctrl_Sample_52,0.206796790472913,25009,4.3981136917305,Sample_100_GSE42568
scPP,Neutral,Neg_ctrl_Sample_53,0.0909398482172693,25009,4.3981136917305,Sample_100_GSE42568
scPP,Neutral,Neg_ctrl_Sample_54,0.0159531638801538,25009,4.3981136917305,Sample_100_GSE42568
scPP,Neutral,Neg_ctrl_Sample_55,-0.0195731569514052,25009,4.3981136917305,Sample_100_GSE42568
scPP,Neutral,Neg_ctrl_Sample_56,0.0841886989008058,25009,4.3981136917305,Sample_100_GSE42568
scPP,Neutral,Neg_ctrl_Sample_57,0.0950848238487423,25009,4.3981136917305,Sample_100_GSE42568
scPP,Neutral,Neg_ctrl_Sample_58,0.0266354650721856,25009,4.3981136917305,Sample_100_GSE42568
scPP,Neutral,Neg_ctrl_Sample_59,0.0968733194162596,25009,4.3981136917305,Sample_100_GSE42568
scPP,Neutral,Neg_ctrl_Sample_60,0.0754299496490989,25009,4.3981136917305,Sample_100_GSE42568
scPP,Neutral,Neg_ctrl_Sample_61,-0.0645692214068869,25009,4.3981136917305,Sample_100_GSE42568
scPP,Neutral,Neg_ctrl_Sample_62,-0.0748899657072721,25009,4.3981136917305,Sample_100_GSE42568
scPP,Neutral,Neg_ctrl_Sample_63,0.143989676232564,25009,4.3981136917305,Sample_100_GSE42568
scPP,Neutral,Neg_ctrl_Sample_64,0.0305720346245154,25009,4.3981136917305,Sample_100_GSE42568
scPP,Neutral,Neg_ctrl_Sample_65,-0.116900439948778,25009,4.3981136917305,Sample_100_GSE42568
scPP,Neutral,Neg_ctrl_Sample_66,0.0129465810587321,25009,4.3981136917305,Sample_100_GSE42568
scPP,Neutral,Neg_ctrl_Sample_67,0.335085061890946,25009,4.3981136917305,Sample_100_GSE42568
scPP,Neutral,Neg_ctrl_Sample_68,0.0204639174117681,25009,4.3981136917305,Sample_100_GSE42568
scPP,Neutral,Neg_ctrl_Sample_69,-0.0788929295029065,25009,4.3981136917305,Sample_100_GSE42568
scPP,Neutral,Neg_ctrl_Sample_70,0.0759495983162099,25009,4.3981136917305,Sample_100_GSE42568
scPP,Neutral,Neg_ctrl_Sample_71,-0.122311343218523,25009,4.3981136917305,Sample_100_GSE42568
scPP,Neutral,Neg_ctrl_Sample_72,-0.110484554442042,25009,4.3981136917305,Sample_100_GSE42568
scPP,Neutral,Neg_ctrl_Sample_73,0.147525672969096,25009,4.3981136917305,Sample_100_GSE42568
scPP,Neutral,Neg_ctrl_Sample_74,-0.0942723175089537,25009,4.3981136917305,Sample_100_GSE42568
scPP,Neutral,Neg_ctrl_Sample_75,0.103473244054556,25009,4.3981136917305,Sample_100_GSE42568
scPP,Neutral,Neg_ctrl_Sample_76,0.0207214320790552,25009,4.3981136917305,Sample_100_GSE42568
scPP,Neutral,Neg_ctrl_Sample_77,0.157672618953976,25009,4.3981136917305,Sample_100_GSE42568
scPP,Neutral,Neg_ctrl_Sample_78,0.0109998911864303,25009,4.3981136917305,Sample_100_GSE42568
scPP,Neutral,Neg_ctrl_Sample_79,-0.129991425959074,25009,4.3981136917305,Sample_100_GSE42568
scPP,Neutral,Neg_ctrl_Sample_80,-0.030252548805568,25009,4.3981136917305,Sample_100_GSE42568
scPP,Neutral,Neg_ctrl_Sample_81,0.0461474381296995,25009,4.3981136917305,Sample_100_GSE42568
scPP,Neutral,Neg_ctrl_Sample_82,-0.0293976798515359,25009,4.3981136917305,Sample_100_GSE42568
scPP,Neutral,Neg_ctrl_Sample_83,0.0874406119405305,25009,4.3981136917305,Sample_100_GSE42568
scPP,Neutral,Neg_ctrl_Sample_84,0.107016613957101,25009,4.3981136917305,Sample_100_GSE42568
scPP,Neutral,Neg_ctrl_Sample_85,-0.00959581526871374,25009,4.3981136917305,Sample_100_GSE42568
scPP,Neutral,Neg_ctrl_Sample_86,-0.0631121334561755,25009,4.3981136917305,Sample_100_GSE42568
scPP,Neutral,Neg_ctrl_Sample_87,-0.108427071370344,25009,4.3981136917305,Sample_100_GSE42568
scPP,Neutral,Neg_ctrl_Sample_88,0.173068087193041,25009,4.3981136917305,Sample_100_GSE42568
scPP,Neutral,Neg_ctrl_Sample_89,-0.13643536596124,25009,4.3981136917305,Sample_100_GSE42568
scPP,Neutral,Neg_ctrl_Sample_90,0.133939900115826,25009,4.3981136917305,Sample_100_GSE42568
scPP,Neutral,Neg_ctrl_Sample_91,-0.0376536818201972,25009,4.3981136917305,Sample_100_GSE42568
scPP,Neutral,Neg_ctrl_Sample_92,-0.14124007486341,25009,4.3981136917305,Sample_100_GSE42568
scPP,Neutral,Neg_ctrl_Sample_93,-0.121567691458175,25009,4.3981136917305,Sample_100_GSE42568
scPP,Neutral,Neg_ctrl_Sample_94,0.0319585404523587,25009,4.3981136917305,Sample_100_GSE42568
scPP,Neutral,Neg_ctrl_Sample_95,-0.0961695684656793,25009,4.3981136917305,Sample_100_GSE42568
scPP,Neutral,Neg_ctrl_Sample_96,-0.0695836101556597,25009,4.3981136917305,Sample_100_GSE42568
scPP,Neutral,Neg_ctrl_Sample_97,0.0548231402992986,25009,4.3981136917305,Sample_100_GSE42568
scPP,Neutral,Neg_ctrl_Sample_98,0.036272609259729,25009,4.3981136917305,Sample_100_GSE42568
scPP,Neutral,Neg_ctrl_Sample_99,-0.10169925144279,25009,4.3981136917305,Sample_100_GSE42568
scPP,Neutral,Neg_ctrl_Sample_100,-0.150688214907977,25009,4.3981136917305,Sample_100_GSE42568
scPP,Positive,Neg_ctrl_Sample_1,-0.0421564017430084,2756,3.44043676610577,Sample_100_GSE42568
scPP,Positive,Neg_ctrl_Sample_2,-0.0516067726966263,2756,3.44043676610577,Sample_100_GSE42568
scPP,Positive,Neg_ctrl_Sample_3,-0.000995124291346901,2756,3.44043676610577,Sample_100_GSE42568
scPP,Positive,Neg_ctrl_Sample_4,-0.187921356221338,2756,3.44043676610577,Sample_100_GSE42568
scPP,Positive,Neg_ctrl_Sample_5,-0.0757193474508084,2756,3.44043676610577,Sample_100_GSE42568
scPP,Positive,Neg_ctrl_Sample_6,-0.116681554113255,2756,3.44043676610577,Sample_100_GSE42568
scPP,Positive,Neg_ctrl_Sample_7,-0.169309668926442,2756,3.44043676610577,Sample_100_GSE42568
scPP,Positive,Neg_ctrl_Sample_8,0.0121468818600727,2756,3.44043676610577,Sample_100_GSE42568
scPP,Positive,Neg_ctrl_Sample_9,-0.00170570155154679,2756,3.44043676610577,Sample_100_GSE42568
scPP,Positive,Neg_ctrl_Sample_10,0.102373400629622,2756,3.44043676610577,Sample_100_GSE42568
scPP,Positive,Neg_ctrl_Sample_11,0.158119997791072,2756,3.44043676610577,Sample_100_GSE42568
scPP,Positive,Neg_ctrl_Sample_12,-0.103443678937789,2756,3.44043676610577,Sample_100_GSE42568
scPP,Positive,Neg_ctrl_Sample_13,-0.0573355561508206,2756,3.44043676610577,Sample_100_GSE42568
scPP,Positive,Neg_ctrl_Sample_14,0.0467794446330669,2756,3.44043676610577,Sample_100_GSE42568
scPP,Positive,Neg_ctrl_Sample_15,-0.0639286183168572,2756,3.44043676610577,Sample_100_GSE42568
scPP,Positive,Neg_ctrl_Sample_16,5.40449611593261e-05,2756,3.44043676610577,Sample_100_GSE42568
scPP,Positive,Neg_ctrl_Sample_17,0.166699098073323,2756,3.44043676610577,Sample_100_GSE42568
scPP,Positive,Neg_ctrl_Sample_18,0.18298845709758,2756,3.44043676610577,Sample_100_GSE42568
scPP,Positive,Neg_ctrl_Sample_19,0.229376582388245,2756,3.44043676610577,Sample_100_GSE42568
scPP,Positive,Neg_ctrl_Sample_20,-0.109146805332919,2756,3.44043676610577,Sample_100_GSE42568
scPP,Positive,Neg_ctrl_Sample_21,-0.046105365080958,2756,3.44043676610577,Sample_100_GSE42568
scPP,Positive,Neg_ctrl_Sample_22,0.211715831975447,2756,3.44043676610577,Sample_100_GSE42568
scPP,Positive,Neg_ctrl_Sample_23,-0.0142839634669803,2756,3.44043676610577,Sample_100_GSE42568
scPP,Positive,Neg_ctrl_Sample_24,0.14517534234798,2756,3.44043676610577,Sample_100_GSE42568
scPP,Positive,Neg_ctrl_Sample_25,0.0850630372449257,2756,3.44043676610577,Sample_100_GSE42568
scPP,Positive,Neg_ctrl_Sample_26,0.0318202489374387,2756,3.44043676610577,Sample_100_GSE42568
scPP,Positive,Neg_ctrl_Sample_27,0.0205573701626104,2756,3.44043676610577,Sample_100_GSE42568
scPP,Positive,Neg_ctrl_Sample_28,0.0837200032376813,2756,3.44043676610577,Sample_100_GSE42568
scPP,Positive,Neg_ctrl_Sample_29,0.129585024664729,2756,3.44043676610577,Sample_100_GSE42568
scPP,Positive,Neg_ctrl_Sample_30,-0.0277750327679241,2756,3.44043676610577,Sample_100_GSE42568
scPP,Positive,Neg_ctrl_Sample_31,0.198912852070344,2756,3.44043676610577,Sample_100_GSE42568
scPP,Positive,Neg_ctrl_Sample_32,0.270852976072373,2756,3.44043676610577,Sample_100_GSE42568
scPP,Positive,Neg_ctrl_Sample_33,0.0282970165164736,2756,3.44043676610577,Sample_100_GSE42568
scPP,Positive,Neg_ctrl_Sample_34,-0.222826923695722,2756,3.44043676610577,Sample_100_GSE42568
scPP,Positive,Neg_ctrl_Sample_35,0.0544080763994084,2756,3.44043676610577,Sample_100_GSE42568
scPP,Positive,Neg_ctrl_Sample_36,0.0661428493278572,2756,3.44043676610577,Sample_100_GSE42568
scPP,Positive,Neg_ctrl_Sample_37,0.0722282222154818,2756,3.44043676610577,Sample_100_GSE42568
scPP,Positive,Neg_ctrl_Sample_38,0.0726684457190265,2756,3.44043676610577,Sample_100_GSE42568
scPP,Positive,Neg_ctrl_Sample_39,0.110802848886669,2756,3.44043676610577,Sample_100_GSE42568
scPP,Positive,Neg_ctrl_Sample_40,0.178188021728872,2756,3.44043676610577,Sample_100_GSE42568
scPP,Positive,Neg_ctrl_Sample_41,-0.111378727481028,2756,3.44043676610577,Sample_100_GSE42568
scPP,Positive,Neg_ctrl_Sample_42,-0.132661387195674,2756,3.44043676610577,Sample_100_GSE42568
scPP,Positive,Neg_ctrl_Sample_43,0.0416472083825089,2756,3.44043676610577,Sample_100_GSE42568
scPP,Positive,Neg_ctrl_Sample_44,0.280855825626465,2756,3.44043676610577,Sample_100_GSE42568
scPP,Positive,Neg_ctrl_Sample_45,0.0254049893536329,2756,3.44043676610577,Sample_100_GSE42568
scPP,Positive,Neg_ctrl_Sample_46,0.294775951158994,2756,3.44043676610577,Sample_100_GSE42568
scPP,Positive,Neg_ctrl_Sample_47,0.0470878149183611,2756,3.44043676610577,Sample_100_GSE42568
scPP,Positive,Neg_ctrl_Sample_48,0.0496658493035143,2756,3.44043676610577,Sample_100_GSE42568
scPP,Positive,Neg_ctrl_Sample_49,-0.0894560803603915,2756,3.44043676610577,Sample_100_GSE42568
scPP,Positive,Neg_ctrl_Sample_50,0.00879652443676755,2756,3.44043676610577,Sample_100_GSE42568
scPP,Positive,Neg_ctrl_Sample_51,0.127239052957131,2756,3.44043676610577,Sample_100_GSE42568
scPP,Positive,Neg_ctrl_Sample_52,0.224839748930937,2756,3.44043676610577,Sample_100_GSE42568
scPP,Positive,Neg_ctrl_Sample_53,0.0988113010816725,2756,3.44043676610577,Sample_100_GSE42568
scPP,Positive,Neg_ctrl_Sample_54,0.0315436553033069,2756,3.44043676610577,Sample_100_GSE42568
scPP,Positive,Neg_ctrl_Sample_55,-0.0267868431724894,2756,3.44043676610577,Sample_100_GSE42568
scPP,Positive,Neg_ctrl_Sample_56,0.0956646447636675,2756,3.44043676610577,Sample_100_GSE42568
scPP,Positive,Neg_ctrl_Sample_57,0.0864394667499782,2756,3.44043676610577,Sample_100_GSE42568
scPP,Positive,Neg_ctrl_Sample_58,0.0404799283503792,2756,3.44043676610577,Sample_100_GSE42568
scPP,Positive,Neg_ctrl_Sample_59,0.0916117643067678,2756,3.44043676610577,Sample_100_GSE42568
scPP,Positive,Neg_ctrl_Sample_60,0.0852294455602506,2756,3.44043676610577,Sample_100_GSE42568
scPP,Positive,Neg_ctrl_Sample_61,-0.0484760006211069,2756,3.44043676610577,Sample_100_GSE42568
scPP,Positive,Neg_ctrl_Sample_62,-0.0664285647255513,2756,3.44043676610577,Sample_100_GSE42568
scPP,Positive,Neg_ctrl_Sample_63,0.159380273141564,2756,3.44043676610577,Sample_100_GSE42568
scPP,Positive,Neg_ctrl_Sample_64,0.0589814477402722,2756,3.44043676610577,Sample_100_GSE42568
scPP,Positive,Neg_ctrl_Sample_65,-0.0900926144457953,2756,3.44043676610577,Sample_100_GSE42568
scPP,Positive,Neg_ctrl_Sample_66,0.0120352291371521,2756,3.44043676610577,Sample_100_GSE42568
scPP,Positive,Neg_ctrl_Sample_67,0.329219134373905,2756,3.44043676610577,Sample_100_GSE42568
scPP,Positive,Neg_ctrl_Sample_68,0.0352467590703494,2756,3.44043676610577,Sample_100_GSE42568
scPP,Positive,Neg_ctrl_Sample_69,-0.0648265973771019,2756,3.44043676610577,Sample_100_GSE42568
scPP,Positive,Neg_ctrl_Sample_70,0.0893062187856335,2756,3.44043676610577,Sample_100_GSE42568
scPP,Positive,Neg_ctrl_Sample_71,-0.105379819059504,2756,3.44043676610577,Sample_100_GSE42568
scPP,Positive,Neg_ctrl_Sample_72,-0.103612914893058,2756,3.44043676610577,Sample_100_GSE42568
scPP,Positive,Neg_ctrl_Sample_73,0.141365427717437,2756,3.44043676610577,Sample_100_GSE42568
scPP,Positive,Neg_ctrl_Sample_74,-0.0883964674325778,2756,3.44043676610577,Sample_100_GSE42568
scPP,Positive,Neg_ctrl_Sample_75,0.125180568346341,2756,3.44043676610577,Sample_100_GSE42568
scPP,Positive,Neg_ctrl_Sample_76,0.0312291005143765,2756,3.44043676610577,Sample_100_GSE42568
scPP,Positive,Neg_ctrl_Sample_77,0.146963337805562,2756,3.44043676610577,Sample_100_GSE42568
scPP,Positive,Neg_ctrl_Sample_78,0.00561654287260194,2756,3.44043676610577,Sample_100_GSE42568
scPP,Positive,Neg_ctrl_Sample_79,-0.117895567142703,2756,3.44043676610577,Sample_100_GSE42568
scPP,Positive,Neg_ctrl_Sample_80,-0.0420951384023504,2756,3.44043676610577,Sample_100_GSE42568
scPP,Positive,Neg_ctrl_Sample_81,0.0551879569191817,2756,3.44043676610577,Sample_100_GSE42568
scPP,Positive,Neg_ctrl_Sample_82,-0.00281201100772841,2756,3.44043676610577,Sample_100_GSE42568
scPP,Positive,Neg_ctrl_Sample_83,0.0959794947761191,2756,3.44043676610577,Sample_100_GSE42568
scPP,Positive,Neg_ctrl_Sample_84,0.12303260813442,2756,3.44043676610577,Sample_100_GSE42568
scPP,Positive,Neg_ctrl_Sample_85,-0.00857406225071281,2756,3.44043676610577,Sample_100_GSE42568
scPP,Positive,Neg_ctrl_Sample_86,-0.0484997966630619,2756,3.44043676610577,Sample_100_GSE42568
scPP,Positive,Neg_ctrl_Sample_87,-0.107406589422996,2756,3.44043676610577,Sample_100_GSE42568
scPP,Positive,Neg_ctrl_Sample_88,0.198542485301638,2756,3.44043676610577,Sample_100_GSE42568
scPP,Positive,Neg_ctrl_Sample_89,-0.111902554592436,2756,3.44043676610577,Sample_100_GSE42568
scPP,Positive,Neg_ctrl_Sample_90,0.154050513685306,2756,3.44043676610577,Sample_100_GSE42568
scPP,Positive,Neg_ctrl_Sample_91,-0.0146993416821948,2756,3.44043676610577,Sample_100_GSE42568
scPP,Positive,Neg_ctrl_Sample_92,-0.125732243827322,2756,3.44043676610577,Sample_100_GSE42568
scPP,Positive,Neg_ctrl_Sample_93,-0.111528567580802,2756,3.44043676610577,Sample_100_GSE42568
scPP,Positive,Neg_ctrl_Sample_94,0.0257535122430063,2756,3.44043676610577,Sample_100_GSE42568
scPP,Positive,Neg_ctrl_Sample_95,-0.0961406180598227,2756,3.44043676610577,Sample_100_GSE42568
scPP,Positive,Neg_ctrl_Sample_96,-0.0642484460662927,2756,3.44043676610577,Sample_100_GSE42568
scPP,Positive,Neg_ctrl_Sample_97,0.0526480232016643,2756,3.44043676610577,Sample_100_GSE42568
scPP,Positive,Neg_ctrl_Sample_98,0.0470613808760551,2756,3.44043676610577,Sample_100_GSE42568
scPP,Positive,Neg_ctrl_Sample_99,-0.095965125158232,2756,3.44043676610577,Sample_100_GSE42568
scPP,Positive,Neg_ctrl_Sample_100,-0.133360484169538,2756,3.44043676610577,Sample_100_GSE42568
DEGAS,Other,Neg_ctrl_Sample_1,-0.0525670432903149,31872,4.50342294273723,Sample_100_GSE42568
DEGAS,Other,Neg_ctrl_Sample_2,-0.0499727008029834,31872,4.50342294273723,Sample_100_GSE42568
DEGAS,Other,Neg_ctrl_Sample_3,-0.0246469294841351,31872,4.50342294273723,Sample_100_GSE42568
DEGAS,Other,Neg_ctrl_Sample_4,-0.225906117782483,31872,4.50342294273723,Sample_100_GSE42568
DEGAS,Other,Neg_ctrl_Sample_5,-0.0898363253608469,31872,4.50342294273723,Sample_100_GSE42568
DEGAS,Other,Neg_ctrl_Sample_6,-0.142577265074146,31872,4.50342294273723,Sample_100_GSE42568
DEGAS,Other,Neg_ctrl_Sample_7,-0.166259099352206,31872,4.50342294273723,Sample_100_GSE42568
DEGAS,Other,Neg_ctrl_Sample_8,-0.00612778520722547,31872,4.50342294273723,Sample_100_GSE42568
DEGAS,Other,Neg_ctrl_Sample_9,-0.00792163134986463,31872,4.50342294273723,Sample_100_GSE42568
DEGAS,Other,Neg_ctrl_Sample_10,0.0959409085702265,31872,4.50342294273723,Sample_100_GSE42568
DEGAS,Other,Neg_ctrl_Sample_11,0.148710969893064,31872,4.50342294273723,Sample_100_GSE42568
DEGAS,Other,Neg_ctrl_Sample_12,-0.126926017170647,31872,4.50342294273723,Sample_100_GSE42568
DEGAS,Other,Neg_ctrl_Sample_13,-0.0636571666286941,31872,4.50342294273723,Sample_100_GSE42568
DEGAS,Other,Neg_ctrl_Sample_14,0.0316802174246924,31872,4.50342294273723,Sample_100_GSE42568
DEGAS,Other,Neg_ctrl_Sample_15,-0.0736511449214468,31872,4.50342294273723,Sample_100_GSE42568
DEGAS,Other,Neg_ctrl_Sample_16,-0.0231720058667156,31872,4.50342294273723,Sample_100_GSE42568
DEGAS,Other,Neg_ctrl_Sample_17,0.167444841968407,31872,4.50342294273723,Sample_100_GSE42568
DEGAS,Other,Neg_ctrl_Sample_18,0.199237256483364,31872,4.50342294273723,Sample_100_GSE42568
DEGAS,Other,Neg_ctrl_Sample_19,0.232234528137777,31872,4.50342294273723,Sample_100_GSE42568
DEGAS,Other,Neg_ctrl_Sample_20,-0.129393703272553,31872,4.50342294273723,Sample_100_GSE42568
DEGAS,Other,Neg_ctrl_Sample_21,-0.0275738113607319,31872,4.50342294273723,Sample_100_GSE42568
DEGAS,Other,Neg_ctrl_Sample_22,0.205178776934209,31872,4.50342294273723,Sample_100_GSE42568
DEGAS,Other,Neg_ctrl_Sample_23,-0.0367955912886241,31872,4.50342294273723,Sample_100_GSE42568
DEGAS,Other,Neg_ctrl_Sample_24,0.134502279637643,31872,4.50342294273723,Sample_100_GSE42568
DEGAS,Other,Neg_ctrl_Sample_25,0.0552309916011445,31872,4.50342294273723,Sample_100_GSE42568
DEGAS,Other,Neg_ctrl_Sample_26,0.031844515317174,31872,4.50342294273723,Sample_100_GSE42568
DEGAS,Other,Neg_ctrl_Sample_27,0.00265988423604344,31872,4.50342294273723,Sample_100_GSE42568
DEGAS,Other,Neg_ctrl_Sample_28,0.0935850335816776,31872,4.50342294273723,Sample_100_GSE42568
DEGAS,Other,Neg_ctrl_Sample_29,0.120713721061531,31872,4.50342294273723,Sample_100_GSE42568
DEGAS,Other,Neg_ctrl_Sample_30,-0.0527197248384005,31872,4.50342294273723,Sample_100_GSE42568
DEGAS,Other,Neg_ctrl_Sample_31,0.200426651934896,31872,4.50342294273723,Sample_100_GSE42568
DEGAS,Other,Neg_ctrl_Sample_32,0.235374546776509,31872,4.50342294273723,Sample_100_GSE42568
DEGAS,Other,Neg_ctrl_Sample_33,0.0170942575157756,31872,4.50342294273723,Sample_100_GSE42568
DEGAS,Other,Neg_ctrl_Sample_34,-0.231615280963255,31872,4.50342294273723,Sample_100_GSE42568
DEGAS,Other,Neg_ctrl_Sample_35,0.0388894988577645,31872,4.50342294273723,Sample_100_GSE42568
DEGAS,Other,Neg_ctrl_Sample_36,0.0633528344971417,31872,4.50342294273723,Sample_100_GSE42568
DEGAS,Other,Neg_ctrl_Sample_37,0.078436878057038,31872,4.50342294273723,Sample_100_GSE42568
DEGAS,Other,Neg_ctrl_Sample_38,0.0711633326773551,31872,4.50342294273723,Sample_100_GSE42568
DEGAS,Other,Neg_ctrl_Sample_39,0.111356249681836,31872,4.50342294273723,Sample_100_GSE42568
DEGAS,Other,Neg_ctrl_Sample_40,0.169403142667567,31872,4.50342294273723,Sample_100_GSE42568
DEGAS,Other,Neg_ctrl_Sample_41,-0.137170520412497,31872,4.50342294273723,Sample_100_GSE42568
DEGAS,Other,Neg_ctrl_Sample_42,-0.146442518215917,31872,4.50342294273723,Sample_100_GSE42568
DEGAS,Other,Neg_ctrl_Sample_43,0.0409847918329017,31872,4.50342294273723,Sample_100_GSE42568
DEGAS,Other,Neg_ctrl_Sample_44,0.272161868211387,31872,4.50342294273723,Sample_100_GSE42568
DEGAS,Other,Neg_ctrl_Sample_45,0.0179290705905389,31872,4.50342294273723,Sample_100_GSE42568
DEGAS,Other,Neg_ctrl_Sample_46,0.309980196308648,31872,4.50342294273723,Sample_100_GSE42568
DEGAS,Other,Neg_ctrl_Sample_47,0.0522912827321702,31872,4.50342294273723,Sample_100_GSE42568
DEGAS,Other,Neg_ctrl_Sample_48,0.0174750995159565,31872,4.50342294273723,Sample_100_GSE42568
DEGAS,Other,Neg_ctrl_Sample_49,-0.112491420913489,31872,4.50342294273723,Sample_100_GSE42568
DEGAS,Other,Neg_ctrl_Sample_50,-0.0109163105901449,31872,4.50342294273723,Sample_100_GSE42568
DEGAS,Other,Neg_ctrl_Sample_51,0.114406769269188,31872,4.50342294273723,Sample_100_GSE42568
DEGAS,Other,Neg_ctrl_Sample_52,0.205407679527504,31872,4.50342294273723,Sample_100_GSE42568
DEGAS,Other,Neg_ctrl_Sample_53,0.0902502727574105,31872,4.50342294273723,Sample_100_GSE42568
DEGAS,Other,Neg_ctrl_Sample_54,0.0164115348093749,31872,4.50342294273723,Sample_100_GSE42568
DEGAS,Other,Neg_ctrl_Sample_55,-0.0217062168379666,31872,4.50342294273723,Sample_100_GSE42568
DEGAS,Other,Neg_ctrl_Sample_56,0.0860922158363894,31872,4.50342294273723,Sample_100_GSE42568
DEGAS,Other,Neg_ctrl_Sample_57,0.0916608531990263,31872,4.50342294273723,Sample_100_GSE42568
DEGAS,Other,Neg_ctrl_Sample_58,0.0259388608816142,31872,4.50342294273723,Sample_100_GSE42568
DEGAS,Other,Neg_ctrl_Sample_59,0.0957318666411974,31872,4.50342294273723,Sample_100_GSE42568
DEGAS,Other,Neg_ctrl_Sample_60,0.0734384227740097,31872,4.50342294273723,Sample_100_GSE42568
DEGAS,Other,Neg_ctrl_Sample_61,-0.0660703625052592,31872,4.50342294273723,Sample_100_GSE42568
DEGAS,Other,Neg_ctrl_Sample_62,-0.0757563446118053,31872,4.50342294273723,Sample_100_GSE42568
DEGAS,Other,Neg_ctrl_Sample_63,0.145082677027069,31872,4.50342294273723,Sample_100_GSE42568
DEGAS,Other,Neg_ctrl_Sample_64,0.0281669452280576,31872,4.50342294273723,Sample_100_GSE42568
DEGAS,Other,Neg_ctrl_Sample_65,-0.116358585718318,31872,4.50342294273723,Sample_100_GSE42568
DEGAS,Other,Neg_ctrl_Sample_66,0.015057879175096,31872,4.50342294273723,Sample_100_GSE42568
DEGAS,Other,Neg_ctrl_Sample_67,0.335751735510019,31872,4.50342294273723,Sample_100_GSE42568
DEGAS,Other,Neg_ctrl_Sample_68,0.0185494069623518,31872,4.50342294273723,Sample_100_GSE42568
DEGAS,Other,Neg_ctrl_Sample_69,-0.0794195446818255,31872,4.50342294273723,Sample_100_GSE42568
DEGAS,Other,Neg_ctrl_Sample_70,0.0746366229969828,31872,4.50342294273723,Sample_100_GSE42568
DEGAS,Other,Neg_ctrl_Sample_71,-0.120951603655225,31872,4.50342294273723,Sample_100_GSE42568
DEGAS,Other,Neg_ctrl_Sample_72,-0.111425429757559,31872,4.50342294273723,Sample_100_GSE42568
DEGAS,Other,Neg_ctrl_Sample_73,0.14603449159002,31872,4.50342294273723,Sample_100_GSE42568
DEGAS,Other,Neg_ctrl_Sample_74,-0.0970981299470095,31872,4.50342294273723,Sample_100_GSE42568
DEGAS,Other,Neg_ctrl_Sample_75,0.10243619385867,31872,4.50342294273723,Sample_100_GSE42568
DEGAS,Other,Neg_ctrl_Sample_76,0.0177704064763222,31872,4.50342294273723,Sample_100_GSE42568
DEGAS,Other,Neg_ctrl_Sample_77,0.156227108766832,31872,4.50342294273723,Sample_100_GSE42568
DEGAS,Other,Neg_ctrl_Sample_78,0.00941025872140541,31872,4.50342294273723,Sample_100_GSE42568
DEGAS,Other,Neg_ctrl_Sample_79,-0.130918791829025,31872,4.50342294273723,Sample_100_GSE42568
DEGAS,Other,Neg_ctrl_Sample_80,-0.0300497017986649,31872,4.50342294273723,Sample_100_GSE42568
DEGAS,Other,Neg_ctrl_Sample_81,0.0461095790669725,31872,4.50342294273723,Sample_100_GSE42568
DEGAS,Other,Neg_ctrl_Sample_82,-0.0287586416834265,31872,4.50342294273723,Sample_100_GSE42568
DEGAS,Other,Neg_ctrl_Sample_83,0.0877019309298198,31872,4.50342294273723,Sample_100_GSE42568
DEGAS,Other,Neg_ctrl_Sample_84,0.106235275662361,31872,4.50342294273723,Sample_100_GSE42568
DEGAS,Other,Neg_ctrl_Sample_85,-0.00940995676991251,31872,4.50342294273723,Sample_100_GSE42568
DEGAS,Other,Neg_ctrl_Sample_86,-0.0628406328358108,31872,4.50342294273723,Sample_100_GSE42568
DEGAS,Other,Neg_ctrl_Sample_87,-0.111910670944213,31872,4.50342294273723,Sample_100_GSE42568
DEGAS,Other,Neg_ctrl_Sample_88,0.174508966516776,31872,4.50342294273723,Sample_100_GSE42568
DEGAS,Other,Neg_ctrl_Sample_89,-0.137797174743988,31872,4.50342294273723,Sample_100_GSE42568
DEGAS,Other,Neg_ctrl_Sample_90,0.133554513562116,31872,4.50342294273723,Sample_100_GSE42568
DEGAS,Other,Neg_ctrl_Sample_91,-0.0360699006182534,31872,4.50342294273723,Sample_100_GSE42568
DEGAS,Other,Neg_ctrl_Sample_92,-0.143521034029008,31872,4.50342294273723,Sample_100_GSE42568
DEGAS,Other,Neg_ctrl_Sample_93,-0.120091730904912,31872,4.50342294273723,Sample_100_GSE42568
DEGAS,Other,Neg_ctrl_Sample_94,0.0316195943476159,31872,4.50342294273723,Sample_100_GSE42568
DEGAS,Other,Neg_ctrl_Sample_95,-0.0953915695481724,31872,4.50342294273723,Sample_100_GSE42568
DEGAS,Other,Neg_ctrl_Sample_96,-0.072527053843414,31872,4.50342294273723,Sample_100_GSE42568
DEGAS,Other,Neg_ctrl_Sample_97,0.0534698005826172,31872,4.50342294273723,Sample_100_GSE42568
DEGAS,Other,Neg_ctrl_Sample_98,0.0360951190636559,31872,4.50342294273723,Sample_100_GSE42568
DEGAS,Other,Neg_ctrl_Sample_99,-0.101943655288579,31872,4.50342294273723,Sample_100_GSE42568
DEGAS,Other,Neg_ctrl_Sample_100,-0.149938938138934,31872,4.50342294273723,Sample_100_GSE42568
LP_SGL,Negative,Neg_ctrl_Sample_1,-0.0687855275898432,363,2.56110138364906,Sample_100_GSE42568
LP_SGL,Negative,Neg_ctrl_Sample_2,-0.0763058728044669,363,2.56110138364906,Sample_100_GSE42568
LP_SGL,Negative,Neg_ctrl_Sample_3,-0.0410428710727335,363,2.56110138364906,Sample_100_GSE42568
LP_SGL,Negative,Neg_ctrl_Sample_4,-0.252212621194583,363,2.56110138364906,Sample_100_GSE42568
LP_SGL,Negative,Neg_ctrl_Sample_5,-0.117451934590146,363,2.56110138364906,Sample_100_GSE42568
LP_SGL,Negative,Neg_ctrl_Sample_6,-0.160074703451935,363,2.56110138364906,Sample_100_GSE42568
LP_SGL,Negative,Neg_ctrl_Sample_7,-0.185316854167739,363,2.56110138364906,Sample_100_GSE42568
LP_SGL,Negative,Neg_ctrl_Sample_8,-0.00376638191910474,363,2.56110138364906,Sample_100_GSE42568
LP_SGL,Negative,Neg_ctrl_Sample_9,-0.0375968804014368,363,2.56110138364906,Sample_100_GSE42568
LP_SGL,Negative,Neg_ctrl_Sample_10,0.0884328480599115,363,2.56110138364906,Sample_100_GSE42568
LP_SGL,Negative,Neg_ctrl_Sample_11,0.143083000824741,363,2.56110138364906,Sample_100_GSE42568
LP_SGL,Negative,Neg_ctrl_Sample_12,-0.162380609539308,363,2.56110138364906,Sample_100_GSE42568
LP_SGL,Negative,Neg_ctrl_Sample_13,-0.0760501332281777,363,2.56110138364906,Sample_100_GSE42568
LP_SGL,Negative,Neg_ctrl_Sample_14,0.000765590709001541,363,2.56110138364906,Sample_100_GSE42568
LP_SGL,Negative,Neg_ctrl_Sample_15,-0.0819864036267093,363,2.56110138364906,Sample_100_GSE42568
LP_SGL,Negative,Neg_ctrl_Sample_16,-0.0447507617620277,363,2.56110138364906,Sample_100_GSE42568
LP_SGL,Negative,Neg_ctrl_Sample_17,0.145994170271623,363,2.56110138364906,Sample_100_GSE42568
LP_SGL,Negative,Neg_ctrl_Sample_18,0.206138795183038,363,2.56110138364906,Sample_100_GSE42568
LP_SGL,Negative,Neg_ctrl_Sample_19,0.238148449324054,363,2.56110138364906,Sample_100_GSE42568
LP_SGL,Negative,Neg_ctrl_Sample_20,-0.153743962839529,363,2.56110138364906,Sample_100_GSE42568
LP_SGL,Negative,Neg_ctrl_Sample_21,0.0111003779063849,363,2.56110138364906,Sample_100_GSE42568
LP_SGL,Negative,Neg_ctrl_Sample_22,0.199491821228793,363,2.56110138364906,Sample_100_GSE42568
LP_SGL,Negative,Neg_ctrl_Sample_23,-0.0727400545848924,363,2.56110138364906,Sample_100_GSE42568
LP_SGL,Negative,Neg_ctrl_Sample_24,0.12455716292004,363,2.56110138364906,Sample_100_GSE42568
LP_SGL,Negative,Neg_ctrl_Sample_25,0.027874564070026,363,2.56110138364906,Sample_100_GSE42568
LP_SGL,Negative,Neg_ctrl_Sample_26,0.0244824790751986,363,2.56110138364906,Sample_100_GSE42568
LP_SGL,Negative,Neg_ctrl_Sample_27,-0.0192205774287283,363,2.56110138364906,Sample_100_GSE42568
LP_SGL,Negative,Neg_ctrl_Sample_28,0.0851072457709454,363,2.56110138364906,Sample_100_GSE42568
LP_SGL,Negative,Neg_ctrl_Sample_29,0.123153378823584,363,2.56110138364906,Sample_100_GSE42568
LP_SGL,Negative,Neg_ctrl_Sample_30,-0.0585406745709365,363,2.56110138364906,Sample_100_GSE42568
LP_SGL,Negative,Neg_ctrl_Sample_31,0.181640038354128,363,2.56110138364906,Sample_100_GSE42568
LP_SGL,Negative,Neg_ctrl_Sample_32,0.214147890930761,363,2.56110138364906,Sample_100_GSE42568
LP_SGL,Negative,Neg_ctrl_Sample_33,0.0140276995257709,363,2.56110138364906,Sample_100_GSE42568
LP_SGL,Negative,Neg_ctrl_Sample_34,-0.252617984571635,363,2.56110138364906,Sample_100_GSE42568
LP_SGL,Negative,Neg_ctrl_Sample_35,0.0171055837981337,363,2.56110138364906,Sample_100_GSE42568
LP_SGL,Negative,Neg_ctrl_Sample_36,0.0555257844871019,363,2.56110138364906,Sample_100_GSE42568
LP_SGL,Negative,Neg_ctrl_Sample_37,0.09209693765703,363,2.56110138364906,Sample_100_GSE42568
LP_SGL,Negative,Neg_ctrl_Sample_38,0.0717701183155677,363,2.56110138364906,Sample_100_GSE42568
LP_SGL,Negative,Neg_ctrl_Sample_39,0.0997359313664167,363,2.56110138364906,Sample_100_GSE42568
LP_SGL,Negative,Neg_ctrl_Sample_40,0.166830587440416,363,2.56110138364906,Sample_100_GSE42568
LP_SGL,Negative,Neg_ctrl_Sample_41,-0.162548149997285,363,2.56110138364906,Sample_100_GSE42568
LP_SGL,Negative,Neg_ctrl_Sample_42,-0.161595184835437,363,2.56110138364906,Sample_100_GSE42568
LP_SGL,Negative,Neg_ctrl_Sample_43,0.0339421275244682,363,2.56110138364906,Sample_100_GSE42568
LP_SGL,Negative,Neg_ctrl_Sample_44,0.265219246457868,363,2.56110138364906,Sample_100_GSE42568
LP_SGL,Negative,Neg_ctrl_Sample_45,-0.00502240733767899,363,2.56110138364906,Sample_100_GSE42568
LP_SGL,Negative,Neg_ctrl_Sample_46,0.317817051478115,363,2.56110138364906,Sample_100_GSE42568
LP_SGL,Negative,Neg_ctrl_Sample_47,0.0708732924980824,363,2.56110138364906,Sample_100_GSE42568
LP_SGL,Negative,Neg_ctrl_Sample_48,-0.0090526952539624,363,2.56110138364906,Sample_100_GSE42568
LP_SGL,Negative,Neg_ctrl_Sample_49,-0.138856037528427,363,2.56110138364906,Sample_100_GSE42568
LP_SGL,Negative,Neg_ctrl_Sample_50,-0.0380635679617275,363,2.56110138364906,Sample_100_GSE42568
LP_SGL,Negative,Neg_ctrl_Sample_51,0.109860823360475,363,2.56110138364906,Sample_100_GSE42568
LP_SGL,Negative,Neg_ctrl_Sample_52,0.187504512580993,363,2.56110138364906,Sample_100_GSE42568
LP_SGL,Negative,Neg_ctrl_Sample_53,0.0853759333295532,363,2.56110138364906,Sample_100_GSE42568
LP_SGL,Negative,Neg_ctrl_Sample_54,0.00834878963722558,363,2.56110138364906,Sample_100_GSE42568
LP_SGL,Negative,Neg_ctrl_Sample_55,-0.0456001155400583,363,2.56110138364906,Sample_100_GSE42568
LP_SGL,Negative,Neg_ctrl_Sample_56,0.0663232961763763,363,2.56110138364906,Sample_100_GSE42568
LP_SGL,Negative,Neg_ctrl_Sample_57,0.0766550701499013,363,2.56110138364906,Sample_100_GSE42568
LP_SGL,Negative,Neg_ctrl_Sample_58,0.0143077137422458,363,2.56110138364906,Sample_100_GSE42568
LP_SGL,Negative,Neg_ctrl_Sample_59,0.0852014279531223,363,2.56110138364906,Sample_100_GSE42568
LP_SGL,Negative,Neg_ctrl_Sample_60,0.0588106024783135,363,2.56110138364906,Sample_100_GSE42568
LP_SGL,Negative,Neg_ctrl_Sample_61,-0.0917264388629614,363,2.56110138364906,Sample_100_GSE42568
LP_SGL,Negative,Neg_ctrl_Sample_62,-0.090536360194836,363,2.56110138364906,Sample_100_GSE42568
LP_SGL,Negative,Neg_ctrl_Sample_63,0.136592071405479,363,2.56110138364906,Sample_100_GSE42568
LP_SGL,Negative,Neg_ctrl_Sample_64,-0.00398162778132279,363,2.56110138364906,Sample_100_GSE42568
LP_SGL,Negative,Neg_ctrl_Sample_65,-0.139023629520703,363,2.56110138364906,Sample_100_GSE42568
LP_SGL,Negative,Neg_ctrl_Sample_66,0.00670280728206373,363,2.56110138364906,Sample_100_GSE42568
LP_SGL,Negative,Neg_ctrl_Sample_67,0.349220240456468,363,2.56110138364906,Sample_100_GSE42568
LP_SGL,Negative,Neg_ctrl_Sample_68,-0.00699911161082459,363,2.56110138364906,Sample_100_GSE42568
LP_SGL,Negative,Neg_ctrl_Sample_69,-0.100292564912286,363,2.56110138364906,Sample_100_GSE42568
LP_SGL,Negative,Neg_ctrl_Sample_70,0.0593342670741744,363,2.56110138364906,Sample_100_GSE42568
LP_SGL,Negative,Neg_ctrl_Sample_71,-0.13865494654173,363,2.56110138364906,Sample_100_GSE42568
LP_SGL,Negative,Neg_ctrl_Sample_72,-0.128637608668224,363,2.56110138364906,Sample_100_GSE42568
LP_SGL,Negative,Neg_ctrl_Sample_73,0.135571406358404,363,2.56110138364906,Sample_100_GSE42568
LP_SGL,Negative,Neg_ctrl_Sample_74,-0.112913800696645,363,2.56110138364906,Sample_100_GSE42568
LP_SGL,Negative,Neg_ctrl_Sample_75,0.082896103642672,363,2.56110138364906,Sample_100_GSE42568
LP_SGL,Negative,Neg_ctrl_Sample_76,0.00208031696851915,363,2.56110138364906,Sample_100_GSE42568
LP_SGL,Negative,Neg_ctrl_Sample_77,0.139315590266694,363,2.56110138364906,Sample_100_GSE42568
LP_SGL,Negative,Neg_ctrl_Sample_78,0.018332913889957,363,2.56110138364906,Sample_100_GSE42568
LP_SGL,Negative,Neg_ctrl_Sample_79,-0.15861762785613,363,2.56110138364906,Sample_100_GSE42568
LP_SGL,Negative,Neg_ctrl_Sample_80,-0.0137908169936952,363,2.56110138364906,Sample_100_GSE42568
LP_SGL,Negative,Neg_ctrl_Sample_81,0.0310605266727477,363,2.56110138364906,Sample_100_GSE42568
LP_SGL,Negative,Neg_ctrl_Sample_82,-0.0491504626487676,363,2.56110138364906,Sample_100_GSE42568
LP_SGL,Negative,Neg_ctrl_Sample_83,0.0751789681600122,363,2.56110138364906,Sample_100_GSE42568
LP_SGL,Negative,Neg_ctrl_Sample_84,0.0829149772678377,363,2.56110138364906,Sample_100_GSE42568
LP_SGL,Negative,Neg_ctrl_Sample_85,-0.0155134352094858,363,2.56110138364906,Sample_100_GSE42568
LP_SGL,Negative,Neg_ctrl_Sample_86,-0.0660771364659351,363,2.56110138364906,Sample_100_GSE42568
LP_SGL,Negative,Neg_ctrl_Sample_87,-0.131574426918635,363,2.56110138364906,Sample_100_GSE42568
LP_SGL,Negative,Neg_ctrl_Sample_88,0.174826309349414,363,2.56110138364906,Sample_100_GSE42568
LP_SGL,Negative,Neg_ctrl_Sample_89,-0.166973155850369,363,2.56110138364906,Sample_100_GSE42568
LP_SGL,Negative,Neg_ctrl_Sample_90,0.107414760808066,363,2.56110138364906,Sample_100_GSE42568
LP_SGL,Negative,Neg_ctrl_Sample_91,-0.0488233178407957,363,2.56110138364906,Sample_100_GSE42568
LP_SGL,Negative,Neg_ctrl_Sample_92,-0.169616690595255,363,2.56110138364906,Sample_100_GSE42568
LP_SGL,Negative,Neg_ctrl_Sample_93,-0.125579525412821,363,2.56110138364906,Sample_100_GSE42568
LP_SGL,Negative,Neg_ctrl_Sample_94,0.0342577859366932,363,2.56110138364906,Sample_100_GSE42568
LP_SGL,Negative,Neg_ctrl_Sample_95,-0.107787376443954,363,2.56110138364906,Sample_100_GSE42568
LP_SGL,Negative,Neg_ctrl_Sample_96,-0.0957323431077856,363,2.56110138364906,Sample_100_GSE42568
LP_SGL,Negative,Neg_ctrl_Sample_97,0.0554291144750013,363,2.56110138364906,Sample_100_GSE42568
LP_SGL,Negative,Neg_ctrl_Sample_98,0.0123059097939287,363,2.56110138364906,Sample_100_GSE42568
LP_SGL,Negative,Neg_ctrl_Sample_99,-0.111682127728817,363,2.56110138364906,Sample_100_GSE42568
LP_SGL,Negative,Neg_ctrl_Sample_100,-0.168982800092148,363,2.56110138364906,Sample_100_GSE42568
LP_SGL,Neutral,Neg_ctrl_Sample_1,-0.0525464524043977,31057,4.49217348561888,Sample_100_GSE42568
LP_SGL,Neutral,Neg_ctrl_Sample_2,-0.0496117944798713,31057,4.49217348561888,Sample_100_GSE42568
LP_SGL,Neutral,Neg_ctrl_Sample_3,-0.0247734668397941,31057,4.49217348561888,Sample_100_GSE42568
LP_SGL,Neutral,Neg_ctrl_Sample_4,-0.226354565687363,31057,4.49217348561888,Sample_100_GSE42568
LP_SGL,Neutral,Neg_ctrl_Sample_5,-0.0898803636560826,31057,4.49217348561888,Sample_100_GSE42568
LP_SGL,Neutral,Neg_ctrl_Sample_6,-0.1431844927603,31057,4.49217348561888,Sample_100_GSE42568
LP_SGL,Neutral,Neg_ctrl_Sample_7,-0.165976080212509,31057,4.49217348561888,Sample_100_GSE42568
LP_SGL,Neutral,Neg_ctrl_Sample_8,-0.0069894734153975,31057,4.49217348561888,Sample_100_GSE42568
LP_SGL,Neutral,Neg_ctrl_Sample_9,-0.007464620391468,31057,4.49217348561888,Sample_100_GSE42568
LP_SGL,Neutral,Neg_ctrl_Sample_10,0.0958537171653408,31057,4.49217348561888,Sample_100_GSE42568
LP_SGL,Neutral,Neg_ctrl_Sample_11,0.148603212064076,31057,4.49217348561888,Sample_100_GSE42568
LP_SGL,Neutral,Neg_ctrl_Sample_12,-0.126899174635588,31057,4.49217348561888,Sample_100_GSE42568
LP_SGL,Neutral,Neg_ctrl_Sample_13,-0.063718533229125,31057,4.49217348561888,Sample_100_GSE42568
LP_SGL,Neutral,Neg_ctrl_Sample_14,0.0316686393863466,31057,4.49217348561888,Sample_100_GSE42568
LP_SGL,Neutral,Neg_ctrl_Sample_15,-0.073724138550455,31057,4.49217348561888,Sample_100_GSE42568
LP_SGL,Neutral,Neg_ctrl_Sample_16,-0.0233661687794849,31057,4.49217348561888,Sample_100_GSE42568
LP_SGL,Neutral,Neg_ctrl_Sample_17,0.16778970601788,31057,4.49217348561888,Sample_100_GSE42568
LP_SGL,Neutral,Neg_ctrl_Sample_18,0.199572826190896,31057,4.49217348561888,Sample_100_GSE42568
LP_SGL,Neutral,Neg_ctrl_Sample_19,0.232191927112793,31057,4.49217348561888,Sample_100_GSE42568
LP_SGL,Neutral,Neg_ctrl_Sample_20,-0.129602914443309,31057,4.49217348561888,Sample_100_GSE42568
LP_SGL,Neutral,Neg_ctrl_Sample_21,-0.027662226054389,31057,4.49217348561888,Sample_100_GSE42568
LP_SGL,Neutral,Neg_ctrl_Sample_22,0.205027509370971,31057,4.49217348561888,Sample_100_GSE42568
LP_SGL,Neutral,Neg_ctrl_Sample_23,-0.0366441666500638,31057,4.49217348561888,Sample_100_GSE42568
LP_SGL,Neutral,Neg_ctrl_Sample_24,0.134448361891724,31057,4.49217348561888,Sample_100_GSE42568
LP_SGL,Neutral,Neg_ctrl_Sample_25,0.0550082555138195,31057,4.49217348561888,Sample_100_GSE42568
LP_SGL,Neutral,Neg_ctrl_Sample_26,0.0322025844396126,31057,4.49217348561888,Sample_100_GSE42568
LP_SGL,Neutral,Neg_ctrl_Sample_27,0.00227383765668363,31057,4.49217348561888,Sample_100_GSE42568
LP_SGL,Neutral,Neg_ctrl_Sample_28,0.0940247136248838,31057,4.49217348561888,Sample_100_GSE42568
LP_SGL,Neutral,Neg_ctrl_Sample_29,0.120691119778194,31057,4.49217348561888,Sample_100_GSE42568
LP_SGL,Neutral,Neg_ctrl_Sample_30,-0.0529610966949998,31057,4.49217348561888,Sample_100_GSE42568
LP_SGL,Neutral,Neg_ctrl_Sample_31,0.200700978579252,31057,4.49217348561888,Sample_100_GSE42568
LP_SGL,Neutral,Neg_ctrl_Sample_32,0.234641125236052,31057,4.49217348561888,Sample_100_GSE42568
LP_SGL,Neutral,Neg_ctrl_Sample_33,0.0168316693103409,31057,4.49217348561888,Sample_100_GSE42568
LP_SGL,Neutral,Neg_ctrl_Sample_34,-0.23139763593604,31057,4.49217348561888,Sample_100_GSE42568
LP_SGL,Neutral,Neg_ctrl_Sample_35,0.0387877601445111,31057,4.49217348561888,Sample_100_GSE42568
LP_SGL,Neutral,Neg_ctrl_Sample_36,0.0632948749678346,31057,4.49217348561888,Sample_100_GSE42568
LP_SGL,Neutral,Neg_ctrl_Sample_37,0.0784466129773072,31057,4.49217348561888,Sample_100_GSE42568
LP_SGL,Neutral,Neg_ctrl_Sample_38,0.070882804102168,31057,4.49217348561888,Sample_100_GSE42568
LP_SGL,Neutral,Neg_ctrl_Sample_39,0.111341826138723,31057,4.49217348561888,Sample_100_GSE42568
LP_SGL,Neutral,Neg_ctrl_Sample_40,0.16939595068904,31057,4.49217348561888,Sample_100_GSE42568
LP_SGL,Neutral,Neg_ctrl_Sample_41,-0.137296537033068,31057,4.49217348561888,Sample_100_GSE42568
LP_SGL,Neutral,Neg_ctrl_Sample_42,-0.146467174565944,31057,4.49217348561888,Sample_100_GSE42568
LP_SGL,Neutral,Neg_ctrl_Sample_43,0.0411770444979362,31057,4.49217348561888,Sample_100_GSE42568
LP_SGL,Neutral,Neg_ctrl_Sample_44,0.271943819502193,31057,4.49217348561888,Sample_100_GSE42568
LP_SGL,Neutral,Neg_ctrl_Sample_45,0.0181968904084237,31057,4.49217348561888,Sample_100_GSE42568
LP_SGL,Neutral,Neg_ctrl_Sample_46,0.310330686654697,31057,4.49217348561888,Sample_100_GSE42568
LP_SGL,Neutral,Neg_ctrl_Sample_47,0.0521517476367128,31057,4.49217348561888,Sample_100_GSE42568
LP_SGL,Neutral,Neg_ctrl_Sample_48,0.0171571299583786,31057,4.49217348561888,Sample_100_GSE42568
LP_SGL,Neutral,Neg_ctrl_Sample_49,-0.112609663121055,31057,4.49217348561888,Sample_100_GSE42568
LP_SGL,Neutral,Neg_ctrl_Sample_50,-0.0107399697664092,31057,4.49217348561888,Sample_100_GSE42568
LP_SGL,Neutral,Neg_ctrl_Sample_51,0.113883719052805,31057,4.49217348561888,Sample_100_GSE42568
LP_SGL,Neutral,Neg_ctrl_Sample_52,0.205188309967258,31057,4.49217348561888,Sample_100_GSE42568
LP_SGL,Neutral,Neg_ctrl_Sample_53,0.090412863341629,31057,4.49217348561888,Sample_100_GSE42568
LP_SGL,Neutral,Neg_ctrl_Sample_54,0.0154361098858913,31057,4.49217348561888,Sample_100_GSE42568
LP_SGL,Neutral,Neg_ctrl_Sample_55,-0.0212021734127011,31057,4.49217348561888,Sample_100_GSE42568
LP_SGL,Neutral,Neg_ctrl_Sample_56,0.0853901277955719,31057,4.49217348561888,Sample_100_GSE42568
LP_SGL,Neutral,Neg_ctrl_Sample_57,0.0918048141036254,31057,4.49217348561888,Sample_100_GSE42568
LP_SGL,Neutral,Neg_ctrl_Sample_58,0.0256568055984615,31057,4.49217348561888,Sample_100_GSE42568
LP_SGL,Neutral,Neg_ctrl_Sample_59,0.0960403752971852,31057,4.49217348561888,Sample_100_GSE42568
LP_SGL,Neutral,Neg_ctrl_Sample_60,0.0733873794517708,31057,4.49217348561888,Sample_100_GSE42568
LP_SGL,Neutral,Neg_ctrl_Sample_61,-0.0662047877680866,31057,4.49217348561888,Sample_100_GSE42568
LP_SGL,Neutral,Neg_ctrl_Sample_62,-0.0757783958285035,31057,4.49217348561888,Sample_100_GSE42568
LP_SGL,Neutral,Neg_ctrl_Sample_63,0.144776522346148,31057,4.49217348561888,Sample_100_GSE42568
LP_SGL,Neutral,Neg_ctrl_Sample_64,0.027785615816753,31057,4.49217348561888,Sample_100_GSE42568
LP_SGL,Neutral,Neg_ctrl_Sample_65,-0.116915054435967,31057,4.49217348561888,Sample_100_GSE42568
LP_SGL,Neutral,Neg_ctrl_Sample_66,0.0151926888310985,31057,4.49217348561888,Sample_100_GSE42568
LP_SGL,Neutral,Neg_ctrl_Sample_67,0.335651909566325,31057,4.49217348561888,Sample_100_GSE42568
LP_SGL,Neutral,Neg_ctrl_Sample_68,0.0179686690112022,31057,4.49217348561888,Sample_100_GSE42568
LP_SGL,Neutral,Neg_ctrl_Sample_69,-0.0796546455643256,31057,4.49217348561888,Sample_100_GSE42568
LP_SGL,Neutral,Neg_ctrl_Sample_70,0.0744659793182951,31057,4.49217348561888,Sample_100_GSE42568
LP_SGL,Neutral,Neg_ctrl_Sample_71,-0.120942018997037,31057,4.49217348561888,Sample_100_GSE42568
LP_SGL,Neutral,Neg_ctrl_Sample_72,-0.111300274919589,31057,4.49217348561888,Sample_100_GSE42568
LP_SGL,Neutral,Neg_ctrl_Sample_73,0.146283079988702,31057,4.49217348561888,Sample_100_GSE42568
LP_SGL,Neutral,Neg_ctrl_Sample_74,-0.0971518671532233,31057,4.49217348561888,Sample_100_GSE42568
LP_SGL,Neutral,Neg_ctrl_Sample_75,0.102277970245803,31057,4.49217348561888,Sample_100_GSE42568
LP_SGL,Neutral,Neg_ctrl_Sample_76,0.0179591899273788,31057,4.49217348561888,Sample_100_GSE42568
LP_SGL,Neutral,Neg_ctrl_Sample_77,0.156178810960008,31057,4.49217348561888,Sample_100_GSE42568
LP_SGL,Neutral,Neg_ctrl_Sample_78,0.00921192413450229,31057,4.49217348561888,Sample_100_GSE42568
LP_SGL,Neutral,Neg_ctrl_Sample_79,-0.130745812170011,31057,4.49217348561888,Sample_100_GSE42568
LP_SGL,Neutral,Neg_ctrl_Sample_80,-0.0301084668895285,31057,4.49217348561888,Sample_100_GSE42568
LP_SGL,Neutral,Neg_ctrl_Sample_81,0.0456629134637987,31057,4.49217348561888,Sample_100_GSE42568
LP_SGL,Neutral,Neg_ctrl_Sample_82,-0.0293064743268028,31057,4.49217348561888,Sample_100_GSE42568
LP_SGL,Neutral,Neg_ctrl_Sample_83,0.0878332209964447,31057,4.49217348561888,Sample_100_GSE42568
LP_SGL,Neutral,Neg_ctrl_Sample_84,0.106043634757209,31057,4.49217348561888,Sample_100_GSE42568
LP_SGL,Neutral,Neg_ctrl_Sample_85,-0.00956999971385882,31057,4.49217348561888,Sample_100_GSE42568
LP_SGL,Neutral,Neg_ctrl_Sample_86,-0.0630066373447722,31057,4.49217348561888,Sample_100_GSE42568
LP_SGL,Neutral,Neg_ctrl_Sample_87,-0.111701166905537,31057,4.49217348561888,Sample_100_GSE42568
LP_SGL,Neutral,Neg_ctrl_Sample_88,0.174105941501825,31057,4.49217348561888,Sample_100_GSE42568
LP_SGL,Neutral,Neg_ctrl_Sample_89,-0.138039600862404,31057,4.49217348561888,Sample_100_GSE42568
LP_SGL,Neutral,Neg_ctrl_Sample_90,0.133136962853669,31057,4.49217348561888,Sample_100_GSE42568
LP_SGL,Neutral,Neg_ctrl_Sample_91,-0.0365717185268125,31057,4.49217348561888,Sample_100_GSE42568
LP_SGL,Neutral,Neg_ctrl_Sample_92,-0.14369349325369,31057,4.49217348561888,Sample_100_GSE42568
LP_SGL,Neutral,Neg_ctrl_Sample_93,-0.120153276129542,31057,4.49217348561888,Sample_100_GSE42568
LP_SGL,Neutral,Neg_ctrl_Sample_94,0.031721088368867,31057,4.49217348561888,Sample_100_GSE42568
LP_SGL,Neutral,Neg_ctrl_Sample_95,-0.0953555138737775,31057,4.49217348561888,Sample_100_GSE42568
LP_SGL,Neutral,Neg_ctrl_Sample_96,-0.0725981447220221,31057,4.49217348561888,Sample_100_GSE42568
LP_SGL,Neutral,Neg_ctrl_Sample_97,0.0537089852032132,31057,4.49217348561888,Sample_100_GSE42568
LP_SGL,Neutral,Neg_ctrl_Sample_98,0.036196442267892,31057,4.49217348561888,Sample_100_GSE42568
LP_SGL,Neutral,Neg_ctrl_Sample_99,-0.101882093234059,31057,4.49217348561888,Sample_100_GSE42568
LP_SGL,Neutral,Neg_ctrl_Sample_100,-0.149911488726814,31057,4.49217348561888,Sample_100_GSE42568
LP_SGL,Positive,Neg_ctrl_Sample_1,-0.0409568250230637,452,2.65609820201283,Sample_100_GSE42568
LP_SGL,Positive,Neg_ctrl_Sample_2,-0.0536225376179279,452,2.65609820201283,Sample_100_GSE42568
LP_SGL,Positive,Neg_ctrl_Sample_3,-0.00278498822005944,452,2.65609820201283,Sample_100_GSE42568
LP_SGL,Positive,Neg_ctrl_Sample_4,-0.173966499816932,452,2.65609820201283,Sample_100_GSE42568
LP_SGL,Positive,Neg_ctrl_Sample_5,-0.0646324238445518,452,2.65609820201283,Sample_100_GSE42568
LP_SGL,Positive,Neg_ctrl_Sample_6,-0.0868023969767642,452,2.65609820201283,Sample_100_GSE42568
LP_SGL,Positive,Neg_ctrl_Sample_7,-0.170400162236101,452,2.65609820201283,Sample_100_GSE42568
LP_SGL,Positive,Neg_ctrl_Sample_8,0.051182527375985,452,2.65609820201283,Sample_100_GSE42568
LP_SGL,Positive,Neg_ctrl_Sample_9,-0.0154908214587219,452,2.65609820201283,Sample_100_GSE42568
LP_SGL,Positive,Neg_ctrl_Sample_10,0.107961548894948,452,2.65609820201283,Sample_100_GSE42568
LP_SGL,Positive,Neg_ctrl_Sample_11,0.160634836412227,452,2.65609820201283,Sample_100_GSE42568
LP_SGL,Positive,Neg_ctrl_Sample_12,-0.100296883501452,452,2.65609820201283,Sample_100_GSE42568
LP_SGL,Positive,Neg_ctrl_Sample_13,-0.0494878980773784,452,2.65609820201283,Sample_100_GSE42568
LP_SGL,Positive,Neg_ctrl_Sample_14,0.0573032011297785,452,2.65609820201283,Sample_100_GSE42568
LP_SGL,Positive,Neg_ctrl_Sample_15,-0.0619417156158809,452,2.65609820201283,Sample_100_GSE42568
LP_SGL,Positive,Neg_ctrl_Sample_16,0.00749880380557157,452,2.65609820201283,Sample_100_GSE42568
LP_SGL,Positive,Neg_ctrl_Sample_17,0.160976149582252,452,2.65609820201283,Sample_100_GSE42568
LP_SGL,Positive,Neg_ctrl_Sample_18,0.170637595078869,452,2.65609820201283,Sample_100_GSE42568
LP_SGL,Positive,Neg_ctrl_Sample_19,0.230412197700357,452,2.65609820201283,Sample_100_GSE42568
LP_SGL,Positive,Neg_ctrl_Sample_20,-0.0954631378898419,452,2.65609820201283,Sample_100_GSE42568
LP_SGL,Positive,Neg_ctrl_Sample_21,-0.0525579608365185,452,2.65609820201283,Sample_100_GSE42568
LP_SGL,Positive,Neg_ctrl_Sample_22,0.22013957700623,452,2.65609820201283,Sample_100_GSE42568
LP_SGL,Positive,Neg_ctrl_Sample_23,-0.0183331019594709,452,2.65609820201283,Sample_100_GSE42568
LP_SGL,Positive,Neg_ctrl_Sample_24,0.14619387433571,452,2.65609820201283,Sample_100_GSE42568
LP_SGL,Positive,Neg_ctrl_Sample_25,0.0925051019061134,452,2.65609820201283,Sample_100_GSE42568
LP_SGL,Positive,Neg_ctrl_Sample_26,0.0131539543000595,452,2.65609820201283,Sample_100_GSE42568
LP_SGL,Positive,Neg_ctrl_Sample_27,0.0467573537039419,452,2.65609820201283,Sample_100_GSE42568
LP_SGL,Positive,Neg_ctrl_Sample_28,0.0701830288769081,452,2.65609820201283,Sample_100_GSE42568
LP_SGL,Positive,Neg_ctrl_Sample_29,0.12030737656807,452,2.65609820201283,Sample_100_GSE42568
LP_SGL,Positive,Neg_ctrl_Sample_30,-0.0314602325744178,452,2.65609820201283,Sample_100_GSE42568
LP_SGL,Positive,Neg_ctrl_Sample_31,0.196665099138557,452,2.65609820201283,Sample_100_GSE42568
LP_SGL,Positive,Neg_ctrl_Sample_32,0.302815141586169,452,2.65609820201283,Sample_100_GSE42568
LP_SGL,Positive,Neg_ctrl_Sample_33,0.0375994841674476,452,2.65609820201283,Sample_100_GSE42568
LP_SGL,Positive,Neg_ctrl_Sample_34,-0.229702493795966,452,2.65609820201283,Sample_100_GSE42568
LP_SGL,Positive,Neg_ctrl_Sample_35,0.0633745882032394,452,2.65609820201283,Sample_100_GSE42568
LP_SGL,Positive,Neg_ctrl_Sample_36,0.0736211270974421,452,2.65609820201283,Sample_100_GSE42568
LP_SGL,Positive,Neg_ctrl_Sample_37,0.0667976323632425,452,2.65609820201283,Sample_100_GSE42568
LP_SGL,Positive,Neg_ctrl_Sample_38,0.08995119279442,452,2.65609820201283,Sample_100_GSE42568
LP_SGL,Positive,Neg_ctrl_Sample_39,0.121679540670698,452,2.65609820201283,Sample_100_GSE42568
LP_SGL,Positive,Neg_ctrl_Sample_40,0.171963317058197,452,2.65609820201283,Sample_100_GSE42568
LP_SGL,Positive,Neg_ctrl_Sample_41,-0.108131189163917,452,2.65609820201283,Sample_100_GSE42568
LP_SGL,Positive,Neg_ctrl_Sample_42,-0.13257930970787,452,2.65609820201283,Sample_100_GSE42568
LP_SGL,Positive,Neg_ctrl_Sample_43,0.0334310222001161,452,2.65609820201283,Sample_100_GSE42568
LP_SGL,Positive,Neg_ctrl_Sample_44,0.292719634711336,452,2.65609820201283,Sample_100_GSE42568
LP_SGL,Positive,Neg_ctrl_Sample_45,0.0179593944929654,452,2.65609820201283,Sample_100_GSE42568
LP_SGL,Positive,Neg_ctrl_Sample_46,0.27960418501714,452,2.65609820201283,Sample_100_GSE42568
LP_SGL,Positive,Neg_ctrl_Sample_47,0.0469556011272972,452,2.65609820201283,Sample_100_GSE42568
LP_SGL,Positive,Neg_ctrl_Sample_48,0.0606272456468808,452,2.65609820201283,Sample_100_GSE42568
LP_SGL,Positive,Neg_ctrl_Sample_49,-0.0831936242948748,452,2.65609820201283,Sample_100_GSE42568
LP_SGL,Positive,Neg_ctrl_Sample_50,-0.00123082947704271,452,2.65609820201283,Sample_100_GSE42568
LP_SGL,Positive,Neg_ctrl_Sample_51,0.153996479302517,452,2.65609820201283,Sample_100_GSE42568
LP_SGL,Positive,Neg_ctrl_Sample_52,0.234858586682695,452,2.65609820201283,Sample_100_GSE42568
LP_SGL,Positive,Neg_ctrl_Sample_53,0.0829932139924505,452,2.65609820201283,Sample_100_GSE42568
LP_SGL,Positive,Neg_ctrl_Sample_54,0.0899083231857496,452,2.65609820201283,Sample_100_GSE42568
LP_SGL,Positive,Neg_ctrl_Sample_55,-0.0371500031866699,452,2.65609820201283,Sample_100_GSE42568
LP_SGL,Positive,Neg_ctrl_Sample_56,0.150209176279417,452,2.65609820201283,Sample_100_GSE42568
LP_SGL,Positive,Neg_ctrl_Sample_57,0.0938203784926144,452,2.65609820201283,Sample_100_GSE42568
LP_SGL,Positive,Neg_ctrl_Sample_58,0.0546598726967992,452,2.65609820201283,Sample_100_GSE42568
LP_SGL,Positive,Neg_ctrl_Sample_59,0.0829911496384476,452,2.65609820201283,Sample_100_GSE42568
LP_SGL,Positive,Neg_ctrl_Sample_60,0.0886931821238104,452,2.65609820201283,Sample_100_GSE42568
LP_SGL,Positive,Neg_ctrl_Sample_61,-0.0362296520949221,452,2.65609820201283,Sample_100_GSE42568
LP_SGL,Positive,Neg_ctrl_Sample_62,-0.0623714103338421,452,2.65609820201283,Sample_100_GSE42568
LP_SGL,Positive,Neg_ctrl_Sample_63,0.172937402173061,452,2.65609820201283,Sample_100_GSE42568
LP_SGL,Positive,Neg_ctrl_Sample_64,0.0801865902043701,452,2.65609820201283,Sample_100_GSE42568
LP_SGL,Positive,Neg_ctrl_Sample_65,-0.0599212851336107,452,2.65609820201283,Sample_100_GSE42568
LP_SGL,Positive,Neg_ctrl_Sample_66,0.0125050199067364,452,2.65609820201283,Sample_100_GSE42568
LP_SGL,Positive,Neg_ctrl_Sample_67,0.331794273204171,452,2.65609820201283,Sample_100_GSE42568
LP_SGL,Positive,Neg_ctrl_Sample_68,0.078969961809512,452,2.65609820201283,Sample_100_GSE42568
LP_SGL,Positive,Neg_ctrl_Sample_69,-0.0465026543024889,452,2.65609820201283,Sample_100_GSE42568
LP_SGL,Positive,Neg_ctrl_Sample_70,0.0986508617779384,452,2.65609820201283,Sample_100_GSE42568
LP_SGL,Positive,Neg_ctrl_Sample_71,-0.107392659543587,452,2.65609820201283,Sample_100_GSE42568
LP_SGL,Positive,Neg_ctrl_Sample_72,-0.106201785638709,452,2.65609820201283,Sample_100_GSE42568
LP_SGL,Positive,Neg_ctrl_Sample_73,0.137356814690073,452,2.65609820201283,Sample_100_GSE42568
LP_SGL,Positive,Neg_ctrl_Sample_74,-0.0807043138065355,452,2.65609820201283,Sample_100_GSE42568
LP_SGL,Positive,Neg_ctrl_Sample_75,0.129000360879086,452,2.65609820201283,Sample_100_GSE42568
LP_SGL,Positive,Neg_ctrl_Sample_76,0.0173997313698334,452,2.65609820201283,Sample_100_GSE42568
LP_SGL,Positive,Neg_ctrl_Sample_77,0.173127255231702,452,2.65609820201283,Sample_100_GSE42568
LP_SGL,Positive,Neg_ctrl_Sample_78,0.0158721026135879,452,2.65609820201283,Sample_100_GSE42568
LP_SGL,Positive,Neg_ctrl_Sample_79,-0.120559393139129,452,2.65609820201283,Sample_100_GSE42568
LP_SGL,Positive,Neg_ctrl_Sample_80,-0.0390694092262215,452,2.65609820201283,Sample_100_GSE42568
LP_SGL,Positive,Neg_ctrl_Sample_81,0.0888859057414695,452,2.65609820201283,Sample_100_GSE42568
LP_SGL,Positive,Neg_ctrl_Sample_82,0.0252596534841745,452,2.65609820201283,Sample_100_GSE42568
LP_SGL,Positive,Neg_ctrl_Sample_83,0.0887381253684743,452,2.65609820201283,Sample_100_GSE42568
LP_SGL,Positive,Neg_ctrl_Sample_84,0.138131425902447,452,2.65609820201283,Sample_100_GSE42568
LP_SGL,Positive,Neg_ctrl_Sample_85,0.00648830956572011,452,2.65609820201283,Sample_100_GSE42568
LP_SGL,Positive,Neg_ctrl_Sample_86,-0.0488352061708645,452,2.65609820201283,Sample_100_GSE42568
LP_SGL,Positive,Neg_ctrl_Sample_87,-0.110513820303623,452,2.65609820201283,Sample_100_GSE42568
LP_SGL,Positive,Neg_ctrl_Sample_88,0.201946029439572,452,2.65609820201283,Sample_100_GSE42568
LP_SGL,Positive,Neg_ctrl_Sample_89,-0.097708880272149,452,2.65609820201283,Sample_100_GSE42568
LP_SGL,Positive,Neg_ctrl_Sample_90,0.183237262681539,452,2.65609820201283,Sample_100_GSE42568
LP_SGL,Positive,Neg_ctrl_Sample_91,0.00865233220896821,452,2.65609820201283,Sample_100_GSE42568
LP_SGL,Positive,Neg_ctrl_Sample_92,-0.110713977669506,452,2.65609820201283,Sample_100_GSE42568
LP_SGL,Positive,Neg_ctrl_Sample_93,-0.11145571442763,452,2.65609820201283,Sample_100_GSE42568
LP_SGL,Positive,Neg_ctrl_Sample_94,0.02252719752277,452,2.65609820201283,Sample_100_GSE42568
LP_SGL,Positive,Neg_ctrl_Sample_95,-0.0879139217086028,452,2.65609820201283,Sample_100_GSE42568
LP_SGL,Positive,Neg_ctrl_Sample_96,-0.0490062807905406,452,2.65609820201283,Sample_100_GSE42568
LP_SGL,Positive,Neg_ctrl_Sample_97,0.0354618631826485,452,2.65609820201283,Sample_100_GSE42568
LP_SGL,Positive,Neg_ctrl_Sample_98,0.0482382345746094,452,2.65609820201283,Sample_100_GSE42568
LP_SGL,Positive,Neg_ctrl_Sample_99,-0.0983526535881407,452,2.65609820201283,Sample_100_GSE42568
LP_SGL,Positive,Neg_ctrl_Sample_100,-0.136530917128314,452,2.65609820201283,Sample_100_GSE42568
PIPET,Negative,Neg_ctrl_Sample_1,-0.0477786655250632,12718,4.10445296732229,Sample_100_GSE42568
PIPET,Negative,Neg_ctrl_Sample_2,-0.036567375201409,12718,4.10445296732229,Sample_100_GSE42568
PIPET,Negative,Neg_ctrl_Sample_3,0.0030060028529611,12718,4.10445296732229,Sample_100_GSE42568
PIPET,Negative,Neg_ctrl_Sample_4,-0.190738124208386,12718,4.10445296732229,Sample_100_GSE42568
PIPET,Negative,Neg_ctrl_Sample_5,-0.0678199693390407,12718,4.10445296732229,Sample_100_GSE42568
PIPET,Negative,Neg_ctrl_Sample_6,-0.124095617319181,12718,4.10445296732229,Sample_100_GSE42568
PIPET,Negative,Neg_ctrl_Sample_7,-0.162744190532796,12718,4.10445296732229,Sample_100_GSE42568
PIPET,Negative,Neg_ctrl_Sample_8,-0.00233463798068562,12718,4.10445296732229,Sample_100_GSE42568
PIPET,Negative,Neg_ctrl_Sample_9,0.0138971028603955,12718,4.10445296732229,Sample_100_GSE42568
PIPET,Negative,Neg_ctrl_Sample_10,0.10926160688552,12718,4.10445296732229,Sample_100_GSE42568
PIPET,Negative,Neg_ctrl_Sample_11,0.153600181716415,12718,4.10445296732229,Sample_100_GSE42568
PIPET,Negative,Neg_ctrl_Sample_12,-0.093856455009074,12718,4.10445296732229,Sample_100_GSE42568
PIPET,Negative,Neg_ctrl_Sample_13,-0.0538622131156418,12718,4.10445296732229,Sample_100_GSE42568
PIPET,Negative,Neg_ctrl_Sample_14,0.050646782360929,12718,4.10445296732229,Sample_100_GSE42568
PIPET,Negative,Neg_ctrl_Sample_15,-0.0633680483425303,12718,4.10445296732229,Sample_100_GSE42568
PIPET,Negative,Neg_ctrl_Sample_16,-0.000735053801630265,12718,4.10445296732229,Sample_100_GSE42568
PIPET,Negative,Neg_ctrl_Sample_17,0.174128011450061,12718,4.10445296732229,Sample_100_GSE42568
PIPET,Negative,Neg_ctrl_Sample_18,0.189282803784056,12718,4.10445296732229,Sample_100_GSE42568
PIPET,Negative,Neg_ctrl_Sample_19,0.22569815180717,12718,4.10445296732229,Sample_100_GSE42568
PIPET,Negative,Neg_ctrl_Sample_20,-0.10911651834462,12718,4.10445296732229,Sample_100_GSE42568
PIPET,Negative,Neg_ctrl_Sample_21,-0.0446152014824495,12718,4.10445296732229,Sample_100_GSE42568
PIPET,Negative,Neg_ctrl_Sample_22,0.21126832058684,12718,4.10445296732229,Sample_100_GSE42568
PIPET,Negative,Neg_ctrl_Sample_23,-0.00286737316234151,12718,4.10445296732229,Sample_100_GSE42568
PIPET,Negative,Neg_ctrl_Sample_24,0.145553944279343,12718,4.10445296732229,Sample_100_GSE42568
PIPET,Negative,Neg_ctrl_Sample_25,0.0824473047753711,12718,4.10445296732229,Sample_100_GSE42568
PIPET,Negative,Neg_ctrl_Sample_26,0.0410249512026874,12718,4.10445296732229,Sample_100_GSE42568
PIPET,Negative,Neg_ctrl_Sample_27,0.0227600075357619,12718,4.10445296732229,Sample_100_GSE42568
PIPET,Negative,Neg_ctrl_Sample_28,0.0973496502531542,12718,4.10445296732229,Sample_100_GSE42568
PIPET,Negative,Neg_ctrl_Sample_29,0.131308482407696,12718,4.10445296732229,Sample_100_GSE42568
PIPET,Negative,Neg_ctrl_Sample_30,-0.0343966168177979,12718,4.10445296732229,Sample_100_GSE42568
PIPET,Negative,Neg_ctrl_Sample_31,0.207291086504266,12718,4.10445296732229,Sample_100_GSE42568
PIPET,Negative,Neg_ctrl_Sample_32,0.263027387535668,12718,4.10445296732229,Sample_100_GSE42568
PIPET,Negative,Neg_ctrl_Sample_33,0.0211147848640954,12718,4.10445296732229,Sample_100_GSE42568
PIPET,Negative,Neg_ctrl_Sample_34,-0.209831269802638,12718,4.10445296732229,Sample_100_GSE42568
PIPET,Negative,Neg_ctrl_Sample_35,0.0570843572665744,12718,4.10445296732229,Sample_100_GSE42568
PIPET,Negative,Neg_ctrl_Sample_36,0.0684803298375715,12718,4.10445296732229,Sample_100_GSE42568
PIPET,Negative,Neg_ctrl_Sample_37,0.0731510920907675,12718,4.10445296732229,Sample_100_GSE42568
PIPET,Negative,Neg_ctrl_Sample_38,0.0660670658988553,12718,4.10445296732229,Sample_100_GSE42568
PIPET,Negative,Neg_ctrl_Sample_39,0.112924283803196,12718,4.10445296732229,Sample_100_GSE42568
PIPET,Negative,Neg_ctrl_Sample_40,0.181419842549605,12718,4.10445296732229,Sample_100_GSE42568
PIPET,Negative,Neg_ctrl_Sample_41,-0.106620943888001,12718,4.10445296732229,Sample_100_GSE42568
PIPET,Negative,Neg_ctrl_Sample_42,-0.132032157703506,12718,4.10445296732229,Sample_100_GSE42568
PIPET,Negative,Neg_ctrl_Sample_43,0.0470126019215707,12718,4.10445296732229,Sample_100_GSE42568
PIPET,Negative,Neg_ctrl_Sample_44,0.274239571667773,12718,4.10445296732229,Sample_100_GSE42568
PIPET,Negative,Neg_ctrl_Sample_45,0.0326462439001439,12718,4.10445296732229,Sample_100_GSE42568
PIPET,Negative,Neg_ctrl_Sample_46,0.299583472930104,12718,4.10445296732229,Sample_100_GSE42568
PIPET,Negative,Neg_ctrl_Sample_47,0.0476711405793817,12718,4.10445296732229,Sample_100_GSE42568
PIPET,Negative,Neg_ctrl_Sample_48,0.0321418588945289,12718,4.10445296732229,Sample_100_GSE42568
PIPET,Negative,Neg_ctrl_Sample_49,-0.0796358559013411,12718,4.10445296732229,Sample_100_GSE42568
PIPET,Negative,Neg_ctrl_Sample_50,0.0137349862889878,12718,4.10445296732229,Sample_100_GSE42568
PIPET,Negative,Neg_ctrl_Sample_51,0.124710801575047,12718,4.10445296732229,Sample_100_GSE42568
PIPET,Negative,Neg_ctrl_Sample_52,0.229051520797702,12718,4.10445296732229,Sample_100_GSE42568
PIPET,Negative,Neg_ctrl_Sample_53,0.104669995480183,12718,4.10445296732229,Sample_100_GSE42568
PIPET,Negative,Neg_ctrl_Sample_54,0.0266961135270786,12718,4.10445296732229,Sample_100_GSE42568
PIPET,Negative,Neg_ctrl_Sample_55,-0.0128423860272931,12718,4.10445296732229,Sample_100_GSE42568
PIPET,Negative,Neg_ctrl_Sample_56,0.0903129716978662,12718,4.10445296732229,Sample_100_GSE42568
PIPET,Negative,Neg_ctrl_Sample_57,0.096809854572308,12718,4.10445296732229,Sample_100_GSE42568
PIPET,Negative,Neg_ctrl_Sample_58,0.0401051301861624,12718,4.10445296732229,Sample_100_GSE42568
PIPET,Negative,Neg_ctrl_Sample_59,0.0983730091761062,12718,4.10445296732229,Sample_100_GSE42568
PIPET,Negative,Neg_ctrl_Sample_60,0.0869800193890568,12718,4.10445296732229,Sample_100_GSE42568
PIPET,Negative,Neg_ctrl_Sample_61,-0.0427407840238703,12718,4.10445296732229,Sample_100_GSE42568
PIPET,Negative,Neg_ctrl_Sample_62,-0.0621507296268195,12718,4.10445296732229,Sample_100_GSE42568
PIPET,Negative,Neg_ctrl_Sample_63,0.156240477065436,12718,4.10445296732229,Sample_100_GSE42568
PIPET,Negative,Neg_ctrl_Sample_64,0.0575269854110269,12718,4.10445296732229,Sample_100_GSE42568
PIPET,Negative,Neg_ctrl_Sample_65,-0.0941976337151563,12718,4.10445296732229,Sample_100_GSE42568
PIPET,Negative,Neg_ctrl_Sample_66,0.0173229044434602,12718,4.10445296732229,Sample_100_GSE42568
PIPET,Negative,Neg_ctrl_Sample_67,0.32798991148398,12718,4.10445296732229,Sample_100_GSE42568
PIPET,Negative,Neg_ctrl_Sample_68,0.0339827218233048,12718,4.10445296732229,Sample_100_GSE42568
PIPET,Negative,Neg_ctrl_Sample_69,-0.0600788981342688,12718,4.10445296732229,Sample_100_GSE42568
PIPET,Negative,Neg_ctrl_Sample_70,0.0902125059288179,12718,4.10445296732229,Sample_100_GSE42568
PIPET,Negative,Neg_ctrl_Sample_71,-0.108514712879566,12718,4.10445296732229,Sample_100_GSE42568
PIPET,Negative,Neg_ctrl_Sample_72,-0.100693538909239,12718,4.10445296732229,Sample_100_GSE42568
PIPET,Negative,Neg_ctrl_Sample_73,0.144438600337998,12718,4.10445296732229,Sample_100_GSE42568
PIPET,Negative,Neg_ctrl_Sample_74,-0.0738266317121546,12718,4.10445296732229,Sample_100_GSE42568
PIPET,Negative,Neg_ctrl_Sample_75,0.12222592072243,12718,4.10445296732229,Sample_100_GSE42568
PIPET,Negative,Neg_ctrl_Sample_76,0.0421951068527999,12718,4.10445296732229,Sample_100_GSE42568
PIPET,Negative,Neg_ctrl_Sample_77,0.15694767146063,12718,4.10445296732229,Sample_100_GSE42568
PIPET,Negative,Neg_ctrl_Sample_78,0.0102847622495923,12718,4.10445296732229,Sample_100_GSE42568
PIPET,Negative,Neg_ctrl_Sample_79,-0.109277343651073,12718,4.10445296732229,Sample_100_GSE42568
PIPET,Negative,Neg_ctrl_Sample_80,-0.037819567777527,12718,4.10445296732229,Sample_100_GSE42568
PIPET,Negative,Neg_ctrl_Sample_81,0.0504152031228521,12718,4.10445296732229,Sample_100_GSE42568
PIPET,Negative,Neg_ctrl_Sample_82,-0.0125693968892552,12718,4.10445296732229,Sample_100_GSE42568
PIPET,Negative,Neg_ctrl_Sample_83,0.0950433782352518,12718,4.10445296732229,Sample_100_GSE42568
PIPET,Negative,Neg_ctrl_Sample_84,0.123352799117356,12718,4.10445296732229,Sample_100_GSE42568
PIPET,Negative,Neg_ctrl_Sample_85,-0.00586616238359886,12718,4.10445296732229,Sample_100_GSE42568
PIPET,Negative,Neg_ctrl_Sample_86,-0.0524452774663801,12718,4.10445296732229,Sample_100_GSE42568
PIPET,Negative,Neg_ctrl_Sample_87,-0.0952858206160991,12718,4.10445296732229,Sample_100_GSE42568
PIPET,Negative,Neg_ctrl_Sample_88,0.1865816589981,12718,4.10445296732229,Sample_100_GSE42568
PIPET,Negative,Neg_ctrl_Sample_89,-0.111238351107536,12718,4.10445296732229,Sample_100_GSE42568
PIPET,Negative,Neg_ctrl_Sample_90,0.145743174564719,12718,4.10445296732229,Sample_100_GSE42568
PIPET,Negative,Neg_ctrl_Sample_91,-0.026078921137043,12718,4.10445296732229,Sample_100_GSE42568
PIPET,Negative,Neg_ctrl_Sample_92,-0.117450964468871,12718,4.10445296732229,Sample_100_GSE42568
PIPET,Negative,Neg_ctrl_Sample_93,-0.114534137448003,12718,4.10445296732229,Sample_100_GSE42568
PIPET,Negative,Neg_ctrl_Sample_94,0.0300798161735852,12718,4.10445296732229,Sample_100_GSE42568
PIPET,Negative,Neg_ctrl_Sample_95,-0.094181742136411,12718,4.10445296732229,Sample_100_GSE42568
PIPET,Negative,Neg_ctrl_Sample_96,-0.0592251415526512,12718,4.10445296732229,Sample_100_GSE42568
PIPET,Negative,Neg_ctrl_Sample_97,0.0611930875612882,12718,4.10445296732229,Sample_100_GSE42568
PIPET,Negative,Neg_ctrl_Sample_98,0.0505032993363163,12718,4.10445296732229,Sample_100_GSE42568
PIPET,Negative,Neg_ctrl_Sample_99,-0.0930697269600055,12718,4.10445296732229,Sample_100_GSE42568
PIPET,Negative,Neg_ctrl_Sample_100,-0.134016845281667,12718,4.10445296732229,Sample_100_GSE42568
PIPET,Neutral,Neg_ctrl_Sample_1,-0.0549801739542325,11865,4.07430434400144,Sample_100_GSE42568
PIPET,Neutral,Neg_ctrl_Sample_2,-0.0622477346832641,11865,4.07430434400144,Sample_100_GSE42568
PIPET,Neutral,Neg_ctrl_Sample_3,-0.0389875272837152,11865,4.07430434400144,Sample_100_GSE42568
PIPET,Neutral,Neg_ctrl_Sample_4,-0.248378710302445,11865,4.07430434400144,Sample_100_GSE42568
PIPET,Neutral,Neg_ctrl_Sample_5,-0.105346270568369,11865,4.07430434400144,Sample_100_GSE42568
PIPET,Neutral,Neg_ctrl_Sample_6,-0.153753803086152,11865,4.07430434400144,Sample_100_GSE42568
PIPET,Neutral,Neg_ctrl_Sample_7,-0.169988905995351,11865,4.07430434400144,Sample_100_GSE42568
PIPET,Neutral,Neg_ctrl_Sample_8,-0.00727805453673409,11865,4.07430434400144,Sample_100_GSE42568
PIPET,Neutral,Neg_ctrl_Sample_9,-0.0263200051901168,11865,4.07430434400144,Sample_100_GSE42568
PIPET,Neutral,Neg_ctrl_Sample_10,0.0879295291162431,11865,4.07430434400144,Sample_100_GSE42568
PIPET,Neutral,Neg_ctrl_Sample_11,0.146105708265185,11865,4.07430434400144,Sample_100_GSE42568
PIPET,Neutral,Neg_ctrl_Sample_12,-0.148536336428317,11865,4.07430434400144,Sample_100_GSE42568
PIPET,Neutral,Neg_ctrl_Sample_13,-0.0717388626391373,11865,4.07430434400144,Sample_100_GSE42568
PIPET,Neutral,Neg_ctrl_Sample_14,0.0174654468764591,11865,4.07430434400144,Sample_100_GSE42568
PIPET,Neutral,Neg_ctrl_Sample_15,-0.0794848823359605,11865,4.07430434400144,Sample_100_GSE42568
PIPET,Neutral,Neg_ctrl_Sample_16,-0.0342255517754666,11865,4.07430434400144,Sample_100_GSE42568
PIPET,Neutral,Neg_ctrl_Sample_17,0.159191967389573,11865,4.07430434400144,Sample_100_GSE42568
PIPET,Neutral,Neg_ctrl_Sample_18,0.209730703228548,11865,4.07430434400144,Sample_100_GSE42568
PIPET,Neutral,Neg_ctrl_Sample_19,0.238702070295277,11865,4.07430434400144,Sample_100_GSE42568
PIPET,Neutral,Neg_ctrl_Sample_20,-0.144709232284914,11865,4.07430434400144,Sample_100_GSE42568
PIPET,Neutral,Neg_ctrl_Sample_21,-0.0111828136617948,11865,4.07430434400144,Sample_100_GSE42568
PIPET,Neutral,Neg_ctrl_Sample_22,0.20110920932578,11865,4.07430434400144,Sample_100_GSE42568
PIPET,Neutral,Neg_ctrl_Sample_23,-0.0611485966416503,11865,4.07430434400144,Sample_100_GSE42568
PIPET,Neutral,Neg_ctrl_Sample_24,0.127926487505468,11865,4.07430434400144,Sample_100_GSE42568
PIPET,Neutral,Neg_ctrl_Sample_25,0.0341679651148692,11865,4.07430434400144,Sample_100_GSE42568
PIPET,Neutral,Neg_ctrl_Sample_26,0.0239752508422025,11865,4.07430434400144,Sample_100_GSE42568
PIPET,Neutral,Neg_ctrl_Sample_27,-0.0103112713015834,11865,4.07430434400144,Sample_100_GSE42568
PIPET,Neutral,Neg_ctrl_Sample_28,0.0892623823662219,11865,4.07430434400144,Sample_100_GSE42568
PIPET,Neutral,Neg_ctrl_Sample_29,0.114451524693549,11865,4.07430434400144,Sample_100_GSE42568
PIPET,Neutral,Neg_ctrl_Sample_30,-0.0625585510067964,11865,4.07430434400144,Sample_100_GSE42568
PIPET,Neutral,Neg_ctrl_Sample_31,0.192652458251969,11865,4.07430434400144,Sample_100_GSE42568
PIPET,Neutral,Neg_ctrl_Sample_32,0.215597047201811,11865,4.07430434400144,Sample_100_GSE42568
PIPET,Neutral,Neg_ctrl_Sample_33,0.0180888713263835,11865,4.07430434400144,Sample_100_GSE42568
PIPET,Neutral,Neg_ctrl_Sample_34,-0.24733310521453,11865,4.07430434400144,Sample_100_GSE42568
PIPET,Neutral,Neg_ctrl_Sample_35,0.0225167728011455,11865,4.07430434400144,Sample_100_GSE42568
PIPET,Neutral,Neg_ctrl_Sample_36,0.0625731995555071,11865,4.07430434400144,Sample_100_GSE42568
PIPET,Neutral,Neg_ctrl_Sample_37,0.0870263689116229,11865,4.07430434400144,Sample_100_GSE42568
PIPET,Neutral,Neg_ctrl_Sample_38,0.0775609952680773,11865,4.07430434400144,Sample_100_GSE42568
PIPET,Neutral,Neg_ctrl_Sample_39,0.110445466221683,11865,4.07430434400144,Sample_100_GSE42568
PIPET,Neutral,Neg_ctrl_Sample_40,0.160415690891554,11865,4.07430434400144,Sample_100_GSE42568
PIPET,Neutral,Neg_ctrl_Sample_41,-0.15501038032299,11865,4.07430434400144,Sample_100_GSE42568
PIPET,Neutral,Neg_ctrl_Sample_42,-0.156162428101256,11865,4.07430434400144,Sample_100_GSE42568
PIPET,Neutral,Neg_ctrl_Sample_43,0.0383901091930736,11865,4.07430434400144,Sample_100_GSE42568
PIPET,Neutral,Neg_ctrl_Sample_44,0.27180483096543,11865,4.07430434400144,Sample_100_GSE42568
PIPET,Neutral,Neg_ctrl_Sample_45,0.00703070641258219,11865,4.07430434400144,Sample_100_GSE42568
PIPET,Neutral,Neg_ctrl_Sample_46,0.316050367399783,11865,4.07430434400144,Sample_100_GSE42568
PIPET,Neutral,Neg_ctrl_Sample_47,0.0583696451356261,11865,4.07430434400144,Sample_100_GSE42568
PIPET,Neutral,Neg_ctrl_Sample_48,0.0074671453720398,11865,4.07430434400144,Sample_100_GSE42568
PIPET,Neutral,Neg_ctrl_Sample_49,-0.134445991947144,11865,4.07430434400144,Sample_100_GSE42568
PIPET,Neutral,Neg_ctrl_Sample_50,-0.0296911369123096,11865,4.07430434400144,Sample_100_GSE42568
PIPET,Neutral,Neg_ctrl_Sample_51,0.107944548695012,11865,4.07430434400144,Sample_100_GSE42568
PIPET,Neutral,Neg_ctrl_Sample_52,0.189059490331576,11865,4.07430434400144,Sample_100_GSE42568
PIPET,Neutral,Neg_ctrl_Sample_53,0.0815707678897549,11865,4.07430434400144,Sample_100_GSE42568
PIPET,Neutral,Neg_ctrl_Sample_54,0.00759156193448888,11865,4.07430434400144,Sample_100_GSE42568
PIPET,Neutral,Neg_ctrl_Sample_55,-0.0299981899116237,11865,4.07430434400144,Sample_100_GSE42568
PIPET,Neutral,Neg_ctrl_Sample_56,0.0819947472398586,11865,4.07430434400144,Sample_100_GSE42568
PIPET,Neutral,Neg_ctrl_Sample_57,0.083608362328464,11865,4.07430434400144,Sample_100_GSE42568
PIPET,Neutral,Neg_ctrl_Sample_58,0.0146834605875678,11865,4.07430434400144,Sample_100_GSE42568
PIPET,Neutral,Neg_ctrl_Sample_59,0.0918308128819819,11865,4.07430434400144,Sample_100_GSE42568
PIPET,Neutral,Neg_ctrl_Sample_60,0.0602830254833361,11865,4.07430434400144,Sample_100_GSE42568
PIPET,Neutral,Neg_ctrl_Sample_61,-0.0800055190823049,11865,4.07430434400144,Sample_100_GSE42568
PIPET,Neutral,Neg_ctrl_Sample_62,-0.0837513318881582,11865,4.07430434400144,Sample_100_GSE42568
PIPET,Neutral,Neg_ctrl_Sample_63,0.139949476310251,11865,4.07430434400144,Sample_100_GSE42568
PIPET,Neutral,Neg_ctrl_Sample_64,0.00540656964804386,11865,4.07430434400144,Sample_100_GSE42568
PIPET,Neutral,Neg_ctrl_Sample_65,-0.12883954944936,11865,4.07430434400144,Sample_100_GSE42568
PIPET,Neutral,Neg_ctrl_Sample_66,0.0174426133476064,11865,4.07430434400144,Sample_100_GSE42568
PIPET,Neutral,Neg_ctrl_Sample_67,0.341504796119672,11865,4.07430434400144,Sample_100_GSE42568
PIPET,Neutral,Neg_ctrl_Sample_68,0.00418483921159988,11865,4.07430434400144,Sample_100_GSE42568
PIPET,Neutral,Neg_ctrl_Sample_69,-0.0945576126715022,11865,4.07430434400144,Sample_100_GSE42568
PIPET,Neutral,Neg_ctrl_Sample_70,0.062765529074132,11865,4.07430434400144,Sample_100_GSE42568
PIPET,Neutral,Neg_ctrl_Sample_71,-0.127357096924502,11865,4.07430434400144,Sample_100_GSE42568
PIPET,Neutral,Neg_ctrl_Sample_72,-0.121223364925693,11865,4.07430434400144,Sample_100_GSE42568
PIPET,Neutral,Neg_ctrl_Sample_73,0.144162433898969,11865,4.07430434400144,Sample_100_GSE42568
PIPET,Neutral,Neg_ctrl_Sample_74,-0.113046787680708,11865,4.07430434400144,Sample_100_GSE42568
PIPET,Neutral,Neg_ctrl_Sample_75,0.0913590674471109,11865,4.07430434400144,Sample_100_GSE42568
PIPET,Neutral,Neg_ctrl_Sample_76,0.000764191923692047,11865,4.07430434400144,Sample_100_GSE42568
PIPET,Neutral,Neg_ctrl_Sample_77,0.15062234156429,11865,4.07430434400144,Sample_100_GSE42568
PIPET,Neutral,Neg_ctrl_Sample_78,0.0081365052600957,11865,4.07430434400144,Sample_100_GSE42568
PIPET,Neutral,Neg_ctrl_Sample_79,-0.143994461833812,11865,4.07430434400144,Sample_100_GSE42568
PIPET,Neutral,Neg_ctrl_Sample_80,-0.0227669514003655,11865,4.07430434400144,Sample_100_GSE42568
PIPET,Neutral,Neg_ctrl_Sample_81,0.0420720471103251,11865,4.07430434400144,Sample_100_GSE42568
PIPET,Neutral,Neg_ctrl_Sample_82,-0.0414919995720657,11865,4.07430434400144,Sample_100_GSE42568
PIPET,Neutral,Neg_ctrl_Sample_83,0.0818325944109827,11865,4.07430434400144,Sample_100_GSE42568
PIPET,Neutral,Neg_ctrl_Sample_84,0.0953775118195833,11865,4.07430434400144,Sample_100_GSE42568
PIPET,Neutral,Neg_ctrl_Sample_85,-0.0136616745570378,11865,4.07430434400144,Sample_100_GSE42568
PIPET,Neutral,Neg_ctrl_Sample_86,-0.0692436882765369,11865,4.07430434400144,Sample_100_GSE42568
PIPET,Neutral,Neg_ctrl_Sample_87,-0.127576390806733,11865,4.07430434400144,Sample_100_GSE42568
PIPET,Neutral,Neg_ctrl_Sample_88,0.170056069676167,11865,4.07430434400144,Sample_100_GSE42568
PIPET,Neutral,Neg_ctrl_Sample_89,-0.157143080021185,11865,4.07430434400144,Sample_100_GSE42568
PIPET,Neutral,Neg_ctrl_Sample_90,0.120791843051315,11865,4.07430434400144,Sample_100_GSE42568
PIPET,Neutral,Neg_ctrl_Sample_91,-0.0409416932191746,11865,4.07430434400144,Sample_100_GSE42568
PIPET,Neutral,Neg_ctrl_Sample_92,-0.163129211184944,11865,4.07430434400144,Sample_100_GSE42568
PIPET,Neutral,Neg_ctrl_Sample_93,-0.119935375862666,11865,4.07430434400144,Sample_100_GSE42568
PIPET,Neutral,Neg_ctrl_Sample_94,0.0330243759429302,11865,4.07430434400144,Sample_100_GSE42568
PIPET,Neutral,Neg_ctrl_Sample_95,-0.0950193934570658,11865,4.07430434400144,Sample_100_GSE42568
PIPET,Neutral,Neg_ctrl_Sample_96,-0.0902183519857173,11865,4.07430434400144,Sample_100_GSE42568
PIPET,Neutral,Neg_ctrl_Sample_97,0.0497978930820655,11865,4.07430434400144,Sample_100_GSE42568
PIPET,Neutral,Neg_ctrl_Sample_98,0.0260256784093376,11865,4.07430434400144,Sample_100_GSE42568
PIPET,Neutral,Neg_ctrl_Sample_99,-0.107795965661265,11865,4.07430434400144,Sample_100_GSE42568
PIPET,Neutral,Neg_ctrl_Sample_100,-0.15764659072367,11865,4.07430434400144,Sample_100_GSE42568
PIPET,Positive,Neg_ctrl_Sample_1,-0.0569938224220312,7289,3.86272752831797,Sample_100_GSE42568
PIPET,Positive,Neg_ctrl_Sample_2,-0.0533813513738844,7289,3.86272752831797,Sample_100_GSE42568
PIPET,Positive,Neg_ctrl_Sample_3,-0.0495527877049026,7289,3.86272752831797,Sample_100_GSE42568
PIPET,Positive,Neg_ctrl_Sample_4,-0.250687189538003,7289,3.86272752831797,Sample_100_GSE42568
PIPET,Positive,Neg_ctrl_Sample_5,-0.103003908842544,7289,3.86272752831797,Sample_100_GSE42568
PIPET,Positive,Neg_ctrl_Sample_6,-0.156631315373941,7289,3.86272752831797,Sample_100_GSE42568
PIPET,Positive,Neg_ctrl_Sample_7,-0.166320624190221,7289,3.86272752831797,Sample_100_GSE42568
PIPET,Positive,Neg_ctrl_Sample_8,-0.0108737449866894,7289,3.86272752831797,Sample_100_GSE42568
PIPET,Positive,Neg_ctrl_Sample_9,-0.0160426295761637,7289,3.86272752831797,Sample_100_GSE42568
PIPET,Positive,Neg_ctrl_Sample_10,0.0857395607924261,7289,3.86272752831797,Sample_100_GSE42568
PIPET,Positive,Neg_ctrl_Sample_11,0.144421003264637,7289,3.86272752831797,Sample_100_GSE42568
PIPET,Positive,Neg_ctrl_Sample_12,-0.149449306178553,7289,3.86272752831797,Sample_100_GSE42568
PIPET,Positive,Neg_ctrl_Sample_13,-0.0675922600043388,7289,3.86272752831797,Sample_100_GSE42568
PIPET,Positive,Neg_ctrl_Sample_14,0.0217256941287301,7289,3.86272752831797,Sample_100_GSE42568
PIPET,Positive,Neg_ctrl_Sample_15,-0.0820971770064315,7289,3.86272752831797,Sample_100_GSE42568
PIPET,Positive,Neg_ctrl_Sample_16,-0.0443275600108272,7289,3.86272752831797,Sample_100_GSE42568
PIPET,Positive,Neg_ctrl_Sample_17,0.169217898273833,7289,3.86272752831797,Sample_100_GSE42568
PIPET,Positive,Neg_ctrl_Sample_18,0.199524810852721,7289,3.86272752831797,Sample_100_GSE42568
PIPET,Positive,Neg_ctrl_Sample_19,0.233111499803828,7289,3.86272752831797,Sample_100_GSE42568
PIPET,Positive,Neg_ctrl_Sample_20,-0.139843214341525,7289,3.86272752831797,Sample_100_GSE42568
PIPET,Positive,Neg_ctrl_Sample_21,-0.0245208257838183,7289,3.86272752831797,Sample_100_GSE42568
PIPET,Positive,Neg_ctrl_Sample_22,0.201178036571994,7289,3.86272752831797,Sample_100_GSE42568
PIPET,Positive,Neg_ctrl_Sample_23,-0.0563525496665094,7289,3.86272752831797,Sample_100_GSE42568
PIPET,Positive,Neg_ctrl_Sample_24,0.125923147072838,7289,3.86272752831797,Sample_100_GSE42568
PIPET,Positive,Neg_ctrl_Sample_25,0.0420296935231988,7289,3.86272752831797,Sample_100_GSE42568
PIPET,Positive,Neg_ctrl_Sample_26,0.0286358501235366,7289,3.86272752831797,Sample_100_GSE42568
PIPET,Positive,Neg_ctrl_Sample_27,-0.011296846134635,7289,3.86272752831797,Sample_100_GSE42568
PIPET,Positive,Neg_ctrl_Sample_28,0.0940528428619001,7289,3.86272752831797,Sample_100_GSE42568
PIPET,Positive,Neg_ctrl_Sample_29,0.112421333231317,7289,3.86272752831797,Sample_100_GSE42568
PIPET,Positive,Neg_ctrl_Sample_30,-0.0686746727486773,7289,3.86272752831797,Sample_100_GSE42568
PIPET,Positive,Neg_ctrl_Sample_31,0.201104238598998,7289,3.86272752831797,Sample_100_GSE42568
PIPET,Positive,Neg_ctrl_Sample_32,0.219319011542432,7289,3.86272752831797,Sample_100_GSE42568
PIPET,Positive,Neg_ctrl_Sample_33,0.00846012942155227,7289,3.86272752831797,Sample_100_GSE42568
PIPET,Positive,Neg_ctrl_Sample_34,-0.244039079728431,7289,3.86272752831797,Sample_100_GSE42568
PIPET,Positive,Neg_ctrl_Sample_35,0.0337941751396324,7289,3.86272752831797,Sample_100_GSE42568
PIPET,Positive,Neg_ctrl_Sample_36,0.0556753592389331,7289,3.86272752831797,Sample_100_GSE42568
PIPET,Positive,Neg_ctrl_Sample_37,0.0736776953062349,7289,3.86272752831797,Sample_100_GSE42568
PIPET,Positive,Neg_ctrl_Sample_38,0.0696413206386744,7289,3.86272752831797,Sample_100_GSE42568
PIPET,Positive,Neg_ctrl_Sample_39,0.11010287991908,7289,3.86272752831797,Sample_100_GSE42568
PIPET,Positive,Neg_ctrl_Sample_40,0.163065884638016,7289,3.86272752831797,Sample_100_GSE42568
PIPET,Positive,Neg_ctrl_Sample_41,-0.161434421688472,7289,3.86272752831797,Sample_100_GSE42568
PIPET,Positive,Neg_ctrl_Sample_42,-0.155763993618217,7289,3.86272752831797,Sample_100_GSE42568
PIPET,Positive,Neg_ctrl_Sample_43,0.0346909546554908,7289,3.86272752831797,Sample_100_GSE42568
PIPET,Positive,Neg_ctrl_Sample_44,0.269117831219348,7289,3.86272752831797,Sample_100_GSE42568
PIPET,Positive,Neg_ctrl_Sample_45,0.00999054415617114,7289,3.86272752831797,Sample_100_GSE42568
PIPET,Positive,Neg_ctrl_Sample_46,0.318239621186133,7289,3.86272752831797,Sample_100_GSE42568
PIPET,Positive,Neg_ctrl_Sample_47,0.0504582738121755,7289,3.86272752831797,Sample_100_GSE42568
PIPET,Positive,Neg_ctrl_Sample_48,0.00817513108968262,7289,3.86272752831797,Sample_100_GSE42568
PIPET,Positive,Neg_ctrl_Sample_49,-0.134080951783322,7289,3.86272752831797,Sample_100_GSE42568
PIPET,Positive,Neg_ctrl_Sample_50,-0.0233668359566324,7289,3.86272752831797,Sample_100_GSE42568
PIPET,Positive,Neg_ctrl_Sample_51,0.106947250027409,7289,3.86272752831797,Sample_100_GSE42568
PIPET,Positive,Neg_ctrl_Sample_52,0.190764915298567,7289,3.86272752831797,Sample_100_GSE42568
PIPET,Positive,Neg_ctrl_Sample_53,0.0792188955680201,7289,3.86272752831797,Sample_100_GSE42568
PIPET,Positive,Neg_ctrl_Sample_54,0.0128238967285359,7289,3.86272752831797,Sample_100_GSE42568
PIPET,Positive,Neg_ctrl_Sample_55,-0.0236743797864112,7289,3.86272752831797,Sample_100_GSE42568
PIPET,Positive,Neg_ctrl_Sample_56,0.0853975926852819,7289,3.86272752831797,Sample_100_GSE42568
PIPET,Positive,Neg_ctrl_Sample_57,0.0957845745207203,7289,3.86272752831797,Sample_100_GSE42568
PIPET,Positive,Neg_ctrl_Sample_58,0.0195427450184803,7289,3.86272752831797,Sample_100_GSE42568
PIPET,Positive,Neg_ctrl_Sample_59,0.0974736627852644,7289,3.86272752831797,Sample_100_GSE42568
PIPET,Positive,Neg_ctrl_Sample_60,0.0712250551109145,7289,3.86272752831797,Sample_100_GSE42568
PIPET,Positive,Neg_ctrl_Sample_61,-0.0840927176074213,7289,3.86272752831797,Sample_100_GSE42568
PIPET,Positive,Neg_ctrl_Sample_62,-0.0864815040774506,7289,3.86272752831797,Sample_100_GSE42568
PIPET,Positive,Neg_ctrl_Sample_63,0.133970113659954,7289,3.86272752831797,Sample_100_GSE42568
PIPET,Positive,Neg_ctrl_Sample_64,0.0139881642169248,7289,3.86272752831797,Sample_100_GSE42568
PIPET,Positive,Neg_ctrl_Sample_65,-0.134709025134885,7289,3.86272752831797,Sample_100_GSE42568
PIPET,Positive,Neg_ctrl_Sample_66,0.00722395650807852,7289,3.86272752831797,Sample_100_GSE42568
PIPET,Positive,Neg_ctrl_Sample_67,0.339929923715492,7289,3.86272752831797,Sample_100_GSE42568
PIPET,Positive,Neg_ctrl_Sample_68,0.0150036116490128,7289,3.86272752831797,Sample_100_GSE42568
PIPET,Positive,Neg_ctrl_Sample_69,-0.0885238341720585,7289,3.86272752831797,Sample_100_GSE42568
PIPET,Positive,Neg_ctrl_Sample_70,0.0667832069272274,7289,3.86272752831797,Sample_100_GSE42568
PIPET,Positive,Neg_ctrl_Sample_71,-0.132224919507178,7289,3.86272752831797,Sample_100_GSE42568
PIPET,Positive,Neg_ctrl_Sample_72,-0.114201624988597,7289,3.86272752831797,Sample_100_GSE42568
PIPET,Positive,Neg_ctrl_Sample_73,0.151866362827162,7289,3.86272752831797,Sample_100_GSE42568
PIPET,Positive,Neg_ctrl_Sample_74,-0.111741577682032,7289,3.86272752831797,Sample_100_GSE42568
PIPET,Positive,Neg_ctrl_Sample_75,0.0859379579716929,7289,3.86272752831797,Sample_100_GSE42568
PIPET,Positive,Neg_ctrl_Sample_76,0.00283631349771227,7289,3.86272752831797,Sample_100_GSE42568
PIPET,Positive,Neg_ctrl_Sample_77,0.164093269628202,7289,3.86272752831797,Sample_100_GSE42568
PIPET,Positive,Neg_ctrl_Sample_78,0.00995781654099117,7289,3.86272752831797,Sample_100_GSE42568
PIPET,Positive,Neg_ctrl_Sample_79,-0.147394729998921,7289,3.86272752831797,Sample_100_GSE42568
PIPET,Positive,Neg_ctrl_Sample_80,-0.0283475036859822,7289,3.86272752831797,Sample_100_GSE42568
PIPET,Positive,Neg_ctrl_Sample_81,0.0451693115299905,7289,3.86272752831797,Sample_100_GSE42568
PIPET,Positive,Neg_ctrl_Sample_82,-0.036278675150783,7289,3.86272752831797,Sample_100_GSE42568
PIPET,Positive,Neg_ctrl_Sample_83,0.0844464982182679,7289,3.86272752831797,Sample_100_GSE42568
PIPET,Positive,Neg_ctrl_Sample_84,0.0940424789404404,7289,3.86272752831797,Sample_100_GSE42568
PIPET,Positive,Neg_ctrl_Sample_85,-0.00867231723923545,7289,3.86272752831797,Sample_100_GSE42568
PIPET,Positive,Neg_ctrl_Sample_86,-0.0705558031999502,7289,3.86272752831797,Sample_100_GSE42568
PIPET,Positive,Neg_ctrl_Sample_87,-0.115417473016394,7289,3.86272752831797,Sample_100_GSE42568
PIPET,Positive,Neg_ctrl_Sample_88,0.160692684178504,7289,3.86272752831797,Sample_100_GSE42568
PIPET,Positive,Neg_ctrl_Sample_89,-0.152646393140813,7289,3.86272752831797,Sample_100_GSE42568
PIPET,Positive,Neg_ctrl_Sample_90,0.133062497507729,7289,3.86272752831797,Sample_100_GSE42568
PIPET,Positive,Neg_ctrl_Sample_91,-0.0455720899216028,7289,3.86272752831797,Sample_100_GSE42568
PIPET,Positive,Neg_ctrl_Sample_92,-0.157090539134052,7289,3.86272752831797,Sample_100_GSE42568
PIPET,Positive,Neg_ctrl_Sample_93,-0.130043250477035,7289,3.86272752831797,Sample_100_GSE42568
PIPET,Positive,Neg_ctrl_Sample_94,0.0320195346945664,7289,3.86272752831797,Sample_100_GSE42568
PIPET,Positive,Neg_ctrl_Sample_95,-0.0981083282727895,7289,3.86272752831797,Sample_100_GSE42568
PIPET,Positive,Neg_ctrl_Sample_96,-0.0669386971491472,7289,3.86272752831797,Sample_100_GSE42568
PIPET,Positive,Neg_ctrl_Sample_97,0.0459711613590343,7289,3.86272752831797,Sample_100_GSE42568
PIPET,Positive,Neg_ctrl_Sample_98,0.027346412335132,7289,3.86272752831797,Sample_100_GSE42568
PIPET,Positive,Neg_ctrl_Sample_99,-0.107900708095667,7289,3.86272752831797,Sample_100_GSE42568
PIPET,Positive,Neg_ctrl_Sample_100,-0.165173658819519,7289,3.86272752831797,Sample_100_GSE42568
