meta_column,label_value,score_group,mean_score,count,log_count,sample
scissor,Negative,Neg_ctrl_Sample_1,-0.00408558648822238,6250,3.7959494989028,Sample_100_TCGA_BRCA
scissor,Negative,Neg_ctrl_Sample_2,0.0114557583427299,6250,3.7959494989028,Sample_100_TCGA_BRCA
scissor,Negative,Neg_ctrl_Sample_3,0.0128005335966898,6250,3.7959494989028,Sample_100_TCGA_BRCA
scissor,Negative,Neg_ctrl_Sample_4,-0.191554284260256,6250,3.7959494989028,Sample_100_TCGA_BRCA
scissor,Negative,Neg_ctrl_Sample_5,-0.0742820346389073,6250,3.7959494989028,Sample_100_TCGA_BRCA
scissor,Negative,Neg_ctrl_Sample_6,-0.03815839079819,6250,3.7959494989028,Sample_100_TCGA_BRCA
scissor,Negative,Neg_ctrl_Sample_7,0.001239787443939,6250,3.7959494989028,Sample_100_TCGA_BRCA
scissor,Negative,Neg_ctrl_Sample_8,-0.109429110979679,6250,3.7959494989028,Sample_100_TCGA_BRCA
scissor,Negative,Neg_ctrl_Sample_9,0.0545181523946147,6250,3.7959494989028,Sample_100_TCGA_BRCA
scissor,Negative,Neg_ctrl_Sample_10,0.0228290418396317,6250,3.7959494989028,Sample_100_TCGA_BRCA
scissor,Negative,Neg_ctrl_Sample_11,0.129766597864748,6250,3.7959494989028,Sample_100_TCGA_BRCA
scissor,Negative,Neg_ctrl_Sample_12,0.0786938579701833,6250,3.7959494989028,Sample_100_TCGA_BRCA
scissor,Negative,Neg_ctrl_Sample_13,-0.226759050578937,6250,3.7959494989028,Sample_100_TCGA_BRCA
scissor,Negative,Neg_ctrl_Sample_14,0.228312345144934,6250,3.7959494989028,Sample_100_TCGA_BRCA
scissor,Negative,Neg_ctrl_Sample_15,0.0427277488416437,6250,3.7959494989028,Sample_100_TCGA_BRCA
scissor,Negative,Neg_ctrl_Sample_16,-0.136901350011841,6250,3.7959494989028,Sample_100_TCGA_BRCA
scissor,Negative,Neg_ctrl_Sample_17,0.101528381026492,6250,3.7959494989028,Sample_100_TCGA_BRCA
scissor,Negative,Neg_ctrl_Sample_18,0.0507969847580134,6250,3.7959494989028,Sample_100_TCGA_BRCA
scissor,Negative,Neg_ctrl_Sample_19,0.137927072075379,6250,3.7959494989028,Sample_100_TCGA_BRCA
scissor,Negative,Neg_ctrl_Sample_20,0.317498903023361,6250,3.7959494989028,Sample_100_TCGA_BRCA
scissor,Negative,Neg_ctrl_Sample_21,-0.0920953789687761,6250,3.7959494989028,Sample_100_TCGA_BRCA
scissor,Negative,Neg_ctrl_Sample_22,0.0505741643966953,6250,3.7959494989028,Sample_100_TCGA_BRCA
scissor,Negative,Neg_ctrl_Sample_23,0.181814158758626,6250,3.7959494989028,Sample_100_TCGA_BRCA
scissor,Negative,Neg_ctrl_Sample_24,0.0284100797017901,6250,3.7959494989028,Sample_100_TCGA_BRCA
scissor,Negative,Neg_ctrl_Sample_25,0.0927280896327682,6250,3.7959494989028,Sample_100_TCGA_BRCA
scissor,Negative,Neg_ctrl_Sample_26,0.0486614177656318,6250,3.7959494989028,Sample_100_TCGA_BRCA
scissor,Negative,Neg_ctrl_Sample_27,-0.0806028629672134,6250,3.7959494989028,Sample_100_TCGA_BRCA
scissor,Negative,Neg_ctrl_Sample_28,0.239800108348503,6250,3.7959494989028,Sample_100_TCGA_BRCA
scissor,Negative,Neg_ctrl_Sample_29,-0.0715276748126406,6250,3.7959494989028,Sample_100_TCGA_BRCA
scissor,Negative,Neg_ctrl_Sample_30,0.134567220583621,6250,3.7959494989028,Sample_100_TCGA_BRCA
scissor,Negative,Neg_ctrl_Sample_31,0.178822660780524,6250,3.7959494989028,Sample_100_TCGA_BRCA
scissor,Negative,Neg_ctrl_Sample_32,0.0335604697552724,6250,3.7959494989028,Sample_100_TCGA_BRCA
scissor,Negative,Neg_ctrl_Sample_33,0.0616423095957983,6250,3.7959494989028,Sample_100_TCGA_BRCA
scissor,Negative,Neg_ctrl_Sample_34,0.185340966486109,6250,3.7959494989028,Sample_100_TCGA_BRCA
scissor,Negative,Neg_ctrl_Sample_35,0.0143767033109838,6250,3.7959494989028,Sample_100_TCGA_BRCA
scissor,Negative,Neg_ctrl_Sample_36,-0.142354327056117,6250,3.7959494989028,Sample_100_TCGA_BRCA
scissor,Negative,Neg_ctrl_Sample_37,0.0497066758500229,6250,3.7959494989028,Sample_100_TCGA_BRCA
scissor,Negative,Neg_ctrl_Sample_38,0.102389034484989,6250,3.7959494989028,Sample_100_TCGA_BRCA
scissor,Negative,Neg_ctrl_Sample_39,0.145419786189025,6250,3.7959494989028,Sample_100_TCGA_BRCA
scissor,Negative,Neg_ctrl_Sample_40,0.0602804520546948,6250,3.7959494989028,Sample_100_TCGA_BRCA
scissor,Negative,Neg_ctrl_Sample_41,0.0684975741664244,6250,3.7959494989028,Sample_100_TCGA_BRCA
scissor,Negative,Neg_ctrl_Sample_42,0.058694466323867,6250,3.7959494989028,Sample_100_TCGA_BRCA
scissor,Negative,Neg_ctrl_Sample_43,0.0637814408748896,6250,3.7959494989028,Sample_100_TCGA_BRCA
scissor,Negative,Neg_ctrl_Sample_44,-0.124654435316801,6250,3.7959494989028,Sample_100_TCGA_BRCA
scissor,Negative,Neg_ctrl_Sample_45,0.0691729946849342,6250,3.7959494989028,Sample_100_TCGA_BRCA
scissor,Negative,Neg_ctrl_Sample_46,0.287874298507519,6250,3.7959494989028,Sample_100_TCGA_BRCA
scissor,Negative,Neg_ctrl_Sample_47,0.216445494228415,6250,3.7959494989028,Sample_100_TCGA_BRCA
scissor,Negative,Neg_ctrl_Sample_48,0.252046639180932,6250,3.7959494989028,Sample_100_TCGA_BRCA
scissor,Negative,Neg_ctrl_Sample_49,0.270141804446773,6250,3.7959494989028,Sample_100_TCGA_BRCA
scissor,Negative,Neg_ctrl_Sample_50,0.114902326948516,6250,3.7959494989028,Sample_100_TCGA_BRCA
scissor,Negative,Neg_ctrl_Sample_51,-0.0901611987555277,6250,3.7959494989028,Sample_100_TCGA_BRCA
scissor,Negative,Neg_ctrl_Sample_52,-0.0132534316117304,6250,3.7959494989028,Sample_100_TCGA_BRCA
scissor,Negative,Neg_ctrl_Sample_53,-0.0397092352644488,6250,3.7959494989028,Sample_100_TCGA_BRCA
scissor,Negative,Neg_ctrl_Sample_54,0.160191375262705,6250,3.7959494989028,Sample_100_TCGA_BRCA
scissor,Negative,Neg_ctrl_Sample_55,0.0983235371990471,6250,3.7959494989028,Sample_100_TCGA_BRCA
scissor,Negative,Neg_ctrl_Sample_56,0.046741503785281,6250,3.7959494989028,Sample_100_TCGA_BRCA
scissor,Negative,Neg_ctrl_Sample_57,0.0459685440875107,6250,3.7959494989028,Sample_100_TCGA_BRCA
scissor,Negative,Neg_ctrl_Sample_58,-0.0166554869160675,6250,3.7959494989028,Sample_100_TCGA_BRCA
scissor,Negative,Neg_ctrl_Sample_59,0.124097833214482,6250,3.7959494989028,Sample_100_TCGA_BRCA
scissor,Negative,Neg_ctrl_Sample_60,-0.027357833261573,6250,3.7959494989028,Sample_100_TCGA_BRCA
scissor,Negative,Neg_ctrl_Sample_61,0.0891812175791147,6250,3.7959494989028,Sample_100_TCGA_BRCA
scissor,Negative,Neg_ctrl_Sample_62,0.156311610509653,6250,3.7959494989028,Sample_100_TCGA_BRCA
scissor,Negative,Neg_ctrl_Sample_63,0.158531332773511,6250,3.7959494989028,Sample_100_TCGA_BRCA
scissor,Negative,Neg_ctrl_Sample_64,0.0918650698666834,6250,3.7959494989028,Sample_100_TCGA_BRCA
scissor,Negative,Neg_ctrl_Sample_65,-0.194433482411708,6250,3.7959494989028,Sample_100_TCGA_BRCA
scissor,Negative,Neg_ctrl_Sample_66,0.0649629894757863,6250,3.7959494989028,Sample_100_TCGA_BRCA
scissor,Negative,Neg_ctrl_Sample_67,0.128774708445608,6250,3.7959494989028,Sample_100_TCGA_BRCA
scissor,Negative,Neg_ctrl_Sample_68,-0.0250734219799476,6250,3.7959494989028,Sample_100_TCGA_BRCA
scissor,Negative,Neg_ctrl_Sample_69,0.0527882357039495,6250,3.7959494989028,Sample_100_TCGA_BRCA
scissor,Negative,Neg_ctrl_Sample_70,0.0477872483642368,6250,3.7959494989028,Sample_100_TCGA_BRCA
scissor,Negative,Neg_ctrl_Sample_71,0.330630379058704,6250,3.7959494989028,Sample_100_TCGA_BRCA
scissor,Negative,Neg_ctrl_Sample_72,0.127071174011764,6250,3.7959494989028,Sample_100_TCGA_BRCA
scissor,Negative,Neg_ctrl_Sample_73,-0.116549474149094,6250,3.7959494989028,Sample_100_TCGA_BRCA
scissor,Negative,Neg_ctrl_Sample_74,0.134655387138835,6250,3.7959494989028,Sample_100_TCGA_BRCA
scissor,Negative,Neg_ctrl_Sample_75,-0.125338270083546,6250,3.7959494989028,Sample_100_TCGA_BRCA
scissor,Negative,Neg_ctrl_Sample_76,-0.115560838156429,6250,3.7959494989028,Sample_100_TCGA_BRCA
scissor,Negative,Neg_ctrl_Sample_77,-0.0328520230423348,6250,3.7959494989028,Sample_100_TCGA_BRCA
scissor,Negative,Neg_ctrl_Sample_78,-0.0301335014830529,6250,3.7959494989028,Sample_100_TCGA_BRCA
scissor,Negative,Neg_ctrl_Sample_79,-0.0641305583947858,6250,3.7959494989028,Sample_100_TCGA_BRCA
scissor,Negative,Neg_ctrl_Sample_80,-0.0115316397627515,6250,3.7959494989028,Sample_100_TCGA_BRCA
scissor,Negative,Neg_ctrl_Sample_81,0.0242414505862969,6250,3.7959494989028,Sample_100_TCGA_BRCA
scissor,Negative,Neg_ctrl_Sample_82,0.049459678876955,6250,3.7959494989028,Sample_100_TCGA_BRCA
scissor,Negative,Neg_ctrl_Sample_83,0.0196518921302657,6250,3.7959494989028,Sample_100_TCGA_BRCA
scissor,Negative,Neg_ctrl_Sample_84,-0.203084843075981,6250,3.7959494989028,Sample_100_TCGA_BRCA
scissor,Negative,Neg_ctrl_Sample_85,-0.146255201214672,6250,3.7959494989028,Sample_100_TCGA_BRCA
scissor,Negative,Neg_ctrl_Sample_86,0.0355994202661283,6250,3.7959494989028,Sample_100_TCGA_BRCA
scissor,Negative,Neg_ctrl_Sample_87,-0.0190777419045553,6250,3.7959494989028,Sample_100_TCGA_BRCA
scissor,Negative,Neg_ctrl_Sample_88,0.15396209371425,6250,3.7959494989028,Sample_100_TCGA_BRCA
scissor,Negative,Neg_ctrl_Sample_89,0.0811304103596664,6250,3.7959494989028,Sample_100_TCGA_BRCA
scissor,Negative,Neg_ctrl_Sample_90,0.0542813705456336,6250,3.7959494989028,Sample_100_TCGA_BRCA
scissor,Negative,Neg_ctrl_Sample_91,-0.141450904335349,6250,3.7959494989028,Sample_100_TCGA_BRCA
scissor,Negative,Neg_ctrl_Sample_92,0.0141132502207076,6250,3.7959494989028,Sample_100_TCGA_BRCA
scissor,Negative,Neg_ctrl_Sample_93,0.00278316765560286,6250,3.7959494989028,Sample_100_TCGA_BRCA
scissor,Negative,Neg_ctrl_Sample_94,0.176954331702251,6250,3.7959494989028,Sample_100_TCGA_BRCA
scissor,Negative,Neg_ctrl_Sample_95,-0.131588771659851,6250,3.7959494989028,Sample_100_TCGA_BRCA
scissor,Negative,Neg_ctrl_Sample_96,0.150873651302247,6250,3.7959494989028,Sample_100_TCGA_BRCA
scissor,Negative,Neg_ctrl_Sample_97,-0.100355667401487,6250,3.7959494989028,Sample_100_TCGA_BRCA
scissor,Negative,Neg_ctrl_Sample_98,-0.137915772931525,6250,3.7959494989028,Sample_100_TCGA_BRCA
scissor,Negative,Neg_ctrl_Sample_99,-0.171912675439106,6250,3.7959494989028,Sample_100_TCGA_BRCA
scissor,Negative,Neg_ctrl_Sample_100,0.0256251670944299,6250,3.7959494989028,Sample_100_TCGA_BRCA
scissor,Neutral,Neg_ctrl_Sample_1,-0.0018546053550915,45310,4.65620364703219,Sample_100_TCGA_BRCA
scissor,Neutral,Neg_ctrl_Sample_2,0.0109536509476142,45310,4.65620364703219,Sample_100_TCGA_BRCA
scissor,Neutral,Neg_ctrl_Sample_3,0.0124819996260166,45310,4.65620364703219,Sample_100_TCGA_BRCA
scissor,Neutral,Neg_ctrl_Sample_4,-0.196677692752216,45310,4.65620364703219,Sample_100_TCGA_BRCA
scissor,Neutral,Neg_ctrl_Sample_5,-0.0821856791653938,45310,4.65620364703219,Sample_100_TCGA_BRCA
scissor,Neutral,Neg_ctrl_Sample_6,-0.0454730638210772,45310,4.65620364703219,Sample_100_TCGA_BRCA
scissor,Neutral,Neg_ctrl_Sample_7,0.00139152280552535,45310,4.65620364703219,Sample_100_TCGA_BRCA
scissor,Neutral,Neg_ctrl_Sample_8,-0.109094395404809,45310,4.65620364703219,Sample_100_TCGA_BRCA
scissor,Neutral,Neg_ctrl_Sample_9,0.0626141699888896,45310,4.65620364703219,Sample_100_TCGA_BRCA
scissor,Neutral,Neg_ctrl_Sample_10,0.0221515478863134,45310,4.65620364703219,Sample_100_TCGA_BRCA
scissor,Neutral,Neg_ctrl_Sample_11,0.129081648157959,45310,4.65620364703219,Sample_100_TCGA_BRCA
scissor,Neutral,Neg_ctrl_Sample_12,0.073684342247766,45310,4.65620364703219,Sample_100_TCGA_BRCA
scissor,Neutral,Neg_ctrl_Sample_13,-0.235409769879726,45310,4.65620364703219,Sample_100_TCGA_BRCA
scissor,Neutral,Neg_ctrl_Sample_14,0.228051624722819,45310,4.65620364703219,Sample_100_TCGA_BRCA
scissor,Neutral,Neg_ctrl_Sample_15,0.036685706975559,45310,4.65620364703219,Sample_100_TCGA_BRCA
scissor,Neutral,Neg_ctrl_Sample_16,-0.149058487085779,45310,4.65620364703219,Sample_100_TCGA_BRCA
scissor,Neutral,Neg_ctrl_Sample_17,0.100682526152579,45310,4.65620364703219,Sample_100_TCGA_BRCA
scissor,Neutral,Neg_ctrl_Sample_18,0.0563341710401774,45310,4.65620364703219,Sample_100_TCGA_BRCA
scissor,Neutral,Neg_ctrl_Sample_19,0.133128540800036,45310,4.65620364703219,Sample_100_TCGA_BRCA
scissor,Neutral,Neg_ctrl_Sample_20,0.315153295851726,45310,4.65620364703219,Sample_100_TCGA_BRCA
scissor,Neutral,Neg_ctrl_Sample_21,-0.0954582065347661,45310,4.65620364703219,Sample_100_TCGA_BRCA
scissor,Neutral,Neg_ctrl_Sample_22,0.038531075087495,45310,4.65620364703219,Sample_100_TCGA_BRCA
scissor,Neutral,Neg_ctrl_Sample_23,0.179312541423448,45310,4.65620364703219,Sample_100_TCGA_BRCA
scissor,Neutral,Neg_ctrl_Sample_24,0.0222722501336819,45310,4.65620364703219,Sample_100_TCGA_BRCA
scissor,Neutral,Neg_ctrl_Sample_25,0.104404931559251,45310,4.65620364703219,Sample_100_TCGA_BRCA
scissor,Neutral,Neg_ctrl_Sample_26,0.0410696752637519,45310,4.65620364703219,Sample_100_TCGA_BRCA
scissor,Neutral,Neg_ctrl_Sample_27,-0.081889380432126,45310,4.65620364703219,Sample_100_TCGA_BRCA
scissor,Neutral,Neg_ctrl_Sample_28,0.247660893456193,45310,4.65620364703219,Sample_100_TCGA_BRCA
scissor,Neutral,Neg_ctrl_Sample_29,-0.0699284812946525,45310,4.65620364703219,Sample_100_TCGA_BRCA
scissor,Neutral,Neg_ctrl_Sample_30,0.136067744067184,45310,4.65620364703219,Sample_100_TCGA_BRCA
scissor,Neutral,Neg_ctrl_Sample_31,0.18506931299766,45310,4.65620364703219,Sample_100_TCGA_BRCA
scissor,Neutral,Neg_ctrl_Sample_32,0.03043932006281,45310,4.65620364703219,Sample_100_TCGA_BRCA
scissor,Neutral,Neg_ctrl_Sample_33,0.0537934651728674,45310,4.65620364703219,Sample_100_TCGA_BRCA
scissor,Neutral,Neg_ctrl_Sample_34,0.184646922430019,45310,4.65620364703219,Sample_100_TCGA_BRCA
scissor,Neutral,Neg_ctrl_Sample_35,0.0186775658074835,45310,4.65620364703219,Sample_100_TCGA_BRCA
scissor,Neutral,Neg_ctrl_Sample_36,-0.146675025598507,45310,4.65620364703219,Sample_100_TCGA_BRCA
scissor,Neutral,Neg_ctrl_Sample_37,0.0486976355264974,45310,4.65620364703219,Sample_100_TCGA_BRCA
scissor,Neutral,Neg_ctrl_Sample_38,0.109254226750666,45310,4.65620364703219,Sample_100_TCGA_BRCA
scissor,Neutral,Neg_ctrl_Sample_39,0.145830571106801,45310,4.65620364703219,Sample_100_TCGA_BRCA
scissor,Neutral,Neg_ctrl_Sample_40,0.0608274912750409,45310,4.65620364703219,Sample_100_TCGA_BRCA
scissor,Neutral,Neg_ctrl_Sample_41,0.0686358851757279,45310,4.65620364703219,Sample_100_TCGA_BRCA
scissor,Neutral,Neg_ctrl_Sample_42,0.0558998761707885,45310,4.65620364703219,Sample_100_TCGA_BRCA
scissor,Neutral,Neg_ctrl_Sample_43,0.0596529193427329,45310,4.65620364703219,Sample_100_TCGA_BRCA
scissor,Neutral,Neg_ctrl_Sample_44,-0.126879178502914,45310,4.65620364703219,Sample_100_TCGA_BRCA
scissor,Neutral,Neg_ctrl_Sample_45,0.0670661943350287,45310,4.65620364703219,Sample_100_TCGA_BRCA
scissor,Neutral,Neg_ctrl_Sample_46,0.291787859227494,45310,4.65620364703219,Sample_100_TCGA_BRCA
scissor,Neutral,Neg_ctrl_Sample_47,0.209494889486937,45310,4.65620364703219,Sample_100_TCGA_BRCA
scissor,Neutral,Neg_ctrl_Sample_48,0.253791595445585,45310,4.65620364703219,Sample_100_TCGA_BRCA
scissor,Neutral,Neg_ctrl_Sample_49,0.25955942017122,45310,4.65620364703219,Sample_100_TCGA_BRCA
scissor,Neutral,Neg_ctrl_Sample_50,0.117136960002129,45310,4.65620364703219,Sample_100_TCGA_BRCA
scissor,Neutral,Neg_ctrl_Sample_51,-0.101740491347182,45310,4.65620364703219,Sample_100_TCGA_BRCA
scissor,Neutral,Neg_ctrl_Sample_52,-0.0129836925934561,45310,4.65620364703219,Sample_100_TCGA_BRCA
scissor,Neutral,Neg_ctrl_Sample_53,-0.0370396622242253,45310,4.65620364703219,Sample_100_TCGA_BRCA
scissor,Neutral,Neg_ctrl_Sample_54,0.155669147339067,45310,4.65620364703219,Sample_100_TCGA_BRCA
scissor,Neutral,Neg_ctrl_Sample_55,0.0989870865691972,45310,4.65620364703219,Sample_100_TCGA_BRCA
scissor,Neutral,Neg_ctrl_Sample_56,0.0432998598577397,45310,4.65620364703219,Sample_100_TCGA_BRCA
scissor,Neutral,Neg_ctrl_Sample_57,0.0433040539410311,45310,4.65620364703219,Sample_100_TCGA_BRCA
scissor,Neutral,Neg_ctrl_Sample_58,-0.0116586259229648,45310,4.65620364703219,Sample_100_TCGA_BRCA
scissor,Neutral,Neg_ctrl_Sample_59,0.133557719660945,45310,4.65620364703219,Sample_100_TCGA_BRCA
scissor,Neutral,Neg_ctrl_Sample_60,-0.0277472941060271,45310,4.65620364703219,Sample_100_TCGA_BRCA
scissor,Neutral,Neg_ctrl_Sample_61,0.0902984231757158,45310,4.65620364703219,Sample_100_TCGA_BRCA
scissor,Neutral,Neg_ctrl_Sample_62,0.156580072450604,45310,4.65620364703219,Sample_100_TCGA_BRCA
scissor,Neutral,Neg_ctrl_Sample_63,0.156930776264162,45310,4.65620364703219,Sample_100_TCGA_BRCA
scissor,Neutral,Neg_ctrl_Sample_64,0.0832640379810387,45310,4.65620364703219,Sample_100_TCGA_BRCA
scissor,Neutral,Neg_ctrl_Sample_65,-0.189183751809819,45310,4.65620364703219,Sample_100_TCGA_BRCA
scissor,Neutral,Neg_ctrl_Sample_66,0.062486558805365,45310,4.65620364703219,Sample_100_TCGA_BRCA
scissor,Neutral,Neg_ctrl_Sample_67,0.127996440349971,45310,4.65620364703219,Sample_100_TCGA_BRCA
scissor,Neutral,Neg_ctrl_Sample_68,-0.0252540640572204,45310,4.65620364703219,Sample_100_TCGA_BRCA
scissor,Neutral,Neg_ctrl_Sample_69,0.0593031351154444,45310,4.65620364703219,Sample_100_TCGA_BRCA
scissor,Neutral,Neg_ctrl_Sample_70,0.0498124889210821,45310,4.65620364703219,Sample_100_TCGA_BRCA
scissor,Neutral,Neg_ctrl_Sample_71,0.322718592084931,45310,4.65620364703219,Sample_100_TCGA_BRCA
scissor,Neutral,Neg_ctrl_Sample_72,0.125875884315636,45310,4.65620364703219,Sample_100_TCGA_BRCA
scissor,Neutral,Neg_ctrl_Sample_73,-0.125341184834792,45310,4.65620364703219,Sample_100_TCGA_BRCA
scissor,Neutral,Neg_ctrl_Sample_74,0.137401670267835,45310,4.65620364703219,Sample_100_TCGA_BRCA
scissor,Neutral,Neg_ctrl_Sample_75,-0.130403503221174,45310,4.65620364703219,Sample_100_TCGA_BRCA
scissor,Neutral,Neg_ctrl_Sample_76,-0.120994341737288,45310,4.65620364703219,Sample_100_TCGA_BRCA
scissor,Neutral,Neg_ctrl_Sample_77,-0.0399781094403838,45310,4.65620364703219,Sample_100_TCGA_BRCA
scissor,Neutral,Neg_ctrl_Sample_78,-0.0310354768996052,45310,4.65620364703219,Sample_100_TCGA_BRCA
scissor,Neutral,Neg_ctrl_Sample_79,-0.0635213754198301,45310,4.65620364703219,Sample_100_TCGA_BRCA
scissor,Neutral,Neg_ctrl_Sample_80,-0.00936295444138309,45310,4.65620364703219,Sample_100_TCGA_BRCA
scissor,Neutral,Neg_ctrl_Sample_81,0.0265694852522417,45310,4.65620364703219,Sample_100_TCGA_BRCA
scissor,Neutral,Neg_ctrl_Sample_82,0.0583013352740414,45310,4.65620364703219,Sample_100_TCGA_BRCA
scissor,Neutral,Neg_ctrl_Sample_83,0.0162234442245793,45310,4.65620364703219,Sample_100_TCGA_BRCA
scissor,Neutral,Neg_ctrl_Sample_84,-0.205404026149127,45310,4.65620364703219,Sample_100_TCGA_BRCA
scissor,Neutral,Neg_ctrl_Sample_85,-0.146703411424894,45310,4.65620364703219,Sample_100_TCGA_BRCA
scissor,Neutral,Neg_ctrl_Sample_86,0.0410071416470436,45310,4.65620364703219,Sample_100_TCGA_BRCA
scissor,Neutral,Neg_ctrl_Sample_87,-0.0266485502838212,45310,4.65620364703219,Sample_100_TCGA_BRCA
scissor,Neutral,Neg_ctrl_Sample_88,0.149843269314837,45310,4.65620364703219,Sample_100_TCGA_BRCA
scissor,Neutral,Neg_ctrl_Sample_89,0.0854863937283379,45310,4.65620364703219,Sample_100_TCGA_BRCA
scissor,Neutral,Neg_ctrl_Sample_90,0.0548157921704061,45310,4.65620364703219,Sample_100_TCGA_BRCA
scissor,Neutral,Neg_ctrl_Sample_91,-0.143455368708427,45310,4.65620364703219,Sample_100_TCGA_BRCA
scissor,Neutral,Neg_ctrl_Sample_92,0.00979680344355127,45310,4.65620364703219,Sample_100_TCGA_BRCA
scissor,Neutral,Neg_ctrl_Sample_93,0.00319475960083988,45310,4.65620364703219,Sample_100_TCGA_BRCA
scissor,Neutral,Neg_ctrl_Sample_94,0.173828324076222,45310,4.65620364703219,Sample_100_TCGA_BRCA
scissor,Neutral,Neg_ctrl_Sample_95,-0.141455688531225,45310,4.65620364703219,Sample_100_TCGA_BRCA
scissor,Neutral,Neg_ctrl_Sample_96,0.155574765562275,45310,4.65620364703219,Sample_100_TCGA_BRCA
scissor,Neutral,Neg_ctrl_Sample_97,-0.0936053489174437,45310,4.65620364703219,Sample_100_TCGA_BRCA
scissor,Neutral,Neg_ctrl_Sample_98,-0.135361072969898,45310,4.65620364703219,Sample_100_TCGA_BRCA
scissor,Neutral,Neg_ctrl_Sample_99,-0.175500313165753,45310,4.65620364703219,Sample_100_TCGA_BRCA
scissor,Neutral,Neg_ctrl_Sample_100,0.0216293342117217,45310,4.65620364703219,Sample_100_TCGA_BRCA
scissor,Positive,Neg_ctrl_Sample_1,0.000452099588502446,3090,3.49009900506331,Sample_100_TCGA_BRCA
scissor,Positive,Neg_ctrl_Sample_2,0.0115960743422236,3090,3.49009900506331,Sample_100_TCGA_BRCA
scissor,Positive,Neg_ctrl_Sample_3,0.0163243784719477,3090,3.49009900506331,Sample_100_TCGA_BRCA
scissor,Positive,Neg_ctrl_Sample_4,-0.197301452852139,3090,3.49009900506331,Sample_100_TCGA_BRCA
scissor,Positive,Neg_ctrl_Sample_5,-0.0795740457793076,3090,3.49009900506331,Sample_100_TCGA_BRCA
scissor,Positive,Neg_ctrl_Sample_6,-0.0426624930713219,3090,3.49009900506331,Sample_100_TCGA_BRCA
scissor,Positive,Neg_ctrl_Sample_7,0.0097171381617208,3090,3.49009900506331,Sample_100_TCGA_BRCA
scissor,Positive,Neg_ctrl_Sample_8,-0.110050557352421,3090,3.49009900506331,Sample_100_TCGA_BRCA
scissor,Positive,Neg_ctrl_Sample_9,0.0575287829237501,3090,3.49009900506331,Sample_100_TCGA_BRCA
scissor,Positive,Neg_ctrl_Sample_10,0.0239912253989724,3090,3.49009900506331,Sample_100_TCGA_BRCA
scissor,Positive,Neg_ctrl_Sample_11,0.134595612753141,3090,3.49009900506331,Sample_100_TCGA_BRCA
scissor,Positive,Neg_ctrl_Sample_12,0.0803453108321773,3090,3.49009900506331,Sample_100_TCGA_BRCA
scissor,Positive,Neg_ctrl_Sample_13,-0.232050978763846,3090,3.49009900506331,Sample_100_TCGA_BRCA
scissor,Positive,Neg_ctrl_Sample_14,0.2300150508948,3090,3.49009900506331,Sample_100_TCGA_BRCA
scissor,Positive,Neg_ctrl_Sample_15,0.0436986478932869,3090,3.49009900506331,Sample_100_TCGA_BRCA
scissor,Positive,Neg_ctrl_Sample_16,-0.148251236568849,3090,3.49009900506331,Sample_100_TCGA_BRCA
scissor,Positive,Neg_ctrl_Sample_17,0.101233509181946,3090,3.49009900506331,Sample_100_TCGA_BRCA
scissor,Positive,Neg_ctrl_Sample_18,0.0528432874232678,3090,3.49009900506331,Sample_100_TCGA_BRCA
scissor,Positive,Neg_ctrl_Sample_19,0.134831273440645,3090,3.49009900506331,Sample_100_TCGA_BRCA
scissor,Positive,Neg_ctrl_Sample_20,0.31558707872322,3090,3.49009900506331,Sample_100_TCGA_BRCA
scissor,Positive,Neg_ctrl_Sample_21,-0.0982620452284931,3090,3.49009900506331,Sample_100_TCGA_BRCA
scissor,Positive,Neg_ctrl_Sample_22,0.04133974815972,3090,3.49009900506331,Sample_100_TCGA_BRCA
scissor,Positive,Neg_ctrl_Sample_23,0.176655532357463,3090,3.49009900506331,Sample_100_TCGA_BRCA
scissor,Positive,Neg_ctrl_Sample_24,0.0172976234761793,3090,3.49009900506331,Sample_100_TCGA_BRCA
scissor,Positive,Neg_ctrl_Sample_25,0.102630921064781,3090,3.49009900506331,Sample_100_TCGA_BRCA
scissor,Positive,Neg_ctrl_Sample_26,0.0487396375461069,3090,3.49009900506331,Sample_100_TCGA_BRCA
scissor,Positive,Neg_ctrl_Sample_27,-0.0825581252350039,3090,3.49009900506331,Sample_100_TCGA_BRCA
scissor,Positive,Neg_ctrl_Sample_28,0.246163067500834,3090,3.49009900506331,Sample_100_TCGA_BRCA
scissor,Positive,Neg_ctrl_Sample_29,-0.0670762203276611,3090,3.49009900506331,Sample_100_TCGA_BRCA
scissor,Positive,Neg_ctrl_Sample_30,0.137307259924071,3090,3.49009900506331,Sample_100_TCGA_BRCA
scissor,Positive,Neg_ctrl_Sample_31,0.178781693130679,3090,3.49009900506331,Sample_100_TCGA_BRCA
scissor,Positive,Neg_ctrl_Sample_32,0.0325272911185596,3090,3.49009900506331,Sample_100_TCGA_BRCA
scissor,Positive,Neg_ctrl_Sample_33,0.0639048951838171,3090,3.49009900506331,Sample_100_TCGA_BRCA
scissor,Positive,Neg_ctrl_Sample_34,0.182839494565654,3090,3.49009900506331,Sample_100_TCGA_BRCA
scissor,Positive,Neg_ctrl_Sample_35,0.0155623193591868,3090,3.49009900506331,Sample_100_TCGA_BRCA
scissor,Positive,Neg_ctrl_Sample_36,-0.151623790220409,3090,3.49009900506331,Sample_100_TCGA_BRCA
scissor,Positive,Neg_ctrl_Sample_37,0.0500821934765578,3090,3.49009900506331,Sample_100_TCGA_BRCA
scissor,Positive,Neg_ctrl_Sample_38,0.105328365123321,3090,3.49009900506331,Sample_100_TCGA_BRCA
scissor,Positive,Neg_ctrl_Sample_39,0.145101831564999,3090,3.49009900506331,Sample_100_TCGA_BRCA
scissor,Positive,Neg_ctrl_Sample_40,0.0613412275305339,3090,3.49009900506331,Sample_100_TCGA_BRCA
scissor,Positive,Neg_ctrl_Sample_41,0.0667344267690313,3090,3.49009900506331,Sample_100_TCGA_BRCA
scissor,Positive,Neg_ctrl_Sample_42,0.0617718977852372,3090,3.49009900506331,Sample_100_TCGA_BRCA
scissor,Positive,Neg_ctrl_Sample_43,0.0624471185054115,3090,3.49009900506331,Sample_100_TCGA_BRCA
scissor,Positive,Neg_ctrl_Sample_44,-0.113922861192924,3090,3.49009900506331,Sample_100_TCGA_BRCA
scissor,Positive,Neg_ctrl_Sample_45,0.0751912233726516,3090,3.49009900506331,Sample_100_TCGA_BRCA
scissor,Positive,Neg_ctrl_Sample_46,0.293539642740803,3090,3.49009900506331,Sample_100_TCGA_BRCA
scissor,Positive,Neg_ctrl_Sample_47,0.217194385546201,3090,3.49009900506331,Sample_100_TCGA_BRCA
scissor,Positive,Neg_ctrl_Sample_48,0.257921871198819,3090,3.49009900506331,Sample_100_TCGA_BRCA
scissor,Positive,Neg_ctrl_Sample_49,0.259410497052907,3090,3.49009900506331,Sample_100_TCGA_BRCA
scissor,Positive,Neg_ctrl_Sample_50,0.116927499700102,3090,3.49009900506331,Sample_100_TCGA_BRCA
scissor,Positive,Neg_ctrl_Sample_51,-0.0988381324102979,3090,3.49009900506331,Sample_100_TCGA_BRCA
scissor,Positive,Neg_ctrl_Sample_52,-0.0140289898734382,3090,3.49009900506331,Sample_100_TCGA_BRCA
scissor,Positive,Neg_ctrl_Sample_53,-0.0236382274616202,3090,3.49009900506331,Sample_100_TCGA_BRCA
scissor,Positive,Neg_ctrl_Sample_54,0.158988880047402,3090,3.49009900506331,Sample_100_TCGA_BRCA
scissor,Positive,Neg_ctrl_Sample_55,0.0936047668029441,3090,3.49009900506331,Sample_100_TCGA_BRCA
scissor,Positive,Neg_ctrl_Sample_56,0.0475972081114968,3090,3.49009900506331,Sample_100_TCGA_BRCA
scissor,Positive,Neg_ctrl_Sample_57,0.0416107849895833,3090,3.49009900506331,Sample_100_TCGA_BRCA
scissor,Positive,Neg_ctrl_Sample_58,-0.0177094371596464,3090,3.49009900506331,Sample_100_TCGA_BRCA
scissor,Positive,Neg_ctrl_Sample_59,0.1339914087432,3090,3.49009900506331,Sample_100_TCGA_BRCA
scissor,Positive,Neg_ctrl_Sample_60,-0.0239273694159898,3090,3.49009900506331,Sample_100_TCGA_BRCA
scissor,Positive,Neg_ctrl_Sample_61,0.0914151612470363,3090,3.49009900506331,Sample_100_TCGA_BRCA
scissor,Positive,Neg_ctrl_Sample_62,0.164384109205801,3090,3.49009900506331,Sample_100_TCGA_BRCA
scissor,Positive,Neg_ctrl_Sample_63,0.164605098563855,3090,3.49009900506331,Sample_100_TCGA_BRCA
scissor,Positive,Neg_ctrl_Sample_64,0.0884611393315037,3090,3.49009900506331,Sample_100_TCGA_BRCA
scissor,Positive,Neg_ctrl_Sample_65,-0.191320122086479,3090,3.49009900506331,Sample_100_TCGA_BRCA
scissor,Positive,Neg_ctrl_Sample_66,0.0653946413199111,3090,3.49009900506331,Sample_100_TCGA_BRCA
scissor,Positive,Neg_ctrl_Sample_67,0.136313980456536,3090,3.49009900506331,Sample_100_TCGA_BRCA
scissor,Positive,Neg_ctrl_Sample_68,-0.0235174805430854,3090,3.49009900506331,Sample_100_TCGA_BRCA
scissor,Positive,Neg_ctrl_Sample_69,0.0671491602464073,3090,3.49009900506331,Sample_100_TCGA_BRCA
scissor,Positive,Neg_ctrl_Sample_70,0.0548947343882795,3090,3.49009900506331,Sample_100_TCGA_BRCA
scissor,Positive,Neg_ctrl_Sample_71,0.326777927076188,3090,3.49009900506331,Sample_100_TCGA_BRCA
scissor,Positive,Neg_ctrl_Sample_72,0.124449175446903,3090,3.49009900506331,Sample_100_TCGA_BRCA
scissor,Positive,Neg_ctrl_Sample_73,-0.118958300247424,3090,3.49009900506331,Sample_100_TCGA_BRCA
scissor,Positive,Neg_ctrl_Sample_74,0.140145971929305,3090,3.49009900506331,Sample_100_TCGA_BRCA
scissor,Positive,Neg_ctrl_Sample_75,-0.123190901531614,3090,3.49009900506331,Sample_100_TCGA_BRCA
scissor,Positive,Neg_ctrl_Sample_76,-0.117775017244863,3090,3.49009900506331,Sample_100_TCGA_BRCA
scissor,Positive,Neg_ctrl_Sample_77,-0.0456079943085503,3090,3.49009900506331,Sample_100_TCGA_BRCA
scissor,Positive,Neg_ctrl_Sample_78,-0.0299334018864133,3090,3.49009900506331,Sample_100_TCGA_BRCA
scissor,Positive,Neg_ctrl_Sample_79,-0.062651665537876,3090,3.49009900506331,Sample_100_TCGA_BRCA
scissor,Positive,Neg_ctrl_Sample_80,-0.0164254140925408,3090,3.49009900506331,Sample_100_TCGA_BRCA
scissor,Positive,Neg_ctrl_Sample_81,0.0226977276758181,3090,3.49009900506331,Sample_100_TCGA_BRCA
scissor,Positive,Neg_ctrl_Sample_82,0.0568180057284917,3090,3.49009900506331,Sample_100_TCGA_BRCA
scissor,Positive,Neg_ctrl_Sample_83,0.0209489255670801,3090,3.49009900506331,Sample_100_TCGA_BRCA
scissor,Positive,Neg_ctrl_Sample_84,-0.201591170317607,3090,3.49009900506331,Sample_100_TCGA_BRCA
scissor,Positive,Neg_ctrl_Sample_85,-0.142250843330048,3090,3.49009900506331,Sample_100_TCGA_BRCA
scissor,Positive,Neg_ctrl_Sample_86,0.0499578421782057,3090,3.49009900506331,Sample_100_TCGA_BRCA
scissor,Positive,Neg_ctrl_Sample_87,-0.0248608102771444,3090,3.49009900506331,Sample_100_TCGA_BRCA
scissor,Positive,Neg_ctrl_Sample_88,0.155513329455606,3090,3.49009900506331,Sample_100_TCGA_BRCA
scissor,Positive,Neg_ctrl_Sample_89,0.0849277113446943,3090,3.49009900506331,Sample_100_TCGA_BRCA
scissor,Positive,Neg_ctrl_Sample_90,0.0649381106226332,3090,3.49009900506331,Sample_100_TCGA_BRCA
scissor,Positive,Neg_ctrl_Sample_91,-0.134793420787964,3090,3.49009900506331,Sample_100_TCGA_BRCA
scissor,Positive,Neg_ctrl_Sample_92,0.00131191280635233,3090,3.49009900506331,Sample_100_TCGA_BRCA
scissor,Positive,Neg_ctrl_Sample_93,0.00149631712311919,3090,3.49009900506331,Sample_100_TCGA_BRCA
scissor,Positive,Neg_ctrl_Sample_94,0.178056885305998,3090,3.49009900506331,Sample_100_TCGA_BRCA
scissor,Positive,Neg_ctrl_Sample_95,-0.135082847407545,3090,3.49009900506331,Sample_100_TCGA_BRCA
scissor,Positive,Neg_ctrl_Sample_96,0.163243319886712,3090,3.49009900506331,Sample_100_TCGA_BRCA
scissor,Positive,Neg_ctrl_Sample_97,-0.0885285376608141,3090,3.49009900506331,Sample_100_TCGA_BRCA
scissor,Positive,Neg_ctrl_Sample_98,-0.134363320281401,3090,3.49009900506331,Sample_100_TCGA_BRCA
scissor,Positive,Neg_ctrl_Sample_99,-0.168033988984391,3090,3.49009900506331,Sample_100_TCGA_BRCA
scissor,Positive,Neg_ctrl_Sample_100,0.0246809699189545,3090,3.49009900506331,Sample_100_TCGA_BRCA
scAB,Other,Neg_ctrl_Sample_1,-0.000710668069023194,46155,4.66422816467975,Sample_100_TCGA_BRCA
scAB,Other,Neg_ctrl_Sample_2,0.00991842813932307,46155,4.66422816467975,Sample_100_TCGA_BRCA
scAB,Other,Neg_ctrl_Sample_3,0.0119744606684312,46155,4.66422816467975,Sample_100_TCGA_BRCA
scAB,Other,Neg_ctrl_Sample_4,-0.195168841516112,46155,4.66422816467975,Sample_100_TCGA_BRCA
scAB,Other,Neg_ctrl_Sample_5,-0.0795635614476658,46155,4.66422816467975,Sample_100_TCGA_BRCA
scAB,Other,Neg_ctrl_Sample_6,-0.0429213392857941,46155,4.66422816467975,Sample_100_TCGA_BRCA
scAB,Other,Neg_ctrl_Sample_7,0.00155883402270238,46155,4.66422816467975,Sample_100_TCGA_BRCA
scAB,Other,Neg_ctrl_Sample_8,-0.109094826475204,46155,4.66422816467975,Sample_100_TCGA_BRCA
scAB,Other,Neg_ctrl_Sample_9,0.0590051191754024,46155,4.66422816467975,Sample_100_TCGA_BRCA
scAB,Other,Neg_ctrl_Sample_10,0.0228528826118192,46155,4.66422816467975,Sample_100_TCGA_BRCA
scAB,Other,Neg_ctrl_Sample_11,0.129020230065169,46155,4.66422816467975,Sample_100_TCGA_BRCA
scAB,Other,Neg_ctrl_Sample_12,0.0752247990431523,46155,4.66422816467975,Sample_100_TCGA_BRCA
scAB,Other,Neg_ctrl_Sample_13,-0.233336681996657,46155,4.66422816467975,Sample_100_TCGA_BRCA
scAB,Other,Neg_ctrl_Sample_14,0.227569586828978,46155,4.66422816467975,Sample_100_TCGA_BRCA
scAB,Other,Neg_ctrl_Sample_15,0.0377031075931454,46155,4.66422816467975,Sample_100_TCGA_BRCA
scAB,Other,Neg_ctrl_Sample_16,-0.145919989293275,46155,4.66422816467975,Sample_100_TCGA_BRCA
scAB,Other,Neg_ctrl_Sample_17,0.0991092794565158,46155,4.66422816467975,Sample_100_TCGA_BRCA
scAB,Other,Neg_ctrl_Sample_18,0.055610918353466,46155,4.66422816467975,Sample_100_TCGA_BRCA
scAB,Other,Neg_ctrl_Sample_19,0.134344496465918,46155,4.66422816467975,Sample_100_TCGA_BRCA
scAB,Other,Neg_ctrl_Sample_20,0.317869329989239,46155,4.66422816467975,Sample_100_TCGA_BRCA
scAB,Other,Neg_ctrl_Sample_21,-0.0943129300248195,46155,4.66422816467975,Sample_100_TCGA_BRCA
scAB,Other,Neg_ctrl_Sample_22,0.0412008496221591,46155,4.66422816467975,Sample_100_TCGA_BRCA
scAB,Other,Neg_ctrl_Sample_23,0.179735977683599,46155,4.66422816467975,Sample_100_TCGA_BRCA
scAB,Other,Neg_ctrl_Sample_24,0.0229040968231441,46155,4.66422816467975,Sample_100_TCGA_BRCA
scAB,Other,Neg_ctrl_Sample_25,0.101379524481415,46155,4.66422816467975,Sample_100_TCGA_BRCA
scAB,Other,Neg_ctrl_Sample_26,0.0455242299657993,46155,4.66422816467975,Sample_100_TCGA_BRCA
scAB,Other,Neg_ctrl_Sample_27,-0.0836892474032606,46155,4.66422816467975,Sample_100_TCGA_BRCA
scAB,Other,Neg_ctrl_Sample_28,0.245053622456168,46155,4.66422816467975,Sample_100_TCGA_BRCA
scAB,Other,Neg_ctrl_Sample_29,-0.0706785892220785,46155,4.66422816467975,Sample_100_TCGA_BRCA
scAB,Other,Neg_ctrl_Sample_30,0.13655057587081,46155,4.66422816467975,Sample_100_TCGA_BRCA
scAB,Other,Neg_ctrl_Sample_31,0.183282816596649,46155,4.66422816467975,Sample_100_TCGA_BRCA
scAB,Other,Neg_ctrl_Sample_32,0.0313063563432861,46155,4.66422816467975,Sample_100_TCGA_BRCA
scAB,Other,Neg_ctrl_Sample_33,0.0565108250609801,46155,4.66422816467975,Sample_100_TCGA_BRCA
scAB,Other,Neg_ctrl_Sample_34,0.184492322673702,46155,4.66422816467975,Sample_100_TCGA_BRCA
scAB,Other,Neg_ctrl_Sample_35,0.0165308169372541,46155,4.66422816467975,Sample_100_TCGA_BRCA
scAB,Other,Neg_ctrl_Sample_36,-0.14593183761843,46155,4.66422816467975,Sample_100_TCGA_BRCA
scAB,Other,Neg_ctrl_Sample_37,0.0490690976431795,46155,4.66422816467975,Sample_100_TCGA_BRCA
scAB,Other,Neg_ctrl_Sample_38,0.107229736961021,46155,4.66422816467975,Sample_100_TCGA_BRCA
scAB,Other,Neg_ctrl_Sample_39,0.147086189424952,46155,4.66422816467975,Sample_100_TCGA_BRCA
scAB,Other,Neg_ctrl_Sample_40,0.0598347923354571,46155,4.66422816467975,Sample_100_TCGA_BRCA
scAB,Other,Neg_ctrl_Sample_41,0.0693851812901821,46155,4.66422816467975,Sample_100_TCGA_BRCA
scAB,Other,Neg_ctrl_Sample_42,0.0557113586999861,46155,4.66422816467975,Sample_100_TCGA_BRCA
scAB,Other,Neg_ctrl_Sample_43,0.0603907338116751,46155,4.66422816467975,Sample_100_TCGA_BRCA
scAB,Other,Neg_ctrl_Sample_44,-0.123850942998391,46155,4.66422816467975,Sample_100_TCGA_BRCA
scAB,Other,Neg_ctrl_Sample_45,0.068635037687923,46155,4.66422816467975,Sample_100_TCGA_BRCA
scAB,Other,Neg_ctrl_Sample_46,0.29067934675043,46155,4.66422816467975,Sample_100_TCGA_BRCA
scAB,Other,Neg_ctrl_Sample_47,0.210768505678394,46155,4.66422816467975,Sample_100_TCGA_BRCA
scAB,Other,Neg_ctrl_Sample_48,0.251808303581371,46155,4.66422816467975,Sample_100_TCGA_BRCA
scAB,Other,Neg_ctrl_Sample_49,0.262479354370862,46155,4.66422816467975,Sample_100_TCGA_BRCA
scAB,Other,Neg_ctrl_Sample_50,0.115547276827831,46155,4.66422816467975,Sample_100_TCGA_BRCA
scAB,Other,Neg_ctrl_Sample_51,-0.0978457927271758,46155,4.66422816467975,Sample_100_TCGA_BRCA
scAB,Other,Neg_ctrl_Sample_52,-0.014090031305382,46155,4.66422816467975,Sample_100_TCGA_BRCA
scAB,Other,Neg_ctrl_Sample_53,-0.0369956115373178,46155,4.66422816467975,Sample_100_TCGA_BRCA
scAB,Other,Neg_ctrl_Sample_54,0.157435957972629,46155,4.66422816467975,Sample_100_TCGA_BRCA
scAB,Other,Neg_ctrl_Sample_55,0.0984403001265785,46155,4.66422816467975,Sample_100_TCGA_BRCA
scAB,Other,Neg_ctrl_Sample_56,0.0439974896398207,46155,4.66422816467975,Sample_100_TCGA_BRCA
scAB,Other,Neg_ctrl_Sample_57,0.0419946947072803,46155,4.66422816467975,Sample_100_TCGA_BRCA
scAB,Other,Neg_ctrl_Sample_58,-0.0151783196768828,46155,4.66422816467975,Sample_100_TCGA_BRCA
scAB,Other,Neg_ctrl_Sample_59,0.130300228623193,46155,4.66422816467975,Sample_100_TCGA_BRCA
scAB,Other,Neg_ctrl_Sample_60,-0.0281737365507562,46155,4.66422816467975,Sample_100_TCGA_BRCA
scAB,Other,Neg_ctrl_Sample_61,0.0889235439169985,46155,4.66422816467975,Sample_100_TCGA_BRCA
scAB,Other,Neg_ctrl_Sample_62,0.15650382569933,46155,4.66422816467975,Sample_100_TCGA_BRCA
scAB,Other,Neg_ctrl_Sample_63,0.159511444807734,46155,4.66422816467975,Sample_100_TCGA_BRCA
scAB,Other,Neg_ctrl_Sample_64,0.087057404178085,46155,4.66422816467975,Sample_100_TCGA_BRCA
scAB,Other,Neg_ctrl_Sample_65,-0.188142203598299,46155,4.66422816467975,Sample_100_TCGA_BRCA
scAB,Other,Neg_ctrl_Sample_66,0.0643558252584272,46155,4.66422816467975,Sample_100_TCGA_BRCA
scAB,Other,Neg_ctrl_Sample_67,0.129204020094999,46155,4.66422816467975,Sample_100_TCGA_BRCA
scAB,Other,Neg_ctrl_Sample_68,-0.0235981100439106,46155,4.66422816467975,Sample_100_TCGA_BRCA
scAB,Other,Neg_ctrl_Sample_69,0.0594586552615725,46155,4.66422816467975,Sample_100_TCGA_BRCA
scAB,Other,Neg_ctrl_Sample_70,0.0494502284328185,46155,4.66422816467975,Sample_100_TCGA_BRCA
scAB,Other,Neg_ctrl_Sample_71,0.326859452119719,46155,4.66422816467975,Sample_100_TCGA_BRCA
scAB,Other,Neg_ctrl_Sample_72,0.12618382455856,46155,4.66422816467975,Sample_100_TCGA_BRCA
scAB,Other,Neg_ctrl_Sample_73,-0.120561605070984,46155,4.66422816467975,Sample_100_TCGA_BRCA
scAB,Other,Neg_ctrl_Sample_74,0.136624186611906,46155,4.66422816467975,Sample_100_TCGA_BRCA
scAB,Other,Neg_ctrl_Sample_75,-0.128718813999463,46155,4.66422816467975,Sample_100_TCGA_BRCA
scAB,Other,Neg_ctrl_Sample_76,-0.119230200096879,46155,4.66422816467975,Sample_100_TCGA_BRCA
scAB,Other,Neg_ctrl_Sample_77,-0.0405744606491596,46155,4.66422816467975,Sample_100_TCGA_BRCA
scAB,Other,Neg_ctrl_Sample_78,-0.0312270214050222,46155,4.66422816467975,Sample_100_TCGA_BRCA
scAB,Other,Neg_ctrl_Sample_79,-0.0625227464033509,46155,4.66422816467975,Sample_100_TCGA_BRCA
scAB,Other,Neg_ctrl_Sample_80,-0.0107058972666539,46155,4.66422816467975,Sample_100_TCGA_BRCA
scAB,Other,Neg_ctrl_Sample_81,0.0250550275028395,46155,4.66422816467975,Sample_100_TCGA_BRCA
scAB,Other,Neg_ctrl_Sample_82,0.0560896130142464,46155,4.66422816467975,Sample_100_TCGA_BRCA
scAB,Other,Neg_ctrl_Sample_83,0.0178023952671304,46155,4.66422816467975,Sample_100_TCGA_BRCA
scAB,Other,Neg_ctrl_Sample_84,-0.20418609992081,46155,4.66422816467975,Sample_100_TCGA_BRCA
scAB,Other,Neg_ctrl_Sample_85,-0.144440305543003,46155,4.66422816467975,Sample_100_TCGA_BRCA
scAB,Other,Neg_ctrl_Sample_86,0.0389651136086303,46155,4.66422816467975,Sample_100_TCGA_BRCA
scAB,Other,Neg_ctrl_Sample_87,-0.0249576175863286,46155,4.66422816467975,Sample_100_TCGA_BRCA
scAB,Other,Neg_ctrl_Sample_88,0.151174936846479,46155,4.66422816467975,Sample_100_TCGA_BRCA
scAB,Other,Neg_ctrl_Sample_89,0.0841856668446729,46155,4.66422816467975,Sample_100_TCGA_BRCA
scAB,Other,Neg_ctrl_Sample_90,0.0559766093585167,46155,4.66422816467975,Sample_100_TCGA_BRCA
scAB,Other,Neg_ctrl_Sample_91,-0.140674264883106,46155,4.66422816467975,Sample_100_TCGA_BRCA
scAB,Other,Neg_ctrl_Sample_92,0.00972192867384471,46155,4.66422816467975,Sample_100_TCGA_BRCA
scAB,Other,Neg_ctrl_Sample_93,0.00280664312631215,46155,4.66422816467975,Sample_100_TCGA_BRCA
scAB,Other,Neg_ctrl_Sample_94,0.173936693155275,46155,4.66422816467975,Sample_100_TCGA_BRCA
scAB,Other,Neg_ctrl_Sample_95,-0.138486566852393,46155,4.66422816467975,Sample_100_TCGA_BRCA
scAB,Other,Neg_ctrl_Sample_96,0.15466959289845,46155,4.66422816467975,Sample_100_TCGA_BRCA
scAB,Other,Neg_ctrl_Sample_97,-0.0941844749362215,46155,4.66422816467975,Sample_100_TCGA_BRCA
scAB,Other,Neg_ctrl_Sample_98,-0.136364640774428,46155,4.66422816467975,Sample_100_TCGA_BRCA
scAB,Other,Neg_ctrl_Sample_99,-0.173711271472842,46155,4.66422816467975,Sample_100_TCGA_BRCA
scAB,Other,Neg_ctrl_Sample_100,0.0224719420372612,46155,4.66422816467975,Sample_100_TCGA_BRCA
scAB,Positive,Neg_ctrl_Sample_1,-0.00887218501899315,8495,3.92921450373739,Sample_100_TCGA_BRCA
scAB,Positive,Neg_ctrl_Sample_2,0.0171813105386074,8495,3.92921450373739,Sample_100_TCGA_BRCA
scAB,Positive,Neg_ctrl_Sample_3,0.0168715521319604,8495,3.92921450373739,Sample_100_TCGA_BRCA
scAB,Positive,Neg_ctrl_Sample_4,-0.201333036417473,8495,3.92921450373739,Sample_100_TCGA_BRCA
scAB,Positive,Neg_ctrl_Sample_5,-0.0896672704318094,8495,3.92921450373739,Sample_100_TCGA_BRCA
scAB,Positive,Neg_ctrl_Sample_6,-0.0529331551590642,8495,3.92921450373739,Sample_100_TCGA_BRCA
scAB,Positive,Neg_ctrl_Sample_7,0.00339923984047801,8495,3.92921450373739,Sample_100_TCGA_BRCA
scAB,Positive,Neg_ctrl_Sample_8,-0.109686110143711,8495,3.92921450373739,Sample_100_TCGA_BRCA
scAB,Positive,Neg_ctrl_Sample_9,0.0744166166399764,8495,3.92921450373739,Sample_100_TCGA_BRCA
scAB,Positive,Neg_ctrl_Sample_10,0.0195086799012212,8495,3.92921450373739,Sample_100_TCGA_BRCA
scAB,Positive,Neg_ctrl_Sample_11,0.131924948727623,8495,3.92921450373739,Sample_100_TCGA_BRCA
scAB,Positive,Neg_ctrl_Sample_12,0.071423257233039,8495,3.92921450373739,Sample_100_TCGA_BRCA
scAB,Positive,Neg_ctrl_Sample_13,-0.239086957762606,8495,3.92921450373739,Sample_100_TCGA_BRCA
scAB,Positive,Neg_ctrl_Sample_14,0.23157663337496,8495,3.92921450373739,Sample_100_TCGA_BRCA
scAB,Positive,Neg_ctrl_Sample_15,0.038154173555207,8495,3.92921450373739,Sample_100_TCGA_BRCA
scAB,Positive,Neg_ctrl_Sample_16,-0.156872595950243,8495,3.92921450373739,Sample_100_TCGA_BRCA
scAB,Positive,Neg_ctrl_Sample_17,0.110053018416207,8495,3.92921450373739,Sample_100_TCGA_BRCA
scAB,Positive,Neg_ctrl_Sample_18,0.0549201019542898,8495,3.92921450373739,Sample_100_TCGA_BRCA
scAB,Positive,Neg_ctrl_Sample_19,0.130671781597161,8495,3.92921450373739,Sample_100_TCGA_BRCA
scAB,Positive,Neg_ctrl_Sample_20,0.302280061982247,8495,3.92921450373739,Sample_100_TCGA_BRCA
scAB,Positive,Neg_ctrl_Sample_21,-0.10022647334969,8495,3.92921450373739,Sample_100_TCGA_BRCA
scAB,Positive,Neg_ctrl_Sample_22,0.0339077277453229,8495,3.92921450373739,Sample_100_TCGA_BRCA
scAB,Positive,Neg_ctrl_Sample_23,0.177885966937706,8495,3.92921450373739,Sample_100_TCGA_BRCA
scAB,Positive,Neg_ctrl_Sample_24,0.0215455820320773,8495,3.92921450373739,Sample_100_TCGA_BRCA
scAB,Positive,Neg_ctrl_Sample_25,0.111606309924067,8495,3.92921450373739,Sample_100_TCGA_BRCA
scAB,Positive,Neg_ctrl_Sample_26,0.0252425536411781,8495,3.92921450373739,Sample_100_TCGA_BRCA
scAB,Positive,Neg_ctrl_Sample_27,-0.0714070763982787,8495,3.92921450373739,Sample_100_TCGA_BRCA
scAB,Positive,Neg_ctrl_Sample_28,0.255498492500467,8495,3.92921450373739,Sample_100_TCGA_BRCA
scAB,Positive,Neg_ctrl_Sample_29,-0.065992076551754,8495,3.92921450373739,Sample_100_TCGA_BRCA
scAB,Positive,Neg_ctrl_Sample_30,0.132791314441426,8495,3.92921450373739,Sample_100_TCGA_BRCA
scAB,Positive,Neg_ctrl_Sample_31,0.18789278794087,8495,3.92921450373739,Sample_100_TCGA_BRCA
scAB,Positive,Neg_ctrl_Sample_32,0.0287843414418314,8495,3.92921450373739,Sample_100_TCGA_BRCA
scAB,Positive,Neg_ctrl_Sample_33,0.0484820879793767,8495,3.92921450373739,Sample_100_TCGA_BRCA
scAB,Positive,Neg_ctrl_Sample_34,0.185340080170156,8495,3.92921450373739,Sample_100_TCGA_BRCA
scAB,Positive,Neg_ctrl_Sample_35,0.0260438626853029,8495,3.92921450373739,Sample_100_TCGA_BRCA
scAB,Positive,Neg_ctrl_Sample_36,-0.14933413778358,8495,3.92921450373739,Sample_100_TCGA_BRCA
scAB,Positive,Neg_ctrl_Sample_37,0.0479254109346497,8495,3.92921450373739,Sample_100_TCGA_BRCA
scAB,Positive,Neg_ctrl_Sample_38,0.113774763790348,8495,3.92921450373739,Sample_100_TCGA_BRCA
scAB,Positive,Neg_ctrl_Sample_39,0.138441250989726,8495,3.92921450373739,Sample_100_TCGA_BRCA
scAB,Positive,Neg_ctrl_Sample_40,0.0660054158728989,8495,3.92921450373739,Sample_100_TCGA_BRCA
scAB,Positive,Neg_ctrl_Sample_41,0.0637714104909181,8495,3.92921450373739,Sample_100_TCGA_BRCA
scAB,Positive,Neg_ctrl_Sample_42,0.0611160926640512,8495,3.92921450373739,Sample_100_TCGA_BRCA
scAB,Positive,Neg_ctrl_Sample_43,0.0596980645074926,8495,3.92921450373739,Sample_100_TCGA_BRCA
scAB,Positive,Neg_ctrl_Sample_44,-0.136982597491755,8495,3.92921450373739,Sample_100_TCGA_BRCA
scAB,Positive,Neg_ctrl_Sample_45,0.0630478161078765,8495,3.92921450373739,Sample_100_TCGA_BRCA
scAB,Positive,Neg_ctrl_Sample_46,0.295568512545351,8495,3.92921450373739,Sample_100_TCGA_BRCA
scAB,Positive,Neg_ctrl_Sample_47,0.210489470668887,8495,3.92921450373739,Sample_100_TCGA_BRCA
scAB,Positive,Neg_ctrl_Sample_48,0.264785758060793,8495,3.92921450373739,Sample_100_TCGA_BRCA
scAB,Positive,Neg_ctrl_Sample_49,0.251426420324499,8495,3.92921450373739,Sample_100_TCGA_BRCA
scAB,Positive,Neg_ctrl_Sample_50,0.124053750819243,8495,3.92921450373739,Sample_100_TCGA_BRCA
scAB,Positive,Neg_ctrl_Sample_51,-0.113326241434708,8495,3.92921450373739,Sample_100_TCGA_BRCA
scAB,Positive,Neg_ctrl_Sample_52,-0.0075514117471258,8495,3.92921450373739,Sample_100_TCGA_BRCA
scAB,Positive,Neg_ctrl_Sample_53,-0.0343683917756277,8495,3.92921450373739,Sample_100_TCGA_BRCA
scAB,Positive,Neg_ctrl_Sample_54,0.150604374390207,8495,3.92921450373739,Sample_100_TCGA_BRCA
scAB,Positive,Neg_ctrl_Sample_55,0.0995119101851942,8495,3.92921450373739,Sample_100_TCGA_BRCA
scAB,Positive,Neg_ctrl_Sample_56,0.0436047425015641,8495,3.92921450373739,Sample_100_TCGA_BRCA
scAB,Positive,Neg_ctrl_Sample_57,0.0517624809909764,8495,3.92921450373739,Sample_100_TCGA_BRCA
scAB,Positive,Neg_ctrl_Sample_58,0.0015872925330503,8495,3.92921450373739,Sample_100_TCGA_BRCA
scAB,Positive,Neg_ctrl_Sample_59,0.144454165549261,8495,3.92921450373739,Sample_100_TCGA_BRCA
scAB,Positive,Neg_ctrl_Sample_60,-0.0237543395908387,8495,3.92921450373739,Sample_100_TCGA_BRCA
scAB,Positive,Neg_ctrl_Sample_61,0.097352659532131,8495,3.92921450373739,Sample_100_TCGA_BRCA
scAB,Positive,Neg_ctrl_Sample_62,0.159635488018306,8495,3.92921450373739,Sample_100_TCGA_BRCA
scAB,Positive,Neg_ctrl_Sample_63,0.146878554658618,8495,3.92921450373739,Sample_100_TCGA_BRCA
scAB,Positive,Neg_ctrl_Sample_64,0.0708723576553823,8495,3.92921450373739,Sample_100_TCGA_BRCA
scAB,Positive,Neg_ctrl_Sample_65,-0.199482145938063,8495,3.92921450373739,Sample_100_TCGA_BRCA
scAB,Positive,Neg_ctrl_Sample_66,0.0552102402084264,8495,3.92921450373739,Sample_100_TCGA_BRCA
scAB,Positive,Neg_ctrl_Sample_67,0.125033465823218,8495,3.92921450373739,Sample_100_TCGA_BRCA
scAB,Positive,Neg_ctrl_Sample_68,-0.0334866127850226,8495,3.92921450373739,Sample_100_TCGA_BRCA
scAB,Positive,Neg_ctrl_Sample_69,0.0565189166326058,8495,3.92921450373739,Sample_100_TCGA_BRCA
scAB,Positive,Neg_ctrl_Sample_70,0.0521393303394657,8495,3.92921450373739,Sample_100_TCGA_BRCA
scAB,Positive,Neg_ctrl_Sample_71,0.307517958630355,8495,3.92921450373739,Sample_100_TCGA_BRCA
scAB,Positive,Neg_ctrl_Sample_72,0.124563235496832,8495,3.92921450373739,Sample_100_TCGA_BRCA
scAB,Positive,Neg_ctrl_Sample_73,-0.142519548441385,8495,3.92921450373739,Sample_100_TCGA_BRCA
scAB,Positive,Neg_ctrl_Sample_74,0.140603598545294,8495,3.92921450373739,Sample_100_TCGA_BRCA
scAB,Positive,Neg_ctrl_Sample_75,-0.133206585586933,8495,3.92921450373739,Sample_100_TCGA_BRCA
scAB,Positive,Neg_ctrl_Sample_76,-0.125410686334234,8495,3.92921450373739,Sample_100_TCGA_BRCA
scAB,Positive,Neg_ctrl_Sample_77,-0.0335429963401815,8495,3.92921450373739,Sample_100_TCGA_BRCA
scAB,Positive,Neg_ctrl_Sample_78,-0.0289302979953401,8495,3.92921450373739,Sample_100_TCGA_BRCA
scAB,Positive,Neg_ctrl_Sample_79,-0.0690789636851449,8495,3.92921450373739,Sample_100_TCGA_BRCA
scAB,Positive,Neg_ctrl_Sample_80,-0.00623096591639817,8495,3.92921450373739,Sample_100_TCGA_BRCA
scAB,Positive,Neg_ctrl_Sample_81,0.0316767071298586,8495,3.92921450373739,Sample_100_TCGA_BRCA
scAB,Positive,Neg_ctrl_Sample_82,0.0632734600678387,8495,3.92921450373739,Sample_100_TCGA_BRCA
scAB,Positive,Neg_ctrl_Sample_83,0.0118859576312803,8495,3.92921450373739,Sample_100_TCGA_BRCA
scAB,Positive,Neg_ctrl_Sample_84,-0.208928071627802,8495,3.92921450373739,Sample_100_TCGA_BRCA
scAB,Positive,Neg_ctrl_Sample_85,-0.157049956775305,8495,3.92921450373739,Sample_100_TCGA_BRCA
scAB,Positive,Neg_ctrl_Sample_86,0.0513790321854242,8495,3.92921450373739,Sample_100_TCGA_BRCA
scAB,Positive,Neg_ctrl_Sample_87,-0.0296153930927344,8495,3.92921450373739,Sample_100_TCGA_BRCA
scAB,Positive,Neg_ctrl_Sample_88,0.147700835342898,8495,3.92921450373739,Sample_100_TCGA_BRCA
scAB,Positive,Neg_ctrl_Sample_89,0.0891454666766499,8495,3.92921450373739,Sample_100_TCGA_BRCA
scAB,Positive,Neg_ctrl_Sample_90,0.0517975828172944,8495,3.92921450373739,Sample_100_TCGA_BRCA
scAB,Positive,Neg_ctrl_Sample_91,-0.153940186324872,8495,3.92921450373739,Sample_100_TCGA_BRCA
scAB,Positive,Neg_ctrl_Sample_92,0.0102930159549214,8495,3.92921450373739,Sample_100_TCGA_BRCA
scAB,Positive,Neg_ctrl_Sample_93,0.00438285600671836,8495,3.92921450373739,Sample_100_TCGA_BRCA
scAB,Positive,Neg_ctrl_Sample_94,0.177077532671752,8495,3.92921450373739,Sample_100_TCGA_BRCA
scAB,Positive,Neg_ctrl_Sample_95,-0.148010073648147,8495,3.92921450373739,Sample_100_TCGA_BRCA
scAB,Positive,Neg_ctrl_Sample_96,0.159823395701909,8495,3.92921450373739,Sample_100_TCGA_BRCA
scAB,Positive,Neg_ctrl_Sample_97,-0.0935785781517716,8495,3.92921450373739,Sample_100_TCGA_BRCA
scAB,Positive,Neg_ctrl_Sample_98,-0.131425127935716,8495,3.92921450373739,Sample_100_TCGA_BRCA
scAB,Positive,Neg_ctrl_Sample_99,-0.179865179772503,8495,3.92921450373739,Sample_100_TCGA_BRCA
scAB,Positive,Neg_ctrl_Sample_100,0.0211011347608091,8495,3.92921450373739,Sample_100_TCGA_BRCA
scPAS,Neutral,Neg_ctrl_Sample_1,-0.00199328344354703,53378,4.72737043347266,Sample_100_TCGA_BRCA
scPAS,Neutral,Neg_ctrl_Sample_2,0.0108737107159329,53378,4.72737043347266,Sample_100_TCGA_BRCA
scPAS,Neutral,Neg_ctrl_Sample_3,0.012617582452943,53378,4.72737043347266,Sample_100_TCGA_BRCA
scPAS,Neutral,Neg_ctrl_Sample_4,-0.196405919453366,53378,4.72737043347266,Sample_100_TCGA_BRCA
scPAS,Neutral,Neg_ctrl_Sample_5,-0.0816540601885275,53378,4.72737043347266,Sample_100_TCGA_BRCA
scPAS,Neutral,Neg_ctrl_Sample_6,-0.0449617920317121,53378,4.72737043347266,Sample_100_TCGA_BRCA
scPAS,Neutral,Neg_ctrl_Sample_7,0.00156853760185478,53378,4.72737043347266,Sample_100_TCGA_BRCA
scPAS,Neutral,Neg_ctrl_Sample_8,-0.109375472692161,53378,4.72737043347266,Sample_100_TCGA_BRCA
scPAS,Neutral,Neg_ctrl_Sample_9,0.0616519883176227,53378,4.72737043347266,Sample_100_TCGA_BRCA
scPAS,Neutral,Neg_ctrl_Sample_10,0.0219808830597969,53378,4.72737043347266,Sample_100_TCGA_BRCA
scPAS,Neutral,Neg_ctrl_Sample_11,0.129294534249445,53378,4.72737043347266,Sample_100_TCGA_BRCA
scPAS,Neutral,Neg_ctrl_Sample_12,0.0742919184614094,53378,4.72737043347266,Sample_100_TCGA_BRCA
scPAS,Neutral,Neg_ctrl_Sample_13,-0.234564902402499,53378,4.72737043347266,Sample_100_TCGA_BRCA
scPAS,Neutral,Neg_ctrl_Sample_14,0.228101641929823,53378,4.72737043347266,Sample_100_TCGA_BRCA
scPAS,Neutral,Neg_ctrl_Sample_15,0.0374657781087814,53378,4.72737043347266,Sample_100_TCGA_BRCA
scPAS,Neutral,Neg_ctrl_Sample_16,-0.148398477781105,53378,4.72737043347266,Sample_100_TCGA_BRCA
scPAS,Neutral,Neg_ctrl_Sample_17,0.100773064782777,53378,4.72737043347266,Sample_100_TCGA_BRCA
scPAS,Neutral,Neg_ctrl_Sample_18,0.0557188263545269,53378,4.72737043347266,Sample_100_TCGA_BRCA
scPAS,Neutral,Neg_ctrl_Sample_19,0.133650053843673,53378,4.72737043347266,Sample_100_TCGA_BRCA
scPAS,Neutral,Neg_ctrl_Sample_20,0.315250374200711,53378,4.72737043347266,Sample_100_TCGA_BRCA
scPAS,Neutral,Neg_ctrl_Sample_21,-0.0955797921680038,53378,4.72737043347266,Sample_100_TCGA_BRCA
scPAS,Neutral,Neg_ctrl_Sample_22,0.0395633383241823,53378,4.72737043347266,Sample_100_TCGA_BRCA
scPAS,Neutral,Neg_ctrl_Sample_23,0.179365946227181,53378,4.72737043347266,Sample_100_TCGA_BRCA
scPAS,Neutral,Neg_ctrl_Sample_24,0.0223700790251632,53378,4.72737043347266,Sample_100_TCGA_BRCA
scPAS,Neutral,Neg_ctrl_Sample_25,0.103303380588426,53378,4.72737043347266,Sample_100_TCGA_BRCA
scPAS,Neutral,Neg_ctrl_Sample_26,0.0416200356498921,53378,4.72737043347266,Sample_100_TCGA_BRCA
scPAS,Neutral,Neg_ctrl_Sample_27,-0.0819248440920159,53378,4.72737043347266,Sample_100_TCGA_BRCA
scPAS,Neutral,Neg_ctrl_Sample_28,0.246744740943175,53378,4.72737043347266,Sample_100_TCGA_BRCA
scPAS,Neutral,Neg_ctrl_Sample_29,-0.0698882281023563,53378,4.72737043347266,Sample_100_TCGA_BRCA
scPAS,Neutral,Neg_ctrl_Sample_30,0.135828116765481,53378,4.72737043347266,Sample_100_TCGA_BRCA
scPAS,Neutral,Neg_ctrl_Sample_31,0.184162951384763,53378,4.72737043347266,Sample_100_TCGA_BRCA
scPAS,Neutral,Neg_ctrl_Sample_32,0.0306026827305958,53378,4.72737043347266,Sample_100_TCGA_BRCA
scPAS,Neutral,Neg_ctrl_Sample_33,0.0546500294313375,53378,4.72737043347266,Sample_100_TCGA_BRCA
scPAS,Neutral,Neg_ctrl_Sample_34,0.184474483794291,53378,4.72737043347266,Sample_100_TCGA_BRCA
scPAS,Neutral,Neg_ctrl_Sample_35,0.0180651658593341,53378,4.72737043347266,Sample_100_TCGA_BRCA
scPAS,Neutral,Neg_ctrl_Sample_36,-0.146677390585648,53378,4.72737043347266,Sample_100_TCGA_BRCA
scPAS,Neutral,Neg_ctrl_Sample_37,0.0485968637384692,53378,4.72737043347266,Sample_100_TCGA_BRCA
scPAS,Neutral,Neg_ctrl_Sample_38,0.108422844622723,53378,4.72737043347266,Sample_100_TCGA_BRCA
scPAS,Neutral,Neg_ctrl_Sample_39,0.145769760256024,53378,4.72737043347266,Sample_100_TCGA_BRCA
scPAS,Neutral,Neg_ctrl_Sample_40,0.0606828964533946,53378,4.72737043347266,Sample_100_TCGA_BRCA
scPAS,Neutral,Neg_ctrl_Sample_41,0.068355594532737,53378,4.72737043347266,Sample_100_TCGA_BRCA
scPAS,Neutral,Neg_ctrl_Sample_42,0.0565691445793029,53378,4.72737043347266,Sample_100_TCGA_BRCA
scPAS,Neutral,Neg_ctrl_Sample_43,0.0599382438439295,53378,4.72737043347266,Sample_100_TCGA_BRCA
scPAS,Neutral,Neg_ctrl_Sample_44,-0.126770893329797,53378,4.72737043347266,Sample_100_TCGA_BRCA
scPAS,Neutral,Neg_ctrl_Sample_45,0.0674574792978905,53378,4.72737043347266,Sample_100_TCGA_BRCA
scPAS,Neutral,Neg_ctrl_Sample_46,0.291406262137573,53378,4.72737043347266,Sample_100_TCGA_BRCA
scPAS,Neutral,Neg_ctrl_Sample_47,0.210352018350116,53378,4.72737043347266,Sample_100_TCGA_BRCA
scPAS,Neutral,Neg_ctrl_Sample_48,0.253982807511693,53378,4.72737043347266,Sample_100_TCGA_BRCA
scPAS,Neutral,Neg_ctrl_Sample_49,0.260358730158612,53378,4.72737043347266,Sample_100_TCGA_BRCA
scPAS,Neutral,Neg_ctrl_Sample_50,0.116850253738342,53378,4.72737043347266,Sample_100_TCGA_BRCA
scPAS,Neutral,Neg_ctrl_Sample_51,-0.100764805639731,53378,4.72737043347266,Sample_100_TCGA_BRCA
scPAS,Neutral,Neg_ctrl_Sample_52,-0.0132541621951806,53378,4.72737043347266,Sample_100_TCGA_BRCA
scPAS,Neutral,Neg_ctrl_Sample_53,-0.0367799925791907,53378,4.72737043347266,Sample_100_TCGA_BRCA
scPAS,Neutral,Neg_ctrl_Sample_54,0.155931815434021,53378,4.72737043347266,Sample_100_TCGA_BRCA
scPAS,Neutral,Neg_ctrl_Sample_55,0.098558555829486,53378,4.72737043347266,Sample_100_TCGA_BRCA
scPAS,Neutral,Neg_ctrl_Sample_56,0.0437729921907377,53378,4.72737043347266,Sample_100_TCGA_BRCA
scPAS,Neutral,Neg_ctrl_Sample_57,0.0435072335670427,53378,4.72737043347266,Sample_100_TCGA_BRCA
scPAS,Neutral,Neg_ctrl_Sample_58,-0.0125674206078824,53378,4.72737043347266,Sample_100_TCGA_BRCA
scPAS,Neutral,Neg_ctrl_Sample_59,0.132640819938073,53378,4.72737043347266,Sample_100_TCGA_BRCA
scPAS,Neutral,Neg_ctrl_Sample_60,-0.0277378796815148,53378,4.72737043347266,Sample_100_TCGA_BRCA
scPAS,Neutral,Neg_ctrl_Sample_61,0.0903706433628669,53378,4.72737043347266,Sample_100_TCGA_BRCA
scPAS,Neutral,Neg_ctrl_Sample_62,0.15693261708524,53378,4.72737043347266,Sample_100_TCGA_BRCA
scPAS,Neutral,Neg_ctrl_Sample_63,0.157025413589048,53378,4.72737043347266,Sample_100_TCGA_BRCA
scPAS,Neutral,Neg_ctrl_Sample_64,0.083978261849182,53378,4.72737043347266,Sample_100_TCGA_BRCA
scPAS,Neutral,Neg_ctrl_Sample_65,-0.190196376113063,53378,4.72737043347266,Sample_100_TCGA_BRCA
scPAS,Neutral,Neg_ctrl_Sample_66,0.0623768745992018,53378,4.72737043347266,Sample_100_TCGA_BRCA
scPAS,Neutral,Neg_ctrl_Sample_67,0.128104331647271,53378,4.72737043347266,Sample_100_TCGA_BRCA
scPAS,Neutral,Neg_ctrl_Sample_68,-0.025453627872866,53378,4.72737043347266,Sample_100_TCGA_BRCA
scPAS,Neutral,Neg_ctrl_Sample_69,0.0587519382180522,53378,4.72737043347266,Sample_100_TCGA_BRCA
scPAS,Neutral,Neg_ctrl_Sample_70,0.049839698784364,53378,4.72737043347266,Sample_100_TCGA_BRCA
scPAS,Neutral,Neg_ctrl_Sample_71,0.323435661175528,53378,4.72737043347266,Sample_100_TCGA_BRCA
scPAS,Neutral,Neg_ctrl_Sample_72,0.125853448540981,53378,4.72737043347266,Sample_100_TCGA_BRCA
scPAS,Neutral,Neg_ctrl_Sample_73,-0.124744807401229,53378,4.72737043347266,Sample_100_TCGA_BRCA
scPAS,Neutral,Neg_ctrl_Sample_74,0.137216220711619,53378,4.72737043347266,Sample_100_TCGA_BRCA
scPAS,Neutral,Neg_ctrl_Sample_75,-0.129979199376366,53378,4.72737043347266,Sample_100_TCGA_BRCA
scPAS,Neutral,Neg_ctrl_Sample_76,-0.120512426336408,53378,4.72737043347266,Sample_100_TCGA_BRCA
scPAS,Neutral,Neg_ctrl_Sample_77,-0.0394953369585875,53378,4.72737043347266,Sample_100_TCGA_BRCA
scPAS,Neutral,Neg_ctrl_Sample_78,-0.0309029035103613,53378,4.72737043347266,Sample_100_TCGA_BRCA
scPAS,Neutral,Neg_ctrl_Sample_79,-0.0638725175751183,53378,4.72737043347266,Sample_100_TCGA_BRCA
scPAS,Neutral,Neg_ctrl_Sample_80,-0.00996828681393686,53378,4.72737043347266,Sample_100_TCGA_BRCA
scPAS,Neutral,Neg_ctrl_Sample_81,0.0261819831666046,53378,4.72737043347266,Sample_100_TCGA_BRCA
scPAS,Neutral,Neg_ctrl_Sample_82,0.057407739361925,53378,4.72737043347266,Sample_100_TCGA_BRCA
scPAS,Neutral,Neg_ctrl_Sample_83,0.0163862834499449,53378,4.72737043347266,Sample_100_TCGA_BRCA
scPAS,Neutral,Neg_ctrl_Sample_84,-0.205228946705461,53378,4.72737043347266,Sample_100_TCGA_BRCA
scPAS,Neutral,Neg_ctrl_Sample_85,-0.146792233235803,53378,4.72737043347266,Sample_100_TCGA_BRCA
scPAS,Neutral,Neg_ctrl_Sample_86,0.0409013171771444,53378,4.72737043347266,Sample_100_TCGA_BRCA
scPAS,Neutral,Neg_ctrl_Sample_87,-0.0262327145767754,53378,4.72737043347266,Sample_100_TCGA_BRCA
scPAS,Neutral,Neg_ctrl_Sample_88,0.150378051363928,53378,4.72737043347266,Sample_100_TCGA_BRCA
scPAS,Neutral,Neg_ctrl_Sample_89,0.0849751726152739,53378,4.72737043347266,Sample_100_TCGA_BRCA
scPAS,Neutral,Neg_ctrl_Sample_90,0.0549586645224753,53378,4.72737043347266,Sample_100_TCGA_BRCA
scPAS,Neutral,Neg_ctrl_Sample_91,-0.143229116317443,53378,4.72737043347266,Sample_100_TCGA_BRCA
scPAS,Neutral,Neg_ctrl_Sample_92,0.00976874306917956,53378,4.72737043347266,Sample_100_TCGA_BRCA
scPAS,Neutral,Neg_ctrl_Sample_93,0.00281415582641626,53378,4.72737043347266,Sample_100_TCGA_BRCA
scPAS,Neutral,Neg_ctrl_Sample_94,0.17429647095662,53378,4.72737043347266,Sample_100_TCGA_BRCA
scPAS,Neutral,Neg_ctrl_Sample_95,-0.140725015592648,53378,4.72737043347266,Sample_100_TCGA_BRCA
scPAS,Neutral,Neg_ctrl_Sample_96,0.155457816882005,53378,4.72737043347266,Sample_100_TCGA_BRCA
scPAS,Neutral,Neg_ctrl_Sample_97,-0.0941832172004769,53378,4.72737043347266,Sample_100_TCGA_BRCA
scPAS,Neutral,Neg_ctrl_Sample_98,-0.135768563394175,53378,4.72737043347266,Sample_100_TCGA_BRCA
scPAS,Neutral,Neg_ctrl_Sample_99,-0.174951091356237,53378,4.72737043347266,Sample_100_TCGA_BRCA
scPAS,Neutral,Neg_ctrl_Sample_100,0.0220290024729918,53378,4.72737043347266,Sample_100_TCGA_BRCA
scPAS,Positive,Neg_ctrl_Sample_1,-0.00139356353180824,1272,3.10482840365366,Sample_100_TCGA_BRCA
scPAS,Positive,Neg_ctrl_Sample_2,0.0183359694975369,1272,3.10482840365366,Sample_100_TCGA_BRCA
scPAS,Positive,Neg_ctrl_Sample_3,0.017691628411365,1272,3.10482840365366,Sample_100_TCGA_BRCA
scPAS,Positive,Neg_ctrl_Sample_4,-0.184423628899939,1272,3.10482840365366,Sample_100_TCGA_BRCA
scPAS,Positive,Neg_ctrl_Sample_5,-0.0593154215346171,1272,3.10482840365366,Sample_100_TCGA_BRCA
scPAS,Positive,Neg_ctrl_Sample_6,-0.0241596169365644,1272,3.10482840365366,Sample_100_TCGA_BRCA
scPAS,Positive,Neg_ctrl_Sample_7,0.0134427096311985,1272,3.10482840365366,Sample_100_TCGA_BRCA
scPAS,Positive,Neg_ctrl_Sample_8,-0.101266698326819,1272,3.10482840365366,Sample_100_TCGA_BRCA
scPAS,Positive,Neg_ctrl_Sample_9,0.0508573911000335,1272,3.10482840365366,Sample_100_TCGA_BRCA
scPAS,Positive,Neg_ctrl_Sample_10,0.0371112081317185,1272,3.10482840365366,Sample_100_TCGA_BRCA
scPAS,Positive,Neg_ctrl_Sample_11,0.136908418971812,1272,3.10482840365366,Sample_100_TCGA_BRCA
scPAS,Positive,Neg_ctrl_Sample_12,0.0889836056589996,1272,3.10482840365366,Sample_100_TCGA_BRCA
scPAS,Positive,Neg_ctrl_Sample_13,-0.220198823355689,1272,3.10482840365366,Sample_100_TCGA_BRCA
scPAS,Positive,Neg_ctrl_Sample_14,0.232003410127089,1272,3.10482840365366,Sample_100_TCGA_BRCA
scPAS,Positive,Neg_ctrl_Sample_15,0.0506747888542281,1272,3.10482840365366,Sample_100_TCGA_BRCA
scPAS,Positive,Neg_ctrl_Sample_16,-0.115059639487868,1272,3.10482840365366,Sample_100_TCGA_BRCA
scPAS,Positive,Neg_ctrl_Sample_17,0.102377777347555,1272,3.10482840365366,Sample_100_TCGA_BRCA
scPAS,Positive,Neg_ctrl_Sample_18,0.0464690955613029,1272,3.10482840365366,Sample_100_TCGA_BRCA
scPAS,Positive,Neg_ctrl_Sample_19,0.138957897000605,1272,3.10482840365366,Sample_100_TCGA_BRCA
scPAS,Positive,Neg_ctrl_Sample_20,0.323658473354616,1272,3.10482840365366,Sample_100_TCGA_BRCA
scPAS,Positive,Neg_ctrl_Sample_21,-0.0806438915545979,1272,3.10482840365366,Sample_100_TCGA_BRCA
scPAS,Positive,Neg_ctrl_Sample_22,0.0612102896533517,1272,3.10482840365366,Sample_100_TCGA_BRCA
scPAS,Positive,Neg_ctrl_Sample_23,0.182908696075359,1272,3.10482840365366,Sample_100_TCGA_BRCA
scPAS,Positive,Neg_ctrl_Sample_24,0.0362407468785776,1272,3.10482840365366,Sample_100_TCGA_BRCA
scPAS,Positive,Neg_ctrl_Sample_25,0.0889463099022062,1272,3.10482840365366,Sample_100_TCGA_BRCA
scPAS,Positive,Neg_ctrl_Sample_26,0.0739088556079622,1272,3.10482840365366,Sample_100_TCGA_BRCA
scPAS,Positive,Neg_ctrl_Sample_27,-0.075704402482126,1272,3.10482840365366,Sample_100_TCGA_BRCA
scPAS,Positive,Neg_ctrl_Sample_28,0.243843440401736,1272,3.10482840365366,Sample_100_TCGA_BRCA
scPAS,Positive,Neg_ctrl_Sample_29,-0.0725464907269074,1272,3.10482840365366,Sample_100_TCGA_BRCA
scPAS,Positive,Neg_ctrl_Sample_30,0.141761657853227,1272,3.10482840365366,Sample_100_TCGA_BRCA
scPAS,Positive,Neg_ctrl_Sample_31,0.177136489434113,1272,3.10482840365366,Sample_100_TCGA_BRCA
scPAS,Positive,Neg_ctrl_Sample_32,0.0439920273419697,1272,3.10482840365366,Sample_100_TCGA_BRCA
scPAS,Positive,Neg_ctrl_Sample_33,0.0809773562016048,1272,3.10482840365366,Sample_100_TCGA_BRCA
scPAS,Positive,Neg_ctrl_Sample_34,0.190902624275514,1272,3.10482840365366,Sample_100_TCGA_BRCA
scPAS,Positive,Neg_ctrl_Sample_35,0.0156761368011608,1272,3.10482840365366,Sample_100_TCGA_BRCA
scPAS,Positive,Neg_ctrl_Sample_36,-0.137367697381635,1272,3.10482840365366,Sample_100_TCGA_BRCA
scPAS,Positive,Neg_ctrl_Sample_37,0.0612477790713775,1272,3.10482840365366,Sample_100_TCGA_BRCA
scPAS,Positive,Neg_ctrl_Sample_38,0.100873056260421,1272,3.10482840365366,Sample_100_TCGA_BRCA
scPAS,Positive,Neg_ctrl_Sample_39,0.144593739874562,1272,3.10482840365366,Sample_100_TCGA_BRCA
scPAS,Positive,Neg_ctrl_Sample_40,0.0654553468506263,1272,3.10482840365366,Sample_100_TCGA_BRCA
scPAS,Positive,Neg_ctrl_Sample_41,0.0750992528304007,1272,3.10482840365366,Sample_100_TCGA_BRCA
scPAS,Positive,Neg_ctrl_Sample_42,0.0558106671579883,1272,3.10482840365366,Sample_100_TCGA_BRCA
scPAS,Positive,Neg_ctrl_Sample_43,0.0747529851947526,1272,3.10482840365366,Sample_100_TCGA_BRCA
scPAS,Positive,Neg_ctrl_Sample_44,-0.0890178424727014,1272,3.10482840365366,Sample_100_TCGA_BRCA
scPAS,Positive,Neg_ctrl_Sample_45,0.0807358744966137,1272,3.10482840365366,Sample_100_TCGA_BRCA
scPAS,Positive,Neg_ctrl_Sample_46,0.29282728220079,1272,3.10482840365366,Sample_100_TCGA_BRCA
scPAS,Positive,Neg_ctrl_Sample_47,0.226382387913462,1272,3.10482840365366,Sample_100_TCGA_BRCA
scPAS,Positive,Neg_ctrl_Sample_48,0.247227175444586,1272,3.10482840365366,Sample_100_TCGA_BRCA
scPAS,Positive,Neg_ctrl_Sample_49,0.277652313865867,1272,3.10482840365366,Sample_100_TCGA_BRCA
scPAS,Positive,Neg_ctrl_Sample_50,0.117679505623263,1272,3.10482840365366,Sample_100_TCGA_BRCA
scPAS,Positive,Neg_ctrl_Sample_51,-0.0787383560323558,1272,3.10482840365366,Sample_100_TCGA_BRCA
scPAS,Positive,Neg_ctrl_Sample_52,-0.00549840254511946,1272,3.10482840365366,Sample_100_TCGA_BRCA
scPAS,Positive,Neg_ctrl_Sample_53,-0.0284980304613333,1272,3.10482840365366,Sample_100_TCGA_BRCA
scPAS,Positive,Neg_ctrl_Sample_54,0.174931097825728,1272,3.10482840365366,Sample_100_TCGA_BRCA
scPAS,Positive,Neg_ctrl_Sample_55,0.100634541115732,1272,3.10482840365366,Sample_100_TCGA_BRCA
scPAS,Positive,Neg_ctrl_Sample_56,0.050795318175706,1272,3.10482840365366,Sample_100_TCGA_BRCA
scPAS,Positive,Neg_ctrl_Sample_57,0.0437565227132489,1272,3.10482840365366,Sample_100_TCGA_BRCA
scPAS,Positive,Neg_ctrl_Sample_58,-0.0127732055115699,1272,3.10482840365366,Sample_100_TCGA_BRCA
scPAS,Positive,Neg_ctrl_Sample_59,0.126606526564459,1272,3.10482840365366,Sample_100_TCGA_BRCA
scPAS,Positive,Neg_ctrl_Sample_60,-0.0169492010097762,1272,3.10482840365366,Sample_100_TCGA_BRCA
scPAS,Positive,Neg_ctrl_Sample_61,0.084491203452351,1272,3.10482840365366,Sample_100_TCGA_BRCA
scPAS,Positive,Neg_ctrl_Sample_62,0.159424772871198,1272,3.10482840365366,Sample_100_TCGA_BRCA
scPAS,Positive,Neg_ctrl_Sample_63,0.179466611925887,1272,3.10482840365366,Sample_100_TCGA_BRCA
scPAS,Positive,Neg_ctrl_Sample_64,0.108178857811628,1272,3.10482840365366,Sample_100_TCGA_BRCA
scPAS,Positive,Neg_ctrl_Sample_65,-0.177674585424701,1272,3.10482840365366,Sample_100_TCGA_BRCA
scPAS,Positive,Neg_ctrl_Sample_66,0.0863217712398592,1272,3.10482840365366,Sample_100_TCGA_BRCA
scPAS,Positive,Neg_ctrl_Sample_67,0.147498290082424,1272,3.10482840365366,Sample_100_TCGA_BRCA
scPAS,Positive,Neg_ctrl_Sample_68,-0.0117734245971947,1272,3.10482840365366,Sample_100_TCGA_BRCA
scPAS,Positive,Neg_ctrl_Sample_69,0.0694822894565281,1272,3.10482840365366,Sample_100_TCGA_BRCA
scPAS,Positive,Neg_ctrl_Sample_70,0.0510656154392584,1272,3.10482840365366,Sample_100_TCGA_BRCA
scPAS,Positive,Neg_ctrl_Sample_71,0.341363481857673,1272,3.10482840365366,Sample_100_TCGA_BRCA
scPAS,Positive,Neg_ctrl_Sample_72,0.129224631938221,1272,3.10482840365366,Sample_100_TCGA_BRCA
scPAS,Positive,Neg_ctrl_Sample_73,-0.0916636136776658,1272,3.10482840365366,Sample_100_TCGA_BRCA
scPAS,Positive,Neg_ctrl_Sample_74,0.138356504378941,1272,3.10482840365366,Sample_100_TCGA_BRCA
scPAS,Positive,Neg_ctrl_Sample_75,-0.105799607228451,1272,3.10482840365366,Sample_100_TCGA_BRCA
scPAS,Positive,Neg_ctrl_Sample_76,-0.106699192528322,1272,3.10482840365366,Sample_100_TCGA_BRCA
scPAS,Positive,Neg_ctrl_Sample_77,-0.038899283802131,1272,3.10482840365366,Sample_100_TCGA_BRCA
scPAS,Positive,Neg_ctrl_Sample_78,-0.0294896783358137,1272,3.10482840365366,Sample_100_TCGA_BRCA
scPAS,Positive,Neg_ctrl_Sample_79,-0.0496665987635866,1272,3.10482840365366,Sample_100_TCGA_BRCA
scPAS,Positive,Neg_ctrl_Sample_80,-0.0117732156036929,1272,3.10482840365366,Sample_100_TCGA_BRCA
scPAS,Positive,Neg_ctrl_Sample_81,0.0219862610021208,1272,3.10482840365366,Sample_100_TCGA_BRCA
scPAS,Positive,Neg_ctrl_Sample_82,0.0487530033710695,1272,3.10482840365366,Sample_100_TCGA_BRCA
scPAS,Positive,Neg_ctrl_Sample_83,0.0377151931139683,1272,3.10482840365366,Sample_100_TCGA_BRCA
scPAS,Positive,Neg_ctrl_Sample_84,-0.192093312169143,1272,3.10482840365366,Sample_100_TCGA_BRCA
scPAS,Positive,Neg_ctrl_Sample_85,-0.129957436700313,1272,3.10482840365366,Sample_100_TCGA_BRCA
scPAS,Positive,Neg_ctrl_Sample_86,0.0406204313992765,1272,3.10482840365366,Sample_100_TCGA_BRCA
scPAS,Positive,Neg_ctrl_Sample_87,-0.00255641929297419,1272,3.10482840365366,Sample_100_TCGA_BRCA
scPAS,Positive,Neg_ctrl_Sample_88,0.161413664059269,1272,3.10482840365366,Sample_100_TCGA_BRCA
scPAS,Positive,Neg_ctrl_Sample_89,0.0841787962074953,1272,3.10482840365366,Sample_100_TCGA_BRCA
scPAS,Positive,Neg_ctrl_Sample_90,0.0707840220869285,1272,3.10482840365366,Sample_100_TCGA_BRCA
scPAS,Positive,Neg_ctrl_Sample_91,-0.122058811098315,1272,3.10482840365366,Sample_100_TCGA_BRCA
scPAS,Positive,Neg_ctrl_Sample_92,0.0115714001035337,1272,3.10482840365366,Sample_100_TCGA_BRCA
scPAS,Positive,Neg_ctrl_Sample_93,0.0130180546930528,1272,3.10482840365366,Sample_100_TCGA_BRCA
scPAS,Positive,Neg_ctrl_Sample_94,0.179815004642845,1272,3.10482840365366,Sample_100_TCGA_BRCA
scPAS,Positive,Neg_ctrl_Sample_95,-0.108155020761622,1272,3.10482840365366,Sample_100_TCGA_BRCA
scPAS,Positive,Neg_ctrl_Sample_96,0.156012151877388,1272,3.10482840365366,Sample_100_TCGA_BRCA
scPAS,Positive,Neg_ctrl_Sample_97,-0.0901907974477169,1272,3.10482840365366,Sample_100_TCGA_BRCA
scPAS,Positive,Neg_ctrl_Sample_98,-0.128389999924057,1272,3.10482840365366,Sample_100_TCGA_BRCA
scPAS,Positive,Neg_ctrl_Sample_99,-0.162782297628372,1272,3.10482840365366,Sample_100_TCGA_BRCA
scPAS,Positive,Neg_ctrl_Sample_100,0.031904505125402,1272,3.10482840365366,Sample_100_TCGA_BRCA
scPP,Negative,Neg_ctrl_Sample_1,-0.000769408805699771,606,2.78318869107526,Sample_100_TCGA_BRCA
scPP,Negative,Neg_ctrl_Sample_2,0.0184822403712454,606,2.78318869107526,Sample_100_TCGA_BRCA
scPP,Negative,Neg_ctrl_Sample_3,0.0266828920550526,606,2.78318869107526,Sample_100_TCGA_BRCA
scPP,Negative,Neg_ctrl_Sample_4,-0.182100482190292,606,2.78318869107526,Sample_100_TCGA_BRCA
scPP,Negative,Neg_ctrl_Sample_5,-0.0793092179451292,606,2.78318869107526,Sample_100_TCGA_BRCA
scPP,Negative,Neg_ctrl_Sample_6,-0.0319407655187914,606,2.78318869107526,Sample_100_TCGA_BRCA
scPP,Negative,Neg_ctrl_Sample_7,-0.00302163179322097,606,2.78318869107526,Sample_100_TCGA_BRCA
scPP,Negative,Neg_ctrl_Sample_8,-0.0985803144655194,606,2.78318869107526,Sample_100_TCGA_BRCA
scPP,Negative,Neg_ctrl_Sample_9,0.0738967210442807,606,2.78318869107526,Sample_100_TCGA_BRCA
scPP,Negative,Neg_ctrl_Sample_10,0.016134640430427,606,2.78318869107526,Sample_100_TCGA_BRCA
scPP,Negative,Neg_ctrl_Sample_11,0.137084200971517,606,2.78318869107526,Sample_100_TCGA_BRCA
scPP,Negative,Neg_ctrl_Sample_12,0.0809629339300749,606,2.78318869107526,Sample_100_TCGA_BRCA
scPP,Negative,Neg_ctrl_Sample_13,-0.232648784115545,606,2.78318869107526,Sample_100_TCGA_BRCA
scPP,Negative,Neg_ctrl_Sample_14,0.224457878855454,606,2.78318869107526,Sample_100_TCGA_BRCA
scPP,Negative,Neg_ctrl_Sample_15,0.0339981672705855,606,2.78318869107526,Sample_100_TCGA_BRCA
scPP,Negative,Neg_ctrl_Sample_16,-0.131066761996831,606,2.78318869107526,Sample_100_TCGA_BRCA
scPP,Negative,Neg_ctrl_Sample_17,0.101711716156548,606,2.78318869107526,Sample_100_TCGA_BRCA
scPP,Negative,Neg_ctrl_Sample_18,0.0498105167340549,606,2.78318869107526,Sample_100_TCGA_BRCA
scPP,Negative,Neg_ctrl_Sample_19,0.126384028843643,606,2.78318869107526,Sample_100_TCGA_BRCA
scPP,Negative,Neg_ctrl_Sample_20,0.320904628893625,606,2.78318869107526,Sample_100_TCGA_BRCA
scPP,Negative,Neg_ctrl_Sample_21,-0.0827266475929579,606,2.78318869107526,Sample_100_TCGA_BRCA
scPP,Negative,Neg_ctrl_Sample_22,0.0236242447499939,606,2.78318869107526,Sample_100_TCGA_BRCA
scPP,Negative,Neg_ctrl_Sample_23,0.184796639659806,606,2.78318869107526,Sample_100_TCGA_BRCA
scPP,Negative,Neg_ctrl_Sample_24,0.036661704906004,606,2.78318869107526,Sample_100_TCGA_BRCA
scPP,Negative,Neg_ctrl_Sample_25,0.0973007236905131,606,2.78318869107526,Sample_100_TCGA_BRCA
scPP,Negative,Neg_ctrl_Sample_26,0.0352782400043812,606,2.78318869107526,Sample_100_TCGA_BRCA
scPP,Negative,Neg_ctrl_Sample_27,-0.0828753220182511,606,2.78318869107526,Sample_100_TCGA_BRCA
scPP,Negative,Neg_ctrl_Sample_28,0.248975546089494,606,2.78318869107526,Sample_100_TCGA_BRCA
scPP,Negative,Neg_ctrl_Sample_29,-0.0768549357631737,606,2.78318869107526,Sample_100_TCGA_BRCA
scPP,Negative,Neg_ctrl_Sample_30,0.140135890676135,606,2.78318869107526,Sample_100_TCGA_BRCA
scPP,Negative,Neg_ctrl_Sample_31,0.186122125796368,606,2.78318869107526,Sample_100_TCGA_BRCA
scPP,Negative,Neg_ctrl_Sample_32,0.0315265412510393,606,2.78318869107526,Sample_100_TCGA_BRCA
scPP,Negative,Neg_ctrl_Sample_33,0.0562025667970421,606,2.78318869107526,Sample_100_TCGA_BRCA
scPP,Negative,Neg_ctrl_Sample_34,0.192502481359008,606,2.78318869107526,Sample_100_TCGA_BRCA
scPP,Negative,Neg_ctrl_Sample_35,0.0176324011527692,606,2.78318869107526,Sample_100_TCGA_BRCA
scPP,Negative,Neg_ctrl_Sample_36,-0.139849077093118,606,2.78318869107526,Sample_100_TCGA_BRCA
scPP,Negative,Neg_ctrl_Sample_37,0.0602999102581264,606,2.78318869107526,Sample_100_TCGA_BRCA
scPP,Negative,Neg_ctrl_Sample_38,0.116225215149275,606,2.78318869107526,Sample_100_TCGA_BRCA
scPP,Negative,Neg_ctrl_Sample_39,0.14570818885595,606,2.78318869107526,Sample_100_TCGA_BRCA
scPP,Negative,Neg_ctrl_Sample_40,0.0725504387343629,606,2.78318869107526,Sample_100_TCGA_BRCA
scPP,Negative,Neg_ctrl_Sample_41,0.0816066757163404,606,2.78318869107526,Sample_100_TCGA_BRCA
scPP,Negative,Neg_ctrl_Sample_42,0.0560411526083804,606,2.78318869107526,Sample_100_TCGA_BRCA
scPP,Negative,Neg_ctrl_Sample_43,0.0642326394663535,606,2.78318869107526,Sample_100_TCGA_BRCA
scPP,Negative,Neg_ctrl_Sample_44,-0.128077492427467,606,2.78318869107526,Sample_100_TCGA_BRCA
scPP,Negative,Neg_ctrl_Sample_45,0.0625704191417206,606,2.78318869107526,Sample_100_TCGA_BRCA
scPP,Negative,Neg_ctrl_Sample_46,0.280637835439389,606,2.78318869107526,Sample_100_TCGA_BRCA
scPP,Negative,Neg_ctrl_Sample_47,0.20567933469577,606,2.78318869107526,Sample_100_TCGA_BRCA
scPP,Negative,Neg_ctrl_Sample_48,0.265147651288183,606,2.78318869107526,Sample_100_TCGA_BRCA
scPP,Negative,Neg_ctrl_Sample_49,0.261836885424097,606,2.78318869107526,Sample_100_TCGA_BRCA
scPP,Negative,Neg_ctrl_Sample_50,0.123670484247501,606,2.78318869107526,Sample_100_TCGA_BRCA
scPP,Negative,Neg_ctrl_Sample_51,-0.0951695571879302,606,2.78318869107526,Sample_100_TCGA_BRCA
scPP,Negative,Neg_ctrl_Sample_52,-0.0150855386804857,606,2.78318869107526,Sample_100_TCGA_BRCA
scPP,Negative,Neg_ctrl_Sample_53,-0.0334473416538505,606,2.78318869107526,Sample_100_TCGA_BRCA
scPP,Negative,Neg_ctrl_Sample_54,0.167261507246058,606,2.78318869107526,Sample_100_TCGA_BRCA
scPP,Negative,Neg_ctrl_Sample_55,0.10592983179045,606,2.78318869107526,Sample_100_TCGA_BRCA
scPP,Negative,Neg_ctrl_Sample_56,0.0527535350005609,606,2.78318869107526,Sample_100_TCGA_BRCA
scPP,Negative,Neg_ctrl_Sample_57,0.0394976610195754,606,2.78318869107526,Sample_100_TCGA_BRCA
scPP,Negative,Neg_ctrl_Sample_58,0.00500628133282221,606,2.78318869107526,Sample_100_TCGA_BRCA
scPP,Negative,Neg_ctrl_Sample_59,0.128847568375241,606,2.78318869107526,Sample_100_TCGA_BRCA
scPP,Negative,Neg_ctrl_Sample_60,-0.0133278240482685,606,2.78318869107526,Sample_100_TCGA_BRCA
scPP,Negative,Neg_ctrl_Sample_61,0.0901019321789659,606,2.78318869107526,Sample_100_TCGA_BRCA
scPP,Negative,Neg_ctrl_Sample_62,0.160008453740018,606,2.78318869107526,Sample_100_TCGA_BRCA
scPP,Negative,Neg_ctrl_Sample_63,0.154167969932722,606,2.78318869107526,Sample_100_TCGA_BRCA
scPP,Negative,Neg_ctrl_Sample_64,0.0918701338615788,606,2.78318869107526,Sample_100_TCGA_BRCA
scPP,Negative,Neg_ctrl_Sample_65,-0.185827879116439,606,2.78318869107526,Sample_100_TCGA_BRCA
scPP,Negative,Neg_ctrl_Sample_66,0.0792419863330675,606,2.78318869107526,Sample_100_TCGA_BRCA
scPP,Negative,Neg_ctrl_Sample_67,0.124359734332913,606,2.78318869107526,Sample_100_TCGA_BRCA
scPP,Negative,Neg_ctrl_Sample_68,-0.0213312245682408,606,2.78318869107526,Sample_100_TCGA_BRCA
scPP,Negative,Neg_ctrl_Sample_69,0.0620255852759347,606,2.78318869107526,Sample_100_TCGA_BRCA
scPP,Negative,Neg_ctrl_Sample_70,0.0554637646178124,606,2.78318869107526,Sample_100_TCGA_BRCA
scPP,Negative,Neg_ctrl_Sample_71,0.315263966295357,606,2.78318869107526,Sample_100_TCGA_BRCA
scPP,Negative,Neg_ctrl_Sample_72,0.128124839255807,606,2.78318869107526,Sample_100_TCGA_BRCA
scPP,Negative,Neg_ctrl_Sample_73,-0.115651877198061,606,2.78318869107526,Sample_100_TCGA_BRCA
scPP,Negative,Neg_ctrl_Sample_74,0.13706733326153,606,2.78318869107526,Sample_100_TCGA_BRCA
scPP,Negative,Neg_ctrl_Sample_75,-0.132472256354927,606,2.78318869107526,Sample_100_TCGA_BRCA
scPP,Negative,Neg_ctrl_Sample_76,-0.120358955598816,606,2.78318869107526,Sample_100_TCGA_BRCA
scPP,Negative,Neg_ctrl_Sample_77,-0.03217442537881,606,2.78318869107526,Sample_100_TCGA_BRCA
scPP,Negative,Neg_ctrl_Sample_78,-0.0298947775748852,606,2.78318869107526,Sample_100_TCGA_BRCA
scPP,Negative,Neg_ctrl_Sample_79,-0.0478367285641728,606,2.78318869107526,Sample_100_TCGA_BRCA
scPP,Negative,Neg_ctrl_Sample_80,0.00359629568826092,606,2.78318869107526,Sample_100_TCGA_BRCA
scPP,Negative,Neg_ctrl_Sample_81,0.0261100938179896,606,2.78318869107526,Sample_100_TCGA_BRCA
scPP,Negative,Neg_ctrl_Sample_82,0.0531662459298862,606,2.78318869107526,Sample_100_TCGA_BRCA
scPP,Negative,Neg_ctrl_Sample_83,0.00694418789934974,606,2.78318869107526,Sample_100_TCGA_BRCA
scPP,Negative,Neg_ctrl_Sample_84,-0.209342900900549,606,2.78318869107526,Sample_100_TCGA_BRCA
scPP,Negative,Neg_ctrl_Sample_85,-0.14167720326208,606,2.78318869107526,Sample_100_TCGA_BRCA
scPP,Negative,Neg_ctrl_Sample_86,0.0452291985342297,606,2.78318869107526,Sample_100_TCGA_BRCA
scPP,Negative,Neg_ctrl_Sample_87,-0.0168309728995746,606,2.78318869107526,Sample_100_TCGA_BRCA
scPP,Negative,Neg_ctrl_Sample_88,0.158656401291219,606,2.78318869107526,Sample_100_TCGA_BRCA
scPP,Negative,Neg_ctrl_Sample_89,0.0805441690874632,606,2.78318869107526,Sample_100_TCGA_BRCA
scPP,Negative,Neg_ctrl_Sample_90,0.0579765071610531,606,2.78318869107526,Sample_100_TCGA_BRCA
scPP,Negative,Neg_ctrl_Sample_91,-0.143575221606609,606,2.78318869107526,Sample_100_TCGA_BRCA
scPP,Negative,Neg_ctrl_Sample_92,0.0283905016156783,606,2.78318869107526,Sample_100_TCGA_BRCA
scPP,Negative,Neg_ctrl_Sample_93,0.00668276382541792,606,2.78318869107526,Sample_100_TCGA_BRCA
scPP,Negative,Neg_ctrl_Sample_94,0.164780229628171,606,2.78318869107526,Sample_100_TCGA_BRCA
scPP,Negative,Neg_ctrl_Sample_95,-0.124966416772892,606,2.78318869107526,Sample_100_TCGA_BRCA
scPP,Negative,Neg_ctrl_Sample_96,0.145875798793991,606,2.78318869107526,Sample_100_TCGA_BRCA
scPP,Negative,Neg_ctrl_Sample_97,-0.092972054468697,606,2.78318869107526,Sample_100_TCGA_BRCA
scPP,Negative,Neg_ctrl_Sample_98,-0.13022745021542,606,2.78318869107526,Sample_100_TCGA_BRCA
scPP,Negative,Neg_ctrl_Sample_99,-0.175317172590898,606,2.78318869107526,Sample_100_TCGA_BRCA
scPP,Negative,Neg_ctrl_Sample_100,0.0236270978069801,606,2.78318869107526,Sample_100_TCGA_BRCA
scPP,Neutral,Neg_ctrl_Sample_1,-0.00191042996754008,52236,4.71797822720925,Sample_100_TCGA_BRCA
scPP,Neutral,Neg_ctrl_Sample_2,0.0108669818293661,52236,4.71797822720925,Sample_100_TCGA_BRCA
scPP,Neutral,Neg_ctrl_Sample_3,0.0121693261744798,52236,4.71797822720925,Sample_100_TCGA_BRCA
scPP,Neutral,Neg_ctrl_Sample_4,-0.196393783218143,52236,4.71797822720925,Sample_100_TCGA_BRCA
scPP,Neutral,Neg_ctrl_Sample_5,-0.0804997801825864,52236,4.71797822720925,Sample_100_TCGA_BRCA
scPP,Neutral,Neg_ctrl_Sample_6,-0.044101284951706,52236,4.71797822720925,Sample_100_TCGA_BRCA
scPP,Neutral,Neg_ctrl_Sample_7,0.001807153395989,52236,4.71797822720925,Sample_100_TCGA_BRCA
scPP,Neutral,Neg_ctrl_Sample_8,-0.109302064032925,52236,4.71797822720925,Sample_100_TCGA_BRCA
scPP,Neutral,Neg_ctrl_Sample_9,0.0613901141578853,52236,4.71797822720925,Sample_100_TCGA_BRCA
scPP,Neutral,Neg_ctrl_Sample_10,0.0225513005939285,52236,4.71797822720925,Sample_100_TCGA_BRCA
scPP,Neutral,Neg_ctrl_Sample_11,0.129776368856371,52236,4.71797822720925,Sample_100_TCGA_BRCA
scPP,Neutral,Neg_ctrl_Sample_12,0.0745891687761974,52236,4.71797822720925,Sample_100_TCGA_BRCA
scPP,Neutral,Neg_ctrl_Sample_13,-0.234314954503547,52236,4.71797822720925,Sample_100_TCGA_BRCA
scPP,Neutral,Neg_ctrl_Sample_14,0.228336278436783,52236,4.71797822720925,Sample_100_TCGA_BRCA
scPP,Neutral,Neg_ctrl_Sample_15,0.038262154754399,52236,4.71797822720925,Sample_100_TCGA_BRCA
scPP,Neutral,Neg_ctrl_Sample_16,-0.14710208502678,52236,4.71797822720925,Sample_100_TCGA_BRCA
scPP,Neutral,Neg_ctrl_Sample_17,0.100947331551304,52236,4.71797822720925,Sample_100_TCGA_BRCA
scPP,Neutral,Neg_ctrl_Sample_18,0.055225064401108,52236,4.71797822720925,Sample_100_TCGA_BRCA
scPP,Neutral,Neg_ctrl_Sample_19,0.133457825899943,52236,4.71797822720925,Sample_100_TCGA_BRCA
scPP,Neutral,Neg_ctrl_Sample_20,0.315393790553265,52236,4.71797822720925,Sample_100_TCGA_BRCA
scPP,Neutral,Neg_ctrl_Sample_21,-0.0947662780723532,52236,4.71797822720925,Sample_100_TCGA_BRCA
scPP,Neutral,Neg_ctrl_Sample_22,0.0411545319349476,52236,4.71797822720925,Sample_100_TCGA_BRCA
scPP,Neutral,Neg_ctrl_Sample_23,0.179590241288977,52236,4.71797822720925,Sample_100_TCGA_BRCA
scPP,Neutral,Neg_ctrl_Sample_24,0.0229057138483626,52236,4.71797822720925,Sample_100_TCGA_BRCA
scPP,Neutral,Neg_ctrl_Sample_25,0.10225030159272,52236,4.71797822720925,Sample_100_TCGA_BRCA
scPP,Neutral,Neg_ctrl_Sample_26,0.042499438009346,52236,4.71797822720925,Sample_100_TCGA_BRCA
scPP,Neutral,Neg_ctrl_Sample_27,-0.081937677554369,52236,4.71797822720925,Sample_100_TCGA_BRCA
scPP,Neutral,Neg_ctrl_Sample_28,0.246694716479266,52236,4.71797822720925,Sample_100_TCGA_BRCA
scPP,Neutral,Neg_ctrl_Sample_29,-0.0704362404694649,52236,4.71797822720925,Sample_100_TCGA_BRCA
scPP,Neutral,Neg_ctrl_Sample_30,0.136674991833475,52236,4.71797822720925,Sample_100_TCGA_BRCA
scPP,Neutral,Neg_ctrl_Sample_31,0.184168398359443,52236,4.71797822720925,Sample_100_TCGA_BRCA
scPP,Neutral,Neg_ctrl_Sample_32,0.0308030673130695,52236,4.71797822720925,Sample_100_TCGA_BRCA
scPP,Neutral,Neg_ctrl_Sample_33,0.0554983689702334,52236,4.71797822720925,Sample_100_TCGA_BRCA
scPP,Neutral,Neg_ctrl_Sample_34,0.185009542651356,52236,4.71797822720925,Sample_100_TCGA_BRCA
scPP,Neutral,Neg_ctrl_Sample_35,0.0174239887497246,52236,4.71797822720925,Sample_100_TCGA_BRCA
scPP,Neutral,Neg_ctrl_Sample_36,-0.145765668572446,52236,4.71797822720925,Sample_100_TCGA_BRCA
scPP,Neutral,Neg_ctrl_Sample_37,0.0489784369223042,52236,4.71797822720925,Sample_100_TCGA_BRCA
scPP,Neutral,Neg_ctrl_Sample_38,0.107845145960476,52236,4.71797822720925,Sample_100_TCGA_BRCA
scPP,Neutral,Neg_ctrl_Sample_39,0.145704597368642,52236,4.71797822720925,Sample_100_TCGA_BRCA
scPP,Neutral,Neg_ctrl_Sample_40,0.0607327263710922,52236,4.71797822720925,Sample_100_TCGA_BRCA
scPP,Neutral,Neg_ctrl_Sample_41,0.0686295787021101,52236,4.71797822720925,Sample_100_TCGA_BRCA
scPP,Neutral,Neg_ctrl_Sample_42,0.0564298507651069,52236,4.71797822720925,Sample_100_TCGA_BRCA
scPP,Neutral,Neg_ctrl_Sample_43,0.0605016183951276,52236,4.71797822720925,Sample_100_TCGA_BRCA
scPP,Neutral,Neg_ctrl_Sample_44,-0.125037870246098,52236,4.71797822720925,Sample_100_TCGA_BRCA
scPP,Neutral,Neg_ctrl_Sample_45,0.0673611868731869,52236,4.71797822720925,Sample_100_TCGA_BRCA
scPP,Neutral,Neg_ctrl_Sample_46,0.291348575590852,52236,4.71797822720925,Sample_100_TCGA_BRCA
scPP,Neutral,Neg_ctrl_Sample_47,0.211267144954059,52236,4.71797822720925,Sample_100_TCGA_BRCA
scPP,Neutral,Neg_ctrl_Sample_48,0.253001300694748,52236,4.71797822720925,Sample_100_TCGA_BRCA
scPP,Neutral,Neg_ctrl_Sample_49,0.261457758029816,52236,4.71797822720925,Sample_100_TCGA_BRCA
scPP,Neutral,Neg_ctrl_Sample_50,0.11675867561993,52236,4.71797822720925,Sample_100_TCGA_BRCA
scPP,Neutral,Neg_ctrl_Sample_51,-0.100016841599644,52236,4.71797822720925,Sample_100_TCGA_BRCA
scPP,Neutral,Neg_ctrl_Sample_52,-0.0132553277736723,52236,4.71797822720925,Sample_100_TCGA_BRCA
scPP,Neutral,Neg_ctrl_Sample_53,-0.0371102893567246,52236,4.71797822720925,Sample_100_TCGA_BRCA
scPP,Neutral,Neg_ctrl_Sample_54,0.156539274995351,52236,4.71797822720925,Sample_100_TCGA_BRCA
scPP,Neutral,Neg_ctrl_Sample_55,0.0984492215588505,52236,4.71797822720925,Sample_100_TCGA_BRCA
scPP,Neutral,Neg_ctrl_Sample_56,0.0439192815465198,52236,4.71797822720925,Sample_100_TCGA_BRCA
scPP,Neutral,Neg_ctrl_Sample_57,0.0433000232512897,52236,4.71797822720925,Sample_100_TCGA_BRCA
scPP,Neutral,Neg_ctrl_Sample_58,-0.0120908072599537,52236,4.71797822720925,Sample_100_TCGA_BRCA
scPP,Neutral,Neg_ctrl_Sample_59,0.132368688411576,52236,4.71797822720925,Sample_100_TCGA_BRCA
scPP,Neutral,Neg_ctrl_Sample_60,-0.0278320077927595,52236,4.71797822720925,Sample_100_TCGA_BRCA
scPP,Neutral,Neg_ctrl_Sample_61,0.0896833378124854,52236,4.71797822720925,Sample_100_TCGA_BRCA
scPP,Neutral,Neg_ctrl_Sample_62,0.156970343500725,52236,4.71797822720925,Sample_100_TCGA_BRCA
scPP,Neutral,Neg_ctrl_Sample_63,0.15829906784369,52236,4.71797822720925,Sample_100_TCGA_BRCA
scPP,Neutral,Neg_ctrl_Sample_64,0.0850275872881764,52236,4.71797822720925,Sample_100_TCGA_BRCA
scPP,Neutral,Neg_ctrl_Sample_65,-0.189512644654088,52236,4.71797822720925,Sample_100_TCGA_BRCA
scPP,Neutral,Neg_ctrl_Sample_66,0.0632642541202239,52236,4.71797822720925,Sample_100_TCGA_BRCA
scPP,Neutral,Neg_ctrl_Sample_67,0.128859517957887,52236,4.71797822720925,Sample_100_TCGA_BRCA
scPP,Neutral,Neg_ctrl_Sample_68,-0.0249711361779607,52236,4.71797822720925,Sample_100_TCGA_BRCA
scPP,Neutral,Neg_ctrl_Sample_69,0.0588927882267428,52236,4.71797822720925,Sample_100_TCGA_BRCA
scPP,Neutral,Neg_ctrl_Sample_70,0.0500350497637642,52236,4.71797822720925,Sample_100_TCGA_BRCA
scPP,Neutral,Neg_ctrl_Sample_71,0.324381863971442,52236,4.71797822720925,Sample_100_TCGA_BRCA
scPP,Neutral,Neg_ctrl_Sample_72,0.126337936089049,52236,4.71797822720925,Sample_100_TCGA_BRCA
scPP,Neutral,Neg_ctrl_Sample_73,-0.1232578896032,52236,4.71797822720925,Sample_100_TCGA_BRCA
scPP,Neutral,Neg_ctrl_Sample_74,0.137218070681346,52236,4.71797822720925,Sample_100_TCGA_BRCA
scPP,Neutral,Neg_ctrl_Sample_75,-0.129387737985627,52236,4.71797822720925,Sample_100_TCGA_BRCA
scPP,Neutral,Neg_ctrl_Sample_76,-0.120004971082002,52236,4.71797822720925,Sample_100_TCGA_BRCA
scPP,Neutral,Neg_ctrl_Sample_77,-0.0394863279839108,52236,4.71797822720925,Sample_100_TCGA_BRCA
scPP,Neutral,Neg_ctrl_Sample_78,-0.031081768107719,52236,4.71797822720925,Sample_100_TCGA_BRCA
scPP,Neutral,Neg_ctrl_Sample_79,-0.0632157529170141,52236,4.71797822720925,Sample_100_TCGA_BRCA
scPP,Neutral,Neg_ctrl_Sample_80,-0.0101425805236946,52236,4.71797822720925,Sample_100_TCGA_BRCA
scPP,Neutral,Neg_ctrl_Sample_81,0.0260812724457637,52236,4.71797822720925,Sample_100_TCGA_BRCA
scPP,Neutral,Neg_ctrl_Sample_82,0.0572325523820733,52236,4.71797822720925,Sample_100_TCGA_BRCA
scPP,Neutral,Neg_ctrl_Sample_83,0.0174498637348248,52236,4.71797822720925,Sample_100_TCGA_BRCA
scPP,Neutral,Neg_ctrl_Sample_84,-0.204566771329633,52236,4.71797822720925,Sample_100_TCGA_BRCA
scPP,Neutral,Neg_ctrl_Sample_85,-0.145638609461576,52236,4.71797822720925,Sample_100_TCGA_BRCA
scPP,Neutral,Neg_ctrl_Sample_86,0.0398076062509699,52236,4.71797822720925,Sample_100_TCGA_BRCA
scPP,Neutral,Neg_ctrl_Sample_87,-0.0253468532229121,52236,4.71797822720925,Sample_100_TCGA_BRCA
scPP,Neutral,Neg_ctrl_Sample_88,0.150791525687054,52236,4.71797822720925,Sample_100_TCGA_BRCA
scPP,Neutral,Neg_ctrl_Sample_89,0.0849645777265948,52236,4.71797822720925,Sample_100_TCGA_BRCA
scPP,Neutral,Neg_ctrl_Sample_90,0.0556043362500476,52236,4.71797822720925,Sample_100_TCGA_BRCA
scPP,Neutral,Neg_ctrl_Sample_91,-0.142241094274382,52236,4.71797822720925,Sample_100_TCGA_BRCA
scPP,Neutral,Neg_ctrl_Sample_92,0.00994069380839821,52236,4.71797822720925,Sample_100_TCGA_BRCA
scPP,Neutral,Neg_ctrl_Sample_93,0.00309518385190659,52236,4.71797822720925,Sample_100_TCGA_BRCA
scPP,Neutral,Neg_ctrl_Sample_94,0.174326128724504,52236,4.71797822720925,Sample_100_TCGA_BRCA
scPP,Neutral,Neg_ctrl_Sample_95,-0.140208006387718,52236,4.71797822720925,Sample_100_TCGA_BRCA
scPP,Neutral,Neg_ctrl_Sample_96,0.155222214085044,52236,4.71797822720925,Sample_100_TCGA_BRCA
scPP,Neutral,Neg_ctrl_Sample_97,-0.0944005070158947,52236,4.71797822720925,Sample_100_TCGA_BRCA
scPP,Neutral,Neg_ctrl_Sample_98,-0.13544233886332,52236,4.71797822720925,Sample_100_TCGA_BRCA
scPP,Neutral,Neg_ctrl_Sample_99,-0.174613057899297,52236,4.71797822720925,Sample_100_TCGA_BRCA
scPP,Neutral,Neg_ctrl_Sample_100,0.0224012207414728,52236,4.71797822720925,Sample_100_TCGA_BRCA
scPP,Positive,Neg_ctrl_Sample_1,-0.0043753401224755,1808,3.25743856685981,Sample_100_TCGA_BRCA
scPP,Positive,Neg_ctrl_Sample_2,0.013767911112937,1808,3.25743856685981,Sample_100_TCGA_BRCA
scPP,Positive,Neg_ctrl_Sample_3,0.0244238456177845,1808,3.25743856685981,Sample_100_TCGA_BRCA
scPP,Positive,Neg_ctrl_Sample_4,-0.193121389464731,1808,3.25743856685981,Sample_100_TCGA_BRCA
scPP,Positive,Neg_ctrl_Sample_5,-0.100072863519311,1808,3.25743856685981,Sample_100_TCGA_BRCA
scPP,Positive,Neg_ctrl_Sample_6,-0.0595524021959911,1808,3.25743856685981,Sample_100_TCGA_BRCA
scPP,Positive,Neg_ctrl_Sample_7,0.00456701926797557,1808,3.25743856685981,Sample_100_TCGA_BRCA
scPP,Positive,Neg_ctrl_Sample_8,-0.109409808763231,1808,3.25743856685981,Sample_100_TCGA_BRCA
scPP,Positive,Neg_ctrl_Sample_9,0.0575193682484497,1808,3.25743856685981,Sample_100_TCGA_BRCA
scPP,Positive,Neg_ctrl_Sample_10,0.0181049241062516,1808,3.25743856685981,Sample_100_TCGA_BRCA
scPP,Positive,Neg_ctrl_Sample_11,0.118119318987219,1808,3.25743856685981,Sample_100_TCGA_BRCA
scPP,Positive,Neg_ctrl_Sample_12,0.0738040994890902,1808,3.25743856685981,Sample_100_TCGA_BRCA
scPP,Positive,Neg_ctrl_Sample_13,-0.232321425402519,1808,3.25743856685981,Sample_100_TCGA_BRCA
scPP,Positive,Neg_ctrl_Sample_14,0.225288974337156,1808,3.25743856685981,Sample_100_TCGA_BRCA
scPP,Positive,Neg_ctrl_Sample_15,0.024912516701523,1808,3.25743856685981,Sample_100_TCGA_BRCA
scPP,Positive,Neg_ctrl_Sample_16,-0.168207321459867,1808,3.25743856685981,Sample_100_TCGA_BRCA
scPP,Positive,Neg_ctrl_Sample_17,0.0965525850975685,1808,3.25743856685981,Sample_100_TCGA_BRCA
scPP,Positive,Neg_ctrl_Sample_18,0.0654571711884992,1808,3.25743856685981,Sample_100_TCGA_BRCA
scPP,Positive,Neg_ctrl_Sample_19,0.145373508774154,1808,3.25743856685981,Sample_100_TCGA_BRCA
scPP,Positive,Neg_ctrl_Sample_20,0.315127103839967,1808,3.25743856685981,Sample_100_TCGA_BRCA
scPP,Positive,Neg_ctrl_Sample_21,-0.112883587705971,1808,3.25743856685981,Sample_100_TCGA_BRCA
scPP,Positive,Neg_ctrl_Sample_22,0.0141631299971519,1808,3.25743856685981,Sample_100_TCGA_BRCA
scPP,Positive,Neg_ctrl_Sample_23,0.173557926724283,1808,3.25743856685981,Sample_100_TCGA_BRCA
scPP,Positive,Neg_ctrl_Sample_24,0.011863078804538,1808,3.25743856685981,Sample_100_TCGA_BRCA
scPP,Positive,Neg_ctrl_Sample_25,0.125639691753783,1808,3.25743856685981,Sample_100_TCGA_BRCA
scPP,Positive,Neg_ctrl_Sample_26,0.0410547953287681,1808,3.25743856685981,Sample_100_TCGA_BRCA
scPP,Positive,Neg_ctrl_Sample_27,-0.0768591582012067,1808,3.25743856685981,Sample_100_TCGA_BRCA
scPP,Positive,Neg_ctrl_Sample_28,0.245401132364307,1808,3.25743856685981,Sample_100_TCGA_BRCA
scPP,Positive,Neg_ctrl_Sample_29,-0.0535903913809429,1808,3.25743856685981,Sample_100_TCGA_BRCA
scPP,Positive,Neg_ctrl_Sample_30,0.11409116279535,1808,3.25743856685981,Sample_100_TCGA_BRCA
scPP,Positive,Neg_ctrl_Sample_31,0.178405513628082,1808,3.25743856685981,Sample_100_TCGA_BRCA
scPP,Positive,Neg_ctrl_Sample_32,0.0339235339652128,1808,3.25743856685981,Sample_100_TCGA_BRCA
scPP,Positive,Neg_ctrl_Sample_33,0.0481420968286766,1808,3.25743856685981,Sample_100_TCGA_BRCA
scPP,Positive,Neg_ctrl_Sample_34,0.170847433855273,1808,3.25743856685981,Sample_100_TCGA_BRCA
scPP,Positive,Neg_ctrl_Sample_35,0.0350540695914951,1808,3.25743856685981,Sample_100_TCGA_BRCA
scPP,Positive,Neg_ctrl_Sample_36,-0.16875744550965,1808,3.25743856685981,Sample_100_TCGA_BRCA
scPP,Positive,Neg_ctrl_Sample_37,0.0425504374562476,1808,3.25743856685981,Sample_100_TCGA_BRCA
scPP,Positive,Neg_ctrl_Sample_38,0.117186727357884,1808,3.25743856685981,Sample_100_TCGA_BRCA
scPP,Positive,Neg_ctrl_Sample_39,0.146845680017353,1808,3.25743856685981,Sample_100_TCGA_BRCA
scPP,Positive,Neg_ctrl_Sample_40,0.0586231125497219,1808,3.25743856685981,Sample_100_TCGA_BRCA
scPP,Positive,Neg_ctrl_Sample_41,0.0607427300891497,1808,3.25743856685981,Sample_100_TCGA_BRCA
scPP,Positive,Neg_ctrl_Sample_42,0.0602369164447946,1808,3.25743856685981,Sample_100_TCGA_BRCA
scPP,Positive,Neg_ctrl_Sample_43,0.0526448335533802,1808,3.25743856685981,Sample_100_TCGA_BRCA
scPP,Positive,Neg_ctrl_Sample_44,-0.149841974113363,1808,3.25743856685981,Sample_100_TCGA_BRCA
scPP,Positive,Neg_ctrl_Sample_45,0.0812194307604092,1808,3.25743856685981,Sample_100_TCGA_BRCA
scPP,Positive,Neg_ctrl_Sample_46,0.297681991426331,1808,3.25743856685981,Sample_100_TCGA_BRCA
scPP,Positive,Neg_ctrl_Sample_47,0.196756732451635,1808,3.25743856685981,Sample_100_TCGA_BRCA
scPP,Positive,Neg_ctrl_Sample_48,0.273845047982914,1808,3.25743856685981,Sample_100_TCGA_BRCA
scPP,Positive,Neg_ctrl_Sample_49,0.240277345481879,1808,3.25743856685981,Sample_100_TCGA_BRCA
scPP,Positive,Neg_ctrl_Sample_50,0.117793518839259,1808,3.25743856685981,Sample_100_TCGA_BRCA
scPP,Positive,Neg_ctrl_Sample_51,-0.108753592287502,1808,3.25743856685981,Sample_100_TCGA_BRCA
scPP,Positive,Neg_ctrl_Sample_52,-0.00715016574436961,1808,3.25743856685981,Sample_100_TCGA_BRCA
scPP,Positive,Neg_ctrl_Sample_53,-0.0225275302869227,1808,3.25743856685981,Sample_100_TCGA_BRCA
scPP,Positive,Neg_ctrl_Sample_54,0.147950640831425,1808,3.25743856685981,Sample_100_TCGA_BRCA
scPP,Positive,Neg_ctrl_Sample_55,0.100707253292251,1808,3.25743856685981,Sample_100_TCGA_BRCA
scPP,Positive,Neg_ctrl_Sample_56,0.0414768743375854,1808,3.25743856685981,Sample_100_TCGA_BRCA
scPP,Positive,Neg_ctrl_Sample_57,0.0510131709627403,1808,3.25743856685981,Sample_100_TCGA_BRCA
scPP,Positive,Neg_ctrl_Sample_58,-0.0323726178512276,1808,3.25743856685981,Sample_100_TCGA_BRCA
scPP,Positive,Neg_ctrl_Sample_59,0.137529178175874,1808,3.25743856685981,Sample_100_TCGA_BRCA
scPP,Positive,Neg_ctrl_Sample_60,-0.0222580226153197,1808,3.25743856685981,Sample_100_TCGA_BRCA
scPP,Positive,Neg_ctrl_Sample_61,0.10618164122845,1808,3.25743856685981,Sample_100_TCGA_BRCA
scPP,Positive,Neg_ctrl_Sample_62,0.156565022012018,1808,3.25743856685981,Sample_100_TCGA_BRCA
scPP,Positive,Neg_ctrl_Sample_63,0.136973539415775,1808,3.25743856685981,Sample_100_TCGA_BRCA
scPP,Positive,Neg_ctrl_Sample_64,0.068042487509248,1808,3.25743856685981,Sample_100_TCGA_BRCA
scPP,Positive,Neg_ctrl_Sample_65,-0.202605108367133,1808,3.25743856685981,Sample_100_TCGA_BRCA
scPP,Positive,Neg_ctrl_Sample_66,0.0479324576501277,1808,3.25743856685981,Sample_100_TCGA_BRCA
scPP,Positive,Neg_ctrl_Sample_67,0.121185321127765,1808,3.25743856685981,Sample_100_TCGA_BRCA
scPP,Positive,Neg_ctrl_Sample_68,-0.031150748454179,1808,3.25743856685981,Sample_100_TCGA_BRCA
scPP,Positive,Neg_ctrl_Sample_69,0.0611345353443152,1808,3.25743856685981,Sample_100_TCGA_BRCA
scPP,Positive,Neg_ctrl_Sample_70,0.0431731215332613,1808,3.25743856685981,Sample_100_TCGA_BRCA
scPP,Positive,Neg_ctrl_Sample_71,0.311450255068101,1808,3.25743856685981,Sample_100_TCGA_BRCA
scPP,Positive,Neg_ctrl_Sample_72,0.113466275392316,1808,3.25743856685981,Sample_100_TCGA_BRCA
scPP,Positive,Neg_ctrl_Sample_73,-0.147478034936969,1808,3.25743856685981,Sample_100_TCGA_BRCA
scPP,Positive,Neg_ctrl_Sample_74,0.138014910756371,1808,3.25743856685981,Sample_100_TCGA_BRCA
scPP,Positive,Neg_ctrl_Sample_75,-0.129220539788682,1808,3.25743856685981,Sample_100_TCGA_BRCA
scPP,Positive,Neg_ctrl_Sample_76,-0.125506896763527,1808,3.25743856685981,Sample_100_TCGA_BRCA
scPP,Positive,Neg_ctrl_Sample_77,-0.0417900745711689,1808,3.25743856685981,Sample_100_TCGA_BRCA
scPP,Positive,Neg_ctrl_Sample_78,-0.0250788608042193,1808,3.25743856685981,Sample_100_TCGA_BRCA
scPP,Positive,Neg_ctrl_Sample_79,-0.0782278926266192,1808,3.25743856685981,Sample_100_TCGA_BRCA
scPP,Positive,Neg_ctrl_Sample_80,-0.0107490391336222,1808,3.25743856685981,Sample_100_TCGA_BRCA
scPP,Positive,Neg_ctrl_Sample_81,0.0261639143424228,1808,3.25743856685981,Sample_100_TCGA_BRCA
scPP,Positive,Neg_ctrl_Sample_82,0.0578018698480853,1808,3.25743856685981,Sample_100_TCGA_BRCA
scPP,Positive,Neg_ctrl_Sample_83,0.00382826532788133,1808,3.25743856685981,Sample_100_TCGA_BRCA
scPP,Positive,Neg_ctrl_Sample_84,-0.21373990332013,1808,3.25743856685981,Sample_100_TCGA_BRCA
scPP,Positive,Neg_ctrl_Sample_85,-0.169992752285277,1808,3.25743856685981,Sample_100_TCGA_BRCA
scPP,Positive,Neg_ctrl_Sample_86,0.0708521474469525,1808,3.25743856685981,Sample_100_TCGA_BRCA
scPP,Positive,Neg_ctrl_Sample_87,-0.0383206910899372,1808,3.25743856685981,Sample_100_TCGA_BRCA
scPP,Positive,Neg_ctrl_Sample_88,0.143421400119284,1808,3.25743856685981,Sample_100_TCGA_BRCA
scPP,Positive,Neg_ctrl_Sample_89,0.0862061637392726,1808,3.25743856685981,Sample_100_TCGA_BRCA
scPP,Positive,Neg_ctrl_Sample_90,0.0464264376538579,1808,3.25743856685981,Sample_100_TCGA_BRCA
scPP,Positive,Neg_ctrl_Sample_91,-0.156764487665561,1808,3.25743856685981,Sample_100_TCGA_BRCA
scPP,Positive,Neg_ctrl_Sample_92,-0.000172531679331,1808,3.25743856685981,Sample_100_TCGA_BRCA
scPP,Positive,Neg_ctrl_Sample_93,0.000576989328327083,1808,3.25743856685981,Sample_100_TCGA_BRCA
scPP,Positive,Neg_ctrl_Sample_94,0.180511744148397,1808,3.25743856685981,Sample_100_TCGA_BRCA
scPP,Positive,Neg_ctrl_Sample_95,-0.138029866415889,1808,3.25743856685981,Sample_100_TCGA_BRCA
scPP,Positive,Neg_ctrl_Sample_96,0.165866425719099,1808,3.25743856685981,Sample_100_TCGA_BRCA
scPP,Positive,Neg_ctrl_Sample_97,-0.0855024959016938,1808,3.25743856685981,Sample_100_TCGA_BRCA
scPP,Positive,Neg_ctrl_Sample_98,-0.141859850145291,1808,3.25743856685981,Sample_100_TCGA_BRCA
scPP,Positive,Neg_ctrl_Sample_99,-0.176033483395317,1808,3.25743856685981,Sample_100_TCGA_BRCA
scPP,Positive,Neg_ctrl_Sample_100,0.0176871883850983,1808,3.25743856685981,Sample_100_TCGA_BRCA
DEGAS,Other,Neg_ctrl_Sample_1,-0.00213052085515709,51917,4.71531795409868,Sample_100_TCGA_BRCA
DEGAS,Other,Neg_ctrl_Sample_2,0.011061031107176,51917,4.71531795409868,Sample_100_TCGA_BRCA
DEGAS,Other,Neg_ctrl_Sample_3,0.0126303860619261,51917,4.71531795409868,Sample_100_TCGA_BRCA
DEGAS,Other,Neg_ctrl_Sample_4,-0.196227497153451,51917,4.71531795409868,Sample_100_TCGA_BRCA
DEGAS,Other,Neg_ctrl_Sample_5,-0.0813824335194395,51917,4.71531795409868,Sample_100_TCGA_BRCA
DEGAS,Other,Neg_ctrl_Sample_6,-0.0444969201616921,51917,4.71531795409868,Sample_100_TCGA_BRCA
DEGAS,Other,Neg_ctrl_Sample_7,0.00207802955109703,51917,4.71531795409868,Sample_100_TCGA_BRCA
DEGAS,Other,Neg_ctrl_Sample_8,-0.109207014968409,51917,4.71531795409868,Sample_100_TCGA_BRCA
DEGAS,Other,Neg_ctrl_Sample_9,0.0617290388677514,51917,4.71531795409868,Sample_100_TCGA_BRCA
DEGAS,Other,Neg_ctrl_Sample_10,0.0225507575074046,51917,4.71531795409868,Sample_100_TCGA_BRCA
DEGAS,Other,Neg_ctrl_Sample_11,0.129802450693331,51917,4.71531795409868,Sample_100_TCGA_BRCA
DEGAS,Other,Neg_ctrl_Sample_12,0.0745835180038499,51917,4.71531795409868,Sample_100_TCGA_BRCA
DEGAS,Other,Neg_ctrl_Sample_13,-0.234162676371488,51917,4.71531795409868,Sample_100_TCGA_BRCA
DEGAS,Other,Neg_ctrl_Sample_14,0.22818379030941,51917,4.71531795409868,Sample_100_TCGA_BRCA
DEGAS,Other,Neg_ctrl_Sample_15,0.0380367175856009,51917,4.71531795409868,Sample_100_TCGA_BRCA
DEGAS,Other,Neg_ctrl_Sample_16,-0.147627752517024,51917,4.71531795409868,Sample_100_TCGA_BRCA
DEGAS,Other,Neg_ctrl_Sample_17,0.101036886633819,51917,4.71531795409868,Sample_100_TCGA_BRCA
DEGAS,Other,Neg_ctrl_Sample_18,0.0552072126364187,51917,4.71531795409868,Sample_100_TCGA_BRCA
DEGAS,Other,Neg_ctrl_Sample_19,0.133717154759994,51917,4.71531795409868,Sample_100_TCGA_BRCA
DEGAS,Other,Neg_ctrl_Sample_20,0.315138892361647,51917,4.71531795409868,Sample_100_TCGA_BRCA
DEGAS,Other,Neg_ctrl_Sample_21,-0.0954261339469682,51917,4.71531795409868,Sample_100_TCGA_BRCA
DEGAS,Other,Neg_ctrl_Sample_22,0.0401000368721171,51917,4.71531795409868,Sample_100_TCGA_BRCA
DEGAS,Other,Neg_ctrl_Sample_23,0.179486940430647,51917,4.71531795409868,Sample_100_TCGA_BRCA
DEGAS,Other,Neg_ctrl_Sample_24,0.0225029945156586,51917,4.71531795409868,Sample_100_TCGA_BRCA
DEGAS,Other,Neg_ctrl_Sample_25,0.102880456073428,51917,4.71531795409868,Sample_100_TCGA_BRCA
DEGAS,Other,Neg_ctrl_Sample_26,0.0421027023847335,51917,4.71531795409868,Sample_100_TCGA_BRCA
DEGAS,Other,Neg_ctrl_Sample_27,-0.0816162686832936,51917,4.71531795409868,Sample_100_TCGA_BRCA
DEGAS,Other,Neg_ctrl_Sample_28,0.247101088123275,51917,4.71531795409868,Sample_100_TCGA_BRCA
DEGAS,Other,Neg_ctrl_Sample_29,-0.0698172099481325,51917,4.71531795409868,Sample_100_TCGA_BRCA
DEGAS,Other,Neg_ctrl_Sample_30,0.135881053068126,51917,4.71531795409868,Sample_100_TCGA_BRCA
DEGAS,Other,Neg_ctrl_Sample_31,0.18418816555489,51917,4.71531795409868,Sample_100_TCGA_BRCA
DEGAS,Other,Neg_ctrl_Sample_32,0.0311442621758328,51917,4.71531795409868,Sample_100_TCGA_BRCA
DEGAS,Other,Neg_ctrl_Sample_33,0.0546662920749769,51917,4.71531795409868,Sample_100_TCGA_BRCA
DEGAS,Other,Neg_ctrl_Sample_34,0.184847633137719,51917,4.71531795409868,Sample_100_TCGA_BRCA
DEGAS,Other,Neg_ctrl_Sample_35,0.0183227948891074,51917,4.71531795409868,Sample_100_TCGA_BRCA
DEGAS,Other,Neg_ctrl_Sample_36,-0.146681818123292,51917,4.71531795409868,Sample_100_TCGA_BRCA
DEGAS,Other,Neg_ctrl_Sample_37,0.0484905003366603,51917,4.71531795409868,Sample_100_TCGA_BRCA
DEGAS,Other,Neg_ctrl_Sample_38,0.108308247451161,51917,4.71531795409868,Sample_100_TCGA_BRCA
DEGAS,Other,Neg_ctrl_Sample_39,0.145592069426399,51917,4.71531795409868,Sample_100_TCGA_BRCA
DEGAS,Other,Neg_ctrl_Sample_40,0.0609863145143294,51917,4.71531795409868,Sample_100_TCGA_BRCA
DEGAS,Other,Neg_ctrl_Sample_41,0.0685148905096544,51917,4.71531795409868,Sample_100_TCGA_BRCA
DEGAS,Other,Neg_ctrl_Sample_42,0.0567793220077171,51917,4.71531795409868,Sample_100_TCGA_BRCA
DEGAS,Other,Neg_ctrl_Sample_43,0.0601479223970222,51917,4.71531795409868,Sample_100_TCGA_BRCA
DEGAS,Other,Neg_ctrl_Sample_44,-0.12612571082647,51917,4.71531795409868,Sample_100_TCGA_BRCA
DEGAS,Other,Neg_ctrl_Sample_45,0.0680356772390232,51917,4.71531795409868,Sample_100_TCGA_BRCA
DEGAS,Other,Neg_ctrl_Sample_46,0.291603417003405,51917,4.71531795409868,Sample_100_TCGA_BRCA
DEGAS,Other,Neg_ctrl_Sample_47,0.210752272882723,51917,4.71531795409868,Sample_100_TCGA_BRCA
DEGAS,Other,Neg_ctrl_Sample_48,0.253840595937376,51917,4.71531795409868,Sample_100_TCGA_BRCA
DEGAS,Other,Neg_ctrl_Sample_49,0.260570411785159,51917,4.71531795409868,Sample_100_TCGA_BRCA
DEGAS,Other,Neg_ctrl_Sample_50,0.116962991649738,51917,4.71531795409868,Sample_100_TCGA_BRCA
DEGAS,Other,Neg_ctrl_Sample_51,-0.100909140408124,51917,4.71531795409868,Sample_100_TCGA_BRCA
DEGAS,Other,Neg_ctrl_Sample_52,-0.0130347181181004,51917,4.71531795409868,Sample_100_TCGA_BRCA
DEGAS,Other,Neg_ctrl_Sample_53,-0.0363989251590954,51917,4.71531795409868,Sample_100_TCGA_BRCA
DEGAS,Other,Neg_ctrl_Sample_54,0.156244608645273,51917,4.71531795409868,Sample_100_TCGA_BRCA
DEGAS,Other,Neg_ctrl_Sample_55,0.0986941991770349,51917,4.71531795409868,Sample_100_TCGA_BRCA
DEGAS,Other,Neg_ctrl_Sample_56,0.0441490036969523,51917,4.71531795409868,Sample_100_TCGA_BRCA
DEGAS,Other,Neg_ctrl_Sample_57,0.0435927153629619,51917,4.71531795409868,Sample_100_TCGA_BRCA
DEGAS,Other,Neg_ctrl_Sample_58,-0.0120137005961343,51917,4.71531795409868,Sample_100_TCGA_BRCA
DEGAS,Other,Neg_ctrl_Sample_59,0.132593364225407,51917,4.71531795409868,Sample_100_TCGA_BRCA
DEGAS,Other,Neg_ctrl_Sample_60,-0.0274565857039096,51917,4.71531795409868,Sample_100_TCGA_BRCA
DEGAS,Other,Neg_ctrl_Sample_61,0.0903843047411903,51917,4.71531795409868,Sample_100_TCGA_BRCA
DEGAS,Other,Neg_ctrl_Sample_62,0.157403197322516,51917,4.71531795409868,Sample_100_TCGA_BRCA
DEGAS,Other,Neg_ctrl_Sample_63,0.157654593257134,51917,4.71531795409868,Sample_100_TCGA_BRCA
DEGAS,Other,Neg_ctrl_Sample_64,0.0840822404272246,51917,4.71531795409868,Sample_100_TCGA_BRCA
DEGAS,Other,Neg_ctrl_Sample_65,-0.190333100031674,51917,4.71531795409868,Sample_100_TCGA_BRCA
DEGAS,Other,Neg_ctrl_Sample_66,0.0629226524143096,51917,4.71531795409868,Sample_100_TCGA_BRCA
DEGAS,Other,Neg_ctrl_Sample_67,0.128730322295289,51917,4.71531795409868,Sample_100_TCGA_BRCA
DEGAS,Other,Neg_ctrl_Sample_68,-0.0255594163911752,51917,4.71531795409868,Sample_100_TCGA_BRCA
DEGAS,Other,Neg_ctrl_Sample_69,0.0591966406452141,51917,4.71531795409868,Sample_100_TCGA_BRCA
DEGAS,Other,Neg_ctrl_Sample_70,0.0500394832510717,51917,4.71531795409868,Sample_100_TCGA_BRCA
DEGAS,Other,Neg_ctrl_Sample_71,0.323365754304072,51917,4.71531795409868,Sample_100_TCGA_BRCA
DEGAS,Other,Neg_ctrl_Sample_72,0.126102956641758,51917,4.71531795409868,Sample_100_TCGA_BRCA
DEGAS,Other,Neg_ctrl_Sample_73,-0.12455252327459,51917,4.71531795409868,Sample_100_TCGA_BRCA
DEGAS,Other,Neg_ctrl_Sample_74,0.137632906566581,51917,4.71531795409868,Sample_100_TCGA_BRCA
DEGAS,Other,Neg_ctrl_Sample_75,-0.129330880988097,51917,4.71531795409868,Sample_100_TCGA_BRCA
DEGAS,Other,Neg_ctrl_Sample_76,-0.119851122929236,51917,4.71531795409868,Sample_100_TCGA_BRCA
DEGAS,Other,Neg_ctrl_Sample_77,-0.0390165626981813,51917,4.71531795409868,Sample_100_TCGA_BRCA
DEGAS,Other,Neg_ctrl_Sample_78,-0.0310866428557609,51917,4.71531795409868,Sample_100_TCGA_BRCA
DEGAS,Other,Neg_ctrl_Sample_79,-0.0638858495497844,51917,4.71531795409868,Sample_100_TCGA_BRCA
DEGAS,Other,Neg_ctrl_Sample_80,-0.0100486081862725,51917,4.71531795409868,Sample_100_TCGA_BRCA
DEGAS,Other,Neg_ctrl_Sample_81,0.0260980406845786,51917,4.71531795409868,Sample_100_TCGA_BRCA
DEGAS,Other,Neg_ctrl_Sample_82,0.057584555670196,51917,4.71531795409868,Sample_100_TCGA_BRCA
DEGAS,Other,Neg_ctrl_Sample_83,0.0170063436488974,51917,4.71531795409868,Sample_100_TCGA_BRCA
DEGAS,Other,Neg_ctrl_Sample_84,-0.204884426625299,51917,4.71531795409868,Sample_100_TCGA_BRCA
DEGAS,Other,Neg_ctrl_Sample_85,-0.146545226178407,51917,4.71531795409868,Sample_100_TCGA_BRCA
DEGAS,Other,Neg_ctrl_Sample_86,0.0411803268211486,51917,4.71531795409868,Sample_100_TCGA_BRCA
DEGAS,Other,Neg_ctrl_Sample_87,-0.0256269668752164,51917,4.71531795409868,Sample_100_TCGA_BRCA
DEGAS,Other,Neg_ctrl_Sample_88,0.150754625103322,51917,4.71531795409868,Sample_100_TCGA_BRCA
DEGAS,Other,Neg_ctrl_Sample_89,0.0849444873271664,51917,4.71531795409868,Sample_100_TCGA_BRCA
DEGAS,Other,Neg_ctrl_Sample_90,0.0556355282094516,51917,4.71531795409868,Sample_100_TCGA_BRCA
DEGAS,Other,Neg_ctrl_Sample_91,-0.14294879993717,51917,4.71531795409868,Sample_100_TCGA_BRCA
DEGAS,Other,Neg_ctrl_Sample_92,0.00973128453848756,51917,4.71531795409868,Sample_100_TCGA_BRCA
DEGAS,Other,Neg_ctrl_Sample_93,0.00318460219841547,51917,4.71531795409868,Sample_100_TCGA_BRCA
DEGAS,Other,Neg_ctrl_Sample_94,0.174282676328251,51917,4.71531795409868,Sample_100_TCGA_BRCA
DEGAS,Other,Neg_ctrl_Sample_95,-0.140626207256941,51917,4.71531795409868,Sample_100_TCGA_BRCA
DEGAS,Other,Neg_ctrl_Sample_96,0.155662821260544,51917,4.71531795409868,Sample_100_TCGA_BRCA
DEGAS,Other,Neg_ctrl_Sample_97,-0.0940136959295416,51917,4.71531795409868,Sample_100_TCGA_BRCA
DEGAS,Other,Neg_ctrl_Sample_98,-0.135347930059971,51917,4.71531795409868,Sample_100_TCGA_BRCA
DEGAS,Other,Neg_ctrl_Sample_99,-0.174865323990796,51917,4.71531795409868,Sample_100_TCGA_BRCA
DEGAS,Other,Neg_ctrl_Sample_100,0.0220863863309687,51917,4.71531795409868,Sample_100_TCGA_BRCA
DEGAS,Positive,Neg_ctrl_Sample_1,0.000892848435813241,2733,3.4367985102318,Sample_100_TCGA_BRCA
DEGAS,Positive,Neg_ctrl_Sample_2,0.0107884126617914,2733,3.4367985102318,Sample_100_TCGA_BRCA
DEGAS,Positive,Neg_ctrl_Sample_3,0.0147359364564311,2733,3.4367985102318,Sample_100_TCGA_BRCA
DEGAS,Positive,Neg_ctrl_Sample_4,-0.194218461334345,2733,3.4367985102318,Sample_100_TCGA_BRCA
DEGAS,Positive,Neg_ctrl_Sample_5,-0.0764170654615835,2733,3.4367985102318,Sample_100_TCGA_BRCA
DEGAS,Positive,Neg_ctrl_Sample_6,-0.0441108539251667,2733,3.4367985102318,Sample_100_TCGA_BRCA
DEGAS,Positive,Neg_ctrl_Sample_7,-0.00258343704413293,2733,3.4367985102318,Sample_100_TCGA_BRCA
DEGAS,Positive,Neg_ctrl_Sample_8,-0.108801546110139,2733,3.4367985102318,Sample_100_TCGA_BRCA
DEGAS,Positive,Neg_ctrl_Sample_9,0.0551642601537828,2733,3.4367985102318,Sample_100_TCGA_BRCA
DEGAS,Positive,Neg_ctrl_Sample_10,0.0181973491392096,2733,3.4367985102318,Sample_100_TCGA_BRCA
DEGAS,Positive,Neg_ctrl_Sample_11,0.123189654391997,2733,3.4367985102318,Sample_100_TCGA_BRCA
DEGAS,Positive,Neg_ctrl_Sample_12,0.0755904375504868,2733,3.4367985102318,Sample_100_TCGA_BRCA
DEGAS,Positive,Neg_ctrl_Sample_13,-0.23551942721203,2733,3.4367985102318,Sample_100_TCGA_BRCA
DEGAS,Positive,Neg_ctrl_Sample_14,0.228357094444985,2733,3.4367985102318,Sample_100_TCGA_BRCA
DEGAS,Positive,Neg_ctrl_Sample_15,0.032767789396805,2733,3.4367985102318,Sample_100_TCGA_BRCA
DEGAS,Positive,Neg_ctrl_Sample_16,-0.147522788511561,2733,3.4367985102318,Sample_100_TCGA_BRCA
DEGAS,Positive,Neg_ctrl_Sample_17,0.09650828444683,2733,3.4367985102318,Sample_100_TCGA_BRCA
DEGAS,Positive,Neg_ctrl_Sample_18,0.0611325811419559,2733,3.4367985102318,Sample_100_TCGA_BRCA
DEGAS,Positive,Neg_ctrl_Sample_19,0.134845772183591,2733,3.4367985102318,Sample_100_TCGA_BRCA
DEGAS,Positive,Neg_ctrl_Sample_20,0.321281440707241,2733,3.4367985102318,Sample_100_TCGA_BRCA
DEGAS,Positive,Neg_ctrl_Sample_21,-0.0915472302511582,2733,3.4367985102318,Sample_100_TCGA_BRCA
DEGAS,Positive,Neg_ctrl_Sample_22,0.039443010324759,2733,3.4367985102318,Sample_100_TCGA_BRCA
DEGAS,Positive,Neg_ctrl_Sample_23,0.17871637496685,2733,3.4367985102318,Sample_100_TCGA_BRCA
DEGAS,Positive,Neg_ctrl_Sample_24,0.026300893510892,2733,3.4367985102318,Sample_100_TCGA_BRCA
DEGAS,Positive,Neg_ctrl_Sample_25,0.104655293553038,2733,3.4367985102318,Sample_100_TCGA_BRCA
DEGAS,Positive,Neg_ctrl_Sample_26,0.0474790806970576,2733,3.4367985102318,Sample_100_TCGA_BRCA
DEGAS,Positive,Neg_ctrl_Sample_27,-0.0848915136005543,2733,3.4367985102318,Sample_100_TCGA_BRCA
DEGAS,Positive,Neg_ctrl_Sample_28,0.23862511751179,2733,3.4367985102318,Sample_100_TCGA_BRCA
DEGAS,Positive,Neg_ctrl_Sample_29,-0.0724745287138647,2733,3.4367985102318,Sample_100_TCGA_BRCA
DEGAS,Positive,Neg_ctrl_Sample_30,0.137584124902751,2733,3.4367985102318,Sample_100_TCGA_BRCA
DEGAS,Positive,Neg_ctrl_Sample_31,0.180413700132754,2733,3.4367985102318,Sample_100_TCGA_BRCA
DEGAS,Positive,Neg_ctrl_Sample_32,0.0265463586498407,2733,3.4367985102318,Sample_100_TCGA_BRCA
DEGAS,Positive,Neg_ctrl_Sample_33,0.0665944319128384,2733,3.4367985102318,Sample_100_TCGA_BRCA
DEGAS,Positive,Neg_ctrl_Sample_34,0.180377813552549,2733,3.4367985102318,Sample_100_TCGA_BRCA
DEGAS,Positive,Neg_ctrl_Sample_35,0.0120592488082045,2733,3.4367985102318,Sample_100_TCGA_BRCA
DEGAS,Positive,Neg_ctrl_Sample_36,-0.142260341837984,2733,3.4367985102318,Sample_100_TCGA_BRCA
DEGAS,Positive,Neg_ctrl_Sample_37,0.0565054012559123,2733,3.4367985102318,Sample_100_TCGA_BRCA
DEGAS,Positive,Neg_ctrl_Sample_38,0.107085929349807,2733,3.4367985102318,Sample_100_TCGA_BRCA
DEGAS,Positive,Neg_ctrl_Sample_39,0.148597889372892,2733,3.4367985102318,Sample_100_TCGA_BRCA
DEGAS,Positive,Neg_ctrl_Sample_40,0.0571402698290731,2733,3.4367985102318,Sample_100_TCGA_BRCA
DEGAS,Positive,Neg_ctrl_Sample_41,0.068468204895342,2733,3.4367985102318,Sample_100_TCGA_BRCA
DEGAS,Positive,Neg_ctrl_Sample_42,0.0522235299320666,2733,3.4367985102318,Sample_100_TCGA_BRCA
DEGAS,Positive,Neg_ctrl_Sample_43,0.0628502341686036,2733,3.4367985102318,Sample_100_TCGA_BRCA
DEGAS,Positive,Neg_ctrl_Sample_44,-0.121455876621066,2733,3.4367985102318,Sample_100_TCGA_BRCA
DEGAS,Positive,Neg_ctrl_Sample_45,0.06265389941607,2733,3.4367985102318,Sample_100_TCGA_BRCA
DEGAS,Positive,Neg_ctrl_Sample_46,0.288322415943322,2733,3.4367985102318,Sample_100_TCGA_BRCA
DEGAS,Positive,Neg_ctrl_Sample_47,0.210209543236778,2733,3.4367985102318,Sample_100_TCGA_BRCA
DEGAS,Positive,Neg_ctrl_Sample_48,0.25354008314814,2733,3.4367985102318,Sample_100_TCGA_BRCA
DEGAS,Positive,Neg_ctrl_Sample_49,0.264386378702399,2733,3.4367985102318,Sample_100_TCGA_BRCA
DEGAS,Positive,Neg_ctrl_Sample_50,0.115094598506613,2733,3.4367985102318,Sample_100_TCGA_BRCA
DEGAS,Positive,Neg_ctrl_Sample_51,-0.0877713654380257,2733,3.4367985102318,Sample_100_TCGA_BRCA
DEGAS,Positive,Neg_ctrl_Sample_52,-0.0138130907992373,2733,3.4367985102318,Sample_100_TCGA_BRCA
DEGAS,Positive,Neg_ctrl_Sample_53,-0.0401642667962321,2733,3.4367985102318,Sample_100_TCGA_BRCA
DEGAS,Positive,Neg_ctrl_Sample_54,0.158832584571839,2733,3.4367985102318,Sample_100_TCGA_BRCA
DEGAS,Positive,Neg_ctrl_Sample_55,0.0969480390382034,2733,3.4367985102318,Sample_100_TCGA_BRCA
DEGAS,Positive,Neg_ctrl_Sample_56,0.0398984986981396,2733,3.4367985102318,Sample_100_TCGA_BRCA
DEGAS,Positive,Neg_ctrl_Sample_57,0.0419994170266973,2733,3.4367985102318,Sample_100_TCGA_BRCA
DEGAS,Positive,Neg_ctrl_Sample_58,-0.0231818517265866,2733,3.4367985102318,Sample_100_TCGA_BRCA
DEGAS,Positive,Neg_ctrl_Sample_59,0.130733808252463,2733,3.4367985102318,Sample_100_TCGA_BRCA
DEGAS,Positive,Neg_ctrl_Sample_60,-0.0280601409932143,2733,3.4367985102318,Sample_100_TCGA_BRCA
DEGAS,Positive,Neg_ctrl_Sample_61,0.0873747028781944,2733,3.4367985102318,Sample_100_TCGA_BRCA
DEGAS,Positive,Neg_ctrl_Sample_62,0.14915322007868,2733,3.4367985102318,Sample_100_TCGA_BRCA
DEGAS,Positive,Neg_ctrl_Sample_63,0.155517943210876,2733,3.4367985102318,Sample_100_TCGA_BRCA
DEGAS,Positive,Neg_ctrl_Sample_64,0.0932665539194265,2733,3.4367985102318,Sample_100_TCGA_BRCA
DEGAS,Positive,Neg_ctrl_Sample_65,-0.181771197394388,2733,3.4367985102318,Sample_100_TCGA_BRCA
DEGAS,Positive,Neg_ctrl_Sample_66,0.0631535894546573,2733,3.4367985102318,Sample_100_TCGA_BRCA
DEGAS,Positive,Neg_ctrl_Sample_67,0.125239186625823,2733,3.4367985102318,Sample_100_TCGA_BRCA
DEGAS,Positive,Neg_ctrl_Sample_68,-0.0170769571550763,2733,3.4367985102318,Sample_100_TCGA_BRCA
DEGAS,Positive,Neg_ctrl_Sample_69,0.0552983673671102,2733,3.4367985102318,Sample_100_TCGA_BRCA
DEGAS,Positive,Neg_ctrl_Sample_70,0.0466150942570918,2733,3.4367985102318,Sample_100_TCGA_BRCA
DEGAS,Positive,Neg_ctrl_Sample_71,0.333107649083725,2733,3.4367985102318,Sample_100_TCGA_BRCA
DEGAS,Positive,Neg_ctrl_Sample_72,0.122682732556067,2733,3.4367985102318,Sample_100_TCGA_BRCA
DEGAS,Positive,Neg_ctrl_Sample_73,-0.113000766635177,2733,3.4367985102318,Sample_100_TCGA_BRCA
DEGAS,Positive,Neg_ctrl_Sample_74,0.129831427917175,2733,3.4367985102318,Sample_100_TCGA_BRCA
DEGAS,Positive,Neg_ctrl_Sample_75,-0.131041147620634,2733,3.4367985102318,Sample_100_TCGA_BRCA
DEGAS,Positive,Neg_ctrl_Sample_76,-0.126645780008662,2733,3.4367985102318,Sample_100_TCGA_BRCA
DEGAS,Positive,Neg_ctrl_Sample_77,-0.0483128794622477,2733,3.4367985102318,Sample_100_TCGA_BRCA
DEGAS,Positive,Neg_ctrl_Sample_78,-0.0267547812940665,2733,3.4367985102318,Sample_100_TCGA_BRCA
DEGAS,Positive,Neg_ctrl_Sample_79,-0.05700750299151,2733,3.4367985102318,Sample_100_TCGA_BRCA
DEGAS,Positive,Neg_ctrl_Sample_80,-0.00928252930680837,2733,3.4367985102318,Sample_100_TCGA_BRCA
DEGAS,Positive,Neg_ctrl_Sample_81,0.0258237992098244,2733,3.4367985102318,Sample_100_TCGA_BRCA
DEGAS,Positive,Neg_ctrl_Sample_82,0.0500207666371227,2733,3.4367985102318,Sample_100_TCGA_BRCA
DEGAS,Positive,Neg_ctrl_Sample_83,0.0145343653173512,2733,3.4367985102318,Sample_100_TCGA_BRCA
DEGAS,Positive,Neg_ctrl_Sample_84,-0.205659946292565,2733,3.4367985102318,Sample_100_TCGA_BRCA
DEGAS,Positive,Neg_ctrl_Sample_85,-0.143649168547054,2733,3.4367985102318,Sample_100_TCGA_BRCA
DEGAS,Positive,Neg_ctrl_Sample_86,0.0354704242400007,2733,3.4367985102318,Sample_100_TCGA_BRCA
DEGAS,Positive,Neg_ctrl_Sample_87,-0.0267202212803398,2733,3.4367985102318,Sample_100_TCGA_BRCA
DEGAS,Positive,Neg_ctrl_Sample_88,0.148360751883627,2733,3.4367985102318,Sample_100_TCGA_BRCA
DEGAS,Positive,Neg_ctrl_Sample_89,0.0851874292241173,2733,3.4367985102318,Sample_100_TCGA_BRCA
DEGAS,Positive,Neg_ctrl_Sample_90,0.0494662103641273,2733,3.4367985102318,Sample_100_TCGA_BRCA
DEGAS,Positive,Neg_ctrl_Sample_91,-0.138700963107038,2733,3.4367985102318,Sample_100_TCGA_BRCA
DEGAS,Positive,Neg_ctrl_Sample_92,0.0113193154386023,2733,3.4367985102318,Sample_100_TCGA_BRCA
DEGAS,Positive,Neg_ctrl_Sample_93,0.000526155483672004,2733,3.4367985102318,Sample_100_TCGA_BRCA
DEGAS,Positive,Neg_ctrl_Sample_94,0.17712696878681,2733,3.4367985102318,Sample_100_TCGA_BRCA
DEGAS,Positive,Neg_ctrl_Sample_95,-0.127443200349264,2733,3.4367985102318,Sample_100_TCGA_BRCA
DEGAS,Positive,Neg_ctrl_Sample_96,0.151821483838998,2733,3.4367985102318,Sample_100_TCGA_BRCA
DEGAS,Positive,Neg_ctrl_Sample_97,-0.0955453386412525,2733,3.4367985102318,Sample_100_TCGA_BRCA
DEGAS,Positive,Neg_ctrl_Sample_98,-0.140324907367039,2733,3.4367985102318,Sample_100_TCGA_BRCA
DEGAS,Positive,Neg_ctrl_Sample_99,-0.170916725710334,2733,3.4367985102318,Sample_100_TCGA_BRCA
DEGAS,Positive,Neg_ctrl_Sample_100,0.0255352013823469,2733,3.4367985102318,Sample_100_TCGA_BRCA
LP_SGL,Negative,Neg_ctrl_Sample_1,-0.0046834478398568,4009,3.60314437262018,Sample_100_TCGA_BRCA
LP_SGL,Negative,Neg_ctrl_Sample_2,0.013867432573204,4009,3.60314437262018,Sample_100_TCGA_BRCA
LP_SGL,Negative,Neg_ctrl_Sample_3,0.0183041789257663,4009,3.60314437262018,Sample_100_TCGA_BRCA
LP_SGL,Negative,Neg_ctrl_Sample_4,-0.192271947119407,4009,3.60314437262018,Sample_100_TCGA_BRCA
LP_SGL,Negative,Neg_ctrl_Sample_5,-0.0922294075968549,4009,3.60314437262018,Sample_100_TCGA_BRCA
LP_SGL,Negative,Neg_ctrl_Sample_6,-0.0508333839565399,4009,3.60314437262018,Sample_100_TCGA_BRCA
LP_SGL,Negative,Neg_ctrl_Sample_7,-0.000652270475923354,4009,3.60314437262018,Sample_100_TCGA_BRCA
LP_SGL,Negative,Neg_ctrl_Sample_8,-0.109069174662783,4009,3.60314437262018,Sample_100_TCGA_BRCA
LP_SGL,Negative,Neg_ctrl_Sample_9,0.0641119815882577,4009,3.60314437262018,Sample_100_TCGA_BRCA
LP_SGL,Negative,Neg_ctrl_Sample_10,0.0211732238072867,4009,3.60314437262018,Sample_100_TCGA_BRCA
LP_SGL,Negative,Neg_ctrl_Sample_11,0.126533696790355,4009,3.60314437262018,Sample_100_TCGA_BRCA
LP_SGL,Negative,Neg_ctrl_Sample_12,0.0779590580602154,4009,3.60314437262018,Sample_100_TCGA_BRCA
LP_SGL,Negative,Neg_ctrl_Sample_13,-0.233587701637532,4009,3.60314437262018,Sample_100_TCGA_BRCA
LP_SGL,Negative,Neg_ctrl_Sample_14,0.219616221069031,4009,3.60314437262018,Sample_100_TCGA_BRCA
LP_SGL,Negative,Neg_ctrl_Sample_15,0.0326332532986219,4009,3.60314437262018,Sample_100_TCGA_BRCA
LP_SGL,Negative,Neg_ctrl_Sample_16,-0.157682574855097,4009,3.60314437262018,Sample_100_TCGA_BRCA
LP_SGL,Negative,Neg_ctrl_Sample_17,0.102698698389599,4009,3.60314437262018,Sample_100_TCGA_BRCA
LP_SGL,Negative,Neg_ctrl_Sample_18,0.0552717217219956,4009,3.60314437262018,Sample_100_TCGA_BRCA
LP_SGL,Negative,Neg_ctrl_Sample_19,0.130071197314787,4009,3.60314437262018,Sample_100_TCGA_BRCA
LP_SGL,Negative,Neg_ctrl_Sample_20,0.313597131035619,4009,3.60314437262018,Sample_100_TCGA_BRCA
LP_SGL,Negative,Neg_ctrl_Sample_21,-0.104663609321593,4009,3.60314437262018,Sample_100_TCGA_BRCA
LP_SGL,Negative,Neg_ctrl_Sample_22,0.0264216317963363,4009,3.60314437262018,Sample_100_TCGA_BRCA
LP_SGL,Negative,Neg_ctrl_Sample_23,0.179500954558343,4009,3.60314437262018,Sample_100_TCGA_BRCA
LP_SGL,Negative,Neg_ctrl_Sample_24,0.0225093249658652,4009,3.60314437262018,Sample_100_TCGA_BRCA
LP_SGL,Negative,Neg_ctrl_Sample_25,0.107487588318124,4009,3.60314437262018,Sample_100_TCGA_BRCA
LP_SGL,Negative,Neg_ctrl_Sample_26,0.0300379055372421,4009,3.60314437262018,Sample_100_TCGA_BRCA
LP_SGL,Negative,Neg_ctrl_Sample_27,-0.0837827043784512,4009,3.60314437262018,Sample_100_TCGA_BRCA
LP_SGL,Negative,Neg_ctrl_Sample_28,0.247345022614394,4009,3.60314437262018,Sample_100_TCGA_BRCA
LP_SGL,Negative,Neg_ctrl_Sample_29,-0.0650562701284999,4009,3.60314437262018,Sample_100_TCGA_BRCA
LP_SGL,Negative,Neg_ctrl_Sample_30,0.125669747868887,4009,3.60314437262018,Sample_100_TCGA_BRCA
LP_SGL,Negative,Neg_ctrl_Sample_31,0.189203176994891,4009,3.60314437262018,Sample_100_TCGA_BRCA
LP_SGL,Negative,Neg_ctrl_Sample_32,0.036532308644647,4009,3.60314437262018,Sample_100_TCGA_BRCA
LP_SGL,Negative,Neg_ctrl_Sample_33,0.0439683093712316,4009,3.60314437262018,Sample_100_TCGA_BRCA
LP_SGL,Negative,Neg_ctrl_Sample_34,0.184714145833283,4009,3.60314437262018,Sample_100_TCGA_BRCA
LP_SGL,Negative,Neg_ctrl_Sample_35,0.0296173043867245,4009,3.60314437262018,Sample_100_TCGA_BRCA
LP_SGL,Negative,Neg_ctrl_Sample_36,-0.159112514767413,4009,3.60314437262018,Sample_100_TCGA_BRCA
LP_SGL,Negative,Neg_ctrl_Sample_37,0.0419023482315792,4009,3.60314437262018,Sample_100_TCGA_BRCA
LP_SGL,Negative,Neg_ctrl_Sample_38,0.11749851190204,4009,3.60314437262018,Sample_100_TCGA_BRCA
LP_SGL,Negative,Neg_ctrl_Sample_39,0.142852839238731,4009,3.60314437262018,Sample_100_TCGA_BRCA
LP_SGL,Negative,Neg_ctrl_Sample_40,0.064474830234194,4009,3.60314437262018,Sample_100_TCGA_BRCA
LP_SGL,Negative,Neg_ctrl_Sample_41,0.0728365408931974,4009,3.60314437262018,Sample_100_TCGA_BRCA
LP_SGL,Negative,Neg_ctrl_Sample_42,0.0621213471974946,4009,3.60314437262018,Sample_100_TCGA_BRCA
LP_SGL,Negative,Neg_ctrl_Sample_43,0.0553884163174595,4009,3.60314437262018,Sample_100_TCGA_BRCA
LP_SGL,Negative,Neg_ctrl_Sample_44,-0.153051036243946,4009,3.60314437262018,Sample_100_TCGA_BRCA
LP_SGL,Negative,Neg_ctrl_Sample_45,0.0672673879461681,4009,3.60314437262018,Sample_100_TCGA_BRCA
LP_SGL,Negative,Neg_ctrl_Sample_46,0.293393672768223,4009,3.60314437262018,Sample_100_TCGA_BRCA
LP_SGL,Negative,Neg_ctrl_Sample_47,0.196367808627682,4009,3.60314437262018,Sample_100_TCGA_BRCA
LP_SGL,Negative,Neg_ctrl_Sample_48,0.270719320370325,4009,3.60314437262018,Sample_100_TCGA_BRCA
LP_SGL,Negative,Neg_ctrl_Sample_49,0.246884926597329,4009,3.60314437262018,Sample_100_TCGA_BRCA
LP_SGL,Negative,Neg_ctrl_Sample_50,0.119287361663213,4009,3.60314437262018,Sample_100_TCGA_BRCA
LP_SGL,Negative,Neg_ctrl_Sample_51,-0.116957517038719,4009,3.60314437262018,Sample_100_TCGA_BRCA
LP_SGL,Negative,Neg_ctrl_Sample_52,-0.0116623096788428,4009,3.60314437262018,Sample_100_TCGA_BRCA
LP_SGL,Negative,Neg_ctrl_Sample_53,-0.0257221218737231,4009,3.60314437262018,Sample_100_TCGA_BRCA
LP_SGL,Negative,Neg_ctrl_Sample_54,0.157888191293499,4009,3.60314437262018,Sample_100_TCGA_BRCA
LP_SGL,Negative,Neg_ctrl_Sample_55,0.100108760521338,4009,3.60314437262018,Sample_100_TCGA_BRCA
LP_SGL,Negative,Neg_ctrl_Sample_56,0.0540022793098524,4009,3.60314437262018,Sample_100_TCGA_BRCA
LP_SGL,Negative,Neg_ctrl_Sample_57,0.0505364414501654,4009,3.60314437262018,Sample_100_TCGA_BRCA
LP_SGL,Negative,Neg_ctrl_Sample_58,-0.00306201176078384,4009,3.60314437262018,Sample_100_TCGA_BRCA
LP_SGL,Negative,Neg_ctrl_Sample_59,0.130400931751507,4009,3.60314437262018,Sample_100_TCGA_BRCA
LP_SGL,Negative,Neg_ctrl_Sample_60,-0.0130699166852743,4009,3.60314437262018,Sample_100_TCGA_BRCA
LP_SGL,Negative,Neg_ctrl_Sample_61,0.0980556474988605,4009,3.60314437262018,Sample_100_TCGA_BRCA
LP_SGL,Negative,Neg_ctrl_Sample_62,0.160554943024172,4009,3.60314437262018,Sample_100_TCGA_BRCA
LP_SGL,Negative,Neg_ctrl_Sample_63,0.147770253179248,4009,3.60314437262018,Sample_100_TCGA_BRCA
LP_SGL,Negative,Neg_ctrl_Sample_64,0.0675524973135836,4009,3.60314437262018,Sample_100_TCGA_BRCA
LP_SGL,Negative,Neg_ctrl_Sample_65,-0.198584386300582,4009,3.60314437262018,Sample_100_TCGA_BRCA
LP_SGL,Negative,Neg_ctrl_Sample_66,0.0598565842615514,4009,3.60314437262018,Sample_100_TCGA_BRCA
LP_SGL,Negative,Neg_ctrl_Sample_67,0.122256909595341,4009,3.60314437262018,Sample_100_TCGA_BRCA
LP_SGL,Negative,Neg_ctrl_Sample_68,-0.0311740989310308,4009,3.60314437262018,Sample_100_TCGA_BRCA
LP_SGL,Negative,Neg_ctrl_Sample_69,0.0582053609071088,4009,3.60314437262018,Sample_100_TCGA_BRCA
LP_SGL,Negative,Neg_ctrl_Sample_70,0.0536781678659091,4009,3.60314437262018,Sample_100_TCGA_BRCA
LP_SGL,Negative,Neg_ctrl_Sample_71,0.30402523051808,4009,3.60314437262018,Sample_100_TCGA_BRCA
LP_SGL,Negative,Neg_ctrl_Sample_72,0.122638860176897,4009,3.60314437262018,Sample_100_TCGA_BRCA
LP_SGL,Negative,Neg_ctrl_Sample_73,-0.137320395224215,4009,3.60314437262018,Sample_100_TCGA_BRCA
LP_SGL,Negative,Neg_ctrl_Sample_74,0.141032255443991,4009,3.60314437262018,Sample_100_TCGA_BRCA
LP_SGL,Negative,Neg_ctrl_Sample_75,-0.138287365862544,4009,3.60314437262018,Sample_100_TCGA_BRCA
LP_SGL,Negative,Neg_ctrl_Sample_76,-0.121687678068542,4009,3.60314437262018,Sample_100_TCGA_BRCA
LP_SGL,Negative,Neg_ctrl_Sample_77,-0.0336534623767879,4009,3.60314437262018,Sample_100_TCGA_BRCA
LP_SGL,Negative,Neg_ctrl_Sample_78,-0.0269227530357566,4009,3.60314437262018,Sample_100_TCGA_BRCA
LP_SGL,Negative,Neg_ctrl_Sample_79,-0.0690346549648318,4009,3.60314437262018,Sample_100_TCGA_BRCA
LP_SGL,Negative,Neg_ctrl_Sample_80,-0.00583448707958257,4009,3.60314437262018,Sample_100_TCGA_BRCA
LP_SGL,Negative,Neg_ctrl_Sample_81,0.0225352036042821,4009,3.60314437262018,Sample_100_TCGA_BRCA
LP_SGL,Negative,Neg_ctrl_Sample_82,0.0579567762349844,4009,3.60314437262018,Sample_100_TCGA_BRCA
LP_SGL,Negative,Neg_ctrl_Sample_83,0.00347950922788514,4009,3.60314437262018,Sample_100_TCGA_BRCA
LP_SGL,Negative,Neg_ctrl_Sample_84,-0.212658254727904,4009,3.60314437262018,Sample_100_TCGA_BRCA
LP_SGL,Negative,Neg_ctrl_Sample_85,-0.160099802117081,4009,3.60314437262018,Sample_100_TCGA_BRCA
LP_SGL,Negative,Neg_ctrl_Sample_86,0.0527087781774515,4009,3.60314437262018,Sample_100_TCGA_BRCA
LP_SGL,Negative,Neg_ctrl_Sample_87,-0.0288422628833556,4009,3.60314437262018,Sample_100_TCGA_BRCA
LP_SGL,Negative,Neg_ctrl_Sample_88,0.151590217651969,4009,3.60314437262018,Sample_100_TCGA_BRCA
LP_SGL,Negative,Neg_ctrl_Sample_89,0.0840963722981546,4009,3.60314437262018,Sample_100_TCGA_BRCA
LP_SGL,Negative,Neg_ctrl_Sample_90,0.0523623414926424,4009,3.60314437262018,Sample_100_TCGA_BRCA
LP_SGL,Negative,Neg_ctrl_Sample_91,-0.159805110773335,4009,3.60314437262018,Sample_100_TCGA_BRCA
LP_SGL,Negative,Neg_ctrl_Sample_92,0.0176347667759172,4009,3.60314437262018,Sample_100_TCGA_BRCA
LP_SGL,Negative,Neg_ctrl_Sample_93,0.00400157400782981,4009,3.60314437262018,Sample_100_TCGA_BRCA
LP_SGL,Negative,Neg_ctrl_Sample_94,0.167388788722747,4009,3.60314437262018,Sample_100_TCGA_BRCA
LP_SGL,Negative,Neg_ctrl_Sample_95,-0.144144313732899,4009,3.60314437262018,Sample_100_TCGA_BRCA
LP_SGL,Negative,Neg_ctrl_Sample_96,0.15461653081056,4009,3.60314437262018,Sample_100_TCGA_BRCA
LP_SGL,Negative,Neg_ctrl_Sample_97,-0.0922731303994119,4009,3.60314437262018,Sample_100_TCGA_BRCA
LP_SGL,Negative,Neg_ctrl_Sample_98,-0.138086279611206,4009,3.60314437262018,Sample_100_TCGA_BRCA
LP_SGL,Negative,Neg_ctrl_Sample_99,-0.184757944784471,4009,3.60314437262018,Sample_100_TCGA_BRCA
LP_SGL,Negative,Neg_ctrl_Sample_100,0.019927759159597,4009,3.60314437262018,Sample_100_TCGA_BRCA
LP_SGL,Neutral,Neg_ctrl_Sample_1,-0.0020887644923747,49450,4.6941750783415,Sample_100_TCGA_BRCA
LP_SGL,Neutral,Neg_ctrl_Sample_2,0.0107105068064448,49450,4.6941750783415,Sample_100_TCGA_BRCA
LP_SGL,Neutral,Neg_ctrl_Sample_3,0.0115169473387206,49450,4.6941750783415,Sample_100_TCGA_BRCA
LP_SGL,Neutral,Neg_ctrl_Sample_4,-0.196600829280877,49450,4.6941750783415,Sample_100_TCGA_BRCA
LP_SGL,Neutral,Neg_ctrl_Sample_5,-0.0800514660324234,49450,4.6941750783415,Sample_100_TCGA_BRCA
LP_SGL,Neutral,Neg_ctrl_Sample_6,-0.0440155417778865,49450,4.6941750783415,Sample_100_TCGA_BRCA
LP_SGL,Neutral,Neg_ctrl_Sample_7,0.00158091203979128,49450,4.6941750783415,Sample_100_TCGA_BRCA
LP_SGL,Neutral,Neg_ctrl_Sample_8,-0.109175458182653,49450,4.6941750783415,Sample_100_TCGA_BRCA
LP_SGL,Neutral,Neg_ctrl_Sample_9,0.0612417186221333,49450,4.6941750783415,Sample_100_TCGA_BRCA
LP_SGL,Neutral,Neg_ctrl_Sample_10,0.0229412462271709,49450,4.6941750783415,Sample_100_TCGA_BRCA
LP_SGL,Neutral,Neg_ctrl_Sample_11,0.129764494361225,49450,4.6941750783415,Sample_100_TCGA_BRCA
LP_SGL,Neutral,Neg_ctrl_Sample_12,0.074390999770016,49450,4.6941750783415,Sample_100_TCGA_BRCA
LP_SGL,Neutral,Neg_ctrl_Sample_13,-0.234591051979324,49450,4.6941750783415,Sample_100_TCGA_BRCA
LP_SGL,Neutral,Neg_ctrl_Sample_14,0.229046080346803,49450,4.6941750783415,Sample_100_TCGA_BRCA
LP_SGL,Neutral,Neg_ctrl_Sample_15,0.0380804764870817,49450,4.6941750783415,Sample_100_TCGA_BRCA
LP_SGL,Neutral,Neg_ctrl_Sample_16,-0.146377844858595,49450,4.6941750783415,Sample_100_TCGA_BRCA
LP_SGL,Neutral,Neg_ctrl_Sample_17,0.100590850427297,49450,4.6941750783415,Sample_100_TCGA_BRCA
LP_SGL,Neutral,Neg_ctrl_Sample_18,0.0554203609625104,49450,4.6941750783415,Sample_100_TCGA_BRCA
LP_SGL,Neutral,Neg_ctrl_Sample_19,0.133995130084924,49450,4.6941750783415,Sample_100_TCGA_BRCA
LP_SGL,Neutral,Neg_ctrl_Sample_20,0.315770502455522,49450,4.6941750783415,Sample_100_TCGA_BRCA
LP_SGL,Neutral,Neg_ctrl_Sample_21,-0.0942574354446476,49450,4.6941750783415,Sample_100_TCGA_BRCA
LP_SGL,Neutral,Neg_ctrl_Sample_22,0.0416033747429702,49450,4.6941750783415,Sample_100_TCGA_BRCA
LP_SGL,Neutral,Neg_ctrl_Sample_23,0.179404720307695,49450,4.6941750783415,Sample_100_TCGA_BRCA
LP_SGL,Neutral,Neg_ctrl_Sample_24,0.0229816076818685,49450,4.6941750783415,Sample_100_TCGA_BRCA
LP_SGL,Neutral,Neg_ctrl_Sample_25,0.102194353912078,49450,4.6941750783415,Sample_100_TCGA_BRCA
LP_SGL,Neutral,Neg_ctrl_Sample_26,0.0435208397802946,49450,4.6941750783415,Sample_100_TCGA_BRCA
LP_SGL,Neutral,Neg_ctrl_Sample_27,-0.0816700917617299,49450,4.6941750783415,Sample_100_TCGA_BRCA
LP_SGL,Neutral,Neg_ctrl_Sample_28,0.24681042540451,49450,4.6941750783415,Sample_100_TCGA_BRCA
LP_SGL,Neutral,Neg_ctrl_Sample_29,-0.0706761558624725,49450,4.6941750783415,Sample_100_TCGA_BRCA
LP_SGL,Neutral,Neg_ctrl_Sample_30,0.137137297006029,49450,4.6941750783415,Sample_100_TCGA_BRCA
LP_SGL,Neutral,Neg_ctrl_Sample_31,0.183694377537065,49450,4.6941750783415,Sample_100_TCGA_BRCA
LP_SGL,Neutral,Neg_ctrl_Sample_32,0.0304458393686204,49450,4.6941750783415,Sample_100_TCGA_BRCA
LP_SGL,Neutral,Neg_ctrl_Sample_33,0.056059949880494,49450,4.6941750783415,Sample_100_TCGA_BRCA
LP_SGL,Neutral,Neg_ctrl_Sample_34,0.184948882190457,49450,4.6941750783415,Sample_100_TCGA_BRCA
LP_SGL,Neutral,Neg_ctrl_Sample_35,0.0170589270291824,49450,4.6941750783415,Sample_100_TCGA_BRCA
LP_SGL,Neutral,Neg_ctrl_Sample_36,-0.144878255878985,49450,4.6941750783415,Sample_100_TCGA_BRCA
LP_SGL,Neutral,Neg_ctrl_Sample_37,0.049457651396962,49450,4.6941750783415,Sample_100_TCGA_BRCA
LP_SGL,Neutral,Neg_ctrl_Sample_38,0.107191942849215,49450,4.6941750783415,Sample_100_TCGA_BRCA
LP_SGL,Neutral,Neg_ctrl_Sample_39,0.145688150243301,49450,4.6941750783415,Sample_100_TCGA_BRCA
LP_SGL,Neutral,Neg_ctrl_Sample_40,0.0603656905796586,49450,4.6941750783415,Sample_100_TCGA_BRCA
LP_SGL,Neutral,Neg_ctrl_Sample_41,0.0683141400987028,49450,4.6941750783415,Sample_100_TCGA_BRCA
LP_SGL,Neutral,Neg_ctrl_Sample_42,0.0559011934676815,49450,4.6941750783415,Sample_100_TCGA_BRCA
LP_SGL,Neutral,Neg_ctrl_Sample_43,0.0607604680108452,49450,4.6941750783415,Sample_100_TCGA_BRCA
LP_SGL,Neutral,Neg_ctrl_Sample_44,-0.123699441394266,49450,4.6941750783415,Sample_100_TCGA_BRCA
LP_SGL,Neutral,Neg_ctrl_Sample_45,0.0674923974015466,49450,4.6941750783415,Sample_100_TCGA_BRCA
LP_SGL,Neutral,Neg_ctrl_Sample_46,0.29128667460701,49450,4.6941750783415,Sample_100_TCGA_BRCA
LP_SGL,Neutral,Neg_ctrl_Sample_47,0.211925333315108,49450,4.6941750783415,Sample_100_TCGA_BRCA
LP_SGL,Neutral,Neg_ctrl_Sample_48,0.252140576640321,49450,4.6941750783415,Sample_100_TCGA_BRCA
LP_SGL,Neutral,Neg_ctrl_Sample_49,0.262255764302071,49450,4.6941750783415,Sample_100_TCGA_BRCA
LP_SGL,Neutral,Neg_ctrl_Sample_50,0.11656957540946,49450,4.6941750783415,Sample_100_TCGA_BRCA
LP_SGL,Neutral,Neg_ctrl_Sample_51,-0.0992954644926523,49450,4.6941750783415,Sample_100_TCGA_BRCA
LP_SGL,Neutral,Neg_ctrl_Sample_52,-0.0129946742654373,49450,4.6941750783415,Sample_100_TCGA_BRCA
LP_SGL,Neutral,Neg_ctrl_Sample_53,-0.0381996761838666,49450,4.6941750783415,Sample_100_TCGA_BRCA
LP_SGL,Neutral,Neg_ctrl_Sample_54,0.156234448687708,49450,4.6941750783415,Sample_100_TCGA_BRCA
LP_SGL,Neutral,Neg_ctrl_Sample_55,0.0987769088535977,49450,4.6941750783415,Sample_100_TCGA_BRCA
LP_SGL,Neutral,Neg_ctrl_Sample_56,0.0430816474924372,49450,4.6941750783415,Sample_100_TCGA_BRCA
LP_SGL,Neutral,Neg_ctrl_Sample_57,0.0430392525665506,49450,4.6941750783415,Sample_100_TCGA_BRCA
LP_SGL,Neutral,Neg_ctrl_Sample_58,-0.0129647814508803,49450,4.6941750783415,Sample_100_TCGA_BRCA
LP_SGL,Neutral,Neg_ctrl_Sample_59,0.132435142572648,49450,4.6941750783415,Sample_100_TCGA_BRCA
LP_SGL,Neutral,Neg_ctrl_Sample_60,-0.0287144366184554,49450,4.6941750783415,Sample_100_TCGA_BRCA
LP_SGL,Neutral,Neg_ctrl_Sample_61,0.0894098073062941,49450,4.6941750783415,Sample_100_TCGA_BRCA
LP_SGL,Neutral,Neg_ctrl_Sample_62,0.156418881499595,49450,4.6941750783415,Sample_100_TCGA_BRCA
LP_SGL,Neutral,Neg_ctrl_Sample_63,0.158390304450149,49450,4.6941750783415,Sample_100_TCGA_BRCA
LP_SGL,Neutral,Neg_ctrl_Sample_64,0.0860430170979164,49450,4.6941750783415,Sample_100_TCGA_BRCA
LP_SGL,Neutral,Neg_ctrl_Sample_65,-0.188978703699921,49450,4.6941750783415,Sample_100_TCGA_BRCA
LP_SGL,Neutral,Neg_ctrl_Sample_66,0.0633852955719608,49450,4.6941750783415,Sample_100_TCGA_BRCA
LP_SGL,Neutral,Neg_ctrl_Sample_67,0.129043326878078,49450,4.6941750783415,Sample_100_TCGA_BRCA
LP_SGL,Neutral,Neg_ctrl_Sample_68,-0.0245813877382518,49450,4.6941750783415,Sample_100_TCGA_BRCA
LP_SGL,Neutral,Neg_ctrl_Sample_69,0.0589452579726049,49450,4.6941750783415,Sample_100_TCGA_BRCA
LP_SGL,Neutral,Neg_ctrl_Sample_70,0.0490863691094842,49450,4.6941750783415,Sample_100_TCGA_BRCA
LP_SGL,Neutral,Neg_ctrl_Sample_71,0.325810817261278,49450,4.6941750783415,Sample_100_TCGA_BRCA
LP_SGL,Neutral,Neg_ctrl_Sample_72,0.126252011190414,49450,4.6941750783415,Sample_100_TCGA_BRCA
LP_SGL,Neutral,Neg_ctrl_Sample_73,-0.122706029906456,49450,4.6941750783415,Sample_100_TCGA_BRCA
LP_SGL,Neutral,Neg_ctrl_Sample_74,0.136863836267487,49450,4.6941750783415,Sample_100_TCGA_BRCA
LP_SGL,Neutral,Neg_ctrl_Sample_75,-0.128670104604966,49450,4.6941750783415,Sample_100_TCGA_BRCA
LP_SGL,Neutral,Neg_ctrl_Sample_76,-0.120062325040382,49450,4.6941750783415,Sample_100_TCGA_BRCA
LP_SGL,Neutral,Neg_ctrl_Sample_77,-0.0396386988787085,49450,4.6941750783415,Sample_100_TCGA_BRCA
LP_SGL,Neutral,Neg_ctrl_Sample_78,-0.0314357744673604,49450,4.6941750783415,Sample_100_TCGA_BRCA
LP_SGL,Neutral,Neg_ctrl_Sample_79,-0.0629853552274852,49450,4.6941750783415,Sample_100_TCGA_BRCA
LP_SGL,Neutral,Neg_ctrl_Sample_80,-0.0101835673114558,49450,4.6941750783415,Sample_100_TCGA_BRCA
LP_SGL,Neutral,Neg_ctrl_Sample_81,0.0264518670367828,49450,4.6941750783415,Sample_100_TCGA_BRCA
LP_SGL,Neutral,Neg_ctrl_Sample_82,0.0569006520176824,49450,4.6941750783415,Sample_100_TCGA_BRCA
LP_SGL,Neutral,Neg_ctrl_Sample_83,0.0182317961053993,49450,4.6941750783415,Sample_100_TCGA_BRCA
LP_SGL,Neutral,Neg_ctrl_Sample_84,-0.20449964447373,49450,4.6941750783415,Sample_100_TCGA_BRCA
LP_SGL,Neutral,Neg_ctrl_Sample_85,-0.145364357671256,49450,4.6941750783415,Sample_100_TCGA_BRCA
LP_SGL,Neutral,Neg_ctrl_Sample_86,0.0393205318268216,49450,4.6941750783415,Sample_100_TCGA_BRCA
LP_SGL,Neutral,Neg_ctrl_Sample_87,-0.0251319180712674,49450,4.6941750783415,Sample_100_TCGA_BRCA
LP_SGL,Neutral,Neg_ctrl_Sample_88,0.150233418533784,49450,4.6941750783415,Sample_100_TCGA_BRCA
LP_SGL,Neutral,Neg_ctrl_Sample_89,0.0848286654490813,49450,4.6941750783415,Sample_100_TCGA_BRCA
LP_SGL,Neutral,Neg_ctrl_Sample_90,0.0554854271018797,49450,4.6941750783415,Sample_100_TCGA_BRCA
LP_SGL,Neutral,Neg_ctrl_Sample_91,-0.141612028505783,49450,4.6941750783415,Sample_100_TCGA_BRCA
LP_SGL,Neutral,Neg_ctrl_Sample_92,0.0093030267660163,49450,4.6941750783415,Sample_100_TCGA_BRCA
LP_SGL,Neutral,Neg_ctrl_Sample_93,0.0029620372964261,49450,4.6941750783415,Sample_100_TCGA_BRCA
LP_SGL,Neutral,Neg_ctrl_Sample_94,0.174836095295207,49450,4.6941750783415,Sample_100_TCGA_BRCA
LP_SGL,Neutral,Neg_ctrl_Sample_95,-0.139490584860201,49450,4.6941750783415,Sample_100_TCGA_BRCA
LP_SGL,Neutral,Neg_ctrl_Sample_96,0.155070436178124,49450,4.6941750783415,Sample_100_TCGA_BRCA
LP_SGL,Neutral,Neg_ctrl_Sample_97,-0.094697214148345,49450,4.6941750783415,Sample_100_TCGA_BRCA
LP_SGL,Neutral,Neg_ctrl_Sample_98,-0.135296867934403,49450,4.6941750783415,Sample_100_TCGA_BRCA
LP_SGL,Neutral,Neg_ctrl_Sample_99,-0.174118446341192,49450,4.6941750783415,Sample_100_TCGA_BRCA
LP_SGL,Neutral,Neg_ctrl_Sample_100,0.0223554756017063,49450,4.6941750783415,Sample_100_TCGA_BRCA
LP_SGL,Positive,Neg_ctrl_Sample_1,0.0116668766379525,1191,3.07627625540422,Sample_100_TCGA_BRCA
LP_SGL,Positive,Neg_ctrl_Sample_2,0.0155425567013107,1191,3.07627625540422,Sample_100_TCGA_BRCA
LP_SGL,Positive,Neg_ctrl_Sample_3,0.0445932563386316,1191,3.07627625540422,Sample_100_TCGA_BRCA
LP_SGL,Positive,Neg_ctrl_Sample_4,-0.189431385895424,1191,3.07627625540422,Sample_100_TCGA_BRCA
LP_SGL,Positive,Neg_ctrl_Sample_5,-0.088737993766657,1191,3.07627625540422,Sample_100_TCGA_BRCA
LP_SGL,Positive,Neg_ctrl_Sample_6,-0.0422686738990901,1191,3.07627625540422,Sample_100_TCGA_BRCA
LP_SGL,Positive,Neg_ctrl_Sample_7,0.021211904897554,1191,3.07627625540422,Sample_100_TCGA_BRCA
LP_SGL,Positive,Neg_ctrl_Sample_8,-0.110050792005537,1191,3.07627625540422,Sample_100_TCGA_BRCA
LP_SGL,Positive,Neg_ctrl_Sample_9,0.0588770057476949,1191,3.07627625540422,Sample_100_TCGA_BRCA
LP_SGL,Positive,Neg_ctrl_Sample_10,0.000984846794606581,1191,3.07627625540422,Sample_100_TCGA_BRCA
LP_SGL,Positive,Neg_ctrl_Sample_11,0.127206819062861,1191,3.07627625540422,Sample_100_TCGA_BRCA
LP_SGL,Positive,Neg_ctrl_Sample_12,0.0735250777839371,1191,3.07627625540422,Sample_100_TCGA_BRCA
LP_SGL,Positive,Neg_ctrl_Sample_13,-0.221425396730993,1191,3.07627625540422,Sample_100_TCGA_BRCA
LP_SGL,Positive,Neg_ctrl_Sample_14,0.221618536689064,1191,3.07627625540422,Sample_100_TCGA_BRCA
LP_SGL,Positive,Neg_ctrl_Sample_15,0.0423176830837528,1191,3.07627625540422,Sample_100_TCGA_BRCA
LP_SGL,Positive,Neg_ctrl_Sample_16,-0.165437395110664,1191,3.07627625540422,Sample_100_TCGA_BRCA
LP_SGL,Positive,Neg_ctrl_Sample_17,0.103570570350463,1191,3.07627625540422,Sample_100_TCGA_BRCA
LP_SGL,Positive,Neg_ctrl_Sample_18,0.0597372130363568,1191,3.07627625540422,Sample_100_TCGA_BRCA
LP_SGL,Positive,Neg_ctrl_Sample_19,0.137038124532222,1191,3.07627625540422,Sample_100_TCGA_BRCA
LP_SGL,Positive,Neg_ctrl_Sample_20,0.308199670398931,1191,3.07627625540422,Sample_100_TCGA_BRCA
LP_SGL,Positive,Neg_ctrl_Sample_21,-0.103955150204109,1191,3.07627625540422,Sample_100_TCGA_BRCA
LP_SGL,Positive,Neg_ctrl_Sample_22,0.0222167578470863,1191,3.07627625540422,Sample_100_TCGA_BRCA
LP_SGL,Positive,Neg_ctrl_Sample_23,0.181085300656944,1191,3.07627625540422,Sample_100_TCGA_BRCA
LP_SGL,Positive,Neg_ctrl_Sample_24,0.0113248737012293,1191,3.07627625540422,Sample_100_TCGA_BRCA
LP_SGL,Positive,Neg_ctrl_Sample_25,0.119932000608751,1191,3.07627625540422,Sample_100_TCGA_BRCA
LP_SGL,Positive,Neg_ctrl_Sample_26,0.0361703079923562,1191,3.07627625540422,Sample_100_TCGA_BRCA
LP_SGL,Positive,Neg_ctrl_Sample_27,-0.0796048937280577,1191,3.07627625540422,Sample_100_TCGA_BRCA
LP_SGL,Positive,Neg_ctrl_Sample_28,0.238898326063553,1191,3.07627625540422,Sample_100_TCGA_BRCA
LP_SGL,Positive,Neg_ctrl_Sample_29,-0.0562774823742853,1191,3.07627625540422,Sample_100_TCGA_BRCA
LP_SGL,Positive,Neg_ctrl_Sample_30,0.122002258054244,1191,3.07627625540422,Sample_100_TCGA_BRCA
LP_SGL,Positive,Neg_ctrl_Sample_31,0.179147882280134,1191,3.07627625540422,Sample_100_TCGA_BRCA
LP_SGL,Positive,Neg_ctrl_Sample_32,0.0314551431050048,1191,3.07627625540422,Sample_100_TCGA_BRCA
LP_SGL,Positive,Neg_ctrl_Sample_33,0.0601838742356506,1191,3.07627625540422,Sample_100_TCGA_BRCA
LP_SGL,Positive,Neg_ctrl_Sample_34,0.170836187310112,1191,3.07627625540422,Sample_100_TCGA_BRCA
LP_SGL,Positive,Neg_ctrl_Sample_35,0.0184070145853609,1191,3.07627625540422,Sample_100_TCGA_BRCA
LP_SGL,Positive,Neg_ctrl_Sample_36,-0.16957652462789,1191,3.07627625540422,Sample_100_TCGA_BRCA
LP_SGL,Positive,Neg_ctrl_Sample_37,0.0489027640391419,1191,3.07627625540422,Sample_100_TCGA_BRCA
LP_SGL,Positive,Neg_ctrl_Sample_38,0.120916893136864,1191,3.07627625540422,Sample_100_TCGA_BRCA
LP_SGL,Positive,Neg_ctrl_Sample_39,0.157720770803603,1191,3.07627625540422,Sample_100_TCGA_BRCA
LP_SGL,Positive,Neg_ctrl_Sample_40,0.0661862758272721,1191,3.07627625540422,Sample_100_TCGA_BRCA
LP_SGL,Positive,Neg_ctrl_Sample_41,0.0621958473946491,1191,3.07627625540422,Sample_100_TCGA_BRCA
LP_SGL,Positive,Neg_ctrl_Sample_42,0.0648030815175324,1191,3.07627625540422,Sample_100_TCGA_BRCA
LP_SGL,Positive,Neg_ctrl_Sample_43,0.056937088930337,1191,3.07627625540422,Sample_100_TCGA_BRCA
LP_SGL,Positive,Neg_ctrl_Sample_44,-0.125515078534668,1191,3.07627625540422,Sample_100_TCGA_BRCA
LP_SGL,Positive,Neg_ctrl_Sample_45,0.0808290113684588,1191,3.07627625540422,Sample_100_TCGA_BRCA
LP_SGL,Positive,Neg_ctrl_Sample_46,0.291199386981019,1191,3.07627625540422,Sample_100_TCGA_BRCA
LP_SGL,Positive,Neg_ctrl_Sample_47,0.209220953566753,1191,3.07627625540422,Sample_100_TCGA_BRCA
LP_SGL,Positive,Neg_ctrl_Sample_48,0.266920231986694,1191,3.07627625540422,Sample_100_TCGA_BRCA
LP_SGL,Positive,Neg_ctrl_Sample_49,0.24541799007361,1191,3.07627625540422,Sample_100_TCGA_BRCA
LP_SGL,Positive,Neg_ctrl_Sample_50,0.121186094284163,1191,3.07627625540422,Sample_100_TCGA_BRCA
LP_SGL,Positive,Neg_ctrl_Sample_51,-0.0837410405884137,1191,3.07627625540422,Sample_100_TCGA_BRCA
LP_SGL,Positive,Neg_ctrl_Sample_52,-0.0211031030758872,1191,3.07627625540422,Sample_100_TCGA_BRCA
LP_SGL,Positive,Neg_ctrl_Sample_53,-0.00621155730889119,1191,3.07627625540422,Sample_100_TCGA_BRCA
LP_SGL,Positive,Neg_ctrl_Sample_54,0.157072673525375,1191,3.07627625540422,Sample_100_TCGA_BRCA
LP_SGL,Positive,Neg_ctrl_Sample_55,0.0864916587951945,1191,3.07627625540422,Sample_100_TCGA_BRCA
LP_SGL,Positive,Neg_ctrl_Sample_56,0.0455447654260939,1191,3.07627625540422,Sample_100_TCGA_BRCA
LP_SGL,Positive,Neg_ctrl_Sample_57,0.0395430537726586,1191,3.07627625540422,Sample_100_TCGA_BRCA
LP_SGL,Positive,Neg_ctrl_Sample_58,-0.0282848419170934,1191,3.07627625540422,Sample_100_TCGA_BRCA
LP_SGL,Positive,Neg_ctrl_Sample_59,0.142275443186568,1191,3.07627625540422,Sample_100_TCGA_BRCA
LP_SGL,Positive,Neg_ctrl_Sample_60,-0.0250426016376576,1191,3.07627625540422,Sample_100_TCGA_BRCA
LP_SGL,Positive,Neg_ctrl_Sample_61,0.0981166667466805,1191,3.07627625540422,Sample_100_TCGA_BRCA
LP_SGL,Positive,Neg_ctrl_Sample_62,0.168731393055579,1191,3.07627625540422,Sample_100_TCGA_BRCA
LP_SGL,Positive,Neg_ctrl_Sample_63,0.155476538094421,1191,3.07627625540422,Sample_100_TCGA_BRCA
LP_SGL,Positive,Neg_ctrl_Sample_64,0.079387078841231,1191,3.07627625540422,Sample_100_TCGA_BRCA
LP_SGL,Positive,Neg_ctrl_Sample_65,-0.199145704603881,1191,3.07627625540422,Sample_100_TCGA_BRCA
LP_SGL,Positive,Neg_ctrl_Sample_66,0.0545643938163511,1191,3.07627625540422,Sample_100_TCGA_BRCA
LP_SGL,Positive,Neg_ctrl_Sample_67,0.129513329105161,1191,3.07627625540422,Sample_100_TCGA_BRCA
LP_SGL,Positive,Neg_ctrl_Sample_68,-0.0278026519012627,1191,3.07627625540422,Sample_100_TCGA_BRCA
LP_SGL,Positive,Neg_ctrl_Sample_69,0.0640252995549647,1191,3.07627625540422,Sample_100_TCGA_BRCA
LP_SGL,Positive,Neg_ctrl_Sample_70,0.0695064459379401,1191,3.07627625540422,Sample_100_TCGA_BRCA
LP_SGL,Positive,Neg_ctrl_Sample_71,0.309303953344504,1191,3.07627625540422,Sample_100_TCGA_BRCA
LP_SGL,Positive,Neg_ctrl_Sample_72,0.12372625040365,1191,3.07627625540422,Sample_100_TCGA_BRCA
LP_SGL,Positive,Neg_ctrl_Sample_73,-0.131732831849479,1191,3.07627625540422,Sample_100_TCGA_BRCA
LP_SGL,Positive,Neg_ctrl_Sample_74,0.140219888507647,1191,3.07627625540422,Sample_100_TCGA_BRCA
LP_SGL,Positive,Neg_ctrl_Sample_75,-0.13054247040113,1191,3.07627625540422,Sample_100_TCGA_BRCA
LP_SGL,Positive,Neg_ctrl_Sample_76,-0.120491848242751,1191,3.07627625540422,Sample_100_TCGA_BRCA
LP_SGL,Positive,Neg_ctrl_Sample_77,-0.0525706086911205,1191,3.07627625540422,Sample_100_TCGA_BRCA
LP_SGL,Positive,Neg_ctrl_Sample_78,-0.0206664064549897,1191,3.07627625540422,Sample_100_TCGA_BRCA
LP_SGL,Positive,Neg_ctrl_Sample_79,-0.0681590335842228,1191,3.07627625540422,Sample_100_TCGA_BRCA
LP_SGL,Positive,Neg_ctrl_Sample_80,-0.0168722766991443,1191,3.07627625540422,Sample_100_TCGA_BRCA
LP_SGL,Positive,Neg_ctrl_Sample_81,0.0227707516735892,1191,3.07627625540422,Sample_100_TCGA_BRCA
LP_SGL,Positive,Neg_ctrl_Sample_82,0.0673704229625423,1191,3.07627625540422,Sample_100_TCGA_BRCA
LP_SGL,Positive,Neg_ctrl_Sample_83,0.005985804975264,1191,3.07627625540422,Sample_100_TCGA_BRCA
LP_SGL,Positive,Neg_ctrl_Sample_84,-0.19647275221923,1191,3.07627625540422,Sample_100_TCGA_BRCA
LP_SGL,Positive,Neg_ctrl_Sample_85,-0.143303183553699,1191,3.07627625540422,Sample_100_TCGA_BRCA
LP_SGL,Positive,Neg_ctrl_Sample_86,0.0664902657193695,1191,3.07627625540422,Sample_100_TCGA_BRCA
LP_SGL,Positive,Neg_ctrl_Sample_87,-0.0378670222470502,1191,3.07627625540422,Sample_100_TCGA_BRCA
LP_SGL,Positive,Neg_ctrl_Sample_88,0.164089065763878,1191,3.07627625540422,Sample_100_TCGA_BRCA
LP_SGL,Positive,Neg_ctrl_Sample_89,0.0931656839912918,1191,3.07627625540422,Sample_100_TCGA_BRCA
LP_SGL,Positive,Neg_ctrl_Sample_90,0.058728693319311,1191,3.07627625540422,Sample_100_TCGA_BRCA
LP_SGL,Positive,Neg_ctrl_Sample_91,-0.13196396289528,1191,3.07627625540422,Sample_100_TCGA_BRCA
LP_SGL,Positive,Neg_ctrl_Sample_92,0.00455275809756754,1191,3.07627625540422,Sample_100_TCGA_BRCA
LP_SGL,Positive,Neg_ctrl_Sample_93,0.00357508040835427,1191,3.07627625540422,Sample_100_TCGA_BRCA
LP_SGL,Positive,Neg_ctrl_Sample_94,0.181037066574971,1191,3.07627625540422,Sample_100_TCGA_BRCA
LP_SGL,Positive,Neg_ctrl_Sample_95,-0.145683537885006,1191,3.07627625540422,Sample_100_TCGA_BRCA
LP_SGL,Positive,Neg_ctrl_Sample_96,0.174965630300514,1191,3.07627625540422,Sample_100_TCGA_BRCA
LP_SGL,Positive,Neg_ctrl_Sample_97,-0.0750077604313136,1191,3.07627625540422,Sample_100_TCGA_BRCA
LP_SGL,Positive,Neg_ctrl_Sample_98,-0.139671236305697,1191,3.07627625540422,Sample_100_TCGA_BRCA
LP_SGL,Positive,Neg_ctrl_Sample_99,-0.16351525170739,1191,3.07627625540422,Sample_100_TCGA_BRCA
LP_SGL,Positive,Neg_ctrl_Sample_100,0.0260940130542922,1191,3.07627625540422,Sample_100_TCGA_BRCA
