gene,logFC,AveExpr,t,P.Value,adj.P.Val,B
SLC38A2,1.15142857142857,10.12,8.19853058303011,7.24120250794088e-07,0.00687841826229305,5.86198915150272
IL3RA,1.214,4.89785714285714,6.85842041548695,5.99149772561078e-06,0.0284566184477884,4.06005105264427
GNA13,1.09314285714286,8.61714285714286,6.4853439217373,1.12561206215039e-05,0.0325741371447063,3.50667767737519
ST6GAL2,-1.27214285714286,7.32721428571429,-6.27009591488529,1.63366604465056e-05,0.0325741371447063,3.17686905042847
BMPR1A,0.763142857142857,8.51057142857143,6.20566746166261,1.82862974600781e-05,0.0325741371447063,3.07664870631527
SLC7A1,0.594571428571429,8.13957142857143,6.01209968950516,2.5746910217526e-05,0.0325741371447063,2.77139804391716
P3H2,1.69771428571429,6.07357142857143,5.84175032481893,3.49425886668367e-05,0.0325741371447063,2.49763707329727
CRY1,1.10471428571429,6.58821428571429,5.74744948429214,4.14494577753369e-05,0.0325741371447063,2.3440446600546
TGFBR3,1.15328571428571,7.13035714285714,5.68499461039674,4.64437364676849e-05,0.0325741371447063,2.24152556939816
GEM,1.70357142857143,6.47121428571429,5.64544114416462,4.99271886058608e-05,0.0325741371447063,2.17627297600065
HNRNPF,0.931142857142857,7.43928571428571,5.63251645336919,5.11235198655292e-05,0.0325741371447063,2.15489613324352
FOS,2.45428571428571,9.067,5.58839326051641,5.54372406780822e-05,0.0325741371447063,2.08171660198156
PPP1R15B,0.751857142857143,8.41807142857143,5.58594155127865,5.56877638605251e-05,0.0325741371447063,2.0776412412856
NR4A1,1.32028571428571,6.92871428571429,5.51661690259041,6.32811673609779e-05,0.0325741371447063,1.96201006508917
AEBP1,1.89985714285714,7.57292857142857,5.50427622247138,6.47420075519963e-05,0.0325741371447063,1.94134630223339
PTBP1,0.913285714285713,8.67992857142857,5.49601269646511,6.57397627029315e-05,0.0325741371447063,1.92749605354955
PLOD2,1.38428571428571,7.81285714285714,5.43503501978025,7.36143264800596e-05,0.0325741371447063,1.82496106393441
ANXA1,2.24457142857143,9.25142857142857,5.43392710170129,7.37661402578904e-05,0.0325741371447063,1.82309268940581
KLHL21,0.786142857142857,6.5085,5.42752674585065,7.46495430947193e-05,0.0325741371447063,1.81229548305324
RAPGEF4,-1.70771428571429,8.85942857142857,-5.41992420789218,7.57131669382469e-05,0.0325741371447063,1.79946192418211
TMX1,0.838285714285714,7.87885714285714,5.37474991873985,8.23662003715284e-05,0.0325741371447063,1.72301945747246
BEX4,-0.711714285714286,9.76571428571429,-5.33103761067551,8.93827951297365e-05,0.0325741371447063,1.64875037066693
CHUK,0.618857142857143,6.77814285714286,5.32844166770235,8.98185174643117e-05,0.0325741371447063,1.64433050482948
SCIN,1.83342857142857,5.76085714285714,5.25344130092886,0.000103406462818203,0.0325741371447063,1.51619029440139
ABCC4,0.954428571428571,6.36478571428571,5.24585168376058,0.000104895435713708,0.0325741371447063,1.50317565429871
LDLR,1.39371428571428,8.47857142857143,5.23413957891502,0.000107236925795801,0.0325741371447063,1.48307474963059
SHISA9,-1.28685714285714,7.92414285714286,-5.22868056176378,0.000108346737614825,0.0325741371447063,1.47369865556778
RELA,0.917571428571428,7.08221428571429,5.21137994538711,0.000111943215253463,0.0325741371447063,1.44395455726484
RIPK2,1.15014285714286,7.30635714285714,5.19798091156859,0.000114813487148915,0.0325741371447063,1.42088746780175
SHMT1,1.16185714285714,5.93907142857143,5.1921926603761,0.000116076895426968,0.0325741371447063,1.41091442155466
SNRNP48,0.737857142857143,6.85835714285714,5.16418616707011,0.000122396456587871,0.0325741371447063,1.36258938366746
PLCE1,1.23342857142857,7.96057142857143,5.16175582025942,0.000122961396100475,0.0325741371447063,1.35839034968259
TSPAN6,1.89185714285714,7.3495,5.10399095181432,0.000137214275918606,0.0325741371447063,1.25833109719763
CCDC190,0.976857142857142,4.89614285714286,5.09285695929583,0.000140152521955842,0.0325741371447063,1.23898887897991
HERPUD1,0.702714285714284,9.04592857142857,5.08488902660676,0.000142295153216617,0.0325741371447063,1.22513575141482
DNAJB1,1.93557142857143,10.2719285714286,5.08103719365688,0.000143343059702312,0.0325741371447063,1.21843561513572
NFE2L2,0.875857142857143,9.12707142857143,5.07853839007236,0.000144027135496122,0.0325741371447063,1.2140878797389
WDR63,1.455,5.04807142857143,5.05692500562406,0.000150086830876964,0.0329972225693805,1.17644453605952
TCEAL2,-1.03328571428572,7.19378571428571,-5.02673997723263,0.000158994202972787,0.0332891824234394,1.12375990321046
GSTA4,-0.964428571428572,8.07807142857143,-5.01951336910653,0.000161206694544501,0.0332891824234394,1.11112734564822
ANO6,1.18385714285714,7.59092857142857,4.99150494541359,0.000170086856558476,0.0337469499895636,1.06209686506889
CD99,1.07442857142857,7.90364285714286,4.98940119229441,0.000170773945696638,0.0337469499895636,1.05840963734948
EXTL3,-0.589857142857143,6.78935714285714,-4.97451513070743,0.000175718429141111,0.0337469499895636,1.03230119026081
ZFR2,-0.638285714285715,4.824,-4.96856467450167,0.000177736068468793,0.0337469499895636,1.02185607129798
LRRC7,-1.52642857142857,8.2315,-4.9533116239095,0.000183018001574473,0.0337469499895636,0.99505906059037
SGF29,0.818428571428571,7.25421428571429,4.94474296616315,0.000186056079555058,0.0337469499895636,0.979991169440883
ATF3,1.20128571428571,5.22264285714286,4.93264796343939,0.000190433352066027,0.0337469499895636,0.958704899038286
ARHGDIG,-1.99371428571429,7.84057142857143,-4.92642565758457,0.000192726540938815,0.0337469499895636,0.947746238105967
ABI3BP,1.82514285714286,7.29571428571429,4.89507073866308,0.000204723703435639,0.0337469499895636,0.892443257439713
MAML2,1.04857142857143,8.19357142857143,4.8851711922344,0.00020866957113478,0.0337469499895636,0.874954774059446
PATL1,0.69842857142857,9.0725,4.87564764781004,0.000212539660662016,0.0337469499895636,0.858117964671084
ICA1,-1.72028571428571,5.48385714285714,-4.87427946070182,0.000213101705660756,0.0337469499895636,0.855698117311424
KCNF1,-0.894428571428572,6.41307142857143,-4.86848657782859,0.000215498439904958,0.0337469499895636,0.845449715813215
IQGAP1,0.882571428571428,9.10285714285714,4.84000939454287,0.000227691390075641,0.0337469499895636,0.795003986264927
ATF1,0.641714285714286,7.656,4.81704097088831,0.000238042965310561,0.0337469499895636,0.754237760550251
ANKRD24,-0.997285714285715,6.02964285714286,-4.81269021913689,0.000240057833253027,0.0337469499895636,0.746507809982306
CCL2,2.806,7.87528571428571,4.80944219030262,0.000241573478001249,0.0337469499895636,0.740735429631448
NRXN2,-0.711285714285715,8.58121428571429,-4.80416468847118,0.000244057215810072,0.0337469499895636,0.731353314065514
TMEM39A,0.943142857142856,7.67071428571429,4.79952450914336,0.000246262756340196,0.0337469499895636,0.723101174831219
TMED5,0.612571428571428,8.53228571428572,4.79876617611292,0.00024662515083076,0.0337469499895636,0.721752279148445
ADAM17,0.582142857142857,7.05535714285714,4.7870381016008,0.000252300316110881,0.0337469499895636,0.700881201251743
BARD1,0.730714285714285,5.88692857142857,4.77990820113968,0.000255816062778914,0.0337469499895636,0.688184166187015
ABCA1,1.33214285714286,6.93507142857143,4.77468358978318,0.000258424335326376,0.0337469499895636,0.678875894795074
LPAR4,2.04328571428571,6.54735714285714,4.77263563983796,0.000259454191078353,0.0337469499895636,0.675226258457975
NUFIP2,0.663142857142857,9.086,4.76584640456981,0.000262898652408433,0.0337469499895636,0.663123321380179
TCEAL6,-0.59257142857143,8.96785714285714,-4.74948918762906,0.000271392186363675,0.0342174520732868,0.633939406128337
CXCR4,1.59757142857143,6.34021428571429,4.74500723211131,0.000273768434316223,0.0342174520732868,0.625936863783241
GRIK1,-1.64485714285714,6.07771428571429,-4.73442342500436,0.000279465196510595,0.0344758428786253,0.607029239188127
SAMD4A,1.12857142857143,7.56842857142857,4.72407002776852,0.000285156111557434,0.0347268962010778,0.588519406645573
IRAK2,0.889857142857143,6.62692857142857,4.64610179652911,0.000332032207697234,0.0350205368409249,0.448695258883205
IQCK,0.788714285714286,7.70792857142857,4.64253233593553,0.00033435912441127,0.0350205368409249,0.442275982924192
RUNDC3B,-1.58271428571429,6.37464285714286,-4.63995779624934,0.000336047861574822,0.0350205368409249,0.437644997454485
ANTXR1,1.47928571428571,8.59492857142857,4.63706026587594,0.000337958955156407,0.0350205368409249,0.432432064160912
SOCS4,0.630285714285713,7.29028571428571,4.61205403102975,0.000354923678314966,0.0350205368409249,0.387401263515011
LARP4,0.624142857142858,8.26421428571429,4.60783695294403,0.000357869775914011,0.0350205368409249,0.379799812147759
ADGRB1,-1.38728571428572,6.71478571428571,-4.59381029263634,0.000367851069965727,0.0350205368409249,0.354500937774106
REPS2,-0.586285714285714,9.23257142857143,-4.59031489349255,0.000370382617284425,0.0350205368409249,0.348192901632845
TARS,0.920285714285713,7.31714285714286,4.58681480764899,0.000372935501238406,0.0350205368409249,0.341874959454508
PSAT1,0.744428571428571,8.72407142857143,4.58436655515783,0.000374731942523265,0.0350205368409249,0.337454803087656
LTBP1,1.11357142857143,7.0425,4.58262529653694,0.000376015025495253,0.0350205368409249,0.334310646937001
SOAT1,0.602571428571428,6.22357142857143,4.5816456401633,0.000376738889232849,0.0350205368409249,0.332541543896853
ARSG,-0.858428571428572,5.58307142857143,-4.57946326003031,0.000378356592156939,0.0350205368409249,0.328600107771295
B3GNT5,1.43985714285714,5.95721428571429,4.57511744353276,0.000381599245751796,0.0350205368409249,0.320749782006366
AJAP1,-0.969857142857143,7.15564285714286,-4.56745683329634,0.000387384946801753,0.0350205368409249,0.30690619278776
DOK6,-2.38642857142857,6.27778571428572,-4.5670053920568,0.000387728698088742,0.0350205368409249,0.306090173438253
BMI1,0.700285714285714,9.10728571428571,4.55806923478611,0.000394598028553263,0.0350205368409249,0.289932406604959
ATP6V0E1,0.657428571428571,10.3828571428571,4.55748625518619,0.000395050492423349,0.0350205368409249,0.288877979100591
ARMCX6,0.650857142857142,7.07528571428571,4.55617990184364,0.000396066319135473,0.0350205368409249,0.286515051962493
COX6B1,-0.615285714285715,8.79507142857143,-4.54253642562498,0.00040683724829208,0.0350205368409249,0.261824994530754
FXYD7,-1.28085714285714,8.252,-4.53687349503901,0.000411395791516395,0.0350205368409249,0.251570722517081
PPFIA2,-1.14585714285714,8.07392857142857,-4.52410743649385,0.000421865576148127,0.0350205368409249,0.22844086407839
PLXNA3,0.852857142857142,6.96914285714286,4.52269845960415,0.000423037755872782,0.0350205368409249,0.225886908494557
SMAD5,0.591285714285714,7.7775,4.50409747926604,0.000438829761864716,0.0350205368409249,0.192149157847076
PMS2,-0.727142857142858,7.36957142857143,-4.50404598585667,0.000438874308931634,0.0350205368409249,0.192055707026841
BEX2,-0.781285714285714,6.4795,-4.49433871446265,0.000447355538263324,0.0350205368409249,0.17443354591032
DNAH9,1.46185714285714,5.53378571428571,4.49030335748719,0.000450930539195066,0.0350205368409249,0.167104842842796
CFAP161,0.746571428571428,4.79385714285714,4.48911896116469,0.000451985373000473,0.0350205368409249,0.164953490555755
BMP2K,0.680285714285713,7.694,4.47561412648637,0.000464193427549329,0.0350205368409249,0.140412170463363
ADAMTSL3,1.30442857142857,6.56878571428571,4.45679991921586,0.00048176729757957,0.0350205368409249,0.106189166130398
NFKB1,0.839999999999999,7.39285714285714,4.45628239329352,0.000482260234290027,0.0350205368409249,0.105247242911787
ATCAY,-1.81357142857143,8.07764285714286,-4.45064467663977,0.000487663707748771,0.0350205368409249,0.0949844372415791
RGS2,1.13528571428571,7.98821428571429,4.44429978449285,0.000493819272073407,0.0350205368409249,0.0834301997509757
PPM1D,0.859285714285714,7.47264285714286,4.44187264017553,0.000496195005029825,0.0350205368409249,0.0790091532324597
SSFA2,0.929142857142856,9.76628571428571,4.44005764835999,0.000497979206369421,0.0350205368409249,0.075702730505598
GPR85,-1.22528571428571,5.62935714285714,-4.43936837728467,0.000498658506118525,0.0350205368409249,0.0744469731610336
C3,1.16385714285714,9.97021428571429,4.4373614862761,0.000500641778694865,0.0350205368409249,0.0707904036433016
SNAP23,0.968857142857143,8.473,4.43333042283189,0.000504649869000971,0.0350205368409249,0.0634444781096715
ELFN2,-0.832714285714286,5.88664285714286,-4.42005444584432,0.000518084249293182,0.0350205368409249,0.0392390657777861
ZNF385B,-1.933,6.37778571428571,-4.41429739711077,0.000524023393878323,0.0350205368409249,0.0287367441842603
HBP1,0.828142857142857,7.44821428571429,4.40984786885103,0.000528661426371633,0.0350205368409249,0.0206172882283902
VWA3B,1.08085714285714,4.32528571428571,4.40033447500101,0.000538719472566284,0.0350205368409249,0.00325040140812227
STARD7,0.600285714285714,9.453,4.39770104648372,0.000541538161397084,0.0350205368409249,-0.00155863735354789
KCNE4,1.57728571428571,6.11307142857143,4.39616491197453,0.000543189334054496,0.0350205368409249,-0.00436418315254539
CDH8,-1.40457142857143,7.23042857142857,-4.39468027976147,0.000544790048155686,0.0350205368409249,-0.00707589885153137
CA2,1.08514285714286,9.524,4.39409008510169,0.00054542773097904,0.0350205368409249,-0.00815396658420653
CA4,-0.757142857142858,5.18428571428571,-4.39364241859298,0.000545911927418468,0.0350205368409249,-0.00897171200506541
DLGAP3,-2.062,5.55485714285714,-4.3927567784649,0.000546871133963221,0.0350205368409249,-0.0105895579521675
FANCC,0.918714285714285,4.58635714285714,4.38931854423228,0.000550611356962632,0.0350205368409249,-0.0168711297966491
HEY2,0.997428571428571,7.29857142857143,4.38862377777711,0.000551370322989129,0.0350205368409249,-0.018140599353452
INVS,0.699428571428571,7.55528571428572,4.38732780315556,0.000552788916202069,0.0350205368409249,-0.0205087224278842
ANXA5,0.683857142857143,9.54921428571429,4.38461829391761,0.000555766875107502,0.0350205368409249,-0.025460342124803
KCNB2,-1.73428571428571,4.57542857142857,-4.38461399613524,0.000555771611728849,0.0350205368409249,-0.0254681969068642
STAG1,0.682857142857141,6.44085714285714,4.38279551556095,0.00055777948825835,0.0350205368409249,-0.0287918873654505
HMP19,-2.23942857142857,7.65928571428571,-4.37761917659304,0.000563535712737727,0.0350205368409249,-0.0382546854194032
ITGB5,0.948142857142856,7.6285,4.37471930079386,0.000566786999255839,0.0350205368409249,-0.0435571047064052
SCN2B,-2.02614285714286,6.8855,-4.3731840494242,0.000568516064142626,0.0350205368409249,-0.0463646561306028
PRMT8,-1.57628571428572,4.70171428571429,-4.37233430902831,0.000569475398620456,0.0350205368409249,-0.0479186998985774
CEP68,-0.717142857142858,7.00614285714286,-4.3673512302028,0.000575134619137202,0.0350205368409249,-0.0570334530097751
RIMS1,-1.89714285714286,6.76585714285714,-4.35557377811726,0.000588740111278399,0.0351338550346588,-0.0785860231363262
HIPK3,0.645714285714285,8.97514285714286,4.34424098326376,0.000602143027127834,0.0351338550346588,-0.0993379738786766
DSCAM,-0.743285714285715,8.13821428571429,-4.34231283086539,0.000604454286332085,0.0351338550346588,-0.102869963049767
GDAP1,-1.11985714285714,8.49878571428572,-4.34136099234466,0.000605598591804802,0.0351338550346588,-0.104613676175182
RIMS2,-2.27328571428571,7.54392857142857,-4.3405418549268,0.000606585137981266,0.0351338550346588,-0.106114360190141
PLXDC1,-0.961857142857142,7.37492857142857,-4.33419162179605,0.000614289189145115,0.0352443602791456,-0.117750418149482
ARMC3,1.76942857142857,4.52571428571429,4.3298833111349,0.000619572936014315,0.0352443602791456,-0.125647146842622
FGF13,-1.43128571428571,5.62892857142857,-4.32506097607456,0.00062554226716268,0.0352443602791456,-0.134488185473531
GALNT9,-1.45042857142857,5.51492857142857,-4.32253907966322,0.000628687396544097,0.0352443602791456,-0.139112611637368
EVL,-0.740428571428572,7.94092857142857,-4.31747539772059,0.00063505139955805,0.0352443602791456,-0.148399797963383
XKR4,-1.74014285714286,6.62892857142857,-4.31367846256118,0.000639866565346506,0.0352443602791456,-0.155365298341971
JMJD6,1.29928571428571,7.36364285714286,4.30018017236492,0.000657289151002629,0.0354749411668976,-0.180139198222873
RFX2,1.05371428571429,6.62628571428571,4.29345183434549,0.000666154012659072,0.035477531468556,-0.192494442690117
CSF1,1.372,8.469,4.28654073454163,0.000675386991784739,0.035477531468556,-0.205189743577977
PIANP,-1.97371428571429,7.26528571428571,-4.28539423555068,0.000676931278034221,0.035477531468556,-0.207296231727999
CYR61,1.71271428571429,7.15892857142857,4.27770610156842,0.0006873805600304,0.035477531468556,-0.221424986891462
SNCAIP,0.737285714285714,5.74792857142857,4.27539182727408,0.000690558167162114,0.035477531468556,-0.225679088585576
ADAM11,-2.00985714285714,7.61321428571429,-4.27082888680923,0.000696867353939201,0.035477531468556,-0.234068145481273
CPQ,1.07871428571428,8.04235714285714,4.26914294886313,0.000699213381606557,0.035477531468556,-0.237168262847202
GNG12,1.03928571428571,8.14078571428571,4.2633854750994,0.000707286082346654,0.035477531468556,-0.247757128187047
SPAG1,0.798142857142857,5.88621428571429,4.25189059619988,0.000723689433590203,0.035477531468556,-0.268907018139258
SRRM3,-0.970142857142858,5.72821428571429,-4.25027765879917,0.000726022015090601,0.035477531468556,-0.271875686999094
RGS22,0.995571428571429,4.43192857142857,4.24935197484996,0.000727364178858039,0.035477531468556,-0.273579547582667
BACE2,0.96442857142857,7.4395,4.24911608177671,0.000727706609035438,0.035477531468556,-0.274013756650327
HSPB8,1.01057142857143,9.62285714285714,4.233583632948,0.000750620300419594,0.035477531468556,-0.302615376071646
TEAD1,0.681428571428571,7.93914285714286,4.23346533841673,0.000750797609347186,0.035477531468556,-0.302833287546417
ANGPT1,1.74371428571429,5.37657142857143,4.22985152300045,0.000756234935980397,0.035477531468556,-0.309490928954737
OCIAD2,-1.04,4.89242857142857,-4.22566602355964,0.000762582699604536,0.035477531468556,-0.317203212323301
RNF169,0.699428571428571,7.92142857142857,4.22231847087147,0.000767698769247992,0.035477531468556,-0.323372588572824
TOM1L2,-0.642857142857143,7.963,-4.2221757439315,0.000767917676381422,0.035477531468556,-0.323635649223608
PXDC1,1.097,7.21464285714286,4.21657066134985,0.000776565047576717,0.035477531468556,-0.333967810859291
CNTNAP5,-1.96642857142857,6.9155,-4.21641732002454,0.000776803010618795,0.035477531468556,-0.334250512024854
AFF1,0.637857142857142,8.52478571428572,4.21366524061444,0.000781086510982465,0.035477531468556,-0.339324613213005
TENM2,-2.543,6.15507142857143,-4.20975446830211,0.000787214986715913,0.035477531468556,-0.346536166120523
SLC1A1,-1.03271428571429,6.72978571428572,-4.20679677958136,0.000791882490918547,0.035477531468556,-0.351991089570141
JPH1,-1.27057142857143,6.46914285714286,-4.20449807795357,0.000795529554977515,0.035477531468556,-0.356231150743219
SMC5,0.763285714285713,7.64235714285714,4.20403865221099,0.000796260521936058,0.035477531468556,-0.357078637188355
PAX6,1.01142857142857,6.52285714285714,4.2040158018606,0.000796296895759098,0.035477531468556,-0.357120788896105
SEZ6L,-1.68585714285714,7.72921428571429,-4.19755292068325,0.000806653065731972,0.035477531468556,-0.369044566599085
PTK2B,-1.78914285714286,7.68014285714286,-4.19618158419632,0.000808868125690927,0.035477531468556,-0.37157509059739
ANTXR2,1.189,6.53921428571429,4.19136156983341,0.000816703055789197,0.035477531468556,-0.38047071960419
SYT12,-0.601714285714286,4.98771428571429,-4.19089455104562,0.000817466298205055,0.035477531468556,-0.381332735741043
NUPR1,1.53571428571429,8.72657142857143,4.18701760045092,0.000823830512505139,0.035477531468556,-0.388489462872854
DSE,0.963142857142855,6.76771428571429,4.18161762656568,0.000832779195127224,0.035477531468556,-0.398459749104294
ERC2,-1.56,7.85828571428572,-4.18084508472836,0.000834067513977373,0.035477531468556,-0.399886337808255
NXPH2,-1.01871428571429,5.58778571428571,-4.17486950163612,0.000844101552112432,0.035477531468556,-0.410922630295912
BNC2,1.17528571428571,5.20221428571429,4.17374639358318,0.000846001148921713,0.035477531468556,-0.412997227527317
MOB1A,0.678571428571428,7.65557142857143,4.17231516692451,0.000848428210712318,0.035477531468556,-0.415641130606522
PAK3,-1.85785714285714,7.4435,-4.16516362550581,0.000860662569219645,0.035477531468556,-0.428854694251793
STMN3,-1.25714285714286,8.45085714285714,-4.16263058313167,0.000865038947829636,0.035477531468556,-0.433535883218114
DMXL2,-1.29014285714286,8.5255,-4.16248707923652,0.000865287560081902,0.035477531468556,-0.433801101290642
LAT2,0.646857142857143,5.948,4.15966647878731,0.00087018890718848,0.035477531468556,-0.439014361439203
ITPKB,0.861428571428571,8.45271428571429,4.15812671222819,0.000872876491148495,0.035477531468556,-0.441860554837487
CMTM3,0.986714285714285,6.42535714285714,4.15735853370758,0.000874220470880203,0.035477531468556,-0.443280572360764
EMP3,1.18971428571429,7.29828571428571,4.15566584607564,0.000877189393889576,0.035477531468556,-0.446409761422119
PPP1R15A,1.65271428571429,7.9445,4.15462864314243,0.000879013694641499,0.035477531468556,-0.448327302512005
APBA1,-1.05642857142857,7.62992857142857,-4.15311665371929,0.000881680013943327,0.035477531468556,-0.451122766437056
SHANK1,-1.89028571428571,6.895,-4.15220804517499,0.000883286266051349,0.035477531468556,-0.452802749470794
PRDX6,0.905714285714285,8.89785714285714,4.15195641507472,0.000883731628948383,0.035477531468556,-0.453268015830332
GSS,-0.636142857142858,6.85164285714286,-4.1516408494508,0.000884290475668073,0.035477531468556,-0.453851506767189
ZC3H12C,0.611571428571428,7.04235714285714,4.14803044697235,0.000890709972355044,0.035477531468556,-0.460527826316933
DNAJC3,0.649714285714286,6.797,4.14662505841463,0.000893221660811499,0.035477531468556,-0.46312693927852
ILDR2,-0.888,6.79171428571429,-4.14311840176991,0.000899520235858022,0.035477531468556,-0.469612806845859
NAA16,1.03985714285714,7.31792857142857,4.13620411375742,0.000912072502751916,0.035477531468556,-0.482404250368295
G0S2,1.69485714285714,6.41442857142857,4.13485272355096,0.000914546613221617,0.035477531468556,-0.48490476606591
PDIA2,-1.188,7.12857142857143,-4.13386066828327,0.000916367210372815,0.035477531468556,-0.486740485671788
IKBKB,0.757714285714285,6.80757142857143,4.13158829227388,0.000920551357035089,0.035477531468556,-0.490945628813051
CYBRD1,1.00357142857143,8.83921428571429,4.13149419694581,0.000920725034861811,0.035477531468556,-0.491119765565721
NRXN1,-1.80614285714286,8.3925,-4.12971195551862,0.000924020947096601,0.035477531468556,-0.494418187128215
ABCA5,-0.683714285714286,7.24614285714286,-4.12664832820698,0.000929714662163535,0.035477531468556,-0.500088669382494
RAP1GAP2,-2.04071428571429,6.85435714285714,-4.12617673077771,0.000930594290565964,0.035477531468556,-0.500961616286277
RTN4RL1,-1.54885714285714,5.61557142857143,-4.12450591986706,0.000933717535228865,0.035477531468556,-0.504054497576462
LRRIQ1,1.246,4.50057142857143,4.1192209069419,0.0009436673143953,0.0357127323483703,-0.513839146557653
IGSF3,-1.05442857142857,5.40564285714286,-4.10599671543152,0.000969039764183326,0.035945178400499,-0.538331753413984
CELF4,-2.69357142857143,7.46264285714286,-4.10108445905543,0.000978640693984383,0.035945178400499,-0.547433157112334
PLIN2,0.840142857142857,5.90807142857143,4.09764632162296,0.000985418069931689,0.035945178400499,-0.553804399756896
STX1B,-2.18714285714286,7.72042857142857,-4.09642564643943,0.000987835789804314,0.035945178400499,-0.55606665639901
WWTR1,1.28814285714286,8.16392857142857,4.09373119482623,0.000993193940174378,0.035945178400499,-0.561060631164643
HLA-DPA1,1.11557142857143,9.05678571428571,4.09369274449649,0.000993270615810107,0.035945178400499,-0.561131900030325
HLA-DPB1,1.28442857142857,8.94378571428571,4.08898002450195,0.00100271427157212,0.035945178400499,-0.569867901078568
PRKD1,0.941142857142858,7.12614285714286,4.08198802781941,0.00101689403351094,0.035945178400499,-0.582832028681263
EZR,0.696000000000001,8.35814285714286,4.08031491023217,0.00102031728259724,0.035945178400499,-0.585934750467913
TENM1,-1.47757142857143,6.23435714285714,-4.07982988642947,0.00102131184783407,0.035945178400499,-0.586834243570928
TUBD1,0.907714285714286,5.94671428571429,4.07537648693434,0.0010304900257746,0.035945178400499,-0.595094022693249
ZNF143,0.692285714285713,6.59671428571429,4.07205590371245,0.00103738815015145,0.035945178400499,-0.601253685865156
PLOD3,1.20628571428571,8.20242857142857,4.07187842482502,0.0010377581623996,0.035945178400499,-0.601582930558485
NFKBIZ,0.975999999999999,6.125,4.07180982756651,0.00103790121160546,0.035945178400499,-0.601710187334516
C11orf87,-2.79671428571429,6.70635714285714,-4.06979443383748,0.00104211298003005,0.035945178400499,-0.605449153845304
NRSN1,-2.59128571428572,7.11192857142857,-4.06489591150303,0.00105242258510998,0.035945178400499,-0.614538123598729
TRANK1,-1.70442857142857,5.63421428571429,-4.06477155655264,0.00105268565382783,0.035945178400499,-0.614768880417521
NFATC2,0.807428571428571,6.029,4.06198068135472,0.00105860729432777,0.035945178400499,-0.619948001882403
PALLD,1.02342857142857,6.09042857142857,4.05950132777182,0.00106389638464996,0.035945178400499,-0.624549484608758
PRKAR1B,-2.176,7.25828571428571,-4.05424525574788,0.00107519802992041,0.035945178400499,-0.634305766432073
TGFB2,1.127,8.88764285714286,4.0532361143176,0.00107738183374047,0.035945178400499,-0.636179148717638
MAK,0.622142857142857,3.71107142857143,4.05303270749023,0.00107782255673549,0.035945178400499,-0.636556764206918
ABLIM2,-1.31814285714286,7.3225,-4.05219403651833,0.00107964164927644,0.035945178400499,-0.638113749051961
STK32C,-1.02414285714286,6.53664285714286,-4.04981909037843,0.00108480991700514,0.035945178400499,-0.642523080043818
LRP3,-0.931142857142857,6.74728571428572,-4.04920585526012,0.00108614850032873,0.035945178400499,-0.643661677549954
APBA2,-0.793285714285714,7.95278571428572,-4.04879272881792,0.00108705122924937,0.035945178400499,-0.644428746715136
ANGPTL4,1.13671428571429,7.16878571428572,4.0459315151045,0.00109332429730856,0.035945178400499,-0.649741606092704
MGAT3,-0.717285714285715,7.66621428571429,-4.04452136657706,0.00109642951333875,0.035945178400499,-0.652360255434877
CEND1,-1.40157142857143,8.32964285714286,-4.04308137991131,0.00109960969376421,0.035945178400499,-0.655034455423657
GRM7,-1.50457142857143,5.517,-4.04063783249829,0.00110502770445775,0.035945178400499,-0.65957269400332
CAMKV,-2.88842857142857,7.24892857142857,-4.03700845341495,0.00111312519275788,0.035945178400499,-0.666314051734582
SLC32A1,-1.20928571428571,5.50235714285714,-4.03484629355982,0.00111797783839488,0.035945178400499,-0.670330561838298
ID3,1.54914285714286,7.057,4.0280058150568,0.00113347245786853,0.035945178400499,-0.68303977209517
ITGB8,0.809142857142856,10.1367142857143,4.02701108222412,0.00113574378272854,0.035945178400499,-0.684888189206854
SLC6A17,-3.11385714285714,6.56521428571429,-4.02434188375305,0.00114186140127881,0.035945178400499,-0.689848432186897
CD109,0.899571428571428,5.40435714285714,4.02293758134077,0.0011450934067566,0.035945178400499,-0.692458275160663
CAMK4,-1.95,6.74442857142857,-4.02058398134361,0.00115053109704818,0.035945178400499,-0.696832644805491
THY1,-2.88757142857143,8.22178571428571,-4.02046360187613,0.00115080992308225,0.035945178400499,-0.697056390325019
GLRA2,-1.66657142857143,4.51614285714286,-4.01873433374847,0.00115482288942505,0.035945178400499,-0.700270631901739
SGIP1,-0.589571428571431,8.82807142857143,-4.01801539119303,0.0011564954631453,0.035945178400499,-0.701607009533015
CALM3,-1.34657142857143,10.1188571428571,-4.0159411236098,0.00116133493070915,0.035945178400499,-0.705462869123243
PLTP,0.940571428571426,8.979,4.01585012945333,0.00116154769970262,0.035945178400499,-0.705632024774793
SIAH3,-1.22628571428571,5.73814285714286,-4.01309651043478,0.00116800518735173,0.035945178400499,-0.710751183272954
ARHGEF26,0.761857142857142,6.63235714285714,4.01176721322458,0.00117113556052011,0.035945178400499,-0.713222610942546
EEF1A2,-2.282,8.25785714285714,-4.00995403840388,0.00117541917694132,0.035945178400499,-0.716593848303858
SYT13,-2.58742857142857,6.13885714285714,-4.00983649220887,0.00117569742836602,0.035945178400499,-0.716812409392563
PCBP1,0.655857142857142,8.9515,4.00968899696688,0.00117604666889715,0.035945178400499,-0.717086657907593
FBXL7,0.726999999999999,7.62107142857143,4.00934756917942,0.00117685550926994,0.035945178400499,-0.71772150455919
GNG2,-1.69557142857143,6.83964285714286,-4.00674981087115,0.00118302813081197,0.0360178981236632,-0.722551991208467
RPH3A,-3.01728571428572,7.46321428571429,-4.00196709649456,0.00119447870424857,0.0360876814303807,-0.731446500683886
PODXL2,-0.624857142857144,7.83742857142857,-4.00134476283372,0.00119597692917751,0.0360876814303807,-0.732603974633556
MAST1,-2.16685714285714,7.11085714285714,-4.00103743144364,0.00119671751242972,0.0360876814303807,-0.733175587208018
SYN2,-3.05142857142857,7.77,-3.99283817379681,0.00121664846789704,0.0364572359512743,-0.748427781906628
ANKRD37,1.57142857142857,7.56185714285714,3.98932513505253,0.0012252909635523,0.0366007511408278,-0.754964003309066
PPFIBP2,0.927999999999999,7.52071428571429,3.98062434259707,0.00124696550804657,0.0367863453455983,-0.771155654299469
MATN2,1.26814285714286,6.71178571428571,3.97908870800559,0.00125083117728927,0.0367863453455983,-0.774013861556523
BAMBI,1.2,7.05942857142857,3.97301861520613,0.00126623102728748,0.0367863453455983,-0.785313256425416
FAP,0.717142857142857,4.73857142857143,3.97298653311161,0.00126631292925845,0.0367863453455983,-0.785372982736011
ZC3HAV1,0.918285714285714,7.43757142857143,3.97265423054594,0.00126716157681506,0.0367863453455983,-0.785991624495592
XBP1,0.948857142857142,7.77585714285714,3.96688787830011,0.00128198024462306,0.0367863453455983,-0.796727795823387
KSR2,-1.76042857142857,6.46707142857143,-3.96091476733902,0.0012975158782897,0.0367863453455983,-0.80785101279271
NISCH,-0.726000000000001,8.38257142857143,-3.96019243771925,0.00129940751843648,0.0367863453455983,-0.809196288694738
SLITRK1,-1.01785714285714,8.10121428571429,-3.95642794437717,0.00130931141183022,0.0367863453455983,-0.816207824349216
SERP2,-0.738285714285714,7.66471428571429,-3.95599582533179,0.00131045315395981,0.0367863453455983,-0.817012718202975
BCL7A,-0.818142857142859,6.7115,-3.95550356142179,0.00131175504219624,0.0367863453455983,-0.817929655158176
FBXL16,-1.96957142857143,7.26678571428572,-3.94906628066915,0.00132890104871124,0.0367863453455983,-0.82992163064932
TMEM59L,-1.47257142857143,8.48528571428571,-3.94792666912884,0.00133196008044406,0.0367863453455983,-0.832044855527412
PTPRR,-2.17871428571429,5.7785,-3.94556379534648,0.00133832548020643,0.0367863453455983,-0.836447392646768
SLC41A3,-0.69057142857143,7.36271428571429,-3.94518163787622,0.00133935788005925,0.0367863453455983,-0.837159463323491
COLGALT1,0.612857142857142,7.34914285714286,3.94508629429182,0.00133961557708837,0.0367863453455983,-0.837337117487183
ZNF711,-0.613285714285715,5.6395,-3.94316364029531,0.00134482292809739,0.0367863453455983,-0.840919718232583
GRIN1,-3.05314285714286,7.35,-3.94122108779724,0.00135010503940188,0.0367863453455983,-0.844539609770159
NLGN4X,-0.712714285714286,7.71607142857143,-3.94029998425697,0.00135261702210901,0.0367863453455983,-0.846256134569325
CFAP43,1.71757142857143,5.85092857142857,3.93974573606677,0.0013541308225066,0.0367863453455983,-0.847289028188355
MIER3,0.592571428571428,7.19114285714286,3.93840132024152,0.00135780993034561,0.0367863453455983,-0.84979454521229
ACTR10,-0.672285714285715,7.77542857142857,-3.93744074091258,0.00136044484926364,0.0367863453455983,-0.851584788432509
GRIK3,-1.24328571428572,6.8825,-3.93492803968075,0.00136736188621268,0.0367863453455983,-0.856267983664546
ZBTB40,0.662714285714285,7.65078571428571,3.93381337448826,0.00137044178653445,0.0367863453455983,-0.858345619271828
STK25,-0.592000000000002,7.75485714285714,-3.93182947944139,0.00137594085718066,0.0367863453455983,-0.862043591514087
SHANK3,-0.839285714285715,7.22392857142857,-3.93166499497878,0.00137639778831798,0.0367863453455983,-0.862350199650655
JPH3,-2.01128571428571,6.40164285714286,-3.92945485167835,0.00138255243151985,0.0367863453455983,-0.866470173664586
STK40,0.807571428571428,6.93935714285714,3.92813643405684,0.00138623715312207,0.0367863453455983,-0.868927991184461
NEDD4,0.895285714285715,5.81321428571429,3.92738560377588,0.0013883400295976,0.0367863453455983,-0.8703277448751
ADAMTSL1,-0.752,4.16485714285714,-3.92517277969502,0.00139455640782723,0.0367863453455983,-0.874453235274938
CTNNBIP1,-0.703285714285715,6.67992857142857,-3.92205930998618,0.00140335077729802,0.0367863453455983,-0.880258299818352
SYP,-2.23171428571429,8.17985714285714,-3.9205744630891,0.00140756469981072,0.0367863453455983,-0.883026981551215
TRIM36,-0.651428571428573,6.29714285714286,-3.91866052780647,0.00141301529662801,0.0367863453455983,-0.88659592689358
BEX1,-1.48828571428572,8.52228571428572,-3.91852113148442,0.00141341311167582,0.0367863453455983,-0.886855869092465
GYG2,1.26314285714286,7.13814285714286,3.91634724800417,0.00141963175298252,0.0367863453455983,-0.890909798064643
RUNDC3A,-2.06842857142857,8.81392857142857,-3.91610737452924,0.00142031963635578,0.0367863453455983,-0.891357137405782
IDS,-0.959714285714287,11.225,-3.91567970439481,0.00142154690166622,0.0367863453455983,-0.892154705785337
KCNAB1,-1.32328571428572,6.83221428571429,-3.91495567109597,0.00142362707923974,0.0367863453455983,-0.893504988395532
PDE1A,-1.81171428571429,7.86357142857143,-3.91490727307947,0.00142376623878214,0.0367863453455983,-0.893595249049315
HELLS,0.977857142857142,3.87735714285714,3.91476663593299,0.00142417069318197,0.0367863453455983,-0.89385753324719
MS4A6A,1.42014285714286,6.65121428571429,3.91225845216487,0.0014314035126094,0.0367863453455983,-0.898535399141931
SYNGR3,-1.70314285714286,6.76457142857143,-3.91205914794723,0.00143197983920639,0.0367863453455983,-0.898907123962789
RIMS4,-1.098,5.354,-3.90651735457891,0.00144809960363295,0.0367863453455983,-0.909244027974155
SMPD3,-1.22085714285714,5.73442857142857,-3.9041332988612,0.00145509075376556,0.0367863453455983,-0.913691412332704
MGAT5B,-1.45071428571429,6.16178571428571,-3.90365701177502,0.00145649154379546,0.0367863453455983,-0.914579946863184
MCL1,0.797714285714286,8.99,3.90357636916212,0.00145672885408041,0.0367863453455983,-0.914730390368256
GRIN2B,-2.96128571428572,6.87921428571429,-3.90127266838659,0.00146352463115961,0.0367863453455983,-0.919028220262772
UNC13A,-2.41371428571429,6.704,-3.89793218010367,0.00147343601534036,0.0367863453455983,-0.92526078498786
CD44,1.59642857142857,9.73607142857143,3.89577957995522,0.00147985891139183,0.0367863453455983,-0.929277331326403
HMG20B,0.605857142857143,7.36964285714286,3.89568331143148,0.00148014681819792,0.0367863453455983,-0.92945696468859
STOM,0.644428571428571,9.20292857142857,3.89465467097625,0.00148322668358397,0.0367863453455983,-0.931376397465595
DDR2,1.24328571428571,8.1815,3.88979539671923,0.0014978639715718,0.0370526298592722,-0.940444474174092
PRKCG,-2.74057142857143,6.62057142857143,-3.88725994093485,0.0015055594154033,0.0371056115321184,-0.945176452922781
GRM5,-1.76457142857143,7.51128571428571,-3.88551181698313,0.00151088853265677,0.0371056115321184,-0.948439201875634
UNC79,-1.50014285714286,7.35564285714286,-3.88396143566621,0.00151563083213622,0.0371056115321184,-0.951333004303086
PIGZ,-1.17757142857143,5.8545,-3.88089830448435,0.0015250447208792,0.0372401023229603,-0.957050715979192
MFAP3L,0.632428571428571,7.37678571428571,3.87777437103329,0.00153470651598802,0.0372755986486227,-0.962882392951452
PCSK1N,-1.05357142857143,7.96921428571429,-3.87749920484088,0.00153556052532659,0.0372755986486227,-0.963396088606811
CFAP47,1.391,4.76678571428572,3.87324337294916,0.00154883047259196,0.0373994526468265,-0.971341577186709
SRRM4,-1.96242857142857,6.50478571428571,-3.87246935175829,0.00155125637886616,0.0373994526468265,-0.972786740634863
IVNS1ABP,0.710142857142857,8.22907142857143,3.86786386221437,0.00156577053791827,0.0374481144366126,-0.981386168743963
MMP24,-1.40371428571429,5.45728571428571,-3.86583923032938,0.00157219461298337,0.0374481144366126,-0.985166902819294
GLRA3,-2.04171428571428,5.12042857142857,-3.85742355760654,0.00159918464524199,0.0374481144366126,-1.00088410451832
PPFIA4,-1.41857142857143,5.77357142857143,-3.85663447527913,0.00160173926833203,0.0374481144366126,-1.00235796993297
WDR49,1.711,6.19635714285714,3.85613862868177,0.00160334666663298,0.0374481144366126,-1.00328413765345
NAP1L2,-1.85042857142857,6.74121428571429,-3.85570636946144,0.00160474926508193,0.0374481144366126,-1.00409154271317
BSN,-2.078,7.17042857142857,-3.85309782709631,0.00161323990409136,0.0374481144366126,-1.00896414635447
CELF3,-1.73542857142857,7.06028571428571,-3.85182883449741,0.00161738683064759,0.0374481144366126,-1.01133466067035
SYT7,-2.02971428571429,6.78714285714286,-3.85143116508537,0.00161868859043871,0.0374481144366126,-1.01207753332042
UNC13C,-2.58885714285714,6.12,-3.84482849780382,0.00164045796410835,0.0374481144366126,-1.02441277853075
PTPRN,-2.81185714285714,6.81692857142857,-3.84450099083984,0.00164154545868868,0.0374481144366126,-1.02502468419574
CABLES1,-1.72328571428571,6.78364285714286,-3.84257516222654,0.00164795500097877,0.0374481144366126,-1.02862294822373
RAB27B,-2.59171428571428,6.32785714285714,-3.84221659218608,0.00164915118907981,0.0374481144366126,-1.02929292689331
FAT1,0.802285714285716,8.09585714285714,3.8398839503584,0.00165695436335261,0.0374481144366126,-1.03365154296287
AP3B2,-1.70257142857143,7.47085714285714,-3.83879914207637,0.00166059599821547,0.0374481144366126,-1.0356786222049
COX6C,-0.744142857142858,7.76735714285714,-3.83862646105215,0.00166117642495745,0.0374481144366126,-1.03600129967761
HPCAL4,-1.95271428571429,6.6925,-3.83344283838363,0.00167869590970293,0.0374481144366126,-1.04568818256608
FSTL4,-2.29028571428572,6.02428571428571,-3.83281404878526,0.00168083376018987,0.0374481144366126,-1.04686330938693
SYN3,-1.78142857142857,6.91742857142857,-3.83223750215113,0.00168279640943297,0.0374481144366126,-1.04794081550772
UNC80,-1.88342857142857,7.39271428571429,-3.83168231251532,0.00168468854882416,0.0374481144366126,-1.04897842084773
FIGN,0.687285714285713,7.60135714285714,3.83058623000688,0.00168843042809186,0.0374481144366126,-1.05102695006973
CSPG5,-0.747142857142857,6.096,-3.82993934037046,0.00169064276943393,0.0374481144366126,-1.05223598153815
RNF165,-1.20385714285714,5.77978571428572,-3.8293864432272,0.0016925359850759,0.0374481144366126,-1.05326935568021
RIMS3,-2.35071428571429,6.9595,-3.82928865998312,0.00169287103510142,0.0374481144366126,-1.05345211555183
SEMA4A,-1.30285714285714,5.72614285714286,-3.82765817468237,0.00169846772491819,0.0374481144366126,-1.05649960113581
NOTCH2,0.656285714285714,8.13957142857143,3.82748396701763,0.00169906680426324,0.0374481144366126,-1.05682521339821
IRF2,0.606857142857142,9.05128571428572,3.82669215058215,0.00170179246277745,0.0374481144366126,-1.05830521661565
CACNA1D,-1.33285714285714,6.52714285714286,-3.82578397585645,0.00170492410911983,0.0374481144366126,-1.06000273987293
PLPPR4,-2.05585714285714,7.87364285714286,-3.82549624732986,0.00170591749559075,0.0374481144366126,-1.06054055743675
FAM19A2,-2.28571428571429,6.31657142857143,-3.82546545587753,0.00170602383817283,0.0374481144366126,-1.06059811252963
CHGA,-2.242,6.79342857142857,-3.82521717139685,0.00170688156851097,0.0374481144366126,-1.0610622049719
LRRC9,1.73971428571429,4.17128571428571,3.82517557135633,0.00170702532382917,0.0374481144366126,-1.06113996386377
OLFM3,-2.38228571428572,6.00214285714286,-3.82403563062179,0.00171096933579083,0.0374481514301315,-1.06327077142151
SV2B,-2.815,8.56235714285714,-3.8168488429527,0.00173604770348665,0.0376416105233044,-1.07670572553669
TARBP1,-0.818285714285714,6.63914285714286,-3.81522951399467,0.0017417495268262,0.0376416105233044,-1.07973318036215
CHGB,-2.69942857142857,6.60457142857143,-3.81424766922388,0.00174521592677101,0.0376416105233044,-1.08156886239831
SLC16A9,1.24957142857143,6.1585,3.8127094899708,0.0017506605029074,0.0376416105233044,-1.08444475842863
MMP17,-1.17385714285714,5.7965,-3.81078114487371,0.00175751040354031,0.0376416105233044,-1.08805026981257
DOCK11,0.614571428571429,6.08557142857143,3.80897800450228,0.00176394008086415,0.0376416105233044,-1.09142181231519
PNMA6A,-1.138,5.63171428571429,-3.80881761033061,0.00176451316919668,0.0376416105233044,-1.09172172620733
PPARGC1B,-0.595571428571429,5.72835714285714,-3.80829719990918,0.00176637389285946,0.0376416105233044,-1.09269482528474
SETMAR,0.717571428571428,7.53878571428571,3.80732004393374,0.00176987307149239,0.0376416105233044,-1.09452200691739
CA10,-1.207,6.05164285714286,-3.80705332022775,0.00177082942218848,0.0376416105233044,-1.09502075936807
MORN4,-0.989142857142857,5.56014285714286,-3.80670685207004,0.00177207248107647,0.0376416105233044,-1.09566863180911
KIAA0513,-1.69028571428571,7.95042857142857,-3.80602550973232,0.00177451957734525,0.0376416105233044,-1.09694271024344
CHD5,-2.46771428571429,6.726,-3.79994534001122,0.00179650892549209,0.0376416105233044,-1.10831313132809
ACSL1,0.966999999999999,8.97321428571429,3.79842167679231,0.00180206241471812,0.0376416105233044,-1.11116272730128
ADCY1,-2.35728571428571,7.69764285714286,-3.79819332246851,0.00180289622160956,0.0376416105233044,-1.11158980921317
KIAA0319,-1.31857142857143,6.47828571428572,-3.79676912285191,0.00180810531887054,0.0376416105233044,-1.11425347649312
TMEM130,-2.88457142857143,8.14842857142857,-3.79583864401379,0.00181151682057734,0.0376416105233044,-1.11599378321768
YPEL1,-0.873285714285715,7.18007142857143,-3.79504572763799,0.00181442910096261,0.0376416105233044,-1.11747682747312
FRAS1,-1.72314285714286,5.43057142857143,-3.79299484450192,0.00182198371289918,0.0377059330911314,-1.12131283837223
CDK5R1,-1.77085714285714,6.96385714285714,-3.78891838768501,0.00183709428843226,0.037766531858224,-1.12893797811414
MCF2L2,-0.934571428571429,7.44014285714286,-3.7876496017061,0.00184182322401874,0.037766531858224,-1.13131140486545
GAREM1,0.597999999999999,8.30671428571429,3.78646571367009,0.00184624683358669,0.037766531858224,-1.13352607133707
ACTR1B,-0.707428571428572,7.04514285714286,-3.78501780654368,0.00185167155878056,0.037766531858224,-1.13623469914305
TAGLN3,-2.05885714285714,8.95385714285714,-3.78389711701885,0.00185588139298169,0.037766531858224,-1.13833124589598
SRPX2,1.73414285714286,4.93935714285714,3.78250492846144,0.00186112458429337,0.037766531858224,-1.14093576547206
FNDC3B,0.692285714285714,7.106,3.78214967958284,0.00186246490154811,0.037766531858224,-1.14160037939566
GPRASP1,-1.13385714285715,7.7825,-3.78052982371566,0.00186858883018232,0.037766531858224,-1.1446309272209
UBE2V2,-0.688,7.65842857142857,-3.78051468186301,0.00186864617047745,0.037766531858224,-1.14465925616773
ACTL6B,-1.89442857142857,6.43135714285714,-3.77719801351139,0.00188124894016259,0.0378601349207721,-1.15086461514382
BRSK1,-0.705571428571429,7.81835714285714,-3.77290566652694,0.00189768676302764,0.0379405961288024,-1.15889599339129
GAP43,-2.25342857142857,8.68314285714286,-3.77200948984936,0.00190113700789961,0.0379405961288024,-1.16057290192823
KATNB1,-0.716142857142858,6.75321428571429,-3.77130400598074,0.00190385755248823,0.0379405961288024,-1.16189300881163
CCBE1,-0.814142857142857,3.88507142857143,-3.77095163960355,0.0019052178496093,0.0379405961288024,-1.16255236577727
PPIP5K1,-0.863142857142858,8.04742857142857,-3.76803485929153,0.00191651575536532,0.0380597550423267,-1.16801047907171
CACNA1B,-1.89157142857143,6.52364285714286,-3.76734058390265,0.00191921493475887,0.0380597550423267,-1.16930970456224
GRIK2,-1.44157142857143,7.48078571428571,-3.76547904353093,0.00192647114066011,0.0381240611773549,-1.17279335850889
CELF5,-2.08414285714286,7.1055,-3.75796848819403,0.00195602962994247,0.0383817611824122,-1.18684962407209
PHGDH,0.794428571428572,9.10792857142857,3.75753592849606,0.00195774589860479,0.0383817611824122,-1.18765922963561
SYN1,-2.69328571428572,7.95078571428572,-3.75747941296736,0.00195797024781781,0.0383817611824122,-1.18776500804239
RAB3B,-2.181,5.94892857142857,-3.75014742233871,0.00198729735609059,0.0387282125660906,-1.20148892040778
MYT1L,-2.36542857142857,7.196,-3.74957227505337,0.00198961656303318,0.0387282125660906,-1.20256554288704
DLG3,-1.39457142857143,6.30671428571429,-3.74741733669322,0.00199833041026859,0.0387825502543012,-1.2065994774492
ETV1,-1.13514285714286,7.35628571428571,-3.74686410504753,0.00200057370508554,0.0387825502543012,-1.20763512149146
ADGRB3,-0.992857142857144,8.13414285714286,-3.74342608096317,0.00201457165357831,0.0388951547506918,-1.21407127321148
MND1,0.860571428571429,4.76814285714286,3.74134516155899,0.00202309214996748,0.0389534621482121,-1.21796702784094
FAM91A1,0.591857142857142,8.41692857142857,3.73900735408206,0.00203270791414672,0.0389534621482121,-1.22234386183794
ARMCX4,-0.613142857142858,6.25057142857143,-3.73641978208483,0.00204340482177383,0.0389534621482121,-1.22718848826117
KCNQ2,-1.61985714285714,6.33135714285714,-3.73472887522522,0.00205042564594419,0.0389534621482121,-1.23035442129818
TUBB2A,-1.075,8.32107142857143,-3.73393164561767,0.00205374427165013,0.0389534621482121,-1.23184712509232
SDCCAG3,0.602285714285714,5.96885714285714,3.73178067080251,0.00206272520962017,0.0389534621482121,-1.23587462144383
CAPS,1.41814285714286,6.90178571428571,3.73077232622723,0.00206694897861563,0.0389534621482121,-1.23776269550475
SLC30A10,-0.792428571428573,6.37407142857143,-3.72885537518462,0.00207500282629701,0.0389534621482121,-1.24135216665823
MACROD2,-0.605,5.28321428571429,-3.72623657423788,0.00208605664466741,0.0390471246862966,-1.24625600725597
S100A10,1.35571428571428,8.70842857142857,3.72550642617656,0.00208914914434138,0.0390471246862966,-1.24762328054514
PRICKLE1,-1.559,7.64135714285714,-3.72408090777916,0.00209520018874039,0.0390471246862966,-1.250292743777
PID1,-1.01028571428572,6.32728571428572,-3.72379058006335,0.00209643473944744,0.0390471246862966,-1.25083642576065
GRIK5,-0.984428571428573,6.92864285714286,-3.72032309047722,0.00211123630517642,0.0392458584400603,-1.25732999036218
ATP6V0E2,-0.714428571428572,9.1325,-3.71566289620393,0.00213129541495015,0.0393262159992253,-1.26605762625151
BAZ1A,0.873714285714285,7.16828571428571,3.71498413932952,0.00213423302705877,0.0393262159992253,-1.26732885212687
MARCH4,-1.19057142857143,5.75585714285714,-3.71320434729822,0.00214195526086047,0.0393262159992253,-1.27066223311924
CCDC146,0.773,7.5965,3.7108617547395,0.00215216239334183,0.0393262159992253,-1.27504980693999
GLT1D1,-1.55371428571429,7.076,-3.71013181241363,0.00215535291302177,0.0393262159992253,-1.27641698495715
SLITRK4,-1.86628571428572,5.938,-3.71012227954476,0.00215539461198712,0.0393262159992253,-1.2764348400558
ATP8A2,-2.169,7.37907142857143,-3.71003928600633,0.00215575767924463,0.0393262159992253,-1.27659028735466
CDK16,-0.705571428571429,8.73678571428571,-3.70789995587473,0.00216513781537363,0.0393262159992253,-1.28059732131506
KCNQ3,-1.93271428571429,7.62278571428571,-3.70725649047012,0.00216796721057019,0.0393262159992253,-1.281802574479
SPHKAP,-1.99271428571429,7.02264285714286,-3.70595142574657,0.00217371719907676,0.0393297898552954,-1.28424707755205
HPCA,-2.45728571428572,7.57464285714286,-3.70326597690557,0.00218559747679212,0.0394205666962271,-1.28927729190459
LCA5,0.595285714285714,6.59464285714286,3.69809159890633,0.00220867366559449,0.0394205666962271,-1.29897008954892
CD200,-1.12042857142857,8.31478571428571,-3.69675618002809,0.00221466903477418,0.0394205666962271,-1.30147173562307
MAPK8IP2,-1.04457142857143,6.82857142857143,-3.69485005277687,0.00222325505021516,0.039474205087839,-1.30504256197029
DYNC1I1,-1.10671428571429,8.74035714285714,-3.69369507126193,0.00222847390971134,0.0394930478887089,-1.30720627572966
NCALD,-2.05042857142857,7.3815,-3.68968593872134,0.00224668550606136,0.0395245339274427,-1.31471711304468
FRRS1L,-1.63157142857143,8.26492857142857,-3.68962989025115,0.00224694116880853,0.0395245339274427,-1.31482211851989
GRM4,-0.981142857142858,5.45414285714286,-3.68946379862979,0.00224769896108118,0.0395245339274427,-1.31513328761727
LRIG3,0.802857142857142,6.20057142857143,3.68938041101456,0.00224807951387283,0.0395245339274427,-1.31528951275315
PRRX1,0.951,7.5965,3.68836748315621,0.00225270736460973,0.0395245339274427,-1.3171872260339
GRIA2,-1.26642857142857,9.3535,-3.68781926457238,0.00225521606365659,0.0395245339274427,-1.31821431886655
ACTR3B,-1.096,7.52585714285714,-3.68279511642145,0.00227833864887572,0.0396723122973409,-1.32762740335439
GRIA3,-1.01614285714286,7.09735714285714,-3.68193451614703,0.00228232329385065,0.0396723122973409,-1.32923984909777
KCND3,-1.099,7.34892857142857,-3.67878577060659,0.00229696220262502,0.0396723122973409,-1.33513955813619
RASSF8,0.620142857142856,7.56035714285714,3.67776449331949,0.00230173054929099,0.0396723122973409,-1.3370531369395
EFCAB2,0.672571428571428,6.35657142857143,3.67749300469337,0.00230299980864427,0.0396723122973409,-1.3375618317128
NYAP2,-1.44228571428571,5.13671428571429,-3.6753920050078,0.00231284625795415,0.0396723122973409,-1.34149857415526
AZGP1,1.89314285714286,7.29314285714286,3.67483569009602,0.00231546055689883,0.0396723122973409,-1.34254098205722
SNCB,-2.58685714285714,8.77814285714286,-3.67341807739458,0.00232213583989564,0.0396723122973409,-1.34519729343502
CACNA1A,-1.34871428571429,7.79564285714286,-3.67197593597896,0.00232894652945584,0.0396723122973409,-1.34789960575971
PDZD2,-0.690857142857143,7.74928571428572,-3.6719245546783,0.00232918955505728,0.0396723122973409,-1.34799588575356
IQCG,0.867857142857142,6.36235714285714,3.67180664965625,0.00232974732419841,0.0396723122973409,-1.34821682030153
TRIM16,1.214,6.77728571428571,3.67106229115625,0.00233327174401945,0.0396723122973409,-1.34961163127087
ZDHHC22,-1.75857142857143,6.83342857142857,-3.67093113376588,0.00233389331017786,0.0396723122973409,-1.34985740070298
CPNE7,-1.15371428571429,5.09328571428571,-3.66929299618527,0.00234167065909073,0.0396723122973409,-1.35292705366459
PCLO,-1.86328571428571,7.16807142857143,-3.66913406973843,0.00234242657925694,0.0396723122973409,-1.35322486342356
SRSF6,0.641,8.59707142857143,3.66813639700812,0.00234717754617387,0.0396723122973409,-1.35509439716852
FBXO41,-1.606,5.857,-3.66476712809983,0.00236329406729372,0.0397696596034584,-1.36140818573092
PTPN5,-2.47185714285714,6.79164285714286,-3.662545327852,0.0023739827724954,0.0397696596034584,-1.36557180363555
SGTB,-1.10414285714286,7.96192857142857,-3.66053388817102,0.00238370147828853,0.0397696596034584,-1.36934128309235
DLG4,-1.57814285714286,8.09921428571429,-3.65900428070149,0.00239111893491761,0.0397696596034584,-1.37220784522108
HERC1,-0.657,8.28607142857143,-3.65779268649168,0.00239701076718749,0.0397696596034584,-1.37447846224319
GABRD,-1.75585714285714,6.32578571428571,-3.6553723629525,0.00240882433248635,0.0397696596034584,-1.37901439995697
GFPT2,0.955142857142858,7.49314285714286,3.65513278472676,0.0024099968963894,0.0397696596034584,-1.3794633996407
SYT5,-2.19771428571429,6.96814285714286,-3.65495188908836,0.00241088263203989,0.0397696596034584,-1.37980242140123
SNTB1,0.874999999999999,7.54892857142857,3.65493502939313,0.00241096520039401,0.0397696596034584,-1.37983401867182
WBSCR17,-2.24442857142857,6.18835714285714,-3.65434514857045,0.002413855865904,0.0397696596034584,-1.38093953525061
CAMKK2,-1.38285714285714,7.32942857142857,-3.65303946887043,0.00242026667255285,0.0397696596034584,-1.38338657572449
ABCC8,-1.39771428571429,6.99942857142857,-3.64536069767641,0.00245831753312961,0.0397696596034584,-1.39777828506017
MARCH3,1.38771428571428,7.55885714285714,3.64412681705412,0.00246448777016128,0.0397696596034584,-1.40009093161099
RASAL1,-1.015,6.33835714285714,-3.64303865082459,0.00246994227920463,0.0397696596034584,-1.40213048581181
BAG3,1.80928571428571,7.66135714285714,3.64145326524337,0.0024779109031401,0.0397696596034584,-1.40510201037094
KLHDC3,-0.851571428571429,9.32064285714286,-3.64074879278114,0.00248146009684342,0.0397696596034584,-1.4064224306119
DUSP1,1.28885714285714,9.51128571428571,3.63908081666069,0.0024898839301681,0.0397696596034584,-1.4095488107976
FAM174A,-0.601,5.89692857142857,-3.63772765520726,0.00249673899795451,0.0397696596034584,-1.41208514430981
OLFM1,-1.74728571428572,8.21921428571429,-3.6375428582261,0.00249767664667674,0.0397696596034584,-1.41243152527515
HSPA6,3.38871428571429,6.94335714285714,3.63432698389346,0.002514050691728,0.0397696596034584,-1.41845938907716
MRPS6,1.854,8.486,3.63432084499836,0.00251408205185264,0.0397696596034584,-1.41847089600655
PI16,1.281,7.15878571428571,3.63314653470185,0.00252008818514336,0.0397696596034584,-1.42067206739112
SYNGR1,-1.23042857142857,8.19492857142857,-3.63115061269854,0.00253032970100563,0.0397696596034584,-1.42441333869812
PTPN4,-0.724857142857144,7.43114285714286,-3.63085367580896,0.00253185692635879,0.0397696596034584,-1.42496993857349
CAMK2B,-2.05285714285714,8.93085714285714,-3.63027119648886,0.00253485546859184,0.0397696596034584,-1.426061782885
IDH2,-0.68857142857143,8.72385714285714,-3.6265552443888,0.00255406913589973,0.0397696596034584,-1.43302734746908
SLC44A5,-1.12485714285714,4.93485714285714,-3.62642577217329,0.00255474122042821,0.0397696596034584,-1.43327004651462
SLC8A1,-1.55985714285714,7.57864285714286,-3.62630921132727,0.0025553464348926,0.0397696596034584,-1.43348854302792
BTBD10,-0.626857142857143,8.906,-3.62444192988754,0.0025650615484313,0.0397696596034584,-1.43698883479065
CDH18,-2.34471428571429,6.98992857142857,-3.62382682524272,0.00256826995605788,0.0397696596034584,-1.43814188107931
ERRFI1,0.642714285714285,8.14735714285714,3.62214997136185,0.00257703701643222,0.0397696596034584,-1.44128525406337
PIN1,-0.809000000000001,8.21935714285714,-3.62125427987841,0.00258173227747536,0.0397696596034584,-1.44296429935947
AR,0.981571428571429,5.74864285714286,3.62113183912979,0.00258237478681071,0.0397696596034584,-1.44319382500715
FGF14,-1.86114285714286,8.294,-3.61583267868461,0.00261033694643029,0.0397696596034584,-1.45312770491059
HS6ST3,-1.73342857142857,6.424,-3.61533429839786,0.00261298238289291,0.0397696596034584,-1.45406199023206
GPD1L,-0.663714285714286,6.71914285714286,-3.61515575037596,0.00261393078421437,0.0397696596034584,-1.45439670470065
ZMAT4,-2.12828571428571,6.38771428571429,-3.61479730014384,0.00261583582586937,0.0397696596034584,-1.45506867320558
BRINP2,-1.826,7.47328571428571,-3.61444375494976,0.00261771616750784,0.0397696596034584,-1.4557314477112
TRPS1,0.753857142857142,8.21035714285714,3.6143016790938,0.00261847218564626,0.0397696596034584,-1.45599779096114
GABRA5,-2.82142857142857,6.61871428571429,-3.61274358626199,0.00262677758503438,0.0397696596034584,-1.45891869058226
PSD3,-1.26685714285714,9.44428571428571,-3.61180961053541,0.00263176883614997,0.0397696596034584,-1.46066959170172
GABRB2,-2.72785714285715,7.81807142857143,-3.61053294455279,0.00263860689644569,0.0397696596034584,-1.46306293879034
CAMK2A,-3.03914285714286,9.53185714285714,-3.60889237593659,0.00264742034029116,0.0397696596034584,-1.46613851046661
AP3M2,-0.777714285714287,7.781,-3.60870311065839,0.00264843901281115,0.0397696596034584,-1.46649332735345
MDGA2,-1.19542857142857,6.88414285714286,-3.60733274279413,0.00265582644564621,0.0397696596034584,-1.46906237447714
CDKN1A,1.14514285714286,6.57471428571429,3.60715981466674,0.00265676014533464,0.0397696596034584,-1.46938656631873
MAPKAPK2,0.695428571428571,7.20914285714286,3.60623219333112,0.00266177433877107,0.0397696596034584,-1.47112560103357
AFF3,-0.943714285714286,7.22271428571429,-3.60551011245702,0.00266568408654301,0.0397696596034584,-1.47247930893527
HECW1,-1.94842857142857,6.92164285714286,-3.60450650287167,0.00267112778471486,0.0397696596034584,-1.47436081475917
FAM162A,-0.775571428571429,6.86492857142857,-3.60263410757531,0.00268131379346908,0.0398038012120429,-1.477871088483
SLC4A8,-1.06028571428572,7.78471428571429,-3.60254463048368,0.00268180153444652,0.0398038012120429,-1.47803883638195
CLVS1,-1.79185714285714,7.12721428571429,-3.59994353118404,0.00269601923996929,0.0398621318105021,-1.48291529493416
SLC12A5,-2.91914285714286,6.623,-3.59702876949147,0.00271204154047421,0.0398791627277797,-1.48837985661074
GOLIM4,0.912714285714285,9.22507142857143,3.5928764301147,0.00273503228402364,0.0400823788932019,-1.49616471427678
ANKS1B,-1.44242857142857,8.12235714285714,-3.59237115444224,0.00273784324684009,0.0400823788932019,-1.49711201891019
RGS7,-1.98657142857143,7.20157142857143,-3.59148730869963,0.00274276726819468,0.0400823788932019,-1.49876908077846
SEZ6,-0.999714285714287,5.44171428571429,-3.58970187988966,0.00275274130984193,0.0401285816367299,-1.50211647305804
PRKG2,-0.954000000000001,5.03028571428571,-3.5884933915955,0.00275951304634299,0.0401285816367299,-1.50438220480598
SCN3A,-1.45071428571429,6.50364285714286,-3.58766460484416,0.00276416681439052,0.0401285816367299,-1.50593605853091
WDR37,-0.743000000000001,7.48807142857143,-3.58698914771985,0.00276796544844184,0.0401285816367299,-1.507202444375
TMPRSS5,1.80228571428571,6.28357142857143,3.58532178302286,0.00277736485506314,0.0401285816367299,-1.510328525609
MARCH8,0.633571428571427,8.60178571428572,3.58463129103824,0.00278126674439085,0.0401285816367299,-1.51162310789177
IQCJ-SCHIP1,-1.038,5.36414285714286,-3.58422393665675,0.00278357124058546,0.0401285816367299,-1.5123868452302
PACSIN1,-2.48857142857143,7.14128571428571,-3.58415712464268,0.00278394939452627,0.0401285816367299,-1.5125121092825
RBFOX2,-1.02528571428572,8.38021428571429,-3.58119961198407,0.00280074067298523,0.0402065272027082,-1.51805709085922
LSS,0.888571428571428,8.73271428571429,3.58005797065148,0.00280724954510216,0.0402065272027082,-1.52019754161959
STK3,0.716428571428571,6.96235714285714,3.5775433726301,0.00282163977748692,0.0402065272027082,-1.5249121520414
CACNG2,-2.68585714285714,6.6855,-3.57731370811268,0.0028229577630805,0.0402065272027082,-1.52534275037159
RGS7BP,-2.76957142857143,7.91492857142857,-3.57607236831867,0.00283009221170678,0.0402065272027082,-1.52767014334967
PPFIA3,-1.24657142857143,5.28528571428571,-3.57492633332889,0.00283669499660255,0.0402065272027082,-1.52981885361296
LINGO1,-1.12014285714286,5.98564285714286,-3.57415930963089,0.00284112278670333,0.0402065272027082,-1.53125695490593
DGKG,-0.849142857142857,7.68514285714286,-3.57398416330005,0.00284213482600616,0.0402065272027082,-1.53158533897282
RALYL,-2.27628571428571,6.04785714285714,-3.57389735222541,0.00284263657639939,0.0402065272027082,-1.53174810218731
VGF,-0.781428571428572,6.155,-3.57341300766,0.0028454376241525,0.0402065272027082,-1.532656206537
RFX4,0.751857142857142,8.14392857142857,3.57142115812872,0.00285698602349529,0.0402065272027082,-1.5363907599379
SHISA6,-1.172,6.531,-3.57108845107312,0.0028589195875892,0.0402065272027082,-1.53701455924195
SHC3,-1.79,8.78128571428571,-3.57028890905904,0.00286357159447188,0.0402065272027082,-1.53851363816152
NEURL1,-2.00828571428572,7.06485714285714,-3.56963464122357,0.00286738400588679,0.0402065272027082,-1.5397403404837
A2ML1,0.762285714285714,5.076,3.56739646713652,0.00288046443311535,0.0402065272027082,-1.54393675351062
HOMER1,-1.09428571428571,7.33957142857143,-3.56732215781159,0.00288089974162145,0.0402065272027082,-1.54407607824748
ELMOD1,-2.36914285714286,6.619,-3.56599138664934,0.00288870668145478,0.0402065272027082,-1.54657118194102
PRRT1,-0.883428571428572,6.37928571428571,-3.56581203289859,0.00288976048066255,0.0402065272027082,-1.54690745803235
UGDH,0.585,7.59778571428571,3.56426514112029,0.00289886534504521,0.0402065272027082,-1.54980777710353
ANAPC16,0.848571428571428,7.19757142857143,3.56401333763702,0.00290035016300334,0.0402065272027082,-1.55027989220313
ZCCHC8,0.611285714285715,6.66035714285714,3.563469769221,0.00290355804674547,0.0402065272027082,-1.55129904780571
KCNIP4,-2.05228571428572,6.19114285714286,-3.56301951435893,0.00290621793732668,0.0402065272027082,-1.55214324682146
MEG3,-1.44171428571429,6.943,-3.56250193969662,0.0029092785459378,0.0402065272027082,-1.55311366645019
GAD2,-1.94571428571429,5.38428571428571,-3.56155446470792,0.00291488970551425,0.0402065272027082,-1.55489012265451
TRIM23,-0.586571428571429,7.12328571428571,-3.56131016398043,0.00291633827167765,0.0402065272027082,-1.55534817134818
AES,-0.723285714285715,9.26735714285714,-3.55869248471376,0.00293190510619823,0.0402690342658318,-1.56025616036339
NAGPA,-0.792857142857143,5.79757142857143,-3.55708630479463,0.00294149804563766,0.0402690342658318,-1.56326765158782
CFAP54,1.495,6.05664285714286,3.55586028705766,0.00294884167361306,0.0402690342658318,-1.56556636186644
HLF,-1.715,8.44707142857143,-3.55528573342695,0.00295228948254849,0.0402690342658318,-1.56664361574218
ASIC1,-0.840285714285715,7.55914285714286,-3.55458950296923,0.0029564728826088,0.0402690342658318,-1.56794900638301
HN1,-1.00714285714286,6.38057142857143,-3.55351055342946,0.00296296767189327,0.0402690342658318,-1.56997197227999
TSPAN13,-1.77071428571429,6.90935714285714,-3.55346120403746,0.00296326507546231,0.0402690342658318,-1.57006449943082
TCEAL5,-0.64357142857143,5.22264285714286,-3.55029343150198,0.00298241849067542,0.0403512855123546,-1.57600388000947
ADGRA3,1.02242857142857,6.85878571428571,3.54592875321555,0.00300901265481354,0.0403512855123546,-1.58418736932897
NCS1,-1.74085714285714,9.41628571428571,-3.54538925912761,0.00301231630922313,0.0403512855123546,-1.58519888388474
SERPINH1,2.37042857142857,7.48435714285714,3.54467987715622,0.00301666583586348,0.0403512855123546,-1.58652892582263
PRKD3,0.688857142857143,5.22285714285714,3.5446666219035,0.00301674716952608,0.0403512855123546,-1.58655377849214
LY6E,-1.17085714285714,6.97757142857143,-3.54403295626266,0.00302063788461286,0.0403512855123546,-1.58774185674478
OSGIN2,0.853999999999999,7.16185714285714,3.54358312472834,0.00302340291367693,0.0403512855123546,-1.58858525856428
NXPH1,-1.03114285714286,6.18714285714286,-3.54309119172087,0.00302642964208403,0.0403512855123546,-1.58950759713814
TPD52L1,0.894428571428572,8.15264285714286,3.54270807109963,0.00302878898518884,0.0403512855123546,-1.59022592004702
TMEM241,-0.972,5.70171428571429,-3.53847857859711,0.00305495820758274,0.0405860811382216,-1.59815588260191
IL1RAPL2,-0.930857142857143,4.23485714285714,-3.53706562111269,0.00306375111917172,0.0406460501131454,-1.60080505451606
ATP11C,0.815571428571429,6.39707142857143,3.53400208409419,0.00308290304090064,0.0407735857877875,-1.60654889633648
BEX5,-1.31614285714286,6.29635714285714,-3.53346772927433,0.00308625588729224,0.0407735857877875,-1.60755075758074
KLF6,0.592857142857142,6.85714285714286,3.53282171209015,0.00309031425499282,0.0407735857877875,-1.60876197300613
PHYHD1,0.893142857142857,7.24085714285714,3.53188701927582,0.00309619560667052,0.0407735857877875,-1.6105144224743
PPP2R2C,-0.79,9.34271428571429,-3.53112268400597,0.00310101336998441,0.0407735857877875,-1.61194746704169
JDP2,0.93942857142857,7.14257142857143,3.52973845402564,0.00310975761960501,0.0407735857877875,-1.61454273968037
FBXO16,-1.45328571428572,6.42664285714286,-3.52638588163164,0.00313103868105891,0.0407735857877875,-1.6208283925286
TNFRSF1A,0.930285714285714,7.77828571428571,3.52149226722714,0.00316236443978808,0.0407735857877875,-1.63000320241266
CTSS,0.616571428571429,5.825,3.52090632313757,0.00316613629771032,0.0407735857877875,-1.63110175266212
SYNC,0.825285714285714,5.05464285714286,3.52082364833769,0.00316666885785057,0.0407735857877875,-1.63125675435446
FAM84B,0.764428571428571,5.50478571428571,3.52023585414638,0.00317045780041848,0.0407735857877875,-1.63235877088493
NELL1,-1.804,5.74542857142857,-3.52011914693544,0.00317121064041211,0.0407735857877875,-1.63257757728129
QPCT,-0.988285714285715,5.01214285714286,-3.51998014025276,0.00317210756105833,0.0407735857877875,-1.63283819132862
NOVA2,-0.674571428571428,7.947,-3.51810142179657,0.00318425471916406,0.0407735857877875,-1.63636045921031
NMNAT2,-2.43485714285714,7.94728571428571,-3.51761603343138,0.00318740065591907,0.0407735857877875,-1.63727047366667
PRKCZ,-0.697857142857144,8.31535714285714,-3.51734420041523,0.00318916384321715,0.0407735857877875,-1.63778011020722
C2CD5,-0.584571428571429,8.31,-3.51569659974389,0.00319987161628563,0.0407735857877875,-1.6408690456261
SLC22A10,-0.941142857142857,3.87942857142857,-3.5152340611928,0.00320288413815506,0.0407735857877875,-1.64173621341084
RBFOX1,-2.39471428571429,7.30064285714286,-3.51479177945183,0.00320576738822236,0.0407735857877875,-1.64256540231014
KCNIP1,-1.37914285714286,7.63242857142857,-3.51431509959255,0.0032088777964869,0.0407735857877875,-1.64345907918579
OPCML,-2.21071428571429,8.59464285714286,-3.5141635288426,0.00320986745285274,0.0407735857877875,-1.64374324288619
LINGO2,-2.22271428571429,5.6315,-3.51386842995703,0.00321179513116844,0.0407735857877875,-1.64429649158167
SNRK,-0.66,8.02385714285714,-3.51356923233899,0.00321375076938724,0.0407735857877875,-1.64485742390197
RAB15,-1.97385714285714,7.22692857142857,-3.51337610075119,0.00321501376513874,0.0407735857877875,-1.64521950447971
SCN3B,-2.40985714285714,7.72807142857143,-3.51013376359757,0.00323629172960207,0.0408460409470857,-1.65129815417397
SDC2,0.605428571428571,7.547,3.50826191862851,0.00324864004368258,0.0408460409470857,-1.65480740335809
FBXO32,0.965571428571428,8.63564285714286,3.5082541685982,0.00324869126772605,0.0408460409470857,-1.65482193270094
SH3GL2,-2.28585714285714,7.92864285714286,-3.50346210309084,0.0032805201814734,0.0408460409470857,-1.66380574367957
ME3,-0.871714285714286,7.20871428571429,-3.50197453022671,0.0032904641152989,0.0408460409470857,-1.66659449427063
SORBS2,-1.28257142857143,7.62928571428571,-3.50194314546401,0.00329067423736631,0.0408460409470857,-1.66665333101807
SVOP,-2.74428571428571,5.75371428571429,-3.50101257093859,0.00329691058400395,0.0408460409470857,-1.66839786697083
TBL1X,0.668428571428571,6.7735,3.50094151859509,0.00329738723577002,0.0408460409470857,-1.66853106753948
RUSC2,-0.594428571428572,7.8925,-3.49959789496925,0.00330641390099227,0.0408460409470857,-1.67104992584948
KIF3C,-1.34185714285714,9.03021428571429,-3.49928632504458,0.00330851061126512,0.0408460409470857,-1.67163401586821
GPNMB,1.56228571428571,7.31157142857143,3.49896123523313,0.0033106997249423,0.0408460409470857,-1.67224345016838
GABBR2,-2.693,8.10078571428572,-3.49810428945728,0.00331647725241924,0.0408460409470857,-1.6738499309238
NDUFA4,-0.789714285714285,6.89728571428571,-3.49765492526641,0.00331951090484624,0.0408460409470857,-1.67469233244002
CHRM3,-2.19771428571429,5.76885714285714,-3.49740139526403,0.00332122371055851,0.0408460409470857,-1.67516761209176
PSME4,0.647142857142856,8.49271428571429,3.49566410517174,0.00333298441271907,0.0408460409470857,-1.67842440282429
USPL1,0.823,7.70221428571429,3.4955187051861,0.00333397059926371,0.0408460409470857,-1.67869697380987
ELF1,0.952571428571429,7.58128571428571,3.49515435514483,0.00333644311664843,0.0408460409470857,-1.67937999388256
PAWR,0.961142857142857,6.15428571428571,3.49513168502544,0.0033365970191832,0.0408460409470857,-1.67942249183257
RNF208,-1.19228571428571,6.47557142857143,-3.49442278450496,0.00334141318433494,0.0408460409470857,-1.68075141103151
ENTPD6,-0.679714285714286,7.29585714285714,-3.49406609340408,0.0033438391260077,0.0408460409470857,-1.68142006933987
NSF,-1.96842857142857,9.08764285714286,-3.49321483459229,0.00334963587949157,0.0408460409470857,-1.68301584593592
IFRD1,0.871428571428572,6.97671428571429,3.49226779110276,0.00335609673049352,0.0408460409470857,-1.6847911720188
SP1,0.593428571428572,8.02371428571429,3.49201750158628,0.00335780632361543,0.0408460409470857,-1.68526036266855
HECW2,-0.614285714285716,7.66042857142857,-3.49108404248464,0.00336418998428363,0.0408460409470857,-1.68701021122082
SEMA3E,-1.02771428571429,5.58728571428572,-3.49056451071913,0.00336774818256149,0.0408460409470857,-1.68798411351753
C2orf80,-1.98385714285714,6.82692857142857,-3.49055869719663,0.0033677880198773,0.0408460409470857,-1.68799501139586
SPTBN2,-1.49671428571429,6.9935,-3.49005693485079,0.00337122814006897,0.0408460409470857,-1.68893560061568
BRSK2,-0.585714285714287,7.18642857142857,-3.4878418941789,0.00338645677317591,0.0408741459827166,-1.69308781734884
SCN2A,-2.789,7.09421428571429,-3.48627355195264,0.00339728096625609,0.0409527562163282,-1.6960277270522
SCG5,-1.168,8.08,-3.48394868297073,0.00341339030104394,0.0410923371808427,-1.70038571648716
OTUB1,-0.719142857142859,8.84585714285714,-3.48335561561676,0.00341751198787933,0.0410923371808427,-1.70149741627137
PDE2A,-1.72971428571429,7.43214285714286,-3.48190494518435,0.00342761486129163,0.0410949594160854,-1.70421666709144
ZNF24,0.691714285714285,8.67057142857143,3.48126039030628,0.00343211332011549,0.0410949594160854,-1.70542486283137
NRIP3,-2.61385714285714,6.28292857142857,-3.48057362945377,0.00343691285236765,0.0410949594160854,-1.70671216627504
WSCD2,-1.26071428571429,5.91635714285714,-3.47971090829977,0.0034429516430151,0.0410949594160854,-1.70832929091775
NRN1,-1.84614285714286,8.90492857142857,-3.47851429285956,0.00345134520008764,0.0410949594160854,-1.71057226618955
NCKIPSD,-0.619571428571429,6.45021428571429,-3.47837266466163,0.00345233999516119,0.0410949594160854,-1.7108377374645
IQSEC3,-0.597285714285715,6.82107142857143,-3.47760851597565,0.00345771232747,0.0411073959932885,-1.71227007132232
PTPRN2,-1.56057142857143,6.73285714285714,-3.47569593924052,0.00347119541218239,0.0411602581514653,-1.71585500405129
RAB9A,0.634142857142857,6.7265,3.4755840545646,0.003471985794234,0.0411602581514653,-1.71606471905391
CALB1,-2.21342857142857,5.32,-3.47486241610546,0.00347708796755131,0.0411602581514653,-1.71741734342617
SCAMP5,-1.48014285714286,9.36221428571429,-3.47419186309011,0.00348183568676701,0.0411602581514653,-1.7186742077004
FAM126B,-0.75,7.63471428571429,-3.47391126191713,0.00348382435559302,0.0411602581514653,-1.71920015614872
AMPH,-2.40628571428571,6.682,-3.47287382376957,0.00349118674522167,0.041182130506921,-1.72114468199982
ARHGAP20,-1.05485714285714,5.723,-3.47165571965966,0.00349985116683953,0.0411958937221917,-1.72342781983974
AP1S1,-1.04714285714286,7.29628571428571,-3.46808152768177,0.00352539907692855,0.0414452547422578,-1.73012693378027
CPLX1,-2.09228571428572,7.54071428571429,-3.46495477542582,0.00354790189667973,0.0414665986486151,-1.73598725034891
DHRS3,0.849285714285714,7.30235714285714,3.46444176951105,0.00355160764707032,0.0414665986486151,-1.73694873717781
SLC7A14,-1.54642857142857,6.98092857142857,-3.46402380508816,0.00355462972146826,0.0414665986486151,-1.7377320920681
VSTM2L,-1.64442857142857,6.84707142857143,-3.46371284740075,0.00355687975892259,0.0414665986486151,-1.73831489158646
AHSA2,1.17485714285714,7.52614285714286,3.46273647904402,0.00356395387154148,0.0414665986486151,-1.74014479923129
CIT,-1.38357142857143,7.96992857142857,-3.46175319169804,0.00357109235622977,0.0414665986486151,-1.74198765872781
CP,2.29371428571428,8.45285714285714,3.46057915846852,0.00357963437975297,0.0414665986486151,-1.74418798985429
GABRB3,-1.86914285714286,7.52814285714286,-3.46041856902053,0.00358080438531142,0.0414665986486151,-1.74448895907725
COX5A,-0.660285714285714,9.059,-3.45985966099902,0.00358487940486676,0.0414665986486151,-1.74553643495078
TOB1,0.609,8.48964285714286,3.4598580521953,0.00358489114141654,0.0414665986486151,-1.74553945007809
SLC7A2,0.827571428571428,7.65564285714286,3.459430220351,0.00358801362778891,0.0414665986486151,-1.7463412663477
CAPN2,0.68842857142857,9.0895,3.45938693018189,0.0035883297283042,0.0414665986486151,-1.74642239796223
OGDHL,-1.70885714285714,7.23657142857143,-3.45789609603587,0.00359923268576189,0.0415110388312382,-1.74921640275534
KIAA1107,-0.759714285714287,9.88814285714286,-3.45766640142317,0.00360091546446366,0.0415110388312382,-1.74964687506029
OXCT1,-1.11857142857143,7.57828571428571,-3.45704390048348,0.00360547996583155,0.0415132778126472,-1.75081350391884
BTBD2,-0.705142857142858,9.56428571428571,-3.45630712435842,0.00361088987999467,0.0415209988865954,-1.75219428719191
DISP2,-1.183,6.64364285714286,-3.45554415422286,0.0036165006957085,0.0415209988865954,-1.75362415035123
STAG2,0.588714285714285,8.24378571428571,3.45316081269521,0.00363408387103508,0.0415209988865954,-1.75809064444486
SLC6A1,-0.832142857142858,9.96407142857143,-3.45308354591921,0.00363465533930814,0.0415209988865954,-1.75823544431488
ITGAL,0.625999999999999,4.92428571428571,3.45303995861165,0.00363497775253309,0.0415209988865954,-1.75831712797146
PDZD4,-1.13114285714286,7.17,-3.45280068045004,0.00363674819177255,0.0415209988865954,-1.75876554035608
DGKI,-1.04671428571429,7.04278571428571,-3.4514324379835,0.00364688852913739,0.0415867876810036,-1.7613296359715
LY6H,-0.980000000000001,6.55828571428572,-3.45015372669013,0.00365639092059195,0.0416451527034808,-1.76372591851227
HRH3,-1.26628571428572,5.90328571428571,-3.44925529245827,0.00366308221052718,0.0416713987039493,-1.76540955035216
PLCL2,-1.24871428571429,6.23535714285714,-3.44694761770747,0.00368032537069875,0.0417675157661498,-1.76973397604837
ZNF521,0.784428571428571,7.1695,3.44558536075658,0.0036905423972006,0.0418188050706775,-1.77228670523665
TJP2,1.02585714285714,8.60207142857143,3.44517182097811,0.00369364958988298,0.0418188050706775,-1.77306162906874
TEX9,1.15885714285714,5.64514285714286,3.44428326102828,0.00370033477828096,0.0418446191177272,-1.77472667230164
DCAF17,0.684857142857143,7.69657142857143,3.44138537744375,0.00372222162809349,0.041924860289375,-1.7801568123885
AFF2,-1.44914285714286,6.39985714285714,-3.43710108219794,0.00375481723295831,0.041924860289375,-1.78818453971106
DGCR5,-1.077,6.56921428571429,-3.43663515089959,0.00375837929080643,0.041924860289375,-1.78905755868622
GLS2,-1.70171428571429,6.04057142857143,-3.43661573837233,0.00375852777347998,0.041924860289375,-1.78909393198531
DNM1,-2.63871428571429,8.64721428571429,-3.43543129726432,0.003767598449313,0.041924860289375,-1.79131320706842
GLRB,-1.79285714285714,7.33,-3.43460149499126,0.0037739662793324,0.041924860289375,-1.7928679812512
CAB39L,0.698571428571428,8.00471428571429,3.43412393009467,0.00377763595194502,0.041924860289375,-1.79376277275358
ATP1A3,-3.12514285714286,9.60228571428571,-3.43380061538064,0.0037801223721542,0.041924860289375,-1.79436854995805
FAM19A1,-2.15842857142857,5.78164285714286,-3.43352843056609,0.00378221685240007,0.041924860289375,-1.79487852609965
SLC8A2,-1.518,6.93985714285714,-3.43283019512027,0.00378759513230357,0.041924860289375,-1.79618676006961
CALY,-1.05814285714286,7.85364285714286,-3.43240308958414,0.00379088875830703,0.041924860289375,-1.79698699203165
CPNE6,-1.15485714285714,7.61742857142857,-3.43236376787563,0.00379119213183857,0.041924860289375,-1.79706066563173
SNX32,-1.09371428571429,5.67071428571429,-3.43086352404316,0.00380278492424669,0.041924860289375,-1.79987151418565
EPB41L3,-0.716142857142858,8.84878571428571,-3.43026197374222,0.00380744322281801,0.041924860289375,-1.80099856154739
BTG1,0.589142857142857,8.07842857142857,3.42922643615758,0.0038154756186758,0.041924860289375,-1.80293869613636
CLTB,-0.68557142857143,8.18421428571429,-3.42883973185126,0.0038184795291386,0.041924860289375,-1.80366320100546
SLC39A10,-1.15728571428572,8.1845,-3.42613417534145,0.00383956252012076,0.041924860289375,-1.80873206677239
CNTN4,-2.009,5.5835,-3.42522041463362,0.00384670925465984,0.041924860289375,-1.81044396149616
JPH4,-1.09257142857143,6.80642857142857,-3.424892134494,0.0038492800576111,0.041924860289375,-1.81105897669917
NECAB2,-1.385,5.92035714285714,-3.42456019515622,0.00385188126368189,0.041924860289375,-1.81168084466643
SORCS3,-1.05328571428571,6.50092857142857,-3.42452225053464,0.00385217872449607,0.041924860289375,-1.81175193142163
SRPX,1.21685714285714,7.10057142857143,3.42447922026133,0.00385251608127083,0.041924860289375,-1.81183254577056
KCNK2,-1.09742857142857,5.61357142857143,-3.42440735233554,0.00385307959075949,0.041924860289375,-1.81196718544298
HDLBP,0.666857142857142,5.24442857142857,3.42280465706867,0.00386566761291324,0.0420137032666623,-1.81496969461479
SPRYD3,-1.003,7.98721428571429,-3.42084915224514,0.00388108242890362,0.0420849337809994,-1.81863307929111
PPM1E,-1.24728571428571,5.8385,-3.41966512009557,0.00389044576146316,0.0420903693486771,-1.82085116545475
GPC4,1.04428571428571,5.84957142857143,3.41749420071129,0.00390767212889924,0.0421929388757163,-1.82491793135045
PRKACA,-0.646142857142858,8.03007142857143,-3.41687498014765,0.00391259964640184,0.0421929388757163,-1.82607789108649
NCDN,-1.13571428571429,9.52642857142857,-3.41658539435557,0.00391490619002007,0.0421929388757163,-1.82662035667086
IGSF11,0.592285714285714,8.66885714285714,3.41623565586414,0.00391769366126769,0.0421929388757163,-1.82727550031931
GPR22,-2.442,5.68914285714286,-3.41342536418428,0.00394016429996541,0.0421971428333516,-1.83253973616609
ARHGEF9,-1.18371428571429,9.09971428571429,-3.4129028407164,0.00394435650018176,0.0421971428333516,-1.83351850467787
SORBS1,0.702142857142857,9.80364285714286,3.41288746471719,0.00394447992918771,0.0421971428333516,-1.83354730623378
LMTK3,-0.750000000000001,6.48728571428571,-3.41285536238006,0.00394473763933216,0.0421971428333516,-1.83360743871339
CALB2,-1.96857142857143,5.45685714285714,-3.41165353538542,0.00395439775142674,0.0422054204952839,-1.83585862149919
DPP6,-0.993000000000001,9.10264285714286,-3.40950266883837,0.00397174518855652,0.0423087376263624,-1.83988738942776
FGF12,-1.93285714285714,7.53528571428571,-3.40934918443945,0.00397298599460104,0.0423087376263624,-1.84017487501686
TSPAN7,-1.27342857142857,10.3462857142857,-3.40788274381355,0.00398486062277094,0.0423876719548725,-1.84292157610265
UBE2N,-0.784857142857144,8.204,-3.40613452547355,0.00399906334253053,0.0424911663206907,-1.84619598364912
MOAP1,-1.28671428571429,7.6455,-3.40439584247723,0.00401323878688193,0.0425319977580038,-1.84945245042795
MAGEE1,-1.19014285714286,6.65492857142857,-3.40346894271799,0.00402081629505079,0.0425319977580038,-1.85118845418461
MYO16,-0.883000000000001,5.56564285714286,-3.40169622275418,0.00403534833074888,0.0426352900006182,-1.85450854129676
ATP8B1,0.672285714285713,5.689,3.40075978546608,0.00404304604024027,0.0426352900006182,-1.85626233857378
CACNA1C,-1.16614285714286,7.1285,-3.400638227064,0.0040440463512535,0.0426352900006182,-1.85648999623781
PSD,-1.59271428571429,6.03135714285714,-3.39955657809289,0.00405295820264777,0.0426405824107364,-1.85851571778959
KCNJ6,-1.93885714285714,5.86214285714286,-3.39884539057336,0.00405882846518676,0.0426405824107364,-1.85984761809601
MTUS2,-1.39585714285714,5.76207142857143,-3.39840059922133,0.00406250416693509,0.0426405824107364,-1.86068060880727
L1CAM,-2.32714285714286,6.47528571428572,-3.39573265430011,0.00408462166666841,0.0427653712681747,-1.86567693114245
SLC4A3,-1.12928571428572,7.5245,-3.3951747958548,0.00408926155224162,0.0427653712681747,-1.86672161986946
SASH1,0.723,8.7555,3.39312187978821,0.0041063817057815,0.0427668509729936,-1.87056599123724
FAM46A,1.19171428571429,5.56071428571429,3.39099592869313,0.00412418642079202,0.0427668509729936,-1.87454700106585
CDC14A,0.849285714285714,6.84235714285714,3.38850115153889,0.00414517842303833,0.0427668509729936,-1.87921849568652
F5,2.038,5.74114285714286,3.38833346643219,0.00414659321192839,0.0427668509729936,-1.8795324810032
VEZF1,0.759285714285713,8.32521428571429,3.38820836938832,0.00414764899199374,0.0427668509729936,-1.87976672090197
DLGAP1,-1.81485714285714,7.47571428571429,-3.38809698363307,0.00414858927907641,0.0427668509729936,-1.87997528648874
RGS4,-3.46028571428572,7.74271428571429,-3.38808976095385,0.00414865025824614,0.0427668509729936,-1.87998881066772
PLSCR1,0.967428571428572,6.24742857142857,3.38670465099081,0.00416036094245754,0.0427668509729936,-1.88258234468811
ELAVL4,-2.18771428571429,6.81014285714286,-3.38603927820253,0.00416599820388955,0.0427668509729936,-1.88382819396311
RAB3C,-2.86542857142857,7.48185714285714,-3.38514537979175,0.00417358362479893,0.0427668509729936,-1.88550191510907
GUCY1A2,-1.15814285714286,7.0315,-3.38335848479864,0.00418878819466179,0.042876399850315,-1.8888475950717
CSMD3,-0.980857142857143,6.62985714285714,-3.3824903911034,0.00419619470258812,0.0429059779116088,-1.89047292829642
RAB3A,-2.10442857142857,9.86264285714286,-3.38169652415304,0.00420297936424296,0.0429175846341234,-1.89195926605698
GPI,-1.04657142857143,9.63557142857143,-3.38130072773317,0.00420636606951983,0.0429175846341234,-1.89270029866993
CPNE5,-2.02071428571429,6.56721428571429,-3.37732367093992,0.00424054815195502,0.0431606716787373,-1.90014609535965
ADD2,-2.353,7.7635,-3.37694441650164,0.00424382222843885,0.0431606716787373,-1.9008561044015
C4orf50,-1.35471428571429,4.99435714285714,-3.37635745656091,0.0042488943893686,0.0431660404327404,-1.90195495347681
RPL41,-0.626428571428573,6.5165,-3.37423475233852,0.00426728813211736,0.043245107544253,-1.90592877947388
ADAMTS19,-0.689428571428572,5.14285714285714,-3.37333817490523,0.00427508105670488,0.043245107544253,-1.90760718034021
GNG5,0.906714285714285,7.74835714285714,3.37284221978784,0.00427939793158655,0.043245107544253,-1.90853560130753
SNCG,-1.35814285714286,6.99107142857143,-3.37263928391249,0.00428116557345641,0.043245107544253,-1.90891549205075
IL12RB2,-1.30685714285714,4.93414285714286,-3.37244609542714,0.00428284898954402,0.043245107544253,-1.90927713466235
GAD1,-1.79571428571429,6.16971428571429,-3.3711828827928,0.00429387274113972,0.0432529132217245,-1.91164179737495
ZNF621,0.637142857142856,7.06828571428572,3.36806786415048,0.0043211779750501,0.0433752561558684,-1.9174727076331
MSN,0.807142857142857,9.21442857142857,3.36798745169162,0.00432188513494376,0.0433752561558684,-1.91762322496437
CLK1,1.07485714285714,9.25314285714286,3.36791268234603,0.00432254277206414,0.0433752561558684,-1.91776317922816
SLC7A10,-0.857,5.3225,-3.36771484354745,0.00432428335399594,0.0433752561558684,-1.91813349562599
GABRG2,-3.77514285714286,8.25314285714286,-3.36658457391882,0.00433424087083079,0.0434292764050861,-1.92024911859339
SLC4A10,-2.66942857142857,7.55257142857143,-3.36295777038085,0.00436634732568031,0.0434368296686887,-1.92703742162419
SORCS1,-1.45957142857143,6.01778571428571,-3.3615161113784,0.00437917552415521,0.0434368296686887,-1.92973565327113
ARHGEF6,0.583857142857143,7.65492857142857,3.36120379153534,0.00438195956852871,0.0434368296686887,-1.93032018635069
PAPOLA,0.614999999999999,10.1196428571429,3.36015451392304,0.00439132585796085,0.0434368296686887,-1.9322839731192
KCNC4,-0.907285714285715,6.25207142857143,-3.35937194139228,0.00439832443301522,0.0434368296686887,-1.93374857965587
SEMA4F,-0.957285714285714,6.38378571428572,-3.35869161363312,0.00440441767409861,0.0434368296686887,-1.9350218144542
SLC2A13,-1.43271428571429,7.20707142857143,-3.35835835681205,0.00440740550615972,0.0434368296686887,-1.93564549922912
SYT3,-1.48742857142857,6.32742857142857,-3.35735389569938,0.00441642329892166,0.0434368296686887,-1.93752530787385
R3HDM1,-1.16471428571429,8.79492857142857,-3.35694070300473,0.00442013817944667,0.0434368296686887,-1.93829857084944
NAP1L5,-1.33471428571429,6.96007142857143,-3.35587401195176,0.00442974287311352,0.0434368296686887,-1.94029478446403
GABRA1,-3.77757142857143,7.62507142857143,-3.35427217083574,0.00444420529713918,0.0434368296686887,-1.9432924040502
PDE10A,-0.906142857142858,6.1525,-3.35425196531986,0.00444438802577689,0.0434368296686887,-1.94333021522179
VSTM2B,-0.702857142857143,8.32557142857143,-3.35285070908299,0.00445707859552546,0.0434368296686887,-1.94595239026535
CKB,-0.653571428571428,10.8312142857143,-3.35169139989489,0.00446760528332549,0.0434368296686887,-1.94812175419204
C4orf22,0.744857142857143,4.11457142857143,3.35107205765097,0.00447323915911754,0.043447135759159,-1.94928068141977
SYT1,-3.22657142857143,9.38671428571429,-3.3473429804995,0.00450731102602004,0.0436968167889124,-1.95625831067125
RUNX1T1,-1.03171428571429,7.07785714285714,-3.34725192986471,0.00450814616834763,0.0436968167889124,-1.95642867267112
SRGAP1,0.622571428571428,7.49457142857143,3.34625735785404,0.00451727872464245,0.0437407039810179,-1.95828956471538
NDRG4,-1.66914285714286,9.46085714285714,-3.34530039716665,0.00452608334051058,0.0437622851130201,-1.96008004842572
EMP1,1.50671428571429,7.59592857142857,3.3450140126391,0.00452872157765015,0.0437622851130201,-1.96061587010802
EVI5L,-0.593142857142857,7.01457142857143,-3.34051431378289,0.0045703757598907,0.0439412948817831,-1.96903432967569
CYP20A1,0.637571428571429,6.34078571428571,3.33976480821178,0.00457735104364991,0.0439638600238933,-1.97043649811064
FAM189A2,0.806428571428571,7.43435714285714,3.33920614185464,0.00458255718527971,0.0439694047504768,-1.97148163177163
RAPGEFL1,-1.72385714285714,7.10107142857143,-3.33709783502179,0.00460225748197519,0.0440899320799765,-1.97542566732919
DCX,-1.129,5.65564285714286,-3.33658623603828,0.0046070506505595,0.0440899320799765,-1.97638269505655
EPHA3,-0.603714285714286,5.13571428571429,-3.33598217735379,0.00461271648310341,0.0440899320799765,-1.97751266990076
KCNC2,-3.13314285714286,6.95671428571429,-3.33485241283188,0.00462333188663296,0.0441377181820367,-1.97962601030561
MYO5A,-0.875142857142857,9.21228571428571,-3.33061728744561,0.00466334290543733,0.0441655430736979,-1.9875477839488
DNAJC5,-0.590428571428572,7.36935714285714,-3.33056518810378,0.00466383725351226,0.0441655430736979,-1.98764523082943
PARM1,-1.84571428571429,7.567,-3.33051737015078,0.00466429102332837,0.0441655430736979,-1.98773466967923
SERPINI2,1.17685714285714,4.63,3.33047062663541,0.00466473463978379,0.0441655430736979,-1.98782209880601
HEATR5A,0.703285714285714,7.8085,3.32967243060961,0.00467231636551815,0.0441655430736979,-1.98931503162674
RASGRP1,-2.07257142857143,7.28985714285714,-3.32921128936258,0.00467670214870352,0.0441655430736979,-1.9901775306301
AHR,0.857999999999999,8.40742857142857,3.32844126057988,0.00468403482417312,0.0441843563007155,-1.99161774001058
ATXN7L3,-1.052,7.031,-3.32747416391595,0.00469326033742981,0.0442274602631406,-1.99342649660979
FAM69B,-0.963428571428572,6.90671428571429,-3.32551099210875,0.00471204354483681,0.0443604575147719,-1.99709808715733
LIMK1,-1.705,7.95992857142857,-3.32290316074874,0.00473711065175523,0.0445522911693296,-2.00197508901439
KCNAB2,-2.18771428571429,8.00814285714286,-3.32193976654346,0.00474640461448762,0.0445955464223718,-2.00377669452532
PCSK2,-2.24357142857143,7.22921428571429,-3.32086287339429,0.00475681502676401,0.0445992923183635,-2.00579050258266
HOOK1,-1.726,4.82842857142857,-3.32058090697829,0.00475954457608304,0.0445992923183635,-2.0063177761719
APOC1,0.941857142857143,6.18021428571429,3.32044210917929,0.00476088876837778,0.0445992923183635,-2.00657732501359
MTHFD2L,0.586714285714285,6.43907142857143,3.31709814042194,0.00479338816247353,0.0448153485780866,-2.01283021934997
PLPPR5,-1.55614285714286,6.97435714285714,-3.31359782919602,0.00482764386694486,0.0449519661061049,-2.01937493084506
CDC42EP4,0.705285714285714,7.21221428571429,3.31318887112356,0.00483166200593043,0.0449519661061049,-2.02013954511633
RAB26,-0.929857142857144,6.57678571428571,-3.31232967068284,0.00484011477290079,0.0449865462111395,-2.02174593697872
ULK1,-0.634714285714287,7.22335714285714,-3.30935675387001,0.00486947601375569,0.0451269781996735,-2.0273039512741
SNAP91,-1.96457142857143,9.37285714285714,-3.30555944477909,0.00490723736060677,0.0453001435261455,-2.03440262036988
MICU3,-0.741714285714287,7.61014285714286,-3.30420481025043,0.00492077864141892,0.0453370284334029,-2.03693480554436
B3GALNT1,-0.887,6.29364285714286,-3.30257735451353,0.00493709634073915,0.0453906097937912,-2.03997685545487
DMTN,-1.84071428571429,8.1335,-3.30230328245352,0.00493984962414913,0.0453906097937912,-2.04048914035327
ELAVL2,-2.36928571428571,6.4335,-3.30219581650138,0.00494092962699022,0.0453906097937912,-2.0406900105919
PLD3,-0.742428571428573,9.83835714285714,-3.30163145916748,0.00494660512228753,0.0453988425667722,-2.04174487150887
RIT2,-1.433,5.06778571428571,-3.30006754200544,0.00496236670372005,0.0454556618308937,-2.04466796759585
FAM227A,0.996714285714285,7.03707142857143,3.29830204456166,0.00498021997525883,0.0455038824630599,-2.04796769497823
GRM1,-1.60742857142857,5.49314285714286,-3.29715241710146,0.00499187974572734,0.0455038824630599,-2.05011627682315
MAP7D2,-2.31671428571429,6.27507142857143,-3.29534821413009,0.00501023319222104,0.0455038824630599,-2.05348809110966
TMEM108,-0.731142857142858,6.01671428571429,-3.29349522668657,0.00502915284650057,0.0455038824630599,-2.05695091285389
TTC33,-0.587142857142858,6.28028571428571,-3.2933772348771,0.00503035999065147,0.0455038824630599,-2.05717140765978
LHFPL2,0.632428571428571,7.02435714285714,3.29248217742822,0.00503952649496189,0.0455038824630599,-2.05884400597742
SPOCK2,-1.05414285714286,8.75335714285714,-3.29207645111177,0.00504368711440392,0.0455038824630599,-2.05960217583574
FAM196A,-0.715857142857143,4.61964285714286,-3.29137045274648,0.00505093510145683,0.0455038824630599,-2.06092143671198
ZFP36L1,0.932714285714285,9.12221428571429,3.29109547391617,0.00505376092025869,0.0455038824630599,-2.06143526810581
KANSL1L,0.960142857142857,6.88921428571429,3.2904770478588,0.00506012192476481,0.0455038824630599,-2.06259085878929
MAOB,1.03014285714286,8.5465,3.29016937658809,0.00506328953738689,0.0455038824630599,-2.06316576616072
ZNF804B,-1.41428571428571,4.65957142857143,-3.29008825845219,0.00506412501348266,0.0455038824630599,-2.06331734083986
CACNA1I,-1.34128571428571,5.63021428571429,-3.28941586955373,0.00507105556747279,0.0455038824630599,-2.06457373204998
TAC3,-0.707428571428572,4.80371428571429,-3.28922550613967,0.0050730194260849,0.0455038824630599,-2.06492943122964
SST,-1.46871428571429,5.24664285714286,-3.28821022360644,0.00508350624624823,0.0455119941876644,-2.06682648360318
COL19A1,-0.623714285714287,4.20585714285714,-3.28311482286679,0.00513646327222204,0.0458068989595547,-2.07634644323881
CDH13,-1.93185714285714,7.35964285714286,-3.28272308016825,0.00514055735244608,0.0458068989595547,-2.077078298802
SYTL2,-0.790000000000001,6.77571428571429,-3.2817008133614,0.00515125630566801,0.0458087271691537,-2.07898806556994
TLN1,0.594142857142856,8.38178571428571,3.28069729707995,0.00516178057236253,0.0458087271691537,-2.08086275110591
KIFAP3,-0.869142857142857,9.16942857142857,-3.27943275164119,0.00517507282962109,0.0458087271691537,-2.08322499576181
DCDC1,0.947571428571429,3.66478571428571,3.27942671147832,0.00517513640240678,0.0458087271691537,-2.08323627894033
MID1IP1,0.977571428571428,9.79235714285714,3.27903507558561,0.00517926003404669,0.0458087271691537,-2.08396786076272
SULT4A1,-2.64528571428572,6.91264285714286,-3.27246179150796,0.0052489617677826,0.0461065179486419,-2.09624566034066
NPC2,0.746857142857142,9.43671428571429,3.2717217156437,0.00525686759998817,0.0461080196974032,-2.09762785601194
PNMA3,-1.09757142857143,6.10178571428572,-3.26852569655481,0.00529114521334496,0.0462224351839467,-2.10359653442476
FANK1,0.603714285714285,4.781,3.26548720432792,0.00532393947117748,0.0462572749802345,-2.1092705148276
FAS,0.748285714285714,6.35942857142857,3.26496395030606,0.00532960728963667,0.0462572749802345,-2.11024757145839
DGKH,-0.793285714285714,6.44992857142857,-3.26492080172659,0.0053300749371094,0.0462572749802345,-2.11032814084602
TMEM14A,-0.631428571428571,8.235,-3.26484228763876,0.00533092598325729,0.0462572749802345,-2.1104747463839
IGFBP5,0.953,9.46021428571428,3.26408713417642,0.00533911830314776,0.0462739824467159,-2.11188479047721
GDAP1L1,-1.30357142857143,5.53035714285714,-3.26173367564642,0.00536473031765389,0.0463724396689074,-2.11627903422464
IGSF21,-1.22614285714286,7.98592857142857,-3.26161692328234,0.00536600407643596,0.0463724396689074,-2.11649701962749
TMEM47,0.708714285714286,10.0676428571429,3.25951185466664,0.00538902186900544,0.046458237394041,-2.12042721042475
MAGI1,-0.603428571428573,8.63771428571429,-3.25587269210201,0.0054290459636448,0.046660910102169,-2.1272209900684
FAM189A1,-0.966285714285715,5.43028571428572,-3.25500318919541,0.00543865255856366,0.046668257139834,-2.12884411316116
TMEM266,-0.636857142857142,4.84771428571429,-3.25279737532692,0.00546309910523561,0.0467208502289683,-2.13296156886541
DOCK7,0.733857142857141,8.0435,3.25267525807673,0.00546445569053414,0.0467208502289683,-2.13318950943385
TRIM5,0.856714285714286,5.52507142857143,3.25133723708357,0.00547934155304789,0.0467737918387501,-2.13568696514875
ANKRD30BL,-0.721714285714287,5.46485714285714,-3.25123363146859,0.00548049587498988,0.0467737918387501,-2.13588034379895
CYP4X1,-1.93314285714286,6.134,-3.24777047527368,0.00551922002600167,0.0470197946430403,-2.14234392671843
VDAC3,-0.695,9.61578571428571,-3.24589184093387,0.00554034010304489,0.0471574288878346,-2.14584988980327
HEG1,0.787428571428572,8.05371428571429,3.24508467118523,0.00554943915920976,0.047192589591167,-2.14735619037614
YWHAH,-1.285,9.97221428571429,-3.24392150149604,0.00556257745571264,0.0472197705556876,-2.14952677309028
SLCO3A1,0.667285714285714,9.5395,3.24213902873081,0.00558277094184634,0.0472223875125542,-2.15285287760684
MICA,0.743571428571429,4.80878571428571,3.23748550294082,0.0056358343390668,0.0474549319808436,-2.16153548997417
NECAP1,-1.09557142857143,9.40892857142857,-3.23729010932194,0.00563807330998007,0.0474549319808436,-2.16190002957939
OTOGL,-0.588285714285714,3.09585714285714,-3.23705226444652,0.00564079991278781,0.0474549319808436,-2.16234376601437
ST8SIA3,-2.06514285714286,7.03142857142857,-3.23662583703498,0.00564569166582748,0.0474549319808436,-2.1631393237859
SLC6A7,-1.69271428571429,5.46678571428571,-3.23591210971409,0.00565388860600778,0.0474549319808436,-2.16447085355116
LDLRAD3,0.722285714285714,8.38685714285714,3.23540637439065,0.00565970397785026,0.0474549319808436,-2.16541433468132
VWC2L,-1.44285714285714,4.22614285714286,-3.23530052188667,0.00566092191117745,0.0474549319808436,-2.16561180723053
CNTNAP2,-1.32942857142857,7.76271428571429,-3.23484621759005,0.00566615206997123,0.0474549319808436,-2.16645932432537
LMO7,-1.35885714285714,6.373,-3.23271397025737,0.00569076368540019,0.0474662809086409,-2.17043692146186
TMEM145,-0.846000000000001,7.10228571428571,-3.23219533309563,0.00569676613045383,0.0474662809086409,-2.17140437008716
EPHA4,-1.83785714285714,8.19478571428572,-3.23098436877336,0.00571080571727047,0.0474662809086409,-2.17366319837788
COLEC12,0.961285714285714,7.2125,3.23034049246931,0.00571828463143454,0.0474662809086409,-2.17486419273834
SYTL4,1.30357142857143,6.21335714285714,3.23026765301453,0.005719131306903,0.0474662809086409,-2.17500005537669
SYT16,-1.83214285714286,6.13321428571429,-3.23009713983043,0.00572111381487621,0.0474662809086409,-2.17531810110393
C1QTNF4,-0.957571428571429,6.6685,-3.23006064406844,0.00572153822932875,0.0474662809086409,-2.17538617373582
VSTM2A,-2.07385714285714,7.35964285714286,-3.22869065007575,0.00573749272634532,0.0474949265451107,-2.17794145432268
PTPRT,-2.08357142857143,6.67335714285714,-3.22837994755012,0.00574111720778469,0.0474949265451107,-2.17852095311457
KALRN,-1.49285714285714,7.84071428571429,-3.22769373697996,0.00574913021493263,0.0474949265451107,-2.17980079968731
PAK1,-1.88614285714286,8.68678571428571,-3.22762006919666,0.00574999110715626,0.0474949265451107,-2.17993819520949
EHD3,-0.986285714285716,8.27571428571429,-3.22524272690945,0.00577784190550453,0.0475240519605828,-2.18437192063003
DRP2,-1.70257142857143,6.83714285714286,-3.2212543889943,0.00582486687699142,0.0476328240025811,-2.19180933873986
CACNA2D2,-1.15842857142857,5.84707142857143,-3.21963313969953,0.00584409086976485,0.0476510730410389,-2.19483234055518
NWD2,-1.30442857142857,4.76292857142857,-3.21962887694886,0.00584414149834828,0.0476510730410389,-2.19484028871142
FAM212B,-0.782857142857144,5.05842857142857,-3.21687731770642,0.00587691272397366,0.0477573700137819,-2.1999704928207
SYT4,-2.72371428571429,7.30157142857143,-3.2160015343315,0.00588738157842096,0.0477573700137819,-2.20160326326828
SPARC,1.22142857142857,11.1884285714286,3.21558563794258,0.00589235956152627,0.0477573700137819,-2.20237862400291
HGF,0.995428571428572,5.261,3.21415275625617,0.00590954215026149,0.0477573700137819,-2.2050498765278
PCDH7,-1.14514285714286,6.41485714285714,-3.2133934295927,0.00591866786848782,0.0477573700137819,-2.20646539834252
JUN,0.834857142857144,8.044,3.21317223214415,0.00592132888738022,0.0477573700137819,-2.20687774316086
ENO2,-1.295,9.6025,-3.21265424703014,0.00592756492749224,0.0477573700137819,-2.20784333159001
FUNDC1,-0.636857142857144,7.06528571428571,-3.21137700787636,0.0059429695201743,0.047819804487877,-2.21022418816538
GREM2,-1.07228571428571,5.35028571428572,-3.21091018483549,0.00594860971376255,0.047819804487877,-2.21109434971609
TIPRL,-0.629142857142859,7.43385714285714,-3.21068757209858,0.00595130120927884,0.047819804487877,-2.21150929640653
SSPN,0.671285714285715,7.43421428571429,3.21034454290867,0.00595545096422345,0.047819804487877,-2.212148691077
TCEA2,-0.68757142857143,8.3375,-3.20876317735407,0.0059746185121707,0.0478927436684468,-2.21509620140171
STAT4,-2.116,5.59085714285714,-3.20777786773218,0.00598659228014846,0.0479482631274285,-2.21693263776056
KCNC1,-1.65928571428572,7.77235714285714,-3.2048010842554,0.00602291185526468,0.0480902144560875,-2.22248042117603
LY86,0.873142857142857,5.02071428571429,3.20065864082188,0.00607381767361671,0.0483101354104466,-2.23019963041869
CPNE4,-2.72828571428572,6.55,-3.20000464608581,0.00608189343317225,0.0483101354104466,-2.23141820584624
HSPA5,0.750285714285713,10.4234285714286,3.19994487317881,0.00608263206136374,0.0483101354104466,-2.23152957805885
PPP2R1A,-0.725714285714286,9.40785714285714,-3.19867538388248,0.00609834047903803,0.0483140283587511,-2.23389490341545
EPB41L4B,-1.298,6.53642857142857,-3.19867212283253,0.00609838088242369,0.0483140283587511,-2.23390097929431
FCGR2A,1.43228571428571,5.932,3.19681957348314,0.00612137636398876,0.0484154488605572,-2.23735246862799
TTLL4,0.589571428571428,7.86735714285714,3.19604468073109,0.00613102051297382,0.0484513842368871,-2.23879610290817
SV2A,-1.636,8.99471428571429,-3.19472253490461,0.0061475104642863,0.0485336498388916,-2.24125917988557
CACNB4,-1.36571428571429,7.564,-3.19391466672872,0.0061576079310328,0.0485336498388916,-2.24276412910551
PREP,-0.648142857142858,6.16407142857143,-3.1938685082203,0.00615818535833893,0.0485336498388916,-2.24285011479294
CSMD1,-1.43271428571429,6.76792857142857,-3.19090501661912,0.0061953702595844,0.0485960545795146,-2.24837029849671
GMPR,1.27028571428571,7.62614285714286,3.19045212337028,0.00620107259467154,0.0486006506409117,-2.24921386180807
DUSP26,-0.788142857142857,7.45021428571429,-3.1894882465908,0.00621322600635557,0.0486557574891769,-2.25100913973791
GALNTL6,-0.975428571428571,4.23057142857143,-3.18737103504372,0.00624000467026076,0.0488019941097256,-2.25495234125804
DUSP16,0.66657142857143,7.62357142857143,3.1871998154251,0.00624217526511386,0.0488019941097256,-2.25527121537814
RNF112,-0.810428571428572,4.66278571428572,-3.1844669740269,0.00627692170238042,0.048922887852271,-2.26036049105501
PHKG1,0.639285714285714,5.27907142857143,3.18394983374702,0.00628351837520887,0.048922887852271,-2.26132348318209
CEP170B,-1.103,7.69678571428571,-3.18334863270849,0.00629119597262025,0.048922887852271,-2.2624429847427
WASF1,-0.830428571428572,8.75335714285714,-3.18315342924553,0.00629369080487158,0.048922887852271,-2.26280646916542
CBLN2,-1.84857142857143,6.96357142857143,-3.18131590536533,0.00631722372766028,0.0490103799529425,-2.266227950242
GABRA4,-2.30714285714286,6.05842857142857,-3.18066471454769,0.00632558435859643,0.0490103799529425,-2.26744041292692
SLC3A2,0.634714285714285,9.36992857142857,3.17848334240873,0.00635367096148532,0.0490898798889569,-2.27150171990883
SYNPR,-3.267,6.71421428571429,-3.17823372982413,0.00635689275948057,0.0490898798889569,-2.27196642969788
PRKAA2,-0.950571428571429,7.34142857142857,-3.17810001974558,0.00635861924736184,0.0490898798889569,-2.27221535910988
FLRT3,-1.107,6.68335714285714,-3.17681581270704,0.00637522483913477,0.0491145667047374,-2.27460611361412
GNB5,-0.994857142857143,6.55442857142857,-3.17536670931526,0.00639401426186904,0.049179547751817,-2.27730370306042
NAV3,-0.664285714285715,8.25471428571429,-3.17434594156099,0.0064072827188823,0.0492417302157467,-2.2792038279536
CDK14,-1.21114285714286,7.97742857142857,-3.17285498114552,0.00642671202900263,0.0492735752649802,-2.28197906187934
FAM153C,-1.90185714285714,6.11935714285714,-3.17280278140549,0.006427393321832,0.0492735752649802,-2.28207622208878
NIPAL2,-1.88171428571429,7.177,-3.17164292864914,0.00644254979251557,0.0492735752649802,-2.28423502215775
ASIC2,-1.28157142857143,4.46078571428571,-3.17082688102667,0.00645323478160011,0.0492811259360837,-2.28575384756764
CLVS2,-1.84657142857143,7.243,-3.17031491536842,0.00645994720974226,0.0492811259360837,-2.28670669108226
TTC7B,-0.807285714285715,8.57707142857143,-3.16935433445199,0.00647256014643542,0.0492870698748027,-2.2884944206229
TNFSF13B,0.632142857142857,5.14678571428572,3.16807822816658,0.00648935384580412,0.0492870698748027,-2.29086926457197
AK5,-0.885000000000001,9.97721428571429,-3.16776027105335,0.00649354491059155,0.0492870698748027,-2.29146096617722
CFAP70,0.648571428571428,5.31957142857143,3.16772349182869,0.00649402987890473,0.0492870698748027,-2.29152940990341
DOCK2,0.649428571428571,5.74,3.16578996457745,0.00651957583051502,0.049321563464631,-2.2951274331696
PHYHIP,-2.24685714285714,7.56328571428572,-3.16534886584,0.00652541760299419,0.049321563464631,-2.29594821636653
KCNT1,-1.89285714285714,6.823,-3.16368667269981,0.00654747779017788,0.049321563464631,-2.29904104194844
RAP1GAP,-1.62185714285714,7.40464285714286,-3.16291690812744,0.00655771891501679,0.0493595657478166,-2.3004732634197
CNNM1,-1.75314285714286,6.86471428571429,-3.16005605470842,0.00659591962711461,0.0495897515009488,-2.30579575925529
PLXNC1,-0.672428571428572,6.61935714285714,-3.1594558477586,0.006603962064291,0.0495897515009488,-2.30691233861901
MYOF,1.12185714285714,7.08278571428571,3.15845579749823,0.00661738375632366,0.0496120981068023,-2.30877269411238
BEGAIN,-0.877857142857143,5.09464285714286,-3.15756836410907,0.00662931663713859,0.0496249745981815,-2.31042348771703
LRP8,-0.895571428571429,7.74092857142857,-3.15716166911936,0.00663479238358147,0.0496249745981815,-2.31117999669075
CRISPLD1,1.18428571428571,6.36657142857143,3.15661978193062,0.00664209532025805,0.0496249745981815,-2.31218796184052
PRKCB,-1.74757142857143,8.23421428571429,-3.15570891659422,0.0066543888639168,0.0496249745981815,-2.31388221213376
LNX1,-2.00442857142857,5.98592857142857,-3.15502413689892,0.00666364586543408,0.0496249745981815,-2.31515589028211
SLC9A7,-1.21571428571429,6.58885714285714,-3.15500826498709,0.00666386057654836,0.0496249745981815,-2.31518541132242
LHFPL4,-1.04757142857143,6.48292857142857,-3.15445533663333,0.00667134472615161,0.0496249832057276,-2.3162138207941
CLSTN1,-0.787857142857144,9.33992857142857,-3.15370257945169,0.00668154703508963,0.0496619837921099,-2.31761385982512
CACNA2D1,-0.769285714285715,8.23978571428571,-3.15282928318842,0.00669340240025058,0.0496934048407202,-2.31923803137118
FBXW7,-1.58071428571429,7.76107142857143,-3.15261303544843,0.00669634127052263,0.0496934048407202,-2.31964020338425
SNAP25,-2.57885714285714,9.76328571428571,-3.15103911000322,0.00671776990483696,0.0497366300280953,-2.32256723831522
RNF157,-0.96,9.48642857142857,-3.14932351512266,0.00674120467615154,0.0498141042718604,-2.32575751267917
ATP13A2,-0.820000000000001,8.60314285714286,-3.14895327198436,0.00674627275101157,0.0498141042718604,-2.3264459761966
RAB9B,-0.874142857142857,5.86078571428571,-3.14868058589724,0.00675000782775473,0.0498141042718604,-2.32695302633559
BASP1,-1.57,9.66028571428572,-3.14846498202404,0.00675296247864912,0.0498141042718604,-2.32735392991503
PLEKHA7,1.03557142857143,6.6375,3.14835612010979,0.00675445481652345,0.0498141042718604,-2.32755635126487
IL17RB,1.10842857142857,7.44435714285714,3.14668291319363,0.00677743315512456,0.0498674186990923,-2.33066744683217
CCSER1,-1.20085714285714,5.754,-3.14583632280943,0.00678908894109167,0.0498851696704558,-2.33224147837949
ATP2B1,-1.39614285714286,9.15578571428571,-3.1449833863217,0.00680085216583221,0.0498851696704558,-2.33382725067537
B4GALNT1,-1.53414285714286,6.59607142857143,-3.1437931874802,0.00681730044989102,0.0499486283343249,-2.33603996020804
SCN8A,-2.02071428571429,7.34864285714286,-3.1431939707451,0.00682559638841862,0.0499486283343249,-2.33715392615956
ARRDC4,1.80642857142857,8.71721428571429,3.14228591682776,0.00683818711344014,0.0499486283343249,-2.3388419763179
STMN2,-2.773,9.26264285714286,-3.1418339914351,0.00684446190069458,0.0499486283343249,-2.33968206968066
IKZF1,0.604142857142857,4.6045,3.14129724219641,0.0068519218338158,0.0499486283343249,-2.34067982224136
LAMA1,0.870571428571428,5.56514285714286,3.14112594587125,0.00685430426488472,0.0499486283343249,-2.34099823665891
MLIP,-1.35871428571429,6.5605,-3.14094453761109,0.0068568282290725,0.0499486283343249,-2.34133544505368
CHSY3,-0.990428571428571,4.69607142857143,-3.13836586552328,0.00689280535513732,0.0501215787275504,-2.34612848542647
CNIH3,-1.31342857142857,5.08385714285714,-3.13803034282986,0.00689750021503163,0.0501215787275504,-2.34675208952809
SUB1,-0.653428571428574,8.54785714285714,-3.13773207120323,0.00690167648969744,0.0501215787275504,-2.34730645084694
DTNA,0.608285714285714,10.069,3.13637881839742,0.00692065562040993,0.0501826776628045,-2.34982148578534
INA,-3.32828571428572,8.20971428571429,-3.13486347484712,0.006941969341527,0.0502795399996598,-2.35263758861768
TULP3,0.669857142857142,7.8265,3.13447517002474,0.0069474414005009,0.0502795399996598,-2.35335918070617
RNF217,0.722285714285714,7.107,3.13430128129366,0.00694989325397972,0.0502795399996598,-2.35368231642382
GABRA3,-1.80157142857143,7.35364285714286,-3.13149606813117,0.00698956563049315,0.0503386893833661,-2.3588948685962
C1orf216,-0.65257142857143,5.76942857142857,-3.13086006874659,0.00699859128152864,0.0503386893833661,-2.36007656973682
LRFN5,-1.69271428571429,6.5345,-3.13024028463024,0.00700739790922662,0.0503386893833661,-2.3612281099239
MICAL2,-1.88214285714286,7.60592857142857,-3.12923808231374,0.00702166158889989,0.0503386893833661,-2.36309010331812
CHST6,0.788,7.38757142857143,3.12759401338692,0.00704512275550468,0.0504687941587775,-2.36614443852805
RIPK1,0.608428571428571,6.57264285714286,3.12526653795697,0.00707846889460486,0.0506694619667306,-2.37046800857498
P4HA1,1.27128571428571,7.85721428571429,3.12425581319648,0.00709299829065766,0.0506996169006196,-2.37234540994639
AGBL4,-1.21385714285714,6.28078571428572,-3.12423093907447,0.00709335623338493,0.0506996169006196,-2.37239161204095
CACNA1E,-1.96057142857143,6.28342857142857,-3.12353681690798,0.0071033519740221,0.0507192808726421,-2.37368087837145
CH25H,1.35614285714286,5.80492857142857,3.12306298691881,0.00711018338515575,0.0507192808726421,-2.37456094914888
ARHGAP17,0.696857142857142,7.86942857142857,3.12260256816043,0.00711682766460373,0.0507192808726421,-2.37541609209219
SEMA6B,-1.04371428571429,6.70714285714286,-3.12239386905166,0.00711984141273837,0.0507192808726421,-2.37580370622032
CISD1,-0.993857142857143,7.56164285714286,-3.12057686612196,0.00714613347463543,0.0508149921498338,-2.37917824398601
TFEC,0.645285714285714,4.90492857142857,3.12017403959188,0.00715197537021069,0.0508149921498338,-2.37992633492418
LRP10,0.676714285714286,7.98264285714286,3.11978347769922,0.00715764390951444,0.0508149921498338,-2.38065163578569
ZNF385D,-1.57571428571429,6.73957142857143,-3.11916672046899,0.00716660445194713,0.0508406091777788,-2.38179697044573
PNMAL1,-1.01028571428572,7.00028571428571,-3.11859178312245,0.00717496740375765,0.0508619517673835,-2.3828646148367
ASH2L,-0.590857142857143,8.72885714285714,-3.11719059464671,0.00719538931457884,0.0509686824005849,-2.38546646707128
SDF2L1,0.582857142857142,5.48957142857143,3.11636952117567,0.00720738291309365,0.0509791806851747,-2.3869910305412
HPCAL1,-0.740428571428572,7.89635714285714,-3.11635433169195,0.00720760497528051,0.0509791806851747,-2.38701923371522
RALGDS,0.657285714285712,9.1015,3.11313942895599,0.00725475768466953,0.0511306247533535,-2.39298807188951
RCN1,0.804714285714285,7.18964285714286,3.11305974099302,0.00725593032608912,0.0511306247533535,-2.39313601029198
MTFR1,0.644142857142856,7.07078571428571,3.11173950166677,0.00727538548367539,0.0511685362069469,-2.39558691517846
MDH1,-1.27857142857143,7.786,-3.11158677964143,0.00727763933294137,0.0511685362069469,-2.39587041989487
BRINP3,-0.809142857142858,6.38642857142857,-3.11123339060247,0.00728285724305635,0.0511685362069469,-2.39652642385979
MAL2,-3.08757142857143,8.2295,-3.11017889508372,0.00729844921996316,0.051195423790607,-2.39848384185162
SLIT3,-1.24242857142857,6.79464285714286,-3.10861720089988,0.00732160136793539,0.051195423790607,-2.40138257153825
IQGAP2,0.648428571428571,4.99835714285714,3.10804197057568,0.00733014744873657,0.051195423790607,-2.40245022740343
KCND2,-1.25014285714286,7.24521428571429,-3.10740183052792,0.00733966947057194,0.051195423790607,-2.40363832428029
BDH1,-0.824857142857144,6.13185714285714,-3.10698486206396,0.0073458784099612,0.051195423790607,-2.40441219610969
CLSTN3,-1.75557142857143,7.30764285714286,-3.10681417923035,0.00734842148855687,0.051195423790607,-2.40472897011423
SPIRE2,-0.617,6.57192857142857,-3.10631660809181,0.00735583998587409,0.051195423790607,-2.40565240842054
KLC2,-0.835285714285716,7.90192857142857,-3.10572860114269,0.00736461637020418,0.0512126580531255,-2.40674365727948
KIF5A,-1.20014285714286,10.2452142857143,-3.10531849427432,0.00737074360515266,0.0512131474542421,-2.40750473310527
ADGRL3,-0.794142857142858,8.91021428571429,-3.1050024050888,0.00737546959863176,0.0512131474542421,-2.40809132073977
MYO5C,0.865571428571428,5.65907142857143,3.10449357141037,0.00738308369352783,0.0512285697624696,-2.40903557825741
DIRAS2,-2.163,8.90164285714286,-3.10279687835205,0.0074085288740076,0.0513301355026974,-2.41218401282293
VCAN,0.895142857142855,9.217,3.09966957400287,0.00745565606712683,0.0514169567663668,-2.41798645107132
KRCC1,0.660714285714285,6.25021428571429,3.09961229960401,0.00745652192487547,0.0514169567663668,-2.41809271040789
KIAA1324,-1.36071428571429,6.84121428571429,-3.0992909171041,0.00746138233529209,0.0514169567663668,-2.41868895541017
NSG1,-1.859,6.05335714285714,-3.09895830993827,0.00746641579711652,0.0514169567663668,-2.41930601507453
YAP1,0.858428571428571,8.06121428571429,3.09865069053129,0.00747107409624766,0.0514169567663668,-2.41987670795997
OPRM1,-0.657142857142858,3.88857142857143,-3.09837913377368,0.00747518868242474,0.0514169567663668,-2.42038049055545
CORO6,-1.51642857142857,6.53135714285714,-3.09798349968883,0.00748118727597466,0.0514209825864568,-2.42111444502025
VIM,1.06828571428571,9.20185714285714,3.0962063896797,0.00750819047441833,0.051569270655459,-2.42441104663368
LMBRD2,-0.710714285714286,7.85335714285714,-3.09518955409631,0.00752368457940148,0.0516081149039529,-2.42629718215184
CREB3L2,0.704142857142856,7.89992857142857,3.0948957019087,0.00752816805245295,0.0516081149039529,-2.42684223294629
AHNAK,1.014,8.62742857142857,3.09448878470068,0.00753438098174723,0.0516081149039529,-2.42759698890468
ALPK1,0.849,5.57392857142857,3.09404799979291,0.0075411167272232,0.0516081149039529,-2.42841454594506
CTNNA1,0.641571428571428,9.21064285714286,3.09271337705342,0.00756154772257668,0.0516081149039529,-2.43088986208043
TMEM191B,-0.784428571428572,7.50121428571429,-3.09183252358871,0.0075750621552043,0.0516550720834786,-2.43252348498298
POU6F2,-0.954857142857143,6.00428571428571,-3.09131352297072,0.00758303605112767,0.0516723525463858,-2.43348598515913
CAMKK1,-1.321,6.5155,-3.08922558420163,0.00761519886190323,0.0516795846316779,-2.43735786885326
PRMT3,0.629999999999999,5.95942857142857,3.0889534667332,0.00761940049583445,0.0516795846316779,-2.43786245485139
TMEM63C,-1.348,6.78,-3.08557806604306,0.00767170911180949,0.0518304159694725,-2.44412086589804
IQSEC1,-0.841428571428572,8.881,-3.08485799636389,0.00768291384252503,0.0518350829037494,-2.44545582563155
UNC5A,-1.97414285714286,6.71507142857143,-3.08483231950017,0.00768331368864925,0.0518350829037494,-2.44550342787008
ARAP1,0.615857142857143,7.35264285714286,3.08366089468017,0.00770157725533173,0.0519175458175414,-2.44767506155856
USP11,-0.642285714285716,9.59928571428572,-3.08299785762157,0.00771193358759352,0.0519175458175414,-2.44890416833329
JAKMIP1,-1.088,6.04214285714286,-3.08201954723085,0.00772723945650145,0.0519469551290214,-2.4507176377472
TLL1,-0.692857142857143,4.77028571428571,-3.08126173453219,0.00773911620121663,0.0519900033913414,-2.45212231359265
FAM131B,-0.591428571428572,8.269,-3.07934722132299,0.00776920154720266,0.0521349441978711,-2.45567079679771
RASL10A,-0.848,5.555,-3.07919054620055,0.00777166870030376,0.0521349441978711,-2.45596117314659
CD36,0.705714285714286,3.26714285714286,3.07723005049391,0.00780260595661477,0.0523055426830513,-2.45959449030062
CCDC117,0.829571428571428,6.63692857142857,3.07374733111859,0.00785786442699417,0.0526017295222111,-2.46604797764793
LYPD6B,-0.827285714285715,4.44221428571429,-3.07215516236298,0.00788325499021266,0.052641417400779,-2.46899787882261
GPR137C,-0.634714285714286,6.81392857142857,-3.07211591357339,0.00788388191813076,0.052641417400779,-2.46907059416259
IL6R,0.719714285714285,6.22271428571429,3.07124396765839,0.00789782235938972,0.0526466067311179,-2.47068598981415
AK1,0.617285714285714,7.55192857142857,3.06748297955655,0.00795823126515172,0.0529749395849167,-2.47765286762733
KIAA1549L,-1.90385714285715,7.48664285714286,-3.06672076148204,0.00797052943415414,0.0530006608449805,-2.47906463576743
C16orf45,-0.703428571428573,8.37157142857143,-3.06596811058855,0.00798269163588186,0.0530006608449805,-2.48045862747793
CYP46A1,-0.968714285714287,8.1825,-3.06402263061349,0.00801421382934026,0.053124226912005,-2.48406160932881
ZNF25,-0.714000000000001,7.85114285714286,-3.06133018071133,0.0080580416466286,0.0532557870068625,-2.48904734099949
BRINP1,-1.28371428571429,7.64571428571429,-3.05918386976051,0.00809314864912036,0.0532644553489769,-2.49302124362406
SYNJ1,-0.932000000000001,7.965,-3.05914716908584,0.00809375026836222,0.0532644553489769,-2.49308919104086
CAMTA1,-1.14128571428571,8.99792857142857,-3.05860485717608,0.00810264530962188,0.0532644553489769,-2.49409320839488
NAPB,-1.597,8.69078571428572,-3.0578583941951,0.00811490462103583,0.0532644553489769,-2.49547513552806
ZFPM2,-0.643714285714286,8.31328571428571,-3.05758014545886,0.00811947903414238,0.0532644553489769,-2.49599024313364
ZNF106,0.593428571428571,8.86371428571429,3.05589246804966,0.00814727900740219,0.0533597745978037,-2.49911438624711
CHRM2,-1.29471428571429,4.6145,-3.055752312775,0.00814959190718669,0.0533597745978037,-2.49937382165561
PPP3CB,-0.657857142857143,8.4145,-3.05458555156495,0.00816887142399395,0.0534040672102674,-2.50153348594036
MDH2,-0.708142857142857,9.24007142857143,-3.05357677603363,0.0081855766350748,0.0534119972153925,-2.50340060877017
MYO1B,-0.689142857142858,6.65314285714286,-3.05312019541777,0.00819314862733456,0.0534144651270531,-2.5042456508343
CHDH,0.837285714285714,7.15078571428571,3.05279308218387,0.00819857776136893,0.0534144651270531,-2.50485106085412
DOT1L,0.692428571428572,7.24021428571429,3.05014540793627,0.00824265223012717,0.0536280503657384,-2.50975088376529
MAGED1,-0.853857142857143,8.35692857142857,-3.04823900085402,0.00827453176075005,0.0536569405489619,-2.51327846217015
SLC7A11,0.919142857142857,9.32085714285714,3.04823030184192,0.00827467750652221,0.0536569405489619,-2.51329455779492
HLA-DRA,1.33285714285714,8.69485714285714,3.04683970355983,0.00829800855582202,0.0536574426628682,-2.51586745626912
TMEM255A,0.938714285714286,7.31192857142857,3.04637375761283,0.00830584055314395,0.0536715506219826,-2.51672950930622
PTPN21,0.610428571428571,6.82021428571429,3.0457729452086,0.00831595025024675,0.0536742252354239,-2.51784104746729
NR4A2,1.348,6.94342857142857,3.04567761346792,0.00831755548442404,0.0536742252354239,-2.51801741333693
SUSD1,-0.857571428571429,6.9115,-3.04453702151035,0.00833678493109073,0.053756859194818,-2.52012746104361
CPT1C,-0.715857142857143,7.69321428571429,-3.04380766959889,0.00834910416617163,0.053756859194818,-2.52147666090058
HSPA12A,-0.850857142857144,8.83342857142857,-3.04217362060547,0.00837676948921643,0.053756859194818,-2.52449922366627
CD74,0.908857142857141,9.59871428571429,3.03951045578045,0.00842205199935612,0.0538860124261088,-2.52942478275788
IGF1,-0.854571428571429,4.07371428571429,-3.03938909159537,0.00842412132358897,0.0538860124261088,-2.52964922971438
RBPMS,0.968000000000001,6.21757142857143,3.03718888180004,0.00846172305625263,0.0540174108275159,-2.53371795673591
YBX3,1.00785714285714,8.58821428571429,3.03650352888546,0.00847346952384484,0.0540197899375853,-2.53498523779954
ARHGAP44,-1.43142857142857,7.21942857142857,-3.0351021453504,0.00849753828222947,0.0541006140367947,-2.53757637096225
TMEM243,0.625714285714285,6.97742857142857,3.03343377600502,0.00852628034948692,0.0542109351002518,-2.54066088409609
PWAR6,-1.34057142857143,6.81057142857143,-3.03100261116819,0.00856833510339134,0.0543881883449077,-2.54515513652842
WNK2,-0.839571428571429,6.40107142857143,-3.02962708329039,0.00859221967547132,0.0544250873505564,-2.54769765756051
KCNB1,-1.67671428571429,7.06892857142857,-3.02917585355162,0.00860006907181652,0.0544250873505564,-2.54853166478153
SGSM2,-0.72057142857143,7.08528571428571,-3.02814075388106,0.00861810190621434,0.0544624269971651,-2.55044475504741
SPTB,-0.849285714285714,5.45078571428571,-3.02785023485745,0.00862316982879632,0.0544624269971651,-2.55098167689139
PTRF,0.855,6.20492857142857,3.02516762670827,0.00867010512830908,0.0546861411778273,-2.5559390996301
CAMTA2,-0.687285714285716,8.23864285714286,-3.0237507564365,0.00869499631942161,0.0548067485323065,-2.55855714115868
YWHAB,-0.634285714285715,9.95414285714286,-3.02182705461352,0.00872890403406634,0.0549089421153118,-2.56211133744507
FRMD5,0.634571428571429,8.303,3.02139098038872,0.00873660848353024,0.0549089421153118,-2.56291696396677
ICA1L,-0.668285714285716,7.16328571428571,-3.02082125641771,0.00874668431057993,0.0549139155758088,-2.56396947069486
ENG,0.637,7.99878571428572,3.01985915516399,0.0087637254848287,0.0549845629989352,-2.56574677346209
IL13RA1,0.660428571428571,7.63192857142857,3.01937229096108,0.00877236149499808,0.0549999404060789,-2.56664612559415
VSNL1,-2.63157142857143,10.1502142857143,-3.01906837730809,0.00877775656970371,0.0549999404060789,-2.56720751202328
CUX2,-0.788571428571429,5.19928571428572,-3.0170591633582,0.0088135063953246,0.055118903688845,-2.57091865690757
DEDD2,0.814857142857143,7.58771428571429,3.01652449386346,0.00882304385657806,0.055118903688845,-2.57190615006587
C14orf2,-0.753857142857143,8.08807142857143,-3.01648798140086,0.00882369553813744,0.055118903688845,-2.57197358460319
RBP4,-2.009,6.22164285714286,-3.01596335841246,0.00883306434400621,0.055118903688845,-2.57294248975846
FOXO1,0.613,7.6565,3.01572295337625,0.00883736080830729,0.055118903688845,-2.57338647398645
DOPEY2,-0.883428571428572,5.95957142857143,-3.0139457056345,0.008869187247998,0.0551202414943645,-2.57666852715096
MEST,-1.05828571428571,8.38985714285714,-3.01351049484204,0.00887699805490366,0.0551202414943645,-2.57747217976144
UBALD2,0.667857142857143,7.08935714285714,3.0134742501153,0.00887764885085654,0.0551202414943645,-2.57753910768579
ST6GALNAC3,0.792142857142857,7.4655,3.01344386374178,0.0088781944927232,0.0551202414943645,-2.57759521771893
GPR63,-1.36128571428571,6.17335714285714,-3.01194714989095,0.00890511156316639,0.0552512441139892,-2.58035885086636
XKR6,-0.600142857142858,5.57221428571429,-3.01058160724395,0.0089297396840601,0.0552956957359106,-2.58288006216359
CTSH,0.947714285714285,7.94757142857143,3.00918498415043,0.00895499767857622,0.0553629575448267,-2.58545844117265
KCNIP2,-1.252,6.68942857142857,-3.00794803753995,0.00897742660623795,0.0554368498168605,-2.587741849849
FAR2,-1.29028571428572,7.36142857142857,-3.00706966407376,0.00899338725842532,0.0554368498168605,-2.58936322621506
SLCO1C1,1.07614285714286,6.97292857142857,3.00574841856429,0.00901744779335961,0.0555491158165518,-2.59180192914197
IGLON5,-1.08242857142857,6.3985,-3.00473355670544,0.0090359719212935,0.0555551438707877,-2.59367498686592
FOSL2,0.822428571428571,8.22364285714286,3.00428905401487,0.00904409714891619,0.0555605818836878,-2.59449533676463
CNRIP1,-0.662428571428572,7.38592857142857,-3.00351025466423,0.0090583504387494,0.0555848002698195,-2.59593259215458
CPED1,0.768714285714285,5.46307142857143,3.00168477151813,0.00909184638871925,0.0557183540944801,-2.59930120628089
NPTXR,-1.11185714285714,7.40578571428571,-2.9999128487475,0.00912447606142464,0.0558771294756433,-2.60257061957408
MARK1,-0.697428571428573,7.41271428571429,-2.99896541338195,0.00914197015799531,0.055917304913585,-2.60431860543388
KHDRBS2,-1.26657142857143,7.01471428571429,-2.99696221943634,0.00917906717640509,0.0561080817945122,-2.60801408963764
EPB41L4A,0.659428571428571,6.52685714285714,2.99609833517173,0.00919511104124802,0.0561409558534656,-2.60960763696242
STIP1,0.976857142857142,8.98971428571429,2.99603622285168,0.00919626563932967,0.0561409558534656,-2.60972220792104
KIAA2022,-0.970857142857144,5.61228571428571,-2.99437457188591,0.00922720683438786,0.0562921510072569,-2.61278708518889
SLC4A2,0.761142857142856,6.85314285714286,2.99343557669335,0.00924473687454688,0.0562921510072569,-2.61451889864932
CNTN5,-1.55,4.71928571428571,-2.98998809833157,0.00930937886174268,0.0566131816950664,-2.62087629194717
STX1A,-1.55228571428572,6.77671428571429,-2.9896516416813,0.00931571134476713,0.0566154459782105,-2.62149666728814
EFCAB10,0.590857142857143,4.05642857142857,2.9889966484563,0.00932805118295957,0.0566279987690949,-2.62270433795463
DLGAP2,-1.77628571428571,5.94642857142857,-2.98834806584737,0.00934028607948836,0.0566279987690949,-2.62390013912599
CADPS,-1.82242857142857,8.3245,-2.98701652498864,0.0093654537913073,0.0567000927747789,-2.62635496519038
TUB,-0.65957142857143,7.06164285714286,-2.9863519020774,0.00937804088433969,0.0567040167793397,-2.62758018444871
SLC25A12,-1.207,8.04092857142857,-2.98205458349029,0.00945982873735364,0.0570170768884025,-2.63550094411055
GAS7,-0.590714285714286,8.96478571428571,-2.98127353292399,0.00947476902065544,0.0570347471021585,-2.6369403301733
CACNB3,-1.502,7.43114285714286,-2.97861466666128,0.00952580301338945,0.0572427661319641,-2.64183976718915
NPTN,-0.92857142857143,9.58185714285714,-2.97802273853052,0.00953720112175728,0.0572427661319641,-2.6429303853877
MRAP2,-1.81657142857143,6.60185714285714,-2.97790568613403,0.00953945665721646,0.0572427661319641,-2.64314604758715
STXBP1,-1.23371428571429,10.9107142857143,-2.97698152949126,0.00955728306105031,0.0572775379187372,-2.64484869431466
SALL1,0.630428571428571,8.9825,2.97421165432757,0.00961090848318827,0.05746897132378,-2.64995123692333
KCNH1,-1.373,6.53192857142857,-2.97376911074186,0.00961950356930311,0.05746897132378,-2.65076638534256
CD99L2,-0.615142857142856,8.50428571428571,-2.97291614577011,0.00963609116989882,0.0574997182576548,-2.65233744729856
MAP9,-0.968571428571428,5.53128571428572,-2.9728819553975,0.00963675665503595,0.0574997182576548,-2.65240042013446
SHKBP1,0.600714285714286,7.10621428571429,2.97000466659971,0.0096929225606179,0.0576941608058198,-2.65769938562152
LRRC4C,-0.773000000000001,7.08564285714286,-2.96882795614572,0.00971598496567003,0.0577302418854382,-2.65986618598762
LRRC49,-0.781857142857144,7.75535714285714,-2.96783807461469,0.00973542742736125,0.0577302418854382,-2.66168882732663
HMGCLL1,-0.832714285714286,6.27921428571429,-2.96777560918281,0.00973665560415952,0.0577302418854382,-2.66180383915779
GPRASP2,-0.979571428571429,6.39964285714286,-2.96748294403702,0.00974241192614742,0.0577302418854382,-2.66234269008326
TBC1D30,-1.47385714285714,6.3205,-2.96687402582867,0.00975439922372127,0.0577302418854382,-2.66346378794901
SYT14,-0.739714285714286,7.22071428571429,-2.96622617673612,0.00976716882499194,0.0577698235794511,-2.66465651258405
FRMPD4,-2.26328571428572,5.92535714285714,-2.96583757633596,0.00977483631063413,0.0577791973333625,-2.66537192179318
PIP5K1C,-0.830714285714286,8.41192857142857,-2.96536600667011,0.00978414880327349,0.0577982770412282,-2.66624005154204
NREP,-1.304,7.72114285714286,-2.96458755737122,0.00979954057503318,0.0578532230716222,-2.66767306713557
SLC1A2,-0.979857142857143,9.96435714285714,-2.96393970740711,0.0098123682144675,0.0578929724653583,-2.66886561065498
BCL11A,-1.92,6.50671428571429,-2.9618937643502,0.00985298688495016,0.0579834997569956,-2.67263138233888
CACNA2D3,-1.54985714285714,7.27835714285714,-2.96180170283707,0.00985481848328988,0.0579834997569956,-2.67280081894975
RTF1,-0.904,7.70228571428572,-2.96128022137892,0.00986519986336737,0.0579834997569956,-2.67376057093876
SLC30A3,-1.534,5.673,-2.9611446302067,0.00986790089963627,0.0579834997569956,-2.67401011194612
NAPA,-0.641142857142858,8.15928571428571,-2.96103540628475,0.00987007721651758,0.0579834997569956,-2.6742111251943
KCNA2,-1.77528571428571,7.70092857142857,-2.96031328009608,0.00988447764065483,0.0579957502579289,-2.67554007261055
KIF21B,-0.978,6.88642857142857,-2.9596861087804,0.00989700123636117,0.0580318609532066,-2.67669421939786
RPS6KA6,-0.995857142857144,5.96321428571429,-2.95915865830473,0.00990754562486531,0.0580578506419467,-2.67766481774356
LETMD1,-0.580714285714286,8.12321428571429,-2.95877626633972,0.00991519700842705,0.0580668658341853,-2.67836846209414
PDE8B,-0.732142857142858,8.05507142857143,-2.95438929177295,0.0100033931696022,0.0583018198680847,-2.68643967872709
REEP2,-1.14014285714286,7.88435714285714,-2.95303358555303,0.0100308038136325,0.0583018198680847,-2.68893343584174
ASTN1,-0.88857142857143,8.13157142857143,-2.95302077035441,0.0100310632718676,0.0583018198680847,-2.68895700768209
MXD1,0.786714285714285,8.19321428571429,2.95243239958644,0.0100429826002267,0.0583018198680847,-2.69003921447859
LMTK2,-0.91257142857143,8.18985714285714,-2.95191284369839,0.0100535194171937,0.0583018198680847,-2.69099481170089
ERICH3,-1.31357142857143,5.06392857142857,-2.95090808335536,0.0100739271711249,0.0583165263163646,-2.69284272790556
NT5DC3,-1.15071428571429,7.39407142857143,-2.95063637632725,0.0100794528090486,0.0583165263163646,-2.69334241890608
PTPRO,-1.46771428571429,5.54771428571429,-2.94862581530966,0.0101204336056605,0.0584756683820978,-2.69703970985786
SLF1,-0.728000000000001,5.06842857142857,-2.94812249592059,0.0101307182039851,0.0584765031882651,-2.6979652008434
FBXL2,-0.979000000000001,7.22564285714286,-2.94801626319321,0.0101328902250641,0.0584765031882651,-2.6981605347665
PLPP2,0.854142857142856,7.90835714285714,2.94569864219782,0.0101803898774043,0.0586793224790436,-2.70242166822476
PLXNA4,-1.36328571428572,6.80878571428571,-2.94503916758843,0.0101939456844404,0.0587218253829592,-2.70363403973849
ROBO2,-1.45242857142857,6.77235714285714,-2.94438759748794,0.0102073563986332,0.0587634414731013,-2.70483182479836
CCT5,0.646428571428571,8.72021428571429,2.94396649857059,0.0102160327245312,0.0587777679287231,-2.70560590430349
NOL4,-1.28214285714286,6.0785,-2.94216749974373,0.0102531808458586,0.058892969042616,-2.70891263267271
C1QL2,-0.704142857142858,5.82035714285714,-2.94032045102388,0.0102914589959757,0.0590686217539414,-2.71230724608988
GALNT14,-0.987714285714286,5.64285714285714,-2.93491964164553,0.010404190844948,0.0594441739324213,-2.72223062283255
ATP2B2,-1.80614285714286,8.5405,-2.93487369578947,0.0104051550541021,0.0594441739324213,-2.72231502680494
NPC1,0.742142857142855,9.58278571428571,2.93482573287392,0.0104061616862628,0.0594441739324213,-2.72240313588339
RAB6B,-1.41214285714286,9.01264285714286,-2.93228642941651,0.0104595924222552,0.0596014807552502,-2.72706746864125
NDUFA8,-0.636142857142857,7.43864285714286,-2.93154505307896,0.0104752427454437,0.0596548746036988,-2.72842910958224
PCDH19,-0.976428571428572,5.32107142857143,-2.93032851616439,0.01050097337437,0.0597212048282948,-2.7306632919441
FAM57B,-0.985,6.77021428571429,-2.93022340685505,0.0105031994170341,0.0597212048282948,-2.73085631707538
FAM65B,-1.02414285714286,6.00721428571429,-2.9301029305791,0.0105057514757428,0.0597212048282948,-2.7310775606568
CDK5,-1.13428571428572,7.81,-2.92770316687537,0.0105567126765726,0.0598295443842495,-2.73548410491046
FAM49A,-1.20871428571429,8.34435714285714,-2.92737258490848,0.0105637518496886,0.0598295443842495,-2.73609107312677
CXCL14,-1.98342857142857,6.87528571428571,-2.92713097582239,0.0105688994080188,0.0598295443842495,-2.73653467263135
CPLX2,-1.83157142857143,6.38335714285714,-2.92567448921227,0.0105999824328501,0.0599340673390734,-2.73920864883735
RASGRP3,1.145,7.99621428571429,2.92400977226134,0.0106356190390096,0.0600640578189967,-2.74226457016147
RELL2,-0.760571428571429,5.69342857142857,-2.92307094468718,0.01065576827197,0.0600881666173944,-2.74398781263352
LONRF2,-1.147,7.55678571428571,-2.9229268004996,0.0106588652226876,0.0600881666173944,-2.7442523825823
HMGN5,0.782142857142857,5.66835714285714,2.92206700485183,0.0106773563362536,0.0601539716276631,-2.74583043955723
CCDC184,-0.769285714285714,5.29464285714286,-2.92179542789015,0.0106832035094081,0.0601539716276631,-2.74632886749956
NIPSNAP3B,-0.918571428571429,5.03857142857143,-2.92057728045777,0.0107094693854571,0.060230461629637,-2.7485644237274
ATL1,-0.657857142857143,8.60778571428572,-2.91950886309467,0.0107325588321622,0.0602355294955633,-2.75052502925329
MYO1E,0.873428571428572,7.80328571428571,2.91864407645008,0.0107512833436431,0.0602355294955633,-2.75211184817525
GKAP1,0.73842857142857,5.13278571428571,2.91848370545092,0.0107547592403911,0.0602355294955633,-2.7524061058705
ANKRD30B,-0.794571428571429,3.09542857142857,-2.91704358521111,0.0107860219148707,0.0603394712422599,-2.75504836312397
NDFIP1,-0.685999999999999,9.157,-2.91654759340317,0.010796809687601,0.0603642702898892,-2.75595831783292
SCN1A,-1.66671428571429,7.22735714285714,-2.91622110440885,0.0108039165581737,0.0603684725800543,-2.75655728166723
CACNB2,-1.65642857142857,7.20707142857143,-2.91460654627769,0.0108391289688357,0.0604357865170419,-2.75951907324262
RIMKLA,-1.34257142857143,6.62114285714286,-2.91400370506115,0.0108523053233755,0.0604357865170419,-2.76062485135431
SNX10,-1.76328571428572,7.62635714285714,-2.91252340926652,0.0108847268708953,0.0605706037180048,-2.76333991418712
MEGF10,0.758999999999999,8.55892857142857,2.91033841122968,0.0109327562641093,0.0606601937808263,-2.76734694809588
CRTC1,-0.586285714285715,7.87,-2.9096883559834,0.0109470854233803,0.0607042407686453,-2.76853894780214
NDFIP2,-0.727142857142858,8.019,-2.90723409334155,0.011001350662944,0.0608985023002945,-2.77303877960589
ABCD2,-1.45628571428572,6.45414285714286,-2.90643813701533,0.0110190062325094,0.0609377347721732,-2.7744979678771
SEZ6L2,-1.26428571428572,7.66742857142857,-2.90633624412883,0.0110212683796814,0.0609377347721732,-2.77468475685328
MID1,0.613142857142857,7.89971428571429,2.90566776591429,0.0110361206965745,0.0609682452048782,-2.77591016847817
NBEA,-0.995142857142858,8.19485714285714,-2.90522172893859,0.0110460416883457,0.0609682452048782,-2.776727780561
SOX9,0.580857142857141,8.13171428571429,2.90367853183969,0.011080433702129,0.0611225550154027,-2.77955633876175
RGS6,-1.40871428571429,6.08835714285714,-2.90257969820448,0.0111049864061426,0.0612224410168013,-2.78157021196859
PAN2,0.753857142857143,7.99135714285714,2.90158077285501,0.0111273529311332,0.0612444986305791,-2.78340083347371
SLC6A11,-1.49971428571429,6.82771428571429,-2.90126520968952,0.0111344277357264,0.0612444986305791,-2.78397910269986
THUMPD3-AS1,1.03285714285714,3.69285714285714,2.90090407836111,0.0111425295631526,0.0612444986305791,-2.78464085846619
CX3CL1,-1.16514285714286,7.25828571428571,-2.90015940739337,0.0111592541585242,0.0612444986305791,-2.78600537454935
CDH12,-1.896,5.167,-2.90010099311098,0.011160567125964,0.0612444986305791,-2.78611240810633
HTR2A,-2.05085714285714,6.73757142857143,-2.89781960571224,0.0112119638862749,0.0614555366161137,-2.7902922615498
MAP3K19,0.955428571428571,3.36914285714286,2.89389748351056,0.011300866209305,0.0617291133537596,-2.79747648105682
CEBPB,0.703571428571428,7.70492857142857,2.89330504119303,0.0113143548577111,0.0617317959755302,-2.79856147885951
MAP4K5,0.674142857142857,9.21792857142857,2.89170704179385,0.0113508164866111,0.0617833831695024,-2.80148780369043
TOX,-0.974142857142857,6.9205,-2.88953762575143,0.0114005001603982,0.0619075650368564,-2.80545994951593
GRIN2A,-1.73357142857143,7.35121428571429,-2.88788378101117,0.0114385191265131,0.0620196844497899,-2.80848764589689
MORC4,0.742285714285714,6.008,2.88596174382,0.0114828591796747,0.0622222928395493,-2.81200583021549
MAP2,-1.26657142857143,9.81414285714286,-2.88233058148951,0.0115670867652974,0.0625255461060438,-2.81865102381398
TRPC5,-1.32457142857143,5.15114285714286,-2.87934038744913,0.0116368999010341,0.0627284897434537,-2.82412178378458
TRPM2,-0.780857142857143,6.65657142857143,-2.87853564329212,0.0116557587967294,0.0627289710280059,-2.82559389511968
SCG3,-1.20714285714286,7.54957142857143,-2.8782605158245,0.0116622131630128,0.0627289710280059,-2.82609716170884
PPP1R2,-0.582000000000001,8.23242857142857,-2.87546558785366,0.0117279792553663,0.0630113546078759,-2.83120905223217
NAIP,0.633142857142856,9.00914285714286,2.87497608190465,0.0117395348282308,0.0630377848125295,-2.83210423523619
NCKAP5,0.857285714285714,7.88364285714286,2.87427496700438,0.0117561051564071,0.0630707366230139,-2.8333863364489
GFOD1,-0.88857142857143,6.86357142857143,-2.87331332356711,0.0117788700672941,0.0630707366230139,-2.83514473850453
SEL1L3,-0.94857142857143,6.10185714285714,-2.87247368001756,0.0117987821114436,0.0631096743096092,-2.83667994782161
CHD3,-0.866571428571429,7.07857142857143,-2.87244640109048,0.01179942957931,0.0631096743096092,-2.83672982303464
NECAP2,0.629428571428571,7.40514285714286,2.8717277470858,0.0118164994112843,0.0631654068136127,-2.83804372895353
TRAPPC6B,-0.644285714285716,7.42185714285714,-2.87114740309423,0.0118303016448172,0.0632036194173894,-2.8391047088379
UCHL1,-0.973714285714288,10.5245714285714,-2.86820119671276,0.0119006141829713,0.063337870560812,-2.84449016960698
PARP4,0.587999999999999,8.32628571428571,2.8678604221258,0.0119087732205085,0.063337870560812,-2.84511299887285
DNAAF1,0.622714285714286,5.60221428571429,2.86678616538847,0.0119345295319662,0.0633749811487749,-2.8470762909263
TOX2,-0.613857142857143,5.19764285714286,-2.86640170942399,0.0119437604414972,0.0633749811487749,-2.84777887392525
NOTCH1,0.682999999999998,7.79707142857143,2.86557441491858,0.0119636477055506,0.0633749811487749,-2.84929065784015
KIFC2,-0.959857142857143,6.6385,-2.86550217143784,0.0119653858956436,0.0633749811487749,-2.84942266950377
TANC1,0.940142857142857,8.12607142857143,2.86534680934903,0.011969124769018,0.0633749811487749,-2.84970656248652
SIDT1,-1.07428571428571,6.52157142857143,-2.86242829189996,0.0120395729476238,0.0635940004638294,-2.85503889587007
FXR1,0.648999999999999,8.93935714285714,2.86232218773606,0.0120421417419782,0.0635940004638294,-2.85523273149022
UNC5D,-1.189,5.90435714285714,-2.86202578368372,0.0120493205560834,0.0635940004638294,-2.85577420612626
KCNH5,-1.578,5.76771428571429,-2.86198366372781,0.0120503410274849,0.0635940004638294,-2.8558511503193
RTN3,-1.00542857142857,8.61157142857143,-2.86145200026376,0.0120632292923548,0.0635940004638294,-2.8568223633825
RELN,-0.84657142857143,5.71785714285714,-2.8611423239754,0.0120707424819754,0.0635940004638294,-2.85738804312231
PARD3,0.763857142857143,6.68821428571429,2.86074557070016,0.0120803749627955,0.0635981572262638,-2.85811276365314
OXR1,-1.44385714285714,7.91735714285714,-2.85916620760892,0.0121187936357101,0.0637410967583668,-2.86099743709727
LY86-AS1,-0.886142857142858,5.06664285714286,-2.8578825614445,0.0121501067486151,0.0637878657131683,-2.8633417125928
EPHA6,-1.29771428571429,5.33,-2.85770082147089,0.0121545464723481,0.0637878657131683,-2.86367359745815
FLNA,0.852714285714285,8.35792857142857,2.85583839624774,0.0122001350333385,0.063956447396072,-2.86707438126272
ZBTB20,0.64457142857143,9.008,2.85280970162065,0.0122746283621082,0.0641100295697605,-2.87260364515486
CBLN4,-1.30485714285714,4.161,-2.85279844955437,0.0122749059425507,0.0641100295697605,-2.87262418461548
SLC26A8,-1.442,4.69428571428571,-2.85071857539121,0.0123263203484823,0.064226051066468,-2.87642044338142
ST8SIA5,-1.14085714285714,6.41571428571429,-2.85007663860524,0.0123422314121967,0.0642404691421679,-2.87759199508471
MITF,0.619571428571428,7.18264285714286,2.84918040112986,0.0123644791185481,0.0643210225340023,-2.87922754661287
GALNT16,-0.951714285714287,7.02328571428572,-2.84752873810858,0.0124055816766338,0.0644642343251338,-2.88224135751031
ARNTL2,-0.855142857142858,5.33857142857143,-2.84672145332161,0.0124257199000698,0.0645258006247392,-2.88371426773478
ELFN1,-0.692714285714286,6.78192857142857,-2.84541748204245,0.0124583156842564,0.064596910854122,-2.88609318188908
DGKZ,-0.677857142857144,6.3705,-2.84147058886066,0.0125574867639695,0.0649692629471384,-2.89329213513678
RBFOX3,-2.55742857142857,7.64785714285714,-2.84066300799866,0.0125778730547013,0.0650039260862936,-2.89476482757017
RNF128,-0.699000000000001,4.63535714285714,-2.83980050262898,0.0125996814987822,0.0650168913414505,-2.89633756726518
TMEM132D,-1.08314285714286,5.61085714285714,-2.83960722424614,0.0126045735990363,0.0650168913414505,-2.89668998577198
TTC39B,-0.854571428571429,5.49857142857143,-2.83944112963252,0.0126087791269643,0.0650168913414505,-2.89699283347907
SLC25A23,-0.607714285714287,8.33742857142857,-2.83855645692678,0.0126312021788118,0.0650168913414505,-2.89860582400579
RGL2,0.645285714285715,7.30907142857143,2.83850645919434,0.0126324705898233,0.0650168913414505,-2.89869697934091
RAB37,-1.18914285714286,4.97957142857143,-2.83838650918522,0.0126355141527371,0.0650168913414505,-2.89891566932987
CYP27A1,0.951714285714285,8.19771428571429,2.83820918435407,0.0126400148315848,0.0650168913414505,-2.89923895959854
ST6GALNAC5,-1.73385714285714,6.23207142857143,-2.83675436742208,0.0126769986104023,0.0651178784786397,-2.90189112725658
INPP4B,-0.594571428571429,6.63557142857143,-2.83654511680139,0.0126823267722155,0.0651178784786397,-2.90227256907361
IFI16,0.900714285714285,8.11592857142857,2.8362815844354,0.012689040221493,0.0651178784786397,-2.90275295100986
MAP3K9,-1.322,7.00114285714286,-2.83507729557557,0.0127197634476467,0.0652402985902787,-2.90494805905826
DLX1,-0.797571428571429,5.28135714285714,-2.83283071504242,0.0127772711405166,0.0653940186227193,-2.90904238570545
CREG2,-1.891,6.70078571428571,-2.8303416047321,0.0128412831874377,0.0655450558825744,-2.91357778452372
OSBPL10,-0.933285714285714,6.73378571428571,-2.82886486435117,0.0128794079629134,0.0656131376124587,-2.91626808349597
PDE1B,-1.91471428571429,6.77964285714286,-2.82742615969292,0.0129166569000763,0.0657122178886431,-2.91888875612334
BTBD11,-1.19657142857143,5.17242857142857,-2.82308252246076,0.0130297546300792,0.0660519067804991,-2.92679890343052
FAM78B,-0.814285714285715,5.504,-2.82303568538135,0.013030979398532,0.0660519067804991,-2.92688418141708
ACVR1B,-0.683714285714286,6.58028571428571,-2.82244654870088,0.0130463946423443,0.0660947747774021,-2.92795681405474
ADRA1B,-1.37085714285714,5.96228571428572,-2.82196674614275,0.0130589622001873,0.0661231780061722,-2.92883034240482
TTLL9,0.766999999999999,6.69907142857143,2.8212045457112,0.0130789509221024,0.0661538630506129,-2.93021792803052
PARP2,-0.602857142857143,7.62471428571429,-2.81814425230946,0.0131595078088438,0.0663845802847624,-2.93578824743707
MCF2,-1.17057142857143,5.01785714285714,-2.817777100842,0.0131692048543831,0.0663982361527524,-2.93645643158578
EPS8,0.657714285714285,8.27542857142857,2.81712514134099,0.0131864412887184,0.0664498704517434,-2.9376428880535
FAM234B,-1.165,8.1735,-2.8156100831167,0.013226581171787,0.0666168051700982,-2.94039977233496
CNN3,0.680142857142856,9.23292857142857,2.8136037860567,0.0132799191603381,0.0667498499112697,-2.9440499673934
NCEH1,-1.68314285714286,7.72442857142857,-2.81355927046395,0.0132811049933993,0.0667498499112697,-2.94413095024948
DLG2,-0.643571428571429,9.42921428571429,-2.81193868947953,0.0133243453050182,0.0668449585869255,-2.94707889402555
OSMR,1.07985714285714,7.56235714285714,2.81158382420459,0.0133338321003261,0.0668449585869255,-2.94772436005674
BAP1,-0.683571428571429,8.2345,-2.81032710766982,0.0133674814846652,0.0668449585869255,-2.9500100414455
GPCPD1,-0.652142857142858,7.28221428571429,-2.80945808096165,0.0133907985862859,0.0668449585869255,-2.95159045171511
PGM2L1,-1.69757142857143,7.08107142857143,-2.80922048478573,0.013397180489462,0.0668449585869255,-2.95202252205683
DPF1,-1.05428571428571,7.02871428571429,-2.80817866490624,0.0134251990677732,0.0668449585869255,-2.95391696931875
DLGAP4,-0.669142857142859,7.32742857142857,-2.80732964023894,0.0134480748320063,0.0668449585869255,-2.95546070520907
B4GALT6,-1.73585714285714,6.95964285714286,-2.80719957671259,0.0134515825604436,0.0668449585869255,-2.95569718222649
CYFIP2,-0.96957142857143,9.48235714285714,-2.80715548946641,0.013452771766895,0.0668449585869255,-2.95577733950356
KCTD16,-1.80028571428572,7.09071428571429,-2.80687762737278,0.0134602691570048,0.0668449585869255,-2.95628252740647
GRAMD1B,-1.327,8.65578571428572,-2.80669188305374,0.0134652832561965,0.0668449585869255,-2.95662022661251
STRBP,-0.956857142857144,6.67442857142857,-2.80655728348889,0.0134689178582351,0.0668449585869255,-2.95686493668097
EFR3A,-0.926857142857145,8.82028571428572,-2.80621681158318,0.0134781159117007,0.0668556778304154,-2.95748392163467
CHN1,-1.41685714285714,9.722,-2.80550677411531,0.0134973176851201,0.0668810749561586,-2.95877472277112
GJB6,-1.33242857142857,6.21335714285714,-2.80450071430379,0.0135245705055184,0.0669811758247756,-2.96060353010631
STXBP5,-0.867571428571429,7.91121428571429,-2.8017869888914,0.0135983491639219,0.0671828622499455,-2.9655356808861
FUCA2,0.586142857142857,6.85764285714286,2.8014429719847,0.0136077299683014,0.0671828622499455,-2.96616083845281
ELOVL4,-1.44042857142857,6.44078571428571,-2.80016348888096,0.0136426747974094,0.0672805358637429,-2.96848577942716
KLHL29,-0.670428571428572,5.3275,-2.79897615904225,0.0136751809038178,0.0673408726829265,-2.97064302484485
RSPH1,1.01757142857143,5.2945,2.79366793893521,0.0138214308804268,0.0678073638632802,-2.98028457693481
SPTBN4,-0.583571428571429,5.69092857142857,-2.79284873593252,0.0138441363958512,0.0678562701879208,-2.98177210876193
CNTN3,-0.993142857142858,6.75828571428571,-2.79059295979752,0.0139068465579007,0.0680933687904634,-2.98586762408573
SLC39A11,0.718428571428571,7.2095,2.7858853047935,0.0140386099753553,0.0686324015213074,-2.99441190971856
HIVEP2,-0.72757142857143,9.02492857142857,-2.78449665493285,0.0140777085496682,0.0687881448113673,-2.99693155535711
BCL11B,-0.643000000000001,4.87278571428571,-2.78326555217748,0.0141124598094762,0.0688870789980548,-2.99916506239052
ADGRL1,-0.599714285714287,8.98085714285714,-2.78277162017381,0.0141264258373944,0.068901966428678,-3.00006109697161
CDH7,-1.11928571428572,4.65892857142857,-2.78038644869335,0.0141940564320995,0.0691787286036497,-3.00438741023548
ZFHX4,0.604285714285713,8.103,2.77838188427029,0.0142511384674671,0.0692958574203101,-3.00802260582514
TMEM74B,-0.596857142857143,4.48785714285714,-2.77658205589931,0.0143025805532504,0.0694009904374958,-3.0112859288801
FAM171A2,-1.04614285714286,6.97292857142857,-2.77309548688404,0.0144027465403111,0.0697141834520228,-3.01760593221083
ATPAF1,-0.592142857142858,6.3665,-2.77295945882022,0.0144066682931173,0.0697141834520228,-3.017852463466
LRP1B,-0.648285714285716,7.83542857142857,-2.76982466693099,0.0144973339123539,0.0700458671584178,-3.0235329259247
ACRC,1.159,5.91392857142857,2.76231093307441,0.0147169119284074,0.0707620880786404,-3.03714130644875
MCM7,0.825714285714285,7.30142857142857,2.76158035563909,0.0147384335418172,0.0707823823296454,-3.03846394770816
CCP110,0.611999999999999,8.746,2.76155474402776,0.0147391885722748,0.0707823823296454,-3.03851031338512
NEK5,0.902714285714286,5.37321428571429,2.76057076834126,0.0147682246476544,0.0708721680796415,-3.04029155380523
UQCRHL,-0.727285714285714,7.44107142857143,-2.76028859609729,0.0147765614959816,0.0708721680796415,-3.04080232388279
CRMP1,-0.894857142857144,7.798,-2.76016319668658,0.0147802679193357,0.0708721680796415,-3.04102930929476
FOXP2,-0.746142857142857,5.53064285714286,-2.75744155119704,0.0148609342677938,0.0711870976347823,-3.04595506760504
BCL6,0.738714285714286,9.20678571428571,2.75501636104626,0.0149331741279497,0.0713177865367866,-3.05034317152281
SEPT6,-0.963857142857144,7.12192857142857,-2.75496083426764,0.0149348321070764,0.0713177865367866,-3.05044362852225
NDUFB5,-0.935428571428573,9.275,-2.75478034536756,0.0149402225763547,0.0713177865367866,-3.05077015855752
ADAM23,-1.61414285714286,7.50692857142857,-2.75462584398013,0.014944838404986,0.0713177865367866,-3.05104966884675
FBXO34,-0.851285714285715,7.32292857142857,-2.75354374763452,0.0149772055628484,0.0713634285040915,-3.05300718191039
ADAM22,-0.749571428571429,7.28592857142857,-2.75290838346947,0.0149962419798918,0.0713634285040915,-3.05415645798411
NR4A3,0.938142857142856,6.47978571428572,2.75226680437895,0.015015488440676,0.0713634285040915,-3.05531690211795
ACER2,0.649857142857142,6.25607142857143,2.75140340815783,0.0150414269540244,0.0713678894287101,-3.05687843666472
SLC35F1,-1.06871428571429,8.65692857142857,-2.75114405171706,0.0150492271417489,0.0713692504340853,-3.05734748128517
ZNF565,0.662857142857142,6.791,2.75057515959686,0.0150663504215202,0.0714148017235629,-3.05837627682804
DAB1,-0.656428571428572,6.09992857142857,-2.74928367095048,0.015105293615071,0.0715280080007776,-3.06071161267764
CHORDC1,1.16971428571428,8.68428571428571,2.74857379187194,0.0151267407078884,0.0715299539235698,-3.061995123704
YWHAZ,-0.609000000000001,9.8605,-2.74827338475355,0.0151358256012607,0.0715299539235698,-3.06253825327179
PDLIM3,0.654714285714285,6.13021428571429,2.74665391296092,0.0151848928663888,0.071726154817418,-3.06546594096256
TCTN1,0.744428571428571,7.07992857142857,2.74570071073893,0.0152138454226437,0.0718077433588254,-3.06718892085944
TLR4,0.774857142857141,8.338,2.74545226181579,0.0152214006052713,0.0718077433588254,-3.06763798253697
RTN1,-0.909714285714287,9.75028571428571,-2.74533906015094,0.0152248442072507,0.0718077433588254,-3.06784258637316
ATP2B3,-1.93157142857143,7.16835714285714,-2.74429308818677,0.0152566985280747,0.071858567655746,-3.06973299462765
REEP1,-1.24657142857143,7.10514285714286,-2.74424007718328,0.0152583146606632,0.071858567655746,-3.06982879727083
ZFP36L2,0.595285714285712,9.09321428571429,2.74316230140308,0.015291208573875,0.0719777949669172,-3.07177646587754
IFITM10,-0.979428571428571,6.97485714285714,-2.74045258593547,0.0153742138297807,0.0721227108290795,-3.07667230366325
PLSCR4,0.734,7.61942857142857,2.74044218857202,0.0153745331669712,0.0721227108290795,-3.07669108673389
EPHA5,-1.05914285714286,5.87085714285714,-2.73935526661283,0.0154079516321825,0.0722052947972876,-3.07865452607929
ABHD8,-0.887714285714286,6.103,-2.73673734824965,0.015488731566101,0.0724672523097899,-3.08338269755828
NOS1,-0.682857142857143,6.28257142857143,-2.73670361488598,0.0154897751374258,0.0724672523097899,-3.08344361448013
MGAT4C,-0.845571428571429,5.14321428571429,-2.73640763005423,0.0154989346138181,0.0724672523097899,-3.08397810552353
TMEM196,-0.988428571428572,4.00578571428571,-2.73414623050024,0.0155690889469496,0.0726626136462283,-3.08806121835628
MAST3,-0.776857142857145,9.261,-2.73226321440585,0.0156277397556613,0.0727118979534227,-3.09146041021822
PPP1R16B,-0.661000000000001,8.57907142857143,-2.73164965258254,0.0156468967685729,0.0727507941285725,-3.09256786027238
NRSN2,-1.05014285714286,7.88907142857143,-2.73132023569795,0.0156571914221707,0.0727630436982384,-3.09316241324683
EIF5,0.635428571428572,9.12914285714286,2.72976530882676,0.0157058733900557,0.0729177620056217,-3.09596857312412
ABCA9,0.798285714285714,7.40728571428571,2.72921814199989,0.0157230390830003,0.0729177620056217,-3.09695593191201
EPB41L1,-0.581428571428572,8.66285714285714,-2.72880552717074,0.0157359956452335,0.0729177620056217,-3.09770045554162
PIDD1,0.641571428571428,7.20864285714286,2.72858636346286,0.0157428818367765,0.0729177620056217,-3.09809590235206
METTL21A,0.652857142857143,7.33842857142857,2.72834283632393,0.015750536961527,0.0729177620056217,-3.09853529864428
TUBA4A,-1.35614285714286,8.64135714285714,-2.72747039370381,0.0157779912876586,0.0729177620056217,-3.10010935672586
CLDN15,0.893714285714285,6.67271428571429,2.72708047125359,0.015790276497059,0.0729177620056217,-3.10081280741268
KIF3A,-0.628142857142858,8.23378571428571,-2.72655736882713,0.0158067723468357,0.0729584696416873,-3.10175648044752
TOLLIP,-0.736285714285715,8.039,-2.7258325664843,0.0158296563428933,0.0730286088397978,-3.10306393382102
CLCN2,0.626285714285714,6.97871428571429,2.72463443530473,0.015867555062527,0.0731485614831951,-3.10522499716082
FGF9,-1.74971428571429,4.98557142857143,-2.72404026625088,0.0158863821438213,0.0731836779748585,-3.10629659679778
IQSEC2,-1.23428571428571,6.89428571428571,-2.71740558047626,0.0160980874800103,0.0739968012736538,-3.1182578974775
FLRT2,-1.23742857142857,6.92328571428571,-2.71655260660635,0.0161255024271975,0.0740697038471709,-3.1197950700988
GADD45B,1.094,7.40471428571429,2.71614153152598,0.0161387307033011,0.0740843375298459,-3.12053583270483
ITFG1,-0.606142857142858,8.9595,-2.71570109587079,0.0161529154596255,0.0740843375298459,-3.1213294676971
MYH10,-1.06028571428571,7.99771428571429,-2.71440508612918,0.0161947250923458,0.0742055542263193,-3.12366457405417
LMNTD1,0.827428571428571,4.03428571428571,2.71240679835051,0.0162593958996771,0.0744327718800159,-3.12726439177728
CDKL5,-0.698285714285715,8.52342857142857,-2.71157674283678,0.0162863325444078,0.074496133770116,-3.12875947128207
WDR78,0.827142857142857,5.68714285714286,2.71041889903579,0.0163239786499189,0.074584643191717,-3.13084473558827
GPLD1,-0.881142857142858,5.46242857142857,-2.70946533504757,0.0163550460749291,0.0746679920899888,-3.1325619005758
RHBDL3,-0.630857142857144,5.902,-2.70937653718475,0.016357942050665,0.0746679920899888,-3.13272179764435
LRP2BP,0.848571428571429,6.90814285714286,2.7089170533664,0.0163729351878171,0.0746943625045725,-3.13354915945926
YJEFN3,-0.606857142857143,7.50928571428571,-2.7054637044136,0.0164860459100639,0.0749645524651492,-3.13976607013292
ARRB1,-0.774000000000002,9.28314285714286,-2.70459536219489,0.0165146063396136,0.0750584907272679,-3.14132894500447
FAT3,-1.37542857142857,6.56057142857143,-2.70135928339599,0.0166214658606891,0.0752919905630357,-3.14715207112127
RNF150,-0.694285714285715,6.75614285714286,-2.69958313611737,0.0166804007018261,0.0754869586787261,-3.15034727262243
EPHX1,0.62042857142857,9.03407142857143,2.69870644513644,0.0167095649280172,0.0755694503955624,-3.15192416936016
PDE4D,-0.632,7.32171428571429,-2.6984698482048,0.0167174440738381,0.0755694503955624,-3.1523497085177
SH3BGRL2,-0.767,8.02864285714286,-2.69781271218237,0.0167393468683435,0.0755694503955624,-3.15353156452597
RIMBP2,-1.367,7.1455,-2.69638757879036,0.0167869429961268,0.0756506712697263,-3.15609436928209
FNTB,0.702999999999999,9.09678571428571,2.69531287877773,0.0168229220484889,0.075752148761273,-3.15802672905492
HSPB1,1.11728571428571,11.2916428571429,2.69257196408557,0.0169150211220511,0.0760055750417991,-3.16295398966719
LRRN3,-1.232,7.13028571428572,-2.6914625375321,0.0169524381187453,0.076137687796672,-3.16494795123696
SYNM,0.65142857142857,8.73814285714286,2.69101862677226,0.0169674320597319,0.0761690156594484,-3.16574571955636
EMB,-0.766285714285715,4.906,-2.6896418614122,0.0170140165920689,0.0762340300038029,-3.16821970691597
NDUFA5,-0.821000000000001,6.37921428571429,-2.68688992207419,0.017107502835319,0.0765445922904829,-3.17316369442959
STK33,0.636571428571428,5.51742857142857,2.68588575860545,0.0171417388594006,0.0766255893766807,-3.17496734573371
GABRG3,-1.70285714285714,6.52542857142857,-2.68227415639938,0.0172654215581217,0.0770334614281812,-3.18145274353416
NDST3,-1.562,5.40357142857143,-2.68161651569527,0.0172880357447436,0.0770619669353914,-3.18263339583833
SGSM1,-0.808857142857143,7.197,-2.6807310061046,0.017318530862129,0.0771616907407895,-3.18422300053014
P2RX7,0.964714285714285,9.21935714285714,2.67992358181889,0.0173463822010659,0.0772261454305772,-3.18567229461749
UBE2O,-0.582857142857143,7.109,-2.67933110978593,0.0173668464998415,0.0772355997812812,-3.18673567463645
CNTN6,-1.03885714285714,5.51285714285714,-2.67930806272178,0.0173676430290364,0.0772355997812812,-3.18677703851549
LIN7A,-0.985714285714287,6.63085714285714,-2.67254707519959,0.0176028401640319,0.0780136612740783,-3.19890673450145
CCDC3,-1.309,7.21521428571429,-2.67170835147571,0.017632230876228,0.0780832452649369,-3.20041081864957
CSRNP3,-1.06985714285714,7.83321428571429,-2.67066361278306,0.0176689071154216,0.0781546191808575,-3.20228414930537
ENC1,-2.74414285714286,7.01035714285714,-2.67007832029171,0.0176894863921301,0.0781546191808575,-3.20333354545155
PRKCE,-1.16357142857143,8.1935,-2.66866059402295,0.0177394306135825,0.0782297360252646,-3.20587515809699
NECAB1,-0.972000000000001,10.2108571428571,-2.66814333599509,0.0177576866759232,0.0782547714815638,-3.20680236423652
RYR2,-1.28171428571429,7.50085714285714,-2.66761351215477,0.0177764050482782,0.078274673555287,-3.20775203833387
MPPED1,-1.54257142857143,7.65428571428571,-2.66671974487777,0.0178080245315827,0.0783140856599557,-3.2093539265726
SYNPO2,0.700714285714285,8.41978571428571,2.66610875281476,0.0178296713140196,0.0783729975992002,-3.21044890595867
RORB,-1.35685714285714,7.20557142857143,-2.66508571604836,0.017865973300827,0.0784365489343718,-3.2122821528763
NPTX1,-2.30742857142857,7.20242857142857,-2.66422013860828,0.0178967436519301,0.0784862271235843,-3.21383307003948
TMEM38B,0.677857142857142,6.26178571428572,2.66269855448526,0.0179509584305549,0.0785376731362522,-3.21655902746587
LDB2,-1.429,7.76107142857143,-2.66188129093676,0.0179801433538896,0.0785618131180303,-3.21802297922264
NAALAD2,-0.915857142857144,5.71892857142857,-2.66143090362164,0.0179962465036327,0.0785960209370145,-3.21882969221808
PIWIL4,0.626857142857143,5.90157142857143,2.66086919278104,0.01801634942828,0.0786476577294262,-3.21983574403152
FANCB,0.851142857142856,6.554,2.65992498885084,0.0180501901608739,0.0786869005682154,-3.22152671275514
RNFT2,-0.687000000000001,7.29678571428571,-2.65915568577674,0.0180778077205941,0.0787041229390658,-3.22290431616669
BTG3,0.679857142857142,6.24235714285714,2.65912257221032,0.0180789973947828,0.0787041229390658,-3.22296361041001
TPRG1L,-0.716000000000002,8.33071428571429,-2.65718674146704,0.0181486776730371,0.0789351141099721,-3.22642957721038
PNKD,-0.593000000000001,6.9475,-2.65474909148625,0.0182367897427906,0.0792820438291844,-3.23079290691505
LRRTM1,-1.35971428571429,6.63785714285714,-2.65349945448678,0.0182821194484073,0.0794385466098852,-3.23302924401355
CHST1,-1.04871428571429,7.79492857142857,-2.65329586417723,0.0182895148369111,0.0794385466098852,-3.23339355616235
COX7B,-0.933714285714286,5.34128571428571,-2.65173218044368,0.0183464117330744,0.0794893814599595,-3.23619138149321
COL12A1,-0.773857142857143,5.05021428571429,-2.65127735258421,0.0183629933418636,0.07950322413599,-3.23700508732281
HTATIP2,0.955142857142856,7.40357142857143,2.6505316080947,0.0183902121619501,0.0795210623841426,-3.23833916113845
DIRAS1,-0.925285714285715,7.79278571428571,-2.65009659753914,0.0184061075210267,0.0795210623841426,-3.2391173043266
BMPER,-0.847285714285715,5.74878571428571,-2.64962709128978,0.0184232782321883,0.0795466908761622,-3.23995710851808
FAM102B,-1.31628571428572,6.51728571428571,-2.64831802826184,0.0184712347371193,0.079590539622724,-3.24229838021489
KCNH7,-1.60328571428571,5.98621428571429,-2.64776951231939,0.0184913649738198,0.079590539622724,-3.24327929896388
MKNK2,0.956857142857142,7.74842857142857,2.64774228366451,0.0184923648017949,0.079590539622724,-3.24332799069766
SLC12A8,-0.679857142857143,5.17164285714286,-2.64751151046226,0.018500840818279,0.079590539622724,-3.24374066537913
TRIM26,0.782285714285714,6.90614285714286,2.64731885681299,0.0185079196204607,0.079590539622724,-3.2440851650796
TCP11L2,0.682857142857143,8.56414285714286,2.64703143311145,0.0185184854790835,0.079590539622724,-3.24459911628931
G3BP2,-0.69157142857143,7.91635714285714,-2.64699885111193,0.0185196835790094,0.079590539622724,-3.24465737607065
NGEF,-1.41014285714286,6.8655,-2.6445361990803,0.0186104565287978,0.0798794959358929,-3.24906018827897
CD69,0.632857142857143,3.794,2.64410933667912,0.0186262341820785,0.0798794959358929,-3.24982321681369
ANKRD29,-0.853,5.95164285714286,-2.64377561452018,0.0186385781777312,0.0798952410244896,-3.25041972766552
GAB1,0.622,10.5842857142857,2.64169084146957,0.018715870285162,0.080082005332772,-3.25414561539627
FAM3C,-0.821857142857144,7.46892857142857,-2.64069083731118,0.018753054626469,0.0801688865422273,-3.25593248619167
PHLPP1,0.585714285714286,8.653,2.63846437358979,0.0188360998936788,0.080343113107344,-3.25991010765775
EPHB6,-1.625,6.97464285714286,-2.63458365999805,0.0189816955651218,0.0807241025273095,-3.26684054693371
SOX6,0.585714285714285,6.75771428571429,2.6344903381086,0.0189852101154046,0.0807241025273095,-3.26700716769795
DYNLT3,-0.886142857142858,7.54392857142857,-2.63416520582157,0.0189974596640782,0.0807241025273095,-3.26758765773278
B4GAT1,-0.808142857142858,7.31535714285714,-2.63259254941231,0.0190568180242935,0.0807766657032579,-3.27039515215948
NSMF,-0.692428571428572,8.8525,-2.63191867582855,0.0190823073837363,0.0807766657032579,-3.27159798333014
CABP1,-1.82228571428572,6.25028571428571,-2.62989654198513,0.0191589922339621,0.0808490747358534,-3.27520680490198
ATRNL1,-1.12971428571429,9.16942857142857,-2.62650583961805,0.0192882437790344,0.0811062539429162,-3.28125607168531
NEGR1,-1.11071428571429,8.24835714285714,-2.62568612128877,0.0193196168119945,0.0811975101666559,-3.28271813627841
METTL7A,0.663142857142857,7.80842857142857,2.62325809951197,0.0194128330447795,0.0813969954784519,-3.28704794256889
LAYN,0.606857142857144,6.79785714285714,2.62080373879045,0.0195075006637303,0.0816574885791514,-3.29142341131178
ATP6V1H,-0.803571428571429,7.2585,-2.62063834399417,0.0195138961021869,0.0816574885791514,-3.29171821863342
PPP2R2B,-0.592142857142858,8.64821428571429,-2.61967181986746,0.0195513097723377,0.0816824019658364,-3.29344087607383
SLC5A11,0.964428571428571,9.24492857142857,2.61960795804842,0.0195537842629414,0.0816824019658364,-3.29355469120479
HS3ST4,-0.725,5.84821428571429,-2.61959604422642,0.0195542459280253,0.0816824019658364,-3.29357592403081
CMIP,-0.670285714285714,8.87085714285714,-2.61901520116194,0.0195767665489398,0.0817405298674195,-3.29461106539731
GUCY1B3,-0.909714285714286,8.63271428571429,-2.61811776349747,0.0196116113793969,0.0818500423958222,-3.29621027585771
C8orf34,1.103,5.49735714285714,2.61660984948203,0.019670293686971,0.0820142081716168,-3.29889694072195
LAMB2,0.768285714285713,7.07714285714286,2.61651637793149,0.0196739368048129,0.0820142081716168,-3.29906346341572
ATP5A1,-0.659000000000002,8.32707142857143,-2.61518350842459,0.0197259570327265,0.0821468065996796,-3.30143780562978
RCAN2,-0.885428571428572,8.73171428571429,-2.61304506159663,0.0198096946675992,0.0823353411457407,-3.30524636527596
SLC9A5,-0.581714285714287,5.274,-2.61254689339421,0.0198292510960251,0.0823603218894369,-3.30613345437577
PLEKHM3,-0.601857142857143,7.79107142857143,-2.61176842220761,0.0198598484989107,0.0824061969057087,-3.30751956953772
ADAMTS1,0.763714285714285,7.50914285714286,2.61138343355106,0.0198749970640045,0.0824061969057087,-3.30820501556894
CDKL3,0.586857142857142,5.05385714285714,2.61084915308969,0.019896038401046,0.082457447108,-3.30915621101835
EFEMP1,0.901571428571429,9.18792857142857,2.60970572479799,0.0199411416000139,0.0825813932548948,-3.31119167764485
SYPL1,0.636714285714285,7.98635714285714,2.60943015623485,0.0199520262680265,0.0825813932548948,-3.31168218584342
DDIT3,0.798,7.59128571428571,2.60810845019021,0.0200043117809844,0.0827257107564524,-3.31403456938579
NEK11,0.654857142857142,5.94242857142857,2.60554002417969,0.0201062936810994,0.0828200148219847,-3.31860476233191
WDR17,-0.960142857142858,7.7495,-2.60471922081647,0.020138989821115,0.0828498329626556,-3.3200649686555
PI4KA,-0.838714285714285,9.3995,-2.59758803401308,0.0204252161505877,0.0835898145034388,-3.33274496267661
ZFAND2A,0.84442857142857,8.90778571428571,2.5969967207237,0.0204491246908304,0.0835898145034388,-3.33379586505206
CDH9,-2.533,5.41764285714286,-2.59322963005986,0.0206020721692295,0.0840402738633382,-3.34048900960191
CRYM,-1.75514285714286,5.77571428571429,-2.5921432513016,0.0206463840836412,0.0840402738633382,-3.34241862486507
ETV6,0.704142857142857,7.70807142857143,2.59028563447902,0.0207223660672878,0.0841960410023854,-3.34571748300122
PLXNB1,0.602428571428571,8.44621428571429,2.59014366388392,0.0207281841226803,0.0841960410023854,-3.34596956983029
TMEM123,0.617428571428571,8.974,2.59004730435085,0.0207321338987872,0.0841960410023854,-3.34614066580327
ADGRB2,-0.812285714285715,8.24414285714286,-2.5852758482067,0.0209286229500965,0.0848489071288804,-3.35461020630393
MAP3K11,0.625285714285714,7.83321428571429,2.58445628104039,0.0209625523660951,0.0849502068794954,-3.35606444799105
SLC36A1,-0.644000000000001,7.84271428571429,-2.58210654350787,0.0210601227670145,0.085163944727063,-3.36023297025876
HSPD1,0.864285714285714,9.02242857142857,2.58093563053904,0.0211089064076804,0.0853248944538537,-3.36230973839174
WIPF3,-0.958714285714286,6.5335,-2.57983820228781,0.0211547269750485,0.0854373943605383,-3.36425588412638
GPR158,-1.40971428571429,7.83828571428571,-2.57934917068634,0.0211751761058822,0.0854836369867297,-3.36512302808868
CPVL,0.814,5.008,2.57623995574505,0.021305634349502,0.0858557655717302,-3.37063494753219
DGKB,-0.949000000000001,8.16278571428572,-2.57543123816617,0.0213396932526453,0.0858922653418975,-3.37206824888952
TNS1,0.699428571428572,8.99928571428571,2.57348052629406,0.0214220621469087,0.0861507909963954,-3.37552489574593
GDPD2,0.802857142857143,5.631,2.57256546842341,0.021460805586717,0.0862335838698072,-3.3771460656032
HS6ST2,-0.801714285714286,4.44928571428571,-2.57228858027621,0.021472542246692,0.0862442616496099,-3.37763657823664
RHOBTB2,-0.787142857142858,7.41857142857143,-2.5682534275391,0.0216442838518467,0.0867515558757544,-3.38478289136434
GRAMD3,0.584142857142856,9.26121428571428,2.56824816655399,0.0216445086246487,0.0867515558757544,-3.38479220615095
CEBPD,0.836571428571428,8.91042857142857,2.56589871402098,0.0217451119025259,0.0870217626310305,-3.38895135604293
GJA1,0.789714285714285,10.1784285714286,2.56560474991487,0.0217577309452256,0.0870217626310305,-3.38947165844327
LIMK2,0.606142857142856,7.03435714285714,2.56404727368181,0.0218247062746369,0.0871735271586346,-3.39222797665397
SNTG1,-1.126,6.99485714285714,-2.56386901180204,0.0218323845784179,0.0871735271586346,-3.39254341617798
LAMP5,-1.88257142857143,5.923,-2.56348488700254,0.0218489388595449,0.0872029706835366,-3.39322311052783
ABHD5,0.703428571428571,8.51814285714286,2.56170392092056,0.0219258490098156,0.0874238384972522,-3.39637400665476
PDE4A,-0.941428571428573,6.23857142857143,-2.56109125187163,0.0219523668043117,0.0874238384972522,-3.39745777078045
ADGRL2,-1.23742857142857,7.328,-2.56057132903275,0.0219748944445863,0.0874238384972522,-3.39837740419574
CADM3,-1.15985714285714,7.96321428571429,-2.55922985242562,0.0220331214854365,0.0875175467543406,-3.40074989578557
FAM84A,-0.832857142857143,6.656,-2.55919068169031,0.0220348239197879,0.0875175467543406,-3.40081916543833
BBOX1,0.722571428571429,5.90557142857143,2.55877515554144,0.0220528912418391,0.0875388273741036,-3.40155396072976
HDAC1,0.589714285714285,7.56671428571429,2.55792857863878,0.022089744870143,0.0876484906104795,-3.40305087708951
JUNB,0.906285714285714,7.81685714285714,2.55407181277542,0.0222583882500905,0.0882439190265482,-3.40986824289665
WLS,0.610714285714285,8.93035714285714,2.55349822510148,0.0222835745045935,0.0883069145678489,-3.41088183448106
PTCHD4,-1.34371428571429,6.96628571428571,-2.55188968970455,0.0223543511626393,0.0884676031642506,-3.41372387016916
LRRN2,-0.709714285714286,6.20085714285714,-2.55173029226917,0.0223613764814576,0.0884676031642506,-3.41400546721499
IL18,0.588714285714286,4.60535714285714,2.54820544666702,0.0225172732005631,0.0889362071235545,-3.42023102024292
ATP6V1A,-0.971571428571429,8.5635,-2.54783393148738,0.022533765100937,0.0889643535718207,-3.42088701288855
DYNLT1,0.629714285714285,6.98114285714286,2.54687523187246,0.0225763761457886,0.089018856429977,-3.42257965624936
CLSTN2,-1.59857142857143,7.29942857142857,-2.54603073471978,0.0226139752161732,0.0890958733216214,-3.42407048410952
NLK,-0.627000000000001,9.62535714285714,-2.54568950003346,0.0226291848283428,0.0891188336170931,-3.42467283173087
RASD1,-0.63857142857143,7.63414285714286,-2.542364233591,0.0227779135550154,0.0894328356502868,-3.43054111609848
CTGF,0.964285714285715,7.80942857142857,2.54130626772644,0.0228254290747011,0.0895205411975993,-3.43240760475086
HTR1E,-1.331,4.50407142857143,-2.54091753199158,0.0228429118703912,0.0895521336594495,-3.43309335319061
NRGN,-1.77857142857143,7.78128571428572,-2.53982921704143,0.0228919254118888,0.0895963739132806,-3.43501299703319
DNM1L,-0.595571428571428,8.55807142857143,-2.53752012316603,0.0229962519185894,0.0898935790019261,-3.43908497650941
AQP1,1.04314285714286,9.70571428571429,2.53646168867363,0.0230442247727593,0.0899700333400906,-3.44095104070898
SNRNP25,-0.751857142857143,8.22707142857143,-2.53490121650054,0.0231151269668413,0.0901224817196551,-3.44370171765813
IL34,-0.911,6.82264285714286,-2.53472573131009,0.0231231134289237,0.0901224817196551,-3.44401101171117
BGN,0.728571428571429,9.23271428571429,2.53435054787546,0.0231401971696219,0.0901224817196551,-3.44467225015539
KIAA1211L,-1.01671428571429,6.1355,-2.53125837243925,0.0232814583084932,0.0904418028670509,-3.45012070680541
GRIP1,-0.804857142857143,5.07157142857143,-2.52847188276621,0.0234094613689688,0.0907247954075214,-3.45502852134403
TMEM163,-0.802714285714286,6.28021428571429,-2.52824890595619,0.023419733312939,0.0907275883929884,-3.45542116507657
TIAM2,-0.792285714285715,5.57157142857143,-2.52623439995013,0.0235127319105653,0.0909876326051717,-3.45896798530727
TMC6,0.816571428571427,7.56514285714286,2.52617249906347,0.023515595120086,0.0909876326051717,-3.45907695455899
NRG1,-0.855285714285714,5.05278571428571,-2.52257875180732,0.0236823960019525,0.0912875911516039,-3.46540169227038
CNKSR2,-1.40885714285714,8.05685714285714,-2.522003984817,0.023709178108486,0.0912875911516039,-3.46641294266535
CHST9,0.800714285714285,5.37435714285714,2.52166250692454,0.0237251034849396,0.0912875911516039,-3.46701370301621
APLNR,1.035,8.09792857142857,2.52035308622614,0.0237862653332327,0.0913618749924061,-3.46931709037171
C1orf21,-0.597142857142858,8.61357142857143,-2.51995950837745,0.0238046784510164,0.0913618749924061,-3.47000934500835
TUSC3,-1.06257142857143,7.91028571428571,-2.51790560245403,0.0239009896241003,0.0915835015890797,-3.47362128159794
NRG4,-0.614714285714286,5.33178571428571,-2.51472132327975,0.0240510429020268,0.0918620251412755,-3.47921896529257
SLC39A14,0.883285714285714,7.60978571428572,2.51360128874826,0.0241040362446928,0.091950433291844,-3.48118728127168
GPC5,-0.905142857142858,7.29471428571429,-2.51341397478833,0.0241129097094413,0.091950433291844,-3.48151643048605
TENM3,-0.804285714285715,7.21828571428571,-2.51086025795363,0.0242341966543081,0.0923388022540202,-3.48600295323098
B3GALT2,-0.912571428571429,8.14171428571429,-2.51063628512556,0.0242448618500284,0.09234239884259,-3.48639636346677
ENKUR,0.879142857142857,5.33885714285714,2.50876577787678,0.0243341074710976,0.0925796910619403,-3.48968142960221
BEND6,-0.796142857142858,7.09307142857143,-2.50869126613611,0.0243376690682312,0.0925796910619403,-3.48981227198598
P4HA2,1.06871428571429,7.37535714285714,2.50851390281744,0.0243461488864856,0.0925796910619403,-3.4901237157505
GFAP,0.581142857142856,11.8157142857143,2.50745576360274,0.0243967976810197,0.0926239732901702,-3.49198160510061
SLC6A9,0.86757142857143,8.16892857142857,2.50654264660385,0.0244405857662471,0.0927531459023496,-3.49358463453692
ATP6V0D1,-0.605142857142859,9.88128571428572,-2.50389888543716,0.0245677898711255,0.092843820038926,-3.49822471209529
SH3BGR,1.08585714285714,6.10564285714286,2.50303870227493,0.0246093136178351,0.092843820038926,-3.4997340391048
NPY1R,-1.30671428571429,4.90821428571429,-2.50247595798536,0.0246365153192763,0.092843820038926,-3.5007213603887
CAMK1,-0.718,6.96457142857143,-2.50243271309294,0.0246386068608817,0.092843820038926,-3.5007972291589
CGNL1,0.630285714285714,6.16485714285714,2.50185020054994,0.0246667966454186,0.092843820038926,-3.50181914160583
GTF2IRD2B,0.647142857142857,7.61614285714286,2.50178954299256,0.0246697338433782,0.092843820038926,-3.50192554928021
FRMPD2,0.800285714285714,5.63314285714286,2.5002907373232,0.024742416130141,0.0929700201029309,-3.50455450888645
PPIL6,0.715142857142857,7.24114285714286,2.49935699462806,0.0247877998901011,0.0930669214055614,-3.50619203630383
ATM,0.583285714285714,8.1305,2.49862571977525,0.0248233983695997,0.0931563316029183,-3.50747433460536
RAI14,0.81142857142857,6.51171428571429,2.49707219369456,0.0248991861363507,0.0933375568702428,-3.51019800298613
SGCZ,-0.808285714285715,4.08371428571429,-2.49647175488999,0.0249285373081317,0.0934107202721669,-3.51125053607272
HIBCH,0.921857142857142,7.91435714285714,2.49554669993145,0.0249738213045481,0.0934224043508805,-3.51287191989013
SNAPC5,-0.785000000000001,8.23878571428572,-2.49455628694941,0.0250223918014231,0.0935042091745547,-3.51460761481472
MMD,-0.775285714285715,8.19278571428571,-2.49212939562379,0.025141789600107,0.0938765170642358,-3.51885966070477
STK32A,0.967999999999999,5.60914285714286,2.49171816675633,0.0251620749706646,0.0939153438688972,-3.51958000502686
TRIM37,-0.860714285714286,8.1615,-2.49074135810233,0.0252103222728485,0.0940349379859056,-3.52129089241633
SPSB1,0.790142857142856,6.73907142857143,2.49057393485496,0.0252186006316179,0.0940349379859056,-3.52158411058754
MTMR7,-0.648285714285714,8.31342857142857,-2.48908663096814,0.0252922553721823,0.0941791978754841,-3.52418859366587
DNAJA1,0.696999999999999,8.37735714285714,2.48597536219426,0.0254469969638133,0.0945330559871969,-3.52963501115878
ABHD3,1.04528571428571,5.72321428571429,2.48523085474968,0.0254841593729253,0.0945971199231798,-3.53093793093546
NETO1,-1.904,6.837,-2.47638657708579,0.0259296037307496,0.0958013636088643,-3.5464046763155
HSPA1B,1.45014285714286,10.6562142857143,2.4732467153099,0.0260895217332895,0.0962798628378077,-3.55189066256982
ZIM2,-0.717000000000001,8.70992857142857,-2.47092631180657,0.0262083070224538,0.0966056299597552,-3.55594320668573
INPP4A,-0.710142857142858,8.0955,-2.47020275625151,0.0262454523136681,0.0966791199642987,-3.55720659111305
VPS13A,-0.693571428571429,6.38878571428572,-2.46932887315071,0.0262903818761288,0.0967579765367482,-3.5587322733501
LRRTM3,-0.985142857142858,8.07885714285714,-2.46731369064153,0.0263942693650787,0.0970851826748705,-3.56224973462608
CNTNAP1,-1.05185714285714,7.84421428571429,-2.46720799297411,0.0263997291135057,0.0970851826748705,-3.56243419789897
CFAP44,0.704285714285715,6.93685714285714,2.46690752936138,0.0264152552545419,0.0970922208527065,-3.5629585498504
CELF2,-0.845857142857143,8.43307142857143,-2.46509295302807,0.0265092066246146,0.0972618592998123,-3.56612473174142
AKAP12,-0.813571428571428,7.69735714285714,-2.46362335341435,0.0265855296871959,0.0973538729755874,-3.56868833121123
NAP1L3,-1.03071428571429,8.49378571428571,-2.46259515800082,0.026639052983309,0.09751227910923,-3.57048159170423
SYBU,-1.11614285714286,7.61492857142857,-2.45994401900146,0.0267775333249758,0.0977554915656976,-3.57510409300977
REST,0.592142857142857,6.57207142857143,2.45938293461957,0.0268069289177806,0.0977592813118321,-3.57608215183039
HS3ST2,-0.964714285714286,6.3555,-2.45933491685682,0.0268094460277211,0.0977592813118321,-3.57616585044202
CAMK2G,-0.884714285714289,9.51678571428571,-2.45652843115835,0.0269569546304732,0.0980114479765439,-3.58105668677318
PIK3AP1,0.64642857142857,5.90921428571429,2.4552105954968,0.0270264861943598,0.0980114479765439,-3.58335253155435
BOC,0.703,6.05521428571429,2.45407086037135,0.027086758449114,0.0981300985919656,-3.58533772192139
KCNK10,-0.772142857142858,5.4105,-2.45229071118459,0.0271811535144096,0.0983595341841434,-3.58843767967272
EFNA5,-1.34385714285714,7.41564285714286,-2.4512138661803,0.0272384066884759,0.0984051902301585,-3.59031248281482
SEPP1,0.692428571428569,10.6117857142857,2.45119359292438,0.027239485666815,0.0984051902301585,-3.59034777582639
KIF13B,0.699571428571428,8.23135714285714,2.44950615399846,0.0273294368306388,0.0985208047264659,-3.59328498727247
ABCA6,1.221,8.20978571428572,2.44896741514249,0.027358214482203,0.0985871317778629,-3.5942225701602
SMAD1,0.627999999999999,7.58485714285714,2.44674690609119,0.0274771312887675,0.0989030959120889,-3.59808614930538
SHROOM1,0.727142857142856,7.16685714285714,2.44469462922414,0.0275874756583607,0.0992158988513677,-3.60165581187928
CA11,-0.728428571428572,8.54192857142857,-2.444324501839,0.0276074210283155,0.0992158988513677,-3.60229947623302
PCDH8,-1.00371428571429,5.51828571428572,-2.44426396839658,0.0276106843500418,0.0992158988513677,-3.60240474240826
GDA,-2.19514285714286,6.646,-2.44375206659612,0.0276382953413143,0.0992158988513677,-3.60329488686258
ARL4C,-0.650571428571428,6.23628571428571,-2.44284579792556,0.0276872421182331,0.0992831683205346,-3.60487061799645
TRERF1,-0.652857142857144,5.37157142857143,-2.44264739310533,0.0276979687809832,0.0992841530002112,-3.60521555470733
LINC00461,-0.805571428571428,5.2635,-2.44174532492732,0.0277467885136749,0.0994216311170871,-3.6067837087488
PNMA2,-1.24071428571429,6.9865,-2.43792644934552,0.0279543729452346,0.0999025427129926,-3.61341995026096
PGBD5,-0.837857142857143,7.11692857142857,-2.43615190475308,0.0280513342790696,0.100172791096572,-3.6165022882669
RASAL2,-0.632857142857142,7.611,-2.43425756140975,0.0281551941128107,0.100392713542639,-3.61979174974818
LRRTM4,-1.17714285714286,8.05971428571429,-2.43227792925552,0.0282641204110562,0.100743294478283,-3.62322824635293
PLK2,-1.47942857142857,6.41271428571429,-2.43044836190723,0.0283651455196023,0.100989699134446,-3.62640327058021
SERPINI1,-0.724428571428571,8.16378571428571,-2.42765268157037,0.0285201802733811,0.101327525445522,-3.63125307757853
TMEM229B,-0.791428571428572,5.43285714285714,-2.42674489390494,0.0285706945929049,0.101417424491033,-3.63282739181082
ESRRG,-0.968000000000001,5.90514285714286,-2.42409558424126,0.0287186030683144,0.101790302442507,-3.63742058644493
ARHGEF25,-0.770285714285715,7.043,-2.42134233408016,0.028873084653227,0.102223418233695,-3.64219189361797
SOX10,0.641428571428571,8.17728571428571,2.41629254990362,0.0291584742756829,0.102926922015872,-3.65093746545293
DPY19L2,-0.752571428571429,4.79442857142857,-2.41556933969358,0.029199565138704,0.102995421185499,-3.65218938010028
STXBP5L,-1.42871428571429,7.87735714285714,-2.41519536267906,0.0292208350548593,0.103031470637944,-3.65283669555187
PPP1R3C,0.605571428571428,8.05907142857143,2.41500832356617,0.0292314784050173,0.103031470637944,-3.65316042595583
ENTPD3,-1.35985714285714,5.68921428571429,-2.41419019580861,0.0292780767271225,0.103157437251831,-3.65457633811889
PTPN3,-0.950428571428572,5.6515,-2.41351823276162,0.0293164026109497,0.103254174416541,-3.65573914437515
CALCRL,0.631571428571428,6.68135714285714,2.41192333994096,0.0294075590707081,0.103460149486169,-3.65849853005216
SMS,-0.602142857142858,7.54507142857143,-2.40880985835187,0.0295862860775335,0.103858141703803,-3.6638831917553
PLCB1,-1.16942857142857,8.626,-2.40785547182549,0.0296412778617331,0.103974334715141,-3.6655332156198
SYNE2,0.958285714285714,6.14542857142857,2.40643751970478,0.0297231593129303,0.10418460897178,-3.66798420837762
SMAD9,0.668428571428571,7.7225,2.40571998899806,0.0297646757144456,0.104253191228436,-3.66922427184872
VIP,-0.622428571428572,4.17135714285714,-2.40514476086318,0.0297979981727455,0.104331435548437,-3.67021829580283
SERHL2,0.941714285714285,5.99585714285714,2.40388122495176,0.0298713178998212,0.104488138094434,-3.67240141692909
OLR1,1.29385714285714,7.08964285714286,2.40383976836261,0.0298737264139119,0.104488138094434,-3.67247303730273
GABARAPL1,-0.627857142857143,9.95107142857143,-2.40038410631902,0.0300751393393852,0.104876559686057,-3.6784412934996
LZTS1,-0.597857142857143,5.54292857142857,-2.39926353004412,0.0301407278790352,0.105028163654789,-3.68037589407216
BZW2,-0.660714285714286,6.62535714285714,-2.39704640846791,0.0302708979838857,0.105327201446495,-3.6842025352639
RXFP1,-1.57614285714286,4.91978571428571,-2.39626367198364,0.0303169805458525,0.105371751995995,-3.68555315865502
TSPYL1,-1.11528571428571,5.70621428571429,-2.39220407687638,0.0305570518242218,0.105780406442523,-3.69255518991545
KCNMA1,-0.818000000000001,8.12242857142857,-2.39114680720453,0.0306198702116185,0.105920665382434,-3.69437799056425
FABP3,-1.51842857142857,7.58007142857143,-2.39038963963745,0.0306649329608272,0.105940059578154,-3.69568319516143
RGS1,1.47685714285714,6.59,2.38836451208119,0.0307857670007213,0.106174238774585,-3.69917328301477
NEUROD6,-1.37414285714286,4.88621428571429,-2.38648448551703,0.0308983466282226,0.106341809645466,-3.70241222847006
CDH10,-1.09,7.66128571428571,-2.38522861257611,0.03097376772835,0.10656277423093,-3.70457529158105
CDKL1,0.763857142857143,6.18064285714286,2.38446634058086,0.0310196307072818,0.106604729409721,-3.70588797067221
ZNF281,0.591142857142857,7.84542857142857,2.38098744897756,0.0312297594454637,0.107171779253056,-3.71187665961069
CDH6,-0.594142857142857,6.98992857142857,-2.38027109120213,0.0312731951187202,0.107282080329622,-3.71310937963175
LPCAT4,-0.851857142857144,7.46992857142857,-2.37703122879122,0.0314703558630676,0.107725012736317,-3.71868268821668
NRXN3,-0.841285714285714,9.08907142857143,-2.37602002686417,0.0315321325864509,0.107897596339588,-3.7204215500723
ART3,0.818571428571429,5.75357142857143,2.37508732265717,0.0315892153687475,0.108015103235325,-3.72202515767606
CAT,0.601000000000001,8.58507142857143,2.36875974606893,0.0319790596248413,0.109112459546109,-3.73289736913374
IGFBP7,0.709714285714285,9.99185714285714,2.36609914332641,0.0321443347584442,0.109303283105642,-3.73746530683716
CIRBP,-0.78357142857143,9.23107142857143,-2.36601194066357,0.0321497653774004,0.109303283105642,-3.73761498740689
PTGES3,0.689571428571428,9.0845,2.36563790340403,0.032173068698113,0.109303283105642,-3.73825698439416
PDIA4,0.780142857142855,7.87507142857143,2.36446193131931,0.0322464382951712,0.10950171230123,-3.74027514671517
PPP3CA,-0.975857142857143,9.69821428571429,-2.36092242363993,0.0324682254385392,0.110069833490608,-3.74634700917531
HTR4,-0.866000000000001,5.39014285714286,-2.36069994742655,0.0324822139242962,0.110077970055972,-3.74672853041045
KLF15,0.719428571428571,7.77014285714286,2.35890523184121,0.032595267408265,0.110312556604067,-3.7498057139891
ITPR1,-1.22342857142857,7.37914285714286,-2.35665178509947,0.0327377437539048,0.110549530010075,-3.7536680453688
SYT10,-0.875857142857143,5.1755,-2.35512939218809,0.0328343311495107,0.110709657254532,-3.75627650163392
RUSC1,-0.695428571428572,5.96614285714286,-2.35419011583503,0.032894057172429,0.110762371173663,-3.75788549846774
GABBR1,-0.630000000000001,9.671,-2.34968580572057,0.0331819018957514,0.111297629275333,-3.76559771781042
PRR5L,0.812285714285714,6.756,2.3483201366781,0.0332696425799269,0.111434532745672,-3.76793477126273
PNCK,-0.713285714285715,6.44992857142857,-2.34792058694417,0.0332953539778051,0.11148134206386,-3.76861840786397
FSTL5,-0.997999999999999,5.59242857142857,-2.34673538750243,0.0333717330058309,0.111619046416334,-3.77064601647673
NRCAM,-0.647428571428573,9.17314285714286,-2.34591355795623,0.0334247920377808,0.111751235643318,-3.77205172774407
ANKFN1,0.773857142857142,5.68964285714286,2.34520078559615,0.0334708745466991,0.111832514006013,-3.77327073214985
DLL1,0.678142857142857,6.67607142857143,2.34151419263198,0.0337101801163496,0.112279536538264,-3.77957315259169
LDLRAP1,0.766714285714286,7.46707142857143,2.34126796875782,0.0337262204488745,0.11229070033083,-3.77999393545316
TMEM132B,-0.818714285714286,6.48221428571429,-2.34006732750936,0.0338045397767654,0.112356362178159,-3.78204549559973
SLITRK5,-0.699714285714285,7.05985714285714,-2.33837656281821,0.0339151213077422,0.112564548323635,-3.78493378246373
TTC39C,-0.810571428571429,6.28142857142857,-2.33502488098415,0.0341353411086166,0.113049943268268,-3.7906567447275
MLLT11,-1.14771428571429,9.90914285714286,-2.33477637071995,0.0341517228538946,0.113049943268268,-3.79108093428287
SGPP2,-0.723000000000001,6.83778571428571,-2.33470273557492,0.0341565782903389,0.113049943268268,-3.79120662060549
PLA2G16,0.766571428571427,8.75014285714286,2.33364707362718,0.0342262592707666,0.113162282218243,-3.79300832260641
SMAP2,-0.58157142857143,8.74692857142857,-2.33245393915644,0.0343051756540643,0.113304889964519,-3.79504423096684
KCNH3,-1.138,6.092,-2.32861702535365,0.0345601209014365,0.113934570382983,-3.80158834269314
ENGASE,0.684857142857143,6.718,2.32827039082014,0.0345832408719325,0.113934570382983,-3.80217932381272
NKX6-2,0.654571428571429,8.93628571428572,2.32814244723732,0.0345917781855483,0.113934570382983,-3.80239744674246
MGST1,0.709857142857143,8.98692857142857,2.32612221710787,0.0347268458587146,0.114221021056762,-3.80584092800128
PCP4L1,-1.00757142857143,6.34878571428571,-2.32511347329308,0.0347944738001461,0.114324699629052,-3.8075598510152
SLC26A4,-0.860857142857143,4.01742857142857,-2.32105879777111,0.0350675594150874,0.114761281576837,-3.81446587698981
CALD1,0.667428571428572,7.96671428571429,2.32010649912382,0.0351319894592551,0.114799782910562,-3.81608710299666
LYSMD2,-0.596142857142857,5.68992857142857,-2.31642615529781,0.0353820408522719,0.115337682242873,-3.82234994541157
CD53,0.828714285714286,8.11892857142857,2.31431343783462,0.0355263396507435,0.115649314716385,-3.82594321334953
CD22,0.884142857142858,9.0555,2.31272116806301,0.0356354575258857,0.115786155081687,-3.82865037457805
UPP2,-0.596285714285715,5.04428571428571,-2.31245704505614,0.0356535882734787,0.115786155081687,-3.82909935568086
SLC17A7,-2.74614285714286,7.73664285714286,-2.31125323215041,0.0357363340772358,0.115975209224347,-3.83114542779022
PLPP4,0.764714285714284,8.44821428571429,2.30925562649091,0.0358740410403063,0.116302906430672,-3.83453965488091
GPR162,-0.951285714285715,7.3955,-2.30824087591491,0.0359441848886543,0.116450822734423,-3.83626337653771
ANK1,-0.949,5.58592857142857,-2.30794458630026,0.0359646899928443,0.116477528210715,-3.83676661116973
CRTAC1,-0.721000000000001,6.4935,-2.30113031618715,0.0364393263636235,0.117294869918014,-3.84833255292608
OTUD7B,0.599857142857142,7.14007142857143,2.29524061406091,0.0368543001148478,0.118349897495247,-3.85831712747286
HSPA1A,1.20885714285714,11.5174285714286,2.29395685672654,0.0369453377954962,0.118602150631774,-3.86049193439895
PARP9,0.652,5.79642857142857,2.29280742891833,0.0370270286611651,0.118715226866654,-3.86243871891709
OPALIN,-1.25957142857143,8.44464285714286,-2.2923320548484,0.0370608634802531,0.118772315181823,-3.86324373351034
RPGRIP1L,-0.601285714285714,5.74892857142857,-2.28713012623516,0.037433013282076,0.11977660696007,-3.87204803018756
ITGAX,0.826999999999999,6.07735714285714,2.2847353497993,0.0376055138912654,0.120100711497278,-3.87609822292668
CBFB,0.602571428571428,8.56728571428572,2.2844998510173,0.0376225175732588,0.120100711497278,-3.876496411112
ABR,-0.616428571428573,9.44307142857143,-2.2844924748374,0.0376230502709362,0.120100711497278,-3.87650888267669
MYOT,0.678857142857143,5.98742857142857,2.28442719523575,0.0376277649834521,0.120100711497278,-3.87661925593628
ANOS1,0.680142857142856,7.2005,2.28426152954094,0.0376397324062951,0.120100711497278,-3.87689935341499
P2RY14,-0.786285714285714,6.48028571428571,-2.28200295879528,0.0378032445654617,0.120408868680968,-3.88071710582897
RARRES3,0.657428571428571,6.70228571428571,2.27990137357587,0.0379559898592939,0.120642376032948,-3.88426798801856
TSHZ3,-0.611571428571429,6.48635714285714,-2.27960363976643,0.0379776762059536,0.120652155946606,-3.88477092725304
EFHD2,-0.953,6.94392857142857,-2.27839238509236,0.0380660214871768,0.120658369542693,-3.88681670593679
MAPK9,-0.688714285714286,8.79578571428571,-2.27819221361509,0.0380806399392242,0.120658369542693,-3.88715474376501
ATP11A,0.609857142857142,8.45835714285714,2.27783617614834,0.0381066542402441,0.120658369542693,-3.88775596611924
GNAL,-0.822857142857143,7.56371428571429,-2.27727502500606,0.0381476892514311,0.120707828180994,-3.88870346822544
GPR149,-0.592285714285714,3.824,-2.27427361742323,0.0383678760453898,0.121081878589753,-3.89376956230212
DUSP10,0.715857142857143,6.66892857142857,2.27304409229903,0.0384584190215714,0.121217466827696,-3.89584402066143
MPP1,-0.685000000000001,8.49421428571429,-2.27279398194716,0.0384768617987954,0.121224447836404,-3.89626594597123
CDK18,0.727714285714286,9.91757142857143,2.27247584748618,0.0385003325549608,0.121251700751984,-3.89680259488977
MPC2,-0.610428571428571,7.83678571428571,-2.27188693252819,0.0385438158892889,0.121314680958368,-3.89779592411544
GLTP,0.750428571428572,8.51335714285714,2.27137044985384,0.0385819889707037,0.121354408355203,-3.89866698584366
FMN1,-0.640000000000001,6.34157142857143,-2.26998055738624,0.0386848915592742,0.121557322170541,-3.90101063422203
MYO9B,0.615999999999999,8.61571428571429,2.26567386077714,0.0390053791366819,0.122442860680549,-3.90826851959794
LUZP1,-0.814857142857143,6.91671428571429,-2.26414509859255,0.0391197406088452,0.12268022979314,-3.91084337927104
PDP1,-1.09528571428571,9.38178571428571,-2.25749472071214,0.0396208964476808,0.12355840294042,-3.9220353013451
C7orf61,0.701857142857143,6.90221428571429,2.25676122422421,0.0396765374271383,0.123610176785958,-3.9232687878602
ST18,0.852857142857142,9.13342857142857,2.25575771067552,0.0397527796230532,0.12376652036689,-3.92495605405503
RFTN2,0.727285714285714,10.1690714285714,2.25366929763916,0.0399118871217521,0.123992594220951,-3.92846633002177
ZNF804A,-0.979428571428572,5.154,-2.25284237017273,0.0399750518157897,0.124055721476194,-3.9298558484408
TPTEP1,0.758142857142857,6.7115,2.25221281270486,0.0400232031369461,0.124079767166401,-3.93091356241575
PPP4R4,-0.934142857142858,5.94778571428572,-2.25176008480398,0.0400578632920548,0.124146702581151,-3.9316741031977
NME5,-0.79357142857143,6.47621428571429,-2.25107415507621,0.0401104305289281,0.12426907357935,-3.9328262683605
TNC,1.232,7.15285714285714,2.24861873265313,0.0402991348660479,0.124691036512244,-3.93694935843536
C1S,0.843285714285715,7.18207142857143,2.24744364484278,0.0403897362934868,0.124788869404084,-3.93892181093782
JADE3,0.750428571428572,5.94021428571429,2.24724744437879,0.0404048822547793,0.124788869404084,-3.93925109870134
LAMB1,-0.935142857142857,5.88942857142857,-2.24558827779743,0.0405331763994484,0.124927370548161,-3.9420351893175
SLC38A11,-0.936857142857144,5.72042857142857,-2.24533044506596,0.040553147335085,0.124947890540374,-3.9424677493889
SULF1,0.724428571428571,6.82664285714286,2.24447472058286,0.0406194950944499,0.124998004037584,-3.94390321538235
A2M,0.649285714285714,9.47792857142857,2.24311408033909,0.0407252000042308,0.125193745902974,-3.94618515307835
GOLGA7B,-0.675714285714286,6.282,-2.24138910392741,0.0408595789704283,0.125525595291106,-3.94907720645141
NAT8L,-0.591285714285716,7.88607142857143,-2.2396011834143,0.0409992987009857,0.125719457297528,-3.95207370926415
LRAT,0.916428571428571,5.32021428571429,2.23826502358763,0.0411040062840083,0.125749094231364,-3.95431235458105
PPP1R13B,-0.612142857142859,7.59992857142857,-2.23765559292327,0.041151846977327,0.125749094231364,-3.9553332096954
SLC8A3,-0.633,5.75978571428571,-2.23740809414508,0.0411712906381054,0.125749094231364,-3.95574775736622
LRP2,1.075,8.7475,2.23716658951424,0.0411902716683891,0.125749094231364,-3.95615224473861
PKP2,0.805,5.83964285714286,2.23513975303838,0.0413498931759704,0.126028718740771,-3.95954612454719
FOCAD,-0.673000000000001,7.52078571428571,-2.23256186729735,0.0415537468303128,0.126366081992835,-3.96386066378949
GSN,0.648,9.07128571428571,2.23249732078524,0.0415588630535441,0.126366081992835,-3.9639686639803
MEF2C,-1.43785714285714,9.20278571428571,-2.23204111801986,0.0415950403444616,0.126395165781203,-3.96473194800634
PFKM,-0.709000000000001,7.99864285714286,-2.23008087459999,0.0417508243201099,0.126689137645064,-3.96801085565337
ANKAR,0.603428571428572,6.01214285714286,2.22882630873047,0.041850812565537,0.126860310855114,-3.97010867122243
CSDC2,-0.647571428571429,6.07892857142857,-2.22434890911971,0.0422094842430496,0.127527955096924,-3.97759105090515
CPEB3,-0.699714285714286,7.43228571428571,-2.22368157789714,0.042263187225028,0.12760903224747,-3.97870565688018
STARD9,0.606857142857142,6.64842857142857,2.22268198483092,0.0423437480085346,0.127697105497976,-3.98037492909843
SLIT2,-0.972571428571429,7.34828571428571,-2.21924139043555,0.0426221343152238,0.128244426309886,-3.98611787296902
SRSF12,-0.812571428571429,5.66657142857143,-2.21709959352831,0.0427962930538746,0.128524182016679,-3.98969079599483
XPO1,0.66,8.35671428571429,2.2145809188753,0.0430019462699151,0.12892182747297,-3.99389035077685
MSR1,1.09157142857143,4.75592857142857,2.20822567085358,0.043524962827523,0.12997284561416,-4.00447689024819
CD55,0.583428571428572,9.013,2.20692155554575,0.0436330176780161,0.130180215197518,-4.00664750317781
PCDH11Y,-1.17857142857143,5.63057142857143,-2.20173935002478,0.0440648727475812,0.131049538581488,-4.01526693730959
TESPA1,-2.36842857142857,6.7025,-2.19715768264977,0.0444499937480956,0.131864612933529,-4.02287949460104
GABRG1,0.761571428571428,8.25135714285714,2.19675313604799,0.0444841487949711,0.131883560987338,-4.02355129639028
MIR137HG,-1.32614285714286,5.29035714285714,-2.19637637966733,0.0445159795329692,0.131895598747247,-4.02417689590864
AGMO,0.681142857142858,4.70857142857143,2.19548399566431,0.0445914582965026,0.132036864824962,-4.02565848486894
SLC29A4,-0.890142857142858,5.97607142857143,-2.19494984090228,0.0446366946150914,0.132061409434272,-4.02654518292796
NETO2,-1.10142857142857,7.10557142857143,-2.19489365334304,0.0446414554893619,0.132061409434272,-4.02663844841257
VSIG4,0.805,6.53878571428571,2.19381770907116,0.0447327134029205,0.132166732383932,-4.02842418370283
C1QB,0.737857142857142,8.88278571428571,2.191869599008,0.044898387181163,0.132409121339294,-4.03165638024054
NEK7,0.668714285714285,8.89778571428571,2.18995595830406,0.0450616851026892,0.132808236670942,-4.03483004936456
GALNT15,0.734428571428571,8.29821428571429,2.18139616033076,0.0457989060464941,0.134065888608828,-4.04900971307439
LHX6,-0.672571428571428,5.69442857142857,-2.17892711671664,0.0460136285266597,0.134611474399366,-4.05309481603255
ARRDC3,0.609,9.60678571428571,2.17743756768997,0.0461436203288366,0.134877479229038,-4.0555582363821
MOB1B,0.616571428571428,7.72928571428571,2.17672924222138,0.0462055549451802,0.135006633781688,-4.0567293811957
PPM1L,-0.587285714285715,7.92692857142857,-2.17496345702336,0.0463602880928858,0.135417089973654,-4.05964812600612
MAP1A,-0.586571428571429,9.79957142857143,-2.17305877896676,0.0465277315538022,0.135739226667557,-4.0627951659019
ENPP6,1.01642857142857,7.4915,2.17267559441826,0.0465614857255615,0.135777067571928,-4.06342812811306
GOT1,-0.906857142857144,9.73957142857143,-2.16621795965395,0.0471337595977621,0.136653270750496,-4.07408698478963
PTH2R,-0.842714285714286,3.88707142857143,-2.1646904834242,0.0472700752421751,0.136770772075974,-4.07660594853847
SHROOM4,0.728000000000001,7.77528571428571,2.16306313773825,0.0474157057648572,0.13681706836585,-4.07928865237283
CHL1,-0.768857142857144,9.17714285714286,-2.16226772340332,0.0474870383842353,0.136928471546055,-4.08059954600202
MCTP1,-1.09542857142857,6.98214285714286,-2.16226679885293,0.0474871213556307,0.136928471546055,-4.0806010695829
SLC24A3,-0.961714285714287,6.17371428571429,-2.16053916766889,0.0476423982241794,0.137069245176569,-4.08344750271323
PAM,-0.585428571428572,7.96328571428571,-2.16039634645933,0.0476552558242949,0.137069245176569,-4.08368276408757
UGT8,0.652285714285712,10.1548571428571,2.15769181875497,0.0478993413178123,0.137502521359293,-4.08813634162557
TF,0.679285714285712,11.1250714285714,2.15674466372439,0.0479850963585754,0.137623922195081,-4.08969538565524
RANBP3L,0.753428571428571,8.77014285714286,2.15478160430427,0.0481632842517258,0.137968346534121,-4.09292556599672
RGS9,0.585571428571428,6.08107142857143,2.15387365469956,0.0482459065145032,0.138121719705023,-4.09441909203365
HLA-DMB,0.703571428571428,6.68864285714286,2.14959263596802,0.0486372460340275,0.138798594080616,-4.10145694728412
SSTR2,-0.802285714285715,6.32585714285714,-2.14892714235426,0.0486983440072035,0.138911679491166,-4.10255037651453
MPP7,-0.917000000000001,5.91278571428572,-2.14745551000682,0.0488337048348898,0.139175342304581,-4.10496772567724
ANKRD18A,1.176,6.94185714285714,2.14415783140009,0.0491382914491463,0.139833622071732,-4.11038161897114
MLXIPL,-0.680285714285715,5.71714285714286,-2.1414502302807,0.0493896898732193,0.140264182544354,-4.11482368062634
SMOC1,0.661857142857142,8.73878571428572,2.13847169257614,0.0496676190345614,0.140875698181337,-4.11970701575067
AACS,-0.647000000000001,7.22964285714286,-2.13749797589528,0.0497587904927037,0.141092164444833,-4.12130269787966
BCAT1,-0.926142857142858,6.70635714285714,-2.13726845921155,0.0497803032314661,0.141111041598238,-4.12167876654377
CAP2,-1.23842857142857,9.44478571428571,-2.13663841720379,0.0498394016833379,0.141112479571361,-4.1227110022297
