meta_column,label_value,score_group,mean_score,count,log_count,sample
scissor,Negative,Neg_ctrl_Sample_1,-0.0488783223107962,4352,3.6387886671574,Sample_100_GSE140082
scissor,Negative,Neg_ctrl_Sample_2,-0.0500836548653322,4352,3.6387886671574,Sample_100_GSE140082
scissor,Negative,Neg_ctrl_Sample_3,-0.03760611138111,4352,3.6387886671574,Sample_100_GSE140082
scissor,Negative,Neg_ctrl_Sample_4,-0.0151009560605033,4352,3.6387886671574,Sample_100_GSE140082
scissor,Negative,Neg_ctrl_Sample_5,0.0559504529009534,4352,3.6387886671574,Sample_100_GSE140082
scissor,Negative,Neg_ctrl_Sample_6,-0.076992845222344,4352,3.6387886671574,Sample_100_GSE140082
scissor,Negative,Neg_ctrl_Sample_7,-0.11044915733679,4352,3.6387886671574,Sample_100_GSE140082
scissor,Negative,Neg_ctrl_Sample_8,0.0383316691736823,4352,3.6387886671574,Sample_100_GSE140082
scissor,Negative,Neg_ctrl_Sample_9,0.0107127629567825,4352,3.6387886671574,Sample_100_GSE140082
scissor,Negative,Neg_ctrl_Sample_10,0.0502936871577536,4352,3.6387886671574,Sample_100_GSE140082
scissor,Negative,Neg_ctrl_Sample_11,0.132447504258772,4352,3.6387886671574,Sample_100_GSE140082
scissor,Negative,Neg_ctrl_Sample_12,-0.117773240317186,4352,3.6387886671574,Sample_100_GSE140082
scissor,Negative,Neg_ctrl_Sample_13,0.0343328477088742,4352,3.6387886671574,Sample_100_GSE140082
scissor,Negative,Neg_ctrl_Sample_14,0.0762300468353184,4352,3.6387886671574,Sample_100_GSE140082
scissor,Negative,Neg_ctrl_Sample_15,-0.0687167835935598,4352,3.6387886671574,Sample_100_GSE140082
scissor,Negative,Neg_ctrl_Sample_16,-0.0118167580009346,4352,3.6387886671574,Sample_100_GSE140082
scissor,Negative,Neg_ctrl_Sample_17,0.0877171278741484,4352,3.6387886671574,Sample_100_GSE140082
scissor,Negative,Neg_ctrl_Sample_18,0.212754206430647,4352,3.6387886671574,Sample_100_GSE140082
scissor,Negative,Neg_ctrl_Sample_19,0.251861967863725,4352,3.6387886671574,Sample_100_GSE140082
scissor,Negative,Neg_ctrl_Sample_20,-0.133945965559806,4352,3.6387886671574,Sample_100_GSE140082
scissor,Negative,Neg_ctrl_Sample_21,0.0218337631236401,4352,3.6387886671574,Sample_100_GSE140082
scissor,Negative,Neg_ctrl_Sample_22,0.169134476171211,4352,3.6387886671574,Sample_100_GSE140082
scissor,Negative,Neg_ctrl_Sample_23,-0.0535291740984676,4352,3.6387886671574,Sample_100_GSE140082
scissor,Negative,Neg_ctrl_Sample_24,0.172590473410011,4352,3.6387886671574,Sample_100_GSE140082
scissor,Negative,Neg_ctrl_Sample_25,0.0596741269516658,4352,3.6387886671574,Sample_100_GSE140082
scissor,Negative,Neg_ctrl_Sample_26,0.0586023664562139,4352,3.6387886671574,Sample_100_GSE140082
scissor,Negative,Neg_ctrl_Sample_27,0.0347156196040262,4352,3.6387886671574,Sample_100_GSE140082
scissor,Negative,Neg_ctrl_Sample_28,0.0325334268712899,4352,3.6387886671574,Sample_100_GSE140082
scissor,Negative,Neg_ctrl_Sample_29,0.126725582656478,4352,3.6387886671574,Sample_100_GSE140082
scissor,Negative,Neg_ctrl_Sample_30,-0.0570999992263474,4352,3.6387886671574,Sample_100_GSE140082
scissor,Negative,Neg_ctrl_Sample_31,0.0426770084189847,4352,3.6387886671574,Sample_100_GSE140082
scissor,Negative,Neg_ctrl_Sample_32,0.155272151833739,4352,3.6387886671574,Sample_100_GSE140082
scissor,Negative,Neg_ctrl_Sample_33,0.0996055812299623,4352,3.6387886671574,Sample_100_GSE140082
scissor,Negative,Neg_ctrl_Sample_34,-0.215093139000206,4352,3.6387886671574,Sample_100_GSE140082
scissor,Negative,Neg_ctrl_Sample_35,0.0312269152374175,4352,3.6387886671574,Sample_100_GSE140082
scissor,Negative,Neg_ctrl_Sample_36,0.0449099048162803,4352,3.6387886671574,Sample_100_GSE140082
scissor,Negative,Neg_ctrl_Sample_37,0.0744245898030463,4352,3.6387886671574,Sample_100_GSE140082
scissor,Negative,Neg_ctrl_Sample_38,0.107629219185563,4352,3.6387886671574,Sample_100_GSE140082
scissor,Negative,Neg_ctrl_Sample_39,0.0533605795952188,4352,3.6387886671574,Sample_100_GSE140082
scissor,Negative,Neg_ctrl_Sample_40,0.087989044904993,4352,3.6387886671574,Sample_100_GSE140082
scissor,Negative,Neg_ctrl_Sample_41,-0.0723085965171815,4352,3.6387886671574,Sample_100_GSE140082
scissor,Negative,Neg_ctrl_Sample_42,-0.0879936278501466,4352,3.6387886671574,Sample_100_GSE140082
scissor,Negative,Neg_ctrl_Sample_43,0.0792072568182663,4352,3.6387886671574,Sample_100_GSE140082
scissor,Negative,Neg_ctrl_Sample_44,0.180765172829185,4352,3.6387886671574,Sample_100_GSE140082
scissor,Negative,Neg_ctrl_Sample_45,0.204715419105693,4352,3.6387886671574,Sample_100_GSE140082
scissor,Negative,Neg_ctrl_Sample_46,0.181601183090677,4352,3.6387886671574,Sample_100_GSE140082
scissor,Negative,Neg_ctrl_Sample_47,0.0405812808118886,4352,3.6387886671574,Sample_100_GSE140082
scissor,Negative,Neg_ctrl_Sample_48,0.12400544378248,4352,3.6387886671574,Sample_100_GSE140082
scissor,Negative,Neg_ctrl_Sample_49,-0.115334475957244,4352,3.6387886671574,Sample_100_GSE140082
scissor,Negative,Neg_ctrl_Sample_50,0.0388826741368335,4352,3.6387886671574,Sample_100_GSE140082
scissor,Negative,Neg_ctrl_Sample_51,-0.0292995975284632,4352,3.6387886671574,Sample_100_GSE140082
scissor,Negative,Neg_ctrl_Sample_52,0.109172179027335,4352,3.6387886671574,Sample_100_GSE140082
scissor,Negative,Neg_ctrl_Sample_53,-0.00145254305094779,4352,3.6387886671574,Sample_100_GSE140082
scissor,Negative,Neg_ctrl_Sample_54,0.087069876404169,4352,3.6387886671574,Sample_100_GSE140082
scissor,Negative,Neg_ctrl_Sample_55,0.00265261456876654,4352,3.6387886671574,Sample_100_GSE140082
scissor,Negative,Neg_ctrl_Sample_56,0.0840683695414424,4352,3.6387886671574,Sample_100_GSE140082
scissor,Negative,Neg_ctrl_Sample_57,0.148682888393011,4352,3.6387886671574,Sample_100_GSE140082
scissor,Negative,Neg_ctrl_Sample_58,0.0223865279539463,4352,3.6387886671574,Sample_100_GSE140082
scissor,Negative,Neg_ctrl_Sample_59,0.12344165713842,4352,3.6387886671574,Sample_100_GSE140082
scissor,Negative,Neg_ctrl_Sample_60,0.0269952404741429,4352,3.6387886671574,Sample_100_GSE140082
scissor,Negative,Neg_ctrl_Sample_61,0.0291232435852519,4352,3.6387886671574,Sample_100_GSE140082
scissor,Negative,Neg_ctrl_Sample_62,-0.0778767367020888,4352,3.6387886671574,Sample_100_GSE140082
scissor,Negative,Neg_ctrl_Sample_63,-0.0162818567069452,4352,3.6387886671574,Sample_100_GSE140082
scissor,Negative,Neg_ctrl_Sample_64,0.136577086450769,4352,3.6387886671574,Sample_100_GSE140082
scissor,Negative,Neg_ctrl_Sample_65,-0.0823923041551447,4352,3.6387886671574,Sample_100_GSE140082
scissor,Negative,Neg_ctrl_Sample_66,0.0910127782401933,4352,3.6387886671574,Sample_100_GSE140082
scissor,Negative,Neg_ctrl_Sample_67,0.112802661363533,4352,3.6387886671574,Sample_100_GSE140082
scissor,Negative,Neg_ctrl_Sample_68,0.123794257520988,4352,3.6387886671574,Sample_100_GSE140082
scissor,Negative,Neg_ctrl_Sample_69,-0.108388638494789,4352,3.6387886671574,Sample_100_GSE140082
scissor,Negative,Neg_ctrl_Sample_70,-0.0327939719997967,4352,3.6387886671574,Sample_100_GSE140082
scissor,Negative,Neg_ctrl_Sample_71,0.00592827115921442,4352,3.6387886671574,Sample_100_GSE140082
scissor,Negative,Neg_ctrl_Sample_72,-0.0242726837282383,4352,3.6387886671574,Sample_100_GSE140082
scissor,Negative,Neg_ctrl_Sample_73,-0.0832127855514273,4352,3.6387886671574,Sample_100_GSE140082
scissor,Negative,Neg_ctrl_Sample_74,0.014886470077322,4352,3.6387886671574,Sample_100_GSE140082
scissor,Negative,Neg_ctrl_Sample_75,-0.0476534538343699,4352,3.6387886671574,Sample_100_GSE140082
scissor,Negative,Neg_ctrl_Sample_76,0.0879666055010285,4352,3.6387886671574,Sample_100_GSE140082
scissor,Negative,Neg_ctrl_Sample_77,0.0561456377509031,4352,3.6387886671574,Sample_100_GSE140082
scissor,Negative,Neg_ctrl_Sample_78,-0.0147279234605911,4352,3.6387886671574,Sample_100_GSE140082
scissor,Negative,Neg_ctrl_Sample_79,-0.00810636406434058,4352,3.6387886671574,Sample_100_GSE140082
scissor,Negative,Neg_ctrl_Sample_80,-0.0165628596018806,4352,3.6387886671574,Sample_100_GSE140082
scissor,Negative,Neg_ctrl_Sample_81,0.0492500275839745,4352,3.6387886671574,Sample_100_GSE140082
scissor,Negative,Neg_ctrl_Sample_82,-0.0271153637141057,4352,3.6387886671574,Sample_100_GSE140082
scissor,Negative,Neg_ctrl_Sample_83,0.011592803367344,4352,3.6387886671574,Sample_100_GSE140082
scissor,Negative,Neg_ctrl_Sample_84,0.091634167826577,4352,3.6387886671574,Sample_100_GSE140082
scissor,Negative,Neg_ctrl_Sample_85,-0.0140283831133211,4352,3.6387886671574,Sample_100_GSE140082
scissor,Negative,Neg_ctrl_Sample_86,-0.136218284200451,4352,3.6387886671574,Sample_100_GSE140082
scissor,Negative,Neg_ctrl_Sample_87,0.0219267920089401,4352,3.6387886671574,Sample_100_GSE140082
scissor,Negative,Neg_ctrl_Sample_88,0.0112154611070513,4352,3.6387886671574,Sample_100_GSE140082
scissor,Negative,Neg_ctrl_Sample_89,0.150930875061558,4352,3.6387886671574,Sample_100_GSE140082
scissor,Negative,Neg_ctrl_Sample_90,-0.0795853792899029,4352,3.6387886671574,Sample_100_GSE140082
scissor,Negative,Neg_ctrl_Sample_91,0.114208633918705,4352,3.6387886671574,Sample_100_GSE140082
scissor,Negative,Neg_ctrl_Sample_92,0.00699901900775827,4352,3.6387886671574,Sample_100_GSE140082
scissor,Negative,Neg_ctrl_Sample_93,-0.100962528632505,4352,3.6387886671574,Sample_100_GSE140082
scissor,Negative,Neg_ctrl_Sample_94,-0.0289111060271836,4352,3.6387886671574,Sample_100_GSE140082
scissor,Negative,Neg_ctrl_Sample_95,0.0194792560721862,4352,3.6387886671574,Sample_100_GSE140082
scissor,Negative,Neg_ctrl_Sample_96,-0.105847467085639,4352,3.6387886671574,Sample_100_GSE140082
scissor,Negative,Neg_ctrl_Sample_97,-0.0430555263058143,4352,3.6387886671574,Sample_100_GSE140082
scissor,Negative,Neg_ctrl_Sample_98,0.0255268096197212,4352,3.6387886671574,Sample_100_GSE140082
scissor,Negative,Neg_ctrl_Sample_99,0.0386509119702057,4352,3.6387886671574,Sample_100_GSE140082
scissor,Negative,Neg_ctrl_Sample_100,-0.0771326447519571,4352,3.6387886671574,Sample_100_GSE140082
scissor,Neutral,Neg_ctrl_Sample_1,-0.0436811003783619,42435,4.62773444073831,Sample_100_GSE140082
scissor,Neutral,Neg_ctrl_Sample_2,-0.0506434382732582,42435,4.62773444073831,Sample_100_GSE140082
scissor,Neutral,Neg_ctrl_Sample_3,-0.0404286805052627,42435,4.62773444073831,Sample_100_GSE140082
scissor,Neutral,Neg_ctrl_Sample_4,-0.0103779312898306,42435,4.62773444073831,Sample_100_GSE140082
scissor,Neutral,Neg_ctrl_Sample_5,0.0450326086761116,42435,4.62773444073831,Sample_100_GSE140082
scissor,Neutral,Neg_ctrl_Sample_6,-0.0765219258172836,42435,4.62773444073831,Sample_100_GSE140082
scissor,Neutral,Neg_ctrl_Sample_7,-0.110574468066768,42435,4.62773444073831,Sample_100_GSE140082
scissor,Neutral,Neg_ctrl_Sample_8,0.0370840870450232,42435,4.62773444073831,Sample_100_GSE140082
scissor,Neutral,Neg_ctrl_Sample_9,0.0138441666277122,42435,4.62773444073831,Sample_100_GSE140082
scissor,Neutral,Neg_ctrl_Sample_10,0.0497920431506825,42435,4.62773444073831,Sample_100_GSE140082
scissor,Neutral,Neg_ctrl_Sample_11,0.135053985088547,42435,4.62773444073831,Sample_100_GSE140082
scissor,Neutral,Neg_ctrl_Sample_12,-0.119126300445368,42435,4.62773444073831,Sample_100_GSE140082
scissor,Neutral,Neg_ctrl_Sample_13,0.0296957995163428,42435,4.62773444073831,Sample_100_GSE140082
scissor,Neutral,Neg_ctrl_Sample_14,0.0755657072197671,42435,4.62773444073831,Sample_100_GSE140082
scissor,Neutral,Neg_ctrl_Sample_15,-0.0682414871070037,42435,4.62773444073831,Sample_100_GSE140082
scissor,Neutral,Neg_ctrl_Sample_16,-0.00934553346351164,42435,4.62773444073831,Sample_100_GSE140082
scissor,Neutral,Neg_ctrl_Sample_17,0.0824058892434035,42435,4.62773444073831,Sample_100_GSE140082
scissor,Neutral,Neg_ctrl_Sample_18,0.207926505052819,42435,4.62773444073831,Sample_100_GSE140082
scissor,Neutral,Neg_ctrl_Sample_19,0.254965148981547,42435,4.62773444073831,Sample_100_GSE140082
scissor,Neutral,Neg_ctrl_Sample_20,-0.134250338032406,42435,4.62773444073831,Sample_100_GSE140082
scissor,Neutral,Neg_ctrl_Sample_21,0.0140764359756695,42435,4.62773444073831,Sample_100_GSE140082
scissor,Neutral,Neg_ctrl_Sample_22,0.165604234095436,42435,4.62773444073831,Sample_100_GSE140082
scissor,Neutral,Neg_ctrl_Sample_23,-0.0552546999502692,42435,4.62773444073831,Sample_100_GSE140082
scissor,Neutral,Neg_ctrl_Sample_24,0.174472820166511,42435,4.62773444073831,Sample_100_GSE140082
scissor,Neutral,Neg_ctrl_Sample_25,0.0580430320846444,42435,4.62773444073831,Sample_100_GSE140082
scissor,Neutral,Neg_ctrl_Sample_26,0.0566660788221767,42435,4.62773444073831,Sample_100_GSE140082
scissor,Neutral,Neg_ctrl_Sample_27,0.0324490182719228,42435,4.62773444073831,Sample_100_GSE140082
scissor,Neutral,Neg_ctrl_Sample_28,0.0310425954203458,42435,4.62773444073831,Sample_100_GSE140082
scissor,Neutral,Neg_ctrl_Sample_29,0.127620815099215,42435,4.62773444073831,Sample_100_GSE140082
scissor,Neutral,Neg_ctrl_Sample_30,-0.0504774534261571,42435,4.62773444073831,Sample_100_GSE140082
scissor,Neutral,Neg_ctrl_Sample_31,0.0349589555542541,42435,4.62773444073831,Sample_100_GSE140082
scissor,Neutral,Neg_ctrl_Sample_32,0.154597322408605,42435,4.62773444073831,Sample_100_GSE140082
scissor,Neutral,Neg_ctrl_Sample_33,0.0957003080585527,42435,4.62773444073831,Sample_100_GSE140082
scissor,Neutral,Neg_ctrl_Sample_34,-0.21817898528008,42435,4.62773444073831,Sample_100_GSE140082
scissor,Neutral,Neg_ctrl_Sample_35,0.0274811235524957,42435,4.62773444073831,Sample_100_GSE140082
scissor,Neutral,Neg_ctrl_Sample_36,0.0471329556585001,42435,4.62773444073831,Sample_100_GSE140082
scissor,Neutral,Neg_ctrl_Sample_37,0.0816930974922538,42435,4.62773444073831,Sample_100_GSE140082
scissor,Neutral,Neg_ctrl_Sample_38,0.100171355670395,42435,4.62773444073831,Sample_100_GSE140082
scissor,Neutral,Neg_ctrl_Sample_39,0.0664761246513367,42435,4.62773444073831,Sample_100_GSE140082
scissor,Neutral,Neg_ctrl_Sample_40,0.084718659715425,42435,4.62773444073831,Sample_100_GSE140082
scissor,Neutral,Neg_ctrl_Sample_41,-0.0749533378024518,42435,4.62773444073831,Sample_100_GSE140082
scissor,Neutral,Neg_ctrl_Sample_42,-0.0828366985087092,42435,4.62773444073831,Sample_100_GSE140082
scissor,Neutral,Neg_ctrl_Sample_43,0.0842445609905919,42435,4.62773444073831,Sample_100_GSE140082
scissor,Neutral,Neg_ctrl_Sample_44,0.185229693980824,42435,4.62773444073831,Sample_100_GSE140082
scissor,Neutral,Neg_ctrl_Sample_45,0.198471549487633,42435,4.62773444073831,Sample_100_GSE140082
scissor,Neutral,Neg_ctrl_Sample_46,0.18008320235161,42435,4.62773444073831,Sample_100_GSE140082
scissor,Neutral,Neg_ctrl_Sample_47,0.0401648652330689,42435,4.62773444073831,Sample_100_GSE140082
scissor,Neutral,Neg_ctrl_Sample_48,0.124950202118902,42435,4.62773444073831,Sample_100_GSE140082
scissor,Neutral,Neg_ctrl_Sample_49,-0.120272296693524,42435,4.62773444073831,Sample_100_GSE140082
scissor,Neutral,Neg_ctrl_Sample_50,0.0442308334403275,42435,4.62773444073831,Sample_100_GSE140082
scissor,Neutral,Neg_ctrl_Sample_51,-0.0291372998511365,42435,4.62773444073831,Sample_100_GSE140082
scissor,Neutral,Neg_ctrl_Sample_52,0.111480631775264,42435,4.62773444073831,Sample_100_GSE140082
scissor,Neutral,Neg_ctrl_Sample_53,-0.00995592070422283,42435,4.62773444073831,Sample_100_GSE140082
scissor,Neutral,Neg_ctrl_Sample_54,0.0821286884778608,42435,4.62773444073831,Sample_100_GSE140082
scissor,Neutral,Neg_ctrl_Sample_55,0.00166979550002803,42435,4.62773444073831,Sample_100_GSE140082
scissor,Neutral,Neg_ctrl_Sample_56,0.0860429585134314,42435,4.62773444073831,Sample_100_GSE140082
scissor,Neutral,Neg_ctrl_Sample_57,0.153280642018485,42435,4.62773444073831,Sample_100_GSE140082
scissor,Neutral,Neg_ctrl_Sample_58,0.0210000164192534,42435,4.62773444073831,Sample_100_GSE140082
scissor,Neutral,Neg_ctrl_Sample_59,0.117884380096377,42435,4.62773444073831,Sample_100_GSE140082
scissor,Neutral,Neg_ctrl_Sample_60,0.0253951782550784,42435,4.62773444073831,Sample_100_GSE140082
scissor,Neutral,Neg_ctrl_Sample_61,0.0267940057917356,42435,4.62773444073831,Sample_100_GSE140082
scissor,Neutral,Neg_ctrl_Sample_62,-0.0762823862420104,42435,4.62773444073831,Sample_100_GSE140082
scissor,Neutral,Neg_ctrl_Sample_63,-0.0142110236825852,42435,4.62773444073831,Sample_100_GSE140082
scissor,Neutral,Neg_ctrl_Sample_64,0.132296884364824,42435,4.62773444073831,Sample_100_GSE140082
scissor,Neutral,Neg_ctrl_Sample_65,-0.0826928735460839,42435,4.62773444073831,Sample_100_GSE140082
scissor,Neutral,Neg_ctrl_Sample_66,0.0917344808080307,42435,4.62773444073831,Sample_100_GSE140082
scissor,Neutral,Neg_ctrl_Sample_67,0.109336041490448,42435,4.62773444073831,Sample_100_GSE140082
scissor,Neutral,Neg_ctrl_Sample_68,0.119487283551884,42435,4.62773444073831,Sample_100_GSE140082
scissor,Neutral,Neg_ctrl_Sample_69,-0.104688303963644,42435,4.62773444073831,Sample_100_GSE140082
scissor,Neutral,Neg_ctrl_Sample_70,-0.0329275898854497,42435,4.62773444073831,Sample_100_GSE140082
scissor,Neutral,Neg_ctrl_Sample_71,0.00396498702205249,42435,4.62773444073831,Sample_100_GSE140082
scissor,Neutral,Neg_ctrl_Sample_72,-0.0179235182013719,42435,4.62773444073831,Sample_100_GSE140082
scissor,Neutral,Neg_ctrl_Sample_73,-0.0914578718716555,42435,4.62773444073831,Sample_100_GSE140082
scissor,Neutral,Neg_ctrl_Sample_74,0.0171652136749453,42435,4.62773444073831,Sample_100_GSE140082
scissor,Neutral,Neg_ctrl_Sample_75,-0.0483340336480844,42435,4.62773444073831,Sample_100_GSE140082
scissor,Neutral,Neg_ctrl_Sample_76,0.0937581827557651,42435,4.62773444073831,Sample_100_GSE140082
scissor,Neutral,Neg_ctrl_Sample_77,0.0614605738613598,42435,4.62773444073831,Sample_100_GSE140082
scissor,Neutral,Neg_ctrl_Sample_78,-0.0116260058147939,42435,4.62773444073831,Sample_100_GSE140082
scissor,Neutral,Neg_ctrl_Sample_79,-0.014297257941419,42435,4.62773444073831,Sample_100_GSE140082
scissor,Neutral,Neg_ctrl_Sample_80,-0.0164592961215379,42435,4.62773444073831,Sample_100_GSE140082
scissor,Neutral,Neg_ctrl_Sample_81,0.0406714941280872,42435,4.62773444073831,Sample_100_GSE140082
scissor,Neutral,Neg_ctrl_Sample_82,-0.0297213475369759,42435,4.62773444073831,Sample_100_GSE140082
scissor,Neutral,Neg_ctrl_Sample_83,0.0120064733489764,42435,4.62773444073831,Sample_100_GSE140082
scissor,Neutral,Neg_ctrl_Sample_84,0.0949138395674677,42435,4.62773444073831,Sample_100_GSE140082
scissor,Neutral,Neg_ctrl_Sample_85,-0.00838063709193632,42435,4.62773444073831,Sample_100_GSE140082
scissor,Neutral,Neg_ctrl_Sample_86,-0.137649947607951,42435,4.62773444073831,Sample_100_GSE140082
scissor,Neutral,Neg_ctrl_Sample_87,0.0224193791308903,42435,4.62773444073831,Sample_100_GSE140082
scissor,Neutral,Neg_ctrl_Sample_88,0.0174629009516552,42435,4.62773444073831,Sample_100_GSE140082
scissor,Neutral,Neg_ctrl_Sample_89,0.155863770524564,42435,4.62773444073831,Sample_100_GSE140082
scissor,Neutral,Neg_ctrl_Sample_90,-0.0816758044802258,42435,4.62773444073831,Sample_100_GSE140082
scissor,Neutral,Neg_ctrl_Sample_91,0.119571226256307,42435,4.62773444073831,Sample_100_GSE140082
scissor,Neutral,Neg_ctrl_Sample_92,0.00680567534372584,42435,4.62773444073831,Sample_100_GSE140082
scissor,Neutral,Neg_ctrl_Sample_93,-0.097669143377918,42435,4.62773444073831,Sample_100_GSE140082
scissor,Neutral,Neg_ctrl_Sample_94,-0.0262259347761378,42435,4.62773444073831,Sample_100_GSE140082
scissor,Neutral,Neg_ctrl_Sample_95,0.0235668236731851,42435,4.62773444073831,Sample_100_GSE140082
scissor,Neutral,Neg_ctrl_Sample_96,-0.106057086114766,42435,4.62773444073831,Sample_100_GSE140082
scissor,Neutral,Neg_ctrl_Sample_97,-0.0423709327966964,42435,4.62773444073831,Sample_100_GSE140082
scissor,Neutral,Neg_ctrl_Sample_98,0.0233427554658792,42435,4.62773444073831,Sample_100_GSE140082
scissor,Neutral,Neg_ctrl_Sample_99,0.0424751383453384,42435,4.62773444073831,Sample_100_GSE140082
scissor,Neutral,Neg_ctrl_Sample_100,-0.0770246639427782,42435,4.62773444073831,Sample_100_GSE140082
scissor,Positive,Neg_ctrl_Sample_1,-0.0305240538372447,4078,3.61055370531709,Sample_100_GSE140082
scissor,Positive,Neg_ctrl_Sample_2,-0.0483767158847431,4078,3.61055370531709,Sample_100_GSE140082
scissor,Positive,Neg_ctrl_Sample_3,-0.0371367700281391,4078,3.61055370531709,Sample_100_GSE140082
scissor,Positive,Neg_ctrl_Sample_4,0.0136904020480136,4078,3.61055370531709,Sample_100_GSE140082
scissor,Positive,Neg_ctrl_Sample_5,0.0602696057419596,4078,3.61055370531709,Sample_100_GSE140082
scissor,Positive,Neg_ctrl_Sample_6,-0.0705052737843645,4078,3.61055370531709,Sample_100_GSE140082
scissor,Positive,Neg_ctrl_Sample_7,-0.0986392811093203,4078,3.61055370531709,Sample_100_GSE140082
scissor,Positive,Neg_ctrl_Sample_8,0.0460742420685983,4078,3.61055370531709,Sample_100_GSE140082
scissor,Positive,Neg_ctrl_Sample_9,0.0110588501481064,4078,3.61055370531709,Sample_100_GSE140082
scissor,Positive,Neg_ctrl_Sample_10,0.0484574867400065,4078,3.61055370531709,Sample_100_GSE140082
scissor,Positive,Neg_ctrl_Sample_11,0.145324340183094,4078,3.61055370531709,Sample_100_GSE140082
scissor,Positive,Neg_ctrl_Sample_12,-0.113836276578581,4078,3.61055370531709,Sample_100_GSE140082
scissor,Positive,Neg_ctrl_Sample_13,0.0431085833702056,4078,3.61055370531709,Sample_100_GSE140082
scissor,Positive,Neg_ctrl_Sample_14,0.101111084915212,4078,3.61055370531709,Sample_100_GSE140082
scissor,Positive,Neg_ctrl_Sample_15,-0.0640790724718843,4078,3.61055370531709,Sample_100_GSE140082
scissor,Positive,Neg_ctrl_Sample_16,-0.00446616205829563,4078,3.61055370531709,Sample_100_GSE140082
scissor,Positive,Neg_ctrl_Sample_17,0.0758654153144659,4078,3.61055370531709,Sample_100_GSE140082
scissor,Positive,Neg_ctrl_Sample_18,0.215743371767539,4078,3.61055370531709,Sample_100_GSE140082
scissor,Positive,Neg_ctrl_Sample_19,0.266174416070531,4078,3.61055370531709,Sample_100_GSE140082
scissor,Positive,Neg_ctrl_Sample_20,-0.128605363656536,4078,3.61055370531709,Sample_100_GSE140082
scissor,Positive,Neg_ctrl_Sample_21,0.0174989090261456,4078,3.61055370531709,Sample_100_GSE140082
scissor,Positive,Neg_ctrl_Sample_22,0.159954292500742,4078,3.61055370531709,Sample_100_GSE140082
scissor,Positive,Neg_ctrl_Sample_23,-0.0499285806201258,4078,3.61055370531709,Sample_100_GSE140082
scissor,Positive,Neg_ctrl_Sample_24,0.192139872063627,4078,3.61055370531709,Sample_100_GSE140082
scissor,Positive,Neg_ctrl_Sample_25,0.0659173008972672,4078,3.61055370531709,Sample_100_GSE140082
scissor,Positive,Neg_ctrl_Sample_26,0.0660827264074411,4078,3.61055370531709,Sample_100_GSE140082
scissor,Positive,Neg_ctrl_Sample_27,0.0541667842714974,4078,3.61055370531709,Sample_100_GSE140082
scissor,Positive,Neg_ctrl_Sample_28,0.0245507700854499,4078,3.61055370531709,Sample_100_GSE140082
scissor,Positive,Neg_ctrl_Sample_29,0.138830270285551,4078,3.61055370531709,Sample_100_GSE140082
scissor,Positive,Neg_ctrl_Sample_30,-0.051581308700207,4078,3.61055370531709,Sample_100_GSE140082
scissor,Positive,Neg_ctrl_Sample_31,0.0366881757934536,4078,3.61055370531709,Sample_100_GSE140082
scissor,Positive,Neg_ctrl_Sample_32,0.146698400186141,4078,3.61055370531709,Sample_100_GSE140082
scissor,Positive,Neg_ctrl_Sample_33,0.102304438470213,4078,3.61055370531709,Sample_100_GSE140082
scissor,Positive,Neg_ctrl_Sample_34,-0.204566419502996,4078,3.61055370531709,Sample_100_GSE140082
scissor,Positive,Neg_ctrl_Sample_35,0.0418946943395914,4078,3.61055370531709,Sample_100_GSE140082
scissor,Positive,Neg_ctrl_Sample_36,0.0663381654013607,4078,3.61055370531709,Sample_100_GSE140082
scissor,Positive,Neg_ctrl_Sample_37,0.0769842149946732,4078,3.61055370531709,Sample_100_GSE140082
scissor,Positive,Neg_ctrl_Sample_38,0.107641168300414,4078,3.61055370531709,Sample_100_GSE140082
scissor,Positive,Neg_ctrl_Sample_39,0.0739715145192468,4078,3.61055370531709,Sample_100_GSE140082
scissor,Positive,Neg_ctrl_Sample_40,0.0979959572945211,4078,3.61055370531709,Sample_100_GSE140082
scissor,Positive,Neg_ctrl_Sample_41,-0.0640973846070019,4078,3.61055370531709,Sample_100_GSE140082
scissor,Positive,Neg_ctrl_Sample_42,-0.0718040221511488,4078,3.61055370531709,Sample_100_GSE140082
scissor,Positive,Neg_ctrl_Sample_43,0.0844716145479583,4078,3.61055370531709,Sample_100_GSE140082
scissor,Positive,Neg_ctrl_Sample_44,0.181890428153244,4078,3.61055370531709,Sample_100_GSE140082
scissor,Positive,Neg_ctrl_Sample_45,0.194979446067057,4078,3.61055370531709,Sample_100_GSE140082
scissor,Positive,Neg_ctrl_Sample_46,0.173825037038547,4078,3.61055370531709,Sample_100_GSE140082
scissor,Positive,Neg_ctrl_Sample_47,0.0389798682070827,4078,3.61055370531709,Sample_100_GSE140082
scissor,Positive,Neg_ctrl_Sample_48,0.12524575998925,4078,3.61055370531709,Sample_100_GSE140082
scissor,Positive,Neg_ctrl_Sample_49,-0.104803186140136,4078,3.61055370531709,Sample_100_GSE140082
scissor,Positive,Neg_ctrl_Sample_50,0.0573189170634264,4078,3.61055370531709,Sample_100_GSE140082
scissor,Positive,Neg_ctrl_Sample_51,-0.0286565915824732,4078,3.61055370531709,Sample_100_GSE140082
scissor,Positive,Neg_ctrl_Sample_52,0.121372875305046,4078,3.61055370531709,Sample_100_GSE140082
scissor,Positive,Neg_ctrl_Sample_53,0.0122571235731914,4078,3.61055370531709,Sample_100_GSE140082
scissor,Positive,Neg_ctrl_Sample_54,0.0855576436571417,4078,3.61055370531709,Sample_100_GSE140082
scissor,Positive,Neg_ctrl_Sample_55,0.00247146101765357,4078,3.61055370531709,Sample_100_GSE140082
scissor,Positive,Neg_ctrl_Sample_56,0.10185130345839,4078,3.61055370531709,Sample_100_GSE140082
scissor,Positive,Neg_ctrl_Sample_57,0.160344819781122,4078,3.61055370531709,Sample_100_GSE140082
scissor,Positive,Neg_ctrl_Sample_58,0.034152609642515,4078,3.61055370531709,Sample_100_GSE140082
scissor,Positive,Neg_ctrl_Sample_59,0.129274345940416,4078,3.61055370531709,Sample_100_GSE140082
scissor,Positive,Neg_ctrl_Sample_60,0.0258852219925042,4078,3.61055370531709,Sample_100_GSE140082
scissor,Positive,Neg_ctrl_Sample_61,0.0341195763134015,4078,3.61055370531709,Sample_100_GSE140082
scissor,Positive,Neg_ctrl_Sample_62,-0.067084331176781,4078,3.61055370531709,Sample_100_GSE140082
scissor,Positive,Neg_ctrl_Sample_63,-0.00868524732297603,4078,3.61055370531709,Sample_100_GSE140082
scissor,Positive,Neg_ctrl_Sample_64,0.134956810194678,4078,3.61055370531709,Sample_100_GSE140082
scissor,Positive,Neg_ctrl_Sample_65,-0.0687873838821913,4078,3.61055370531709,Sample_100_GSE140082
scissor,Positive,Neg_ctrl_Sample_66,0.107022349090664,4078,3.61055370531709,Sample_100_GSE140082
scissor,Positive,Neg_ctrl_Sample_67,0.122119197792735,4078,3.61055370531709,Sample_100_GSE140082
scissor,Positive,Neg_ctrl_Sample_68,0.109689412496597,4078,3.61055370531709,Sample_100_GSE140082
scissor,Positive,Neg_ctrl_Sample_69,-0.0968635395999068,4078,3.61055370531709,Sample_100_GSE140082
scissor,Positive,Neg_ctrl_Sample_70,-0.0177596148568759,4078,3.61055370531709,Sample_100_GSE140082
scissor,Positive,Neg_ctrl_Sample_71,0.00746843099788515,4078,3.61055370531709,Sample_100_GSE140082
scissor,Positive,Neg_ctrl_Sample_72,-0.00450026636675252,4078,3.61055370531709,Sample_100_GSE140082
scissor,Positive,Neg_ctrl_Sample_73,-0.0820951761853441,4078,3.61055370531709,Sample_100_GSE140082
scissor,Positive,Neg_ctrl_Sample_74,0.0144809348371074,4078,3.61055370531709,Sample_100_GSE140082
scissor,Positive,Neg_ctrl_Sample_75,-0.0227079707024463,4078,3.61055370531709,Sample_100_GSE140082
scissor,Positive,Neg_ctrl_Sample_76,0.103142441315309,4078,3.61055370531709,Sample_100_GSE140082
scissor,Positive,Neg_ctrl_Sample_77,0.0684950073937157,4078,3.61055370531709,Sample_100_GSE140082
scissor,Positive,Neg_ctrl_Sample_78,-0.00973759811617095,4078,3.61055370531709,Sample_100_GSE140082
scissor,Positive,Neg_ctrl_Sample_79,-0.0096531261730667,4078,3.61055370531709,Sample_100_GSE140082
scissor,Positive,Neg_ctrl_Sample_80,-0.00899468272925248,4078,3.61055370531709,Sample_100_GSE140082
scissor,Positive,Neg_ctrl_Sample_81,0.0543598064130164,4078,3.61055370531709,Sample_100_GSE140082
scissor,Positive,Neg_ctrl_Sample_82,-0.00954139363745823,4078,3.61055370531709,Sample_100_GSE140082
scissor,Positive,Neg_ctrl_Sample_83,0.0173016020205393,4078,3.61055370531709,Sample_100_GSE140082
scissor,Positive,Neg_ctrl_Sample_84,0.0896774282263289,4078,3.61055370531709,Sample_100_GSE140082
scissor,Positive,Neg_ctrl_Sample_85,-0.00044263618649075,4078,3.61055370531709,Sample_100_GSE140082
scissor,Positive,Neg_ctrl_Sample_86,-0.122613880745764,4078,3.61055370531709,Sample_100_GSE140082
scissor,Positive,Neg_ctrl_Sample_87,0.0270386096303907,4078,3.61055370531709,Sample_100_GSE140082
scissor,Positive,Neg_ctrl_Sample_88,0.0309234684461089,4078,3.61055370531709,Sample_100_GSE140082
scissor,Positive,Neg_ctrl_Sample_89,0.168431737809891,4078,3.61055370531709,Sample_100_GSE140082
scissor,Positive,Neg_ctrl_Sample_90,-0.0671125898028538,4078,3.61055370531709,Sample_100_GSE140082
scissor,Positive,Neg_ctrl_Sample_91,0.126595616544291,4078,3.61055370531709,Sample_100_GSE140082
scissor,Positive,Neg_ctrl_Sample_92,0.0222677893001129,4078,3.61055370531709,Sample_100_GSE140082
scissor,Positive,Neg_ctrl_Sample_93,-0.0868603161404125,4078,3.61055370531709,Sample_100_GSE140082
scissor,Positive,Neg_ctrl_Sample_94,-0.0150994984557284,4078,3.61055370531709,Sample_100_GSE140082
scissor,Positive,Neg_ctrl_Sample_95,0.0287062790402038,4078,3.61055370531709,Sample_100_GSE140082
scissor,Positive,Neg_ctrl_Sample_96,-0.098262680526621,4078,3.61055370531709,Sample_100_GSE140082
scissor,Positive,Neg_ctrl_Sample_97,-0.0465286371927045,4078,3.61055370531709,Sample_100_GSE140082
scissor,Positive,Neg_ctrl_Sample_98,0.0229666243729901,4078,3.61055370531709,Sample_100_GSE140082
scissor,Positive,Neg_ctrl_Sample_99,0.0623168845560224,4078,3.61055370531709,Sample_100_GSE140082
scissor,Positive,Neg_ctrl_Sample_100,-0.0668555150392854,4078,3.61055370531709,Sample_100_GSE140082
scAB,Other,Neg_ctrl_Sample_1,-0.0536279090615222,31495,4.49825540178217,Sample_100_GSE140082
scAB,Other,Neg_ctrl_Sample_2,-0.0594225692251091,31495,4.49825540178217,Sample_100_GSE140082
scAB,Other,Neg_ctrl_Sample_3,-0.0598174310240336,31495,4.49825540178217,Sample_100_GSE140082
scAB,Other,Neg_ctrl_Sample_4,-0.0806370954127181,31495,4.49825540178217,Sample_100_GSE140082
scAB,Other,Neg_ctrl_Sample_5,-0.00716836217162993,31495,4.49825540178217,Sample_100_GSE140082
scAB,Other,Neg_ctrl_Sample_6,-0.0943249523829262,31495,4.49825540178217,Sample_100_GSE140082
scAB,Other,Neg_ctrl_Sample_7,-0.141255546904871,31495,4.49825540178217,Sample_100_GSE140082
scAB,Other,Neg_ctrl_Sample_8,0.0238402774745376,31495,4.49825540178217,Sample_100_GSE140082
scAB,Other,Neg_ctrl_Sample_9,0.0158861507670601,31495,4.49825540178217,Sample_100_GSE140082
scAB,Other,Neg_ctrl_Sample_10,0.0445482904472604,31495,4.49825540178217,Sample_100_GSE140082
scAB,Other,Neg_ctrl_Sample_11,0.127842447507103,31495,4.49825540178217,Sample_100_GSE140082
scAB,Other,Neg_ctrl_Sample_12,-0.127212595559616,31495,4.49825540178217,Sample_100_GSE140082
scAB,Other,Neg_ctrl_Sample_13,-0.0115165531401867,31495,4.49825540178217,Sample_100_GSE140082
scAB,Other,Neg_ctrl_Sample_14,0.0301271165102102,31495,4.49825540178217,Sample_100_GSE140082
scAB,Other,Neg_ctrl_Sample_15,-0.0771086858831892,31495,4.49825540178217,Sample_100_GSE140082
scAB,Other,Neg_ctrl_Sample_16,-0.0267018043974544,31495,4.49825540178217,Sample_100_GSE140082
scAB,Other,Neg_ctrl_Sample_17,0.0888140047966852,31495,4.49825540178217,Sample_100_GSE140082
scAB,Other,Neg_ctrl_Sample_18,0.188485897036167,31495,4.49825540178217,Sample_100_GSE140082
scAB,Other,Neg_ctrl_Sample_19,0.234114171348322,31495,4.49825540178217,Sample_100_GSE140082
scAB,Other,Neg_ctrl_Sample_20,-0.149154095385379,31495,4.49825540178217,Sample_100_GSE140082
scAB,Other,Neg_ctrl_Sample_21,-0.00772721521903119,31495,4.49825540178217,Sample_100_GSE140082
scAB,Other,Neg_ctrl_Sample_22,0.160372668844449,31495,4.49825540178217,Sample_100_GSE140082
scAB,Other,Neg_ctrl_Sample_23,-0.0681413288692433,31495,4.49825540178217,Sample_100_GSE140082
scAB,Other,Neg_ctrl_Sample_24,0.149928648476014,31495,4.49825540178217,Sample_100_GSE140082
scAB,Other,Neg_ctrl_Sample_25,0.0318125237392524,31495,4.49825540178217,Sample_100_GSE140082
scAB,Other,Neg_ctrl_Sample_26,0.0459220142902993,31495,4.49825540178217,Sample_100_GSE140082
scAB,Other,Neg_ctrl_Sample_27,-0.00576329462934826,31495,4.49825540178217,Sample_100_GSE140082
scAB,Other,Neg_ctrl_Sample_28,0.0405196052523047,31495,4.49825540178217,Sample_100_GSE140082
scAB,Other,Neg_ctrl_Sample_29,0.114110053354547,31495,4.49825540178217,Sample_100_GSE140082
scAB,Other,Neg_ctrl_Sample_30,-0.0458123770445272,31495,4.49825540178217,Sample_100_GSE140082
scAB,Other,Neg_ctrl_Sample_31,0.0187188680477469,31495,4.49825540178217,Sample_100_GSE140082
scAB,Other,Neg_ctrl_Sample_32,0.16722502733053,31495,4.49825540178217,Sample_100_GSE140082
scAB,Other,Neg_ctrl_Sample_33,0.084350466964378,31495,4.49825540178217,Sample_100_GSE140082
scAB,Other,Neg_ctrl_Sample_34,-0.25620622226805,31495,4.49825540178217,Sample_100_GSE140082
scAB,Other,Neg_ctrl_Sample_35,-0.00154257071200768,31495,4.49825540178217,Sample_100_GSE140082
scAB,Other,Neg_ctrl_Sample_36,0.0175774870212149,31495,4.49825540178217,Sample_100_GSE140082
scAB,Other,Neg_ctrl_Sample_37,0.0943311276464263,31495,4.49825540178217,Sample_100_GSE140082
scAB,Other,Neg_ctrl_Sample_38,0.070281577470755,31495,4.49825540178217,Sample_100_GSE140082
scAB,Other,Neg_ctrl_Sample_39,0.0540499310323238,31495,4.49825540178217,Sample_100_GSE140082
scAB,Other,Neg_ctrl_Sample_40,0.0569393607818965,31495,4.49825540178217,Sample_100_GSE140082
scAB,Other,Neg_ctrl_Sample_41,-0.0940510690621262,31495,4.49825540178217,Sample_100_GSE140082
scAB,Other,Neg_ctrl_Sample_42,-0.104357864287834,31495,4.49825540178217,Sample_100_GSE140082
scAB,Other,Neg_ctrl_Sample_43,0.0848870548351873,31495,4.49825540178217,Sample_100_GSE140082
scAB,Other,Neg_ctrl_Sample_44,0.197232835921011,31495,4.49825540178217,Sample_100_GSE140082
scAB,Other,Neg_ctrl_Sample_45,0.183518718199829,31495,4.49825540178217,Sample_100_GSE140082
scAB,Other,Neg_ctrl_Sample_46,0.190246633259569,31495,4.49825540178217,Sample_100_GSE140082
scAB,Other,Neg_ctrl_Sample_47,0.0308766908618744,31495,4.49825540178217,Sample_100_GSE140082
scAB,Other,Neg_ctrl_Sample_48,0.12591850210989,31495,4.49825540178217,Sample_100_GSE140082
scAB,Other,Neg_ctrl_Sample_49,-0.171739959867057,31495,4.49825540178217,Sample_100_GSE140082
scAB,Other,Neg_ctrl_Sample_50,0.0344257205365965,31495,4.49825540178217,Sample_100_GSE140082
scAB,Other,Neg_ctrl_Sample_51,-0.027179913349479,31495,4.49825540178217,Sample_100_GSE140082
scAB,Other,Neg_ctrl_Sample_52,0.0964718528389793,31495,4.49825540178217,Sample_100_GSE140082
scAB,Other,Neg_ctrl_Sample_53,-0.0527559985806275,31495,4.49825540178217,Sample_100_GSE140082
scAB,Other,Neg_ctrl_Sample_54,0.0702784257692744,31495,4.49825540178217,Sample_100_GSE140082
scAB,Other,Neg_ctrl_Sample_55,-0.0038748724103088,31495,4.49825540178217,Sample_100_GSE140082
scAB,Other,Neg_ctrl_Sample_56,0.0529077614620238,31495,4.49825540178217,Sample_100_GSE140082
scAB,Other,Neg_ctrl_Sample_57,0.164036379726097,31495,4.49825540178217,Sample_100_GSE140082
scAB,Other,Neg_ctrl_Sample_58,0.00418988157661992,31495,4.49825540178217,Sample_100_GSE140082
scAB,Other,Neg_ctrl_Sample_59,0.0935392953318524,31495,4.49825540178217,Sample_100_GSE140082
scAB,Other,Neg_ctrl_Sample_60,0.0251795899212558,31495,4.49825540178217,Sample_100_GSE140082
scAB,Other,Neg_ctrl_Sample_61,0.00595705474590095,31495,4.49825540178217,Sample_100_GSE140082
scAB,Other,Neg_ctrl_Sample_62,-0.094481659348952,31495,4.49825540178217,Sample_100_GSE140082
scAB,Other,Neg_ctrl_Sample_63,-0.0298390223193465,31495,4.49825540178217,Sample_100_GSE140082
scAB,Other,Neg_ctrl_Sample_64,0.111251622189345,31495,4.49825540178217,Sample_100_GSE140082
scAB,Other,Neg_ctrl_Sample_65,-0.105167092316253,31495,4.49825540178217,Sample_100_GSE140082
scAB,Other,Neg_ctrl_Sample_66,0.0699931666893181,31495,4.49825540178217,Sample_100_GSE140082
scAB,Other,Neg_ctrl_Sample_67,0.0964805864309228,31495,4.49825540178217,Sample_100_GSE140082
scAB,Other,Neg_ctrl_Sample_68,0.132848401722904,31495,4.49825540178217,Sample_100_GSE140082
scAB,Other,Neg_ctrl_Sample_69,-0.105417005758136,31495,4.49825540178217,Sample_100_GSE140082
scAB,Other,Neg_ctrl_Sample_70,-0.0564173435243759,31495,4.49825540178217,Sample_100_GSE140082
scAB,Other,Neg_ctrl_Sample_71,-0.00967969176595625,31495,4.49825540178217,Sample_100_GSE140082
scAB,Other,Neg_ctrl_Sample_72,-0.0390585125792531,31495,4.49825540178217,Sample_100_GSE140082
scAB,Other,Neg_ctrl_Sample_73,-0.109750159680767,31495,4.49825540178217,Sample_100_GSE140082
scAB,Other,Neg_ctrl_Sample_74,0.0257460825504017,31495,4.49825540178217,Sample_100_GSE140082
scAB,Other,Neg_ctrl_Sample_75,-0.0950171168952632,31495,4.49825540178217,Sample_100_GSE140082
scAB,Other,Neg_ctrl_Sample_76,0.0842484957713911,31495,4.49825540178217,Sample_100_GSE140082
scAB,Other,Neg_ctrl_Sample_77,0.0562622026463576,31495,4.49825540178217,Sample_100_GSE140082
scAB,Other,Neg_ctrl_Sample_78,-0.0142094194626499,31495,4.49825540178217,Sample_100_GSE140082
scAB,Other,Neg_ctrl_Sample_79,-0.0238889464804276,31495,4.49825540178217,Sample_100_GSE140082
scAB,Other,Neg_ctrl_Sample_80,-0.0261261395141221,31495,4.49825540178217,Sample_100_GSE140082
scAB,Other,Neg_ctrl_Sample_81,-0.00685372768214985,31495,4.49825540178217,Sample_100_GSE140082
scAB,Other,Neg_ctrl_Sample_82,-0.0651479601425216,31495,4.49825540178217,Sample_100_GSE140082
scAB,Other,Neg_ctrl_Sample_83,0.0016028480044311,31495,4.49825540178217,Sample_100_GSE140082
scAB,Other,Neg_ctrl_Sample_84,0.0942160800965596,31495,4.49825540178217,Sample_100_GSE140082
scAB,Other,Neg_ctrl_Sample_85,-0.0147147550509886,31495,4.49825540178217,Sample_100_GSE140082
scAB,Other,Neg_ctrl_Sample_86,-0.160912604855064,31495,4.49825540178217,Sample_100_GSE140082
scAB,Other,Neg_ctrl_Sample_87,0.010214875406167,31495,4.49825540178217,Sample_100_GSE140082
scAB,Other,Neg_ctrl_Sample_88,-0.010859356859286,31495,4.49825540178217,Sample_100_GSE140082
scAB,Other,Neg_ctrl_Sample_89,0.148598895499024,31495,4.49825540178217,Sample_100_GSE140082
scAB,Other,Neg_ctrl_Sample_90,-0.105170455009265,31495,4.49825540178217,Sample_100_GSE140082
scAB,Other,Neg_ctrl_Sample_91,0.104106269310723,31495,4.49825540178217,Sample_100_GSE140082
scAB,Other,Neg_ctrl_Sample_92,-0.022099047820995,31495,4.49825540178217,Sample_100_GSE140082
scAB,Other,Neg_ctrl_Sample_93,-0.129607160171839,31495,4.49825540178217,Sample_100_GSE140082
scAB,Other,Neg_ctrl_Sample_94,-0.0324440920427434,31495,4.49825540178217,Sample_100_GSE140082
scAB,Other,Neg_ctrl_Sample_95,0.0157677046555211,31495,4.49825540178217,Sample_100_GSE140082
scAB,Other,Neg_ctrl_Sample_96,-0.128373415766068,31495,4.49825540178217,Sample_100_GSE140082
scAB,Other,Neg_ctrl_Sample_97,-0.0373655453903167,31495,4.49825540178217,Sample_100_GSE140082
scAB,Other,Neg_ctrl_Sample_98,0.0219587172761649,31495,4.49825540178217,Sample_100_GSE140082
scAB,Other,Neg_ctrl_Sample_99,0.0162199425425491,31495,4.49825540178217,Sample_100_GSE140082
scAB,Other,Neg_ctrl_Sample_100,-0.0891872497483557,31495,4.49825540178217,Sample_100_GSE140082
scAB,Positive,Neg_ctrl_Sample_1,-0.0259056297835836,19370,4.2871520411255,Sample_100_GSE140082
scAB,Positive,Neg_ctrl_Sample_2,-0.0357658646738664,19370,4.2871520411255,Sample_100_GSE140082
scAB,Positive,Neg_ctrl_Sample_3,-0.00757597377616081,19370,4.2871520411255,Sample_100_GSE140082
scAB,Positive,Neg_ctrl_Sample_4,0.107867212416938,19370,4.2871520411255,Sample_100_GSE140082
scAB,Positive,Neg_ctrl_Sample_5,0.135570580227514,19370,4.2871520411255,Sample_100_GSE140082
scAB,Positive,Neg_ctrl_Sample_6,-0.0464138831004874,19370,4.2871520411255,Sample_100_GSE140082
scAB,Positive,Neg_ctrl_Sample_7,-0.0581471256447022,19370,4.2871520411255,Sample_100_GSE140082
scAB,Positive,Neg_ctrl_Sample_8,0.060791113995592,19370,4.2871520411255,Sample_100_GSE140082
scAB,Positive,Neg_ctrl_Sample_9,0.00923401278938081,19370,4.2871520411255,Sample_100_GSE140082
scAB,Positive,Neg_ctrl_Sample_10,0.0581499587454323,19370,4.2871520411255,Sample_100_GSE140082
scAB,Positive,Neg_ctrl_Sample_11,0.148356333030316,19370,4.2871520411255,Sample_100_GSE140082
scAB,Positive,Neg_ctrl_Sample_12,-0.104560523489777,19370,4.2871520411255,Sample_100_GSE140082
scAB,Positive,Neg_ctrl_Sample_13,0.100571422294214,19370,4.2871520411255,Sample_100_GSE140082
scAB,Positive,Neg_ctrl_Sample_14,0.154974776432281,19370,4.2871520411255,Sample_100_GSE140082
scAB,Positive,Neg_ctrl_Sample_15,-0.0530541736310878,19370,4.2871520411255,Sample_100_GSE140082
scAB,Positive,Neg_ctrl_Sample_16,0.0193472419865727,19370,4.2871520411255,Sample_100_GSE140082
scAB,Positive,Neg_ctrl_Sample_17,0.0718028359903403,19370,4.2871520411255,Sample_100_GSE140082
scAB,Positive,Neg_ctrl_Sample_18,0.242266685142823,19370,4.2871520411255,Sample_100_GSE140082
scAB,Positive,Neg_ctrl_Sample_19,0.290530863360618,19370,4.2871520411255,Sample_100_GSE140082
scAB,Positive,Neg_ctrl_Sample_20,-0.108760473688705,19370,4.2871520411255,Sample_100_GSE140082
scAB,Positive,Neg_ctrl_Sample_21,0.0519919097611577,19370,4.2871520411255,Sample_100_GSE140082
scAB,Positive,Neg_ctrl_Sample_22,0.173714265033507,19370,4.2871520411255,Sample_100_GSE140082
scAB,Positive,Neg_ctrl_Sample_23,-0.0327924500308859,19370,4.2871520411255,Sample_100_GSE140082
scAB,Positive,Neg_ctrl_Sample_24,0.217677412419703,19370,4.2871520411255,Sample_100_GSE140082
scAB,Positive,Neg_ctrl_Sample_25,0.102717252705051,19370,4.2871520411255,Sample_100_GSE140082
scAB,Positive,Neg_ctrl_Sample_26,0.0765531270961835,19370,4.2871520411255,Sample_100_GSE140082
scAB,Positive,Neg_ctrl_Sample_27,0.0996625491737863,19370,4.2871520411255,Sample_100_GSE140082
scAB,Positive,Neg_ctrl_Sample_28,0.0146015014658418,19370,4.2871520411255,Sample_100_GSE140082
scAB,Positive,Neg_ctrl_Sample_29,0.151747689018029,19370,4.2871520411255,Sample_100_GSE140082
scAB,Positive,Neg_ctrl_Sample_30,-0.0597830508329425,19370,4.2871520411255,Sample_100_GSE140082
scAB,Positive,Neg_ctrl_Sample_31,0.063462945343629,19370,4.2871520411255,Sample_100_GSE140082
scAB,Positive,Neg_ctrl_Sample_32,0.132553723354342,19370,4.2871520411255,Sample_100_GSE140082
scAB,Positive,Neg_ctrl_Sample_33,0.116422591895503,19370,4.2871520411255,Sample_100_GSE140082
scAB,Positive,Neg_ctrl_Sample_34,-0.152788718104804,19370,4.2871520411255,Sample_100_GSE140082
scAB,Positive,Neg_ctrl_Sample_35,0.078548830209341,19370,4.2871520411255,Sample_100_GSE140082
scAB,Positive,Neg_ctrl_Sample_36,0.0987330389211408,19370,4.2871520411255,Sample_100_GSE140082
scAB,Positive,Neg_ctrl_Sample_37,0.0585196267646215,19370,4.2871520411255,Sample_100_GSE140082
scAB,Positive,Neg_ctrl_Sample_38,0.152019423936833,19370,4.2871520411255,Sample_100_GSE140082
scAB,Positive,Neg_ctrl_Sample_39,0.0853119695572701,19370,4.2871520411255,Sample_100_GSE140082
scAB,Positive,Neg_ctrl_Sample_40,0.133416984742994,19370,4.2871520411255,Sample_100_GSE140082
scAB,Positive,Neg_ctrl_Sample_41,-0.0410213018072021,19370,4.2871520411255,Sample_100_GSE140082
scAB,Positive,Neg_ctrl_Sample_42,-0.0466798882915825,19370,4.2871520411255,Sample_100_GSE140082
scAB,Positive,Neg_ctrl_Sample_43,0.0821159204646985,19370,4.2871520411255,Sample_100_GSE140082
scAB,Positive,Neg_ctrl_Sample_44,0.164006871187687,19370,4.2871520411255,Sample_100_GSE140082
scAB,Positive,Neg_ctrl_Sample_45,0.223452031895381,19370,4.2871520411255,Sample_100_GSE140082
scAB,Positive,Neg_ctrl_Sample_46,0.162581302381737,19370,4.2871520411255,Sample_100_GSE140082
scAB,Positive,Neg_ctrl_Sample_47,0.0551112191075054,19370,4.2871520411255,Sample_100_GSE140082
scAB,Positive,Neg_ctrl_Sample_48,0.123225735856589,19370,4.2871520411255,Sample_100_GSE140082
scAB,Positive,Neg_ctrl_Sample_49,-0.032221368436867,19370,4.2871520411255,Sample_100_GSE140082
scAB,Positive,Neg_ctrl_Sample_50,0.0617274801429188,19370,4.2871520411255,Sample_100_GSE140082
scAB,Positive,Neg_ctrl_Sample_51,-0.0322552079069867,19370,4.2871520411255,Sample_100_GSE140082
scAB,Positive,Neg_ctrl_Sample_52,0.137448400249902,19370,4.2871520411255,Sample_100_GSE140082
scAB,Positive,Neg_ctrl_Sample_53,0.0662227032930771,19370,4.2871520411255,Sample_100_GSE140082
scAB,Positive,Neg_ctrl_Sample_54,0.103228913211126,19370,4.2871520411255,Sample_100_GSE140082
scAB,Positive,Neg_ctrl_Sample_55,0.0110748412617258,19370,4.2871520411255,Sample_100_GSE140082
scAB,Positive,Neg_ctrl_Sample_56,0.142804241456825,19370,4.2871520411255,Sample_100_GSE140082
scAB,Positive,Neg_ctrl_Sample_57,0.136246379449396,19370,4.2871520411255,Sample_100_GSE140082
scAB,Positive,Neg_ctrl_Sample_58,0.0514133137983026,19370,4.2871520411255,Sample_100_GSE140082
scAB,Positive,Neg_ctrl_Sample_59,0.161115252324445,19370,4.2871520411255,Sample_100_GSE140082
scAB,Positive,Neg_ctrl_Sample_60,0.0262083854678988,19370,4.2871520411255,Sample_100_GSE140082
scAB,Positive,Neg_ctrl_Sample_61,0.0627398133628913,19370,4.2871520411255,Sample_100_GSE140082
scAB,Positive,Neg_ctrl_Sample_62,-0.0451126824806853,19370,4.2871520411255,Sample_100_GSE140082
scAB,Positive,Neg_ctrl_Sample_63,0.0118976839961587,19370,4.2871520411255,Sample_100_GSE140082
scAB,Positive,Neg_ctrl_Sample_64,0.168037470282683,19370,4.2871520411255,Sample_100_GSE140082
scAB,Positive,Neg_ctrl_Sample_65,-0.0431554349810254,19370,4.2871520411255,Sample_100_GSE140082
scAB,Positive,Neg_ctrl_Sample_66,0.130141593118314,19370,4.2871520411255,Sample_100_GSE140082
scAB,Positive,Neg_ctrl_Sample_67,0.133708731123287,19370,4.2871520411255,Sample_100_GSE140082
scAB,Positive,Neg_ctrl_Sample_68,0.0966674495691154,19370,4.2871520411255,Sample_100_GSE140082
scAB,Positive,Neg_ctrl_Sample_69,-0.10268747813952,19370,4.2871520411255,Sample_100_GSE140082
scAB,Positive,Neg_ctrl_Sample_70,0.00848935890457922,19370,4.2871520411255,Sample_100_GSE140082
scAB,Positive,Neg_ctrl_Sample_71,0.0273294896305557,19370,4.2871520411255,Sample_100_GSE140082
scAB,Positive,Neg_ctrl_Sample_72,0.0178408132668791,19370,4.2871520411255,Sample_100_GSE140082
scAB,Positive,Neg_ctrl_Sample_73,-0.0578915686593486,19370,4.2871520411255,Sample_100_GSE140082
scAB,Positive,Neg_ctrl_Sample_74,0.00213588757943384,19370,4.2871520411255,Sample_100_GSE140082
scAB,Positive,Neg_ctrl_Sample_75,0.0331191762079552,19370,4.2871520411255,Sample_100_GSE140082
scAB,Positive,Neg_ctrl_Sample_76,0.109895077632693,19370,4.2871520411255,Sample_100_GSE140082
scAB,Positive,Neg_ctrl_Sample_77,0.0701997849820997,19370,4.2871520411255,Sample_100_GSE140082
scAB,Positive,Neg_ctrl_Sample_78,-0.00772481872962613,19370,4.2871520411255,Sample_100_GSE140082
scAB,Positive,Neg_ctrl_Sample_79,0.00366721134306538,19370,4.2871520411255,Sample_100_GSE140082
scAB,Positive,Neg_ctrl_Sample_80,0.000806951570600692,19370,4.2871520411255,Sample_100_GSE140082
scAB,Positive,Neg_ctrl_Sample_81,0.122755209977927,19370,4.2871520411255,Sample_100_GSE140082
scAB,Positive,Neg_ctrl_Sample_82,0.0327152171306037,19370,4.2871520411255,Sample_100_GSE140082
scAB,Positive,Neg_ctrl_Sample_83,0.0299442855941505,19370,4.2871520411255,Sample_100_GSE140082
scAB,Positive,Neg_ctrl_Sample_84,0.0942090753790711,19370,4.2871520411255,Sample_100_GSE140082
scAB,Positive,Neg_ctrl_Sample_85,0.00232071665755761,19370,4.2871520411255,Sample_100_GSE140082
scAB,Positive,Neg_ctrl_Sample_86,-0.0963383797292096,19370,4.2871520411255,Sample_100_GSE140082
scAB,Positive,Neg_ctrl_Sample_87,0.0431253330613191,19370,4.2871520411255,Sample_100_GSE140082
scAB,Positive,Neg_ctrl_Sample_88,0.0649442042967376,19370,4.2871520411255,Sample_100_GSE140082
scAB,Positive,Neg_ctrl_Sample_89,0.169213871116404,19370,4.2871520411255,Sample_100_GSE140082
scAB,Positive,Neg_ctrl_Sample_90,-0.0399385645063125,19370,4.2871520411255,Sample_100_GSE140082
scAB,Positive,Neg_ctrl_Sample_91,0.144990755463447,19370,4.2871520411255,Sample_100_GSE140082
scAB,Positive,Neg_ctrl_Sample_92,0.057102535870979,19370,4.2871520411255,Sample_100_GSE140082
scAB,Positive,Neg_ctrl_Sample_93,-0.0442032980619054,19370,4.2871520411255,Sample_100_GSE140082
scAB,Positive,Neg_ctrl_Sample_94,-0.0143762391054182,19370,4.2871520411255,Sample_100_GSE140082
scAB,Positive,Neg_ctrl_Sample_95,0.0364115762931375,19370,4.2871520411255,Sample_100_GSE140082
scAB,Positive,Neg_ctrl_Sample_96,-0.0680833819138897,19370,4.2871520411255,Sample_100_GSE140082
scAB,Positive,Neg_ctrl_Sample_97,-0.0515386739346696,19370,4.2871520411255,Sample_100_GSE140082
scAB,Positive,Neg_ctrl_Sample_98,0.0260046771935906,19370,4.2871520411255,Sample_100_GSE140082
scAB,Positive,Neg_ctrl_Sample_99,0.0884833468983295,19370,4.2871520411255,Sample_100_GSE140082
scAB,Positive,Neg_ctrl_Sample_100,-0.0551320208507017,19370,4.2871520411255,Sample_100_GSE140082
scPAS,Negative,Neg_ctrl_Sample_1,-0.0393152536330038,207,2.31806333496276,Sample_100_GSE140082
scPAS,Negative,Neg_ctrl_Sample_2,-0.0489716601016552,207,2.31806333496276,Sample_100_GSE140082
scPAS,Negative,Neg_ctrl_Sample_3,0.0289963348866639,207,2.31806333496276,Sample_100_GSE140082
scPAS,Negative,Neg_ctrl_Sample_4,0.119252085301443,207,2.31806333496276,Sample_100_GSE140082
scPAS,Negative,Neg_ctrl_Sample_5,0.121550123476533,207,2.31806333496276,Sample_100_GSE140082
scPAS,Negative,Neg_ctrl_Sample_6,-0.0678199690366066,207,2.31806333496276,Sample_100_GSE140082
scPAS,Negative,Neg_ctrl_Sample_7,-0.0479095761340728,207,2.31806333496276,Sample_100_GSE140082
scPAS,Negative,Neg_ctrl_Sample_8,0.0778430052995545,207,2.31806333496276,Sample_100_GSE140082
scPAS,Negative,Neg_ctrl_Sample_9,0.0214213844460937,207,2.31806333496276,Sample_100_GSE140082
scPAS,Negative,Neg_ctrl_Sample_10,0.0798879960497789,207,2.31806333496276,Sample_100_GSE140082
scPAS,Negative,Neg_ctrl_Sample_11,0.135882121409043,207,2.31806333496276,Sample_100_GSE140082
scPAS,Negative,Neg_ctrl_Sample_12,-0.130143874101628,207,2.31806333496276,Sample_100_GSE140082
scPAS,Negative,Neg_ctrl_Sample_13,0.114741618624425,207,2.31806333496276,Sample_100_GSE140082
scPAS,Negative,Neg_ctrl_Sample_14,0.164378770625993,207,2.31806333496276,Sample_100_GSE140082
scPAS,Negative,Neg_ctrl_Sample_15,-0.0518145848690952,207,2.31806333496276,Sample_100_GSE140082
scPAS,Negative,Neg_ctrl_Sample_16,0.0166407776825107,207,2.31806333496276,Sample_100_GSE140082
scPAS,Negative,Neg_ctrl_Sample_17,0.0761833844787948,207,2.31806333496276,Sample_100_GSE140082
scPAS,Negative,Neg_ctrl_Sample_18,0.238217193832716,207,2.31806333496276,Sample_100_GSE140082
scPAS,Negative,Neg_ctrl_Sample_19,0.2719332500719,207,2.31806333496276,Sample_100_GSE140082
scPAS,Negative,Neg_ctrl_Sample_20,-0.120607817288891,207,2.31806333496276,Sample_100_GSE140082
scPAS,Negative,Neg_ctrl_Sample_21,0.0626605392320745,207,2.31806333496276,Sample_100_GSE140082
scPAS,Negative,Neg_ctrl_Sample_22,0.224188429419338,207,2.31806333496276,Sample_100_GSE140082
scPAS,Negative,Neg_ctrl_Sample_23,-0.0477801009916802,207,2.31806333496276,Sample_100_GSE140082
scPAS,Negative,Neg_ctrl_Sample_24,0.156088048261064,207,2.31806333496276,Sample_100_GSE140082
scPAS,Negative,Neg_ctrl_Sample_25,0.119778495491512,207,2.31806333496276,Sample_100_GSE140082
scPAS,Negative,Neg_ctrl_Sample_26,0.0598817187685596,207,2.31806333496276,Sample_100_GSE140082
scPAS,Negative,Neg_ctrl_Sample_27,0.0980132287279406,207,2.31806333496276,Sample_100_GSE140082
scPAS,Negative,Neg_ctrl_Sample_28,0.0503970152167124,207,2.31806333496276,Sample_100_GSE140082
scPAS,Negative,Neg_ctrl_Sample_29,0.175489145977133,207,2.31806333496276,Sample_100_GSE140082
scPAS,Negative,Neg_ctrl_Sample_30,-0.0681829800315149,207,2.31806333496276,Sample_100_GSE140082
scPAS,Negative,Neg_ctrl_Sample_31,0.0691320851635226,207,2.31806333496276,Sample_100_GSE140082
scPAS,Negative,Neg_ctrl_Sample_32,0.140284438213981,207,2.31806333496276,Sample_100_GSE140082
scPAS,Negative,Neg_ctrl_Sample_33,0.100055653647408,207,2.31806333496276,Sample_100_GSE140082
scPAS,Negative,Neg_ctrl_Sample_34,-0.131064601299511,207,2.31806333496276,Sample_100_GSE140082
scPAS,Negative,Neg_ctrl_Sample_35,0.0824283282209386,207,2.31806333496276,Sample_100_GSE140082
scPAS,Negative,Neg_ctrl_Sample_36,0.0567659706023009,207,2.31806333496276,Sample_100_GSE140082
scPAS,Negative,Neg_ctrl_Sample_37,0.102102555206685,207,2.31806333496276,Sample_100_GSE140082
scPAS,Negative,Neg_ctrl_Sample_38,0.13799076636592,207,2.31806333496276,Sample_100_GSE140082
scPAS,Negative,Neg_ctrl_Sample_39,0.0591753490983003,207,2.31806333496276,Sample_100_GSE140082
scPAS,Negative,Neg_ctrl_Sample_40,0.154113706673918,207,2.31806333496276,Sample_100_GSE140082
scPAS,Negative,Neg_ctrl_Sample_41,-0.0644238379151871,207,2.31806333496276,Sample_100_GSE140082
scPAS,Negative,Neg_ctrl_Sample_42,-0.0623974392562512,207,2.31806333496276,Sample_100_GSE140082
scPAS,Negative,Neg_ctrl_Sample_43,0.0568388068253686,207,2.31806333496276,Sample_100_GSE140082
scPAS,Negative,Neg_ctrl_Sample_44,0.16374897649158,207,2.31806333496276,Sample_100_GSE140082
scPAS,Negative,Neg_ctrl_Sample_45,0.232710161183663,207,2.31806333496276,Sample_100_GSE140082
scPAS,Negative,Neg_ctrl_Sample_46,0.149826693612373,207,2.31806333496276,Sample_100_GSE140082
scPAS,Negative,Neg_ctrl_Sample_47,0.0621452284896288,207,2.31806333496276,Sample_100_GSE140082
scPAS,Negative,Neg_ctrl_Sample_48,0.137173213903864,207,2.31806333496276,Sample_100_GSE140082
scPAS,Negative,Neg_ctrl_Sample_49,-0.0387787229511776,207,2.31806333496276,Sample_100_GSE140082
scPAS,Negative,Neg_ctrl_Sample_50,0.0676447419305557,207,2.31806333496276,Sample_100_GSE140082
scPAS,Negative,Neg_ctrl_Sample_51,-0.023826606394306,207,2.31806333496276,Sample_100_GSE140082
scPAS,Negative,Neg_ctrl_Sample_52,0.10540980692695,207,2.31806333496276,Sample_100_GSE140082
scPAS,Negative,Neg_ctrl_Sample_53,0.0590089111983333,207,2.31806333496276,Sample_100_GSE140082
scPAS,Negative,Neg_ctrl_Sample_54,0.0666499719350431,207,2.31806333496276,Sample_100_GSE140082
scPAS,Negative,Neg_ctrl_Sample_55,-0.00223422497409325,207,2.31806333496276,Sample_100_GSE140082
scPAS,Negative,Neg_ctrl_Sample_56,0.129441494039327,207,2.31806333496276,Sample_100_GSE140082
scPAS,Negative,Neg_ctrl_Sample_57,0.111305585185485,207,2.31806333496276,Sample_100_GSE140082
scPAS,Negative,Neg_ctrl_Sample_58,0.0320089802145107,207,2.31806333496276,Sample_100_GSE140082
scPAS,Negative,Neg_ctrl_Sample_59,0.116384081694838,207,2.31806333496276,Sample_100_GSE140082
scPAS,Negative,Neg_ctrl_Sample_60,0.0511626259462886,207,2.31806333496276,Sample_100_GSE140082
scPAS,Negative,Neg_ctrl_Sample_61,0.0465168885312165,207,2.31806333496276,Sample_100_GSE140082
scPAS,Negative,Neg_ctrl_Sample_62,-0.0543899531314129,207,2.31806333496276,Sample_100_GSE140082
scPAS,Negative,Neg_ctrl_Sample_63,0.00219248434821931,207,2.31806333496276,Sample_100_GSE140082
scPAS,Negative,Neg_ctrl_Sample_64,0.179663968433492,207,2.31806333496276,Sample_100_GSE140082
scPAS,Negative,Neg_ctrl_Sample_65,-0.0671373077719033,207,2.31806333496276,Sample_100_GSE140082
scPAS,Negative,Neg_ctrl_Sample_66,0.12329333971482,207,2.31806333496276,Sample_100_GSE140082
scPAS,Negative,Neg_ctrl_Sample_67,0.107592480526988,207,2.31806333496276,Sample_100_GSE140082
scPAS,Negative,Neg_ctrl_Sample_68,0.0975673239283945,207,2.31806333496276,Sample_100_GSE140082
scPAS,Negative,Neg_ctrl_Sample_69,-0.137047949699387,207,2.31806333496276,Sample_100_GSE140082
scPAS,Negative,Neg_ctrl_Sample_70,0.000241141119259587,207,2.31806333496276,Sample_100_GSE140082
scPAS,Negative,Neg_ctrl_Sample_71,0.0633804292874228,207,2.31806333496276,Sample_100_GSE140082
scPAS,Negative,Neg_ctrl_Sample_72,-0.00408107420024244,207,2.31806333496276,Sample_100_GSE140082
scPAS,Negative,Neg_ctrl_Sample_73,-0.0382307300330296,207,2.31806333496276,Sample_100_GSE140082
scPAS,Negative,Neg_ctrl_Sample_74,-0.00170703816308569,207,2.31806333496276,Sample_100_GSE140082
scPAS,Negative,Neg_ctrl_Sample_75,0.0526354939963664,207,2.31806333496276,Sample_100_GSE140082
scPAS,Negative,Neg_ctrl_Sample_76,0.0827166755266957,207,2.31806333496276,Sample_100_GSE140082
scPAS,Negative,Neg_ctrl_Sample_77,0.0493505373281158,207,2.31806333496276,Sample_100_GSE140082
scPAS,Negative,Neg_ctrl_Sample_78,-0.0136614994372761,207,2.31806333496276,Sample_100_GSE140082
scPAS,Negative,Neg_ctrl_Sample_79,0.00180884806988455,207,2.31806333496276,Sample_100_GSE140082
scPAS,Negative,Neg_ctrl_Sample_80,-0.000229412550384165,207,2.31806333496276,Sample_100_GSE140082
scPAS,Negative,Neg_ctrl_Sample_81,0.169798357929901,207,2.31806333496276,Sample_100_GSE140082
scPAS,Negative,Neg_ctrl_Sample_82,0.0149889756393771,207,2.31806333496276,Sample_100_GSE140082
scPAS,Negative,Neg_ctrl_Sample_83,0.012674240970956,207,2.31806333496276,Sample_100_GSE140082
scPAS,Negative,Neg_ctrl_Sample_84,0.110467704183434,207,2.31806333496276,Sample_100_GSE140082
scPAS,Negative,Neg_ctrl_Sample_85,-0.0218267388975746,207,2.31806333496276,Sample_100_GSE140082
scPAS,Negative,Neg_ctrl_Sample_86,-0.101275623460703,207,2.31806333496276,Sample_100_GSE140082
scPAS,Negative,Neg_ctrl_Sample_87,0.0483814506639133,207,2.31806333496276,Sample_100_GSE140082
scPAS,Negative,Neg_ctrl_Sample_88,0.0497816721021798,207,2.31806333496276,Sample_100_GSE140082
scPAS,Negative,Neg_ctrl_Sample_89,0.16014296987957,207,2.31806333496276,Sample_100_GSE140082
scPAS,Negative,Neg_ctrl_Sample_90,-0.0688503224852877,207,2.31806333496276,Sample_100_GSE140082
scPAS,Negative,Neg_ctrl_Sample_91,0.149157829619197,207,2.31806333496276,Sample_100_GSE140082
scPAS,Negative,Neg_ctrl_Sample_92,0.0448536731153671,207,2.31806333496276,Sample_100_GSE140082
scPAS,Negative,Neg_ctrl_Sample_93,-0.0244075854369619,207,2.31806333496276,Sample_100_GSE140082
scPAS,Negative,Neg_ctrl_Sample_94,-0.0259824084728406,207,2.31806333496276,Sample_100_GSE140082
scPAS,Negative,Neg_ctrl_Sample_95,-0.00831846149281497,207,2.31806333496276,Sample_100_GSE140082
scPAS,Negative,Neg_ctrl_Sample_96,-0.0975758674146621,207,2.31806333496276,Sample_100_GSE140082
scPAS,Negative,Neg_ctrl_Sample_97,-0.0440112672841385,207,2.31806333496276,Sample_100_GSE140082
scPAS,Negative,Neg_ctrl_Sample_98,0.0577787320355158,207,2.31806333496276,Sample_100_GSE140082
scPAS,Negative,Neg_ctrl_Sample_99,0.0352877629241882,207,2.31806333496276,Sample_100_GSE140082
scPAS,Negative,Neg_ctrl_Sample_100,-0.0653293843797132,207,2.31806333496276,Sample_100_GSE140082
scPAS,Neutral,Neg_ctrl_Sample_1,-0.0430687698835025,49980,4.69880494106889,Sample_100_GSE140082
scPAS,Neutral,Neg_ctrl_Sample_2,-0.0504608144270027,49980,4.69880494106889,Sample_100_GSE140082
scPAS,Neutral,Neg_ctrl_Sample_3,-0.0399090217243075,49980,4.69880494106889,Sample_100_GSE140082
scPAS,Neutral,Neg_ctrl_Sample_4,-0.00933664931961376,49980,4.69880494106889,Sample_100_GSE140082
scPAS,Neutral,Neg_ctrl_Sample_5,0.0469766346050191,49980,4.69880494106889,Sample_100_GSE140082
scPAS,Neutral,Neg_ctrl_Sample_6,-0.0759767906177798,49980,4.69880494106889,Sample_100_GSE140082
scPAS,Neutral,Neg_ctrl_Sample_7,-0.109908701613886,49980,4.69880494106889,Sample_100_GSE140082
scPAS,Neutral,Neg_ctrl_Sample_8,0.0376957152217583,49980,4.69880494106889,Sample_100_GSE140082
scPAS,Neutral,Neg_ctrl_Sample_9,0.0130427501869231,49980,4.69880494106889,Sample_100_GSE140082
scPAS,Neutral,Neg_ctrl_Sample_10,0.0495649652680798,49980,4.69880494106889,Sample_100_GSE140082
scPAS,Neutral,Neg_ctrl_Sample_11,0.135589242825305,49980,4.69880494106889,Sample_100_GSE140082
scPAS,Neutral,Neg_ctrl_Sample_12,-0.11865552412672,49980,4.69880494106889,Sample_100_GSE140082
scPAS,Neutral,Neg_ctrl_Sample_13,0.0308436196866889,49980,4.69880494106889,Sample_100_GSE140082
scPAS,Neutral,Neg_ctrl_Sample_14,0.0772874806199841,49980,4.69880494106889,Sample_100_GSE140082
scPAS,Neutral,Neg_ctrl_Sample_15,-0.0681186391143719,49980,4.69880494106889,Sample_100_GSE140082
scPAS,Neutral,Neg_ctrl_Sample_16,-0.00912396561537113,49980,4.69880494106889,Sample_100_GSE140082
scPAS,Neutral,Neg_ctrl_Sample_17,0.0824019208433694,49980,4.69880494106889,Sample_100_GSE140082
scPAS,Neutral,Neg_ctrl_Sample_18,0.208700859319436,49980,4.69880494106889,Sample_100_GSE140082
scPAS,Neutral,Neg_ctrl_Sample_19,0.255550029452535,49980,4.69880494106889,Sample_100_GSE140082
scPAS,Neutral,Neg_ctrl_Sample_20,-0.13371794149043,49980,4.69880494106889,Sample_100_GSE140082
scPAS,Neutral,Neg_ctrl_Sample_21,0.014867973933515,49980,4.69880494106889,Sample_100_GSE140082
scPAS,Neutral,Neg_ctrl_Sample_22,0.165315211434555,49980,4.69880494106889,Sample_100_GSE140082
scPAS,Neutral,Neg_ctrl_Sample_23,-0.0548375789950873,49980,4.69880494106889,Sample_100_GSE140082
scPAS,Neutral,Neg_ctrl_Sample_24,0.17572311628235,49980,4.69880494106889,Sample_100_GSE140082
scPAS,Neutral,Neg_ctrl_Sample_25,0.0587075042537045,49980,4.69880494106889,Sample_100_GSE140082
scPAS,Neutral,Neg_ctrl_Sample_26,0.0577188197069593,49980,4.69880494106889,Sample_100_GSE140082
scPAS,Neutral,Neg_ctrl_Sample_27,0.0343814439752727,49980,4.69880494106889,Sample_100_GSE140082
scPAS,Neutral,Neg_ctrl_Sample_28,0.0305673318360361,49980,4.69880494106889,Sample_100_GSE140082
scPAS,Neutral,Neg_ctrl_Sample_29,0.128242792130566,49980,4.69880494106889,Sample_100_GSE140082
scPAS,Neutral,Neg_ctrl_Sample_30,-0.05106752953608,49980,4.69880494106889,Sample_100_GSE140082
scPAS,Neutral,Neg_ctrl_Sample_31,0.0357645396941918,49980,4.69880494106889,Sample_100_GSE140082
scPAS,Neutral,Neg_ctrl_Sample_32,0.154141164502676,49980,4.69880494106889,Sample_100_GSE140082
scPAS,Neutral,Neg_ctrl_Sample_33,0.0965604336567901,49980,4.69880494106889,Sample_100_GSE140082
scPAS,Neutral,Neg_ctrl_Sample_34,-0.217179170788814,49980,4.69880494106889,Sample_100_GSE140082
scPAS,Neutral,Neg_ctrl_Sample_35,0.0289591315236061,49980,4.69880494106889,Sample_100_GSE140082
scPAS,Neutral,Neg_ctrl_Sample_36,0.0485610160094116,49980,4.69880494106889,Sample_100_GSE140082
scPAS,Neutral,Neg_ctrl_Sample_37,0.080749592841409,49980,4.69880494106889,Sample_100_GSE140082
scPAS,Neutral,Neg_ctrl_Sample_38,0.101477174756674,49980,4.69880494106889,Sample_100_GSE140082
scPAS,Neutral,Neg_ctrl_Sample_39,0.0658646034786235,49980,4.69880494106889,Sample_100_GSE140082
scPAS,Neutral,Neg_ctrl_Sample_40,0.0861114798941805,49980,4.69880494106889,Sample_100_GSE140082
scPAS,Neutral,Neg_ctrl_Sample_41,-0.0740675678721115,49980,4.69880494106889,Sample_100_GSE140082
scPAS,Neutral,Neg_ctrl_Sample_42,-0.0825585674554436,49980,4.69880494106889,Sample_100_GSE140082
scPAS,Neutral,Neg_ctrl_Sample_43,0.0838136734576871,49980,4.69880494106889,Sample_100_GSE140082
scPAS,Neutral,Neg_ctrl_Sample_44,0.184511705616648,49980,4.69880494106889,Sample_100_GSE140082
scPAS,Neutral,Neg_ctrl_Sample_45,0.1987080330174,49980,4.69880494106889,Sample_100_GSE140082
scPAS,Neutral,Neg_ctrl_Sample_46,0.179876473879211,49980,4.69880494106889,Sample_100_GSE140082
scPAS,Neutral,Neg_ctrl_Sample_47,0.0400864406708323,49980,4.69880494106889,Sample_100_GSE140082
scPAS,Neutral,Neg_ctrl_Sample_48,0.124976334854659,49980,4.69880494106889,Sample_100_GSE140082
scPAS,Neutral,Neg_ctrl_Sample_49,-0.118736428561147,49980,4.69880494106889,Sample_100_GSE140082
scPAS,Neutral,Neg_ctrl_Sample_50,0.0446820929471641,49980,4.69880494106889,Sample_100_GSE140082
scPAS,Neutral,Neg_ctrl_Sample_51,-0.0291183879518797,49980,4.69880494106889,Sample_100_GSE140082
scPAS,Neutral,Neg_ctrl_Sample_52,0.111949624229455,49980,4.69880494106889,Sample_100_GSE140082
scPAS,Neutral,Neg_ctrl_Sample_53,-0.00780208404430679,49980,4.69880494106889,Sample_100_GSE140082
scPAS,Neutral,Neg_ctrl_Sample_54,0.0828127979511549,49980,4.69880494106889,Sample_100_GSE140082
scPAS,Neutral,Neg_ctrl_Sample_55,0.00200646325361016,49980,4.69880494106889,Sample_100_GSE140082
scPAS,Neutral,Neg_ctrl_Sample_56,0.0868997050418222,49980,4.69880494106889,Sample_100_GSE140082
scPAS,Neutral,Neg_ctrl_Sample_57,0.153425774923894,49980,4.69880494106889,Sample_100_GSE140082
scPAS,Neutral,Neg_ctrl_Sample_58,0.0220241224691621,49980,4.69880494106889,Sample_100_GSE140082
scPAS,Neutral,Neg_ctrl_Sample_59,0.119232559383959,49980,4.69880494106889,Sample_100_GSE140082
scPAS,Neutral,Neg_ctrl_Sample_60,0.025726587512855,49980,4.69880494106889,Sample_100_GSE140082
scPAS,Neutral,Neg_ctrl_Sample_61,0.027653701684573,49980,4.69880494106889,Sample_100_GSE140082
scPAS,Neutral,Neg_ctrl_Sample_62,-0.0757592983234137,49980,4.69880494106889,Sample_100_GSE140082
scPAS,Neutral,Neg_ctrl_Sample_63,-0.0138470140790455,49980,4.69880494106889,Sample_100_GSE140082
scPAS,Neutral,Neg_ctrl_Sample_64,0.132776992417825,49980,4.69880494106889,Sample_100_GSE140082
scPAS,Neutral,Neg_ctrl_Sample_65,-0.0816821866653082,49980,4.69880494106889,Sample_100_GSE140082
scPAS,Neutral,Neg_ctrl_Sample_66,0.0929121014135463,49980,4.69880494106889,Sample_100_GSE140082
scPAS,Neutral,Neg_ctrl_Sample_67,0.11071630628423,49980,4.69880494106889,Sample_100_GSE140082
scPAS,Neutral,Neg_ctrl_Sample_68,0.119154213992548,49980,4.69880494106889,Sample_100_GSE140082
scPAS,Neutral,Neg_ctrl_Sample_69,-0.104340916342195,49980,4.69880494106889,Sample_100_GSE140082
scPAS,Neutral,Neg_ctrl_Sample_70,-0.0318220170273967,49980,4.69880494106889,Sample_100_GSE140082
scPAS,Neutral,Neg_ctrl_Sample_71,0.0042871580617239,49980,4.69880494106889,Sample_100_GSE140082
scPAS,Neutral,Neg_ctrl_Sample_72,-0.0174117789103747,49980,4.69880494106889,Sample_100_GSE140082
scPAS,Neutral,Neg_ctrl_Sample_73,-0.0901675835131598,49980,4.69880494106889,Sample_100_GSE140082
scPAS,Neutral,Neg_ctrl_Sample_74,0.016733346681283,49980,4.69880494106889,Sample_100_GSE140082
scPAS,Neutral,Neg_ctrl_Sample_75,-0.0465229392204295,49980,4.69880494106889,Sample_100_GSE140082
scPAS,Neutral,Neg_ctrl_Sample_76,0.0939103501473395,49980,4.69880494106889,Sample_100_GSE140082
scPAS,Neutral,Neg_ctrl_Sample_77,0.0615127773475321,49980,4.69880494106889,Sample_100_GSE140082
scPAS,Neutral,Neg_ctrl_Sample_78,-0.0118940543236296,49980,4.69880494106889,Sample_100_GSE140082
scPAS,Neutral,Neg_ctrl_Sample_79,-0.013439468626375,49980,4.69880494106889,Sample_100_GSE140082
scPAS,Neutral,Neg_ctrl_Sample_80,-0.0163685044143099,49980,4.69880494106889,Sample_100_GSE140082
scPAS,Neutral,Neg_ctrl_Sample_81,0.0423903745269497,49980,4.69880494106889,Sample_100_GSE140082
scPAS,Neutral,Neg_ctrl_Sample_82,-0.0279094457941229,49980,4.69880494106889,Sample_100_GSE140082
scPAS,Neutral,Neg_ctrl_Sample_83,0.0123914436605257,49980,4.69880494106889,Sample_100_GSE140082
scPAS,Neutral,Neg_ctrl_Sample_84,0.0941440732986063,49980,4.69880494106889,Sample_100_GSE140082
scPAS,Neutral,Neg_ctrl_Sample_85,-0.00811007149448113,49980,4.69880494106889,Sample_100_GSE140082
scPAS,Neutral,Neg_ctrl_Sample_86,-0.136609763179405,49980,4.69880494106889,Sample_100_GSE140082
scPAS,Neutral,Neg_ctrl_Sample_87,0.0224342135296136,49980,4.69880494106889,Sample_100_GSE140082
scPAS,Neutral,Neg_ctrl_Sample_88,0.0178232354305328,49980,4.69880494106889,Sample_100_GSE140082
scPAS,Neutral,Neg_ctrl_Sample_89,0.156243445863537,49980,4.69880494106889,Sample_100_GSE140082
scPAS,Neutral,Neg_ctrl_Sample_90,-0.0802491422490655,49980,4.69880494106889,Sample_100_GSE140082
scPAS,Neutral,Neg_ctrl_Sample_91,0.11950671252077,49980,4.69880494106889,Sample_100_GSE140082
scPAS,Neutral,Neg_ctrl_Sample_92,0.00782322709332616,49980,4.69880494106889,Sample_100_GSE140082
scPAS,Neutral,Neg_ctrl_Sample_93,-0.0973695019030568,49980,4.69880494106889,Sample_100_GSE140082
scPAS,Neutral,Neg_ctrl_Sample_94,-0.0255658459417965,49980,4.69880494106889,Sample_100_GSE140082
scPAS,Neutral,Neg_ctrl_Sample_95,0.0235540611396374,49980,4.69880494106889,Sample_100_GSE140082
scPAS,Neutral,Neg_ctrl_Sample_96,-0.105387171476696,49980,4.69880494106889,Sample_100_GSE140082
scPAS,Neutral,Neg_ctrl_Sample_97,-0.0428285460709596,49980,4.69880494106889,Sample_100_GSE140082
scPAS,Neutral,Neg_ctrl_Sample_98,0.0236020205327959,49980,4.69880494106889,Sample_100_GSE140082
scPAS,Neutral,Neg_ctrl_Sample_99,0.0436728129089621,49980,4.69880494106889,Sample_100_GSE140082
scPAS,Neutral,Neg_ctrl_Sample_100,-0.0761434894600937,49980,4.69880494106889,Sample_100_GSE140082
scPAS,Positive,Neg_ctrl_Sample_1,-0.0443770922141043,678,2.8318697742805,Sample_100_GSE140082
scPAS,Positive,Neg_ctrl_Sample_2,-0.0473893477507235,678,2.8318697742805,Sample_100_GSE140082
scPAS,Positive,Neg_ctrl_Sample_3,-0.0620146573551969,678,2.8318697742805,Sample_100_GSE140082
scPAS,Positive,Neg_ctrl_Sample_4,-0.0122667613135502,678,2.8318697742805,Sample_100_GSE140082
scPAS,Positive,Neg_ctrl_Sample_5,0.0400907069217668,678,2.8318697742805,Sample_100_GSE140082
scPAS,Positive,Neg_ctrl_Sample_6,-0.0861984694535553,678,2.8318697742805,Sample_100_GSE140082
scPAS,Positive,Neg_ctrl_Sample_7,-0.106193340095902,678,2.8318697742805,Sample_100_GSE140082
scPAS,Positive,Neg_ctrl_Sample_8,0.0416343189892155,678,2.8318697742805,Sample_100_GSE140082
scPAS,Positive,Neg_ctrl_Sample_9,0.0337555534160858,678,2.8318697742805,Sample_100_GSE140082
scPAS,Positive,Neg_ctrl_Sample_10,0.0525358838562822,678,2.8318697742805,Sample_100_GSE140082
scPAS,Positive,Neg_ctrl_Sample_11,0.140386577423159,678,2.8318697742805,Sample_100_GSE140082
scPAS,Positive,Neg_ctrl_Sample_12,-0.109963361879902,678,2.8318697742805,Sample_100_GSE140082
scPAS,Positive,Neg_ctrl_Sample_13,0.0295560201957995,678,2.8318697742805,Sample_100_GSE140082
scPAS,Positive,Neg_ctrl_Sample_14,0.0794399219409578,678,2.8318697742805,Sample_100_GSE140082
scPAS,Positive,Neg_ctrl_Sample_15,-0.0603277332168149,678,2.8318697742805,Sample_100_GSE140082
scPAS,Positive,Neg_ctrl_Sample_16,-0.0201269789704227,678,2.8318697742805,Sample_100_GSE140082
scPAS,Positive,Neg_ctrl_Sample_17,0.0793511059967006,678,2.8318697742805,Sample_100_GSE140082
scPAS,Positive,Neg_ctrl_Sample_18,0.219600457908195,678,2.8318697742805,Sample_100_GSE140082
scPAS,Positive,Neg_ctrl_Sample_19,0.254171084229962,678,2.8318697742805,Sample_100_GSE140082
scPAS,Positive,Neg_ctrl_Sample_20,-0.141755273808661,678,2.8318697742805,Sample_100_GSE140082
scPAS,Positive,Neg_ctrl_Sample_21,0.0112722417877833,678,2.8318697742805,Sample_100_GSE140082
scPAS,Positive,Neg_ctrl_Sample_22,0.157700953637353,678,2.8318697742805,Sample_100_GSE140082
scPAS,Positive,Neg_ctrl_Sample_23,-0.0451743816450532,678,2.8318697742805,Sample_100_GSE140082
scPAS,Positive,Neg_ctrl_Sample_24,0.182098354778622,678,2.8318697742805,Sample_100_GSE140082
scPAS,Positive,Neg_ctrl_Sample_25,0.0480433759553602,678,2.8318697742805,Sample_100_GSE140082
scPAS,Positive,Neg_ctrl_Sample_26,0.0471471787420951,678,2.8318697742805,Sample_100_GSE140082
scPAS,Positive,Neg_ctrl_Sample_27,0.0151553169824734,678,2.8318697742805,Sample_100_GSE140082
scPAS,Positive,Neg_ctrl_Sample_28,0.0306911851028788,678,2.8318697742805,Sample_100_GSE140082
scPAS,Positive,Neg_ctrl_Sample_29,0.128831656014304,678,2.8318697742805,Sample_100_GSE140082
scPAS,Positive,Neg_ctrl_Sample_30,-0.050721986093913,678,2.8318697742805,Sample_100_GSE140082
scPAS,Positive,Neg_ctrl_Sample_31,0.0250825441376426,678,2.8318697742805,Sample_100_GSE140082
scPAS,Positive,Neg_ctrl_Sample_32,0.149415304711853,678,2.8318697742805,Sample_100_GSE140082
scPAS,Positive,Neg_ctrl_Sample_33,0.0957545244655274,678,2.8318697742805,Sample_100_GSE140082
scPAS,Positive,Neg_ctrl_Sample_34,-0.216795149746943,678,2.8318697742805,Sample_100_GSE140082
scPAS,Positive,Neg_ctrl_Sample_35,0.0124889662074857,678,2.8318697742805,Sample_100_GSE140082
scPAS,Positive,Neg_ctrl_Sample_36,0.0401648695731142,678,2.8318697742805,Sample_100_GSE140082
scPAS,Positive,Neg_ctrl_Sample_37,0.0700356290760073,678,2.8318697742805,Sample_100_GSE140082
scPAS,Positive,Neg_ctrl_Sample_38,0.0851640724508106,678,2.8318697742805,Sample_100_GSE140082
scPAS,Positive,Neg_ctrl_Sample_39,0.0746803083516307,678,2.8318697742805,Sample_100_GSE140082
scPAS,Positive,Neg_ctrl_Sample_40,0.0617092328982275,678,2.8318697742805,Sample_100_GSE140082
scPAS,Positive,Neg_ctrl_Sample_41,-0.0611921230392037,678,2.8318697742805,Sample_100_GSE140082
scPAS,Positive,Neg_ctrl_Sample_42,-0.0763228622480823,678,2.8318697742805,Sample_100_GSE140082
scPAS,Positive,Neg_ctrl_Sample_43,0.0934072846716469,678,2.8318697742805,Sample_100_GSE140082
scPAS,Positive,Neg_ctrl_Sample_44,0.195973712955596,678,2.8318697742805,Sample_100_GSE140082
scPAS,Positive,Neg_ctrl_Sample_45,0.189659873071713,678,2.8318697742805,Sample_100_GSE140082
scPAS,Positive,Neg_ctrl_Sample_46,0.176662612955154,678,2.8318697742805,Sample_100_GSE140082
scPAS,Positive,Neg_ctrl_Sample_47,0.0347807164919661,678,2.8318697742805,Sample_100_GSE140082
scPAS,Positive,Neg_ctrl_Sample_48,0.115005392594721,678,2.8318697742805,Sample_100_GSE140082
scPAS,Positive,Neg_ctrl_Sample_49,-0.133634288345206,678,2.8318697742805,Sample_100_GSE140082
scPAS,Positive,Neg_ctrl_Sample_50,0.0482092796306019,678,2.8318697742805,Sample_100_GSE140082
scPAS,Positive,Neg_ctrl_Sample_51,-0.0303032606808203,678,2.8318697742805,Sample_100_GSE140082
scPAS,Positive,Neg_ctrl_Sample_52,0.123443169590189,678,2.8318697742805,Sample_100_GSE140082
scPAS,Positive,Neg_ctrl_Sample_53,-0.00159748760109871,678,2.8318697742805,Sample_100_GSE140082
scPAS,Positive,Neg_ctrl_Sample_54,0.0887653137367409,678,2.8318697742805,Sample_100_GSE140082
scPAS,Positive,Neg_ctrl_Sample_55,-0.0108259294525722,678,2.8318697742805,Sample_100_GSE140082
scPAS,Positive,Neg_ctrl_Sample_56,0.0920449218417388,678,2.8318697742805,Sample_100_GSE140082
scPAS,Positive,Neg_ctrl_Sample_57,0.168374133596755,678,2.8318697742805,Sample_100_GSE140082
scPAS,Positive,Neg_ctrl_Sample_58,0.0301544374862078,678,2.8318697742805,Sample_100_GSE140082
scPAS,Positive,Neg_ctrl_Sample_59,0.123138231681393,678,2.8318697742805,Sample_100_GSE140082
scPAS,Positive,Neg_ctrl_Sample_60,0.00631578704981587,678,2.8318697742805,Sample_100_GSE140082
scPAS,Positive,Neg_ctrl_Sample_61,0.0164109409150989,678,2.8318697742805,Sample_100_GSE140082
scPAS,Positive,Neg_ctrl_Sample_62,-0.0764366819228202,678,2.8318697742805,Sample_100_GSE140082
scPAS,Positive,Neg_ctrl_Sample_63,-0.0261090701056214,678,2.8318697742805,Sample_100_GSE140082
scPAS,Positive,Neg_ctrl_Sample_64,0.125916102832323,678,2.8318697742805,Sample_100_GSE140082
scPAS,Positive,Neg_ctrl_Sample_65,-0.0763794038966725,678,2.8318697742805,Sample_100_GSE140082
scPAS,Positive,Neg_ctrl_Sample_66,0.0826089876281015,678,2.8318697742805,Sample_100_GSE140082
scPAS,Positive,Neg_ctrl_Sample_67,0.107258937972119,678,2.8318697742805,Sample_100_GSE140082
scPAS,Positive,Neg_ctrl_Sample_68,0.119446694713802,678,2.8318697742805,Sample_100_GSE140082
scPAS,Positive,Neg_ctrl_Sample_69,-0.0971049019827199,678,2.8318697742805,Sample_100_GSE140082
scPAS,Positive,Neg_ctrl_Sample_70,-0.0324643915942649,678,2.8318697742805,Sample_100_GSE140082
scPAS,Positive,Neg_ctrl_Sample_71,-0.0042501280418624,678,2.8318697742805,Sample_100_GSE140082
scPAS,Positive,Neg_ctrl_Sample_72,-0.0198905728674759,678,2.8318697742805,Sample_100_GSE140082
scPAS,Positive,Neg_ctrl_Sample_73,-0.0935861046795871,678,2.8318697742805,Sample_100_GSE140082
scPAS,Positive,Neg_ctrl_Sample_74,0.0239907110734063,678,2.8318697742805,Sample_100_GSE140082
scPAS,Positive,Neg_ctrl_Sample_75,-0.0541662219592975,678,2.8318697742805,Sample_100_GSE140082
scPAS,Positive,Neg_ctrl_Sample_76,0.105180495379293,678,2.8318697742805,Sample_100_GSE140082
scPAS,Positive,Neg_ctrl_Sample_77,0.0695040330291182,678,2.8318697742805,Sample_100_GSE140082
scPAS,Positive,Neg_ctrl_Sample_78,0.000202596916669344,678,2.8318697742805,Sample_100_GSE140082
scPAS,Positive,Neg_ctrl_Sample_79,-0.014776217242087,678,2.8318697742805,Sample_100_GSE140082
scPAS,Positive,Neg_ctrl_Sample_80,0.0161257034666667,678,2.8318697742805,Sample_100_GSE140082
scPAS,Positive,Neg_ctrl_Sample_81,0.0119337536500373,678,2.8318697742805,Sample_100_GSE140082
scPAS,Positive,Neg_ctrl_Sample_82,-0.0388346106725805,678,2.8318697742805,Sample_100_GSE140082
scPAS,Positive,Neg_ctrl_Sample_83,0.0126173861713937,678,2.8318697742805,Sample_100_GSE140082
scPAS,Positive,Neg_ctrl_Sample_84,0.0943622927778832,678,2.8318697742805,Sample_100_GSE140082
scPAS,Positive,Neg_ctrl_Sample_85,-0.0127277587434106,678,2.8318697742805,Sample_100_GSE140082
scPAS,Positive,Neg_ctrl_Sample_86,-0.125806618734436,678,2.8318697742805,Sample_100_GSE140082
scPAS,Positive,Neg_ctrl_Sample_87,0.0380210174298818,678,2.8318697742805,Sample_100_GSE140082
scPAS,Positive,Neg_ctrl_Sample_88,0.021893333335429,678,2.8318697742805,Sample_100_GSE140082
scPAS,Positive,Neg_ctrl_Sample_89,0.170498345489482,678,2.8318697742805,Sample_100_GSE140082
scPAS,Positive,Neg_ctrl_Sample_90,-0.0897482723323281,678,2.8318697742805,Sample_100_GSE140082
scPAS,Positive,Neg_ctrl_Sample_91,0.123122009954375,678,2.8318697742805,Sample_100_GSE140082
scPAS,Positive,Neg_ctrl_Sample_92,0.0144203661346712,678,2.8318697742805,Sample_100_GSE140082
scPAS,Positive,Neg_ctrl_Sample_93,-0.0982526810781802,678,2.8318697742805,Sample_100_GSE140082
scPAS,Positive,Neg_ctrl_Sample_94,-0.0252729965092989,678,2.8318697742805,Sample_100_GSE140082
scPAS,Positive,Neg_ctrl_Sample_95,0.0389174582502182,678,2.8318697742805,Sample_100_GSE140082
scPAS,Positive,Neg_ctrl_Sample_96,-0.109803543162577,678,2.8318697742805,Sample_100_GSE140082
scPAS,Positive,Neg_ctrl_Sample_97,-0.0375382024014442,678,2.8318697742805,Sample_100_GSE140082
scPAS,Positive,Neg_ctrl_Sample_98,0.00547376709761163,678,2.8318697742805,Sample_100_GSE140082
scPAS,Positive,Neg_ctrl_Sample_99,0.0511766426002874,678,2.8318697742805,Sample_100_GSE140082
scPAS,Positive,Neg_ctrl_Sample_100,-0.0850809571097869,678,2.8318697742805,Sample_100_GSE140082
scPP,Negative,Neg_ctrl_Sample_1,-0.0430321530116817,1762,3.24625231229932,Sample_100_GSE140082
scPP,Negative,Neg_ctrl_Sample_2,-0.0604660489898351,1762,3.24625231229932,Sample_100_GSE140082
scPP,Negative,Neg_ctrl_Sample_3,-0.015355477329587,1762,3.24625231229932,Sample_100_GSE140082
scPP,Negative,Neg_ctrl_Sample_4,0.00822947943660069,1762,3.24625231229932,Sample_100_GSE140082
scPP,Negative,Neg_ctrl_Sample_5,0.0397981108091925,1762,3.24625231229932,Sample_100_GSE140082
scPP,Negative,Neg_ctrl_Sample_6,-0.0827171540836808,1762,3.24625231229932,Sample_100_GSE140082
scPP,Negative,Neg_ctrl_Sample_7,-0.0932315437360776,1762,3.24625231229932,Sample_100_GSE140082
scPP,Negative,Neg_ctrl_Sample_8,0.0551148887579905,1762,3.24625231229932,Sample_100_GSE140082
scPP,Negative,Neg_ctrl_Sample_9,0.0173773037890585,1762,3.24625231229932,Sample_100_GSE140082
scPP,Negative,Neg_ctrl_Sample_10,0.0623384655278566,1762,3.24625231229932,Sample_100_GSE140082
scPP,Negative,Neg_ctrl_Sample_11,0.130207484843819,1762,3.24625231229932,Sample_100_GSE140082
scPP,Negative,Neg_ctrl_Sample_12,-0.125141326534321,1762,3.24625231229932,Sample_100_GSE140082
scPP,Negative,Neg_ctrl_Sample_13,0.033135828746889,1762,3.24625231229932,Sample_100_GSE140082
scPP,Negative,Neg_ctrl_Sample_14,0.0770871336509406,1762,3.24625231229932,Sample_100_GSE140082
scPP,Negative,Neg_ctrl_Sample_15,-0.0659008457928824,1762,3.24625231229932,Sample_100_GSE140082
scPP,Negative,Neg_ctrl_Sample_16,0.00119530304018791,1762,3.24625231229932,Sample_100_GSE140082
scPP,Negative,Neg_ctrl_Sample_17,0.0819381060960986,1762,3.24625231229932,Sample_100_GSE140082
scPP,Negative,Neg_ctrl_Sample_18,0.206549628907444,1762,3.24625231229932,Sample_100_GSE140082
scPP,Negative,Neg_ctrl_Sample_19,0.25492826494476,1762,3.24625231229932,Sample_100_GSE140082
scPP,Negative,Neg_ctrl_Sample_20,-0.13588994765249,1762,3.24625231229932,Sample_100_GSE140082
scPP,Negative,Neg_ctrl_Sample_21,0.0300956565739796,1762,3.24625231229932,Sample_100_GSE140082
scPP,Negative,Neg_ctrl_Sample_22,0.188497285286716,1762,3.24625231229932,Sample_100_GSE140082
scPP,Negative,Neg_ctrl_Sample_23,-0.0612537812718901,1762,3.24625231229932,Sample_100_GSE140082
scPP,Negative,Neg_ctrl_Sample_24,0.151556066838885,1762,3.24625231229932,Sample_100_GSE140082
scPP,Negative,Neg_ctrl_Sample_25,0.0756204368966508,1762,3.24625231229932,Sample_100_GSE140082
scPP,Negative,Neg_ctrl_Sample_26,0.0617800851276209,1762,3.24625231229932,Sample_100_GSE140082
scPP,Negative,Neg_ctrl_Sample_27,0.052515014351983,1762,3.24625231229932,Sample_100_GSE140082
scPP,Negative,Neg_ctrl_Sample_28,0.0395141910181163,1762,3.24625231229932,Sample_100_GSE140082
scPP,Negative,Neg_ctrl_Sample_29,0.146596696733635,1762,3.24625231229932,Sample_100_GSE140082
scPP,Negative,Neg_ctrl_Sample_30,-0.0581751532566651,1762,3.24625231229932,Sample_100_GSE140082
scPP,Negative,Neg_ctrl_Sample_31,0.0354414345314822,1762,3.24625231229932,Sample_100_GSE140082
scPP,Negative,Neg_ctrl_Sample_32,0.152257930762639,1762,3.24625231229932,Sample_100_GSE140082
scPP,Negative,Neg_ctrl_Sample_33,0.0951562715362003,1762,3.24625231229932,Sample_100_GSE140082
scPP,Negative,Neg_ctrl_Sample_34,-0.201818409185353,1762,3.24625231229932,Sample_100_GSE140082
scPP,Negative,Neg_ctrl_Sample_35,0.0335905953030542,1762,3.24625231229932,Sample_100_GSE140082
scPP,Negative,Neg_ctrl_Sample_36,0.0349906450806535,1762,3.24625231229932,Sample_100_GSE140082
scPP,Negative,Neg_ctrl_Sample_37,0.103507755138205,1762,3.24625231229932,Sample_100_GSE140082
scPP,Negative,Neg_ctrl_Sample_38,0.0976484541268809,1762,3.24625231229932,Sample_100_GSE140082
scPP,Negative,Neg_ctrl_Sample_39,0.0591348549177132,1762,3.24625231229932,Sample_100_GSE140082
scPP,Negative,Neg_ctrl_Sample_40,0.100090000078457,1762,3.24625231229932,Sample_100_GSE140082
scPP,Negative,Neg_ctrl_Sample_41,-0.0799386955044331,1762,3.24625231229932,Sample_100_GSE140082
scPP,Negative,Neg_ctrl_Sample_42,-0.0831262094118661,1762,3.24625231229932,Sample_100_GSE140082
scPP,Negative,Neg_ctrl_Sample_43,0.0759144046970393,1762,3.24625231229932,Sample_100_GSE140082
scPP,Negative,Neg_ctrl_Sample_44,0.177616324320182,1762,3.24625231229932,Sample_100_GSE140082
scPP,Negative,Neg_ctrl_Sample_45,0.200207888265148,1762,3.24625231229932,Sample_100_GSE140082
scPP,Negative,Neg_ctrl_Sample_46,0.176711070515306,1762,3.24625231229932,Sample_100_GSE140082
scPP,Negative,Neg_ctrl_Sample_47,0.0401494797867417,1762,3.24625231229932,Sample_100_GSE140082
scPP,Negative,Neg_ctrl_Sample_48,0.133825906914009,1762,3.24625231229932,Sample_100_GSE140082
scPP,Negative,Neg_ctrl_Sample_49,-0.121140336199595,1762,3.24625231229932,Sample_100_GSE140082
scPP,Negative,Neg_ctrl_Sample_50,0.0569051164901011,1762,3.24625231229932,Sample_100_GSE140082
scPP,Negative,Neg_ctrl_Sample_51,-0.025079964954464,1762,3.24625231229932,Sample_100_GSE140082
scPP,Negative,Neg_ctrl_Sample_52,0.0972313749448698,1762,3.24625231229932,Sample_100_GSE140082
scPP,Negative,Neg_ctrl_Sample_53,-0.0198980066154833,1762,3.24625231229932,Sample_100_GSE140082
scPP,Negative,Neg_ctrl_Sample_54,0.0635540440567584,1762,3.24625231229932,Sample_100_GSE140082
scPP,Negative,Neg_ctrl_Sample_55,-0.00370674466135304,1762,3.24625231229932,Sample_100_GSE140082
scPP,Negative,Neg_ctrl_Sample_56,0.0868418999241756,1762,3.24625231229932,Sample_100_GSE140082
scPP,Negative,Neg_ctrl_Sample_57,0.137943568280814,1762,3.24625231229932,Sample_100_GSE140082
scPP,Negative,Neg_ctrl_Sample_58,0.0212102690816973,1762,3.24625231229932,Sample_100_GSE140082
scPP,Negative,Neg_ctrl_Sample_59,0.0952644186367819,1762,3.24625231229932,Sample_100_GSE140082
scPP,Negative,Neg_ctrl_Sample_60,0.0479980108101608,1762,3.24625231229932,Sample_100_GSE140082
scPP,Negative,Neg_ctrl_Sample_61,0.0227663526593706,1762,3.24625231229932,Sample_100_GSE140082
scPP,Negative,Neg_ctrl_Sample_62,-0.0815626347450503,1762,3.24625231229932,Sample_100_GSE140082
scPP,Negative,Neg_ctrl_Sample_63,-0.00247359802680792,1762,3.24625231229932,Sample_100_GSE140082
scPP,Negative,Neg_ctrl_Sample_64,0.130128290517998,1762,3.24625231229932,Sample_100_GSE140082
scPP,Negative,Neg_ctrl_Sample_65,-0.0899298724392168,1762,3.24625231229932,Sample_100_GSE140082
scPP,Negative,Neg_ctrl_Sample_66,0.0942288716655459,1762,3.24625231229932,Sample_100_GSE140082
scPP,Negative,Neg_ctrl_Sample_67,0.106573662248067,1762,3.24625231229932,Sample_100_GSE140082
scPP,Negative,Neg_ctrl_Sample_68,0.11667663590743,1762,3.24625231229932,Sample_100_GSE140082
scPP,Negative,Neg_ctrl_Sample_69,-0.11854113681368,1762,3.24625231229932,Sample_100_GSE140082
scPP,Negative,Neg_ctrl_Sample_70,-0.0231834468685038,1762,3.24625231229932,Sample_100_GSE140082
scPP,Negative,Neg_ctrl_Sample_71,0.0204485611150978,1762,3.24625231229932,Sample_100_GSE140082
scPP,Negative,Neg_ctrl_Sample_72,-0.0142879150367554,1762,3.24625231229932,Sample_100_GSE140082
scPP,Negative,Neg_ctrl_Sample_73,-0.0766218184365159,1762,3.24625231229932,Sample_100_GSE140082
scPP,Negative,Neg_ctrl_Sample_74,0.00976377398679809,1762,3.24625231229932,Sample_100_GSE140082
scPP,Negative,Neg_ctrl_Sample_75,-0.0215952997499031,1762,3.24625231229932,Sample_100_GSE140082
scPP,Negative,Neg_ctrl_Sample_76,0.0860678151915778,1762,3.24625231229932,Sample_100_GSE140082
scPP,Negative,Neg_ctrl_Sample_77,0.0635173454167804,1762,3.24625231229932,Sample_100_GSE140082
scPP,Negative,Neg_ctrl_Sample_78,-0.0201288181009263,1762,3.24625231229932,Sample_100_GSE140082
scPP,Negative,Neg_ctrl_Sample_79,-0.0180243259780155,1762,3.24625231229932,Sample_100_GSE140082
scPP,Negative,Neg_ctrl_Sample_80,-0.0277144029109216,1762,3.24625231229932,Sample_100_GSE140082
scPP,Negative,Neg_ctrl_Sample_81,0.0829070858303386,1762,3.24625231229932,Sample_100_GSE140082
scPP,Negative,Neg_ctrl_Sample_82,-0.0180197088021767,1762,3.24625231229932,Sample_100_GSE140082
scPP,Negative,Neg_ctrl_Sample_83,0.00773061650045764,1762,3.24625231229932,Sample_100_GSE140082
scPP,Negative,Neg_ctrl_Sample_84,0.106883915616946,1762,3.24625231229932,Sample_100_GSE140082
scPP,Negative,Neg_ctrl_Sample_85,-0.0196715919783365,1762,3.24625231229932,Sample_100_GSE140082
scPP,Negative,Neg_ctrl_Sample_86,-0.135680381235264,1762,3.24625231229932,Sample_100_GSE140082
scPP,Negative,Neg_ctrl_Sample_87,0.0120570984668614,1762,3.24625231229932,Sample_100_GSE140082
scPP,Negative,Neg_ctrl_Sample_88,0.0127931153605115,1762,3.24625231229932,Sample_100_GSE140082
scPP,Negative,Neg_ctrl_Sample_89,0.154059096541027,1762,3.24625231229932,Sample_100_GSE140082
scPP,Negative,Neg_ctrl_Sample_90,-0.0771510908346081,1762,3.24625231229932,Sample_100_GSE140082
scPP,Negative,Neg_ctrl_Sample_91,0.116271010353579,1762,3.24625231229932,Sample_100_GSE140082
scPP,Negative,Neg_ctrl_Sample_92,-0.00379958232093333,1762,3.24625231229932,Sample_100_GSE140082
scPP,Negative,Neg_ctrl_Sample_93,-0.0929693653131994,1762,3.24625231229932,Sample_100_GSE140082
scPP,Negative,Neg_ctrl_Sample_94,-0.0350581092464111,1762,3.24625231229932,Sample_100_GSE140082
scPP,Negative,Neg_ctrl_Sample_95,0.00924411737077948,1762,3.24625231229932,Sample_100_GSE140082
scPP,Negative,Neg_ctrl_Sample_96,-0.108298403505732,1762,3.24625231229932,Sample_100_GSE140082
scPP,Negative,Neg_ctrl_Sample_97,-0.0431487363775119,1762,3.24625231229932,Sample_100_GSE140082
scPP,Negative,Neg_ctrl_Sample_98,0.0436722799923042,1762,3.24625231229932,Sample_100_GSE140082
scPP,Negative,Neg_ctrl_Sample_99,0.0256888073650453,1762,3.24625231229932,Sample_100_GSE140082
scPP,Negative,Neg_ctrl_Sample_100,-0.0739043953800904,1762,3.24625231229932,Sample_100_GSE140082
scPP,Neutral,Neg_ctrl_Sample_1,-0.0434122688380179,47018,4.67227338831295,Sample_100_GSE140082
scPP,Neutral,Neg_ctrl_Sample_2,-0.0504931845009101,47018,4.67227338831295,Sample_100_GSE140082
scPP,Neutral,Neg_ctrl_Sample_3,-0.0401582057688283,47018,4.67227338831295,Sample_100_GSE140082
scPP,Neutral,Neg_ctrl_Sample_4,-0.0100398731708987,47018,4.67227338831295,Sample_100_GSE140082
scPP,Neutral,Neg_ctrl_Sample_5,0.0464878804185509,47018,4.67227338831295,Sample_100_GSE140082
scPP,Neutral,Neg_ctrl_Sample_6,-0.0757029489620157,47018,4.67227338831295,Sample_100_GSE140082
scPP,Neutral,Neg_ctrl_Sample_7,-0.11043154804807,47018,4.67227338831295,Sample_100_GSE140082
scPP,Neutral,Neg_ctrl_Sample_8,0.0374885232831759,47018,4.67227338831295,Sample_100_GSE140082
scPP,Neutral,Neg_ctrl_Sample_9,0.012950447804425,47018,4.67227338831295,Sample_100_GSE140082
scPP,Neutral,Neg_ctrl_Sample_10,0.0495437696143681,47018,4.67227338831295,Sample_100_GSE140082
scPP,Neutral,Neg_ctrl_Sample_11,0.135577562122454,47018,4.67227338831295,Sample_100_GSE140082
scPP,Neutral,Neg_ctrl_Sample_12,-0.118347466082413,47018,4.67227338831295,Sample_100_GSE140082
scPP,Neutral,Neg_ctrl_Sample_13,0.0307937881756665,47018,4.67227338831295,Sample_100_GSE140082
scPP,Neutral,Neg_ctrl_Sample_14,0.0766616947422253,47018,4.67227338831295,Sample_100_GSE140082
scPP,Neutral,Neg_ctrl_Sample_15,-0.0681810751432188,47018,4.67227338831295,Sample_100_GSE140082
scPP,Neutral,Neg_ctrl_Sample_16,-0.00908312682801429,47018,4.67227338831295,Sample_100_GSE140082
scPP,Neutral,Neg_ctrl_Sample_17,0.0826690513820726,47018,4.67227338831295,Sample_100_GSE140082
scPP,Neutral,Neg_ctrl_Sample_18,0.208486371341798,47018,4.67227338831295,Sample_100_GSE140082
scPP,Neutral,Neg_ctrl_Sample_19,0.255484031818603,47018,4.67227338831295,Sample_100_GSE140082
scPP,Neutral,Neg_ctrl_Sample_20,-0.133676468349226,47018,4.67227338831295,Sample_100_GSE140082
scPP,Neutral,Neg_ctrl_Sample_21,0.0145096448869569,47018,4.67227338831295,Sample_100_GSE140082
scPP,Neutral,Neg_ctrl_Sample_22,0.165002117902705,47018,4.67227338831295,Sample_100_GSE140082
scPP,Neutral,Neg_ctrl_Sample_23,-0.0547458483354814,47018,4.67227338831295,Sample_100_GSE140082
scPP,Neutral,Neg_ctrl_Sample_24,0.175816285652354,47018,4.67227338831295,Sample_100_GSE140082
scPP,Neutral,Neg_ctrl_Sample_25,0.0585883955162596,47018,4.67227338831295,Sample_100_GSE140082
scPP,Neutral,Neg_ctrl_Sample_26,0.057622868106841,47018,4.67227338831295,Sample_100_GSE140082
scPP,Neutral,Neg_ctrl_Sample_27,0.0339449853566112,47018,4.67227338831295,Sample_100_GSE140082
scPP,Neutral,Neg_ctrl_Sample_28,0.0304340008208963,47018,4.67227338831295,Sample_100_GSE140082
scPP,Neutral,Neg_ctrl_Sample_29,0.127741924934845,47018,4.67227338831295,Sample_100_GSE140082
scPP,Neutral,Neg_ctrl_Sample_30,-0.051004377195031,47018,4.67227338831295,Sample_100_GSE140082
scPP,Neutral,Neg_ctrl_Sample_31,0.0357895235205117,47018,4.67227338831295,Sample_100_GSE140082
scPP,Neutral,Neg_ctrl_Sample_32,0.154061999283577,47018,4.67227338831295,Sample_100_GSE140082
scPP,Neutral,Neg_ctrl_Sample_33,0.0964762200592061,47018,4.67227338831295,Sample_100_GSE140082
scPP,Neutral,Neg_ctrl_Sample_34,-0.217316382206634,47018,4.67227338831295,Sample_100_GSE140082
scPP,Neutral,Neg_ctrl_Sample_35,0.0285648686463777,47018,4.67227338831295,Sample_100_GSE140082
scPP,Neutral,Neg_ctrl_Sample_36,0.0485550094804513,47018,4.67227338831295,Sample_100_GSE140082
scPP,Neutral,Neg_ctrl_Sample_37,0.080831627870068,47018,4.67227338831295,Sample_100_GSE140082
scPP,Neutral,Neg_ctrl_Sample_38,0.101265513759923,47018,4.67227338831295,Sample_100_GSE140082
scPP,Neutral,Neg_ctrl_Sample_39,0.0660508787350801,47018,4.67227338831295,Sample_100_GSE140082
scPP,Neutral,Neg_ctrl_Sample_40,0.0857749045515448,47018,4.67227338831295,Sample_100_GSE140082
scPP,Neutral,Neg_ctrl_Sample_41,-0.0742124182902153,47018,4.67227338831295,Sample_100_GSE140082
scPP,Neutral,Neg_ctrl_Sample_42,-0.0826429681645807,47018,4.67227338831295,Sample_100_GSE140082
scPP,Neutral,Neg_ctrl_Sample_43,0.0839662046697519,47018,4.67227338831295,Sample_100_GSE140082
scPP,Neutral,Neg_ctrl_Sample_44,0.184347614923863,47018,4.67227338831295,Sample_100_GSE140082
scPP,Neutral,Neg_ctrl_Sample_45,0.198213317675607,47018,4.67227338831295,Sample_100_GSE140082
scPP,Neutral,Neg_ctrl_Sample_46,0.18031866892116,47018,4.67227338831295,Sample_100_GSE140082
scPP,Neutral,Neg_ctrl_Sample_47,0.0400299068766513,47018,4.67227338831295,Sample_100_GSE140082
scPP,Neutral,Neg_ctrl_Sample_48,0.124894734338341,47018,4.67227338831295,Sample_100_GSE140082
scPP,Neutral,Neg_ctrl_Sample_49,-0.118846036944201,47018,4.67227338831295,Sample_100_GSE140082
scPP,Neutral,Neg_ctrl_Sample_50,0.0444826187905434,47018,4.67227338831295,Sample_100_GSE140082
scPP,Neutral,Neg_ctrl_Sample_51,-0.0292864957671958,47018,4.67227338831295,Sample_100_GSE140082
scPP,Neutral,Neg_ctrl_Sample_52,0.111898717048181,47018,4.67227338831295,Sample_100_GSE140082
scPP,Neutral,Neg_ctrl_Sample_53,-0.00835485001596455,47018,4.67227338831295,Sample_100_GSE140082
scPP,Neutral,Neg_ctrl_Sample_54,0.0826543952320161,47018,4.67227338831295,Sample_100_GSE140082
scPP,Neutral,Neg_ctrl_Sample_55,0.00208313302071281,47018,4.67227338831295,Sample_100_GSE140082
scPP,Neutral,Neg_ctrl_Sample_56,0.0869762901659978,47018,4.67227338831295,Sample_100_GSE140082
scPP,Neutral,Neg_ctrl_Sample_57,0.153301430469059,47018,4.67227338831295,Sample_100_GSE140082
scPP,Neutral,Neg_ctrl_Sample_58,0.0219054640644028,47018,4.67227338831295,Sample_100_GSE140082
scPP,Neutral,Neg_ctrl_Sample_59,0.119224060148721,47018,4.67227338831295,Sample_100_GSE140082
scPP,Neutral,Neg_ctrl_Sample_60,0.0254722439852841,47018,4.67227338831295,Sample_100_GSE140082
scPP,Neutral,Neg_ctrl_Sample_61,0.0276336958981912,47018,4.67227338831295,Sample_100_GSE140082
scPP,Neutral,Neg_ctrl_Sample_62,-0.075870660568464,47018,4.67227338831295,Sample_100_GSE140082
scPP,Neutral,Neg_ctrl_Sample_63,-0.0137600976780058,47018,4.67227338831295,Sample_100_GSE140082
scPP,Neutral,Neg_ctrl_Sample_64,0.132728510965244,47018,4.67227338831295,Sample_100_GSE140082
scPP,Neutral,Neg_ctrl_Sample_65,-0.0818693416526745,47018,4.67227338831295,Sample_100_GSE140082
scPP,Neutral,Neg_ctrl_Sample_66,0.0929280913309834,47018,4.67227338831295,Sample_100_GSE140082
scPP,Neutral,Neg_ctrl_Sample_67,0.110748039688686,47018,4.67227338831295,Sample_100_GSE140082
scPP,Neutral,Neg_ctrl_Sample_68,0.11921350071333,47018,4.67227338831295,Sample_100_GSE140082
scPP,Neutral,Neg_ctrl_Sample_69,-0.104265190842101,47018,4.67227338831295,Sample_100_GSE140082
scPP,Neutral,Neg_ctrl_Sample_70,-0.0322561133963361,47018,4.67227338831295,Sample_100_GSE140082
scPP,Neutral,Neg_ctrl_Sample_71,0.00405682988451808,47018,4.67227338831295,Sample_100_GSE140082
scPP,Neutral,Neg_ctrl_Sample_72,-0.0175012710572225,47018,4.67227338831295,Sample_100_GSE140082
scPP,Neutral,Neg_ctrl_Sample_73,-0.0902930691709516,47018,4.67227338831295,Sample_100_GSE140082
scPP,Neutral,Neg_ctrl_Sample_74,0.0168025524808862,47018,4.67227338831295,Sample_100_GSE140082
scPP,Neutral,Neg_ctrl_Sample_75,-0.0469944985820083,47018,4.67227338831295,Sample_100_GSE140082
scPP,Neutral,Neg_ctrl_Sample_76,0.0938636923119044,47018,4.67227338831295,Sample_100_GSE140082
scPP,Neutral,Neg_ctrl_Sample_77,0.061671607322191,47018,4.67227338831295,Sample_100_GSE140082
scPP,Neutral,Neg_ctrl_Sample_78,-0.0117184824672304,47018,4.67227338831295,Sample_100_GSE140082
scPP,Neutral,Neg_ctrl_Sample_79,-0.013436277465579,47018,4.67227338831295,Sample_100_GSE140082
scPP,Neutral,Neg_ctrl_Sample_80,-0.0167021438467297,47018,4.67227338831295,Sample_100_GSE140082
scPP,Neutral,Neg_ctrl_Sample_81,0.041761871992967,47018,4.67227338831295,Sample_100_GSE140082
scPP,Neutral,Neg_ctrl_Sample_82,-0.0279138460360773,47018,4.67227338831295,Sample_100_GSE140082
scPP,Neutral,Neg_ctrl_Sample_83,0.0125594693045656,47018,4.67227338831295,Sample_100_GSE140082
scPP,Neutral,Neg_ctrl_Sample_84,0.0939430364991872,47018,4.67227338831295,Sample_100_GSE140082
scPP,Neutral,Neg_ctrl_Sample_85,-0.00835530601664849,47018,4.67227338831295,Sample_100_GSE140082
scPP,Neutral,Neg_ctrl_Sample_86,-0.137131795116984,47018,4.67227338831295,Sample_100_GSE140082
scPP,Neutral,Neg_ctrl_Sample_87,0.0223750187731085,47018,4.67227338831295,Sample_100_GSE140082
scPP,Neutral,Neg_ctrl_Sample_88,0.0179491596531497,47018,4.67227338831295,Sample_100_GSE140082
scPP,Neutral,Neg_ctrl_Sample_89,0.155932747667096,47018,4.67227338831295,Sample_100_GSE140082
scPP,Neutral,Neg_ctrl_Sample_90,-0.0804560313430272,47018,4.67227338831295,Sample_100_GSE140082
scPP,Neutral,Neg_ctrl_Sample_91,0.119921638123567,47018,4.67227338831295,Sample_100_GSE140082
scPP,Neutral,Neg_ctrl_Sample_92,0.00751025247571205,47018,4.67227338831295,Sample_100_GSE140082
scPP,Neutral,Neg_ctrl_Sample_93,-0.0975147138307632,47018,4.67227338831295,Sample_100_GSE140082
scPP,Neutral,Neg_ctrl_Sample_94,-0.0257057768172006,47018,4.67227338831295,Sample_100_GSE140082
scPP,Neutral,Neg_ctrl_Sample_95,0.0234701641087075,47018,4.67227338831295,Sample_100_GSE140082
scPP,Neutral,Neg_ctrl_Sample_96,-0.105353938846634,47018,4.67227338831295,Sample_100_GSE140082
scPP,Neutral,Neg_ctrl_Sample_97,-0.0424842026367942,47018,4.67227338831295,Sample_100_GSE140082
scPP,Neutral,Neg_ctrl_Sample_98,0.0234100898778843,47018,4.67227338831295,Sample_100_GSE140082
scPP,Neutral,Neg_ctrl_Sample_99,0.0437678950675596,47018,4.67227338831295,Sample_100_GSE140082
scPP,Neutral,Neg_ctrl_Sample_100,-0.0762458285406933,47018,4.67227338831295,Sample_100_GSE140082
scPP,Positive,Neg_ctrl_Sample_1,-0.0354063956681748,2085,3.31931430409051,Sample_100_GSE140082
scPP,Positive,Neg_ctrl_Sample_2,-0.0401289636900485,2085,3.31931430409051,Sample_100_GSE140082
scPP,Positive,Neg_ctrl_Sample_3,-0.0553869219437285,2085,3.31931430409051,Sample_100_GSE140082
scPP,Positive,Neg_ctrl_Sample_4,0.00349016713407149,2085,3.31931430409051,Sample_100_GSE140082
scPP,Positive,Neg_ctrl_Sample_5,0.069229323571332,2085,3.31931430409051,Sample_100_GSE140082
scPP,Positive,Neg_ctrl_Sample_6,-0.0789699813742024,2085,3.31931430409051,Sample_100_GSE140082
scPP,Positive,Neg_ctrl_Sample_7,-0.104848329649743,2085,3.31931430409051,Sample_100_GSE140082
scPP,Positive,Neg_ctrl_Sample_8,0.0329139546451962,2085,3.31931430409051,Sample_100_GSE140082
scPP,Positive,Neg_ctrl_Sample_9,0.0190283846494426,2085,3.31931430409051,Sample_100_GSE140082
scPP,Positive,Neg_ctrl_Sample_10,0.0432248309578194,2085,3.31931430409051,Sample_100_GSE140082
scPP,Positive,Neg_ctrl_Sample_11,0.141989760606703,2085,3.31931430409051,Sample_100_GSE140082
scPP,Positive,Neg_ctrl_Sample_12,-0.118435424235337,2085,3.31931430409051,Sample_100_GSE140082
scPP,Positive,Neg_ctrl_Sample_13,0.037940981291708,2085,3.31931430409051,Sample_100_GSE140082
scPP,Positive,Neg_ctrl_Sample_14,0.100915041294706,2085,3.31931430409051,Sample_100_GSE140082
scPP,Positive,Neg_ctrl_Sample_15,-0.0644327691867084,2085,3.31931430409051,Sample_100_GSE140082
scPP,Positive,Neg_ctrl_Sample_16,-0.0197855726499518,2085,3.31931430409051,Sample_100_GSE140082
scPP,Positive,Neg_ctrl_Sample_17,0.0751604860339921,2085,3.31931430409051,Sample_100_GSE140082
scPP,Positive,Neg_ctrl_Sample_18,0.221830390641246,2085,3.31931430409051,Sample_100_GSE140082
scPP,Positive,Neg_ctrl_Sample_19,0.258741889223406,2085,3.31931430409051,Sample_100_GSE140082
scPP,Positive,Neg_ctrl_Sample_20,-0.134129656069631,2085,3.31931430409051,Sample_100_GSE140082
scPP,Positive,Neg_ctrl_Sample_21,0.0136554525524903,2085,3.31931430409051,Sample_100_GSE140082
scPP,Positive,Neg_ctrl_Sample_22,0.156153823851515,2085,3.31931430409051,Sample_100_GSE140082
scPP,Positive,Neg_ctrl_Sample_23,-0.0476409833076061,2085,3.31931430409051,Sample_100_GSE140082
scPP,Positive,Neg_ctrl_Sample_24,0.194168994603954,2085,3.31931430409051,Sample_100_GSE140082
scPP,Positive,Neg_ctrl_Sample_25,0.0496960335104184,2085,3.31931430409051,Sample_100_GSE140082
scPP,Positive,Neg_ctrl_Sample_26,0.0532275248363248,2085,3.31931430409051,Sample_100_GSE140082
scPP,Positive,Neg_ctrl_Sample_27,0.0289649095249838,2085,3.31931430409051,Sample_100_GSE140082
scPP,Positive,Neg_ctrl_Sample_28,0.0280221561841108,2085,3.31931430409051,Sample_100_GSE140082
scPP,Positive,Neg_ctrl_Sample_29,0.128909189663987,2085,3.31931430409051,Sample_100_GSE140082
scPP,Positive,Neg_ctrl_Sample_30,-0.0480719820898206,2085,3.31931430409051,Sample_100_GSE140082
scPP,Positive,Neg_ctrl_Sample_31,0.0353133697544359,2085,3.31931430409051,Sample_100_GSE140082
scPP,Positive,Neg_ctrl_Sample_32,0.154605420062194,2085,3.31931430409051,Sample_100_GSE140082
scPP,Positive,Neg_ctrl_Sample_33,0.0997310776347553,2085,3.31931430409051,Sample_100_GSE140082
scPP,Positive,Neg_ctrl_Sample_34,-0.218391723955007,2085,3.31931430409051,Sample_100_GSE140082
scPP,Positive,Neg_ctrl_Sample_35,0.0338887067821942,2085,3.31931430409051,Sample_100_GSE140082
scPP,Positive,Neg_ctrl_Sample_36,0.0582489041974475,2085,3.31931430409051,Sample_100_GSE140082
scPP,Positive,Neg_ctrl_Sample_37,0.0583030656626146,2085,3.31931430409051,Sample_100_GSE140082
scPP,Positive,Neg_ctrl_Sample_38,0.107806245545483,2085,3.31931430409051,Sample_100_GSE140082
scPP,Positive,Neg_ctrl_Sample_39,0.0695537637680348,2085,3.31931430409051,Sample_100_GSE140082
scPP,Positive,Neg_ctrl_Sample_40,0.080704613887224,2085,3.31931430409051,Sample_100_GSE140082
scPP,Positive,Neg_ctrl_Sample_41,-0.0606952381146342,2085,3.31931430409051,Sample_100_GSE140082
scPP,Positive,Neg_ctrl_Sample_42,-0.0761462416342232,2085,3.31931430409051,Sample_100_GSE140082
scPP,Positive,Neg_ctrl_Sample_43,0.0874911171207969,2085,3.31931430409051,Sample_100_GSE140082
scPP,Positive,Neg_ctrl_Sample_44,0.1957051032592,2085,3.31931430409051,Sample_100_GSE140082
scPP,Positive,Neg_ctrl_Sample_45,0.209030128499939,2085,3.31931430409051,Sample_100_GSE140082
scPP,Positive,Neg_ctrl_Sample_46,0.168551299789591,2085,3.31931430409051,Sample_100_GSE140082
scPP,Positive,Neg_ctrl_Sample_47,0.0417727328040663,2085,3.31931430409051,Sample_100_GSE140082
scPP,Positive,Neg_ctrl_Sample_48,0.117306407861173,2085,3.31931430409051,Sample_100_GSE140082
scPP,Positive,Neg_ctrl_Sample_49,-0.111139426958733,2085,3.31931430409051,Sample_100_GSE140082
scPP,Positive,Neg_ctrl_Sample_50,0.0422775890259586,2085,3.31931430409051,Sample_100_GSE140082
scPP,Positive,Neg_ctrl_Sample_51,-0.0286001879464729,2085,3.31931430409051,Sample_100_GSE140082
scPP,Positive,Neg_ctrl_Sample_52,0.128623960278166,2085,3.31931430409051,Sample_100_GSE140082
scPP,Positive,Neg_ctrl_Sample_53,0.023535833667702,2085,3.31931430409051,Sample_100_GSE140082
scPP,Positive,Neg_ctrl_Sample_54,0.102991121273795,2085,3.31931430409051,Sample_100_GSE140082
scPP,Positive,Neg_ctrl_Sample_55,0.000511800672605983,2085,3.31931430409051,Sample_100_GSE140082
scPP,Positive,Neg_ctrl_Sample_56,0.0911182089083243,2085,3.31931430409051,Sample_100_GSE140082
scPP,Positive,Neg_ctrl_Sample_57,0.169992769449991,2085,3.31931430409051,Sample_100_GSE140082
scPP,Positive,Neg_ctrl_Sample_58,0.0290228321471171,2085,3.31931430409051,Sample_100_GSE140082
scPP,Positive,Neg_ctrl_Sample_59,0.140666560331196,2085,3.31931430409051,Sample_100_GSE140082
scPP,Positive,Neg_ctrl_Sample_60,0.00885426778684062,2085,3.31931430409051,Sample_100_GSE140082
scPP,Positive,Neg_ctrl_Sample_61,0.0304518930140997,2085,3.31931430409051,Sample_100_GSE140082
scPP,Positive,Neg_ctrl_Sample_62,-0.0664424171785482,2085,3.31931430409051,Sample_100_GSE140082
scPP,Positive,Neg_ctrl_Sample_63,-0.0278134851772237,2085,3.31931430409051,Sample_100_GSE140082
scPP,Positive,Neg_ctrl_Sample_64,0.138532596533515,2085,3.31931430409051,Sample_100_GSE140082
scPP,Positive,Neg_ctrl_Sample_65,-0.0673233606808112,2085,3.31931430409051,Sample_100_GSE140082
scPP,Positive,Neg_ctrl_Sample_66,0.091104639571688,2085,3.31931430409051,Sample_100_GSE140082
scPP,Positive,Neg_ctrl_Sample_67,0.112067179154092,2085,3.31931430409051,Sample_100_GSE140082
scPP,Positive,Neg_ctrl_Sample_68,0.117862974296609,2085,3.31931430409051,Sample_100_GSE140082
scPP,Positive,Neg_ctrl_Sample_69,-0.0949423605925114,2085,3.31931430409051,Sample_100_GSE140082
scPP,Positive,Neg_ctrl_Sample_70,-0.0263588389771117,2085,3.31931430409051,Sample_100_GSE140082
scPP,Positive,Neg_ctrl_Sample_71,-0.00108588499759929,2085,3.31931430409051,Sample_100_GSE140082
scPP,Positive,Neg_ctrl_Sample_72,-0.0175161783409459,2085,3.31931430409051,Sample_100_GSE140082
scPP,Positive,Neg_ctrl_Sample_73,-0.0947404286390393,2085,3.31931430409051,Sample_100_GSE140082
scPP,Positive,Neg_ctrl_Sample_74,0.0215917650011922,2085,3.31931430409051,Sample_100_GSE140082
scPP,Positive,Neg_ctrl_Sample_75,-0.0495958757697939,2085,3.31931430409051,Sample_100_GSE140082
scPP,Positive,Neg_ctrl_Sample_76,0.104143622338844,2085,3.31931430409051,Sample_100_GSE140082
scPP,Positive,Neg_ctrl_Sample_77,0.057628159113274,2085,3.31931430409051,Sample_100_GSE140082
scPP,Positive,Neg_ctrl_Sample_78,-0.00513612404361994,2085,3.31931430409051,Sample_100_GSE140082
scPP,Positive,Neg_ctrl_Sample_79,-0.00855766399809773,2085,3.31931430409051,Sample_100_GSE140082
scPP,Positive,Neg_ctrl_Sample_80,0.0129122615059206,2085,3.31931430409051,Sample_100_GSE140082
scPP,Positive,Neg_ctrl_Sample_81,0.0250687200598272,2085,3.31931430409051,Sample_100_GSE140082
scPP,Positive,Neg_ctrl_Sample_82,-0.0354615391056116,2085,3.31931430409051,Sample_100_GSE140082
scPP,Positive,Neg_ctrl_Sample_83,0.0126427030323251,2085,3.31931430409051,Sample_100_GSE140082
scPP,Positive,Neg_ctrl_Sample_84,0.0896029176488607,2085,3.31931430409051,Sample_100_GSE140082
scPP,Positive,Neg_ctrl_Sample_85,0.00432719169429699,2085,3.31931430409051,Sample_100_GSE140082
scPP,Positive,Neg_ctrl_Sample_86,-0.118602077083007,2085,3.31931430409051,Sample_100_GSE140082
scPP,Positive,Neg_ctrl_Sample_87,0.0401831952721084,2085,3.31931430409051,Sample_100_GSE140082
scPP,Positive,Neg_ctrl_Sample_88,0.0237308082050783,2085,3.31931430409051,Sample_100_GSE140082
scPP,Positive,Neg_ctrl_Sample_89,0.170118388177339,2085,3.31931430409051,Sample_100_GSE140082
scPP,Positive,Neg_ctrl_Sample_90,-0.080159026986581,2085,3.31931430409051,Sample_100_GSE140082
scPP,Positive,Neg_ctrl_Sample_91,0.117003733204521,2085,3.31931430409051,Sample_100_GSE140082
scPP,Positive,Neg_ctrl_Sample_92,0.0305249025635913,2085,3.31931430409051,Sample_100_GSE140082
scPP,Positive,Neg_ctrl_Sample_93,-0.0908568616280877,2085,3.31931430409051,Sample_100_GSE140082
scPP,Positive,Neg_ctrl_Sample_94,-0.0143346894363845,2085,3.31931430409051,Sample_100_GSE140082
scPP,Positive,Neg_ctrl_Sample_95,0.0393706379151996,2085,3.31931430409051,Sample_100_GSE140082
scPP,Positive,Neg_ctrl_Sample_96,-0.104336956142046,2085,3.31931430409051,Sample_100_GSE140082
scPP,Positive,Neg_ctrl_Sample_97,-0.0487202173182758,2085,3.31931430409051,Sample_100_GSE140082
scPP,Positive,Neg_ctrl_Sample_98,0.00846725881432497,2085,3.31931430409051,Sample_100_GSE140082
scPP,Positive,Neg_ctrl_Sample_99,0.0583342690333363,2085,3.31931430409051,Sample_100_GSE140082
scPP,Positive,Neg_ctrl_Sample_100,-0.0775605581374043,2085,3.31931430409051,Sample_100_GSE140082
DEGAS,Other,Neg_ctrl_Sample_1,-0.0430709337422719,50865,4.70642758692898,Sample_100_GSE140082
DEGAS,Other,Neg_ctrl_Sample_2,-0.0504138133584514,50865,4.70642758692898,Sample_100_GSE140082
DEGAS,Other,Neg_ctrl_Sample_3,-0.0399232596509617,50865,4.70642758692898,Sample_100_GSE140082
DEGAS,Other,Neg_ctrl_Sample_4,-0.00885240175970669,50865,4.70642758692898,Sample_100_GSE140082
DEGAS,Other,Neg_ctrl_Sample_5,0.047188333282443,50865,4.70642758692898,Sample_100_GSE140082
DEGAS,Other,Neg_ctrl_Sample_6,-0.0760798445091265,50865,4.70642758692898,Sample_100_GSE140082
DEGAS,Other,Neg_ctrl_Sample_7,-0.10960686667663,50865,4.70642758692898,Sample_100_GSE140082
DEGAS,Other,Neg_ctrl_Sample_8,0.0379115977028444,50865,4.70642758692898,Sample_100_GSE140082
DEGAS,Other,Neg_ctrl_Sample_9,0.0133529371107611,50865,4.70642758692898,Sample_100_GSE140082
DEGAS,Other,Neg_ctrl_Sample_10,0.0497279683187948,50865,4.70642758692898,Sample_100_GSE140082
DEGAS,Other,Neg_ctrl_Sample_11,0.135654380321111,50865,4.70642758692898,Sample_100_GSE140082
DEGAS,Other,Neg_ctrl_Sample_12,-0.118586415750459,50865,4.70642758692898,Sample_100_GSE140082
DEGAS,Other,Neg_ctrl_Sample_13,0.0311678877162827,50865,4.70642758692898,Sample_100_GSE140082
DEGAS,Other,Neg_ctrl_Sample_14,0.0776705977387664,50865,4.70642758692898,Sample_100_GSE140082
DEGAS,Other,Neg_ctrl_Sample_15,-0.0679484400889652,50865,4.70642758692898,Sample_100_GSE140082
DEGAS,Other,Neg_ctrl_Sample_16,-0.00916577710051933,50865,4.70642758692898,Sample_100_GSE140082
DEGAS,Other,Neg_ctrl_Sample_17,0.0823359483771645,50865,4.70642758692898,Sample_100_GSE140082
DEGAS,Other,Neg_ctrl_Sample_18,0.208966264000207,50865,4.70642758692898,Sample_100_GSE140082
DEGAS,Other,Neg_ctrl_Sample_19,0.255598322027141,50865,4.70642758692898,Sample_100_GSE140082
DEGAS,Other,Neg_ctrl_Sample_20,-0.133771721409865,50865,4.70642758692898,Sample_100_GSE140082
DEGAS,Other,Neg_ctrl_Sample_21,0.0150145414086353,50865,4.70642758692898,Sample_100_GSE140082
DEGAS,Other,Neg_ctrl_Sample_22,0.165453308148137,50865,4.70642758692898,Sample_100_GSE140082
DEGAS,Other,Neg_ctrl_Sample_23,-0.0546800532750435,50865,4.70642758692898,Sample_100_GSE140082
DEGAS,Other,Neg_ctrl_Sample_24,0.17572818760094,50865,4.70642758692898,Sample_100_GSE140082
DEGAS,Other,Neg_ctrl_Sample_25,0.0588138920685073,50865,4.70642758692898,Sample_100_GSE140082
DEGAS,Other,Neg_ctrl_Sample_26,0.0575867081868881,50865,4.70642758692898,Sample_100_GSE140082
DEGAS,Other,Neg_ctrl_Sample_27,0.0343841268680809,50865,4.70642758692898,Sample_100_GSE140082
DEGAS,Other,Neg_ctrl_Sample_28,0.030649681525896,50865,4.70642758692898,Sample_100_GSE140082
DEGAS,Other,Neg_ctrl_Sample_29,0.128442914905744,50865,4.70642758692898,Sample_100_GSE140082
DEGAS,Other,Neg_ctrl_Sample_30,-0.0511325766175461,50865,4.70642758692898,Sample_100_GSE140082
DEGAS,Other,Neg_ctrl_Sample_31,0.0357579475173475,50865,4.70642758692898,Sample_100_GSE140082
DEGAS,Other,Neg_ctrl_Sample_32,0.154021780343039,50865,4.70642758692898,Sample_100_GSE140082
DEGAS,Other,Neg_ctrl_Sample_33,0.0965639155029787,50865,4.70642758692898,Sample_100_GSE140082
DEGAS,Other,Neg_ctrl_Sample_34,-0.216823600511596,50865,4.70642758692898,Sample_100_GSE140082
DEGAS,Other,Neg_ctrl_Sample_35,0.0289571921081341,50865,4.70642758692898,Sample_100_GSE140082
DEGAS,Other,Neg_ctrl_Sample_36,0.0484824912540183,50865,4.70642758692898,Sample_100_GSE140082
DEGAS,Other,Neg_ctrl_Sample_37,0.0806936800482638,50865,4.70642758692898,Sample_100_GSE140082
DEGAS,Other,Neg_ctrl_Sample_38,0.10140832643464,50865,4.70642758692898,Sample_100_GSE140082
DEGAS,Other,Neg_ctrl_Sample_39,0.0659548889843185,50865,4.70642758692898,Sample_100_GSE140082
DEGAS,Other,Neg_ctrl_Sample_40,0.0860629541393419,50865,4.70642758692898,Sample_100_GSE140082
DEGAS,Other,Neg_ctrl_Sample_41,-0.0738566998155343,50865,4.70642758692898,Sample_100_GSE140082
DEGAS,Other,Neg_ctrl_Sample_42,-0.0823934015915326,50865,4.70642758692898,Sample_100_GSE140082
DEGAS,Other,Neg_ctrl_Sample_43,0.0838317737429557,50865,4.70642758692898,Sample_100_GSE140082
DEGAS,Other,Neg_ctrl_Sample_44,0.184579991393645,50865,4.70642758692898,Sample_100_GSE140082
DEGAS,Other,Neg_ctrl_Sample_45,0.198725801386361,50865,4.70642758692898,Sample_100_GSE140082
DEGAS,Other,Neg_ctrl_Sample_46,0.179711344571794,50865,4.70642758692898,Sample_100_GSE140082
DEGAS,Other,Neg_ctrl_Sample_47,0.0401054888982032,50865,4.70642758692898,Sample_100_GSE140082
DEGAS,Other,Neg_ctrl_Sample_48,0.124893064533435,50865,4.70642758692898,Sample_100_GSE140082
DEGAS,Other,Neg_ctrl_Sample_49,-0.118609612555492,50865,4.70642758692898,Sample_100_GSE140082
DEGAS,Other,Neg_ctrl_Sample_50,0.0448225569383355,50865,4.70642758692898,Sample_100_GSE140082
DEGAS,Other,Neg_ctrl_Sample_51,-0.0291126461830369,50865,4.70642758692898,Sample_100_GSE140082
DEGAS,Other,Neg_ctrl_Sample_52,0.112076211894312,50865,4.70642758692898,Sample_100_GSE140082
DEGAS,Other,Neg_ctrl_Sample_53,-0.00744748672977379,50865,4.70642758692898,Sample_100_GSE140082
DEGAS,Other,Neg_ctrl_Sample_54,0.0828263652512098,50865,4.70642758692898,Sample_100_GSE140082
DEGAS,Other,Neg_ctrl_Sample_55,0.00181815725306111,50865,4.70642758692898,Sample_100_GSE140082
DEGAS,Other,Neg_ctrl_Sample_56,0.0871414155955002,50865,4.70642758692898,Sample_100_GSE140082
DEGAS,Other,Neg_ctrl_Sample_57,0.153453615441035,50865,4.70642758692898,Sample_100_GSE140082
DEGAS,Other,Neg_ctrl_Sample_58,0.0221731290382143,50865,4.70642758692898,Sample_100_GSE140082
DEGAS,Other,Neg_ctrl_Sample_59,0.119273027504199,50865,4.70642758692898,Sample_100_GSE140082
DEGAS,Other,Neg_ctrl_Sample_60,0.0255713675628262,50865,4.70642758692898,Sample_100_GSE140082
DEGAS,Other,Neg_ctrl_Sample_61,0.0275806079634594,50865,4.70642758692898,Sample_100_GSE140082
DEGAS,Other,Neg_ctrl_Sample_62,-0.0756813628397933,50865,4.70642758692898,Sample_100_GSE140082
DEGAS,Other,Neg_ctrl_Sample_63,-0.0139451856668087,50865,4.70642758692898,Sample_100_GSE140082
DEGAS,Other,Neg_ctrl_Sample_64,0.132876351916425,50865,4.70642758692898,Sample_100_GSE140082
DEGAS,Other,Neg_ctrl_Sample_65,-0.0815523119646679,50865,4.70642758692898,Sample_100_GSE140082
DEGAS,Other,Neg_ctrl_Sample_66,0.0928984064402214,50865,4.70642758692898,Sample_100_GSE140082
DEGAS,Other,Neg_ctrl_Sample_67,0.110657508925588,50865,4.70642758692898,Sample_100_GSE140082
DEGAS,Other,Neg_ctrl_Sample_68,0.119070262664242,50865,4.70642758692898,Sample_100_GSE140082
DEGAS,Other,Neg_ctrl_Sample_69,-0.104377569014351,50865,4.70642758692898,Sample_100_GSE140082
DEGAS,Other,Neg_ctrl_Sample_70,-0.0317000953960191,50865,4.70642758692898,Sample_100_GSE140082
DEGAS,Other,Neg_ctrl_Sample_71,0.00441384688833333,50865,4.70642758692898,Sample_100_GSE140082
DEGAS,Other,Neg_ctrl_Sample_72,-0.017390569167485,50865,4.70642758692898,Sample_100_GSE140082
DEGAS,Other,Neg_ctrl_Sample_73,-0.090001788343209,50865,4.70642758692898,Sample_100_GSE140082
DEGAS,Other,Neg_ctrl_Sample_74,0.0167550380878508,50865,4.70642758692898,Sample_100_GSE140082
DEGAS,Other,Neg_ctrl_Sample_75,-0.0462212848416047,50865,4.70642758692898,Sample_100_GSE140082
DEGAS,Other,Neg_ctrl_Sample_76,0.0940150207031402,50865,4.70642758692898,Sample_100_GSE140082
DEGAS,Other,Neg_ctrl_Sample_77,0.0615698005986498,50865,4.70642758692898,Sample_100_GSE140082
DEGAS,Other,Neg_ctrl_Sample_78,-0.0117400059917236,50865,4.70642758692898,Sample_100_GSE140082
DEGAS,Other,Neg_ctrl_Sample_79,-0.0133952321967146,50865,4.70642758692898,Sample_100_GSE140082
DEGAS,Other,Neg_ctrl_Sample_80,-0.0158696964921801,50865,4.70642758692898,Sample_100_GSE140082
DEGAS,Other,Neg_ctrl_Sample_81,0.0425029050215896,50865,4.70642758692898,Sample_100_GSE140082
DEGAS,Other,Neg_ctrl_Sample_82,-0.0278804924578575,50865,4.70642758692898,Sample_100_GSE140082
DEGAS,Other,Neg_ctrl_Sample_83,0.0123956062097368,50865,4.70642758692898,Sample_100_GSE140082
DEGAS,Other,Neg_ctrl_Sample_84,0.0942134126164104,50865,4.70642758692898,Sample_100_GSE140082
DEGAS,Other,Neg_ctrl_Sample_85,-0.00822744379581237,50865,4.70642758692898,Sample_100_GSE140082
DEGAS,Other,Neg_ctrl_Sample_86,-0.136321968057898,50865,4.70642758692898,Sample_100_GSE140082
DEGAS,Other,Neg_ctrl_Sample_87,0.0227475710668431,50865,4.70642758692898,Sample_100_GSE140082
DEGAS,Other,Neg_ctrl_Sample_88,0.0180075453247733,50865,4.70642758692898,Sample_100_GSE140082
DEGAS,Other,Neg_ctrl_Sample_89,0.156449324629245,50865,4.70642758692898,Sample_100_GSE140082
DEGAS,Other,Neg_ctrl_Sample_90,-0.080329371375289,50865,4.70642758692898,Sample_100_GSE140082
DEGAS,Other,Neg_ctrl_Sample_91,0.11967557033851,50865,4.70642758692898,Sample_100_GSE140082
DEGAS,Other,Neg_ctrl_Sample_92,0.00806186196202943,50865,4.70642758692898,Sample_100_GSE140082
DEGAS,Other,Neg_ctrl_Sample_93,-0.0970843486301239,50865,4.70642758692898,Sample_100_GSE140082
DEGAS,Other,Neg_ctrl_Sample_94,-0.0255636376753794,50865,4.70642758692898,Sample_100_GSE140082
DEGAS,Other,Neg_ctrl_Sample_95,0.0236291377356475,50865,4.70642758692898,Sample_100_GSE140082
DEGAS,Other,Neg_ctrl_Sample_96,-0.105414250215754,50865,4.70642758692898,Sample_100_GSE140082
DEGAS,Other,Neg_ctrl_Sample_97,-0.0427628421543804,50865,4.70642758692898,Sample_100_GSE140082
DEGAS,Other,Neg_ctrl_Sample_98,0.0234994671749272,50865,4.70642758692898,Sample_100_GSE140082
DEGAS,Other,Neg_ctrl_Sample_99,0.0437387107008398,50865,4.70642758692898,Sample_100_GSE140082
DEGAS,Other,Neg_ctrl_Sample_100,-0.0762186115148437,50865,4.70642758692898,Sample_100_GSE140082
LP_SGL,Negative,Neg_ctrl_Sample_1,-0.0481330226894566,7139,3.85369821177617,Sample_100_GSE140082
LP_SGL,Negative,Neg_ctrl_Sample_2,-0.0558067237772474,7139,3.85369821177617,Sample_100_GSE140082
LP_SGL,Negative,Neg_ctrl_Sample_3,-0.0269587071449628,7139,3.85369821177617,Sample_100_GSE140082
LP_SGL,Negative,Neg_ctrl_Sample_4,-0.00660854054554594,7139,3.85369821177617,Sample_100_GSE140082
LP_SGL,Negative,Neg_ctrl_Sample_5,0.0456678662948147,7139,3.85369821177617,Sample_100_GSE140082
LP_SGL,Negative,Neg_ctrl_Sample_6,-0.0789178705431396,7139,3.85369821177617,Sample_100_GSE140082
LP_SGL,Negative,Neg_ctrl_Sample_7,-0.107300928018853,7139,3.85369821177617,Sample_100_GSE140082
LP_SGL,Negative,Neg_ctrl_Sample_8,0.0497577026585318,7139,3.85369821177617,Sample_100_GSE140082
LP_SGL,Negative,Neg_ctrl_Sample_9,0.0137119081022241,7139,3.85369821177617,Sample_100_GSE140082
LP_SGL,Negative,Neg_ctrl_Sample_10,0.0541376437867717,7139,3.85369821177617,Sample_100_GSE140082
LP_SGL,Negative,Neg_ctrl_Sample_11,0.13747584113816,7139,3.85369821177617,Sample_100_GSE140082
LP_SGL,Negative,Neg_ctrl_Sample_12,-0.118942093623631,7139,3.85369821177617,Sample_100_GSE140082
LP_SGL,Negative,Neg_ctrl_Sample_13,0.0333347248046805,7139,3.85369821177617,Sample_100_GSE140082
LP_SGL,Negative,Neg_ctrl_Sample_14,0.0787024381821586,7139,3.85369821177617,Sample_100_GSE140082
LP_SGL,Negative,Neg_ctrl_Sample_15,-0.069685567571555,7139,3.85369821177617,Sample_100_GSE140082
LP_SGL,Negative,Neg_ctrl_Sample_16,-0.0140099922002985,7139,3.85369821177617,Sample_100_GSE140082
LP_SGL,Negative,Neg_ctrl_Sample_17,0.0880976050121917,7139,3.85369821177617,Sample_100_GSE140082
LP_SGL,Negative,Neg_ctrl_Sample_18,0.208891179132821,7139,3.85369821177617,Sample_100_GSE140082
LP_SGL,Negative,Neg_ctrl_Sample_19,0.246545050717272,7139,3.85369821177617,Sample_100_GSE140082
LP_SGL,Negative,Neg_ctrl_Sample_20,-0.139819883956332,7139,3.85369821177617,Sample_100_GSE140082
LP_SGL,Negative,Neg_ctrl_Sample_21,0.0285439502451508,7139,3.85369821177617,Sample_100_GSE140082
LP_SGL,Negative,Neg_ctrl_Sample_22,0.180914221747873,7139,3.85369821177617,Sample_100_GSE140082
LP_SGL,Negative,Neg_ctrl_Sample_23,-0.0558230945307798,7139,3.85369821177617,Sample_100_GSE140082
LP_SGL,Negative,Neg_ctrl_Sample_24,0.159650465840298,7139,3.85369821177617,Sample_100_GSE140082
LP_SGL,Negative,Neg_ctrl_Sample_25,0.0628555908578068,7139,3.85369821177617,Sample_100_GSE140082
LP_SGL,Negative,Neg_ctrl_Sample_26,0.0548850609118949,7139,3.85369821177617,Sample_100_GSE140082
LP_SGL,Negative,Neg_ctrl_Sample_27,0.0376482302559209,7139,3.85369821177617,Sample_100_GSE140082
LP_SGL,Negative,Neg_ctrl_Sample_28,0.0359537787403097,7139,3.85369821177617,Sample_100_GSE140082
LP_SGL,Negative,Neg_ctrl_Sample_29,0.131130805954896,7139,3.85369821177617,Sample_100_GSE140082
LP_SGL,Negative,Neg_ctrl_Sample_30,-0.0622080604001984,7139,3.85369821177617,Sample_100_GSE140082
LP_SGL,Negative,Neg_ctrl_Sample_31,0.0362891731405113,7139,3.85369821177617,Sample_100_GSE140082
LP_SGL,Negative,Neg_ctrl_Sample_32,0.153135252448236,7139,3.85369821177617,Sample_100_GSE140082
LP_SGL,Negative,Neg_ctrl_Sample_33,0.0917829013625831,7139,3.85369821177617,Sample_100_GSE140082
LP_SGL,Negative,Neg_ctrl_Sample_34,-0.209727763597124,7139,3.85369821177617,Sample_100_GSE140082
LP_SGL,Negative,Neg_ctrl_Sample_35,0.0274002298081054,7139,3.85369821177617,Sample_100_GSE140082
LP_SGL,Negative,Neg_ctrl_Sample_36,0.0332456315410557,7139,3.85369821177617,Sample_100_GSE140082
LP_SGL,Negative,Neg_ctrl_Sample_37,0.0891775907245589,7139,3.85369821177617,Sample_100_GSE140082
LP_SGL,Negative,Neg_ctrl_Sample_38,0.105472163261194,7139,3.85369821177617,Sample_100_GSE140082
LP_SGL,Negative,Neg_ctrl_Sample_39,0.0547220993453692,7139,3.85369821177617,Sample_100_GSE140082
LP_SGL,Negative,Neg_ctrl_Sample_40,0.0929075313284118,7139,3.85369821177617,Sample_100_GSE140082
LP_SGL,Negative,Neg_ctrl_Sample_41,-0.0786142679058559,7139,3.85369821177617,Sample_100_GSE140082
LP_SGL,Negative,Neg_ctrl_Sample_42,-0.0925446377066549,7139,3.85369821177617,Sample_100_GSE140082
LP_SGL,Negative,Neg_ctrl_Sample_43,0.0795924560825406,7139,3.85369821177617,Sample_100_GSE140082
LP_SGL,Negative,Neg_ctrl_Sample_44,0.178185730533401,7139,3.85369821177617,Sample_100_GSE140082
LP_SGL,Negative,Neg_ctrl_Sample_45,0.206750375677571,7139,3.85369821177617,Sample_100_GSE140082
LP_SGL,Negative,Neg_ctrl_Sample_46,0.180047812671807,7139,3.85369821177617,Sample_100_GSE140082
LP_SGL,Negative,Neg_ctrl_Sample_47,0.0383116913185794,7139,3.85369821177617,Sample_100_GSE140082
LP_SGL,Negative,Neg_ctrl_Sample_48,0.131908344997442,7139,3.85369821177617,Sample_100_GSE140082
LP_SGL,Negative,Neg_ctrl_Sample_49,-0.118699391959798,7139,3.85369821177617,Sample_100_GSE140082
LP_SGL,Negative,Neg_ctrl_Sample_50,0.0449754394602961,7139,3.85369821177617,Sample_100_GSE140082
LP_SGL,Negative,Neg_ctrl_Sample_51,-0.0249202929630376,7139,3.85369821177617,Sample_100_GSE140082
LP_SGL,Negative,Neg_ctrl_Sample_52,0.100580393400643,7139,3.85369821177617,Sample_100_GSE140082
LP_SGL,Negative,Neg_ctrl_Sample_53,-0.012560097440131,7139,3.85369821177617,Sample_100_GSE140082
LP_SGL,Negative,Neg_ctrl_Sample_54,0.076804245073127,7139,3.85369821177617,Sample_100_GSE140082
LP_SGL,Negative,Neg_ctrl_Sample_55,0.00727348869479138,7139,3.85369821177617,Sample_100_GSE140082
LP_SGL,Negative,Neg_ctrl_Sample_56,0.0767792042141221,7139,3.85369821177617,Sample_100_GSE140082
LP_SGL,Negative,Neg_ctrl_Sample_57,0.141796777227361,7139,3.85369821177617,Sample_100_GSE140082
LP_SGL,Negative,Neg_ctrl_Sample_58,0.0165176083123718,7139,3.85369821177617,Sample_100_GSE140082
LP_SGL,Negative,Neg_ctrl_Sample_59,0.101936948948519,7139,3.85369821177617,Sample_100_GSE140082
LP_SGL,Negative,Neg_ctrl_Sample_60,0.0350734201739969,7139,3.85369821177617,Sample_100_GSE140082
LP_SGL,Negative,Neg_ctrl_Sample_61,0.0255620277877728,7139,3.85369821177617,Sample_100_GSE140082
LP_SGL,Negative,Neg_ctrl_Sample_62,-0.0825978880613935,7139,3.85369821177617,Sample_100_GSE140082
LP_SGL,Negative,Neg_ctrl_Sample_63,-0.00839658169018431,7139,3.85369821177617,Sample_100_GSE140082
LP_SGL,Negative,Neg_ctrl_Sample_64,0.144013056869526,7139,3.85369821177617,Sample_100_GSE140082
LP_SGL,Negative,Neg_ctrl_Sample_65,-0.0938668979454992,7139,3.85369821177617,Sample_100_GSE140082
LP_SGL,Negative,Neg_ctrl_Sample_66,0.0876913471756771,7139,3.85369821177617,Sample_100_GSE140082
LP_SGL,Negative,Neg_ctrl_Sample_67,0.110745901826067,7139,3.85369821177617,Sample_100_GSE140082
LP_SGL,Negative,Neg_ctrl_Sample_68,0.121626641097737,7139,3.85369821177617,Sample_100_GSE140082
LP_SGL,Negative,Neg_ctrl_Sample_69,-0.118632286151555,7139,3.85369821177617,Sample_100_GSE140082
LP_SGL,Negative,Neg_ctrl_Sample_70,-0.0350134102756906,7139,3.85369821177617,Sample_100_GSE140082
LP_SGL,Negative,Neg_ctrl_Sample_71,0.0183068325575462,7139,3.85369821177617,Sample_100_GSE140082
LP_SGL,Negative,Neg_ctrl_Sample_72,-0.0222996008388503,7139,3.85369821177617,Sample_100_GSE140082
LP_SGL,Negative,Neg_ctrl_Sample_73,-0.0820157968498309,7139,3.85369821177617,Sample_100_GSE140082
LP_SGL,Negative,Neg_ctrl_Sample_74,0.0168805534283555,7139,3.85369821177617,Sample_100_GSE140082
LP_SGL,Negative,Neg_ctrl_Sample_75,-0.0251000725312843,7139,3.85369821177617,Sample_100_GSE140082
LP_SGL,Negative,Neg_ctrl_Sample_76,0.083159946294487,7139,3.85369821177617,Sample_100_GSE140082
LP_SGL,Negative,Neg_ctrl_Sample_77,0.0550202521984356,7139,3.85369821177617,Sample_100_GSE140082
LP_SGL,Negative,Neg_ctrl_Sample_78,-0.0173065994681506,7139,3.85369821177617,Sample_100_GSE140082
LP_SGL,Negative,Neg_ctrl_Sample_79,-0.013137428059131,7139,3.85369821177617,Sample_100_GSE140082
LP_SGL,Negative,Neg_ctrl_Sample_80,-0.0244063445120858,7139,3.85369821177617,Sample_100_GSE140082
LP_SGL,Negative,Neg_ctrl_Sample_81,0.0642598762694913,7139,3.85369821177617,Sample_100_GSE140082
LP_SGL,Negative,Neg_ctrl_Sample_82,-0.0244978940375699,7139,3.85369821177617,Sample_100_GSE140082
LP_SGL,Negative,Neg_ctrl_Sample_83,0.00575330651920023,7139,3.85369821177617,Sample_100_GSE140082
LP_SGL,Negative,Neg_ctrl_Sample_84,0.0953938333970899,7139,3.85369821177617,Sample_100_GSE140082
LP_SGL,Negative,Neg_ctrl_Sample_85,-0.0158770574840848,7139,3.85369821177617,Sample_100_GSE140082
LP_SGL,Negative,Neg_ctrl_Sample_86,-0.140460512147194,7139,3.85369821177617,Sample_100_GSE140082
LP_SGL,Negative,Neg_ctrl_Sample_87,0.0216103825204895,7139,3.85369821177617,Sample_100_GSE140082
LP_SGL,Negative,Neg_ctrl_Sample_88,0.0143052360561997,7139,3.85369821177617,Sample_100_GSE140082
LP_SGL,Negative,Neg_ctrl_Sample_89,0.149930607522507,7139,3.85369821177617,Sample_100_GSE140082
LP_SGL,Negative,Neg_ctrl_Sample_90,-0.084196139079054,7139,3.85369821177617,Sample_100_GSE140082
LP_SGL,Negative,Neg_ctrl_Sample_91,0.12137843239004,7139,3.85369821177617,Sample_100_GSE140082
LP_SGL,Negative,Neg_ctrl_Sample_92,0.0036994732919475,7139,3.85369821177617,Sample_100_GSE140082
LP_SGL,Negative,Neg_ctrl_Sample_93,-0.0879293356085954,7139,3.85369821177617,Sample_100_GSE140082
LP_SGL,Negative,Neg_ctrl_Sample_94,-0.0264999501030079,7139,3.85369821177617,Sample_100_GSE140082
LP_SGL,Negative,Neg_ctrl_Sample_95,0.0091401607563792,7139,3.85369821177617,Sample_100_GSE140082
LP_SGL,Negative,Neg_ctrl_Sample_96,-0.111853170740648,7139,3.85369821177617,Sample_100_GSE140082
LP_SGL,Negative,Neg_ctrl_Sample_97,-0.0437762433588719,7139,3.85369821177617,Sample_100_GSE140082
LP_SGL,Negative,Neg_ctrl_Sample_98,0.0361925980544813,7139,3.85369821177617,Sample_100_GSE140082
LP_SGL,Negative,Neg_ctrl_Sample_99,0.025491928354062,7139,3.85369821177617,Sample_100_GSE140082
LP_SGL,Negative,Neg_ctrl_Sample_100,-0.080415115728127,7139,3.85369821177617,Sample_100_GSE140082
LP_SGL,Neutral,Neg_ctrl_Sample_1,-0.0430074680193454,42115,4.6244471170144,Sample_100_GSE140082
LP_SGL,Neutral,Neg_ctrl_Sample_2,-0.0500731223297849,42115,4.6244471170144,Sample_100_GSE140082
LP_SGL,Neutral,Neg_ctrl_Sample_3,-0.0418556794307028,42115,4.6244471170144,Sample_100_GSE140082
LP_SGL,Neutral,Neg_ctrl_Sample_4,-0.0117865047304167,42115,4.6244471170144,Sample_100_GSE140082
LP_SGL,Neutral,Neg_ctrl_Sample_5,0.0458162004280425,42115,4.6244471170144,Sample_100_GSE140082
LP_SGL,Neutral,Neg_ctrl_Sample_6,-0.0755020571770947,42115,4.6244471170144,Sample_100_GSE140082
LP_SGL,Neutral,Neg_ctrl_Sample_7,-0.110672136457406,42115,4.6244471170144,Sample_100_GSE140082
LP_SGL,Neutral,Neg_ctrl_Sample_8,0.035307063632197,42115,4.6244471170144,Sample_100_GSE140082
LP_SGL,Neutral,Neg_ctrl_Sample_9,0.0126814103127819,42115,4.6244471170144,Sample_100_GSE140082
LP_SGL,Neutral,Neg_ctrl_Sample_10,0.0486121126471268,42115,4.6244471170144,Sample_100_GSE140082
LP_SGL,Neutral,Neg_ctrl_Sample_11,0.134202150884987,42115,4.6244471170144,Sample_100_GSE140082
LP_SGL,Neutral,Neg_ctrl_Sample_12,-0.119391613353209,42115,4.6244471170144,Sample_100_GSE140082
LP_SGL,Neutral,Neg_ctrl_Sample_13,0.0295471243022277,42115,4.6244471170144,Sample_100_GSE140082
LP_SGL,Neutral,Neg_ctrl_Sample_14,0.0764170877715743,42115,4.6244471170144,Sample_100_GSE140082
LP_SGL,Neutral,Neg_ctrl_Sample_15,-0.068290295066882,42115,4.6244471170144,Sample_100_GSE140082
LP_SGL,Neutral,Neg_ctrl_Sample_16,-0.00819885505955586,42115,4.6244471170144,Sample_100_GSE140082
LP_SGL,Neutral,Neg_ctrl_Sample_17,0.0818964774383558,42115,4.6244471170144,Sample_100_GSE140082
LP_SGL,Neutral,Neg_ctrl_Sample_18,0.208540848643474,42115,4.6244471170144,Sample_100_GSE140082
LP_SGL,Neutral,Neg_ctrl_Sample_19,0.256592751083858,42115,4.6244471170144,Sample_100_GSE140082
LP_SGL,Neutral,Neg_ctrl_Sample_20,-0.132893916216315,42115,4.6244471170144,Sample_100_GSE140082
LP_SGL,Neutral,Neg_ctrl_Sample_21,0.0124077092720806,42115,4.6244471170144,Sample_100_GSE140082
LP_SGL,Neutral,Neg_ctrl_Sample_22,0.163600579677782,42115,4.6244471170144,Sample_100_GSE140082
LP_SGL,Neutral,Neg_ctrl_Sample_23,-0.0549144821092988,42115,4.6244471170144,Sample_100_GSE140082
LP_SGL,Neutral,Neg_ctrl_Sample_24,0.177542878519458,42115,4.6244471170144,Sample_100_GSE140082
LP_SGL,Neutral,Neg_ctrl_Sample_25,0.0580006735098902,42115,4.6244471170144,Sample_100_GSE140082
LP_SGL,Neutral,Neg_ctrl_Sample_26,0.0576712343667779,42115,4.6244471170144,Sample_100_GSE140082
LP_SGL,Neutral,Neg_ctrl_Sample_27,0.0334406674403571,42115,4.6244471170144,Sample_100_GSE140082
LP_SGL,Neutral,Neg_ctrl_Sample_28,0.0303497619244415,42115,4.6244471170144,Sample_100_GSE140082
LP_SGL,Neutral,Neg_ctrl_Sample_29,0.127740311667525,42115,4.6244471170144,Sample_100_GSE140082
LP_SGL,Neutral,Neg_ctrl_Sample_30,-0.0494223716702794,42115,4.6244471170144,Sample_100_GSE140082
LP_SGL,Neutral,Neg_ctrl_Sample_31,0.0356199754315293,42115,4.6244471170144,Sample_100_GSE140082
LP_SGL,Neutral,Neg_ctrl_Sample_32,0.154662656050426,42115,4.6244471170144,Sample_100_GSE140082
LP_SGL,Neutral,Neg_ctrl_Sample_33,0.0973766626686869,42115,4.6244471170144,Sample_100_GSE140082
LP_SGL,Neutral,Neg_ctrl_Sample_34,-0.21865516678879,42115,4.6244471170144,Sample_100_GSE140082
LP_SGL,Neutral,Neg_ctrl_Sample_35,0.0289147243746172,42115,4.6244471170144,Sample_100_GSE140082
LP_SGL,Neutral,Neg_ctrl_Sample_36,0.0501546563223173,42115,4.6244471170144,Sample_100_GSE140082
LP_SGL,Neutral,Neg_ctrl_Sample_37,0.0796937245003033,42115,4.6244471170144,Sample_100_GSE140082
LP_SGL,Neutral,Neg_ctrl_Sample_38,0.100478101408372,42115,4.6244471170144,Sample_100_GSE140082
LP_SGL,Neutral,Neg_ctrl_Sample_39,0.0672814449338855,42115,4.6244471170144,Sample_100_GSE140082
LP_SGL,Neutral,Neg_ctrl_Sample_40,0.0846556738422284,42115,4.6244471170144,Sample_100_GSE140082
LP_SGL,Neutral,Neg_ctrl_Sample_41,-0.073951721011194,42115,4.6244471170144,Sample_100_GSE140082
LP_SGL,Neutral,Neg_ctrl_Sample_42,-0.0817274959619584,42115,4.6244471170144,Sample_100_GSE140082
LP_SGL,Neutral,Neg_ctrl_Sample_43,0.0842635430886624,42115,4.6244471170144,Sample_100_GSE140082
LP_SGL,Neutral,Neg_ctrl_Sample_44,0.185255205639568,42115,4.6244471170144,Sample_100_GSE140082
LP_SGL,Neutral,Neg_ctrl_Sample_45,0.19716322581639,42115,4.6244471170144,Sample_100_GSE140082
LP_SGL,Neutral,Neg_ctrl_Sample_46,0.18002026737186,42115,4.6244471170144,Sample_100_GSE140082
LP_SGL,Neutral,Neg_ctrl_Sample_47,0.0401187315566951,42115,4.6244471170144,Sample_100_GSE140082
LP_SGL,Neutral,Neg_ctrl_Sample_48,0.123961486748115,42115,4.6244471170144,Sample_100_GSE140082
LP_SGL,Neutral,Neg_ctrl_Sample_49,-0.119654617456697,42115,4.6244471170144,Sample_100_GSE140082
LP_SGL,Neutral,Neg_ctrl_Sample_50,0.0443190806338759,42115,4.6244471170144,Sample_100_GSE140082
LP_SGL,Neutral,Neg_ctrl_Sample_51,-0.0299548000099576,42115,4.6244471170144,Sample_100_GSE140082
LP_SGL,Neutral,Neg_ctrl_Sample_52,0.112881005233629,42115,4.6244471170144,Sample_100_GSE140082
LP_SGL,Neutral,Neg_ctrl_Sample_53,-0.0076939366350592,42115,4.6244471170144,Sample_100_GSE140082
LP_SGL,Neutral,Neg_ctrl_Sample_54,0.0830771852212955,42115,4.6244471170144,Sample_100_GSE140082
LP_SGL,Neutral,Neg_ctrl_Sample_55,0.000727621167125936,42115,4.6244471170144,Sample_100_GSE140082
LP_SGL,Neutral,Neg_ctrl_Sample_56,0.0881553357679506,42115,4.6244471170144,Sample_100_GSE140082
LP_SGL,Neutral,Neg_ctrl_Sample_57,0.154867181207375,42115,4.6244471170144,Sample_100_GSE140082
LP_SGL,Neutral,Neg_ctrl_Sample_58,0.0223963892332654,42115,4.6244471170144,Sample_100_GSE140082
LP_SGL,Neutral,Neg_ctrl_Sample_59,0.121573195805125,42115,4.6244471170144,Sample_100_GSE140082
LP_SGL,Neutral,Neg_ctrl_Sample_60,0.0243793888725835,42115,4.6244471170144,Sample_100_GSE140082
LP_SGL,Neutral,Neg_ctrl_Sample_61,0.0273381653096656,42115,4.6244471170144,Sample_100_GSE140082
LP_SGL,Neutral,Neg_ctrl_Sample_62,-0.0747365308075389,42115,4.6244471170144,Sample_100_GSE140082
LP_SGL,Neutral,Neg_ctrl_Sample_63,-0.0152536481841511,42115,4.6244471170144,Sample_100_GSE140082
LP_SGL,Neutral,Neg_ctrl_Sample_64,0.130522596406584,42115,4.6244471170144,Sample_100_GSE140082
LP_SGL,Neutral,Neg_ctrl_Sample_65,-0.0803415963816078,42115,4.6244471170144,Sample_100_GSE140082
LP_SGL,Neutral,Neg_ctrl_Sample_66,0.0934668824446527,42115,4.6244471170144,Sample_100_GSE140082
LP_SGL,Neutral,Neg_ctrl_Sample_67,0.110479334396894,42115,4.6244471170144,Sample_100_GSE140082
LP_SGL,Neutral,Neg_ctrl_Sample_68,0.118790426855469,42115,4.6244471170144,Sample_100_GSE140082
LP_SGL,Neutral,Neg_ctrl_Sample_69,-0.102321670071604,42115,4.6244471170144,Sample_100_GSE140082
LP_SGL,Neutral,Neg_ctrl_Sample_70,-0.0318388761113449,42115,4.6244471170144,Sample_100_GSE140082
LP_SGL,Neutral,Neg_ctrl_Sample_71,0.00197106380176296,42115,4.6244471170144,Sample_100_GSE140082
LP_SGL,Neutral,Neg_ctrl_Sample_72,-0.0176076328112604,42115,4.6244471170144,Sample_100_GSE140082
LP_SGL,Neutral,Neg_ctrl_Sample_73,-0.0918619407200067,42115,4.6244471170144,Sample_100_GSE140082
LP_SGL,Neutral,Neg_ctrl_Sample_74,0.0168650288620423,42115,4.6244471170144,Sample_100_GSE140082
LP_SGL,Neutral,Neg_ctrl_Sample_75,-0.0509042595740932,42115,4.6244471170144,Sample_100_GSE140082
LP_SGL,Neutral,Neg_ctrl_Sample_76,0.0952261521011187,42115,4.6244471170144,Sample_100_GSE140082
LP_SGL,Neutral,Neg_ctrl_Sample_77,0.0623372492533479,42115,4.6244471170144,Sample_100_GSE140082
LP_SGL,Neutral,Neg_ctrl_Sample_78,-0.0108813854889635,42115,4.6244471170144,Sample_100_GSE140082
LP_SGL,Neutral,Neg_ctrl_Sample_79,-0.0140583753313916,42115,4.6244471170144,Sample_100_GSE140082
LP_SGL,Neutral,Neg_ctrl_Sample_80,-0.0155385062755051,42115,4.6244471170144,Sample_100_GSE140082
LP_SGL,Neutral,Neg_ctrl_Sample_81,0.0386749995703083,42115,4.6244471170144,Sample_100_GSE140082
LP_SGL,Neutral,Neg_ctrl_Sample_82,-0.0291798253750115,42115,4.6244471170144,Sample_100_GSE140082
LP_SGL,Neutral,Neg_ctrl_Sample_83,0.0131187886309726,42115,4.6244471170144,Sample_100_GSE140082
LP_SGL,Neutral,Neg_ctrl_Sample_84,0.0943547222987227,42115,4.6244471170144,Sample_100_GSE140082
LP_SGL,Neutral,Neg_ctrl_Sample_85,-0.00712171712513558,42115,4.6244471170144,Sample_100_GSE140082
LP_SGL,Neutral,Neg_ctrl_Sample_86,-0.136509953177179,42115,4.6244471170144,Sample_100_GSE140082
LP_SGL,Neutral,Neg_ctrl_Sample_87,0.0223435601612428,42115,4.6244471170144,Sample_100_GSE140082
LP_SGL,Neutral,Neg_ctrl_Sample_88,0.0171226681663247,42115,4.6244471170144,Sample_100_GSE140082
LP_SGL,Neutral,Neg_ctrl_Sample_89,0.156486527535646,42115,4.6244471170144,Sample_100_GSE140082
LP_SGL,Neutral,Neg_ctrl_Sample_90,-0.0803099806782098,42115,4.6244471170144,Sample_100_GSE140082
LP_SGL,Neutral,Neg_ctrl_Sample_91,0.118806780960694,42115,4.6244471170144,Sample_100_GSE140082
LP_SGL,Neutral,Neg_ctrl_Sample_92,0.00746336722519716,42115,4.6244471170144,Sample_100_GSE140082
LP_SGL,Neutral,Neg_ctrl_Sample_93,-0.100057039827249,42115,4.6244471170144,Sample_100_GSE140082
LP_SGL,Neutral,Neg_ctrl_Sample_94,-0.0260711326973706,42115,4.6244471170144,Sample_100_GSE140082
LP_SGL,Neutral,Neg_ctrl_Sample_95,0.0257004964304104,42115,4.6244471170144,Sample_100_GSE140082
LP_SGL,Neutral,Neg_ctrl_Sample_96,-0.104752136264401,42115,4.6244471170144,Sample_100_GSE140082
LP_SGL,Neutral,Neg_ctrl_Sample_97,-0.0429867280441121,42115,4.6244471170144,Sample_100_GSE140082
LP_SGL,Neutral,Neg_ctrl_Sample_98,0.0217996124021294,42115,4.6244471170144,Sample_100_GSE140082
LP_SGL,Neutral,Neg_ctrl_Sample_99,0.0452274369146626,42115,4.6244471170144,Sample_100_GSE140082
LP_SGL,Neutral,Neg_ctrl_Sample_100,-0.0760275643666968,42115,4.6244471170144,Sample_100_GSE140082
LP_SGL,Positive,Neg_ctrl_Sample_1,-0.0222978772103559,1611,3.20736503746907,Sample_100_GSE140082
LP_SGL,Positive,Neg_ctrl_Sample_2,-0.035422016457455,1611,3.20736503746907,Sample_100_GSE140082
LP_SGL,Positive,Neg_ctrl_Sample_3,-0.0468568917530928,1611,3.20736503746907,Sample_100_GSE140082
LP_SGL,Positive,Neg_ctrl_Sample_4,0.0579078846484666,1611,3.20736503746907,Sample_100_GSE140082
LP_SGL,Positive,Neg_ctrl_Sample_5,0.0897966442618053,1611,3.20736503746907,Sample_100_GSE140082
LP_SGL,Positive,Neg_ctrl_Sample_6,-0.0786079920148269,1611,3.20736503746907,Sample_100_GSE140082
LP_SGL,Positive,Neg_ctrl_Sample_7,-0.0919769841567959,1611,3.20736503746907,Sample_100_GSE140082
LP_SGL,Positive,Neg_ctrl_Sample_8,0.0535047752985298,1611,3.20736503746907,Sample_100_GSE140082
LP_SGL,Positive,Neg_ctrl_Sample_9,0.0293173425662796,1611,3.20736503746907,Sample_100_GSE140082
LP_SGL,Positive,Neg_ctrl_Sample_10,0.0593577563053879,1611,3.20736503746907,Sample_100_GSE140082
LP_SGL,Positive,Neg_ctrl_Sample_11,0.165547138812422,1611,3.20736503746907,Sample_100_GSE140082
LP_SGL,Positive,Neg_ctrl_Sample_12,-0.095960666913441,1611,3.20736503746907,Sample_100_GSE140082
LP_SGL,Positive,Neg_ctrl_Sample_13,0.0639359828179902,1611,3.20736503746907,Sample_100_GSE140082
LP_SGL,Positive,Neg_ctrl_Sample_14,0.105867533395458,1611,3.20736503746907,Sample_100_GSE140082
LP_SGL,Positive,Neg_ctrl_Sample_15,-0.0513136942831469,1611,3.20736503746907,Sample_100_GSE140082
LP_SGL,Positive,Neg_ctrl_Sample_16,-0.0129764972481619,1611,3.20736503746907,Sample_100_GSE140082
LP_SGL,Positive,Neg_ctrl_Sample_17,0.0682924051558546,1611,3.20736503746907,Sample_100_GSE140082
LP_SGL,Positive,Neg_ctrl_Sample_18,0.220420266866195,1611,3.20736503746907,Sample_100_GSE140082
LP_SGL,Positive,Neg_ctrl_Sample_19,0.269720559244709,1611,3.20736503746907,Sample_100_GSE140082
LP_SGL,Positive,Neg_ctrl_Sample_20,-0.129917552140519,1611,3.20736503746907,Sample_100_GSE140082
LP_SGL,Positive,Neg_ctrl_Sample_21,0.0232083873100151,1611,3.20736503746907,Sample_100_GSE140082
LP_SGL,Positive,Neg_ctrl_Sample_22,0.145373976888329,1611,3.20736503746907,Sample_100_GSE140082
LP_SGL,Positive,Neg_ctrl_Sample_23,-0.043486296677049,1611,3.20736503746907,Sample_100_GSE140082
LP_SGL,Positive,Neg_ctrl_Sample_24,0.199535231434412,1611,3.20736503746907,Sample_100_GSE140082
LP_SGL,Positive,Neg_ctrl_Sample_25,0.0621627511245743,1611,3.20736503746907,Sample_100_GSE140082
LP_SGL,Positive,Neg_ctrl_Sample_26,0.0673491165233961,1611,3.20736503746907,Sample_100_GSE140082
LP_SGL,Positive,Neg_ctrl_Sample_27,0.044583605274527,1611,3.20736503746907,Sample_100_GSE140082
LP_SGL,Positive,Neg_ctrl_Sample_28,0.0149855995901749,1611,3.20736503746907,Sample_100_GSE140082
LP_SGL,Positive,Neg_ctrl_Sample_29,0.134899327803123,1611,3.20736503746907,Sample_100_GSE140082
LP_SGL,Positive,Neg_ctrl_Sample_30,-0.0467610077968117,1611,3.20736503746907,Sample_100_GSE140082
LP_SGL,Positive,Neg_ctrl_Sample_31,0.0370107561272018,1611,3.20736503746907,Sample_100_GSE140082
LP_SGL,Positive,Neg_ctrl_Sample_32,0.141196480668542,1611,3.20736503746907,Sample_100_GSE140082
LP_SGL,Positive,Neg_ctrl_Sample_33,0.0965035884169912,1611,3.20736503746907,Sample_100_GSE140082
LP_SGL,Positive,Neg_ctrl_Sample_34,-0.200387080318158,1611,3.20736503746907,Sample_100_GSE140082
LP_SGL,Positive,Neg_ctrl_Sample_35,0.0369669267183075,1611,3.20736503746907,Sample_100_GSE140082
LP_SGL,Positive,Neg_ctrl_Sample_36,0.0722892632213894,1611,3.20736503746907,Sample_100_GSE140082
LP_SGL,Positive,Neg_ctrl_Sample_37,0.0692389870527713,1611,3.20736503746907,Sample_100_GSE140082
LP_SGL,Positive,Neg_ctrl_Sample_38,0.107717883154952,1611,3.20736503746907,Sample_100_GSE140082
LP_SGL,Positive,Neg_ctrl_Sample_39,0.0810529531782559,1611,3.20736503746907,Sample_100_GSE140082
LP_SGL,Positive,Neg_ctrl_Sample_40,0.0925211621841449,1611,3.20736503746907,Sample_100_GSE140082
LP_SGL,Positive,Neg_ctrl_Sample_41,-0.0502899113288898,1611,3.20736503746907,Sample_100_GSE140082
LP_SGL,Positive,Neg_ctrl_Sample_42,-0.0548173252188863,1611,3.20736503746907,Sample_100_GSE140082
LP_SGL,Positive,Neg_ctrl_Sample_43,0.0913305464203302,1611,3.20736503746907,Sample_100_GSE140082
LP_SGL,Positive,Neg_ctrl_Sample_44,0.195264026349741,1611,3.20736503746907,Sample_100_GSE140082
LP_SGL,Positive,Neg_ctrl_Sample_45,0.204014711544219,1611,3.20736503746907,Sample_100_GSE140082
LP_SGL,Positive,Neg_ctrl_Sample_46,0.170144411306296,1611,3.20736503746907,Sample_100_GSE140082
LP_SGL,Positive,Neg_ctrl_Sample_47,0.0477083482144966,1611,3.20736503746907,Sample_100_GSE140082
LP_SGL,Positive,Neg_ctrl_Sample_48,0.118158931197704,1611,3.20736503746907,Sample_100_GSE140082
LP_SGL,Positive,Neg_ctrl_Sample_49,-0.0908930907792102,1611,3.20736503746907,Sample_100_GSE140082
LP_SGL,Positive,Neg_ctrl_Sample_50,0.0573070238769161,1611,3.20736503746907,Sample_100_GSE140082
LP_SGL,Positive,Neg_ctrl_Sample_51,-0.025674968477769,1611,3.20736503746907,Sample_100_GSE140082
LP_SGL,Positive,Neg_ctrl_Sample_52,0.141979859778266,1611,3.20736503746907,Sample_100_GSE140082
LP_SGL,Positive,Neg_ctrl_Sample_53,0.0216513125392099,1611,3.20736503746907,Sample_100_GSE140082
LP_SGL,Positive,Neg_ctrl_Sample_54,0.102955870472305,1611,3.20736503746907,Sample_100_GSE140082
LP_SGL,Positive,Neg_ctrl_Sample_55,0.00615230753030923,1611,3.20736503746907,Sample_100_GSE140082
LP_SGL,Positive,Neg_ctrl_Sample_56,0.10655456208149,1611,3.20736503746907,Sample_100_GSE140082
LP_SGL,Positive,Neg_ctrl_Sample_57,0.168156188847622,1611,3.20736503746907,Sample_100_GSE140082
LP_SGL,Positive,Neg_ctrl_Sample_58,0.0413985538347426,1611,3.20736503746907,Sample_100_GSE140082
LP_SGL,Positive,Neg_ctrl_Sample_59,0.135964943590842,1611,3.20736503746907,Sample_100_GSE140082
LP_SGL,Positive,Neg_ctrl_Sample_60,0.0146247685239831,1611,3.20736503746907,Sample_100_GSE140082
LP_SGL,Positive,Neg_ctrl_Sample_61,0.0428637341203518,1611,3.20736503746907,Sample_100_GSE140082
LP_SGL,Positive,Neg_ctrl_Sample_62,-0.0697313488617703,1611,3.20736503746907,Sample_100_GSE140082
LP_SGL,Positive,Neg_ctrl_Sample_63,-0.00432729918092865,1611,3.20736503746907,Sample_100_GSE140082
LP_SGL,Positive,Neg_ctrl_Sample_64,0.14505728092745,1611,3.20736503746907,Sample_100_GSE140082
LP_SGL,Positive,Neg_ctrl_Sample_65,-0.0586320496824945,1611,3.20736503746907,Sample_100_GSE140082
LP_SGL,Positive,Neg_ctrl_Sample_66,0.10111183236382,1611,3.20736503746907,Sample_100_GSE140082
LP_SGL,Positive,Neg_ctrl_Sample_67,0.11492366867692,1611,3.20736503746907,Sample_100_GSE140082
LP_SGL,Positive,Neg_ctrl_Sample_68,0.115057413160671,1611,3.20736503746907,Sample_100_GSE140082
LP_SGL,Positive,Neg_ctrl_Sample_69,-0.0949547001945646,1611,3.20736503746907,Sample_100_GSE140082
LP_SGL,Positive,Neg_ctrl_Sample_70,-0.0133894158479595,1611,3.20736503746907,Sample_100_GSE140082
LP_SGL,Positive,Neg_ctrl_Sample_71,0.00670794061794266,1611,3.20736503746907,Sample_100_GSE140082
LP_SGL,Positive,Neg_ctrl_Sample_72,0.0100378681133838,1611,3.20736503746907,Sample_100_GSE140082
LP_SGL,Positive,Neg_ctrl_Sample_73,-0.0767626051789648,1611,3.20736503746907,Sample_100_GSE140082
LP_SGL,Positive,Neg_ctrl_Sample_74,0.0133234332021073,1611,3.20736503746907,Sample_100_GSE140082
LP_SGL,Positive,Neg_ctrl_Sample_75,-0.0173949991958076,1611,3.20736503746907,Sample_100_GSE140082
LP_SGL,Positive,Neg_ctrl_Sample_76,0.110456719882209,1611,3.20736503746907,Sample_100_GSE140082
LP_SGL,Positive,Neg_ctrl_Sample_77,0.0705307726262844,1611,3.20736503746907,Sample_100_GSE140082
LP_SGL,Positive,Neg_ctrl_Sample_78,-0.00951833724282515,1611,3.20736503746907,Sample_100_GSE140082
LP_SGL,Positive,Neg_ctrl_Sample_79,0.00279831800732781,1611,3.20736503746907,Sample_100_GSE140082
LP_SGL,Positive,Neg_ctrl_Sample_80,0.0133016593357829,1611,3.20736503746907,Sample_100_GSE140082
LP_SGL,Positive,Neg_ctrl_Sample_81,0.0461585352772704,1611,3.20736503746907,Sample_100_GSE140082
LP_SGL,Positive,Neg_ctrl_Sample_82,-0.00890281667665614,1611,3.20736503746907,Sample_100_GSE140082
LP_SGL,Positive,Neg_ctrl_Sample_83,0.0229248115606953,1611,3.20736503746907,Sample_100_GSE140082
LP_SGL,Positive,Neg_ctrl_Sample_84,0.0852883466798189,1611,3.20736503746907,Sample_100_GSE140082
LP_SGL,Positive,Neg_ctrl_Sample_85,-0.00323494635011474,1611,3.20736503746907,Sample_100_GSE140082
LP_SGL,Positive,Neg_ctrl_Sample_86,-0.113068051514164,1611,3.20736503746907,Sample_100_GSE140082
LP_SGL,Positive,Neg_ctrl_Sample_87,0.038348631477632,1611,3.20736503746907,Sample_100_GSE140082
LP_SGL,Positive,Neg_ctrl_Sample_88,0.0575465815733306,1611,3.20736503746907,Sample_100_GSE140082
LP_SGL,Positive,Neg_ctrl_Sample_89,0.184363862817896,1611,3.20736503746907,Sample_100_GSE140082
LP_SGL,Positive,Neg_ctrl_Sample_90,-0.0637010563971988,1611,3.20736503746907,Sample_100_GSE140082
LP_SGL,Positive,Neg_ctrl_Sample_91,0.134841512275669,1611,3.20736503746907,Sample_100_GSE140082
LP_SGL,Positive,Neg_ctrl_Sample_92,0.0430393284781141,1611,3.20736503746907,Sample_100_GSE140082
LP_SGL,Positive,Neg_ctrl_Sample_93,-0.0599414238590083,1611,3.20736503746907,Sample_100_GSE140082
LP_SGL,Positive,Neg_ctrl_Sample_94,-0.00814744445874049,1611,3.20736503746907,Sample_100_GSE140082
LP_SGL,Positive,Neg_ctrl_Sample_95,0.0336859566214707,1611,3.20736503746907,Sample_100_GSE140082
LP_SGL,Positive,Neg_ctrl_Sample_96,-0.0941898401810165,1611,3.20736503746907,Sample_100_GSE140082
LP_SGL,Positive,Neg_ctrl_Sample_97,-0.0324191888676594,1611,3.20736503746907,Sample_100_GSE140082
LP_SGL,Positive,Neg_ctrl_Sample_98,0.0116888665586895,1611,3.20736503746907,Sample_100_GSE140082
LP_SGL,Positive,Neg_ctrl_Sample_99,0.085679166739642,1611,3.20736503746907,Sample_100_GSE140082
LP_SGL,Positive,Neg_ctrl_Sample_100,-0.0626165674835557,1611,3.20736503746907,Sample_100_GSE140082
PIPET,Negative,Neg_ctrl_Sample_1,0.027054082953903,31,1.50514997831991,Sample_100_GSE140082
PIPET,Negative,Neg_ctrl_Sample_2,0.0151539383888238,31,1.50514997831991,Sample_100_GSE140082
PIPET,Negative,Neg_ctrl_Sample_3,0.00411156390809761,31,1.50514997831991,Sample_100_GSE140082
PIPET,Negative,Neg_ctrl_Sample_4,0.262314478496677,31,1.50514997831991,Sample_100_GSE140082
PIPET,Negative,Neg_ctrl_Sample_5,0.223038384933614,31,1.50514997831991,Sample_100_GSE140082
PIPET,Negative,Neg_ctrl_Sample_6,0.0158760612227434,31,1.50514997831991,Sample_100_GSE140082
PIPET,Negative,Neg_ctrl_Sample_7,-0.036591861675015,31,1.50514997831991,Sample_100_GSE140082
PIPET,Negative,Neg_ctrl_Sample_8,0.0443291889345854,31,1.50514997831991,Sample_100_GSE140082
PIPET,Negative,Neg_ctrl_Sample_9,-0.0147101293089782,31,1.50514997831991,Sample_100_GSE140082
PIPET,Negative,Neg_ctrl_Sample_10,0.0980527650616315,31,1.50514997831991,Sample_100_GSE140082
PIPET,Negative,Neg_ctrl_Sample_11,0.192044249522442,31,1.50514997831991,Sample_100_GSE140082
PIPET,Negative,Neg_ctrl_Sample_12,0.038648412336546,31,1.50514997831991,Sample_100_GSE140082
PIPET,Negative,Neg_ctrl_Sample_13,0.246683592975821,31,1.50514997831991,Sample_100_GSE140082
PIPET,Negative,Neg_ctrl_Sample_14,0.226252832171948,31,1.50514997831991,Sample_100_GSE140082
PIPET,Negative,Neg_ctrl_Sample_15,-0.00521073491138566,31,1.50514997831991,Sample_100_GSE140082
PIPET,Negative,Neg_ctrl_Sample_16,0.0867945390833098,31,1.50514997831991,Sample_100_GSE140082
PIPET,Negative,Neg_ctrl_Sample_17,0.0749428934303551,31,1.50514997831991,Sample_100_GSE140082
PIPET,Negative,Neg_ctrl_Sample_18,0.234672293718936,31,1.50514997831991,Sample_100_GSE140082
PIPET,Negative,Neg_ctrl_Sample_19,0.337201100979518,31,1.50514997831991,Sample_100_GSE140082
PIPET,Negative,Neg_ctrl_Sample_20,-0.0500008546424648,31,1.50514997831991,Sample_100_GSE140082
PIPET,Negative,Neg_ctrl_Sample_21,0.0942350352610247,31,1.50514997831991,Sample_100_GSE140082
PIPET,Negative,Neg_ctrl_Sample_22,0.141652043884203,31,1.50514997831991,Sample_100_GSE140082
PIPET,Negative,Neg_ctrl_Sample_23,0.0321694226901748,31,1.50514997831991,Sample_100_GSE140082
PIPET,Negative,Neg_ctrl_Sample_24,0.302106994610136,31,1.50514997831991,Sample_100_GSE140082
PIPET,Negative,Neg_ctrl_Sample_25,0.171532068969599,31,1.50514997831991,Sample_100_GSE140082
PIPET,Negative,Neg_ctrl_Sample_26,0.130219053212068,31,1.50514997831991,Sample_100_GSE140082
PIPET,Negative,Neg_ctrl_Sample_27,0.137525823550906,31,1.50514997831991,Sample_100_GSE140082
PIPET,Negative,Neg_ctrl_Sample_28,-0.0157890426625772,31,1.50514997831991,Sample_100_GSE140082
PIPET,Negative,Neg_ctrl_Sample_29,0.167999146108024,31,1.50514997831991,Sample_100_GSE140082
PIPET,Negative,Neg_ctrl_Sample_30,-0.0144091579580524,31,1.50514997831991,Sample_100_GSE140082
PIPET,Negative,Neg_ctrl_Sample_31,0.110846444219625,31,1.50514997831991,Sample_100_GSE140082
PIPET,Negative,Neg_ctrl_Sample_32,0.102188370196346,31,1.50514997831991,Sample_100_GSE140082
PIPET,Negative,Neg_ctrl_Sample_33,0.149442957553292,31,1.50514997831991,Sample_100_GSE140082
PIPET,Negative,Neg_ctrl_Sample_34,-0.0925657130425684,31,1.50514997831991,Sample_100_GSE140082
PIPET,Negative,Neg_ctrl_Sample_35,0.111066480003938,31,1.50514997831991,Sample_100_GSE140082
PIPET,Negative,Neg_ctrl_Sample_36,0.160585302129785,31,1.50514997831991,Sample_100_GSE140082
PIPET,Negative,Neg_ctrl_Sample_37,-0.0114037810963792,31,1.50514997831991,Sample_100_GSE140082
PIPET,Negative,Neg_ctrl_Sample_38,0.19906390842995,31,1.50514997831991,Sample_100_GSE140082
PIPET,Negative,Neg_ctrl_Sample_39,0.0761674189183929,31,1.50514997831991,Sample_100_GSE140082
PIPET,Negative,Neg_ctrl_Sample_40,0.17794362142121,31,1.50514997831991,Sample_100_GSE140082
PIPET,Negative,Neg_ctrl_Sample_41,0.025888317745805,31,1.50514997831991,Sample_100_GSE140082
PIPET,Negative,Neg_ctrl_Sample_42,0.0307661833133611,31,1.50514997831991,Sample_100_GSE140082
PIPET,Negative,Neg_ctrl_Sample_43,0.126550846012952,31,1.50514997831991,Sample_100_GSE140082
PIPET,Negative,Neg_ctrl_Sample_44,0.135166908179226,31,1.50514997831991,Sample_100_GSE140082
PIPET,Negative,Neg_ctrl_Sample_45,0.276196159620223,31,1.50514997831991,Sample_100_GSE140082
PIPET,Negative,Neg_ctrl_Sample_46,0.203759544026115,31,1.50514997831991,Sample_100_GSE140082
PIPET,Negative,Neg_ctrl_Sample_47,0.0541526580598336,31,1.50514997831991,Sample_100_GSE140082
PIPET,Negative,Neg_ctrl_Sample_48,0.115292637687117,31,1.50514997831991,Sample_100_GSE140082
PIPET,Negative,Neg_ctrl_Sample_49,0.0532796464062113,31,1.50514997831991,Sample_100_GSE140082
PIPET,Negative,Neg_ctrl_Sample_50,0.0982841785790507,31,1.50514997831991,Sample_100_GSE140082
PIPET,Negative,Neg_ctrl_Sample_51,0.004911358596235,31,1.50514997831991,Sample_100_GSE140082
PIPET,Negative,Neg_ctrl_Sample_52,0.2264223657224,31,1.50514997831991,Sample_100_GSE140082
PIPET,Negative,Neg_ctrl_Sample_53,0.130655451921861,31,1.50514997831991,Sample_100_GSE140082
PIPET,Negative,Neg_ctrl_Sample_54,0.120811293207718,31,1.50514997831991,Sample_100_GSE140082
PIPET,Negative,Neg_ctrl_Sample_55,-0.0234106424366211,31,1.50514997831991,Sample_100_GSE140082
PIPET,Negative,Neg_ctrl_Sample_56,0.189901392951669,31,1.50514997831991,Sample_100_GSE140082
PIPET,Negative,Neg_ctrl_Sample_57,0.134402803498307,31,1.50514997831991,Sample_100_GSE140082
PIPET,Negative,Neg_ctrl_Sample_58,0.136898084085116,31,1.50514997831991,Sample_100_GSE140082
PIPET,Negative,Neg_ctrl_Sample_59,0.226147632295315,31,1.50514997831991,Sample_100_GSE140082
PIPET,Negative,Neg_ctrl_Sample_60,0.0294122937174855,31,1.50514997831991,Sample_100_GSE140082
PIPET,Negative,Neg_ctrl_Sample_61,0.125510050210194,31,1.50514997831991,Sample_100_GSE140082
PIPET,Negative,Neg_ctrl_Sample_62,-0.016515906747948,31,1.50514997831991,Sample_100_GSE140082
PIPET,Negative,Neg_ctrl_Sample_63,0.0264124787132948,31,1.50514997831991,Sample_100_GSE140082
PIPET,Negative,Neg_ctrl_Sample_64,0.214248781205839,31,1.50514997831991,Sample_100_GSE140082
PIPET,Negative,Neg_ctrl_Sample_65,0.0165159109843368,31,1.50514997831991,Sample_100_GSE140082
PIPET,Negative,Neg_ctrl_Sample_66,0.187900279056486,31,1.50514997831991,Sample_100_GSE140082
PIPET,Negative,Neg_ctrl_Sample_67,0.144325073366424,31,1.50514997831991,Sample_100_GSE140082
PIPET,Negative,Neg_ctrl_Sample_68,0.0730723691287717,31,1.50514997831991,Sample_100_GSE140082
PIPET,Negative,Neg_ctrl_Sample_69,-0.105377052737884,31,1.50514997831991,Sample_100_GSE140082
PIPET,Negative,Neg_ctrl_Sample_70,0.0907670138698731,31,1.50514997831991,Sample_100_GSE140082
PIPET,Negative,Neg_ctrl_Sample_71,0.0577296252094162,31,1.50514997831991,Sample_100_GSE140082
PIPET,Negative,Neg_ctrl_Sample_72,0.113312668215369,31,1.50514997831991,Sample_100_GSE140082
PIPET,Negative,Neg_ctrl_Sample_73,0.00245164970935716,31,1.50514997831991,Sample_100_GSE140082
PIPET,Negative,Neg_ctrl_Sample_74,0.0115346773547614,31,1.50514997831991,Sample_100_GSE140082
PIPET,Negative,Neg_ctrl_Sample_75,0.14224568465456,31,1.50514997831991,Sample_100_GSE140082
PIPET,Negative,Neg_ctrl_Sample_76,0.116417486266274,31,1.50514997831991,Sample_100_GSE140082
PIPET,Negative,Neg_ctrl_Sample_77,0.0688510959078802,31,1.50514997831991,Sample_100_GSE140082
PIPET,Negative,Neg_ctrl_Sample_78,0.0083966177042208,31,1.50514997831991,Sample_100_GSE140082
PIPET,Negative,Neg_ctrl_Sample_79,0.0635651954092215,31,1.50514997831991,Sample_100_GSE140082
PIPET,Negative,Neg_ctrl_Sample_80,0.059263188915556,31,1.50514997831991,Sample_100_GSE140082
PIPET,Negative,Neg_ctrl_Sample_81,0.174228253238952,31,1.50514997831991,Sample_100_GSE140082
PIPET,Negative,Neg_ctrl_Sample_82,0.144676552845935,31,1.50514997831991,Sample_100_GSE140082
PIPET,Negative,Neg_ctrl_Sample_83,0.0753933601163927,31,1.50514997831991,Sample_100_GSE140082
PIPET,Negative,Neg_ctrl_Sample_84,0.0870418685266988,31,1.50514997831991,Sample_100_GSE140082
PIPET,Negative,Neg_ctrl_Sample_85,0.0213384377964871,31,1.50514997831991,Sample_100_GSE140082
PIPET,Negative,Neg_ctrl_Sample_86,-0.0216067847763053,31,1.50514997831991,Sample_100_GSE140082
PIPET,Negative,Neg_ctrl_Sample_87,0.098451847948413,31,1.50514997831991,Sample_100_GSE140082
PIPET,Negative,Neg_ctrl_Sample_88,0.129901856724192,31,1.50514997831991,Sample_100_GSE140082
PIPET,Negative,Neg_ctrl_Sample_89,0.21872450472955,31,1.50514997831991,Sample_100_GSE140082
PIPET,Negative,Neg_ctrl_Sample_90,0.0178173973338812,31,1.50514997831991,Sample_100_GSE140082
PIPET,Negative,Neg_ctrl_Sample_91,0.171404001887892,31,1.50514997831991,Sample_100_GSE140082
PIPET,Negative,Neg_ctrl_Sample_92,0.152948737793297,31,1.50514997831991,Sample_100_GSE140082
PIPET,Negative,Neg_ctrl_Sample_93,0.0604953646026625,31,1.50514997831991,Sample_100_GSE140082
PIPET,Negative,Neg_ctrl_Sample_94,0.00664034723717732,31,1.50514997831991,Sample_100_GSE140082
PIPET,Negative,Neg_ctrl_Sample_95,0.0827339685208655,31,1.50514997831991,Sample_100_GSE140082
PIPET,Negative,Neg_ctrl_Sample_96,-0.00362453404225726,31,1.50514997831991,Sample_100_GSE140082
PIPET,Negative,Neg_ctrl_Sample_97,-0.0215123986105643,31,1.50514997831991,Sample_100_GSE140082
PIPET,Negative,Neg_ctrl_Sample_98,0.0610664557570087,31,1.50514997831991,Sample_100_GSE140082
PIPET,Negative,Neg_ctrl_Sample_99,0.178298776958161,31,1.50514997831991,Sample_100_GSE140082
PIPET,Negative,Neg_ctrl_Sample_100,-0.0120082921767456,31,1.50514997831991,Sample_100_GSE140082
PIPET,Neutral,Neg_ctrl_Sample_1,-0.0321529441421063,9628,3.98358118670579,Sample_100_GSE140082
PIPET,Neutral,Neg_ctrl_Sample_2,-0.0193001741780743,9628,3.98358118670579,Sample_100_GSE140082
PIPET,Neutral,Neg_ctrl_Sample_3,-0.0112471220243194,9628,3.98358118670579,Sample_100_GSE140082
PIPET,Neutral,Neg_ctrl_Sample_4,0.134863700498111,9628,3.98358118670579,Sample_100_GSE140082
PIPET,Neutral,Neg_ctrl_Sample_5,0.151747006939048,9628,3.98358118670579,Sample_100_GSE140082
PIPET,Neutral,Neg_ctrl_Sample_6,-0.033381330380053,9628,3.98358118670579,Sample_100_GSE140082
PIPET,Neutral,Neg_ctrl_Sample_7,-0.0747534189683906,9628,3.98358118670579,Sample_100_GSE140082
PIPET,Neutral,Neg_ctrl_Sample_8,0.0421308202215309,9628,3.98358118670579,Sample_100_GSE140082
PIPET,Neutral,Neg_ctrl_Sample_9,0.00279472811504997,9628,3.98358118670579,Sample_100_GSE140082
PIPET,Neutral,Neg_ctrl_Sample_10,0.0666520630219874,9628,3.98358118670579,Sample_100_GSE140082
PIPET,Neutral,Neg_ctrl_Sample_11,0.153533957243582,9628,3.98358118670579,Sample_100_GSE140082
PIPET,Neutral,Neg_ctrl_Sample_12,-0.0774022568496382,9628,3.98358118670579,Sample_100_GSE140082
PIPET,Neutral,Neg_ctrl_Sample_13,0.128458104718803,9628,3.98358118670579,Sample_100_GSE140082
PIPET,Neutral,Neg_ctrl_Sample_14,0.152216143855621,9628,3.98358118670579,Sample_100_GSE140082
PIPET,Neutral,Neg_ctrl_Sample_15,-0.0537315902255838,9628,3.98358118670579,Sample_100_GSE140082
PIPET,Neutral,Neg_ctrl_Sample_16,0.0164065265548352,9628,3.98358118670579,Sample_100_GSE140082
PIPET,Neutral,Neg_ctrl_Sample_17,0.0708299628819336,9628,3.98358118670579,Sample_100_GSE140082
PIPET,Neutral,Neg_ctrl_Sample_18,0.237797108149629,9628,3.98358118670579,Sample_100_GSE140082
PIPET,Neutral,Neg_ctrl_Sample_19,0.291915376641621,9628,3.98358118670579,Sample_100_GSE140082
PIPET,Neutral,Neg_ctrl_Sample_20,-0.1037208356728,9628,3.98358118670579,Sample_100_GSE140082
PIPET,Neutral,Neg_ctrl_Sample_21,0.0505159116041483,9628,3.98358118670579,Sample_100_GSE140082
PIPET,Neutral,Neg_ctrl_Sample_22,0.162526220177973,9628,3.98358118670579,Sample_100_GSE140082
PIPET,Neutral,Neg_ctrl_Sample_23,-0.0344896180290358,9628,3.98358118670579,Sample_100_GSE140082
PIPET,Neutral,Neg_ctrl_Sample_24,0.241269447394593,9628,3.98358118670579,Sample_100_GSE140082
PIPET,Neutral,Neg_ctrl_Sample_25,0.110315858491191,9628,3.98358118670579,Sample_100_GSE140082
PIPET,Neutral,Neg_ctrl_Sample_26,0.0851291483823927,9628,3.98358118670579,Sample_100_GSE140082
PIPET,Neutral,Neg_ctrl_Sample_27,0.0906203913313016,9628,3.98358118670579,Sample_100_GSE140082
PIPET,Neutral,Neg_ctrl_Sample_28,0.00951104888381676,9628,3.98358118670579,Sample_100_GSE140082
PIPET,Neutral,Neg_ctrl_Sample_29,0.13974715258567,9628,3.98358118670579,Sample_100_GSE140082
PIPET,Neutral,Neg_ctrl_Sample_30,-0.0523181519196656,9628,3.98358118670579,Sample_100_GSE140082
PIPET,Neutral,Neg_ctrl_Sample_31,0.0629883214287189,9628,3.98358118670579,Sample_100_GSE140082
PIPET,Neutral,Neg_ctrl_Sample_32,0.12921990497286,9628,3.98358118670579,Sample_100_GSE140082
PIPET,Neutral,Neg_ctrl_Sample_33,0.124434382438288,9628,3.98358118670579,Sample_100_GSE140082
PIPET,Neutral,Neg_ctrl_Sample_34,-0.140293590232365,9628,3.98358118670579,Sample_100_GSE140082
PIPET,Neutral,Neg_ctrl_Sample_35,0.0754012526268252,9628,3.98358118670579,Sample_100_GSE140082
PIPET,Neutral,Neg_ctrl_Sample_36,0.103038978279863,9628,3.98358118670579,Sample_100_GSE140082
PIPET,Neutral,Neg_ctrl_Sample_37,0.0379514312656152,9628,3.98358118670579,Sample_100_GSE140082
PIPET,Neutral,Neg_ctrl_Sample_38,0.153069371716037,9628,3.98358118670579,Sample_100_GSE140082
PIPET,Neutral,Neg_ctrl_Sample_39,0.0883227089389542,9628,3.98358118670579,Sample_100_GSE140082
PIPET,Neutral,Neg_ctrl_Sample_40,0.127498220618128,9628,3.98358118670579,Sample_100_GSE140082
PIPET,Neutral,Neg_ctrl_Sample_41,-0.0348651223325,9628,3.98358118670579,Sample_100_GSE140082
PIPET,Neutral,Neg_ctrl_Sample_42,-0.0398377712490756,9628,3.98358118670579,Sample_100_GSE140082
PIPET,Neutral,Neg_ctrl_Sample_43,0.0921035234715561,9628,3.98358118670579,Sample_100_GSE140082
PIPET,Neutral,Neg_ctrl_Sample_44,0.150192447580454,9628,3.98358118670579,Sample_100_GSE140082
PIPET,Neutral,Neg_ctrl_Sample_45,0.228302540510319,9628,3.98358118670579,Sample_100_GSE140082
PIPET,Neutral,Neg_ctrl_Sample_46,0.172814604326567,9628,3.98358118670579,Sample_100_GSE140082
PIPET,Neutral,Neg_ctrl_Sample_47,0.0482463576197258,9628,3.98358118670579,Sample_100_GSE140082
PIPET,Neutral,Neg_ctrl_Sample_48,0.119936038399113,9628,3.98358118670579,Sample_100_GSE140082
PIPET,Neutral,Neg_ctrl_Sample_49,-0.0227512664347643,9628,3.98358118670579,Sample_100_GSE140082
PIPET,Neutral,Neg_ctrl_Sample_50,0.0669080744372989,9628,3.98358118670579,Sample_100_GSE140082
PIPET,Neutral,Neg_ctrl_Sample_51,-0.0192709017131553,9628,3.98358118670579,Sample_100_GSE140082
PIPET,Neutral,Neg_ctrl_Sample_52,0.155695202328433,9628,3.98358118670579,Sample_100_GSE140082
PIPET,Neutral,Neg_ctrl_Sample_53,0.0680780810424878,9628,3.98358118670579,Sample_100_GSE140082
PIPET,Neutral,Neg_ctrl_Sample_54,0.11931852609023,9628,3.98358118670579,Sample_100_GSE140082
PIPET,Neutral,Neg_ctrl_Sample_55,0.00606712141082392,9628,3.98358118670579,Sample_100_GSE140082
PIPET,Neutral,Neg_ctrl_Sample_56,0.143763535867747,9628,3.98358118670579,Sample_100_GSE140082
PIPET,Neutral,Neg_ctrl_Sample_57,0.133509450233075,9628,3.98358118670579,Sample_100_GSE140082
PIPET,Neutral,Neg_ctrl_Sample_58,0.0556082348686821,9628,3.98358118670579,Sample_100_GSE140082
PIPET,Neutral,Neg_ctrl_Sample_59,0.173835963832106,9628,3.98358118670579,Sample_100_GSE140082
PIPET,Neutral,Neg_ctrl_Sample_60,0.0219338400582055,9628,3.98358118670579,Sample_100_GSE140082
PIPET,Neutral,Neg_ctrl_Sample_61,0.078870216089958,9628,3.98358118670579,Sample_100_GSE140082
PIPET,Neutral,Neg_ctrl_Sample_62,-0.0356409746565749,9628,3.98358118670579,Sample_100_GSE140082
PIPET,Neutral,Neg_ctrl_Sample_63,0.00882614939392006,9628,3.98358118670579,Sample_100_GSE140082
PIPET,Neutral,Neg_ctrl_Sample_64,0.184103482752958,9628,3.98358118670579,Sample_100_GSE140082
PIPET,Neutral,Neg_ctrl_Sample_65,-0.0410370170203284,9628,3.98358118670579,Sample_100_GSE140082
PIPET,Neutral,Neg_ctrl_Sample_66,0.139627473383935,9628,3.98358118670579,Sample_100_GSE140082
PIPET,Neutral,Neg_ctrl_Sample_67,0.134287756759474,9628,3.98358118670579,Sample_100_GSE140082
PIPET,Neutral,Neg_ctrl_Sample_68,0.106958071094996,9628,3.98358118670579,Sample_100_GSE140082
PIPET,Neutral,Neg_ctrl_Sample_69,-0.115553791172999,9628,3.98358118670579,Sample_100_GSE140082
PIPET,Neutral,Neg_ctrl_Sample_70,0.0135922010296733,9628,3.98358118670579,Sample_100_GSE140082
PIPET,Neutral,Neg_ctrl_Sample_71,0.0276860505056387,9628,3.98358118670579,Sample_100_GSE140082
PIPET,Neutral,Neg_ctrl_Sample_72,0.0303970573916558,9628,3.98358118670579,Sample_100_GSE140082
PIPET,Neutral,Neg_ctrl_Sample_73,-0.0583343212914479,9628,3.98358118670579,Sample_100_GSE140082
PIPET,Neutral,Neg_ctrl_Sample_74,0.00280303096048087,9628,3.98358118670579,Sample_100_GSE140082
PIPET,Neutral,Neg_ctrl_Sample_75,0.0400081212986664,9628,3.98358118670579,Sample_100_GSE140082
PIPET,Neutral,Neg_ctrl_Sample_76,0.105708476953872,9628,3.98358118670579,Sample_100_GSE140082
PIPET,Neutral,Neg_ctrl_Sample_77,0.0662117208858806,9628,3.98358118670579,Sample_100_GSE140082
PIPET,Neutral,Neg_ctrl_Sample_78,-0.00330705949029289,9628,3.98358118670579,Sample_100_GSE140082
PIPET,Neutral,Neg_ctrl_Sample_79,0.0143264706231922,9628,3.98358118670579,Sample_100_GSE140082
PIPET,Neutral,Neg_ctrl_Sample_80,0.0103905603961133,9628,3.98358118670579,Sample_100_GSE140082
PIPET,Neutral,Neg_ctrl_Sample_81,0.119971857957162,9628,3.98358118670579,Sample_100_GSE140082
PIPET,Neutral,Neg_ctrl_Sample_82,0.0492829000243217,9628,3.98358118670579,Sample_100_GSE140082
PIPET,Neutral,Neg_ctrl_Sample_83,0.0351274060661722,9628,3.98358118670579,Sample_100_GSE140082
PIPET,Neutral,Neg_ctrl_Sample_84,0.0817528497629454,9628,3.98358118670579,Sample_100_GSE140082
PIPET,Neutral,Neg_ctrl_Sample_85,0.000250926408008543,9628,3.98358118670579,Sample_100_GSE140082
PIPET,Neutral,Neg_ctrl_Sample_86,-0.0946906577340086,9628,3.98358118670579,Sample_100_GSE140082
PIPET,Neutral,Neg_ctrl_Sample_87,0.0478939358339317,9628,3.98358118670579,Sample_100_GSE140082
PIPET,Neutral,Neg_ctrl_Sample_88,0.0775848041890593,9628,3.98358118670579,Sample_100_GSE140082
PIPET,Neutral,Neg_ctrl_Sample_89,0.172634004412377,9628,3.98358118670579,Sample_100_GSE140082
PIPET,Neutral,Neg_ctrl_Sample_90,-0.0312428017067855,9628,3.98358118670579,Sample_100_GSE140082
PIPET,Neutral,Neg_ctrl_Sample_91,0.153929470700714,9628,3.98358118670579,Sample_100_GSE140082
PIPET,Neutral,Neg_ctrl_Sample_92,0.0651042860331322,9628,3.98358118670579,Sample_100_GSE140082
PIPET,Neutral,Neg_ctrl_Sample_93,-0.033054224386727,9628,3.98358118670579,Sample_100_GSE140082
PIPET,Neutral,Neg_ctrl_Sample_94,-0.0124880248548566,9628,3.98358118670579,Sample_100_GSE140082
PIPET,Neutral,Neg_ctrl_Sample_95,0.0275532161637387,9628,3.98358118670579,Sample_100_GSE140082
PIPET,Neutral,Neg_ctrl_Sample_96,-0.05524898983231,9628,3.98358118670579,Sample_100_GSE140082
PIPET,Neutral,Neg_ctrl_Sample_97,-0.0440517355804049,9628,3.98358118670579,Sample_100_GSE140082
PIPET,Neutral,Neg_ctrl_Sample_98,0.0301816348067955,9628,3.98358118670579,Sample_100_GSE140082
PIPET,Neutral,Neg_ctrl_Sample_99,0.109227890815466,9628,3.98358118670579,Sample_100_GSE140082
PIPET,Neutral,Neg_ctrl_Sample_100,-0.0481697469114631,9628,3.98358118670579,Sample_100_GSE140082
PIPET,Positive,Neg_ctrl_Sample_1,-0.0456747360862986,41206,4.61497099766287,Sample_100_GSE140082
PIPET,Positive,Neg_ctrl_Sample_2,-0.0577330076100854,41206,4.61497099766287,Sample_100_GSE140082
PIPET,Positive,Neg_ctrl_Sample_3,-0.046656719161704,41206,4.61497099766287,Sample_100_GSE140082
PIPET,Positive,Neg_ctrl_Sample_4,-0.0426364333528293,41206,4.61497099766287,Sample_100_GSE140082
PIPET,Positive,Neg_ctrl_Sample_5,0.0226253506690618,41206,4.61497099766287,Sample_100_GSE140082
PIPET,Positive,Neg_ctrl_Sample_6,-0.0861257583836205,41206,4.61497099766287,Sample_100_GSE140082
PIPET,Positive,Neg_ctrl_Sample_7,-0.117805489685173,41206,4.61497099766287,Sample_100_GSE140082
PIPET,Positive,Neg_ctrl_Sample_8,0.0369209259623672,41206,4.61497099766287,Sample_100_GSE140082
PIPET,Positive,Neg_ctrl_Sample_9,0.0158410308657899,41206,4.61497099766287,Sample_100_GSE140082
PIPET,Positive,Neg_ctrl_Sample_10,0.0457372084172906,41206,4.61497099766287,Sample_100_GSE140082
PIPET,Positive,Neg_ctrl_Sample_11,0.131434299445638,41206,4.61497099766287,Sample_100_GSE140082
PIPET,Positive,Neg_ctrl_Sample_12,-0.128327602994253,41206,4.61497099766287,Sample_100_GSE140082
PIPET,Positive,Neg_ctrl_Sample_13,0.0082733773012146,41206,4.61497099766287,Sample_100_GSE140082
PIPET,Positive,Neg_ctrl_Sample_14,0.0601408552915375,41206,4.61497099766287,Sample_100_GSE140082
PIPET,Positive,Neg_ctrl_Sample_15,-0.0713174809894441,41206,4.61497099766287,Sample_100_GSE140082
PIPET,Positive,Neg_ctrl_Sample_16,-0.0152130738387481,41206,4.61497099766287,Sample_100_GSE140082
PIPET,Positive,Neg_ctrl_Sample_17,0.0850299447138979,41206,4.61497099766287,Sample_100_GSE140082
PIPET,Positive,Neg_ctrl_Sample_18,0.202210445566195,41206,4.61497099766287,Sample_100_GSE140082
PIPET,Positive,Neg_ctrl_Sample_19,0.247051258784511,41206,4.61497099766287,Sample_100_GSE140082
PIPET,Positive,Neg_ctrl_Sample_20,-0.140856292218636,41206,4.61497099766287,Sample_100_GSE140082
PIPET,Positive,Neg_ctrl_Sample_21,0.00665985938291525,41206,4.61497099766287,Sample_100_GSE140082
PIPET,Positive,Neg_ctrl_Sample_22,0.166155143855775,41206,4.61497099766287,Sample_100_GSE140082
PIPET,Positive,Neg_ctrl_Sample_23,-0.0594629937279745,41206,4.61497099766287,Sample_100_GSE140082
PIPET,Positive,Neg_ctrl_Sample_24,0.160319048341836,41206,4.61497099766287,Sample_100_GSE140082
PIPET,Positive,Neg_ctrl_Sample_25,0.0466953851471473,41206,4.61497099766287,Sample_100_GSE140082
PIPET,Positive,Neg_ctrl_Sample_26,0.0510966286621075,41206,4.61497099766287,Sample_100_GSE140082
PIPET,Positive,Neg_ctrl_Sample_27,0.0211666307061363,41206,4.61497099766287,Sample_100_GSE140082
PIPET,Positive,Neg_ctrl_Sample_28,0.0356237715984043,41206,4.61497099766287,Sample_100_GSE140082
PIPET,Positive,Neg_ctrl_Sample_29,0.125771861089562,41206,4.61497099766287,Sample_100_GSE140082
PIPET,Positive,Neg_ctrl_Sample_30,-0.0508831883481108,41206,4.61497099766287,Sample_100_GSE140082
PIPET,Positive,Neg_ctrl_Sample_31,0.0293389361254034,41206,4.61497099766287,Sample_100_GSE140082
PIPET,Positive,Neg_ctrl_Sample_32,0.159855864985532,41206,4.61497099766287,Sample_100_GSE140082
PIPET,Positive,Neg_ctrl_Sample_33,0.0900120515521775,41206,4.61497099766287,Sample_100_GSE140082
PIPET,Positive,Neg_ctrl_Sample_34,-0.234798723879065,41206,4.61497099766287,Sample_100_GSE140082
PIPET,Positive,Neg_ctrl_Sample_35,0.0180435192789658,41206,4.61497099766287,Sample_100_GSE140082
PIPET,Positive,Neg_ctrl_Sample_36,0.0356507423771078,41206,4.61497099766287,Sample_100_GSE140082
PIPET,Positive,Neg_ctrl_Sample_37,0.090749919250681,41206,4.61497099766287,Sample_100_GSE140082
PIPET,Positive,Neg_ctrl_Sample_38,0.0892639817515543,41206,4.61497099766287,Sample_100_GSE140082
PIPET,Positive,Neg_ctrl_Sample_39,0.0607208463946185,41206,4.61497099766287,Sample_100_GSE140082
PIPET,Positive,Neg_ctrl_Sample_40,0.0763122613678163,41206,4.61497099766287,Sample_100_GSE140082
PIPET,Positive,Neg_ctrl_Sample_41,-0.0830423282082703,41206,4.61497099766287,Sample_100_GSE140082
PIPET,Positive,Neg_ctrl_Sample_42,-0.0924218818145397,41206,4.61497099766287,Sample_100_GSE140082
PIPET,Positive,Neg_ctrl_Sample_43,0.0818668973262362,41206,4.61497099766287,Sample_100_GSE140082
PIPET,Positive,Neg_ctrl_Sample_44,0.192651997349406,41206,4.61497099766287,Sample_100_GSE140082
PIPET,Positive,Neg_ctrl_Sample_45,0.191756757426966,41206,4.61497099766287,Sample_100_GSE140082
PIPET,Positive,Neg_ctrl_Sample_46,0.181304712549711,41206,4.61497099766287,Sample_100_GSE140082
PIPET,Positive,Neg_ctrl_Sample_47,0.0381927638995418,41206,4.61497099766287,Sample_100_GSE140082
PIPET,Positive,Neg_ctrl_Sample_48,0.126058522497164,41206,4.61497099766287,Sample_100_GSE140082
PIPET,Positive,Neg_ctrl_Sample_49,-0.141136737815847,41206,4.61497099766287,Sample_100_GSE140082
PIPET,Positive,Neg_ctrl_Sample_50,0.0396219387577097,41206,4.61497099766287,Sample_100_GSE140082
PIPET,Positive,Neg_ctrl_Sample_51,-0.0314378187283986,41206,4.61497099766287,Sample_100_GSE140082
PIPET,Positive,Neg_ctrl_Sample_52,0.101798379280898,41206,4.61497099766287,Sample_100_GSE140082
PIPET,Positive,Neg_ctrl_Sample_53,-0.0251983326650632,41206,4.61497099766287,Sample_100_GSE140082
PIPET,Positive,Neg_ctrl_Sample_54,0.0742712019904046,41206,4.61497099766287,Sample_100_GSE140082
PIPET,Positive,Neg_ctrl_Sample_55,0.000844344358808774,41206,4.61497099766287,Sample_100_GSE140082
PIPET,Positive,Neg_ctrl_Sample_56,0.0738340493556516,41206,4.61497099766287,Sample_100_GSE140082
PIPET,Positive,Neg_ctrl_Sample_57,0.158128007466284,41206,4.61497099766287,Sample_100_GSE140082
PIPET,Positive,Neg_ctrl_Sample_58,0.014274529986081,41206,4.61497099766287,Sample_100_GSE140082
PIPET,Positive,Neg_ctrl_Sample_59,0.106443704985306,41206,4.61497099766287,Sample_100_GSE140082
PIPET,Positive,Neg_ctrl_Sample_60,0.0264184055209801,41206,4.61497099766287,Sample_100_GSE140082
PIPET,Positive,Neg_ctrl_Sample_61,0.0155228455077107,41206,4.61497099766287,Sample_100_GSE140082
PIPET,Positive,Neg_ctrl_Sample_62,-0.0850815226846429,41206,4.61497099766287,Sample_100_GSE140082
PIPET,Positive,Neg_ctrl_Sample_63,-0.019296190412731,41206,4.61497099766287,Sample_100_GSE140082
PIPET,Positive,Neg_ctrl_Sample_64,0.120845643742807,41206,4.61497099766287,Sample_100_GSE140082
PIPET,Positive,Neg_ctrl_Sample_65,-0.0910927035250114,41206,4.61497099766287,Sample_100_GSE140082
PIPET,Positive,Neg_ctrl_Sample_66,0.0819084410326298,41206,4.61497099766287,Sample_100_GSE140082
PIPET,Positive,Neg_ctrl_Sample_67,0.105110847744149,41206,4.61497099766287,Sample_100_GSE140082
PIPET,Positive,Neg_ctrl_Sample_68,0.121934945359197,41206,4.61497099766287,Sample_100_GSE140082
PIPET,Positive,Neg_ctrl_Sample_69,-0.101765433622931,41206,4.61497099766287,Sample_100_GSE140082
PIPET,Positive,Neg_ctrl_Sample_70,-0.0423750143489339,41206,4.61497099766287,Sample_100_GSE140082
PIPET,Positive,Neg_ctrl_Sample_71,-0.00106393706437672,41206,4.61497099766287,Sample_100_GSE140082
PIPET,Positive,Neg_ctrl_Sample_72,-0.0286547313979921,41206,4.61497099766287,Sample_100_GSE140082
PIPET,Positive,Neg_ctrl_Sample_73,-0.0974706139839892,41206,4.61497099766287,Sample_100_GSE140082
PIPET,Positive,Neg_ctrl_Sample_74,0.0200189257693788,41206,4.61497099766287,Sample_100_GSE140082
PIPET,Positive,Neg_ctrl_Sample_75,-0.0665110290141262,41206,4.61497099766287,Sample_100_GSE140082
PIPET,Positive,Neg_ctrl_Sample_76,0.0912659289879885,41206,4.61497099766287,Sample_100_GSE140082
PIPET,Positive,Neg_ctrl_Sample_77,0.0604797135074483,41206,4.61497099766287,Sample_100_GSE140082
PIPET,Positive,Neg_ctrl_Sample_78,-0.0137255577135686,41206,4.61497099766287,Sample_100_GSE140082
PIPET,Positive,Neg_ctrl_Sample_79,-0.019930453475311,41206,4.61497099766287,Sample_100_GSE140082
PIPET,Positive,Neg_ctrl_Sample_80,-0.0220620683013372,41206,4.61497099766287,Sample_100_GSE140082
PIPET,Positive,Neg_ctrl_Sample_81,0.0243027748303924,41206,4.61497099766287,Sample_100_GSE140082
PIPET,Positive,Neg_ctrl_Sample_82,-0.0460399452371334,41206,4.61497099766287,Sample_100_GSE140082
PIPET,Positive,Neg_ctrl_Sample_83,0.00703680653520216,41206,4.61497099766287,Sample_100_GSE140082
PIPET,Positive,Neg_ctrl_Sample_84,0.0971302843588741,41206,4.61497099766287,Sample_100_GSE140082
PIPET,Positive,Neg_ctrl_Sample_85,-0.0102307028030383,41206,4.61497099766287,Sample_100_GSE140082
PIPET,Positive,Neg_ctrl_Sample_86,-0.146135646320291,41206,4.61497099766287,Sample_100_GSE140082
PIPET,Positive,Neg_ctrl_Sample_87,0.0168150361796699,41206,4.61497099766287,Sample_100_GSE140082
PIPET,Positive,Neg_ctrl_Sample_88,0.00400282339110536,41206,4.61497099766287,Sample_100_GSE140082
PIPET,Positive,Neg_ctrl_Sample_89,0.15262083781822,41206,4.61497099766287,Sample_100_GSE140082
PIPET,Positive,Neg_ctrl_Sample_90,-0.0918725457333514,41206,4.61497099766287,Sample_100_GSE140082
PIPET,Positive,Neg_ctrl_Sample_91,0.111633049005077,41206,4.61497099766287,Sample_100_GSE140082
PIPET,Positive,Neg_ctrl_Sample_92,-0.00537540329320864,41206,4.61497099766287,Sample_100_GSE140082
PIPET,Positive,Neg_ctrl_Sample_93,-0.112163876061217,41206,4.61497099766287,Sample_100_GSE140082
PIPET,Positive,Neg_ctrl_Sample_94,-0.028643051444449,41206,4.61497099766287,Sample_100_GSE140082
PIPET,Positive,Neg_ctrl_Sample_95,0.0226677904352543,41206,4.61497099766287,Sample_100_GSE140082
PIPET,Positive,Neg_ctrl_Sample_96,-0.117212207022364,41206,4.61497099766287,Sample_100_GSE140082
PIPET,Positive,Neg_ctrl_Sample_97,-0.0424776724665704,41206,4.61497099766287,Sample_100_GSE140082
PIPET,Positive,Neg_ctrl_Sample_98,0.0219098810319946,41206,4.61497099766287,Sample_100_GSE140082
PIPET,Positive,Neg_ctrl_Sample_99,0.0283355852288799,41206,4.61497099766287,Sample_100_GSE140082
PIPET,Positive,Neg_ctrl_Sample_100,-0.0828206837446364,41206,4.61497099766287,Sample_100_GSE140082
