meta_column,label_value,score_group,mean_score,count,log_count,sample
scissor,Negative,Neg_ctrl_Sample_1,-0.0465216227263804,25304,4.40320634164481,Sample_100_GSE9891
scissor,Negative,Neg_ctrl_Sample_2,-0.0490809448887641,25304,4.40320634164481,Sample_100_GSE9891
scissor,Negative,Neg_ctrl_Sample_3,-0.0381475062180759,25304,4.40320634164481,Sample_100_GSE9891
scissor,Negative,Neg_ctrl_Sample_4,-0.0102497375351528,25304,4.40320634164481,Sample_100_GSE9891
scissor,Negative,Neg_ctrl_Sample_5,0.0445462880341021,25304,4.40320634164481,Sample_100_GSE9891
scissor,Negative,Neg_ctrl_Sample_6,-0.0749559815570819,25304,4.40320634164481,Sample_100_GSE9891
scissor,Negative,Neg_ctrl_Sample_7,-0.1067125182162,25304,4.40320634164481,Sample_100_GSE9891
scissor,Negative,Neg_ctrl_Sample_8,0.0381864750808681,25304,4.40320634164481,Sample_100_GSE9891
scissor,Negative,Neg_ctrl_Sample_9,0.0121807623073289,25304,4.40320634164481,Sample_100_GSE9891
scissor,Negative,Neg_ctrl_Sample_10,0.0519522421399398,25304,4.40320634164481,Sample_100_GSE9891
scissor,Negative,Neg_ctrl_Sample_11,0.132959323644567,25304,4.40320634164481,Sample_100_GSE9891
scissor,Negative,Neg_ctrl_Sample_12,-0.11722725977427,25304,4.40320634164481,Sample_100_GSE9891
scissor,Negative,Neg_ctrl_Sample_13,0.0338981860735112,25304,4.40320634164481,Sample_100_GSE9891
scissor,Negative,Neg_ctrl_Sample_14,0.0724490834472032,25304,4.40320634164481,Sample_100_GSE9891
scissor,Negative,Neg_ctrl_Sample_15,-0.0686642991221636,25304,4.40320634164481,Sample_100_GSE9891
scissor,Negative,Neg_ctrl_Sample_16,-0.00756923434278019,25304,4.40320634164481,Sample_100_GSE9891
scissor,Negative,Neg_ctrl_Sample_17,0.0814027094825524,25304,4.40320634164481,Sample_100_GSE9891
scissor,Negative,Neg_ctrl_Sample_18,0.208435769649421,25304,4.40320634164481,Sample_100_GSE9891
scissor,Negative,Neg_ctrl_Sample_19,0.259534396437545,25304,4.40320634164481,Sample_100_GSE9891
scissor,Negative,Neg_ctrl_Sample_20,-0.13393479174911,25304,4.40320634164481,Sample_100_GSE9891
scissor,Negative,Neg_ctrl_Sample_21,0.0139005338218724,25304,4.40320634164481,Sample_100_GSE9891
scissor,Negative,Neg_ctrl_Sample_22,0.164490733634451,25304,4.40320634164481,Sample_100_GSE9891
scissor,Negative,Neg_ctrl_Sample_23,-0.0552936586088442,25304,4.40320634164481,Sample_100_GSE9891
scissor,Negative,Neg_ctrl_Sample_24,0.171283511984048,25304,4.40320634164481,Sample_100_GSE9891
scissor,Negative,Neg_ctrl_Sample_25,0.061265587469767,25304,4.40320634164481,Sample_100_GSE9891
scissor,Negative,Neg_ctrl_Sample_26,0.0545588000347243,25304,4.40320634164481,Sample_100_GSE9891
scissor,Negative,Neg_ctrl_Sample_27,0.0316262665568061,25304,4.40320634164481,Sample_100_GSE9891
scissor,Negative,Neg_ctrl_Sample_28,0.0312339310259016,25304,4.40320634164481,Sample_100_GSE9891
scissor,Negative,Neg_ctrl_Sample_29,0.125666355204228,25304,4.40320634164481,Sample_100_GSE9891
scissor,Negative,Neg_ctrl_Sample_30,-0.0518345481647449,25304,4.40320634164481,Sample_100_GSE9891
scissor,Negative,Neg_ctrl_Sample_31,0.0365857513113608,25304,4.40320634164481,Sample_100_GSE9891
scissor,Negative,Neg_ctrl_Sample_32,0.155719930022943,25304,4.40320634164481,Sample_100_GSE9891
scissor,Negative,Neg_ctrl_Sample_33,0.0972345057093892,25304,4.40320634164481,Sample_100_GSE9891
scissor,Negative,Neg_ctrl_Sample_34,-0.219283823912476,25304,4.40320634164481,Sample_100_GSE9891
scissor,Negative,Neg_ctrl_Sample_35,0.028125596022524,25304,4.40320634164481,Sample_100_GSE9891
scissor,Negative,Neg_ctrl_Sample_36,0.0517498375131254,25304,4.40320634164481,Sample_100_GSE9891
scissor,Negative,Neg_ctrl_Sample_37,0.0786731737939498,25304,4.40320634164481,Sample_100_GSE9891
scissor,Negative,Neg_ctrl_Sample_38,0.10502208950657,25304,4.40320634164481,Sample_100_GSE9891
scissor,Negative,Neg_ctrl_Sample_39,0.0714596372227946,25304,4.40320634164481,Sample_100_GSE9891
scissor,Negative,Neg_ctrl_Sample_40,0.0866621536997559,25304,4.40320634164481,Sample_100_GSE9891
scissor,Negative,Neg_ctrl_Sample_41,-0.0745868101792578,25304,4.40320634164481,Sample_100_GSE9891
scissor,Negative,Neg_ctrl_Sample_42,-0.0790994883032408,25304,4.40320634164481,Sample_100_GSE9891
scissor,Negative,Neg_ctrl_Sample_43,0.087827212709392,25304,4.40320634164481,Sample_100_GSE9891
scissor,Negative,Neg_ctrl_Sample_44,0.188392647117395,25304,4.40320634164481,Sample_100_GSE9891
scissor,Negative,Neg_ctrl_Sample_45,0.197222551377173,25304,4.40320634164481,Sample_100_GSE9891
scissor,Negative,Neg_ctrl_Sample_46,0.180962869226631,25304,4.40320634164481,Sample_100_GSE9891
scissor,Negative,Neg_ctrl_Sample_47,0.0471664395107616,25304,4.40320634164481,Sample_100_GSE9891
scissor,Negative,Neg_ctrl_Sample_48,0.123008895329941,25304,4.40320634164481,Sample_100_GSE9891
scissor,Negative,Neg_ctrl_Sample_49,-0.11553465313253,25304,4.40320634164481,Sample_100_GSE9891
scissor,Negative,Neg_ctrl_Sample_50,0.0444454204016051,25304,4.40320634164481,Sample_100_GSE9891
scissor,Negative,Neg_ctrl_Sample_51,-0.0318995467608879,25304,4.40320634164481,Sample_100_GSE9891
scissor,Negative,Neg_ctrl_Sample_52,0.111841361926822,25304,4.40320634164481,Sample_100_GSE9891
scissor,Negative,Neg_ctrl_Sample_53,-0.0132652763230656,25304,4.40320634164481,Sample_100_GSE9891
scissor,Negative,Neg_ctrl_Sample_54,0.0800813382632172,25304,4.40320634164481,Sample_100_GSE9891
scissor,Negative,Neg_ctrl_Sample_55,-0.00106468835721702,25304,4.40320634164481,Sample_100_GSE9891
scissor,Negative,Neg_ctrl_Sample_56,0.0861298668952273,25304,4.40320634164481,Sample_100_GSE9891
scissor,Negative,Neg_ctrl_Sample_57,0.150446282028807,25304,4.40320634164481,Sample_100_GSE9891
scissor,Negative,Neg_ctrl_Sample_58,0.0228165306213472,25304,4.40320634164481,Sample_100_GSE9891
scissor,Negative,Neg_ctrl_Sample_59,0.115766004970513,25304,4.40320634164481,Sample_100_GSE9891
scissor,Negative,Neg_ctrl_Sample_60,0.0277875417117085,25304,4.40320634164481,Sample_100_GSE9891
scissor,Negative,Neg_ctrl_Sample_61,0.0304239375886182,25304,4.40320634164481,Sample_100_GSE9891
scissor,Negative,Neg_ctrl_Sample_62,-0.0763546717008693,25304,4.40320634164481,Sample_100_GSE9891
scissor,Negative,Neg_ctrl_Sample_63,-0.0109721879153969,25304,4.40320634164481,Sample_100_GSE9891
scissor,Negative,Neg_ctrl_Sample_64,0.130291505184728,25304,4.40320634164481,Sample_100_GSE9891
scissor,Negative,Neg_ctrl_Sample_65,-0.0815476595784639,25304,4.40320634164481,Sample_100_GSE9891
scissor,Negative,Neg_ctrl_Sample_66,0.0920309838666168,25304,4.40320634164481,Sample_100_GSE9891
scissor,Negative,Neg_ctrl_Sample_67,0.110651313254428,25304,4.40320634164481,Sample_100_GSE9891
scissor,Negative,Neg_ctrl_Sample_68,0.11986319566807,25304,4.40320634164481,Sample_100_GSE9891
scissor,Negative,Neg_ctrl_Sample_69,-0.100044786184898,25304,4.40320634164481,Sample_100_GSE9891
scissor,Negative,Neg_ctrl_Sample_70,-0.0327547000244078,25304,4.40320634164481,Sample_100_GSE9891
scissor,Negative,Neg_ctrl_Sample_71,0.00842113321653364,25304,4.40320634164481,Sample_100_GSE9891
scissor,Negative,Neg_ctrl_Sample_72,-0.014925155655758,25304,4.40320634164481,Sample_100_GSE9891
scissor,Negative,Neg_ctrl_Sample_73,-0.090737504391663,25304,4.40320634164481,Sample_100_GSE9891
scissor,Negative,Neg_ctrl_Sample_74,0.0190943143728686,25304,4.40320634164481,Sample_100_GSE9891
scissor,Negative,Neg_ctrl_Sample_75,-0.0492814455590664,25304,4.40320634164481,Sample_100_GSE9891
scissor,Negative,Neg_ctrl_Sample_76,0.0929295743824095,25304,4.40320634164481,Sample_100_GSE9891
scissor,Negative,Neg_ctrl_Sample_77,0.0648113557657741,25304,4.40320634164481,Sample_100_GSE9891
scissor,Negative,Neg_ctrl_Sample_78,-0.00993273479091163,25304,4.40320634164481,Sample_100_GSE9891
scissor,Negative,Neg_ctrl_Sample_79,-0.0138296624325258,25304,4.40320634164481,Sample_100_GSE9891
scissor,Negative,Neg_ctrl_Sample_80,-0.018711052631106,25304,4.40320634164481,Sample_100_GSE9891
scissor,Negative,Neg_ctrl_Sample_81,0.0464571492773726,25304,4.40320634164481,Sample_100_GSE9891
scissor,Negative,Neg_ctrl_Sample_82,-0.0314502764925704,25304,4.40320634164481,Sample_100_GSE9891
scissor,Negative,Neg_ctrl_Sample_83,0.014555249009505,25304,4.40320634164481,Sample_100_GSE9891
scissor,Negative,Neg_ctrl_Sample_84,0.0988743517343246,25304,4.40320634164481,Sample_100_GSE9891
scissor,Negative,Neg_ctrl_Sample_85,-0.00816074036261195,25304,4.40320634164481,Sample_100_GSE9891
scissor,Negative,Neg_ctrl_Sample_86,-0.137335258837156,25304,4.40320634164481,Sample_100_GSE9891
scissor,Negative,Neg_ctrl_Sample_87,0.0230603435761335,25304,4.40320634164481,Sample_100_GSE9891
scissor,Negative,Neg_ctrl_Sample_88,0.0162975356978888,25304,4.40320634164481,Sample_100_GSE9891
scissor,Negative,Neg_ctrl_Sample_89,0.154344958052522,25304,4.40320634164481,Sample_100_GSE9891
scissor,Negative,Neg_ctrl_Sample_90,-0.081858879472255,25304,4.40320634164481,Sample_100_GSE9891
scissor,Negative,Neg_ctrl_Sample_91,0.119792897349115,25304,4.40320634164481,Sample_100_GSE9891
scissor,Negative,Neg_ctrl_Sample_92,0.00687860333605773,25304,4.40320634164481,Sample_100_GSE9891
scissor,Negative,Neg_ctrl_Sample_93,-0.0959181035237227,25304,4.40320634164481,Sample_100_GSE9891
scissor,Negative,Neg_ctrl_Sample_94,-0.0312745677761697,25304,4.40320634164481,Sample_100_GSE9891
scissor,Negative,Neg_ctrl_Sample_95,0.0250646418922198,25304,4.40320634164481,Sample_100_GSE9891
scissor,Negative,Neg_ctrl_Sample_96,-0.103418033356258,25304,4.40320634164481,Sample_100_GSE9891
scissor,Negative,Neg_ctrl_Sample_97,-0.0418297343820765,25304,4.40320634164481,Sample_100_GSE9891
scissor,Negative,Neg_ctrl_Sample_98,0.0228234145653527,25304,4.40320634164481,Sample_100_GSE9891
scissor,Negative,Neg_ctrl_Sample_99,0.0460092423144728,25304,4.40320634164481,Sample_100_GSE9891
scissor,Negative,Neg_ctrl_Sample_100,-0.0765445628549802,25304,4.40320634164481,Sample_100_GSE9891
scissor,Neutral,Neg_ctrl_Sample_1,-0.0539323897199335,8523,3.93064344104216,Sample_100_GSE9891
scissor,Neutral,Neg_ctrl_Sample_2,-0.059770394895348,8523,3.93064344104216,Sample_100_GSE9891
scissor,Neutral,Neg_ctrl_Sample_3,-0.0543935047506525,8523,3.93064344104216,Sample_100_GSE9891
scissor,Neutral,Neg_ctrl_Sample_4,-0.0718304782965417,8523,3.93064344104216,Sample_100_GSE9891
scissor,Neutral,Neg_ctrl_Sample_5,-0.00619614056850099,8523,3.93064344104216,Sample_100_GSE9891
scissor,Neutral,Neg_ctrl_Sample_6,-0.093813581313335,8523,3.93064344104216,Sample_100_GSE9891
scissor,Neutral,Neg_ctrl_Sample_7,-0.137291490681919,8523,3.93064344104216,Sample_100_GSE9891
scissor,Neutral,Neg_ctrl_Sample_8,0.0252832013916298,8523,3.93064344104216,Sample_100_GSE9891
scissor,Neutral,Neg_ctrl_Sample_9,0.0186183684045164,8523,3.93064344104216,Sample_100_GSE9891
scissor,Neutral,Neg_ctrl_Sample_10,0.0433483350304609,8523,3.93064344104216,Sample_100_GSE9891
scissor,Neutral,Neg_ctrl_Sample_11,0.125814649181119,8523,3.93064344104216,Sample_100_GSE9891
scissor,Neutral,Neg_ctrl_Sample_12,-0.129278201634707,8523,3.93064344104216,Sample_100_GSE9891
scissor,Neutral,Neg_ctrl_Sample_13,-0.010224098195528,8523,3.93064344104216,Sample_100_GSE9891
scissor,Neutral,Neg_ctrl_Sample_14,0.0334406406845329,8523,3.93064344104216,Sample_100_GSE9891
scissor,Neutral,Neg_ctrl_Sample_15,-0.0748390607853993,8523,3.93064344104216,Sample_100_GSE9891
scissor,Neutral,Neg_ctrl_Sample_16,-0.0210837407342766,8523,3.93064344104216,Sample_100_GSE9891
scissor,Neutral,Neg_ctrl_Sample_17,0.0893332013512223,8523,3.93064344104216,Sample_100_GSE9891
scissor,Neutral,Neg_ctrl_Sample_18,0.185509735772457,8523,3.93064344104216,Sample_100_GSE9891
scissor,Neutral,Neg_ctrl_Sample_19,0.236011817527953,8523,3.93064344104216,Sample_100_GSE9891
scissor,Neutral,Neg_ctrl_Sample_20,-0.149415527744406,8523,3.93064344104216,Sample_100_GSE9891
scissor,Neutral,Neg_ctrl_Sample_21,-0.00771219253880669,8523,3.93064344104216,Sample_100_GSE9891
scissor,Neutral,Neg_ctrl_Sample_22,0.16276830467783,8523,3.93064344104216,Sample_100_GSE9891
scissor,Neutral,Neg_ctrl_Sample_23,-0.0680685011147733,8523,3.93064344104216,Sample_100_GSE9891
scissor,Neutral,Neg_ctrl_Sample_24,0.150966786106031,8523,3.93064344104216,Sample_100_GSE9891
scissor,Neutral,Neg_ctrl_Sample_25,0.0350529171364065,8523,3.93064344104216,Sample_100_GSE9891
scissor,Neutral,Neg_ctrl_Sample_26,0.0464525598069292,8523,3.93064344104216,Sample_100_GSE9891
scissor,Neutral,Neg_ctrl_Sample_27,-0.00143907328075362,8523,3.93064344104216,Sample_100_GSE9891
scissor,Neutral,Neg_ctrl_Sample_28,0.0410765635144372,8523,3.93064344104216,Sample_100_GSE9891
scissor,Neutral,Neg_ctrl_Sample_29,0.117143659879999,8523,3.93064344104216,Sample_100_GSE9891
scissor,Neutral,Neg_ctrl_Sample_30,-0.0389414348815486,8523,3.93064344104216,Sample_100_GSE9891
scissor,Neutral,Neg_ctrl_Sample_31,0.0193479352779836,8523,3.93064344104216,Sample_100_GSE9891
scissor,Neutral,Neg_ctrl_Sample_32,0.166013026712597,8523,3.93064344104216,Sample_100_GSE9891
scissor,Neutral,Neg_ctrl_Sample_33,0.0841931224358048,8523,3.93064344104216,Sample_100_GSE9891
scissor,Neutral,Neg_ctrl_Sample_34,-0.250313690149695,8523,3.93064344104216,Sample_100_GSE9891
scissor,Neutral,Neg_ctrl_Sample_35,0.000100284437200812,8523,3.93064344104216,Sample_100_GSE9891
scissor,Neutral,Neg_ctrl_Sample_36,0.0166307322440258,8523,3.93064344104216,Sample_100_GSE9891
scissor,Neutral,Neg_ctrl_Sample_37,0.102442643445377,8523,3.93064344104216,Sample_100_GSE9891
scissor,Neutral,Neg_ctrl_Sample_38,0.0676076145855737,8523,3.93064344104216,Sample_100_GSE9891
scissor,Neutral,Neg_ctrl_Sample_39,0.0541416579411948,8523,3.93064344104216,Sample_100_GSE9891
scissor,Neutral,Neg_ctrl_Sample_40,0.0601431807520702,8523,3.93064344104216,Sample_100_GSE9891
scissor,Neutral,Neg_ctrl_Sample_41,-0.0949098417641505,8523,3.93064344104216,Sample_100_GSE9891
scissor,Neutral,Neg_ctrl_Sample_42,-0.103332971823314,8523,3.93064344104216,Sample_100_GSE9891
scissor,Neutral,Neg_ctrl_Sample_43,0.0850016047477456,8523,3.93064344104216,Sample_100_GSE9891
scissor,Neutral,Neg_ctrl_Sample_44,0.196657330544927,8523,3.93064344104216,Sample_100_GSE9891
scissor,Neutral,Neg_ctrl_Sample_45,0.186389041514369,8523,3.93064344104216,Sample_100_GSE9891
scissor,Neutral,Neg_ctrl_Sample_46,0.187396359340959,8523,3.93064344104216,Sample_100_GSE9891
scissor,Neutral,Neg_ctrl_Sample_47,0.0303734027541614,8523,3.93064344104216,Sample_100_GSE9891
scissor,Neutral,Neg_ctrl_Sample_48,0.128771216506891,8523,3.93064344104216,Sample_100_GSE9891
scissor,Neutral,Neg_ctrl_Sample_49,-0.166243695267591,8523,3.93064344104216,Sample_100_GSE9891
scissor,Neutral,Neg_ctrl_Sample_50,0.0324278391333866,8523,3.93064344104216,Sample_100_GSE9891
scissor,Neutral,Neg_ctrl_Sample_51,-0.0271920839367398,8523,3.93064344104216,Sample_100_GSE9891
scissor,Neutral,Neg_ctrl_Sample_52,0.0933663027626578,8523,3.93064344104216,Sample_100_GSE9891
scissor,Neutral,Neg_ctrl_Sample_53,-0.0531684810954813,8523,3.93064344104216,Sample_100_GSE9891
scissor,Neutral,Neg_ctrl_Sample_54,0.0680032702332285,8523,3.93064344104216,Sample_100_GSE9891
scissor,Neutral,Neg_ctrl_Sample_55,-0.00453153077786849,8523,3.93064344104216,Sample_100_GSE9891
scissor,Neutral,Neg_ctrl_Sample_56,0.0565866776499348,8523,3.93064344104216,Sample_100_GSE9891
scissor,Neutral,Neg_ctrl_Sample_57,0.164111014484482,8523,3.93064344104216,Sample_100_GSE9891
scissor,Neutral,Neg_ctrl_Sample_58,0.0027113858833221,8523,3.93064344104216,Sample_100_GSE9891
scissor,Neutral,Neg_ctrl_Sample_59,0.0913847376131327,8523,3.93064344104216,Sample_100_GSE9891
scissor,Neutral,Neg_ctrl_Sample_60,0.0279339019639657,8523,3.93064344104216,Sample_100_GSE9891
scissor,Neutral,Neg_ctrl_Sample_61,0.00477896453179947,8523,3.93064344104216,Sample_100_GSE9891
scissor,Neutral,Neg_ctrl_Sample_62,-0.0928292604031645,8523,3.93064344104216,Sample_100_GSE9891
scissor,Neutral,Neg_ctrl_Sample_63,-0.0301430801199071,8523,3.93064344104216,Sample_100_GSE9891
scissor,Neutral,Neg_ctrl_Sample_64,0.11285858002049,8523,3.93064344104216,Sample_100_GSE9891
scissor,Neutral,Neg_ctrl_Sample_65,-0.105261819120664,8523,3.93064344104216,Sample_100_GSE9891
scissor,Neutral,Neg_ctrl_Sample_66,0.070616889930915,8523,3.93064344104216,Sample_100_GSE9891
scissor,Neutral,Neg_ctrl_Sample_67,0.0932960945939028,8523,3.93064344104216,Sample_100_GSE9891
scissor,Neutral,Neg_ctrl_Sample_68,0.130575131396461,8523,3.93064344104216,Sample_100_GSE9891
scissor,Neutral,Neg_ctrl_Sample_69,-0.108551522853921,8523,3.93064344104216,Sample_100_GSE9891
scissor,Neutral,Neg_ctrl_Sample_70,-0.0550162822270266,8523,3.93064344104216,Sample_100_GSE9891
scissor,Neutral,Neg_ctrl_Sample_71,-0.00838603448347386,8523,3.93064344104216,Sample_100_GSE9891
scissor,Neutral,Neg_ctrl_Sample_72,-0.0361953947084762,8523,3.93064344104216,Sample_100_GSE9891
scissor,Neutral,Neg_ctrl_Sample_73,-0.109498914741481,8523,3.93064344104216,Sample_100_GSE9891
scissor,Neutral,Neg_ctrl_Sample_74,0.0241398670724132,8523,3.93064344104216,Sample_100_GSE9891
scissor,Neutral,Neg_ctrl_Sample_75,-0.090137462495211,8523,3.93064344104216,Sample_100_GSE9891
scissor,Neutral,Neg_ctrl_Sample_76,0.0857108915793716,8523,3.93064344104216,Sample_100_GSE9891
scissor,Neutral,Neg_ctrl_Sample_77,0.0560843677040451,8523,3.93064344104216,Sample_100_GSE9891
scissor,Neutral,Neg_ctrl_Sample_78,-0.0155964599114982,8523,3.93064344104216,Sample_100_GSE9891
scissor,Neutral,Neg_ctrl_Sample_79,-0.0222843750469702,8523,3.93064344104216,Sample_100_GSE9891
scissor,Neutral,Neg_ctrl_Sample_80,-0.0265901480848707,8523,3.93064344104216,Sample_100_GSE9891
scissor,Neutral,Neg_ctrl_Sample_81,-0.000728357953132055,8523,3.93064344104216,Sample_100_GSE9891
scissor,Neutral,Neg_ctrl_Sample_82,-0.0613918216067886,8523,3.93064344104216,Sample_100_GSE9891
scissor,Neutral,Neg_ctrl_Sample_83,0.00347764416000923,8523,3.93064344104216,Sample_100_GSE9891
scissor,Neutral,Neg_ctrl_Sample_84,0.0972740094495989,8523,3.93064344104216,Sample_100_GSE9891
scissor,Neutral,Neg_ctrl_Sample_85,-0.0160397502588719,8523,3.93064344104216,Sample_100_GSE9891
scissor,Neutral,Neg_ctrl_Sample_86,-0.159233489667566,8523,3.93064344104216,Sample_100_GSE9891
scissor,Neutral,Neg_ctrl_Sample_87,0.0121698385768462,8523,3.93064344104216,Sample_100_GSE9891
scissor,Neutral,Neg_ctrl_Sample_88,-0.00878110665983033,8523,3.93064344104216,Sample_100_GSE9891
scissor,Neutral,Neg_ctrl_Sample_89,0.150929140024224,8523,3.93064344104216,Sample_100_GSE9891
scissor,Neutral,Neg_ctrl_Sample_90,-0.102599513595446,8523,3.93064344104216,Sample_100_GSE9891
scissor,Neutral,Neg_ctrl_Sample_91,0.107717088420075,8523,3.93064344104216,Sample_100_GSE9891
scissor,Neutral,Neg_ctrl_Sample_92,-0.0204067555182146,8523,3.93064344104216,Sample_100_GSE9891
scissor,Neutral,Neg_ctrl_Sample_93,-0.125803355059971,8523,3.93064344104216,Sample_100_GSE9891
scissor,Neutral,Neg_ctrl_Sample_94,-0.0334052207583585,8523,3.93064344104216,Sample_100_GSE9891
scissor,Neutral,Neg_ctrl_Sample_95,0.0135053074054573,8523,3.93064344104216,Sample_100_GSE9891
scissor,Neutral,Neg_ctrl_Sample_96,-0.126572380234367,8523,3.93064344104216,Sample_100_GSE9891
scissor,Neutral,Neg_ctrl_Sample_97,-0.0374460879154565,8523,3.93064344104216,Sample_100_GSE9891
scissor,Neutral,Neg_ctrl_Sample_98,0.0237136313270696,8523,3.93064344104216,Sample_100_GSE9891
scissor,Neutral,Neg_ctrl_Sample_99,0.013436867440818,8523,3.93064344104216,Sample_100_GSE9891
scissor,Neutral,Neg_ctrl_Sample_100,-0.0898351643854223,8523,3.93064344104216,Sample_100_GSE9891
scissor,Positive,Neg_ctrl_Sample_1,-0.0325128621756859,17038,4.23144410291743,Sample_100_GSE9891
scissor,Positive,Neg_ctrl_Sample_2,-0.0477128366779714,17038,4.23144410291743,Sample_100_GSE9891
scissor,Positive,Neg_ctrl_Sample_3,-0.0353220016324789,17038,4.23144410291743,Sample_100_GSE9891
scissor,Positive,Neg_ctrl_Sample_4,0.0247266762298073,17038,4.23144410291743,Sample_100_GSE9891
scissor,Positive,Neg_ctrl_Sample_5,0.0778169389636027,17038,4.23144410291743,Sample_100_GSE9891
scissor,Positive,Neg_ctrl_Sample_6,-0.0688779187758374,17038,4.23144410291743,Sample_100_GSE9891
scissor,Positive,Neg_ctrl_Sample_7,-0.100056599218339,17038,4.23144410291743,Sample_100_GSE9891
scissor,Positive,Neg_ctrl_Sample_8,0.043820526250031,17038,4.23144410291743,Sample_100_GSE9891
scissor,Positive,Neg_ctrl_Sample_9,0.0124598416951827,17038,4.23144410291743,Sample_100_GSE9891
scissor,Positive,Neg_ctrl_Sample_10,0.049615900572945,17038,4.23144410291743,Sample_100_GSE9891
scissor,Positive,Neg_ctrl_Sample_11,0.144579121643421,17038,4.23144410291743,Sample_100_GSE9891
scissor,Positive,Neg_ctrl_Sample_12,-0.115256564343604,17038,4.23144410291743,Sample_100_GSE9891
scissor,Positive,Neg_ctrl_Sample_13,0.0478186933445885,17038,4.23144410291743,Sample_100_GSE9891
scissor,Positive,Neg_ctrl_Sample_14,0.107550696436204,17038,4.23144410291743,Sample_100_GSE9891
scissor,Positive,Neg_ctrl_Sample_15,-0.063438353390305,17038,4.23144410291743,Sample_100_GSE9891
scissor,Positive,Neg_ctrl_Sample_16,-0.00557510412782999,17038,4.23144410291743,Sample_100_GSE9891
scissor,Positive,Neg_ctrl_Sample_17,0.0802216796772798,17038,4.23144410291743,Sample_100_GSE9891
scissor,Positive,Neg_ctrl_Sample_18,0.221487899118028,17038,4.23144410291743,Sample_100_GSE9891
scissor,Positive,Neg_ctrl_Sample_19,0.259550508373287,17038,4.23144410291743,Sample_100_GSE9891
scissor,Positive,Neg_ctrl_Sample_20,-0.125703961505317,17038,4.23144410291743,Sample_100_GSE9891
scissor,Positive,Neg_ctrl_Sample_21,0.0280377132251335,17038,4.23144410291743,Sample_100_GSE9891
scissor,Positive,Neg_ctrl_Sample_22,0.168226008586671,17038,4.23144410291743,Sample_100_GSE9891
scissor,Positive,Neg_ctrl_Sample_23,-0.0470713896816332,17038,4.23144410291743,Sample_100_GSE9891
scissor,Positive,Neg_ctrl_Sample_24,0.194715715289098,17038,4.23144410291743,Sample_100_GSE9891
scissor,Positive,Neg_ctrl_Sample_25,0.067058820400048,17038,4.23144410291743,Sample_100_GSE9891
scissor,Positive,Neg_ctrl_Sample_26,0.0676532966670338,17038,4.23144410291743,Sample_100_GSE9891
scissor,Positive,Neg_ctrl_Sample_27,0.0563999756874835,17038,4.23144410291743,Sample_100_GSE9891
scissor,Positive,Neg_ctrl_Sample_28,0.0245660939841367,17038,4.23144410291743,Sample_100_GSE9891
scissor,Positive,Neg_ctrl_Sample_29,0.138218805108327,17038,4.23144410291743,Sample_100_GSE9891
scissor,Positive,Neg_ctrl_Sample_30,-0.0561884759593463,17038,4.23144410291743,Sample_100_GSE9891
scissor,Positive,Neg_ctrl_Sample_31,0.0427373927053035,17038,4.23144410291743,Sample_100_GSE9891
scissor,Positive,Neg_ctrl_Sample_32,0.145501333558905,17038,4.23144410291743,Sample_100_GSE9891
scissor,Positive,Neg_ctrl_Sample_33,0.1017562887116,17038,4.23144410291743,Sample_100_GSE9891
scissor,Positive,Neg_ctrl_Sample_34,-0.19641689039765,17038,4.23144410291743,Sample_100_GSE9891
scissor,Positive,Neg_ctrl_Sample_35,0.0446274662852476,17038,4.23144410291743,Sample_100_GSE9891
scissor,Positive,Neg_ctrl_Sample_36,0.0595633465364298,17038,4.23144410291743,Sample_100_GSE9891
scissor,Positive,Neg_ctrl_Sample_37,0.0728148489193477,17038,4.23144410291743,Sample_100_GSE9891
scissor,Positive,Neg_ctrl_Sample_38,0.112949634470643,17038,4.23144410291743,Sample_100_GSE9891
scissor,Positive,Neg_ctrl_Sample_39,0.0636888964238159,17038,4.23144410291743,Sample_100_GSE9891
scissor,Positive,Neg_ctrl_Sample_40,0.0981390242709875,17038,4.23144410291743,Sample_100_GSE9891
scissor,Positive,Neg_ctrl_Sample_41,-0.0622408621895406,17038,4.23144410291743,Sample_100_GSE9891
scissor,Positive,Neg_ctrl_Sample_42,-0.0768106585912658,17038,4.23144410291743,Sample_100_GSE9891
scissor,Positive,Neg_ctrl_Sample_43,0.0773127540657317,17038,4.23144410291743,Sample_100_GSE9891
scissor,Positive,Neg_ctrl_Sample_44,0.172876117580983,17038,4.23144410291743,Sample_100_GSE9891
scissor,Positive,Neg_ctrl_Sample_45,0.207129630628135,17038,4.23144410291743,Sample_100_GSE9891
scissor,Positive,Neg_ctrl_Sample_46,0.174008330089838,17038,4.23144410291743,Sample_100_GSE9891
scissor,Positive,Neg_ctrl_Sample_47,0.0344872400371566,17038,4.23144410291743,Sample_100_GSE9891
scissor,Positive,Neg_ctrl_Sample_48,0.125751353549481,17038,4.23144410291743,Sample_100_GSE9891
scissor,Positive,Neg_ctrl_Sample_49,-0.0993481667451519,17038,4.23144410291743,Sample_100_GSE9891
scissor,Positive,Neg_ctrl_Sample_50,0.0515829303845739,17038,4.23144410291743,Sample_100_GSE9891
scissor,Positive,Neg_ctrl_Sample_51,-0.0259344104630721,17038,4.23144410291743,Sample_100_GSE9891
scissor,Positive,Neg_ctrl_Sample_52,0.121784346599471,17038,4.23144410291743,Sample_100_GSE9891
scissor,Positive,Neg_ctrl_Sample_53,0.0240640394380619,17038,4.23144410291743,Sample_100_GSE9891
scissor,Positive,Neg_ctrl_Sample_54,0.0943181719035413,17038,4.23144410291743,Sample_100_GSE9891
scissor,Positive,Neg_ctrl_Sample_55,0.00927595255826654,17038,4.23144410291743,Sample_100_GSE9891
scissor,Positive,Neg_ctrl_Sample_56,0.103928260285123,17038,4.23144410291743,Sample_100_GSE9891
scissor,Positive,Neg_ctrl_Sample_57,0.152588757630005,17038,4.23144410291743,Sample_100_GSE9891
scissor,Positive,Neg_ctrl_Sample_58,0.0309530212350421,17038,4.23144410291743,Sample_100_GSE9891
scissor,Positive,Neg_ctrl_Sample_59,0.138432177224474,17038,4.23144410291743,Sample_100_GSE9891
scissor,Positive,Neg_ctrl_Sample_60,0.0210981928143676,17038,4.23144410291743,Sample_100_GSE9891
scissor,Positive,Neg_ctrl_Sample_61,0.0347640094268364,17038,4.23144410291743,Sample_100_GSE9891
scissor,Positive,Neg_ctrl_Sample_62,-0.0661034230373948,17038,4.23144410291743,Sample_100_GSE9891
scissor,Positive,Neg_ctrl_Sample_63,-0.0102577857770306,17038,4.23144410291743,Sample_100_GSE9891
scissor,Positive,Neg_ctrl_Sample_64,0.146728824716514,17038,4.23144410291743,Sample_100_GSE9891
scissor,Positive,Neg_ctrl_Sample_65,-0.0696989016166199,17038,4.23144410291743,Sample_100_GSE9891
scissor,Positive,Neg_ctrl_Sample_66,0.105332649074996,17038,4.23144410291743,Sample_100_GSE9891
scissor,Positive,Neg_ctrl_Sample_67,0.119351493525418,17038,4.23144410291743,Sample_100_GSE9891
scissor,Positive,Neg_ctrl_Sample_68,0.112137502191559,17038,4.23144410291743,Sample_100_GSE9891
scissor,Positive,Neg_ctrl_Sample_69,-0.108724448233849,17038,4.23144410291743,Sample_100_GSE9891
scissor,Positive,Neg_ctrl_Sample_70,-0.0184702811057603,17038,4.23144410291743,Sample_100_GSE9891
scissor,Positive,Neg_ctrl_Sample_71,0.00486536794028389,17038,4.23144410291743,Sample_100_GSE9891
scissor,Positive,Neg_ctrl_Sample_72,-0.0116452525466886,17038,4.23144410291743,Sample_100_GSE9891
scissor,Positive,Neg_ctrl_Sample_73,-0.0791559985097475,17038,4.23144410291743,Sample_100_GSE9891
scissor,Positive,Neg_ctrl_Sample_74,0.00958671172610008,17038,4.23144410291743,Sample_100_GSE9891
scissor,Positive,Neg_ctrl_Sample_75,-0.0197080855848634,17038,4.23144410291743,Sample_100_GSE9891
scissor,Positive,Neg_ctrl_Sample_76,0.0997810863341791,17038,4.23144410291743,Sample_100_GSE9891
scissor,Positive,Neg_ctrl_Sample_77,0.0594996064803128,17038,4.23144410291743,Sample_100_GSE9891
scissor,Positive,Neg_ctrl_Sample_78,-0.0124949439954274,17038,4.23144410291743,Sample_100_GSE9891
scissor,Positive,Neg_ctrl_Sample_79,-0.00830337944406239,17038,4.23144410291743,Sample_100_GSE9891
scissor,Positive,Neg_ctrl_Sample_80,-0.00628711140802217,17038,4.23144410291743,Sample_100_GSE9891
scissor,Positive,Neg_ctrl_Sample_81,0.0582560367087109,17038,4.23144410291743,Sample_100_GSE9891
scissor,Positive,Neg_ctrl_Sample_82,-0.00581529269551919,17038,4.23144410291743,Sample_100_GSE9891
scissor,Positive,Neg_ctrl_Sample_83,0.013649285581992,17038,4.23144410291743,Sample_100_GSE9891
scissor,Positive,Neg_ctrl_Sample_84,0.0857601980226232,17038,4.23144410291743,Sample_100_GSE9891
scissor,Positive,Neg_ctrl_Sample_85,-0.00441852113405927,17038,4.23144410291743,Sample_100_GSE9891
scissor,Positive,Neg_ctrl_Sample_86,-0.123355938679008,17038,4.23144410291743,Sample_100_GSE9891
scissor,Positive,Neg_ctrl_Sample_87,0.0275744062844252,17038,4.23144410291743,Sample_100_GSE9891
scissor,Positive,Neg_ctrl_Sample_88,0.0339477827037773,17038,4.23144410291743,Sample_100_GSE9891
scissor,Positive,Neg_ctrl_Sample_89,0.162336014689462,17038,4.23144410291743,Sample_100_GSE9891
scissor,Positive,Neg_ctrl_Sample_90,-0.066917521684713,17038,4.23144410291743,Sample_100_GSE9891
scissor,Positive,Neg_ctrl_Sample_91,0.125483370474347,17038,4.23144410291743,Sample_100_GSE9891
scissor,Positive,Neg_ctrl_Sample_92,0.0240601718021348,17038,4.23144410291743,Sample_100_GSE9891
scissor,Positive,Neg_ctrl_Sample_93,-0.0844501529716388,17038,4.23144410291743,Sample_100_GSE9891
scissor,Positive,Neg_ctrl_Sample_94,-0.0131594125382361,17038,4.23144410291743,Sample_100_GSE9891
scissor,Positive,Neg_ctrl_Sample_95,0.0265614894627458,17038,4.23144410291743,Sample_100_GSE9891
scissor,Positive,Neg_ctrl_Sample_96,-0.0977949010705549,17038,4.23144410291743,Sample_100_GSE9891
scissor,Positive,Neg_ctrl_Sample_97,-0.0468082732759167,17038,4.23144410291743,Sample_100_GSE9891
scissor,Positive,Neg_ctrl_Sample_98,0.0243963749201996,17038,4.23144410291743,Sample_100_GSE9891
scissor,Positive,Neg_ctrl_Sample_99,0.0555246643429229,17038,4.23144410291743,Sample_100_GSE9891
scissor,Positive,Neg_ctrl_Sample_100,-0.0689230514240632,17038,4.23144410291743,Sample_100_GSE9891
scAB,Other,Neg_ctrl_Sample_1,-0.0444128439756115,48418,4.68501581569294,Sample_100_GSE9891
scAB,Other,Neg_ctrl_Sample_2,-0.0537667091943171,48418,4.68501581569294,Sample_100_GSE9891
scAB,Other,Neg_ctrl_Sample_3,-0.0421996936307442,48418,4.68501581569294,Sample_100_GSE9891
scAB,Other,Neg_ctrl_Sample_4,-0.0202493129575311,48418,4.68501581569294,Sample_100_GSE9891
scAB,Other,Neg_ctrl_Sample_5,0.0390727851781653,48418,4.68501581569294,Sample_100_GSE9891
scAB,Other,Neg_ctrl_Sample_6,-0.0802090410108571,48418,4.68501581569294,Sample_100_GSE9891
scAB,Other,Neg_ctrl_Sample_7,-0.11160567514722,48418,4.68501581569294,Sample_100_GSE9891
scAB,Other,Neg_ctrl_Sample_8,0.0379755215990683,48418,4.68501581569294,Sample_100_GSE9891
scAB,Other,Neg_ctrl_Sample_9,0.0147027307399151,48418,4.68501581569294,Sample_100_GSE9891
scAB,Other,Neg_ctrl_Sample_10,0.0483216547601927,48418,4.68501581569294,Sample_100_GSE9891
scAB,Other,Neg_ctrl_Sample_11,0.133909744455731,48418,4.68501581569294,Sample_100_GSE9891
scAB,Other,Neg_ctrl_Sample_12,-0.123336281828529,48418,4.68501581569294,Sample_100_GSE9891
scAB,Other,Neg_ctrl_Sample_13,0.0232296662641135,48418,4.68501581569294,Sample_100_GSE9891
scAB,Other,Neg_ctrl_Sample_14,0.0722940409314679,48418,4.68501581569294,Sample_100_GSE9891
scAB,Other,Neg_ctrl_Sample_15,-0.0689153849411352,48418,4.68501581569294,Sample_100_GSE9891
scAB,Other,Neg_ctrl_Sample_16,-0.0109904669527129,48418,4.68501581569294,Sample_100_GSE9891
scAB,Other,Neg_ctrl_Sample_17,0.0831579180961331,48418,4.68501581569294,Sample_100_GSE9891
scAB,Other,Neg_ctrl_Sample_18,0.206549976989155,48418,4.68501581569294,Sample_100_GSE9891
scAB,Other,Neg_ctrl_Sample_19,0.252099236675056,48418,4.68501581569294,Sample_100_GSE9891
scAB,Other,Neg_ctrl_Sample_20,-0.136178704655069,48418,4.68501581569294,Sample_100_GSE9891
scAB,Other,Neg_ctrl_Sample_21,0.0119532938196881,48418,4.68501581569294,Sample_100_GSE9891
scAB,Other,Neg_ctrl_Sample_22,0.166933755946437,48418,4.68501581569294,Sample_100_GSE9891
scAB,Other,Neg_ctrl_Sample_23,-0.0560409812341994,48418,4.68501581569294,Sample_100_GSE9891
scAB,Other,Neg_ctrl_Sample_24,0.169369647891508,48418,4.68501581569294,Sample_100_GSE9891
scAB,Other,Neg_ctrl_Sample_25,0.0548049657189275,48418,4.68501581569294,Sample_100_GSE9891
scAB,Other,Neg_ctrl_Sample_26,0.0550228099318174,48418,4.68501581569294,Sample_100_GSE9891
scAB,Other,Neg_ctrl_Sample_27,0.030497509984176,48418,4.68501581569294,Sample_100_GSE9891
scAB,Other,Neg_ctrl_Sample_28,0.0326897070309497,48418,4.68501581569294,Sample_100_GSE9891
scAB,Other,Neg_ctrl_Sample_29,0.12847459903258,48418,4.68501581569294,Sample_100_GSE9891
scAB,Other,Neg_ctrl_Sample_30,-0.0516025501722515,48418,4.68501581569294,Sample_100_GSE9891
scAB,Other,Neg_ctrl_Sample_31,0.0333960027044951,48418,4.68501581569294,Sample_100_GSE9891
scAB,Other,Neg_ctrl_Sample_32,0.156139280440283,48418,4.68501581569294,Sample_100_GSE9891
scAB,Other,Neg_ctrl_Sample_33,0.094561505803288,48418,4.68501581569294,Sample_100_GSE9891
scAB,Other,Neg_ctrl_Sample_34,-0.221932873552842,48418,4.68501581569294,Sample_100_GSE9891
scAB,Other,Neg_ctrl_Sample_35,0.0247228465176606,48418,4.68501581569294,Sample_100_GSE9891
scAB,Other,Neg_ctrl_Sample_36,0.0434583344508607,48418,4.68501581569294,Sample_100_GSE9891
scAB,Other,Neg_ctrl_Sample_37,0.084607013589997,48418,4.68501581569294,Sample_100_GSE9891
scAB,Other,Neg_ctrl_Sample_38,0.0972961773020258,48418,4.68501581569294,Sample_100_GSE9891
scAB,Other,Neg_ctrl_Sample_39,0.0641160037767268,48418,4.68501581569294,Sample_100_GSE9891
scAB,Other,Neg_ctrl_Sample_40,0.0827842309344916,48418,4.68501581569294,Sample_100_GSE9891
scAB,Other,Neg_ctrl_Sample_41,-0.0777105449071685,48418,4.68501581569294,Sample_100_GSE9891
scAB,Other,Neg_ctrl_Sample_42,-0.0862239590232971,48418,4.68501581569294,Sample_100_GSE9891
scAB,Other,Neg_ctrl_Sample_43,0.0823492716109143,48418,4.68501581569294,Sample_100_GSE9891
scAB,Other,Neg_ctrl_Sample_44,0.187488775212803,48418,4.68501581569294,Sample_100_GSE9891
scAB,Other,Neg_ctrl_Sample_45,0.196467744270413,48418,4.68501581569294,Sample_100_GSE9891
scAB,Other,Neg_ctrl_Sample_46,0.180170836067337,48418,4.68501581569294,Sample_100_GSE9891
scAB,Other,Neg_ctrl_Sample_47,0.0394161151072985,48418,4.68501581569294,Sample_100_GSE9891
scAB,Other,Neg_ctrl_Sample_48,0.125399103137357,48418,4.68501581569294,Sample_100_GSE9891
scAB,Other,Neg_ctrl_Sample_49,-0.126934144115959,48418,4.68501581569294,Sample_100_GSE9891
scAB,Other,Neg_ctrl_Sample_50,0.0426240922163693,48418,4.68501581569294,Sample_100_GSE9891
scAB,Other,Neg_ctrl_Sample_51,-0.0301396965922444,48418,4.68501581569294,Sample_100_GSE9891
scAB,Other,Neg_ctrl_Sample_52,0.108539567915494,48418,4.68501581569294,Sample_100_GSE9891
scAB,Other,Neg_ctrl_Sample_53,-0.0133618534886544,48418,4.68501581569294,Sample_100_GSE9891
scAB,Other,Neg_ctrl_Sample_54,0.0795269429256966,48418,4.68501581569294,Sample_100_GSE9891
scAB,Other,Neg_ctrl_Sample_55,0.00159020214394042,48418,4.68501581569294,Sample_100_GSE9891
scAB,Other,Neg_ctrl_Sample_56,0.0827259838361868,48418,4.68501581569294,Sample_100_GSE9891
scAB,Other,Neg_ctrl_Sample_57,0.154573392279495,48418,4.68501581569294,Sample_100_GSE9891
scAB,Other,Neg_ctrl_Sample_58,0.0192984560224326,48418,4.68501581569294,Sample_100_GSE9891
scAB,Other,Neg_ctrl_Sample_59,0.115008327608618,48418,4.68501581569294,Sample_100_GSE9891
scAB,Other,Neg_ctrl_Sample_60,0.0264259677154598,48418,4.68501581569294,Sample_100_GSE9891
scAB,Other,Neg_ctrl_Sample_61,0.0227662725726431,48418,4.68501581569294,Sample_100_GSE9891
scAB,Other,Neg_ctrl_Sample_62,-0.0788032629742779,48418,4.68501581569294,Sample_100_GSE9891
scAB,Other,Neg_ctrl_Sample_63,-0.0154543514146607,48418,4.68501581569294,Sample_100_GSE9891
scAB,Other,Neg_ctrl_Sample_64,0.128112405727227,48418,4.68501581569294,Sample_100_GSE9891
scAB,Other,Neg_ctrl_Sample_65,-0.0850617651977312,48418,4.68501581569294,Sample_100_GSE9891
scAB,Other,Neg_ctrl_Sample_66,0.0890848620212359,48418,4.68501581569294,Sample_100_GSE9891
scAB,Other,Neg_ctrl_Sample_67,0.108300855509286,48418,4.68501581569294,Sample_100_GSE9891
scAB,Other,Neg_ctrl_Sample_68,0.119878132215908,48418,4.68501581569294,Sample_100_GSE9891
scAB,Other,Neg_ctrl_Sample_69,-0.104280982078426,48418,4.68501581569294,Sample_100_GSE9891
scAB,Other,Neg_ctrl_Sample_70,-0.0355698663371851,48418,4.68501581569294,Sample_100_GSE9891
scAB,Other,Neg_ctrl_Sample_71,0.00255554232679587,48418,4.68501581569294,Sample_100_GSE9891
scAB,Other,Neg_ctrl_Sample_72,-0.022044307532049,48418,4.68501581569294,Sample_100_GSE9891
scAB,Other,Neg_ctrl_Sample_73,-0.0924225631110541,48418,4.68501581569294,Sample_100_GSE9891
scAB,Other,Neg_ctrl_Sample_74,0.0175424135155557,48418,4.68501581569294,Sample_100_GSE9891
scAB,Other,Neg_ctrl_Sample_75,-0.0526694259380307,48418,4.68501581569294,Sample_100_GSE9891
scAB,Other,Neg_ctrl_Sample_76,0.0926529627157087,48418,4.68501581569294,Sample_100_GSE9891
scAB,Other,Neg_ctrl_Sample_77,0.0613638732668373,48418,4.68501581569294,Sample_100_GSE9891
scAB,Other,Neg_ctrl_Sample_78,-0.0127968224414804,48418,4.68501581569294,Sample_100_GSE9891
scAB,Other,Neg_ctrl_Sample_79,-0.015914241305312,48418,4.68501581569294,Sample_100_GSE9891
scAB,Other,Neg_ctrl_Sample_80,-0.0182016467732598,48418,4.68501581569294,Sample_100_GSE9891
scAB,Other,Neg_ctrl_Sample_81,0.0368250940231466,48418,4.68501581569294,Sample_100_GSE9891
scAB,Other,Neg_ctrl_Sample_82,-0.034582029143499,48418,4.68501581569294,Sample_100_GSE9891
scAB,Other,Neg_ctrl_Sample_83,0.0105962369810972,48418,4.68501581569294,Sample_100_GSE9891
scAB,Other,Neg_ctrl_Sample_84,0.0960082854924709,48418,4.68501581569294,Sample_100_GSE9891
scAB,Other,Neg_ctrl_Sample_85,-0.00950712306658027,48418,4.68501581569294,Sample_100_GSE9891
scAB,Other,Neg_ctrl_Sample_86,-0.139393105373021,48418,4.68501581569294,Sample_100_GSE9891
scAB,Other,Neg_ctrl_Sample_87,0.0205979027726711,48418,4.68501581569294,Sample_100_GSE9891
scAB,Other,Neg_ctrl_Sample_88,0.0132188334820052,48418,4.68501581569294,Sample_100_GSE9891
scAB,Other,Neg_ctrl_Sample_89,0.154954785437282,48418,4.68501581569294,Sample_100_GSE9891
scAB,Other,Neg_ctrl_Sample_90,-0.084999668266577,48418,4.68501581569294,Sample_100_GSE9891
scAB,Other,Neg_ctrl_Sample_91,0.117036800950282,48418,4.68501581569294,Sample_100_GSE9891
scAB,Other,Neg_ctrl_Sample_92,0.0033415367586957,48418,4.68501581569294,Sample_100_GSE9891
scAB,Other,Neg_ctrl_Sample_93,-0.103042411028023,48418,4.68501581569294,Sample_100_GSE9891
scAB,Other,Neg_ctrl_Sample_94,-0.0272043561606837,48418,4.68501581569294,Sample_100_GSE9891
scAB,Other,Neg_ctrl_Sample_95,0.0230156079749841,48418,4.68501581569294,Sample_100_GSE9891
scAB,Other,Neg_ctrl_Sample_96,-0.109456968613086,48418,4.68501581569294,Sample_100_GSE9891
scAB,Other,Neg_ctrl_Sample_97,-0.0426759492185181,48418,4.68501581569294,Sample_100_GSE9891
scAB,Other,Neg_ctrl_Sample_98,0.0231302869054781,48418,4.68501581569294,Sample_100_GSE9891
scAB,Other,Neg_ctrl_Sample_99,0.0372088412783493,48418,4.68501581569294,Sample_100_GSE9891
scAB,Other,Neg_ctrl_Sample_100,-0.0784630700526821,48418,4.68501581569294,Sample_100_GSE9891
scAB,Positive,Neg_ctrl_Sample_1,-0.0165189886348587,2447,3.38881141347352,Sample_100_GSE9891
scAB,Positive,Neg_ctrl_Sample_2,0.0159288554527244,2447,3.38881141347352,Sample_100_GSE9891
scAB,Positive,Neg_ctrl_Sample_3,0.00511980550355591,2447,3.38881141347352,Sample_100_GSE9891
scAB,Positive,Neg_ctrl_Sample_4,0.216654605341346,2447,3.38881141347352,Sample_100_GSE9891
scAB,Positive,Neg_ctrl_Sample_5,0.207768066879871,2447,3.38881141347352,Sample_100_GSE9891
scAB,Positive,Neg_ctrl_Sample_6,0.0056232352705212,2447,3.38881141347352,Sample_100_GSE9891
scAB,Positive,Neg_ctrl_Sample_7,-0.0700570879561655,2447,3.38881141347352,Sample_100_GSE9891
scAB,Positive,Neg_ctrl_Sample_8,0.0366467561796039,2447,3.38881141347352,Sample_100_GSE9891
scAB,Positive,Neg_ctrl_Sample_9,-0.013354994207742,2447,3.38881141347352,Sample_100_GSE9891
scAB,Positive,Neg_ctrl_Sample_10,0.0775542412572486,2447,3.38881141347352,Sample_100_GSE9891
scAB,Positive,Neg_ctrl_Sample_11,0.170174927656614,2447,3.38881141347352,Sample_100_GSE9891
scAB,Positive,Neg_ctrl_Sample_12,-0.0246023471897692,2447,3.38881141347352,Sample_100_GSE9891
scAB,Positive,Neg_ctrl_Sample_13,0.188238916024875,2447,3.38881141347352,Sample_100_GSE9891
scAB,Positive,Neg_ctrl_Sample_14,0.184054793691276,2447,3.38881141347352,Sample_100_GSE9891
scAB,Positive,Neg_ctrl_Sample_15,-0.0488158140765514,2447,3.38881141347352,Sample_100_GSE9891
scAB,Positive,Neg_ctrl_Sample_16,0.0269387726598023,2447,3.38881141347352,Sample_100_GSE9891
scAB,Positive,Neg_ctrl_Sample_17,0.0660718985802638,2447,3.38881141347352,Sample_100_GSE9891
scAB,Positive,Neg_ctrl_Sample_18,0.256776555990872,2447,3.38881141347352,Sample_100_GSE9891
scAB,Positive,Neg_ctrl_Sample_19,0.324833595659037,2447,3.38881141347352,Sample_100_GSE9891
scAB,Positive,Neg_ctrl_Sample_20,-0.0861455200341993,2447,3.38881141347352,Sample_100_GSE9891
scAB,Positive,Neg_ctrl_Sample_21,0.0755864603958218,2447,3.38881141347352,Sample_100_GSE9891
scAB,Positive,Neg_ctrl_Sample_22,0.136160164912297,2447,3.38881141347352,Sample_100_GSE9891
scAB,Positive,Neg_ctrl_Sample_23,-0.0277518105588982,2447,3.38881141347352,Sample_100_GSE9891
scAB,Positive,Neg_ctrl_Sample_24,0.301542562611638,2447,3.38881141347352,Sample_100_GSE9891
scAB,Positive,Neg_ctrl_Sample_25,0.138137225126914,2447,3.38881141347352,Sample_100_GSE9891
scAB,Positive,Neg_ctrl_Sample_26,0.108317736267809,2447,3.38881141347352,Sample_100_GSE9891
scAB,Positive,Neg_ctrl_Sample_27,0.111287361966119,2447,3.38881141347352,Sample_100_GSE9891
scAB,Positive,Neg_ctrl_Sample_28,-0.0097156453656817,2447,3.38881141347352,Sample_100_GSE9891
scAB,Positive,Neg_ctrl_Sample_29,0.127815991304125,2447,3.38881141347352,Sample_100_GSE9891
scAB,Positive,Neg_ctrl_Sample_30,-0.0418333614268118,2447,3.38881141347352,Sample_100_GSE9891
scAB,Positive,Neg_ctrl_Sample_31,0.0824929879540826,2447,3.38881141347352,Sample_100_GSE9891
scAB,Positive,Neg_ctrl_Sample_32,0.112123488676365,2447,3.38881141347352,Sample_100_GSE9891
scAB,Positive,Neg_ctrl_Sample_33,0.136184950582507,2447,3.38881141347352,Sample_100_GSE9891
scAB,Positive,Neg_ctrl_Sample_34,-0.115728062256146,2447,3.38881141347352,Sample_100_GSE9891
scAB,Positive,Neg_ctrl_Sample_35,0.11274082300293,2447,3.38881141347352,Sample_100_GSE9891
scAB,Positive,Neg_ctrl_Sample_36,0.147893861950905,2447,3.38881141347352,Sample_100_GSE9891
scAB,Positive,Neg_ctrl_Sample_37,0.00326181105617514,2447,3.38881141347352,Sample_100_GSE9891
scAB,Positive,Neg_ctrl_Sample_38,0.182774095418251,2447,3.38881141347352,Sample_100_GSE9891
scAB,Positive,Neg_ctrl_Sample_39,0.102340317664816,2447,3.38881141347352,Sample_100_GSE9891
scAB,Positive,Neg_ctrl_Sample_40,0.150937993016519,2447,3.38881141347352,Sample_100_GSE9891
scAB,Positive,Neg_ctrl_Sample_41,0.00239809039563878,2447,3.38881141347352,Sample_100_GSE9891
scAB,Positive,Neg_ctrl_Sample_42,-0.0065993967974309,2447,3.38881141347352,Sample_100_GSE9891
scAB,Positive,Neg_ctrl_Sample_43,0.113165565418142,2447,3.38881141347352,Sample_100_GSE9891
scAB,Positive,Neg_ctrl_Sample_44,0.127024823859544,2447,3.38881141347352,Sample_100_GSE9891
scAB,Positive,Neg_ctrl_Sample_45,0.243405249461547,2447,3.38881141347352,Sample_100_GSE9891
scAB,Positive,Neg_ctrl_Sample_46,0.170619534505933,2447,3.38881141347352,Sample_100_GSE9891
scAB,Positive,Neg_ctrl_Sample_47,0.0537459058201567,2447,3.38881141347352,Sample_100_GSE9891
scAB,Positive,Neg_ctrl_Sample_48,0.114880241842521,2447,3.38881141347352,Sample_100_GSE9891
scAB,Positive,Neg_ctrl_Sample_49,0.0461052093058475,2447,3.38881141347352,Sample_100_GSE9891
scAB,Positive,Neg_ctrl_Sample_50,0.0883228695285193,2447,3.38881141347352,Sample_100_GSE9891
scAB,Positive,Neg_ctrl_Sample_51,-0.00879073089369842,2447,3.38881141347352,Sample_100_GSE9891
scAB,Positive,Neg_ctrl_Sample_52,0.182054645963143,2447,3.38881141347352,Sample_100_GSE9891
scAB,Positive,Neg_ctrl_Sample_53,0.109578181325591,2447,3.38881141347352,Sample_100_GSE9891
scAB,Positive,Neg_ctrl_Sample_54,0.148110970954807,2447,3.38881141347352,Sample_100_GSE9891
scAB,Positive,Neg_ctrl_Sample_55,0.00632863149638127,2447,3.38881141347352,Sample_100_GSE9891
scAB,Positive,Neg_ctrl_Sample_56,0.1745081401245,2447,3.38881141347352,Sample_100_GSE9891
scAB,Positive,Neg_ctrl_Sample_57,0.131296952194386,2447,3.38881141347352,Sample_100_GSE9891
scAB,Positive,Neg_ctrl_Sample_58,0.0790533571044658,2447,3.38881141347352,Sample_100_GSE9891
scAB,Positive,Neg_ctrl_Sample_59,0.203657269246868,2447,3.38881141347352,Sample_100_GSE9891
scAB,Positive,Neg_ctrl_Sample_60,0.00866166989620877,2447,3.38881141347352,Sample_100_GSE9891
scAB,Positive,Neg_ctrl_Sample_61,0.12284031002825,2447,3.38881141347352,Sample_100_GSE9891
scAB,Positive,Neg_ctrl_Sample_62,-0.0139093314906019,2447,3.38881141347352,Sample_100_GSE9891
scAB,Positive,Neg_ctrl_Sample_63,0.015916190377122,2447,3.38881141347352,Sample_100_GSE9891
scAB,Positive,Neg_ctrl_Sample_64,0.227139019096066,2447,3.38881141347352,Sample_100_GSE9891
scAB,Positive,Neg_ctrl_Sample_65,-0.0121118924148317,2447,3.38881141347352,Sample_100_GSE9891
scAB,Positive,Neg_ctrl_Sample_66,0.168355780236062,2447,3.38881141347352,Sample_100_GSE9891
scAB,Positive,Neg_ctrl_Sample_67,0.157287850204905,2447,3.38881141347352,Sample_100_GSE9891
scAB,Positive,Neg_ctrl_Sample_68,0.103085208331349,2447,3.38881141347352,Sample_100_GSE9891
scAB,Positive,Neg_ctrl_Sample_69,-0.106288703572434,2447,3.38881141347352,Sample_100_GSE9891
scAB,Positive,Neg_ctrl_Sample_70,0.0448698144647808,2447,3.38881141347352,Sample_100_GSE9891
scAB,Positive,Neg_ctrl_Sample_71,0.041183520063861,2447,3.38881141347352,Sample_100_GSE9891
scAB,Positive,Neg_ctrl_Sample_72,0.0746914513210558,2447,3.38881141347352,Sample_100_GSE9891
scAB,Positive,Neg_ctrl_Sample_73,-0.0421026985559066,2447,3.38881141347352,Sample_100_GSE9891
scAB,Positive,Neg_ctrl_Sample_74,0.00117549437775131,2447,3.38881141347352,Sample_100_GSE9891
scAB,Positive,Neg_ctrl_Sample_75,0.0813660039229063,2447,3.38881141347352,Sample_100_GSE9891
scAB,Positive,Neg_ctrl_Sample_76,0.120965622924398,2447,3.38881141347352,Sample_100_GSE9891
scAB,Positive,Neg_ctrl_Sample_77,0.0656444183149094,2447,3.38881141347352,Sample_100_GSE9891
scAB,Positive,Neg_ctrl_Sample_78,0.00917088034433335,2447,3.38881141347352,Sample_100_GSE9891
scAB,Positive,Neg_ctrl_Sample_79,0.0364475888167989,2447,3.38881141347352,Sample_100_GSE9891
scAB,Positive,Neg_ctrl_Sample_80,0.0302718518156732,2447,3.38881141347352,Sample_100_GSE9891
scAB,Positive,Neg_ctrl_Sample_81,0.154847920519174,2447,3.38881141347352,Sample_100_GSE9891
scAB,Positive,Neg_ctrl_Sample_82,0.10472065312669,2447,3.38881141347352,Sample_100_GSE9891
scAB,Positive,Neg_ctrl_Sample_83,0.0479991449560661,2447,3.38881141347352,Sample_100_GSE9891
scAB,Positive,Neg_ctrl_Sample_84,0.0586988417487733,2447,3.38881141347352,Sample_100_GSE9891
scAB,Positive,Neg_ctrl_Sample_85,0.0170931573206721,2447,3.38881141347352,Sample_100_GSE9891
scAB,Positive,Neg_ctrl_Sample_86,-0.0755543642476594,2447,3.38881141347352,Sample_100_GSE9891
scAB,Positive,Neg_ctrl_Sample_87,0.0652823644739614,2447,3.38881141347352,Sample_100_GSE9891
scAB,Positive,Neg_ctrl_Sample_88,0.112760242506286,2447,3.38881141347352,Sample_100_GSE9891
scAB,Positive,Neg_ctrl_Sample_89,0.186021289727911,2447,3.38881141347352,Sample_100_GSE9891
scAB,Positive,Neg_ctrl_Sample_90,0.0120802873424787,2447,3.38881141347352,Sample_100_GSE9891
scAB,Positive,Neg_ctrl_Sample_91,0.171888049390095,2447,3.38881141347352,Sample_100_GSE9891
scAB,Positive,Neg_ctrl_Sample_92,0.101461414759338,2447,3.38881141347352,Sample_100_GSE9891
scAB,Positive,Neg_ctrl_Sample_93,0.0208059109454781,2447,3.38881141347352,Sample_100_GSE9891
scAB,Positive,Neg_ctrl_Sample_94,0.0069007299672278,2447,3.38881141347352,Sample_100_GSE9891
scAB,Positive,Neg_ctrl_Sample_95,0.0357688532860375,2447,3.38881141347352,Sample_100_GSE9891
scAB,Positive,Neg_ctrl_Sample_96,-0.0254222848042269,2447,3.38881141347352,Sample_100_GSE9891
scAB,Positive,Neg_ctrl_Sample_97,-0.0444821646589073,2447,3.38881141347352,Sample_100_GSE9891
scAB,Positive,Neg_ctrl_Sample_98,0.0308043181296434,2447,3.38881141347352,Sample_100_GSE9891
scAB,Positive,Neg_ctrl_Sample_99,0.17294313150107,2447,3.38881141347352,Sample_100_GSE9891
scAB,Positive,Neg_ctrl_Sample_100,-0.0318082341200469,2447,3.38881141347352,Sample_100_GSE9891
scPAS,Negative,Neg_ctrl_Sample_1,-0.053541875102809,345,2.53907609879278,Sample_100_GSE9891
scPAS,Negative,Neg_ctrl_Sample_2,-0.0435070691858228,345,2.53907609879278,Sample_100_GSE9891
scPAS,Negative,Neg_ctrl_Sample_3,-0.0399386145718752,345,2.53907609879278,Sample_100_GSE9891
scPAS,Negative,Neg_ctrl_Sample_4,-0.0238384078488465,345,2.53907609879278,Sample_100_GSE9891
scPAS,Negative,Neg_ctrl_Sample_5,0.0367592171353432,345,2.53907609879278,Sample_100_GSE9891
scPAS,Negative,Neg_ctrl_Sample_6,-0.0762225940835003,345,2.53907609879278,Sample_100_GSE9891
scPAS,Negative,Neg_ctrl_Sample_7,-0.106206546127212,345,2.53907609879278,Sample_100_GSE9891
scPAS,Negative,Neg_ctrl_Sample_8,0.0345643907093068,345,2.53907609879278,Sample_100_GSE9891
scPAS,Negative,Neg_ctrl_Sample_9,0.0219691996378459,345,2.53907609879278,Sample_100_GSE9891
scPAS,Negative,Neg_ctrl_Sample_10,0.0518086301293254,345,2.53907609879278,Sample_100_GSE9891
scPAS,Negative,Neg_ctrl_Sample_11,0.138409152898599,345,2.53907609879278,Sample_100_GSE9891
scPAS,Negative,Neg_ctrl_Sample_12,-0.124889119809395,345,2.53907609879278,Sample_100_GSE9891
scPAS,Negative,Neg_ctrl_Sample_13,0.0346948296370153,345,2.53907609879278,Sample_100_GSE9891
scPAS,Negative,Neg_ctrl_Sample_14,0.0558802797221574,345,2.53907609879278,Sample_100_GSE9891
scPAS,Negative,Neg_ctrl_Sample_15,-0.0657916797325445,345,2.53907609879278,Sample_100_GSE9891
scPAS,Negative,Neg_ctrl_Sample_16,-0.00217185672208396,345,2.53907609879278,Sample_100_GSE9891
scPAS,Negative,Neg_ctrl_Sample_17,0.0823736268072219,345,2.53907609879278,Sample_100_GSE9891
scPAS,Negative,Neg_ctrl_Sample_18,0.189843974898956,345,2.53907609879278,Sample_100_GSE9891
scPAS,Negative,Neg_ctrl_Sample_19,0.248262512416167,345,2.53907609879278,Sample_100_GSE9891
scPAS,Negative,Neg_ctrl_Sample_20,-0.144317361010653,345,2.53907609879278,Sample_100_GSE9891
scPAS,Negative,Neg_ctrl_Sample_21,0.0135438414622723,345,2.53907609879278,Sample_100_GSE9891
scPAS,Negative,Neg_ctrl_Sample_22,0.164389026857813,345,2.53907609879278,Sample_100_GSE9891
scPAS,Negative,Neg_ctrl_Sample_23,-0.0562980807940598,345,2.53907609879278,Sample_100_GSE9891
scPAS,Negative,Neg_ctrl_Sample_24,0.167485315180639,345,2.53907609879278,Sample_100_GSE9891
scPAS,Negative,Neg_ctrl_Sample_25,0.0584556821568265,345,2.53907609879278,Sample_100_GSE9891
scPAS,Negative,Neg_ctrl_Sample_26,0.0478520810716438,345,2.53907609879278,Sample_100_GSE9891
scPAS,Negative,Neg_ctrl_Sample_27,0.0284480906691108,345,2.53907609879278,Sample_100_GSE9891
scPAS,Negative,Neg_ctrl_Sample_28,0.0415163244287107,345,2.53907609879278,Sample_100_GSE9891
scPAS,Negative,Neg_ctrl_Sample_29,0.132632223274855,345,2.53907609879278,Sample_100_GSE9891
scPAS,Negative,Neg_ctrl_Sample_30,-0.0432082898309566,345,2.53907609879278,Sample_100_GSE9891
scPAS,Negative,Neg_ctrl_Sample_31,0.0267980032104483,345,2.53907609879278,Sample_100_GSE9891
scPAS,Negative,Neg_ctrl_Sample_32,0.151542388302594,345,2.53907609879278,Sample_100_GSE9891
scPAS,Negative,Neg_ctrl_Sample_33,0.0936194690382016,345,2.53907609879278,Sample_100_GSE9891
scPAS,Negative,Neg_ctrl_Sample_34,-0.216648910541012,345,2.53907609879278,Sample_100_GSE9891
scPAS,Negative,Neg_ctrl_Sample_35,0.0197662609035144,345,2.53907609879278,Sample_100_GSE9891
scPAS,Negative,Neg_ctrl_Sample_36,0.0409399129471751,345,2.53907609879278,Sample_100_GSE9891
scPAS,Negative,Neg_ctrl_Sample_37,0.0896302765373059,345,2.53907609879278,Sample_100_GSE9891
scPAS,Negative,Neg_ctrl_Sample_38,0.0930308862365517,345,2.53907609879278,Sample_100_GSE9891
scPAS,Negative,Neg_ctrl_Sample_39,0.0600294517590369,345,2.53907609879278,Sample_100_GSE9891
scPAS,Negative,Neg_ctrl_Sample_40,0.0895046225677309,345,2.53907609879278,Sample_100_GSE9891
scPAS,Negative,Neg_ctrl_Sample_41,-0.0846994995114388,345,2.53907609879278,Sample_100_GSE9891
scPAS,Negative,Neg_ctrl_Sample_42,-0.0841193555831374,345,2.53907609879278,Sample_100_GSE9891
scPAS,Negative,Neg_ctrl_Sample_43,0.0851502097993029,345,2.53907609879278,Sample_100_GSE9891
scPAS,Negative,Neg_ctrl_Sample_44,0.187617035323893,345,2.53907609879278,Sample_100_GSE9891
scPAS,Negative,Neg_ctrl_Sample_45,0.19666947623676,345,2.53907609879278,Sample_100_GSE9891
scPAS,Negative,Neg_ctrl_Sample_46,0.180616759785534,345,2.53907609879278,Sample_100_GSE9891
scPAS,Negative,Neg_ctrl_Sample_47,0.0407464270854115,345,2.53907609879278,Sample_100_GSE9891
scPAS,Negative,Neg_ctrl_Sample_48,0.132413949162444,345,2.53907609879278,Sample_100_GSE9891
scPAS,Negative,Neg_ctrl_Sample_49,-0.133373501060479,345,2.53907609879278,Sample_100_GSE9891
scPAS,Negative,Neg_ctrl_Sample_50,0.0392582763541042,345,2.53907609879278,Sample_100_GSE9891
scPAS,Negative,Neg_ctrl_Sample_51,-0.0327571096239219,345,2.53907609879278,Sample_100_GSE9891
scPAS,Negative,Neg_ctrl_Sample_52,0.114039332840232,345,2.53907609879278,Sample_100_GSE9891
scPAS,Negative,Neg_ctrl_Sample_53,-0.025906368303833,345,2.53907609879278,Sample_100_GSE9891
scPAS,Negative,Neg_ctrl_Sample_54,0.0695822970228837,345,2.53907609879278,Sample_100_GSE9891
scPAS,Negative,Neg_ctrl_Sample_55,0.00359411220713734,345,2.53907609879278,Sample_100_GSE9891
scPAS,Negative,Neg_ctrl_Sample_56,0.0772982098327074,345,2.53907609879278,Sample_100_GSE9891
scPAS,Negative,Neg_ctrl_Sample_57,0.146932216268307,345,2.53907609879278,Sample_100_GSE9891
scPAS,Negative,Neg_ctrl_Sample_58,0.0222174589548581,345,2.53907609879278,Sample_100_GSE9891
scPAS,Negative,Neg_ctrl_Sample_59,0.108104605394782,345,2.53907609879278,Sample_100_GSE9891
scPAS,Negative,Neg_ctrl_Sample_60,0.0409528004608932,345,2.53907609879278,Sample_100_GSE9891
scPAS,Negative,Neg_ctrl_Sample_61,0.0326441524583409,345,2.53907609879278,Sample_100_GSE9891
scPAS,Negative,Neg_ctrl_Sample_62,-0.0840521646372159,345,2.53907609879278,Sample_100_GSE9891
scPAS,Negative,Neg_ctrl_Sample_63,-0.0119458277194159,345,2.53907609879278,Sample_100_GSE9891
scPAS,Negative,Neg_ctrl_Sample_64,0.127356485599197,345,2.53907609879278,Sample_100_GSE9891
scPAS,Negative,Neg_ctrl_Sample_65,-0.0827098153448567,345,2.53907609879278,Sample_100_GSE9891
scPAS,Negative,Neg_ctrl_Sample_66,0.0951995182351033,345,2.53907609879278,Sample_100_GSE9891
scPAS,Negative,Neg_ctrl_Sample_67,0.106302468416424,345,2.53907609879278,Sample_100_GSE9891
scPAS,Negative,Neg_ctrl_Sample_68,0.1209106652729,345,2.53907609879278,Sample_100_GSE9891
scPAS,Negative,Neg_ctrl_Sample_69,-0.10401582583543,345,2.53907609879278,Sample_100_GSE9891
scPAS,Negative,Neg_ctrl_Sample_70,-0.0350535076782591,345,2.53907609879278,Sample_100_GSE9891
scPAS,Negative,Neg_ctrl_Sample_71,0.00919276093191549,345,2.53907609879278,Sample_100_GSE9891
scPAS,Negative,Neg_ctrl_Sample_72,-0.0125145442445101,345,2.53907609879278,Sample_100_GSE9891
scPAS,Negative,Neg_ctrl_Sample_73,-0.0934053616691594,345,2.53907609879278,Sample_100_GSE9891
scPAS,Negative,Neg_ctrl_Sample_74,0.0208656974559942,345,2.53907609879278,Sample_100_GSE9891
scPAS,Negative,Neg_ctrl_Sample_75,-0.0484275621000983,345,2.53907609879278,Sample_100_GSE9891
scPAS,Negative,Neg_ctrl_Sample_76,0.0793012525217787,345,2.53907609879278,Sample_100_GSE9891
scPAS,Negative,Neg_ctrl_Sample_77,0.0739215766952079,345,2.53907609879278,Sample_100_GSE9891
scPAS,Negative,Neg_ctrl_Sample_78,-0.0175120159874826,345,2.53907609879278,Sample_100_GSE9891
scPAS,Negative,Neg_ctrl_Sample_79,-0.0168849359475853,345,2.53907609879278,Sample_100_GSE9891
scPAS,Negative,Neg_ctrl_Sample_80,-0.0248685407823756,345,2.53907609879278,Sample_100_GSE9891
scPAS,Negative,Neg_ctrl_Sample_81,0.0417775592786539,345,2.53907609879278,Sample_100_GSE9891
scPAS,Negative,Neg_ctrl_Sample_82,-0.0451409242371732,345,2.53907609879278,Sample_100_GSE9891
scPAS,Negative,Neg_ctrl_Sample_83,0.0110644164988473,345,2.53907609879278,Sample_100_GSE9891
scPAS,Negative,Neg_ctrl_Sample_84,0.0995173146551934,345,2.53907609879278,Sample_100_GSE9891
scPAS,Negative,Neg_ctrl_Sample_85,-0.00780228871827822,345,2.53907609879278,Sample_100_GSE9891
scPAS,Negative,Neg_ctrl_Sample_86,-0.146270258003497,345,2.53907609879278,Sample_100_GSE9891
scPAS,Negative,Neg_ctrl_Sample_87,0.0114736685029799,345,2.53907609879278,Sample_100_GSE9891
scPAS,Negative,Neg_ctrl_Sample_88,0.018152197060705,345,2.53907609879278,Sample_100_GSE9891
scPAS,Negative,Neg_ctrl_Sample_89,0.15118860589343,345,2.53907609879278,Sample_100_GSE9891
scPAS,Negative,Neg_ctrl_Sample_90,-0.0797373563330679,345,2.53907609879278,Sample_100_GSE9891
scPAS,Negative,Neg_ctrl_Sample_91,0.116941682045997,345,2.53907609879278,Sample_100_GSE9891
scPAS,Negative,Neg_ctrl_Sample_92,-0.00011002791240834,345,2.53907609879278,Sample_100_GSE9891
scPAS,Negative,Neg_ctrl_Sample_93,-0.102703049979225,345,2.53907609879278,Sample_100_GSE9891
scPAS,Negative,Neg_ctrl_Sample_94,-0.0332962502729458,345,2.53907609879278,Sample_100_GSE9891
scPAS,Negative,Neg_ctrl_Sample_95,0.0146729242539641,345,2.53907609879278,Sample_100_GSE9891
scPAS,Negative,Neg_ctrl_Sample_96,-0.104501597066932,345,2.53907609879278,Sample_100_GSE9891
scPAS,Negative,Neg_ctrl_Sample_97,-0.0327705641710997,345,2.53907609879278,Sample_100_GSE9891
scPAS,Negative,Neg_ctrl_Sample_98,0.0319060609840678,345,2.53907609879278,Sample_100_GSE9891
scPAS,Negative,Neg_ctrl_Sample_99,0.0412393206994284,345,2.53907609879278,Sample_100_GSE9891
scPAS,Negative,Neg_ctrl_Sample_100,-0.0734310139733909,345,2.53907609879278,Sample_100_GSE9891
scPAS,Neutral,Neg_ctrl_Sample_1,-0.0433177179324978,50014,4.69910027314125,Sample_100_GSE9891
scPAS,Neutral,Neg_ctrl_Sample_2,-0.0504382170953563,50014,4.69910027314125,Sample_100_GSE9891
scPAS,Neutral,Neg_ctrl_Sample_3,-0.0399094923299346,50014,4.69910027314125,Sample_100_GSE9891
scPAS,Neutral,Neg_ctrl_Sample_4,-0.00867607712314659,50014,4.69910027314125,Sample_100_GSE9891
scPAS,Neutral,Neg_ctrl_Sample_5,0.0471633191557812,50014,4.69910027314125,Sample_100_GSE9891
scPAS,Neutral,Neg_ctrl_Sample_6,-0.0761131862740056,50014,4.69910027314125,Sample_100_GSE9891
scPAS,Neutral,Neg_ctrl_Sample_7,-0.109836180478181,50014,4.69910027314125,Sample_100_GSE9891
scPAS,Neutral,Neg_ctrl_Sample_8,0.0376575300027854,50014,4.69910027314125,Sample_100_GSE9891
scPAS,Neutral,Neg_ctrl_Sample_9,0.0132425586943111,50014,4.69910027314125,Sample_100_GSE9891
scPAS,Neutral,Neg_ctrl_Sample_10,0.0498214235726496,50014,4.69910027314125,Sample_100_GSE9891
scPAS,Neutral,Neg_ctrl_Sample_11,0.135417528109317,50014,4.69910027314125,Sample_100_GSE9891
scPAS,Neutral,Neg_ctrl_Sample_12,-0.118475824506091,50014,4.69910027314125,Sample_100_GSE9891
scPAS,Neutral,Neg_ctrl_Sample_13,0.0312213458109065,50014,4.69910027314125,Sample_100_GSE9891
scPAS,Neutral,Neg_ctrl_Sample_14,0.0773454249816559,50014,4.69910027314125,Sample_100_GSE9891
scPAS,Neutral,Neg_ctrl_Sample_15,-0.0680612246152275,50014,4.69910027314125,Sample_100_GSE9891
scPAS,Neutral,Neg_ctrl_Sample_16,-0.00940935178971682,50014,4.69910027314125,Sample_100_GSE9891
scPAS,Neutral,Neg_ctrl_Sample_17,0.0825341513723672,50014,4.69910027314125,Sample_100_GSE9891
scPAS,Neutral,Neg_ctrl_Sample_18,0.208702242473706,50014,4.69910027314125,Sample_100_GSE9891
scPAS,Neutral,Neg_ctrl_Sample_19,0.255409230218206,50014,4.69910027314125,Sample_100_GSE9891
scPAS,Neutral,Neg_ctrl_Sample_20,-0.133874755288562,50014,4.69910027314125,Sample_100_GSE9891
scPAS,Neutral,Neg_ctrl_Sample_21,0.014783394440711,50014,4.69910027314125,Sample_100_GSE9891
scPAS,Neutral,Neg_ctrl_Sample_22,0.165585350062565,50014,4.69910027314125,Sample_100_GSE9891
scPAS,Neutral,Neg_ctrl_Sample_23,-0.0550041773529698,50014,4.69910027314125,Sample_100_GSE9891
scPAS,Neutral,Neg_ctrl_Sample_24,0.175768651482547,50014,4.69910027314125,Sample_100_GSE9891
scPAS,Neutral,Neg_ctrl_Sample_25,0.0588554109165448,50014,4.69910027314125,Sample_100_GSE9891
scPAS,Neutral,Neg_ctrl_Sample_26,0.0572289218748564,50014,4.69910027314125,Sample_100_GSE9891
scPAS,Neutral,Neg_ctrl_Sample_27,0.0339377530833264,50014,4.69910027314125,Sample_100_GSE9891
scPAS,Neutral,Neg_ctrl_Sample_28,0.0307081964076311,50014,4.69910027314125,Sample_100_GSE9891
scPAS,Neutral,Neg_ctrl_Sample_29,0.12818637569311,50014,4.69910027314125,Sample_100_GSE9891
scPAS,Neutral,Neg_ctrl_Sample_30,-0.0510087738258609,50014,4.69910027314125,Sample_100_GSE9891
scPAS,Neutral,Neg_ctrl_Sample_31,0.0356886476510909,50014,4.69910027314125,Sample_100_GSE9891
scPAS,Neutral,Neg_ctrl_Sample_32,0.154116724052366,50014,4.69910027314125,Sample_100_GSE9891
scPAS,Neutral,Neg_ctrl_Sample_33,0.096548420804912,50014,4.69910027314125,Sample_100_GSE9891
scPAS,Neutral,Neg_ctrl_Sample_34,-0.216564752163397,50014,4.69910027314125,Sample_100_GSE9891
scPAS,Neutral,Neg_ctrl_Sample_35,0.0286265658012777,50014,4.69910027314125,Sample_100_GSE9891
scPAS,Neutral,Neg_ctrl_Sample_36,0.048089599319404,50014,4.69910027314125,Sample_100_GSE9891
scPAS,Neutral,Neg_ctrl_Sample_37,0.080692691047882,50014,4.69910027314125,Sample_100_GSE9891
scPAS,Neutral,Neg_ctrl_Sample_38,0.101171274866272,50014,4.69910027314125,Sample_100_GSE9891
scPAS,Neutral,Neg_ctrl_Sample_39,0.0661125298682297,50014,4.69910027314125,Sample_100_GSE9891
scPAS,Neutral,Neg_ctrl_Sample_40,0.0860037869320926,50014,4.69910027314125,Sample_100_GSE9891
scPAS,Neutral,Neg_ctrl_Sample_41,-0.0740587348884878,50014,4.69910027314125,Sample_100_GSE9891
scPAS,Neutral,Neg_ctrl_Sample_42,-0.0824381694447036,50014,4.69910027314125,Sample_100_GSE9891
scPAS,Neutral,Neg_ctrl_Sample_43,0.0839259960155975,50014,4.69910027314125,Sample_100_GSE9891
scPAS,Neutral,Neg_ctrl_Sample_44,0.184418143541596,50014,4.69910027314125,Sample_100_GSE9891
scPAS,Neutral,Neg_ctrl_Sample_45,0.198861116432867,50014,4.69910027314125,Sample_100_GSE9891
scPAS,Neutral,Neg_ctrl_Sample_46,0.179753091879883,50014,4.69910027314125,Sample_100_GSE9891
scPAS,Neutral,Neg_ctrl_Sample_47,0.0400833009054618,50014,4.69910027314125,Sample_100_GSE9891
scPAS,Neutral,Neg_ctrl_Sample_48,0.124833458493091,50014,4.69910027314125,Sample_100_GSE9891
scPAS,Neutral,Neg_ctrl_Sample_49,-0.118505982978605,50014,4.69910027314125,Sample_100_GSE9891
scPAS,Neutral,Neg_ctrl_Sample_50,0.0448470770490913,50014,4.69910027314125,Sample_100_GSE9891
scPAS,Neutral,Neg_ctrl_Sample_51,-0.0288956225103287,50014,4.69910027314125,Sample_100_GSE9891
scPAS,Neutral,Neg_ctrl_Sample_52,0.111964742095163,50014,4.69910027314125,Sample_100_GSE9891
scPAS,Neutral,Neg_ctrl_Sample_53,-0.00778328003821958,50014,4.69910027314125,Sample_100_GSE9891
scPAS,Neutral,Neg_ctrl_Sample_54,0.082838337935794,50014,4.69910027314125,Sample_100_GSE9891
scPAS,Neutral,Neg_ctrl_Sample_55,0.00155700415541725,50014,4.69910027314125,Sample_100_GSE9891
scPAS,Neutral,Neg_ctrl_Sample_56,0.0869476053833434,50014,4.69910027314125,Sample_100_GSE9891
scPAS,Neutral,Neg_ctrl_Sample_57,0.15336775083911,50014,4.69910027314125,Sample_100_GSE9891
scPAS,Neutral,Neg_ctrl_Sample_58,0.0219220938138194,50014,4.69910027314125,Sample_100_GSE9891
scPAS,Neutral,Neg_ctrl_Sample_59,0.118858768384929,50014,4.69910027314125,Sample_100_GSE9891
scPAS,Neutral,Neg_ctrl_Sample_60,0.0258360583114719,50014,4.69910027314125,Sample_100_GSE9891
scPAS,Neutral,Neg_ctrl_Sample_61,0.0276098421866428,50014,4.69910027314125,Sample_100_GSE9891
scPAS,Neutral,Neg_ctrl_Sample_62,-0.0756049893116648,50014,4.69910027314125,Sample_100_GSE9891
scPAS,Neutral,Neg_ctrl_Sample_63,-0.0139620799728079,50014,4.69910027314125,Sample_100_GSE9891
scPAS,Neutral,Neg_ctrl_Sample_64,0.133168499178052,50014,4.69910027314125,Sample_100_GSE9891
scPAS,Neutral,Neg_ctrl_Sample_65,-0.0819209236276097,50014,4.69910027314125,Sample_100_GSE9891
scPAS,Neutral,Neg_ctrl_Sample_66,0.0929043943338961,50014,4.69910027314125,Sample_100_GSE9891
scPAS,Neutral,Neg_ctrl_Sample_67,0.11035534472754,50014,4.69910027314125,Sample_100_GSE9891
scPAS,Neutral,Neg_ctrl_Sample_68,0.119277440506844,50014,4.69910027314125,Sample_100_GSE9891
scPAS,Neutral,Neg_ctrl_Sample_69,-0.104743918410612,50014,4.69910027314125,Sample_100_GSE9891
scPAS,Neutral,Neg_ctrl_Sample_70,-0.0319099054529999,50014,4.69910027314125,Sample_100_GSE9891
scPAS,Neutral,Neg_ctrl_Sample_71,0.00460439473678079,50014,4.69910027314125,Sample_100_GSE9891
scPAS,Neutral,Neg_ctrl_Sample_72,-0.0173257727868526,50014,4.69910027314125,Sample_100_GSE9891
scPAS,Neutral,Neg_ctrl_Sample_73,-0.0900588313220282,50014,4.69910027314125,Sample_100_GSE9891
scPAS,Neutral,Neg_ctrl_Sample_74,0.0167755537613262,50014,4.69910027314125,Sample_100_GSE9891
scPAS,Neutral,Neg_ctrl_Sample_75,-0.0460461949234444,50014,4.69910027314125,Sample_100_GSE9891
scPAS,Neutral,Neg_ctrl_Sample_76,0.0938921186564578,50014,4.69910027314125,Sample_100_GSE9891
scPAS,Neutral,Neg_ctrl_Sample_77,0.0614412275571997,50014,4.69910027314125,Sample_100_GSE9891
scPAS,Neutral,Neg_ctrl_Sample_78,-0.0116310673855571,50014,4.69910027314125,Sample_100_GSE9891
scPAS,Neutral,Neg_ctrl_Sample_79,-0.0132924532632126,50014,4.69910027314125,Sample_100_GSE9891
scPAS,Neutral,Neg_ctrl_Sample_80,-0.0159610205551316,50014,4.69910027314125,Sample_100_GSE9891
scPAS,Neutral,Neg_ctrl_Sample_81,0.0427799965858502,50014,4.69910027314125,Sample_100_GSE9891
scPAS,Neutral,Neg_ctrl_Sample_82,-0.0279342111063712,50014,4.69910027314125,Sample_100_GSE9891
scPAS,Neutral,Neg_ctrl_Sample_83,0.012471385961905,50014,4.69910027314125,Sample_100_GSE9891
scPAS,Neutral,Neg_ctrl_Sample_84,0.0942954109815543,50014,4.69910027314125,Sample_100_GSE9891
scPAS,Neutral,Neg_ctrl_Sample_85,-0.00833162973096909,50014,4.69910027314125,Sample_100_GSE9891
scPAS,Neutral,Neg_ctrl_Sample_86,-0.136493560727849,50014,4.69910027314125,Sample_100_GSE9891
scPAS,Neutral,Neg_ctrl_Sample_87,0.0228570075664731,50014,4.69910027314125,Sample_100_GSE9891
scPAS,Neutral,Neg_ctrl_Sample_88,0.0181711482676701,50014,4.69910027314125,Sample_100_GSE9891
scPAS,Neutral,Neg_ctrl_Sample_89,0.156485005097301,50014,4.69910027314125,Sample_100_GSE9891
scPAS,Neutral,Neg_ctrl_Sample_90,-0.0805489555056274,50014,4.69910027314125,Sample_100_GSE9891
scPAS,Neutral,Neg_ctrl_Sample_91,0.119805458825522,50014,4.69910027314125,Sample_100_GSE9891
scPAS,Neutral,Neg_ctrl_Sample_92,0.00789467682858263,50014,4.69910027314125,Sample_100_GSE9891
scPAS,Neutral,Neg_ctrl_Sample_93,-0.0969595468523422,50014,4.69910027314125,Sample_100_GSE9891
scPAS,Neutral,Neg_ctrl_Sample_94,-0.0256658571393725,50014,4.69910027314125,Sample_100_GSE9891
scPAS,Neutral,Neg_ctrl_Sample_95,0.023046442746142,50014,4.69910027314125,Sample_100_GSE9891
scPAS,Neutral,Neg_ctrl_Sample_96,-0.105323914991493,50014,4.69910027314125,Sample_100_GSE9891
scPAS,Neutral,Neg_ctrl_Sample_97,-0.0426737275268861,50014,4.69910027314125,Sample_100_GSE9891
scPAS,Neutral,Neg_ctrl_Sample_98,0.0235242525271756,50014,4.69910027314125,Sample_100_GSE9891
scPAS,Neutral,Neg_ctrl_Sample_99,0.043682552907545,50014,4.69910027314125,Sample_100_GSE9891
scPAS,Neutral,Neg_ctrl_Sample_100,-0.0762946227011003,50014,4.69910027314125,Sample_100_GSE9891
scPAS,Positive,Neg_ctrl_Sample_1,-0.0115390379728092,506,2.70500795933334,Sample_100_GSE9891
scPAS,Positive,Neg_ctrl_Sample_2,-0.0527108454572493,506,2.70500795933334,Sample_100_GSE9891
scPAS,Positive,Neg_ctrl_Sample_3,-0.0412735785168496,506,2.70500795933334,Sample_100_GSE9891
scPAS,Positive,Neg_ctrl_Sample_4,-0.0160629319418477,506,2.70500795933334,Sample_100_GSE9891
scPAS,Positive,Neg_ctrl_Sample_5,0.0567715380287059,506,2.70500795933334,Sample_100_GSE9891
scPAS,Positive,Neg_ctrl_Sample_6,-0.0726869519561153,506,2.70500795933334,Sample_100_GSE9891
scPAS,Positive,Neg_ctrl_Sample_7,-0.0892594558442378,506,2.70500795933334,Sample_100_GSE9891
scPAS,Positive,Neg_ctrl_Sample_8,0.0653063177888444,506,2.70500795933334,Sample_100_GSE9891
scPAS,Positive,Neg_ctrl_Sample_9,0.0183882247559897,506,2.70500795933334,Sample_100_GSE9891
scPAS,Positive,Neg_ctrl_Sample_10,0.0390720406687348,506,2.70500795933334,Sample_100_GSE9891
scPAS,Positive,Neg_ctrl_Sample_11,0.157187048268637,506,2.70500795933334,Sample_100_GSE9891
scPAS,Positive,Neg_ctrl_Sample_12,-0.125220165939046,506,2.70500795933334,Sample_100_GSE9891
scPAS,Positive,Neg_ctrl_Sample_13,0.0234792550934222,506,2.70500795933334,Sample_100_GSE9891
scPAS,Positive,Neg_ctrl_Sample_14,0.124668324991451,506,2.70500795933334,Sample_100_GSE9891
scPAS,Positive,Neg_ctrl_Sample_15,-0.0582711219594704,506,2.70500795933334,Sample_100_GSE9891
scPAS,Positive,Neg_ctrl_Sample_16,0.0101410252215424,506,2.70500795933334,Sample_100_GSE9891
scPAS,Positive,Neg_ctrl_Sample_17,0.062719498455351,506,2.70500795933334,Sample_100_GSE9891
scPAS,Positive,Neg_ctrl_Sample_18,0.248100576977196,506,2.70500795933334,Sample_100_GSE9891
scPAS,Positive,Neg_ctrl_Sample_19,0.27929020354466,506,2.70500795933334,Sample_100_GSE9891
scPAS,Positive,Neg_ctrl_Sample_20,-0.116397448541426,506,2.70500795933334,Sample_100_GSE9891
scPAS,Positive,Neg_ctrl_Sample_21,0.0388642962214092,506,2.70500795933334,Sample_100_GSE9891
scPAS,Positive,Neg_ctrl_Sample_22,0.153127681146141,506,2.70500795933334,Sample_100_GSE9891
scPAS,Positive,Neg_ctrl_Sample_23,-0.0215398138927052,506,2.70500795933334,Sample_100_GSE9891
scPAS,Positive,Neg_ctrl_Sample_24,0.17734880106008,506,2.70500795933334,Sample_100_GSE9891
scPAS,Positive,Neg_ctrl_Sample_25,0.0549543243882424,506,2.70500795933334,Sample_100_GSE9891
scPAS,Positive,Neg_ctrl_Sample_26,0.0995882318325565,506,2.70500795933334,Sample_100_GSE9891
scPAS,Positive,Neg_ctrl_Sample_27,0.0825518560367605,506,2.70500795933334,Sample_100_GSE9891
scPAS,Positive,Neg_ctrl_Sample_28,0.0174568848923535,506,2.70500795933334,Sample_100_GSE9891
scPAS,Positive,Neg_ctrl_Sample_29,0.150943390781853,506,2.70500795933334,Sample_100_GSE9891
scPAS,Positive,Neg_ctrl_Sample_30,-0.0687724022395036,506,2.70500795933334,Sample_100_GSE9891
scPAS,Positive,Neg_ctrl_Sample_31,0.0487167307126704,506,2.70500795933334,Sample_100_GSE9891
scPAS,Positive,Neg_ctrl_Sample_32,0.146327858555839,506,2.70500795933334,Sample_100_GSE9891
scPAS,Positive,Neg_ctrl_Sample_33,0.10010301799203,506,2.70500795933334,Sample_100_GSE9891
scPAS,Positive,Neg_ctrl_Sample_34,-0.242527769141395,506,2.70500795933334,Sample_100_GSE9891
scPAS,Positive,Neg_ctrl_Sample_35,0.0679034675561937,506,2.70500795933334,Sample_100_GSE9891
scPAS,Positive,Neg_ctrl_Sample_36,0.0924593425063185,506,2.70500795933334,Sample_100_GSE9891
scPAS,Positive,Neg_ctrl_Sample_37,0.074698300752564,506,2.70500795933334,Sample_100_GSE9891
scPAS,Positive,Neg_ctrl_Sample_38,0.130550844238343,506,2.70500795933334,Sample_100_GSE9891
scPAS,Positive,Neg_ctrl_Sample_39,0.0544134357724281,506,2.70500795933334,Sample_100_GSE9891
scPAS,Positive,Neg_ctrl_Sample_40,0.0895645610476263,506,2.70500795933334,Sample_100_GSE9891
scPAS,Positive,Neg_ctrl_Sample_41,-0.0464943519226851,506,2.70500795933334,Sample_100_GSE9891
scPAS,Positive,Neg_ctrl_Sample_42,-0.0767916752366259,506,2.70500795933334,Sample_100_GSE9891
scPAS,Positive,Neg_ctrl_Sample_43,0.0736197318786438,506,2.70500795933334,Sample_100_GSE9891
scPAS,Positive,Neg_ctrl_Sample_44,0.198506628382695,506,2.70500795933334,Sample_100_GSE9891
scPAS,Positive,Neg_ctrl_Sample_45,0.186753045340327,506,2.70500795933334,Sample_100_GSE9891
scPAS,Positive,Neg_ctrl_Sample_46,0.17496763288109,506,2.70500795933334,Sample_100_GSE9891
scPAS,Positive,Neg_ctrl_Sample_47,0.0418615888871,506,2.70500795933334,Sample_100_GSE9891
scPAS,Positive,Neg_ctrl_Sample_48,0.125656762764118,506,2.70500795933334,Sample_100_GSE9891
scPAS,Positive,Neg_ctrl_Sample_49,-0.118786268927377,506,2.70500795933334,Sample_100_GSE9891
scPAS,Positive,Neg_ctrl_Sample_50,0.0461927703419238,506,2.70500795933334,Sample_100_GSE9891
scPAS,Positive,Neg_ctrl_Sample_51,-0.0480788163010587,506,2.70500795933334,Sample_100_GSE9891
scPAS,Positive,Neg_ctrl_Sample_52,0.121755606772365,506,2.70500795933334,Sample_100_GSE9891
scPAS,Positive,Neg_ctrl_Sample_53,0.0383285620284431,506,2.70500795933334,Sample_100_GSE9891
scPAS,Positive,Neg_ctrl_Sample_54,0.0906730089112575,506,2.70500795933334,Sample_100_GSE9891
scPAS,Positive,Neg_ctrl_Sample_55,0.0264201465147283,506,2.70500795933334,Sample_100_GSE9891
scPAS,Positive,Neg_ctrl_Sample_56,0.113009261324695,506,2.70500795933334,Sample_100_GSE9891
scPAS,Positive,Neg_ctrl_Sample_57,0.166387044127312,506,2.70500795933334,Sample_100_GSE9891
scPAS,Positive,Neg_ctrl_Sample_58,0.0469557019466101,506,2.70500795933334,Sample_100_GSE9891
scPAS,Positive,Neg_ctrl_Sample_59,0.167834018055433,506,2.70500795933334,Sample_100_GSE9891
scPAS,Positive,Neg_ctrl_Sample_60,-0.0110785088257084,506,2.70500795933334,Sample_100_GSE9891
scPAS,Positive,Neg_ctrl_Sample_61,0.0212386251788118,506,2.70500795933334,Sample_100_GSE9891
scPAS,Positive,Neg_ctrl_Sample_62,-0.077522902396533,506,2.70500795933334,Sample_100_GSE9891
scPAS,Positive,Neg_ctrl_Sample_63,-0.0136385190099008,506,2.70500795933334,Sample_100_GSE9891
scPAS,Positive,Neg_ctrl_Sample_64,0.107763507521985,506,2.70500795933334,Sample_100_GSE9891
scPAS,Positive,Neg_ctrl_Sample_65,-0.0443288290071037,506,2.70500795933334,Sample_100_GSE9891
scPAS,Positive,Neg_ctrl_Sample_66,0.090737611808845,506,2.70500795933334,Sample_100_GSE9891
scPAS,Positive,Neg_ctrl_Sample_67,0.143493337338305,506,2.70500795933334,Sample_100_GSE9891
scPAS,Positive,Neg_ctrl_Sample_68,0.0973375916763605,506,2.70500795933334,Sample_100_GSE9891
scPAS,Positive,Neg_ctrl_Sample_69,-0.0684135427141991,506,2.70500795933334,Sample_100_GSE9891
scPAS,Positive,Neg_ctrl_Sample_70,-0.00867565384027205,506,2.70500795933334,Sample_100_GSE9891
scPAS,Positive,Neg_ctrl_Sample_71,-0.017678614450177,506,2.70500795933334,Sample_100_GSE9891
scPAS,Positive,Neg_ctrl_Sample_72,-0.0271197288105201,506,2.70500795933334,Sample_100_GSE9891
scPAS,Positive,Neg_ctrl_Sample_73,-0.0820429339160998,506,2.70500795933334,Sample_100_GSE9891
scPAS,Positive,Neg_ctrl_Sample_74,0.0119245077020732,506,2.70500795933334,Sample_100_GSE9891
scPAS,Positive,Neg_ctrl_Sample_75,-0.062023224590002,506,2.70500795933334,Sample_100_GSE9891
scPAS,Positive,Neg_ctrl_Sample_76,0.116195006840163,506,2.70500795933334,Sample_100_GSE9891
scPAS,Positive,Neg_ctrl_Sample_77,0.0658565384282321,506,2.70500795933334,Sample_100_GSE9891
scPAS,Positive,Neg_ctrl_Sample_78,-0.0185722431464106,506,2.70500795933334,Sample_100_GSE9891
scPAS,Positive,Neg_ctrl_Sample_79,-0.0211747535131591,506,2.70500795933334,Sample_100_GSE9891
scPAS,Positive,Neg_ctrl_Sample_80,-0.00070747719460106,506,2.70500795933334,Sample_100_GSE9891
scPAS,Positive,Neg_ctrl_Sample_81,0.0156092030183783,506,2.70500795933334,Sample_100_GSE9891
scPAS,Positive,Neg_ctrl_Sample_82,-0.0108023631087832,506,2.70500795933334,Sample_100_GSE9891
scPAS,Positive,Neg_ctrl_Sample_83,0.00581302108190281,506,2.70500795933334,Sample_100_GSE9891
scPAS,Positive,Neg_ctrl_Sample_84,0.0824922417909419,506,2.70500795933334,Sample_100_GSE9891
scPAS,Positive,Neg_ctrl_Sample_85,0.00178061323813853,506,2.70500795933334,Sample_100_GSE9891
scPAS,Positive,Neg_ctrl_Sample_86,-0.112578498045661,506,2.70500795933334,Sample_100_GSE9891
scPAS,Positive,Neg_ctrl_Sample_87,0.0196174115649419,506,2.70500795933334,Sample_100_GSE9891
scPAS,Positive,Neg_ctrl_Sample_88,0.00173809387233287,506,2.70500795933334,Sample_100_GSE9891
scPAS,Positive,Neg_ctrl_Sample_89,0.15650945315589,506,2.70500795933334,Sample_100_GSE9891
scPAS,Positive,Neg_ctrl_Sample_90,-0.0590289059500239,506,2.70500795933334,Sample_100_GSE9891
scPAS,Positive,Neg_ctrl_Sample_91,0.108701160598332,506,2.70500795933334,Sample_100_GSE9891
scPAS,Positive,Neg_ctrl_Sample_92,0.0301585008373078,506,2.70500795933334,Sample_100_GSE9891
scPAS,Positive,Neg_ctrl_Sample_93,-0.105589060386085,506,2.70500795933334,Sample_100_GSE9891
scPAS,Positive,Neg_ctrl_Sample_94,-0.0101878360581609,506,2.70500795933334,Sample_100_GSE9891
scPAS,Positive,Neg_ctrl_Sample_95,0.0873303251987117,506,2.70500795933334,Sample_100_GSE9891
scPAS,Positive,Neg_ctrl_Sample_96,-0.114965418679218,506,2.70500795933334,Sample_100_GSE9891
scPAS,Positive,Neg_ctrl_Sample_97,-0.0583840178139282,506,2.70500795933334,Sample_100_GSE9891
scPAS,Positive,Neg_ctrl_Sample_98,0.0153178674288793,506,2.70500795933334,Sample_100_GSE9891
scPAS,Positive,Neg_ctrl_Sample_99,0.0509935830809584,506,2.70500795933334,Sample_100_GSE9891
scPAS,Positive,Neg_ctrl_Sample_100,-0.0706061563416507,506,2.70500795933334,Sample_100_GSE9891
scPP,Negative,Neg_ctrl_Sample_1,-0.0542011895264449,2612,3.41713940972733,Sample_100_GSE9891
scPP,Negative,Neg_ctrl_Sample_2,-0.0232958787698434,2612,3.41713940972733,Sample_100_GSE9891
scPP,Negative,Neg_ctrl_Sample_3,-0.0110200897932517,2612,3.41713940972733,Sample_100_GSE9891
scPP,Negative,Neg_ctrl_Sample_4,0.104028189083854,2612,3.41713940972733,Sample_100_GSE9891
scPP,Negative,Neg_ctrl_Sample_5,0.128340300173102,2612,3.41713940972733,Sample_100_GSE9891
scPP,Negative,Neg_ctrl_Sample_6,-0.0444878310178389,2612,3.41713940972733,Sample_100_GSE9891
scPP,Negative,Neg_ctrl_Sample_7,-0.0888832208196611,2612,3.41713940972733,Sample_100_GSE9891
scPP,Negative,Neg_ctrl_Sample_8,0.0445239009219111,2612,3.41713940972733,Sample_100_GSE9891
scPP,Negative,Neg_ctrl_Sample_9,-0.000122388185657698,2612,3.41713940972733,Sample_100_GSE9891
scPP,Negative,Neg_ctrl_Sample_10,0.0660631080164493,2612,3.41713940972733,Sample_100_GSE9891
scPP,Negative,Neg_ctrl_Sample_11,0.137049632786228,2612,3.41713940972733,Sample_100_GSE9891
scPP,Negative,Neg_ctrl_Sample_12,-0.0793654242577706,2612,3.41713940972733,Sample_100_GSE9891
scPP,Negative,Neg_ctrl_Sample_13,0.128997126378212,2612,3.41713940972733,Sample_100_GSE9891
scPP,Negative,Neg_ctrl_Sample_14,0.157062412981295,2612,3.41713940972733,Sample_100_GSE9891
scPP,Negative,Neg_ctrl_Sample_15,-0.0679045206038396,2612,3.41713940972733,Sample_100_GSE9891
scPP,Negative,Neg_ctrl_Sample_16,0.00721106001154199,2612,3.41713940972733,Sample_100_GSE9891
scPP,Negative,Neg_ctrl_Sample_17,0.0621196203397139,2612,3.41713940972733,Sample_100_GSE9891
scPP,Negative,Neg_ctrl_Sample_18,0.236314593785949,2612,3.41713940972733,Sample_100_GSE9891
scPP,Negative,Neg_ctrl_Sample_19,0.290984812205936,2612,3.41713940972733,Sample_100_GSE9891
scPP,Negative,Neg_ctrl_Sample_20,-0.113275528864423,2612,3.41713940972733,Sample_100_GSE9891
scPP,Negative,Neg_ctrl_Sample_21,0.0588237667117233,2612,3.41713940972733,Sample_100_GSE9891
scPP,Negative,Neg_ctrl_Sample_22,0.167385279072314,2612,3.41713940972733,Sample_100_GSE9891
scPP,Negative,Neg_ctrl_Sample_23,-0.0450518400833506,2612,3.41713940972733,Sample_100_GSE9891
scPP,Negative,Neg_ctrl_Sample_24,0.233794561239731,2612,3.41713940972733,Sample_100_GSE9891
scPP,Negative,Neg_ctrl_Sample_25,0.101507985788138,2612,3.41713940972733,Sample_100_GSE9891
scPP,Negative,Neg_ctrl_Sample_26,0.0694207348948577,2612,3.41713940972733,Sample_100_GSE9891
scPP,Negative,Neg_ctrl_Sample_27,0.0772121016208033,2612,3.41713940972733,Sample_100_GSE9891
scPP,Negative,Neg_ctrl_Sample_28,0.0162745034084481,2612,3.41713940972733,Sample_100_GSE9891
scPP,Negative,Neg_ctrl_Sample_29,0.133380884123701,2612,3.41713940972733,Sample_100_GSE9891
scPP,Negative,Neg_ctrl_Sample_30,-0.0562116720795793,2612,3.41713940972733,Sample_100_GSE9891
scPP,Negative,Neg_ctrl_Sample_31,0.0590687751322268,2612,3.41713940972733,Sample_100_GSE9891
scPP,Negative,Neg_ctrl_Sample_32,0.127764752456705,2612,3.41713940972733,Sample_100_GSE9891
scPP,Negative,Neg_ctrl_Sample_33,0.125609738061832,2612,3.41713940972733,Sample_100_GSE9891
scPP,Negative,Neg_ctrl_Sample_34,-0.161289120775357,2612,3.41713940972733,Sample_100_GSE9891
scPP,Negative,Neg_ctrl_Sample_35,0.0797530338637731,2612,3.41713940972733,Sample_100_GSE9891
scPP,Negative,Neg_ctrl_Sample_36,0.10039530080011,2612,3.41713940972733,Sample_100_GSE9891
scPP,Negative,Neg_ctrl_Sample_37,0.0430329960093159,2612,3.41713940972733,Sample_100_GSE9891
scPP,Negative,Neg_ctrl_Sample_38,0.149064533467696,2612,3.41713940972733,Sample_100_GSE9891
scPP,Negative,Neg_ctrl_Sample_39,0.089718026976091,2612,3.41713940972733,Sample_100_GSE9891
scPP,Negative,Neg_ctrl_Sample_40,0.124030243687812,2612,3.41713940972733,Sample_100_GSE9891
scPP,Negative,Neg_ctrl_Sample_41,-0.0553849784330591,2612,3.41713940972733,Sample_100_GSE9891
scPP,Negative,Neg_ctrl_Sample_42,-0.049086274982979,2612,3.41713940972733,Sample_100_GSE9891
scPP,Negative,Neg_ctrl_Sample_43,0.0970127762800085,2612,3.41713940972733,Sample_100_GSE9891
scPP,Negative,Neg_ctrl_Sample_44,0.150162696900834,2612,3.41713940972733,Sample_100_GSE9891
scPP,Negative,Neg_ctrl_Sample_45,0.225264528009487,2612,3.41713940972733,Sample_100_GSE9891
scPP,Negative,Neg_ctrl_Sample_46,0.175900798985392,2612,3.41713940972733,Sample_100_GSE9891
scPP,Negative,Neg_ctrl_Sample_47,0.0456310486995295,2612,3.41713940972733,Sample_100_GSE9891
scPP,Negative,Neg_ctrl_Sample_48,0.123062962259065,2612,3.41713940972733,Sample_100_GSE9891
scPP,Negative,Neg_ctrl_Sample_49,-0.0264009215283925,2612,3.41713940972733,Sample_100_GSE9891
scPP,Negative,Neg_ctrl_Sample_50,0.0683046418602459,2612,3.41713940972733,Sample_100_GSE9891
scPP,Negative,Neg_ctrl_Sample_51,-0.0216069197770276,2612,3.41713940972733,Sample_100_GSE9891
scPP,Negative,Neg_ctrl_Sample_52,0.145473652250586,2612,3.41713940972733,Sample_100_GSE9891
scPP,Negative,Neg_ctrl_Sample_53,0.0345412048460553,2612,3.41713940972733,Sample_100_GSE9891
scPP,Negative,Neg_ctrl_Sample_54,0.109279503842466,2612,3.41713940972733,Sample_100_GSE9891
scPP,Negative,Neg_ctrl_Sample_55,0.00647245129764576,2612,3.41713940972733,Sample_100_GSE9891
scPP,Negative,Neg_ctrl_Sample_56,0.132483944043222,2612,3.41713940972733,Sample_100_GSE9891
scPP,Negative,Neg_ctrl_Sample_57,0.123141476308564,2612,3.41713940972733,Sample_100_GSE9891
scPP,Negative,Neg_ctrl_Sample_58,0.0455371827458184,2612,3.41713940972733,Sample_100_GSE9891
scPP,Negative,Neg_ctrl_Sample_59,0.159513250856448,2612,3.41713940972733,Sample_100_GSE9891
scPP,Negative,Neg_ctrl_Sample_60,0.0182022242349218,2612,3.41713940972733,Sample_100_GSE9891
scPP,Negative,Neg_ctrl_Sample_61,0.084934099864139,2612,3.41713940972733,Sample_100_GSE9891
scPP,Negative,Neg_ctrl_Sample_62,-0.0416509921193282,2612,3.41713940972733,Sample_100_GSE9891
scPP,Negative,Neg_ctrl_Sample_63,0.00122599047457164,2612,3.41713940972733,Sample_100_GSE9891
scPP,Negative,Neg_ctrl_Sample_64,0.18428138786202,2612,3.41713940972733,Sample_100_GSE9891
scPP,Negative,Neg_ctrl_Sample_65,-0.0500216725363009,2612,3.41713940972733,Sample_100_GSE9891
scPP,Negative,Neg_ctrl_Sample_66,0.128983143940789,2612,3.41713940972733,Sample_100_GSE9891
scPP,Negative,Neg_ctrl_Sample_67,0.115675338701043,2612,3.41713940972733,Sample_100_GSE9891
scPP,Negative,Neg_ctrl_Sample_68,0.116102780815944,2612,3.41713940972733,Sample_100_GSE9891
scPP,Negative,Neg_ctrl_Sample_69,-0.103930891488958,2612,3.41713940972733,Sample_100_GSE9891
scPP,Negative,Neg_ctrl_Sample_70,-0.000693290322123868,2612,3.41713940972733,Sample_100_GSE9891
scPP,Negative,Neg_ctrl_Sample_71,0.0306513520885491,2612,3.41713940972733,Sample_100_GSE9891
scPP,Negative,Neg_ctrl_Sample_72,0.0215768675797583,2612,3.41713940972733,Sample_100_GSE9891
scPP,Negative,Neg_ctrl_Sample_73,-0.0617879634660251,2612,3.41713940972733,Sample_100_GSE9891
scPP,Negative,Neg_ctrl_Sample_74,0.00792179672702567,2612,3.41713940972733,Sample_100_GSE9891
scPP,Negative,Neg_ctrl_Sample_75,0.0171474815198157,2612,3.41713940972733,Sample_100_GSE9891
scPP,Negative,Neg_ctrl_Sample_76,0.0998402239187532,2612,3.41713940972733,Sample_100_GSE9891
scPP,Negative,Neg_ctrl_Sample_77,0.0695818663421616,2612,3.41713940972733,Sample_100_GSE9891
scPP,Negative,Neg_ctrl_Sample_78,0.00194197113913638,2612,3.41713940972733,Sample_100_GSE9891
scPP,Negative,Neg_ctrl_Sample_79,0.0108672189418644,2612,3.41713940972733,Sample_100_GSE9891
scPP,Negative,Neg_ctrl_Sample_80,0.00236461144388739,2612,3.41713940972733,Sample_100_GSE9891
scPP,Negative,Neg_ctrl_Sample_81,0.11330108748763,2612,3.41713940972733,Sample_100_GSE9891
scPP,Negative,Neg_ctrl_Sample_82,0.0211667417495002,2612,3.41713940972733,Sample_100_GSE9891
scPP,Negative,Neg_ctrl_Sample_83,0.033612245708323,2612,3.41713940972733,Sample_100_GSE9891
scPP,Negative,Neg_ctrl_Sample_84,0.0754218389495716,2612,3.41713940972733,Sample_100_GSE9891
scPP,Negative,Neg_ctrl_Sample_85,0.0013626510252411,2612,3.41713940972733,Sample_100_GSE9891
scPP,Negative,Neg_ctrl_Sample_86,-0.110696789554814,2612,3.41713940972733,Sample_100_GSE9891
scPP,Negative,Neg_ctrl_Sample_87,0.0466137823936322,2612,3.41713940972733,Sample_100_GSE9891
scPP,Negative,Neg_ctrl_Sample_88,0.0627460238480563,2612,3.41713940972733,Sample_100_GSE9891
scPP,Negative,Neg_ctrl_Sample_89,0.153528517602948,2612,3.41713940972733,Sample_100_GSE9891
scPP,Negative,Neg_ctrl_Sample_90,-0.0367363729876985,2612,3.41713940972733,Sample_100_GSE9891
scPP,Negative,Neg_ctrl_Sample_91,0.14696623910136,2612,3.41713940972733,Sample_100_GSE9891
scPP,Negative,Neg_ctrl_Sample_92,0.0601234992326692,2612,3.41713940972733,Sample_100_GSE9891
scPP,Negative,Neg_ctrl_Sample_93,-0.0434975909795295,2612,3.41713940972733,Sample_100_GSE9891
scPP,Negative,Neg_ctrl_Sample_94,-0.0245430425983475,2612,3.41713940972733,Sample_100_GSE9891
scPP,Negative,Neg_ctrl_Sample_95,0.0222353183888532,2612,3.41713940972733,Sample_100_GSE9891
scPP,Negative,Neg_ctrl_Sample_96,-0.0619531600360306,2612,3.41713940972733,Sample_100_GSE9891
scPP,Negative,Neg_ctrl_Sample_97,-0.058064880101257,2612,3.41713940972733,Sample_100_GSE9891
scPP,Negative,Neg_ctrl_Sample_98,0.0358151190882703,2612,3.41713940972733,Sample_100_GSE9891
scPP,Negative,Neg_ctrl_Sample_99,0.101375025089018,2612,3.41713940972733,Sample_100_GSE9891
scPP,Negative,Neg_ctrl_Sample_100,-0.0562410830226033,2612,3.41713940972733,Sample_100_GSE9891
scPP,Neutral,Neg_ctrl_Sample_1,-0.0429512608655502,45710,4.66002072226792,Sample_100_GSE9891
scPP,Neutral,Neg_ctrl_Sample_2,-0.0520018632702392,45710,4.66002072226792,Sample_100_GSE9891
scPP,Neutral,Neg_ctrl_Sample_3,-0.0402560462043959,45710,4.66002072226792,Sample_100_GSE9891
scPP,Neutral,Neg_ctrl_Sample_4,-0.0137752199536701,45710,4.66002072226792,Sample_100_GSE9891
scPP,Neutral,Neg_ctrl_Sample_5,0.0428835200908285,45710,4.66002072226792,Sample_100_GSE9891
scPP,Neutral,Neg_ctrl_Sample_6,-0.0770401512139136,45710,4.66002072226792,Sample_100_GSE9891
scPP,Neutral,Neg_ctrl_Sample_7,-0.11081217401587,45710,4.66002072226792,Sample_100_GSE9891
scPP,Neutral,Neg_ctrl_Sample_8,0.0376406272063379,45710,4.66002072226792,Sample_100_GSE9891
scPP,Neutral,Neg_ctrl_Sample_9,0.013626145043026,45710,4.66002072226792,Sample_100_GSE9891
scPP,Neutral,Neg_ctrl_Sample_10,0.0494339675276934,45710,4.66002072226792,Sample_100_GSE9891
scPP,Neutral,Neg_ctrl_Sample_11,0.135109060109245,45710,4.66002072226792,Sample_100_GSE9891
scPP,Neutral,Neg_ctrl_Sample_12,-0.120295661805318,45710,4.66002072226792,Sample_100_GSE9891
scPP,Neutral,Neg_ctrl_Sample_13,0.0269341406747725,45710,4.66002072226792,Sample_100_GSE9891
scPP,Neutral,Neg_ctrl_Sample_14,0.073327786420901,45710,4.66002072226792,Sample_100_GSE9891
scPP,Neutral,Neg_ctrl_Sample_15,-0.0679614092902435,45710,4.66002072226792,Sample_100_GSE9891
scPP,Neutral,Neg_ctrl_Sample_16,-0.00936750863051356,45710,4.66002072226792,Sample_100_GSE9891
scPP,Neutral,Neg_ctrl_Sample_17,0.0836284187748412,45710,4.66002072226792,Sample_100_GSE9891
scPP,Neutral,Neg_ctrl_Sample_18,0.207099306674573,45710,4.66002072226792,Sample_100_GSE9891
scPP,Neutral,Neg_ctrl_Sample_19,0.253875403022762,45710,4.66002072226792,Sample_100_GSE9891
scPP,Neutral,Neg_ctrl_Sample_20,-0.134341817863273,45710,4.66002072226792,Sample_100_GSE9891
scPP,Neutral,Neg_ctrl_Sample_21,0.0128404275921534,45710,4.66002072226792,Sample_100_GSE9891
scPP,Neutral,Neg_ctrl_Sample_22,0.165831464400206,45710,4.66002072226792,Sample_100_GSE9891
scPP,Neutral,Neg_ctrl_Sample_23,-0.0554890157943641,45710,4.66002072226792,Sample_100_GSE9891
scPP,Neutral,Neg_ctrl_Sample_24,0.172553364594415,45710,4.66002072226792,Sample_100_GSE9891
scPP,Neutral,Neg_ctrl_Sample_25,0.0577046873265922,45710,4.66002072226792,Sample_100_GSE9891
scPP,Neutral,Neg_ctrl_Sample_26,0.0573736584577708,45710,4.66002072226792,Sample_100_GSE9891
scPP,Neutral,Neg_ctrl_Sample_27,0.0325972413300143,45710,4.66002072226792,Sample_100_GSE9891
scPP,Neutral,Neg_ctrl_Sample_28,0.0312868929880354,45710,4.66002072226792,Sample_100_GSE9891
scPP,Neutral,Neg_ctrl_Sample_29,0.127881390523545,45710,4.66002072226792,Sample_100_GSE9891
scPP,Neutral,Neg_ctrl_Sample_30,-0.0509870482639236,45710,4.66002072226792,Sample_100_GSE9891
scPP,Neutral,Neg_ctrl_Sample_31,0.0346198679596198,45710,4.66002072226792,Sample_100_GSE9891
scPP,Neutral,Neg_ctrl_Sample_32,0.15512166419344,45710,4.66002072226792,Sample_100_GSE9891
scPP,Neutral,Neg_ctrl_Sample_33,0.0951976394066611,45710,4.66002072226792,Sample_100_GSE9891
scPP,Neutral,Neg_ctrl_Sample_34,-0.218364502774536,45710,4.66002072226792,Sample_100_GSE9891
scPP,Neutral,Neg_ctrl_Sample_35,0.0262345724898201,45710,4.66002072226792,Sample_100_GSE9891
scPP,Neutral,Neg_ctrl_Sample_36,0.0457083591189596,45710,4.66002072226792,Sample_100_GSE9891
scPP,Neutral,Neg_ctrl_Sample_37,0.0831148116329871,45710,4.66002072226792,Sample_100_GSE9891
scPP,Neutral,Neg_ctrl_Sample_38,0.0990866200567856,45710,4.66002072226792,Sample_100_GSE9891
scPP,Neutral,Neg_ctrl_Sample_39,0.0650103376887353,45710,4.66002072226792,Sample_100_GSE9891
scPP,Neutral,Neg_ctrl_Sample_40,0.0849300736307122,45710,4.66002072226792,Sample_100_GSE9891
scPP,Neutral,Neg_ctrl_Sample_41,-0.0750188517179444,45710,4.66002072226792,Sample_100_GSE9891
scPP,Neutral,Neg_ctrl_Sample_42,-0.0836325592210017,45710,4.66002072226792,Sample_100_GSE9891
scPP,Neutral,Neg_ctrl_Sample_43,0.0830308324864165,45710,4.66002072226792,Sample_100_GSE9891
scPP,Neutral,Neg_ctrl_Sample_44,0.185096802204006,45710,4.66002072226792,Sample_100_GSE9891
scPP,Neutral,Neg_ctrl_Sample_45,0.19698432999002,45710,4.66002072226792,Sample_100_GSE9891
scPP,Neutral,Neg_ctrl_Sample_46,0.180430458205999,45710,4.66002072226792,Sample_100_GSE9891
scPP,Neutral,Neg_ctrl_Sample_47,0.0400007051239139,45710,4.66002072226792,Sample_100_GSE9891
scPP,Neutral,Neg_ctrl_Sample_48,0.125305775553776,45710,4.66002072226792,Sample_100_GSE9891
scPP,Neutral,Neg_ctrl_Sample_49,-0.122937601303639,45710,4.66002072226792,Sample_100_GSE9891
scPP,Neutral,Neg_ctrl_Sample_50,0.0442389740938875,45710,4.66002072226792,Sample_100_GSE9891
scPP,Neutral,Neg_ctrl_Sample_51,-0.0294787700015872,45710,4.66002072226792,Sample_100_GSE9891
scPP,Neutral,Neg_ctrl_Sample_52,0.109827567406975,45710,4.66002072226792,Sample_100_GSE9891
scPP,Neutral,Neg_ctrl_Sample_53,-0.0105704717423284,45710,4.66002072226792,Sample_100_GSE9891
scPP,Neutral,Neg_ctrl_Sample_54,0.0807657645352446,45710,4.66002072226792,Sample_100_GSE9891
scPP,Neutral,Neg_ctrl_Sample_55,0.00139352824415232,45710,4.66002072226792,Sample_100_GSE9891
scPP,Neutral,Neg_ctrl_Sample_56,0.0850756941688575,45710,4.66002072226792,Sample_100_GSE9891
scPP,Neutral,Neg_ctrl_Sample_57,0.153822685054212,45710,4.66002072226792,Sample_100_GSE9891
scPP,Neutral,Neg_ctrl_Sample_58,0.0212260507420204,45710,4.66002072226792,Sample_100_GSE9891
scPP,Neutral,Neg_ctrl_Sample_59,0.1165037180065,45710,4.66002072226792,Sample_100_GSE9891
scPP,Neutral,Neg_ctrl_Sample_60,0.0269716685674198,45710,4.66002072226792,Sample_100_GSE9891
scPP,Neutral,Neg_ctrl_Sample_61,0.025129773759457,45710,4.66002072226792,Sample_100_GSE9891
scPP,Neutral,Neg_ctrl_Sample_62,-0.0771639922911702,45710,4.66002072226792,Sample_100_GSE9891
scPP,Neutral,Neg_ctrl_Sample_63,-0.0140535138419943,45710,4.66002072226792,Sample_100_GSE9891
scPP,Neutral,Neg_ctrl_Sample_64,0.130600415045768,45710,4.66002072226792,Sample_100_GSE9891
scPP,Neutral,Neg_ctrl_Sample_65,-0.083256725028537,45710,4.66002072226792,Sample_100_GSE9891
scPP,Neutral,Neg_ctrl_Sample_66,0.0918085163209439,45710,4.66002072226792,Sample_100_GSE9891
scPP,Neutral,Neg_ctrl_Sample_67,0.110609377150785,45710,4.66002072226792,Sample_100_GSE9891
scPP,Neutral,Neg_ctrl_Sample_68,0.119292753909207,45710,4.66002072226792,Sample_100_GSE9891
scPP,Neutral,Neg_ctrl_Sample_69,-0.105281235122184,45710,4.66002072226792,Sample_100_GSE9891
scPP,Neutral,Neg_ctrl_Sample_70,-0.033158913162754,45710,4.66002072226792,Sample_100_GSE9891
scPP,Neutral,Neg_ctrl_Sample_71,0.0037794904757291,45710,4.66002072226792,Sample_100_GSE9891
scPP,Neutral,Neg_ctrl_Sample_72,-0.0187464032115698,45710,4.66002072226792,Sample_100_GSE9891
scPP,Neutral,Neg_ctrl_Sample_73,-0.0909084707964064,45710,4.66002072226792,Sample_100_GSE9891
scPP,Neutral,Neg_ctrl_Sample_74,0.0168406381502491,45710,4.66002072226792,Sample_100_GSE9891
scPP,Neutral,Neg_ctrl_Sample_75,-0.0481062784960428,45710,4.66002072226792,Sample_100_GSE9891
scPP,Neutral,Neg_ctrl_Sample_76,0.0932171158457046,45710,4.66002072226792,Sample_100_GSE9891
scPP,Neutral,Neg_ctrl_Sample_77,0.0619588506623917,45710,4.66002072226792,Sample_100_GSE9891
scPP,Neutral,Neg_ctrl_Sample_78,-0.0126359497402801,45710,4.66002072226792,Sample_100_GSE9891
scPP,Neutral,Neg_ctrl_Sample_79,-0.0145247152792366,45710,4.66002072226792,Sample_100_GSE9891
scPP,Neutral,Neg_ctrl_Sample_80,-0.0179444656970623,45710,4.66002072226792,Sample_100_GSE9891
scPP,Neutral,Neg_ctrl_Sample_81,0.0405317641808826,45710,4.66002072226792,Sample_100_GSE9891
scPP,Neutral,Neg_ctrl_Sample_82,-0.0292753228028405,45710,4.66002072226792,Sample_100_GSE9891
scPP,Neutral,Neg_ctrl_Sample_83,0.0117233378794585,45710,4.66002072226792,Sample_100_GSE9891
scPP,Neutral,Neg_ctrl_Sample_84,0.0952016280118826,45710,4.66002072226792,Sample_100_GSE9891
scPP,Neutral,Neg_ctrl_Sample_85,-0.00931840128503123,45710,4.66002072226792,Sample_100_GSE9891
scPP,Neutral,Neg_ctrl_Sample_86,-0.13824864337532,45710,4.66002072226792,Sample_100_GSE9891
scPP,Neutral,Neg_ctrl_Sample_87,0.0210163495475155,45710,4.66002072226792,Sample_100_GSE9891
scPP,Neutral,Neg_ctrl_Sample_88,0.0163808701486178,45710,4.66002072226792,Sample_100_GSE9891
scPP,Neutral,Neg_ctrl_Sample_89,0.156464115747172,45710,4.66002072226792,Sample_100_GSE9891
scPP,Neutral,Neg_ctrl_Sample_90,-0.0822537557973079,45710,4.66002072226792,Sample_100_GSE9891
scPP,Neutral,Neg_ctrl_Sample_91,0.118980289805664,45710,4.66002072226792,Sample_100_GSE9891
scPP,Neutral,Neg_ctrl_Sample_92,0.00505145714853885,45710,4.66002072226792,Sample_100_GSE9891
scPP,Neutral,Neg_ctrl_Sample_93,-0.0992349424590285,45710,4.66002072226792,Sample_100_GSE9891
scPP,Neutral,Neg_ctrl_Sample_94,-0.0262696682568312,45710,4.66002072226792,Sample_100_GSE9891
scPP,Neutral,Neg_ctrl_Sample_95,0.0230007120603923,45710,4.66002072226792,Sample_100_GSE9891
scPP,Neutral,Neg_ctrl_Sample_96,-0.107072980139437,45710,4.66002072226792,Sample_100_GSE9891
scPP,Neutral,Neg_ctrl_Sample_97,-0.0413011085496785,45710,4.66002072226792,Sample_100_GSE9891
scPP,Neutral,Neg_ctrl_Sample_98,0.0234683602961013,45710,4.66002072226792,Sample_100_GSE9891
scPP,Neutral,Neg_ctrl_Sample_99,0.0409655584416252,45710,4.66002072226792,Sample_100_GSE9891
scPP,Neutral,Neg_ctrl_Sample_100,-0.0767018288453903,45710,4.66002072226792,Sample_100_GSE9891
scPP,Positive,Neg_ctrl_Sample_1,-0.0337897772682955,2543,3.40551710697638,Sample_100_GSE9891
scPP,Positive,Neg_ctrl_Sample_2,-0.0497226154338051,2543,3.40551710697638,Sample_100_GSE9891
scPP,Positive,Neg_ctrl_Sample_3,-0.0636288854122167,2543,3.40551710697638,Sample_100_GSE9891
scPP,Positive,Neg_ctrl_Sample_4,-0.0363089820339109,2543,3.40551710697638,Sample_100_GSE9891
scPP,Positive,Neg_ctrl_Sample_5,0.0412127428264005,2543,3.40551710697638,Sample_100_GSE9891
scPP,Positive,Neg_ctrl_Sample_6,-0.0912677012780613,2543,3.40551710697638,Sample_100_GSE9891
scPP,Positive,Neg_ctrl_Sample_7,-0.10922761559592,2543,3.40551710697638,Sample_100_GSE9891
scPP,Positive,Neg_ctrl_Sample_8,0.0359905302184191,2543,3.40551710697638,Sample_100_GSE9891
scPP,Positive,Neg_ctrl_Sample_9,0.0222830256244917,2543,3.40551710697638,Sample_100_GSE9891
scPP,Positive,Neg_ctrl_Sample_10,0.0382342173439471,2543,3.40551710697638,Sample_100_GSE9891
scPP,Positive,Neg_ctrl_Sample_11,0.144023309713772,2543,3.40551710697638,Sample_100_GSE9891
scPP,Positive,Neg_ctrl_Sample_12,-0.128148190273166,2543,3.40551710697638,Sample_100_GSE9891
scPP,Positive,Neg_ctrl_Sample_13,0.00678511378096002,2543,3.40551710697638,Sample_100_GSE9891
scPP,Positive,Neg_ctrl_Sample_14,0.0741859276350131,2543,3.40551710697638,Sample_100_GSE9891
scPP,Positive,Neg_ctrl_Sample_15,-0.0677604320294701,2543,3.40551710697638,Sample_100_GSE9891
scPP,Positive,Neg_ctrl_Sample_16,-0.0223608814263818,2543,3.40551710697638,Sample_100_GSE9891
scPP,Positive,Neg_ctrl_Sample_17,0.0798688728584951,2543,3.40551710697638,Sample_100_GSE9891
scPP,Positive,Neg_ctrl_Sample_18,0.214434129495461,2543,3.40551710697638,Sample_100_GSE9891
scPP,Positive,Neg_ctrl_Sample_19,0.250220860502588,2543,3.40551710697638,Sample_100_GSE9891
scPP,Positive,Neg_ctrl_Sample_20,-0.144576654969982,2543,3.40551710697638,Sample_100_GSE9891
scPP,Positive,Neg_ctrl_Sample_21,0.00909595944234391,2543,3.40551710697638,Sample_100_GSE9891
scPP,Positive,Neg_ctrl_Sample_22,0.156671621032127,2543,3.40551710697638,Sample_100_GSE9891
scPP,Positive,Neg_ctrl_Sample_23,-0.0500285456456889,2543,3.40551710697638,Sample_100_GSE9891
scPP,Positive,Neg_ctrl_Sample_24,0.173153194161553,2543,3.40551710697638,Sample_100_GSE9891
scPP,Positive,Neg_ctrl_Sample_25,0.0348991362514548,2543,3.40551710697638,Sample_100_GSE9891
scPP,Positive,Neg_ctrl_Sample_26,0.0492611184726682,2543,3.40551710697638,Sample_100_GSE9891
scPP,Positive,Neg_ctrl_Sample_27,0.0225130564358764,2543,3.40551710697638,Sample_100_GSE9891
scPP,Positive,Neg_ctrl_Sample_28,0.033961136228364,2543,3.40551710697638,Sample_100_GSE9891
scPP,Positive,Neg_ctrl_Sample_29,0.133464269177471,2543,3.40551710697638,Sample_100_GSE9891
scPP,Positive,Neg_ctrl_Sample_30,-0.0485315163333421,2543,3.40551710697638,Sample_100_GSE9891
scPP,Positive,Neg_ctrl_Sample_31,0.0322714099057358,2543,3.40551710697638,Sample_100_GSE9891
scPP,Positive,Neg_ctrl_Sample_32,0.161221019838613,2543,3.40551710697638,Sample_100_GSE9891
scPP,Positive,Neg_ctrl_Sample_33,0.0912885682119603,2543,3.40551710697638,Sample_100_GSE9891
scPP,Positive,Neg_ctrl_Sample_34,-0.24616745368975,2543,3.40551710697638,Sample_100_GSE9891
scPP,Positive,Neg_ctrl_Sample_35,0.0257217237980297,2543,3.40551710697638,Sample_100_GSE9891
scPP,Positive,Neg_ctrl_Sample_36,0.045025677002799,2543,3.40551710697638,Sample_100_GSE9891
scPP,Positive,Neg_ctrl_Sample_37,0.075856787390783,2543,3.40551710697638,Sample_100_GSE9891
scPP,Positive,Neg_ctrl_Sample_38,0.094191333025813,2543,3.40551710697638,Sample_100_GSE9891
scPP,Positive,Neg_ctrl_Sample_39,0.0585251301508914,2543,3.40551710697638,Sample_100_GSE9891
scPP,Positive,Neg_ctrl_Sample_40,0.0674288242725963,2543,3.40551710697638,Sample_100_GSE9891
scPP,Positive,Neg_ctrl_Sample_41,-0.071940133866607,2543,3.40551710697638,Sample_100_GSE9891
scPP,Positive,Neg_ctrl_Sample_42,-0.0943306094006247,2543,3.40551710697638,Sample_100_GSE9891
scPP,Positive,Neg_ctrl_Sample_43,0.0846899122445775,2543,3.40551710697638,Sample_100_GSE9891
scPP,Positive,Neg_ctrl_Sample_44,0.210641552964112,2543,3.40551710697638,Sample_100_GSE9891
scPP,Positive,Neg_ctrl_Sample_45,0.202769648648292,2543,3.40551710697638,Sample_100_GSE9891
scPP,Positive,Neg_ctrl_Sample_46,0.170699335469249,2543,3.40551710697638,Sample_100_GSE9891
scPP,Positive,Neg_ctrl_Sample_47,0.036313473216607,2543,3.40551710697638,Sample_100_GSE9891
scPP,Positive,Neg_ctrl_Sample_48,0.119354411918732,2543,3.40551710697638,Sample_100_GSE9891
scPP,Positive,Neg_ctrl_Sample_49,-0.135525355884225,2543,3.40551710697638,Sample_100_GSE9891
scPP,Positive,Neg_ctrl_Sample_50,0.0311931294918968,2543,3.40551710697638,Sample_100_GSE9891
scPP,Positive,Neg_ctrl_Sample_51,-0.0302410133189266,2543,3.40551710697638,Sample_100_GSE9891
scPP,Positive,Neg_ctrl_Sample_52,0.118191597386108,2543,3.40551710697638,Sample_100_GSE9891
scPP,Positive,Neg_ctrl_Sample_53,0.00555966330082122,2543,3.40551710697638,Sample_100_GSE9891
scPP,Positive,Neg_ctrl_Sample_54,0.0926944190170001,2543,3.40551710697638,Sample_100_GSE9891
scPP,Positive,Neg_ctrl_Sample_55,0.00467021228757338,2543,3.40551710697638,Sample_100_GSE9891
scPP,Positive,Neg_ctrl_Sample_56,0.0776995918072215,2543,3.40551710697638,Sample_100_GSE9891
scPP,Positive,Neg_ctrl_Sample_57,0.177954258538045,2543,3.40551710697638,Sample_100_GSE9891
scPP,Positive,Neg_ctrl_Sample_58,0.015198705379057,2543,3.40551710697638,Sample_100_GSE9891
scPP,Positive,Neg_ctrl_Sample_59,0.127718829212356,2543,3.40551710697638,Sample_100_GSE9891
scPP,Positive,Neg_ctrl_Sample_60,0.00797028358819576,2543,3.40551710697638,Sample_100_GSE9891
scPP,Positive,Neg_ctrl_Sample_61,0.0127242613729669,2543,3.40551710697638,Sample_100_GSE9891
scPP,Positive,Neg_ctrl_Sample_62,-0.0839850734569469,2543,3.40551710697638,Sample_100_GSE9891
scPP,Positive,Neg_ctrl_Sample_63,-0.0275808251452008,2543,3.40551710697638,Sample_100_GSE9891
scPP,Positive,Neg_ctrl_Sample_64,0.120986112226226,2543,3.40551710697638,Sample_100_GSE9891
scPP,Positive,Neg_ctrl_Sample_65,-0.0833019419439977,2543,3.40551710697638,Sample_100_GSE9891
scPP,Positive,Neg_ctrl_Sample_66,0.0754251634204309,2543,3.40551710697638,Sample_100_GSE9891
scPP,Positive,Neg_ctrl_Sample_67,0.106368689441797,2543,3.40551710697638,Sample_100_GSE9891
scPP,Positive,Neg_ctrl_Sample_68,0.11811901916459,2543,3.40551710697638,Sample_100_GSE9891
scPP,Positive,Neg_ctrl_Sample_69,-0.0885931191155262,2543,3.40551710697638,Sample_100_GSE9891
scPP,Positive,Neg_ctrl_Sample_70,-0.0373262120832234,2543,3.40551710697638,Sample_100_GSE9891
scPP,Positive,Neg_ctrl_Sample_71,-0.0111331180990143,2543,3.40551710697638,Sample_100_GSE9891
scPP,Positive,Neg_ctrl_Sample_72,-0.0330444309955175,2543,3.40551710697638,Sample_100_GSE9891
scPP,Positive,Neg_ctrl_Sample_73,-0.102683682029225,2543,3.40551710697638,Sample_100_GSE9891
scPP,Positive,Neg_ctrl_Sample_74,0.0242893076837021,2543,3.40551710697638,Sample_100_GSE9891
scPP,Positive,Neg_ctrl_Sample_75,-0.0774270094942445,2543,3.40551710697638,Sample_100_GSE9891
scPP,Positive,Neg_ctrl_Sample_76,0.102373966921845,2543,3.40551710697638,Sample_100_GSE9891
scPP,Positive,Neg_ctrl_Sample_77,0.0463472311390773,2543,3.40551710697638,Sample_100_GSE9891
scPP,Positive,Neg_ctrl_Sample_78,-0.00968878126474263,2543,3.40551710697638,Sample_100_GSE9891
scPP,Positive,Neg_ctrl_Sample_79,-0.0180137342304903,2543,3.40551710697638,Sample_100_GSE9891
scPP,Positive,Neg_ctrl_Sample_80,0.00269486820548378,2543,3.40551710697638,Sample_100_GSE9891
scPP,Positive,Neg_ctrl_Sample_81,0.00521466091124466,2543,3.40551710697638,Sample_100_GSE9891
scPP,Positive,Neg_ctrl_Sample_82,-0.0531866979947996,2543,3.40551710697638,Sample_100_GSE9891
scPP,Positive,Neg_ctrl_Sample_83,0.00268719999924383,2543,3.40551710697638,Sample_100_GSE9891
scPP,Positive,Neg_ctrl_Sample_84,0.0957518572450939,2543,3.40551710697638,Sample_100_GSE9891
scPP,Positive,Neg_ctrl_Sample_85,0.00153202893702339,2543,3.40551710697638,Sample_100_GSE9891
scPP,Positive,Neg_ctrl_Sample_86,-0.12801077556505,2543,3.40551710697638,Sample_100_GSE9891
scPP,Positive,Neg_ctrl_Sample_87,0.0293522079771414,2543,3.40551710697638,Sample_100_GSE9891
scPP,Positive,Neg_ctrl_Sample_88,0.00129437835633683,2543,3.40551710697638,Sample_100_GSE9891
scPP,Positive,Neg_ctrl_Sample_89,0.159183514936846,2543,3.40551710697638,Sample_100_GSE9891
scPP,Positive,Neg_ctrl_Sample_90,-0.090514703604107,2543,3.40551710697638,Sample_100_GSE9891
scPP,Positive,Neg_ctrl_Sample_91,0.104141966857509,2543,3.40551710697638,Sample_100_GSE9891
scPP,Positive,Neg_ctrl_Sample_92,0.00869914370553953,2543,3.40551710697638,Sample_100_GSE9891
scPP,Positive,Neg_ctrl_Sample_93,-0.11346852757787,2543,3.40551710697638,Sample_100_GSE9891
scPP,Positive,Neg_ctrl_Sample_94,-0.0139211431661562,2543,3.40551710697638,Sample_100_GSE9891
scPP,Positive,Neg_ctrl_Sample_95,0.0363566224976403,2543,3.40551710697638,Sample_100_GSE9891
scPP,Positive,Neg_ctrl_Sample_96,-0.120239190340761,2543,3.40551710697638,Sample_100_GSE9891
scPP,Positive,Neg_ctrl_Sample_97,-0.0533200265640077,2543,3.40551710697638,Sample_100_GSE9891
scPP,Positive,Neg_ctrl_Sample_98,0.0114087918440094,2543,3.40551710697638,Sample_100_GSE9891
scPP,Positive,Neg_ctrl_Sample_99,0.0343854808883308,2543,3.40551710697638,Sample_100_GSE9891
scPP,Positive,Neg_ctrl_Sample_100,-0.0880524456644518,2543,3.40551710697638,Sample_100_GSE9891
DEGAS,Other,Neg_ctrl_Sample_1,-0.0430709337422719,50865,4.70642758692898,Sample_100_GSE9891
DEGAS,Other,Neg_ctrl_Sample_2,-0.0504138133584514,50865,4.70642758692898,Sample_100_GSE9891
DEGAS,Other,Neg_ctrl_Sample_3,-0.0399232596509617,50865,4.70642758692898,Sample_100_GSE9891
DEGAS,Other,Neg_ctrl_Sample_4,-0.00885240175970669,50865,4.70642758692898,Sample_100_GSE9891
DEGAS,Other,Neg_ctrl_Sample_5,0.047188333282443,50865,4.70642758692898,Sample_100_GSE9891
DEGAS,Other,Neg_ctrl_Sample_6,-0.0760798445091265,50865,4.70642758692898,Sample_100_GSE9891
DEGAS,Other,Neg_ctrl_Sample_7,-0.10960686667663,50865,4.70642758692898,Sample_100_GSE9891
DEGAS,Other,Neg_ctrl_Sample_8,0.0379115977028444,50865,4.70642758692898,Sample_100_GSE9891
DEGAS,Other,Neg_ctrl_Sample_9,0.0133529371107611,50865,4.70642758692898,Sample_100_GSE9891
DEGAS,Other,Neg_ctrl_Sample_10,0.0497279683187948,50865,4.70642758692898,Sample_100_GSE9891
DEGAS,Other,Neg_ctrl_Sample_11,0.135654380321111,50865,4.70642758692898,Sample_100_GSE9891
DEGAS,Other,Neg_ctrl_Sample_12,-0.118586415750459,50865,4.70642758692898,Sample_100_GSE9891
DEGAS,Other,Neg_ctrl_Sample_13,0.0311678877162827,50865,4.70642758692898,Sample_100_GSE9891
DEGAS,Other,Neg_ctrl_Sample_14,0.0776705977387664,50865,4.70642758692898,Sample_100_GSE9891
DEGAS,Other,Neg_ctrl_Sample_15,-0.0679484400889652,50865,4.70642758692898,Sample_100_GSE9891
DEGAS,Other,Neg_ctrl_Sample_16,-0.00916577710051933,50865,4.70642758692898,Sample_100_GSE9891
DEGAS,Other,Neg_ctrl_Sample_17,0.0823359483771645,50865,4.70642758692898,Sample_100_GSE9891
DEGAS,Other,Neg_ctrl_Sample_18,0.208966264000207,50865,4.70642758692898,Sample_100_GSE9891
DEGAS,Other,Neg_ctrl_Sample_19,0.255598322027141,50865,4.70642758692898,Sample_100_GSE9891
DEGAS,Other,Neg_ctrl_Sample_20,-0.133771721409865,50865,4.70642758692898,Sample_100_GSE9891
DEGAS,Other,Neg_ctrl_Sample_21,0.0150145414086353,50865,4.70642758692898,Sample_100_GSE9891
DEGAS,Other,Neg_ctrl_Sample_22,0.165453308148137,50865,4.70642758692898,Sample_100_GSE9891
DEGAS,Other,Neg_ctrl_Sample_23,-0.0546800532750435,50865,4.70642758692898,Sample_100_GSE9891
DEGAS,Other,Neg_ctrl_Sample_24,0.17572818760094,50865,4.70642758692898,Sample_100_GSE9891
DEGAS,Other,Neg_ctrl_Sample_25,0.0588138920685073,50865,4.70642758692898,Sample_100_GSE9891
DEGAS,Other,Neg_ctrl_Sample_26,0.0575867081868881,50865,4.70642758692898,Sample_100_GSE9891
DEGAS,Other,Neg_ctrl_Sample_27,0.0343841268680809,50865,4.70642758692898,Sample_100_GSE9891
DEGAS,Other,Neg_ctrl_Sample_28,0.030649681525896,50865,4.70642758692898,Sample_100_GSE9891
DEGAS,Other,Neg_ctrl_Sample_29,0.128442914905744,50865,4.70642758692898,Sample_100_GSE9891
DEGAS,Other,Neg_ctrl_Sample_30,-0.0511325766175461,50865,4.70642758692898,Sample_100_GSE9891
DEGAS,Other,Neg_ctrl_Sample_31,0.0357579475173475,50865,4.70642758692898,Sample_100_GSE9891
DEGAS,Other,Neg_ctrl_Sample_32,0.154021780343039,50865,4.70642758692898,Sample_100_GSE9891
DEGAS,Other,Neg_ctrl_Sample_33,0.0965639155029787,50865,4.70642758692898,Sample_100_GSE9891
DEGAS,Other,Neg_ctrl_Sample_34,-0.216823600511596,50865,4.70642758692898,Sample_100_GSE9891
DEGAS,Other,Neg_ctrl_Sample_35,0.0289571921081341,50865,4.70642758692898,Sample_100_GSE9891
DEGAS,Other,Neg_ctrl_Sample_36,0.0484824912540183,50865,4.70642758692898,Sample_100_GSE9891
DEGAS,Other,Neg_ctrl_Sample_37,0.0806936800482638,50865,4.70642758692898,Sample_100_GSE9891
DEGAS,Other,Neg_ctrl_Sample_38,0.10140832643464,50865,4.70642758692898,Sample_100_GSE9891
DEGAS,Other,Neg_ctrl_Sample_39,0.0659548889843185,50865,4.70642758692898,Sample_100_GSE9891
DEGAS,Other,Neg_ctrl_Sample_40,0.0860629541393419,50865,4.70642758692898,Sample_100_GSE9891
DEGAS,Other,Neg_ctrl_Sample_41,-0.0738566998155343,50865,4.70642758692898,Sample_100_GSE9891
DEGAS,Other,Neg_ctrl_Sample_42,-0.0823934015915326,50865,4.70642758692898,Sample_100_GSE9891
DEGAS,Other,Neg_ctrl_Sample_43,0.0838317737429557,50865,4.70642758692898,Sample_100_GSE9891
DEGAS,Other,Neg_ctrl_Sample_44,0.184579991393645,50865,4.70642758692898,Sample_100_GSE9891
DEGAS,Other,Neg_ctrl_Sample_45,0.198725801386361,50865,4.70642758692898,Sample_100_GSE9891
DEGAS,Other,Neg_ctrl_Sample_46,0.179711344571794,50865,4.70642758692898,Sample_100_GSE9891
DEGAS,Other,Neg_ctrl_Sample_47,0.0401054888982032,50865,4.70642758692898,Sample_100_GSE9891
DEGAS,Other,Neg_ctrl_Sample_48,0.124893064533435,50865,4.70642758692898,Sample_100_GSE9891
DEGAS,Other,Neg_ctrl_Sample_49,-0.118609612555492,50865,4.70642758692898,Sample_100_GSE9891
DEGAS,Other,Neg_ctrl_Sample_50,0.0448225569383355,50865,4.70642758692898,Sample_100_GSE9891
DEGAS,Other,Neg_ctrl_Sample_51,-0.0291126461830369,50865,4.70642758692898,Sample_100_GSE9891
DEGAS,Other,Neg_ctrl_Sample_52,0.112076211894312,50865,4.70642758692898,Sample_100_GSE9891
DEGAS,Other,Neg_ctrl_Sample_53,-0.00744748672977379,50865,4.70642758692898,Sample_100_GSE9891
DEGAS,Other,Neg_ctrl_Sample_54,0.0828263652512098,50865,4.70642758692898,Sample_100_GSE9891
DEGAS,Other,Neg_ctrl_Sample_55,0.00181815725306111,50865,4.70642758692898,Sample_100_GSE9891
DEGAS,Other,Neg_ctrl_Sample_56,0.0871414155955002,50865,4.70642758692898,Sample_100_GSE9891
DEGAS,Other,Neg_ctrl_Sample_57,0.153453615441035,50865,4.70642758692898,Sample_100_GSE9891
DEGAS,Other,Neg_ctrl_Sample_58,0.0221731290382143,50865,4.70642758692898,Sample_100_GSE9891
DEGAS,Other,Neg_ctrl_Sample_59,0.119273027504199,50865,4.70642758692898,Sample_100_GSE9891
DEGAS,Other,Neg_ctrl_Sample_60,0.0255713675628262,50865,4.70642758692898,Sample_100_GSE9891
DEGAS,Other,Neg_ctrl_Sample_61,0.0275806079634594,50865,4.70642758692898,Sample_100_GSE9891
DEGAS,Other,Neg_ctrl_Sample_62,-0.0756813628397933,50865,4.70642758692898,Sample_100_GSE9891
DEGAS,Other,Neg_ctrl_Sample_63,-0.0139451856668087,50865,4.70642758692898,Sample_100_GSE9891
DEGAS,Other,Neg_ctrl_Sample_64,0.132876351916425,50865,4.70642758692898,Sample_100_GSE9891
DEGAS,Other,Neg_ctrl_Sample_65,-0.0815523119646679,50865,4.70642758692898,Sample_100_GSE9891
DEGAS,Other,Neg_ctrl_Sample_66,0.0928984064402214,50865,4.70642758692898,Sample_100_GSE9891
DEGAS,Other,Neg_ctrl_Sample_67,0.110657508925588,50865,4.70642758692898,Sample_100_GSE9891
DEGAS,Other,Neg_ctrl_Sample_68,0.119070262664242,50865,4.70642758692898,Sample_100_GSE9891
DEGAS,Other,Neg_ctrl_Sample_69,-0.104377569014351,50865,4.70642758692898,Sample_100_GSE9891
DEGAS,Other,Neg_ctrl_Sample_70,-0.0317000953960191,50865,4.70642758692898,Sample_100_GSE9891
DEGAS,Other,Neg_ctrl_Sample_71,0.00441384688833333,50865,4.70642758692898,Sample_100_GSE9891
DEGAS,Other,Neg_ctrl_Sample_72,-0.017390569167485,50865,4.70642758692898,Sample_100_GSE9891
DEGAS,Other,Neg_ctrl_Sample_73,-0.090001788343209,50865,4.70642758692898,Sample_100_GSE9891
DEGAS,Other,Neg_ctrl_Sample_74,0.0167550380878508,50865,4.70642758692898,Sample_100_GSE9891
DEGAS,Other,Neg_ctrl_Sample_75,-0.0462212848416047,50865,4.70642758692898,Sample_100_GSE9891
DEGAS,Other,Neg_ctrl_Sample_76,0.0940150207031402,50865,4.70642758692898,Sample_100_GSE9891
DEGAS,Other,Neg_ctrl_Sample_77,0.0615698005986498,50865,4.70642758692898,Sample_100_GSE9891
DEGAS,Other,Neg_ctrl_Sample_78,-0.0117400059917236,50865,4.70642758692898,Sample_100_GSE9891
DEGAS,Other,Neg_ctrl_Sample_79,-0.0133952321967146,50865,4.70642758692898,Sample_100_GSE9891
DEGAS,Other,Neg_ctrl_Sample_80,-0.0158696964921801,50865,4.70642758692898,Sample_100_GSE9891
DEGAS,Other,Neg_ctrl_Sample_81,0.0425029050215896,50865,4.70642758692898,Sample_100_GSE9891
DEGAS,Other,Neg_ctrl_Sample_82,-0.0278804924578575,50865,4.70642758692898,Sample_100_GSE9891
DEGAS,Other,Neg_ctrl_Sample_83,0.0123956062097368,50865,4.70642758692898,Sample_100_GSE9891
DEGAS,Other,Neg_ctrl_Sample_84,0.0942134126164104,50865,4.70642758692898,Sample_100_GSE9891
DEGAS,Other,Neg_ctrl_Sample_85,-0.00822744379581237,50865,4.70642758692898,Sample_100_GSE9891
DEGAS,Other,Neg_ctrl_Sample_86,-0.136321968057898,50865,4.70642758692898,Sample_100_GSE9891
DEGAS,Other,Neg_ctrl_Sample_87,0.0227475710668431,50865,4.70642758692898,Sample_100_GSE9891
DEGAS,Other,Neg_ctrl_Sample_88,0.0180075453247733,50865,4.70642758692898,Sample_100_GSE9891
DEGAS,Other,Neg_ctrl_Sample_89,0.156449324629245,50865,4.70642758692898,Sample_100_GSE9891
DEGAS,Other,Neg_ctrl_Sample_90,-0.080329371375289,50865,4.70642758692898,Sample_100_GSE9891
DEGAS,Other,Neg_ctrl_Sample_91,0.11967557033851,50865,4.70642758692898,Sample_100_GSE9891
DEGAS,Other,Neg_ctrl_Sample_92,0.00806186196202943,50865,4.70642758692898,Sample_100_GSE9891
DEGAS,Other,Neg_ctrl_Sample_93,-0.0970843486301239,50865,4.70642758692898,Sample_100_GSE9891
DEGAS,Other,Neg_ctrl_Sample_94,-0.0255636376753794,50865,4.70642758692898,Sample_100_GSE9891
DEGAS,Other,Neg_ctrl_Sample_95,0.0236291377356475,50865,4.70642758692898,Sample_100_GSE9891
DEGAS,Other,Neg_ctrl_Sample_96,-0.105414250215754,50865,4.70642758692898,Sample_100_GSE9891
DEGAS,Other,Neg_ctrl_Sample_97,-0.0427628421543804,50865,4.70642758692898,Sample_100_GSE9891
DEGAS,Other,Neg_ctrl_Sample_98,0.0234994671749272,50865,4.70642758692898,Sample_100_GSE9891
DEGAS,Other,Neg_ctrl_Sample_99,0.0437387107008398,50865,4.70642758692898,Sample_100_GSE9891
DEGAS,Other,Neg_ctrl_Sample_100,-0.0762186115148437,50865,4.70642758692898,Sample_100_GSE9891
LP_SGL,Negative,Neg_ctrl_Sample_1,-0.0615587750130042,3951,3.59681693591559,Sample_100_GSE9891
LP_SGL,Negative,Neg_ctrl_Sample_2,-0.0236286735420449,3951,3.59681693591559,Sample_100_GSE9891
LP_SGL,Negative,Neg_ctrl_Sample_3,-0.0469673291029009,3951,3.59681693591559,Sample_100_GSE9891
LP_SGL,Negative,Neg_ctrl_Sample_4,0.0370996260848053,3951,3.59681693591559,Sample_100_GSE9891
LP_SGL,Negative,Neg_ctrl_Sample_5,0.0758871122660909,3951,3.59681693591559,Sample_100_GSE9891
LP_SGL,Negative,Neg_ctrl_Sample_6,-0.0634703921215677,3951,3.59681693591559,Sample_100_GSE9891
LP_SGL,Negative,Neg_ctrl_Sample_7,-0.13492426836321,3951,3.59681693591559,Sample_100_GSE9891
LP_SGL,Negative,Neg_ctrl_Sample_8,0.0422689379723694,3951,3.59681693591559,Sample_100_GSE9891
LP_SGL,Negative,Neg_ctrl_Sample_9,-0.00647507706238525,3951,3.59681693591559,Sample_100_GSE9891
LP_SGL,Negative,Neg_ctrl_Sample_10,0.0556079076792733,3951,3.59681693591559,Sample_100_GSE9891
LP_SGL,Negative,Neg_ctrl_Sample_11,0.132174603119806,3951,3.59681693591559,Sample_100_GSE9891
LP_SGL,Negative,Neg_ctrl_Sample_12,-0.0785758664971625,3951,3.59681693591559,Sample_100_GSE9891
LP_SGL,Negative,Neg_ctrl_Sample_13,0.0856287234735341,3951,3.59681693591559,Sample_100_GSE9891
LP_SGL,Negative,Neg_ctrl_Sample_14,0.101479336874643,3951,3.59681693591559,Sample_100_GSE9891
LP_SGL,Negative,Neg_ctrl_Sample_15,-0.0826200779934485,3951,3.59681693591559,Sample_100_GSE9891
LP_SGL,Negative,Neg_ctrl_Sample_16,-0.0199315965704138,3951,3.59681693591559,Sample_100_GSE9891
LP_SGL,Negative,Neg_ctrl_Sample_17,0.0665952072116209,3951,3.59681693591559,Sample_100_GSE9891
LP_SGL,Negative,Neg_ctrl_Sample_18,0.225108074015236,3951,3.59681693591559,Sample_100_GSE9891
LP_SGL,Negative,Neg_ctrl_Sample_19,0.268062682760205,3951,3.59681693591559,Sample_100_GSE9891
LP_SGL,Negative,Neg_ctrl_Sample_20,-0.129740288530969,3951,3.59681693591559,Sample_100_GSE9891
LP_SGL,Negative,Neg_ctrl_Sample_21,0.0413704937064552,3951,3.59681693591559,Sample_100_GSE9891
LP_SGL,Negative,Neg_ctrl_Sample_22,0.158368410993696,3951,3.59681693591559,Sample_100_GSE9891
LP_SGL,Negative,Neg_ctrl_Sample_23,-0.0539222683496899,3951,3.59681693591559,Sample_100_GSE9891
LP_SGL,Negative,Neg_ctrl_Sample_24,0.207292616157844,3951,3.59681693591559,Sample_100_GSE9891
LP_SGL,Negative,Neg_ctrl_Sample_25,0.0626425621785439,3951,3.59681693591559,Sample_100_GSE9891
LP_SGL,Negative,Neg_ctrl_Sample_26,0.0518364299191763,3951,3.59681693591559,Sample_100_GSE9891
LP_SGL,Negative,Neg_ctrl_Sample_27,0.018970172849766,3951,3.59681693591559,Sample_100_GSE9891
LP_SGL,Negative,Neg_ctrl_Sample_28,0.0180543039031399,3951,3.59681693591559,Sample_100_GSE9891
LP_SGL,Negative,Neg_ctrl_Sample_29,0.0996426478044029,3951,3.59681693591559,Sample_100_GSE9891
LP_SGL,Negative,Neg_ctrl_Sample_30,-0.0722674178697007,3951,3.59681693591559,Sample_100_GSE9891
LP_SGL,Negative,Neg_ctrl_Sample_31,0.040389049654979,3951,3.59681693591559,Sample_100_GSE9891
LP_SGL,Negative,Neg_ctrl_Sample_32,0.143227974582157,3951,3.59681693591559,Sample_100_GSE9891
LP_SGL,Negative,Neg_ctrl_Sample_33,0.103818308967586,3951,3.59681693591559,Sample_100_GSE9891
LP_SGL,Negative,Neg_ctrl_Sample_34,-0.213240720948345,3951,3.59681693591559,Sample_100_GSE9891
LP_SGL,Negative,Neg_ctrl_Sample_35,0.0477117171021352,3951,3.59681693591559,Sample_100_GSE9891
LP_SGL,Negative,Neg_ctrl_Sample_36,0.0794600209853726,3951,3.59681693591559,Sample_100_GSE9891
LP_SGL,Negative,Neg_ctrl_Sample_37,0.0493757331048327,3951,3.59681693591559,Sample_100_GSE9891
LP_SGL,Negative,Neg_ctrl_Sample_38,0.131455143731022,3951,3.59681693591559,Sample_100_GSE9891
LP_SGL,Negative,Neg_ctrl_Sample_39,0.0921594154921921,3951,3.59681693591559,Sample_100_GSE9891
LP_SGL,Negative,Neg_ctrl_Sample_40,0.0939731892478903,3951,3.59681693591559,Sample_100_GSE9891
LP_SGL,Negative,Neg_ctrl_Sample_41,-0.0658408479668694,3951,3.59681693591559,Sample_100_GSE9891
LP_SGL,Negative,Neg_ctrl_Sample_42,-0.0657799937741626,3951,3.59681693591559,Sample_100_GSE9891
LP_SGL,Negative,Neg_ctrl_Sample_43,0.107024957643773,3951,3.59681693591559,Sample_100_GSE9891
LP_SGL,Negative,Neg_ctrl_Sample_44,0.17233067845522,3951,3.59681693591559,Sample_100_GSE9891
LP_SGL,Negative,Neg_ctrl_Sample_45,0.200420924412902,3951,3.59681693591559,Sample_100_GSE9891
LP_SGL,Negative,Neg_ctrl_Sample_46,0.185591941153343,3951,3.59681693591559,Sample_100_GSE9891
LP_SGL,Negative,Neg_ctrl_Sample_47,0.0408055507020218,3951,3.59681693591559,Sample_100_GSE9891
LP_SGL,Negative,Neg_ctrl_Sample_48,0.110426128528177,3951,3.59681693591559,Sample_100_GSE9891
LP_SGL,Negative,Neg_ctrl_Sample_49,-0.0706332878090597,3951,3.59681693591559,Sample_100_GSE9891
LP_SGL,Negative,Neg_ctrl_Sample_50,0.0581295658415214,3951,3.59681693591559,Sample_100_GSE9891
LP_SGL,Negative,Neg_ctrl_Sample_51,-0.012504693469382,3951,3.59681693591559,Sample_100_GSE9891
LP_SGL,Negative,Neg_ctrl_Sample_52,0.129734487588778,3951,3.59681693591559,Sample_100_GSE9891
LP_SGL,Negative,Neg_ctrl_Sample_53,-0.0136122661488235,3951,3.59681693591559,Sample_100_GSE9891
LP_SGL,Negative,Neg_ctrl_Sample_54,0.109996948049067,3951,3.59681693591559,Sample_100_GSE9891
LP_SGL,Negative,Neg_ctrl_Sample_55,0.00704877866238757,3951,3.59681693591559,Sample_100_GSE9891
LP_SGL,Negative,Neg_ctrl_Sample_56,0.0854879067109189,3951,3.59681693591559,Sample_100_GSE9891
LP_SGL,Negative,Neg_ctrl_Sample_57,0.13956787883955,3951,3.59681693591559,Sample_100_GSE9891
LP_SGL,Negative,Neg_ctrl_Sample_58,0.0260915553215365,3951,3.59681693591559,Sample_100_GSE9891
LP_SGL,Negative,Neg_ctrl_Sample_59,0.132673943269726,3951,3.59681693591559,Sample_100_GSE9891
LP_SGL,Negative,Neg_ctrl_Sample_60,0.00121072068596015,3951,3.59681693591559,Sample_100_GSE9891
LP_SGL,Negative,Neg_ctrl_Sample_61,0.0620056680847593,3951,3.59681693591559,Sample_100_GSE9891
LP_SGL,Negative,Neg_ctrl_Sample_62,-0.0616987435018168,3951,3.59681693591559,Sample_100_GSE9891
LP_SGL,Negative,Neg_ctrl_Sample_63,-0.0164947012487414,3951,3.59681693591559,Sample_100_GSE9891
LP_SGL,Negative,Neg_ctrl_Sample_64,0.164235381860563,3951,3.59681693591559,Sample_100_GSE9891
LP_SGL,Negative,Neg_ctrl_Sample_65,-0.078613122770135,3951,3.59681693591559,Sample_100_GSE9891
LP_SGL,Negative,Neg_ctrl_Sample_66,0.101438592265649,3951,3.59681693591559,Sample_100_GSE9891
LP_SGL,Negative,Neg_ctrl_Sample_67,0.119147050375468,3951,3.59681693591559,Sample_100_GSE9891
LP_SGL,Negative,Neg_ctrl_Sample_68,0.131804416890171,3951,3.59681693591559,Sample_100_GSE9891
LP_SGL,Negative,Neg_ctrl_Sample_69,-0.0858446775319161,3951,3.59681693591559,Sample_100_GSE9891
LP_SGL,Negative,Neg_ctrl_Sample_70,-0.0266773946422218,3951,3.59681693591559,Sample_100_GSE9891
LP_SGL,Negative,Neg_ctrl_Sample_71,0.0180584381450883,3951,3.59681693591559,Sample_100_GSE9891
LP_SGL,Negative,Neg_ctrl_Sample_72,0.00448604388246714,3951,3.59681693591559,Sample_100_GSE9891
LP_SGL,Negative,Neg_ctrl_Sample_73,-0.0942866694802049,3951,3.59681693591559,Sample_100_GSE9891
LP_SGL,Negative,Neg_ctrl_Sample_74,0.0277226520376706,3951,3.59681693591559,Sample_100_GSE9891
LP_SGL,Negative,Neg_ctrl_Sample_75,-0.0498426472023295,3951,3.59681693591559,Sample_100_GSE9891
LP_SGL,Negative,Neg_ctrl_Sample_76,0.0934482994738298,3951,3.59681693591559,Sample_100_GSE9891
LP_SGL,Negative,Neg_ctrl_Sample_77,0.0636960819356391,3951,3.59681693591559,Sample_100_GSE9891
LP_SGL,Negative,Neg_ctrl_Sample_78,0.00462136469965072,3951,3.59681693591559,Sample_100_GSE9891
LP_SGL,Negative,Neg_ctrl_Sample_79,-0.00210074736674869,3951,3.59681693591559,Sample_100_GSE9891
LP_SGL,Negative,Neg_ctrl_Sample_80,-0.00765603895796204,3951,3.59681693591559,Sample_100_GSE9891
LP_SGL,Negative,Neg_ctrl_Sample_81,0.0545522798946387,3951,3.59681693591559,Sample_100_GSE9891
LP_SGL,Negative,Neg_ctrl_Sample_82,-0.0195269678236667,3951,3.59681693591559,Sample_100_GSE9891
LP_SGL,Negative,Neg_ctrl_Sample_83,0.0210356120749624,3951,3.59681693591559,Sample_100_GSE9891
LP_SGL,Negative,Neg_ctrl_Sample_84,0.0644182895762213,3951,3.59681693591559,Sample_100_GSE9891
LP_SGL,Negative,Neg_ctrl_Sample_85,0.00162442005909414,3951,3.59681693591559,Sample_100_GSE9891
LP_SGL,Negative,Neg_ctrl_Sample_86,-0.14077633523809,3951,3.59681693591559,Sample_100_GSE9891
LP_SGL,Negative,Neg_ctrl_Sample_87,0.0433686667908238,3951,3.59681693591559,Sample_100_GSE9891
LP_SGL,Negative,Neg_ctrl_Sample_88,0.0329928389488458,3951,3.59681693591559,Sample_100_GSE9891
LP_SGL,Negative,Neg_ctrl_Sample_89,0.151179762189018,3951,3.59681693591559,Sample_100_GSE9891
LP_SGL,Negative,Neg_ctrl_Sample_90,-0.0628385484386782,3951,3.59681693591559,Sample_100_GSE9891
LP_SGL,Negative,Neg_ctrl_Sample_91,0.127370525505678,3951,3.59681693591559,Sample_100_GSE9891
LP_SGL,Negative,Neg_ctrl_Sample_92,0.0300699223177121,3951,3.59681693591559,Sample_100_GSE9891
LP_SGL,Negative,Neg_ctrl_Sample_93,-0.0662202234949677,3951,3.59681693591559,Sample_100_GSE9891
LP_SGL,Negative,Neg_ctrl_Sample_94,-0.0280184294467166,3951,3.59681693591559,Sample_100_GSE9891
LP_SGL,Negative,Neg_ctrl_Sample_95,0.0241090748342988,3951,3.59681693591559,Sample_100_GSE9891
LP_SGL,Negative,Neg_ctrl_Sample_96,-0.0922673988319199,3951,3.59681693591559,Sample_100_GSE9891
LP_SGL,Negative,Neg_ctrl_Sample_97,-0.0540194237803323,3951,3.59681693591559,Sample_100_GSE9891
LP_SGL,Negative,Neg_ctrl_Sample_98,0.0209152426323342,3951,3.59681693591559,Sample_100_GSE9891
LP_SGL,Negative,Neg_ctrl_Sample_99,0.0795214686245561,3951,3.59681693591559,Sample_100_GSE9891
LP_SGL,Negative,Neg_ctrl_Sample_100,-0.0786598458535871,3951,3.59681693591559,Sample_100_GSE9891
LP_SGL,Neutral,Neg_ctrl_Sample_1,-0.0416141488235969,46503,4.66749030994833,Sample_100_GSE9891
LP_SGL,Neutral,Neg_ctrl_Sample_2,-0.0529200325075652,46503,4.66749030994833,Sample_100_GSE9891
LP_SGL,Neutral,Neg_ctrl_Sample_3,-0.0391454016309161,46503,4.66749030994833,Sample_100_GSE9891
LP_SGL,Neutral,Neg_ctrl_Sample_4,-0.0136396386636431,46503,4.66749030994833,Sample_100_GSE9891
LP_SGL,Neutral,Neg_ctrl_Sample_5,0.0443664258476595,46503,4.66749030994833,Sample_100_GSE9891
LP_SGL,Neutral,Neg_ctrl_Sample_6,-0.0770753973969941,46503,4.66749030994833,Sample_100_GSE9891
LP_SGL,Neutral,Neg_ctrl_Sample_7,-0.107598767415282,46503,4.66749030994833,Sample_100_GSE9891
LP_SGL,Neutral,Neg_ctrl_Sample_8,0.0374100447337884,46503,4.66749030994833,Sample_100_GSE9891
LP_SGL,Neutral,Neg_ctrl_Sample_9,0.0145828196914203,46503,4.66749030994833,Sample_100_GSE9891
LP_SGL,Neutral,Neg_ctrl_Sample_10,0.0489614940760675,46503,4.66749030994833,Sample_100_GSE9891
LP_SGL,Neutral,Neg_ctrl_Sample_11,0.135553742034407,46503,4.66749030994833,Sample_100_GSE9891
LP_SGL,Neutral,Neg_ctrl_Sample_12,-0.12255567346793,46503,4.66749030994833,Sample_100_GSE9891
LP_SGL,Neutral,Neg_ctrl_Sample_13,0.0262695502486841,46503,4.66749030994833,Sample_100_GSE9891
LP_SGL,Neutral,Neg_ctrl_Sample_14,0.075585517470427,46503,4.66749030994833,Sample_100_GSE9891
LP_SGL,Neutral,Neg_ctrl_Sample_15,-0.0671142084754236,46503,4.66749030994833,Sample_100_GSE9891
LP_SGL,Neutral,Neg_ctrl_Sample_16,-0.00821112325079357,46503,4.66749030994833,Sample_100_GSE9891
LP_SGL,Neutral,Neg_ctrl_Sample_17,0.0838194900264323,46503,4.66749030994833,Sample_100_GSE9891
LP_SGL,Neutral,Neg_ctrl_Sample_18,0.207578417732229,46503,4.66749030994833,Sample_100_GSE9891
LP_SGL,Neutral,Neg_ctrl_Sample_19,0.254424774932508,46503,4.66749030994833,Sample_100_GSE9891
LP_SGL,Neutral,Neg_ctrl_Sample_20,-0.133969313847612,46503,4.66749030994833,Sample_100_GSE9891
LP_SGL,Neutral,Neg_ctrl_Sample_21,0.0127216002176937,46503,4.66749030994833,Sample_100_GSE9891
LP_SGL,Neutral,Neg_ctrl_Sample_22,0.166214477401112,46503,4.66749030994833,Sample_100_GSE9891
LP_SGL,Neutral,Neg_ctrl_Sample_23,-0.0550265734416932,46503,4.66749030994833,Sample_100_GSE9891
LP_SGL,Neutral,Neg_ctrl_Sample_24,0.172924844118498,46503,4.66749030994833,Sample_100_GSE9891
LP_SGL,Neutral,Neg_ctrl_Sample_25,0.0585380698041938,46503,4.66749030994833,Sample_100_GSE9891
LP_SGL,Neutral,Neg_ctrl_Sample_26,0.0580736213021951,46503,4.66749030994833,Sample_100_GSE9891
LP_SGL,Neutral,Neg_ctrl_Sample_27,0.0358644365381184,46503,4.66749030994833,Sample_100_GSE9891
LP_SGL,Neutral,Neg_ctrl_Sample_28,0.0317647407353851,46503,4.66749030994833,Sample_100_GSE9891
LP_SGL,Neutral,Neg_ctrl_Sample_29,0.130771680875701,46503,4.66749030994833,Sample_100_GSE9891
LP_SGL,Neutral,Neg_ctrl_Sample_30,-0.0495230635858623,46503,4.66749030994833,Sample_100_GSE9891
LP_SGL,Neutral,Neg_ctrl_Sample_31,0.0355297092379947,46503,4.66749030994833,Sample_100_GSE9891
LP_SGL,Neutral,Neg_ctrl_Sample_32,0.155066583548024,46503,4.66749030994833,Sample_100_GSE9891
LP_SGL,Neutral,Neg_ctrl_Sample_33,0.0959871265691776,46503,4.66749030994833,Sample_100_GSE9891
LP_SGL,Neutral,Neg_ctrl_Sample_34,-0.217086150053586,46503,4.66749030994833,Sample_100_GSE9891
LP_SGL,Neutral,Neg_ctrl_Sample_35,0.027586921725643,46503,4.66749030994833,Sample_100_GSE9891
LP_SGL,Neutral,Neg_ctrl_Sample_36,0.0457845145310145,46503,4.66749030994833,Sample_100_GSE9891
LP_SGL,Neutral,Neg_ctrl_Sample_37,0.0834858931519566,46503,4.66749030994833,Sample_100_GSE9891
LP_SGL,Neutral,Neg_ctrl_Sample_38,0.0989221659924464,46503,4.66749030994833,Sample_100_GSE9891
LP_SGL,Neutral,Neg_ctrl_Sample_39,0.0635411610047165,46503,4.66749030994833,Sample_100_GSE9891
LP_SGL,Neutral,Neg_ctrl_Sample_40,0.0857596974250416,46503,4.66749030994833,Sample_100_GSE9891
LP_SGL,Neutral,Neg_ctrl_Sample_41,-0.0747015134792985,46503,4.66749030994833,Sample_100_GSE9891
LP_SGL,Neutral,Neg_ctrl_Sample_42,-0.084147068458233,46503,4.66749030994833,Sample_100_GSE9891
LP_SGL,Neutral,Neg_ctrl_Sample_43,0.0815821454140493,46503,4.66749030994833,Sample_100_GSE9891
LP_SGL,Neutral,Neg_ctrl_Sample_44,0.185260218769961,46503,4.66749030994833,Sample_100_GSE9891
LP_SGL,Neutral,Neg_ctrl_Sample_45,0.198549424338777,46503,4.66749030994833,Sample_100_GSE9891
LP_SGL,Neutral,Neg_ctrl_Sample_46,0.179285697332583,46503,4.66749030994833,Sample_100_GSE9891
LP_SGL,Neutral,Neg_ctrl_Sample_47,0.0399652346532784,46503,4.66749030994833,Sample_100_GSE9891
LP_SGL,Neutral,Neg_ctrl_Sample_48,0.126305024048166,46503,4.66749030994833,Sample_100_GSE9891
LP_SGL,Neutral,Neg_ctrl_Sample_49,-0.122796184023887,46503,4.66749030994833,Sample_100_GSE9891
LP_SGL,Neutral,Neg_ctrl_Sample_50,0.0434972207365971,46503,4.66749030994833,Sample_100_GSE9891
LP_SGL,Neutral,Neg_ctrl_Sample_51,-0.0306553492303635,46503,4.66749030994833,Sample_100_GSE9891
LP_SGL,Neutral,Neg_ctrl_Sample_52,0.109999171435333,46503,4.66749030994833,Sample_100_GSE9891
LP_SGL,Neutral,Neg_ctrl_Sample_53,-0.00693821940128802,46503,4.66749030994833,Sample_100_GSE9891
LP_SGL,Neutral,Neg_ctrl_Sample_54,0.0803306734469853,46503,4.66749030994833,Sample_100_GSE9891
LP_SGL,Neutral,Neg_ctrl_Sample_55,0.00159052481290406,46503,4.66749030994833,Sample_100_GSE9891
LP_SGL,Neutral,Neg_ctrl_Sample_56,0.0871240650780564,46503,4.66749030994833,Sample_100_GSE9891
LP_SGL,Neutral,Neg_ctrl_Sample_57,0.154262591447029,46503,4.66749030994833,Sample_100_GSE9891
LP_SGL,Neutral,Neg_ctrl_Sample_58,0.021637981668401,46503,4.66749030994833,Sample_100_GSE9891
LP_SGL,Neutral,Neg_ctrl_Sample_59,0.118122567655106,46503,4.66749030994833,Sample_100_GSE9891
LP_SGL,Neutral,Neg_ctrl_Sample_60,0.0277843562640158,46503,4.66749030994833,Sample_100_GSE9891
LP_SGL,Neutral,Neg_ctrl_Sample_61,0.0245545078379703,46503,4.66749030994833,Sample_100_GSE9891
LP_SGL,Neutral,Neg_ctrl_Sample_62,-0.0768829239368717,46503,4.66749030994833,Sample_100_GSE9891
LP_SGL,Neutral,Neg_ctrl_Sample_63,-0.0137171548322384,46503,4.66749030994833,Sample_100_GSE9891
LP_SGL,Neutral,Neg_ctrl_Sample_64,0.130259016145592,46503,4.66749030994833,Sample_100_GSE9891
LP_SGL,Neutral,Neg_ctrl_Sample_65,-0.0820282120147387,46503,4.66749030994833,Sample_100_GSE9891
LP_SGL,Neutral,Neg_ctrl_Sample_66,0.0922488068623799,46503,4.66749030994833,Sample_100_GSE9891
LP_SGL,Neutral,Neg_ctrl_Sample_67,0.110078507109997,46503,4.66749030994833,Sample_100_GSE9891
LP_SGL,Neutral,Neg_ctrl_Sample_68,0.117935542407685,46503,4.66749030994833,Sample_100_GSE9891
LP_SGL,Neutral,Neg_ctrl_Sample_69,-0.106047643207955,46503,4.66749030994833,Sample_100_GSE9891
LP_SGL,Neutral,Neg_ctrl_Sample_70,-0.0322804994293855,46503,4.66749030994833,Sample_100_GSE9891
LP_SGL,Neutral,Neg_ctrl_Sample_71,0.00324663717945198,46503,4.66749030994833,Sample_100_GSE9891
LP_SGL,Neutral,Neg_ctrl_Sample_72,-0.0196041727368147,46503,4.66749030994833,Sample_100_GSE9891
LP_SGL,Neutral,Neg_ctrl_Sample_73,-0.0896407410202883,46503,4.66749030994833,Sample_100_GSE9891
LP_SGL,Neutral,Neg_ctrl_Sample_74,0.0156648393150417,46503,4.66749030994833,Sample_100_GSE9891
LP_SGL,Neutral,Neg_ctrl_Sample_75,-0.0458239311830561,46503,4.66749030994833,Sample_100_GSE9891
LP_SGL,Neutral,Neg_ctrl_Sample_76,0.0938605127325777,46503,4.66749030994833,Sample_100_GSE9891
LP_SGL,Neutral,Neg_ctrl_Sample_77,0.0612368288920409,46503,4.66749030994833,Sample_100_GSE9891
LP_SGL,Neutral,Neg_ctrl_Sample_78,-0.013182008982027,46503,4.66749030994833,Sample_100_GSE9891
LP_SGL,Neutral,Neg_ctrl_Sample_79,-0.0145887115913776,46503,4.66749030994833,Sample_100_GSE9891
LP_SGL,Neutral,Neg_ctrl_Sample_80,-0.0172397286539489,46503,4.66749030994833,Sample_100_GSE9891
LP_SGL,Neutral,Neg_ctrl_Sample_81,0.0416694559115815,46503,4.66749030994833,Sample_100_GSE9891
LP_SGL,Neutral,Neg_ctrl_Sample_82,-0.0284365950740188,46503,4.66749030994833,Sample_100_GSE9891
LP_SGL,Neutral,Neg_ctrl_Sample_83,0.0114876415534709,46503,4.66749030994833,Sample_100_GSE9891
LP_SGL,Neutral,Neg_ctrl_Sample_84,0.0965539561834578,46503,4.66749030994833,Sample_100_GSE9891
LP_SGL,Neutral,Neg_ctrl_Sample_85,-0.00904213665807147,46503,4.66749030994833,Sample_100_GSE9891
LP_SGL,Neutral,Neg_ctrl_Sample_86,-0.136287458976564,46503,4.66749030994833,Sample_100_GSE9891
LP_SGL,Neutral,Neg_ctrl_Sample_87,0.0207975648553087,46503,4.66749030994833,Sample_100_GSE9891
LP_SGL,Neutral,Neg_ctrl_Sample_88,0.0164125229902857,46503,4.66749030994833,Sample_100_GSE9891
LP_SGL,Neutral,Neg_ctrl_Sample_89,0.15642453549772,46503,4.66749030994833,Sample_100_GSE9891
LP_SGL,Neutral,Neg_ctrl_Sample_90,-0.0818508345206021,46503,4.66749030994833,Sample_100_GSE9891
LP_SGL,Neutral,Neg_ctrl_Sample_91,0.118757109151942,46503,4.66749030994833,Sample_100_GSE9891
LP_SGL,Neutral,Neg_ctrl_Sample_92,0.00573383882175669,46503,4.66749030994833,Sample_100_GSE9891
LP_SGL,Neutral,Neg_ctrl_Sample_93,-0.100128971060693,46503,4.66749030994833,Sample_100_GSE9891
LP_SGL,Neutral,Neg_ctrl_Sample_94,-0.0254429784141517,46503,4.66749030994833,Sample_100_GSE9891
LP_SGL,Neutral,Neg_ctrl_Sample_95,0.0235463753580249,46503,4.66749030994833,Sample_100_GSE9891
LP_SGL,Neutral,Neg_ctrl_Sample_96,-0.106549953089228,46503,4.66749030994833,Sample_100_GSE9891
LP_SGL,Neutral,Neg_ctrl_Sample_97,-0.0420607343305423,46503,4.66749030994833,Sample_100_GSE9891
LP_SGL,Neutral,Neg_ctrl_Sample_98,0.0238796981639377,46503,4.66749030994833,Sample_100_GSE9891
LP_SGL,Neutral,Neg_ctrl_Sample_99,0.0403727542148824,46503,4.66749030994833,Sample_100_GSE9891
LP_SGL,Neutral,Neg_ctrl_Sample_100,-0.0760747161857562,46503,4.66749030994833,Sample_100_GSE9891
LP_SGL,Positive,Neg_ctrl_Sample_1,-0.0301741167409785,411,2.61489721603313,Sample_100_GSE9891
LP_SGL,Positive,Neg_ctrl_Sample_2,-0.0243344418824897,411,2.61489721603313,Sample_100_GSE9891
LP_SGL,Positive,Neg_ctrl_Sample_3,-0.0602191552752154,411,2.61489721603313,Sample_100_GSE9891
LP_SGL,Positive,Neg_ctrl_Sample_4,0.0910610185081657,411,2.61489721603313,Sample_100_GSE9891
LP_SGL,Positive,Neg_ctrl_Sample_5,0.0905904882102824,411,2.61489721603313,Sample_100_GSE9891
LP_SGL,Positive,Neg_ctrl_Sample_6,-0.0846534465498151,411,2.61489721603313,Sample_100_GSE9891
LP_SGL,Positive,Neg_ctrl_Sample_7,-0.093435542800307,411,2.61489721603313,Sample_100_GSE9891
LP_SGL,Positive,Neg_ctrl_Sample_8,0.0527725863040784,411,2.61489721603313,Sample_100_GSE9891
LP_SGL,Positive,Neg_ctrl_Sample_9,0.0648061107110212,411,2.61489721603313,Sample_100_GSE9891
LP_SGL,Positive,Neg_ctrl_Sample_10,0.0799267792586926,411,2.61489721603313,Sample_100_GSE9891
LP_SGL,Positive,Neg_ctrl_Sample_11,0.180492779272429,411,2.61489721603313,Sample_100_GSE9891
LP_SGL,Positive,Neg_ctrl_Sample_12,-0.0541077988750048,411,2.61489721603313,Sample_100_GSE9891
LP_SGL,Positive,Neg_ctrl_Sample_13,0.0618555402195366,411,2.61489721603313,Sample_100_GSE9891
LP_SGL,Positive,Neg_ctrl_Sample_14,0.0847123480861031,411,2.61489721603313,Sample_100_GSE9891
LP_SGL,Positive,Neg_ctrl_Sample_15,-0.0212979081276358,411,2.61489721603313,Sample_100_GSE9891
LP_SGL,Positive,Neg_ctrl_Sample_16,-0.0136877120110849,411,2.61489721603313,Sample_100_GSE9891
LP_SGL,Positive,Neg_ctrl_Sample_17,0.0657970944334911,411,2.61489721603313,Sample_100_GSE9891
LP_SGL,Positive,Neg_ctrl_Sample_18,0.210822039256772,411,2.61489721603313,Sample_100_GSE9891
LP_SGL,Positive,Neg_ctrl_Sample_19,0.268558836103534,411,2.61489721603313,Sample_100_GSE9891
LP_SGL,Positive,Neg_ctrl_Sample_20,-0.150169653701749,411,2.61489721603313,Sample_100_GSE9891
LP_SGL,Positive,Neg_ctrl_Sample_21,0.021088207281309,411,2.61489721603313,Sample_100_GSE9891
LP_SGL,Positive,Neg_ctrl_Sample_22,0.147438161885652,411,2.61489721603313,Sample_100_GSE9891
LP_SGL,Positive,Neg_ctrl_Sample_23,-0.0227573791396741,411,2.61489721603313,Sample_100_GSE9891
LP_SGL,Positive,Neg_ctrl_Sample_24,0.189482019074347,411,2.61489721603313,Sample_100_GSE9891
LP_SGL,Positive,Neg_ctrl_Sample_25,0.0532165372086263,411,2.61489721603313,Sample_100_GSE9891
LP_SGL,Positive,Neg_ctrl_Sample_26,0.0577726664219529,411,2.61489721603313,Sample_100_GSE9891
LP_SGL,Positive,Neg_ctrl_Sample_27,0.0150695082320606,411,2.61489721603313,Sample_100_GSE9891
LP_SGL,Positive,Neg_ctrl_Sample_28,0.025566320379018,411,2.61489721603313,Sample_100_GSE9891
LP_SGL,Positive,Neg_ctrl_Sample_29,0.141813356308317,411,2.61489721603313,Sample_100_GSE9891
LP_SGL,Positive,Neg_ctrl_Sample_30,-0.0300703545375737,411,2.61489721603313,Sample_100_GSE9891
LP_SGL,Positive,Neg_ctrl_Sample_31,0.0170627654223833,411,2.61489721603313,Sample_100_GSE9891
LP_SGL,Positive,Neg_ctrl_Sample_32,0.139568843894858,411,2.61489721603313,Sample_100_GSE9891
LP_SGL,Positive,Neg_ctrl_Sample_33,0.0920877773274413,411,2.61489721603313,Sample_100_GSE9891
LP_SGL,Positive,Neg_ctrl_Sample_34,-0.221559892003528,411,2.61489721603313,Sample_100_GSE9891
LP_SGL,Positive,Neg_ctrl_Sample_35,0.00370793504168006,411,2.61489721603313,Sample_100_GSE9891
LP_SGL,Positive,Neg_ctrl_Sample_36,0.0559564367072277,411,2.61489721603313,Sample_100_GSE9891
LP_SGL,Positive,Neg_ctrl_Sample_37,0.0658297443121574,411,2.61489721603313,Sample_100_GSE9891
LP_SGL,Positive,Neg_ctrl_Sample_38,0.0938631777857524,411,2.61489721603313,Sample_100_GSE9891
LP_SGL,Positive,Neg_ctrl_Sample_39,0.0871507722028408,411,2.61489721603313,Sample_100_GSE9891
LP_SGL,Positive,Neg_ctrl_Sample_40,0.0443330467701017,411,2.61489721603313,Sample_100_GSE9891
LP_SGL,Positive,Neg_ctrl_Sample_41,-0.055326920857057,411,2.61489721603313,Sample_100_GSE9891
LP_SGL,Positive,Neg_ctrl_Sample_42,-0.0436800292904928,411,2.61489721603313,Sample_100_GSE9891
LP_SGL,Positive,Neg_ctrl_Sample_43,0.115408894392596,411,2.61489721603313,Sample_100_GSE9891
LP_SGL,Positive,Neg_ctrl_Sample_44,0.225369338690278,411,2.61489721603313,Sample_100_GSE9891
LP_SGL,Positive,Neg_ctrl_Sample_45,0.202386703493153,411,2.61489721603313,Sample_100_GSE9891
LP_SGL,Positive,Neg_ctrl_Sample_46,0.171340630390299,411,2.61489721603313,Sample_100_GSE9891
LP_SGL,Positive,Neg_ctrl_Sample_47,0.0492449024379783,411,2.61489721603313,Sample_100_GSE9891
LP_SGL,Positive,Neg_ctrl_Sample_48,0.10420817607417,411,2.61489721603313,Sample_100_GSE9891
LP_SGL,Positive,Neg_ctrl_Sample_49,-0.106118921748675,411,2.61489721603313,Sample_100_GSE9891
LP_SGL,Positive,Neg_ctrl_Sample_50,0.0668569053883783,411,2.61489721603313,Sample_100_GSE9891
LP_SGL,Positive,Neg_ctrl_Sample_51,-0.0142165424405045,411,2.61489721603313,Sample_100_GSE9891
LP_SGL,Positive,Neg_ctrl_Sample_52,0.177333548135427,411,2.61489721603313,Sample_100_GSE9891
LP_SGL,Positive,Neg_ctrl_Sample_53,-0.00580616091933108,411,2.61489721603313,Sample_100_GSE9891
LP_SGL,Positive,Neg_ctrl_Sample_54,0.104009293079772,411,2.61489721603313,Sample_100_GSE9891
LP_SGL,Positive,Neg_ctrl_Sample_55,-0.0227088350185366,411,2.61489721603313,Sample_100_GSE9891
LP_SGL,Positive,Neg_ctrl_Sample_56,0.104999967215141,411,2.61489721603313,Sample_100_GSE9891
LP_SGL,Positive,Neg_ctrl_Sample_57,0.195406739785822,411,2.61489721603313,Sample_100_GSE9891
LP_SGL,Positive,Neg_ctrl_Sample_58,0.0450545302377609,411,2.61489721603313,Sample_100_GSE9891
LP_SGL,Positive,Neg_ctrl_Sample_59,0.120618079019565,411,2.61489721603313,Sample_100_GSE9891
LP_SGL,Positive,Neg_ctrl_Sample_60,0.00936285719560115,411,2.61489721603313,Sample_100_GSE9891
LP_SGL,Positive,Neg_ctrl_Sample_61,0.0390388113609484,411,2.61489721603313,Sample_100_GSE9891
LP_SGL,Positive,Neg_ctrl_Sample_62,-0.0741464073821485,411,2.61489721603313,Sample_100_GSE9891
LP_SGL,Positive,Neg_ctrl_Sample_63,-0.0152371122746114,411,2.61489721603313,Sample_100_GSE9891
LP_SGL,Positive,Neg_ctrl_Sample_64,0.127558682918235,411,2.61489721603313,Sample_100_GSE9891
LP_SGL,Positive,Neg_ctrl_Sample_65,-0.0559609651986223,411,2.61489721603313,Sample_100_GSE9891
LP_SGL,Positive,Neg_ctrl_Sample_66,0.0843000000462541,411,2.61489721603313,Sample_100_GSE9891
LP_SGL,Positive,Neg_ctrl_Sample_67,0.0945581005604821,411,2.61489721603313,Sample_100_GSE9891
LP_SGL,Positive,Neg_ctrl_Sample_68,0.12504411362292,411,2.61489721603313,Sample_100_GSE9891
LP_SGL,Positive,Neg_ctrl_Sample_69,-0.0935746347612405,411,2.61489721603313,Sample_100_GSE9891
LP_SGL,Positive,Neg_ctrl_Sample_70,-0.0143136280349845,411,2.61489721603313,Sample_100_GSE9891
LP_SGL,Positive,Neg_ctrl_Sample_71,0.00531159150310893,411,2.61489721603313,Sample_100_GSE9891
LP_SGL,Positive,Neg_ctrl_Sample_72,0.0227668727404805,411,2.61489721603313,Sample_100_GSE9891
LP_SGL,Positive,Neg_ctrl_Sample_73,-0.0896616868481067,411,2.61489721603313,Sample_100_GSE9891
LP_SGL,Positive,Neg_ctrl_Sample_74,0.0346734585652436,411,2.61489721603313,Sample_100_GSE9891
LP_SGL,Positive,Neg_ctrl_Sample_75,-0.0563675974845674,411,2.61489721603313,Sample_100_GSE9891
LP_SGL,Positive,Neg_ctrl_Sample_76,0.116944947058436,411,2.61489721603313,Sample_100_GSE9891
LP_SGL,Positive,Neg_ctrl_Sample_77,0.0788039750754434,411,2.61489721603313,Sample_100_GSE9891
LP_SGL,Positive,Neg_ctrl_Sample_78,-0.0058672822533677,411,2.61489721603313,Sample_100_GSE9891
LP_SGL,Positive,Neg_ctrl_Sample_79,0.0130667209098855,411,2.61489721603313,Sample_100_GSE9891
LP_SGL,Positive,Neg_ctrl_Sample_80,0.0601849134860187,411,2.61489721603313,Sample_100_GSE9891
LP_SGL,Positive,Neg_ctrl_Sample_81,0.020972014119554,411,2.61489721603313,Sample_100_GSE9891
LP_SGL,Positive,Neg_ctrl_Sample_82,-0.0452633047944381,411,2.61489721603313,Sample_100_GSE9891
LP_SGL,Positive,Neg_ctrl_Sample_83,0.0320705873212339,411,2.61489721603313,Sample_100_GSE9891
LP_SGL,Positive,Neg_ctrl_Sample_84,0.115814954303486,411,2.61489721603313,Sample_100_GSE9891
LP_SGL,Positive,Neg_ctrl_Sample_85,-0.0107555506500767,411,2.61489721603313,Sample_100_GSE9891
LP_SGL,Positive,Neg_ctrl_Sample_86,-0.0974060826086117,411,2.61489721603313,Sample_100_GSE9891
LP_SGL,Positive,Neg_ctrl_Sample_87,0.0451494923552422,411,2.61489721603313,Sample_100_GSE9891
LP_SGL,Positive,Neg_ctrl_Sample_88,0.0544222132371372,411,2.61489721603313,Sample_100_GSE9891
LP_SGL,Positive,Neg_ctrl_Sample_89,0.209911149896059,411,2.61489721603313,Sample_100_GSE9891
LP_SGL,Positive,Neg_ctrl_Sample_90,-0.0763236311710155,411,2.61489721603313,Sample_100_GSE9891
LP_SGL,Positive,Neg_ctrl_Sample_91,0.149623095140097,411,2.61489721603313,Sample_100_GSE9891
LP_SGL,Positive,Neg_ctrl_Sample_92,0.0599017977936789,411,2.61489721603313,Sample_100_GSE9891
LP_SGL,Positive,Neg_ctrl_Sample_93,-0.0492986588982815,411,2.61489721603313,Sample_100_GSE9891
LP_SGL,Positive,Neg_ctrl_Sample_94,-0.0156174949413682,411,2.61489721603313,Sample_100_GSE9891
LP_SGL,Positive,Neg_ctrl_Sample_95,0.028379666615981,411,2.61489721603313,Sample_100_GSE9891
LP_SGL,Positive,Neg_ctrl_Sample_96,-0.103296535112085,411,2.61489721603313,Sample_100_GSE9891
LP_SGL,Positive,Neg_ctrl_Sample_97,-0.0139924434386005,411,2.61489721603313,Sample_100_GSE9891
LP_SGL,Positive,Neg_ctrl_Sample_98,0.00532036616721519,411,2.61489721603313,Sample_100_GSE9891
LP_SGL,Positive,Neg_ctrl_Sample_99,0.0805985596300048,411,2.61489721603313,Sample_100_GSE9891
LP_SGL,Positive,Neg_ctrl_Sample_100,-0.0690318660554372,411,2.61489721603313,Sample_100_GSE9891
PIPET,Negative,Neg_ctrl_Sample_1,-0.0309599036045801,3230,3.50933695801764,Sample_100_GSE9891
PIPET,Negative,Neg_ctrl_Sample_2,-0.0374183533822394,3230,3.50933695801764,Sample_100_GSE9891
PIPET,Negative,Neg_ctrl_Sample_3,-0.0443568759599721,3230,3.50933695801764,Sample_100_GSE9891
PIPET,Negative,Neg_ctrl_Sample_4,0.0364660824605276,3230,3.50933695801764,Sample_100_GSE9891
PIPET,Negative,Neg_ctrl_Sample_5,0.0801023658476781,3230,3.50933695801764,Sample_100_GSE9891
PIPET,Negative,Neg_ctrl_Sample_6,-0.0793370721331411,3230,3.50933695801764,Sample_100_GSE9891
PIPET,Negative,Neg_ctrl_Sample_7,-0.0968280477436164,3230,3.50933695801764,Sample_100_GSE9891
PIPET,Negative,Neg_ctrl_Sample_8,0.041038951938703,3230,3.50933695801764,Sample_100_GSE9891
PIPET,Negative,Neg_ctrl_Sample_9,0.0266956460290749,3230,3.50933695801764,Sample_100_GSE9891
PIPET,Negative,Neg_ctrl_Sample_10,0.0507759406299997,3230,3.50933695801764,Sample_100_GSE9891
PIPET,Negative,Neg_ctrl_Sample_11,0.153864757384987,3230,3.50933695801764,Sample_100_GSE9891
PIPET,Negative,Neg_ctrl_Sample_12,-0.104057253002334,3230,3.50933695801764,Sample_100_GSE9891
PIPET,Negative,Neg_ctrl_Sample_13,0.0434807599918212,3230,3.50933695801764,Sample_100_GSE9891
PIPET,Negative,Neg_ctrl_Sample_14,0.0888946593088094,3230,3.50933695801764,Sample_100_GSE9891
PIPET,Negative,Neg_ctrl_Sample_15,-0.0476936036312746,3230,3.50933695801764,Sample_100_GSE9891
PIPET,Negative,Neg_ctrl_Sample_16,-0.0135247347999957,3230,3.50933695801764,Sample_100_GSE9891
PIPET,Negative,Neg_ctrl_Sample_17,0.0782801677752501,3230,3.50933695801764,Sample_100_GSE9891
PIPET,Negative,Neg_ctrl_Sample_18,0.213682737308018,3230,3.50933695801764,Sample_100_GSE9891
PIPET,Negative,Neg_ctrl_Sample_19,0.263344506586939,3230,3.50933695801764,Sample_100_GSE9891
PIPET,Negative,Neg_ctrl_Sample_20,-0.136926216416069,3230,3.50933695801764,Sample_100_GSE9891
PIPET,Negative,Neg_ctrl_Sample_21,0.0155174837055487,3230,3.50933695801764,Sample_100_GSE9891
PIPET,Negative,Neg_ctrl_Sample_22,0.158776353490866,3230,3.50933695801764,Sample_100_GSE9891
PIPET,Negative,Neg_ctrl_Sample_23,-0.0401575288647173,3230,3.50933695801764,Sample_100_GSE9891
PIPET,Negative,Neg_ctrl_Sample_24,0.186412792938806,3230,3.50933695801764,Sample_100_GSE9891
PIPET,Negative,Neg_ctrl_Sample_25,0.0636283914701941,3230,3.50933695801764,Sample_100_GSE9891
PIPET,Negative,Neg_ctrl_Sample_26,0.0560622093937342,3230,3.50933695801764,Sample_100_GSE9891
PIPET,Negative,Neg_ctrl_Sample_27,0.0407966483110457,3230,3.50933695801764,Sample_100_GSE9891
PIPET,Negative,Neg_ctrl_Sample_28,0.0294714638206829,3230,3.50933695801764,Sample_100_GSE9891
PIPET,Negative,Neg_ctrl_Sample_29,0.13482415804549,3230,3.50933695801764,Sample_100_GSE9891
PIPET,Negative,Neg_ctrl_Sample_30,-0.0407433800886858,3230,3.50933695801764,Sample_100_GSE9891
PIPET,Negative,Neg_ctrl_Sample_31,0.0344230321333205,3230,3.50933695801764,Sample_100_GSE9891
PIPET,Negative,Neg_ctrl_Sample_32,0.155802732798753,3230,3.50933695801764,Sample_100_GSE9891
PIPET,Negative,Neg_ctrl_Sample_33,0.0987054619604314,3230,3.50933695801764,Sample_100_GSE9891
PIPET,Negative,Neg_ctrl_Sample_34,-0.20941494609763,3230,3.50933695801764,Sample_100_GSE9891
PIPET,Negative,Neg_ctrl_Sample_35,0.0259946716954727,3230,3.50933695801764,Sample_100_GSE9891
PIPET,Negative,Neg_ctrl_Sample_36,0.0615015739627714,3230,3.50933695801764,Sample_100_GSE9891
PIPET,Negative,Neg_ctrl_Sample_37,0.0675439531718607,3230,3.50933695801764,Sample_100_GSE9891
PIPET,Negative,Neg_ctrl_Sample_38,0.100853288635459,3230,3.50933695801764,Sample_100_GSE9891
PIPET,Negative,Neg_ctrl_Sample_39,0.0733075854307047,3230,3.50933695801764,Sample_100_GSE9891
PIPET,Negative,Neg_ctrl_Sample_40,0.0796108106888193,3230,3.50933695801764,Sample_100_GSE9891
PIPET,Negative,Neg_ctrl_Sample_41,-0.0630704833057643,3230,3.50933695801764,Sample_100_GSE9891
PIPET,Negative,Neg_ctrl_Sample_42,-0.0660698957667262,3230,3.50933695801764,Sample_100_GSE9891
PIPET,Negative,Neg_ctrl_Sample_43,0.0953859760573924,3230,3.50933695801764,Sample_100_GSE9891
PIPET,Negative,Neg_ctrl_Sample_44,0.202823941749673,3230,3.50933695801764,Sample_100_GSE9891
PIPET,Negative,Neg_ctrl_Sample_45,0.211731484819029,3230,3.50933695801764,Sample_100_GSE9891
PIPET,Negative,Neg_ctrl_Sample_46,0.171271097100946,3230,3.50933695801764,Sample_100_GSE9891
PIPET,Negative,Neg_ctrl_Sample_47,0.0465723092943631,3230,3.50933695801764,Sample_100_GSE9891
PIPET,Negative,Neg_ctrl_Sample_48,0.115147488863788,3230,3.50933695801764,Sample_100_GSE9891
PIPET,Negative,Neg_ctrl_Sample_49,-0.100349242917504,3230,3.50933695801764,Sample_100_GSE9891
PIPET,Negative,Neg_ctrl_Sample_50,0.0429638735549306,3230,3.50933695801764,Sample_100_GSE9891
PIPET,Negative,Neg_ctrl_Sample_51,-0.024687514190026,3230,3.50933695801764,Sample_100_GSE9891
PIPET,Negative,Neg_ctrl_Sample_52,0.138373979625878,3230,3.50933695801764,Sample_100_GSE9891
PIPET,Negative,Neg_ctrl_Sample_53,0.0186303901157866,3230,3.50933695801764,Sample_100_GSE9891
PIPET,Negative,Neg_ctrl_Sample_54,0.101788879766658,3230,3.50933695801764,Sample_100_GSE9891
PIPET,Negative,Neg_ctrl_Sample_55,-0.000412686039823386,3230,3.50933695801764,Sample_100_GSE9891
PIPET,Negative,Neg_ctrl_Sample_56,0.0986178534854019,3230,3.50933695801764,Sample_100_GSE9891
PIPET,Negative,Neg_ctrl_Sample_57,0.170463515264234,3230,3.50933695801764,Sample_100_GSE9891
PIPET,Negative,Neg_ctrl_Sample_58,0.0320271313406613,3230,3.50933695801764,Sample_100_GSE9891
PIPET,Negative,Neg_ctrl_Sample_59,0.133558934244905,3230,3.50933695801764,Sample_100_GSE9891
PIPET,Negative,Neg_ctrl_Sample_60,0.0154916799235315,3230,3.50933695801764,Sample_100_GSE9891
PIPET,Negative,Neg_ctrl_Sample_61,0.028425088575617,3230,3.50933695801764,Sample_100_GSE9891
PIPET,Negative,Neg_ctrl_Sample_62,-0.0712022497675611,3230,3.50933695801764,Sample_100_GSE9891
PIPET,Negative,Neg_ctrl_Sample_63,-0.015502504714253,3230,3.50933695801764,Sample_100_GSE9891
PIPET,Negative,Neg_ctrl_Sample_64,0.138075780660398,3230,3.50933695801764,Sample_100_GSE9891
PIPET,Negative,Neg_ctrl_Sample_65,-0.0625263323110936,3230,3.50933695801764,Sample_100_GSE9891
PIPET,Negative,Neg_ctrl_Sample_66,0.0906830099651355,3230,3.50933695801764,Sample_100_GSE9891
PIPET,Negative,Neg_ctrl_Sample_67,0.108194829246072,3230,3.50933695801764,Sample_100_GSE9891
PIPET,Negative,Neg_ctrl_Sample_68,0.114934806606741,3230,3.50933695801764,Sample_100_GSE9891
PIPET,Negative,Neg_ctrl_Sample_69,-0.0949167722553079,3230,3.50933695801764,Sample_100_GSE9891
PIPET,Negative,Neg_ctrl_Sample_70,-0.0234190026133468,3230,3.50933695801764,Sample_100_GSE9891
PIPET,Negative,Neg_ctrl_Sample_71,0.00626393415532425,3230,3.50933695801764,Sample_100_GSE9891
PIPET,Negative,Neg_ctrl_Sample_72,-0.00361351447605869,3230,3.50933695801764,Sample_100_GSE9891
PIPET,Negative,Neg_ctrl_Sample_73,-0.0932659130679062,3230,3.50933695801764,Sample_100_GSE9891
PIPET,Negative,Neg_ctrl_Sample_74,0.0208582006384612,3230,3.50933695801764,Sample_100_GSE9891
PIPET,Negative,Neg_ctrl_Sample_75,-0.0396509066575903,3230,3.50933695801764,Sample_100_GSE9891
PIPET,Negative,Neg_ctrl_Sample_76,0.101957541985543,3230,3.50933695801764,Sample_100_GSE9891
PIPET,Negative,Neg_ctrl_Sample_77,0.0581053768758442,3230,3.50933695801764,Sample_100_GSE9891
PIPET,Negative,Neg_ctrl_Sample_78,-0.0105031755883821,3230,3.50933695801764,Sample_100_GSE9891
PIPET,Negative,Neg_ctrl_Sample_79,-0.00570904971942085,3230,3.50933695801764,Sample_100_GSE9891
PIPET,Negative,Neg_ctrl_Sample_80,0.0158733736555612,3230,3.50933695801764,Sample_100_GSE9891
PIPET,Negative,Neg_ctrl_Sample_81,0.038259363187158,3230,3.50933695801764,Sample_100_GSE9891
PIPET,Negative,Neg_ctrl_Sample_82,-0.0319240682638,3230,3.50933695801764,Sample_100_GSE9891
PIPET,Negative,Neg_ctrl_Sample_83,0.0204876130655727,3230,3.50933695801764,Sample_100_GSE9891
PIPET,Negative,Neg_ctrl_Sample_84,0.106083001320895,3230,3.50933695801764,Sample_100_GSE9891
PIPET,Negative,Neg_ctrl_Sample_85,-0.00092174462272571,3230,3.50933695801764,Sample_100_GSE9891
PIPET,Negative,Neg_ctrl_Sample_86,-0.118444104658545,3230,3.50933695801764,Sample_100_GSE9891
PIPET,Negative,Neg_ctrl_Sample_87,0.0409236108664832,3230,3.50933695801764,Sample_100_GSE9891
PIPET,Negative,Neg_ctrl_Sample_88,0.0345266961852333,3230,3.50933695801764,Sample_100_GSE9891
PIPET,Negative,Neg_ctrl_Sample_89,0.177479372076055,3230,3.50933695801764,Sample_100_GSE9891
PIPET,Negative,Neg_ctrl_Sample_90,-0.0774163624753331,3230,3.50933695801764,Sample_100_GSE9891
PIPET,Negative,Neg_ctrl_Sample_91,0.126910250260768,3230,3.50933695801764,Sample_100_GSE9891
PIPET,Negative,Neg_ctrl_Sample_92,0.0310857796306913,3230,3.50933695801764,Sample_100_GSE9891
PIPET,Negative,Neg_ctrl_Sample_93,-0.0767322700789228,3230,3.50933695801764,Sample_100_GSE9891
PIPET,Negative,Neg_ctrl_Sample_94,-0.0141561292945032,3230,3.50933695801764,Sample_100_GSE9891
PIPET,Negative,Neg_ctrl_Sample_95,0.0321683756684359,3230,3.50933695801764,Sample_100_GSE9891
PIPET,Negative,Neg_ctrl_Sample_96,-0.101029737536024,3230,3.50933695801764,Sample_100_GSE9891
PIPET,Negative,Neg_ctrl_Sample_97,-0.0314281384748415,3230,3.50933695801764,Sample_100_GSE9891
PIPET,Negative,Neg_ctrl_Sample_98,0.0143042656058658,3230,3.50933695801764,Sample_100_GSE9891
PIPET,Negative,Neg_ctrl_Sample_99,0.0577392267615609,3230,3.50933695801764,Sample_100_GSE9891
PIPET,Negative,Neg_ctrl_Sample_100,-0.0777002927238828,3230,3.50933695801764,Sample_100_GSE9891
PIPET,Neutral,Neg_ctrl_Sample_1,-0.0422906187510114,41633,4.61944813787393,Sample_100_GSE9891
PIPET,Neutral,Neg_ctrl_Sample_2,-0.0508460157344848,41633,4.61944813787393,Sample_100_GSE9891
PIPET,Neutral,Neg_ctrl_Sample_3,-0.0356187721775454,41633,4.61944813787393,Sample_100_GSE9891
PIPET,Neutral,Neg_ctrl_Sample_4,-0.00389966809204929,41633,4.61944813787393,Sample_100_GSE9891
PIPET,Neutral,Neg_ctrl_Sample_5,0.0510522287357522,41633,4.61944813787393,Sample_100_GSE9891
PIPET,Neutral,Neg_ctrl_Sample_6,-0.0726992561923084,41633,4.61944813787393,Sample_100_GSE9891
PIPET,Neutral,Neg_ctrl_Sample_7,-0.10660493718894,41633,4.61944813787393,Sample_100_GSE9891
PIPET,Neutral,Neg_ctrl_Sample_8,0.0394127167308521,41633,4.61944813787393,Sample_100_GSE9891
PIPET,Neutral,Neg_ctrl_Sample_9,0.0115516382778249,41633,4.61944813787393,Sample_100_GSE9891
PIPET,Neutral,Neg_ctrl_Sample_10,0.0513478832552506,41633,4.61944813787393,Sample_100_GSE9891
PIPET,Neutral,Neg_ctrl_Sample_11,0.135159067893056,41633,4.61944813787393,Sample_100_GSE9891
PIPET,Neutral,Neg_ctrl_Sample_12,-0.118778363516281,41633,4.61944813787393,Sample_100_GSE9891
PIPET,Neutral,Neg_ctrl_Sample_13,0.034682242575444,41633,4.61944813787393,Sample_100_GSE9891
PIPET,Neutral,Neg_ctrl_Sample_14,0.0825441777428063,41633,4.61944813787393,Sample_100_GSE9891
PIPET,Neutral,Neg_ctrl_Sample_15,-0.0680179026736414,41633,4.61944813787393,Sample_100_GSE9891
PIPET,Neutral,Neg_ctrl_Sample_16,-0.00565958788537252,41633,4.61944813787393,Sample_100_GSE9891
PIPET,Neutral,Neg_ctrl_Sample_17,0.082299760911404,41633,4.61944813787393,Sample_100_GSE9891
PIPET,Neutral,Neg_ctrl_Sample_18,0.21131413412834,41633,4.61944813787393,Sample_100_GSE9891
PIPET,Neutral,Neg_ctrl_Sample_19,0.25817491974124,41633,4.61944813787393,Sample_100_GSE9891
PIPET,Neutral,Neg_ctrl_Sample_20,-0.131317085029071,41633,4.61944813787393,Sample_100_GSE9891
PIPET,Neutral,Neg_ctrl_Sample_21,0.0191955314739931,41633,4.61944813787393,Sample_100_GSE9891
PIPET,Neutral,Neg_ctrl_Sample_22,0.16695557962414,41633,4.61944813787393,Sample_100_GSE9891
PIPET,Neutral,Neg_ctrl_Sample_23,-0.0542175282299403,41633,4.61944813787393,Sample_100_GSE9891
PIPET,Neutral,Neg_ctrl_Sample_24,0.177942776230578,41633,4.61944813787393,Sample_100_GSE9891
PIPET,Neutral,Neg_ctrl_Sample_25,0.0629844022787774,41633,4.61944813787393,Sample_100_GSE9891
PIPET,Neutral,Neg_ctrl_Sample_26,0.0595740587024891,41633,4.61944813787393,Sample_100_GSE9891
PIPET,Neutral,Neg_ctrl_Sample_27,0.0402997698818496,41633,4.61944813787393,Sample_100_GSE9891
PIPET,Neutral,Neg_ctrl_Sample_28,0.0298054535144713,41633,4.61944813787393,Sample_100_GSE9891
PIPET,Neutral,Neg_ctrl_Sample_29,0.130694061401847,41633,4.61944813787393,Sample_100_GSE9891
PIPET,Neutral,Neg_ctrl_Sample_30,-0.0532758432405193,41633,4.61944813787393,Sample_100_GSE9891
PIPET,Neutral,Neg_ctrl_Sample_31,0.0387357807629066,41633,4.61944813787393,Sample_100_GSE9891
PIPET,Neutral,Neg_ctrl_Sample_32,0.152357700568563,41633,4.61944813787393,Sample_100_GSE9891
PIPET,Neutral,Neg_ctrl_Sample_33,0.0980833201404942,41633,4.61944813787393,Sample_100_GSE9891
PIPET,Neutral,Neg_ctrl_Sample_34,-0.212813615203275,41633,4.61944813787393,Sample_100_GSE9891
PIPET,Neutral,Neg_ctrl_Sample_35,0.033980569544034,41633,4.61944813787393,Sample_100_GSE9891
PIPET,Neutral,Neg_ctrl_Sample_36,0.0514307541617614,41633,4.61944813787393,Sample_100_GSE9891
PIPET,Neutral,Neg_ctrl_Sample_37,0.0793547531938999,41633,4.61944813787393,Sample_100_GSE9891
PIPET,Neutral,Neg_ctrl_Sample_38,0.105760241479813,41633,4.61944813787393,Sample_100_GSE9891
PIPET,Neutral,Neg_ctrl_Sample_39,0.0654665860945234,41633,4.61944813787393,Sample_100_GSE9891
PIPET,Neutral,Neg_ctrl_Sample_40,0.091095428473646,41633,4.61944813787393,Sample_100_GSE9891
PIPET,Neutral,Neg_ctrl_Sample_41,-0.0722074244641456,41633,4.61944813787393,Sample_100_GSE9891
PIPET,Neutral,Neg_ctrl_Sample_42,-0.0822703523328665,41633,4.61944813787393,Sample_100_GSE9891
PIPET,Neutral,Neg_ctrl_Sample_43,0.0824130564706641,41633,4.61944813787393,Sample_100_GSE9891
PIPET,Neutral,Neg_ctrl_Sample_44,0.18040209822097,41633,4.61944813787393,Sample_100_GSE9891
PIPET,Neutral,Neg_ctrl_Sample_45,0.200239299153032,41633,4.61944813787393,Sample_100_GSE9891
PIPET,Neutral,Neg_ctrl_Sample_46,0.17998240275728,41633,4.61944813787393,Sample_100_GSE9891
PIPET,Neutral,Neg_ctrl_Sample_47,0.0405947464383653,41633,4.61944813787393,Sample_100_GSE9891
PIPET,Neutral,Neg_ctrl_Sample_48,0.125461640872781,41633,4.61944813787393,Sample_100_GSE9891
PIPET,Neutral,Neg_ctrl_Sample_49,-0.113501209582834,41633,4.61944813787393,Sample_100_GSE9891
PIPET,Neutral,Neg_ctrl_Sample_50,0.0465189536377492,41633,4.61944813787393,Sample_100_GSE9891
PIPET,Neutral,Neg_ctrl_Sample_51,-0.0293246501091105,41633,4.61944813787393,Sample_100_GSE9891
PIPET,Neutral,Neg_ctrl_Sample_52,0.112287465230281,41633,4.61944813787393,Sample_100_GSE9891
PIPET,Neutral,Neg_ctrl_Sample_53,-0.00341639392703705,41633,4.61944813787393,Sample_100_GSE9891
PIPET,Neutral,Neg_ctrl_Sample_54,0.0820337450028606,41633,4.61944813787393,Sample_100_GSE9891
PIPET,Neutral,Neg_ctrl_Sample_55,0.00323045773387541,41633,4.61944813787393,Sample_100_GSE9891
PIPET,Neutral,Neg_ctrl_Sample_56,0.0906522001727457,41633,4.61944813787393,Sample_100_GSE9891
PIPET,Neutral,Neg_ctrl_Sample_57,0.14997264337933,41633,4.61944813787393,Sample_100_GSE9891
PIPET,Neutral,Neg_ctrl_Sample_58,0.02397323510674,41633,4.61944813787393,Sample_100_GSE9891
PIPET,Neutral,Neg_ctrl_Sample_59,0.122117517534372,41633,4.61944813787393,Sample_100_GSE9891
PIPET,Neutral,Neg_ctrl_Sample_60,0.02685734337916,41633,4.61944813787393,Sample_100_GSE9891
PIPET,Neutral,Neg_ctrl_Sample_61,0.0307127707984678,41633,4.61944813787393,Sample_100_GSE9891
PIPET,Neutral,Neg_ctrl_Sample_62,-0.0740587907059858,41633,4.61944813787393,Sample_100_GSE9891
PIPET,Neutral,Neg_ctrl_Sample_63,-0.011092228348925,41633,4.61944813787393,Sample_100_GSE9891
PIPET,Neutral,Neg_ctrl_Sample_64,0.134976323290083,41633,4.61944813787393,Sample_100_GSE9891
PIPET,Neutral,Neg_ctrl_Sample_65,-0.080173268210237,41633,4.61944813787393,Sample_100_GSE9891
PIPET,Neutral,Neg_ctrl_Sample_66,0.0960938886322028,41633,4.61944813787393,Sample_100_GSE9891
PIPET,Neutral,Neg_ctrl_Sample_67,0.112936621472446,41633,4.61944813787393,Sample_100_GSE9891
PIPET,Neutral,Neg_ctrl_Sample_68,0.117707060903649,41633,4.61944813787393,Sample_100_GSE9891
PIPET,Neutral,Neg_ctrl_Sample_69,-0.105290366497404,41633,4.61944813787393,Sample_100_GSE9891
PIPET,Neutral,Neg_ctrl_Sample_70,-0.0281788433629,41633,4.61944813787393,Sample_100_GSE9891
PIPET,Neutral,Neg_ctrl_Sample_71,0.00665335761894315,41633,4.61944813787393,Sample_100_GSE9891
PIPET,Neutral,Neg_ctrl_Sample_72,-0.015594282424053,41633,4.61944813787393,Sample_100_GSE9891
PIPET,Neutral,Neg_ctrl_Sample_73,-0.086350462640938,41633,4.61944813787393,Sample_100_GSE9891
PIPET,Neutral,Neg_ctrl_Sample_74,0.0149923127963323,41633,4.61944813787393,Sample_100_GSE9891
PIPET,Neutral,Neg_ctrl_Sample_75,-0.040019403210249,41633,4.61944813787393,Sample_100_GSE9891
PIPET,Neutral,Neg_ctrl_Sample_76,0.0940187538651164,41633,4.61944813787393,Sample_100_GSE9891
PIPET,Neutral,Neg_ctrl_Sample_77,0.0621806428654782,41633,4.61944813787393,Sample_100_GSE9891
PIPET,Neutral,Neg_ctrl_Sample_78,-0.0121022292500801,41633,4.61944813787393,Sample_100_GSE9891
PIPET,Neutral,Neg_ctrl_Sample_79,-0.0132981551031468,41633,4.61944813787393,Sample_100_GSE9891
PIPET,Neutral,Neg_ctrl_Sample_80,-0.016976252476189,41633,4.61944813787393,Sample_100_GSE9891
PIPET,Neutral,Neg_ctrl_Sample_81,0.049856011101337,41633,4.61944813787393,Sample_100_GSE9891
PIPET,Neutral,Neg_ctrl_Sample_82,-0.021474512562349,41633,4.61944813787393,Sample_100_GSE9891
PIPET,Neutral,Neg_ctrl_Sample_83,0.0122657773264565,41633,4.61944813787393,Sample_100_GSE9891
PIPET,Neutral,Neg_ctrl_Sample_84,0.0936218904680127,41633,4.61944813787393,Sample_100_GSE9891
PIPET,Neutral,Neg_ctrl_Sample_85,-0.00793544053944061,41633,4.61944813787393,Sample_100_GSE9891
PIPET,Neutral,Neg_ctrl_Sample_86,-0.134142699137123,41633,4.61944813787393,Sample_100_GSE9891
PIPET,Neutral,Neg_ctrl_Sample_87,0.0225697925620873,41633,4.61944813787393,Sample_100_GSE9891
PIPET,Neutral,Neg_ctrl_Sample_88,0.0191967614226961,41633,4.61944813787393,Sample_100_GSE9891
PIPET,Neutral,Neg_ctrl_Sample_89,0.155195412999845,41633,4.61944813787393,Sample_100_GSE9891
PIPET,Neutral,Neg_ctrl_Sample_90,-0.076883941142022,41633,4.61944813787393,Sample_100_GSE9891
PIPET,Neutral,Neg_ctrl_Sample_91,0.119957322851698,41633,4.61944813787393,Sample_100_GSE9891
PIPET,Neutral,Neg_ctrl_Sample_92,0.0099597487079379,41633,4.61944813787393,Sample_100_GSE9891
PIPET,Neutral,Neg_ctrl_Sample_93,-0.0954807050278425,41633,4.61944813787393,Sample_100_GSE9891
PIPET,Neutral,Neg_ctrl_Sample_94,-0.0258681781214566,41633,4.61944813787393,Sample_100_GSE9891
PIPET,Neutral,Neg_ctrl_Sample_95,0.0241379791176853,41633,4.61944813787393,Sample_100_GSE9891
PIPET,Neutral,Neg_ctrl_Sample_96,-0.103162107640858,41633,4.61944813787393,Sample_100_GSE9891
PIPET,Neutral,Neg_ctrl_Sample_97,-0.0452824157513363,41633,4.61944813787393,Sample_100_GSE9891
PIPET,Neutral,Neg_ctrl_Sample_98,0.0251435579642048,41633,4.61944813787393,Sample_100_GSE9891
PIPET,Neutral,Neg_ctrl_Sample_99,0.0451169363077989,41633,4.61944813787393,Sample_100_GSE9891
PIPET,Neutral,Neg_ctrl_Sample_100,-0.0748860931949437,41633,4.61944813787393,Sample_100_GSE9891
PIPET,Positive,Neg_ctrl_Sample_1,-0.0550012038815417,6002,3.77836834335587,Sample_100_GSE9891
PIPET,Positive,Neg_ctrl_Sample_2,-0.054409390533019,6002,3.77836834335587,Sample_100_GSE9891
PIPET,Positive,Neg_ctrl_Sample_3,-0.0673954599679631,6002,3.77836834335587,Sample_100_GSE9891
PIPET,Positive,Neg_ctrl_Sample_4,-0.0675954648748244,6002,3.77836834335587,Sample_100_GSE9891
PIPET,Positive,Neg_ctrl_Sample_5,0.00267352411994497,6002,3.77836834335587,Sample_100_GSE9891
PIPET,Positive,Neg_ctrl_Sample_6,-0.0977764769930496,6002,3.77836834335587,Sample_100_GSE9891
PIPET,Positive,Neg_ctrl_Sample_7,-0.137306785955974,6002,3.77836834335587,Sample_100_GSE9891
PIPET,Positive,Neg_ctrl_Sample_8,0.0258160557710108,6002,3.77836834335587,Sample_100_GSE9891
PIPET,Positive,Neg_ctrl_Sample_9,0.0186672530896822,6002,3.77836834335587,Sample_100_GSE9891
PIPET,Positive,Neg_ctrl_Sample_10,0.0379274236479077,6002,3.77836834335587,Sample_100_GSE9891
PIPET,Positive,Neg_ctrl_Sample_11,0.129290139135,6002,3.77836834335587,Sample_100_GSE9891
PIPET,Positive,Neg_ctrl_Sample_12,-0.12507389231525,6002,3.77836834335587,Sample_100_GSE9891
PIPET,Positive,Neg_ctrl_Sample_13,0.000164270038601504,6002,3.77836834335587,Sample_100_GSE9891
PIPET,Positive,Neg_ctrl_Sample_14,0.0378246338634881,6002,3.77836834335587,Sample_100_GSE9891
PIPET,Positive,Neg_ctrl_Sample_15,-0.0783668316202058,6002,3.77836834335587,Sample_100_GSE9891
PIPET,Positive,Neg_ctrl_Sample_16,-0.0311407424828753,6002,3.77836834335587,Sample_100_GSE9891
PIPET,Positive,Neg_ctrl_Sample_17,0.0847695978450404,6002,3.77836834335587,Sample_100_GSE9891
PIPET,Positive,Neg_ctrl_Sample_18,0.190142024441926,6002,3.77836834335587,Sample_100_GSE9891
PIPET,Positive,Neg_ctrl_Sample_19,0.233557057655391,6002,3.77836834335587,Sample_100_GSE9891
PIPET,Positive,Neg_ctrl_Sample_20,-0.149100754660696,6002,3.77836834335587,Sample_100_GSE9891
PIPET,Positive,Neg_ctrl_Sample_21,-0.0142576450308972,6002,3.77836834335587,Sample_100_GSE9891
PIPET,Positive,Neg_ctrl_Sample_22,0.158625999781352,6002,3.77836834335587,Sample_100_GSE9891
PIPET,Positive,Neg_ctrl_Sample_23,-0.0657037218935263,6002,3.77836834335587,Sample_100_GSE9891
PIPET,Positive,Neg_ctrl_Sample_24,0.154616684158905,6002,3.77836834335587,Sample_100_GSE9891
PIPET,Positive,Neg_ctrl_Sample_25,0.0272941178846288,6002,3.77836834335587,Sample_100_GSE9891
PIPET,Positive,Neg_ctrl_Sample_26,0.0446218243291536,6002,3.77836834335587,Sample_100_GSE9891
PIPET,Positive,Neg_ctrl_Sample_27,-0.0101007798051963,6002,3.77836834335587,Sample_100_GSE9891
PIPET,Positive,Neg_ctrl_Sample_28,0.0371397495011499,6002,3.77836834335587,Sample_100_GSE9891
PIPET,Positive,Neg_ctrl_Sample_29,0.109393698408967,6002,3.77836834335587,Sample_100_GSE9891
PIPET,Positive,Neg_ctrl_Sample_30,-0.0418567494722583,6002,3.77836834335587,Sample_100_GSE9891
PIPET,Positive,Neg_ctrl_Sample_31,0.0158205341848007,6002,3.77836834335587,Sample_100_GSE9891
PIPET,Positive,Neg_ctrl_Sample_32,0.16460627831351,6002,3.77836834335587,Sample_100_GSE9891
PIPET,Positive,Neg_ctrl_Sample_33,0.0848720514024675,6002,3.77836834335587,Sample_100_GSE9891
PIPET,Positive,Neg_ctrl_Sample_34,-0.248625945079809,6002,3.77836834335587,Sample_100_GSE9891
PIPET,Positive,Neg_ctrl_Sample_35,-0.0042932797105803,6002,3.77836834335587,Sample_100_GSE9891
PIPET,Positive,Neg_ctrl_Sample_36,0.0210255324424005,6002,3.77836834335587,Sample_100_GSE9891
PIPET,Positive,Neg_ctrl_Sample_37,0.0970577519473797,6002,3.77836834335587,Sample_100_GSE9891
PIPET,Positive,Neg_ctrl_Sample_38,0.0715198714222449,6002,3.77836834335587,Sample_100_GSE9891
PIPET,Positive,Neg_ctrl_Sample_39,0.0653851296855843,6002,3.77836834335587,Sample_100_GSE9891
PIPET,Positive,Neg_ctrl_Sample_40,0.054627335909605,6002,3.77836834335587,Sample_100_GSE9891
PIPET,Positive,Neg_ctrl_Sample_41,-0.091101578194566,6002,3.77836834335587,Sample_100_GSE9891
PIPET,Positive,Neg_ctrl_Sample_42,-0.0920314944939278,6002,3.77836834335587,Sample_100_GSE9891
PIPET,Positive,Neg_ctrl_Sample_43,0.0874547965223104,6002,3.77836834335587,Sample_100_GSE9891
PIPET,Positive,Neg_ctrl_Sample_44,0.203741981864827,6002,3.77836834335587,Sample_100_GSE9891
PIPET,Positive,Neg_ctrl_Sample_45,0.181228332208185,6002,3.77836834335587,Sample_100_GSE9891
PIPET,Positive,Neg_ctrl_Sample_46,0.182373296236994,6002,3.77836834335587,Sample_100_GSE9891
PIPET,Positive,Neg_ctrl_Sample_47,0.0332315986867459,6002,3.77836834335587,Sample_100_GSE9891
PIPET,Positive,Neg_ctrl_Sample_48,0.126193742753517,6002,3.77836834335587,Sample_100_GSE9891
PIPET,Positive,Neg_ctrl_Sample_49,-0.163871047892278,6002,3.77836834335587,Sample_100_GSE9891
PIPET,Positive,Neg_ctrl_Sample_50,0.03405572313989,6002,3.77836834335587,Sample_100_GSE9891
PIPET,Positive,Neg_ctrl_Sample_51,-0.0300234787193936,6002,3.77836834335587,Sample_100_GSE9891
PIPET,Positive,Neg_ctrl_Sample_52,0.0964586011130238,6002,3.77836834335587,Sample_100_GSE9891
PIPET,Positive,Neg_ctrl_Sample_53,-0.0494431596500506,6002,3.77836834335587,Sample_100_GSE9891
PIPET,Positive,Neg_ctrl_Sample_54,0.0781196403119634,6002,3.77836834335587,Sample_100_GSE9891
PIPET,Positive,Neg_ctrl_Sample_55,-0.00677775778887902,6002,3.77836834335587,Sample_100_GSE9891
PIPET,Positive,Neg_ctrl_Sample_56,0.0566126937213197,6002,3.77836834335587,Sample_100_GSE9891
PIPET,Positive,Neg_ctrl_Sample_57,0.168445507046496,6002,3.77836834335587,Sample_100_GSE9891
PIPET,Positive,Neg_ctrl_Sample_58,0.00438368495493688,6002,3.77836834335587,Sample_100_GSE9891
PIPET,Positive,Neg_ctrl_Sample_59,0.091854145098567,6002,3.77836834335587,Sample_100_GSE9891
PIPET,Positive,Neg_ctrl_Sample_60,0.0220755928066612,6002,3.77836834335587,Sample_100_GSE9891
PIPET,Positive,Neg_ctrl_Sample_61,0.00539983360704892,6002,3.77836834335587,Sample_100_GSE9891
PIPET,Positive,Neg_ctrl_Sample_62,-0.0893468211653713,6002,3.77836834335587,Sample_100_GSE9891
PIPET,Positive,Neg_ctrl_Sample_63,-0.0328967070750395,6002,3.77836834335587,Sample_100_GSE9891
PIPET,Positive,Neg_ctrl_Sample_64,0.115511762938989,6002,3.77836834335587,Sample_100_GSE9891
PIPET,Positive,Neg_ctrl_Sample_65,-0.101356984225459,6002,3.77836834335587,Sample_100_GSE9891
PIPET,Positive,Neg_ctrl_Sample_66,0.071925100961338,6002,3.77836834335587,Sample_100_GSE9891
PIPET,Positive,Neg_ctrl_Sample_67,0.0961736973130374,6002,3.77836834335587,Sample_100_GSE9891
PIPET,Positive,Neg_ctrl_Sample_68,0.130751652528372,6002,3.77836834335587,Sample_100_GSE9891
PIPET,Positive,Neg_ctrl_Sample_69,-0.103137295092294,6002,3.77836834335587,Sample_100_GSE9891
PIPET,Positive,Neg_ctrl_Sample_70,-0.0605818374124922,6002,3.77836834335587,Sample_100_GSE9891
PIPET,Positive,Neg_ctrl_Sample_71,-0.0121161984498645,6002,3.77836834335587,Sample_100_GSE9891
PIPET,Positive,Neg_ctrl_Sample_72,-0.0372647265554583,6002,3.77836834335587,Sample_100_GSE9891
PIPET,Positive,Neg_ctrl_Sample_73,-0.113572684728064,6002,3.77836834335587,Sample_100_GSE9891
PIPET,Positive,Neg_ctrl_Sample_74,0.0267740862423532,6002,3.77836834335587,Sample_100_GSE9891
PIPET,Positive,Neg_ctrl_Sample_75,-0.0927766429709928,6002,3.77836834335587,Sample_100_GSE9891
PIPET,Positive,Neg_ctrl_Sample_76,0.0897148263554658,6002,3.77836834335587,Sample_100_GSE9891
PIPET,Positive,Neg_ctrl_Sample_77,0.0591970735959472,6002,3.77836834335587,Sample_100_GSE9891
PIPET,Positive,Neg_ctrl_Sample_78,-0.00989304186103906,6002,3.77836834335587,Sample_100_GSE9891
PIPET,Positive,Neg_ctrl_Sample_79,-0.0182049589608219,6002,3.77836834335587,Sample_100_GSE9891
PIPET,Positive,Neg_ctrl_Sample_80,-0.0252767060381582,6002,3.77836834335587,Sample_100_GSE9891
PIPET,Positive,Neg_ctrl_Sample_81,-0.00621839209485859,6002,3.77836834335587,Sample_100_GSE9891
PIPET,Positive,Neg_ctrl_Sample_82,-0.0701396412643393,6002,3.77836834335587,Sample_100_GSE9891
PIPET,Positive,Neg_ctrl_Sample_83,0.00894142156349476,6002,3.77836834335587,Sample_100_GSE9891
PIPET,Positive,Neg_ctrl_Sample_84,0.091928852484583,6002,3.77836834335587,Sample_100_GSE9891
PIPET,Positive,Neg_ctrl_Sample_85,-0.0141845214202041,6002,3.77836834335587,Sample_100_GSE9891
PIPET,Positive,Neg_ctrl_Sample_86,-0.161059555821733,6002,3.77836834335587,Sample_100_GSE9891
PIPET,Positive,Neg_ctrl_Sample_87,0.0141992278371974,6002,3.77836834335587,Sample_100_GSE9891
PIPET,Positive,Neg_ctrl_Sample_88,0.000868676433720329,6002,3.77836834335587,Sample_100_GSE9891
PIPET,Positive,Neg_ctrl_Sample_89,0.153829706104352,6002,3.77836834335587,Sample_100_GSE9891
PIPET,Positive,Neg_ctrl_Sample_90,-0.105796318334377,6002,3.77836834335587,Sample_100_GSE9891
PIPET,Positive,Neg_ctrl_Sample_91,0.113827816501363,6002,3.77836834335587,Sample_100_GSE9891
PIPET,Positive,Neg_ctrl_Sample_92,-0.0174932818170735,6002,3.77836834335587,Sample_100_GSE9891
PIPET,Positive,Neg_ctrl_Sample_93,-0.119160607846069,6002,3.77836834335587,Sample_100_GSE9891
PIPET,Positive,Neg_ctrl_Sample_94,-0.0295901821070176,6002,3.77836834335587,Sample_100_GSE9891
PIPET,Positive,Neg_ctrl_Sample_95,0.015504124109976,6002,3.77836834335587,Sample_100_GSE9891
PIPET,Positive,Neg_ctrl_Sample_96,-0.123395827652646,6002,3.77836834335587,Sample_100_GSE9891
PIPET,Positive,Neg_ctrl_Sample_97,-0.0313855821281969,6002,3.77836834335587,Sample_100_GSE9891
PIPET,Positive,Neg_ctrl_Sample_98,0.01704363066011,6002,3.77836834335587,Sample_100_GSE9891
PIPET,Positive,Neg_ctrl_Sample_99,0.0266441866137617,6002,3.77836834335587,Sample_100_GSE9891
PIPET,Positive,Neg_ctrl_Sample_100,-0.0846642804430707,6002,3.77836834335587,Sample_100_GSE9891
