meta_column,label_value,score_group,mean_score,count,log_count,sample
scissor,Neutral,Neg_ctrl_Sample_1,-0.00197932472940738,54650,4.73759811304709,Sample_100_GSE162228
scissor,Neutral,Neg_ctrl_Sample_2,0.011047397690685,54650,4.73759811304709,Sample_100_GSE162228
scissor,Neutral,Neg_ctrl_Sample_3,0.0127356828456074,54650,4.73759811304709,Sample_100_GSE162228
scissor,Neutral,Neg_ctrl_Sample_4,-0.196127026981565,54650,4.73759811304709,Sample_100_GSE162228
scissor,Neutral,Neg_ctrl_Sample_5,-0.0811341196877448,54650,4.73759811304709,Sample_100_GSE162228
scissor,Neutral,Neg_ctrl_Sample_6,-0.0444776133176952,54650,4.73759811304709,Sample_100_GSE162228
scissor,Neutral,Neg_ctrl_Sample_7,0.00184491357296778,54650,4.73759811304709,Sample_100_GSE162228
scissor,Neutral,Neg_ctrl_Sample_8,-0.109186737815808,54650,4.73759811304709,Sample_100_GSE162228
scissor,Neutral,Neg_ctrl_Sample_9,0.0614007398700334,54650,4.73759811304709,Sample_100_GSE162228
scissor,Neutral,Neg_ctrl_Sample_10,0.0223330472590922,54650,4.73759811304709,Sample_100_GSE162228
scissor,Neutral,Neg_ctrl_Sample_11,0.129471750376926,54650,4.73759811304709,Sample_100_GSE162228
scissor,Neutral,Neg_ctrl_Sample_12,0.0746338731936205,54650,4.73759811304709,Sample_100_GSE162228
scissor,Neutral,Neg_ctrl_Sample_13,-0.234230526326606,54650,4.73759811304709,Sample_100_GSE162228
scissor,Neutral,Neg_ctrl_Sample_14,0.22819245710177,54650,4.73759811304709,Sample_100_GSE162228
scissor,Neutral,Neg_ctrl_Sample_15,0.0377732229700478,54650,4.73759811304709,Sample_100_GSE162228
scissor,Neutral,Neg_ctrl_Sample_16,-0.147622503356421,54650,4.73759811304709,Sample_100_GSE162228
scissor,Neutral,Neg_ctrl_Sample_17,0.100810415091695,54650,4.73759811304709,Sample_100_GSE162228
scissor,Neutral,Neg_ctrl_Sample_18,0.0555035352736672,54650,4.73759811304709,Sample_100_GSE162228
scissor,Neutral,Neg_ctrl_Sample_19,0.133773595957042,54650,4.73759811304709,Sample_100_GSE162228
scissor,Neutral,Neg_ctrl_Sample_20,0.315446075977907,54650,4.73759811304709,Sample_100_GSE162228
scissor,Neutral,Neg_ctrl_Sample_21,-0.0952321532735803,54650,4.73759811304709,Sample_100_GSE162228
scissor,Neutral,Neg_ctrl_Sample_22,0.0400671795335273,54650,4.73759811304709,Sample_100_GSE162228
scissor,Neutral,Neg_ctrl_Sample_23,0.179448405107453,54650,4.73759811304709,Sample_100_GSE162228
scissor,Neutral,Neg_ctrl_Sample_24,0.022692924212895,54650,4.73759811304709,Sample_100_GSE162228
scissor,Neutral,Neg_ctrl_Sample_25,0.102969214185629,54650,4.73759811304709,Sample_100_GSE162228
scissor,Neutral,Neg_ctrl_Sample_26,0.042371570489538,54650,4.73759811304709,Sample_100_GSE162228
scissor,Neutral,Neg_ctrl_Sample_27,-0.0817800608948012,54650,4.73759811304709,Sample_100_GSE162228
scissor,Neutral,Neg_ctrl_Sample_28,0.246677212044938,54650,4.73759811304709,Sample_100_GSE162228
scissor,Neutral,Neg_ctrl_Sample_29,-0.0699501001985763,54650,4.73759811304709,Sample_100_GSE162228
scissor,Neutral,Neg_ctrl_Sample_30,0.135966222241485,54650,4.73759811304709,Sample_100_GSE162228
scissor,Neutral,Neg_ctrl_Sample_31,0.183999407750706,54650,4.73759811304709,Sample_100_GSE162228
scissor,Neutral,Neg_ctrl_Sample_32,0.0309143249327123,54650,4.73759811304709,Sample_100_GSE162228
scissor,Neutral,Neg_ctrl_Sample_33,0.055262808198982,54650,4.73759811304709,Sample_100_GSE162228
scissor,Neutral,Neg_ctrl_Sample_34,0.184624101263498,54650,4.73759811304709,Sample_100_GSE162228
scissor,Neutral,Neg_ctrl_Sample_35,0.0180095602790597,54650,4.73759811304709,Sample_100_GSE162228
scissor,Neutral,Neg_ctrl_Sample_36,-0.146460703856362,54650,4.73759811304709,Sample_100_GSE162228
scissor,Neutral,Neg_ctrl_Sample_37,0.0488913187119999,54650,4.73759811304709,Sample_100_GSE162228
scissor,Neutral,Neg_ctrl_Sample_38,0.108247120362945,54650,4.73759811304709,Sample_100_GSE162228
scissor,Neutral,Neg_ctrl_Sample_39,0.145742387924364,54650,4.73759811304709,Sample_100_GSE162228
scissor,Neutral,Neg_ctrl_Sample_40,0.0607939770921003,54650,4.73759811304709,Sample_100_GSE162228
scissor,Neutral,Neg_ctrl_Sample_41,0.0685125558018062,54650,4.73759811304709,Sample_100_GSE162228
scissor,Neutral,Neg_ctrl_Sample_42,0.056551490722397,54650,4.73759811304709,Sample_100_GSE162228
scissor,Neutral,Neg_ctrl_Sample_43,0.0602830627094052,54650,4.73759811304709,Sample_100_GSE162228
scissor,Neutral,Neg_ctrl_Sample_44,-0.125892176391276,54650,4.73759811304709,Sample_100_GSE162228
scissor,Neutral,Neg_ctrl_Sample_45,0.0677665391092861,54650,4.73759811304709,Sample_100_GSE162228
scissor,Neutral,Neg_ctrl_Sample_46,0.291439336932092,54650,4.73759811304709,Sample_100_GSE162228
scissor,Neutral,Neg_ctrl_Sample_47,0.21072513143492,54650,4.73759811304709,Sample_100_GSE162228
scissor,Neutral,Neg_ctrl_Sample_48,0.253825567548484,54650,4.73759811304709,Sample_100_GSE162228
scissor,Neutral,Neg_ctrl_Sample_49,0.260761245043802,54650,4.73759811304709,Sample_100_GSE162228
scissor,Neutral,Neg_ctrl_Sample_50,0.116869554898408,54650,4.73759811304709,Sample_100_GSE162228
scissor,Neutral,Neg_ctrl_Sample_51,-0.100252131460397,54650,4.73759811304709,Sample_100_GSE162228
scissor,Neutral,Neg_ctrl_Sample_52,-0.0130736438735909,54650,4.73759811304709,Sample_100_GSE162228
scissor,Neutral,Neg_ctrl_Sample_53,-0.0365872266905555,54650,4.73759811304709,Sample_100_GSE162228
scissor,Neutral,Neg_ctrl_Sample_54,0.156374031119332,54650,4.73759811304709,Sample_100_GSE162228
scissor,Neutral,Neg_ctrl_Sample_55,0.0986068751942451,54650,4.73759811304709,Sample_100_GSE162228
scissor,Neutral,Neg_ctrl_Sample_56,0.0439364395585854,54650,4.73759811304709,Sample_100_GSE162228
scissor,Neutral,Neg_ctrl_Sample_57,0.0435130358688537,54650,4.73759811304709,Sample_100_GSE162228
scissor,Neutral,Neg_ctrl_Sample_58,-0.0125722103315328,54650,4.73759811304709,Sample_100_GSE162228
scissor,Neutral,Neg_ctrl_Sample_59,0.132500369413439,54650,4.73759811304709,Sample_100_GSE162228
scissor,Neutral,Neg_ctrl_Sample_60,-0.0274867689903812,54650,4.73759811304709,Sample_100_GSE162228
scissor,Neutral,Neg_ctrl_Sample_61,0.0902337971127994,54650,4.73759811304709,Sample_100_GSE162228
scissor,Neutral,Neg_ctrl_Sample_62,0.156990622980203,54650,4.73759811304709,Sample_100_GSE162228
scissor,Neutral,Neg_ctrl_Sample_63,0.157547741206329,54650,4.73759811304709,Sample_100_GSE162228
scissor,Neutral,Neg_ctrl_Sample_64,0.0845415401303206,54650,4.73759811304709,Sample_100_GSE162228
scissor,Neutral,Neg_ctrl_Sample_65,-0.189904926565843,54650,4.73759811304709,Sample_100_GSE162228
scissor,Neutral,Neg_ctrl_Sample_66,0.0629342013792001,54650,4.73759811304709,Sample_100_GSE162228
scissor,Neutral,Neg_ctrl_Sample_67,0.128555733570959,54650,4.73759811304709,Sample_100_GSE162228
scissor,Neutral,Neg_ctrl_Sample_68,-0.025135215822241,54650,4.73759811304709,Sample_100_GSE162228
scissor,Neutral,Neg_ctrl_Sample_69,0.0590016913154967,54650,4.73759811304709,Sample_100_GSE162228
scissor,Neutral,Neg_ctrl_Sample_70,0.0498682324711897,54650,4.73759811304709,Sample_100_GSE162228
scissor,Neutral,Neg_ctrl_Sample_71,0.323852938172923,54650,4.73759811304709,Sample_100_GSE162228
scissor,Neutral,Neg_ctrl_Sample_72,0.125931914145396,54650,4.73759811304709,Sample_100_GSE162228
scissor,Neutral,Neg_ctrl_Sample_73,-0.123974829754086,54650,4.73759811304709,Sample_100_GSE162228
scissor,Neutral,Neg_ctrl_Sample_74,0.137242761257362,54650,4.73759811304709,Sample_100_GSE162228
scissor,Neutral,Neg_ctrl_Sample_75,-0.129416409967178,54650,4.73759811304709,Sample_100_GSE162228
scissor,Neutral,Neg_ctrl_Sample_76,-0.120190917948414,54650,4.73759811304709,Sample_100_GSE162228
scissor,Neutral,Neg_ctrl_Sample_77,-0.0394814635896027,54650,4.73759811304709,Sample_100_GSE162228
scissor,Neutral,Neg_ctrl_Sample_78,-0.030870010144908,54650,4.73759811304709,Sample_100_GSE162228
scissor,Neutral,Neg_ctrl_Sample_79,-0.0635418692909781,54650,4.73759811304709,Sample_100_GSE162228
scissor,Neutral,Neg_ctrl_Sample_80,-0.0100102972333435,54650,4.73759811304709,Sample_100_GSE162228
scissor,Neutral,Neg_ctrl_Sample_81,0.0260843261017697,54650,4.73759811304709,Sample_100_GSE162228
scissor,Neutral,Neg_ctrl_Sample_82,0.057206297016447,54650,4.73759811304709,Sample_100_GSE162228
scissor,Neutral,Neg_ctrl_Sample_83,0.0168827221158669,54650,4.73759811304709,Sample_100_GSE162228
scissor,Neutral,Neg_ctrl_Sample_84,-0.204923209703993,54650,4.73759811304709,Sample_100_GSE162228
scissor,Neutral,Neg_ctrl_Sample_85,-0.14640039680043,54650,4.73759811304709,Sample_100_GSE162228
scissor,Neutral,Neg_ctrl_Sample_86,0.0408947794514454,54650,4.73759811304709,Sample_100_GSE162228
scissor,Neutral,Neg_ctrl_Sample_87,-0.0256816395978002,54650,4.73759811304709,Sample_100_GSE162228
scissor,Neutral,Neg_ctrl_Sample_88,0.150634909540478,54650,4.73759811304709,Sample_100_GSE162228
scissor,Neutral,Neg_ctrl_Sample_89,0.0849566366447215,54650,4.73759811304709,Sample_100_GSE162228
scissor,Neutral,Neg_ctrl_Sample_90,0.0553270058732892,54650,4.73759811304709,Sample_100_GSE162228
scissor,Neutral,Neg_ctrl_Sample_91,-0.142736369231648,54650,4.73759811304709,Sample_100_GSE162228
scissor,Neutral,Neg_ctrl_Sample_92,0.00981070061259579,54650,4.73759811304709,Sample_100_GSE162228
scissor,Neutral,Neg_ctrl_Sample_93,0.00305165554020149,54650,4.73759811304709,Sample_100_GSE162228
scissor,Neutral,Neg_ctrl_Sample_94,0.174424916973983,54650,4.73759811304709,Sample_100_GSE162228
scissor,Neutral,Neg_ctrl_Sample_95,-0.139966936298502,54650,4.73759811304709,Sample_100_GSE162228
scissor,Neutral,Neg_ctrl_Sample_96,0.15547071924457,54650,4.73759811304709,Sample_100_GSE162228
scissor,Neutral,Neg_ctrl_Sample_97,-0.0940902920783267,54650,4.73759811304709,Sample_100_GSE162228
scissor,Neutral,Neg_ctrl_Sample_98,-0.135596824460341,54650,4.73759811304709,Sample_100_GSE162228
scissor,Neutral,Neg_ctrl_Sample_99,-0.17466785795053,54650,4.73759811304709,Sample_100_GSE162228
scissor,Neutral,Neg_ctrl_Sample_100,0.0222588586371979,54650,4.73759811304709,Sample_100_GSE162228
scAB,Other,Neg_ctrl_Sample_1,-0.00209704209820133,50881,4.70656417362882,Sample_100_GSE162228
scAB,Other,Neg_ctrl_Sample_2,0.0106780812909206,50881,4.70656417362882,Sample_100_GSE162228
scAB,Other,Neg_ctrl_Sample_3,0.0122431698074233,50881,4.70656417362882,Sample_100_GSE162228
scAB,Other,Neg_ctrl_Sample_4,-0.196967875320238,50881,4.70656417362882,Sample_100_GSE162228
scAB,Other,Neg_ctrl_Sample_5,-0.0830090786079119,50881,4.70656417362882,Sample_100_GSE162228
scAB,Other,Neg_ctrl_Sample_6,-0.0460317579277783,50881,4.70656417362882,Sample_100_GSE162228
scAB,Other,Neg_ctrl_Sample_7,0.00101367108634755,50881,4.70656417362882,Sample_100_GSE162228
scAB,Other,Neg_ctrl_Sample_8,-0.109652454962979,50881,4.70656417362882,Sample_100_GSE162228
scAB,Other,Neg_ctrl_Sample_9,0.0619237699726893,50881,4.70656417362882,Sample_100_GSE162228
scAB,Other,Neg_ctrl_Sample_10,0.0214162963124713,50881,4.70656417362882,Sample_100_GSE162228
scAB,Other,Neg_ctrl_Sample_11,0.128516312770843,50881,4.70656417362882,Sample_100_GSE162228
scAB,Other,Neg_ctrl_Sample_12,0.0731906365193027,50881,4.70656417362882,Sample_100_GSE162228
scAB,Other,Neg_ctrl_Sample_13,-0.23541601676796,50881,4.70656417362882,Sample_100_GSE162228
scAB,Other,Neg_ctrl_Sample_14,0.22776750397914,50881,4.70656417362882,Sample_100_GSE162228
scAB,Other,Neg_ctrl_Sample_15,0.0362465342924322,50881,4.70656417362882,Sample_100_GSE162228
scAB,Other,Neg_ctrl_Sample_16,-0.150067205549066,50881,4.70656417362882,Sample_100_GSE162228
scAB,Other,Neg_ctrl_Sample_17,0.100375060276246,50881,4.70656417362882,Sample_100_GSE162228
scAB,Other,Neg_ctrl_Sample_18,0.0564854813728658,50881,4.70656417362882,Sample_100_GSE162228
scAB,Other,Neg_ctrl_Sample_19,0.133496414746674,50881,4.70656417362882,Sample_100_GSE162228
scAB,Other,Neg_ctrl_Sample_20,0.314931593817506,50881,4.70656417362882,Sample_100_GSE162228
scAB,Other,Neg_ctrl_Sample_21,-0.0962674815338807,50881,4.70656417362882,Sample_100_GSE162228
scAB,Other,Neg_ctrl_Sample_22,0.0381243554888627,50881,4.70656417362882,Sample_100_GSE162228
scAB,Other,Neg_ctrl_Sample_23,0.17922855332631,50881,4.70656417362882,Sample_100_GSE162228
scAB,Other,Neg_ctrl_Sample_24,0.021676034896668,50881,4.70656417362882,Sample_100_GSE162228
scAB,Other,Neg_ctrl_Sample_25,0.103966354080968,50881,4.70656417362882,Sample_100_GSE162228
scAB,Other,Neg_ctrl_Sample_26,0.0404294075275639,50881,4.70656417362882,Sample_100_GSE162228
scAB,Other,Neg_ctrl_Sample_27,-0.0823333081288908,50881,4.70656417362882,Sample_100_GSE162228
scAB,Other,Neg_ctrl_Sample_28,0.246557932956418,50881,4.70656417362882,Sample_100_GSE162228
scAB,Other,Neg_ctrl_Sample_29,-0.0698371821477886,50881,4.70656417362882,Sample_100_GSE162228
scAB,Other,Neg_ctrl_Sample_30,0.135057739190944,50881,4.70656417362882,Sample_100_GSE162228
scAB,Other,Neg_ctrl_Sample_31,0.18439225671626,50881,4.70656417362882,Sample_100_GSE162228
scAB,Other,Neg_ctrl_Sample_32,0.0297821964540266,50881,4.70656417362882,Sample_100_GSE162228
scAB,Other,Neg_ctrl_Sample_33,0.053259548986925,50881,4.70656417362882,Sample_100_GSE162228
scAB,Other,Neg_ctrl_Sample_34,0.184119505540531,50881,4.70656417362882,Sample_100_GSE162228
scAB,Other,Neg_ctrl_Sample_35,0.0179179371194246,50881,4.70656417362882,Sample_100_GSE162228
scAB,Other,Neg_ctrl_Sample_36,-0.14746072522985,50881,4.70656417362882,Sample_100_GSE162228
scAB,Other,Neg_ctrl_Sample_37,0.0483140728635657,50881,4.70656417362882,Sample_100_GSE162228
scAB,Other,Neg_ctrl_Sample_38,0.108884034543022,50881,4.70656417362882,Sample_100_GSE162228
scAB,Other,Neg_ctrl_Sample_39,0.145797994315703,50881,4.70656417362882,Sample_100_GSE162228
scAB,Other,Neg_ctrl_Sample_40,0.0601762974146783,50881,4.70656417362882,Sample_100_GSE162228
scAB,Other,Neg_ctrl_Sample_41,0.0679022257800741,50881,4.70656417362882,Sample_100_GSE162228
scAB,Other,Neg_ctrl_Sample_42,0.0561777431984727,50881,4.70656417362882,Sample_100_GSE162228
scAB,Other,Neg_ctrl_Sample_43,0.0593962314711774,50881,4.70656417362882,Sample_100_GSE162228
scAB,Other,Neg_ctrl_Sample_44,-0.128676198612418,50881,4.70656417362882,Sample_100_GSE162228
scAB,Other,Neg_ctrl_Sample_45,0.0665022383888337,50881,4.70656417362882,Sample_100_GSE162228
scAB,Other,Neg_ctrl_Sample_46,0.291050646946811,50881,4.70656417362882,Sample_100_GSE162228
scAB,Other,Neg_ctrl_Sample_47,0.209806195908964,50881,4.70656417362882,Sample_100_GSE162228
scAB,Other,Neg_ctrl_Sample_48,0.253900794714734,50881,4.70656417362882,Sample_100_GSE162228
scAB,Other,Neg_ctrl_Sample_49,0.259614868423835,50881,4.70656417362882,Sample_100_GSE162228
scAB,Other,Neg_ctrl_Sample_50,0.116573914921217,50881,4.70656417362882,Sample_100_GSE162228
scAB,Other,Neg_ctrl_Sample_51,-0.101714252231675,50881,4.70656417362882,Sample_100_GSE162228
scAB,Other,Neg_ctrl_Sample_52,-0.0140890856290919,50881,4.70656417362882,Sample_100_GSE162228
scAB,Other,Neg_ctrl_Sample_53,-0.0378380743689006,50881,4.70656417362882,Sample_100_GSE162228
scAB,Other,Neg_ctrl_Sample_54,0.15492964898534,50881,4.70656417362882,Sample_100_GSE162228
scAB,Other,Neg_ctrl_Sample_55,0.0984044540427888,50881,4.70656417362882,Sample_100_GSE162228
scAB,Other,Neg_ctrl_Sample_56,0.04289633782769,50881,4.70656417362882,Sample_100_GSE162228
scAB,Other,Neg_ctrl_Sample_57,0.0433540669402588,50881,4.70656417362882,Sample_100_GSE162228
scAB,Other,Neg_ctrl_Sample_58,-0.0129720746653418,50881,4.70656417362882,Sample_100_GSE162228
scAB,Other,Neg_ctrl_Sample_59,0.132752584809041,50881,4.70656417362882,Sample_100_GSE162228
scAB,Other,Neg_ctrl_Sample_60,-0.0284530613999038,50881,4.70656417362882,Sample_100_GSE162228
scAB,Other,Neg_ctrl_Sample_61,0.0903206201982833,50881,4.70656417362882,Sample_100_GSE162228
scAB,Other,Neg_ctrl_Sample_62,0.156646580095938,50881,4.70656417362882,Sample_100_GSE162228
scAB,Other,Neg_ctrl_Sample_63,0.155498303125248,50881,4.70656417362882,Sample_100_GSE162228
scAB,Other,Neg_ctrl_Sample_64,0.0831766426478008,50881,4.70656417362882,Sample_100_GSE162228
scAB,Other,Neg_ctrl_Sample_65,-0.191064807157098,50881,4.70656417362882,Sample_100_GSE162228
scAB,Other,Neg_ctrl_Sample_66,0.0608272069681358,50881,4.70656417362882,Sample_100_GSE162228
scAB,Other,Neg_ctrl_Sample_67,0.12700965690704,50881,4.70656417362882,Sample_100_GSE162228
scAB,Other,Neg_ctrl_Sample_68,-0.0256664566325424,50881,4.70656417362882,Sample_100_GSE162228
scAB,Other,Neg_ctrl_Sample_69,0.0575668147282992,50881,4.70656417362882,Sample_100_GSE162228
scAB,Other,Neg_ctrl_Sample_70,0.0493927778572807,50881,4.70656417362882,Sample_100_GSE162228
scAB,Other,Neg_ctrl_Sample_71,0.322801320767827,50881,4.70656417362882,Sample_100_GSE162228
scAB,Other,Neg_ctrl_Sample_72,0.125593488776451,50881,4.70656417362882,Sample_100_GSE162228
scAB,Other,Neg_ctrl_Sample_73,-0.126220532369492,50881,4.70656417362882,Sample_100_GSE162228
scAB,Other,Neg_ctrl_Sample_74,0.136792212096884,50881,4.70656417362882,Sample_100_GSE162228
scAB,Other,Neg_ctrl_Sample_75,-0.130771684669921,50881,4.70656417362882,Sample_100_GSE162228
scAB,Other,Neg_ctrl_Sample_76,-0.121538634271036,50881,4.70656417362882,Sample_100_GSE162228
scAB,Other,Neg_ctrl_Sample_77,-0.0400167105293581,50881,4.70656417362882,Sample_100_GSE162228
scAB,Other,Neg_ctrl_Sample_78,-0.0313271429697758,50881,4.70656417362882,Sample_100_GSE162228
scAB,Other,Neg_ctrl_Sample_79,-0.0644385877924218,50881,4.70656417362882,Sample_100_GSE162228
scAB,Other,Neg_ctrl_Sample_80,-0.0100529863368906,50881,4.70656417362882,Sample_100_GSE162228
scAB,Other,Neg_ctrl_Sample_81,0.0267568136597929,50881,4.70656417362882,Sample_100_GSE162228
scAB,Other,Neg_ctrl_Sample_82,0.0573853175171429,50881,4.70656417362882,Sample_100_GSE162228
scAB,Other,Neg_ctrl_Sample_83,0.0156586777432502,50881,4.70656417362882,Sample_100_GSE162228
scAB,Other,Neg_ctrl_Sample_84,-0.205941968940595,50881,4.70656417362882,Sample_100_GSE162228
scAB,Other,Neg_ctrl_Sample_85,-0.147755549479037,50881,4.70656417362882,Sample_100_GSE162228
scAB,Other,Neg_ctrl_Sample_86,0.040705237463961,50881,4.70656417362882,Sample_100_GSE162228
scAB,Other,Neg_ctrl_Sample_87,-0.027123251456074,50881,4.70656417362882,Sample_100_GSE162228
scAB,Other,Neg_ctrl_Sample_88,0.149793121412599,50881,4.70656417362882,Sample_100_GSE162228
scAB,Other,Neg_ctrl_Sample_89,0.0851745750527091,50881,4.70656417362882,Sample_100_GSE162228
scAB,Other,Neg_ctrl_Sample_90,0.0538571852014398,50881,4.70656417362882,Sample_100_GSE162228
scAB,Other,Neg_ctrl_Sample_91,-0.144137245077533,50881,4.70656417362882,Sample_100_GSE162228
scAB,Other,Neg_ctrl_Sample_92,0.00968933573103895,50881,4.70656417362882,Sample_100_GSE162228
scAB,Other,Neg_ctrl_Sample_93,0.00228936900901355,50881,4.70656417362882,Sample_100_GSE162228
scAB,Other,Neg_ctrl_Sample_94,0.174162108815126,50881,4.70656417362882,Sample_100_GSE162228
scAB,Other,Neg_ctrl_Sample_95,-0.142035577049474,50881,4.70656417362882,Sample_100_GSE162228
scAB,Other,Neg_ctrl_Sample_96,0.15521244451801,50881,4.70656417362882,Sample_100_GSE162228
scAB,Other,Neg_ctrl_Sample_97,-0.0942986987127794,50881,4.70656417362882,Sample_100_GSE162228
scAB,Other,Neg_ctrl_Sample_98,-0.136172260081209,50881,4.70656417362882,Sample_100_GSE162228
scAB,Other,Neg_ctrl_Sample_99,-0.175836182748479,50881,4.70656417362882,Sample_100_GSE162228
scAB,Other,Neg_ctrl_Sample_100,0.0216182072292284,50881,4.70656417362882,Sample_100_GSE162228
scAB,Positive,Neg_ctrl_Sample_1,-0.00039015586721444,3769,3.57634135020579,Sample_100_GSE162228
scAB,Positive,Neg_ctrl_Sample_2,0.0160331200935522,3769,3.57634135020579,Sample_100_GSE162228
scAB,Positive,Neg_ctrl_Sample_3,0.0193845435237297,3769,3.57634135020579,Sample_100_GSE162228
scAB,Positive,Neg_ctrl_Sample_4,-0.184775685957411,3769,3.57634135020579,Sample_100_GSE162228
scAB,Positive,Neg_ctrl_Sample_5,-0.0558224229997582,3769,3.57634135020579,Sample_100_GSE162228
scAB,Positive,Neg_ctrl_Sample_6,-0.0234968672562363,3769,3.57634135020579,Sample_100_GSE162228
scAB,Positive,Neg_ctrl_Sample_7,0.0130665768687289,3769,3.57634135020579,Sample_100_GSE162228
scAB,Positive,Neg_ctrl_Sample_8,-0.102899618111577,3769,3.57634135020579,Sample_100_GSE162228
scAB,Positive,Neg_ctrl_Sample_9,0.0543399028699676,3769,3.57634135020579,Sample_100_GSE162228
scAB,Positive,Neg_ctrl_Sample_10,0.034709063421209,3769,3.57634135020579,Sample_100_GSE162228
scAB,Positive,Neg_ctrl_Sample_11,0.142370031309572,3769,3.57634135020579,Sample_100_GSE162228
scAB,Positive,Neg_ctrl_Sample_12,0.0941173768354241,3769,3.57634135020579,Sample_100_GSE162228
scAB,Positive,Neg_ctrl_Sample_13,-0.21822656263689,3769,3.57634135020579,Sample_100_GSE162228
scAB,Positive,Neg_ctrl_Sample_14,0.233929267882502,3769,3.57634135020579,Sample_100_GSE162228
scAB,Positive,Neg_ctrl_Sample_15,0.0583833175855298,3769,3.57634135020579,Sample_100_GSE162228
scAB,Positive,Neg_ctrl_Sample_16,-0.114619348072787,3769,3.57634135020579,Sample_100_GSE162228
scAB,Positive,Neg_ctrl_Sample_17,0.106687647345581,3769,3.57634135020579,Sample_100_GSE162228
scAB,Positive,Neg_ctrl_Sample_18,0.0422473932006176,3769,3.57634135020579,Sample_100_GSE162228
scAB,Positive,Neg_ctrl_Sample_19,0.137515505525823,3769,3.57634135020579,Sample_100_GSE162228
scAB,Positive,Neg_ctrl_Sample_20,0.322391516891488,3769,3.57634135020579,Sample_100_GSE162228
scAB,Positive,Neg_ctrl_Sample_21,-0.0812553591073959,3769,3.57634135020579,Sample_100_GSE162228
scAB,Positive,Neg_ctrl_Sample_22,0.0662950463991662,3769,3.57634135020579,Sample_100_GSE162228
scAB,Positive,Neg_ctrl_Sample_23,0.182416374987099,3769,3.57634135020579,Sample_100_GSE162228
scAB,Positive,Neg_ctrl_Sample_24,0.0364207950802202,3769,3.57634135020579,Sample_100_GSE162228
scAB,Positive,Neg_ctrl_Sample_25,0.0895079578803192,3769,3.57634135020579,Sample_100_GSE162228
scAB,Positive,Neg_ctrl_Sample_26,0.0685905128265596,3769,3.57634135020579,Sample_100_GSE162228
scAB,Positive,Neg_ctrl_Sample_27,-0.0743112966290209,3769,3.57634135020579,Sample_100_GSE162228
scAB,Positive,Neg_ctrl_Sample_28,0.248287463916239,3769,3.57634135020579,Sample_100_GSE162228
scAB,Positive,Neg_ctrl_Sample_29,-0.0714744789043653,3769,3.57634135020579,Sample_100_GSE162228
scAB,Positive,Neg_ctrl_Sample_30,0.148230622903342,3769,3.57634135020579,Sample_100_GSE162228
scAB,Positive,Neg_ctrl_Sample_31,0.178695998831512,3769,3.57634135020579,Sample_100_GSE162228
scAB,Positive,Neg_ctrl_Sample_32,0.0461979092054649,3769,3.57634135020579,Sample_100_GSE162228
scAB,Positive,Neg_ctrl_Sample_33,0.0823065418070133,3769,3.57634135020579,Sample_100_GSE162228
scAB,Positive,Neg_ctrl_Sample_34,0.191436076583276,3769,3.57634135020579,Sample_100_GSE162228
scAB,Positive,Neg_ctrl_Sample_35,0.019246460779297,3769,3.57634135020579,Sample_100_GSE162228
scAB,Positive,Neg_ctrl_Sample_36,-0.132960547978289,3769,3.57634135020579,Sample_100_GSE162228
scAB,Positive,Neg_ctrl_Sample_37,0.0566840610877443,3769,3.57634135020579,Sample_100_GSE162228
scAB,Positive,Neg_ctrl_Sample_38,0.0996488634256925,3769,3.57634135020579,Sample_100_GSE162228
scAB,Positive,Neg_ctrl_Sample_39,0.144991709018086,3769,3.57634135020579,Sample_100_GSE162228
scAB,Positive,Neg_ctrl_Sample_40,0.0691325707951829,3769,3.57634135020579,Sample_100_GSE162228
scAB,Positive,Neg_ctrl_Sample_41,0.076751930128088,3769,3.57634135020579,Sample_100_GSE162228
scAB,Positive,Neg_ctrl_Sample_42,0.0615970327135845,3769,3.57634135020579,Sample_100_GSE162228
scAB,Positive,Neg_ctrl_Sample_43,0.0722551667773988,3769,3.57634135020579,Sample_100_GSE162228
scAB,Positive,Neg_ctrl_Sample_44,-0.0883082457375404,3769,3.57634135020579,Sample_100_GSE162228
scAB,Positive,Neg_ctrl_Sample_45,0.0848344311117651,3769,3.57634135020579,Sample_100_GSE162228
scAB,Positive,Neg_ctrl_Sample_46,0.296686600169314,3769,3.57634135020579,Sample_100_GSE162228
scAB,Positive,Neg_ctrl_Sample_47,0.223130639128259,3769,3.57634135020579,Sample_100_GSE162228
scAB,Positive,Neg_ctrl_Sample_48,0.252810010783821,3769,3.57634135020579,Sample_100_GSE162228
scAB,Positive,Neg_ctrl_Sample_49,0.276237177333665,3769,3.57634135020579,Sample_100_GSE162228
scAB,Positive,Neg_ctrl_Sample_50,0.120860655370545,3769,3.57634135020579,Sample_100_GSE162228
scAB,Positive,Neg_ctrl_Sample_51,-0.0805136950148162,3769,3.57634135020579,Sample_100_GSE162228
scAB,Positive,Neg_ctrl_Sample_52,0.000634685115968328,3769,3.57634135020579,Sample_100_GSE162228
scAB,Positive,Neg_ctrl_Sample_53,-0.0197009489718289,3769,3.57634135020579,Sample_100_GSE162228
scAB,Positive,Neg_ctrl_Sample_54,0.175872998314783,3769,3.57634135020579,Sample_100_GSE162228
scAB,Positive,Neg_ctrl_Sample_55,0.101339533885478,3769,3.57634135020579,Sample_100_GSE162228
scAB,Positive,Neg_ctrl_Sample_56,0.0579776749445489,3769,3.57634135020579,Sample_100_GSE162228
scAB,Positive,Neg_ctrl_Sample_57,0.0456590953158813,3769,3.57634135020579,Sample_100_GSE162228
scAB,Positive,Neg_ctrl_Sample_58,-0.00717409487158738,3769,3.57634135020579,Sample_100_GSE162228
scAB,Positive,Neg_ctrl_Sample_59,0.129095495032002,3769,3.57634135020579,Sample_100_GSE162228
scAB,Positive,Neg_ctrl_Sample_60,-0.014441949651319,3769,3.57634135020579,Sample_100_GSE162228
scAB,Positive,Neg_ctrl_Sample_61,0.0890616969768151,3769,3.57634135020579,Sample_100_GSE162228
scAB,Positive,Neg_ctrl_Sample_62,0.161635156276653,3769,3.57634135020579,Sample_100_GSE162228
scAB,Positive,Neg_ctrl_Sample_63,0.185214883420053,3769,3.57634135020579,Sample_100_GSE162228
scAB,Positive,Neg_ctrl_Sample_64,0.102967475075414,3769,3.57634135020579,Sample_100_GSE162228
scAB,Positive,Neg_ctrl_Sample_65,-0.174246692455023,3769,3.57634135020579,Sample_100_GSE162228
scAB,Positive,Neg_ctrl_Sample_66,0.0913783464121965,3769,3.57634135020579,Sample_100_GSE162228
scAB,Positive,Neg_ctrl_Sample_67,0.14942756342951,3769,3.57634135020579,Sample_100_GSE162228
scAB,Positive,Neg_ctrl_Sample_68,-0.0179635353582045,3769,3.57634135020579,Sample_100_GSE162228
scAB,Positive,Neg_ctrl_Sample_69,0.0783723348902344,3769,3.57634135020579,Sample_100_GSE162228
scAB,Positive,Neg_ctrl_Sample_70,0.0562868066845879,3769,3.57634135020579,Sample_100_GSE162228
scAB,Positive,Neg_ctrl_Sample_71,0.338049633632972,3769,3.57634135020579,Sample_100_GSE162228
scAB,Positive,Neg_ctrl_Sample_72,0.130500611730254,3769,3.57634135020579,Sample_100_GSE162228
scAB,Positive,Neg_ctrl_Sample_73,-0.093658142363674,3769,3.57634135020579,Sample_100_GSE162228
scAB,Positive,Neg_ctrl_Sample_74,0.143325115153426,3769,3.57634135020579,Sample_100_GSE162228
scAB,Positive,Neg_ctrl_Sample_75,-0.111120381272486,3769,3.57634135020579,Sample_100_GSE162228
scAB,Positive,Neg_ctrl_Sample_76,-0.101996926382656,3769,3.57634135020579,Sample_100_GSE162228
scAB,Positive,Neg_ctrl_Sample_77,-0.0322557009093983,3769,3.57634135020579,Sample_100_GSE162228
scAB,Positive,Neg_ctrl_Sample_78,-0.0246987776529737,3769,3.57634135020579,Sample_100_GSE162228
scAB,Positive,Neg_ctrl_Sample_79,-0.0514362884812241,3769,3.57634135020579,Sample_100_GSE162228
scAB,Positive,Neg_ctrl_Sample_80,-0.00943399999864356,3769,3.57634135020579,Sample_100_GSE162228
scAB,Positive,Neg_ctrl_Sample_81,0.0170058332814509,3769,3.57634135020579,Sample_100_GSE162228
scAB,Positive,Neg_ctrl_Sample_82,0.0547895440061226,3769,3.57634135020579,Sample_100_GSE162228
scAB,Positive,Neg_ctrl_Sample_83,0.033407158763017,3769,3.57634135020579,Sample_100_GSE162228
scAB,Positive,Neg_ctrl_Sample_84,-0.191170095159679,3769,3.57634135020579,Sample_100_GSE162228
scAB,Positive,Neg_ctrl_Sample_85,-0.128106015415396,3769,3.57634135020579,Sample_100_GSE162228
scAB,Positive,Neg_ctrl_Sample_86,0.0434535711376212,3769,3.57634135020579,Sample_100_GSE162228
scAB,Positive,Neg_ctrl_Sample_87,-0.00622007075704064,3769,3.57634135020579,Sample_100_GSE162228
scAB,Positive,Neg_ctrl_Sample_88,0.161998937594237,3769,3.57634135020579,Sample_100_GSE162228
scAB,Positive,Neg_ctrl_Sample_89,0.082014497048848,3769,3.57634135020579,Sample_100_GSE162228
scAB,Positive,Neg_ctrl_Sample_90,0.0751693899551055,3769,3.57634135020579,Sample_100_GSE162228
scAB,Positive,Neg_ctrl_Sample_91,-0.123824731154059,3769,3.57634135020579,Sample_100_GSE162228
scAB,Positive,Neg_ctrl_Sample_92,0.011449110413204,3769,3.57634135020579,Sample_100_GSE162228
scAB,Positive,Neg_ctrl_Sample_93,0.0133424225854052,3769,3.57634135020579,Sample_100_GSE162228
scAB,Positive,Neg_ctrl_Sample_94,0.177972792254111,3769,3.57634135020579,Sample_100_GSE162228
scAB,Positive,Neg_ctrl_Sample_95,-0.112040560588709,3769,3.57634135020579,Sample_100_GSE162228
scAB,Positive,Neg_ctrl_Sample_96,0.158957393790071,3769,3.57634135020579,Sample_100_GSE162228
scAB,Positive,Neg_ctrl_Sample_97,-0.0912768301606932,3769,3.57634135020579,Sample_100_GSE162228
scAB,Positive,Neg_ctrl_Sample_98,-0.127828519916602,3769,3.57634135020579,Sample_100_GSE162228
scAB,Positive,Neg_ctrl_Sample_99,-0.158895628169571,3769,3.57634135020579,Sample_100_GSE162228
scAB,Positive,Neg_ctrl_Sample_100,0.0309075676552112,3769,3.57634135020579,Sample_100_GSE162228
scPAS,Negative,Neg_ctrl_Sample_1,-0.00597473224480323,195,2.29225607135648,Sample_100_GSE162228
scPAS,Negative,Neg_ctrl_Sample_2,0.00650735260930575,195,2.29225607135648,Sample_100_GSE162228
scPAS,Negative,Neg_ctrl_Sample_3,0.0218481833074831,195,2.29225607135648,Sample_100_GSE162228
scPAS,Negative,Neg_ctrl_Sample_4,-0.185234147185161,195,2.29225607135648,Sample_100_GSE162228
scPAS,Negative,Neg_ctrl_Sample_5,-0.0975351308018393,195,2.29225607135648,Sample_100_GSE162228
scPAS,Negative,Neg_ctrl_Sample_6,-0.0485315275999473,195,2.29225607135648,Sample_100_GSE162228
scPAS,Negative,Neg_ctrl_Sample_7,-0.00272169232144842,195,2.29225607135648,Sample_100_GSE162228
scPAS,Negative,Neg_ctrl_Sample_8,-0.104385652944719,195,2.29225607135648,Sample_100_GSE162228
scPAS,Negative,Neg_ctrl_Sample_9,0.0569076114060549,195,2.29225607135648,Sample_100_GSE162228
scPAS,Negative,Neg_ctrl_Sample_10,0.021271459014368,195,2.29225607135648,Sample_100_GSE162228
scPAS,Negative,Neg_ctrl_Sample_11,0.113158097112548,195,2.29225607135648,Sample_100_GSE162228
scPAS,Negative,Neg_ctrl_Sample_12,0.0741876619558572,195,2.29225607135648,Sample_100_GSE162228
scPAS,Negative,Neg_ctrl_Sample_13,-0.221465736156854,195,2.29225607135648,Sample_100_GSE162228
scPAS,Negative,Neg_ctrl_Sample_14,0.232294620580434,195,2.29225607135648,Sample_100_GSE162228
scPAS,Negative,Neg_ctrl_Sample_15,0.0335458131479754,195,2.29225607135648,Sample_100_GSE162228
scPAS,Negative,Neg_ctrl_Sample_16,-0.15603176229148,195,2.29225607135648,Sample_100_GSE162228
scPAS,Negative,Neg_ctrl_Sample_17,0.0987016941941781,195,2.29225607135648,Sample_100_GSE162228
scPAS,Negative,Neg_ctrl_Sample_18,0.0542656851680367,195,2.29225607135648,Sample_100_GSE162228
scPAS,Negative,Neg_ctrl_Sample_19,0.149705553774909,195,2.29225607135648,Sample_100_GSE162228
scPAS,Negative,Neg_ctrl_Sample_20,0.30972443571823,195,2.29225607135648,Sample_100_GSE162228
scPAS,Negative,Neg_ctrl_Sample_21,-0.110837830614703,195,2.29225607135648,Sample_100_GSE162228
scPAS,Negative,Neg_ctrl_Sample_22,0.0257040077602003,195,2.29225607135648,Sample_100_GSE162228
scPAS,Negative,Neg_ctrl_Sample_23,0.171449215099908,195,2.29225607135648,Sample_100_GSE162228
scPAS,Negative,Neg_ctrl_Sample_24,0.0263258672136598,195,2.29225607135648,Sample_100_GSE162228
scPAS,Negative,Neg_ctrl_Sample_25,0.117648714571196,195,2.29225607135648,Sample_100_GSE162228
scPAS,Negative,Neg_ctrl_Sample_26,0.0437284065460881,195,2.29225607135648,Sample_100_GSE162228
scPAS,Negative,Neg_ctrl_Sample_27,-0.0762191955553507,195,2.29225607135648,Sample_100_GSE162228
scPAS,Negative,Neg_ctrl_Sample_28,0.246433015165008,195,2.29225607135648,Sample_100_GSE162228
scPAS,Negative,Neg_ctrl_Sample_29,-0.0481495326328746,195,2.29225607135648,Sample_100_GSE162228
scPAS,Negative,Neg_ctrl_Sample_30,0.108777084487494,195,2.29225607135648,Sample_100_GSE162228
scPAS,Negative,Neg_ctrl_Sample_31,0.185367728910644,195,2.29225607135648,Sample_100_GSE162228
scPAS,Negative,Neg_ctrl_Sample_32,0.0418367918603442,195,2.29225607135648,Sample_100_GSE162228
scPAS,Negative,Neg_ctrl_Sample_33,0.0408211781130294,195,2.29225607135648,Sample_100_GSE162228
scPAS,Negative,Neg_ctrl_Sample_34,0.179526267614671,195,2.29225607135648,Sample_100_GSE162228
scPAS,Negative,Neg_ctrl_Sample_35,0.0482471643468861,195,2.29225607135648,Sample_100_GSE162228
scPAS,Negative,Neg_ctrl_Sample_36,-0.168777839385718,195,2.29225607135648,Sample_100_GSE162228
scPAS,Negative,Neg_ctrl_Sample_37,0.0442130486477782,195,2.29225607135648,Sample_100_GSE162228
scPAS,Negative,Neg_ctrl_Sample_38,0.133686487142235,195,2.29225607135648,Sample_100_GSE162228
scPAS,Negative,Neg_ctrl_Sample_39,0.146976141988771,195,2.29225607135648,Sample_100_GSE162228
scPAS,Negative,Neg_ctrl_Sample_40,0.055190644970418,195,2.29225607135648,Sample_100_GSE162228
scPAS,Negative,Neg_ctrl_Sample_41,0.0538974573228529,195,2.29225607135648,Sample_100_GSE162228
scPAS,Negative,Neg_ctrl_Sample_42,0.0675892713225152,195,2.29225607135648,Sample_100_GSE162228
scPAS,Negative,Neg_ctrl_Sample_43,0.0441735167109726,195,2.29225607135648,Sample_100_GSE162228
scPAS,Negative,Neg_ctrl_Sample_44,-0.151173541926333,195,2.29225607135648,Sample_100_GSE162228
scPAS,Negative,Neg_ctrl_Sample_45,0.086470975926822,195,2.29225607135648,Sample_100_GSE162228
scPAS,Negative,Neg_ctrl_Sample_46,0.29586383894916,195,2.29225607135648,Sample_100_GSE162228
scPAS,Negative,Neg_ctrl_Sample_47,0.196279726797699,195,2.29225607135648,Sample_100_GSE162228
scPAS,Negative,Neg_ctrl_Sample_48,0.282523761031263,195,2.29225607135648,Sample_100_GSE162228
scPAS,Negative,Neg_ctrl_Sample_49,0.246155122611154,195,2.29225607135648,Sample_100_GSE162228
scPAS,Negative,Neg_ctrl_Sample_50,0.1063852076363,195,2.29225607135648,Sample_100_GSE162228
scPAS,Negative,Neg_ctrl_Sample_51,-0.115415751280876,195,2.29225607135648,Sample_100_GSE162228
scPAS,Negative,Neg_ctrl_Sample_52,-0.00240454242603025,195,2.29225607135648,Sample_100_GSE162228
scPAS,Negative,Neg_ctrl_Sample_53,-0.0243580854944081,195,2.29225607135648,Sample_100_GSE162228
scPAS,Negative,Neg_ctrl_Sample_54,0.148264507054978,195,2.29225607135648,Sample_100_GSE162228
scPAS,Negative,Neg_ctrl_Sample_55,0.121833553343966,195,2.29225607135648,Sample_100_GSE162228
scPAS,Negative,Neg_ctrl_Sample_56,0.0578139172753022,195,2.29225607135648,Sample_100_GSE162228
scPAS,Negative,Neg_ctrl_Sample_57,0.0634491456237872,195,2.29225607135648,Sample_100_GSE162228
scPAS,Negative,Neg_ctrl_Sample_58,-0.0292191613832628,195,2.29225607135648,Sample_100_GSE162228
scPAS,Negative,Neg_ctrl_Sample_59,0.13012868084351,195,2.29225607135648,Sample_100_GSE162228
scPAS,Negative,Neg_ctrl_Sample_60,-0.0236020721375879,195,2.29225607135648,Sample_100_GSE162228
scPAS,Negative,Neg_ctrl_Sample_61,0.104438356161165,195,2.29225607135648,Sample_100_GSE162228
scPAS,Negative,Neg_ctrl_Sample_62,0.153722709769393,195,2.29225607135648,Sample_100_GSE162228
scPAS,Negative,Neg_ctrl_Sample_63,0.137552500879424,195,2.29225607135648,Sample_100_GSE162228
scPAS,Negative,Neg_ctrl_Sample_64,0.0682847525932196,195,2.29225607135648,Sample_100_GSE162228
scPAS,Negative,Neg_ctrl_Sample_65,-0.204793772964026,195,2.29225607135648,Sample_100_GSE162228
scPAS,Negative,Neg_ctrl_Sample_66,0.0483247987662183,195,2.29225607135648,Sample_100_GSE162228
scPAS,Negative,Neg_ctrl_Sample_67,0.124435526352954,195,2.29225607135648,Sample_100_GSE162228
scPAS,Negative,Neg_ctrl_Sample_68,-0.0326719289557096,195,2.29225607135648,Sample_100_GSE162228
scPAS,Negative,Neg_ctrl_Sample_69,0.0659411162805892,195,2.29225607135648,Sample_100_GSE162228
scPAS,Negative,Neg_ctrl_Sample_70,0.0410748435594676,195,2.29225607135648,Sample_100_GSE162228
scPAS,Negative,Neg_ctrl_Sample_71,0.326833778682902,195,2.29225607135648,Sample_100_GSE162228
scPAS,Negative,Neg_ctrl_Sample_72,0.115926721622048,195,2.29225607135648,Sample_100_GSE162228
scPAS,Negative,Neg_ctrl_Sample_73,-0.139553039886355,195,2.29225607135648,Sample_100_GSE162228
scPAS,Negative,Neg_ctrl_Sample_74,0.134471569228806,195,2.29225607135648,Sample_100_GSE162228
scPAS,Negative,Neg_ctrl_Sample_75,-0.126443687067414,195,2.29225607135648,Sample_100_GSE162228
scPAS,Negative,Neg_ctrl_Sample_76,-0.113210727816864,195,2.29225607135648,Sample_100_GSE162228
scPAS,Negative,Neg_ctrl_Sample_77,-0.0370338915111908,195,2.29225607135648,Sample_100_GSE162228
scPAS,Negative,Neg_ctrl_Sample_78,-0.0320819267315476,195,2.29225607135648,Sample_100_GSE162228
scPAS,Negative,Neg_ctrl_Sample_79,-0.077835321556769,195,2.29225607135648,Sample_100_GSE162228
scPAS,Negative,Neg_ctrl_Sample_80,-0.00675322483602121,195,2.29225607135648,Sample_100_GSE162228
scPAS,Negative,Neg_ctrl_Sample_81,0.0205794801888615,195,2.29225607135648,Sample_100_GSE162228
scPAS,Negative,Neg_ctrl_Sample_82,0.053663835005506,195,2.29225607135648,Sample_100_GSE162228
scPAS,Negative,Neg_ctrl_Sample_83,0.00547301038597403,195,2.29225607135648,Sample_100_GSE162228
scPAS,Negative,Neg_ctrl_Sample_84,-0.216046077463293,195,2.29225607135648,Sample_100_GSE162228
scPAS,Negative,Neg_ctrl_Sample_85,-0.165207671805271,195,2.29225607135648,Sample_100_GSE162228
scPAS,Negative,Neg_ctrl_Sample_86,0.0758049160740043,195,2.29225607135648,Sample_100_GSE162228
scPAS,Negative,Neg_ctrl_Sample_87,-0.0320343097464686,195,2.29225607135648,Sample_100_GSE162228
scPAS,Negative,Neg_ctrl_Sample_88,0.146957388676168,195,2.29225607135648,Sample_100_GSE162228
scPAS,Negative,Neg_ctrl_Sample_89,0.0845056008059772,195,2.29225607135648,Sample_100_GSE162228
scPAS,Negative,Neg_ctrl_Sample_90,0.0512453594979683,195,2.29225607135648,Sample_100_GSE162228
scPAS,Negative,Neg_ctrl_Sample_91,-0.1526998148726,195,2.29225607135648,Sample_100_GSE162228
scPAS,Negative,Neg_ctrl_Sample_92,0.00370193902982934,195,2.29225607135648,Sample_100_GSE162228
scPAS,Negative,Neg_ctrl_Sample_93,-0.00226524313810129,195,2.29225607135648,Sample_100_GSE162228
scPAS,Negative,Neg_ctrl_Sample_94,0.176429061206621,195,2.29225607135648,Sample_100_GSE162228
scPAS,Negative,Neg_ctrl_Sample_95,-0.136148388971002,195,2.29225607135648,Sample_100_GSE162228
scPAS,Negative,Neg_ctrl_Sample_96,0.162453067961386,195,2.29225607135648,Sample_100_GSE162228
scPAS,Negative,Neg_ctrl_Sample_97,-0.0932467612392839,195,2.29225607135648,Sample_100_GSE162228
scPAS,Negative,Neg_ctrl_Sample_98,-0.137900130125012,195,2.29225607135648,Sample_100_GSE162228
scPAS,Negative,Neg_ctrl_Sample_99,-0.171452812010111,195,2.29225607135648,Sample_100_GSE162228
scPAS,Negative,Neg_ctrl_Sample_100,0.0170990762091429,195,2.29225607135648,Sample_100_GSE162228
scPAS,Neutral,Neg_ctrl_Sample_1,-0.00195849319050753,54443,4.73595002531364,Sample_100_GSE162228
scPAS,Neutral,Neg_ctrl_Sample_2,0.0110594628320586,54443,4.73595002531364,Sample_100_GSE162228
scPAS,Neutral,Neg_ctrl_Sample_3,0.0127024130176147,54443,4.73595002531364,Sample_100_GSE162228
scPAS,Neutral,Neg_ctrl_Sample_4,-0.196172682578658,54443,4.73595002531364,Sample_100_GSE162228
scPAS,Neutral,Neg_ctrl_Sample_5,-0.0810750387236848,54443,4.73595002531364,Sample_100_GSE162228
scPAS,Neutral,Neg_ctrl_Sample_6,-0.0444634989820953,54443,4.73595002531364,Sample_100_GSE162228
scPAS,Neutral,Neg_ctrl_Sample_7,0.00186776851730251,54443,4.73595002531364,Sample_100_GSE162228
scPAS,Neutral,Neg_ctrl_Sample_8,-0.109201319020295,54443,4.73595002531364,Sample_100_GSE162228
scPAS,Neutral,Neg_ctrl_Sample_9,0.0614172589646774,54443,4.73595002531364,Sample_100_GSE162228
scPAS,Neutral,Neg_ctrl_Sample_10,0.0223344619411975,54443,4.73595002531364,Sample_100_GSE162228
scPAS,Neutral,Neg_ctrl_Sample_11,0.129524705277858,54443,4.73595002531364,Sample_100_GSE162228
scPAS,Neutral,Neg_ctrl_Sample_12,0.074640011404285,54443,4.73595002531364,Sample_100_GSE162228
scPAS,Neutral,Neg_ctrl_Sample_13,-0.23427664884005,54443,4.73595002531364,Sample_100_GSE162228
scPAS,Neutral,Neg_ctrl_Sample_14,0.228178259302291,54443,4.73595002531364,Sample_100_GSE162228
scPAS,Neutral,Neg_ctrl_Sample_15,0.0377916663143158,54443,4.73595002531364,Sample_100_GSE162228
scPAS,Neutral,Neg_ctrl_Sample_16,-0.14759841201444,54443,4.73595002531364,Sample_100_GSE162228
scPAS,Neutral,Neg_ctrl_Sample_17,0.100825281034062,54443,4.73595002531364,Sample_100_GSE162228
scPAS,Neutral,Neg_ctrl_Sample_18,0.0555102358969067,54443,4.73595002531364,Sample_100_GSE162228
scPAS,Neutral,Neg_ctrl_Sample_19,0.133714958089679,54443,4.73595002531364,Sample_100_GSE162228
scPAS,Neutral,Neg_ctrl_Sample_20,0.315465890846407,54443,4.73595002531364,Sample_100_GSE162228
scPAS,Neutral,Neg_ctrl_Sample_21,-0.0951754048485353,54443,4.73595002531364,Sample_100_GSE162228
scPAS,Neutral,Neg_ctrl_Sample_22,0.0401180026970198,54443,4.73595002531364,Sample_100_GSE162228
scPAS,Neutral,Neg_ctrl_Sample_23,0.179479945204279,54443,4.73595002531364,Sample_100_GSE162228
scPAS,Neutral,Neg_ctrl_Sample_24,0.0226786608402045,54443,4.73595002531364,Sample_100_GSE162228
scPAS,Neutral,Neg_ctrl_Sample_25,0.102921082131528,54443,4.73595002531364,Sample_100_GSE162228
scPAS,Neutral,Neg_ctrl_Sample_26,0.0423674503862023,54443,4.73595002531364,Sample_100_GSE162228
scPAS,Neutral,Neg_ctrl_Sample_27,-0.0817983717939432,54443,4.73595002531364,Sample_100_GSE162228
scPAS,Neutral,Neg_ctrl_Sample_28,0.246682601444833,54443,4.73595002531364,Sample_100_GSE162228
scPAS,Neutral,Neg_ctrl_Sample_29,-0.0700246823034237,54443,4.73595002531364,Sample_100_GSE162228
scPAS,Neutral,Neg_ctrl_Sample_30,0.136064380637578,54443,4.73595002531364,Sample_100_GSE162228
scPAS,Neutral,Neg_ctrl_Sample_31,0.183997559920179,54443,4.73595002531364,Sample_100_GSE162228
scPAS,Neutral,Neg_ctrl_Sample_32,0.0308734627663362,54443,4.73595002531364,Sample_100_GSE162228
scPAS,Neutral,Neg_ctrl_Sample_33,0.0553107148286919,54443,4.73595002531364,Sample_100_GSE162228
scPAS,Neutral,Neg_ctrl_Sample_34,0.184643764173752,54443,4.73595002531364,Sample_100_GSE162228
scPAS,Neutral,Neg_ctrl_Sample_35,0.0179064718880107,54443,4.73595002531364,Sample_100_GSE162228
scPAS,Neutral,Neg_ctrl_Sample_36,-0.146380809571061,54443,4.73595002531364,Sample_100_GSE162228
scPAS,Neutral,Neg_ctrl_Sample_37,0.0489083441813155,54443,4.73595002531364,Sample_100_GSE162228
scPAS,Neutral,Neg_ctrl_Sample_38,0.108160845136679,54443,4.73595002531364,Sample_100_GSE162228
scPAS,Neutral,Neg_ctrl_Sample_39,0.145738882041573,54443,4.73595002531364,Sample_100_GSE162228
scPAS,Neutral,Neg_ctrl_Sample_40,0.0608130293571508,54443,4.73595002531364,Sample_100_GSE162228
scPAS,Neutral,Neg_ctrl_Sample_41,0.0685648257804648,54443,4.73595002531364,Sample_100_GSE162228
scPAS,Neutral,Neg_ctrl_Sample_42,0.0565150646341824,54443,4.73595002531364,Sample_100_GSE162228
scPAS,Neutral,Neg_ctrl_Sample_43,0.0603416431737928,54443,4.73595002531364,Sample_100_GSE162228
scPAS,Neutral,Neg_ctrl_Sample_44,-0.125809329767589,54443,4.73595002531364,Sample_100_GSE162228
scPAS,Neutral,Neg_ctrl_Sample_45,0.0677054692594827,54443,4.73595002531364,Sample_100_GSE162228
scPAS,Neutral,Neg_ctrl_Sample_46,0.291424984921035,54443,4.73595002531364,Sample_100_GSE162228
scPAS,Neutral,Neg_ctrl_Sample_47,0.210777946501278,54443,4.73595002531364,Sample_100_GSE162228
scPAS,Neutral,Neg_ctrl_Sample_48,0.253725001270663,54443,4.73595002531364,Sample_100_GSE162228
scPAS,Neutral,Neg_ctrl_Sample_49,0.260806621014335,54443,4.73595002531364,Sample_100_GSE162228
scPAS,Neutral,Neg_ctrl_Sample_50,0.116907706426379,54443,4.73595002531364,Sample_100_GSE162228
scPAS,Neutral,Neg_ctrl_Sample_51,-0.100202662126603,54443,4.73595002531364,Sample_100_GSE162228
scPAS,Neutral,Neg_ctrl_Sample_52,-0.0131091259859358,54443,4.73595002531364,Sample_100_GSE162228
scPAS,Neutral,Neg_ctrl_Sample_53,-0.0366270706853181,54443,4.73595002531364,Sample_100_GSE162228
scPAS,Neutral,Neg_ctrl_Sample_54,0.156403395616027,54443,4.73595002531364,Sample_100_GSE162228
scPAS,Neutral,Neg_ctrl_Sample_55,0.0985208423637576,54443,4.73595002531364,Sample_100_GSE162228
scPAS,Neutral,Neg_ctrl_Sample_56,0.0438915835580606,54443,4.73595002531364,Sample_100_GSE162228
scPAS,Neutral,Neg_ctrl_Sample_57,0.0434395192823772,54443,4.73595002531364,Sample_100_GSE162228
scPAS,Neutral,Neg_ctrl_Sample_58,-0.0125087678173202,54443,4.73595002531364,Sample_100_GSE162228
scPAS,Neutral,Neg_ctrl_Sample_59,0.132509040582988,54443,4.73595002531364,Sample_100_GSE162228
scPAS,Neutral,Neg_ctrl_Sample_60,-0.0274992704406889,54443,4.73595002531364,Sample_100_GSE162228
scPAS,Neutral,Neg_ctrl_Sample_61,0.0901859374576489,54443,4.73595002531364,Sample_100_GSE162228
scPAS,Neutral,Neg_ctrl_Sample_62,0.157004123256006,54443,4.73595002531364,Sample_100_GSE162228
scPAS,Neutral,Neg_ctrl_Sample_63,0.157616899961579,54443,4.73595002531364,Sample_100_GSE162228
scPAS,Neutral,Neg_ctrl_Sample_64,0.0845952737178307,54443,4.73595002531364,Sample_100_GSE162228
scPAS,Neutral,Neg_ctrl_Sample_65,-0.189847876920746,54443,4.73595002531364,Sample_100_GSE162228
scPAS,Neutral,Neg_ctrl_Sample_66,0.0629808440708002,54443,4.73595002531364,Sample_100_GSE162228
scPAS,Neutral,Neg_ctrl_Sample_67,0.128571024375756,54443,4.73595002531364,Sample_100_GSE162228
scPAS,Neutral,Neg_ctrl_Sample_68,-0.025114284806663,54443,4.73595002531364,Sample_100_GSE162228
scPAS,Neutral,Neg_ctrl_Sample_69,0.058977106983282,54443,4.73595002531364,Sample_100_GSE162228
scPAS,Neutral,Neg_ctrl_Sample_70,0.0498959310634707,54443,4.73595002531364,Sample_100_GSE162228
scPAS,Neutral,Neg_ctrl_Sample_71,0.323832715641524,54443,4.73595002531364,Sample_100_GSE162228
scPAS,Neutral,Neg_ctrl_Sample_72,0.125970253075995,54443,4.73595002531364,Sample_100_GSE162228
scPAS,Neutral,Neg_ctrl_Sample_73,-0.123922009494778,54443,4.73595002531364,Sample_100_GSE162228
scPAS,Neutral,Neg_ctrl_Sample_74,0.137251632119133,54443,4.73595002531364,Sample_100_GSE162228
scPAS,Neutral,Neg_ctrl_Sample_75,-0.129430059653629,54443,4.73595002531364,Sample_100_GSE162228
scPAS,Neutral,Neg_ctrl_Sample_76,-0.120217519499319,54443,4.73595002531364,Sample_100_GSE162228
scPAS,Neutral,Neg_ctrl_Sample_77,-0.0394910022954854,54443,4.73595002531364,Sample_100_GSE162228
scPAS,Neutral,Neg_ctrl_Sample_78,-0.030874528816308,54443,4.73595002531364,Sample_100_GSE162228
scPAS,Neutral,Neg_ctrl_Sample_79,-0.0634932429314342,54443,4.73595002531364,Sample_100_GSE162228
scPAS,Neutral,Neg_ctrl_Sample_80,-0.0100225060158068,54443,4.73595002531364,Sample_100_GSE162228
scPAS,Neutral,Neg_ctrl_Sample_81,0.0261040055260357,54443,4.73595002531364,Sample_100_GSE162228
scPAS,Neutral,Neg_ctrl_Sample_82,0.0572205611924528,54443,4.73595002531364,Sample_100_GSE162228
scPAS,Neutral,Neg_ctrl_Sample_83,0.0169185123583589,54443,4.73595002531364,Sample_100_GSE162228
scPAS,Neutral,Neg_ctrl_Sample_84,-0.204884040775402,54443,4.73595002531364,Sample_100_GSE162228
scPAS,Neutral,Neg_ctrl_Sample_85,-0.146335082732831,54443,4.73595002531364,Sample_100_GSE162228
scPAS,Neutral,Neg_ctrl_Sample_86,0.0407722884272267,54443,4.73595002531364,Sample_100_GSE162228
scPAS,Neutral,Neg_ctrl_Sample_87,-0.0256613775480078,54443,4.73595002531364,Sample_100_GSE162228
scPAS,Neutral,Neg_ctrl_Sample_88,0.150647843299365,54443,4.73595002531364,Sample_100_GSE162228
scPAS,Neutral,Neg_ctrl_Sample_89,0.0849562605045935,54443,4.73595002531364,Sample_100_GSE162228
scPAS,Neutral,Neg_ctrl_Sample_90,0.0553421375284064,54443,4.73595002531364,Sample_100_GSE162228
scPAS,Neutral,Neg_ctrl_Sample_91,-0.142700362343412,54443,4.73595002531364,Sample_100_GSE162228
scPAS,Neutral,Neg_ctrl_Sample_92,0.00983502091372713,54443,4.73595002531364,Sample_100_GSE162228
scPAS,Neutral,Neg_ctrl_Sample_93,0.00306889424735667,54443,4.73595002531364,Sample_100_GSE162228
scPAS,Neutral,Neg_ctrl_Sample_94,0.174415410553143,54443,4.73595002531364,Sample_100_GSE162228
scPAS,Neutral,Neg_ctrl_Sample_95,-0.139982391013689,54443,4.73595002531364,Sample_100_GSE162228
scPAS,Neutral,Neg_ctrl_Sample_96,0.155451902110585,54443,4.73595002531364,Sample_100_GSE162228
scPAS,Neutral,Neg_ctrl_Sample_97,-0.0940978928928936,54443,4.73595002531364,Sample_100_GSE162228
scPAS,Neutral,Neg_ctrl_Sample_98,-0.135582358471294,54443,4.73595002531364,Sample_100_GSE162228
scPAS,Neutral,Neg_ctrl_Sample_99,-0.174680476468779,54443,4.73595002531364,Sample_100_GSE162228
scPAS,Neutral,Neg_ctrl_Sample_100,0.0222809786216028,54443,4.73595002531364,Sample_100_GSE162228
scPAS,Positive,Neg_ctrl_Sample_1,-0.0315649086312672,12,1.11394335230684,Sample_100_GSE162228
scPAS,Positive,Neg_ctrl_Sample_2,0.030084589279543,12,1.11394335230684,Sample_100_GSE162228
scPAS,Positive,Neg_ctrl_Sample_3,0.0155999874576408,12,1.11394335230684,Sample_100_GSE162228
scPAS,Positive,Neg_ctrl_Sample_4,-0.166000684291479,12,1.11394335230684,Sample_100_GSE162228
scPAS,Positive,Neg_ctrl_Sample_5,-0.0826630996100221,12,1.11394335230684,Sample_100_GSE162228
scPAS,Positive,Neg_ctrl_Sample_6,-0.0426370706529621,12,1.11394335230684,Sample_100_GSE162228
scPAS,Positive,Neg_ctrl_Sample_7,-0.0276387185107042,12,1.11394335230684,Sample_100_GSE162228
scPAS,Positive,Neg_ctrl_Sample_8,-0.121050657310896,12,1.11394335230684,Sample_100_GSE162228
scPAS,Positive,Neg_ctrl_Sample_9,0.0594683216010756,12,1.11394335230684,Sample_100_GSE162228
scPAS,Positive,Neg_ctrl_Sample_10,0.0331655614145128,12,1.11394335230684,Sample_100_GSE162228
scPAS,Positive,Neg_ctrl_Sample_11,0.154316643301213,12,1.11394335230684,Sample_100_GSE162228
scPAS,Positive,Neg_ctrl_Sample_12,0.0540362555398204,12,1.11394335230684,Sample_100_GSE162228
scPAS,Positive,Neg_ctrl_Sample_13,-0.232404366631447,12,1.11394335230684,Sample_100_GSE162228
scPAS,Positive,Neg_ctrl_Sample_14,0.225946533661977,12,1.11394335230684,Sample_100_GSE162228
scPAS,Positive,Neg_ctrl_Sample_15,0.0227927165800404,12,1.11394335230684,Sample_100_GSE162228
scPAS,Positive,Neg_ctrl_Sample_16,-0.120272456615841,12,1.11394335230684,Sample_100_GSE162228
scPAS,Positive,Neg_ctrl_Sample_17,0.0676315879870347,12,1.11394335230684,Sample_100_GSE162228
scPAS,Positive,Neg_ctrl_Sample_18,0.0452184302378225,12,1.11394335230684,Sample_100_GSE162228
scPAS,Positive,Neg_ctrl_Sample_19,0.140914399156778,12,1.11394335230684,Sample_100_GSE162228
scPAS,Positive,Neg_ctrl_Sample_20,0.318524323055606,12,1.11394335230684,Sample_100_GSE162228
scPAS,Positive,Neg_ctrl_Sample_21,-0.0991027718743162,12,1.11394335230684,Sample_100_GSE162228
scPAS,Positive,Neg_ctrl_Sample_22,0.0428882633485862,12,1.11394335230684,Sample_100_GSE162228
scPAS,Positive,Neg_ctrl_Sample_23,0.166340451773082,12,1.11394335230684,Sample_100_GSE162228
scPAS,Positive,Neg_ctrl_Sample_24,0.0283693337327518,12,1.11394335230684,Sample_100_GSE162228
scPAS,Positive,Neg_ctrl_Sample_25,0.0827984513710818,12,1.11394335230684,Sample_100_GSE162228
scPAS,Positive,Neg_ctrl_Sample_26,0.0390155500630864,12,1.11394335230684,Sample_100_GSE162228
scPAS,Positive,Neg_ctrl_Sample_27,-0.0890690991612783,12,1.11394335230684,Sample_100_GSE162228
scPAS,Positive,Neg_ctrl_Sample_28,0.226194153132201,12,1.11394335230684,Sample_100_GSE162228
scPAS,Positive,Neg_ctrl_Sample_29,-0.0858365286236875,12,1.11394335230684,Sample_100_GSE162228
scPAS,Positive,Neg_ctrl_Sample_30,0.132453247534621,12,1.11394335230684,Sample_100_GSE162228
scPAS,Positive,Neg_ctrl_Sample_31,0.170147642020703,12,1.11394335230684,Sample_100_GSE162228
scPAS,Positive,Neg_ctrl_Sample_32,0.0388124810265957,12,1.11394335230684,Sample_100_GSE162228
scPAS,Positive,Neg_ctrl_Sample_33,0.072590910320792,12,1.11394335230684,Sample_100_GSE162228
scPAS,Positive,Neg_ctrl_Sample_34,0.178254912807161,12,1.11394335230684,Sample_100_GSE162228
scPAS,Positive,Neg_ctrl_Sample_35,-0.00564806633311293,12,1.11394335230684,Sample_100_GSE162228
scPAS,Positive,Neg_ctrl_Sample_36,-0.146280966056339,12,1.11394335230684,Sample_100_GSE162228
scPAS,Positive,Neg_ctrl_Sample_37,0.047670071759729,12,1.11394335230684,Sample_100_GSE162228
scPAS,Positive,Neg_ctrl_Sample_38,0.0862809221648752,12,1.11394335230684,Sample_100_GSE162228
scPAS,Positive,Neg_ctrl_Sample_39,0.141599782441989,12,1.11394335230684,Sample_100_GSE162228
scPAS,Positive,Neg_ctrl_Sample_40,0.0654095852242722,12,1.11394335230684,Sample_100_GSE162228
scPAS,Positive,Neg_ctrl_Sample_41,0.0688633687419803,12,1.11394335230684,Sample_100_GSE162228
scPAS,Positive,Neg_ctrl_Sample_42,0.0424496826928249,12,1.11394335230684,Sample_100_GSE162228
scPAS,Positive,Neg_ctrl_Sample_43,0.0562884999626772,12,1.11394335230684,Sample_100_GSE162228
scPAS,Positive,Neg_ctrl_Sample_44,-0.0909382142269291,12,1.11394335230684,Sample_100_GSE162228
scPAS,Positive,Neg_ctrl_Sample_45,0.0408882602281079,12,1.11394335230684,Sample_100_GSE162228
scPAS,Positive,Neg_ctrl_Sample_46,0.28465505731713,12,1.11394335230684,Sample_100_GSE162228
scPAS,Positive,Neg_ctrl_Sample_47,0.205845401980139,12,1.11394335230684,Sample_100_GSE162228
scPAS,Positive,Neg_ctrl_Sample_48,0.243740745404619,12,1.11394335230684,Sample_100_GSE162228
scPAS,Positive,Neg_ctrl_Sample_49,0.292243737597172,12,1.11394335230684,Sample_100_GSE162228
scPAS,Positive,Neg_ctrl_Sample_50,0.114149894798527,12,1.11394335230684,Sample_100_GSE162228
scPAS,Positive,Neg_ctrl_Sample_51,-0.0782815543574461,12,1.11394335230684,Sample_100_GSE162228
scPAS,Positive,Neg_ctrl_Sample_52,-0.0254671555305022,12,1.11394335230684,Sample_100_GSE162228
scPAS,Positive,Neg_ctrl_Sample_53,-0.0545418872229415,12,1.11394335230684,Sample_100_GSE162228
scPAS,Positive,Neg_ctrl_Sample_54,0.154929522702367,12,1.11394335230684,Sample_100_GSE162228
scPAS,Positive,Neg_ctrl_Sample_55,0.111497137780811,12,1.11394335230684,Sample_100_GSE162228
scPAS,Positive,Neg_ctrl_Sample_56,0.0219353630428572,12,1.11394335230684,Sample_100_GSE162228
scPAS,Positive,Neg_ctrl_Sample_57,0.0530898788128827,12,1.11394335230684,Sample_100_GSE162228
scPAS,Positive,Neg_ctrl_Sample_58,-0.029892655846936,12,1.11394335230684,Sample_100_GSE162228
scPAS,Positive,Neg_ctrl_Sample_59,0.131699935027653,12,1.11394335230684,Sample_100_GSE162228
scPAS,Positive,Neg_ctrl_Sample_60,-0.0338950545898344,12,1.11394335230684,Sample_100_GSE162228
scPAS,Positive,Neg_ctrl_Sample_61,0.076544979689787,12,1.11394335230684,Sample_100_GSE162228
scPAS,Positive,Neg_ctrl_Sample_62,0.148844586359992,12,1.11394335230684,Sample_100_GSE162228
scPAS,Positive,Neg_ctrl_Sample_63,0.168702887179346,12,1.11394335230684,Sample_100_GSE162228
scPAS,Positive,Neg_ctrl_Sample_64,0.104929528873847,12,1.11394335230684,Sample_100_GSE162228
scPAS,Positive,Neg_ctrl_Sample_65,-0.206790658262299,12,1.11394335230684,Sample_100_GSE162228
scPAS,Positive,Neg_ctrl_Sample_66,0.088722988941482,12,1.11394335230684,Sample_100_GSE162228
scPAS,Positive,Neg_ctrl_Sample_67,0.126135993729921,12,1.11394335230684,Sample_100_GSE162228
scPAS,Positive,Neg_ctrl_Sample_68,0.00237409917073591,12,1.11394335230684,Sample_100_GSE162228
scPAS,Positive,Neg_ctrl_Sample_69,0.0577731021963625,12,1.11394335230684,Sample_100_GSE162228
scPAS,Positive,Neg_ctrl_Sample_70,0.0670945973239605,12,1.11394335230684,Sample_100_GSE162228
scPAS,Positive,Neg_ctrl_Sample_71,0.367162219629016,12,1.11394335230684,Sample_100_GSE162228
scPAS,Positive,Neg_ctrl_Sample_72,0.114575759434594,12,1.11394335230684,Sample_100_GSE162228
scPAS,Positive,Neg_ctrl_Sample_73,-0.110470029899043,12,1.11394335230684,Sample_100_GSE162228
scPAS,Positive,Neg_ctrl_Sample_74,0.14202827110155,12,1.11394335230684,Sample_100_GSE162228
scPAS,Positive,Neg_ctrl_Sample_75,-0.115795667129504,12,1.11394335230684,Sample_100_GSE162228
scPAS,Positive,Neg_ctrl_Sample_76,-0.112929987926001,12,1.11394335230684,Sample_100_GSE162228
scPAS,Positive,Neg_ctrl_Sample_77,-0.035978196165978,12,1.11394335230684,Sample_100_GSE162228
scPAS,Positive,Neg_ctrl_Sample_78,0.00932446997432683,12,1.11394335230684,Sample_100_GSE162228
scPAS,Positive,Neg_ctrl_Sample_79,-0.0518870110260107,12,1.11394335230684,Sample_100_GSE162228
scPAS,Positive,Neg_ctrl_Sample_80,-0.00754749505197658,12,1.11394335230684,Sample_100_GSE162228
scPAS,Positive,Neg_ctrl_Sample_81,0.0262541642436763,12,1.11394335230684,Sample_100_GSE162228
scPAS,Positive,Neg_ctrl_Sample_82,0.0500559268370183,12,1.11394335230684,Sample_100_GSE162228
scPAS,Positive,Neg_ctrl_Sample_83,0.0399131900603241,12,1.11394335230684,Sample_100_GSE162228
scPAS,Positive,Neg_ctrl_Sample_84,-0.20188277355577,12,1.11394335230684,Sample_100_GSE162228
scPAS,Positive,Neg_ctrl_Sample_85,-0.137106659830119,12,1.11394335230684,Sample_100_GSE162228
scPAS,Positive,Neg_ctrl_Sample_86,0.0293366286299126,12,1.11394335230684,Sample_100_GSE162228
scPAS,Positive,Neg_ctrl_Sample_87,-0.0143779810862405,12,1.11394335230684,Sample_100_GSE162228
scPAS,Positive,Neg_ctrl_Sample_88,0.151715237330691,12,1.11394335230684,Sample_100_GSE162228
scPAS,Positive,Neg_ctrl_Sample_89,0.0939924854404853,12,1.11394335230684,Sample_100_GSE162228
scPAS,Positive,Neg_ctrl_Sample_90,0.0530027011768758,12,1.11394335230684,Sample_100_GSE162228
scPAS,Positive,Neg_ctrl_Sample_91,-0.144190628921594,12,1.11394335230684,Sample_100_GSE162228
scPAS,Positive,Neg_ctrl_Sample_92,-0.0012611032085672,12,1.11394335230684,Sample_100_GSE162228
scPAS,Positive,Neg_ctrl_Sample_93,0.011240681258473,12,1.11394335230684,Sample_100_GSE162228
scPAS,Positive,Neg_ctrl_Sample_94,0.184987412340366,12,1.11394335230684,Sample_100_GSE162228
scPAS,Positive,Neg_ctrl_Sample_95,-0.131901575460499,12,1.11394335230684,Sample_100_GSE162228
scPAS,Positive,Neg_ctrl_Sample_96,0.127379321389382,12,1.11394335230684,Sample_100_GSE162228
scPAS,Positive,Neg_ctrl_Sample_97,-0.0733134059244701,12,1.11394335230684,Sample_100_GSE162228
scPAS,Positive,Neg_ctrl_Sample_98,-0.16379909421731,12,1.11394335230684,Sample_100_GSE162228
scPAS,Positive,Neg_ctrl_Sample_99,-0.169663188730742,12,1.11394335230684,Sample_100_GSE162228
scPAS,Positive,Neg_ctrl_Sample_100,0.005748797179988,12,1.11394335230684,Sample_100_GSE162228
scPP,Negative,Neg_ctrl_Sample_1,-0.00379990832897765,3767,3.57611089412084,Sample_100_GSE162228
scPP,Negative,Neg_ctrl_Sample_2,0.0151752030342252,3767,3.57611089412084,Sample_100_GSE162228
scPP,Negative,Neg_ctrl_Sample_3,0.0194274789405006,3767,3.57611089412084,Sample_100_GSE162228
scPP,Negative,Neg_ctrl_Sample_4,-0.19632677547803,3767,3.57611089412084,Sample_100_GSE162228
scPP,Negative,Neg_ctrl_Sample_5,-0.09789943800843,3767,3.57611089412084,Sample_100_GSE162228
scPP,Negative,Neg_ctrl_Sample_6,-0.054950377912542,3767,3.57611089412084,Sample_100_GSE162228
scPP,Negative,Neg_ctrl_Sample_7,0.00227170719252306,3767,3.57611089412084,Sample_100_GSE162228
scPP,Negative,Neg_ctrl_Sample_8,-0.107902297840768,3767,3.57611089412084,Sample_100_GSE162228
scPP,Negative,Neg_ctrl_Sample_9,0.0716702617206493,3767,3.57611089412084,Sample_100_GSE162228
scPP,Negative,Neg_ctrl_Sample_10,0.0168615695762908,3767,3.57611089412084,Sample_100_GSE162228
scPP,Negative,Neg_ctrl_Sample_11,0.119009187012289,3767,3.57611089412084,Sample_100_GSE162228
scPP,Negative,Neg_ctrl_Sample_12,0.0681152508521029,3767,3.57611089412084,Sample_100_GSE162228
scPP,Negative,Neg_ctrl_Sample_13,-0.231650645063346,3767,3.57611089412084,Sample_100_GSE162228
scPP,Negative,Neg_ctrl_Sample_14,0.226228297949616,3767,3.57611089412084,Sample_100_GSE162228
scPP,Negative,Neg_ctrl_Sample_15,0.0292589965792567,3767,3.57611089412084,Sample_100_GSE162228
scPP,Negative,Neg_ctrl_Sample_16,-0.168636903465545,3767,3.57611089412084,Sample_100_GSE162228
scPP,Negative,Neg_ctrl_Sample_17,0.104620832782173,3767,3.57611089412084,Sample_100_GSE162228
scPP,Negative,Neg_ctrl_Sample_18,0.0661585839298048,3767,3.57611089412084,Sample_100_GSE162228
scPP,Negative,Neg_ctrl_Sample_19,0.141001487594137,3767,3.57611089412084,Sample_100_GSE162228
scPP,Negative,Neg_ctrl_Sample_20,0.30907875116815,3767,3.57611089412084,Sample_100_GSE162228
scPP,Negative,Neg_ctrl_Sample_21,-0.10675435864875,3767,3.57611089412084,Sample_100_GSE162228
scPP,Negative,Neg_ctrl_Sample_22,0.0184725961338563,3767,3.57611089412084,Sample_100_GSE162228
scPP,Negative,Neg_ctrl_Sample_23,0.176270827523788,3767,3.57611089412084,Sample_100_GSE162228
scPP,Negative,Neg_ctrl_Sample_24,0.0182482904847345,3767,3.57611089412084,Sample_100_GSE162228
scPP,Negative,Neg_ctrl_Sample_25,0.127515144053132,3767,3.57611089412084,Sample_100_GSE162228
scPP,Negative,Neg_ctrl_Sample_26,0.0296236724645219,3767,3.57611089412084,Sample_100_GSE162228
scPP,Negative,Neg_ctrl_Sample_27,-0.0737930040342255,3767,3.57611089412084,Sample_100_GSE162228
scPP,Negative,Neg_ctrl_Sample_28,0.256124291909496,3767,3.57611089412084,Sample_100_GSE162228
scPP,Negative,Neg_ctrl_Sample_29,-0.0550280404634058,3767,3.57611089412084,Sample_100_GSE162228
scPP,Negative,Neg_ctrl_Sample_30,0.122810070916974,3767,3.57611089412084,Sample_100_GSE162228
scPP,Negative,Neg_ctrl_Sample_31,0.192994155286594,3767,3.57611089412084,Sample_100_GSE162228
scPP,Negative,Neg_ctrl_Sample_32,0.0331012283277307,3767,3.57611089412084,Sample_100_GSE162228
scPP,Negative,Neg_ctrl_Sample_33,0.0409226465569245,3767,3.57611089412084,Sample_100_GSE162228
scPP,Negative,Neg_ctrl_Sample_34,0.180194992663039,3767,3.57611089412084,Sample_100_GSE162228
scPP,Negative,Neg_ctrl_Sample_35,0.0349386168269199,3767,3.57611089412084,Sample_100_GSE162228
scPP,Negative,Neg_ctrl_Sample_36,-0.155745995271634,3767,3.57611089412084,Sample_100_GSE162228
scPP,Negative,Neg_ctrl_Sample_37,0.0477562394655873,3767,3.57611089412084,Sample_100_GSE162228
scPP,Negative,Neg_ctrl_Sample_38,0.122970575494734,3767,3.57611089412084,Sample_100_GSE162228
scPP,Negative,Neg_ctrl_Sample_39,0.150330795228979,3767,3.57611089412084,Sample_100_GSE162228
scPP,Negative,Neg_ctrl_Sample_40,0.0602135417793974,3767,3.57611089412084,Sample_100_GSE162228
scPP,Negative,Neg_ctrl_Sample_41,0.0602572251823694,3767,3.57611089412084,Sample_100_GSE162228
scPP,Negative,Neg_ctrl_Sample_42,0.0622073125821798,3767,3.57611089412084,Sample_100_GSE162228
scPP,Negative,Neg_ctrl_Sample_43,0.0525873362015357,3767,3.57611089412084,Sample_100_GSE162228
scPP,Negative,Neg_ctrl_Sample_44,-0.151694627074823,3767,3.57611089412084,Sample_100_GSE162228
scPP,Negative,Neg_ctrl_Sample_45,0.0703637852709958,3767,3.57611089412084,Sample_100_GSE162228
scPP,Negative,Neg_ctrl_Sample_46,0.295503834267619,3767,3.57611089412084,Sample_100_GSE162228
scPP,Negative,Neg_ctrl_Sample_47,0.198406780152118,3767,3.57611089412084,Sample_100_GSE162228
scPP,Negative,Neg_ctrl_Sample_48,0.267661302518381,3767,3.57611089412084,Sample_100_GSE162228
scPP,Negative,Neg_ctrl_Sample_49,0.242196897979891,3767,3.57611089412084,Sample_100_GSE162228
scPP,Negative,Neg_ctrl_Sample_50,0.122037953589264,3767,3.57611089412084,Sample_100_GSE162228
scPP,Negative,Neg_ctrl_Sample_51,-0.111610184242003,3767,3.57611089412084,Sample_100_GSE162228
scPP,Negative,Neg_ctrl_Sample_52,-0.00834372759650529,3767,3.57611089412084,Sample_100_GSE162228
scPP,Negative,Neg_ctrl_Sample_53,-0.0321476038343425,3767,3.57611089412084,Sample_100_GSE162228
scPP,Negative,Neg_ctrl_Sample_54,0.14504453362441,3767,3.57611089412084,Sample_100_GSE162228
scPP,Negative,Neg_ctrl_Sample_55,0.10266318633159,3767,3.57611089412084,Sample_100_GSE162228
scPP,Negative,Neg_ctrl_Sample_56,0.0398502037406931,3767,3.57611089412084,Sample_100_GSE162228
scPP,Negative,Neg_ctrl_Sample_57,0.0537614278388315,3767,3.57611089412084,Sample_100_GSE162228
scPP,Negative,Neg_ctrl_Sample_58,-0.0181686101349648,3767,3.57611089412084,Sample_100_GSE162228
scPP,Negative,Neg_ctrl_Sample_59,0.142505243923668,3767,3.57611089412084,Sample_100_GSE162228
scPP,Negative,Neg_ctrl_Sample_60,-0.0263883285295777,3767,3.57611089412084,Sample_100_GSE162228
scPP,Negative,Neg_ctrl_Sample_61,0.099857096808062,3767,3.57611089412084,Sample_100_GSE162228
scPP,Negative,Neg_ctrl_Sample_62,0.156098570408909,3767,3.57611089412084,Sample_100_GSE162228
scPP,Negative,Neg_ctrl_Sample_63,0.137688949767018,3767,3.57611089412084,Sample_100_GSE162228
scPP,Negative,Neg_ctrl_Sample_64,0.067925440657556,3767,3.57611089412084,Sample_100_GSE162228
scPP,Negative,Neg_ctrl_Sample_65,-0.19666329848414,3767,3.57611089412084,Sample_100_GSE162228
scPP,Negative,Neg_ctrl_Sample_66,0.045964710957602,3767,3.57611089412084,Sample_100_GSE162228
scPP,Negative,Neg_ctrl_Sample_67,0.119398294380545,3767,3.57611089412084,Sample_100_GSE162228
scPP,Negative,Neg_ctrl_Sample_68,-0.0333173846176447,3767,3.57611089412084,Sample_100_GSE162228
scPP,Negative,Neg_ctrl_Sample_69,0.0587116264113262,3767,3.57611089412084,Sample_100_GSE162228
scPP,Negative,Neg_ctrl_Sample_70,0.0495576973814607,3767,3.57611089412084,Sample_100_GSE162228
scPP,Negative,Neg_ctrl_Sample_71,0.306789808751665,3767,3.57611089412084,Sample_100_GSE162228
scPP,Negative,Neg_ctrl_Sample_72,0.123430205580936,3767,3.57611089412084,Sample_100_GSE162228
scPP,Negative,Neg_ctrl_Sample_73,-0.145921873992414,3767,3.57611089412084,Sample_100_GSE162228
scPP,Negative,Neg_ctrl_Sample_74,0.138323923228348,3767,3.57611089412084,Sample_100_GSE162228
scPP,Negative,Neg_ctrl_Sample_75,-0.13382280444507,3767,3.57611089412084,Sample_100_GSE162228
scPP,Negative,Neg_ctrl_Sample_76,-0.12366439391139,3767,3.57611089412084,Sample_100_GSE162228
scPP,Negative,Neg_ctrl_Sample_77,-0.0403705750909388,3767,3.57611089412084,Sample_100_GSE162228
scPP,Negative,Neg_ctrl_Sample_78,-0.0298776029402237,3767,3.57611089412084,Sample_100_GSE162228
scPP,Negative,Neg_ctrl_Sample_79,-0.0737803756635506,3767,3.57611089412084,Sample_100_GSE162228
scPP,Negative,Neg_ctrl_Sample_80,-0.00567044638048167,3767,3.57611089412084,Sample_100_GSE162228
scPP,Negative,Neg_ctrl_Sample_81,0.0317929081212008,3767,3.57611089412084,Sample_100_GSE162228
scPP,Negative,Neg_ctrl_Sample_82,0.0662937071323409,3767,3.57611089412084,Sample_100_GSE162228
scPP,Negative,Neg_ctrl_Sample_83,0.00354621523384576,3767,3.57611089412084,Sample_100_GSE162228
scPP,Negative,Neg_ctrl_Sample_84,-0.20500630706437,3767,3.57611089412084,Sample_100_GSE162228
scPP,Negative,Neg_ctrl_Sample_85,-0.161842050332212,3767,3.57611089412084,Sample_100_GSE162228
scPP,Negative,Neg_ctrl_Sample_86,0.0567134153974945,3767,3.57611089412084,Sample_100_GSE162228
scPP,Negative,Neg_ctrl_Sample_87,-0.0396141268839454,3767,3.57611089412084,Sample_100_GSE162228
scPP,Negative,Neg_ctrl_Sample_88,0.144888554368579,3767,3.57611089412084,Sample_100_GSE162228
scPP,Negative,Neg_ctrl_Sample_89,0.0928433578267137,3767,3.57611089412084,Sample_100_GSE162228
scPP,Negative,Neg_ctrl_Sample_90,0.0473969611423702,3767,3.57611089412084,Sample_100_GSE162228
scPP,Negative,Neg_ctrl_Sample_91,-0.155000038942297,3767,3.57611089412084,Sample_100_GSE162228
scPP,Negative,Neg_ctrl_Sample_92,0.00684962264181208,3767,3.57611089412084,Sample_100_GSE162228
scPP,Negative,Neg_ctrl_Sample_93,0.00280616217064664,3767,3.57611089412084,Sample_100_GSE162228
scPP,Negative,Neg_ctrl_Sample_94,0.175860636156598,3767,3.57611089412084,Sample_100_GSE162228
scPP,Negative,Neg_ctrl_Sample_95,-0.152648692644432,3767,3.57611089412084,Sample_100_GSE162228
scPP,Negative,Neg_ctrl_Sample_96,0.16323670949896,3767,3.57611089412084,Sample_100_GSE162228
scPP,Negative,Neg_ctrl_Sample_97,-0.0886382578635313,3767,3.57611089412084,Sample_100_GSE162228
scPP,Negative,Neg_ctrl_Sample_98,-0.134289458423105,3767,3.57611089412084,Sample_100_GSE162228
scPP,Negative,Neg_ctrl_Sample_99,-0.178743640856667,3767,3.57611089412084,Sample_100_GSE162228
scPP,Negative,Neg_ctrl_Sample_100,0.0175746448431019,3767,3.57611089412084,Sample_100_GSE162228
scPP,Neutral,Neg_ctrl_Sample_1,-0.00173104789761502,47263,4.67453047363186,Sample_100_GSE162228
scPP,Neutral,Neg_ctrl_Sample_2,0.0108250153722529,47263,4.67453047363186,Sample_100_GSE162228
scPP,Neutral,Neg_ctrl_Sample_3,0.0120212149191115,47263,4.67453047363186,Sample_100_GSE162228
scPP,Neutral,Neg_ctrl_Sample_4,-0.195571574436979,47263,4.67453047363186,Sample_100_GSE162228
scPP,Neutral,Neg_ctrl_Sample_5,-0.0814204285120907,47263,4.67453047363186,Sample_100_GSE162228
scPP,Neutral,Neg_ctrl_Sample_6,-0.0443805800472278,47263,4.67453047363186,Sample_100_GSE162228
scPP,Neutral,Neg_ctrl_Sample_7,0.0014864158118242,47263,4.67453047363186,Sample_100_GSE162228
scPP,Neutral,Neg_ctrl_Sample_8,-0.109161303920712,47263,4.67453047363186,Sample_100_GSE162228
scPP,Neutral,Neg_ctrl_Sample_9,0.0611218079598225,47263,4.67453047363186,Sample_100_GSE162228
scPP,Neutral,Neg_ctrl_Sample_10,0.0218534167889016,47263,4.67453047363186,Sample_100_GSE162228
scPP,Neutral,Neg_ctrl_Sample_11,0.128918321089256,47263,4.67453047363186,Sample_100_GSE162228
scPP,Neutral,Neg_ctrl_Sample_12,0.0736349457454526,47263,4.67453047363186,Sample_100_GSE162228
scPP,Neutral,Neg_ctrl_Sample_13,-0.234028140490187,47263,4.67453047363186,Sample_100_GSE162228
scPP,Neutral,Neg_ctrl_Sample_14,0.228166089674505,47263,4.67453047363186,Sample_100_GSE162228
scPP,Neutral,Neg_ctrl_Sample_15,0.0379183569125139,47263,4.67453047363186,Sample_100_GSE162228
scPP,Neutral,Neg_ctrl_Sample_16,-0.148197697298889,47263,4.67453047363186,Sample_100_GSE162228
scPP,Neutral,Neg_ctrl_Sample_17,0.100383744999736,47263,4.67453047363186,Sample_100_GSE162228
scPP,Neutral,Neg_ctrl_Sample_18,0.0562288020448646,47263,4.67453047363186,Sample_100_GSE162228
scPP,Neutral,Neg_ctrl_Sample_19,0.13332176285672,47263,4.67453047363186,Sample_100_GSE162228
scPP,Neutral,Neg_ctrl_Sample_20,0.315321264854483,47263,4.67453047363186,Sample_100_GSE162228
scPP,Neutral,Neg_ctrl_Sample_21,-0.0949027736890945,47263,4.67453047363186,Sample_100_GSE162228
scPP,Neutral,Neg_ctrl_Sample_22,0.0403636929907991,47263,4.67453047363186,Sample_100_GSE162228
scPP,Neutral,Neg_ctrl_Sample_23,0.180121979459228,47263,4.67453047363186,Sample_100_GSE162228
scPP,Neutral,Neg_ctrl_Sample_24,0.023269329892722,47263,4.67453047363186,Sample_100_GSE162228
scPP,Neutral,Neg_ctrl_Sample_25,0.102418583679586,47263,4.67453047363186,Sample_100_GSE162228
scPP,Neutral,Neg_ctrl_Sample_26,0.0417118253628543,47263,4.67453047363186,Sample_100_GSE162228
scPP,Neutral,Neg_ctrl_Sample_27,-0.0817086429848849,47263,4.67453047363186,Sample_100_GSE162228
scPP,Neutral,Neg_ctrl_Sample_28,0.245645034022641,47263,4.67453047363186,Sample_100_GSE162228
scPP,Neutral,Neg_ctrl_Sample_29,-0.0699681914177491,47263,4.67453047363186,Sample_100_GSE162228
scPP,Neutral,Neg_ctrl_Sample_30,0.135923430203519,47263,4.67453047363186,Sample_100_GSE162228
scPP,Neutral,Neg_ctrl_Sample_31,0.184233240361696,47263,4.67453047363186,Sample_100_GSE162228
scPP,Neutral,Neg_ctrl_Sample_32,0.0304702299753363,47263,4.67453047363186,Sample_100_GSE162228
scPP,Neutral,Neg_ctrl_Sample_33,0.0543838572543111,47263,4.67453047363186,Sample_100_GSE162228
scPP,Neutral,Neg_ctrl_Sample_34,0.184969506119774,47263,4.67453047363186,Sample_100_GSE162228
scPP,Neutral,Neg_ctrl_Sample_35,0.0172163686639103,47263,4.67453047363186,Sample_100_GSE162228
scPP,Neutral,Neg_ctrl_Sample_36,-0.14605103266141,47263,4.67453047363186,Sample_100_GSE162228
scPP,Neutral,Neg_ctrl_Sample_37,0.0488936615197034,47263,4.67453047363186,Sample_100_GSE162228
scPP,Neutral,Neg_ctrl_Sample_38,0.107941003309181,47263,4.67453047363186,Sample_100_GSE162228
scPP,Neutral,Neg_ctrl_Sample_39,0.146038997661196,47263,4.67453047363186,Sample_100_GSE162228
scPP,Neutral,Neg_ctrl_Sample_40,0.0601432380675183,47263,4.67453047363186,Sample_100_GSE162228
scPP,Neutral,Neg_ctrl_Sample_41,0.0683550127963429,47263,4.67453047363186,Sample_100_GSE162228
scPP,Neutral,Neg_ctrl_Sample_42,0.0566236009957174,47263,4.67453047363186,Sample_100_GSE162228
scPP,Neutral,Neg_ctrl_Sample_43,0.0605918401900415,47263,4.67453047363186,Sample_100_GSE162228
scPP,Neutral,Neg_ctrl_Sample_44,-0.126858128667859,47263,4.67453047363186,Sample_100_GSE162228
scPP,Neutral,Neg_ctrl_Sample_45,0.0668185176083813,47263,4.67453047363186,Sample_100_GSE162228
scPP,Neutral,Neg_ctrl_Sample_46,0.291005264607305,47263,4.67453047363186,Sample_100_GSE162228
scPP,Neutral,Neg_ctrl_Sample_47,0.211158606351495,47263,4.67453047363186,Sample_100_GSE162228
scPP,Neutral,Neg_ctrl_Sample_48,0.252840368745038,47263,4.67453047363186,Sample_100_GSE162228
scPP,Neutral,Neg_ctrl_Sample_49,0.261005918917351,47263,4.67453047363186,Sample_100_GSE162228
scPP,Neutral,Neg_ctrl_Sample_50,0.116016133250352,47263,4.67453047363186,Sample_100_GSE162228
scPP,Neutral,Neg_ctrl_Sample_51,-0.0994282490407725,47263,4.67453047363186,Sample_100_GSE162228
scPP,Neutral,Neg_ctrl_Sample_52,-0.0140907421897372,47263,4.67453047363186,Sample_100_GSE162228
scPP,Neutral,Neg_ctrl_Sample_53,-0.038121183794012,47263,4.67453047363186,Sample_100_GSE162228
scPP,Neutral,Neg_ctrl_Sample_54,0.155585702666226,47263,4.67453047363186,Sample_100_GSE162228
scPP,Neutral,Neg_ctrl_Sample_55,0.0982926109250373,47263,4.67453047363186,Sample_100_GSE162228
scPP,Neutral,Neg_ctrl_Sample_56,0.04334998574754,47263,4.67453047363186,Sample_100_GSE162228
scPP,Neutral,Neg_ctrl_Sample_57,0.0431532119224121,47263,4.67453047363186,Sample_100_GSE162228
scPP,Neutral,Neg_ctrl_Sample_58,-0.0129824997612734,47263,4.67453047363186,Sample_100_GSE162228
scPP,Neutral,Neg_ctrl_Sample_59,0.132010780007718,47263,4.67453047363186,Sample_100_GSE162228
scPP,Neutral,Neg_ctrl_Sample_60,-0.0280735999635207,47263,4.67453047363186,Sample_100_GSE162228
scPP,Neutral,Neg_ctrl_Sample_61,0.0901868135460812,47263,4.67453047363186,Sample_100_GSE162228
scPP,Neutral,Neg_ctrl_Sample_62,0.156976083082355,47263,4.67453047363186,Sample_100_GSE162228
scPP,Neutral,Neg_ctrl_Sample_63,0.156798389500492,47263,4.67453047363186,Sample_100_GSE162228
scPP,Neutral,Neg_ctrl_Sample_64,0.0846729604381947,47263,4.67453047363186,Sample_100_GSE162228
scPP,Neutral,Neg_ctrl_Sample_65,-0.190484894814348,47263,4.67453047363186,Sample_100_GSE162228
scPP,Neutral,Neg_ctrl_Sample_66,0.0616607734896493,47263,4.67453047363186,Sample_100_GSE162228
scPP,Neutral,Neg_ctrl_Sample_67,0.127247837338811,47263,4.67453047363186,Sample_100_GSE162228
scPP,Neutral,Neg_ctrl_Sample_68,-0.0252040439958208,47263,4.67453047363186,Sample_100_GSE162228
scPP,Neutral,Neg_ctrl_Sample_69,0.0572804247791418,47263,4.67453047363186,Sample_100_GSE162228
scPP,Neutral,Neg_ctrl_Sample_70,0.0494714342201396,47263,4.67453047363186,Sample_100_GSE162228
scPP,Neutral,Neg_ctrl_Sample_71,0.323951715319694,47263,4.67453047363186,Sample_100_GSE162228
scPP,Neutral,Neg_ctrl_Sample_72,0.126235717189179,47263,4.67453047363186,Sample_100_GSE162228
scPP,Neutral,Neg_ctrl_Sample_73,-0.123486650299088,47263,4.67453047363186,Sample_100_GSE162228
scPP,Neutral,Neg_ctrl_Sample_74,0.137124271194324,47263,4.67453047363186,Sample_100_GSE162228
scPP,Neutral,Neg_ctrl_Sample_75,-0.130047814022402,47263,4.67453047363186,Sample_100_GSE162228
scPP,Neutral,Neg_ctrl_Sample_76,-0.120592192199215,47263,4.67453047363186,Sample_100_GSE162228
scPP,Neutral,Neg_ctrl_Sample_77,-0.0392246318825375,47263,4.67453047363186,Sample_100_GSE162228
scPP,Neutral,Neg_ctrl_Sample_78,-0.0306652759620326,47263,4.67453047363186,Sample_100_GSE162228
scPP,Neutral,Neg_ctrl_Sample_79,-0.0639056902793976,47263,4.67453047363186,Sample_100_GSE162228
scPP,Neutral,Neg_ctrl_Sample_80,-0.00965205566980337,47263,4.67453047363186,Sample_100_GSE162228
scPP,Neutral,Neg_ctrl_Sample_81,0.0267960564434459,47263,4.67453047363186,Sample_100_GSE162228
scPP,Neutral,Neg_ctrl_Sample_82,0.0569655251611072,47263,4.67453047363186,Sample_100_GSE162228
scPP,Neutral,Neg_ctrl_Sample_83,0.0169238185875337,47263,4.67453047363186,Sample_100_GSE162228
scPP,Neutral,Neg_ctrl_Sample_84,-0.205468821988595,47263,4.67453047363186,Sample_100_GSE162228
scPP,Neutral,Neg_ctrl_Sample_85,-0.146317706923948,47263,4.67453047363186,Sample_100_GSE162228
scPP,Neutral,Neg_ctrl_Sample_86,0.0395743898174029,47263,4.67453047363186,Sample_100_GSE162228
scPP,Neutral,Neg_ctrl_Sample_87,-0.0258103841110313,47263,4.67453047363186,Sample_100_GSE162228
scPP,Neutral,Neg_ctrl_Sample_88,0.150838448870451,47263,4.67453047363186,Sample_100_GSE162228
scPP,Neutral,Neg_ctrl_Sample_89,0.0849463565491467,47263,4.67453047363186,Sample_100_GSE162228
scPP,Neutral,Neg_ctrl_Sample_90,0.0544288946782809,47263,4.67453047363186,Sample_100_GSE162228
scPP,Neutral,Neg_ctrl_Sample_91,-0.142393346093307,47263,4.67453047363186,Sample_100_GSE162228
scPP,Neutral,Neg_ctrl_Sample_92,0.0106237704860897,47263,4.67453047363186,Sample_100_GSE162228
scPP,Neutral,Neg_ctrl_Sample_93,0.00284697416319024,47263,4.67453047363186,Sample_100_GSE162228
scPP,Neutral,Neg_ctrl_Sample_94,0.17468545705252,47263,4.67453047363186,Sample_100_GSE162228
scPP,Neutral,Neg_ctrl_Sample_95,-0.140053306927602,47263,4.67453047363186,Sample_100_GSE162228
scPP,Neutral,Neg_ctrl_Sample_96,0.15438603400881,47263,4.67453047363186,Sample_100_GSE162228
scPP,Neutral,Neg_ctrl_Sample_97,-0.0946249670254209,47263,4.67453047363186,Sample_100_GSE162228
scPP,Neutral,Neg_ctrl_Sample_98,-0.135986248427898,47263,4.67453047363186,Sample_100_GSE162228
scPP,Neutral,Neg_ctrl_Sample_99,-0.175456892012931,47263,4.67453047363186,Sample_100_GSE162228
scPP,Neutral,Neg_ctrl_Sample_100,0.0228173155191771,47263,4.67453047363186,Sample_100_GSE162228
scPP,Positive,Neg_ctrl_Sample_1,-0.00332633287344634,3620,3.55882852481701,Sample_100_GSE162228
scPP,Positive,Neg_ctrl_Sample_2,0.00965541227271113,3620,3.55882852481701,Sample_100_GSE162228
scPP,Positive,Neg_ctrl_Sample_3,0.0151002965805549,3620,3.55882852481701,Sample_100_GSE162228
scPP,Positive,Neg_ctrl_Sample_4,-0.203171198536451,3620,3.55882852481701,Sample_100_GSE162228
scPP,Positive,Neg_ctrl_Sample_5,-0.0599499296106433,3620,3.55882852481701,Sample_100_GSE162228
scPP,Positive,Neg_ctrl_Sample_6,-0.0348464473600565,3620,3.55882852481701,Sample_100_GSE162228
scPP,Positive,Neg_ctrl_Sample_7,0.00608136332989157,3620,3.55882852481701,Sample_100_GSE162228
scPP,Positive,Neg_ctrl_Sample_8,-0.110855402890356,3620,3.55882852481701,Sample_100_GSE162228
scPP,Positive,Neg_ctrl_Sample_9,0.0543559525940707,3620,3.55882852481701,Sample_100_GSE162228
scPP,Positive,Neg_ctrl_Sample_10,0.0342888017739344,3620,3.55882852481701,Sample_100_GSE162228
scPP,Positive,Neg_ctrl_Sample_11,0.147584790326582,3620,3.55882852481701,Sample_100_GSE162228
scPP,Positive,Neg_ctrl_Sample_12,0.0944592760508721,3620,3.55882852481701,Sample_100_GSE162228
scPP,Positive,Neg_ctrl_Sample_13,-0.239557535858455,3620,3.55882852481701,Sample_100_GSE162228
scPP,Positive,Neg_ctrl_Sample_14,0.230580631477732,3620,3.55882852481701,Sample_100_GSE162228
scPP,Positive,Neg_ctrl_Sample_15,0.0447383128295303,3620,3.55882852481701,Sample_100_GSE162228
scPP,Positive,Neg_ctrl_Sample_16,-0.118244979457541,3620,3.55882852481701,Sample_100_GSE162228
scPP,Positive,Neg_ctrl_Sample_17,0.102415902692863,3620,3.55882852481701,Sample_100_GSE162228
scPP,Positive,Neg_ctrl_Sample_18,0.0349466701646153,3620,3.55882852481701,Sample_100_GSE162228
scPP,Positive,Neg_ctrl_Sample_19,0.132151363919361,3620,3.55882852481701,Sample_100_GSE162228
scPP,Positive,Neg_ctrl_Sample_20,0.323701507106266,3620,3.55882852481701,Sample_100_GSE162228
scPP,Positive,Neg_ctrl_Sample_21,-0.087542462570069,3620,3.55882852481701,Sample_100_GSE162228
scPP,Positive,Neg_ctrl_Sample_22,0.0586673674162739,3620,3.55882852481701,Sample_100_GSE162228
scPP,Positive,Neg_ctrl_Sample_23,0.173960778082525,3620,3.55882852481701,Sample_100_GSE162228
scPP,Positive,Neg_ctrl_Sample_24,0.0197924473091158,3620,3.55882852481701,Sample_100_GSE162228
scPP,Positive,Neg_ctrl_Sample_25,0.0846156041845976,3620,3.55882852481701,Sample_100_GSE162228
scPP,Positive,Neg_ctrl_Sample_26,0.0642508151808939,3620,3.55882852481701,Sample_100_GSE162228
scPP,Positive,Neg_ctrl_Sample_27,-0.0910238917981624,3620,3.55882852481701,Sample_100_GSE162228
scPP,Positive,Neg_ctrl_Sample_28,0.250322703762615,3620,3.55882852481701,Sample_100_GSE162228
scPP,Positive,Neg_ctrl_Sample_29,-0.0852419106214003,3620,3.55882852481701,Sample_100_GSE162228
scPP,Positive,Neg_ctrl_Sample_30,0.150215311227607,3620,3.55882852481701,Sample_100_GSE162228
scPP,Positive,Neg_ctrl_Sample_31,0.171586467236628,3620,3.55882852481701,Sample_100_GSE162228
scPP,Positive,Neg_ctrl_Sample_32,0.03443675445797,3620,3.55882852481701,Sample_100_GSE162228
scPP,Positive,Neg_ctrl_Sample_33,0.0816609428408609,3620,3.55882852481701,Sample_100_GSE162228
scPP,Positive,Neg_ctrl_Sample_34,0.184723433411503,3620,3.55882852481701,Sample_100_GSE162228
scPP,Positive,Neg_ctrl_Sample_35,0.0107490241716061,3620,3.55882852481701,Sample_100_GSE162228
scPP,Positive,Neg_ctrl_Sample_36,-0.142147056598263,3620,3.55882852481701,Sample_100_GSE162228
scPP,Positive,Neg_ctrl_Sample_37,0.0500419030768424,3620,3.55882852481701,Sample_100_GSE162228
scPP,Positive,Neg_ctrl_Sample_38,0.0969224670012301,3620,3.55882852481701,Sample_100_GSE162228
scPP,Positive,Neg_ctrl_Sample_39,0.137095096126438,3620,3.55882852481701,Sample_100_GSE162228
scPP,Positive,Neg_ctrl_Sample_40,0.0698940816064059,3620,3.55882852481701,Sample_100_GSE162228
scPP,Positive,Neg_ctrl_Sample_41,0.0791600103627522,3620,3.55882852481701,Sample_100_GSE162228
scPP,Positive,Neg_ctrl_Sample_42,0.049724521442355,3620,3.55882852481701,Sample_100_GSE162228
scPP,Positive,Neg_ctrl_Sample_43,0.064259872567926,3620,3.55882852481701,Sample_100_GSE162228
scPP,Positive,Neg_ctrl_Sample_44,-0.0864303989953919,3620,3.55882852481701,Sample_100_GSE162228
scPP,Positive,Neg_ctrl_Sample_45,0.0774412667076585,3620,3.55882852481701,Sample_100_GSE162228
scPP,Positive,Neg_ctrl_Sample_46,0.292877071413732,3620,3.55882852481701,Sample_100_GSE162228
scPP,Positive,Neg_ctrl_Sample_47,0.217884221020649,3620,3.55882852481701,Sample_100_GSE162228
scPP,Positive,Neg_ctrl_Sample_48,0.252290826503077,3620,3.55882852481701,Sample_100_GSE162228
scPP,Positive,Neg_ctrl_Sample_49,0.276884967172037,3620,3.55882852481701,Sample_100_GSE162228
scPP,Positive,Neg_ctrl_Sample_50,0.122633618291678,3620,3.55882852481701,Sample_100_GSE162228
scPP,Positive,Neg_ctrl_Sample_51,-0.0991895264798348,3620,3.55882852481701,Sample_100_GSE162228
scPP,Positive,Neg_ctrl_Sample_52,-0.00471631705031723,3620,3.55882852481701,Sample_100_GSE162228
scPP,Positive,Neg_ctrl_Sample_53,-0.0211796699830082,3620,3.55882852481701,Sample_100_GSE162228
scPP,Positive,Neg_ctrl_Sample_54,0.178456071103469,3620,3.55882852481701,Sample_100_GSE162228
scPP,Positive,Neg_ctrl_Sample_55,0.0984889050564529,3620,3.55882852481701,Sample_100_GSE162228
scPP,Positive,Neg_ctrl_Sample_56,0.0558453944750089,3620,3.55882852481701,Sample_100_GSE162228
scPP,Positive,Neg_ctrl_Sample_57,0.0375463691919967,3620,3.55882852481701,Sample_100_GSE162228
scPP,Positive,Neg_ctrl_Sample_58,-0.00139178287922445,3620,3.55882852481701,Sample_100_GSE162228
scPP,Positive,Neg_ctrl_Sample_59,0.12848133676222,3620,3.55882852481701,Sample_100_GSE162228
scPP,Positive,Neg_ctrl_Sample_60,-0.0209681040545654,3620,3.55882852481701,Sample_100_GSE162228
scPP,Positive,Neg_ctrl_Sample_61,0.0808331380967076,3620,3.55882852481701,Sample_100_GSE162228
scPP,Positive,Neg_ctrl_Sample_62,0.158108733816687,3620,3.55882852481701,Sample_100_GSE162228
scPP,Positive,Neg_ctrl_Sample_63,0.187996547014322,3620,3.55882852481701,Sample_100_GSE162228
scPP,Positive,Neg_ctrl_Sample_64,0.100116548059276,3620,3.55882852481701,Sample_100_GSE162228
scPP,Positive,Neg_ctrl_Sample_65,-0.175300002161039,3620,3.55882852481701,Sample_100_GSE162228
scPP,Positive,Neg_ctrl_Sample_66,0.0972187573908055,3620,3.55882852481701,Sample_100_GSE162228
scPP,Positive,Neg_ctrl_Sample_67,0.155161029993695,3620,3.55882852481701,Sample_100_GSE162228
scPP,Positive,Neg_ctrl_Sample_68,-0.0157221617282647,3620,3.55882852481701,Sample_100_GSE162228
scPP,Positive,Neg_ctrl_Sample_69,0.0817765241336552,3620,3.55882852481701,Sample_100_GSE162228
scPP,Positive,Neg_ctrl_Sample_70,0.0553720063447756,3620,3.55882852481701,Sample_100_GSE162228
scPP,Positive,Neg_ctrl_Sample_71,0.340319320560289,3620,3.55882852481701,Sample_100_GSE162228
scPP,Positive,Neg_ctrl_Sample_72,0.124568735389607,3620,3.55882852481701,Sample_100_GSE162228
scPP,Positive,Neg_ctrl_Sample_73,-0.107510274487734,3620,3.55882852481701,Sample_100_GSE162228
scPP,Positive,Neg_ctrl_Sample_74,0.137664711175773,3620,3.55882852481701,Sample_100_GSE162228
scPP,Positive,Neg_ctrl_Sample_75,-0.116587421607967,3620,3.55882852481701,Sample_100_GSE162228
scPP,Positive,Neg_ctrl_Sample_76,-0.111337324338422,3620,3.55882852481701,Sample_100_GSE162228
scPP,Positive,Neg_ctrl_Sample_77,-0.0419094619170898,3620,3.55882852481701,Sample_100_GSE162228
scPP,Positive,Neg_ctrl_Sample_78,-0.0345757420855931,3620,3.55882852481701,Sample_100_GSE162228
scPP,Positive,Neg_ctrl_Sample_79,-0.0481375254011605,3620,3.55882852481701,Sample_100_GSE162228
scPP,Positive,Neg_ctrl_Sample_80,-0.0192036091616093,3620,3.55882852481701,Sample_100_GSE162228
scPP,Positive,Neg_ctrl_Sample_81,0.0108515251056825,3620,3.55882852481701,Sample_100_GSE162228
scPP,Positive,Neg_ctrl_Sample_82,0.0508934037270401,3620,3.55882852481701,Sample_100_GSE162228
scPP,Positive,Neg_ctrl_Sample_83,0.0302242356197855,3620,3.55882852481701,Sample_100_GSE162228
scPP,Positive,Neg_ctrl_Sample_84,-0.19771318175824,3620,3.55882852481701,Sample_100_GSE162228
scPP,Positive,Neg_ctrl_Sample_85,-0.131411298120303,3620,3.55882852481701,Sample_100_GSE162228
scPP,Positive,Neg_ctrl_Sample_86,0.0416728937235437,3620,3.55882852481701,Sample_100_GSE162228
scPP,Positive,Neg_ctrl_Sample_87,-0.00950248723985859,3620,3.55882852481701,Sample_100_GSE162228
scPP,Positive,Neg_ctrl_Sample_88,0.153957185943809,3620,3.55882852481701,Sample_100_GSE162228
scPP,Positive,Neg_ctrl_Sample_89,0.0768838713034405,3620,3.55882852481701,Sample_100_GSE162228
scPP,Positive,Neg_ctrl_Sample_90,0.0753048809868393,3620,3.55882852481701,Sample_100_GSE162228
scPP,Positive,Neg_ctrl_Sample_91,-0.134453236299997,3620,3.55882852481701,Sample_100_GSE162228
scPP,Positive,Neg_ctrl_Sample_92,0.0022765180946399,3620,3.55882852481701,Sample_100_GSE162228
scPP,Positive,Neg_ctrl_Sample_93,0.00597945372937116,3620,3.55882852481701,Sample_100_GSE162228
scPP,Positive,Neg_ctrl_Sample_94,0.1695292650699,3620,3.55882852481701,Sample_100_GSE162228
scPP,Positive,Neg_ctrl_Sample_95,-0.125642540939886,3620,3.55882852481701,Sample_100_GSE162228
scPP,Positive,Neg_ctrl_Sample_96,0.161551104053777,3620,3.55882852481701,Sample_100_GSE162228
scPP,Positive,Neg_ctrl_Sample_97,-0.0927829635873429,3620,3.55882852481701,Sample_100_GSE162228
scPP,Positive,Neg_ctrl_Sample_98,-0.131872930229292,3620,3.55882852481701,Sample_100_GSE162228
scPP,Positive,Neg_ctrl_Sample_99,-0.160124876984034,3620,3.55882852481701,Sample_100_GSE162228
scPP,Positive,Neg_ctrl_Sample_100,0.0198420314961417,3620,3.55882852481701,Sample_100_GSE162228
DEGAS,Other,Neg_ctrl_Sample_1,-0.00183876063625707,51917,4.71531795409868,Sample_100_GSE162228
DEGAS,Other,Neg_ctrl_Sample_2,0.0114995055861643,51917,4.71531795409868,Sample_100_GSE162228
DEGAS,Other,Neg_ctrl_Sample_3,0.013197814901005,51917,4.71531795409868,Sample_100_GSE162228
DEGAS,Other,Neg_ctrl_Sample_4,-0.195310024717568,51917,4.71531795409868,Sample_100_GSE162228
DEGAS,Other,Neg_ctrl_Sample_5,-0.0798658720467209,51917,4.71531795409868,Sample_100_GSE162228
DEGAS,Other,Neg_ctrl_Sample_6,-0.0433120623726028,51917,4.71531795409868,Sample_100_GSE162228
DEGAS,Other,Neg_ctrl_Sample_7,0.00237807298710688,51917,4.71531795409868,Sample_100_GSE162228
DEGAS,Other,Neg_ctrl_Sample_8,-0.108752296197232,51917,4.71531795409868,Sample_100_GSE162228
DEGAS,Other,Neg_ctrl_Sample_9,0.0612296349553287,51917,4.71531795409868,Sample_100_GSE162228
DEGAS,Other,Neg_ctrl_Sample_10,0.0228111178016178,51917,4.71531795409868,Sample_100_GSE162228
DEGAS,Other,Neg_ctrl_Sample_11,0.129991807279681,51917,4.71531795409868,Sample_100_GSE162228
DEGAS,Other,Neg_ctrl_Sample_12,0.0755526468714607,51917,4.71531795409868,Sample_100_GSE162228
DEGAS,Other,Neg_ctrl_Sample_13,-0.233202827745482,51917,4.71531795409868,Sample_100_GSE162228
DEGAS,Other,Neg_ctrl_Sample_14,0.228586653583811,51917,4.71531795409868,Sample_100_GSE162228
DEGAS,Other,Neg_ctrl_Sample_15,0.0389170753087785,51917,4.71531795409868,Sample_100_GSE162228
DEGAS,Other,Neg_ctrl_Sample_16,-0.14588907742356,51917,4.71531795409868,Sample_100_GSE162228
DEGAS,Other,Neg_ctrl_Sample_17,0.101319126289416,51917,4.71531795409868,Sample_100_GSE162228
DEGAS,Other,Neg_ctrl_Sample_18,0.0549544256366141,51917,4.71531795409868,Sample_100_GSE162228
DEGAS,Other,Neg_ctrl_Sample_19,0.134025462706681,51917,4.71531795409868,Sample_100_GSE162228
DEGAS,Other,Neg_ctrl_Sample_20,0.315639077187499,51917,4.71531795409868,Sample_100_GSE162228
DEGAS,Other,Neg_ctrl_Sample_21,-0.094433796347395,51917,4.71531795409868,Sample_100_GSE162228
DEGAS,Other,Neg_ctrl_Sample_22,0.0414826673051729,51917,4.71531795409868,Sample_100_GSE162228
DEGAS,Other,Neg_ctrl_Sample_23,0.179699188652987,51917,4.71531795409868,Sample_100_GSE162228
DEGAS,Other,Neg_ctrl_Sample_24,0.0236366065522848,51917,4.71531795409868,Sample_100_GSE162228
DEGAS,Other,Neg_ctrl_Sample_25,0.102530773737582,51917,4.71531795409868,Sample_100_GSE162228
DEGAS,Other,Neg_ctrl_Sample_26,0.0434579302304072,51917,4.71531795409868,Sample_100_GSE162228
DEGAS,Other,Neg_ctrl_Sample_27,-0.0811243324561508,51917,4.71531795409868,Sample_100_GSE162228
DEGAS,Other,Neg_ctrl_Sample_28,0.246762591007994,51917,4.71531795409868,Sample_100_GSE162228
DEGAS,Other,Neg_ctrl_Sample_29,-0.0698212263560821,51917,4.71531795409868,Sample_100_GSE162228
DEGAS,Other,Neg_ctrl_Sample_30,0.136491493267729,51917,4.71531795409868,Sample_100_GSE162228
DEGAS,Other,Neg_ctrl_Sample_31,0.183962520332101,51917,4.71531795409868,Sample_100_GSE162228
DEGAS,Other,Neg_ctrl_Sample_32,0.0318374328353688,51917,4.71531795409868,Sample_100_GSE162228
DEGAS,Other,Neg_ctrl_Sample_33,0.0565054190057099,51917,4.71531795409868,Sample_100_GSE162228
DEGAS,Other,Neg_ctrl_Sample_34,0.184965812874645,51917,4.71531795409868,Sample_100_GSE162228
DEGAS,Other,Neg_ctrl_Sample_35,0.0182170860106217,51917,4.71531795409868,Sample_100_GSE162228
DEGAS,Other,Neg_ctrl_Sample_36,-0.145419193747707,51917,4.71531795409868,Sample_100_GSE162228
DEGAS,Other,Neg_ctrl_Sample_37,0.0495339005536308,51917,4.71531795409868,Sample_100_GSE162228
DEGAS,Other,Neg_ctrl_Sample_38,0.107918197935178,51917,4.71531795409868,Sample_100_GSE162228
DEGAS,Other,Neg_ctrl_Sample_39,0.145825740215553,51917,4.71531795409868,Sample_100_GSE162228
DEGAS,Other,Neg_ctrl_Sample_40,0.0611431121261538,51917,4.71531795409868,Sample_100_GSE162228
DEGAS,Other,Neg_ctrl_Sample_41,0.0689371629814699,51917,4.71531795409868,Sample_100_GSE162228
DEGAS,Other,Neg_ctrl_Sample_42,0.0569100555525004,51917,4.71531795409868,Sample_100_GSE162228
DEGAS,Other,Neg_ctrl_Sample_43,0.0609349154638677,51917,4.71531795409868,Sample_100_GSE162228
DEGAS,Other,Neg_ctrl_Sample_44,-0.124166855872261,51917,4.71531795409868,Sample_100_GSE162228
DEGAS,Other,Neg_ctrl_Sample_45,0.0685244955682609,51917,4.71531795409868,Sample_100_GSE162228
DEGAS,Other,Neg_ctrl_Sample_46,0.291712637560033,51917,4.71531795409868,Sample_100_GSE162228
DEGAS,Other,Neg_ctrl_Sample_47,0.211575842792103,51917,4.71531795409868,Sample_100_GSE162228
DEGAS,Other,Neg_ctrl_Sample_48,0.253804552118813,51917,4.71531795409868,Sample_100_GSE162228
DEGAS,Other,Neg_ctrl_Sample_49,0.261710704467588,51917,4.71531795409868,Sample_100_GSE162228
DEGAS,Other,Neg_ctrl_Sample_50,0.117056033072514,51917,4.71531795409868,Sample_100_GSE162228
DEGAS,Other,Neg_ctrl_Sample_51,-0.098808678820446,51917,4.71531795409868,Sample_100_GSE162228
DEGAS,Other,Neg_ctrl_Sample_52,-0.0123743350802638,51917,4.71531795409868,Sample_100_GSE162228
DEGAS,Other,Neg_ctrl_Sample_53,-0.0356810246727945,51917,4.71531795409868,Sample_100_GSE162228
DEGAS,Other,Neg_ctrl_Sample_54,0.157348420019592,51917,4.71531795409868,Sample_100_GSE162228
DEGAS,Other,Neg_ctrl_Sample_55,0.0988186516664016,51917,4.71531795409868,Sample_100_GSE162228
DEGAS,Other,Neg_ctrl_Sample_56,0.0447304177079882,51917,4.71531795409868,Sample_100_GSE162228
DEGAS,Other,Neg_ctrl_Sample_57,0.0437838992092451,51917,4.71531795409868,Sample_100_GSE162228
DEGAS,Other,Neg_ctrl_Sample_58,-0.0121952978222511,51917,4.71531795409868,Sample_100_GSE162228
DEGAS,Other,Neg_ctrl_Sample_59,0.132413891878915,51917,4.71531795409868,Sample_100_GSE162228
DEGAS,Other,Neg_ctrl_Sample_60,-0.0268082337782294,51917,4.71531795409868,Sample_100_GSE162228
DEGAS,Other,Neg_ctrl_Sample_61,0.0901790217700946,51917,4.71531795409868,Sample_100_GSE162228
DEGAS,Other,Neg_ctrl_Sample_62,0.157396461040193,51917,4.71531795409868,Sample_100_GSE162228
DEGAS,Other,Neg_ctrl_Sample_63,0.158713767400614,51917,4.71531795409868,Sample_100_GSE162228
DEGAS,Other,Neg_ctrl_Sample_64,0.0856016560499529,51917,4.71531795409868,Sample_100_GSE162228
DEGAS,Other,Neg_ctrl_Sample_65,-0.189186911230021,51917,4.71531795409868,Sample_100_GSE162228
DEGAS,Other,Neg_ctrl_Sample_66,0.0641139558566294,51917,4.71531795409868,Sample_100_GSE162228
DEGAS,Other,Neg_ctrl_Sample_67,0.129420748767285,51917,4.71531795409868,Sample_100_GSE162228
DEGAS,Other,Neg_ctrl_Sample_68,-0.0248264832813917,51917,4.71531795409868,Sample_100_GSE162228
DEGAS,Other,Neg_ctrl_Sample_69,0.0597428685787665,51917,4.71531795409868,Sample_100_GSE162228
DEGAS,Other,Neg_ctrl_Sample_70,0.0503585436721814,51917,4.71531795409868,Sample_100_GSE162228
DEGAS,Other,Neg_ctrl_Sample_71,0.324573681679591,51917,4.71531795409868,Sample_100_GSE162228
DEGAS,Other,Neg_ctrl_Sample_72,0.126241738422845,51917,4.71531795409868,Sample_100_GSE162228
DEGAS,Other,Neg_ctrl_Sample_73,-0.12226852833718,51917,4.71531795409868,Sample_100_GSE162228
DEGAS,Other,Neg_ctrl_Sample_74,0.137607309607389,51917,4.71531795409868,Sample_100_GSE162228
DEGAS,Other,Neg_ctrl_Sample_75,-0.128576900388608,51917,4.71531795409868,Sample_100_GSE162228
DEGAS,Other,Neg_ctrl_Sample_76,-0.119241683050517,51917,4.71531795409868,Sample_100_GSE162228
DEGAS,Other,Neg_ctrl_Sample_77,-0.0389709494342491,51917,4.71531795409868,Sample_100_GSE162228
DEGAS,Other,Neg_ctrl_Sample_78,-0.030349075364052,51917,4.71531795409868,Sample_100_GSE162228
DEGAS,Other,Neg_ctrl_Sample_79,-0.0627435972830209,51917,4.71531795409868,Sample_100_GSE162228
DEGAS,Other,Neg_ctrl_Sample_80,-0.00985365961982704,51917,4.71531795409868,Sample_100_GSE162228
DEGAS,Other,Neg_ctrl_Sample_81,0.0259454463955065,51917,4.71531795409868,Sample_100_GSE162228
DEGAS,Other,Neg_ctrl_Sample_82,0.0571136775622237,51917,4.71531795409868,Sample_100_GSE162228
DEGAS,Other,Neg_ctrl_Sample_83,0.0176317756664208,51917,4.71531795409868,Sample_100_GSE162228
DEGAS,Other,Neg_ctrl_Sample_84,-0.204114030251831,51917,4.71531795409868,Sample_100_GSE162228
DEGAS,Other,Neg_ctrl_Sample_85,-0.145317222233452,51917,4.71531795409868,Sample_100_GSE162228
DEGAS,Other,Neg_ctrl_Sample_86,0.0409725773721876,51917,4.71531795409868,Sample_100_GSE162228
DEGAS,Other,Neg_ctrl_Sample_87,-0.0247117068226853,51917,4.71531795409868,Sample_100_GSE162228
DEGAS,Other,Neg_ctrl_Sample_88,0.151297553508467,51917,4.71531795409868,Sample_100_GSE162228
DEGAS,Other,Neg_ctrl_Sample_89,0.0849557142966299,51917,4.71531795409868,Sample_100_GSE162228
DEGAS,Other,Neg_ctrl_Sample_90,0.056351567685286,51917,4.71531795409868,Sample_100_GSE162228
DEGAS,Other,Neg_ctrl_Sample_91,-0.141763485337428,51917,4.71531795409868,Sample_100_GSE162228
DEGAS,Other,Neg_ctrl_Sample_92,0.0100940019000641,51917,4.71531795409868,Sample_100_GSE162228
DEGAS,Other,Neg_ctrl_Sample_93,0.00360815117269089,51917,4.71531795409868,Sample_100_GSE162228
DEGAS,Other,Neg_ctrl_Sample_94,0.174816504740253,51917,4.71531795409868,Sample_100_GSE162228
DEGAS,Other,Neg_ctrl_Sample_95,-0.138524389472141,51917,4.71531795409868,Sample_100_GSE162228
DEGAS,Other,Neg_ctrl_Sample_96,0.155472123787041,51917,4.71531795409868,Sample_100_GSE162228
DEGAS,Other,Neg_ctrl_Sample_97,-0.0940120802600662,51917,4.71531795409868,Sample_100_GSE162228
DEGAS,Other,Neg_ctrl_Sample_98,-0.135153749666808,51917,4.71531795409868,Sample_100_GSE162228
DEGAS,Other,Neg_ctrl_Sample_99,-0.173848788081437,51917,4.71531795409868,Sample_100_GSE162228
DEGAS,Other,Neg_ctrl_Sample_100,0.0228159846674809,51917,4.71531795409868,Sample_100_GSE162228
DEGAS,Positive,Neg_ctrl_Sample_1,-0.00464952817766374,2733,3.4367985102318,Sample_100_GSE162228
DEGAS,Positive,Neg_ctrl_Sample_2,0.00245900193159171,2733,3.4367985102318,Sample_100_GSE162228
DEGAS,Positive,Neg_ctrl_Sample_3,0.00395686472629585,2733,3.4367985102318,Sample_100_GSE162228
DEGAS,Positive,Neg_ctrl_Sample_4,-0.211647080600268,2733,3.4367985102318,Sample_100_GSE162228
DEGAS,Positive,Neg_ctrl_Sample_5,-0.105226184370885,2733,3.4367985102318,Sample_100_GSE162228
DEGAS,Positive,Neg_ctrl_Sample_6,-0.0666188165435922,2733,3.4367985102318,Sample_100_GSE162228
DEGAS,Positive,Neg_ctrl_Sample_7,-0.0082831644745474,2733,3.4367985102318,Sample_100_GSE162228
DEGAS,Positive,Neg_ctrl_Sample_8,-0.117439538954333,2733,3.4367985102318,Sample_100_GSE162228
DEGAS,Positive,Neg_ctrl_Sample_9,0.064651107179481,2733,3.4367985102318,Sample_100_GSE162228
DEGAS,Positive,Neg_ctrl_Sample_10,0.0132514562029982,2733,3.4367985102318,Sample_100_GSE162228
DEGAS,Positive,Neg_ctrl_Sample_11,0.119592572103838,2733,3.4367985102318,Sample_100_GSE162228
DEGAS,Positive,Neg_ctrl_Sample_12,0.0571805350917373,2733,3.4367985102318,Sample_100_GSE162228
DEGAS,Positive,Neg_ctrl_Sample_13,-0.253753039036536,2733,3.4367985102318,Sample_100_GSE162228
DEGAS,Positive,Neg_ctrl_Sample_14,0.220704166301156,2733,3.4367985102318,Sample_100_GSE162228
DEGAS,Positive,Neg_ctrl_Sample_15,0.0160442138702012,2733,3.4367985102318,Sample_100_GSE162228
DEGAS,Positive,Neg_ctrl_Sample_16,-0.180551253505098,2733,3.4367985102318,Sample_100_GSE162228
DEGAS,Positive,Neg_ctrl_Sample_17,0.0911467637005256,2733,3.4367985102318,Sample_100_GSE162228
DEGAS,Positive,Neg_ctrl_Sample_18,0.0659346091949653,2733,3.4367985102318,Sample_100_GSE162228
DEGAS,Positive,Neg_ctrl_Sample_19,0.128989049290001,2733,3.4367985102318,Sample_100_GSE162228
DEGAS,Positive,Neg_ctrl_Sample_20,0.311779759183736,2733,3.4367985102318,Sample_100_GSE162228
DEGAS,Positive,Neg_ctrl_Sample_21,-0.110398013696837,2733,3.4367985102318,Sample_100_GSE162228
DEGAS,Positive,Neg_ctrl_Sample_22,0.0131780911176774,2733,3.4367985102318,Sample_100_GSE162228
DEGAS,Positive,Neg_ctrl_Sample_23,0.174684435355005,2733,3.4367985102318,Sample_100_GSE162228
DEGAS,Positive,Neg_ctrl_Sample_24,0.00476641268193968,2733,3.4367985102318,Sample_100_GSE162228
DEGAS,Positive,Neg_ctrl_Sample_25,0.111297978452465,2733,3.4367985102318,Sample_100_GSE162228
DEGAS,Positive,Neg_ctrl_Sample_26,0.0217347103846366,2733,3.4367985102318,Sample_100_GSE162228
DEGAS,Positive,Neg_ctrl_Sample_27,-0.0942365019300707,2733,3.4367985102318,Sample_100_GSE162228
DEGAS,Positive,Neg_ctrl_Sample_28,0.245055324147021,2733,3.4367985102318,Sample_100_GSE162228
DEGAS,Positive,Neg_ctrl_Sample_29,-0.0723982316587908,2733,3.4367985102318,Sample_100_GSE162228
DEGAS,Positive,Neg_ctrl_Sample_30,0.125987994700494,2733,3.4367985102318,Sample_100_GSE162228
DEGAS,Positive,Neg_ctrl_Sample_31,0.184700133733742,2733,3.4367985102318,Sample_100_GSE162228
DEGAS,Positive,Neg_ctrl_Sample_32,0.0133786524181805,2733,3.4367985102318,Sample_100_GSE162228
DEGAS,Positive,Neg_ctrl_Sample_33,0.0316577495627236,2733,3.4367985102318,Sample_100_GSE162228
DEGAS,Positive,Neg_ctrl_Sample_34,0.178132830968592,2733,3.4367985102318,Sample_100_GSE162228
DEGAS,Positive,Neg_ctrl_Sample_35,0.0140673307124656,2733,3.4367985102318,Sample_100_GSE162228
DEGAS,Positive,Neg_ctrl_Sample_36,-0.166245585053231,2733,3.4367985102318,Sample_100_GSE162228
DEGAS,Positive,Neg_ctrl_Sample_37,0.0366846149169196,2733,3.4367985102318,Sample_100_GSE162228
DEGAS,Positive,Neg_ctrl_Sample_38,0.114495442969006,2733,3.4367985102318,Sample_100_GSE162228
DEGAS,Positive,Neg_ctrl_Sample_39,0.144158999376358,2733,3.4367985102318,Sample_100_GSE162228
DEGAS,Positive,Neg_ctrl_Sample_40,0.0541616889241737,2733,3.4367985102318,Sample_100_GSE162228
DEGAS,Positive,Neg_ctrl_Sample_41,0.0604465730185629,2733,3.4367985102318,Sample_100_GSE162228
DEGAS,Positive,Neg_ctrl_Sample_42,0.0497400709329767,2733,3.4367985102318,Sample_100_GSE162228
DEGAS,Positive,Neg_ctrl_Sample_43,0.0479002454926388,2733,3.4367985102318,Sample_100_GSE162228
DEGAS,Positive,Neg_ctrl_Sample_44,-0.158666953334429,2733,3.4367985102318,Sample_100_GSE162228
DEGAS,Positive,Neg_ctrl_Sample_45,0.0533681397384154,2733,3.4367985102318,Sample_100_GSE162228
DEGAS,Positive,Neg_ctrl_Sample_46,0.286247625003497,2733,3.4367985102318,Sample_100_GSE162228
DEGAS,Positive,Neg_ctrl_Sample_47,0.194564728386696,2733,3.4367985102318,Sample_100_GSE162228
DEGAS,Positive,Neg_ctrl_Sample_48,0.254224783817115,2733,3.4367985102318,Sample_100_GSE162228
DEGAS,Positive,Neg_ctrl_Sample_49,0.242724990047545,2733,3.4367985102318,Sample_100_GSE162228
DEGAS,Positive,Neg_ctrl_Sample_50,0.113327151910826,2733,3.4367985102318,Sample_100_GSE162228
DEGAS,Positive,Neg_ctrl_Sample_51,-0.127672450051077,2733,3.4367985102318,Sample_100_GSE162228
DEGAS,Positive,Neg_ctrl_Sample_52,-0.0263579521879532,2733,3.4367985102318,Sample_100_GSE162228
DEGAS,Positive,Neg_ctrl_Sample_53,-0.0538017492504156,2733,3.4367985102318,Sample_100_GSE162228
DEGAS,Positive,Neg_ctrl_Sample_54,0.137864207286612,2733,3.4367985102318,Sample_100_GSE162228
DEGAS,Positive,Neg_ctrl_Sample_55,0.0945838971097488,2733,3.4367985102318,Sample_100_GSE162228
DEGAS,Positive,Neg_ctrl_Sample_56,0.0288537598723287,2733,3.4367985102318,Sample_100_GSE162228
DEGAS,Positive,Neg_ctrl_Sample_57,0.0383676234857218,2733,3.4367985102318,Sample_100_GSE162228
DEGAS,Positive,Neg_ctrl_Sample_58,-0.0197321688914958,2733,3.4367985102318,Sample_100_GSE162228
DEGAS,Positive,Neg_ctrl_Sample_59,0.134143126149584,2733,3.4367985102318,Sample_100_GSE162228
DEGAS,Positive,Neg_ctrl_Sample_60,-0.0403764552725928,2733,3.4367985102318,Sample_100_GSE162228
DEGAS,Positive,Neg_ctrl_Sample_61,0.0912743282021507,2733,3.4367985102318,Sample_100_GSE162228
DEGAS,Positive,Neg_ctrl_Sample_62,0.149281184794885,2733,3.4367985102318,Sample_100_GSE162228
DEGAS,Positive,Neg_ctrl_Sample_63,0.135397509984729,2733,3.4367985102318,Sample_100_GSE162228
DEGAS,Positive,Neg_ctrl_Sample_64,0.0644032166032267,2733,3.4367985102318,Sample_100_GSE162228
DEGAS,Positive,Neg_ctrl_Sample_65,-0.203544590740671,2733,3.4367985102318,Sample_100_GSE162228
DEGAS,Positive,Neg_ctrl_Sample_66,0.0405231830093903,2733,3.4367985102318,Sample_100_GSE162228
DEGAS,Positive,Neg_ctrl_Sample_67,0.112123609916502,2733,3.4367985102318,Sample_100_GSE162228
DEGAS,Positive,Neg_ctrl_Sample_68,-0.0310000044513183,2733,3.4367985102318,Sample_100_GSE162228
DEGAS,Positive,Neg_ctrl_Sample_69,0.0449220352682287,2733,3.4367985102318,Sample_100_GSE162228
DEGAS,Positive,Neg_ctrl_Sample_70,0.0405541136926014,2733,3.4367985102318,Sample_100_GSE162228
DEGAS,Positive,Neg_ctrl_Sample_71,0.310161448734358,2733,3.4367985102318,Sample_100_GSE162228
DEGAS,Positive,Neg_ctrl_Sample_72,0.12004638651559,2733,3.4367985102318,Sample_100_GSE162228
DEGAS,Positive,Neg_ctrl_Sample_73,-0.156388313347775,2733,3.4367985102318,Sample_100_GSE162228
DEGAS,Positive,Neg_ctrl_Sample_74,0.130317676482984,2733,3.4367985102318,Sample_100_GSE162228
DEGAS,Positive,Neg_ctrl_Sample_75,-0.145364020208893,2733,3.4367985102318,Sample_100_GSE162228
DEGAS,Positive,Neg_ctrl_Sample_76,-0.138222907774292,2733,3.4367985102318,Sample_100_GSE162228
DEGAS,Positive,Neg_ctrl_Sample_77,-0.049179364578811,2733,3.4367985102318,Sample_100_GSE162228
DEGAS,Positive,Neg_ctrl_Sample_78,-0.0407658648897644,2733,3.4367985102318,Sample_100_GSE162228
DEGAS,Positive,Neg_ctrl_Sample_79,-0.0787061165786219,2733,3.4367985102318,Sample_100_GSE162228
DEGAS,Positive,Neg_ctrl_Sample_80,-0.0129858387558197,2733,3.4367985102318,Sample_100_GSE162228
DEGAS,Positive,Neg_ctrl_Sample_81,0.0287225323623126,2733,3.4367985102318,Sample_100_GSE162228
DEGAS,Positive,Neg_ctrl_Sample_82,0.0589657277536989,2733,3.4367985102318,Sample_100_GSE162228
DEGAS,Positive,Neg_ctrl_Sample_83,0.00265344542940114,2733,3.4367985102318,Sample_100_GSE162228
DEGAS,Positive,Neg_ctrl_Sample_84,-0.220294658521371,2733,3.4367985102318,Sample_100_GSE162228
DEGAS,Positive,Neg_ctrl_Sample_85,-0.166976750255883,2733,3.4367985102318,Sample_100_GSE162228
DEGAS,Positive,Neg_ctrl_Sample_86,0.0394169036186005,2733,3.4367985102318,Sample_100_GSE162228
DEGAS,Positive,Neg_ctrl_Sample_87,-0.0441068133576411,2733,3.4367985102318,Sample_100_GSE162228
DEGAS,Positive,Neg_ctrl_Sample_88,0.138047098751566,2733,3.4367985102318,Sample_100_GSE162228
DEGAS,Positive,Neg_ctrl_Sample_89,0.0849741578835971,2733,3.4367985102318,Sample_100_GSE162228
DEGAS,Positive,Neg_ctrl_Sample_90,0.0358640802994053,2733,3.4367985102318,Sample_100_GSE162228
DEGAS,Positive,Neg_ctrl_Sample_91,-0.161217603456388,2733,3.4367985102318,Sample_100_GSE162228
DEGAS,Positive,Neg_ctrl_Sample_92,0.00442901274523629,2733,3.4367985102318,Sample_100_GSE162228
DEGAS,Positive,Neg_ctrl_Sample_93,-0.00751972526914829,2733,3.4367985102318,Sample_100_GSE162228
DEGAS,Positive,Neg_ctrl_Sample_94,0.166986182227756,2733,3.4367985102318,Sample_100_GSE162228
DEGAS,Positive,Neg_ctrl_Sample_95,-0.16737004774534,2733,3.4367985102318,Sample_100_GSE162228
DEGAS,Positive,Neg_ctrl_Sample_96,0.155444038076782,2733,3.4367985102318,Sample_100_GSE162228
DEGAS,Positive,Neg_ctrl_Sample_97,-0.0955760304495815,2733,3.4367985102318,Sample_100_GSE162228
DEGAS,Positive,Neg_ctrl_Sample_98,-0.144013624334422,2733,3.4367985102318,Sample_100_GSE162228
DEGAS,Positive,Neg_ctrl_Sample_99,-0.190227188500745,2733,3.4367985102318,Sample_100_GSE162228
DEGAS,Positive,Neg_ctrl_Sample_100,0.0116755025763856,2733,3.4367985102318,Sample_100_GSE162228
LP_SGL,Negative,Neg_ctrl_Sample_1,-0.00681736421278242,9972,3.99882581904029,Sample_100_GSE162228
LP_SGL,Negative,Neg_ctrl_Sample_2,0.00525356860678134,9972,3.99882581904029,Sample_100_GSE162228
LP_SGL,Negative,Neg_ctrl_Sample_3,0.0058092137681723,9972,3.99882581904029,Sample_100_GSE162228
LP_SGL,Negative,Neg_ctrl_Sample_4,-0.191408214261112,9972,3.99882581904029,Sample_100_GSE162228
LP_SGL,Negative,Neg_ctrl_Sample_5,-0.0840890814331936,9972,3.99882581904029,Sample_100_GSE162228
LP_SGL,Negative,Neg_ctrl_Sample_6,-0.0433133420688641,9972,3.99882581904029,Sample_100_GSE162228
LP_SGL,Negative,Neg_ctrl_Sample_7,0.00319908074933822,9972,3.99882581904029,Sample_100_GSE162228
LP_SGL,Negative,Neg_ctrl_Sample_8,-0.113010014273169,9972,3.99882581904029,Sample_100_GSE162228
LP_SGL,Negative,Neg_ctrl_Sample_9,0.0559349282980873,9972,3.99882581904029,Sample_100_GSE162228
LP_SGL,Negative,Neg_ctrl_Sample_10,0.0236695427770192,9972,3.99882581904029,Sample_100_GSE162228
LP_SGL,Negative,Neg_ctrl_Sample_11,0.128935766883913,9972,3.99882581904029,Sample_100_GSE162228
LP_SGL,Negative,Neg_ctrl_Sample_12,0.0728057243654629,9972,3.99882581904029,Sample_100_GSE162228
LP_SGL,Negative,Neg_ctrl_Sample_13,-0.220010648057608,9972,3.99882581904029,Sample_100_GSE162228
LP_SGL,Negative,Neg_ctrl_Sample_14,0.229087347392073,9972,3.99882581904029,Sample_100_GSE162228
LP_SGL,Negative,Neg_ctrl_Sample_15,0.0479894829485679,9972,3.99882581904029,Sample_100_GSE162228
LP_SGL,Negative,Neg_ctrl_Sample_16,-0.15006583619945,9972,3.99882581904029,Sample_100_GSE162228
LP_SGL,Negative,Neg_ctrl_Sample_17,0.10056322723157,9972,3.99882581904029,Sample_100_GSE162228
LP_SGL,Negative,Neg_ctrl_Sample_18,0.0527482920557758,9972,3.99882581904029,Sample_100_GSE162228
LP_SGL,Negative,Neg_ctrl_Sample_19,0.137914651488817,9972,3.99882581904029,Sample_100_GSE162228
LP_SGL,Negative,Neg_ctrl_Sample_20,0.312485221312142,9972,3.99882581904029,Sample_100_GSE162228
LP_SGL,Negative,Neg_ctrl_Sample_21,-0.100337330323978,9972,3.99882581904029,Sample_100_GSE162228
LP_SGL,Negative,Neg_ctrl_Sample_22,0.0445965496015703,9972,3.99882581904029,Sample_100_GSE162228
LP_SGL,Negative,Neg_ctrl_Sample_23,0.180763292569679,9972,3.99882581904029,Sample_100_GSE162228
LP_SGL,Negative,Neg_ctrl_Sample_24,0.0249835018597513,9972,3.99882581904029,Sample_100_GSE162228
LP_SGL,Negative,Neg_ctrl_Sample_25,0.0973785924135741,9972,3.99882581904029,Sample_100_GSE162228
LP_SGL,Negative,Neg_ctrl_Sample_26,0.0437488056791809,9972,3.99882581904029,Sample_100_GSE162228
LP_SGL,Negative,Neg_ctrl_Sample_27,-0.0813202953079854,9972,3.99882581904029,Sample_100_GSE162228
LP_SGL,Negative,Neg_ctrl_Sample_28,0.243315673127775,9972,3.99882581904029,Sample_100_GSE162228
LP_SGL,Negative,Neg_ctrl_Sample_29,-0.061634475509395,9972,3.99882581904029,Sample_100_GSE162228
LP_SGL,Negative,Neg_ctrl_Sample_30,0.127893613680737,9972,3.99882581904029,Sample_100_GSE162228
LP_SGL,Negative,Neg_ctrl_Sample_31,0.183700582813742,9972,3.99882581904029,Sample_100_GSE162228
LP_SGL,Negative,Neg_ctrl_Sample_32,0.0368643967508194,9972,3.99882581904029,Sample_100_GSE162228
LP_SGL,Negative,Neg_ctrl_Sample_33,0.0469938815710317,9972,3.99882581904029,Sample_100_GSE162228
LP_SGL,Negative,Neg_ctrl_Sample_34,0.18607467562266,9972,3.99882581904029,Sample_100_GSE162228
LP_SGL,Negative,Neg_ctrl_Sample_35,0.0178859998317587,9972,3.99882581904029,Sample_100_GSE162228
LP_SGL,Negative,Neg_ctrl_Sample_36,-0.149624469643273,9972,3.99882581904029,Sample_100_GSE162228
LP_SGL,Negative,Neg_ctrl_Sample_37,0.0400012243803801,9972,3.99882581904029,Sample_100_GSE162228
LP_SGL,Negative,Neg_ctrl_Sample_38,0.104759741737374,9972,3.99882581904029,Sample_100_GSE162228
LP_SGL,Negative,Neg_ctrl_Sample_39,0.147567838282184,9972,3.99882581904029,Sample_100_GSE162228
LP_SGL,Negative,Neg_ctrl_Sample_40,0.0567291976506618,9972,3.99882581904029,Sample_100_GSE162228
LP_SGL,Negative,Neg_ctrl_Sample_41,0.0597919401980718,9972,3.99882581904029,Sample_100_GSE162228
LP_SGL,Negative,Neg_ctrl_Sample_42,0.0652112932254817,9972,3.99882581904029,Sample_100_GSE162228
LP_SGL,Negative,Neg_ctrl_Sample_43,0.0589305570382943,9972,3.99882581904029,Sample_100_GSE162228
LP_SGL,Negative,Neg_ctrl_Sample_44,-0.136382601414734,9972,3.99882581904029,Sample_100_GSE162228
LP_SGL,Negative,Neg_ctrl_Sample_45,0.0757037974009554,9972,3.99882581904029,Sample_100_GSE162228
LP_SGL,Negative,Neg_ctrl_Sample_46,0.291739749845773,9972,3.99882581904029,Sample_100_GSE162228
LP_SGL,Negative,Neg_ctrl_Sample_47,0.217624493749002,9972,3.99882581904029,Sample_100_GSE162228
LP_SGL,Negative,Neg_ctrl_Sample_48,0.248719818881863,9972,3.99882581904029,Sample_100_GSE162228
LP_SGL,Negative,Neg_ctrl_Sample_49,0.263368802675296,9972,3.99882581904029,Sample_100_GSE162228
LP_SGL,Negative,Neg_ctrl_Sample_50,0.106778206321756,9972,3.99882581904029,Sample_100_GSE162228
LP_SGL,Negative,Neg_ctrl_Sample_51,-0.100279872193493,9972,3.99882581904029,Sample_100_GSE162228
LP_SGL,Negative,Neg_ctrl_Sample_52,-0.0146468235713402,9972,3.99882581904029,Sample_100_GSE162228
LP_SGL,Negative,Neg_ctrl_Sample_53,-0.0375072105849293,9972,3.99882581904029,Sample_100_GSE162228
LP_SGL,Negative,Neg_ctrl_Sample_54,0.149565849156821,9972,3.99882581904029,Sample_100_GSE162228
LP_SGL,Negative,Neg_ctrl_Sample_55,0.0979696621356015,9972,3.99882581904029,Sample_100_GSE162228
LP_SGL,Negative,Neg_ctrl_Sample_56,0.0478484395172741,9972,3.99882581904029,Sample_100_GSE162228
LP_SGL,Negative,Neg_ctrl_Sample_57,0.0459691494489222,9972,3.99882581904029,Sample_100_GSE162228
LP_SGL,Negative,Neg_ctrl_Sample_58,-0.0227471825669233,9972,3.99882581904029,Sample_100_GSE162228
LP_SGL,Negative,Neg_ctrl_Sample_59,0.119647006635918,9972,3.99882581904029,Sample_100_GSE162228
LP_SGL,Negative,Neg_ctrl_Sample_60,-0.0306013307250952,9972,3.99882581904029,Sample_100_GSE162228
LP_SGL,Negative,Neg_ctrl_Sample_61,0.0942523243925813,9972,3.99882581904029,Sample_100_GSE162228
LP_SGL,Negative,Neg_ctrl_Sample_62,0.163204851257667,9972,3.99882581904029,Sample_100_GSE162228
LP_SGL,Negative,Neg_ctrl_Sample_63,0.156251542234784,9972,3.99882581904029,Sample_100_GSE162228
LP_SGL,Negative,Neg_ctrl_Sample_64,0.081981135707942,9972,3.99882581904029,Sample_100_GSE162228
LP_SGL,Negative,Neg_ctrl_Sample_65,-0.203779126744026,9972,3.99882581904029,Sample_100_GSE162228
LP_SGL,Negative,Neg_ctrl_Sample_66,0.0517792521511349,9972,3.99882581904029,Sample_100_GSE162228
LP_SGL,Negative,Neg_ctrl_Sample_67,0.123181884439631,9972,3.99882581904029,Sample_100_GSE162228
LP_SGL,Negative,Neg_ctrl_Sample_68,-0.03233342995104,9972,3.99882581904029,Sample_100_GSE162228
LP_SGL,Negative,Neg_ctrl_Sample_69,0.0506234307438678,9972,3.99882581904029,Sample_100_GSE162228
LP_SGL,Negative,Neg_ctrl_Sample_70,0.0461135777130104,9972,3.99882581904029,Sample_100_GSE162228
LP_SGL,Negative,Neg_ctrl_Sample_71,0.324621652750635,9972,3.99882581904029,Sample_100_GSE162228
LP_SGL,Negative,Neg_ctrl_Sample_72,0.127503365144377,9972,3.99882581904029,Sample_100_GSE162228
LP_SGL,Negative,Neg_ctrl_Sample_73,-0.125116761777974,9972,3.99882581904029,Sample_100_GSE162228
LP_SGL,Negative,Neg_ctrl_Sample_74,0.139566699711684,9972,3.99882581904029,Sample_100_GSE162228
LP_SGL,Negative,Neg_ctrl_Sample_75,-0.128797075686064,9972,3.99882581904029,Sample_100_GSE162228
LP_SGL,Negative,Neg_ctrl_Sample_76,-0.113162736457241,9972,3.99882581904029,Sample_100_GSE162228
LP_SGL,Negative,Neg_ctrl_Sample_77,-0.0308144547415635,9972,3.99882581904029,Sample_100_GSE162228
LP_SGL,Negative,Neg_ctrl_Sample_78,-0.0319638152846312,9972,3.99882581904029,Sample_100_GSE162228
LP_SGL,Negative,Neg_ctrl_Sample_79,-0.0754513781625115,9972,3.99882581904029,Sample_100_GSE162228
LP_SGL,Negative,Neg_ctrl_Sample_80,-0.0167778610565031,9972,3.99882581904029,Sample_100_GSE162228
LP_SGL,Negative,Neg_ctrl_Sample_81,0.0235248789954007,9972,3.99882581904029,Sample_100_GSE162228
LP_SGL,Negative,Neg_ctrl_Sample_82,0.0551277491918442,9972,3.99882581904029,Sample_100_GSE162228
LP_SGL,Negative,Neg_ctrl_Sample_83,0.0185280283308353,9972,3.99882581904029,Sample_100_GSE162228
LP_SGL,Negative,Neg_ctrl_Sample_84,-0.205014394767965,9972,3.99882581904029,Sample_100_GSE162228
LP_SGL,Negative,Neg_ctrl_Sample_85,-0.149757959990905,9972,3.99882581904029,Sample_100_GSE162228
LP_SGL,Negative,Neg_ctrl_Sample_86,0.0419586094263919,9972,3.99882581904029,Sample_100_GSE162228
LP_SGL,Negative,Neg_ctrl_Sample_87,-0.0241380833880546,9972,3.99882581904029,Sample_100_GSE162228
LP_SGL,Negative,Neg_ctrl_Sample_88,0.154914282885685,9972,3.99882581904029,Sample_100_GSE162228
LP_SGL,Negative,Neg_ctrl_Sample_89,0.0803691010398416,9972,3.99882581904029,Sample_100_GSE162228
LP_SGL,Negative,Neg_ctrl_Sample_90,0.0537697218442716,9972,3.99882581904029,Sample_100_GSE162228
LP_SGL,Negative,Neg_ctrl_Sample_91,-0.141531513072482,9972,3.99882581904029,Sample_100_GSE162228
LP_SGL,Negative,Neg_ctrl_Sample_92,0.00493414592346358,9972,3.99882581904029,Sample_100_GSE162228
LP_SGL,Negative,Neg_ctrl_Sample_93,-0.000217970219184028,9972,3.99882581904029,Sample_100_GSE162228
LP_SGL,Negative,Neg_ctrl_Sample_94,0.173724810064752,9972,3.99882581904029,Sample_100_GSE162228
LP_SGL,Negative,Neg_ctrl_Sample_95,-0.140229661396995,9972,3.99882581904029,Sample_100_GSE162228
LP_SGL,Negative,Neg_ctrl_Sample_96,0.154655321817408,9972,3.99882581904029,Sample_100_GSE162228
LP_SGL,Negative,Neg_ctrl_Sample_97,-0.0978200840656783,9972,3.99882581904029,Sample_100_GSE162228
LP_SGL,Negative,Neg_ctrl_Sample_98,-0.139877134837804,9972,3.99882581904029,Sample_100_GSE162228
LP_SGL,Negative,Neg_ctrl_Sample_99,-0.180005071726425,9972,3.99882581904029,Sample_100_GSE162228
LP_SGL,Negative,Neg_ctrl_Sample_100,0.0210876370301883,9972,3.99882581904029,Sample_100_GSE162228
LP_SGL,Neutral,Neg_ctrl_Sample_1,-0.00025936506243099,36975,4.56791992813503,Sample_100_GSE162228
LP_SGL,Neutral,Neg_ctrl_Sample_2,0.0139415868343436,36975,4.56791992813503,Sample_100_GSE162228
LP_SGL,Neutral,Neg_ctrl_Sample_3,0.0151015901947941,36975,4.56791992813503,Sample_100_GSE162228
LP_SGL,Neutral,Neg_ctrl_Sample_4,-0.195205852356786,36975,4.56791992813503,Sample_100_GSE162228
LP_SGL,Neutral,Neg_ctrl_Sample_5,-0.08110042453931,36975,4.56791992813503,Sample_100_GSE162228
LP_SGL,Neutral,Neg_ctrl_Sample_6,-0.0441878285578285,36975,4.56791992813503,Sample_100_GSE162228
LP_SGL,Neutral,Neg_ctrl_Sample_7,0.00162303898126857,36975,4.56791992813503,Sample_100_GSE162228
LP_SGL,Neutral,Neg_ctrl_Sample_8,-0.106760885439209,36975,4.56791992813503,Sample_100_GSE162228
LP_SGL,Neutral,Neg_ctrl_Sample_9,0.0635084087127219,36975,4.56791992813503,Sample_100_GSE162228
LP_SGL,Neutral,Neg_ctrl_Sample_10,0.0206631593476033,36975,4.56791992813503,Sample_100_GSE162228
LP_SGL,Neutral,Neg_ctrl_Sample_11,0.12806069724789,36975,4.56791992813503,Sample_100_GSE162228
LP_SGL,Neutral,Neg_ctrl_Sample_12,0.0745051367831189,36975,4.56791992813503,Sample_100_GSE162228
LP_SGL,Neutral,Neg_ctrl_Sample_13,-0.235927873217654,36975,4.56791992813503,Sample_100_GSE162228
LP_SGL,Neutral,Neg_ctrl_Sample_14,0.227072879466607,36975,4.56791992813503,Sample_100_GSE162228
LP_SGL,Neutral,Neg_ctrl_Sample_15,0.0355397249515611,36975,4.56791992813503,Sample_100_GSE162228
LP_SGL,Neutral,Neg_ctrl_Sample_16,-0.148293529907885,36975,4.56791992813503,Sample_100_GSE162228
LP_SGL,Neutral,Neg_ctrl_Sample_17,0.101205975143346,36975,4.56791992813503,Sample_100_GSE162228
LP_SGL,Neutral,Neg_ctrl_Sample_18,0.0581002303433763,36975,4.56791992813503,Sample_100_GSE162228
LP_SGL,Neutral,Neg_ctrl_Sample_19,0.132945244792624,36975,4.56791992813503,Sample_100_GSE162228
LP_SGL,Neutral,Neg_ctrl_Sample_20,0.315694051440551,36975,4.56791992813503,Sample_100_GSE162228
LP_SGL,Neutral,Neg_ctrl_Sample_21,-0.0932598166925986,36975,4.56791992813503,Sample_100_GSE162228
LP_SGL,Neutral,Neg_ctrl_Sample_22,0.0357891855855421,36975,4.56791992813503,Sample_100_GSE162228
LP_SGL,Neutral,Neg_ctrl_Sample_23,0.179914721833474,36975,4.56791992813503,Sample_100_GSE162228
LP_SGL,Neutral,Neg_ctrl_Sample_24,0.0239107259702086,36975,4.56791992813503,Sample_100_GSE162228
LP_SGL,Neutral,Neg_ctrl_Sample_25,0.106049843596335,36975,4.56791992813503,Sample_100_GSE162228
LP_SGL,Neutral,Neg_ctrl_Sample_26,0.0405602175546945,36975,4.56791992813503,Sample_100_GSE162228
LP_SGL,Neutral,Neg_ctrl_Sample_27,-0.0798648482797505,36975,4.56791992813503,Sample_100_GSE162228
LP_SGL,Neutral,Neg_ctrl_Sample_28,0.247420422762972,36975,4.56791992813503,Sample_100_GSE162228
LP_SGL,Neutral,Neg_ctrl_Sample_29,-0.0701941261207216,36975,4.56791992813503,Sample_100_GSE162228
LP_SGL,Neutral,Neg_ctrl_Sample_30,0.137422574497983,36975,4.56791992813503,Sample_100_GSE162228
LP_SGL,Neutral,Neg_ctrl_Sample_31,0.185311723292128,36975,4.56791992813503,Sample_100_GSE162228
LP_SGL,Neutral,Neg_ctrl_Sample_32,0.0298510116357704,36975,4.56791992813503,Sample_100_GSE162228
LP_SGL,Neutral,Neg_ctrl_Sample_33,0.0557589689392195,36975,4.56791992813503,Sample_100_GSE162228
LP_SGL,Neutral,Neg_ctrl_Sample_34,0.184673234428754,36975,4.56791992813503,Sample_100_GSE162228
LP_SGL,Neutral,Neg_ctrl_Sample_35,0.0191775300779758,36975,4.56791992813503,Sample_100_GSE162228
LP_SGL,Neutral,Neg_ctrl_Sample_36,-0.14536700578222,36975,4.56791992813503,Sample_100_GSE162228
LP_SGL,Neutral,Neg_ctrl_Sample_37,0.052416356953124,36975,4.56791992813503,Sample_100_GSE162228
LP_SGL,Neutral,Neg_ctrl_Sample_38,0.110782644468184,36975,4.56791992813503,Sample_100_GSE162228
LP_SGL,Neutral,Neg_ctrl_Sample_39,0.146295143604434,36975,4.56791992813503,Sample_100_GSE162228
LP_SGL,Neutral,Neg_ctrl_Sample_40,0.0612113525105528,36975,4.56791992813503,Sample_100_GSE162228
LP_SGL,Neutral,Neg_ctrl_Sample_41,0.071483792887535,36975,4.56791992813503,Sample_100_GSE162228
LP_SGL,Neutral,Neg_ctrl_Sample_42,0.0552756008134135,36975,4.56791992813503,Sample_100_GSE162228
LP_SGL,Neutral,Neg_ctrl_Sample_43,0.060922019695445,36975,4.56791992813503,Sample_100_GSE162228
LP_SGL,Neutral,Neg_ctrl_Sample_44,-0.126767745710105,36975,4.56791992813503,Sample_100_GSE162228
LP_SGL,Neutral,Neg_ctrl_Sample_45,0.065029964712781,36975,4.56791992813503,Sample_100_GSE162228
LP_SGL,Neutral,Neg_ctrl_Sample_46,0.291014495622428,36975,4.56791992813503,Sample_100_GSE162228
LP_SGL,Neutral,Neg_ctrl_Sample_47,0.207904909919341,36975,4.56791992813503,Sample_100_GSE162228
LP_SGL,Neutral,Neg_ctrl_Sample_48,0.254967901707718,36975,4.56791992813503,Sample_100_GSE162228
LP_SGL,Neutral,Neg_ctrl_Sample_49,0.258769797546537,36975,4.56791992813503,Sample_100_GSE162228
LP_SGL,Neutral,Neg_ctrl_Sample_50,0.118534241795611,36975,4.56791992813503,Sample_100_GSE162228
LP_SGL,Neutral,Neg_ctrl_Sample_51,-0.0987252161730347,36975,4.56791992813503,Sample_100_GSE162228
LP_SGL,Neutral,Neg_ctrl_Sample_52,-0.0127716392361766,36975,4.56791992813503,Sample_100_GSE162228
LP_SGL,Neutral,Neg_ctrl_Sample_53,-0.0373481023121155,36975,4.56791992813503,Sample_100_GSE162228
LP_SGL,Neutral,Neg_ctrl_Sample_54,0.157537463922377,36975,4.56791992813503,Sample_100_GSE162228
LP_SGL,Neutral,Neg_ctrl_Sample_55,0.0997894072713179,36975,4.56791992813503,Sample_100_GSE162228
LP_SGL,Neutral,Neg_ctrl_Sample_56,0.0424173084953567,36975,4.56791992813503,Sample_100_GSE162228
LP_SGL,Neutral,Neg_ctrl_Sample_57,0.0440990650026719,36975,4.56791992813503,Sample_100_GSE162228
LP_SGL,Neutral,Neg_ctrl_Sample_58,-0.0105405531210617,36975,4.56791992813503,Sample_100_GSE162228
LP_SGL,Neutral,Neg_ctrl_Sample_59,0.136098774153804,36975,4.56791992813503,Sample_100_GSE162228
LP_SGL,Neutral,Neg_ctrl_Sample_60,-0.0261969706108589,36975,4.56791992813503,Sample_100_GSE162228
LP_SGL,Neutral,Neg_ctrl_Sample_61,0.0902792123746921,36975,4.56791992813503,Sample_100_GSE162228
LP_SGL,Neutral,Neg_ctrl_Sample_62,0.155643365392705,36975,4.56791992813503,Sample_100_GSE162228
LP_SGL,Neutral,Neg_ctrl_Sample_63,0.155101733417293,36975,4.56791992813503,Sample_100_GSE162228
LP_SGL,Neutral,Neg_ctrl_Sample_64,0.0840144029649093,36975,4.56791992813503,Sample_100_GSE162228
LP_SGL,Neutral,Neg_ctrl_Sample_65,-0.18658772927691,36975,4.56791992813503,Sample_100_GSE162228
LP_SGL,Neutral,Neg_ctrl_Sample_66,0.0637771895351959,36975,4.56791992813503,Sample_100_GSE162228
LP_SGL,Neutral,Neg_ctrl_Sample_67,0.126878984361219,36975,4.56791992813503,Sample_100_GSE162228
LP_SGL,Neutral,Neg_ctrl_Sample_68,-0.0236508415255953,36975,4.56791992813503,Sample_100_GSE162228
LP_SGL,Neutral,Neg_ctrl_Sample_69,0.0588167256110486,36975,4.56791992813503,Sample_100_GSE162228
LP_SGL,Neutral,Neg_ctrl_Sample_70,0.0504422793064575,36975,4.56791992813503,Sample_100_GSE162228
LP_SGL,Neutral,Neg_ctrl_Sample_71,0.320945244658269,36975,4.56791992813503,Sample_100_GSE162228
LP_SGL,Neutral,Neg_ctrl_Sample_72,0.126226019567093,36975,4.56791992813503,Sample_100_GSE162228
LP_SGL,Neutral,Neg_ctrl_Sample_73,-0.123735510209745,36975,4.56791992813503,Sample_100_GSE162228
LP_SGL,Neutral,Neg_ctrl_Sample_74,0.137654596524601,36975,4.56791992813503,Sample_100_GSE162228
LP_SGL,Neutral,Neg_ctrl_Sample_75,-0.130619620413104,36975,4.56791992813503,Sample_100_GSE162228
LP_SGL,Neutral,Neg_ctrl_Sample_76,-0.121917334685811,36975,4.56791992813503,Sample_100_GSE162228
LP_SGL,Neutral,Neg_ctrl_Sample_77,-0.0403093662282002,36975,4.56791992813503,Sample_100_GSE162228
LP_SGL,Neutral,Neg_ctrl_Sample_78,-0.0291746311728425,36975,4.56791992813503,Sample_100_GSE162228
LP_SGL,Neutral,Neg_ctrl_Sample_79,-0.0598941354633502,36975,4.56791992813503,Sample_100_GSE162228
LP_SGL,Neutral,Neg_ctrl_Sample_80,-0.00596061652160334,36975,4.56791992813503,Sample_100_GSE162228
LP_SGL,Neutral,Neg_ctrl_Sample_81,0.0285820097481209,36975,4.56791992813503,Sample_100_GSE162228
LP_SGL,Neutral,Neg_ctrl_Sample_82,0.0582953239237971,36975,4.56791992813503,Sample_100_GSE162228
LP_SGL,Neutral,Neg_ctrl_Sample_83,0.0151042135325073,36975,4.56791992813503,Sample_100_GSE162228
LP_SGL,Neutral,Neg_ctrl_Sample_84,-0.204939184869283,36975,4.56791992813503,Sample_100_GSE162228
LP_SGL,Neutral,Neg_ctrl_Sample_85,-0.146545181855364,36975,4.56791992813503,Sample_100_GSE162228
LP_SGL,Neutral,Neg_ctrl_Sample_86,0.0403757498127051,36975,4.56791992813503,Sample_100_GSE162228
LP_SGL,Neutral,Neg_ctrl_Sample_87,-0.0271682363142302,36975,4.56791992813503,Sample_100_GSE162228
LP_SGL,Neutral,Neg_ctrl_Sample_88,0.150342243075365,36975,4.56791992813503,Sample_100_GSE162228
LP_SGL,Neutral,Neg_ctrl_Sample_89,0.0873183307383035,36975,4.56791992813503,Sample_100_GSE162228
LP_SGL,Neutral,Neg_ctrl_Sample_90,0.0539265814077264,36975,4.56791992813503,Sample_100_GSE162228
LP_SGL,Neutral,Neg_ctrl_Sample_91,-0.143740895331284,36975,4.56791992813503,Sample_100_GSE162228
LP_SGL,Neutral,Neg_ctrl_Sample_92,0.0136463201974258,36975,4.56791992813503,Sample_100_GSE162228
LP_SGL,Neutral,Neg_ctrl_Sample_93,0.0039774905706021,36975,4.56791992813503,Sample_100_GSE162228
LP_SGL,Neutral,Neg_ctrl_Sample_94,0.175232590069183,36975,4.56791992813503,Sample_100_GSE162228
LP_SGL,Neutral,Neg_ctrl_Sample_95,-0.139326887655525,36975,4.56791992813503,Sample_100_GSE162228
LP_SGL,Neutral,Neg_ctrl_Sample_96,0.154448181545269,36975,4.56791992813503,Sample_100_GSE162228
LP_SGL,Neutral,Neg_ctrl_Sample_97,-0.093525902445647,36975,4.56791992813503,Sample_100_GSE162228
LP_SGL,Neutral,Neg_ctrl_Sample_98,-0.13423666809932,36975,4.56791992813503,Sample_100_GSE162228
LP_SGL,Neutral,Neg_ctrl_Sample_99,-0.174778585892462,36975,4.56791992813503,Sample_100_GSE162228
LP_SGL,Neutral,Neg_ctrl_Sample_100,0.023330572737518,36975,4.56791992813503,Sample_100_GSE162228
LP_SGL,Positive,Neg_ctrl_Sample_1,-0.00397212999465934,7703,3.88671627411648,Sample_100_GSE162228
LP_SGL,Positive,Neg_ctrl_Sample_2,0.00465552699587845,7703,3.88671627411648,Sample_100_GSE162228
LP_SGL,Positive,Neg_ctrl_Sample_3,0.0103458769782839,7703,3.88671627411648,Sample_100_GSE162228
LP_SGL,Positive,Neg_ctrl_Sample_4,-0.206657525774197,7703,3.88671627411648,Sample_100_GSE162228
LP_SGL,Positive,Neg_ctrl_Sample_5,-0.0774704820904126,7703,3.88671627411648,Sample_100_GSE162228
LP_SGL,Positive,Neg_ctrl_Sample_6,-0.0473758223777271,7703,3.88671627411648,Sample_100_GSE162228
LP_SGL,Positive,Neg_ctrl_Sample_7,0.00115687747603314,7703,3.88671627411648,Sample_100_GSE162228
LP_SGL,Positive,Neg_ctrl_Sample_8,-0.115881555262516,7703,3.88671627411648,Sample_100_GSE162228
LP_SGL,Positive,Neg_ctrl_Sample_9,0.0583595893490686,7703,3.88671627411648,Sample_100_GSE162228
LP_SGL,Positive,Neg_ctrl_Sample_10,0.0286184649174765,7703,3.88671627411648,Sample_100_GSE162228
LP_SGL,Positive,Neg_ctrl_Sample_11,0.136938778396977,7703,3.88671627411648,Sample_100_GSE162228
LP_SGL,Positive,Neg_ctrl_Sample_12,0.077618467363771,7703,3.88671627411648,Sample_100_GSE162228
LP_SGL,Positive,Neg_ctrl_Sample_13,-0.244491622626977,7703,3.88671627411648,Sample_100_GSE162228
LP_SGL,Positive,Neg_ctrl_Sample_14,0.232408027280299,7703,3.88671627411648,Sample_100_GSE162228
LP_SGL,Positive,Neg_ctrl_Sample_15,0.0352686201825281,7703,3.88671627411648,Sample_100_GSE162228
LP_SGL,Positive,Neg_ctrl_Sample_16,-0.141238481306434,7703,3.88671627411648,Sample_100_GSE162228
LP_SGL,Positive,Neg_ctrl_Sample_17,0.099231695687747,7703,3.88671627411648,Sample_100_GSE162228
LP_SGL,Positive,Neg_ctrl_Sample_18,0.0466060258833405,7703,3.88671627411648,Sample_100_GSE162228
LP_SGL,Positive,Neg_ctrl_Sample_19,0.132388898896352,7703,3.88671627411648,Sample_100_GSE162228
LP_SGL,Positive,Neg_ctrl_Sample_20,0.318088780118582,7703,3.88671627411648,Sample_100_GSE162228
LP_SGL,Positive,Neg_ctrl_Sample_21,-0.0980905616255515,7703,3.88671627411648,Sample_100_GSE162228
LP_SGL,Positive,Neg_ctrl_Sample_22,0.05473833984876,7703,3.88671627411648,Sample_100_GSE162228
LP_SGL,Positive,Neg_ctrl_Sample_23,0.175507847049839,7703,3.88671627411648,Sample_100_GSE162228
LP_SGL,Positive,Neg_ctrl_Sample_24,0.0138820894379866,7703,3.88671627411648,Sample_100_GSE162228
LP_SGL,Positive,Neg_ctrl_Sample_25,0.0954193515152495,7703,3.88671627411648,Sample_100_GSE162228
LP_SGL,Positive,Neg_ctrl_Sample_26,0.0492832913067177,7703,3.88671627411648,Sample_100_GSE162228
LP_SGL,Positive,Neg_ctrl_Sample_27,-0.0915684250221837,7703,3.88671627411648,Sample_100_GSE162228
LP_SGL,Positive,Neg_ctrl_Sample_28,0.24746145841422,7703,3.88671627411648,Sample_100_GSE162228
LP_SGL,Positive,Neg_ctrl_Sample_29,-0.0795438365258737,7703,3.88671627411648,Sample_100_GSE162228
LP_SGL,Positive,Neg_ctrl_Sample_30,0.13942609863818,7703,3.88671627411648,Sample_100_GSE162228
LP_SGL,Positive,Neg_ctrl_Sample_31,0.178087037911336,7703,3.88671627411648,Sample_100_GSE162228
LP_SGL,Positive,Neg_ctrl_Sample_32,0.0283155832715767,7703,3.88671627411648,Sample_100_GSE162228
LP_SGL,Positive,Neg_ctrl_Sample_33,0.0635858242918845,7703,3.88671627411648,Sample_100_GSE162228
LP_SGL,Positive,Neg_ctrl_Sample_34,0.182510401887304,7703,3.88671627411648,Sample_100_GSE162228
LP_SGL,Positive,Neg_ctrl_Sample_35,0.0125631707510263,7703,3.88671627411648,Sample_100_GSE162228
LP_SGL,Positive,Neg_ctrl_Sample_36,-0.147614853390866,7703,3.88671627411648,Sample_100_GSE162228
LP_SGL,Positive,Neg_ctrl_Sample_37,0.0434796260869656,7703,3.88671627411648,Sample_100_GSE162228
LP_SGL,Positive,Neg_ctrl_Sample_38,0.100591029990745,7703,3.88671627411648,Sample_100_GSE162228
LP_SGL,Positive,Neg_ctrl_Sample_39,0.140725961565944,7703,3.88671627411648,Sample_100_GSE162228
LP_SGL,Positive,Neg_ctrl_Sample_40,0.0640526457267553,7703,3.88671627411648,Sample_100_GSE162228
LP_SGL,Positive,Neg_ctrl_Sample_41,0.0655397513821748,7703,3.88671627411648,Sample_100_GSE162228
LP_SGL,Positive,Neg_ctrl_Sample_42,0.051465222881805,7703,3.88671627411648,Sample_100_GSE162228
LP_SGL,Positive,Neg_ctrl_Sample_43,0.0589669199070561,7703,3.88671627411648,Sample_100_GSE162228
LP_SGL,Positive,Neg_ctrl_Sample_44,-0.108108884959666,7703,3.88671627411648,Sample_100_GSE162228
LP_SGL,Positive,Neg_ctrl_Sample_45,0.0706270478235872,7703,3.88671627411648,Sample_100_GSE162228
LP_SGL,Positive,Neg_ctrl_Sample_46,0.293089705600104,7703,3.88671627411648,Sample_100_GSE162228
LP_SGL,Positive,Neg_ctrl_Sample_47,0.215330772035018,7703,3.88671627411648,Sample_100_GSE162228
LP_SGL,Positive,Neg_ctrl_Sample_48,0.254951975463041,7703,3.88671627411648,Sample_100_GSE162228
LP_SGL,Positive,Neg_ctrl_Sample_49,0.266944706878163,7703,3.88671627411648,Sample_100_GSE162228
LP_SGL,Positive,Neg_ctrl_Sample_50,0.121942789999316,7703,3.88671627411648,Sample_100_GSE162228
LP_SGL,Positive,Neg_ctrl_Sample_51,-0.107545531714806,7703,3.88671627411648,Sample_100_GSE162228
LP_SGL,Positive,Neg_ctrl_Sample_52,-0.0124867132650526,7703,3.88671627411648,Sample_100_GSE162228
LP_SGL,Positive,Neg_ctrl_Sample_53,-0.0317439895749006,7703,3.88671627411648,Sample_100_GSE162228
LP_SGL,Positive,Neg_ctrl_Sample_54,0.159603066902483,7703,3.88671627411648,Sample_100_GSE162228
LP_SGL,Positive,Neg_ctrl_Sample_55,0.0937555400093806,7703,3.88671627411648,Sample_100_GSE162228
LP_SGL,Positive,Neg_ctrl_Sample_56,0.0461640661293839,7703,3.88671627411648,Sample_100_GSE162228
LP_SGL,Positive,Neg_ctrl_Sample_57,0.0375204626060515,7703,3.88671627411648,Sample_100_GSE162228
LP_SGL,Positive,Neg_ctrl_Sample_58,-0.00915220542771093,7703,3.88671627411648,Sample_100_GSE162228
LP_SGL,Positive,Neg_ctrl_Sample_59,0.131867202899415,7703,3.88671627411648,Sample_100_GSE162228
LP_SGL,Positive,Neg_ctrl_Sample_60,-0.0296459128907133,7703,3.88671627411648,Sample_100_GSE162228
LP_SGL,Positive,Neg_ctrl_Sample_61,0.0848135733892528,7703,3.88671627411648,Sample_100_GSE162228
LP_SGL,Positive,Neg_ctrl_Sample_62,0.155412869496484,7703,3.88671627411648,Sample_100_GSE162228
LP_SGL,Positive,Neg_ctrl_Sample_63,0.170966777185025,7703,3.88671627411648,Sample_100_GSE162228
LP_SGL,Positive,Neg_ctrl_Sample_64,0.0903864381688781,7703,3.88671627411648,Sample_100_GSE162228
LP_SGL,Positive,Neg_ctrl_Sample_65,-0.187866739571359,7703,3.88671627411648,Sample_100_GSE162228
LP_SGL,Positive,Neg_ctrl_Sample_66,0.0733285498972257,7703,3.88671627411648,Sample_100_GSE162228
LP_SGL,Positive,Neg_ctrl_Sample_67,0.143561033527825,7703,3.88671627411648,Sample_100_GSE162228
LP_SGL,Positive,Neg_ctrl_Sample_68,-0.0229418039471377,7703,3.88671627411648,Sample_100_GSE162228
LP_SGL,Positive,Neg_ctrl_Sample_69,0.0707357068084528,7703,3.88671627411648,Sample_100_GSE162228
LP_SGL,Positive,Neg_ctrl_Sample_70,0.0519733909178364,7703,3.88671627411648,Sample_100_GSE162228
LP_SGL,Positive,Neg_ctrl_Sample_71,0.336814945953744,7703,3.88671627411648,Sample_100_GSE162228
LP_SGL,Positive,Neg_ctrl_Sample_72,0.12248584672633,7703,3.88671627411648,Sample_100_GSE162228
LP_SGL,Positive,Neg_ctrl_Sample_73,-0.123645282046671,7703,3.88671627411648,Sample_100_GSE162228
LP_SGL,Positive,Neg_ctrl_Sample_74,0.132257440827316,7703,3.88671627411648,Sample_100_GSE162228
LP_SGL,Positive,Neg_ctrl_Sample_75,-0.124442671840877,7703,3.88671627411648,Sample_100_GSE162228
LP_SGL,Positive,Neg_ctrl_Sample_76,-0.121002389708086,7703,3.88671627411648,Sample_100_GSE162228
LP_SGL,Positive,Neg_ctrl_Sample_77,-0.0467274342725217,7703,3.88671627411648,Sample_100_GSE162228
LP_SGL,Positive,Neg_ctrl_Sample_78,-0.0375919642717153,7703,3.88671627411648,Sample_100_GSE162228
LP_SGL,Positive,Neg_ctrl_Sample_79,-0.0656336953080584,7703,3.88671627411648,Sample_100_GSE162228
LP_SGL,Positive,Neg_ctrl_Sample_80,-0.0206880588680363,7703,3.88671627411648,Sample_100_GSE162228
LP_SGL,Positive,Neg_ctrl_Sample_81,0.0174086093317939,7703,3.88671627411648,Sample_100_GSE162228
LP_SGL,Positive,Neg_ctrl_Sample_82,0.0546696890724845,7703,3.88671627411648,Sample_100_GSE162228
LP_SGL,Positive,Neg_ctrl_Sample_83,0.023289753310733,7703,3.88671627411648,Sample_100_GSE162228
LP_SGL,Positive,Neg_ctrl_Sample_84,-0.204728483078722,7703,3.88671627411648,Sample_100_GSE162228
LP_SGL,Positive,Neg_ctrl_Sample_85,-0.141358848372335,7703,3.88671627411648,Sample_100_GSE162228
LP_SGL,Positive,Neg_ctrl_Sample_86,0.0420089698165318,7703,3.88671627411648,Sample_100_GSE162228
LP_SGL,Positive,Neg_ctrl_Sample_87,-0.0205440865578906,7703,3.88671627411648,Sample_100_GSE162228
LP_SGL,Positive,Neg_ctrl_Sample_88,0.146499823411596,7703,3.88671627411648,Sample_100_GSE162228
LP_SGL,Positive,Neg_ctrl_Sample_89,0.0795591637045249,7703,3.88671627411648,Sample_100_GSE162228
LP_SGL,Positive,Neg_ctrl_Sample_90,0.0640651508754388,7703,3.88671627411648,Sample_100_GSE162228
LP_SGL,Positive,Neg_ctrl_Sample_91,-0.139474324974236,7703,3.88671627411648,Sample_100_GSE162228
LP_SGL,Positive,Neg_ctrl_Sample_92,-0.00228757678440085,7703,3.88671627411648,Sample_100_GSE162228
LP_SGL,Positive,Neg_ctrl_Sample_93,0.00284030383612893,7703,3.88671627411648,Sample_100_GSE162228
LP_SGL,Positive,Neg_ctrl_Sample_94,0.171454353999025,7703,3.88671627411648,Sample_100_GSE162228
LP_SGL,Positive,Neg_ctrl_Sample_95,-0.142699106088461,7703,3.88671627411648,Sample_100_GSE162228
LP_SGL,Positive,Neg_ctrl_Sample_96,0.16143456119903,7703,3.88671627411648,Sample_100_GSE162228
LP_SGL,Positive,Neg_ctrl_Sample_97,-0.0919709646695892,7703,3.88671627411648,Sample_100_GSE162228
LP_SGL,Positive,Neg_ctrl_Sample_98,-0.136584559935439,7703,3.88671627411648,Sample_100_GSE162228
LP_SGL,Positive,Neg_ctrl_Sample_99,-0.167227008745511,7703,3.88671627411648,Sample_100_GSE162228
LP_SGL,Positive,Neg_ctrl_Sample_100,0.0186307647784105,7703,3.88671627411648,Sample_100_GSE162228
