meta_column,label_value,score_group,mean_score,count,log_count,sample
scissor,Negative,Neg_ctrl_Sample_1,0.112441137692961,832,2.92064500140679,Sample_100_GSE39420
scissor,Negative,Neg_ctrl_Sample_2,0.0958135084363135,832,2.92064500140679,Sample_100_GSE39420
scissor,Negative,Neg_ctrl_Sample_3,0.195029218336324,832,2.92064500140679,Sample_100_GSE39420
scissor,Negative,Neg_ctrl_Sample_4,0.00271708091461857,832,2.92064500140679,Sample_100_GSE39420
scissor,Negative,Neg_ctrl_Sample_5,0.0344821655147682,832,2.92064500140679,Sample_100_GSE39420
scissor,Negative,Neg_ctrl_Sample_6,0.0119665105574662,832,2.92064500140679,Sample_100_GSE39420
scissor,Negative,Neg_ctrl_Sample_7,-0.062853380912476,832,2.92064500140679,Sample_100_GSE39420
scissor,Negative,Neg_ctrl_Sample_8,-0.0393184670046437,832,2.92064500140679,Sample_100_GSE39420
scissor,Negative,Neg_ctrl_Sample_9,-0.0969096046718855,832,2.92064500140679,Sample_100_GSE39420
scissor,Negative,Neg_ctrl_Sample_10,0.0287467172318099,832,2.92064500140679,Sample_100_GSE39420
scissor,Negative,Neg_ctrl_Sample_11,0.0334062083878412,832,2.92064500140679,Sample_100_GSE39420
scissor,Negative,Neg_ctrl_Sample_12,0.083472216090938,832,2.92064500140679,Sample_100_GSE39420
scissor,Negative,Neg_ctrl_Sample_13,0.00285735215428745,832,2.92064500140679,Sample_100_GSE39420
scissor,Negative,Neg_ctrl_Sample_14,0.0743563989488221,832,2.92064500140679,Sample_100_GSE39420
scissor,Negative,Neg_ctrl_Sample_15,0.0138679425260423,832,2.92064500140679,Sample_100_GSE39420
scissor,Negative,Neg_ctrl_Sample_16,-0.101649508761895,832,2.92064500140679,Sample_100_GSE39420
scissor,Negative,Neg_ctrl_Sample_17,0.0119760917412204,832,2.92064500140679,Sample_100_GSE39420
scissor,Negative,Neg_ctrl_Sample_18,-0.0824418180537818,832,2.92064500140679,Sample_100_GSE39420
scissor,Negative,Neg_ctrl_Sample_19,-0.123822601524759,832,2.92064500140679,Sample_100_GSE39420
scissor,Negative,Neg_ctrl_Sample_20,-0.0292481794085979,832,2.92064500140679,Sample_100_GSE39420
scissor,Negative,Neg_ctrl_Sample_21,-0.167862875833272,832,2.92064500140679,Sample_100_GSE39420
scissor,Negative,Neg_ctrl_Sample_22,-0.0333413175883408,832,2.92064500140679,Sample_100_GSE39420
scissor,Negative,Neg_ctrl_Sample_23,0.0666387389450485,832,2.92064500140679,Sample_100_GSE39420
scissor,Negative,Neg_ctrl_Sample_24,-0.0629336288335114,832,2.92064500140679,Sample_100_GSE39420
scissor,Negative,Neg_ctrl_Sample_25,-0.0375387066411977,832,2.92064500140679,Sample_100_GSE39420
scissor,Negative,Neg_ctrl_Sample_26,-0.122508825225771,832,2.92064500140679,Sample_100_GSE39420
scissor,Negative,Neg_ctrl_Sample_27,0.240877102275279,832,2.92064500140679,Sample_100_GSE39420
scissor,Negative,Neg_ctrl_Sample_28,-0.00665564908704754,832,2.92064500140679,Sample_100_GSE39420
scissor,Negative,Neg_ctrl_Sample_29,0.0772724746496467,832,2.92064500140679,Sample_100_GSE39420
scissor,Negative,Neg_ctrl_Sample_30,0.0538040826902786,832,2.92064500140679,Sample_100_GSE39420
scissor,Negative,Neg_ctrl_Sample_31,0.0229508571395793,832,2.92064500140679,Sample_100_GSE39420
scissor,Negative,Neg_ctrl_Sample_32,-0.113952624499503,832,2.92064500140679,Sample_100_GSE39420
scissor,Negative,Neg_ctrl_Sample_33,0.0157151862752265,832,2.92064500140679,Sample_100_GSE39420
scissor,Negative,Neg_ctrl_Sample_34,0.157041722550181,832,2.92064500140679,Sample_100_GSE39420
scissor,Negative,Neg_ctrl_Sample_35,0.0228483950975708,832,2.92064500140679,Sample_100_GSE39420
scissor,Negative,Neg_ctrl_Sample_36,-0.0394861330270544,832,2.92064500140679,Sample_100_GSE39420
scissor,Negative,Neg_ctrl_Sample_37,0.160155512505534,832,2.92064500140679,Sample_100_GSE39420
scissor,Negative,Neg_ctrl_Sample_38,0.119685742816551,832,2.92064500140679,Sample_100_GSE39420
scissor,Negative,Neg_ctrl_Sample_39,-0.00747308838607014,832,2.92064500140679,Sample_100_GSE39420
scissor,Negative,Neg_ctrl_Sample_40,-0.159250978862711,832,2.92064500140679,Sample_100_GSE39420
scissor,Negative,Neg_ctrl_Sample_41,-0.034565046951425,832,2.92064500140679,Sample_100_GSE39420
scissor,Negative,Neg_ctrl_Sample_42,0.146479843150008,832,2.92064500140679,Sample_100_GSE39420
scissor,Negative,Neg_ctrl_Sample_43,0.24497813968309,832,2.92064500140679,Sample_100_GSE39420
scissor,Negative,Neg_ctrl_Sample_44,0.055271898119444,832,2.92064500140679,Sample_100_GSE39420
scissor,Negative,Neg_ctrl_Sample_45,0.0536754682830714,832,2.92064500140679,Sample_100_GSE39420
scissor,Negative,Neg_ctrl_Sample_46,0.131345309124726,832,2.92064500140679,Sample_100_GSE39420
scissor,Negative,Neg_ctrl_Sample_47,0.135107096553098,832,2.92064500140679,Sample_100_GSE39420
scissor,Negative,Neg_ctrl_Sample_48,0.0459425397397429,832,2.92064500140679,Sample_100_GSE39420
scissor,Negative,Neg_ctrl_Sample_49,0.0403214403103801,832,2.92064500140679,Sample_100_GSE39420
scissor,Negative,Neg_ctrl_Sample_50,-0.00614019727854569,832,2.92064500140679,Sample_100_GSE39420
scissor,Negative,Neg_ctrl_Sample_51,-0.02456507383917,832,2.92064500140679,Sample_100_GSE39420
scissor,Negative,Neg_ctrl_Sample_52,0.22420063715111,832,2.92064500140679,Sample_100_GSE39420
scissor,Negative,Neg_ctrl_Sample_53,-0.168459551087324,832,2.92064500140679,Sample_100_GSE39420
scissor,Negative,Neg_ctrl_Sample_54,0.0274558350522685,832,2.92064500140679,Sample_100_GSE39420
scissor,Negative,Neg_ctrl_Sample_55,0.163982958397201,832,2.92064500140679,Sample_100_GSE39420
scissor,Negative,Neg_ctrl_Sample_56,0.0194621326422538,832,2.92064500140679,Sample_100_GSE39420
scissor,Negative,Neg_ctrl_Sample_57,0.129180542852589,832,2.92064500140679,Sample_100_GSE39420
scissor,Negative,Neg_ctrl_Sample_58,0.0238884626271979,832,2.92064500140679,Sample_100_GSE39420
scissor,Negative,Neg_ctrl_Sample_59,-0.0217971772743748,832,2.92064500140679,Sample_100_GSE39420
scissor,Negative,Neg_ctrl_Sample_60,-0.0834116046749903,832,2.92064500140679,Sample_100_GSE39420
scissor,Negative,Neg_ctrl_Sample_61,-0.0929607005353941,832,2.92064500140679,Sample_100_GSE39420
scissor,Negative,Neg_ctrl_Sample_62,-0.0861801007465671,832,2.92064500140679,Sample_100_GSE39420
scissor,Negative,Neg_ctrl_Sample_63,-0.061298136023815,832,2.92064500140679,Sample_100_GSE39420
scissor,Negative,Neg_ctrl_Sample_64,0.0420986455651201,832,2.92064500140679,Sample_100_GSE39420
scissor,Negative,Neg_ctrl_Sample_65,0.0360299274209642,832,2.92064500140679,Sample_100_GSE39420
scissor,Negative,Neg_ctrl_Sample_66,-0.168756527432582,832,2.92064500140679,Sample_100_GSE39420
scissor,Negative,Neg_ctrl_Sample_67,-0.119587801487408,832,2.92064500140679,Sample_100_GSE39420
scissor,Negative,Neg_ctrl_Sample_68,-0.122723181770396,832,2.92064500140679,Sample_100_GSE39420
scissor,Negative,Neg_ctrl_Sample_69,0.0656600228943345,832,2.92064500140679,Sample_100_GSE39420
scissor,Negative,Neg_ctrl_Sample_70,-0.161131826926942,832,2.92064500140679,Sample_100_GSE39420
scissor,Negative,Neg_ctrl_Sample_71,-0.0550575648433883,832,2.92064500140679,Sample_100_GSE39420
scissor,Negative,Neg_ctrl_Sample_72,-0.0777795431700981,832,2.92064500140679,Sample_100_GSE39420
scissor,Negative,Neg_ctrl_Sample_73,0.0538275458906669,832,2.92064500140679,Sample_100_GSE39420
scissor,Negative,Neg_ctrl_Sample_74,0.052973994258799,832,2.92064500140679,Sample_100_GSE39420
scissor,Negative,Neg_ctrl_Sample_75,0.0556655769501815,832,2.92064500140679,Sample_100_GSE39420
scissor,Negative,Neg_ctrl_Sample_76,0.108531936326623,832,2.92064500140679,Sample_100_GSE39420
scissor,Negative,Neg_ctrl_Sample_77,-0.11523795052967,832,2.92064500140679,Sample_100_GSE39420
scissor,Negative,Neg_ctrl_Sample_78,0.0544708529298088,832,2.92064500140679,Sample_100_GSE39420
scissor,Negative,Neg_ctrl_Sample_79,0.214836072102256,832,2.92064500140679,Sample_100_GSE39420
scissor,Negative,Neg_ctrl_Sample_80,-0.0533776785356211,832,2.92064500140679,Sample_100_GSE39420
scissor,Negative,Neg_ctrl_Sample_81,-0.246771511986049,832,2.92064500140679,Sample_100_GSE39420
scissor,Negative,Neg_ctrl_Sample_82,0.00331686856877474,832,2.92064500140679,Sample_100_GSE39420
scissor,Negative,Neg_ctrl_Sample_83,0.0917428348803107,832,2.92064500140679,Sample_100_GSE39420
scissor,Negative,Neg_ctrl_Sample_84,0.121876263195726,832,2.92064500140679,Sample_100_GSE39420
scissor,Negative,Neg_ctrl_Sample_85,-0.152943724146311,832,2.92064500140679,Sample_100_GSE39420
scissor,Negative,Neg_ctrl_Sample_86,-0.119714480518348,832,2.92064500140679,Sample_100_GSE39420
scissor,Negative,Neg_ctrl_Sample_87,0.0589304049274101,832,2.92064500140679,Sample_100_GSE39420
scissor,Negative,Neg_ctrl_Sample_88,-0.0941144148499446,832,2.92064500140679,Sample_100_GSE39420
scissor,Negative,Neg_ctrl_Sample_89,0.0311246111732393,832,2.92064500140679,Sample_100_GSE39420
scissor,Negative,Neg_ctrl_Sample_90,-0.0914951732057783,832,2.92064500140679,Sample_100_GSE39420
scissor,Negative,Neg_ctrl_Sample_91,0.0185587321249669,832,2.92064500140679,Sample_100_GSE39420
scissor,Negative,Neg_ctrl_Sample_92,0.315373848309208,832,2.92064500140679,Sample_100_GSE39420
scissor,Negative,Neg_ctrl_Sample_93,0.0477493471959866,832,2.92064500140679,Sample_100_GSE39420
scissor,Negative,Neg_ctrl_Sample_94,0.135917584248594,832,2.92064500140679,Sample_100_GSE39420
scissor,Negative,Neg_ctrl_Sample_95,0.0252241759475747,832,2.92064500140679,Sample_100_GSE39420
scissor,Negative,Neg_ctrl_Sample_96,-0.0906357106683448,832,2.92064500140679,Sample_100_GSE39420
scissor,Negative,Neg_ctrl_Sample_97,-0.0324836091929139,832,2.92064500140679,Sample_100_GSE39420
scissor,Negative,Neg_ctrl_Sample_98,0.131527078633393,832,2.92064500140679,Sample_100_GSE39420
scissor,Negative,Neg_ctrl_Sample_99,-0.0632763096490518,832,2.92064500140679,Sample_100_GSE39420
scissor,Negative,Neg_ctrl_Sample_100,0.0714900113368903,832,2.92064500140679,Sample_100_GSE39420
scissor,Neutral,Neg_ctrl_Sample_1,0.103957010812065,11586,4.06397100696476,Sample_100_GSE39420
scissor,Neutral,Neg_ctrl_Sample_2,0.0819991609417284,11586,4.06397100696476,Sample_100_GSE39420
scissor,Neutral,Neg_ctrl_Sample_3,0.184662910591449,11586,4.06397100696476,Sample_100_GSE39420
scissor,Neutral,Neg_ctrl_Sample_4,-0.00186913524709332,11586,4.06397100696476,Sample_100_GSE39420
scissor,Neutral,Neg_ctrl_Sample_5,-0.00548606568393118,11586,4.06397100696476,Sample_100_GSE39420
scissor,Neutral,Neg_ctrl_Sample_6,0.019368904960579,11586,4.06397100696476,Sample_100_GSE39420
scissor,Neutral,Neg_ctrl_Sample_7,-0.0538585380384965,11586,4.06397100696476,Sample_100_GSE39420
scissor,Neutral,Neg_ctrl_Sample_8,-0.0555896635812527,11586,4.06397100696476,Sample_100_GSE39420
scissor,Neutral,Neg_ctrl_Sample_9,-0.107866153470399,11586,4.06397100696476,Sample_100_GSE39420
scissor,Neutral,Neg_ctrl_Sample_10,0.0464832610660146,11586,4.06397100696476,Sample_100_GSE39420
scissor,Neutral,Neg_ctrl_Sample_11,0.0340764459661583,11586,4.06397100696476,Sample_100_GSE39420
scissor,Neutral,Neg_ctrl_Sample_12,0.0742931859344652,11586,4.06397100696476,Sample_100_GSE39420
scissor,Neutral,Neg_ctrl_Sample_13,0.0115453835979781,11586,4.06397100696476,Sample_100_GSE39420
scissor,Neutral,Neg_ctrl_Sample_14,0.0747072033107183,11586,4.06397100696476,Sample_100_GSE39420
scissor,Neutral,Neg_ctrl_Sample_15,-0.0209770796455906,11586,4.06397100696476,Sample_100_GSE39420
scissor,Neutral,Neg_ctrl_Sample_16,-0.116026131567486,11586,4.06397100696476,Sample_100_GSE39420
scissor,Neutral,Neg_ctrl_Sample_17,-0.0027571607486009,11586,4.06397100696476,Sample_100_GSE39420
scissor,Neutral,Neg_ctrl_Sample_18,-0.0777562004879338,11586,4.06397100696476,Sample_100_GSE39420
scissor,Neutral,Neg_ctrl_Sample_19,-0.180968657033619,11586,4.06397100696476,Sample_100_GSE39420
scissor,Neutral,Neg_ctrl_Sample_20,-0.0259168388502432,11586,4.06397100696476,Sample_100_GSE39420
scissor,Neutral,Neg_ctrl_Sample_21,-0.168649718750379,11586,4.06397100696476,Sample_100_GSE39420
scissor,Neutral,Neg_ctrl_Sample_22,-0.0318107766019989,11586,4.06397100696476,Sample_100_GSE39420
scissor,Neutral,Neg_ctrl_Sample_23,0.0598972432318773,11586,4.06397100696476,Sample_100_GSE39420
scissor,Neutral,Neg_ctrl_Sample_24,-0.0663487480892029,11586,4.06397100696476,Sample_100_GSE39420
scissor,Neutral,Neg_ctrl_Sample_25,-0.0372350650603887,11586,4.06397100696476,Sample_100_GSE39420
scissor,Neutral,Neg_ctrl_Sample_26,-0.121621948716669,11586,4.06397100696476,Sample_100_GSE39420
scissor,Neutral,Neg_ctrl_Sample_27,0.24744029158665,11586,4.06397100696476,Sample_100_GSE39420
scissor,Neutral,Neg_ctrl_Sample_28,-0.00847924759758435,11586,4.06397100696476,Sample_100_GSE39420
scissor,Neutral,Neg_ctrl_Sample_29,0.0721964957252306,11586,4.06397100696476,Sample_100_GSE39420
scissor,Neutral,Neg_ctrl_Sample_30,0.0508348745088436,11586,4.06397100696476,Sample_100_GSE39420
scissor,Neutral,Neg_ctrl_Sample_31,0.0178527387103467,11586,4.06397100696476,Sample_100_GSE39420
scissor,Neutral,Neg_ctrl_Sample_32,-0.109055411042566,11586,4.06397100696476,Sample_100_GSE39420
scissor,Neutral,Neg_ctrl_Sample_33,0.0220743050218775,11586,4.06397100696476,Sample_100_GSE39420
scissor,Neutral,Neg_ctrl_Sample_34,0.149530732523948,11586,4.06397100696476,Sample_100_GSE39420
scissor,Neutral,Neg_ctrl_Sample_35,0.00654653712235211,11586,4.06397100696476,Sample_100_GSE39420
scissor,Neutral,Neg_ctrl_Sample_36,-0.0528842088551325,11586,4.06397100696476,Sample_100_GSE39420
scissor,Neutral,Neg_ctrl_Sample_37,0.184246264101147,11586,4.06397100696476,Sample_100_GSE39420
scissor,Neutral,Neg_ctrl_Sample_38,0.132016668928203,11586,4.06397100696476,Sample_100_GSE39420
scissor,Neutral,Neg_ctrl_Sample_39,-0.0252013383873818,11586,4.06397100696476,Sample_100_GSE39420
scissor,Neutral,Neg_ctrl_Sample_40,-0.177501665400867,11586,4.06397100696476,Sample_100_GSE39420
scissor,Neutral,Neg_ctrl_Sample_41,-0.0447079064679273,11586,4.06397100696476,Sample_100_GSE39420
scissor,Neutral,Neg_ctrl_Sample_42,0.147697177026578,11586,4.06397100696476,Sample_100_GSE39420
scissor,Neutral,Neg_ctrl_Sample_43,0.250120311284708,11586,4.06397100696476,Sample_100_GSE39420
scissor,Neutral,Neg_ctrl_Sample_44,0.0472025449427283,11586,4.06397100696476,Sample_100_GSE39420
scissor,Neutral,Neg_ctrl_Sample_45,0.0119406314411219,11586,4.06397100696476,Sample_100_GSE39420
scissor,Neutral,Neg_ctrl_Sample_46,0.11927050397374,11586,4.06397100696476,Sample_100_GSE39420
scissor,Neutral,Neg_ctrl_Sample_47,0.145871434104482,11586,4.06397100696476,Sample_100_GSE39420
scissor,Neutral,Neg_ctrl_Sample_48,-0.00192130471415557,11586,4.06397100696476,Sample_100_GSE39420
scissor,Neutral,Neg_ctrl_Sample_49,0.0370756831400222,11586,4.06397100696476,Sample_100_GSE39420
scissor,Neutral,Neg_ctrl_Sample_50,-0.0145412117637363,11586,4.06397100696476,Sample_100_GSE39420
scissor,Neutral,Neg_ctrl_Sample_51,-0.0215648266317471,11586,4.06397100696476,Sample_100_GSE39420
scissor,Neutral,Neg_ctrl_Sample_52,0.217986753447623,11586,4.06397100696476,Sample_100_GSE39420
scissor,Neutral,Neg_ctrl_Sample_53,-0.191390166521676,11586,4.06397100696476,Sample_100_GSE39420
scissor,Neutral,Neg_ctrl_Sample_54,-0.00694559630856254,11586,4.06397100696476,Sample_100_GSE39420
scissor,Neutral,Neg_ctrl_Sample_55,0.17475647247034,11586,4.06397100696476,Sample_100_GSE39420
scissor,Neutral,Neg_ctrl_Sample_56,0.0255301419341053,11586,4.06397100696476,Sample_100_GSE39420
scissor,Neutral,Neg_ctrl_Sample_57,0.119432743118888,11586,4.06397100696476,Sample_100_GSE39420
scissor,Neutral,Neg_ctrl_Sample_58,0.0256616124874214,11586,4.06397100696476,Sample_100_GSE39420
scissor,Neutral,Neg_ctrl_Sample_59,-0.0606542273253398,11586,4.06397100696476,Sample_100_GSE39420
scissor,Neutral,Neg_ctrl_Sample_60,-0.0960351778962499,11586,4.06397100696476,Sample_100_GSE39420
scissor,Neutral,Neg_ctrl_Sample_61,-0.100491586336057,11586,4.06397100696476,Sample_100_GSE39420
scissor,Neutral,Neg_ctrl_Sample_62,-0.0900934245117218,11586,4.06397100696476,Sample_100_GSE39420
scissor,Neutral,Neg_ctrl_Sample_63,-0.0748367031093266,11586,4.06397100696476,Sample_100_GSE39420
scissor,Neutral,Neg_ctrl_Sample_64,0.0419656899633186,11586,4.06397100696476,Sample_100_GSE39420
scissor,Neutral,Neg_ctrl_Sample_65,0.042090618488028,11586,4.06397100696476,Sample_100_GSE39420
scissor,Neutral,Neg_ctrl_Sample_66,-0.172636934888611,11586,4.06397100696476,Sample_100_GSE39420
scissor,Neutral,Neg_ctrl_Sample_67,-0.151320271754534,11586,4.06397100696476,Sample_100_GSE39420
scissor,Neutral,Neg_ctrl_Sample_68,-0.14808804044726,11586,4.06397100696476,Sample_100_GSE39420
scissor,Neutral,Neg_ctrl_Sample_69,0.043527566743935,11586,4.06397100696476,Sample_100_GSE39420
scissor,Neutral,Neg_ctrl_Sample_70,-0.189154582943433,11586,4.06397100696476,Sample_100_GSE39420
scissor,Neutral,Neg_ctrl_Sample_71,-0.0584986563258439,11586,4.06397100696476,Sample_100_GSE39420
scissor,Neutral,Neg_ctrl_Sample_72,-0.107207125734955,11586,4.06397100696476,Sample_100_GSE39420
scissor,Neutral,Neg_ctrl_Sample_73,0.0440733516318649,11586,4.06397100696476,Sample_100_GSE39420
scissor,Neutral,Neg_ctrl_Sample_74,0.045303920468102,11586,4.06397100696476,Sample_100_GSE39420
scissor,Neutral,Neg_ctrl_Sample_75,0.0546061978428198,11586,4.06397100696476,Sample_100_GSE39420
scissor,Neutral,Neg_ctrl_Sample_76,0.12276863763426,11586,4.06397100696476,Sample_100_GSE39420
scissor,Neutral,Neg_ctrl_Sample_77,-0.135512922922461,11586,4.06397100696476,Sample_100_GSE39420
scissor,Neutral,Neg_ctrl_Sample_78,0.0662695441767424,11586,4.06397100696476,Sample_100_GSE39420
scissor,Neutral,Neg_ctrl_Sample_79,0.220667637717422,11586,4.06397100696476,Sample_100_GSE39420
scissor,Neutral,Neg_ctrl_Sample_80,-0.0526346008713489,11586,4.06397100696476,Sample_100_GSE39420
scissor,Neutral,Neg_ctrl_Sample_81,-0.247218676757806,11586,4.06397100696476,Sample_100_GSE39420
scissor,Neutral,Neg_ctrl_Sample_82,0.00493844773253623,11586,4.06397100696476,Sample_100_GSE39420
scissor,Neutral,Neg_ctrl_Sample_83,0.0961097878031483,11586,4.06397100696476,Sample_100_GSE39420
scissor,Neutral,Neg_ctrl_Sample_84,0.107371207050639,11586,4.06397100696476,Sample_100_GSE39420
scissor,Neutral,Neg_ctrl_Sample_85,-0.162661978674823,11586,4.06397100696476,Sample_100_GSE39420
scissor,Neutral,Neg_ctrl_Sample_86,-0.129572440818721,11586,4.06397100696476,Sample_100_GSE39420
scissor,Neutral,Neg_ctrl_Sample_87,0.0604552824508585,11586,4.06397100696476,Sample_100_GSE39420
scissor,Neutral,Neg_ctrl_Sample_88,-0.103117908433194,11586,4.06397100696476,Sample_100_GSE39420
scissor,Neutral,Neg_ctrl_Sample_89,0.0356242319501218,11586,4.06397100696476,Sample_100_GSE39420
scissor,Neutral,Neg_ctrl_Sample_90,-0.110640727028915,11586,4.06397100696476,Sample_100_GSE39420
scissor,Neutral,Neg_ctrl_Sample_91,0.0321944537753829,11586,4.06397100696476,Sample_100_GSE39420
scissor,Neutral,Neg_ctrl_Sample_92,0.313071840917404,11586,4.06397100696476,Sample_100_GSE39420
scissor,Neutral,Neg_ctrl_Sample_93,0.0611316127621332,11586,4.06397100696476,Sample_100_GSE39420
scissor,Neutral,Neg_ctrl_Sample_94,0.14185174806581,11586,4.06397100696476,Sample_100_GSE39420
scissor,Neutral,Neg_ctrl_Sample_95,0.0189175243352669,11586,4.06397100696476,Sample_100_GSE39420
scissor,Neutral,Neg_ctrl_Sample_96,-0.101919928281847,11586,4.06397100696476,Sample_100_GSE39420
scissor,Neutral,Neg_ctrl_Sample_97,-0.0315455357496571,11586,4.06397100696476,Sample_100_GSE39420
scissor,Neutral,Neg_ctrl_Sample_98,0.113320921260023,11586,4.06397100696476,Sample_100_GSE39420
scissor,Neutral,Neg_ctrl_Sample_99,-0.0777690849604541,11586,4.06397100696476,Sample_100_GSE39420
scissor,Neutral,Neg_ctrl_Sample_100,0.0627679617629252,11586,4.06397100696476,Sample_100_GSE39420
scissor,Positive,Neg_ctrl_Sample_1,0.0881026708728127,391,2.59328606702046,Sample_100_GSE39420
scissor,Positive,Neg_ctrl_Sample_2,0.0709643787127054,391,2.59328606702046,Sample_100_GSE39420
scissor,Positive,Neg_ctrl_Sample_3,0.184426610108505,391,2.59328606702046,Sample_100_GSE39420
scissor,Positive,Neg_ctrl_Sample_4,-0.0253445276986605,391,2.59328606702046,Sample_100_GSE39420
scissor,Positive,Neg_ctrl_Sample_5,-0.01773945199301,391,2.59328606702046,Sample_100_GSE39420
scissor,Positive,Neg_ctrl_Sample_6,0.0263461854094457,391,2.59328606702046,Sample_100_GSE39420
scissor,Positive,Neg_ctrl_Sample_7,-0.056542419374335,391,2.59328606702046,Sample_100_GSE39420
scissor,Positive,Neg_ctrl_Sample_8,-0.0859881750230664,391,2.59328606702046,Sample_100_GSE39420
scissor,Positive,Neg_ctrl_Sample_9,-0.0991229217776634,391,2.59328606702046,Sample_100_GSE39420
scissor,Positive,Neg_ctrl_Sample_10,0.040763429666259,391,2.59328606702046,Sample_100_GSE39420
scissor,Positive,Neg_ctrl_Sample_11,0.0277882963756107,391,2.59328606702046,Sample_100_GSE39420
scissor,Positive,Neg_ctrl_Sample_12,0.0735375227618064,391,2.59328606702046,Sample_100_GSE39420
scissor,Positive,Neg_ctrl_Sample_13,0.00470873510046987,391,2.59328606702046,Sample_100_GSE39420
scissor,Positive,Neg_ctrl_Sample_14,0.0645369846012326,391,2.59328606702046,Sample_100_GSE39420
scissor,Positive,Neg_ctrl_Sample_15,-0.0209431736342543,391,2.59328606702046,Sample_100_GSE39420
scissor,Positive,Neg_ctrl_Sample_16,-0.0660436623278098,391,2.59328606702046,Sample_100_GSE39420
scissor,Positive,Neg_ctrl_Sample_17,-0.0153357629363861,391,2.59328606702046,Sample_100_GSE39420
scissor,Positive,Neg_ctrl_Sample_18,-0.0726573754921659,391,2.59328606702046,Sample_100_GSE39420
scissor,Positive,Neg_ctrl_Sample_19,-0.178271624409018,391,2.59328606702046,Sample_100_GSE39420
scissor,Positive,Neg_ctrl_Sample_20,0.0170193513292563,391,2.59328606702046,Sample_100_GSE39420
scissor,Positive,Neg_ctrl_Sample_21,-0.112075416758512,391,2.59328606702046,Sample_100_GSE39420
scissor,Positive,Neg_ctrl_Sample_22,-0.0270490769902963,391,2.59328606702046,Sample_100_GSE39420
scissor,Positive,Neg_ctrl_Sample_23,0.0477757649965846,391,2.59328606702046,Sample_100_GSE39420
scissor,Positive,Neg_ctrl_Sample_24,-0.0522238284184656,391,2.59328606702046,Sample_100_GSE39420
scissor,Positive,Neg_ctrl_Sample_25,-0.00665628392026698,391,2.59328606702046,Sample_100_GSE39420
scissor,Positive,Neg_ctrl_Sample_26,-0.0968538907243318,391,2.59328606702046,Sample_100_GSE39420
scissor,Positive,Neg_ctrl_Sample_27,0.238909331144064,391,2.59328606702046,Sample_100_GSE39420
scissor,Positive,Neg_ctrl_Sample_28,-0.00576314590683646,391,2.59328606702046,Sample_100_GSE39420
scissor,Positive,Neg_ctrl_Sample_29,0.0981839067747286,391,2.59328606702046,Sample_100_GSE39420
scissor,Positive,Neg_ctrl_Sample_30,0.0412806321768959,391,2.59328606702046,Sample_100_GSE39420
scissor,Positive,Neg_ctrl_Sample_31,0.0412029956140054,391,2.59328606702046,Sample_100_GSE39420
scissor,Positive,Neg_ctrl_Sample_32,-0.0872499562548286,391,2.59328606702046,Sample_100_GSE39420
scissor,Positive,Neg_ctrl_Sample_33,0.0370026139246788,391,2.59328606702046,Sample_100_GSE39420
scissor,Positive,Neg_ctrl_Sample_34,0.137722637581587,391,2.59328606702046,Sample_100_GSE39420
scissor,Positive,Neg_ctrl_Sample_35,0.00620234767222055,391,2.59328606702046,Sample_100_GSE39420
scissor,Positive,Neg_ctrl_Sample_36,-0.0304564523794665,391,2.59328606702046,Sample_100_GSE39420
scissor,Positive,Neg_ctrl_Sample_37,0.182553127508769,391,2.59328606702046,Sample_100_GSE39420
scissor,Positive,Neg_ctrl_Sample_38,0.145386767385485,391,2.59328606702046,Sample_100_GSE39420
scissor,Positive,Neg_ctrl_Sample_39,-0.0188583506591778,391,2.59328606702046,Sample_100_GSE39420
scissor,Positive,Neg_ctrl_Sample_40,-0.154942212450211,391,2.59328606702046,Sample_100_GSE39420
scissor,Positive,Neg_ctrl_Sample_41,-0.0357402194260364,391,2.59328606702046,Sample_100_GSE39420
scissor,Positive,Neg_ctrl_Sample_42,0.146319632699327,391,2.59328606702046,Sample_100_GSE39420
scissor,Positive,Neg_ctrl_Sample_43,0.232463948272073,391,2.59328606702046,Sample_100_GSE39420
scissor,Positive,Neg_ctrl_Sample_44,0.0556033858812682,391,2.59328606702046,Sample_100_GSE39420
scissor,Positive,Neg_ctrl_Sample_45,0.0546378761740604,391,2.59328606702046,Sample_100_GSE39420
scissor,Positive,Neg_ctrl_Sample_46,0.118194601957578,391,2.59328606702046,Sample_100_GSE39420
scissor,Positive,Neg_ctrl_Sample_47,0.13285363522586,391,2.59328606702046,Sample_100_GSE39420
scissor,Positive,Neg_ctrl_Sample_48,-0.0365415113141042,391,2.59328606702046,Sample_100_GSE39420
scissor,Positive,Neg_ctrl_Sample_49,0.0363543218757387,391,2.59328606702046,Sample_100_GSE39420
scissor,Positive,Neg_ctrl_Sample_50,-0.0124266359136332,391,2.59328606702046,Sample_100_GSE39420
scissor,Positive,Neg_ctrl_Sample_51,0.00418684723839715,391,2.59328606702046,Sample_100_GSE39420
scissor,Positive,Neg_ctrl_Sample_52,0.20006017843187,391,2.59328606702046,Sample_100_GSE39420
scissor,Positive,Neg_ctrl_Sample_53,-0.179968160656269,391,2.59328606702046,Sample_100_GSE39420
scissor,Positive,Neg_ctrl_Sample_54,-0.00405752689384436,391,2.59328606702046,Sample_100_GSE39420
scissor,Positive,Neg_ctrl_Sample_55,0.172130989457991,391,2.59328606702046,Sample_100_GSE39420
scissor,Positive,Neg_ctrl_Sample_56,0.0389506024137453,391,2.59328606702046,Sample_100_GSE39420
scissor,Positive,Neg_ctrl_Sample_57,0.111098151982913,391,2.59328606702046,Sample_100_GSE39420
scissor,Positive,Neg_ctrl_Sample_58,0.025401767170208,391,2.59328606702046,Sample_100_GSE39420
scissor,Positive,Neg_ctrl_Sample_59,-0.0274696166716964,391,2.59328606702046,Sample_100_GSE39420
scissor,Positive,Neg_ctrl_Sample_60,-0.0931350761036089,391,2.59328606702046,Sample_100_GSE39420
scissor,Positive,Neg_ctrl_Sample_61,-0.0890921025628665,391,2.59328606702046,Sample_100_GSE39420
scissor,Positive,Neg_ctrl_Sample_62,-0.0695312210992972,391,2.59328606702046,Sample_100_GSE39420
scissor,Positive,Neg_ctrl_Sample_63,-0.0946553436876807,391,2.59328606702046,Sample_100_GSE39420
scissor,Positive,Neg_ctrl_Sample_64,0.0425637910275477,391,2.59328606702046,Sample_100_GSE39420
scissor,Positive,Neg_ctrl_Sample_65,0.0427600055838671,391,2.59328606702046,Sample_100_GSE39420
scissor,Positive,Neg_ctrl_Sample_66,-0.175241669735046,391,2.59328606702046,Sample_100_GSE39420
scissor,Positive,Neg_ctrl_Sample_67,-0.151930452216868,391,2.59328606702046,Sample_100_GSE39420
scissor,Positive,Neg_ctrl_Sample_68,-0.122542017444634,391,2.59328606702046,Sample_100_GSE39420
scissor,Positive,Neg_ctrl_Sample_69,0.0368821936331303,391,2.59328606702046,Sample_100_GSE39420
scissor,Positive,Neg_ctrl_Sample_70,-0.176806395942176,391,2.59328606702046,Sample_100_GSE39420
scissor,Positive,Neg_ctrl_Sample_71,-0.0624555308855583,391,2.59328606702046,Sample_100_GSE39420
scissor,Positive,Neg_ctrl_Sample_72,-0.108493277114863,391,2.59328606702046,Sample_100_GSE39420
scissor,Positive,Neg_ctrl_Sample_73,0.0309303456428195,391,2.59328606702046,Sample_100_GSE39420
scissor,Positive,Neg_ctrl_Sample_74,0.0612587298386917,391,2.59328606702046,Sample_100_GSE39420
scissor,Positive,Neg_ctrl_Sample_75,0.0613995024846612,391,2.59328606702046,Sample_100_GSE39420
scissor,Positive,Neg_ctrl_Sample_76,0.126942690036615,391,2.59328606702046,Sample_100_GSE39420
scissor,Positive,Neg_ctrl_Sample_77,-0.126205322388835,391,2.59328606702046,Sample_100_GSE39420
scissor,Positive,Neg_ctrl_Sample_78,0.0728562151405347,391,2.59328606702046,Sample_100_GSE39420
scissor,Positive,Neg_ctrl_Sample_79,0.209512899063146,391,2.59328606702046,Sample_100_GSE39420
scissor,Positive,Neg_ctrl_Sample_80,-0.0402836799196177,391,2.59328606702046,Sample_100_GSE39420
scissor,Positive,Neg_ctrl_Sample_81,-0.203948615605219,391,2.59328606702046,Sample_100_GSE39420
scissor,Positive,Neg_ctrl_Sample_82,0.00594386021651263,391,2.59328606702046,Sample_100_GSE39420
scissor,Positive,Neg_ctrl_Sample_83,0.0900666631349844,391,2.59328606702046,Sample_100_GSE39420
scissor,Positive,Neg_ctrl_Sample_84,0.115430081253318,391,2.59328606702046,Sample_100_GSE39420
scissor,Positive,Neg_ctrl_Sample_85,-0.124483572166648,391,2.59328606702046,Sample_100_GSE39420
scissor,Positive,Neg_ctrl_Sample_86,-0.131038385536088,391,2.59328606702046,Sample_100_GSE39420
scissor,Positive,Neg_ctrl_Sample_87,0.040553446211046,391,2.59328606702046,Sample_100_GSE39420
scissor,Positive,Neg_ctrl_Sample_88,-0.101798977908646,391,2.59328606702046,Sample_100_GSE39420
scissor,Positive,Neg_ctrl_Sample_89,0.0399154354157432,391,2.59328606702046,Sample_100_GSE39420
scissor,Positive,Neg_ctrl_Sample_90,-0.0913392019204258,391,2.59328606702046,Sample_100_GSE39420
scissor,Positive,Neg_ctrl_Sample_91,0.0284199691663492,391,2.59328606702046,Sample_100_GSE39420
scissor,Positive,Neg_ctrl_Sample_92,0.29209496441162,391,2.59328606702046,Sample_100_GSE39420
scissor,Positive,Neg_ctrl_Sample_93,0.0618594801833868,391,2.59328606702046,Sample_100_GSE39420
scissor,Positive,Neg_ctrl_Sample_94,0.122339964293091,391,2.59328606702046,Sample_100_GSE39420
scissor,Positive,Neg_ctrl_Sample_95,0.0300479273606663,391,2.59328606702046,Sample_100_GSE39420
scissor,Positive,Neg_ctrl_Sample_96,-0.131767344447478,391,2.59328606702046,Sample_100_GSE39420
scissor,Positive,Neg_ctrl_Sample_97,-0.0298536839517273,391,2.59328606702046,Sample_100_GSE39420
scissor,Positive,Neg_ctrl_Sample_98,0.107625446705575,391,2.59328606702046,Sample_100_GSE39420
scissor,Positive,Neg_ctrl_Sample_99,-0.0600659130001571,391,2.59328606702046,Sample_100_GSE39420
scissor,Positive,Neg_ctrl_Sample_100,0.0422058913278281,391,2.59328606702046,Sample_100_GSE39420
scAB,Other,Neg_ctrl_Sample_1,0.105357276257521,4119,3.61489721603313,Sample_100_GSE39420
scAB,Other,Neg_ctrl_Sample_2,0.0912918423101175,4119,3.61489721603313,Sample_100_GSE39420
scAB,Other,Neg_ctrl_Sample_3,0.19144129706435,4119,3.61489721603313,Sample_100_GSE39420
scAB,Other,Neg_ctrl_Sample_4,-0.0275231321111713,4119,3.61489721603313,Sample_100_GSE39420
scAB,Other,Neg_ctrl_Sample_5,0.0102305027008547,4119,3.61489721603313,Sample_100_GSE39420
scAB,Other,Neg_ctrl_Sample_6,0.0114462567963796,4119,3.61489721603313,Sample_100_GSE39420
scAB,Other,Neg_ctrl_Sample_7,-0.0541294501788544,4119,3.61489721603313,Sample_100_GSE39420
scAB,Other,Neg_ctrl_Sample_8,-0.0689939926586408,4119,3.61489721603313,Sample_100_GSE39420
scAB,Other,Neg_ctrl_Sample_9,-0.099277919586515,4119,3.61489721603313,Sample_100_GSE39420
scAB,Other,Neg_ctrl_Sample_10,0.0325253716112052,4119,3.61489721603313,Sample_100_GSE39420
scAB,Other,Neg_ctrl_Sample_11,0.0331247889009261,4119,3.61489721603313,Sample_100_GSE39420
scAB,Other,Neg_ctrl_Sample_12,0.0762535290166314,4119,3.61489721603313,Sample_100_GSE39420
scAB,Other,Neg_ctrl_Sample_13,0.0017423579714955,4119,3.61489721603313,Sample_100_GSE39420
scAB,Other,Neg_ctrl_Sample_14,0.0751952828528214,4119,3.61489721603313,Sample_100_GSE39420
scAB,Other,Neg_ctrl_Sample_15,-0.0118828215526391,4119,3.61489721603313,Sample_100_GSE39420
scAB,Other,Neg_ctrl_Sample_16,-0.0930193403301183,4119,3.61489721603313,Sample_100_GSE39420
scAB,Other,Neg_ctrl_Sample_17,-0.00665238775298561,4119,3.61489721603313,Sample_100_GSE39420
scAB,Other,Neg_ctrl_Sample_18,-0.0834043376265772,4119,3.61489721603313,Sample_100_GSE39420
scAB,Other,Neg_ctrl_Sample_19,-0.145365483010823,4119,3.61489721603313,Sample_100_GSE39420
scAB,Other,Neg_ctrl_Sample_20,-0.0248269711437103,4119,3.61489721603313,Sample_100_GSE39420
scAB,Other,Neg_ctrl_Sample_21,-0.149085442691742,4119,3.61489721603313,Sample_100_GSE39420
scAB,Other,Neg_ctrl_Sample_22,-0.0230570305258353,4119,3.61489721603313,Sample_100_GSE39420
scAB,Other,Neg_ctrl_Sample_23,0.0587644113393507,4119,3.61489721603313,Sample_100_GSE39420
scAB,Other,Neg_ctrl_Sample_24,-0.0646705815813721,4119,3.61489721603313,Sample_100_GSE39420
scAB,Other,Neg_ctrl_Sample_25,-0.0281900716566735,4119,3.61489721603313,Sample_100_GSE39420
scAB,Other,Neg_ctrl_Sample_26,-0.108680988568263,4119,3.61489721603313,Sample_100_GSE39420
scAB,Other,Neg_ctrl_Sample_27,0.238436757747486,4119,3.61489721603313,Sample_100_GSE39420
scAB,Other,Neg_ctrl_Sample_28,-0.00404940898962384,4119,3.61489721603313,Sample_100_GSE39420
scAB,Other,Neg_ctrl_Sample_29,0.0778771327491327,4119,3.61489721603313,Sample_100_GSE39420
scAB,Other,Neg_ctrl_Sample_30,0.0342943493888388,4119,3.61489721603313,Sample_100_GSE39420
scAB,Other,Neg_ctrl_Sample_31,0.0376692650468593,4119,3.61489721603313,Sample_100_GSE39420
scAB,Other,Neg_ctrl_Sample_32,-0.0992026474976032,4119,3.61489721603313,Sample_100_GSE39420
scAB,Other,Neg_ctrl_Sample_33,0.0164566016911755,4119,3.61489721603313,Sample_100_GSE39420
scAB,Other,Neg_ctrl_Sample_34,0.15306885631799,4119,3.61489721603313,Sample_100_GSE39420
scAB,Other,Neg_ctrl_Sample_35,0.0145588262429613,4119,3.61489721603313,Sample_100_GSE39420
scAB,Other,Neg_ctrl_Sample_36,-0.0338387007449184,4119,3.61489721603313,Sample_100_GSE39420
scAB,Other,Neg_ctrl_Sample_37,0.164120585491138,4119,3.61489721603313,Sample_100_GSE39420
scAB,Other,Neg_ctrl_Sample_38,0.131569993227257,4119,3.61489721603313,Sample_100_GSE39420
scAB,Other,Neg_ctrl_Sample_39,-0.0187061235204851,4119,3.61489721603313,Sample_100_GSE39420
scAB,Other,Neg_ctrl_Sample_40,-0.161475943489779,4119,3.61489721603313,Sample_100_GSE39420
scAB,Other,Neg_ctrl_Sample_41,-0.0286982742157331,4119,3.61489721603313,Sample_100_GSE39420
scAB,Other,Neg_ctrl_Sample_42,0.144209289488313,4119,3.61489721603313,Sample_100_GSE39420
scAB,Other,Neg_ctrl_Sample_43,0.241623199937162,4119,3.61489721603313,Sample_100_GSE39420
scAB,Other,Neg_ctrl_Sample_44,0.0546878638444701,4119,3.61489721603313,Sample_100_GSE39420
scAB,Other,Neg_ctrl_Sample_45,0.0514245544058878,4119,3.61489721603313,Sample_100_GSE39420
scAB,Other,Neg_ctrl_Sample_46,0.128038786348206,4119,3.61489721603313,Sample_100_GSE39420
scAB,Other,Neg_ctrl_Sample_47,0.143671243907783,4119,3.61489721603313,Sample_100_GSE39420
scAB,Other,Neg_ctrl_Sample_48,-0.0108047011027497,4119,3.61489721603313,Sample_100_GSE39420
scAB,Other,Neg_ctrl_Sample_49,0.0380407075260078,4119,3.61489721603313,Sample_100_GSE39420
scAB,Other,Neg_ctrl_Sample_50,-0.0101050158984117,4119,3.61489721603313,Sample_100_GSE39420
scAB,Other,Neg_ctrl_Sample_51,-0.00767025154080409,4119,3.61489721603313,Sample_100_GSE39420
scAB,Other,Neg_ctrl_Sample_52,0.21282600976357,4119,3.61489721603313,Sample_100_GSE39420
scAB,Other,Neg_ctrl_Sample_53,-0.188436333061379,4119,3.61489721603313,Sample_100_GSE39420
scAB,Other,Neg_ctrl_Sample_54,0.00149074349903456,4119,3.61489721603313,Sample_100_GSE39420
scAB,Other,Neg_ctrl_Sample_55,0.176547966623287,4119,3.61489721603313,Sample_100_GSE39420
scAB,Other,Neg_ctrl_Sample_56,0.0220862993135409,4119,3.61489721603313,Sample_100_GSE39420
scAB,Other,Neg_ctrl_Sample_57,0.140400548486833,4119,3.61489721603313,Sample_100_GSE39420
scAB,Other,Neg_ctrl_Sample_58,0.0196048712158783,4119,3.61489721603313,Sample_100_GSE39420
scAB,Other,Neg_ctrl_Sample_59,-0.049997234797492,4119,3.61489721603313,Sample_100_GSE39420
scAB,Other,Neg_ctrl_Sample_60,-0.0815247116415341,4119,3.61489721603313,Sample_100_GSE39420
scAB,Other,Neg_ctrl_Sample_61,-0.0937638136035832,4119,3.61489721603313,Sample_100_GSE39420
scAB,Other,Neg_ctrl_Sample_62,-0.0772696000721512,4119,3.61489721603313,Sample_100_GSE39420
scAB,Other,Neg_ctrl_Sample_63,-0.0971432652705033,4119,3.61489721603313,Sample_100_GSE39420
scAB,Other,Neg_ctrl_Sample_64,0.0408136657284659,4119,3.61489721603313,Sample_100_GSE39420
scAB,Other,Neg_ctrl_Sample_65,0.04337132780063,4119,3.61489721603313,Sample_100_GSE39420
scAB,Other,Neg_ctrl_Sample_66,-0.182590996749413,4119,3.61489721603313,Sample_100_GSE39420
scAB,Other,Neg_ctrl_Sample_67,-0.144210521471824,4119,3.61489721603313,Sample_100_GSE39420
scAB,Other,Neg_ctrl_Sample_68,-0.138419543632805,4119,3.61489721603313,Sample_100_GSE39420
scAB,Other,Neg_ctrl_Sample_69,0.0488917529524494,4119,3.61489721603313,Sample_100_GSE39420
scAB,Other,Neg_ctrl_Sample_70,-0.187096052787128,4119,3.61489721603313,Sample_100_GSE39420
scAB,Other,Neg_ctrl_Sample_71,-0.0599224165818562,4119,3.61489721603313,Sample_100_GSE39420
scAB,Other,Neg_ctrl_Sample_72,-0.103263990467292,4119,3.61489721603313,Sample_100_GSE39420
scAB,Other,Neg_ctrl_Sample_73,0.0321127956625746,4119,3.61489721603313,Sample_100_GSE39420
scAB,Other,Neg_ctrl_Sample_74,0.0504183536052292,4119,3.61489721603313,Sample_100_GSE39420
scAB,Other,Neg_ctrl_Sample_75,0.0623420354136222,4119,3.61489721603313,Sample_100_GSE39420
scAB,Other,Neg_ctrl_Sample_76,0.11725637537568,4119,3.61489721603313,Sample_100_GSE39420
scAB,Other,Neg_ctrl_Sample_77,-0.131218630493028,4119,3.61489721603313,Sample_100_GSE39420
scAB,Other,Neg_ctrl_Sample_78,0.0601473760466632,4119,3.61489721603313,Sample_100_GSE39420
scAB,Other,Neg_ctrl_Sample_79,0.219583222191261,4119,3.61489721603313,Sample_100_GSE39420
scAB,Other,Neg_ctrl_Sample_80,-0.0488217466917006,4119,3.61489721603313,Sample_100_GSE39420
scAB,Other,Neg_ctrl_Sample_81,-0.233320168676325,4119,3.61489721603313,Sample_100_GSE39420
scAB,Other,Neg_ctrl_Sample_82,0.00236569303229084,4119,3.61489721603313,Sample_100_GSE39420
scAB,Other,Neg_ctrl_Sample_83,0.0904360411836706,4119,3.61489721603313,Sample_100_GSE39420
scAB,Other,Neg_ctrl_Sample_84,0.113647729439316,4119,3.61489721603313,Sample_100_GSE39420
scAB,Other,Neg_ctrl_Sample_85,-0.145045163793633,4119,3.61489721603313,Sample_100_GSE39420
scAB,Other,Neg_ctrl_Sample_86,-0.12525992655731,4119,3.61489721603313,Sample_100_GSE39420
scAB,Other,Neg_ctrl_Sample_87,0.046802382934499,4119,3.61489721603313,Sample_100_GSE39420
scAB,Other,Neg_ctrl_Sample_88,-0.108059196091714,4119,3.61489721603313,Sample_100_GSE39420
scAB,Other,Neg_ctrl_Sample_89,0.0370494702307336,4119,3.61489721603313,Sample_100_GSE39420
scAB,Other,Neg_ctrl_Sample_90,-0.0972360487887517,4119,3.61489721603313,Sample_100_GSE39420
scAB,Other,Neg_ctrl_Sample_91,0.0370554869804517,4119,3.61489721603313,Sample_100_GSE39420
scAB,Other,Neg_ctrl_Sample_92,0.300161027471281,4119,3.61489721603313,Sample_100_GSE39420
scAB,Other,Neg_ctrl_Sample_93,0.0460374895819336,4119,3.61489721603313,Sample_100_GSE39420
scAB,Other,Neg_ctrl_Sample_94,0.123219040497744,4119,3.61489721603313,Sample_100_GSE39420
scAB,Other,Neg_ctrl_Sample_95,0.0160728423934819,4119,3.61489721603313,Sample_100_GSE39420
scAB,Other,Neg_ctrl_Sample_96,-0.151986632819694,4119,3.61489721603313,Sample_100_GSE39420
scAB,Other,Neg_ctrl_Sample_97,-0.0301630137459004,4119,3.61489721603313,Sample_100_GSE39420
scAB,Other,Neg_ctrl_Sample_98,0.112344188895568,4119,3.61489721603313,Sample_100_GSE39420
scAB,Other,Neg_ctrl_Sample_99,-0.0579786610513314,4119,3.61489721603313,Sample_100_GSE39420
scAB,Other,Neg_ctrl_Sample_100,0.0478611218604464,4119,3.61489721603313,Sample_100_GSE39420
scAB,Positive,Neg_ctrl_Sample_1,0.103392229831492,8690,3.93906974992342,Sample_100_GSE39420
scAB,Positive,Neg_ctrl_Sample_2,0.0784206088942664,8690,3.93906974992342,Sample_100_GSE39420
scAB,Positive,Neg_ctrl_Sample_3,0.18243186348823,8690,3.93906974992342,Sample_100_GSE39420
scAB,Positive,Neg_ctrl_Sample_4,0.00967351912357624,8690,3.93906974992342,Sample_100_GSE39420
scAB,Positive,Neg_ctrl_Sample_5,-0.00966029478248871,8690,3.93906974992342,Sample_100_GSE39420
scAB,Positive,Neg_ctrl_Sample_6,0.0227294011976854,8690,3.93906974992342,Sample_100_GSE39420
scAB,Positive,Neg_ctrl_Sample_7,-0.0547120731095359,8690,3.93906974992342,Sample_100_GSE39420
scAB,Positive,Neg_ctrl_Sample_8,-0.0490460215734563,8690,3.93906974992342,Sample_100_GSE39420
scAB,Positive,Neg_ctrl_Sample_9,-0.110494517472183,8690,3.93906974992342,Sample_100_GSE39420
scAB,Positive,Neg_ctrl_Sample_10,0.0511437084902952,8690,3.93906974992342,Sample_100_GSE39420
scAB,Positive,Neg_ctrl_Sample_11,0.0341804242511557,8690,3.93906974992342,Sample_100_GSE39420
scAB,Positive,Neg_ctrl_Sample_12,0.0742088171927202,8690,3.93906974992342,Sample_100_GSE39420
scAB,Positive,Neg_ctrl_Sample_13,0.0150525286879443,8690,3.93906974992342,Sample_100_GSE39420
scAB,Positive,Neg_ctrl_Sample_14,0.0739846688598056,8690,3.93906974992342,Sample_100_GSE39420
scAB,Positive,Neg_ctrl_Sample_15,-0.0219500294025107,8690,3.93906974992342,Sample_100_GSE39420
scAB,Positive,Neg_ctrl_Sample_16,-0.123305818271715,8690,3.93906974992342,Sample_100_GSE39420
scAB,Positive,Neg_ctrl_Sample_17,-6.62202828738437e-05,8690,3.93906974992342,Sample_100_GSE39420
scAB,Positive,Neg_ctrl_Sample_18,-0.075298216180381,8690,3.93906974992342,Sample_100_GSE39420
scAB,Positive,Neg_ctrl_Sample_19,-0.192251673818464,8690,3.93906974992342,Sample_100_GSE39420
scAB,Positive,Neg_ctrl_Sample_20,-0.0248204970858677,8690,3.93906974992342,Sample_100_GSE39420
scAB,Positive,Neg_ctrl_Sample_21,-0.175302198347581,8690,3.93906974992342,Sample_100_GSE39420
scAB,Positive,Neg_ctrl_Sample_22,-0.0358922801279112,8690,3.93906974992342,Sample_100_GSE39420
scAB,Positive,Neg_ctrl_Sample_23,0.0605342468001946,8690,3.93906974992342,Sample_100_GSE39420
scAB,Positive,Neg_ctrl_Sample_24,-0.0661816761713385,8690,3.93906974992342,Sample_100_GSE39420
scAB,Positive,Neg_ctrl_Sample_25,-0.0401755315965622,8690,3.93906974992342,Sample_100_GSE39420
scAB,Positive,Neg_ctrl_Sample_26,-0.126726365912509,8690,3.93906974992342,Sample_100_GSE39420
scAB,Positive,Neg_ctrl_Sample_27,0.250695685929964,8690,3.93906974992342,Sample_100_GSE39420
scAB,Positive,Neg_ctrl_Sample_28,-0.0102821561711563,8690,3.93906974992342,Sample_100_GSE39420
scAB,Positive,Neg_ctrl_Sample_29,0.0711591825243117,8690,3.93906974992342,Sample_100_GSE39420
scAB,Positive,Neg_ctrl_Sample_30,0.058529361899461,8690,3.93906974992342,Sample_100_GSE39420
scAB,Positive,Neg_ctrl_Sample_31,0.00999857449888036,8690,3.93906974992342,Sample_100_GSE39420
scAB,Positive,Neg_ctrl_Sample_32,-0.113213303081216,8690,3.93906974992342,Sample_100_GSE39420
scAB,Positive,Neg_ctrl_Sample_33,0.0247999093950586,8690,3.93906974992342,Sample_100_GSE39420
scAB,Positive,Neg_ctrl_Sample_34,0.148041508895836,8690,3.93906974992342,Sample_100_GSE39420
scAB,Positive,Neg_ctrl_Sample_35,0.00429405713070558,8690,3.93906974992342,Sample_100_GSE39420
scAB,Positive,Neg_ctrl_Sample_36,-0.0596197665116369,8690,3.93906974992342,Sample_100_GSE39420
scAB,Positive,Neg_ctrl_Sample_37,0.19140301306081,8690,3.93906974992342,Sample_100_GSE39420
scAB,Positive,Neg_ctrl_Sample_38,0.131649377234773,8690,3.93906974992342,Sample_100_GSE39420
scAB,Positive,Neg_ctrl_Sample_39,-0.0262972852037141,8690,3.93906974992342,Sample_100_GSE39420
scAB,Positive,Neg_ctrl_Sample_40,-0.182335339882837,8690,3.93906974992342,Sample_100_GSE39420
scAB,Positive,Neg_ctrl_Sample_41,-0.0509217672844612,8690,3.93906974992342,Sample_100_GSE39420
scAB,Positive,Neg_ctrl_Sample_42,0.149171879805962,8690,3.93906974992342,Sample_100_GSE39420
scAB,Positive,Neg_ctrl_Sample_43,0.252861125661008,8690,3.93906974992342,Sample_100_GSE39420
scAB,Positive,Neg_ctrl_Sample_44,0.0448051228591521,8690,3.93906974992342,Sample_100_GSE39420
scAB,Positive,Neg_ctrl_Sample_45,-0.000857558633537336,8690,3.93906974992342,Sample_100_GSE39420
scAB,Positive,Neg_ctrl_Sample_46,0.116222058070044,8690,3.93906974992342,Sample_100_GSE39420
scAB,Positive,Neg_ctrl_Sample_47,0.145297981309996,8690,3.93906974992342,Sample_100_GSE39420
scAB,Positive,Neg_ctrl_Sample_48,0.0053142450591106,8690,3.93906974992342,Sample_100_GSE39420
scAB,Positive,Neg_ctrl_Sample_49,0.0368965671751808,8690,3.93906974992342,Sample_100_GSE39420
scAB,Positive,Neg_ctrl_Sample_50,-0.0157444623460382,8690,3.93906974992342,Sample_100_GSE39420
scAB,Positive,Neg_ctrl_Sample_51,-0.0272793324997498,8690,3.93906974992342,Sample_100_GSE39420
scAB,Positive,Neg_ctrl_Sample_52,0.220221248688677,8690,3.93906974992342,Sample_100_GSE39420
scAB,Positive,Neg_ctrl_Sample_53,-0.190080910329296,8690,3.93906974992342,Sample_100_GSE39420
scAB,Positive,Neg_ctrl_Sample_54,-0.00752074678429628,8690,3.93906974992342,Sample_100_GSE39420
scAB,Positive,Neg_ctrl_Sample_55,0.172757704693279,8690,3.93906974992342,Sample_100_GSE39420
scAB,Positive,Neg_ctrl_Sample_56,0.0271853783058917,8690,3.93906974992342,Sample_100_GSE39420
scAB,Positive,Neg_ctrl_Sample_57,0.110052415608381,8690,3.93906974992342,Sample_100_GSE39420
scAB,Positive,Neg_ctrl_Sample_58,0.0283510091611555,8690,3.93906974992342,Sample_100_GSE39420
scAB,Positive,Neg_ctrl_Sample_59,-0.060492190940326,8690,3.93906974992342,Sample_100_GSE39420
scAB,Positive,Neg_ctrl_Sample_60,-0.101573941737696,8690,3.93906974992342,Sample_100_GSE39420
scAB,Positive,Neg_ctrl_Sample_61,-0.102446569160405,8690,3.93906974992342,Sample_100_GSE39420
scAB,Positive,Neg_ctrl_Sample_62,-0.0948719775565693,8690,3.93906974992342,Sample_100_GSE39420
scAB,Positive,Neg_ctrl_Sample_63,-0.0638590588180841,8690,3.93906974992342,Sample_100_GSE39420
scAB,Positive,Neg_ctrl_Sample_64,0.0425513820692071,8690,3.93906974992342,Sample_100_GSE39420
scAB,Positive,Neg_ctrl_Sample_65,0.0409334255913729,8690,3.93906974992342,Sample_100_GSE39420
scAB,Positive,Neg_ctrl_Sample_66,-0.167664457502753,8690,3.93906974992342,Sample_100_GSE39420
scAB,Positive,Neg_ctrl_Sample_67,-0.151679561364777,8690,3.93906974992342,Sample_100_GSE39420
scAB,Positive,Neg_ctrl_Sample_68,-0.149092928935818,8690,3.93906974992342,Sample_100_GSE39420
scAB,Positive,Neg_ctrl_Sample_69,0.0428049867252859,8690,3.93906974992342,Sample_100_GSE39420
scAB,Positive,Neg_ctrl_Sample_70,-0.186891753437173,8690,3.93906974992342,Sample_100_GSE39420
scAB,Positive,Neg_ctrl_Sample_71,-0.057672382602591,8690,3.93906974992342,Sample_100_GSE39420
scAB,Positive,Neg_ctrl_Sample_72,-0.106316551588015,8690,3.93906974992342,Sample_100_GSE39420
scAB,Positive,Neg_ctrl_Sample_73,0.0500851012658247,8690,3.93906974992342,Sample_100_GSE39420
scAB,Positive,Neg_ctrl_Sample_74,0.0443319390832842,8690,3.93906974992342,Sample_100_GSE39420
scAB,Positive,Neg_ctrl_Sample_75,0.0513465511889819,8690,3.93906974992342,Sample_100_GSE39420
scAB,Positive,Neg_ctrl_Sample_76,0.124206166661241,8690,3.93906974992342,Sample_100_GSE39420
scAB,Positive,Neg_ctrl_Sample_77,-0.135188428293851,8690,3.93906974992342,Sample_100_GSE39420
scAB,Positive,Neg_ctrl_Sample_78,0.0683381388553606,8690,3.93906974992342,Sample_100_GSE39420
scAB,Positive,Neg_ctrl_Sample_79,0.220121417020832,8690,3.93906974992342,Sample_100_GSE39420
scAB,Positive,Neg_ctrl_Sample_80,-0.0539572909623178,8690,3.93906974992342,Sample_100_GSE39420
scAB,Positive,Neg_ctrl_Sample_81,-0.25181675728564,8690,3.93906974992342,Sample_100_GSE39420
scAB,Positive,Neg_ctrl_Sample_82,0.00604789986456104,8690,3.93906974992342,Sample_100_GSE39420
scAB,Positive,Neg_ctrl_Sample_83,0.098109096865125,8690,3.93906974992342,Sample_100_GSE39420
scAB,Positive,Neg_ctrl_Sample_84,0.106147528202192,8690,3.93906974992342,Sample_100_GSE39420
scAB,Positive,Neg_ctrl_Sample_85,-0.168363971285088,8690,3.93906974992342,Sample_100_GSE39420
scAB,Positive,Neg_ctrl_Sample_86,-0.130738678753972,8690,3.93906974992342,Sample_100_GSE39420
scAB,Positive,Neg_ctrl_Sample_87,0.0658851992562216,8690,3.93906974992342,Sample_100_GSE39420
scAB,Positive,Neg_ctrl_Sample_88,-0.0998544133397752,8690,3.93906974992342,Sample_100_GSE39420
scAB,Positive,Neg_ctrl_Sample_89,0.0347109545727744,8690,3.93906974992342,Sample_100_GSE39420
scAB,Positive,Neg_ctrl_Sample_90,-0.114292956323848,8690,3.93906974992342,Sample_100_GSE39420
scAB,Positive,Neg_ctrl_Sample_91,0.028415013077229,8690,3.93906974992342,Sample_100_GSE39420
scAB,Positive,Neg_ctrl_Sample_92,0.318468037927854,8690,3.93906974992342,Sample_100_GSE39420
scAB,Positive,Neg_ctrl_Sample_93,0.0670376247977975,8690,3.93906974992342,Sample_100_GSE39420
scAB,Positive,Neg_ctrl_Sample_94,0.149237454708135,8690,3.93906974992342,Sample_100_GSE39420
scAB,Positive,Neg_ctrl_Sample_95,0.0213705009339532,8690,3.93906974992342,Sample_100_GSE39420
scAB,Positive,Neg_ctrl_Sample_96,-0.078451241823267,8690,3.93906974992342,Sample_100_GSE39420
scAB,Positive,Neg_ctrl_Sample_97,-0.0322145312830604,8690,3.93906974992342,Sample_100_GSE39420
scAB,Positive,Neg_ctrl_Sample_98,0.11527072022355,8690,3.93906974992342,Sample_100_GSE39420
scAB,Positive,Neg_ctrl_Sample_99,-0.0849654977091433,8690,3.93906974992342,Sample_100_GSE39420
scAB,Positive,Neg_ctrl_Sample_100,0.0697435945895912,8690,3.93906974992342,Sample_100_GSE39420
scPAS,Negative,Neg_ctrl_Sample_1,0.111981873142187,93,1.9731278535997,Sample_100_GSE39420
scPAS,Negative,Neg_ctrl_Sample_2,0.111607627997928,93,1.9731278535997,Sample_100_GSE39420
scPAS,Negative,Neg_ctrl_Sample_3,0.196719540880064,93,1.9731278535997,Sample_100_GSE39420
scPAS,Negative,Neg_ctrl_Sample_4,-0.019710064627531,93,1.9731278535997,Sample_100_GSE39420
scPAS,Negative,Neg_ctrl_Sample_5,0.0449676434304975,93,1.9731278535997,Sample_100_GSE39420
scPAS,Negative,Neg_ctrl_Sample_6,0.00387926854196063,93,1.9731278535997,Sample_100_GSE39420
scPAS,Negative,Neg_ctrl_Sample_7,-0.0474742984393254,93,1.9731278535997,Sample_100_GSE39420
scPAS,Negative,Neg_ctrl_Sample_8,-0.0501265777434148,93,1.9731278535997,Sample_100_GSE39420
scPAS,Negative,Neg_ctrl_Sample_9,-0.105467946540964,93,1.9731278535997,Sample_100_GSE39420
scPAS,Negative,Neg_ctrl_Sample_10,0.0239967088404154,93,1.9731278535997,Sample_100_GSE39420
scPAS,Negative,Neg_ctrl_Sample_11,0.0303240241575783,93,1.9731278535997,Sample_100_GSE39420
scPAS,Negative,Neg_ctrl_Sample_12,0.0827819921251711,93,1.9731278535997,Sample_100_GSE39420
scPAS,Negative,Neg_ctrl_Sample_13,-0.00550217159975679,93,1.9731278535997,Sample_100_GSE39420
scPAS,Negative,Neg_ctrl_Sample_14,0.0943846629209576,93,1.9731278535997,Sample_100_GSE39420
scPAS,Negative,Neg_ctrl_Sample_15,0.0115487107666831,93,1.9731278535997,Sample_100_GSE39420
scPAS,Negative,Neg_ctrl_Sample_16,-0.0985006347494212,93,1.9731278535997,Sample_100_GSE39420
scPAS,Negative,Neg_ctrl_Sample_17,-0.00532937991163604,93,1.9731278535997,Sample_100_GSE39420
scPAS,Negative,Neg_ctrl_Sample_18,-0.0935718702055445,93,1.9731278535997,Sample_100_GSE39420
scPAS,Negative,Neg_ctrl_Sample_19,-0.126061781327598,93,1.9731278535997,Sample_100_GSE39420
scPAS,Negative,Neg_ctrl_Sample_20,-0.0294224001687705,93,1.9731278535997,Sample_100_GSE39420
scPAS,Negative,Neg_ctrl_Sample_21,-0.181601096995774,93,1.9731278535997,Sample_100_GSE39420
scPAS,Negative,Neg_ctrl_Sample_22,0.0127246721640587,93,1.9731278535997,Sample_100_GSE39420
scPAS,Negative,Neg_ctrl_Sample_23,0.0638194939632439,93,1.9731278535997,Sample_100_GSE39420
scPAS,Negative,Neg_ctrl_Sample_24,-0.0768551333421542,93,1.9731278535997,Sample_100_GSE39420
scPAS,Negative,Neg_ctrl_Sample_25,-0.0341576576599521,93,1.9731278535997,Sample_100_GSE39420
scPAS,Negative,Neg_ctrl_Sample_26,-0.120817454064969,93,1.9731278535997,Sample_100_GSE39420
scPAS,Negative,Neg_ctrl_Sample_27,0.235952535919173,93,1.9731278535997,Sample_100_GSE39420
scPAS,Negative,Neg_ctrl_Sample_28,-0.00444583584531012,93,1.9731278535997,Sample_100_GSE39420
scPAS,Negative,Neg_ctrl_Sample_29,0.0620989460275165,93,1.9731278535997,Sample_100_GSE39420
scPAS,Negative,Neg_ctrl_Sample_30,0.0426295312034226,93,1.9731278535997,Sample_100_GSE39420
scPAS,Negative,Neg_ctrl_Sample_31,0.0318044948328694,93,1.9731278535997,Sample_100_GSE39420
scPAS,Negative,Neg_ctrl_Sample_32,-0.105952083361017,93,1.9731278535997,Sample_100_GSE39420
scPAS,Negative,Neg_ctrl_Sample_33,0.00810826139149356,93,1.9731278535997,Sample_100_GSE39420
scPAS,Negative,Neg_ctrl_Sample_34,0.150369554648672,93,1.9731278535997,Sample_100_GSE39420
scPAS,Negative,Neg_ctrl_Sample_35,0.013166988175643,93,1.9731278535997,Sample_100_GSE39420
scPAS,Negative,Neg_ctrl_Sample_36,-0.0466206510423918,93,1.9731278535997,Sample_100_GSE39420
scPAS,Negative,Neg_ctrl_Sample_37,0.163835304369441,93,1.9731278535997,Sample_100_GSE39420
scPAS,Negative,Neg_ctrl_Sample_38,0.124983572875263,93,1.9731278535997,Sample_100_GSE39420
scPAS,Negative,Neg_ctrl_Sample_39,-0.0281298395147182,93,1.9731278535997,Sample_100_GSE39420
scPAS,Negative,Neg_ctrl_Sample_40,-0.167698318797762,93,1.9731278535997,Sample_100_GSE39420
scPAS,Negative,Neg_ctrl_Sample_41,-0.0297682408458958,93,1.9731278535997,Sample_100_GSE39420
scPAS,Negative,Neg_ctrl_Sample_42,0.143375581517423,93,1.9731278535997,Sample_100_GSE39420
scPAS,Negative,Neg_ctrl_Sample_43,0.246293927596538,93,1.9731278535997,Sample_100_GSE39420
scPAS,Negative,Neg_ctrl_Sample_44,0.0401488803752827,93,1.9731278535997,Sample_100_GSE39420
scPAS,Negative,Neg_ctrl_Sample_45,0.0384214195848137,93,1.9731278535997,Sample_100_GSE39420
scPAS,Negative,Neg_ctrl_Sample_46,0.136875583774317,93,1.9731278535997,Sample_100_GSE39420
scPAS,Negative,Neg_ctrl_Sample_47,0.155097511173786,93,1.9731278535997,Sample_100_GSE39420
scPAS,Negative,Neg_ctrl_Sample_48,0.0170639885887512,93,1.9731278535997,Sample_100_GSE39420
scPAS,Negative,Neg_ctrl_Sample_49,0.0223916856977011,93,1.9731278535997,Sample_100_GSE39420
scPAS,Negative,Neg_ctrl_Sample_50,-0.007044488619974,93,1.9731278535997,Sample_100_GSE39420
scPAS,Negative,Neg_ctrl_Sample_51,-0.00938121396381506,93,1.9731278535997,Sample_100_GSE39420
scPAS,Negative,Neg_ctrl_Sample_52,0.21205519574792,93,1.9731278535997,Sample_100_GSE39420
scPAS,Negative,Neg_ctrl_Sample_53,-0.180424107180134,93,1.9731278535997,Sample_100_GSE39420
scPAS,Negative,Neg_ctrl_Sample_54,0.029269030724155,93,1.9731278535997,Sample_100_GSE39420
scPAS,Negative,Neg_ctrl_Sample_55,0.164989968754631,93,1.9731278535997,Sample_100_GSE39420
scPAS,Negative,Neg_ctrl_Sample_56,0.0268953213604123,93,1.9731278535997,Sample_100_GSE39420
scPAS,Negative,Neg_ctrl_Sample_57,0.156427055708668,93,1.9731278535997,Sample_100_GSE39420
scPAS,Negative,Neg_ctrl_Sample_58,0.0280145206200817,93,1.9731278535997,Sample_100_GSE39420
scPAS,Negative,Neg_ctrl_Sample_59,-0.0648410888151275,93,1.9731278535997,Sample_100_GSE39420
scPAS,Negative,Neg_ctrl_Sample_60,-0.0795959936021572,93,1.9731278535997,Sample_100_GSE39420
scPAS,Negative,Neg_ctrl_Sample_61,-0.0830437593368298,93,1.9731278535997,Sample_100_GSE39420
scPAS,Negative,Neg_ctrl_Sample_62,-0.0802095730785106,93,1.9731278535997,Sample_100_GSE39420
scPAS,Negative,Neg_ctrl_Sample_63,-0.0620045039654978,93,1.9731278535997,Sample_100_GSE39420
scPAS,Negative,Neg_ctrl_Sample_64,0.0420465600223764,93,1.9731278535997,Sample_100_GSE39420
scPAS,Negative,Neg_ctrl_Sample_65,0.0395550964086484,93,1.9731278535997,Sample_100_GSE39420
scPAS,Negative,Neg_ctrl_Sample_66,-0.184252708136882,93,1.9731278535997,Sample_100_GSE39420
scPAS,Negative,Neg_ctrl_Sample_67,-0.142096300399602,93,1.9731278535997,Sample_100_GSE39420
scPAS,Negative,Neg_ctrl_Sample_68,-0.154462105588687,93,1.9731278535997,Sample_100_GSE39420
scPAS,Negative,Neg_ctrl_Sample_69,0.0544473512679408,93,1.9731278535997,Sample_100_GSE39420
scPAS,Negative,Neg_ctrl_Sample_70,-0.164902068957,93,1.9731278535997,Sample_100_GSE39420
scPAS,Negative,Neg_ctrl_Sample_71,-0.0668692472071581,93,1.9731278535997,Sample_100_GSE39420
scPAS,Negative,Neg_ctrl_Sample_72,-0.0925877265209838,93,1.9731278535997,Sample_100_GSE39420
scPAS,Negative,Neg_ctrl_Sample_73,0.0345885984263631,93,1.9731278535997,Sample_100_GSE39420
scPAS,Negative,Neg_ctrl_Sample_74,0.048038144130885,93,1.9731278535997,Sample_100_GSE39420
scPAS,Negative,Neg_ctrl_Sample_75,0.0506821370256156,93,1.9731278535997,Sample_100_GSE39420
scPAS,Negative,Neg_ctrl_Sample_76,0.10354647524415,93,1.9731278535997,Sample_100_GSE39420
scPAS,Negative,Neg_ctrl_Sample_77,-0.131954032375579,93,1.9731278535997,Sample_100_GSE39420
scPAS,Negative,Neg_ctrl_Sample_78,0.0592920723786899,93,1.9731278535997,Sample_100_GSE39420
scPAS,Negative,Neg_ctrl_Sample_79,0.222363653839145,93,1.9731278535997,Sample_100_GSE39420
scPAS,Negative,Neg_ctrl_Sample_80,-0.0547458929429731,93,1.9731278535997,Sample_100_GSE39420
scPAS,Negative,Neg_ctrl_Sample_81,-0.245313041896624,93,1.9731278535997,Sample_100_GSE39420
scPAS,Negative,Neg_ctrl_Sample_82,0.0121054887119385,93,1.9731278535997,Sample_100_GSE39420
scPAS,Negative,Neg_ctrl_Sample_83,0.0904915823333082,93,1.9731278535997,Sample_100_GSE39420
scPAS,Negative,Neg_ctrl_Sample_84,0.108841395825322,93,1.9731278535997,Sample_100_GSE39420
scPAS,Negative,Neg_ctrl_Sample_85,-0.150969408216621,93,1.9731278535997,Sample_100_GSE39420
scPAS,Negative,Neg_ctrl_Sample_86,-0.106806971315067,93,1.9731278535997,Sample_100_GSE39420
scPAS,Negative,Neg_ctrl_Sample_87,0.0464357750630047,93,1.9731278535997,Sample_100_GSE39420
scPAS,Negative,Neg_ctrl_Sample_88,-0.109955431845536,93,1.9731278535997,Sample_100_GSE39420
scPAS,Negative,Neg_ctrl_Sample_89,0.0275103145356597,93,1.9731278535997,Sample_100_GSE39420
scPAS,Negative,Neg_ctrl_Sample_90,-0.104465694233395,93,1.9731278535997,Sample_100_GSE39420
scPAS,Negative,Neg_ctrl_Sample_91,0.048459969732091,93,1.9731278535997,Sample_100_GSE39420
scPAS,Negative,Neg_ctrl_Sample_92,0.314444115737415,93,1.9731278535997,Sample_100_GSE39420
scPAS,Negative,Neg_ctrl_Sample_93,0.0489707058433866,93,1.9731278535997,Sample_100_GSE39420
scPAS,Negative,Neg_ctrl_Sample_94,0.123288943461517,93,1.9731278535997,Sample_100_GSE39420
scPAS,Negative,Neg_ctrl_Sample_95,0.00961901065594874,93,1.9731278535997,Sample_100_GSE39420
scPAS,Negative,Neg_ctrl_Sample_96,-0.123099277034009,93,1.9731278535997,Sample_100_GSE39420
scPAS,Negative,Neg_ctrl_Sample_97,-0.0382130605844681,93,1.9731278535997,Sample_100_GSE39420
scPAS,Negative,Neg_ctrl_Sample_98,0.112392945530996,93,1.9731278535997,Sample_100_GSE39420
scPAS,Negative,Neg_ctrl_Sample_99,-0.0452025117280736,93,1.9731278535997,Sample_100_GSE39420
scPAS,Negative,Neg_ctrl_Sample_100,0.0537854695140818,93,1.9731278535997,Sample_100_GSE39420
scPAS,Neutral,Neg_ctrl_Sample_1,0.103952436107812,12654,4.10226214949427,Sample_100_GSE39420
scPAS,Neutral,Neg_ctrl_Sample_2,0.0823989610813957,12654,4.10226214949427,Sample_100_GSE39420
scPAS,Neutral,Neg_ctrl_Sample_3,0.185253073778888,12654,4.10226214949427,Sample_100_GSE39420
scPAS,Neutral,Neg_ctrl_Sample_4,-0.00214917271336262,12654,4.10226214949427,Sample_100_GSE39420
scPAS,Neutral,Neg_ctrl_Sample_5,-0.00360284991183399,12654,4.10226214949427,Sample_100_GSE39420
scPAS,Neutral,Neg_ctrl_Sample_6,0.0191860396726146,12654,4.10226214949427,Sample_100_GSE39420
scPAS,Neutral,Neg_ctrl_Sample_7,-0.0545423161357844,12654,4.10226214949427,Sample_100_GSE39420
scPAS,Neutral,Neg_ctrl_Sample_8,-0.0555624002696043,12654,4.10226214949427,Sample_100_GSE39420
scPAS,Neutral,Neg_ctrl_Sample_9,-0.106890050614339,12654,4.10226214949427,Sample_100_GSE39420
scPAS,Neutral,Neg_ctrl_Sample_10,0.0452536489017691,12654,4.10226214949427,Sample_100_GSE39420
scPAS,Neutral,Neg_ctrl_Sample_11,0.0338493139333095,12654,4.10226214949427,Sample_100_GSE39420
scPAS,Neutral,Neg_ctrl_Sample_12,0.0748864291319674,12654,4.10226214949427,Sample_100_GSE39420
scPAS,Neutral,Neg_ctrl_Sample_13,0.0108358001518942,12654,4.10226214949427,Sample_100_GSE39420
scPAS,Neutral,Neg_ctrl_Sample_14,0.0742167562739953,12654,4.10226214949427,Sample_100_GSE39420
scPAS,Neutral,Neg_ctrl_Sample_15,-0.0189072037914667,12654,4.10226214949427,Sample_100_GSE39420
scPAS,Neutral,Neg_ctrl_Sample_16,-0.113635038351502,12654,4.10226214949427,Sample_100_GSE39420
scPAS,Neutral,Neg_ctrl_Sample_17,-0.00208712545495239,12654,4.10226214949427,Sample_100_GSE39420
scPAS,Neutral,Neg_ctrl_Sample_18,-0.0777654275291962,12654,4.10226214949427,Sample_100_GSE39420
scPAS,Neutral,Neg_ctrl_Sample_19,-0.177489685494815,12654,4.10226214949427,Sample_100_GSE39420
scPAS,Neutral,Neg_ctrl_Sample_20,-0.0248363892088441,12654,4.10226214949427,Sample_100_GSE39420
scPAS,Neutral,Neg_ctrl_Sample_21,-0.166952050001292,12654,4.10226214949427,Sample_100_GSE39420
scPAS,Neutral,Neg_ctrl_Sample_22,-0.0320620462963635,12654,4.10226214949427,Sample_100_GSE39420
scPAS,Neutral,Neg_ctrl_Sample_23,0.0600066110054437,12654,4.10226214949427,Sample_100_GSE39420
scPAS,Neutral,Neg_ctrl_Sample_24,-0.0656630615321525,12654,4.10226214949427,Sample_100_GSE39420
scPAS,Neutral,Neg_ctrl_Sample_25,-0.0363681803538973,12654,4.10226214949427,Sample_100_GSE39420
scPAS,Neutral,Neg_ctrl_Sample_26,-0.120911541357062,12654,4.10226214949427,Sample_100_GSE39420
scPAS,Neutral,Neg_ctrl_Sample_27,0.246823052322131,12654,4.10226214949427,Sample_100_GSE39420
scPAS,Neutral,Neg_ctrl_Sample_28,-0.00831440884333317,12654,4.10226214949427,Sample_100_GSE39420
scPAS,Neutral,Neg_ctrl_Sample_29,0.0733438969960247,12654,4.10226214949427,Sample_100_GSE39420
scPAS,Neutral,Neg_ctrl_Sample_30,0.0508371475618762,12654,4.10226214949427,Sample_100_GSE39420
scPAS,Neutral,Neg_ctrl_Sample_31,0.0187282123126309,12654,4.10226214949427,Sample_100_GSE39420
scPAS,Neutral,Neg_ctrl_Sample_32,-0.108751417470806,12654,4.10226214949427,Sample_100_GSE39420
scPAS,Neutral,Neg_ctrl_Sample_33,0.0221945564461378,12654,4.10226214949427,Sample_100_GSE39420
scPAS,Neutral,Neg_ctrl_Sample_34,0.149681239174793,12654,4.10226214949427,Sample_100_GSE39420
scPAS,Neutral,Neg_ctrl_Sample_35,0.0075302594270252,12654,4.10226214949427,Sample_100_GSE39420
scPAS,Neutral,Neg_ctrl_Sample_36,-0.051412547267708,12654,4.10226214949427,Sample_100_GSE39420
scPAS,Neutral,Neg_ctrl_Sample_37,0.182803931592988,12654,4.10226214949427,Sample_100_GSE39420
scPAS,Neutral,Neg_ctrl_Sample_38,0.131645460031888,12654,4.10226214949427,Sample_100_GSE39420
scPAS,Neutral,Neg_ctrl_Sample_39,-0.0238248629237015,12654,4.10226214949427,Sample_100_GSE39420
scPAS,Neutral,Neg_ctrl_Sample_40,-0.175778253309344,12654,4.10226214949427,Sample_100_GSE39420
scPAS,Neutral,Neg_ctrl_Sample_41,-0.0439454594263229,12654,4.10226214949427,Sample_100_GSE39420
scPAS,Neutral,Neg_ctrl_Sample_42,0.147587567753542,12654,4.10226214949427,Sample_100_GSE39420
scPAS,Neutral,Neg_ctrl_Sample_43,0.249272609882469,12654,4.10226214949427,Sample_100_GSE39420
scPAS,Neutral,Neg_ctrl_Sample_44,0.0480231770415068,12654,4.10226214949427,Sample_100_GSE39420
scPAS,Neutral,Neg_ctrl_Sample_45,0.0158291870925256,12654,4.10226214949427,Sample_100_GSE39420
scPAS,Neutral,Neg_ctrl_Sample_46,0.119942213631425,12654,4.10226214949427,Sample_100_GSE39420
scPAS,Neutral,Neg_ctrl_Sample_47,0.144748163431094,12654,4.10226214949427,Sample_100_GSE39420
scPAS,Neutral,Neg_ctrl_Sample_48,-3.2512082454548e-05,12654,4.10226214949427,Sample_100_GSE39420
scPAS,Neutral,Neg_ctrl_Sample_49,0.0373928534664324,12654,4.10226214949427,Sample_100_GSE39420
scPAS,Neutral,Neg_ctrl_Sample_50,-0.0139551139100571,12654,4.10226214949427,Sample_100_GSE39420
scPAS,Neutral,Neg_ctrl_Sample_51,-0.0211133888924957,12654,4.10226214949427,Sample_100_GSE39420
scPAS,Neutral,Neg_ctrl_Sample_52,0.217913073198796,12654,4.10226214949427,Sample_100_GSE39420
scPAS,Neutral,Neg_ctrl_Sample_53,-0.189668546754436,12654,4.10226214949427,Sample_100_GSE39420
scPAS,Neutral,Neg_ctrl_Sample_54,-0.00488778361680326,12654,4.10226214949427,Sample_100_GSE39420
scPAS,Neutral,Neg_ctrl_Sample_55,0.174043610341914,12654,4.10226214949427,Sample_100_GSE39420
scPAS,Neutral,Neg_ctrl_Sample_56,0.0255339303844317,12654,4.10226214949427,Sample_100_GSE39420
scPAS,Neutral,Neg_ctrl_Sample_57,0.119550926738551,12654,4.10226214949427,Sample_100_GSE39420
scPAS,Neutral,Neg_ctrl_Sample_58,0.0254789750064356,12654,4.10226214949427,Sample_100_GSE39420
scPAS,Neutral,Neg_ctrl_Sample_59,-0.0569883857502758,12654,4.10226214949427,Sample_100_GSE39420
scPAS,Neutral,Neg_ctrl_Sample_60,-0.0951977443093697,12654,4.10226214949427,Sample_100_GSE39420
scPAS,Neutral,Neg_ctrl_Sample_61,-0.0998704792252789,12654,4.10226214949427,Sample_100_GSE39420
scPAS,Neutral,Neg_ctrl_Sample_62,-0.0892291789628542,12654,4.10226214949427,Sample_100_GSE39420
scPAS,Neutral,Neg_ctrl_Sample_63,-0.0745340453388384,12654,4.10226214949427,Sample_100_GSE39420
scPAS,Neutral,Neg_ctrl_Sample_64,0.0420342982724678,12654,4.10226214949427,Sample_100_GSE39420
scPAS,Neutral,Neg_ctrl_Sample_65,0.0416750975873489,12654,4.10226214949427,Sample_100_GSE39420
scPAS,Neutral,Neg_ctrl_Sample_66,-0.172348217571405,12654,4.10226214949427,Sample_100_GSE39420
scPAS,Neutral,Neg_ctrl_Sample_67,-0.149331201410496,12654,4.10226214949427,Sample_100_GSE39420
scPAS,Neutral,Neg_ctrl_Sample_68,-0.145589454695769,12654,4.10226214949427,Sample_100_GSE39420
scPAS,Neutral,Neg_ctrl_Sample_69,0.0447426402284417,12654,4.10226214949427,Sample_100_GSE39420
scPAS,Neutral,Neg_ctrl_Sample_70,-0.187082801874212,12654,4.10226214949427,Sample_100_GSE39420
scPAS,Neutral,Neg_ctrl_Sample_71,-0.0582995620429933,12654,4.10226214949427,Sample_100_GSE39420
scPAS,Neutral,Neg_ctrl_Sample_72,-0.105406950126658,12654,4.10226214949427,Sample_100_GSE39420
scPAS,Neutral,Neg_ctrl_Sample_73,0.0444020389904239,12654,4.10226214949427,Sample_100_GSE39420
scPAS,Neutral,Neg_ctrl_Sample_74,0.0462441807126802,12654,4.10226214949427,Sample_100_GSE39420
scPAS,Neutral,Neg_ctrl_Sample_75,0.0548553597250843,12654,4.10226214949427,Sample_100_GSE39420
scPAS,Neutral,Neg_ctrl_Sample_76,0.122079564469422,12654,4.10226214949427,Sample_100_GSE39420
scPAS,Neutral,Neg_ctrl_Sample_77,-0.133941469391626,12654,4.10226214949427,Sample_100_GSE39420
scPAS,Neutral,Neg_ctrl_Sample_78,0.0656967556589661,12654,4.10226214949427,Sample_100_GSE39420
scPAS,Neutral,Neg_ctrl_Sample_79,0.219960360469667,12654,4.10226214949427,Sample_100_GSE39420
scPAS,Neutral,Neg_ctrl_Sample_80,-0.052299869291852,12654,4.10226214949427,Sample_100_GSE39420
scPAS,Neutral,Neg_ctrl_Sample_81,-0.245918211050705,12654,4.10226214949427,Sample_100_GSE39420
scPAS,Neutral,Neg_ctrl_Sample_82,0.00472118114338424,12654,4.10226214949427,Sample_100_GSE39420
scPAS,Neutral,Neg_ctrl_Sample_83,0.0956450192309231,12654,4.10226214949427,Sample_100_GSE39420
scPAS,Neutral,Neg_ctrl_Sample_84,0.108577025049256,12654,4.10226214949427,Sample_100_GSE39420
scPAS,Neutral,Neg_ctrl_Sample_85,-0.16092554549554,12654,4.10226214949427,Sample_100_GSE39420
scPAS,Neutral,Neg_ctrl_Sample_86,-0.129110285873541,12654,4.10226214949427,Sample_100_GSE39420
scPAS,Neutral,Neg_ctrl_Sample_87,0.0598793481579139,12654,4.10226214949427,Sample_100_GSE39420
scPAS,Neutral,Neg_ctrl_Sample_88,-0.102432330770404,12654,4.10226214949427,Sample_100_GSE39420
scPAS,Neutral,Neg_ctrl_Sample_89,0.0354821649611441,12654,4.10226214949427,Sample_100_GSE39420
scPAS,Neutral,Neg_ctrl_Sample_90,-0.10881182018989,12654,4.10226214949427,Sample_100_GSE39420
scPAS,Neutral,Neg_ctrl_Sample_91,0.0310845245162992,12654,4.10226214949427,Sample_100_GSE39420
scPAS,Neutral,Neg_ctrl_Sample_92,0.312591911238809,12654,4.10226214949427,Sample_100_GSE39420
scPAS,Neutral,Neg_ctrl_Sample_93,0.0604129247095449,12654,4.10226214949427,Sample_100_GSE39420
scPAS,Neutral,Neg_ctrl_Sample_94,0.140996236804872,12654,4.10226214949427,Sample_100_GSE39420
scPAS,Neutral,Neg_ctrl_Sample_95,0.0196992510331935,12654,4.10226214949427,Sample_100_GSE39420
scPAS,Neutral,Neg_ctrl_Sample_96,-0.101989433556771,12654,4.10226214949427,Sample_100_GSE39420
scPAS,Neutral,Neg_ctrl_Sample_97,-0.0314534560570229,12654,4.10226214949427,Sample_100_GSE39420
scPAS,Neutral,Neg_ctrl_Sample_98,0.114335061414702,12654,4.10226214949427,Sample_100_GSE39420
scPAS,Neutral,Neg_ctrl_Sample_99,-0.0764801577827182,12654,4.10226214949427,Sample_100_GSE39420
scPAS,Neutral,Neg_ctrl_Sample_100,0.0628189678214355,12654,4.10226214949427,Sample_100_GSE39420
scPAS,Positive,Neg_ctrl_Sample_1,0.106720281127648,62,1.79934054945358,Sample_100_GSE39420
scPAS,Positive,Neg_ctrl_Sample_2,0.0717778522380638,62,1.79934054945358,Sample_100_GSE39420
scPAS,Positive,Neg_ctrl_Sample_3,0.183746506788331,62,1.79934054945358,Sample_100_GSE39420
scPAS,Positive,Neg_ctrl_Sample_4,-0.004455362206223,62,1.79934054945358,Sample_100_GSE39420
scPAS,Positive,Neg_ctrl_Sample_5,-0.00645240467250439,62,1.79934054945358,Sample_100_GSE39420
scPAS,Positive,Neg_ctrl_Sample_6,0.0245920993629871,62,1.79934054945358,Sample_100_GSE39420
scPAS,Positive,Neg_ctrl_Sample_7,-0.0615087495401948,62,1.79934054945358,Sample_100_GSE39420
scPAS,Positive,Neg_ctrl_Sample_8,-0.0427064272994307,62,1.79934054945358,Sample_100_GSE39420
scPAS,Positive,Neg_ctrl_Sample_9,-0.108514324321993,62,1.79934054945358,Sample_100_GSE39420
scPAS,Positive,Neg_ctrl_Sample_10,0.057088150356016,62,1.79934054945358,Sample_100_GSE39420
scPAS,Positive,Neg_ctrl_Sample_11,0.0374119268823336,62,1.79934054945358,Sample_100_GSE39420
scPAS,Positive,Neg_ctrl_Sample_12,0.0588920632368536,62,1.79934054945358,Sample_100_GSE39420
scPAS,Positive,Neg_ctrl_Sample_13,0.0222376390247379,62,1.79934054945358,Sample_100_GSE39420
scPAS,Positive,Neg_ctrl_Sample_14,0.0764441116080275,62,1.79934054945358,Sample_100_GSE39420
scPAS,Positive,Neg_ctrl_Sample_15,-0.0244092065680748,62,1.79934054945358,Sample_100_GSE39420
scPAS,Positive,Neg_ctrl_Sample_16,-0.122191762408997,62,1.79934054945358,Sample_100_GSE39420
scPAS,Positive,Neg_ctrl_Sample_17,-0.0172664769995474,62,1.79934054945358,Sample_100_GSE39420
scPAS,Positive,Neg_ctrl_Sample_18,-0.0828719581906199,62,1.79934054945358,Sample_100_GSE39420
scPAS,Positive,Neg_ctrl_Sample_19,-0.189503936922422,62,1.79934054945358,Sample_100_GSE39420
scPAS,Positive,Neg_ctrl_Sample_20,-0.0151042185923134,62,1.79934054945358,Sample_100_GSE39420
scPAS,Positive,Neg_ctrl_Sample_21,-0.128369344367709,62,1.79934054945358,Sample_100_GSE39420
scPAS,Positive,Neg_ctrl_Sample_22,-0.0378400600732014,62,1.79934054945358,Sample_100_GSE39420
scPAS,Positive,Neg_ctrl_Sample_23,0.0457152645001428,62,1.79934054945358,Sample_100_GSE39420
scPAS,Positive,Neg_ctrl_Sample_24,-0.0556287650633835,62,1.79934054945358,Sample_100_GSE39420
scPAS,Positive,Neg_ctrl_Sample_25,-0.0300106188285938,62,1.79934054945358,Sample_100_GSE39420
scPAS,Positive,Neg_ctrl_Sample_26,-0.123523292452769,62,1.79934054945358,Sample_100_GSE39420
scPAS,Positive,Neg_ctrl_Sample_27,0.248774612396152,62,1.79934054945358,Sample_100_GSE39420
scPAS,Positive,Neg_ctrl_Sample_28,-0.00657194384608507,62,1.79934054945358,Sample_100_GSE39420
scPAS,Positive,Neg_ctrl_Sample_29,0.0851666348659879,62,1.79934054945358,Sample_100_GSE39420
scPAS,Positive,Neg_ctrl_Sample_30,0.0422704578877528,62,1.79934054945358,Sample_100_GSE39420
scPAS,Positive,Neg_ctrl_Sample_31,0.0339144919321968,62,1.79934054945358,Sample_100_GSE39420
scPAS,Positive,Neg_ctrl_Sample_32,-0.103956909519804,62,1.79934054945358,Sample_100_GSE39420
scPAS,Positive,Neg_ctrl_Sample_33,0.0272898295189574,62,1.79934054945358,Sample_100_GSE39420
scPAS,Positive,Neg_ctrl_Sample_34,0.143880038362349,62,1.79934054945358,Sample_100_GSE39420
scPAS,Positive,Neg_ctrl_Sample_35,0.0124311140431757,62,1.79934054945358,Sample_100_GSE39420
scPAS,Positive,Neg_ctrl_Sample_36,-0.0414078335794562,62,1.79934054945358,Sample_100_GSE39420
scPAS,Positive,Neg_ctrl_Sample_37,0.17527808794176,62,1.79934054945358,Sample_100_GSE39420
scPAS,Positive,Neg_ctrl_Sample_38,0.137173657295946,62,1.79934054945358,Sample_100_GSE39420
scPAS,Positive,Neg_ctrl_Sample_39,-0.0238393659639607,62,1.79934054945358,Sample_100_GSE39420
scPAS,Positive,Neg_ctrl_Sample_40,-0.15676699663901,62,1.79934054945358,Sample_100_GSE39420
scPAS,Positive,Neg_ctrl_Sample_41,-0.0300654712453753,62,1.79934054945358,Sample_100_GSE39420
scPAS,Positive,Neg_ctrl_Sample_42,0.151527217447279,62,1.79934054945358,Sample_100_GSE39420
scPAS,Positive,Neg_ctrl_Sample_43,0.248519384130693,62,1.79934054945358,Sample_100_GSE39420
scPAS,Positive,Neg_ctrl_Sample_44,0.0515596881173567,62,1.79934054945358,Sample_100_GSE39420
scPAS,Positive,Neg_ctrl_Sample_45,0.00790047713232739,62,1.79934054945358,Sample_100_GSE39420
scPAS,Positive,Neg_ctrl_Sample_46,0.111020080869073,62,1.79934054945358,Sample_100_GSE39420
scPAS,Positive,Neg_ctrl_Sample_47,0.134741655545065,62,1.79934054945358,Sample_100_GSE39420
scPAS,Positive,Neg_ctrl_Sample_48,0.00807552700114665,62,1.79934054945358,Sample_100_GSE39420
scPAS,Positive,Neg_ctrl_Sample_49,0.0333749760939576,62,1.79934054945358,Sample_100_GSE39420
scPAS,Positive,Neg_ctrl_Sample_50,-0.0193353131146607,62,1.79934054945358,Sample_100_GSE39420
scPAS,Positive,Neg_ctrl_Sample_51,-0.00983692863100999,62,1.79934054945358,Sample_100_GSE39420
scPAS,Positive,Neg_ctrl_Sample_52,0.212255223526204,62,1.79934054945358,Sample_100_GSE39420
scPAS,Positive,Neg_ctrl_Sample_53,-0.179469903919587,62,1.79934054945358,Sample_100_GSE39420
scPAS,Positive,Neg_ctrl_Sample_54,-0.00140198473111762,62,1.79934054945358,Sample_100_GSE39420
scPAS,Positive,Neg_ctrl_Sample_55,0.173767999115295,62,1.79934054945358,Sample_100_GSE39420
scPAS,Positive,Neg_ctrl_Sample_56,0.0259158770896035,62,1.79934054945358,Sample_100_GSE39420
scPAS,Positive,Neg_ctrl_Sample_57,0.118067866509361,62,1.79934054945358,Sample_100_GSE39420
scPAS,Positive,Neg_ctrl_Sample_58,0.0339747419280694,62,1.79934054945358,Sample_100_GSE39420
scPAS,Positive,Neg_ctrl_Sample_59,-0.0718466912661805,62,1.79934054945358,Sample_100_GSE39420
scPAS,Positive,Neg_ctrl_Sample_60,-0.10392188800466,62,1.79934054945358,Sample_100_GSE39420
scPAS,Positive,Neg_ctrl_Sample_61,-0.0804793629368105,62,1.79934054945358,Sample_100_GSE39420
scPAS,Positive,Neg_ctrl_Sample_62,-0.0991201092179477,62,1.79934054945358,Sample_100_GSE39420
scPAS,Positive,Neg_ctrl_Sample_63,-0.0991629385791145,62,1.79934054945358,Sample_100_GSE39420
scPAS,Positive,Neg_ctrl_Sample_64,0.0333977241140657,62,1.79934054945358,Sample_100_GSE39420
scPAS,Positive,Neg_ctrl_Sample_65,0.053591270379194,62,1.79934054945358,Sample_100_GSE39420
scPAS,Positive,Neg_ctrl_Sample_66,-0.178493617814061,62,1.79934054945358,Sample_100_GSE39420
scPAS,Positive,Neg_ctrl_Sample_67,-0.149137864786582,62,1.79934054945358,Sample_100_GSE39420
scPAS,Positive,Neg_ctrl_Sample_68,-0.146995437673657,62,1.79934054945358,Sample_100_GSE39420
scPAS,Positive,Neg_ctrl_Sample_69,0.034249869923393,62,1.79934054945358,Sample_100_GSE39420
scPAS,Positive,Neg_ctrl_Sample_70,-0.194456636611929,62,1.79934054945358,Sample_100_GSE39420
scPAS,Positive,Neg_ctrl_Sample_71,-0.0653538812077012,62,1.79934054945358,Sample_100_GSE39420
scPAS,Positive,Neg_ctrl_Sample_72,-0.109758138152323,62,1.79934054945358,Sample_100_GSE39420
scPAS,Positive,Neg_ctrl_Sample_73,0.0392257144465543,62,1.79934054945358,Sample_100_GSE39420
scPAS,Positive,Neg_ctrl_Sample_74,0.0528441772782789,62,1.79934054945358,Sample_100_GSE39420
scPAS,Positive,Neg_ctrl_Sample_75,0.0666969838123507,62,1.79934054945358,Sample_100_GSE39420
scPAS,Positive,Neg_ctrl_Sample_76,0.127515604271552,62,1.79934054945358,Sample_100_GSE39420
scPAS,Positive,Neg_ctrl_Sample_77,-0.130804873899829,62,1.79934054945358,Sample_100_GSE39420
scPAS,Positive,Neg_ctrl_Sample_78,0.0768477378953299,62,1.79934054945358,Sample_100_GSE39420
scPAS,Positive,Neg_ctrl_Sample_79,0.21387395042908,62,1.79934054945358,Sample_100_GSE39420
scPAS,Positive,Neg_ctrl_Sample_80,-0.0498664358526443,62,1.79934054945358,Sample_100_GSE39420
scPAS,Positive,Neg_ctrl_Sample_81,-0.236616775128602,62,1.79934054945358,Sample_100_GSE39420
scPAS,Positive,Neg_ctrl_Sample_82,0.0231113352330196,62,1.79934054945358,Sample_100_GSE39420
scPAS,Positive,Neg_ctrl_Sample_83,0.102682498199585,62,1.79934054945358,Sample_100_GSE39420
scPAS,Positive,Neg_ctrl_Sample_84,0.104533755686432,62,1.79934054945358,Sample_100_GSE39420
scPAS,Positive,Neg_ctrl_Sample_85,-0.163418265623841,62,1.79934054945358,Sample_100_GSE39420
scPAS,Positive,Neg_ctrl_Sample_86,-0.135002420733518,62,1.79934054945358,Sample_100_GSE39420
scPAS,Positive,Neg_ctrl_Sample_87,0.0530580350430049,62,1.79934054945358,Sample_100_GSE39420
scPAS,Positive,Neg_ctrl_Sample_88,-0.103646966033775,62,1.79934054945358,Sample_100_GSE39420
scPAS,Positive,Neg_ctrl_Sample_89,0.0434707814140089,62,1.79934054945358,Sample_100_GSE39420
scPAS,Positive,Neg_ctrl_Sample_90,-0.114532147879668,62,1.79934054945358,Sample_100_GSE39420
scPAS,Positive,Neg_ctrl_Sample_91,0.0275429693430256,62,1.79934054945358,Sample_100_GSE39420
scPAS,Positive,Neg_ctrl_Sample_92,0.307567325286853,62,1.79934054945358,Sample_100_GSE39420
scPAS,Positive,Neg_ctrl_Sample_93,0.0510637768197693,62,1.79934054945358,Sample_100_GSE39420
scPAS,Positive,Neg_ctrl_Sample_94,0.141620273437642,62,1.79934054945358,Sample_100_GSE39420
scPAS,Positive,Neg_ctrl_Sample_95,0.0281419414479309,62,1.79934054945358,Sample_100_GSE39420
scPAS,Positive,Neg_ctrl_Sample_96,-0.0927694683380756,62,1.79934054945358,Sample_100_GSE39420
scPAS,Positive,Neg_ctrl_Sample_97,-0.0422561756328105,62,1.79934054945358,Sample_100_GSE39420
scPAS,Positive,Neg_ctrl_Sample_98,0.116126802055917,62,1.79934054945358,Sample_100_GSE39420
scPAS,Positive,Neg_ctrl_Sample_99,-0.0835569320913996,62,1.79934054945358,Sample_100_GSE39420
scPAS,Positive,Neg_ctrl_Sample_100,0.0532021040237102,62,1.79934054945358,Sample_100_GSE39420
scPP,Negative,Neg_ctrl_Sample_1,0.113282611215534,1384,3.14144977340047,Sample_100_GSE39420
scPP,Negative,Neg_ctrl_Sample_2,0.119174422467271,1384,3.14144977340047,Sample_100_GSE39420
scPP,Negative,Neg_ctrl_Sample_3,0.198674724442887,1384,3.14144977340047,Sample_100_GSE39420
scPP,Negative,Neg_ctrl_Sample_4,-0.0243866634893668,1384,3.14144977340047,Sample_100_GSE39420
scPP,Negative,Neg_ctrl_Sample_5,0.0441304957407889,1384,3.14144977340047,Sample_100_GSE39420
scPP,Negative,Neg_ctrl_Sample_6,0.00301657961286462,1384,3.14144977340047,Sample_100_GSE39420
scPP,Negative,Neg_ctrl_Sample_7,-0.0575617914198535,1384,3.14144977340047,Sample_100_GSE39420
scPP,Negative,Neg_ctrl_Sample_8,-0.0545672456234435,1384,3.14144977340047,Sample_100_GSE39420
scPP,Negative,Neg_ctrl_Sample_9,-0.0978109863328718,1384,3.14144977340047,Sample_100_GSE39420
scPP,Negative,Neg_ctrl_Sample_10,0.0173737119959593,1384,3.14144977340047,Sample_100_GSE39420
scPP,Negative,Neg_ctrl_Sample_11,0.0331747963558827,1384,3.14144977340047,Sample_100_GSE39420
scPP,Negative,Neg_ctrl_Sample_12,0.0818008364157135,1384,3.14144977340047,Sample_100_GSE39420
scPP,Negative,Neg_ctrl_Sample_13,0.00596443513395719,1384,3.14144977340047,Sample_100_GSE39420
scPP,Negative,Neg_ctrl_Sample_14,0.0838537337236323,1384,3.14144977340047,Sample_100_GSE39420
scPP,Negative,Neg_ctrl_Sample_15,0.00893224944339243,1384,3.14144977340047,Sample_100_GSE39420
scPP,Negative,Neg_ctrl_Sample_16,-0.0900715214524336,1384,3.14144977340047,Sample_100_GSE39420
scPP,Negative,Neg_ctrl_Sample_17,-0.00514601408842943,1384,3.14144977340047,Sample_100_GSE39420
scPP,Negative,Neg_ctrl_Sample_18,-0.0802647408043857,1384,3.14144977340047,Sample_100_GSE39420
scPP,Negative,Neg_ctrl_Sample_19,-0.0968525951907774,1384,3.14144977340047,Sample_100_GSE39420
scPP,Negative,Neg_ctrl_Sample_20,-0.0312949059623917,1384,3.14144977340047,Sample_100_GSE39420
scPP,Negative,Neg_ctrl_Sample_21,-0.180038925376996,1384,3.14144977340047,Sample_100_GSE39420
scPP,Negative,Neg_ctrl_Sample_22,-0.00859211689925437,1384,3.14144977340047,Sample_100_GSE39420
scPP,Negative,Neg_ctrl_Sample_23,0.0700597981046508,1384,3.14144977340047,Sample_100_GSE39420
scPP,Negative,Neg_ctrl_Sample_24,-0.0676465929679266,1384,3.14144977340047,Sample_100_GSE39420
scPP,Negative,Neg_ctrl_Sample_25,-0.0387609537801304,1384,3.14144977340047,Sample_100_GSE39420
scPP,Negative,Neg_ctrl_Sample_26,-0.1246279385599,1384,3.14144977340047,Sample_100_GSE39420
scPP,Negative,Neg_ctrl_Sample_27,0.235560216960759,1384,3.14144977340047,Sample_100_GSE39420
scPP,Negative,Neg_ctrl_Sample_28,-0.00659685011245372,1384,3.14144977340047,Sample_100_GSE39420
scPP,Negative,Neg_ctrl_Sample_29,0.0710143732986643,1384,3.14144977340047,Sample_100_GSE39420
scPP,Negative,Neg_ctrl_Sample_30,0.0430498741835345,1384,3.14144977340047,Sample_100_GSE39420
scPP,Negative,Neg_ctrl_Sample_31,0.0222117014298342,1384,3.14144977340047,Sample_100_GSE39420
scPP,Negative,Neg_ctrl_Sample_32,-0.113136795018253,1384,3.14144977340047,Sample_100_GSE39420
scPP,Negative,Neg_ctrl_Sample_33,0.00655395574687491,1384,3.14144977340047,Sample_100_GSE39420
scPP,Negative,Neg_ctrl_Sample_34,0.163207024434921,1384,3.14144977340047,Sample_100_GSE39420
scPP,Negative,Neg_ctrl_Sample_35,0.028496561076987,1384,3.14144977340047,Sample_100_GSE39420
scPP,Negative,Neg_ctrl_Sample_36,-0.0367820633625641,1384,3.14144977340047,Sample_100_GSE39420
scPP,Negative,Neg_ctrl_Sample_37,0.155913583313008,1384,3.14144977340047,Sample_100_GSE39420
scPP,Negative,Neg_ctrl_Sample_38,0.115690657634162,1384,3.14144977340047,Sample_100_GSE39420
scPP,Negative,Neg_ctrl_Sample_39,-0.00949350777084578,1384,3.14144977340047,Sample_100_GSE39420
scPP,Negative,Neg_ctrl_Sample_40,-0.172506895328489,1384,3.14144977340047,Sample_100_GSE39420
scPP,Negative,Neg_ctrl_Sample_41,-0.0286243346064,1384,3.14144977340047,Sample_100_GSE39420
scPP,Negative,Neg_ctrl_Sample_42,0.145503160139782,1384,3.14144977340047,Sample_100_GSE39420
scPP,Negative,Neg_ctrl_Sample_43,0.241510955284836,1384,3.14144977340047,Sample_100_GSE39420
scPP,Negative,Neg_ctrl_Sample_44,0.0496521283192385,1384,3.14144977340047,Sample_100_GSE39420
scPP,Negative,Neg_ctrl_Sample_45,0.0614994149907094,1384,3.14144977340047,Sample_100_GSE39420
scPP,Negative,Neg_ctrl_Sample_46,0.137221742594535,1384,3.14144977340047,Sample_100_GSE39420
scPP,Negative,Neg_ctrl_Sample_47,0.142957806143244,1384,3.14144977340047,Sample_100_GSE39420
scPP,Negative,Neg_ctrl_Sample_48,0.0256512217717484,1384,3.14144977340047,Sample_100_GSE39420
scPP,Negative,Neg_ctrl_Sample_49,0.0375137378414518,1384,3.14144977340047,Sample_100_GSE39420
scPP,Negative,Neg_ctrl_Sample_50,-0.00481479922836369,1384,3.14144977340047,Sample_100_GSE39420
scPP,Negative,Neg_ctrl_Sample_51,-0.00986956334762526,1384,3.14144977340047,Sample_100_GSE39420
scPP,Negative,Neg_ctrl_Sample_52,0.221474278931472,1384,3.14144977340047,Sample_100_GSE39420
scPP,Negative,Neg_ctrl_Sample_53,-0.174111662851904,1384,3.14144977340047,Sample_100_GSE39420
scPP,Negative,Neg_ctrl_Sample_54,0.0272194006529008,1384,3.14144977340047,Sample_100_GSE39420
scPP,Negative,Neg_ctrl_Sample_55,0.170744524171762,1384,3.14144977340047,Sample_100_GSE39420
scPP,Negative,Neg_ctrl_Sample_56,0.0177348797579824,1384,3.14144977340047,Sample_100_GSE39420
scPP,Negative,Neg_ctrl_Sample_57,0.150058728070803,1384,3.14144977340047,Sample_100_GSE39420
scPP,Negative,Neg_ctrl_Sample_58,0.0205917939460111,1384,3.14144977340047,Sample_100_GSE39420
scPP,Negative,Neg_ctrl_Sample_59,-0.0457890407075103,1384,3.14144977340047,Sample_100_GSE39420
scPP,Negative,Neg_ctrl_Sample_60,-0.0746069662121844,1384,3.14144977340047,Sample_100_GSE39420
scPP,Negative,Neg_ctrl_Sample_61,-0.0969379130768353,1384,3.14144977340047,Sample_100_GSE39420
scPP,Negative,Neg_ctrl_Sample_62,-0.0805903409030685,1384,3.14144977340047,Sample_100_GSE39420
scPP,Negative,Neg_ctrl_Sample_63,-0.087926911602039,1384,3.14144977340047,Sample_100_GSE39420
scPP,Negative,Neg_ctrl_Sample_64,0.0363884751546973,1384,3.14144977340047,Sample_100_GSE39420
scPP,Negative,Neg_ctrl_Sample_65,0.0352020176725966,1384,3.14144977340047,Sample_100_GSE39420
scPP,Negative,Neg_ctrl_Sample_66,-0.178763941298988,1384,3.14144977340047,Sample_100_GSE39420
scPP,Negative,Neg_ctrl_Sample_67,-0.126472322454139,1384,3.14144977340047,Sample_100_GSE39420
scPP,Negative,Neg_ctrl_Sample_68,-0.134201562754524,1384,3.14144977340047,Sample_100_GSE39420
scPP,Negative,Neg_ctrl_Sample_69,0.0658968122421817,1384,3.14144977340047,Sample_100_GSE39420
scPP,Negative,Neg_ctrl_Sample_70,-0.15895946751579,1384,3.14144977340047,Sample_100_GSE39420
scPP,Negative,Neg_ctrl_Sample_71,-0.0554263820628126,1384,3.14144977340047,Sample_100_GSE39420
scPP,Negative,Neg_ctrl_Sample_72,-0.0786085018490097,1384,3.14144977340047,Sample_100_GSE39420
scPP,Negative,Neg_ctrl_Sample_73,0.038299743281869,1384,3.14144977340047,Sample_100_GSE39420
scPP,Negative,Neg_ctrl_Sample_74,0.0459346462498094,1384,3.14144977340047,Sample_100_GSE39420
scPP,Negative,Neg_ctrl_Sample_75,0.0603085979157932,1384,3.14144977340047,Sample_100_GSE39420
scPP,Negative,Neg_ctrl_Sample_76,0.10577459340019,1384,3.14144977340047,Sample_100_GSE39420
scPP,Negative,Neg_ctrl_Sample_77,-0.122994255909236,1384,3.14144977340047,Sample_100_GSE39420
scPP,Negative,Neg_ctrl_Sample_78,0.0531686279293842,1384,3.14144977340047,Sample_100_GSE39420
scPP,Negative,Neg_ctrl_Sample_79,0.219161900583207,1384,3.14144977340047,Sample_100_GSE39420
scPP,Negative,Neg_ctrl_Sample_80,-0.0537137814262592,1384,3.14144977340047,Sample_100_GSE39420
scPP,Negative,Neg_ctrl_Sample_81,-0.251213409768343,1384,3.14144977340047,Sample_100_GSE39420
scPP,Negative,Neg_ctrl_Sample_82,0.000393259064985493,1384,3.14144977340047,Sample_100_GSE39420
scPP,Negative,Neg_ctrl_Sample_83,0.0899114183833647,1384,3.14144977340047,Sample_100_GSE39420
scPP,Negative,Neg_ctrl_Sample_84,0.124284281676949,1384,3.14144977340047,Sample_100_GSE39420
scPP,Negative,Neg_ctrl_Sample_85,-0.154575658247355,1384,3.14144977340047,Sample_100_GSE39420
scPP,Negative,Neg_ctrl_Sample_86,-0.112042541445121,1384,3.14144977340047,Sample_100_GSE39420
scPP,Negative,Neg_ctrl_Sample_87,0.0495670676217394,1384,3.14144977340047,Sample_100_GSE39420
scPP,Negative,Neg_ctrl_Sample_88,-0.106784974196818,1384,3.14144977340047,Sample_100_GSE39420
scPP,Negative,Neg_ctrl_Sample_89,0.0250998641748735,1384,3.14144977340047,Sample_100_GSE39420
scPP,Negative,Neg_ctrl_Sample_90,-0.0965006780368797,1384,3.14144977340047,Sample_100_GSE39420
scPP,Negative,Neg_ctrl_Sample_91,0.0393788477066825,1384,3.14144977340047,Sample_100_GSE39420
scPP,Negative,Neg_ctrl_Sample_92,0.312973510752644,1384,3.14144977340047,Sample_100_GSE39420
scPP,Negative,Neg_ctrl_Sample_93,0.0398255414469837,1384,3.14144977340047,Sample_100_GSE39420
scPP,Negative,Neg_ctrl_Sample_94,0.121365121585793,1384,3.14144977340047,Sample_100_GSE39420
scPP,Negative,Neg_ctrl_Sample_95,0.0182223112230972,1384,3.14144977340047,Sample_100_GSE39420
scPP,Negative,Neg_ctrl_Sample_96,-0.121390323979033,1384,3.14144977340047,Sample_100_GSE39420
scPP,Negative,Neg_ctrl_Sample_97,-0.0347272462491527,1384,3.14144977340047,Sample_100_GSE39420
scPP,Negative,Neg_ctrl_Sample_98,0.121721160400236,1384,3.14144977340047,Sample_100_GSE39420
scPP,Negative,Neg_ctrl_Sample_99,-0.0452062430048927,1384,3.14144977340047,Sample_100_GSE39420
scPP,Negative,Neg_ctrl_Sample_100,0.057993819249236,1384,3.14144977340047,Sample_100_GSE39420
scPP,Neutral,Neg_ctrl_Sample_1,0.102972815641612,11025,4.04241798814325,Sample_100_GSE39420
scPP,Neutral,Neg_ctrl_Sample_2,0.0782711140084092,11025,4.04241798814325,Sample_100_GSE39420
scPP,Neutral,Neg_ctrl_Sample_3,0.184111492312701,11025,4.04241798814325,Sample_100_GSE39420
scPP,Neutral,Neg_ctrl_Sample_4,0.000714415134978981,11025,4.04241798814325,Sample_100_GSE39420
scPP,Neutral,Neg_ctrl_Sample_5,-0.00877252832369889,11025,4.04241798814325,Sample_100_GSE39420
scPP,Neutral,Neg_ctrl_Sample_6,0.0208349629623826,11025,4.04241798814325,Sample_100_GSE39420
scPP,Neutral,Neg_ctrl_Sample_7,-0.0542267928878707,11025,4.04241798814325,Sample_100_GSE39420
scPP,Neutral,Neg_ctrl_Sample_8,-0.0555569419766161,11025,4.04241798814325,Sample_100_GSE39420
scPP,Neutral,Neg_ctrl_Sample_9,-0.108084278616643,11025,4.04241798814325,Sample_100_GSE39420
scPP,Neutral,Neg_ctrl_Sample_10,0.0485281829744111,11025,4.04241798814325,Sample_100_GSE39420
scPP,Neutral,Neg_ctrl_Sample_11,0.0338712179020352,11025,4.04241798814325,Sample_100_GSE39420
scPP,Neutral,Neg_ctrl_Sample_12,0.0739321839276762,11025,4.04241798814325,Sample_100_GSE39420
scPP,Neutral,Neg_ctrl_Sample_13,0.0112110881859347,11025,4.04241798814325,Sample_100_GSE39420
scPP,Neutral,Neg_ctrl_Sample_14,0.0734008300674588,11025,4.04241798814325,Sample_100_GSE39420
scPP,Neutral,Neg_ctrl_Sample_15,-0.0216325997927966,11025,4.04241798814325,Sample_100_GSE39420
scPP,Neutral,Neg_ctrl_Sample_16,-0.116189167645858,11025,4.04241798814325,Sample_100_GSE39420
scPP,Neutral,Neg_ctrl_Sample_17,-0.00157233611959545,11025,4.04241798814325,Sample_100_GSE39420
scPP,Neutral,Neg_ctrl_Sample_18,-0.0778094575903935,11025,4.04241798814325,Sample_100_GSE39420
scPP,Neutral,Neg_ctrl_Sample_19,-0.186475746681774,11025,4.04241798814325,Sample_100_GSE39420
scPP,Neutral,Neg_ctrl_Sample_20,-0.0244461472934756,11025,4.04241798814325,Sample_100_GSE39420
scPP,Neutral,Neg_ctrl_Sample_21,-0.16501288764506,11025,4.04241798814325,Sample_100_GSE39420
scPP,Neutral,Neg_ctrl_Sample_22,-0.0343545281135773,11025,4.04241798814325,Sample_100_GSE39420
scPP,Neutral,Neg_ctrl_Sample_23,0.0587197123418387,11025,4.04241798814325,Sample_100_GSE39420
scPP,Neutral,Neg_ctrl_Sample_24,-0.0653856920758576,11025,4.04241798814325,Sample_100_GSE39420
scPP,Neutral,Neg_ctrl_Sample_25,-0.0361519164771776,11025,4.04241798814325,Sample_100_GSE39420
scPP,Neutral,Neg_ctrl_Sample_26,-0.120436114069421,11025,4.04241798814325,Sample_100_GSE39420
scPP,Neutral,Neg_ctrl_Sample_27,0.247964132374208,11025,4.04241798814325,Sample_100_GSE39420
scPP,Neutral,Neg_ctrl_Sample_28,-0.00849285408523274,11025,4.04241798814325,Sample_100_GSE39420
scPP,Neutral,Neg_ctrl_Sample_29,0.073442355951374,11025,4.04241798814325,Sample_100_GSE39420
scPP,Neutral,Neg_ctrl_Sample_30,0.0513115175205398,11025,4.04241798814325,Sample_100_GSE39420
scPP,Neutral,Neg_ctrl_Sample_31,0.0184715054292267,11025,4.04241798814325,Sample_100_GSE39420
scPP,Neutral,Neg_ctrl_Sample_32,-0.10815213759488,11025,4.04241798814325,Sample_100_GSE39420
scPP,Neutral,Neg_ctrl_Sample_33,0.0240960553852226,11025,4.04241798814325,Sample_100_GSE39420
scPP,Neutral,Neg_ctrl_Sample_34,0.147822615623901,11025,4.04241798814325,Sample_100_GSE39420
scPP,Neutral,Neg_ctrl_Sample_35,0.00501591831339106,11025,4.04241798814325,Sample_100_GSE39420
scPP,Neutral,Neg_ctrl_Sample_36,-0.0528836381881473,11025,4.04241798814325,Sample_100_GSE39420
scPP,Neutral,Neg_ctrl_Sample_37,0.185601910696279,11025,4.04241798814325,Sample_100_GSE39420
scPP,Neutral,Neg_ctrl_Sample_38,0.133500394981169,11025,4.04241798814325,Sample_100_GSE39420
scPP,Neutral,Neg_ctrl_Sample_39,-0.0257032297511828,11025,4.04241798814325,Sample_100_GSE39420
scPP,Neutral,Neg_ctrl_Sample_40,-0.176242964517322,11025,4.04241798814325,Sample_100_GSE39420
scPP,Neutral,Neg_ctrl_Sample_41,-0.0454699261074915,11025,4.04241798814325,Sample_100_GSE39420
scPP,Neutral,Neg_ctrl_Sample_42,0.147444878681623,11025,4.04241798814325,Sample_100_GSE39420
scPP,Neutral,Neg_ctrl_Sample_43,0.250302971932428,11025,4.04241798814325,Sample_100_GSE39420
scPP,Neutral,Neg_ctrl_Sample_44,0.0475838590342011,11025,4.04241798814325,Sample_100_GSE39420
scPP,Neutral,Neg_ctrl_Sample_45,0.0105996506153583,11025,4.04241798814325,Sample_100_GSE39420
scPP,Neutral,Neg_ctrl_Sample_46,0.118003435135853,11025,4.04241798814325,Sample_100_GSE39420
scPP,Neutral,Neg_ctrl_Sample_47,0.145105914636087,11025,4.04241798814325,Sample_100_GSE39420
scPP,Neutral,Neg_ctrl_Sample_48,-0.00264862029768571,11025,4.04241798814325,Sample_100_GSE39420
scPP,Neutral,Neg_ctrl_Sample_49,0.0372233784319989,11025,4.04241798814325,Sample_100_GSE39420
scPP,Neutral,Neg_ctrl_Sample_50,-0.0151475807740057,11025,4.04241798814325,Sample_100_GSE39420
scPP,Neutral,Neg_ctrl_Sample_51,-0.0223499245797181,11025,4.04241798814325,Sample_100_GSE39420
scPP,Neutral,Neg_ctrl_Sample_52,0.217316942341021,11025,4.04241798814325,Sample_100_GSE39420
scPP,Neutral,Neg_ctrl_Sample_53,-0.191381720860388,11025,4.04241798814325,Sample_100_GSE39420
scPP,Neutral,Neg_ctrl_Sample_54,-0.00848556899878321,11025,4.04241798814325,Sample_100_GSE39420
scPP,Neutral,Neg_ctrl_Sample_55,0.174299101665617,11025,4.04241798814325,Sample_100_GSE39420
scPP,Neutral,Neg_ctrl_Sample_56,0.0261497857014393,11025,4.04241798814325,Sample_100_GSE39420
scPP,Neutral,Neg_ctrl_Sample_57,0.116554296676465,11025,4.04241798814325,Sample_100_GSE39420
scPP,Neutral,Neg_ctrl_Sample_58,0.0259765089501661,11025,4.04241798814325,Sample_100_GSE39420
scPP,Neutral,Neg_ctrl_Sample_59,-0.0583674572594039,11025,4.04241798814325,Sample_100_GSE39420
scPP,Neutral,Neg_ctrl_Sample_60,-0.0974769248846038,11025,4.04241798814325,Sample_100_GSE39420
scPP,Neutral,Neg_ctrl_Sample_61,-0.0998249215714172,11025,4.04241798814325,Sample_100_GSE39420
scPP,Neutral,Neg_ctrl_Sample_62,-0.0901978100532475,11025,4.04241798814325,Sample_100_GSE39420
scPP,Neutral,Neg_ctrl_Sample_63,-0.0725533902569764,11025,4.04241798814325,Sample_100_GSE39420
scPP,Neutral,Neg_ctrl_Sample_64,0.0429147957617667,11025,4.04241798814325,Sample_100_GSE39420
scPP,Neutral,Neg_ctrl_Sample_65,0.0425624331204059,11025,4.04241798814325,Sample_100_GSE39420
scPP,Neutral,Neg_ctrl_Sample_66,-0.172037079894791,11025,4.04241798814325,Sample_100_GSE39420
scPP,Neutral,Neg_ctrl_Sample_67,-0.152152684617412,11025,4.04241798814325,Sample_100_GSE39420
scPP,Neutral,Neg_ctrl_Sample_68,-0.147283422547984,11025,4.04241798814325,Sample_100_GSE39420
scPP,Neutral,Neg_ctrl_Sample_69,0.0423460170394161,11025,4.04241798814325,Sample_100_GSE39420
scPP,Neutral,Neg_ctrl_Sample_70,-0.189813941007366,11025,4.04241798814325,Sample_100_GSE39420
scPP,Neutral,Neg_ctrl_Sample_71,-0.0588362635722237,11025,4.04241798814325,Sample_100_GSE39420
scPP,Neutral,Neg_ctrl_Sample_72,-0.108522832590138,11025,4.04241798814325,Sample_100_GSE39420
scPP,Neutral,Neg_ctrl_Sample_73,0.0453163343715718,11025,4.04241798814325,Sample_100_GSE39420
scPP,Neutral,Neg_ctrl_Sample_74,0.0464111677812643,11025,4.04241798814325,Sample_100_GSE39420
scPP,Neutral,Neg_ctrl_Sample_75,0.0541937298840528,11025,4.04241798814325,Sample_100_GSE39420
scPP,Neutral,Neg_ctrl_Sample_76,0.123935397051925,11025,4.04241798814325,Sample_100_GSE39420
scPP,Neutral,Neg_ctrl_Sample_77,-0.13530014310447,11025,4.04241798814325,Sample_100_GSE39420
scPP,Neutral,Neg_ctrl_Sample_78,0.0669366852748469,11025,4.04241798814325,Sample_100_GSE39420
scPP,Neutral,Neg_ctrl_Sample_79,0.220051737251774,11025,4.04241798814325,Sample_100_GSE39420
scPP,Neutral,Neg_ctrl_Sample_80,-0.052293623786949,11025,4.04241798814325,Sample_100_GSE39420
scPP,Neutral,Neg_ctrl_Sample_81,-0.245227381377249,11025,4.04241798814325,Sample_100_GSE39420
scPP,Neutral,Neg_ctrl_Sample_82,0.00528144769474115,11025,4.04241798814325,Sample_100_GSE39420
scPP,Neutral,Neg_ctrl_Sample_83,0.0963293807112994,11025,4.04241798814325,Sample_100_GSE39420
scPP,Neutral,Neg_ctrl_Sample_84,0.106760184063057,11025,4.04241798814325,Sample_100_GSE39420
scPP,Neutral,Neg_ctrl_Sample_85,-0.161571338601754,11025,4.04241798814325,Sample_100_GSE39420
scPP,Neutral,Neg_ctrl_Sample_86,-0.131240923682906,11025,4.04241798814325,Sample_100_GSE39420
scPP,Neutral,Neg_ctrl_Sample_87,0.0607180411258564,11025,4.04241798814325,Sample_100_GSE39420
scPP,Neutral,Neg_ctrl_Sample_88,-0.101731100059133,11025,4.04241798814325,Sample_100_GSE39420
scPP,Neutral,Neg_ctrl_Sample_89,0.0369281242393618,11025,4.04241798814325,Sample_100_GSE39420
scPP,Neutral,Neg_ctrl_Sample_90,-0.110149054514025,11025,4.04241798814325,Sample_100_GSE39420
scPP,Neutral,Neg_ctrl_Sample_91,0.0303398043956375,11025,4.04241798814325,Sample_100_GSE39420
scPP,Neutral,Neg_ctrl_Sample_92,0.312406688888214,11025,4.04241798814325,Sample_100_GSE39420
scPP,Neutral,Neg_ctrl_Sample_93,0.0626298121295829,11025,4.04241798814325,Sample_100_GSE39420
scPP,Neutral,Neg_ctrl_Sample_94,0.143142568444158,11025,4.04241798814325,Sample_100_GSE39420
scPP,Neutral,Neg_ctrl_Sample_95,0.0199569683861297,11025,4.04241798814325,Sample_100_GSE39420
scPP,Neutral,Neg_ctrl_Sample_96,-0.0998995604159909,11025,4.04241798814325,Sample_100_GSE39420
scPP,Neutral,Neg_ctrl_Sample_97,-0.0313326014859516,11025,4.04241798814325,Sample_100_GSE39420
scPP,Neutral,Neg_ctrl_Sample_98,0.113404833499347,11025,4.04241798814325,Sample_100_GSE39420
scPP,Neutral,Neg_ctrl_Sample_99,-0.0799085961693842,11025,4.04241798814325,Sample_100_GSE39420
scPP,Neutral,Neg_ctrl_Sample_100,0.0636039938346156,11025,4.04241798814325,Sample_100_GSE39420
scPP,Positive,Neg_ctrl_Sample_1,0.100966679423306,400,2.60314437262018,Sample_100_GSE39420
scPP,Positive,Neg_ctrl_Sample_2,0.074074392822832,400,2.60314437262018,Sample_100_GSE39420
scPP,Positive,Neg_ctrl_Sample_3,0.17271143736072,400,2.60314437262018,Sample_100_GSE39420
scPP,Positive,Neg_ctrl_Sample_4,-0.00857546143974119,400,2.60314437262018,Sample_100_GSE39420
scPP,Positive,Neg_ctrl_Sample_5,-0.015420005928695,400,2.60314437262018,Sample_100_GSE39420
scPP,Positive,Neg_ctrl_Sample_6,0.0269630382692509,400,2.60314437262018,Sample_100_GSE39420
scPP,Positive,Neg_ctrl_Sample_7,-0.0522280242367816,400,2.60314437262018,Sample_100_GSE39420
scPP,Positive,Neg_ctrl_Sample_8,-0.055899574998092,400,2.60314437262018,Sample_100_GSE39420
scPP,Positive,Neg_ctrl_Sample_9,-0.105308826942354,400,2.60314437262018,Sample_100_GSE39420
scPP,Positive,Neg_ctrl_Sample_10,0.0483559943798235,400,2.60314437262018,Sample_100_GSE39420
scPP,Positive,Neg_ctrl_Sample_11,0.0353119917474434,400,2.60314437262018,Sample_100_GSE39420
scPP,Positive,Neg_ctrl_Sample_12,0.0766205550556584,400,2.60314437262018,Sample_100_GSE39420
scPP,Positive,Neg_ctrl_Sample_13,0.0153155532687473,400,2.60314437262018,Sample_100_GSE39420
scPP,Positive,Neg_ctrl_Sample_14,0.0683960587381065,400,2.60314437262018,Sample_100_GSE39420
scPP,Positive,Neg_ctrl_Sample_15,-0.0338847949930285,400,2.60314437262018,Sample_100_GSE39420
scPP,Positive,Neg_ctrl_Sample_16,-0.122574161538035,400,2.60314437262018,Sample_100_GSE39420
scPP,Positive,Neg_ctrl_Sample_17,-0.00879887548948844,400,2.60314437262018,Sample_100_GSE39420
scPP,Positive,Neg_ctrl_Sample_18,-0.0723707352100654,400,2.60314437262018,Sample_100_GSE39420
scPP,Positive,Neg_ctrl_Sample_19,-0.198720927733608,400,2.60314437262018,Sample_100_GSE39420
scPP,Positive,Neg_ctrl_Sample_20,-0.0128037251365359,400,2.60314437262018,Sample_100_GSE39420
scPP,Positive,Neg_ctrl_Sample_21,-0.172545207698022,400,2.60314437262018,Sample_100_GSE39420
scPP,Positive,Neg_ctrl_Sample_22,-0.0405641520167668,400,2.60314437262018,Sample_100_GSE39420
scPP,Positive,Neg_ctrl_Sample_23,0.059364064637166,400,2.60314437262018,Sample_100_GSE39420
scPP,Positive,Neg_ctrl_Sample_24,-0.067491879146662,400,2.60314437262018,Sample_100_GSE39420
scPP,Positive,Neg_ctrl_Sample_25,-0.0325505888384501,400,2.60314437262018,Sample_100_GSE39420
scPP,Positive,Neg_ctrl_Sample_26,-0.12153971777528,400,2.60314437262018,Sample_100_GSE39420
scPP,Positive,Neg_ctrl_Sample_27,0.252116540484872,400,2.60314437262018,Sample_100_GSE39420
scPP,Positive,Neg_ctrl_Sample_28,-0.0081692397757056,400,2.60314437262018,Sample_100_GSE39420
scPP,Positive,Neg_ctrl_Sample_29,0.0779083473017394,400,2.60314437262018,Sample_100_GSE39420
scPP,Positive,Neg_ctrl_Sample_30,0.0614701837624443,400,2.60314437262018,Sample_100_GSE39420
scPP,Positive,Neg_ctrl_Sample_31,0.0191449324679212,400,2.60314437262018,Sample_100_GSE39420
scPP,Positive,Neg_ctrl_Sample_32,-0.108701668823947,400,2.60314437262018,Sample_100_GSE39420
scPP,Positive,Neg_ctrl_Sample_33,0.021415674083144,400,2.60314437262018,Sample_100_GSE39420
scPP,Positive,Neg_ctrl_Sample_34,0.153371181017938,400,2.60314437262018,Sample_100_GSE39420
scPP,Positive,Neg_ctrl_Sample_35,0.00635855456225619,400,2.60314437262018,Sample_100_GSE39420
scPP,Positive,Neg_ctrl_Sample_36,-0.0588222315908303,400,2.60314437262018,Sample_100_GSE39420
scPP,Positive,Neg_ctrl_Sample_37,0.193148526011866,400,2.60314437262018,Sample_100_GSE39420
scPP,Positive,Neg_ctrl_Sample_38,0.135030413600446,400,2.60314437262018,Sample_100_GSE39420
scPP,Positive,Neg_ctrl_Sample_39,-0.0226420210987827,400,2.60314437262018,Sample_100_GSE39420
scPP,Positive,Neg_ctrl_Sample_40,-0.169463219695372,400,2.60314437262018,Sample_100_GSE39420
scPP,Positive,Neg_ctrl_Sample_41,-0.0494908369155518,400,2.60314437262018,Sample_100_GSE39420
scPP,Positive,Neg_ctrl_Sample_42,0.158363844544563,400,2.60314437262018,Sample_100_GSE39420
scPP,Positive,Neg_ctrl_Sample_43,0.246919287165278,400,2.60314437262018,Sample_100_GSE39420
scPP,Positive,Neg_ctrl_Sample_44,0.0532130934387763,400,2.60314437262018,Sample_100_GSE39420
scPP,Positive,Neg_ctrl_Sample_45,0.00597304172736311,400,2.60314437262018,Sample_100_GSE39420
scPP,Positive,Neg_ctrl_Sample_46,0.116146703683307,400,2.60314437262018,Sample_100_GSE39420
scPP,Positive,Neg_ctrl_Sample_47,0.141937496687261,400,2.60314437262018,Sample_100_GSE39420
scPP,Positive,Neg_ctrl_Sample_48,-0.0115600660716746,400,2.60314437262018,Sample_100_GSE39420
scPP,Positive,Neg_ctrl_Sample_49,0.0375352066664741,400,2.60314437262018,Sample_100_GSE39420
scPP,Positive,Neg_ctrl_Sample_50,-0.0119404452679016,400,2.60314437262018,Sample_100_GSE39420
scPP,Positive,Neg_ctrl_Sample_51,-0.0214594283872299,400,2.60314437262018,Sample_100_GSE39420
scPP,Positive,Neg_ctrl_Sample_52,0.219783234924604,400,2.60314437262018,Sample_100_GSE39420
scPP,Positive,Neg_ctrl_Sample_53,-0.192545881921475,400,2.60314437262018,Sample_100_GSE39420
scPP,Positive,Neg_ctrl_Sample_54,-0.0083329234376026,400,2.60314437262018,Sample_100_GSE39420
scPP,Positive,Neg_ctrl_Sample_55,0.176268777471918,400,2.60314437262018,Sample_100_GSE39420
scPP,Positive,Neg_ctrl_Sample_56,0.0359198585181428,400,2.60314437262018,Sample_100_GSE39420
scPP,Positive,Neg_ctrl_Sample_57,0.104932375865216,400,2.60314437262018,Sample_100_GSE39420
scPP,Positive,Neg_ctrl_Sample_58,0.030581700379459,400,2.60314437262018,Sample_100_GSE39420
scPP,Positive,Neg_ctrl_Sample_59,-0.0618562519454443,400,2.60314437262018,Sample_100_GSE39420
scPP,Positive,Neg_ctrl_Sample_60,-0.101346757154091,400,2.60314437262018,Sample_100_GSE39420
scPP,Positive,Neg_ctrl_Sample_61,-0.104355005534659,400,2.60314437262018,Sample_100_GSE39420
scPP,Positive,Neg_ctrl_Sample_62,-0.0918577000421934,400,2.60314437262018,Sample_100_GSE39420
scPP,Positive,Neg_ctrl_Sample_63,-0.0836908938449156,400,2.60314437262018,Sample_100_GSE39420
scPP,Positive,Neg_ctrl_Sample_64,0.0359643160734524,400,2.60314437262018,Sample_100_GSE39420
scPP,Positive,Neg_ctrl_Sample_65,0.0409688749711939,400,2.60314437262018,Sample_100_GSE39420
scPP,Positive,Neg_ctrl_Sample_66,-0.162445876779706,400,2.60314437262018,Sample_100_GSE39420
scPP,Positive,Neg_ctrl_Sample_67,-0.148943710047135,400,2.60314437262018,Sample_100_GSE39420
scPP,Positive,Neg_ctrl_Sample_68,-0.140582390579968,400,2.60314437262018,Sample_100_GSE39420
scPP,Positive,Neg_ctrl_Sample_69,0.0382360976278255,400,2.60314437262018,Sample_100_GSE39420
scPP,Positive,Neg_ctrl_Sample_70,-0.205098440377895,400,2.60314437262018,Sample_100_GSE39420
scPP,Positive,Neg_ctrl_Sample_71,-0.0565338001462018,400,2.60314437262018,Sample_100_GSE39420
scPP,Positive,Neg_ctrl_Sample_72,-0.109942035423292,400,2.60314437262018,Sample_100_GSE39420
scPP,Positive,Neg_ctrl_Sample_73,0.0372317604636905,400,2.60314437262018,Sample_100_GSE39420
scPP,Positive,Neg_ctrl_Sample_74,0.0441526848387608,400,2.60314437262018,Sample_100_GSE39420
scPP,Positive,Neg_ctrl_Sample_75,0.0550885055345566,400,2.60314437262018,Sample_100_GSE39420
scPP,Positive,Neg_ctrl_Sample_76,0.123877021738183,400,2.60314437262018,Sample_100_GSE39420
scPP,Positive,Neg_ctrl_Sample_77,-0.133422132422946,400,2.60314437262018,Sample_100_GSE39420
scPP,Positive,Neg_ctrl_Sample_78,0.0751078309495831,400,2.60314437262018,Sample_100_GSE39420
scPP,Positive,Neg_ctrl_Sample_79,0.219819831272126,400,2.60314437262018,Sample_100_GSE39420
scPP,Positive,Neg_ctrl_Sample_80,-0.0477713933515009,400,2.60314437262018,Sample_100_GSE39420
scPP,Positive,Neg_ctrl_Sample_81,-0.245055391966054,400,2.60314437262018,Sample_100_GSE39420
scPP,Positive,Neg_ctrl_Sample_82,0.00882077010645174,400,2.60314437262018,Sample_100_GSE39420
scPP,Positive,Neg_ctrl_Sample_83,0.0965132000220575,400,2.60314437262018,Sample_100_GSE39420
scPP,Positive,Neg_ctrl_Sample_84,0.103741356253749,400,2.60314437262018,Sample_100_GSE39420
scPP,Positive,Neg_ctrl_Sample_85,-0.163168052586788,400,2.60314437262018,Sample_100_GSE39420
scPP,Positive,Neg_ctrl_Sample_86,-0.125166737243708,400,2.60314437262018,Sample_100_GSE39420
scPP,Positive,Neg_ctrl_Sample_87,0.0682604296067894,400,2.60314437262018,Sample_100_GSE39420
scPP,Positive,Neg_ctrl_Sample_88,-0.108637245460201,400,2.60314437262018,Sample_100_GSE39420
scPP,Positive,Neg_ctrl_Sample_89,0.0309354534020331,400,2.60314437262018,Sample_100_GSE39420
scPP,Positive,Neg_ctrl_Sample_90,-0.114427027487345,400,2.60314437262018,Sample_100_GSE39420
scPP,Positive,Neg_ctrl_Sample_91,0.0264033645641224,400,2.60314437262018,Sample_100_GSE39420
scPP,Positive,Neg_ctrl_Sample_92,0.316028594682588,400,2.60314437262018,Sample_100_GSE39420
scPP,Positive,Neg_ctrl_Sample_93,0.0664328774739106,400,2.60314437262018,Sample_100_GSE39420
scPP,Positive,Neg_ctrl_Sample_94,0.145741409630792,400,2.60314437262018,Sample_100_GSE39420
scPP,Positive,Neg_ctrl_Sample_95,0.0166710893623983,400,2.60314437262018,Sample_100_GSE39420
scPP,Positive,Neg_ctrl_Sample_96,-0.0959434251380674,400,2.60314437262018,Sample_100_GSE39420
scPP,Positive,Neg_ctrl_Sample_97,-0.0267032256942822,400,2.60314437262018,Sample_100_GSE39420
scPP,Positive,Neg_ctrl_Sample_98,0.114244743698137,400,2.60314437262018,Sample_100_GSE39420
scPP,Positive,Neg_ctrl_Sample_99,-0.0840164171916528,400,2.60314437262018,Sample_100_GSE39420
scPP,Positive,Neg_ctrl_Sample_100,0.0542858001478669,400,2.60314437262018,Sample_100_GSE39420
LP_SGL,Negative,Neg_ctrl_Sample_1,0.106789643744774,203,2.3096301674259,Sample_100_GSE39420
LP_SGL,Negative,Neg_ctrl_Sample_2,0.108610474026086,203,2.3096301674259,Sample_100_GSE39420
LP_SGL,Negative,Neg_ctrl_Sample_3,0.184237815596241,203,2.3096301674259,Sample_100_GSE39420
LP_SGL,Negative,Neg_ctrl_Sample_4,-0.0138356030253656,203,2.3096301674259,Sample_100_GSE39420
LP_SGL,Negative,Neg_ctrl_Sample_5,-0.00664105816644944,203,2.3096301674259,Sample_100_GSE39420
LP_SGL,Negative,Neg_ctrl_Sample_6,0.00512461476894882,203,2.3096301674259,Sample_100_GSE39420
LP_SGL,Negative,Neg_ctrl_Sample_7,-0.0560434798762341,203,2.3096301674259,Sample_100_GSE39420
LP_SGL,Negative,Neg_ctrl_Sample_8,-0.0721498083782671,203,2.3096301674259,Sample_100_GSE39420
LP_SGL,Negative,Neg_ctrl_Sample_9,-0.118082178773727,203,2.3096301674259,Sample_100_GSE39420
LP_SGL,Negative,Neg_ctrl_Sample_10,0.0435883140579351,203,2.3096301674259,Sample_100_GSE39420
LP_SGL,Negative,Neg_ctrl_Sample_11,0.0275847465725046,203,2.3096301674259,Sample_100_GSE39420
LP_SGL,Negative,Neg_ctrl_Sample_12,0.0649563956040368,203,2.3096301674259,Sample_100_GSE39420
LP_SGL,Negative,Neg_ctrl_Sample_13,0.020194774902963,203,2.3096301674259,Sample_100_GSE39420
LP_SGL,Negative,Neg_ctrl_Sample_14,0.0652584278020095,203,2.3096301674259,Sample_100_GSE39420
LP_SGL,Negative,Neg_ctrl_Sample_15,-0.0417759843016319,203,2.3096301674259,Sample_100_GSE39420
LP_SGL,Negative,Neg_ctrl_Sample_16,-0.144852541460681,203,2.3096301674259,Sample_100_GSE39420
LP_SGL,Negative,Neg_ctrl_Sample_17,-0.00807188413784181,203,2.3096301674259,Sample_100_GSE39420
LP_SGL,Negative,Neg_ctrl_Sample_18,-0.0851955805286837,203,2.3096301674259,Sample_100_GSE39420
LP_SGL,Negative,Neg_ctrl_Sample_19,-0.182855548375201,203,2.3096301674259,Sample_100_GSE39420
LP_SGL,Negative,Neg_ctrl_Sample_20,-0.0473779844984377,203,2.3096301674259,Sample_100_GSE39420
LP_SGL,Negative,Neg_ctrl_Sample_21,-0.167026025347155,203,2.3096301674259,Sample_100_GSE39420
LP_SGL,Negative,Neg_ctrl_Sample_22,-0.0560023439993623,203,2.3096301674259,Sample_100_GSE39420
LP_SGL,Negative,Neg_ctrl_Sample_23,0.0630992212678907,203,2.3096301674259,Sample_100_GSE39420
LP_SGL,Negative,Neg_ctrl_Sample_24,-0.102708950465218,203,2.3096301674259,Sample_100_GSE39420
LP_SGL,Negative,Neg_ctrl_Sample_25,-0.0505825851097548,203,2.3096301674259,Sample_100_GSE39420
LP_SGL,Negative,Neg_ctrl_Sample_26,-0.125720378958355,203,2.3096301674259,Sample_100_GSE39420
LP_SGL,Negative,Neg_ctrl_Sample_27,0.257176038959393,203,2.3096301674259,Sample_100_GSE39420
LP_SGL,Negative,Neg_ctrl_Sample_28,0.000618199047418443,203,2.3096301674259,Sample_100_GSE39420
LP_SGL,Negative,Neg_ctrl_Sample_29,0.0530206208470782,203,2.3096301674259,Sample_100_GSE39420
LP_SGL,Negative,Neg_ctrl_Sample_30,0.0484830775152557,203,2.3096301674259,Sample_100_GSE39420
LP_SGL,Negative,Neg_ctrl_Sample_31,-0.00654485728449859,203,2.3096301674259,Sample_100_GSE39420
LP_SGL,Negative,Neg_ctrl_Sample_32,-0.115065894899913,203,2.3096301674259,Sample_100_GSE39420
LP_SGL,Negative,Neg_ctrl_Sample_33,0.00797081602338499,203,2.3096301674259,Sample_100_GSE39420
LP_SGL,Negative,Neg_ctrl_Sample_34,0.1624303703969,203,2.3096301674259,Sample_100_GSE39420
LP_SGL,Negative,Neg_ctrl_Sample_35,-0.000610851407229574,203,2.3096301674259,Sample_100_GSE39420
LP_SGL,Negative,Neg_ctrl_Sample_36,-0.0462525230275179,203,2.3096301674259,Sample_100_GSE39420
LP_SGL,Negative,Neg_ctrl_Sample_37,0.194870533549351,203,2.3096301674259,Sample_100_GSE39420
LP_SGL,Negative,Neg_ctrl_Sample_38,0.121744211958381,203,2.3096301674259,Sample_100_GSE39420
LP_SGL,Negative,Neg_ctrl_Sample_39,-0.0189679374890529,203,2.3096301674259,Sample_100_GSE39420
LP_SGL,Negative,Neg_ctrl_Sample_40,-0.186080375388481,203,2.3096301674259,Sample_100_GSE39420
LP_SGL,Negative,Neg_ctrl_Sample_41,-0.0567816010735905,203,2.3096301674259,Sample_100_GSE39420
LP_SGL,Negative,Neg_ctrl_Sample_42,0.160187080463709,203,2.3096301674259,Sample_100_GSE39420
LP_SGL,Negative,Neg_ctrl_Sample_43,0.263212275427893,203,2.3096301674259,Sample_100_GSE39420
LP_SGL,Negative,Neg_ctrl_Sample_44,0.046094918936905,203,2.3096301674259,Sample_100_GSE39420
LP_SGL,Negative,Neg_ctrl_Sample_45,0.0148168083733223,203,2.3096301674259,Sample_100_GSE39420
LP_SGL,Negative,Neg_ctrl_Sample_46,0.135068375650186,203,2.3096301674259,Sample_100_GSE39420
LP_SGL,Negative,Neg_ctrl_Sample_47,0.153141321015306,203,2.3096301674259,Sample_100_GSE39420
LP_SGL,Negative,Neg_ctrl_Sample_48,-0.0306531234799988,203,2.3096301674259,Sample_100_GSE39420
LP_SGL,Negative,Neg_ctrl_Sample_49,0.0230573925587363,203,2.3096301674259,Sample_100_GSE39420
LP_SGL,Negative,Neg_ctrl_Sample_50,-0.0235676501761914,203,2.3096301674259,Sample_100_GSE39420
LP_SGL,Negative,Neg_ctrl_Sample_51,-0.0252236064640487,203,2.3096301674259,Sample_100_GSE39420
LP_SGL,Negative,Neg_ctrl_Sample_52,0.230909720757092,203,2.3096301674259,Sample_100_GSE39420
LP_SGL,Negative,Neg_ctrl_Sample_53,-0.209283489207858,203,2.3096301674259,Sample_100_GSE39420
LP_SGL,Negative,Neg_ctrl_Sample_54,-0.0173607355117551,203,2.3096301674259,Sample_100_GSE39420
LP_SGL,Negative,Neg_ctrl_Sample_55,0.173386967847421,203,2.3096301674259,Sample_100_GSE39420
LP_SGL,Negative,Neg_ctrl_Sample_56,0.0220937165635027,203,2.3096301674259,Sample_100_GSE39420
LP_SGL,Negative,Neg_ctrl_Sample_57,0.125071234098387,203,2.3096301674259,Sample_100_GSE39420
LP_SGL,Negative,Neg_ctrl_Sample_58,0.0245466194258868,203,2.3096301674259,Sample_100_GSE39420
LP_SGL,Negative,Neg_ctrl_Sample_59,-0.0545994338822566,203,2.3096301674259,Sample_100_GSE39420
LP_SGL,Negative,Neg_ctrl_Sample_60,-0.104325399465575,203,2.3096301674259,Sample_100_GSE39420
LP_SGL,Negative,Neg_ctrl_Sample_61,-0.110499683709288,203,2.3096301674259,Sample_100_GSE39420
LP_SGL,Negative,Neg_ctrl_Sample_62,-0.112934814855525,203,2.3096301674259,Sample_100_GSE39420
LP_SGL,Negative,Neg_ctrl_Sample_63,-0.109555082168684,203,2.3096301674259,Sample_100_GSE39420
LP_SGL,Negative,Neg_ctrl_Sample_64,0.0291341296077214,203,2.3096301674259,Sample_100_GSE39420
LP_SGL,Negative,Neg_ctrl_Sample_65,0.0409798553699697,203,2.3096301674259,Sample_100_GSE39420
LP_SGL,Negative,Neg_ctrl_Sample_66,-0.187670566901899,203,2.3096301674259,Sample_100_GSE39420
LP_SGL,Negative,Neg_ctrl_Sample_67,-0.157890695665325,203,2.3096301674259,Sample_100_GSE39420
LP_SGL,Negative,Neg_ctrl_Sample_68,-0.149124073748948,203,2.3096301674259,Sample_100_GSE39420
LP_SGL,Negative,Neg_ctrl_Sample_69,0.0444773641661255,203,2.3096301674259,Sample_100_GSE39420
LP_SGL,Negative,Neg_ctrl_Sample_70,-0.191945815469443,203,2.3096301674259,Sample_100_GSE39420
LP_SGL,Negative,Neg_ctrl_Sample_71,-0.0656437936154094,203,2.3096301674259,Sample_100_GSE39420
LP_SGL,Negative,Neg_ctrl_Sample_72,-0.132655058416785,203,2.3096301674259,Sample_100_GSE39420
LP_SGL,Negative,Neg_ctrl_Sample_73,0.0366314751693232,203,2.3096301674259,Sample_100_GSE39420
LP_SGL,Negative,Neg_ctrl_Sample_74,0.0265637668338054,203,2.3096301674259,Sample_100_GSE39420
LP_SGL,Negative,Neg_ctrl_Sample_75,0.0638795460688837,203,2.3096301674259,Sample_100_GSE39420
LP_SGL,Negative,Neg_ctrl_Sample_76,0.133226344176945,203,2.3096301674259,Sample_100_GSE39420
LP_SGL,Negative,Neg_ctrl_Sample_77,-0.151073131297419,203,2.3096301674259,Sample_100_GSE39420
LP_SGL,Negative,Neg_ctrl_Sample_78,0.0703820501373439,203,2.3096301674259,Sample_100_GSE39420
LP_SGL,Negative,Neg_ctrl_Sample_79,0.23006785103318,203,2.3096301674259,Sample_100_GSE39420
LP_SGL,Negative,Neg_ctrl_Sample_80,-0.0536291720247893,203,2.3096301674259,Sample_100_GSE39420
LP_SGL,Negative,Neg_ctrl_Sample_81,-0.274703354839932,203,2.3096301674259,Sample_100_GSE39420
LP_SGL,Negative,Neg_ctrl_Sample_82,-0.0181716301677802,203,2.3096301674259,Sample_100_GSE39420
LP_SGL,Negative,Neg_ctrl_Sample_83,0.0870292529606522,203,2.3096301674259,Sample_100_GSE39420
LP_SGL,Negative,Neg_ctrl_Sample_84,0.104118686610338,203,2.3096301674259,Sample_100_GSE39420
LP_SGL,Negative,Neg_ctrl_Sample_85,-0.176740025231108,203,2.3096301674259,Sample_100_GSE39420
LP_SGL,Negative,Neg_ctrl_Sample_86,-0.136193449691921,203,2.3096301674259,Sample_100_GSE39420
LP_SGL,Negative,Neg_ctrl_Sample_87,0.0582013915983403,203,2.3096301674259,Sample_100_GSE39420
LP_SGL,Negative,Neg_ctrl_Sample_88,-0.108933937489806,203,2.3096301674259,Sample_100_GSE39420
LP_SGL,Negative,Neg_ctrl_Sample_89,0.0294579808012812,203,2.3096301674259,Sample_100_GSE39420
LP_SGL,Negative,Neg_ctrl_Sample_90,-0.119845640913905,203,2.3096301674259,Sample_100_GSE39420
LP_SGL,Negative,Neg_ctrl_Sample_91,0.0145746725154149,203,2.3096301674259,Sample_100_GSE39420
LP_SGL,Negative,Neg_ctrl_Sample_92,0.334961685940809,203,2.3096301674259,Sample_100_GSE39420
LP_SGL,Negative,Neg_ctrl_Sample_93,0.0446340643705731,203,2.3096301674259,Sample_100_GSE39420
LP_SGL,Negative,Neg_ctrl_Sample_94,0.135097523410302,203,2.3096301674259,Sample_100_GSE39420
LP_SGL,Negative,Neg_ctrl_Sample_95,0.00811508247252831,203,2.3096301674259,Sample_100_GSE39420
LP_SGL,Negative,Neg_ctrl_Sample_96,-0.13849465637535,203,2.3096301674259,Sample_100_GSE39420
LP_SGL,Negative,Neg_ctrl_Sample_97,-0.0314876886292081,203,2.3096301674259,Sample_100_GSE39420
LP_SGL,Negative,Neg_ctrl_Sample_98,0.126680848303627,203,2.3096301674259,Sample_100_GSE39420
LP_SGL,Negative,Neg_ctrl_Sample_99,-0.0772734888558905,203,2.3096301674259,Sample_100_GSE39420
LP_SGL,Negative,Neg_ctrl_Sample_100,0.0358242729911459,203,2.3096301674259,Sample_100_GSE39420
LP_SGL,Neutral,Neg_ctrl_Sample_1,0.104411370388828,11937,4.07693157455566,Sample_100_GSE39420
LP_SGL,Neutral,Neg_ctrl_Sample_2,0.0817510448074816,11937,4.07693157455566,Sample_100_GSE39420
LP_SGL,Neutral,Neg_ctrl_Sample_3,0.18600412210396,11937,4.07693157455566,Sample_100_GSE39420
LP_SGL,Neutral,Neg_ctrl_Sample_4,-0.000427709326744829,11937,4.07693157455566,Sample_100_GSE39420
LP_SGL,Neutral,Neg_ctrl_Sample_5,-0.00213321342608944,11937,4.07693157455566,Sample_100_GSE39420
LP_SGL,Neutral,Neg_ctrl_Sample_6,0.0196323066779462,11937,4.07693157455566,Sample_100_GSE39420
LP_SGL,Neutral,Neg_ctrl_Sample_7,-0.0553337994344308,11937,4.07693157455566,Sample_100_GSE39420
LP_SGL,Neutral,Neg_ctrl_Sample_8,-0.0548877457353932,11937,4.07693157455566,Sample_100_GSE39420
LP_SGL,Neutral,Neg_ctrl_Sample_9,-0.106424948822183,11937,4.07693157455566,Sample_100_GSE39420
LP_SGL,Neutral,Neg_ctrl_Sample_10,0.0461418699704107,11937,4.07693157455566,Sample_100_GSE39420
LP_SGL,Neutral,Neg_ctrl_Sample_11,0.0341013920347215,11937,4.07693157455566,Sample_100_GSE39420
LP_SGL,Neutral,Neg_ctrl_Sample_12,0.0744316054905681,11937,4.07693157455566,Sample_100_GSE39420
LP_SGL,Neutral,Neg_ctrl_Sample_13,0.0104499569390615,11937,4.07693157455566,Sample_100_GSE39420
LP_SGL,Neutral,Neg_ctrl_Sample_14,0.0742194032145224,11937,4.07693157455566,Sample_100_GSE39420
LP_SGL,Neutral,Neg_ctrl_Sample_15,-0.017086911049126,11937,4.07693157455566,Sample_100_GSE39420
LP_SGL,Neutral,Neg_ctrl_Sample_16,-0.113059436206777,11937,4.07693157455566,Sample_100_GSE39420
LP_SGL,Neutral,Neg_ctrl_Sample_17,-0.00130218222612407,11937,4.07693157455566,Sample_100_GSE39420
LP_SGL,Neutral,Neg_ctrl_Sample_18,-0.0781898728954155,11937,4.07693157455566,Sample_100_GSE39420
LP_SGL,Neutral,Neg_ctrl_Sample_19,-0.177536785007735,11937,4.07693157455566,Sample_100_GSE39420
LP_SGL,Neutral,Neg_ctrl_Sample_20,-0.0248211965269705,11937,4.07693157455566,Sample_100_GSE39420
LP_SGL,Neutral,Neg_ctrl_Sample_21,-0.167773785210677,11937,4.07693157455566,Sample_100_GSE39420
LP_SGL,Neutral,Neg_ctrl_Sample_22,-0.0303140289123386,11937,4.07693157455566,Sample_100_GSE39420
LP_SGL,Neutral,Neg_ctrl_Sample_23,0.0597600335898251,11937,4.07693157455566,Sample_100_GSE39420
LP_SGL,Neutral,Neg_ctrl_Sample_24,-0.0643615746948183,11937,4.07693157455566,Sample_100_GSE39420
LP_SGL,Neutral,Neg_ctrl_Sample_25,-0.0360809063401377,11937,4.07693157455566,Sample_100_GSE39420
LP_SGL,Neutral,Neg_ctrl_Sample_26,-0.12166046164217,11937,4.07693157455566,Sample_100_GSE39420
LP_SGL,Neutral,Neg_ctrl_Sample_27,0.2463686198515,11937,4.07693157455566,Sample_100_GSE39420
LP_SGL,Neutral,Neg_ctrl_Sample_28,-0.00912457717017251,11937,4.07693157455566,Sample_100_GSE39420
LP_SGL,Neutral,Neg_ctrl_Sample_29,0.0742290638282428,11937,4.07693157455566,Sample_100_GSE39420
LP_SGL,Neutral,Neg_ctrl_Sample_30,0.0502523094814636,11937,4.07693157455566,Sample_100_GSE39420
LP_SGL,Neutral,Neg_ctrl_Sample_31,0.0178916660606893,11937,4.07693157455566,Sample_100_GSE39420
LP_SGL,Neutral,Neg_ctrl_Sample_32,-0.108823664331817,11937,4.07693157455566,Sample_100_GSE39420
LP_SGL,Neutral,Neg_ctrl_Sample_33,0.0226657275030577,11937,4.07693157455566,Sample_100_GSE39420
LP_SGL,Neutral,Neg_ctrl_Sample_34,0.148688328554487,11937,4.07693157455566,Sample_100_GSE39420
LP_SGL,Neutral,Neg_ctrl_Sample_35,0.00806334594357402,11937,4.07693157455566,Sample_100_GSE39420
LP_SGL,Neutral,Neg_ctrl_Sample_36,-0.0511894687635969,11937,4.07693157455566,Sample_100_GSE39420
LP_SGL,Neutral,Neg_ctrl_Sample_37,0.182003024497386,11937,4.07693157455566,Sample_100_GSE39420
LP_SGL,Neutral,Neg_ctrl_Sample_38,0.13234633880672,11937,4.07693157455566,Sample_100_GSE39420
LP_SGL,Neutral,Neg_ctrl_Sample_39,-0.0237522079799202,11937,4.07693157455566,Sample_100_GSE39420
LP_SGL,Neutral,Neg_ctrl_Sample_40,-0.177133121560591,11937,4.07693157455566,Sample_100_GSE39420
LP_SGL,Neutral,Neg_ctrl_Sample_41,-0.0447304399167978,11937,4.07693157455566,Sample_100_GSE39420
LP_SGL,Neutral,Neg_ctrl_Sample_42,0.146543165484698,11937,4.07693157455566,Sample_100_GSE39420
LP_SGL,Neutral,Neg_ctrl_Sample_43,0.249209603180363,11937,4.07693157455566,Sample_100_GSE39420
LP_SGL,Neutral,Neg_ctrl_Sample_44,0.0479381326950458,11937,4.07693157455566,Sample_100_GSE39420
LP_SGL,Neutral,Neg_ctrl_Sample_45,0.0147962380482548,11937,4.07693157455566,Sample_100_GSE39420
LP_SGL,Neutral,Neg_ctrl_Sample_46,0.119425938261353,11937,4.07693157455566,Sample_100_GSE39420
LP_SGL,Neutral,Neg_ctrl_Sample_47,0.144634518503948,11937,4.07693157455566,Sample_100_GSE39420
LP_SGL,Neutral,Neg_ctrl_Sample_48,0.00214684647658718,11937,4.07693157455566,Sample_100_GSE39420
LP_SGL,Neutral,Neg_ctrl_Sample_49,0.0377067655873377,11937,4.07693157455566,Sample_100_GSE39420
LP_SGL,Neutral,Neg_ctrl_Sample_50,-0.0144889379861775,11937,4.07693157455566,Sample_100_GSE39420
LP_SGL,Neutral,Neg_ctrl_Sample_51,-0.0212064355308938,11937,4.07693157455566,Sample_100_GSE39420
LP_SGL,Neutral,Neg_ctrl_Sample_52,0.217423431385796,11937,4.07693157455566,Sample_100_GSE39420
LP_SGL,Neutral,Neg_ctrl_Sample_53,-0.189298456787894,11937,4.07693157455566,Sample_100_GSE39420
LP_SGL,Neutral,Neg_ctrl_Sample_54,-0.0035437474721981,11937,4.07693157455566,Sample_100_GSE39420
LP_SGL,Neutral,Neg_ctrl_Sample_55,0.173864888812818,11937,4.07693157455566,Sample_100_GSE39420
LP_SGL,Neutral,Neg_ctrl_Sample_56,0.0252912731474044,11937,4.07693157455566,Sample_100_GSE39420
LP_SGL,Neutral,Neg_ctrl_Sample_57,0.119793829442648,11937,4.07693157455566,Sample_100_GSE39420
LP_SGL,Neutral,Neg_ctrl_Sample_58,0.0258666772676313,11937,4.07693157455566,Sample_100_GSE39420
LP_SGL,Neutral,Neg_ctrl_Sample_59,-0.0573140564700846,11937,4.07693157455566,Sample_100_GSE39420
LP_SGL,Neutral,Neg_ctrl_Sample_60,-0.0960808724152145,11937,4.07693157455566,Sample_100_GSE39420
LP_SGL,Neutral,Neg_ctrl_Sample_61,-0.0996880631601216,11937,4.07693157455566,Sample_100_GSE39420
LP_SGL,Neutral,Neg_ctrl_Sample_62,-0.0884075278483883,11937,4.07693157455566,Sample_100_GSE39420
LP_SGL,Neutral,Neg_ctrl_Sample_63,-0.071819930822749,11937,4.07693157455566,Sample_100_GSE39420
LP_SGL,Neutral,Neg_ctrl_Sample_64,0.0432385949596898,11937,4.07693157455566,Sample_100_GSE39420
LP_SGL,Neutral,Neg_ctrl_Sample_65,0.041652454344068,11937,4.07693157455566,Sample_100_GSE39420
LP_SGL,Neutral,Neg_ctrl_Sample_66,-0.172171563284383,11937,4.07693157455566,Sample_100_GSE39420
LP_SGL,Neutral,Neg_ctrl_Sample_67,-0.149150327668742,11937,4.07693157455566,Sample_100_GSE39420
LP_SGL,Neutral,Neg_ctrl_Sample_68,-0.147633736795339,11937,4.07693157455566,Sample_100_GSE39420
LP_SGL,Neutral,Neg_ctrl_Sample_69,0.0457324556534404,11937,4.07693157455566,Sample_100_GSE39420
LP_SGL,Neutral,Neg_ctrl_Sample_70,-0.186056696571529,11937,4.07693157455566,Sample_100_GSE39420
LP_SGL,Neutral,Neg_ctrl_Sample_71,-0.0581352711773542,11937,4.07693157455566,Sample_100_GSE39420
LP_SGL,Neutral,Neg_ctrl_Sample_72,-0.103183431072638,11937,4.07693157455566,Sample_100_GSE39420
LP_SGL,Neutral,Neg_ctrl_Sample_73,0.0457615143265191,11937,4.07693157455566,Sample_100_GSE39420
LP_SGL,Neutral,Neg_ctrl_Sample_74,0.0474423898094407,11937,4.07693157455566,Sample_100_GSE39420
LP_SGL,Neutral,Neg_ctrl_Sample_75,0.0540496084784507,11937,4.07693157455566,Sample_100_GSE39420
LP_SGL,Neutral,Neg_ctrl_Sample_76,0.122155049287859,11937,4.07693157455566,Sample_100_GSE39420
LP_SGL,Neutral,Neg_ctrl_Sample_77,-0.133593114246318,11937,4.07693157455566,Sample_100_GSE39420
LP_SGL,Neutral,Neg_ctrl_Sample_78,0.0653421815264453,11937,4.07693157455566,Sample_100_GSE39420
LP_SGL,Neutral,Neg_ctrl_Sample_79,0.219916220864395,11937,4.07693157455566,Sample_100_GSE39420
LP_SGL,Neutral,Neg_ctrl_Sample_80,-0.0528600452593596,11937,4.07693157455566,Sample_100_GSE39420
LP_SGL,Neutral,Neg_ctrl_Sample_81,-0.24521134668314,11937,4.07693157455566,Sample_100_GSE39420
LP_SGL,Neutral,Neg_ctrl_Sample_82,0.00572980697299608,11937,4.07693157455566,Sample_100_GSE39420
LP_SGL,Neutral,Neg_ctrl_Sample_83,0.0957927786557557,11937,4.07693157455566,Sample_100_GSE39420
LP_SGL,Neutral,Neg_ctrl_Sample_84,0.109022236431828,11937,4.07693157455566,Sample_100_GSE39420
LP_SGL,Neutral,Neg_ctrl_Sample_85,-0.161159618972603,11937,4.07693157455566,Sample_100_GSE39420
LP_SGL,Neutral,Neg_ctrl_Sample_86,-0.128804399967211,11937,4.07693157455566,Sample_100_GSE39420
LP_SGL,Neutral,Neg_ctrl_Sample_87,0.0595790323744832,11937,4.07693157455566,Sample_100_GSE39420
LP_SGL,Neutral,Neg_ctrl_Sample_88,-0.101930879773316,11937,4.07693157455566,Sample_100_GSE39420
LP_SGL,Neutral,Neg_ctrl_Sample_89,0.0355825080181918,11937,4.07693157455566,Sample_100_GSE39420
LP_SGL,Neutral,Neg_ctrl_Sample_90,-0.108577572035248,11937,4.07693157455566,Sample_100_GSE39420
LP_SGL,Neutral,Neg_ctrl_Sample_91,0.0325885894272491,11937,4.07693157455566,Sample_100_GSE39420
LP_SGL,Neutral,Neg_ctrl_Sample_92,0.312462327889342,11937,4.07693157455566,Sample_100_GSE39420
LP_SGL,Neutral,Neg_ctrl_Sample_93,0.0610230023579189,11937,4.07693157455566,Sample_100_GSE39420
LP_SGL,Neutral,Neg_ctrl_Sample_94,0.141243862206207,11937,4.07693157455566,Sample_100_GSE39420
LP_SGL,Neutral,Neg_ctrl_Sample_95,0.0194024060747048,11937,4.07693157455566,Sample_100_GSE39420
LP_SGL,Neutral,Neg_ctrl_Sample_96,-0.0996583224448029,11937,4.07693157455566,Sample_100_GSE39420
LP_SGL,Neutral,Neg_ctrl_Sample_97,-0.0316668109957265,11937,4.07693157455566,Sample_100_GSE39420
LP_SGL,Neutral,Neg_ctrl_Sample_98,0.113887319531163,11937,4.07693157455566,Sample_100_GSE39420
LP_SGL,Neutral,Neg_ctrl_Sample_99,-0.0771234272311076,11937,4.07693157455566,Sample_100_GSE39420
LP_SGL,Neutral,Neg_ctrl_Sample_100,0.064988186107529,11937,4.07693157455566,Sample_100_GSE39420
LP_SGL,Positive,Neg_ctrl_Sample_1,0.0962754441386659,669,2.82607480270083,Sample_100_GSE39420
LP_SGL,Positive,Neg_ctrl_Sample_2,0.0890822745475981,669,2.82607480270083,Sample_100_GSE39420
LP_SGL,Positive,Neg_ctrl_Sample_3,0.173614520477968,669,2.82607480270083,Sample_100_GSE39420
LP_SGL,Positive,Neg_ctrl_Sample_4,-0.0319741499768829,669,2.82607480270083,Sample_100_GSE39420
LP_SGL,Positive,Neg_ctrl_Sample_5,-0.0224158707922081,669,2.82607480270083,Sample_100_GSE39420
LP_SGL,Positive,Neg_ctrl_Sample_6,0.0138632085791231,669,2.82607480270083,Sample_100_GSE39420
LP_SGL,Positive,Neg_ctrl_Sample_7,-0.0396273996186695,669,2.82607480270083,Sample_100_GSE39420
LP_SGL,Positive,Neg_ctrl_Sample_8,-0.0606199570853493,669,2.82607480270083,Sample_100_GSE39420
LP_SGL,Positive,Neg_ctrl_Sample_9,-0.111745607217725,669,2.82607480270083,Sample_100_GSE39420
LP_SGL,Positive,Neg_ctrl_Sample_10,0.0280521716841045,669,2.82607480270083,Sample_100_GSE39420
LP_SGL,Positive,Neg_ctrl_Sample_11,0.031092484234333,669,2.82607480270083,Sample_100_GSE39420
LP_SGL,Positive,Neg_ctrl_Sample_12,0.085630320442017,669,2.82607480270083,Sample_100_GSE39420
LP_SGL,Positive,Neg_ctrl_Sample_13,0.0136660261523877,669,2.82607480270083,Sample_100_GSE39420
LP_SGL,Positive,Neg_ctrl_Sample_14,0.0798978556755211,669,2.82607480270083,Sample_100_GSE39420
LP_SGL,Positive,Neg_ctrl_Sample_15,-0.0407236404730795,669,2.82607480270083,Sample_100_GSE39420
LP_SGL,Positive,Neg_ctrl_Sample_16,-0.11312207426629,669,2.82607480270083,Sample_100_GSE39420
LP_SGL,Positive,Neg_ctrl_Sample_17,-0.0161343762324314,669,2.82607480270083,Sample_100_GSE39420
LP_SGL,Positive,Neg_ctrl_Sample_18,-0.0706079965493079,669,2.82607480270083,Sample_100_GSE39420
LP_SGL,Positive,Neg_ctrl_Sample_19,-0.16898533788722,669,2.82607480270083,Sample_100_GSE39420
LP_SGL,Positive,Neg_ctrl_Sample_20,-0.0180030792548611,669,2.82607480270083,Sample_100_GSE39420
LP_SGL,Positive,Neg_ctrl_Sample_21,-0.15072807904698,669,2.82607480270083,Sample_100_GSE39420
LP_SGL,Positive,Neg_ctrl_Sample_22,-0.0502971361569651,669,2.82607480270083,Sample_100_GSE39420
LP_SGL,Positive,Neg_ctrl_Sample_23,0.0626734710334121,669,2.82607480270083,Sample_100_GSE39420
LP_SGL,Positive,Neg_ctrl_Sample_24,-0.0782703398895679,669,2.82607480270083,Sample_100_GSE39420
LP_SGL,Positive,Neg_ctrl_Sample_25,-0.0362843512234093,669,2.82607480270083,Sample_100_GSE39420
LP_SGL,Positive,Neg_ctrl_Sample_26,-0.106318302154345,669,2.82607480270083,Sample_100_GSE39420
LP_SGL,Positive,Neg_ctrl_Sample_27,0.250459738142273,669,2.82607480270083,Sample_100_GSE39420
LP_SGL,Positive,Neg_ctrl_Sample_28,0.00413023993739076,669,2.82607480270083,Sample_100_GSE39420
LP_SGL,Positive,Neg_ctrl_Sample_29,0.0632491554263905,669,2.82607480270083,Sample_100_GSE39420
LP_SGL,Positive,Neg_ctrl_Sample_30,0.0600518640106306,669,2.82607480270083,Sample_100_GSE39420
LP_SGL,Positive,Neg_ctrl_Sample_31,0.044548734507607,669,2.82607480270083,Sample_100_GSE39420
LP_SGL,Positive,Neg_ctrl_Sample_32,-0.104712781800908,669,2.82607480270083,Sample_100_GSE39420
LP_SGL,Positive,Neg_ctrl_Sample_33,0.0166174740691564,669,2.82607480270083,Sample_100_GSE39420
LP_SGL,Positive,Neg_ctrl_Sample_34,0.163087277030088,669,2.82607480270083,Sample_100_GSE39420
LP_SGL,Positive,Neg_ctrl_Sample_35,0.00172646347954119,669,2.82607480270083,Sample_100_GSE39420
LP_SGL,Positive,Neg_ctrl_Sample_36,-0.0553653640490342,669,2.82607480270083,Sample_100_GSE39420
LP_SGL,Positive,Neg_ctrl_Sample_37,0.190098734530051,669,2.82607480270083,Sample_100_GSE39420
LP_SGL,Positive,Neg_ctrl_Sample_38,0.121730297324193,669,2.82607480270083,Sample_100_GSE39420
LP_SGL,Positive,Neg_ctrl_Sample_39,-0.0271948179888919,669,2.82607480270083,Sample_100_GSE39420
LP_SGL,Positive,Neg_ctrl_Sample_40,-0.145592117404517,669,2.82607480270083,Sample_100_GSE39420
LP_SGL,Positive,Neg_ctrl_Sample_41,-0.0227868802568237,669,2.82607480270083,Sample_100_GSE39420
LP_SGL,Positive,Neg_ctrl_Sample_42,0.162179305218542,669,2.82607480270083,Sample_100_GSE39420
LP_SGL,Positive,Neg_ctrl_Sample_43,0.24568313521598,669,2.82607480270083,Sample_100_GSE39420
LP_SGL,Positive,Neg_ctrl_Sample_44,0.0493588494715246,669,2.82607480270083,Sample_100_GSE39420
LP_SGL,Positive,Neg_ctrl_Sample_45,0.0369731679979216,669,2.82607480270083,Sample_100_GSE39420
LP_SGL,Positive,Neg_ctrl_Sample_46,0.126091390604165,669,2.82607480270083,Sample_100_GSE39420
LP_SGL,Positive,Neg_ctrl_Sample_47,0.144740471886828,669,2.82607480270083,Sample_100_GSE39420
LP_SGL,Positive,Neg_ctrl_Sample_48,-0.0264993970151513,669,2.82607480270083,Sample_100_GSE39420
LP_SGL,Positive,Neg_ctrl_Sample_49,0.0336839036569103,669,2.82607480270083,Sample_100_GSE39420
LP_SGL,Positive,Neg_ctrl_Sample_50,-0.00105119962012229,669,2.82607480270083,Sample_100_GSE39420
LP_SGL,Positive,Neg_ctrl_Sample_51,-0.0155299738040601,669,2.82607480270083,Sample_100_GSE39420
LP_SGL,Positive,Neg_ctrl_Sample_52,0.22136743132259,669,2.82607480270083,Sample_100_GSE39420
LP_SGL,Positive,Neg_ctrl_Sample_53,-0.188089894850687,669,2.82607480270083,Sample_100_GSE39420
LP_SGL,Positive,Neg_ctrl_Sample_54,-0.0200134143475283,669,2.82607480270083,Sample_100_GSE39420
LP_SGL,Positive,Neg_ctrl_Sample_55,0.176147677241062,669,2.82607480270083,Sample_100_GSE39420
LP_SGL,Positive,Neg_ctrl_Sample_56,0.0311322157364955,669,2.82607480270083,Sample_100_GSE39420
LP_SGL,Positive,Neg_ctrl_Sample_57,0.118530565433852,669,2.82607480270083,Sample_100_GSE39420
LP_SGL,Positive,Neg_ctrl_Sample_58,0.0199839220649835,669,2.82607480270083,Sample_100_GSE39420
LP_SGL,Positive,Neg_ctrl_Sample_59,-0.0543709600011977,669,2.82607480270083,Sample_100_GSE39420
LP_SGL,Positive,Neg_ctrl_Sample_60,-0.0753100311511624,669,2.82607480270083,Sample_100_GSE39420
LP_SGL,Positive,Neg_ctrl_Sample_61,-0.0957638094196195,669,2.82607480270083,Sample_100_GSE39420
LP_SGL,Positive,Neg_ctrl_Sample_62,-0.0963595520506607,669,2.82607480270083,Sample_100_GSE39420
LP_SGL,Positive,Neg_ctrl_Sample_63,-0.112876135825053,669,2.82607480270083,Sample_100_GSE39420
LP_SGL,Positive,Neg_ctrl_Sample_64,0.0236616785841186,669,2.82607480270083,Sample_100_GSE39420
LP_SGL,Positive,Neg_ctrl_Sample_65,0.0430997151787491,669,2.82607480270083,Sample_100_GSE39420
LP_SGL,Positive,Neg_ctrl_Sample_66,-0.173075299406559,669,2.82607480270083,Sample_100_GSE39420
LP_SGL,Positive,Neg_ctrl_Sample_67,-0.148937598804962,669,2.82607480270083,Sample_100_GSE39420
LP_SGL,Positive,Neg_ctrl_Sample_68,-0.109404408936884,669,2.82607480270083,Sample_100_GSE39420
LP_SGL,Positive,Neg_ctrl_Sample_69,0.0275384708415973,669,2.82607480270083,Sample_100_GSE39420
LP_SGL,Positive,Neg_ctrl_Sample_70,-0.201515980993383,669,2.82607480270083,Sample_100_GSE39420
LP_SGL,Positive,Neg_ctrl_Sample_71,-0.0608475583993677,669,2.82607480270083,Sample_100_GSE39420
LP_SGL,Positive,Neg_ctrl_Sample_72,-0.135434404277921,669,2.82607480270083,Sample_100_GSE39420
LP_SGL,Positive,Neg_ctrl_Sample_73,0.0206588181750846,669,2.82607480270083,Sample_100_GSE39420
LP_SGL,Positive,Neg_ctrl_Sample_74,0.0316973053977941,669,2.82607480270083,Sample_100_GSE39420
LP_SGL,Positive,Neg_ctrl_Sample_75,0.0670114341430715,669,2.82607480270083,Sample_100_GSE39420
LP_SGL,Positive,Neg_ctrl_Sample_76,0.115277768671921,669,2.82607480270083,Sample_100_GSE39420
LP_SGL,Positive,Neg_ctrl_Sample_77,-0.134391824308937,669,2.82607480270083,Sample_100_GSE39420
LP_SGL,Positive,Neg_ctrl_Sample_78,0.0707448303889808,669,2.82607480270083,Sample_100_GSE39420
LP_SGL,Positive,Neg_ctrl_Sample_79,0.217450977427187,669,2.82607480270083,Sample_100_GSE39420
LP_SGL,Positive,Neg_ctrl_Sample_80,-0.0420157711564251,669,2.82607480270083,Sample_100_GSE39420
LP_SGL,Positive,Neg_ctrl_Sample_81,-0.248850178177625,669,2.82607480270083,Sample_100_GSE39420
LP_SGL,Positive,Neg_ctrl_Sample_82,-0.00359839385583477,669,2.82607480270083,Sample_100_GSE39420
LP_SGL,Positive,Neg_ctrl_Sample_83,0.0955586969038933,669,2.82607480270083,Sample_100_GSE39420
LP_SGL,Positive,Neg_ctrl_Sample_84,0.101647964079183,669,2.82607480270083,Sample_100_GSE39420
LP_SGL,Positive,Neg_ctrl_Sample_85,-0.15079722471676,669,2.82607480270083,Sample_100_GSE39420
LP_SGL,Positive,Neg_ctrl_Sample_86,-0.12986451893202,669,2.82607480270083,Sample_100_GSE39420
LP_SGL,Positive,Neg_ctrl_Sample_87,0.0632460461810189,669,2.82607480270083,Sample_100_GSE39420
LP_SGL,Positive,Neg_ctrl_Sample_88,-0.11056529067252,669,2.82607480270083,Sample_100_GSE39420
LP_SGL,Positive,Neg_ctrl_Sample_89,0.0351518606905625,669,2.82607480270083,Sample_100_GSE39420
LP_SGL,Positive,Neg_ctrl_Sample_90,-0.109569406464625,669,2.82607480270083,Sample_100_GSE39420
LP_SGL,Positive,Neg_ctrl_Sample_91,0.0113443408070248,669,2.82607480270083,Sample_100_GSE39420
LP_SGL,Positive,Neg_ctrl_Sample_92,0.307908059022714,669,2.82607480270083,Sample_100_GSE39420
LP_SGL,Positive,Neg_ctrl_Sample_93,0.0518581238671729,669,2.82607480270083,Sample_100_GSE39420
LP_SGL,Positive,Neg_ctrl_Sample_94,0.135964019157134,669,2.82607480270083,Sample_100_GSE39420
LP_SGL,Positive,Neg_ctrl_Sample_95,0.0278920895054279,669,2.82607480270083,Sample_100_GSE39420
LP_SGL,Positive,Neg_ctrl_Sample_96,-0.134586579612401,669,2.82607480270083,Sample_100_GSE39420
LP_SGL,Positive,Neg_ctrl_Sample_97,-0.0295769907644872,669,2.82607480270083,Sample_100_GSE39420
LP_SGL,Positive,Neg_ctrl_Sample_98,0.118474031919813,669,2.82607480270083,Sample_100_GSE39420
LP_SGL,Positive,Neg_ctrl_Sample_99,-0.0610693734938952,669,2.82607480270083,Sample_100_GSE39420
LP_SGL,Positive,Neg_ctrl_Sample_100,0.0301576875096383,669,2.82607480270083,Sample_100_GSE39420
PIPET,Neutral,Neg_ctrl_Sample_1,0.104024131324881,12809,4.10754912974469,Sample_100_GSE39420
PIPET,Neutral,Neg_ctrl_Sample_2,0.0825596213417555,12809,4.10754912974469,Sample_100_GSE39420
PIPET,Neutral,Neg_ctrl_Sample_3,0.185329033985539,12809,4.10754912974469,Sample_100_GSE39420
PIPET,Neutral,Neg_ctrl_Sample_4,-0.00228783667593385,12809,4.10754912974469,Sample_100_GSE39420
PIPET,Neutral,Neg_ctrl_Sample_5,-0.00326399570887707,12809,4.10754912974469,Sample_100_GSE39420
PIPET,Neutral,Neg_ctrl_Sample_6,0.0191010717583085,12809,4.10754912974469,Sample_100_GSE39420
PIPET,Neutral,Neg_ctrl_Sample_7,-0.0545247186047753,12809,4.10754912974469,Sample_100_GSE39420
PIPET,Neutral,Neg_ctrl_Sample_8,-0.0554607060062671,12809,4.10754912974469,Sample_100_GSE39420
PIPET,Neutral,Neg_ctrl_Sample_9,-0.106887587447117,12809,4.10754912974469,Sample_100_GSE39420
PIPET,Neutral,Neg_ctrl_Sample_10,0.0451565955536902,12809,4.10754912974469,Sample_100_GSE39420
PIPET,Neutral,Neg_ctrl_Sample_11,0.0338409627781605,12809,4.10754912974469,Sample_100_GSE39420
PIPET,Neutral,Neg_ctrl_Sample_12,0.0748663367494918,12809,4.10754912974469,Sample_100_GSE39420
PIPET,Neutral,Neg_ctrl_Sample_13,0.0107723668344778,12809,4.10754912974469,Sample_100_GSE39420
PIPET,Neutral,Neg_ctrl_Sample_14,0.0743739669343807,12809,4.10754912974469,Sample_100_GSE39420
PIPET,Neutral,Neg_ctrl_Sample_15,-0.0187127096169208,12809,4.10754912974469,Sample_100_GSE39420
PIPET,Neutral,Neg_ctrl_Sample_16,-0.113566572222731,12809,4.10754912974469,Sample_100_GSE39420
PIPET,Neutral,Neg_ctrl_Sample_17,-0.00218413923122192,12809,4.10754912974469,Sample_100_GSE39420
PIPET,Neutral,Neg_ctrl_Sample_18,-0.0779049079000222,12809,4.10754912974469,Sample_100_GSE39420
PIPET,Neutral,Neg_ctrl_Sample_19,-0.177174445312206,12809,4.10754912974469,Sample_100_GSE39420
PIPET,Neutral,Neg_ctrl_Sample_20,-0.0248225789536366,12809,4.10754912974469,Sample_100_GSE39420
PIPET,Neutral,Neg_ctrl_Sample_21,-0.16687165602996,12809,4.10754912974469,Sample_100_GSE39420
PIPET,Neutral,Neg_ctrl_Sample_22,-0.0317648390231451,12809,4.10754912974469,Sample_100_GSE39420
PIPET,Neutral,Neg_ctrl_Sample_23,0.0599651194473007,12809,4.10754912974469,Sample_100_GSE39420
PIPET,Neutral,Neg_ctrl_Sample_24,-0.0656957523196664,12809,4.10754912974469,Sample_100_GSE39420
PIPET,Neutral,Neg_ctrl_Sample_25,-0.0363213580082726,12809,4.10754912974469,Sample_100_GSE39420
PIPET,Neutral,Neg_ctrl_Sample_26,-0.120923500015019,12809,4.10754912974469,Sample_100_GSE39420
PIPET,Neutral,Neg_ctrl_Sample_27,0.246753572948183,12809,4.10754912974469,Sample_100_GSE39420
PIPET,Neutral,Neg_ctrl_Sample_28,-0.00827788685733539,12809,4.10754912974469,Sample_100_GSE39420
PIPET,Neutral,Neg_ctrl_Sample_29,0.0733194789546371,12809,4.10754912974469,Sample_100_GSE39420
PIPET,Neutral,Neg_ctrl_Sample_30,0.0507360902520837,12809,4.10754912974469,Sample_100_GSE39420
PIPET,Neutral,Neg_ctrl_Sample_31,0.0188966597800987,12809,4.10754912974469,Sample_100_GSE39420
PIPET,Neutral,Neg_ctrl_Sample_32,-0.108707885769255,12809,4.10754912974469,Sample_100_GSE39420
PIPET,Neutral,Neg_ctrl_Sample_33,0.0221169455077689,12809,4.10754912974469,Sample_100_GSE39420
PIPET,Neutral,Neg_ctrl_Sample_34,0.149658156880211,12809,4.10754912974469,Sample_100_GSE39420
PIPET,Neutral,Neg_ctrl_Sample_35,0.00759490684367152,12809,4.10754912974469,Sample_100_GSE39420
PIPET,Neutral,Neg_ctrl_Sample_36,-0.0513293293273828,12809,4.10754912974469,Sample_100_GSE39420
PIPET,Neutral,Neg_ctrl_Sample_37,0.182629781804702,12809,4.10754912974469,Sample_100_GSE39420
PIPET,Neutral,Neg_ctrl_Sample_38,0.131623849658307,12809,4.10754912974469,Sample_100_GSE39420
PIPET,Neutral,Neg_ctrl_Sample_39,-0.0238561894918537,12809,4.10754912974469,Sample_100_GSE39420
PIPET,Neutral,Neg_ctrl_Sample_40,-0.175627567711473,12809,4.10754912974469,Sample_100_GSE39420
PIPET,Neutral,Neg_ctrl_Sample_41,-0.0437753414939942,12809,4.10754912974469,Sample_100_GSE39420
PIPET,Neutral,Neg_ctrl_Sample_42,0.147576055813582,12809,4.10754912974469,Sample_100_GSE39420
PIPET,Neutral,Neg_ctrl_Sample_43,0.249247337226587,12809,4.10754912974469,Sample_100_GSE39420
PIPET,Neutral,Neg_ctrl_Sample_44,0.0479831234929663,12809,4.10754912974469,Sample_100_GSE39420
PIPET,Neutral,Neg_ctrl_Sample_45,0.015954840742635,12809,4.10754912974469,Sample_100_GSE39420
PIPET,Neutral,Neg_ctrl_Sample_46,0.120021972487856,12809,4.10754912974469,Sample_100_GSE39420
PIPET,Neutral,Neg_ctrl_Sample_47,0.14477487011008,12809,4.10754912974469,Sample_100_GSE39420
PIPET,Neutral,Neg_ctrl_Sample_48,0.000130863121355697,12809,4.10754912974469,Sample_100_GSE39420
PIPET,Neutral,Neg_ctrl_Sample_49,0.0372644892694158,12809,4.10754912974469,Sample_100_GSE39420
PIPET,Neutral,Neg_ctrl_Sample_50,-0.0139309812063884,12809,4.10754912974469,Sample_100_GSE39420
PIPET,Neutral,Neg_ctrl_Sample_51,-0.020973625225966,12809,4.10754912974469,Sample_100_GSE39420
PIPET,Neutral,Neg_ctrl_Sample_52,0.217843156009114,12809,4.10754912974469,Sample_100_GSE39420
PIPET,Neutral,Neg_ctrl_Sample_53,-0.18955206235002,12809,4.10754912974469,Sample_100_GSE39420
PIPET,Neutral,Neg_ctrl_Sample_54,-0.00462291491006412,12809,4.10754912974469,Sample_100_GSE39420
PIPET,Neutral,Neg_ctrl_Sample_55,0.173976542142705,12809,4.10754912974469,Sample_100_GSE39420
PIPET,Neutral,Neg_ctrl_Sample_56,0.0255456635452161,12809,4.10754912974469,Sample_100_GSE39420
PIPET,Neutral,Neg_ctrl_Sample_57,0.119811488082919,12809,4.10754912974469,Sample_100_GSE39420
PIPET,Neutral,Neg_ctrl_Sample_58,0.025538506842739,12809,4.10754912974469,Sample_100_GSE39420
PIPET,Neutral,Neg_ctrl_Sample_59,-0.0571173198065656,12809,4.10754912974469,Sample_100_GSE39420
PIPET,Neutral,Neg_ctrl_Sample_60,-0.0951266953666994,12809,4.10754912974469,Sample_100_GSE39420
PIPET,Neutral,Neg_ctrl_Sample_61,-0.0996544487654843,12809,4.10754912974469,Sample_100_GSE39420
PIPET,Neutral,Neg_ctrl_Sample_62,-0.0892115674653581,12809,4.10754912974469,Sample_100_GSE39420
PIPET,Neutral,Neg_ctrl_Sample_63,-0.0745622867341991,12809,4.10754912974469,Sample_100_GSE39420
PIPET,Neutral,Neg_ctrl_Sample_64,0.0419925832865142,12809,4.10754912974469,Sample_100_GSE39420
PIPET,Neutral,Neg_ctrl_Sample_65,0.0417173836833342,12809,4.10754912974469,Sample_100_GSE39420
PIPET,Neutral,Neg_ctrl_Sample_66,-0.172464396229976,12809,4.10754912974469,Sample_100_GSE39420
PIPET,Neutral,Neg_ctrl_Sample_67,-0.149277736451117,12809,4.10754912974469,Sample_100_GSE39420
PIPET,Neutral,Neg_ctrl_Sample_68,-0.145660680199529,12809,4.10754912974469,Sample_100_GSE39420
PIPET,Neutral,Neg_ctrl_Sample_69,0.0447623128311242,12809,4.10754912974469,Sample_100_GSE39420
PIPET,Neutral,Neg_ctrl_Sample_70,-0.186957450136561,12809,4.10754912974469,Sample_100_GSE39420
PIPET,Neutral,Neg_ctrl_Sample_71,-0.0583959277630713,12809,4.10754912974469,Sample_100_GSE39420
PIPET,Neutral,Neg_ctrl_Sample_72,-0.105334937156267,12809,4.10754912974469,Sample_100_GSE39420
PIPET,Neutral,Neg_ctrl_Sample_73,0.0443057331043924,12809,4.10754912974469,Sample_100_GSE39420
PIPET,Neutral,Neg_ctrl_Sample_74,0.0462891520910049,12809,4.10754912974469,Sample_100_GSE39420
PIPET,Neutral,Neg_ctrl_Sample_75,0.0548823775236915,12809,4.10754912974469,Sample_100_GSE39420
PIPET,Neutral,Neg_ctrl_Sample_76,0.121971316922368,12809,4.10754912974469,Sample_100_GSE39420
PIPET,Neutral,Neg_ctrl_Sample_77,-0.133911857356105,12809,4.10754912974469,Sample_100_GSE39420
PIPET,Neutral,Neg_ctrl_Sample_78,0.0657042289475592,12809,4.10754912974469,Sample_100_GSE39420
PIPET,Neutral,Neg_ctrl_Sample_79,0.219948349294778,12809,4.10754912974469,Sample_100_GSE39420
PIPET,Neutral,Neg_ctrl_Sample_80,-0.0523058500340117,12809,4.10754912974469,Sample_100_GSE39420
PIPET,Neutral,Neg_ctrl_Sample_81,-0.245868795033959,12809,4.10754912974469,Sample_100_GSE39420
PIPET,Neutral,Neg_ctrl_Sample_82,0.00486380977617626,12809,4.10754912974469,Sample_100_GSE39420
PIPET,Neutral,Neg_ctrl_Sample_83,0.0956416664371513,12809,4.10754912974469,Sample_100_GSE39420
PIPET,Neutral,Neg_ctrl_Sample_84,0.108559373693309,12809,4.10754912974469,Sample_100_GSE39420
PIPET,Neutral,Neg_ctrl_Sample_85,-0.160865324391708,12809,4.10754912974469,Sample_100_GSE39420
PIPET,Neutral,Neg_ctrl_Sample_86,-0.128976872188428,12809,4.10754912974469,Sample_100_GSE39420
PIPET,Neutral,Neg_ctrl_Sample_87,0.0597487233073439,12809,4.10754912974469,Sample_100_GSE39420
PIPET,Neutral,Neg_ctrl_Sample_88,-0.102492831651528,12809,4.10754912974469,Sample_100_GSE39420
PIPET,Neutral,Neg_ctrl_Sample_89,0.0354629528548523,12809,4.10754912974469,Sample_100_GSE39420
PIPET,Neutral,Neg_ctrl_Sample_90,-0.108807953424554,12809,4.10754912974469,Sample_100_GSE39420
PIPET,Neutral,Neg_ctrl_Sample_91,0.0311935369282225,12809,4.10754912974469,Sample_100_GSE39420
PIPET,Neutral,Neg_ctrl_Sample_92,0.312581038468831,12809,4.10754912974469,Sample_100_GSE39420
PIPET,Neutral,Neg_ctrl_Sample_93,0.0602845951347367,12809,4.10754912974469,Sample_100_GSE39420
PIPET,Neutral,Neg_ctrl_Sample_94,0.14087069320196,12809,4.10754912974469,Sample_100_GSE39420
PIPET,Neutral,Neg_ctrl_Sample_95,0.0196669287949727,12809,4.10754912974469,Sample_100_GSE39420
PIPET,Neutral,Neg_ctrl_Sample_96,-0.102098074168827,12809,4.10754912974469,Sample_100_GSE39420
PIPET,Neutral,Neg_ctrl_Sample_97,-0.0315548232078349,12809,4.10754912974469,Sample_100_GSE39420
PIPET,Neutral,Neg_ctrl_Sample_98,0.114329633289366,12809,4.10754912974469,Sample_100_GSE39420
PIPET,Neutral,Neg_ctrl_Sample_99,-0.0762873198503313,12809,4.10754912974469,Sample_100_GSE39420
PIPET,Neutral,Neg_ctrl_Sample_100,0.0627068309724979,12809,4.10754912974469,Sample_100_GSE39420
