meta_column,label_value,score_group,mean_score,count,log_count,sample
scissor,Negative,Neg_ctrl_Sample_1,-0.0606157974358289,1613,3.20790353038605,Sample_100_TCGA_BRCA
scissor,Negative,Neg_ctrl_Sample_2,-0.0558722662189741,1613,3.20790353038605,Sample_100_TCGA_BRCA
scissor,Negative,Neg_ctrl_Sample_3,-0.0335288449043884,1613,3.20790353038605,Sample_100_TCGA_BRCA
scissor,Negative,Neg_ctrl_Sample_4,-0.246124399701193,1613,3.20790353038605,Sample_100_TCGA_BRCA
scissor,Negative,Neg_ctrl_Sample_5,-0.103570589491029,1613,3.20790353038605,Sample_100_TCGA_BRCA
scissor,Negative,Neg_ctrl_Sample_6,-0.144851127283348,1613,3.20790353038605,Sample_100_TCGA_BRCA
scissor,Negative,Neg_ctrl_Sample_7,-0.168242079542113,1613,3.20790353038605,Sample_100_TCGA_BRCA
scissor,Negative,Neg_ctrl_Sample_8,-0.00982187930386813,1613,3.20790353038605,Sample_100_TCGA_BRCA
scissor,Negative,Neg_ctrl_Sample_9,-0.0323602398097705,1613,3.20790353038605,Sample_100_TCGA_BRCA
scissor,Negative,Neg_ctrl_Sample_10,0.0915545937028842,1613,3.20790353038605,Sample_100_TCGA_BRCA
scissor,Negative,Neg_ctrl_Sample_11,0.145050974070988,1613,3.20790353038605,Sample_100_TCGA_BRCA
scissor,Negative,Neg_ctrl_Sample_12,-0.151190754902962,1613,3.20790353038605,Sample_100_TCGA_BRCA
scissor,Negative,Neg_ctrl_Sample_13,-0.0728726080821395,1613,3.20790353038605,Sample_100_TCGA_BRCA
scissor,Negative,Neg_ctrl_Sample_14,0.0192820873829515,1613,3.20790353038605,Sample_100_TCGA_BRCA
scissor,Negative,Neg_ctrl_Sample_15,-0.0805416809992524,1613,3.20790353038605,Sample_100_TCGA_BRCA
scissor,Negative,Neg_ctrl_Sample_16,-0.0168952465956715,1613,3.20790353038605,Sample_100_TCGA_BRCA
scissor,Negative,Neg_ctrl_Sample_17,0.149715095104217,1613,3.20790353038605,Sample_100_TCGA_BRCA
scissor,Negative,Neg_ctrl_Sample_18,0.216396521185346,1613,3.20790353038605,Sample_100_TCGA_BRCA
scissor,Negative,Neg_ctrl_Sample_19,0.238365430147047,1613,3.20790353038605,Sample_100_TCGA_BRCA
scissor,Negative,Neg_ctrl_Sample_20,-0.147217120800945,1613,3.20790353038605,Sample_100_TCGA_BRCA
scissor,Negative,Neg_ctrl_Sample_21,-0.00796216834704196,1613,3.20790353038605,Sample_100_TCGA_BRCA
scissor,Negative,Neg_ctrl_Sample_22,0.200893723210077,1613,3.20790353038605,Sample_100_TCGA_BRCA
scissor,Negative,Neg_ctrl_Sample_23,-0.0637037770628625,1613,3.20790353038605,Sample_100_TCGA_BRCA
scissor,Negative,Neg_ctrl_Sample_24,0.134004520816438,1613,3.20790353038605,Sample_100_TCGA_BRCA
scissor,Negative,Neg_ctrl_Sample_25,0.031314838457365,1613,3.20790353038605,Sample_100_TCGA_BRCA
scissor,Negative,Neg_ctrl_Sample_26,0.0243803541822231,1613,3.20790353038605,Sample_100_TCGA_BRCA
scissor,Negative,Neg_ctrl_Sample_27,0.008106826627176,1613,3.20790353038605,Sample_100_TCGA_BRCA
scissor,Negative,Neg_ctrl_Sample_28,0.0856381281549552,1613,3.20790353038605,Sample_100_TCGA_BRCA
scissor,Negative,Neg_ctrl_Sample_29,0.121858223961411,1613,3.20790353038605,Sample_100_TCGA_BRCA
scissor,Negative,Neg_ctrl_Sample_30,-0.0596389432241217,1613,3.20790353038605,Sample_100_TCGA_BRCA
scissor,Negative,Neg_ctrl_Sample_31,0.192540855877177,1613,3.20790353038605,Sample_100_TCGA_BRCA
scissor,Negative,Neg_ctrl_Sample_32,0.213654071201265,1613,3.20790353038605,Sample_100_TCGA_BRCA
scissor,Negative,Neg_ctrl_Sample_33,0.0168208789145357,1613,3.20790353038605,Sample_100_TCGA_BRCA
scissor,Negative,Neg_ctrl_Sample_34,-0.252227645965941,1613,3.20790353038605,Sample_100_TCGA_BRCA
scissor,Negative,Neg_ctrl_Sample_35,0.0195166283058981,1613,3.20790353038605,Sample_100_TCGA_BRCA
scissor,Negative,Neg_ctrl_Sample_36,0.0603254354483962,1613,3.20790353038605,Sample_100_TCGA_BRCA
scissor,Negative,Neg_ctrl_Sample_37,0.0937663835978136,1613,3.20790353038605,Sample_100_TCGA_BRCA
scissor,Negative,Neg_ctrl_Sample_38,0.0761111180302452,1613,3.20790353038605,Sample_100_TCGA_BRCA
scissor,Negative,Neg_ctrl_Sample_39,0.104801352593527,1613,3.20790353038605,Sample_100_TCGA_BRCA
scissor,Negative,Neg_ctrl_Sample_40,0.16172920753334,1613,3.20790353038605,Sample_100_TCGA_BRCA
scissor,Negative,Neg_ctrl_Sample_41,-0.152853560085782,1613,3.20790353038605,Sample_100_TCGA_BRCA
scissor,Negative,Neg_ctrl_Sample_42,-0.155299961320417,1613,3.20790353038605,Sample_100_TCGA_BRCA
scissor,Negative,Neg_ctrl_Sample_43,0.0415626238221472,1613,3.20790353038605,Sample_100_TCGA_BRCA
scissor,Negative,Neg_ctrl_Sample_44,0.271923300696451,1613,3.20790353038605,Sample_100_TCGA_BRCA
scissor,Negative,Neg_ctrl_Sample_45,0.00323195738272885,1613,3.20790353038605,Sample_100_TCGA_BRCA
scissor,Negative,Neg_ctrl_Sample_46,0.31243930447273,1613,3.20790353038605,Sample_100_TCGA_BRCA
scissor,Negative,Neg_ctrl_Sample_47,0.0625007883567083,1613,3.20790353038605,Sample_100_TCGA_BRCA
scissor,Negative,Neg_ctrl_Sample_48,-0.00482605231583914,1613,3.20790353038605,Sample_100_TCGA_BRCA
scissor,Negative,Neg_ctrl_Sample_49,-0.132182174053873,1613,3.20790353038605,Sample_100_TCGA_BRCA
scissor,Negative,Neg_ctrl_Sample_50,-0.0267403302463515,1613,3.20790353038605,Sample_100_TCGA_BRCA
scissor,Negative,Neg_ctrl_Sample_51,0.112287357849714,1613,3.20790353038605,Sample_100_TCGA_BRCA
scissor,Negative,Neg_ctrl_Sample_52,0.190662495194486,1613,3.20790353038605,Sample_100_TCGA_BRCA
scissor,Negative,Neg_ctrl_Sample_53,0.0840541763054936,1613,3.20790353038605,Sample_100_TCGA_BRCA
scissor,Negative,Neg_ctrl_Sample_54,0.00445398562137244,1613,3.20790353038605,Sample_100_TCGA_BRCA
scissor,Negative,Neg_ctrl_Sample_55,-0.0384431505485196,1613,3.20790353038605,Sample_100_TCGA_BRCA
scissor,Negative,Neg_ctrl_Sample_56,0.0781317942353713,1613,3.20790353038605,Sample_100_TCGA_BRCA
scissor,Negative,Neg_ctrl_Sample_57,0.0817165617046079,1613,3.20790353038605,Sample_100_TCGA_BRCA
scissor,Negative,Neg_ctrl_Sample_58,0.0106224456640817,1613,3.20790353038605,Sample_100_TCGA_BRCA
scissor,Negative,Neg_ctrl_Sample_59,0.0871596390197027,1613,3.20790353038605,Sample_100_TCGA_BRCA
scissor,Negative,Neg_ctrl_Sample_60,0.0588103676305191,1613,3.20790353038605,Sample_100_TCGA_BRCA
scissor,Negative,Neg_ctrl_Sample_61,-0.068112820995162,1613,3.20790353038605,Sample_100_TCGA_BRCA
scissor,Negative,Neg_ctrl_Sample_62,-0.0767850978211642,1613,3.20790353038605,Sample_100_TCGA_BRCA
scissor,Negative,Neg_ctrl_Sample_63,0.142879854356332,1613,3.20790353038605,Sample_100_TCGA_BRCA
scissor,Negative,Neg_ctrl_Sample_64,0.00123089898285977,1613,3.20790353038605,Sample_100_TCGA_BRCA
scissor,Negative,Neg_ctrl_Sample_65,-0.128613761488044,1613,3.20790353038605,Sample_100_TCGA_BRCA
scissor,Negative,Neg_ctrl_Sample_66,0.0180565807549073,1613,3.20790353038605,Sample_100_TCGA_BRCA
scissor,Negative,Neg_ctrl_Sample_67,0.340034301946616,1613,3.20790353038605,Sample_100_TCGA_BRCA
scissor,Negative,Neg_ctrl_Sample_68,-0.00208196793989613,1613,3.20790353038605,Sample_100_TCGA_BRCA
scissor,Negative,Neg_ctrl_Sample_69,-0.098169461012736,1613,3.20790353038605,Sample_100_TCGA_BRCA
scissor,Negative,Neg_ctrl_Sample_70,0.0625606294312645,1613,3.20790353038605,Sample_100_TCGA_BRCA
scissor,Negative,Neg_ctrl_Sample_71,-0.121514426414458,1613,3.20790353038605,Sample_100_TCGA_BRCA
scissor,Negative,Neg_ctrl_Sample_72,-0.124136404395993,1613,3.20790353038605,Sample_100_TCGA_BRCA
scissor,Negative,Neg_ctrl_Sample_73,0.14556422248631,1613,3.20790353038605,Sample_100_TCGA_BRCA
scissor,Negative,Neg_ctrl_Sample_74,-0.109693334443169,1613,3.20790353038605,Sample_100_TCGA_BRCA
scissor,Negative,Neg_ctrl_Sample_75,0.0998550759970441,1613,3.20790353038605,Sample_100_TCGA_BRCA
scissor,Negative,Neg_ctrl_Sample_76,0.00191227777548282,1613,3.20790353038605,Sample_100_TCGA_BRCA
scissor,Negative,Neg_ctrl_Sample_77,0.14129548399274,1613,3.20790353038605,Sample_100_TCGA_BRCA
scissor,Negative,Neg_ctrl_Sample_78,0.00527080946971601,1613,3.20790353038605,Sample_100_TCGA_BRCA
scissor,Negative,Neg_ctrl_Sample_79,-0.14605089562681,1613,3.20790353038605,Sample_100_TCGA_BRCA
scissor,Negative,Neg_ctrl_Sample_80,-0.0192805519968698,1613,3.20790353038605,Sample_100_TCGA_BRCA
scissor,Negative,Neg_ctrl_Sample_81,0.0331111284823249,1613,3.20790353038605,Sample_100_TCGA_BRCA
scissor,Negative,Neg_ctrl_Sample_82,-0.0433859099978876,1613,3.20790353038605,Sample_100_TCGA_BRCA
scissor,Negative,Neg_ctrl_Sample_83,0.0770131249429565,1613,3.20790353038605,Sample_100_TCGA_BRCA
scissor,Negative,Neg_ctrl_Sample_84,0.0935518314707476,1613,3.20790353038605,Sample_100_TCGA_BRCA
scissor,Negative,Neg_ctrl_Sample_85,-0.0217894523040963,1613,3.20790353038605,Sample_100_TCGA_BRCA
scissor,Negative,Neg_ctrl_Sample_86,-0.0637723752694041,1613,3.20790353038605,Sample_100_TCGA_BRCA
scissor,Negative,Neg_ctrl_Sample_87,-0.132400571762389,1613,3.20790353038605,Sample_100_TCGA_BRCA
scissor,Negative,Neg_ctrl_Sample_88,0.172276031355927,1613,3.20790353038605,Sample_100_TCGA_BRCA
scissor,Negative,Neg_ctrl_Sample_89,-0.162193366836733,1613,3.20790353038605,Sample_100_TCGA_BRCA
scissor,Negative,Neg_ctrl_Sample_90,0.111563155891342,1613,3.20790353038605,Sample_100_TCGA_BRCA
scissor,Negative,Neg_ctrl_Sample_91,-0.0285974410324391,1613,3.20790353038605,Sample_100_TCGA_BRCA
scissor,Negative,Neg_ctrl_Sample_92,-0.15689859207192,1613,3.20790353038605,Sample_100_TCGA_BRCA
scissor,Negative,Neg_ctrl_Sample_93,-0.112219584481931,1613,3.20790353038605,Sample_100_TCGA_BRCA
scissor,Negative,Neg_ctrl_Sample_94,0.0302321110002704,1613,3.20790353038605,Sample_100_TCGA_BRCA
scissor,Negative,Neg_ctrl_Sample_95,-0.100364390029556,1613,3.20790353038605,Sample_100_TCGA_BRCA
scissor,Negative,Neg_ctrl_Sample_96,-0.0833854095935201,1613,3.20790353038605,Sample_100_TCGA_BRCA
scissor,Negative,Neg_ctrl_Sample_97,0.0536890949200252,1613,3.20790353038605,Sample_100_TCGA_BRCA
scissor,Negative,Neg_ctrl_Sample_98,0.0217768371785163,1613,3.20790353038605,Sample_100_TCGA_BRCA
scissor,Negative,Neg_ctrl_Sample_99,-0.109381627890201,1613,3.20790353038605,Sample_100_TCGA_BRCA
scissor,Negative,Neg_ctrl_Sample_100,-0.157010017410619,1613,3.20790353038605,Sample_100_TCGA_BRCA
scissor,Neutral,Neg_ctrl_Sample_1,-0.0515542625302781,27163,4.43399372179471,Sample_100_TCGA_BRCA
scissor,Neutral,Neg_ctrl_Sample_2,-0.0509591680818089,27163,4.43399372179471,Sample_100_TCGA_BRCA
scissor,Neutral,Neg_ctrl_Sample_3,-0.0252064637285659,27163,4.43399372179471,Sample_100_TCGA_BRCA
scissor,Neutral,Neg_ctrl_Sample_4,-0.225709732105851,27163,4.43399372179471,Sample_100_TCGA_BRCA
scissor,Neutral,Neg_ctrl_Sample_5,-0.0903759941253474,27163,4.43399372179471,Sample_100_TCGA_BRCA
scissor,Neutral,Neg_ctrl_Sample_6,-0.14288959617631,27163,4.43399372179471,Sample_100_TCGA_BRCA
scissor,Neutral,Neg_ctrl_Sample_7,-0.166129635830412,27163,4.43399372179471,Sample_100_TCGA_BRCA
scissor,Neutral,Neg_ctrl_Sample_8,-0.00627474376809022,27163,4.43399372179471,Sample_100_TCGA_BRCA
scissor,Neutral,Neg_ctrl_Sample_9,-0.00764648550319664,27163,4.43399372179471,Sample_100_TCGA_BRCA
scissor,Neutral,Neg_ctrl_Sample_10,0.0948876555804988,27163,4.43399372179471,Sample_100_TCGA_BRCA
scissor,Neutral,Neg_ctrl_Sample_11,0.14933385512722,27163,4.43399372179471,Sample_100_TCGA_BRCA
scissor,Neutral,Neg_ctrl_Sample_12,-0.127399841532691,27163,4.43399372179471,Sample_100_TCGA_BRCA
scissor,Neutral,Neg_ctrl_Sample_13,-0.064312474475396,27163,4.43399372179471,Sample_100_TCGA_BRCA
scissor,Neutral,Neg_ctrl_Sample_14,0.0326235262369159,27163,4.43399372179471,Sample_100_TCGA_BRCA
scissor,Neutral,Neg_ctrl_Sample_15,-0.0736517024822085,27163,4.43399372179471,Sample_100_TCGA_BRCA
scissor,Neutral,Neg_ctrl_Sample_16,-0.0244067718652259,27163,4.43399372179471,Sample_100_TCGA_BRCA
scissor,Neutral,Neg_ctrl_Sample_17,0.167723154799449,27163,4.43399372179471,Sample_100_TCGA_BRCA
scissor,Neutral,Neg_ctrl_Sample_18,0.198282601153996,27163,4.43399372179471,Sample_100_TCGA_BRCA
scissor,Neutral,Neg_ctrl_Sample_19,0.231659357624569,27163,4.43399372179471,Sample_100_TCGA_BRCA
scissor,Neutral,Neg_ctrl_Sample_20,-0.12852877440019,27163,4.43399372179471,Sample_100_TCGA_BRCA
scissor,Neutral,Neg_ctrl_Sample_21,-0.0280773761912769,27163,4.43399372179471,Sample_100_TCGA_BRCA
scissor,Neutral,Neg_ctrl_Sample_22,0.205338411373796,27163,4.43399372179471,Sample_100_TCGA_BRCA
scissor,Neutral,Neg_ctrl_Sample_23,-0.0374905362613265,27163,4.43399372179471,Sample_100_TCGA_BRCA
scissor,Neutral,Neg_ctrl_Sample_24,0.134515260420565,27163,4.43399372179471,Sample_100_TCGA_BRCA
scissor,Neutral,Neg_ctrl_Sample_25,0.0561461541996163,27163,4.43399372179471,Sample_100_TCGA_BRCA
scissor,Neutral,Neg_ctrl_Sample_26,0.0313890871950986,27163,4.43399372179471,Sample_100_TCGA_BRCA
scissor,Neutral,Neg_ctrl_Sample_27,0.000956054337874781,27163,4.43399372179471,Sample_100_TCGA_BRCA
scissor,Neutral,Neg_ctrl_Sample_28,0.092733953844429,27163,4.43399372179471,Sample_100_TCGA_BRCA
scissor,Neutral,Neg_ctrl_Sample_29,0.120456186004084,27163,4.43399372179471,Sample_100_TCGA_BRCA
scissor,Neutral,Neg_ctrl_Sample_30,-0.0525136237020154,27163,4.43399372179471,Sample_100_TCGA_BRCA
scissor,Neutral,Neg_ctrl_Sample_31,0.199944000488765,27163,4.43399372179471,Sample_100_TCGA_BRCA
scissor,Neutral,Neg_ctrl_Sample_32,0.235846434827117,27163,4.43399372179471,Sample_100_TCGA_BRCA
scissor,Neutral,Neg_ctrl_Sample_33,0.0172828776150188,27163,4.43399372179471,Sample_100_TCGA_BRCA
scissor,Neutral,Neg_ctrl_Sample_34,-0.232385725855817,27163,4.43399372179471,Sample_100_TCGA_BRCA
scissor,Neutral,Neg_ctrl_Sample_35,0.0390088775917561,27163,4.43399372179471,Sample_100_TCGA_BRCA
scissor,Neutral,Neg_ctrl_Sample_36,0.0636847491625106,27163,4.43399372179471,Sample_100_TCGA_BRCA
scissor,Neutral,Neg_ctrl_Sample_37,0.0779535584047757,27163,4.43399372179471,Sample_100_TCGA_BRCA
scissor,Neutral,Neg_ctrl_Sample_38,0.0711932934679653,27163,4.43399372179471,Sample_100_TCGA_BRCA
scissor,Neutral,Neg_ctrl_Sample_39,0.111531526325464,27163,4.43399372179471,Sample_100_TCGA_BRCA
scissor,Neutral,Neg_ctrl_Sample_40,0.170198443352706,27163,4.43399372179471,Sample_100_TCGA_BRCA
scissor,Neutral,Neg_ctrl_Sample_41,-0.136779798145893,27163,4.43399372179471,Sample_100_TCGA_BRCA
scissor,Neutral,Neg_ctrl_Sample_42,-0.147066724747596,27163,4.43399372179471,Sample_100_TCGA_BRCA
scissor,Neutral,Neg_ctrl_Sample_43,0.0403491292608466,27163,4.43399372179471,Sample_100_TCGA_BRCA
scissor,Neutral,Neg_ctrl_Sample_44,0.272374806739645,27163,4.43399372179471,Sample_100_TCGA_BRCA
scissor,Neutral,Neg_ctrl_Sample_45,0.0172466668450411,27163,4.43399372179471,Sample_100_TCGA_BRCA
scissor,Neutral,Neg_ctrl_Sample_46,0.309984177420289,27163,4.43399372179471,Sample_100_TCGA_BRCA
scissor,Neutral,Neg_ctrl_Sample_47,0.0511919169519315,27163,4.43399372179471,Sample_100_TCGA_BRCA
scissor,Neutral,Neg_ctrl_Sample_48,0.0189961222143448,27163,4.43399372179471,Sample_100_TCGA_BRCA
scissor,Neutral,Neg_ctrl_Sample_49,-0.114127799435336,27163,4.43399372179471,Sample_100_TCGA_BRCA
scissor,Neutral,Neg_ctrl_Sample_50,-0.0118033442354752,27163,4.43399372179471,Sample_100_TCGA_BRCA
scissor,Neutral,Neg_ctrl_Sample_51,0.114108953481479,27163,4.43399372179471,Sample_100_TCGA_BRCA
scissor,Neutral,Neg_ctrl_Sample_52,0.204700029483948,27163,4.43399372179471,Sample_100_TCGA_BRCA
scissor,Neutral,Neg_ctrl_Sample_53,0.0897778268307846,27163,4.43399372179471,Sample_100_TCGA_BRCA
scissor,Neutral,Neg_ctrl_Sample_54,0.0165068194207585,27163,4.43399372179471,Sample_100_TCGA_BRCA
scissor,Neutral,Neg_ctrl_Sample_55,-0.0211798231039826,27163,4.43399372179471,Sample_100_TCGA_BRCA
scissor,Neutral,Neg_ctrl_Sample_56,0.0861996393054973,27163,4.43399372179471,Sample_100_TCGA_BRCA
scissor,Neutral,Neg_ctrl_Sample_57,0.0908378153884579,27163,4.43399372179471,Sample_100_TCGA_BRCA
scissor,Neutral,Neg_ctrl_Sample_58,0.0259057498913822,27163,4.43399372179471,Sample_100_TCGA_BRCA
scissor,Neutral,Neg_ctrl_Sample_59,0.0953555259475409,27163,4.43399372179471,Sample_100_TCGA_BRCA
scissor,Neutral,Neg_ctrl_Sample_60,0.0730828597756583,27163,4.43399372179471,Sample_100_TCGA_BRCA
scissor,Neutral,Neg_ctrl_Sample_61,-0.0667561341222752,27163,4.43399372179471,Sample_100_TCGA_BRCA
scissor,Neutral,Neg_ctrl_Sample_62,-0.0767210062674796,27163,4.43399372179471,Sample_100_TCGA_BRCA
scissor,Neutral,Neg_ctrl_Sample_63,0.145352289111574,27163,4.43399372179471,Sample_100_TCGA_BRCA
scissor,Neutral,Neg_ctrl_Sample_64,0.0287292011337088,27163,4.43399372179471,Sample_100_TCGA_BRCA
scissor,Neutral,Neg_ctrl_Sample_65,-0.116173830624167,27163,4.43399372179471,Sample_100_TCGA_BRCA
scissor,Neutral,Neg_ctrl_Sample_66,0.0143745553408745,27163,4.43399372179471,Sample_100_TCGA_BRCA
scissor,Neutral,Neg_ctrl_Sample_67,0.335121364233591,27163,4.43399372179471,Sample_100_TCGA_BRCA
scissor,Neutral,Neg_ctrl_Sample_68,0.018032937103126,27163,4.43399372179471,Sample_100_TCGA_BRCA
scissor,Neutral,Neg_ctrl_Sample_69,-0.08005301528206,27163,4.43399372179471,Sample_100_TCGA_BRCA
scissor,Neutral,Neg_ctrl_Sample_70,0.0746826846463481,27163,4.43399372179471,Sample_100_TCGA_BRCA
scissor,Neutral,Neg_ctrl_Sample_71,-0.120820542199996,27163,4.43399372179471,Sample_100_TCGA_BRCA
scissor,Neutral,Neg_ctrl_Sample_72,-0.110893326326981,27163,4.43399372179471,Sample_100_TCGA_BRCA
scissor,Neutral,Neg_ctrl_Sample_73,0.145399474062918,27163,4.43399372179471,Sample_100_TCGA_BRCA
scissor,Neutral,Neg_ctrl_Sample_74,-0.0980595397993687,27163,4.43399372179471,Sample_100_TCGA_BRCA
scissor,Neutral,Neg_ctrl_Sample_75,0.102398000754307,27163,4.43399372179471,Sample_100_TCGA_BRCA
scissor,Neutral,Neg_ctrl_Sample_76,0.0172636474594169,27163,4.43399372179471,Sample_100_TCGA_BRCA
scissor,Neutral,Neg_ctrl_Sample_77,0.155433591129096,27163,4.43399372179471,Sample_100_TCGA_BRCA
scissor,Neutral,Neg_ctrl_Sample_78,0.00959116481544419,27163,4.43399372179471,Sample_100_TCGA_BRCA
scissor,Neutral,Neg_ctrl_Sample_79,-0.132405698763704,27163,4.43399372179471,Sample_100_TCGA_BRCA
scissor,Neutral,Neg_ctrl_Sample_80,-0.0305105524787219,27163,4.43399372179471,Sample_100_TCGA_BRCA
scissor,Neutral,Neg_ctrl_Sample_81,0.046658254355831,27163,4.43399372179471,Sample_100_TCGA_BRCA
scissor,Neutral,Neg_ctrl_Sample_82,-0.0281380770206165,27163,4.43399372179471,Sample_100_TCGA_BRCA
scissor,Neutral,Neg_ctrl_Sample_83,0.0879163375891452,27163,4.43399372179471,Sample_100_TCGA_BRCA
scissor,Neutral,Neg_ctrl_Sample_84,0.106085500920942,27163,4.43399372179471,Sample_100_TCGA_BRCA
scissor,Neutral,Neg_ctrl_Sample_85,-0.00908534630990251,27163,4.43399372179471,Sample_100_TCGA_BRCA
scissor,Neutral,Neg_ctrl_Sample_86,-0.0623736466628396,27163,4.43399372179471,Sample_100_TCGA_BRCA
scissor,Neutral,Neg_ctrl_Sample_87,-0.11269300310292,27163,4.43399372179471,Sample_100_TCGA_BRCA
scissor,Neutral,Neg_ctrl_Sample_88,0.174701314306223,27163,4.43399372179471,Sample_100_TCGA_BRCA
scissor,Neutral,Neg_ctrl_Sample_89,-0.138173468257754,27163,4.43399372179471,Sample_100_TCGA_BRCA
scissor,Neutral,Neg_ctrl_Sample_90,0.134423502940892,27163,4.43399372179471,Sample_100_TCGA_BRCA
scissor,Neutral,Neg_ctrl_Sample_91,-0.0358768732270746,27163,4.43399372179471,Sample_100_TCGA_BRCA
scissor,Neutral,Neg_ctrl_Sample_92,-0.144222657604357,27163,4.43399372179471,Sample_100_TCGA_BRCA
scissor,Neutral,Neg_ctrl_Sample_93,-0.120269730918254,27163,4.43399372179471,Sample_100_TCGA_BRCA
scissor,Neutral,Neg_ctrl_Sample_94,0.0313423654986497,27163,4.43399372179471,Sample_100_TCGA_BRCA
scissor,Neutral,Neg_ctrl_Sample_95,-0.0959427014757174,27163,4.43399372179471,Sample_100_TCGA_BRCA
scissor,Neutral,Neg_ctrl_Sample_96,-0.0739213009657637,27163,4.43399372179471,Sample_100_TCGA_BRCA
scissor,Neutral,Neg_ctrl_Sample_97,0.0532235216174074,27163,4.43399372179471,Sample_100_TCGA_BRCA
scissor,Neutral,Neg_ctrl_Sample_98,0.0351250258599623,27163,4.43399372179471,Sample_100_TCGA_BRCA
scissor,Neutral,Neg_ctrl_Sample_99,-0.102674025217935,27163,4.43399372179471,Sample_100_TCGA_BRCA
scissor,Neutral,Neg_ctrl_Sample_100,-0.149063957024583,27163,4.43399372179471,Sample_100_TCGA_BRCA
scissor,Positive,Neg_ctrl_Sample_1,-0.0572593957929519,3096,3.49094120535679,Sample_100_TCGA_BRCA
scissor,Positive,Neg_ctrl_Sample_2,-0.0382442092943513,3096,3.49094120535679,Sample_100_TCGA_BRCA
scissor,Positive,Neg_ctrl_Sample_3,-0.0151103796603829,3096,3.49094120535679,Sample_100_TCGA_BRCA
scissor,Positive,Neg_ctrl_Sample_4,-0.217095502601438,3096,3.49094120535679,Sample_100_TCGA_BRCA
scissor,Positive,Neg_ctrl_Sample_5,-0.0779460182897554,3096,3.49094120535679,Sample_100_TCGA_BRCA
scissor,Positive,Neg_ctrl_Sample_6,-0.138652333074296,3096,3.49094120535679,Sample_100_TCGA_BRCA
scissor,Positive,Neg_ctrl_Sample_7,-0.166361835332866,3096,3.49094120535679,Sample_100_TCGA_BRCA
scissor,Positive,Neg_ctrl_Sample_8,-0.00291382875804762,3096,3.49094120535679,Sample_100_TCGA_BRCA
scissor,Positive,Neg_ctrl_Sample_9,0.00239674358966524,3096,3.49094120535679,Sample_100_TCGA_BRCA
scissor,Positive,Neg_ctrl_Sample_10,0.107466954061506,3096,3.49094120535679,Sample_100_TCGA_BRCA
scissor,Positive,Neg_ctrl_Sample_11,0.145152876109347,3096,3.49094120535679,Sample_100_TCGA_BRCA
scissor,Positive,Neg_ctrl_Sample_12,-0.110127078828135,3096,3.49094120535679,Sample_100_TCGA_BRCA
scissor,Positive,Neg_ctrl_Sample_13,-0.0531065742177189,3096,3.49094120535679,Sample_100_TCGA_BRCA
scissor,Positive,Neg_ctrl_Sample_14,0.0298633848959122,3096,3.49094120535679,Sample_100_TCGA_BRCA
scissor,Positive,Neg_ctrl_Sample_15,-0.0700563194316307,3096,3.49094120535679,Sample_100_TCGA_BRCA
scissor,Positive,Neg_ctrl_Sample_16,-0.0156088482073694,3096,3.49094120535679,Sample_100_TCGA_BRCA
scissor,Positive,Neg_ctrl_Sample_17,0.174240148900693,3096,3.49094120535679,Sample_100_TCGA_BRCA
scissor,Positive,Neg_ctrl_Sample_18,0.1986731120219,3096,3.49094120535679,Sample_100_TCGA_BRCA
scissor,Positive,Neg_ctrl_Sample_19,0.23408666370278,3096,3.49094120535679,Sample_100_TCGA_BRCA
scissor,Positive,Neg_ctrl_Sample_20,-0.127696316478842,3096,3.49094120535679,Sample_100_TCGA_BRCA
scissor,Positive,Neg_ctrl_Sample_21,-0.0333733102912815,3096,3.49094120535679,Sample_100_TCGA_BRCA
scissor,Positive,Neg_ctrl_Sample_22,0.206010702442769,3096,3.49094120535679,Sample_100_TCGA_BRCA
scissor,Positive,Neg_ctrl_Sample_23,-0.0166794110730671,3096,3.49094120535679,Sample_100_TCGA_BRCA
scissor,Positive,Neg_ctrl_Sample_24,0.134647721489097,3096,3.49094120535679,Sample_100_TCGA_BRCA
scissor,Positive,Neg_ctrl_Sample_25,0.0596619326084517,3096,3.49094120535679,Sample_100_TCGA_BRCA
scissor,Positive,Neg_ctrl_Sample_26,0.0397290392159497,3096,3.49094120535679,Sample_100_TCGA_BRCA
scissor,Positive,Neg_ctrl_Sample_27,0.014770741292587,3096,3.49094120535679,Sample_100_TCGA_BRCA
scissor,Positive,Neg_ctrl_Sample_28,0.105192345389233,3096,3.49094120535679,Sample_100_TCGA_BRCA
scissor,Positive,Neg_ctrl_Sample_29,0.122376945088641,3096,3.49094120535679,Sample_100_TCGA_BRCA
scissor,Positive,Neg_ctrl_Sample_30,-0.0509230923808615,3096,3.49094120535679,Sample_100_TCGA_BRCA
scissor,Positive,Neg_ctrl_Sample_31,0.208769691428555,3096,3.49094120535679,Sample_100_TCGA_BRCA
scissor,Positive,Neg_ctrl_Sample_32,0.242550655298538,3096,3.49094120535679,Sample_100_TCGA_BRCA
scissor,Positive,Neg_ctrl_Sample_33,0.0155818130480948,3096,3.49094120535679,Sample_100_TCGA_BRCA
scissor,Positive,Neg_ctrl_Sample_34,-0.214116786336001,3096,3.49094120535679,Sample_100_TCGA_BRCA
scissor,Positive,Neg_ctrl_Sample_35,0.0479352855660145,3096,3.49094120535679,Sample_100_TCGA_BRCA
scissor,Positive,Neg_ctrl_Sample_36,0.0620180142808006,3096,3.49094120535679,Sample_100_TCGA_BRCA
scissor,Positive,Neg_ctrl_Sample_37,0.0746907279527554,3096,3.49094120535679,Sample_100_TCGA_BRCA
scissor,Positive,Neg_ctrl_Sample_38,0.0683226987207806,3096,3.49094120535679,Sample_100_TCGA_BRCA
scissor,Positive,Neg_ctrl_Sample_39,0.113233513742743,3096,3.49094120535679,Sample_100_TCGA_BRCA
scissor,Positive,Neg_ctrl_Sample_40,0.1664235899741,3096,3.49094120535679,Sample_100_TCGA_BRCA
scissor,Positive,Neg_ctrl_Sample_41,-0.132427770391426,3096,3.49094120535679,Sample_100_TCGA_BRCA
scissor,Positive,Neg_ctrl_Sample_42,-0.136351310933124,3096,3.49094120535679,Sample_100_TCGA_BRCA
scissor,Positive,Neg_ctrl_Sample_43,0.0462607800260755,3096,3.49094120535679,Sample_100_TCGA_BRCA
scissor,Positive,Neg_ctrl_Sample_44,0.270417927694119,3096,3.49094120535679,Sample_100_TCGA_BRCA
scissor,Positive,Neg_ctrl_Sample_45,0.0315733136600309,3096,3.49094120535679,Sample_100_TCGA_BRCA
scissor,Positive,Neg_ctrl_Sample_46,0.308664085066985,3096,3.49094120535679,Sample_100_TCGA_BRCA
scissor,Positive,Neg_ctrl_Sample_47,0.0566175553795353,3096,3.49094120535679,Sample_100_TCGA_BRCA
scissor,Positive,Neg_ctrl_Sample_48,0.0157490718506997,3096,3.49094120535679,Sample_100_TCGA_BRCA
scissor,Positive,Neg_ctrl_Sample_49,-0.0878757443616948,3096,3.49094120535679,Sample_100_TCGA_BRCA
scissor,Positive,Neg_ctrl_Sample_50,0.00511038146850103,3096,3.49094120535679,Sample_100_TCGA_BRCA
scissor,Positive,Neg_ctrl_Sample_51,0.118123881950435,3096,3.49094120535679,Sample_100_TCGA_BRCA
scissor,Positive,Neg_ctrl_Sample_52,0.219298467790513,3096,3.49094120535679,Sample_100_TCGA_BRCA
scissor,Positive,Neg_ctrl_Sample_53,0.0976234485590556,3096,3.49094120535679,Sample_100_TCGA_BRCA
scissor,Positive,Neg_ctrl_Sample_54,0.0218053690927199,3096,3.49094120535679,Sample_100_TCGA_BRCA
scissor,Positive,Neg_ctrl_Sample_55,-0.0176047177814708,3096,3.49094120535679,Sample_100_TCGA_BRCA
scissor,Positive,Neg_ctrl_Sample_56,0.0892970660789795,3096,3.49094120535679,Sample_100_TCGA_BRCA
scissor,Positive,Neg_ctrl_Sample_57,0.104062764771688,3096,3.49094120535679,Sample_100_TCGA_BRCA
scissor,Positive,Neg_ctrl_Sample_58,0.0342091359376707,3096,3.49094120535679,Sample_100_TCGA_BRCA
scissor,Positive,Neg_ctrl_Sample_59,0.103499807666799,3096,3.49094120535679,Sample_100_TCGA_BRCA
scissor,Positive,Neg_ctrl_Sample_60,0.0841791238950287,3096,3.49094120535679,Sample_100_TCGA_BRCA
scissor,Positive,Neg_ctrl_Sample_61,-0.0589895808588723,3096,3.49094120535679,Sample_100_TCGA_BRCA
scissor,Positive,Neg_ctrl_Sample_62,-0.0667568344439099,3096,3.49094120535679,Sample_100_TCGA_BRCA
scissor,Positive,Neg_ctrl_Sample_63,0.143864873382527,3096,3.49094120535679,Sample_100_TCGA_BRCA
scissor,Positive,Neg_ctrl_Sample_64,0.0372674896170434,3096,3.49094120535679,Sample_100_TCGA_BRCA
scissor,Positive,Neg_ctrl_Sample_65,-0.111594665855864,3096,3.49094120535679,Sample_100_TCGA_BRCA
scissor,Positive,Neg_ctrl_Sample_66,0.0194907666624107,3096,3.49094120535679,Sample_100_TCGA_BRCA
scissor,Positive,Neg_ctrl_Sample_67,0.339051152602871,3096,3.49094120535679,Sample_100_TCGA_BRCA
scissor,Positive,Neg_ctrl_Sample_68,0.0338295356779446,3096,3.49094120535679,Sample_100_TCGA_BRCA
scissor,Positive,Neg_ctrl_Sample_69,-0.0640931309363704,3096,3.49094120535679,Sample_100_TCGA_BRCA
scissor,Positive,Neg_ctrl_Sample_70,0.0805240277255985,3096,3.49094120535679,Sample_100_TCGA_BRCA
scissor,Positive,Neg_ctrl_Sample_71,-0.121808253912895,3096,3.49094120535679,Sample_100_TCGA_BRCA
scissor,Positive,Neg_ctrl_Sample_72,-0.109471529044713,3096,3.49094120535679,Sample_100_TCGA_BRCA
scissor,Positive,Neg_ctrl_Sample_73,0.151850875683345,3096,3.49094120535679,Sample_100_TCGA_BRCA
scissor,Positive,Neg_ctrl_Sample_74,-0.0821010883863099,3096,3.49094120535679,Sample_100_TCGA_BRCA
scissor,Positive,Neg_ctrl_Sample_75,0.104116033136644,3096,3.49094120535679,Sample_100_TCGA_BRCA
scissor,Positive,Neg_ctrl_Sample_76,0.0304784997484958,3096,3.49094120535679,Sample_100_TCGA_BRCA
scissor,Positive,Neg_ctrl_Sample_77,0.170968397641009,3096,3.49094120535679,Sample_100_TCGA_BRCA
scissor,Positive,Neg_ctrl_Sample_78,0.00997969651552735,3096,3.49094120535679,Sample_100_TCGA_BRCA
scissor,Positive,Neg_ctrl_Sample_79,-0.109989548775889,3096,3.49094120535679,Sample_100_TCGA_BRCA
scissor,Positive,Neg_ctrl_Sample_80,-0.0316170634291257,3096,3.49094120535679,Sample_100_TCGA_BRCA
scissor,Positive,Neg_ctrl_Sample_81,0.0480678587574686,3096,3.49094120535679,Sample_100_TCGA_BRCA
scissor,Positive,Neg_ctrl_Sample_82,-0.0265824834614245,3096,3.49094120535679,Sample_100_TCGA_BRCA
scissor,Positive,Neg_ctrl_Sample_83,0.0913896298863913,3096,3.49094120535679,Sample_100_TCGA_BRCA
scissor,Positive,Neg_ctrl_Sample_84,0.114157345036476,3096,3.49094120535679,Sample_100_TCGA_BRCA
scissor,Positive,Neg_ctrl_Sample_85,-0.00580829902721666,3096,3.49094120535679,Sample_100_TCGA_BRCA
scissor,Positive,Neg_ctrl_Sample_86,-0.0664523398354942,3096,3.49094120535679,Sample_100_TCGA_BRCA
scissor,Positive,Neg_ctrl_Sample_87,-0.0943716856578216,3096,3.49094120535679,Sample_100_TCGA_BRCA
scissor,Positive,Neg_ctrl_Sample_88,0.173984735705949,3096,3.49094120535679,Sample_100_TCGA_BRCA
scissor,Positive,Neg_ctrl_Sample_89,-0.121785443942946,3096,3.49094120535679,Sample_100_TCGA_BRCA
scissor,Positive,Neg_ctrl_Sample_90,0.137387750457229,3096,3.49094120535679,Sample_100_TCGA_BRCA
scissor,Positive,Neg_ctrl_Sample_91,-0.0416565544743624,3096,3.49094120535679,Sample_100_TCGA_BRCA
scissor,Positive,Neg_ctrl_Sample_92,-0.130395645689087,3096,3.49094120535679,Sample_100_TCGA_BRCA
scissor,Positive,Neg_ctrl_Sample_93,-0.122631381362878,3096,3.49094120535679,Sample_100_TCGA_BRCA
scissor,Positive,Neg_ctrl_Sample_94,0.0347747551563166,3096,3.49094120535679,Sample_100_TCGA_BRCA
scissor,Positive,Neg_ctrl_Sample_95,-0.0879653563749202,3096,3.49094120535679,Sample_100_TCGA_BRCA
scissor,Positive,Neg_ctrl_Sample_96,-0.0546373696026796,3096,3.49094120535679,Sample_100_TCGA_BRCA
scissor,Positive,Neg_ctrl_Sample_97,0.055516297276981,3096,3.49094120535679,Sample_100_TCGA_BRCA
scissor,Positive,Neg_ctrl_Sample_98,0.052066059106504,3096,3.49094120535679,Sample_100_TCGA_BRCA
scissor,Positive,Neg_ctrl_Sample_99,-0.0916605518656044,3096,3.49094120535679,Sample_100_TCGA_BRCA
scissor,Positive,Neg_ctrl_Sample_100,-0.153931658146641,3096,3.49094120535679,Sample_100_TCGA_BRCA
scAB,Other,Neg_ctrl_Sample_1,-0.0523186724817866,25577,4.40786658303078,Sample_100_TCGA_BRCA
scAB,Other,Neg_ctrl_Sample_2,-0.050813136482602,25577,4.40786658303078,Sample_100_TCGA_BRCA
scAB,Other,Neg_ctrl_Sample_3,-0.0197915993417123,25577,4.40786658303078,Sample_100_TCGA_BRCA
scAB,Other,Neg_ctrl_Sample_4,-0.220568926462543,25577,4.40786658303078,Sample_100_TCGA_BRCA
scAB,Other,Neg_ctrl_Sample_5,-0.0883667662395378,25577,4.40786658303078,Sample_100_TCGA_BRCA
scAB,Other,Neg_ctrl_Sample_6,-0.140278247293435,25577,4.40786658303078,Sample_100_TCGA_BRCA
scAB,Other,Neg_ctrl_Sample_7,-0.167924030553821,25577,4.40786658303078,Sample_100_TCGA_BRCA
scAB,Other,Neg_ctrl_Sample_8,-0.00601220405848548,25577,4.40786658303078,Sample_100_TCGA_BRCA
scAB,Other,Neg_ctrl_Sample_9,-0.00656301003762756,25577,4.40786658303078,Sample_100_TCGA_BRCA
scAB,Other,Neg_ctrl_Sample_10,0.0977505939901123,25577,4.40786658303078,Sample_100_TCGA_BRCA
scAB,Other,Neg_ctrl_Sample_11,0.148719273753245,25577,4.40786658303078,Sample_100_TCGA_BRCA
scAB,Other,Neg_ctrl_Sample_12,-0.122696469082261,25577,4.40786658303078,Sample_100_TCGA_BRCA
scAB,Other,Neg_ctrl_Sample_13,-0.0625010632621805,25577,4.40786658303078,Sample_100_TCGA_BRCA
scAB,Other,Neg_ctrl_Sample_14,0.0341583864220541,25577,4.40786658303078,Sample_100_TCGA_BRCA
scAB,Other,Neg_ctrl_Sample_15,-0.0734238569208091,25577,4.40786658303078,Sample_100_TCGA_BRCA
scAB,Other,Neg_ctrl_Sample_16,-0.0205133092439253,25577,4.40786658303078,Sample_100_TCGA_BRCA
scAB,Other,Neg_ctrl_Sample_17,0.167931903516807,25577,4.40786658303078,Sample_100_TCGA_BRCA
scAB,Other,Neg_ctrl_Sample_18,0.196819291110752,25577,4.40786658303078,Sample_100_TCGA_BRCA
scAB,Other,Neg_ctrl_Sample_19,0.230914392278064,25577,4.40786658303078,Sample_100_TCGA_BRCA
scAB,Other,Neg_ctrl_Sample_20,-0.126319000674401,25577,4.40786658303078,Sample_100_TCGA_BRCA
scAB,Other,Neg_ctrl_Sample_21,-0.0309889332057565,25577,4.40786658303078,Sample_100_TCGA_BRCA
scAB,Other,Neg_ctrl_Sample_22,0.205766205500209,25577,4.40786658303078,Sample_100_TCGA_BRCA
scAB,Other,Neg_ctrl_Sample_23,-0.0333787293689432,25577,4.40786658303078,Sample_100_TCGA_BRCA
scAB,Other,Neg_ctrl_Sample_24,0.13759232054249,25577,4.40786658303078,Sample_100_TCGA_BRCA
scAB,Other,Neg_ctrl_Sample_25,0.0599072728157293,25577,4.40786658303078,Sample_100_TCGA_BRCA
scAB,Other,Neg_ctrl_Sample_26,0.031958928780253,25577,4.40786658303078,Sample_100_TCGA_BRCA
scAB,Other,Neg_ctrl_Sample_27,0.00668498677899414,25577,4.40786658303078,Sample_100_TCGA_BRCA
scAB,Other,Neg_ctrl_Sample_28,0.0929740427067485,25577,4.40786658303078,Sample_100_TCGA_BRCA
scAB,Other,Neg_ctrl_Sample_29,0.123147331366308,25577,4.40786658303078,Sample_100_TCGA_BRCA
scAB,Other,Neg_ctrl_Sample_30,-0.049864890152197,25577,4.40786658303078,Sample_100_TCGA_BRCA
scAB,Other,Neg_ctrl_Sample_31,0.198898800521725,25577,4.40786658303078,Sample_100_TCGA_BRCA
scAB,Other,Neg_ctrl_Sample_32,0.238098354220711,25577,4.40786658303078,Sample_100_TCGA_BRCA
scAB,Other,Neg_ctrl_Sample_33,0.0161972189377362,25577,4.40786658303078,Sample_100_TCGA_BRCA
scAB,Other,Neg_ctrl_Sample_34,-0.229054770044333,25577,4.40786658303078,Sample_100_TCGA_BRCA
scAB,Other,Neg_ctrl_Sample_35,0.0397597472630924,25577,4.40786658303078,Sample_100_TCGA_BRCA
scAB,Other,Neg_ctrl_Sample_36,0.0637758165704822,25577,4.40786658303078,Sample_100_TCGA_BRCA
scAB,Other,Neg_ctrl_Sample_37,0.0780800289998956,25577,4.40786658303078,Sample_100_TCGA_BRCA
scAB,Other,Neg_ctrl_Sample_38,0.0697850358712514,25577,4.40786658303078,Sample_100_TCGA_BRCA
scAB,Other,Neg_ctrl_Sample_39,0.110674261742178,25577,4.40786658303078,Sample_100_TCGA_BRCA
scAB,Other,Neg_ctrl_Sample_40,0.171396745299024,25577,4.40786658303078,Sample_100_TCGA_BRCA
scAB,Other,Neg_ctrl_Sample_41,-0.132581572692163,25577,4.40786658303078,Sample_100_TCGA_BRCA
scAB,Other,Neg_ctrl_Sample_42,-0.143547756309591,25577,4.40786658303078,Sample_100_TCGA_BRCA
scAB,Other,Neg_ctrl_Sample_43,0.0421016569724156,25577,4.40786658303078,Sample_100_TCGA_BRCA
scAB,Other,Neg_ctrl_Sample_44,0.271203396458696,25577,4.40786658303078,Sample_100_TCGA_BRCA
scAB,Other,Neg_ctrl_Sample_45,0.018295006456826,25577,4.40786658303078,Sample_100_TCGA_BRCA
scAB,Other,Neg_ctrl_Sample_46,0.308939285999957,25577,4.40786658303078,Sample_100_TCGA_BRCA
scAB,Other,Neg_ctrl_Sample_47,0.0511909746155376,25577,4.40786658303078,Sample_100_TCGA_BRCA
scAB,Other,Neg_ctrl_Sample_48,0.0209130830261197,25577,4.40786658303078,Sample_100_TCGA_BRCA
scAB,Other,Neg_ctrl_Sample_49,-0.107673380997283,25577,4.40786658303078,Sample_100_TCGA_BRCA
scAB,Other,Neg_ctrl_Sample_50,-0.00861391143710527,25577,4.40786658303078,Sample_100_TCGA_BRCA
scAB,Other,Neg_ctrl_Sample_51,0.115548528149487,25577,4.40786658303078,Sample_100_TCGA_BRCA
scAB,Other,Neg_ctrl_Sample_52,0.208799599405619,25577,4.40786658303078,Sample_100_TCGA_BRCA
scAB,Other,Neg_ctrl_Sample_53,0.0930563839076935,25577,4.40786658303078,Sample_100_TCGA_BRCA
scAB,Other,Neg_ctrl_Sample_54,0.0167464967095324,25577,4.40786658303078,Sample_100_TCGA_BRCA
scAB,Other,Neg_ctrl_Sample_55,-0.0228047457774402,25577,4.40786658303078,Sample_100_TCGA_BRCA
scAB,Other,Neg_ctrl_Sample_56,0.085558747165712,25577,4.40786658303078,Sample_100_TCGA_BRCA
scAB,Other,Neg_ctrl_Sample_57,0.0901234065722925,25577,4.40786658303078,Sample_100_TCGA_BRCA
scAB,Other,Neg_ctrl_Sample_58,0.0269422276928751,25577,4.40786658303078,Sample_100_TCGA_BRCA
scAB,Other,Neg_ctrl_Sample_59,0.0944436438541846,25577,4.40786658303078,Sample_100_TCGA_BRCA
scAB,Other,Neg_ctrl_Sample_60,0.0726977553368383,25577,4.40786658303078,Sample_100_TCGA_BRCA
scAB,Other,Neg_ctrl_Sample_61,-0.0621909550164861,25577,4.40786658303078,Sample_100_TCGA_BRCA
scAB,Other,Neg_ctrl_Sample_62,-0.0739971659616469,25577,4.40786658303078,Sample_100_TCGA_BRCA
scAB,Other,Neg_ctrl_Sample_63,0.14646211311336,25577,4.40786658303078,Sample_100_TCGA_BRCA
scAB,Other,Neg_ctrl_Sample_64,0.0316779762125466,25577,4.40786658303078,Sample_100_TCGA_BRCA
scAB,Other,Neg_ctrl_Sample_65,-0.113997711634824,25577,4.40786658303078,Sample_100_TCGA_BRCA
scAB,Other,Neg_ctrl_Sample_66,0.0129857501856295,25577,4.40786658303078,Sample_100_TCGA_BRCA
scAB,Other,Neg_ctrl_Sample_67,0.334241504148133,25577,4.40786658303078,Sample_100_TCGA_BRCA
scAB,Other,Neg_ctrl_Sample_68,0.0196609551469783,25577,4.40786658303078,Sample_100_TCGA_BRCA
scAB,Other,Neg_ctrl_Sample_69,-0.077802867706938,25577,4.40786658303078,Sample_100_TCGA_BRCA
scAB,Other,Neg_ctrl_Sample_70,0.0769396935010926,25577,4.40786658303078,Sample_100_TCGA_BRCA
scAB,Other,Neg_ctrl_Sample_71,-0.118978360359032,25577,4.40786658303078,Sample_100_TCGA_BRCA
scAB,Other,Neg_ctrl_Sample_72,-0.110370786471272,25577,4.40786658303078,Sample_100_TCGA_BRCA
scAB,Other,Neg_ctrl_Sample_73,0.144906715819738,25577,4.40786658303078,Sample_100_TCGA_BRCA
scAB,Other,Neg_ctrl_Sample_74,-0.0947029780394761,25577,4.40786658303078,Sample_100_TCGA_BRCA
scAB,Other,Neg_ctrl_Sample_75,0.10450822977361,25577,4.40786658303078,Sample_100_TCGA_BRCA
scAB,Other,Neg_ctrl_Sample_76,0.0210368211245836,25577,4.40786658303078,Sample_100_TCGA_BRCA
scAB,Other,Neg_ctrl_Sample_77,0.15287332875044,25577,4.40786658303078,Sample_100_TCGA_BRCA
scAB,Other,Neg_ctrl_Sample_78,0.00982890455414248,25577,4.40786658303078,Sample_100_TCGA_BRCA
scAB,Other,Neg_ctrl_Sample_79,-0.130209170779421,25577,4.40786658303078,Sample_100_TCGA_BRCA
scAB,Other,Neg_ctrl_Sample_80,-0.0310833629496424,25577,4.40786658303078,Sample_100_TCGA_BRCA
scAB,Other,Neg_ctrl_Sample_81,0.0455354353250155,25577,4.40786658303078,Sample_100_TCGA_BRCA
scAB,Other,Neg_ctrl_Sample_82,-0.0264376462359117,25577,4.40786658303078,Sample_100_TCGA_BRCA
scAB,Other,Neg_ctrl_Sample_83,0.0871066593147184,25577,4.40786658303078,Sample_100_TCGA_BRCA
scAB,Other,Neg_ctrl_Sample_84,0.107509435050711,25577,4.40786658303078,Sample_100_TCGA_BRCA
scAB,Other,Neg_ctrl_Sample_85,-0.00972497638762565,25577,4.40786658303078,Sample_100_TCGA_BRCA
scAB,Other,Neg_ctrl_Sample_86,-0.0608807392104548,25577,4.40786658303078,Sample_100_TCGA_BRCA
scAB,Other,Neg_ctrl_Sample_87,-0.112409570093541,25577,4.40786658303078,Sample_100_TCGA_BRCA
scAB,Other,Neg_ctrl_Sample_88,0.176723246236869,25577,4.40786658303078,Sample_100_TCGA_BRCA
scAB,Other,Neg_ctrl_Sample_89,-0.136026443151092,25577,4.40786658303078,Sample_100_TCGA_BRCA
scAB,Other,Neg_ctrl_Sample_90,0.133395146025155,25577,4.40786658303078,Sample_100_TCGA_BRCA
scAB,Other,Neg_ctrl_Sample_91,-0.0339982217757861,25577,4.40786658303078,Sample_100_TCGA_BRCA
scAB,Other,Neg_ctrl_Sample_92,-0.140303827718825,25577,4.40786658303078,Sample_100_TCGA_BRCA
scAB,Other,Neg_ctrl_Sample_93,-0.118576014059846,25577,4.40786658303078,Sample_100_TCGA_BRCA
scAB,Other,Neg_ctrl_Sample_94,0.0303790500560016,25577,4.40786658303078,Sample_100_TCGA_BRCA
scAB,Other,Neg_ctrl_Sample_95,-0.0973722118614753,25577,4.40786658303078,Sample_100_TCGA_BRCA
scAB,Other,Neg_ctrl_Sample_96,-0.0741759479118041,25577,4.40786658303078,Sample_100_TCGA_BRCA
scAB,Other,Neg_ctrl_Sample_97,0.0543927191937769,25577,4.40786658303078,Sample_100_TCGA_BRCA
scAB,Other,Neg_ctrl_Sample_98,0.0365127145554881,25577,4.40786658303078,Sample_100_TCGA_BRCA
scAB,Other,Neg_ctrl_Sample_99,-0.101242574771004,25577,4.40786658303078,Sample_100_TCGA_BRCA
scAB,Other,Neg_ctrl_Sample_100,-0.147539762007786,25577,4.40786658303078,Sample_100_TCGA_BRCA
scAB,Positive,Neg_ctrl_Sample_1,-0.0535761902592946,6295,3.79906471935101,Sample_100_TCGA_BRCA
scAB,Positive,Neg_ctrl_Sample_2,-0.046557955230688,6295,3.79906471935101,Sample_100_TCGA_BRCA
scAB,Positive,Neg_ctrl_Sample_3,-0.0443744559420775,6295,3.79906471935101,Sample_100_TCGA_BRCA
scAB,Positive,Neg_ctrl_Sample_4,-0.24759147797154,6295,3.79906471935101,Sample_100_TCGA_BRCA
scAB,Positive,Neg_ctrl_Sample_5,-0.0958072409519084,6295,3.79906471935101,Sample_100_TCGA_BRCA
scAB,Positive,Neg_ctrl_Sample_6,-0.151918325880697,6295,3.79906471935101,Sample_100_TCGA_BRCA
scAB,Positive,Neg_ctrl_Sample_7,-0.159494374118882,6295,3.79906471935101,Sample_100_TCGA_BRCA
scAB,Positive,Neg_ctrl_Sample_8,-0.00659739903428208,6295,3.79906471935101,Sample_100_TCGA_BRCA
scAB,Positive,Neg_ctrl_Sample_9,-0.0134417993090527,6295,3.79906471935101,Sample_100_TCGA_BRCA
scAB,Positive,Neg_ctrl_Sample_10,0.0885880374051092,6295,3.79906471935101,Sample_100_TCGA_BRCA
scAB,Positive,Neg_ctrl_Sample_11,0.148677230761709,6295,3.79906471935101,Sample_100_TCGA_BRCA
scAB,Positive,Neg_ctrl_Sample_12,-0.144110949888144,6295,3.79906471935101,Sample_100_TCGA_BRCA
scAB,Positive,Neg_ctrl_Sample_13,-0.0683544908233432,6295,3.79906471935101,Sample_100_TCGA_BRCA
scAB,Positive,Neg_ctrl_Sample_14,0.0216112534142834,6295,3.79906471935101,Sample_100_TCGA_BRCA
scAB,Positive,Neg_ctrl_Sample_15,-0.0745746310520757,6295,3.79906471935101,Sample_100_TCGA_BRCA
scAB,Positive,Neg_ctrl_Sample_16,-0.0339744655205861,6295,3.79906471935101,Sample_100_TCGA_BRCA
scAB,Positive,Neg_ctrl_Sample_17,0.165465878787561,6295,3.79906471935101,Sample_100_TCGA_BRCA
scAB,Positive,Neg_ctrl_Sample_18,0.209061609197473,6295,3.79906471935101,Sample_100_TCGA_BRCA
scAB,Positive,Neg_ctrl_Sample_19,0.23759832716618,6295,3.79906471935101,Sample_100_TCGA_BRCA
scAB,Positive,Neg_ctrl_Sample_20,-0.141886422629646,6295,3.79906471935101,Sample_100_TCGA_BRCA
scAB,Positive,Neg_ctrl_Sample_21,-0.0136979461613355,6295,3.79906471935101,Sample_100_TCGA_BRCA
scAB,Positive,Neg_ctrl_Sample_22,0.202792015944125,6295,3.79906471935101,Sample_100_TCGA_BRCA
scAB,Positive,Neg_ctrl_Sample_23,-0.0506785265260624,6295,3.79906471935101,Sample_100_TCGA_BRCA
scAB,Positive,Neg_ctrl_Sample_24,0.121947239729261,6295,3.79906471935101,Sample_100_TCGA_BRCA
scAB,Positive,Neg_ctrl_Sample_25,0.0362309527408688,6295,3.79906471935101,Sample_100_TCGA_BRCA
scAB,Positive,Neg_ctrl_Sample_26,0.0313796458739374,6295,3.79906471935101,Sample_100_TCGA_BRCA
scAB,Positive,Neg_ctrl_Sample_27,-0.0136943727522094,6295,3.79906471935101,Sample_100_TCGA_BRCA
scAB,Positive,Neg_ctrl_Sample_28,0.0960675297862968,6295,3.79906471935101,Sample_100_TCGA_BRCA
scAB,Positive,Neg_ctrl_Sample_29,0.110825801956639,6295,3.79906471935101,Sample_100_TCGA_BRCA
scAB,Positive,Neg_ctrl_Sample_30,-0.0643191063743859,6295,3.79906471935101,Sample_100_TCGA_BRCA
scAB,Positive,Neg_ctrl_Sample_31,0.206634412950728,6295,3.79906471935101,Sample_100_TCGA_BRCA
scAB,Positive,Neg_ctrl_Sample_32,0.224307537562792,6295,3.79906471935101,Sample_100_TCGA_BRCA
scAB,Positive,Neg_ctrl_Sample_33,0.0207389843959211,6295,3.79906471935101,Sample_100_TCGA_BRCA
scAB,Positive,Neg_ctrl_Sample_34,-0.242018805629387,6295,3.79906471935101,Sample_100_TCGA_BRCA
scAB,Positive,Neg_ctrl_Sample_35,0.0353536222154968,6295,3.79906471935101,Sample_100_TCGA_BRCA
scAB,Positive,Neg_ctrl_Sample_36,0.0616342304479238,6295,3.79906471935101,Sample_100_TCGA_BRCA
scAB,Positive,Neg_ctrl_Sample_37,0.0798867793016039,6295,3.79906471935101,Sample_100_TCGA_BRCA
scAB,Positive,Neg_ctrl_Sample_38,0.0767634434652354,6295,3.79906471935101,Sample_100_TCGA_BRCA
scAB,Positive,Neg_ctrl_Sample_39,0.114127211640949,6295,3.79906471935101,Sample_100_TCGA_BRCA
scAB,Positive,Neg_ctrl_Sample_40,0.161303003747018,6295,3.79906471935101,Sample_100_TCGA_BRCA
scAB,Positive,Neg_ctrl_Sample_41,-0.155815717528144,6295,3.79906471935101,Sample_100_TCGA_BRCA
scAB,Positive,Neg_ctrl_Sample_42,-0.158204126679482,6295,3.79906471935101,Sample_100_TCGA_BRCA
scAB,Positive,Neg_ctrl_Sample_43,0.0364468951413427,6295,3.79906471935101,Sample_100_TCGA_BRCA
scAB,Positive,Neg_ctrl_Sample_44,0.27605620213015,6295,3.79906471935101,Sample_100_TCGA_BRCA
scAB,Positive,Neg_ctrl_Sample_45,0.0164422490413676,6295,3.79906471935101,Sample_100_TCGA_BRCA
scAB,Positive,Neg_ctrl_Sample_46,0.314209483515225,6295,3.79906471935101,Sample_100_TCGA_BRCA
scAB,Positive,Neg_ctrl_Sample_47,0.0567619071482306,6295,3.79906471935101,Sample_100_TCGA_BRCA
scAB,Positive,Neg_ctrl_Sample_48,0.00350634586394031,6295,3.79906471935101,Sample_100_TCGA_BRCA
scAB,Positive,Neg_ctrl_Sample_49,-0.132067434723944,6295,3.79906471935101,Sample_100_TCGA_BRCA
scAB,Positive,Neg_ctrl_Sample_50,-0.0202711101353867,6295,3.79906471935101,Sample_100_TCGA_BRCA
scAB,Positive,Neg_ctrl_Sample_51,0.109767727667695,6295,3.79906471935101,Sample_100_TCGA_BRCA
scAB,Positive,Neg_ctrl_Sample_52,0.191626085449263,6295,3.79906471935101,Sample_100_TCGA_BRCA
scAB,Positive,Neg_ctrl_Sample_53,0.0788488581599888,6295,3.79906471935101,Sample_100_TCGA_BRCA
scAB,Positive,Neg_ctrl_Sample_54,0.0150505625265588,6295,3.79906471935101,Sample_100_TCGA_BRCA
scAB,Positive,Neg_ctrl_Sample_55,-0.0172428213359951,6295,3.79906471935101,Sample_100_TCGA_BRCA
scAB,Positive,Neg_ctrl_Sample_56,0.0882597342144527,6295,3.79906471935101,Sample_100_TCGA_BRCA
scAB,Positive,Neg_ctrl_Sample_57,0.0979076002001326,6295,3.79906471935101,Sample_100_TCGA_BRCA
scAB,Positive,Neg_ctrl_Sample_58,0.0218621153801657,6295,3.79906471935101,Sample_100_TCGA_BRCA
scAB,Positive,Neg_ctrl_Sample_59,0.100966000751354,6295,3.79906471935101,Sample_100_TCGA_BRCA
scAB,Positive,Neg_ctrl_Sample_60,0.0764478033999911,6295,3.79906471935101,Sample_100_TCGA_BRCA
scAB,Positive,Neg_ctrl_Sample_61,-0.0818326508833932,6295,3.79906471935101,Sample_100_TCGA_BRCA
scAB,Positive,Neg_ctrl_Sample_62,-0.0829040034418415,6295,3.79906471935101,Sample_100_TCGA_BRCA
scAB,Positive,Neg_ctrl_Sample_63,0.139477937268684,6295,3.79906471935101,Sample_100_TCGA_BRCA
scAB,Positive,Neg_ctrl_Sample_64,0.0139013948721764,6295,3.79906471935101,Sample_100_TCGA_BRCA
scAB,Positive,Neg_ctrl_Sample_65,-0.125950972760972,6295,3.79906471935101,Sample_100_TCGA_BRCA
scAB,Positive,Neg_ctrl_Sample_66,0.0234770758651011,6295,3.79906471935101,Sample_100_TCGA_BRCA
scAB,Positive,Neg_ctrl_Sample_67,0.341887905095889,6295,3.79906471935101,Sample_100_TCGA_BRCA
scAB,Positive,Neg_ctrl_Sample_68,0.0140331134090252,6295,3.79906471935101,Sample_100_TCGA_BRCA
scAB,Positive,Neg_ctrl_Sample_69,-0.0859882098107669,6295,3.79906471935101,Sample_100_TCGA_BRCA
scAB,Positive,Neg_ctrl_Sample_70,0.0652790957080836,6295,3.79906471935101,Sample_100_TCGA_BRCA
scAB,Positive,Neg_ctrl_Sample_71,-0.128969021254388,6295,3.79906471935101,Sample_100_TCGA_BRCA
scAB,Positive,Neg_ctrl_Sample_72,-0.11571051495746,6295,3.79906471935101,Sample_100_TCGA_BRCA
scAB,Positive,Neg_ctrl_Sample_73,0.150616718893673,6295,3.79906471935101,Sample_100_TCGA_BRCA
scAB,Positive,Neg_ctrl_Sample_74,-0.106829790048519,6295,3.79906471935101,Sample_100_TCGA_BRCA
scAB,Positive,Neg_ctrl_Sample_75,0.0940173753366031,6295,3.79906471935101,Sample_100_TCGA_BRCA
scAB,Positive,Neg_ctrl_Sample_76,0.00449874842094766,6295,3.79906471935101,Sample_100_TCGA_BRCA
scAB,Positive,Neg_ctrl_Sample_77,0.169853738072521,6295,3.79906471935101,Sample_100_TCGA_BRCA
scAB,Positive,Neg_ctrl_Sample_78,0.00770927310362721,6295,3.79906471935101,Sample_100_TCGA_BRCA
scAB,Positive,Neg_ctrl_Sample_79,-0.133802028935574,6295,3.79906471935101,Sample_100_TCGA_BRCA
scAB,Positive,Neg_ctrl_Sample_80,-0.0258498683977828,6295,3.79906471935101,Sample_100_TCGA_BRCA
scAB,Positive,Neg_ctrl_Sample_81,0.0484423629411633,6295,3.79906471935101,Sample_100_TCGA_BRCA
scAB,Positive,Neg_ctrl_Sample_82,-0.0381889991990877,6295,3.79906471935101,Sample_100_TCGA_BRCA
scAB,Positive,Neg_ctrl_Sample_83,0.0901205587454571,6295,3.79906471935101,Sample_100_TCGA_BRCA
scAB,Positive,Neg_ctrl_Sample_84,0.101058282068108,6295,3.79906471935101,Sample_100_TCGA_BRCA
scAB,Positive,Neg_ctrl_Sample_85,-0.00813001129536937,6295,3.79906471935101,Sample_100_TCGA_BRCA
scAB,Positive,Neg_ctrl_Sample_86,-0.0708038098422813,6295,3.79906471935101,Sample_100_TCGA_BRCA
scAB,Positive,Neg_ctrl_Sample_87,-0.109883610810402,6295,3.79906471935101,Sample_100_TCGA_BRCA
scAB,Positive,Neg_ctrl_Sample_88,0.165512202036902,6295,3.79906471935101,Sample_100_TCGA_BRCA
scAB,Positive,Neg_ctrl_Sample_89,-0.144991773942003,6295,3.79906471935101,Sample_100_TCGA_BRCA
scAB,Positive,Neg_ctrl_Sample_90,0.134202034371145,6295,3.79906471935101,Sample_100_TCGA_BRCA
scAB,Positive,Neg_ctrl_Sample_91,-0.0444872683313272,6295,3.79906471935101,Sample_100_TCGA_BRCA
scAB,Positive,Neg_ctrl_Sample_92,-0.156592755362698,6295,3.79906471935101,Sample_100_TCGA_BRCA
scAB,Positive,Neg_ctrl_Sample_93,-0.126250188370561,6295,3.79906471935101,Sample_100_TCGA_BRCA
scAB,Positive,Neg_ctrl_Sample_94,0.0366600075877471,6295,3.79906471935101,Sample_100_TCGA_BRCA
scAB,Positive,Neg_ctrl_Sample_95,-0.0873440892547094,6295,3.79906471935101,Sample_100_TCGA_BRCA
scAB,Positive,Neg_ctrl_Sample_96,-0.0658274885396468,6295,3.79906471935101,Sample_100_TCGA_BRCA
scAB,Positive,Neg_ctrl_Sample_97,0.0497199214217545,6295,3.79906471935101,Sample_100_TCGA_BRCA
scAB,Positive,Neg_ctrl_Sample_98,0.0343984010502174,6295,3.79906471935101,Sample_100_TCGA_BRCA
scAB,Positive,Neg_ctrl_Sample_99,-0.104792191650456,6295,3.79906471935101,Sample_100_TCGA_BRCA
scAB,Positive,Neg_ctrl_Sample_100,-0.159686948926283,6295,3.79906471935101,Sample_100_TCGA_BRCA
SCIPAC,Negative,Neg_ctrl_Sample_1,-0.0589893206538057,6533,3.81517913013942,Sample_100_TCGA_BRCA
SCIPAC,Negative,Neg_ctrl_Sample_2,-0.0689492096370346,6533,3.81517913013942,Sample_100_TCGA_BRCA
SCIPAC,Negative,Neg_ctrl_Sample_3,-0.0421445530881377,6533,3.81517913013942,Sample_100_TCGA_BRCA
SCIPAC,Negative,Neg_ctrl_Sample_4,-0.251674551989916,6533,3.81517913013942,Sample_100_TCGA_BRCA
SCIPAC,Negative,Neg_ctrl_Sample_5,-0.111760473142075,6533,3.81517913013942,Sample_100_TCGA_BRCA
SCIPAC,Negative,Neg_ctrl_Sample_6,-0.155589041309136,6533,3.81517913013942,Sample_100_TCGA_BRCA
SCIPAC,Negative,Neg_ctrl_Sample_7,-0.179107426994605,6533,3.81517913013942,Sample_100_TCGA_BRCA
SCIPAC,Negative,Neg_ctrl_Sample_8,-0.00914146390638022,6533,3.81517913013942,Sample_100_TCGA_BRCA
SCIPAC,Negative,Neg_ctrl_Sample_9,-0.0370409790205706,6533,3.81517913013942,Sample_100_TCGA_BRCA
SCIPAC,Negative,Neg_ctrl_Sample_10,0.0863782162219178,6533,3.81517913013942,Sample_100_TCGA_BRCA
SCIPAC,Negative,Neg_ctrl_Sample_11,0.142025306329017,6533,3.81517913013942,Sample_100_TCGA_BRCA
SCIPAC,Negative,Neg_ctrl_Sample_12,-0.159116451467863,6533,3.81517913013942,Sample_100_TCGA_BRCA
SCIPAC,Negative,Neg_ctrl_Sample_13,-0.0727446299903648,6533,3.81517913013942,Sample_100_TCGA_BRCA
SCIPAC,Negative,Neg_ctrl_Sample_14,0.0134688877678053,6533,3.81517913013942,Sample_100_TCGA_BRCA
SCIPAC,Negative,Neg_ctrl_Sample_15,-0.0861164069998758,6533,3.81517913013942,Sample_100_TCGA_BRCA
SCIPAC,Negative,Neg_ctrl_Sample_16,-0.0314584356821631,6533,3.81517913013942,Sample_100_TCGA_BRCA
SCIPAC,Negative,Neg_ctrl_Sample_17,0.154470289227473,6533,3.81517913013942,Sample_100_TCGA_BRCA
SCIPAC,Negative,Neg_ctrl_Sample_18,0.208870030903069,6533,3.81517913013942,Sample_100_TCGA_BRCA
SCIPAC,Negative,Neg_ctrl_Sample_19,0.23990066739308,6533,3.81517913013942,Sample_100_TCGA_BRCA
SCIPAC,Negative,Neg_ctrl_Sample_20,-0.148722284304149,6533,3.81517913013942,Sample_100_TCGA_BRCA
SCIPAC,Negative,Neg_ctrl_Sample_21,-0.0132818257964396,6533,3.81517913013942,Sample_100_TCGA_BRCA
SCIPAC,Negative,Neg_ctrl_Sample_22,0.198078457831748,6533,3.81517913013942,Sample_100_TCGA_BRCA
SCIPAC,Negative,Neg_ctrl_Sample_23,-0.0712377817370725,6533,3.81517913013942,Sample_100_TCGA_BRCA
SCIPAC,Negative,Neg_ctrl_Sample_24,0.130434216109884,6533,3.81517913013942,Sample_100_TCGA_BRCA
SCIPAC,Negative,Neg_ctrl_Sample_25,0.0275041073480654,6533,3.81517913013942,Sample_100_TCGA_BRCA
SCIPAC,Negative,Neg_ctrl_Sample_26,0.0196539927888156,6533,3.81517913013942,Sample_100_TCGA_BRCA
SCIPAC,Negative,Neg_ctrl_Sample_27,-0.00178644322607749,6533,3.81517913013942,Sample_100_TCGA_BRCA
SCIPAC,Negative,Neg_ctrl_Sample_28,0.0838221579087078,6533,3.81517913013942,Sample_100_TCGA_BRCA
SCIPAC,Negative,Neg_ctrl_Sample_29,0.118022950706636,6533,3.81517913013942,Sample_100_TCGA_BRCA
SCIPAC,Negative,Neg_ctrl_Sample_30,-0.0654854431481244,6533,3.81517913013942,Sample_100_TCGA_BRCA
SCIPAC,Negative,Neg_ctrl_Sample_31,0.185395891282311,6533,3.81517913013942,Sample_100_TCGA_BRCA
SCIPAC,Negative,Neg_ctrl_Sample_32,0.206306776804816,6533,3.81517913013942,Sample_100_TCGA_BRCA
SCIPAC,Negative,Neg_ctrl_Sample_33,0.0118096080017683,6533,3.81517913013942,Sample_100_TCGA_BRCA
SCIPAC,Negative,Neg_ctrl_Sample_34,-0.252199201982502,6533,3.81517913013942,Sample_100_TCGA_BRCA
SCIPAC,Negative,Neg_ctrl_Sample_35,0.0170788745901121,6533,3.81517913013942,Sample_100_TCGA_BRCA
SCIPAC,Negative,Neg_ctrl_Sample_36,0.0550723348476855,6533,3.81517913013942,Sample_100_TCGA_BRCA
SCIPAC,Negative,Neg_ctrl_Sample_37,0.0850590933376706,6533,3.81517913013942,Sample_100_TCGA_BRCA
SCIPAC,Negative,Neg_ctrl_Sample_38,0.0743350921426298,6533,3.81517913013942,Sample_100_TCGA_BRCA
SCIPAC,Negative,Neg_ctrl_Sample_39,0.106991168080003,6533,3.81517913013942,Sample_100_TCGA_BRCA
SCIPAC,Negative,Neg_ctrl_Sample_40,0.157023742292212,6533,3.81517913013942,Sample_100_TCGA_BRCA
SCIPAC,Negative,Neg_ctrl_Sample_41,-0.161578590901011,6533,3.81517913013942,Sample_100_TCGA_BRCA
SCIPAC,Negative,Neg_ctrl_Sample_42,-0.154254449279263,6533,3.81517913013942,Sample_100_TCGA_BRCA
SCIPAC,Negative,Neg_ctrl_Sample_43,0.0400258219687791,6533,3.81517913013942,Sample_100_TCGA_BRCA
SCIPAC,Negative,Neg_ctrl_Sample_44,0.265190435807372,6533,3.81517913013942,Sample_100_TCGA_BRCA
SCIPAC,Negative,Neg_ctrl_Sample_45,-0.000857072570282841,6533,3.81517913013942,Sample_100_TCGA_BRCA
SCIPAC,Negative,Neg_ctrl_Sample_46,0.317345425701965,6533,3.81517913013942,Sample_100_TCGA_BRCA
SCIPAC,Negative,Neg_ctrl_Sample_47,0.059696114536858,6533,3.81517913013942,Sample_100_TCGA_BRCA
SCIPAC,Negative,Neg_ctrl_Sample_48,0.00733825240442251,6533,3.81517913013942,Sample_100_TCGA_BRCA
SCIPAC,Negative,Neg_ctrl_Sample_49,-0.138253339879754,6533,3.81517913013942,Sample_100_TCGA_BRCA
SCIPAC,Negative,Neg_ctrl_Sample_50,-0.0305897915399507,6533,3.81517913013942,Sample_100_TCGA_BRCA
SCIPAC,Negative,Neg_ctrl_Sample_51,0.106305900558086,6533,3.81517913013942,Sample_100_TCGA_BRCA
SCIPAC,Negative,Neg_ctrl_Sample_52,0.185928080464066,6533,3.81517913013942,Sample_100_TCGA_BRCA
SCIPAC,Negative,Neg_ctrl_Sample_53,0.080774356840099,6533,3.81517913013942,Sample_100_TCGA_BRCA
SCIPAC,Negative,Neg_ctrl_Sample_54,0.00434857428489525,6533,3.81517913013942,Sample_100_TCGA_BRCA
SCIPAC,Negative,Neg_ctrl_Sample_55,-0.0386191949016049,6533,3.81517913013942,Sample_100_TCGA_BRCA
SCIPAC,Negative,Neg_ctrl_Sample_56,0.076148508540873,6533,3.81517913013942,Sample_100_TCGA_BRCA
SCIPAC,Negative,Neg_ctrl_Sample_57,0.0777580388629878,6533,3.81517913013942,Sample_100_TCGA_BRCA
SCIPAC,Negative,Neg_ctrl_Sample_58,0.0111003582602369,6533,3.81517913013942,Sample_100_TCGA_BRCA
SCIPAC,Negative,Neg_ctrl_Sample_59,0.0832121162010142,6533,3.81517913013942,Sample_100_TCGA_BRCA
SCIPAC,Negative,Neg_ctrl_Sample_60,0.0538587684768763,6533,3.81517913013942,Sample_100_TCGA_BRCA
SCIPAC,Negative,Neg_ctrl_Sample_61,-0.0777097571249256,6533,3.81517913013942,Sample_100_TCGA_BRCA
SCIPAC,Negative,Neg_ctrl_Sample_62,-0.0869476399680916,6533,3.81517913013942,Sample_100_TCGA_BRCA
SCIPAC,Negative,Neg_ctrl_Sample_63,0.138271979930276,6533,3.81517913013942,Sample_100_TCGA_BRCA
SCIPAC,Negative,Neg_ctrl_Sample_64,-0.000123258311327965,6533,3.81517913013942,Sample_100_TCGA_BRCA
SCIPAC,Negative,Neg_ctrl_Sample_65,-0.132470852455299,6533,3.81517913013942,Sample_100_TCGA_BRCA
SCIPAC,Negative,Neg_ctrl_Sample_66,0.0063056464921958,6533,3.81517913013942,Sample_100_TCGA_BRCA
SCIPAC,Negative,Neg_ctrl_Sample_67,0.340639645726658,6533,3.81517913013942,Sample_100_TCGA_BRCA
SCIPAC,Negative,Neg_ctrl_Sample_68,0.00182710970679369,6533,3.81517913013942,Sample_100_TCGA_BRCA
SCIPAC,Negative,Neg_ctrl_Sample_69,-0.101921643690793,6533,3.81517913013942,Sample_100_TCGA_BRCA
SCIPAC,Negative,Neg_ctrl_Sample_70,0.0605045672364306,6533,3.81517913013942,Sample_100_TCGA_BRCA
SCIPAC,Negative,Neg_ctrl_Sample_71,-0.130221453944502,6533,3.81517913013942,Sample_100_TCGA_BRCA
SCIPAC,Negative,Neg_ctrl_Sample_72,-0.123382540511211,6533,3.81517913013942,Sample_100_TCGA_BRCA
SCIPAC,Negative,Neg_ctrl_Sample_73,0.147544484166159,6533,3.81517913013942,Sample_100_TCGA_BRCA
SCIPAC,Negative,Neg_ctrl_Sample_74,-0.115845002052623,6533,3.81517913013942,Sample_100_TCGA_BRCA
SCIPAC,Negative,Neg_ctrl_Sample_75,0.0889933885090146,6533,3.81517913013942,Sample_100_TCGA_BRCA
SCIPAC,Negative,Neg_ctrl_Sample_76,-0.00224625515795075,6533,3.81517913013942,Sample_100_TCGA_BRCA
SCIPAC,Negative,Neg_ctrl_Sample_77,0.140459613776359,6533,3.81517913013942,Sample_100_TCGA_BRCA
SCIPAC,Negative,Neg_ctrl_Sample_78,0.0102650098237451,6533,3.81517913013942,Sample_100_TCGA_BRCA
SCIPAC,Negative,Neg_ctrl_Sample_79,-0.154645878787253,6533,3.81517913013942,Sample_100_TCGA_BRCA
SCIPAC,Negative,Neg_ctrl_Sample_80,-0.0212061373497797,6533,3.81517913013942,Sample_100_TCGA_BRCA
SCIPAC,Negative,Neg_ctrl_Sample_81,0.0390736429587562,6533,3.81517913013942,Sample_100_TCGA_BRCA
SCIPAC,Negative,Neg_ctrl_Sample_82,-0.0436975777692715,6533,3.81517913013942,Sample_100_TCGA_BRCA
SCIPAC,Negative,Neg_ctrl_Sample_83,0.0738903517281308,6533,3.81517913013942,Sample_100_TCGA_BRCA
SCIPAC,Negative,Neg_ctrl_Sample_84,0.0908944121880064,6533,3.81517913013942,Sample_100_TCGA_BRCA
SCIPAC,Negative,Neg_ctrl_Sample_85,-0.0179387580488087,6533,3.81517913013942,Sample_100_TCGA_BRCA
SCIPAC,Negative,Neg_ctrl_Sample_86,-0.0685175460485712,6533,3.81517913013942,Sample_100_TCGA_BRCA
SCIPAC,Negative,Neg_ctrl_Sample_87,-0.136452008074922,6533,3.81517913013942,Sample_100_TCGA_BRCA
SCIPAC,Negative,Neg_ctrl_Sample_88,0.171880368117265,6533,3.81517913013942,Sample_100_TCGA_BRCA
SCIPAC,Negative,Neg_ctrl_Sample_89,-0.166747350368262,6533,3.81517913013942,Sample_100_TCGA_BRCA
SCIPAC,Negative,Neg_ctrl_Sample_90,0.109724382944104,6533,3.81517913013942,Sample_100_TCGA_BRCA
SCIPAC,Negative,Neg_ctrl_Sample_91,-0.0369063573318973,6533,3.81517913013942,Sample_100_TCGA_BRCA
SCIPAC,Negative,Neg_ctrl_Sample_92,-0.166599267816198,6533,3.81517913013942,Sample_100_TCGA_BRCA
SCIPAC,Negative,Neg_ctrl_Sample_93,-0.12253100757502,6533,3.81517913013942,Sample_100_TCGA_BRCA
SCIPAC,Negative,Neg_ctrl_Sample_94,0.0294217555048507,6533,3.81517913013942,Sample_100_TCGA_BRCA
SCIPAC,Negative,Neg_ctrl_Sample_95,-0.104891112641894,6533,3.81517913013942,Sample_100_TCGA_BRCA
SCIPAC,Negative,Neg_ctrl_Sample_96,-0.0923039199850009,6533,3.81517913013942,Sample_100_TCGA_BRCA
SCIPAC,Negative,Neg_ctrl_Sample_97,0.0479508205243431,6533,3.81517913013942,Sample_100_TCGA_BRCA
SCIPAC,Negative,Neg_ctrl_Sample_98,0.0201380272868931,6533,3.81517913013942,Sample_100_TCGA_BRCA
SCIPAC,Negative,Neg_ctrl_Sample_99,-0.110448725178357,6533,3.81517913013942,Sample_100_TCGA_BRCA
SCIPAC,Negative,Neg_ctrl_Sample_100,-0.160659402949427,6533,3.81517913013942,Sample_100_TCGA_BRCA
SCIPAC,Neutral,Neg_ctrl_Sample_1,-0.0525641059185326,19598,4.29223391290947,Sample_100_TCGA_BRCA
SCIPAC,Neutral,Neg_ctrl_Sample_2,-0.056203165877447,19598,4.29223391290947,Sample_100_TCGA_BRCA
SCIPAC,Neutral,Neg_ctrl_Sample_3,-0.0135515811960685,19598,4.29223391290947,Sample_100_TCGA_BRCA
SCIPAC,Neutral,Neg_ctrl_Sample_4,-0.21606700184434,19598,4.29223391290947,Sample_100_TCGA_BRCA
SCIPAC,Neutral,Neg_ctrl_Sample_5,-0.0869693624440143,19598,4.29223391290947,Sample_100_TCGA_BRCA
SCIPAC,Neutral,Neg_ctrl_Sample_6,-0.137941106342776,19598,4.29223391290947,Sample_100_TCGA_BRCA
SCIPAC,Neutral,Neg_ctrl_Sample_7,-0.171849404274851,19598,4.29223391290947,Sample_100_TCGA_BRCA
SCIPAC,Neutral,Neg_ctrl_Sample_8,-0.00341471032887802,19598,4.29223391290947,Sample_100_TCGA_BRCA
SCIPAC,Neutral,Neg_ctrl_Sample_9,-0.00848394794808658,19598,4.29223391290947,Sample_100_TCGA_BRCA
SCIPAC,Neutral,Neg_ctrl_Sample_10,0.0987881002370517,19598,4.29223391290947,Sample_100_TCGA_BRCA
SCIPAC,Neutral,Neg_ctrl_Sample_11,0.151128456595173,19598,4.29223391290947,Sample_100_TCGA_BRCA
SCIPAC,Neutral,Neg_ctrl_Sample_12,-0.118386618068693,19598,4.29223391290947,Sample_100_TCGA_BRCA
SCIPAC,Neutral,Neg_ctrl_Sample_13,-0.0599646807291266,19598,4.29223391290947,Sample_100_TCGA_BRCA
SCIPAC,Neutral,Neg_ctrl_Sample_14,0.0329243685901076,19598,4.29223391290947,Sample_100_TCGA_BRCA
SCIPAC,Neutral,Neg_ctrl_Sample_15,-0.0723598500531981,19598,4.29223391290947,Sample_100_TCGA_BRCA
SCIPAC,Neutral,Neg_ctrl_Sample_16,-0.0208505687790487,19598,4.29223391290947,Sample_100_TCGA_BRCA
SCIPAC,Neutral,Neg_ctrl_Sample_17,0.166742804304011,19598,4.29223391290947,Sample_100_TCGA_BRCA
SCIPAC,Neutral,Neg_ctrl_Sample_18,0.196266835934819,19598,4.29223391290947,Sample_100_TCGA_BRCA
SCIPAC,Neutral,Neg_ctrl_Sample_19,0.229966647303399,19598,4.29223391290947,Sample_100_TCGA_BRCA
SCIPAC,Neutral,Neg_ctrl_Sample_20,-0.126497682495973,19598,4.29223391290947,Sample_100_TCGA_BRCA
SCIPAC,Neutral,Neg_ctrl_Sample_21,-0.0300955612939171,19598,4.29223391290947,Sample_100_TCGA_BRCA
SCIPAC,Neutral,Neg_ctrl_Sample_22,0.205624136812322,19598,4.29223391290947,Sample_100_TCGA_BRCA
SCIPAC,Neutral,Neg_ctrl_Sample_23,-0.0327184316527212,19598,4.29223391290947,Sample_100_TCGA_BRCA
SCIPAC,Neutral,Neg_ctrl_Sample_24,0.139927358473042,19598,4.29223391290947,Sample_100_TCGA_BRCA
SCIPAC,Neutral,Neg_ctrl_Sample_25,0.0648071973592701,19598,4.29223391290947,Sample_100_TCGA_BRCA
SCIPAC,Neutral,Neg_ctrl_Sample_26,0.0327405230261832,19598,4.29223391290947,Sample_100_TCGA_BRCA
SCIPAC,Neutral,Neg_ctrl_Sample_27,0.00321926063759139,19598,4.29223391290947,Sample_100_TCGA_BRCA
SCIPAC,Neutral,Neg_ctrl_Sample_28,0.0912077681310661,19598,4.29223391290947,Sample_100_TCGA_BRCA
SCIPAC,Neutral,Neg_ctrl_Sample_29,0.123932318889645,19598,4.29223391290947,Sample_100_TCGA_BRCA
SCIPAC,Neutral,Neg_ctrl_Sample_30,-0.04550003881997,19598,4.29223391290947,Sample_100_TCGA_BRCA
SCIPAC,Neutral,Neg_ctrl_Sample_31,0.195591425513515,19598,4.29223391290947,Sample_100_TCGA_BRCA
SCIPAC,Neutral,Neg_ctrl_Sample_32,0.23790898399443,19598,4.29223391290947,Sample_100_TCGA_BRCA
SCIPAC,Neutral,Neg_ctrl_Sample_33,0.0180790729404614,19598,4.29223391290947,Sample_100_TCGA_BRCA
SCIPAC,Neutral,Neg_ctrl_Sample_34,-0.22881638750065,19598,4.29223391290947,Sample_100_TCGA_BRCA
SCIPAC,Neutral,Neg_ctrl_Sample_35,0.034865581492765,19598,4.29223391290947,Sample_100_TCGA_BRCA
SCIPAC,Neutral,Neg_ctrl_Sample_36,0.0669582314122025,19598,4.29223391290947,Sample_100_TCGA_BRCA
SCIPAC,Neutral,Neg_ctrl_Sample_37,0.0792945633414328,19598,4.29223391290947,Sample_100_TCGA_BRCA
SCIPAC,Neutral,Neg_ctrl_Sample_38,0.0724441384182071,19598,4.29223391290947,Sample_100_TCGA_BRCA
SCIPAC,Neutral,Neg_ctrl_Sample_39,0.110168396560371,19598,4.29223391290947,Sample_100_TCGA_BRCA
SCIPAC,Neutral,Neg_ctrl_Sample_40,0.173745875932318,19598,4.29223391290947,Sample_100_TCGA_BRCA
SCIPAC,Neutral,Neg_ctrl_Sample_41,-0.130252044699231,19598,4.29223391290947,Sample_100_TCGA_BRCA
SCIPAC,Neutral,Neg_ctrl_Sample_42,-0.141633848115594,19598,4.29223391290947,Sample_100_TCGA_BRCA
SCIPAC,Neutral,Neg_ctrl_Sample_43,0.0386664957593499,19598,4.29223391290947,Sample_100_TCGA_BRCA
SCIPAC,Neutral,Neg_ctrl_Sample_44,0.274090815508513,19598,4.29223391290947,Sample_100_TCGA_BRCA
SCIPAC,Neutral,Neg_ctrl_Sample_45,0.0197416446858917,19598,4.29223391290947,Sample_100_TCGA_BRCA
SCIPAC,Neutral,Neg_ctrl_Sample_46,0.3086107547915,19598,4.29223391290947,Sample_100_TCGA_BRCA
SCIPAC,Neutral,Neg_ctrl_Sample_47,0.0513485364799565,19598,4.29223391290947,Sample_100_TCGA_BRCA
SCIPAC,Neutral,Neg_ctrl_Sample_48,0.0260542438658231,19598,4.29223391290947,Sample_100_TCGA_BRCA
SCIPAC,Neutral,Neg_ctrl_Sample_49,-0.105814399804301,19598,4.29223391290947,Sample_100_TCGA_BRCA
SCIPAC,Neutral,Neg_ctrl_Sample_50,-0.00546981184551142,19598,4.29223391290947,Sample_100_TCGA_BRCA
SCIPAC,Neutral,Neg_ctrl_Sample_51,0.116424420242157,19598,4.29223391290947,Sample_100_TCGA_BRCA
SCIPAC,Neutral,Neg_ctrl_Sample_52,0.210316171838642,19598,4.29223391290947,Sample_100_TCGA_BRCA
SCIPAC,Neutral,Neg_ctrl_Sample_53,0.0979714615473398,19598,4.29223391290947,Sample_100_TCGA_BRCA
SCIPAC,Neutral,Neg_ctrl_Sample_54,0.0176562943426571,19598,4.29223391290947,Sample_100_TCGA_BRCA
SCIPAC,Neutral,Neg_ctrl_Sample_55,-0.0260965300949266,19598,4.29223391290947,Sample_100_TCGA_BRCA
SCIPAC,Neutral,Neg_ctrl_Sample_56,0.0852429024301047,19598,4.29223391290947,Sample_100_TCGA_BRCA
SCIPAC,Neutral,Neg_ctrl_Sample_57,0.083791206962648,19598,4.29223391290947,Sample_100_TCGA_BRCA
SCIPAC,Neutral,Neg_ctrl_Sample_58,0.0259531074268948,19598,4.29223391290947,Sample_100_TCGA_BRCA
SCIPAC,Neutral,Neg_ctrl_Sample_59,0.0926794339537187,19598,4.29223391290947,Sample_100_TCGA_BRCA
SCIPAC,Neutral,Neg_ctrl_Sample_60,0.0684192679526745,19598,4.29223391290947,Sample_100_TCGA_BRCA
SCIPAC,Neutral,Neg_ctrl_Sample_61,-0.0605209736625568,19598,4.29223391290947,Sample_100_TCGA_BRCA
SCIPAC,Neutral,Neg_ctrl_Sample_62,-0.073852406326618,19598,4.29223391290947,Sample_100_TCGA_BRCA
SCIPAC,Neutral,Neg_ctrl_Sample_63,0.148076315119731,19598,4.29223391290947,Sample_100_TCGA_BRCA
SCIPAC,Neutral,Neg_ctrl_Sample_64,0.0314276546767386,19598,4.29223391290947,Sample_100_TCGA_BRCA
SCIPAC,Neutral,Neg_ctrl_Sample_65,-0.111249894277036,19598,4.29223391290947,Sample_100_TCGA_BRCA
SCIPAC,Neutral,Neg_ctrl_Sample_66,0.0124563095407787,19598,4.29223391290947,Sample_100_TCGA_BRCA
SCIPAC,Neutral,Neg_ctrl_Sample_67,0.335769777065704,19598,4.29223391290947,Sample_100_TCGA_BRCA
SCIPAC,Neutral,Neg_ctrl_Sample_68,0.0164445054915733,19598,4.29223391290947,Sample_100_TCGA_BRCA
SCIPAC,Neutral,Neg_ctrl_Sample_69,-0.0777860928793602,19598,4.29223391290947,Sample_100_TCGA_BRCA
SCIPAC,Neutral,Neg_ctrl_Sample_70,0.0764890333445214,19598,4.29223391290947,Sample_100_TCGA_BRCA
SCIPAC,Neutral,Neg_ctrl_Sample_71,-0.116190232549009,19598,4.29223391290947,Sample_100_TCGA_BRCA
SCIPAC,Neutral,Neg_ctrl_Sample_72,-0.110811663996126,19598,4.29223391290947,Sample_100_TCGA_BRCA
SCIPAC,Neutral,Neg_ctrl_Sample_73,0.145489349169884,19598,4.29223391290947,Sample_100_TCGA_BRCA
SCIPAC,Neutral,Neg_ctrl_Sample_74,-0.0942516614963124,19598,4.29223391290947,Sample_100_TCGA_BRCA
SCIPAC,Neutral,Neg_ctrl_Sample_75,0.104680674449393,19598,4.29223391290947,Sample_100_TCGA_BRCA
SCIPAC,Neutral,Neg_ctrl_Sample_76,0.0209606447332953,19598,4.29223391290947,Sample_100_TCGA_BRCA
SCIPAC,Neutral,Neg_ctrl_Sample_77,0.148607659818252,19598,4.29223391290947,Sample_100_TCGA_BRCA
SCIPAC,Neutral,Neg_ctrl_Sample_78,0.00600583889797451,19598,4.29223391290947,Sample_100_TCGA_BRCA
SCIPAC,Neutral,Neg_ctrl_Sample_79,-0.126708208498755,19598,4.29223391290947,Sample_100_TCGA_BRCA
SCIPAC,Neutral,Neg_ctrl_Sample_80,-0.0337398396959622,19598,4.29223391290947,Sample_100_TCGA_BRCA
SCIPAC,Neutral,Neg_ctrl_Sample_81,0.0438435544981441,19598,4.29223391290947,Sample_100_TCGA_BRCA
SCIPAC,Neutral,Neg_ctrl_Sample_82,-0.0245034513908849,19598,4.29223391290947,Sample_100_TCGA_BRCA
SCIPAC,Neutral,Neg_ctrl_Sample_83,0.0893957066157693,19598,4.29223391290947,Sample_100_TCGA_BRCA
SCIPAC,Neutral,Neg_ctrl_Sample_84,0.108630498918649,19598,4.29223391290947,Sample_100_TCGA_BRCA
SCIPAC,Neutral,Neg_ctrl_Sample_85,-0.00854974792256263,19598,4.29223391290947,Sample_100_TCGA_BRCA
SCIPAC,Neutral,Neg_ctrl_Sample_86,-0.0577733484787799,19598,4.29223391290947,Sample_100_TCGA_BRCA
SCIPAC,Neutral,Neg_ctrl_Sample_87,-0.117556908446828,19598,4.29223391290947,Sample_100_TCGA_BRCA
SCIPAC,Neutral,Neg_ctrl_Sample_88,0.178147477629042,19598,4.29223391290947,Sample_100_TCGA_BRCA
SCIPAC,Neutral,Neg_ctrl_Sample_89,-0.134374488790514,19598,4.29223391290947,Sample_100_TCGA_BRCA
SCIPAC,Neutral,Neg_ctrl_Sample_90,0.12911470481538,19598,4.29223391290947,Sample_100_TCGA_BRCA
SCIPAC,Neutral,Neg_ctrl_Sample_91,-0.0323908425447269,19598,4.29223391290947,Sample_100_TCGA_BRCA
SCIPAC,Neutral,Neg_ctrl_Sample_92,-0.137544815482801,19598,4.29223391290947,Sample_100_TCGA_BRCA
SCIPAC,Neutral,Neg_ctrl_Sample_93,-0.117859633055031,19598,4.29223391290947,Sample_100_TCGA_BRCA
SCIPAC,Neutral,Neg_ctrl_Sample_94,0.0279546653549374,19598,4.29223391290947,Sample_100_TCGA_BRCA
SCIPAC,Neutral,Neg_ctrl_Sample_95,-0.0992960944677137,19598,4.29223391290947,Sample_100_TCGA_BRCA
SCIPAC,Neutral,Neg_ctrl_Sample_96,-0.0741151636716881,19598,4.29223391290947,Sample_100_TCGA_BRCA
SCIPAC,Neutral,Neg_ctrl_Sample_97,0.0535160102127816,19598,4.29223391290947,Sample_100_TCGA_BRCA
SCIPAC,Neutral,Neg_ctrl_Sample_98,0.0358339864758073,19598,4.29223391290947,Sample_100_TCGA_BRCA
SCIPAC,Neutral,Neg_ctrl_Sample_99,-0.100363189208527,19598,4.29223391290947,Sample_100_TCGA_BRCA
SCIPAC,Neutral,Neg_ctrl_Sample_100,-0.142342231361719,19598,4.29223391290947,Sample_100_TCGA_BRCA
SCIPAC,Positive,Neg_ctrl_Sample_1,-0.0452688075468024,5741,3.75906318816049,Sample_100_TCGA_BRCA
SCIPAC,Positive,Neg_ctrl_Sample_2,-0.00710940403548784,5741,3.75906318816049,Sample_100_TCGA_BRCA
SCIPAC,Positive,Neg_ctrl_Sample_3,-0.042611510697265,5741,3.75906318816049,Sample_100_TCGA_BRCA
SCIPAC,Positive,Neg_ctrl_Sample_4,-0.230170499158297,5741,3.75906318816049,Sample_100_TCGA_BRCA
SCIPAC,Positive,Neg_ctrl_Sample_5,-0.0746745559459935,5741,3.75906318816049,Sample_100_TCGA_BRCA
SCIPAC,Positive,Neg_ctrl_Sample_6,-0.143596861777539,5741,3.75906318816049,Sample_100_TCGA_BRCA
SCIPAC,Positive,Neg_ctrl_Sample_7,-0.132554706326281,5741,3.75906318816049,Sample_100_TCGA_BRCA
SCIPAC,Positive,Neg_ctrl_Sample_8,-0.0119599535619153,5741,3.75906318816049,Sample_100_TCGA_BRCA
SCIPAC,Positive,Neg_ctrl_Sample_9,0.027134452786118,5741,3.75906318816049,Sample_100_TCGA_BRCA
SCIPAC,Positive,Neg_ctrl_Sample_10,0.0971033901631665,5741,3.75906318816049,Sample_100_TCGA_BRCA
SCIPAC,Positive,Neg_ctrl_Sample_11,0.148066401991298,5741,3.75906318816049,Sample_100_TCGA_BRCA
SCIPAC,Positive,Neg_ctrl_Sample_12,-0.119445619389144,5741,3.75906318816049,Sample_100_TCGA_BRCA
SCIPAC,Positive,Neg_ctrl_Sample_13,-0.0659210475758992,5741,3.75906318816049,Sample_100_TCGA_BRCA
SCIPAC,Positive,Neg_ctrl_Sample_14,0.0481567445294888,5741,3.75906318816049,Sample_100_TCGA_BRCA
SCIPAC,Positive,Neg_ctrl_Sample_15,-0.0638743185270143,5741,3.75906318816049,Sample_100_TCGA_BRCA
SCIPAC,Positive,Neg_ctrl_Sample_16,-0.0216670900088138,5741,3.75906318816049,Sample_100_TCGA_BRCA
SCIPAC,Positive,Neg_ctrl_Sample_17,0.184605839565233,5741,3.75906318816049,Sample_100_TCGA_BRCA
SCIPAC,Positive,Neg_ctrl_Sample_18,0.198415689966473,5741,3.75906318816049,Sample_100_TCGA_BRCA
SCIPAC,Positive,Neg_ctrl_Sample_19,0.231252650561949,5741,3.75906318816049,Sample_100_TCGA_BRCA
SCIPAC,Positive,Neg_ctrl_Sample_20,-0.117284766728389,5741,3.75906318816049,Sample_100_TCGA_BRCA
SCIPAC,Positive,Neg_ctrl_Sample_21,-0.03522897361486,5741,3.75906318816049,Sample_100_TCGA_BRCA
SCIPAC,Positive,Neg_ctrl_Sample_22,0.211738299979859,5741,3.75906318816049,Sample_100_TCGA_BRCA
SCIPAC,Positive,Neg_ctrl_Sample_23,-0.0115200895197182,5741,3.75906318816049,Sample_100_TCGA_BRCA
SCIPAC,Positive,Neg_ctrl_Sample_24,0.120612010348448,5741,3.75906318816049,Sample_100_TCGA_BRCA
SCIPAC,Positive,Neg_ctrl_Sample_25,0.0540927324786261,5741,3.75906318816049,Sample_100_TCGA_BRCA
SCIPAC,Positive,Neg_ctrl_Sample_26,0.0426580886661726,5741,3.75906318816049,Sample_100_TCGA_BRCA
SCIPAC,Positive,Neg_ctrl_Sample_27,0.00581006688584303,5741,3.75906318816049,Sample_100_TCGA_BRCA
SCIPAC,Positive,Neg_ctrl_Sample_28,0.11280999701533,5741,3.75906318816049,Sample_100_TCGA_BRCA
SCIPAC,Positive,Neg_ctrl_Sample_29,0.112788398381363,5741,3.75906318816049,Sample_100_TCGA_BRCA
SCIPAC,Positive,Neg_ctrl_Sample_30,-0.062838688237073,5741,3.75906318816049,Sample_100_TCGA_BRCA
SCIPAC,Positive,Neg_ctrl_Sample_31,0.234036950968084,5741,3.75906318816049,Sample_100_TCGA_BRCA
SCIPAC,Positive,Neg_ctrl_Sample_32,0.25980057719425,5741,3.75906318816049,Sample_100_TCGA_BRCA
SCIPAC,Positive,Neg_ctrl_Sample_33,0.0197460956244706,5741,3.75906318816049,Sample_100_TCGA_BRCA
SCIPAC,Positive,Neg_ctrl_Sample_34,-0.217746261290972,5741,3.75906318816049,Sample_100_TCGA_BRCA
SCIPAC,Positive,Neg_ctrl_Sample_35,0.077445419578863,5741,3.75906318816049,Sample_100_TCGA_BRCA
SCIPAC,Positive,Neg_ctrl_Sample_36,0.060467959992445,5741,3.75906318816049,Sample_100_TCGA_BRCA
SCIPAC,Positive,Neg_ctrl_Sample_37,0.0679732221378724,5741,3.75906318816049,Sample_100_TCGA_BRCA
SCIPAC,Positive,Neg_ctrl_Sample_38,0.063181737921066,5741,3.75906318816049,Sample_100_TCGA_BRCA
SCIPAC,Positive,Neg_ctrl_Sample_39,0.120378479882019,5741,3.75906318816049,Sample_100_TCGA_BRCA
SCIPAC,Positive,Neg_ctrl_Sample_40,0.168665594527788,5741,3.75906318816049,Sample_100_TCGA_BRCA
SCIPAC,Positive,Neg_ctrl_Sample_41,-0.133012771331704,5741,3.75906318816049,Sample_100_TCGA_BRCA
SCIPAC,Positive,Neg_ctrl_Sample_42,-0.153968205550762,5741,3.75906318816049,Sample_100_TCGA_BRCA
SCIPAC,Positive,Neg_ctrl_Sample_43,0.0499900028713558,5741,3.75906318816049,Sample_100_TCGA_BRCA
SCIPAC,Positive,Neg_ctrl_Sample_44,0.273510214974389,5741,3.75906318816049,Sample_100_TCGA_BRCA
SCIPAC,Positive,Neg_ctrl_Sample_45,0.0331192893936948,5741,3.75906318816049,Sample_100_TCGA_BRCA
SCIPAC,Positive,Neg_ctrl_Sample_46,0.30627374642649,5741,3.75906318816049,Sample_100_TCGA_BRCA
SCIPAC,Positive,Neg_ctrl_Sample_47,0.0470831613022548,5741,3.75906318816049,Sample_100_TCGA_BRCA
SCIPAC,Positive,Neg_ctrl_Sample_48,-0.000276171828588331,5741,3.75906318816049,Sample_100_TCGA_BRCA
SCIPAC,Positive,Neg_ctrl_Sample_49,-0.105968801699291,5741,3.75906318816049,Sample_100_TCGA_BRCA
SCIPAC,Positive,Neg_ctrl_Sample_50,-0.00712143711030632,5741,3.75906318816049,Sample_100_TCGA_BRCA
SCIPAC,Positive,Neg_ctrl_Sample_51,0.116737556853474,5741,3.75906318816049,Sample_100_TCGA_BRCA
SCIPAC,Positive,Neg_ctrl_Sample_52,0.210818511850749,5741,3.75906318816049,Sample_100_TCGA_BRCA
SCIPAC,Positive,Neg_ctrl_Sample_53,0.0746756865847537,5741,3.75906318816049,Sample_100_TCGA_BRCA
SCIPAC,Positive,Neg_ctrl_Sample_54,0.0258894173687135,5741,3.75906318816049,Sample_100_TCGA_BRCA
SCIPAC,Positive,Neg_ctrl_Sample_55,0.0125271649595681,5741,3.75906318816049,Sample_100_TCGA_BRCA
SCIPAC,Positive,Neg_ctrl_Sample_56,0.100307001396042,5741,3.75906318816049,Sample_100_TCGA_BRCA
SCIPAC,Positive,Neg_ctrl_Sample_57,0.134346171610085,5741,3.75906318816049,Sample_100_TCGA_BRCA
SCIPAC,Positive,Neg_ctrl_Sample_58,0.042775776720501,5741,3.75906318816049,Sample_100_TCGA_BRCA
SCIPAC,Positive,Neg_ctrl_Sample_59,0.120398841982585,5741,3.75906318816049,Sample_100_TCGA_BRCA
SCIPAC,Positive,Neg_ctrl_Sample_60,0.112853033070425,5741,3.75906318816049,Sample_100_TCGA_BRCA
SCIPAC,Positive,Neg_ctrl_Sample_61,-0.0717691532192469,5741,3.75906318816049,Sample_100_TCGA_BRCA
SCIPAC,Positive,Neg_ctrl_Sample_62,-0.0695206104105267,5741,3.75906318816049,Sample_100_TCGA_BRCA
SCIPAC,Positive,Neg_ctrl_Sample_63,0.142613588853122,5741,3.75906318816049,Sample_100_TCGA_BRCA
SCIPAC,Positive,Neg_ctrl_Sample_64,0.0492288710158213,5741,3.75906318816049,Sample_100_TCGA_BRCA
SCIPAC,Positive,Neg_ctrl_Sample_65,-0.115463044222674,5741,3.75906318816049,Sample_100_TCGA_BRCA
SCIPAC,Positive,Neg_ctrl_Sample_66,0.0338984814762179,5741,3.75906318816049,Sample_100_TCGA_BRCA
SCIPAC,Positive,Neg_ctrl_Sample_67,0.330127925049555,5741,3.75906318816049,Sample_100_TCGA_BRCA
SCIPAC,Positive,Neg_ctrl_Sample_68,0.0447641129360285,5741,3.75906318816049,Sample_100_TCGA_BRCA
SCIPAC,Positive,Neg_ctrl_Sample_69,-0.0593892669600217,5741,3.75906318816049,Sample_100_TCGA_BRCA
SCIPAC,Positive,Neg_ctrl_Sample_70,0.0843947108375382,5741,3.75906318816049,Sample_100_TCGA_BRCA
SCIPAC,Positive,Neg_ctrl_Sample_71,-0.126656780279472,5741,3.75906318816049,Sample_100_TCGA_BRCA
SCIPAC,Positive,Neg_ctrl_Sample_72,-0.0999139817239348,5741,3.75906318816049,Sample_100_TCGA_BRCA
SCIPAC,Positive,Neg_ctrl_Sample_73,0.146177135667687,5741,3.75906318816049,Sample_100_TCGA_BRCA
SCIPAC,Positive,Neg_ctrl_Sample_74,-0.0854819956900567,5741,3.75906318816049,Sample_100_TCGA_BRCA
SCIPAC,Positive,Neg_ctrl_Sample_75,0.11007153904806,5741,3.75906318816049,Sample_100_TCGA_BRCA
SCIPAC,Positive,Neg_ctrl_Sample_76,0.0296579802607753,5741,3.75906318816049,Sample_100_TCGA_BRCA
SCIPAC,Positive,Neg_ctrl_Sample_77,0.20018025373584,5741,3.75906318816049,Sample_100_TCGA_BRCA
SCIPAC,Positive,Neg_ctrl_Sample_78,0.0200592276724619,5741,3.75906318816049,Sample_100_TCGA_BRCA
SCIPAC,Positive,Neg_ctrl_Sample_79,-0.118292063560174,5741,3.75906318816049,Sample_100_TCGA_BRCA
SCIPAC,Positive,Neg_ctrl_Sample_80,-0.027516290203704,5741,3.75906318816049,Sample_100_TCGA_BRCA
SCIPAC,Positive,Neg_ctrl_Sample_81,0.0618516658279674,5741,3.75906318816049,Sample_100_TCGA_BRCA
SCIPAC,Positive,Neg_ctrl_Sample_82,-0.0262847085540755,5741,3.75906318816049,Sample_100_TCGA_BRCA
SCIPAC,Positive,Neg_ctrl_Sample_83,0.0976368605642683,5741,3.75906318816049,Sample_100_TCGA_BRCA
SCIPAC,Positive,Neg_ctrl_Sample_84,0.115515936819164,5741,3.75906318816049,Sample_100_TCGA_BRCA
SCIPAC,Positive,Neg_ctrl_Sample_85,-0.00264105139372979,5741,3.75906318816049,Sample_100_TCGA_BRCA
SCIPAC,Positive,Neg_ctrl_Sample_86,-0.0736787036963116,5741,3.75906318816049,Sample_100_TCGA_BRCA
SCIPAC,Positive,Neg_ctrl_Sample_87,-0.0647092220587962,5741,3.75906318816049,Sample_100_TCGA_BRCA
SCIPAC,Positive,Neg_ctrl_Sample_88,0.165079440748759,5741,3.75906318816049,Sample_100_TCGA_BRCA
SCIPAC,Positive,Neg_ctrl_Sample_89,-0.116537168118454,5741,3.75906318816049,Sample_100_TCGA_BRCA
SCIPAC,Positive,Neg_ctrl_Sample_90,0.175828266418066,5741,3.75906318816049,Sample_100_TCGA_BRCA
SCIPAC,Positive,Neg_ctrl_Sample_91,-0.0476772178826234,5741,3.75906318816049,Sample_100_TCGA_BRCA
SCIPAC,Positive,Neg_ctrl_Sample_92,-0.137660004545795,5741,3.75906318816049,Sample_100_TCGA_BRCA
SCIPAC,Positive,Neg_ctrl_Sample_93,-0.124935636004398,5741,3.75906318816049,Sample_100_TCGA_BRCA
SCIPAC,Positive,Neg_ctrl_Sample_94,0.0466315712781678,5741,3.75906318816049,Sample_100_TCGA_BRCA
SCIPAC,Positive,Neg_ctrl_Sample_95,-0.0712526748600581,5741,3.75906318816049,Sample_100_TCGA_BRCA
SCIPAC,Positive,Neg_ctrl_Sample_96,-0.0446005527255758,5741,3.75906318816049,Sample_100_TCGA_BRCA
SCIPAC,Positive,Neg_ctrl_Sample_97,0.0595924064681312,5741,3.75906318816049,Sample_100_TCGA_BRCA
SCIPAC,Positive,Neg_ctrl_Sample_98,0.0551449983589437,5741,3.75906318816049,Sample_100_TCGA_BRCA
SCIPAC,Positive,Neg_ctrl_Sample_99,-0.0976604907957973,5741,3.75906318816049,Sample_100_TCGA_BRCA
SCIPAC,Positive,Neg_ctrl_Sample_100,-0.163672340475272,5741,3.75906318816049,Sample_100_TCGA_BRCA
scPAS,Negative,Neg_ctrl_Sample_1,-0.0646642599672666,445,2.64933485871214,Sample_100_TCGA_BRCA
scPAS,Negative,Neg_ctrl_Sample_2,-0.0471101485511896,445,2.64933485871214,Sample_100_TCGA_BRCA
scPAS,Negative,Neg_ctrl_Sample_3,-0.00220930016643727,445,2.64933485871214,Sample_100_TCGA_BRCA
scPAS,Negative,Neg_ctrl_Sample_4,-0.210778649013572,445,2.64933485871214,Sample_100_TCGA_BRCA
scPAS,Negative,Neg_ctrl_Sample_5,-0.0766259503865551,445,2.64933485871214,Sample_100_TCGA_BRCA
scPAS,Negative,Neg_ctrl_Sample_6,-0.134031048616416,445,2.64933485871214,Sample_100_TCGA_BRCA
scPAS,Negative,Neg_ctrl_Sample_7,-0.170827347320531,445,2.64933485871214,Sample_100_TCGA_BRCA
scPAS,Negative,Neg_ctrl_Sample_8,-0.00753016060764914,445,2.64933485871214,Sample_100_TCGA_BRCA
scPAS,Negative,Neg_ctrl_Sample_9,-0.00794253184602651,445,2.64933485871214,Sample_100_TCGA_BRCA
scPAS,Negative,Neg_ctrl_Sample_10,0.115853150392885,445,2.64933485871214,Sample_100_TCGA_BRCA
scPAS,Negative,Neg_ctrl_Sample_11,0.140383448507359,445,2.64933485871214,Sample_100_TCGA_BRCA
scPAS,Negative,Neg_ctrl_Sample_12,-0.104875143242734,445,2.64933485871214,Sample_100_TCGA_BRCA
scPAS,Negative,Neg_ctrl_Sample_13,-0.0533912227342178,445,2.64933485871214,Sample_100_TCGA_BRCA
scPAS,Negative,Neg_ctrl_Sample_14,0.0330629256487917,445,2.64933485871214,Sample_100_TCGA_BRCA
scPAS,Negative,Neg_ctrl_Sample_15,-0.0770111933427436,445,2.64933485871214,Sample_100_TCGA_BRCA
scPAS,Negative,Neg_ctrl_Sample_16,-0.00274940044406536,445,2.64933485871214,Sample_100_TCGA_BRCA
scPAS,Negative,Neg_ctrl_Sample_17,0.169708041046892,445,2.64933485871214,Sample_100_TCGA_BRCA
scPAS,Negative,Neg_ctrl_Sample_18,0.194759335605618,445,2.64933485871214,Sample_100_TCGA_BRCA
scPAS,Negative,Neg_ctrl_Sample_19,0.22541769134798,445,2.64933485871214,Sample_100_TCGA_BRCA
scPAS,Negative,Neg_ctrl_Sample_20,-0.128057080931099,445,2.64933485871214,Sample_100_TCGA_BRCA
scPAS,Negative,Neg_ctrl_Sample_21,-0.0263469001217851,445,2.64933485871214,Sample_100_TCGA_BRCA
scPAS,Negative,Neg_ctrl_Sample_22,0.208144973504223,445,2.64933485871214,Sample_100_TCGA_BRCA
scPAS,Negative,Neg_ctrl_Sample_23,-0.0201673675335208,445,2.64933485871214,Sample_100_TCGA_BRCA
scPAS,Negative,Neg_ctrl_Sample_24,0.143220315956597,445,2.64933485871214,Sample_100_TCGA_BRCA
scPAS,Negative,Neg_ctrl_Sample_25,0.0627684684597819,445,2.64933485871214,Sample_100_TCGA_BRCA
scPAS,Negative,Neg_ctrl_Sample_26,0.0386993562165206,445,2.64933485871214,Sample_100_TCGA_BRCA
scPAS,Negative,Neg_ctrl_Sample_27,0.0263547945671863,445,2.64933485871214,Sample_100_TCGA_BRCA
scPAS,Negative,Neg_ctrl_Sample_28,0.101044655756689,445,2.64933485871214,Sample_100_TCGA_BRCA
scPAS,Negative,Neg_ctrl_Sample_29,0.132844352774218,445,2.64933485871214,Sample_100_TCGA_BRCA
scPAS,Negative,Neg_ctrl_Sample_30,-0.0429041059216517,445,2.64933485871214,Sample_100_TCGA_BRCA
scPAS,Negative,Neg_ctrl_Sample_31,0.200725516688616,445,2.64933485871214,Sample_100_TCGA_BRCA
scPAS,Negative,Neg_ctrl_Sample_32,0.236991791796168,445,2.64933485871214,Sample_100_TCGA_BRCA
scPAS,Negative,Neg_ctrl_Sample_33,0.0175164782471823,445,2.64933485871214,Sample_100_TCGA_BRCA
scPAS,Negative,Neg_ctrl_Sample_34,-0.215967251284528,445,2.64933485871214,Sample_100_TCGA_BRCA
scPAS,Negative,Neg_ctrl_Sample_35,0.0350606277660656,445,2.64933485871214,Sample_100_TCGA_BRCA
scPAS,Negative,Neg_ctrl_Sample_36,0.0639728852193517,445,2.64933485871214,Sample_100_TCGA_BRCA
scPAS,Negative,Neg_ctrl_Sample_37,0.0869327572065952,445,2.64933485871214,Sample_100_TCGA_BRCA
scPAS,Negative,Neg_ctrl_Sample_38,0.0690593854701943,445,2.64933485871214,Sample_100_TCGA_BRCA
scPAS,Negative,Neg_ctrl_Sample_39,0.104622571956563,445,2.64933485871214,Sample_100_TCGA_BRCA
scPAS,Negative,Neg_ctrl_Sample_40,0.166368704488063,445,2.64933485871214,Sample_100_TCGA_BRCA
scPAS,Negative,Neg_ctrl_Sample_41,-0.12339217968905,445,2.64933485871214,Sample_100_TCGA_BRCA
scPAS,Negative,Neg_ctrl_Sample_42,-0.131871136433687,445,2.64933485871214,Sample_100_TCGA_BRCA
scPAS,Negative,Neg_ctrl_Sample_43,0.0578484045364845,445,2.64933485871214,Sample_100_TCGA_BRCA
scPAS,Negative,Neg_ctrl_Sample_44,0.265737516830554,445,2.64933485871214,Sample_100_TCGA_BRCA
scPAS,Negative,Neg_ctrl_Sample_45,0.0274194217618606,445,2.64933485871214,Sample_100_TCGA_BRCA
scPAS,Negative,Neg_ctrl_Sample_46,0.310438255945302,445,2.64933485871214,Sample_100_TCGA_BRCA
scPAS,Negative,Neg_ctrl_Sample_47,0.0863462818412972,445,2.64933485871214,Sample_100_TCGA_BRCA
scPAS,Negative,Neg_ctrl_Sample_48,0.00651598779106198,445,2.64933485871214,Sample_100_TCGA_BRCA
scPAS,Negative,Neg_ctrl_Sample_49,-0.0781486033445808,445,2.64933485871214,Sample_100_TCGA_BRCA
scPAS,Negative,Neg_ctrl_Sample_50,0.0107463813040762,445,2.64933485871214,Sample_100_TCGA_BRCA
scPAS,Negative,Neg_ctrl_Sample_51,0.128895898592702,445,2.64933485871214,Sample_100_TCGA_BRCA
scPAS,Negative,Neg_ctrl_Sample_52,0.229664825102791,445,2.64933485871214,Sample_100_TCGA_BRCA
scPAS,Negative,Neg_ctrl_Sample_53,0.0920432584619178,445,2.64933485871214,Sample_100_TCGA_BRCA
scPAS,Negative,Neg_ctrl_Sample_54,0.0108295103866402,445,2.64933485871214,Sample_100_TCGA_BRCA
scPAS,Negative,Neg_ctrl_Sample_55,-0.0332358068121266,445,2.64933485871214,Sample_100_TCGA_BRCA
scPAS,Negative,Neg_ctrl_Sample_56,0.0846915718716647,445,2.64933485871214,Sample_100_TCGA_BRCA
scPAS,Negative,Neg_ctrl_Sample_57,0.0868851492228931,445,2.64933485871214,Sample_100_TCGA_BRCA
scPAS,Negative,Neg_ctrl_Sample_58,0.0223172804429726,445,2.64933485871214,Sample_100_TCGA_BRCA
scPAS,Negative,Neg_ctrl_Sample_59,0.0892722555103378,445,2.64933485871214,Sample_100_TCGA_BRCA
scPAS,Negative,Neg_ctrl_Sample_60,0.0730014095811926,445,2.64933485871214,Sample_100_TCGA_BRCA
scPAS,Negative,Neg_ctrl_Sample_61,-0.0467325272438497,445,2.64933485871214,Sample_100_TCGA_BRCA
scPAS,Negative,Neg_ctrl_Sample_62,-0.0586379191368328,445,2.64933485871214,Sample_100_TCGA_BRCA
scPAS,Negative,Neg_ctrl_Sample_63,0.14257086537227,445,2.64933485871214,Sample_100_TCGA_BRCA
scPAS,Negative,Neg_ctrl_Sample_64,0.0364533770837914,445,2.64933485871214,Sample_100_TCGA_BRCA
scPAS,Negative,Neg_ctrl_Sample_65,-0.109904996620369,445,2.64933485871214,Sample_100_TCGA_BRCA
scPAS,Negative,Neg_ctrl_Sample_66,0.0233897217882102,445,2.64933485871214,Sample_100_TCGA_BRCA
scPAS,Negative,Neg_ctrl_Sample_67,0.327777911738562,445,2.64933485871214,Sample_100_TCGA_BRCA
scPAS,Negative,Neg_ctrl_Sample_68,0.0201346703005052,445,2.64933485871214,Sample_100_TCGA_BRCA
scPAS,Negative,Neg_ctrl_Sample_69,-0.0608575738810547,445,2.64933485871214,Sample_100_TCGA_BRCA
scPAS,Negative,Neg_ctrl_Sample_70,0.0779956412196405,445,2.64933485871214,Sample_100_TCGA_BRCA
scPAS,Negative,Neg_ctrl_Sample_71,-0.120023355391313,445,2.64933485871214,Sample_100_TCGA_BRCA
scPAS,Negative,Neg_ctrl_Sample_72,-0.104465729931289,445,2.64933485871214,Sample_100_TCGA_BRCA
scPAS,Negative,Neg_ctrl_Sample_73,0.143239475779098,445,2.64933485871214,Sample_100_TCGA_BRCA
scPAS,Negative,Neg_ctrl_Sample_74,-0.0805550561912862,445,2.64933485871214,Sample_100_TCGA_BRCA
scPAS,Negative,Neg_ctrl_Sample_75,0.101876026153645,445,2.64933485871214,Sample_100_TCGA_BRCA
scPAS,Negative,Neg_ctrl_Sample_76,0.0355302189726911,445,2.64933485871214,Sample_100_TCGA_BRCA
scPAS,Negative,Neg_ctrl_Sample_77,0.15347915183018,445,2.64933485871214,Sample_100_TCGA_BRCA
scPAS,Negative,Neg_ctrl_Sample_78,0.0170937253921321,445,2.64933485871214,Sample_100_TCGA_BRCA
scPAS,Negative,Neg_ctrl_Sample_79,-0.115367563999541,445,2.64933485871214,Sample_100_TCGA_BRCA
scPAS,Negative,Neg_ctrl_Sample_80,-0.0268291899376865,445,2.64933485871214,Sample_100_TCGA_BRCA
scPAS,Negative,Neg_ctrl_Sample_81,0.038256954744181,445,2.64933485871214,Sample_100_TCGA_BRCA
scPAS,Negative,Neg_ctrl_Sample_82,-0.0224005213553483,445,2.64933485871214,Sample_100_TCGA_BRCA
scPAS,Negative,Neg_ctrl_Sample_83,0.0818395273665621,445,2.64933485871214,Sample_100_TCGA_BRCA
scPAS,Negative,Neg_ctrl_Sample_84,0.10619841179703,445,2.64933485871214,Sample_100_TCGA_BRCA
scPAS,Negative,Neg_ctrl_Sample_85,-0.014574485604811,445,2.64933485871214,Sample_100_TCGA_BRCA
scPAS,Negative,Neg_ctrl_Sample_86,-0.0640945941307485,445,2.64933485871214,Sample_100_TCGA_BRCA
scPAS,Negative,Neg_ctrl_Sample_87,-0.115923452973267,445,2.64933485871214,Sample_100_TCGA_BRCA
scPAS,Negative,Neg_ctrl_Sample_88,0.177967388179012,445,2.64933485871214,Sample_100_TCGA_BRCA
scPAS,Negative,Neg_ctrl_Sample_89,-0.133061185260517,445,2.64933485871214,Sample_100_TCGA_BRCA
scPAS,Negative,Neg_ctrl_Sample_90,0.112307491899862,445,2.64933485871214,Sample_100_TCGA_BRCA
scPAS,Negative,Neg_ctrl_Sample_91,-0.0258349370480505,445,2.64933485871214,Sample_100_TCGA_BRCA
scPAS,Negative,Neg_ctrl_Sample_92,-0.130237677243282,445,2.64933485871214,Sample_100_TCGA_BRCA
scPAS,Negative,Neg_ctrl_Sample_93,-0.115681652952134,445,2.64933485871214,Sample_100_TCGA_BRCA
scPAS,Negative,Neg_ctrl_Sample_94,0.0298713899895731,445,2.64933485871214,Sample_100_TCGA_BRCA
scPAS,Negative,Neg_ctrl_Sample_95,-0.0927930608591026,445,2.64933485871214,Sample_100_TCGA_BRCA
scPAS,Negative,Neg_ctrl_Sample_96,-0.0606704046101781,445,2.64933485871214,Sample_100_TCGA_BRCA
scPAS,Negative,Neg_ctrl_Sample_97,0.0682404001191977,445,2.64933485871214,Sample_100_TCGA_BRCA
scPAS,Negative,Neg_ctrl_Sample_98,0.0363525147063409,445,2.64933485871214,Sample_100_TCGA_BRCA
scPAS,Negative,Neg_ctrl_Sample_99,-0.0912413859880606,445,2.64933485871214,Sample_100_TCGA_BRCA
scPAS,Negative,Neg_ctrl_Sample_100,-0.145181089860308,445,2.64933485871214,Sample_100_TCGA_BRCA
scPAS,Neutral,Neg_ctrl_Sample_1,-0.0523979107586329,31414,4.49713706405196,Sample_100_TCGA_BRCA
scPAS,Neutral,Neg_ctrl_Sample_2,-0.0500013827908413,31414,4.49713706405196,Sample_100_TCGA_BRCA
scPAS,Neutral,Neg_ctrl_Sample_3,-0.0249576628640437,31414,4.49713706405196,Sample_100_TCGA_BRCA
scPAS,Neutral,Neg_ctrl_Sample_4,-0.226102585216986,31414,4.49713706405196,Sample_100_TCGA_BRCA
scPAS,Neutral,Neg_ctrl_Sample_5,-0.0900089037067722,31414,4.49713706405196,Sample_100_TCGA_BRCA
scPAS,Neutral,Neg_ctrl_Sample_6,-0.142690640515865,31414,4.49713706405196,Sample_100_TCGA_BRCA
scPAS,Neutral,Neg_ctrl_Sample_7,-0.166194428019067,31414,4.49713706405196,Sample_100_TCGA_BRCA
scPAS,Neutral,Neg_ctrl_Sample_8,-0.00610848565280133,31414,4.49713706405196,Sample_100_TCGA_BRCA
scPAS,Neutral,Neg_ctrl_Sample_9,-0.0079062903475833,31414,4.49713706405196,Sample_100_TCGA_BRCA
scPAS,Neutral,Neg_ctrl_Sample_10,0.0956615788152692,31414,4.49713706405196,Sample_100_TCGA_BRCA
scPAS,Neutral,Neg_ctrl_Sample_11,0.14884026794181,31414,4.49713706405196,Sample_100_TCGA_BRCA
scPAS,Neutral,Neg_ctrl_Sample_12,-0.127235701760664,31414,4.49713706405196,Sample_100_TCGA_BRCA
scPAS,Neutral,Neg_ctrl_Sample_13,-0.0637977457054658,31414,4.49713706405196,Sample_100_TCGA_BRCA
scPAS,Neutral,Neg_ctrl_Sample_14,0.0316663291369147,31414,4.49713706405196,Sample_100_TCGA_BRCA
scPAS,Neutral,Neg_ctrl_Sample_15,-0.0736017713882301,31414,4.49713706405196,Sample_100_TCGA_BRCA
scPAS,Neutral,Neg_ctrl_Sample_16,-0.0234526599481604,31414,4.49713706405196,Sample_100_TCGA_BRCA
scPAS,Neutral,Neg_ctrl_Sample_17,0.167418297293357,31414,4.49713706405196,Sample_100_TCGA_BRCA
scPAS,Neutral,Neg_ctrl_Sample_18,0.199290753179069,31414,4.49713706405196,Sample_100_TCGA_BRCA
scPAS,Neutral,Neg_ctrl_Sample_19,0.2323224821061,31414,4.49713706405196,Sample_100_TCGA_BRCA
scPAS,Neutral,Neg_ctrl_Sample_20,-0.129402065190795,31414,4.49713706405196,Sample_100_TCGA_BRCA
scPAS,Neutral,Neg_ctrl_Sample_21,-0.0276008500717768,31414,4.49713706405196,Sample_100_TCGA_BRCA
scPAS,Neutral,Neg_ctrl_Sample_22,0.205138200478898,31414,4.49713706405196,Sample_100_TCGA_BRCA
scPAS,Neutral,Neg_ctrl_Sample_23,-0.0370146370717137,31414,4.49713706405196,Sample_100_TCGA_BRCA
scPAS,Neutral,Neg_ctrl_Sample_24,0.13437806288198,31414,4.49713706405196,Sample_100_TCGA_BRCA
scPAS,Neutral,Neg_ctrl_Sample_25,0.0551354321403731,31414,4.49713706405196,Sample_100_TCGA_BRCA
scPAS,Neutral,Neg_ctrl_Sample_26,0.0317541992918153,31414,4.49713706405196,Sample_100_TCGA_BRCA
scPAS,Neutral,Neg_ctrl_Sample_27,0.00233182545645391,31414,4.49713706405196,Sample_100_TCGA_BRCA
scPAS,Neutral,Neg_ctrl_Sample_28,0.0934869395221125,31414,4.49713706405196,Sample_100_TCGA_BRCA
scPAS,Neutral,Neg_ctrl_Sample_29,0.120542539280904,31414,4.49713706405196,Sample_100_TCGA_BRCA
scPAS,Neutral,Neg_ctrl_Sample_30,-0.0528531110847522,31414,4.49713706405196,Sample_100_TCGA_BRCA
scPAS,Neutral,Neg_ctrl_Sample_31,0.200419387614763,31414,4.49713706405196,Sample_100_TCGA_BRCA
scPAS,Neutral,Neg_ctrl_Sample_32,0.235362678823942,31414,4.49713706405196,Sample_100_TCGA_BRCA
scPAS,Neutral,Neg_ctrl_Sample_33,0.0170757985923985,31414,4.49713706405196,Sample_100_TCGA_BRCA
scPAS,Neutral,Neg_ctrl_Sample_34,-0.231824123851732,31414,4.49713706405196,Sample_100_TCGA_BRCA
scPAS,Neutral,Neg_ctrl_Sample_35,0.0389462568605655,31414,4.49713706405196,Sample_100_TCGA_BRCA
scPAS,Neutral,Neg_ctrl_Sample_36,0.0633469249311527,31414,4.49713706405196,Sample_100_TCGA_BRCA
scPAS,Neutral,Neg_ctrl_Sample_37,0.0783111843628024,31414,4.49713706405196,Sample_100_TCGA_BRCA
scPAS,Neutral,Neg_ctrl_Sample_38,0.0711924557126543,31414,4.49713706405196,Sample_100_TCGA_BRCA
scPAS,Neutral,Neg_ctrl_Sample_39,0.111448382772226,31414,4.49713706405196,Sample_100_TCGA_BRCA
scPAS,Neutral,Neg_ctrl_Sample_40,0.169452923609198,31414,4.49713706405196,Sample_100_TCGA_BRCA
scPAS,Neutral,Neg_ctrl_Sample_41,-0.137357111891905,31414,4.49713706405196,Sample_100_TCGA_BRCA
scPAS,Neutral,Neg_ctrl_Sample_42,-0.146647104812254,31414,4.49713706405196,Sample_100_TCGA_BRCA
scPAS,Neutral,Neg_ctrl_Sample_43,0.0407471723293765,31414,4.49713706405196,Sample_100_TCGA_BRCA
scPAS,Neutral,Neg_ctrl_Sample_44,0.27225925777648,31414,4.49713706405196,Sample_100_TCGA_BRCA
scPAS,Neutral,Neg_ctrl_Sample_45,0.0178004490516379,31414,4.49713706405196,Sample_100_TCGA_BRCA
scPAS,Neutral,Neg_ctrl_Sample_46,0.309971501911602,31414,4.49713706405196,Sample_100_TCGA_BRCA
scPAS,Neutral,Neg_ctrl_Sample_47,0.051803000012988,31414,4.49713706405196,Sample_100_TCGA_BRCA
scPAS,Neutral,Neg_ctrl_Sample_48,0.0176360061424239,31414,4.49713706405196,Sample_100_TCGA_BRCA
scPAS,Neutral,Neg_ctrl_Sample_49,-0.112967574050547,31414,4.49713706405196,Sample_100_TCGA_BRCA
scPAS,Neutral,Neg_ctrl_Sample_50,-0.0112151262173019,31414,4.49713706405196,Sample_100_TCGA_BRCA
scPAS,Neutral,Neg_ctrl_Sample_51,0.11419761178279,31414,4.49713706405196,Sample_100_TCGA_BRCA
scPAS,Neutral,Neg_ctrl_Sample_52,0.20507478787936,31414,4.49713706405196,Sample_100_TCGA_BRCA
scPAS,Neutral,Neg_ctrl_Sample_53,0.0902327124903528,31414,4.49713706405196,Sample_100_TCGA_BRCA
scPAS,Neutral,Neg_ctrl_Sample_54,0.0164932217531236,31414,4.49713706405196,Sample_100_TCGA_BRCA
scPAS,Neutral,Neg_ctrl_Sample_55,-0.0215355025437187,31414,4.49713706405196,Sample_100_TCGA_BRCA
scPAS,Neutral,Neg_ctrl_Sample_56,0.086111782016009,31414,4.49713706405196,Sample_100_TCGA_BRCA
scPAS,Neutral,Neg_ctrl_Sample_57,0.0917270524445883,31414,4.49713706405196,Sample_100_TCGA_BRCA
scPAS,Neutral,Neg_ctrl_Sample_58,0.0259960203134162,31414,4.49713706405196,Sample_100_TCGA_BRCA
scPAS,Neutral,Neg_ctrl_Sample_59,0.0958266016158396,31414,4.49713706405196,Sample_100_TCGA_BRCA
scPAS,Neutral,Neg_ctrl_Sample_60,0.0734476897351304,31414,4.49713706405196,Sample_100_TCGA_BRCA
scPAS,Neutral,Neg_ctrl_Sample_61,-0.0663352274522067,31414,4.49713706405196,Sample_100_TCGA_BRCA
scPAS,Neutral,Neg_ctrl_Sample_62,-0.0759943106132615,31414,4.49713706405196,Sample_100_TCGA_BRCA
scPAS,Neutral,Neg_ctrl_Sample_63,0.145117650692129,31414,4.49713706405196,Sample_100_TCGA_BRCA
scPAS,Neutral,Neg_ctrl_Sample_64,0.0280579174544585,31414,4.49713706405196,Sample_100_TCGA_BRCA
scPAS,Neutral,Neg_ctrl_Sample_65,-0.116443010568694,31414,4.49713706405196,Sample_100_TCGA_BRCA
scPAS,Neutral,Neg_ctrl_Sample_66,0.0149376993343114,31414,4.49713706405196,Sample_100_TCGA_BRCA
scPAS,Neutral,Neg_ctrl_Sample_67,0.335857209051764,31414,4.49713706405196,Sample_100_TCGA_BRCA
scPAS,Neutral,Neg_ctrl_Sample_68,0.0185373324194275,31414,4.49713706405196,Sample_100_TCGA_BRCA
scPAS,Neutral,Neg_ctrl_Sample_69,-0.0796746550267392,31414,4.49713706405196,Sample_100_TCGA_BRCA
scPAS,Neutral,Neg_ctrl_Sample_70,0.0745924166979495,31414,4.49713706405196,Sample_100_TCGA_BRCA
scPAS,Neutral,Neg_ctrl_Sample_71,-0.120965569017464,31414,4.49713706405196,Sample_100_TCGA_BRCA
scPAS,Neutral,Neg_ctrl_Sample_72,-0.111518406966382,31414,4.49713706405196,Sample_100_TCGA_BRCA
scPAS,Neutral,Neg_ctrl_Sample_73,0.146069442644069,31414,4.49713706405196,Sample_100_TCGA_BRCA
scPAS,Neutral,Neg_ctrl_Sample_74,-0.0973238730559786,31414,4.49713706405196,Sample_100_TCGA_BRCA
scPAS,Neutral,Neg_ctrl_Sample_75,0.102447702503206,31414,4.49713706405196,Sample_100_TCGA_BRCA
scPAS,Neutral,Neg_ctrl_Sample_76,0.0175312992886767,31414,4.49713706405196,Sample_100_TCGA_BRCA
scPAS,Neutral,Neg_ctrl_Sample_77,0.156267004105226,31414,4.49713706405196,Sample_100_TCGA_BRCA
scPAS,Neutral,Neg_ctrl_Sample_78,0.00929713447615381,31414,4.49713706405196,Sample_100_TCGA_BRCA
scPAS,Neutral,Neg_ctrl_Sample_79,-0.131128904351441,31414,4.49713706405196,Sample_100_TCGA_BRCA
scPAS,Neutral,Neg_ctrl_Sample_80,-0.0300963464830793,31414,4.49713706405196,Sample_100_TCGA_BRCA
scPAS,Neutral,Neg_ctrl_Sample_81,0.0462207421356158,31414,4.49713706405196,Sample_100_TCGA_BRCA
scPAS,Neutral,Neg_ctrl_Sample_82,-0.0288368858915347,31414,4.49713706405196,Sample_100_TCGA_BRCA
scPAS,Neutral,Neg_ctrl_Sample_83,0.0877896191312729,31414,4.49713706405196,Sample_100_TCGA_BRCA
scPAS,Neutral,Neg_ctrl_Sample_84,0.106231461958017,31414,4.49713706405196,Sample_100_TCGA_BRCA
scPAS,Neutral,Neg_ctrl_Sample_85,-0.00933589813026818,31414,4.49713706405196,Sample_100_TCGA_BRCA
scPAS,Neutral,Neg_ctrl_Sample_86,-0.0628194949066501,31414,4.49713706405196,Sample_100_TCGA_BRCA
scPAS,Neutral,Neg_ctrl_Sample_87,-0.111844184240197,31414,4.49713706405196,Sample_100_TCGA_BRCA
scPAS,Neutral,Neg_ctrl_Sample_88,0.174460579106065,31414,4.49713706405196,Sample_100_TCGA_BRCA
scPAS,Neutral,Neg_ctrl_Sample_89,-0.137852356647393,31414,4.49713706405196,Sample_100_TCGA_BRCA
scPAS,Neutral,Neg_ctrl_Sample_90,0.133857646698821,31414,4.49713706405196,Sample_100_TCGA_BRCA
scPAS,Neutral,Neg_ctrl_Sample_91,-0.0362154029157222,31414,4.49713706405196,Sample_100_TCGA_BRCA
scPAS,Neutral,Neg_ctrl_Sample_92,-0.143704786268168,31414,4.49713706405196,Sample_100_TCGA_BRCA
scPAS,Neutral,Neg_ctrl_Sample_93,-0.120147175632105,31414,4.49713706405196,Sample_100_TCGA_BRCA
scPAS,Neutral,Neg_ctrl_Sample_94,0.0316501182773792,31414,4.49713706405196,Sample_100_TCGA_BRCA
scPAS,Neutral,Neg_ctrl_Sample_95,-0.0954301209296604,31414,4.49713706405196,Sample_100_TCGA_BRCA
scPAS,Neutral,Neg_ctrl_Sample_96,-0.0726786965584633,31414,4.49713706405196,Sample_100_TCGA_BRCA
scPAS,Neutral,Neg_ctrl_Sample_97,0.0532666388715613,31414,4.49713706405196,Sample_100_TCGA_BRCA
scPAS,Neutral,Neg_ctrl_Sample_98,0.0361022536572799,31414,4.49713706405196,Sample_100_TCGA_BRCA
scPAS,Neutral,Neg_ctrl_Sample_99,-0.102094606965573,31414,4.49713706405196,Sample_100_TCGA_BRCA
scPAS,Neutral,Neg_ctrl_Sample_100,-0.150010160333364,31414,4.49713706405196,Sample_100_TCGA_BRCA
scPAS,Positive,Neg_ctrl_Sample_1,-0.0471722685991252,13,1.14612803567824,Sample_100_TCGA_BRCA
scPAS,Positive,Neg_ctrl_Sample_2,-0.0786511458399955,13,1.14612803567824,Sample_100_TCGA_BRCA
scPAS,Positive,Neg_ctrl_Sample_3,-0.0418289794784974,13,1.14612803567824,Sample_100_TCGA_BRCA
scPAS,Positive,Neg_ctrl_Sample_4,-0.268975011221582,13,1.14612803567824,Sample_100_TCGA_BRCA
scPAS,Positive,Neg_ctrl_Sample_5,-0.125008687257967,13,1.14612803567824,Sample_100_TCGA_BRCA
scPAS,Positive,Neg_ctrl_Sample_6,-0.161153434114716,13,1.14612803567824,Sample_100_TCGA_BRCA
scPAS,Positive,Neg_ctrl_Sample_7,-0.166160246530144,13,1.14612803567824,Sample_100_TCGA_BRCA
scPAS,Positive,Neg_ctrl_Sample_8,-0.0047600274757891,13,1.14612803567824,Sample_100_TCGA_BRCA
scPAS,Positive,Neg_ctrl_Sample_9,-0.0442771332632025,13,1.14612803567824,Sample_100_TCGA_BRCA
scPAS,Positive,Neg_ctrl_Sample_10,0.0893191632736511,13,1.14612803567824,Sample_100_TCGA_BRCA
scPAS,Positive,Neg_ctrl_Sample_11,0.121324670918584,13,1.14612803567824,Sample_100_TCGA_BRCA
scPAS,Positive,Neg_ctrl_Sample_12,-0.133403493103832,13,1.14612803567824,Sample_100_TCGA_BRCA
scPAS,Positive,Neg_ctrl_Sample_13,-0.0753643908852398,13,1.14612803567824,Sample_100_TCGA_BRCA
scPAS,Positive,Neg_ctrl_Sample_14,0.0179095645420159,13,1.14612803567824,Sample_100_TCGA_BRCA
scPAS,Positive,Neg_ctrl_Sample_15,-0.0779433468441992,13,1.14612803567824,Sample_100_TCGA_BRCA
scPAS,Positive,Neg_ctrl_Sample_16,-0.0440637057567918,13,1.14612803567824,Sample_100_TCGA_BRCA
scPAS,Positive,Neg_ctrl_Sample_17,0.154117982900615,13,1.14612803567824,Sample_100_TCGA_BRCA
scPAS,Positive,Neg_ctrl_Sample_18,0.223247225076844,13,1.14612803567824,Sample_100_TCGA_BRCA
scPAS,Positive,Neg_ctrl_Sample_19,0.253042713564194,13,1.14612803567824,Sample_100_TCGA_BRCA
scPAS,Positive,Neg_ctrl_Sample_20,-0.15494106037156,13,1.14612803567824,Sample_100_TCGA_BRCA
scPAS,Positive,Neg_ctrl_Sample_21,-0.00423392155828538,13,1.14612803567824,Sample_100_TCGA_BRCA
scPAS,Positive,Neg_ctrl_Sample_22,0.201695030277677,13,1.14612803567824,Sample_100_TCGA_BRCA
scPAS,Positive,Neg_ctrl_Sample_23,-0.0766767713691386,13,1.14612803567824,Sample_100_TCGA_BRCA
scPAS,Positive,Neg_ctrl_Sample_24,0.136242202752411,13,1.14612803567824,Sample_100_TCGA_BRCA
scPAS,Positive,Neg_ctrl_Sample_25,0.0281331222611353,13,1.14612803567824,Sample_100_TCGA_BRCA
scPAS,Positive,Neg_ctrl_Sample_26,0.0154432399641682,13,1.14612803567824,Sample_100_TCGA_BRCA
scPAS,Positive,Neg_ctrl_Sample_27,-0.0156937000203423,13,1.14612803567824,Sample_100_TCGA_BRCA
scPAS,Positive,Neg_ctrl_Sample_28,0.075276950450808,13,1.14612803567824,Sample_100_TCGA_BRCA
scPAS,Positive,Neg_ctrl_Sample_29,0.119127055250756,13,1.14612803567824,Sample_100_TCGA_BRCA
scPAS,Positive,Neg_ctrl_Sample_30,-0.0663931767660897,13,1.14612803567824,Sample_100_TCGA_BRCA
scPAS,Positive,Neg_ctrl_Sample_31,0.207750231722476,13,1.14612803567824,Sample_100_TCGA_BRCA
scPAS,Positive,Neg_ctrl_Sample_32,0.208693456637787,13,1.14612803567824,Sample_100_TCGA_BRCA
scPAS,Positive,Neg_ctrl_Sample_33,0.047246595476804,13,1.14612803567824,Sample_100_TCGA_BRCA
scPAS,Positive,Neg_ctrl_Sample_34,-0.26259856622783,13,1.14612803567824,Sample_100_TCGA_BRCA
scPAS,Positive,Neg_ctrl_Sample_35,0.0328011708433761,13,1.14612803567824,Sample_100_TCGA_BRCA
scPAS,Positive,Neg_ctrl_Sample_36,0.0564082602352605,13,1.14612803567824,Sample_100_TCGA_BRCA
scPAS,Positive,Neg_ctrl_Sample_37,0.0913503772237843,13,1.14612803567824,Sample_100_TCGA_BRCA
scPAS,Positive,Neg_ctrl_Sample_38,0.0728083693157679,13,1.14612803567824,Sample_100_TCGA_BRCA
scPAS,Positive,Neg_ctrl_Sample_39,0.119219148622547,13,1.14612803567824,Sample_100_TCGA_BRCA
scPAS,Positive,Neg_ctrl_Sample_40,0.152980564936477,13,1.14612803567824,Sample_100_TCGA_BRCA
scPAS,Positive,Neg_ctrl_Sample_41,-0.157922588705801,13,1.14612803567824,Sample_100_TCGA_BRCA
scPAS,Positive,Neg_ctrl_Sample_42,-0.150856484044098,13,1.14612803567824,Sample_100_TCGA_BRCA
scPAS,Positive,Neg_ctrl_Sample_43,0.0379287480361915,13,1.14612803567824,Sample_100_TCGA_BRCA
scPAS,Positive,Neg_ctrl_Sample_44,0.256734219492858,13,1.14612803567824,Sample_100_TCGA_BRCA
scPAS,Positive,Neg_ctrl_Sample_45,0.00387605149816527,13,1.14612803567824,Sample_100_TCGA_BRCA
scPAS,Positive,Neg_ctrl_Sample_46,0.315310138654296,13,1.14612803567824,Sample_100_TCGA_BRCA
scPAS,Positive,Neg_ctrl_Sample_47,0.0664788778730583,13,1.14612803567824,Sample_100_TCGA_BRCA
scPAS,Positive,Neg_ctrl_Sample_48,0.00378924980316109,13,1.14612803567824,Sample_100_TCGA_BRCA
scPAS,Positive,Neg_ctrl_Sample_49,-0.137466741730822,13,1.14612803567824,Sample_100_TCGA_BRCA
scPAS,Positive,Neg_ctrl_Sample_50,-0.030370447622322,13,1.14612803567824,Sample_100_TCGA_BRCA
scPAS,Positive,Neg_ctrl_Sample_51,0.123853748405442,13,1.14612803567824,Sample_100_TCGA_BRCA
scPAS,Positive,Neg_ctrl_Sample_52,0.179486791357912,13,1.14612803567824,Sample_100_TCGA_BRCA
scPAS,Positive,Neg_ctrl_Sample_53,0.0713087028223302,13,1.14612803567824,Sample_100_TCGA_BRCA
scPAS,Positive,Neg_ctrl_Sample_54,0.0100951669012986,13,1.14612803567824,Sample_100_TCGA_BRCA
scPAS,Positive,Neg_ctrl_Sample_55,-0.0395640092229355,13,1.14612803567824,Sample_100_TCGA_BRCA
scPAS,Positive,Neg_ctrl_Sample_56,0.0867564156624693,13,1.14612803567824,Sample_100_TCGA_BRCA
scPAS,Positive,Neg_ctrl_Sample_57,0.095168943145023,13,1.14612803567824,Sample_100_TCGA_BRCA
scPAS,Positive,Neg_ctrl_Sample_58,0.011784776617512,13,1.14612803567824,Sample_100_TCGA_BRCA
scPAS,Positive,Neg_ctrl_Sample_59,0.0879259020121119,13,1.14612803567824,Sample_100_TCGA_BRCA
scPAS,Positive,Neg_ctrl_Sample_60,0.0660044654016798,13,1.14612803567824,Sample_100_TCGA_BRCA
scPAS,Positive,Neg_ctrl_Sample_61,-0.0879833815760637,13,1.14612803567824,Sample_100_TCGA_BRCA
scPAS,Positive,Neg_ctrl_Sample_62,-0.0866975266592682,13,1.14612803567824,Sample_100_TCGA_BRCA
scPAS,Positive,Neg_ctrl_Sample_63,0.146551405657507,13,1.14612803567824,Sample_100_TCGA_BRCA
scPAS,Positive,Neg_ctrl_Sample_64,0.00797743015422602,13,1.14612803567824,Sample_100_TCGA_BRCA
scPAS,Positive,Neg_ctrl_Sample_65,-0.133260501016583,13,1.14612803567824,Sample_100_TCGA_BRCA
scPAS,Positive,Neg_ctrl_Sample_66,0.0202624603727958,13,1.14612803567824,Sample_100_TCGA_BRCA
scPAS,Positive,Neg_ctrl_Sample_67,0.353829099967051,13,1.14612803567824,Sample_100_TCGA_BRCA
scPAS,Positive,Neg_ctrl_Sample_68,-0.00653770796492991,13,1.14612803567824,Sample_100_TCGA_BRCA
scPAS,Positive,Neg_ctrl_Sample_69,-0.0983457470838558,13,1.14612803567824,Sample_100_TCGA_BRCA
scPAS,Positive,Neg_ctrl_Sample_70,0.0664776667468308,13,1.14612803567824,Sample_100_TCGA_BRCA
scPAS,Positive,Neg_ctrl_Sample_71,-0.11897949504546,13,1.14612803567824,Sample_100_TCGA_BRCA
scPAS,Positive,Neg_ctrl_Sample_72,-0.12498545935285,13,1.14612803567824,Sample_100_TCGA_BRCA
scPAS,Positive,Neg_ctrl_Sample_73,0.157252154970516,13,1.14612803567824,Sample_100_TCGA_BRCA
scPAS,Positive,Neg_ctrl_Sample_74,-0.117880729650439,13,1.14612803567824,Sample_100_TCGA_BRCA
scPAS,Positive,Neg_ctrl_Sample_75,0.0938009684193057,13,1.14612803567824,Sample_100_TCGA_BRCA
scPAS,Positive,Neg_ctrl_Sample_76,-0.0123683141536382,13,1.14612803567824,Sample_100_TCGA_BRCA
scPAS,Positive,Neg_ctrl_Sample_77,0.153886237731393,13,1.14612803567824,Sample_100_TCGA_BRCA
scPAS,Positive,Neg_ctrl_Sample_78,0.019759671941488,13,1.14612803567824,Sample_100_TCGA_BRCA
scPAS,Positive,Neg_ctrl_Sample_79,-0.155520453748748,13,1.14612803567824,Sample_100_TCGA_BRCA
scPAS,Positive,Neg_ctrl_Sample_80,-0.0275752142558806,13,1.14612803567824,Sample_100_TCGA_BRCA
scPAS,Positive,Neg_ctrl_Sample_81,0.0462896702425583,13,1.14612803567824,Sample_100_TCGA_BRCA
scPAS,Positive,Neg_ctrl_Sample_82,-0.0573278718745347,13,1.14612803567824,Sample_100_TCGA_BRCA
scPAS,Positive,Neg_ctrl_Sample_83,0.0764813482528725,13,1.14612803567824,Sample_100_TCGA_BRCA
scPAS,Positive,Neg_ctrl_Sample_84,0.11671282399764,13,1.14612803567824,Sample_100_TCGA_BRCA
scPAS,Positive,Neg_ctrl_Sample_85,-0.0115840163281668,13,1.14612803567824,Sample_100_TCGA_BRCA
scPAS,Positive,Neg_ctrl_Sample_86,-0.0709955659437176,13,1.14612803567824,Sample_100_TCGA_BRCA
scPAS,Positive,Neg_ctrl_Sample_87,-0.135212618408613,13,1.14612803567824,Sample_100_TCGA_BRCA
scPAS,Positive,Neg_ctrl_Sample_88,0.173050849624463,13,1.14612803567824,Sample_100_TCGA_BRCA
scPAS,Positive,Neg_ctrl_Sample_89,-0.166568790635024,13,1.14612803567824,Sample_100_TCGA_BRCA
scPAS,Positive,Neg_ctrl_Sample_90,0.12834684304365,13,1.14612803567824,Sample_100_TCGA_BRCA
scPAS,Positive,Neg_ctrl_Sample_91,-0.0348198710837786,13,1.14612803567824,Sample_100_TCGA_BRCA
scPAS,Positive,Neg_ctrl_Sample_92,-0.154190336234395,13,1.14612803567824,Sample_100_TCGA_BRCA
scPAS,Positive,Neg_ctrl_Sample_93,-0.137072040823061,13,1.14612803567824,Sample_100_TCGA_BRCA
scPAS,Positive,Neg_ctrl_Sample_94,0.0177020720201591,13,1.14612803567824,Sample_100_TCGA_BRCA
scPAS,Positive,Neg_ctrl_Sample_95,-0.0911825902079579,13,1.14612803567824,Sample_100_TCGA_BRCA
scPAS,Positive,Neg_ctrl_Sample_96,-0.111950489091978,13,1.14612803567824,Sample_100_TCGA_BRCA
scPAS,Positive,Neg_ctrl_Sample_97,0.0387932773002872,13,1.14612803567824,Sample_100_TCGA_BRCA
scPAS,Positive,Neg_ctrl_Sample_98,0.0100437971330672,13,1.14612803567824,Sample_100_TCGA_BRCA
scPAS,Positive,Neg_ctrl_Sample_99,-0.103521644337449,13,1.14612803567824,Sample_100_TCGA_BRCA
scPAS,Positive,Neg_ctrl_Sample_100,-0.140698051073439,13,1.14612803567824,Sample_100_TCGA_BRCA
scPP,Negative,Neg_ctrl_Sample_1,-0.0570878710953384,5530,3.74280365846917,Sample_100_TCGA_BRCA
scPP,Negative,Neg_ctrl_Sample_2,-0.0696555982442292,5530,3.74280365846917,Sample_100_TCGA_BRCA
scPP,Negative,Neg_ctrl_Sample_3,-0.0375164314119339,5530,3.74280365846917,Sample_100_TCGA_BRCA
scPP,Negative,Neg_ctrl_Sample_4,-0.249775004149557,5530,3.74280365846917,Sample_100_TCGA_BRCA
scPP,Negative,Neg_ctrl_Sample_5,-0.111284592411913,5530,3.74280365846917,Sample_100_TCGA_BRCA
scPP,Negative,Neg_ctrl_Sample_6,-0.153333179633367,5530,3.74280365846917,Sample_100_TCGA_BRCA
scPP,Negative,Neg_ctrl_Sample_7,-0.17546436704436,5530,3.74280365846917,Sample_100_TCGA_BRCA
scPP,Negative,Neg_ctrl_Sample_8,-0.00807864565884035,5530,3.74280365846917,Sample_100_TCGA_BRCA
scPP,Negative,Neg_ctrl_Sample_9,-0.0377688744383413,5530,3.74280365846917,Sample_100_TCGA_BRCA
scPP,Negative,Neg_ctrl_Sample_10,0.0869127456363573,5530,3.74280365846917,Sample_100_TCGA_BRCA
scPP,Negative,Neg_ctrl_Sample_11,0.145145459706912,5530,3.74280365846917,Sample_100_TCGA_BRCA
scPP,Negative,Neg_ctrl_Sample_12,-0.15568665871614,5530,3.74280365846917,Sample_100_TCGA_BRCA
scPP,Negative,Neg_ctrl_Sample_13,-0.074357813570823,5530,3.74280365846917,Sample_100_TCGA_BRCA
scPP,Negative,Neg_ctrl_Sample_14,0.0124960024897619,5530,3.74280365846917,Sample_100_TCGA_BRCA
scPP,Negative,Neg_ctrl_Sample_15,-0.0819759295270196,5530,3.74280365846917,Sample_100_TCGA_BRCA
scPP,Negative,Neg_ctrl_Sample_16,-0.0293941588084936,5530,3.74280365846917,Sample_100_TCGA_BRCA
scPP,Negative,Neg_ctrl_Sample_17,0.149455281937013,5530,3.74280365846917,Sample_100_TCGA_BRCA
scPP,Negative,Neg_ctrl_Sample_18,0.214721873449385,5530,3.74280365846917,Sample_100_TCGA_BRCA
scPP,Negative,Neg_ctrl_Sample_19,0.241481263939337,5530,3.74280365846917,Sample_100_TCGA_BRCA
scPP,Negative,Neg_ctrl_Sample_20,-0.150006198064653,5530,3.74280365846917,Sample_100_TCGA_BRCA
scPP,Negative,Neg_ctrl_Sample_21,-0.00568192207742462,5530,3.74280365846917,Sample_100_TCGA_BRCA
scPP,Negative,Neg_ctrl_Sample_22,0.201280327948155,5530,3.74280365846917,Sample_100_TCGA_BRCA
scPP,Negative,Neg_ctrl_Sample_23,-0.0688503656153912,5530,3.74280365846917,Sample_100_TCGA_BRCA
scPP,Negative,Neg_ctrl_Sample_24,0.129958741880274,5530,3.74280365846917,Sample_100_TCGA_BRCA
scPP,Negative,Neg_ctrl_Sample_25,0.0254064482952557,5530,3.74280365846917,Sample_100_TCGA_BRCA
scPP,Negative,Neg_ctrl_Sample_26,0.0203128457169543,5530,3.74280365846917,Sample_100_TCGA_BRCA
scPP,Negative,Neg_ctrl_Sample_27,-0.00555419884566243,5530,3.74280365846917,Sample_100_TCGA_BRCA
scPP,Negative,Neg_ctrl_Sample_28,0.083342286399538,5530,3.74280365846917,Sample_100_TCGA_BRCA
scPP,Negative,Neg_ctrl_Sample_29,0.117951156714436,5530,3.74280365846917,Sample_100_TCGA_BRCA
scPP,Negative,Neg_ctrl_Sample_30,-0.0601872095533096,5530,3.74280365846917,Sample_100_TCGA_BRCA
scPP,Negative,Neg_ctrl_Sample_31,0.185801338110839,5530,3.74280365846917,Sample_100_TCGA_BRCA
scPP,Negative,Neg_ctrl_Sample_32,0.207370887811724,5530,3.74280365846917,Sample_100_TCGA_BRCA
scPP,Negative,Neg_ctrl_Sample_33,0.0192543572413775,5530,3.74280365846917,Sample_100_TCGA_BRCA
scPP,Negative,Neg_ctrl_Sample_34,-0.253619052190687,5530,3.74280365846917,Sample_100_TCGA_BRCA
scPP,Negative,Neg_ctrl_Sample_35,0.0158354165721234,5530,3.74280365846917,Sample_100_TCGA_BRCA
scPP,Negative,Neg_ctrl_Sample_36,0.0610924795227607,5530,3.74280365846917,Sample_100_TCGA_BRCA
scPP,Negative,Neg_ctrl_Sample_37,0.0922185989242171,5530,3.74280365846917,Sample_100_TCGA_BRCA
scPP,Negative,Neg_ctrl_Sample_38,0.0806596520702279,5530,3.74280365846917,Sample_100_TCGA_BRCA
scPP,Negative,Neg_ctrl_Sample_39,0.108641925303774,5530,3.74280365846917,Sample_100_TCGA_BRCA
scPP,Negative,Neg_ctrl_Sample_40,0.156984856424928,5530,3.74280365846917,Sample_100_TCGA_BRCA
scPP,Negative,Neg_ctrl_Sample_41,-0.157809440845643,5530,3.74280365846917,Sample_100_TCGA_BRCA
scPP,Negative,Neg_ctrl_Sample_42,-0.154098608722948,5530,3.74280365846917,Sample_100_TCGA_BRCA
scPP,Negative,Neg_ctrl_Sample_43,0.0390426118062813,5530,3.74280365846917,Sample_100_TCGA_BRCA
scPP,Negative,Neg_ctrl_Sample_44,0.268541727863925,5530,3.74280365846917,Sample_100_TCGA_BRCA
scPP,Negative,Neg_ctrl_Sample_45,0.00197788026383883,5530,3.74280365846917,Sample_100_TCGA_BRCA
scPP,Negative,Neg_ctrl_Sample_46,0.315612725740733,5530,3.74280365846917,Sample_100_TCGA_BRCA
scPP,Negative,Neg_ctrl_Sample_47,0.0638579887825967,5530,3.74280365846917,Sample_100_TCGA_BRCA
scPP,Negative,Neg_ctrl_Sample_48,0.00419111260387646,5530,3.74280365846917,Sample_100_TCGA_BRCA
scPP,Negative,Neg_ctrl_Sample_49,-0.138331036164616,5530,3.74280365846917,Sample_100_TCGA_BRCA
scPP,Negative,Neg_ctrl_Sample_50,-0.0306273736834185,5530,3.74280365846917,Sample_100_TCGA_BRCA
scPP,Negative,Neg_ctrl_Sample_51,0.107882427114913,5530,3.74280365846917,Sample_100_TCGA_BRCA
scPP,Negative,Neg_ctrl_Sample_52,0.185520774568284,5530,3.74280365846917,Sample_100_TCGA_BRCA
scPP,Negative,Neg_ctrl_Sample_53,0.0807817064351739,5530,3.74280365846917,Sample_100_TCGA_BRCA
scPP,Negative,Neg_ctrl_Sample_54,0.00410432545636373,5530,3.74280365846917,Sample_100_TCGA_BRCA
scPP,Negative,Neg_ctrl_Sample_55,-0.0388045453187261,5530,3.74280365846917,Sample_100_TCGA_BRCA
scPP,Negative,Neg_ctrl_Sample_56,0.0781071385505375,5530,3.74280365846917,Sample_100_TCGA_BRCA
scPP,Negative,Neg_ctrl_Sample_57,0.0747987379699898,5530,3.74280365846917,Sample_100_TCGA_BRCA
scPP,Negative,Neg_ctrl_Sample_58,0.00972691593070318,5530,3.74280365846917,Sample_100_TCGA_BRCA
scPP,Negative,Neg_ctrl_Sample_59,0.0837867991543995,5530,3.74280365846917,Sample_100_TCGA_BRCA
scPP,Negative,Neg_ctrl_Sample_60,0.0530106260816053,5530,3.74280365846917,Sample_100_TCGA_BRCA
scPP,Negative,Neg_ctrl_Sample_61,-0.0771378744910205,5530,3.74280365846917,Sample_100_TCGA_BRCA
scPP,Negative,Neg_ctrl_Sample_62,-0.0859313455478324,5530,3.74280365846917,Sample_100_TCGA_BRCA
scPP,Negative,Neg_ctrl_Sample_63,0.141312284209197,5530,3.74280365846917,Sample_100_TCGA_BRCA
scPP,Negative,Neg_ctrl_Sample_64,-0.00133484625647507,5530,3.74280365846917,Sample_100_TCGA_BRCA
scPP,Negative,Neg_ctrl_Sample_65,-0.129858800550987,5530,3.74280365846917,Sample_100_TCGA_BRCA
scPP,Negative,Neg_ctrl_Sample_66,0.0165825174998882,5530,3.74280365846917,Sample_100_TCGA_BRCA
scPP,Negative,Neg_ctrl_Sample_67,0.342296859173229,5530,3.74280365846917,Sample_100_TCGA_BRCA
scPP,Negative,Neg_ctrl_Sample_68,-0.00249936365318323,5530,3.74280365846917,Sample_100_TCGA_BRCA
scPP,Negative,Neg_ctrl_Sample_69,-0.100939279180067,5530,3.74280365846917,Sample_100_TCGA_BRCA
scPP,Negative,Neg_ctrl_Sample_70,0.0587938743227862,5530,3.74280365846917,Sample_100_TCGA_BRCA
scPP,Negative,Neg_ctrl_Sample_71,-0.126621493221541,5530,3.74280365846917,Sample_100_TCGA_BRCA
scPP,Negative,Neg_ctrl_Sample_72,-0.124636214066374,5530,3.74280365846917,Sample_100_TCGA_BRCA
scPP,Negative,Neg_ctrl_Sample_73,0.144929511787168,5530,3.74280365846917,Sample_100_TCGA_BRCA
scPP,Negative,Neg_ctrl_Sample_74,-0.116551764073116,5530,3.74280365846917,Sample_100_TCGA_BRCA
scPP,Negative,Neg_ctrl_Sample_75,0.0926641420626534,5530,3.74280365846917,Sample_100_TCGA_BRCA
scPP,Negative,Neg_ctrl_Sample_76,-0.00315519850747083,5530,3.74280365846917,Sample_100_TCGA_BRCA
scPP,Negative,Neg_ctrl_Sample_77,0.140431655284061,5530,3.74280365846917,Sample_100_TCGA_BRCA
scPP,Negative,Neg_ctrl_Sample_78,0.0075223367321763,5530,3.74280365846917,Sample_100_TCGA_BRCA
scPP,Negative,Neg_ctrl_Sample_79,-0.149709719430192,5530,3.74280365846917,Sample_100_TCGA_BRCA
scPP,Negative,Neg_ctrl_Sample_80,-0.0185350625445642,5530,3.74280365846917,Sample_100_TCGA_BRCA
scPP,Negative,Neg_ctrl_Sample_81,0.0386467256668172,5530,3.74280365846917,Sample_100_TCGA_BRCA
scPP,Negative,Neg_ctrl_Sample_82,-0.047285762623036,5530,3.74280365846917,Sample_100_TCGA_BRCA
scPP,Negative,Neg_ctrl_Sample_83,0.0771987116066831,5530,3.74280365846917,Sample_100_TCGA_BRCA
scPP,Negative,Neg_ctrl_Sample_84,0.0948813236109357,5530,3.74280365846917,Sample_100_TCGA_BRCA
scPP,Negative,Neg_ctrl_Sample_85,-0.0209419692711233,5530,3.74280365846917,Sample_100_TCGA_BRCA
scPP,Negative,Neg_ctrl_Sample_86,-0.0678584354140258,5530,3.74280365846917,Sample_100_TCGA_BRCA
scPP,Negative,Neg_ctrl_Sample_87,-0.135929808382,5530,3.74280365846917,Sample_100_TCGA_BRCA
scPP,Negative,Neg_ctrl_Sample_88,0.174408330141946,5530,3.74280365846917,Sample_100_TCGA_BRCA
scPP,Negative,Neg_ctrl_Sample_89,-0.164799681955615,5530,3.74280365846917,Sample_100_TCGA_BRCA
scPP,Negative,Neg_ctrl_Sample_90,0.108628539964179,5530,3.74280365846917,Sample_100_TCGA_BRCA
scPP,Negative,Neg_ctrl_Sample_91,-0.0364974593374309,5530,3.74280365846917,Sample_100_TCGA_BRCA
scPP,Negative,Neg_ctrl_Sample_92,-0.167709475435509,5530,3.74280365846917,Sample_100_TCGA_BRCA
scPP,Negative,Neg_ctrl_Sample_93,-0.117768887486567,5530,3.74280365846917,Sample_100_TCGA_BRCA
scPP,Negative,Neg_ctrl_Sample_94,0.0313685536517054,5530,3.74280365846917,Sample_100_TCGA_BRCA
scPP,Negative,Neg_ctrl_Sample_95,-0.101024719697494,5530,3.74280365846917,Sample_100_TCGA_BRCA
scPP,Negative,Neg_ctrl_Sample_96,-0.0959674807362192,5530,3.74280365846917,Sample_100_TCGA_BRCA
scPP,Negative,Neg_ctrl_Sample_97,0.0506088626217601,5530,3.74280365846917,Sample_100_TCGA_BRCA
scPP,Negative,Neg_ctrl_Sample_98,0.0201657078421595,5530,3.74280365846917,Sample_100_TCGA_BRCA
scPP,Negative,Neg_ctrl_Sample_99,-0.108002842623206,5530,3.74280365846917,Sample_100_TCGA_BRCA
scPP,Negative,Neg_ctrl_Sample_100,-0.157894447889368,5530,3.74280365846917,Sample_100_TCGA_BRCA
scPP,Neutral,Neg_ctrl_Sample_1,-0.0517326835962709,21113,4.32457051721884,Sample_100_TCGA_BRCA
scPP,Neutral,Neg_ctrl_Sample_2,-0.055351760676364,21113,4.32457051721884,Sample_100_TCGA_BRCA
scPP,Neutral,Neg_ctrl_Sample_3,-0.0218399025805093,21113,4.32457051721884,Sample_100_TCGA_BRCA
scPP,Neutral,Neg_ctrl_Sample_4,-0.224354677024688,21113,4.32457051721884,Sample_100_TCGA_BRCA
scPP,Neutral,Neg_ctrl_Sample_5,-0.0896492085354993,21113,4.32457051721884,Sample_100_TCGA_BRCA
scPP,Neutral,Neg_ctrl_Sample_6,-0.143281762734771,21113,4.32457051721884,Sample_100_TCGA_BRCA
scPP,Neutral,Neg_ctrl_Sample_7,-0.169120316602114,21113,4.32457051721884,Sample_100_TCGA_BRCA
scPP,Neutral,Neg_ctrl_Sample_8,-0.00579237886853291,21113,4.32457051721884,Sample_100_TCGA_BRCA
scPP,Neutral,Neg_ctrl_Sample_9,-0.00953325535454078,21113,4.32457051721884,Sample_100_TCGA_BRCA
scPP,Neutral,Neg_ctrl_Sample_10,0.0953864464284312,21113,4.32457051721884,Sample_100_TCGA_BRCA
scPP,Neutral,Neg_ctrl_Sample_11,0.150281988407416,21113,4.32457051721884,Sample_100_TCGA_BRCA
scPP,Neutral,Neg_ctrl_Sample_12,-0.126116567216079,21113,4.32457051721884,Sample_100_TCGA_BRCA
scPP,Neutral,Neg_ctrl_Sample_13,-0.0645766933674142,21113,4.32457051721884,Sample_100_TCGA_BRCA
scPP,Neutral,Neg_ctrl_Sample_14,0.0312017560657498,21113,4.32457051721884,Sample_100_TCGA_BRCA
scPP,Neutral,Neg_ctrl_Sample_15,-0.0748800509675761,21113,4.32457051721884,Sample_100_TCGA_BRCA
scPP,Neutral,Neg_ctrl_Sample_16,-0.0237755291113051,21113,4.32457051721884,Sample_100_TCGA_BRCA
scPP,Neutral,Neg_ctrl_Sample_17,0.168819307893336,21113,4.32457051721884,Sample_100_TCGA_BRCA
scPP,Neutral,Neg_ctrl_Sample_18,0.197887522722905,21113,4.32457051721884,Sample_100_TCGA_BRCA
scPP,Neutral,Neg_ctrl_Sample_19,0.230362975880296,21113,4.32457051721884,Sample_100_TCGA_BRCA
scPP,Neutral,Neg_ctrl_Sample_20,-0.128634203275053,21113,4.32457051721884,Sample_100_TCGA_BRCA
scPP,Neutral,Neg_ctrl_Sample_21,-0.0285143451283564,21113,4.32457051721884,Sample_100_TCGA_BRCA
scPP,Neutral,Neg_ctrl_Sample_22,0.202950004057717,21113,4.32457051721884,Sample_100_TCGA_BRCA
scPP,Neutral,Neg_ctrl_Sample_23,-0.03724050807203,21113,4.32457051721884,Sample_100_TCGA_BRCA
scPP,Neutral,Neg_ctrl_Sample_24,0.137172593001793,21113,4.32457051721884,Sample_100_TCGA_BRCA
scPP,Neutral,Neg_ctrl_Sample_25,0.0570750236981705,21113,4.32457051721884,Sample_100_TCGA_BRCA
scPP,Neutral,Neg_ctrl_Sample_26,0.0310661771711475,21113,4.32457051721884,Sample_100_TCGA_BRCA
scPP,Neutral,Neg_ctrl_Sample_27,0.000808006792035319,21113,4.32457051721884,Sample_100_TCGA_BRCA
scPP,Neutral,Neg_ctrl_Sample_28,0.0915693902723659,21113,4.32457051721884,Sample_100_TCGA_BRCA
scPP,Neutral,Neg_ctrl_Sample_29,0.121390496570082,21113,4.32457051721884,Sample_100_TCGA_BRCA
scPP,Neutral,Neg_ctrl_Sample_30,-0.050508715252678,21113,4.32457051721884,Sample_100_TCGA_BRCA
scPP,Neutral,Neg_ctrl_Sample_31,0.197485923368552,21113,4.32457051721884,Sample_100_TCGA_BRCA
scPP,Neutral,Neg_ctrl_Sample_32,0.233730971026803,21113,4.32457051721884,Sample_100_TCGA_BRCA
scPP,Neutral,Neg_ctrl_Sample_33,0.0171353247062497,21113,4.32457051721884,Sample_100_TCGA_BRCA
scPP,Neutral,Neg_ctrl_Sample_34,-0.232247633362608,21113,4.32457051721884,Sample_100_TCGA_BRCA
scPP,Neutral,Neg_ctrl_Sample_35,0.0346501702038799,21113,4.32457051721884,Sample_100_TCGA_BRCA
scPP,Neutral,Neg_ctrl_Sample_36,0.0641155259331349,21113,4.32457051721884,Sample_100_TCGA_BRCA
scPP,Neutral,Neg_ctrl_Sample_37,0.0782059678508414,21113,4.32457051721884,Sample_100_TCGA_BRCA
scPP,Neutral,Neg_ctrl_Sample_38,0.0717159716340718,21113,4.32457051721884,Sample_100_TCGA_BRCA
scPP,Neutral,Neg_ctrl_Sample_39,0.110444039720173,21113,4.32457051721884,Sample_100_TCGA_BRCA
scPP,Neutral,Neg_ctrl_Sample_40,0.169332909339921,21113,4.32457051721884,Sample_100_TCGA_BRCA
scPP,Neutral,Neg_ctrl_Sample_41,-0.135985965284265,21113,4.32457051721884,Sample_100_TCGA_BRCA
scPP,Neutral,Neg_ctrl_Sample_42,-0.145151900832408,21113,4.32457051721884,Sample_100_TCGA_BRCA
scPP,Neutral,Neg_ctrl_Sample_43,0.0400752453935103,21113,4.32457051721884,Sample_100_TCGA_BRCA
scPP,Neutral,Neg_ctrl_Sample_44,0.272368672739143,21113,4.32457051721884,Sample_100_TCGA_BRCA
scPP,Neutral,Neg_ctrl_Sample_45,0.0168046942518919,21113,4.32457051721884,Sample_100_TCGA_BRCA
scPP,Neutral,Neg_ctrl_Sample_46,0.309698534027401,21113,4.32457051721884,Sample_100_TCGA_BRCA
scPP,Neutral,Neg_ctrl_Sample_47,0.0504237644840687,21113,4.32457051721884,Sample_100_TCGA_BRCA
scPP,Neutral,Neg_ctrl_Sample_48,0.0232795635942172,21113,4.32457051721884,Sample_100_TCGA_BRCA
scPP,Neutral,Neg_ctrl_Sample_49,-0.112370005719541,21113,4.32457051721884,Sample_100_TCGA_BRCA
scPP,Neutral,Neg_ctrl_Sample_50,-0.00861128549709566,21113,4.32457051721884,Sample_100_TCGA_BRCA
scPP,Neutral,Neg_ctrl_Sample_51,0.113533876161295,21113,4.32457051721884,Sample_100_TCGA_BRCA
scPP,Neutral,Neg_ctrl_Sample_52,0.20584046687529,21113,4.32457051721884,Sample_100_TCGA_BRCA
scPP,Neutral,Neg_ctrl_Sample_53,0.0923658860901027,21113,4.32457051721884,Sample_100_TCGA_BRCA
scPP,Neutral,Neg_ctrl_Sample_54,0.0135679244141857,21113,4.32457051721884,Sample_100_TCGA_BRCA
scPP,Neutral,Neg_ctrl_Sample_55,-0.0242302632130349,21113,4.32457051721884,Sample_100_TCGA_BRCA
scPP,Neutral,Neg_ctrl_Sample_56,0.0836816805601766,21113,4.32457051721884,Sample_100_TCGA_BRCA
scPP,Neutral,Neg_ctrl_Sample_57,0.0858410342875202,21113,4.32457051721884,Sample_100_TCGA_BRCA
scPP,Neutral,Neg_ctrl_Sample_58,0.0243067219139111,21113,4.32457051721884,Sample_100_TCGA_BRCA
scPP,Neutral,Neg_ctrl_Sample_59,0.0933746302612251,21113,4.32457051721884,Sample_100_TCGA_BRCA
scPP,Neutral,Neg_ctrl_Sample_60,0.0684889669347449,21113,4.32457051721884,Sample_100_TCGA_BRCA
scPP,Neutral,Neg_ctrl_Sample_61,-0.0665578681703574,21113,4.32457051721884,Sample_100_TCGA_BRCA
scPP,Neutral,Neg_ctrl_Sample_62,-0.0767346240749375,21113,4.32457051721884,Sample_100_TCGA_BRCA
scPP,Neutral,Neg_ctrl_Sample_63,0.144724283575552,21113,4.32457051721884,Sample_100_TCGA_BRCA
scPP,Neutral,Neg_ctrl_Sample_64,0.0281214638105928,21113,4.32457051721884,Sample_100_TCGA_BRCA
scPP,Neutral,Neg_ctrl_Sample_65,-0.115742998269658,21113,4.32457051721884,Sample_100_TCGA_BRCA
scPP,Neutral,Neg_ctrl_Sample_66,0.0130151688483581,21113,4.32457051721884,Sample_100_TCGA_BRCA
scPP,Neutral,Neg_ctrl_Sample_67,0.335204943084601,21113,4.32457051721884,Sample_100_TCGA_BRCA
scPP,Neutral,Neg_ctrl_Sample_68,0.0146763380233057,21113,4.32457051721884,Sample_100_TCGA_BRCA
scPP,Neutral,Neg_ctrl_Sample_69,-0.0809659714150707,21113,4.32457051721884,Sample_100_TCGA_BRCA
scPP,Neutral,Neg_ctrl_Sample_70,0.0745264872990459,21113,4.32457051721884,Sample_100_TCGA_BRCA
scPP,Neutral,Neg_ctrl_Sample_71,-0.11998025851153,21113,4.32457051721884,Sample_100_TCGA_BRCA
scPP,Neutral,Neg_ctrl_Sample_72,-0.111219228269407,21113,4.32457051721884,Sample_100_TCGA_BRCA
scPP,Neutral,Neg_ctrl_Sample_73,0.145824298322236,21113,4.32457051721884,Sample_100_TCGA_BRCA
scPP,Neutral,Neg_ctrl_Sample_74,-0.0995410804533384,21113,4.32457051721884,Sample_100_TCGA_BRCA
scPP,Neutral,Neg_ctrl_Sample_75,0.100898312680229,21113,4.32457051721884,Sample_100_TCGA_BRCA
scPP,Neutral,Neg_ctrl_Sample_76,0.0176830807678145,21113,4.32457051721884,Sample_100_TCGA_BRCA
scPP,Neutral,Neg_ctrl_Sample_77,0.149135244186494,21113,4.32457051721884,Sample_100_TCGA_BRCA
scPP,Neutral,Neg_ctrl_Sample_78,0.00790698475394313,21113,4.32457051721884,Sample_100_TCGA_BRCA
scPP,Neutral,Neg_ctrl_Sample_79,-0.132670821372477,21113,4.32457051721884,Sample_100_TCGA_BRCA
scPP,Neutral,Neg_ctrl_Sample_80,-0.0316689450830998,21113,4.32457051721884,Sample_100_TCGA_BRCA
scPP,Neutral,Neg_ctrl_Sample_81,0.043252001520479,21113,4.32457051721884,Sample_100_TCGA_BRCA
scPP,Neutral,Neg_ctrl_Sample_82,-0.0278779865078845,21113,4.32457051721884,Sample_100_TCGA_BRCA
scPP,Neutral,Neg_ctrl_Sample_83,0.0872381503449511,21113,4.32457051721884,Sample_100_TCGA_BRCA
scPP,Neutral,Neg_ctrl_Sample_84,0.104514362772392,21113,4.32457051721884,Sample_100_TCGA_BRCA
scPP,Neutral,Neg_ctrl_Sample_85,-0.00923561425879212,21113,4.32457051721884,Sample_100_TCGA_BRCA
scPP,Neutral,Neg_ctrl_Sample_86,-0.0603265234481598,21113,4.32457051721884,Sample_100_TCGA_BRCA
scPP,Neutral,Neg_ctrl_Sample_87,-0.116736034664062,21113,4.32457051721884,Sample_100_TCGA_BRCA
scPP,Neutral,Neg_ctrl_Sample_88,0.175753102581641,21113,4.32457051721884,Sample_100_TCGA_BRCA
scPP,Neutral,Neg_ctrl_Sample_89,-0.138942597508649,21113,4.32457051721884,Sample_100_TCGA_BRCA
scPP,Neutral,Neg_ctrl_Sample_90,0.130174283565926,21113,4.32457051721884,Sample_100_TCGA_BRCA
scPP,Neutral,Neg_ctrl_Sample_91,-0.0348389695066905,21113,4.32457051721884,Sample_100_TCGA_BRCA
scPP,Neutral,Neg_ctrl_Sample_92,-0.143637864054912,21113,4.32457051721884,Sample_100_TCGA_BRCA
scPP,Neutral,Neg_ctrl_Sample_93,-0.119032135021392,21113,4.32457051721884,Sample_100_TCGA_BRCA
scPP,Neutral,Neg_ctrl_Sample_94,0.0301874668222626,21113,4.32457051721884,Sample_100_TCGA_BRCA
scPP,Neutral,Neg_ctrl_Sample_95,-0.0988148311655754,21113,4.32457051721884,Sample_100_TCGA_BRCA
scPP,Neutral,Neg_ctrl_Sample_96,-0.0748249260590747,21113,4.32457051721884,Sample_100_TCGA_BRCA
scPP,Neutral,Neg_ctrl_Sample_97,0.0523059994236683,21113,4.32457051721884,Sample_100_TCGA_BRCA
scPP,Neutral,Neg_ctrl_Sample_98,0.0345823958099677,21113,4.32457051721884,Sample_100_TCGA_BRCA
scPP,Neutral,Neg_ctrl_Sample_99,-0.10305789240265,21113,4.32457051721884,Sample_100_TCGA_BRCA
scPP,Neutral,Neg_ctrl_Sample_100,-0.146837335690813,21113,4.32457051721884,Sample_100_TCGA_BRCA
scPP,Positive,Neg_ctrl_Sample_1,-0.0511548532843033,5229,3.71850168886727,Sample_100_TCGA_BRCA
scPP,Positive,Neg_ctrl_Sample_2,-0.00743789224364692,5229,3.71850168886727,Sample_100_TCGA_BRCA
scPP,Positive,Neg_ctrl_Sample_3,-0.0223704738244536,5229,3.71850168886727,Sample_100_TCGA_BRCA
scPP,Positive,Neg_ctrl_Sample_4,-0.206927465479829,5229,3.71850168886727,Sample_100_TCGA_BRCA
scPP,Positive,Neg_ctrl_Sample_5,-0.0679089359443568,5229,3.71850168886727,Sample_100_TCGA_BRCA
scPP,Positive,Neg_ctrl_Sample_6,-0.128357669239136,5229,3.71850168886727,Sample_100_TCGA_BRCA
scPP,Positive,Neg_ctrl_Sample_7,-0.144971279475561,5229,3.71850168886727,Sample_100_TCGA_BRCA
scPP,Positive,Neg_ctrl_Sample_8,-0.00541888785235541,5229,3.71850168886727,Sample_100_TCGA_BRCA
scPP,Positive,Neg_ctrl_Sample_9,0.0301509392927063,5229,3.71850168886727,Sample_100_TCGA_BRCA
scPP,Positive,Neg_ctrl_Sample_10,0.107727502608097,5229,3.71850168886727,Sample_100_TCGA_BRCA
scPP,Positive,Neg_ctrl_Sample_11,0.146138462231158,5229,3.71850168886727,Sample_100_TCGA_BRCA
scPP,Positive,Neg_ctrl_Sample_12,-0.0997781053603999,5229,3.71850168886727,Sample_100_TCGA_BRCA
scPP,Positive,Neg_ctrl_Sample_13,-0.048627802386089,5229,3.71850168886727,Sample_100_TCGA_BRCA
scPP,Positive,Neg_ctrl_Sample_14,0.0539006158300311,5229,3.71850168886727,Sample_100_TCGA_BRCA
scPP,Positive,Neg_ctrl_Sample_15,-0.0598852332326444,5229,3.71850168886727,Sample_100_TCGA_BRCA
scPP,Positive,Neg_ctrl_Sample_16,-0.0141548530590956,5229,3.71850168886727,Sample_100_TCGA_BRCA
scPP,Positive,Neg_ctrl_Sample_17,0.180920299589484,5229,3.71850168886727,Sample_100_TCGA_BRCA
scPP,Positive,Neg_ctrl_Sample_18,0.188311075007465,5229,3.71850168886727,Sample_100_TCGA_BRCA
scPP,Positive,Neg_ctrl_Sample_19,0.230012235888685,5229,3.71850168886727,Sample_100_TCGA_BRCA
scPP,Positive,Neg_ctrl_Sample_20,-0.110661293107487,5229,3.71850168886727,Sample_100_TCGA_BRCA
scPP,Positive,Neg_ctrl_Sample_21,-0.0469283071153355,5229,3.71850168886727,Sample_100_TCGA_BRCA
scPP,Positive,Neg_ctrl_Sample_22,0.218300694056838,5229,3.71850168886727,Sample_100_TCGA_BRCA
scPP,Positive,Neg_ctrl_Sample_23,-0.00109919999486379,5229,3.71850168886727,Sample_100_TCGA_BRCA
scPP,Positive,Neg_ctrl_Sample_24,0.128525503531498,5229,3.71850168886727,Sample_100_TCGA_BRCA
scPP,Positive,Neg_ctrl_Sample_25,0.0793267412314856,5229,3.71850168886727,Sample_100_TCGA_BRCA
scPP,Positive,Neg_ctrl_Sample_26,0.0471826652820371,5229,3.71850168886727,Sample_100_TCGA_BRCA
scPP,Positive,Neg_ctrl_Sample_27,0.0188240777562534,5229,3.71850168886727,Sample_100_TCGA_BRCA
scPP,Positive,Neg_ctrl_Sample_28,0.112555901645694,5229,3.71850168886727,Sample_100_TCGA_BRCA
scPP,Positive,Neg_ctrl_Sample_29,0.120902709305433,5229,3.71850168886727,Sample_100_TCGA_BRCA
scPP,Positive,Neg_ctrl_Sample_30,-0.0537497219525547,5229,3.71850168886727,Sample_100_TCGA_BRCA
scPP,Positive,Neg_ctrl_Sample_31,0.227767556059629,5229,3.71850168886727,Sample_100_TCGA_BRCA
scPP,Positive,Neg_ctrl_Sample_32,0.271626420725414,5229,3.71850168886727,Sample_100_TCGA_BRCA
scPP,Positive,Neg_ctrl_Sample_33,0.014643998752139,5229,3.71850168886727,Sample_100_TCGA_BRCA
scPP,Positive,Neg_ctrl_Sample_34,-0.20579166055874,5229,3.71850168886727,Sample_100_TCGA_BRCA
scPP,Positive,Neg_ctrl_Sample_35,0.080387686065464,5229,3.71850168886727,Sample_100_TCGA_BRCA
scPP,Positive,Neg_ctrl_Sample_36,0.0626638038450491,5229,3.71850168886727,Sample_100_TCGA_BRCA
scPP,Positive,Neg_ctrl_Sample_37,0.0647941721453804,5229,3.71850168886727,Sample_100_TCGA_BRCA
scPP,Positive,Neg_ctrl_Sample_38,0.0588889948430179,5229,3.71850168886727,Sample_100_TCGA_BRCA
scPP,Positive,Neg_ctrl_Sample_39,0.117910027216983,5229,3.71850168886727,Sample_100_TCGA_BRCA
scPP,Positive,Neg_ctrl_Sample_40,0.182819849335827,5229,3.71850168886727,Sample_100_TCGA_BRCA
scPP,Positive,Neg_ctrl_Sample_41,-0.120126397717354,5229,3.71850168886727,Sample_100_TCGA_BRCA
scPP,Positive,Neg_ctrl_Sample_42,-0.143556808580077,5229,3.71850168886727,Sample_100_TCGA_BRCA
scPP,Positive,Neg_ctrl_Sample_43,0.046711223181548,5229,3.71850168886727,Sample_100_TCGA_BRCA
scPP,Positive,Neg_ctrl_Sample_44,0.275155387455406,5229,3.71850168886727,Sample_100_TCGA_BRCA
scPP,Positive,Neg_ctrl_Sample_45,0.0393383343397255,5229,3.71850168886727,Sample_100_TCGA_BRCA
scPP,Positive,Neg_ctrl_Sample_46,0.305160698887447,5229,3.71850168886727,Sample_100_TCGA_BRCA
scPP,Positive,Neg_ctrl_Sample_47,0.0475991864065444,5229,3.71850168886727,Sample_100_TCGA_BRCA
scPP,Positive,Neg_ctrl_Sample_48,0.00808722373463822,5229,3.71850168886727,Sample_100_TCGA_BRCA
scPP,Positive,Neg_ctrl_Sample_49,-0.0856546197375686,5229,3.71850168886727,Sample_100_TCGA_BRCA
scPP,Positive,Neg_ctrl_Sample_50,0.000622450954366967,5229,3.71850168886727,Sample_100_TCGA_BRCA
scPP,Positive,Neg_ctrl_Sample_51,0.124831134214705,5229,3.71850168886727,Sample_100_TCGA_BRCA
scPP,Positive,Neg_ctrl_Sample_52,0.224691891642752,5229,3.71850168886727,Sample_100_TCGA_BRCA
scPP,Positive,Neg_ctrl_Sample_53,0.0917217257061301,5229,3.71850168886727,Sample_100_TCGA_BRCA
scPP,Positive,Neg_ctrl_Sample_54,0.0409087644891955,5229,3.71850168886727,Sample_100_TCGA_BRCA
scPP,Positive,Neg_ctrl_Sample_55,0.00656763047804256,5229,3.71850168886727,Sample_100_TCGA_BRCA
scPP,Positive,Neg_ctrl_Sample_56,0.104269899653073,5229,3.71850168886727,Sample_100_TCGA_BRCA
scPP,Positive,Neg_ctrl_Sample_57,0.132992146734159,5229,3.71850168886727,Sample_100_TCGA_BRCA
scPP,Positive,Neg_ctrl_Sample_58,0.0496740694499167,5229,3.71850168886727,Sample_100_TCGA_BRCA
scPP,Positive,Neg_ctrl_Sample_59,0.117882288307356,5229,3.71850168886727,Sample_100_TCGA_BRCA
scPP,Positive,Neg_ctrl_Sample_60,0.115026408400978,5229,3.71850168886727,Sample_100_TCGA_BRCA
scPP,Positive,Neg_ctrl_Sample_61,-0.0523973756266077,5229,3.71850168886727,Sample_100_TCGA_BRCA
scPP,Positive,Neg_ctrl_Sample_62,-0.0610456600676542,5229,3.71850168886727,Sample_100_TCGA_BRCA
scPP,Positive,Neg_ctrl_Sample_63,0.150517183285384,5229,3.71850168886727,Sample_100_TCGA_BRCA
scPP,Positive,Neg_ctrl_Sample_64,0.0595506048334119,5229,3.71850168886727,Sample_100_TCGA_BRCA
scPP,Positive,Neg_ctrl_Sample_65,-0.104566791833996,5229,3.71850168886727,Sample_100_TCGA_BRCA
scPP,Positive,Neg_ctrl_Sample_66,0.0216932766109955,5229,3.71850168886727,Sample_100_TCGA_BRCA
scPP,Positive,Neg_ctrl_Sample_67,0.331037620883971,5229,3.71850168886727,Sample_100_TCGA_BRCA
scPP,Positive,Neg_ctrl_Sample_68,0.0564480120520422,5229,3.71850168886727,Sample_100_TCGA_BRCA
scPP,Positive,Neg_ctrl_Sample_69,-0.0504170892612302,5229,3.71850168886727,Sample_100_TCGA_BRCA
scPP,Positive,Neg_ctrl_Sample_70,0.0918360292235751,5229,3.71850168886727,Sample_100_TCGA_BRCA
scPP,Positive,Neg_ctrl_Sample_71,-0.118877310428437,5229,3.71850168886727,Sample_100_TCGA_BRCA
scPP,Positive,Neg_ctrl_Sample_72,-0.0982867597999415,5229,3.71850168886727,Sample_100_TCGA_BRCA
scPP,Positive,Neg_ctrl_Sample_73,0.148051769993631,5229,3.71850168886727,Sample_100_TCGA_BRCA
scPP,Positive,Neg_ctrl_Sample_74,-0.0666608358644967,5229,3.71850168886727,Sample_100_TCGA_BRCA
scPP,Positive,Neg_ctrl_Sample_75,0.118980223644934,5229,3.71850168886727,Sample_100_TCGA_BRCA
scPP,Positive,Neg_ctrl_Sample_76,0.0402531571445372,5229,3.71850168886727,Sample_100_TCGA_BRCA
scPP,Positive,Neg_ctrl_Sample_77,0.201566446048236,5229,3.71850168886727,Sample_100_TCGA_BRCA
scPP,Positive,Neg_ctrl_Sample_78,0.0174765872498945,5229,3.71850168886727,Sample_100_TCGA_BRCA
scPP,Positive,Neg_ctrl_Sample_79,-0.103972065995145,5229,3.71850168886727,Sample_100_TCGA_BRCA
scPP,Positive,Neg_ctrl_Sample_80,-0.0356891876680278,5229,3.71850168886727,Sample_100_TCGA_BRCA
scPP,Positive,Neg_ctrl_Sample_81,0.0655399890960354,5229,3.71850168886727,Sample_100_TCGA_BRCA
scPP,Positive,Neg_ctrl_Sample_82,-0.0127208321453076,5229,3.71850168886727,Sample_100_TCGA_BRCA
scPP,Positive,Neg_ctrl_Sample_83,0.100682348284047,5229,3.71850168886727,Sample_100_TCGA_BRCA
scPP,Positive,Neg_ctrl_Sample_84,0.125191288033806,5229,3.71850168886727,Sample_100_TCGA_BRCA
scPP,Positive,Neg_ctrl_Sample_85,0.00208194143135181,5229,3.71850168886727,Sample_100_TCGA_BRCA
scPP,Positive,Neg_ctrl_Sample_86,-0.0676851429226255,5229,3.71850168886727,Sample_100_TCGA_BRCA
scPP,Positive,Neg_ctrl_Sample_87,-0.0670256577011159,5229,3.71850168886727,Sample_100_TCGA_BRCA
scPP,Positive,Neg_ctrl_Sample_88,0.169591979409356,5229,3.71850168886727,Sample_100_TCGA_BRCA
scPP,Positive,Neg_ctrl_Sample_89,-0.104615462043552,5229,3.71850168886727,Sample_100_TCGA_BRCA
scPP,Positive,Neg_ctrl_Sample_90,0.17356358411215,5229,3.71850168886727,Sample_100_TCGA_BRCA
scPP,Positive,Neg_ctrl_Sample_91,-0.0405878292549695,5229,3.71850168886727,Sample_100_TCGA_BRCA
scPP,Positive,Neg_ctrl_Sample_92,-0.117468497537356,5229,3.71850168886727,Sample_100_TCGA_BRCA
scPP,Positive,Neg_ctrl_Sample_93,-0.126826588811242,5229,3.71850168886727,Sample_100_TCGA_BRCA
scPP,Positive,Neg_ctrl_Sample_94,0.0376675506473241,5229,3.71850168886727,Sample_100_TCGA_BRCA
scPP,Positive,Neg_ctrl_Sample_95,-0.0756121389010128,5229,3.71850168886727,Sample_100_TCGA_BRCA
scPP,Positive,Neg_ctrl_Sample_96,-0.0384592518150218,5229,3.71850168886727,Sample_100_TCGA_BRCA
scPP,Positive,Neg_ctrl_Sample_97,0.0611944746679908,5229,3.71850168886727,Sample_100_TCGA_BRCA
scPP,Positive,Neg_ctrl_Sample_98,0.0590493684631565,5229,3.71850168886727,Sample_100_TCGA_BRCA
scPP,Positive,Neg_ctrl_Sample_99,-0.0910367526016616,5229,3.71850168886727,Sample_100_TCGA_BRCA
scPP,Positive,Neg_ctrl_Sample_100,-0.154048741842749,5229,3.71850168886727,Sample_100_TCGA_BRCA
DEGAS,Other,Neg_ctrl_Sample_1,-0.0525670432903149,31872,4.50342294273723,Sample_100_TCGA_BRCA
DEGAS,Other,Neg_ctrl_Sample_2,-0.0499727008029834,31872,4.50342294273723,Sample_100_TCGA_BRCA
DEGAS,Other,Neg_ctrl_Sample_3,-0.0246469294841351,31872,4.50342294273723,Sample_100_TCGA_BRCA
DEGAS,Other,Neg_ctrl_Sample_4,-0.225906117782483,31872,4.50342294273723,Sample_100_TCGA_BRCA
DEGAS,Other,Neg_ctrl_Sample_5,-0.0898363253608469,31872,4.50342294273723,Sample_100_TCGA_BRCA
DEGAS,Other,Neg_ctrl_Sample_6,-0.142577265074146,31872,4.50342294273723,Sample_100_TCGA_BRCA
DEGAS,Other,Neg_ctrl_Sample_7,-0.166259099352206,31872,4.50342294273723,Sample_100_TCGA_BRCA
DEGAS,Other,Neg_ctrl_Sample_8,-0.00612778520722547,31872,4.50342294273723,Sample_100_TCGA_BRCA
DEGAS,Other,Neg_ctrl_Sample_9,-0.00792163134986463,31872,4.50342294273723,Sample_100_TCGA_BRCA
DEGAS,Other,Neg_ctrl_Sample_10,0.0959409085702265,31872,4.50342294273723,Sample_100_TCGA_BRCA
DEGAS,Other,Neg_ctrl_Sample_11,0.148710969893064,31872,4.50342294273723,Sample_100_TCGA_BRCA
DEGAS,Other,Neg_ctrl_Sample_12,-0.126926017170647,31872,4.50342294273723,Sample_100_TCGA_BRCA
DEGAS,Other,Neg_ctrl_Sample_13,-0.0636571666286941,31872,4.50342294273723,Sample_100_TCGA_BRCA
DEGAS,Other,Neg_ctrl_Sample_14,0.0316802174246924,31872,4.50342294273723,Sample_100_TCGA_BRCA
DEGAS,Other,Neg_ctrl_Sample_15,-0.0736511449214468,31872,4.50342294273723,Sample_100_TCGA_BRCA
DEGAS,Other,Neg_ctrl_Sample_16,-0.0231720058667156,31872,4.50342294273723,Sample_100_TCGA_BRCA
DEGAS,Other,Neg_ctrl_Sample_17,0.167444841968407,31872,4.50342294273723,Sample_100_TCGA_BRCA
DEGAS,Other,Neg_ctrl_Sample_18,0.199237256483364,31872,4.50342294273723,Sample_100_TCGA_BRCA
DEGAS,Other,Neg_ctrl_Sample_19,0.232234528137777,31872,4.50342294273723,Sample_100_TCGA_BRCA
DEGAS,Other,Neg_ctrl_Sample_20,-0.129393703272553,31872,4.50342294273723,Sample_100_TCGA_BRCA
DEGAS,Other,Neg_ctrl_Sample_21,-0.0275738113607319,31872,4.50342294273723,Sample_100_TCGA_BRCA
DEGAS,Other,Neg_ctrl_Sample_22,0.205178776934209,31872,4.50342294273723,Sample_100_TCGA_BRCA
DEGAS,Other,Neg_ctrl_Sample_23,-0.0367955912886241,31872,4.50342294273723,Sample_100_TCGA_BRCA
DEGAS,Other,Neg_ctrl_Sample_24,0.134502279637643,31872,4.50342294273723,Sample_100_TCGA_BRCA
DEGAS,Other,Neg_ctrl_Sample_25,0.0552309916011445,31872,4.50342294273723,Sample_100_TCGA_BRCA
DEGAS,Other,Neg_ctrl_Sample_26,0.031844515317174,31872,4.50342294273723,Sample_100_TCGA_BRCA
DEGAS,Other,Neg_ctrl_Sample_27,0.00265988423604344,31872,4.50342294273723,Sample_100_TCGA_BRCA
DEGAS,Other,Neg_ctrl_Sample_28,0.0935850335816776,31872,4.50342294273723,Sample_100_TCGA_BRCA
DEGAS,Other,Neg_ctrl_Sample_29,0.120713721061531,31872,4.50342294273723,Sample_100_TCGA_BRCA
DEGAS,Other,Neg_ctrl_Sample_30,-0.0527197248384005,31872,4.50342294273723,Sample_100_TCGA_BRCA
DEGAS,Other,Neg_ctrl_Sample_31,0.200426651934896,31872,4.50342294273723,Sample_100_TCGA_BRCA
DEGAS,Other,Neg_ctrl_Sample_32,0.235374546776509,31872,4.50342294273723,Sample_100_TCGA_BRCA
DEGAS,Other,Neg_ctrl_Sample_33,0.0170942575157756,31872,4.50342294273723,Sample_100_TCGA_BRCA
DEGAS,Other,Neg_ctrl_Sample_34,-0.231615280963255,31872,4.50342294273723,Sample_100_TCGA_BRCA
DEGAS,Other,Neg_ctrl_Sample_35,0.0388894988577645,31872,4.50342294273723,Sample_100_TCGA_BRCA
DEGAS,Other,Neg_ctrl_Sample_36,0.0633528344971417,31872,4.50342294273723,Sample_100_TCGA_BRCA
DEGAS,Other,Neg_ctrl_Sample_37,0.078436878057038,31872,4.50342294273723,Sample_100_TCGA_BRCA
DEGAS,Other,Neg_ctrl_Sample_38,0.0711633326773551,31872,4.50342294273723,Sample_100_TCGA_BRCA
DEGAS,Other,Neg_ctrl_Sample_39,0.111356249681836,31872,4.50342294273723,Sample_100_TCGA_BRCA
DEGAS,Other,Neg_ctrl_Sample_40,0.169403142667567,31872,4.50342294273723,Sample_100_TCGA_BRCA
DEGAS,Other,Neg_ctrl_Sample_41,-0.137170520412497,31872,4.50342294273723,Sample_100_TCGA_BRCA
DEGAS,Other,Neg_ctrl_Sample_42,-0.146442518215917,31872,4.50342294273723,Sample_100_TCGA_BRCA
DEGAS,Other,Neg_ctrl_Sample_43,0.0409847918329017,31872,4.50342294273723,Sample_100_TCGA_BRCA
DEGAS,Other,Neg_ctrl_Sample_44,0.272161868211387,31872,4.50342294273723,Sample_100_TCGA_BRCA
DEGAS,Other,Neg_ctrl_Sample_45,0.0179290705905389,31872,4.50342294273723,Sample_100_TCGA_BRCA
DEGAS,Other,Neg_ctrl_Sample_46,0.309980196308648,31872,4.50342294273723,Sample_100_TCGA_BRCA
DEGAS,Other,Neg_ctrl_Sample_47,0.0522912827321702,31872,4.50342294273723,Sample_100_TCGA_BRCA
DEGAS,Other,Neg_ctrl_Sample_48,0.0174750995159565,31872,4.50342294273723,Sample_100_TCGA_BRCA
DEGAS,Other,Neg_ctrl_Sample_49,-0.112491420913489,31872,4.50342294273723,Sample_100_TCGA_BRCA
DEGAS,Other,Neg_ctrl_Sample_50,-0.0109163105901449,31872,4.50342294273723,Sample_100_TCGA_BRCA
DEGAS,Other,Neg_ctrl_Sample_51,0.114406769269188,31872,4.50342294273723,Sample_100_TCGA_BRCA
DEGAS,Other,Neg_ctrl_Sample_52,0.205407679527504,31872,4.50342294273723,Sample_100_TCGA_BRCA
DEGAS,Other,Neg_ctrl_Sample_53,0.0902502727574105,31872,4.50342294273723,Sample_100_TCGA_BRCA
DEGAS,Other,Neg_ctrl_Sample_54,0.0164115348093749,31872,4.50342294273723,Sample_100_TCGA_BRCA
DEGAS,Other,Neg_ctrl_Sample_55,-0.0217062168379666,31872,4.50342294273723,Sample_100_TCGA_BRCA
DEGAS,Other,Neg_ctrl_Sample_56,0.0860922158363894,31872,4.50342294273723,Sample_100_TCGA_BRCA
DEGAS,Other,Neg_ctrl_Sample_57,0.0916608531990263,31872,4.50342294273723,Sample_100_TCGA_BRCA
DEGAS,Other,Neg_ctrl_Sample_58,0.0259388608816142,31872,4.50342294273723,Sample_100_TCGA_BRCA
DEGAS,Other,Neg_ctrl_Sample_59,0.0957318666411974,31872,4.50342294273723,Sample_100_TCGA_BRCA
DEGAS,Other,Neg_ctrl_Sample_60,0.0734384227740097,31872,4.50342294273723,Sample_100_TCGA_BRCA
DEGAS,Other,Neg_ctrl_Sample_61,-0.0660703625052592,31872,4.50342294273723,Sample_100_TCGA_BRCA
DEGAS,Other,Neg_ctrl_Sample_62,-0.0757563446118053,31872,4.50342294273723,Sample_100_TCGA_BRCA
DEGAS,Other,Neg_ctrl_Sample_63,0.145082677027069,31872,4.50342294273723,Sample_100_TCGA_BRCA
DEGAS,Other,Neg_ctrl_Sample_64,0.0281669452280576,31872,4.50342294273723,Sample_100_TCGA_BRCA
DEGAS,Other,Neg_ctrl_Sample_65,-0.116358585718318,31872,4.50342294273723,Sample_100_TCGA_BRCA
DEGAS,Other,Neg_ctrl_Sample_66,0.015057879175096,31872,4.50342294273723,Sample_100_TCGA_BRCA
DEGAS,Other,Neg_ctrl_Sample_67,0.335751735510019,31872,4.50342294273723,Sample_100_TCGA_BRCA
DEGAS,Other,Neg_ctrl_Sample_68,0.0185494069623518,31872,4.50342294273723,Sample_100_TCGA_BRCA
DEGAS,Other,Neg_ctrl_Sample_69,-0.0794195446818255,31872,4.50342294273723,Sample_100_TCGA_BRCA
DEGAS,Other,Neg_ctrl_Sample_70,0.0746366229969828,31872,4.50342294273723,Sample_100_TCGA_BRCA
DEGAS,Other,Neg_ctrl_Sample_71,-0.120951603655225,31872,4.50342294273723,Sample_100_TCGA_BRCA
DEGAS,Other,Neg_ctrl_Sample_72,-0.111425429757559,31872,4.50342294273723,Sample_100_TCGA_BRCA
DEGAS,Other,Neg_ctrl_Sample_73,0.14603449159002,31872,4.50342294273723,Sample_100_TCGA_BRCA
DEGAS,Other,Neg_ctrl_Sample_74,-0.0970981299470095,31872,4.50342294273723,Sample_100_TCGA_BRCA
DEGAS,Other,Neg_ctrl_Sample_75,0.10243619385867,31872,4.50342294273723,Sample_100_TCGA_BRCA
DEGAS,Other,Neg_ctrl_Sample_76,0.0177704064763222,31872,4.50342294273723,Sample_100_TCGA_BRCA
DEGAS,Other,Neg_ctrl_Sample_77,0.156227108766832,31872,4.50342294273723,Sample_100_TCGA_BRCA
DEGAS,Other,Neg_ctrl_Sample_78,0.00941025872140541,31872,4.50342294273723,Sample_100_TCGA_BRCA
DEGAS,Other,Neg_ctrl_Sample_79,-0.130918791829025,31872,4.50342294273723,Sample_100_TCGA_BRCA
DEGAS,Other,Neg_ctrl_Sample_80,-0.0300497017986649,31872,4.50342294273723,Sample_100_TCGA_BRCA
DEGAS,Other,Neg_ctrl_Sample_81,0.0461095790669725,31872,4.50342294273723,Sample_100_TCGA_BRCA
DEGAS,Other,Neg_ctrl_Sample_82,-0.0287586416834265,31872,4.50342294273723,Sample_100_TCGA_BRCA
DEGAS,Other,Neg_ctrl_Sample_83,0.0877019309298198,31872,4.50342294273723,Sample_100_TCGA_BRCA
DEGAS,Other,Neg_ctrl_Sample_84,0.106235275662361,31872,4.50342294273723,Sample_100_TCGA_BRCA
DEGAS,Other,Neg_ctrl_Sample_85,-0.00940995676991251,31872,4.50342294273723,Sample_100_TCGA_BRCA
DEGAS,Other,Neg_ctrl_Sample_86,-0.0628406328358108,31872,4.50342294273723,Sample_100_TCGA_BRCA
DEGAS,Other,Neg_ctrl_Sample_87,-0.111910670944213,31872,4.50342294273723,Sample_100_TCGA_BRCA
DEGAS,Other,Neg_ctrl_Sample_88,0.174508966516776,31872,4.50342294273723,Sample_100_TCGA_BRCA
DEGAS,Other,Neg_ctrl_Sample_89,-0.137797174743988,31872,4.50342294273723,Sample_100_TCGA_BRCA
DEGAS,Other,Neg_ctrl_Sample_90,0.133554513562116,31872,4.50342294273723,Sample_100_TCGA_BRCA
DEGAS,Other,Neg_ctrl_Sample_91,-0.0360699006182534,31872,4.50342294273723,Sample_100_TCGA_BRCA
DEGAS,Other,Neg_ctrl_Sample_92,-0.143521034029008,31872,4.50342294273723,Sample_100_TCGA_BRCA
DEGAS,Other,Neg_ctrl_Sample_93,-0.120091730904912,31872,4.50342294273723,Sample_100_TCGA_BRCA
DEGAS,Other,Neg_ctrl_Sample_94,0.0316195943476159,31872,4.50342294273723,Sample_100_TCGA_BRCA
DEGAS,Other,Neg_ctrl_Sample_95,-0.0953915695481724,31872,4.50342294273723,Sample_100_TCGA_BRCA
DEGAS,Other,Neg_ctrl_Sample_96,-0.072527053843414,31872,4.50342294273723,Sample_100_TCGA_BRCA
DEGAS,Other,Neg_ctrl_Sample_97,0.0534698005826172,31872,4.50342294273723,Sample_100_TCGA_BRCA
DEGAS,Other,Neg_ctrl_Sample_98,0.0360951190636559,31872,4.50342294273723,Sample_100_TCGA_BRCA
DEGAS,Other,Neg_ctrl_Sample_99,-0.101943655288579,31872,4.50342294273723,Sample_100_TCGA_BRCA
DEGAS,Other,Neg_ctrl_Sample_100,-0.149938938138934,31872,4.50342294273723,Sample_100_TCGA_BRCA
LP_SGL,Negative,Neg_ctrl_Sample_1,-0.0651068747039689,2369,3.3747483460101,Sample_100_TCGA_BRCA
LP_SGL,Negative,Neg_ctrl_Sample_2,-0.0572261394160701,2369,3.3747483460101,Sample_100_TCGA_BRCA
LP_SGL,Negative,Neg_ctrl_Sample_3,-0.0394919665872632,2369,3.3747483460101,Sample_100_TCGA_BRCA
LP_SGL,Negative,Neg_ctrl_Sample_4,-0.252861758073002,2369,3.3747483460101,Sample_100_TCGA_BRCA
LP_SGL,Negative,Neg_ctrl_Sample_5,-0.107594635175503,2369,3.3747483460101,Sample_100_TCGA_BRCA
LP_SGL,Negative,Neg_ctrl_Sample_6,-0.145332771937228,2369,3.3747483460101,Sample_100_TCGA_BRCA
LP_SGL,Negative,Neg_ctrl_Sample_7,-0.17511511339892,2369,3.3747483460101,Sample_100_TCGA_BRCA
LP_SGL,Negative,Neg_ctrl_Sample_8,-0.00755119897664128,2369,3.3747483460101,Sample_100_TCGA_BRCA
LP_SGL,Negative,Neg_ctrl_Sample_9,-0.0351160619451982,2369,3.3747483460101,Sample_100_TCGA_BRCA
LP_SGL,Negative,Neg_ctrl_Sample_10,0.088450803766722,2369,3.3747483460101,Sample_100_TCGA_BRCA
LP_SGL,Negative,Neg_ctrl_Sample_11,0.143778915927655,2369,3.3747483460101,Sample_100_TCGA_BRCA
LP_SGL,Negative,Neg_ctrl_Sample_12,-0.160505816206919,2369,3.3747483460101,Sample_100_TCGA_BRCA
LP_SGL,Negative,Neg_ctrl_Sample_13,-0.0766140246440652,2369,3.3747483460101,Sample_100_TCGA_BRCA
LP_SGL,Negative,Neg_ctrl_Sample_14,0.0125609840494623,2369,3.3747483460101,Sample_100_TCGA_BRCA
LP_SGL,Negative,Neg_ctrl_Sample_15,-0.0842686579893136,2369,3.3747483460101,Sample_100_TCGA_BRCA
LP_SGL,Negative,Neg_ctrl_Sample_16,-0.0228778090492079,2369,3.3747483460101,Sample_100_TCGA_BRCA
LP_SGL,Negative,Neg_ctrl_Sample_17,0.149095053597918,2369,3.3747483460101,Sample_100_TCGA_BRCA
LP_SGL,Negative,Neg_ctrl_Sample_18,0.21705990264303,2369,3.3747483460101,Sample_100_TCGA_BRCA
LP_SGL,Negative,Neg_ctrl_Sample_19,0.241913188221591,2369,3.3747483460101,Sample_100_TCGA_BRCA
LP_SGL,Negative,Neg_ctrl_Sample_20,-0.153580366451766,2369,3.3747483460101,Sample_100_TCGA_BRCA
LP_SGL,Negative,Neg_ctrl_Sample_21,-0.00773801624939495,2369,3.3747483460101,Sample_100_TCGA_BRCA
LP_SGL,Negative,Neg_ctrl_Sample_22,0.199032002638963,2369,3.3747483460101,Sample_100_TCGA_BRCA
LP_SGL,Negative,Neg_ctrl_Sample_23,-0.0684873855064552,2369,3.3747483460101,Sample_100_TCGA_BRCA
LP_SGL,Negative,Neg_ctrl_Sample_24,0.131715931430562,2369,3.3747483460101,Sample_100_TCGA_BRCA
LP_SGL,Negative,Neg_ctrl_Sample_25,0.0266221101409198,2369,3.3747483460101,Sample_100_TCGA_BRCA
LP_SGL,Negative,Neg_ctrl_Sample_26,0.025299262587946,2369,3.3747483460101,Sample_100_TCGA_BRCA
LP_SGL,Negative,Neg_ctrl_Sample_27,0.00740503240420819,2369,3.3747483460101,Sample_100_TCGA_BRCA
LP_SGL,Negative,Neg_ctrl_Sample_28,0.0825082440542957,2369,3.3747483460101,Sample_100_TCGA_BRCA
LP_SGL,Negative,Neg_ctrl_Sample_29,0.119980121288798,2369,3.3747483460101,Sample_100_TCGA_BRCA
LP_SGL,Negative,Neg_ctrl_Sample_30,-0.062577140847504,2369,3.3747483460101,Sample_100_TCGA_BRCA
LP_SGL,Negative,Neg_ctrl_Sample_31,0.193004358329572,2369,3.3747483460101,Sample_100_TCGA_BRCA
LP_SGL,Negative,Neg_ctrl_Sample_32,0.208756975940243,2369,3.3747483460101,Sample_100_TCGA_BRCA
LP_SGL,Negative,Neg_ctrl_Sample_33,0.0128234849186282,2369,3.3747483460101,Sample_100_TCGA_BRCA
LP_SGL,Negative,Neg_ctrl_Sample_34,-0.25869964675796,2369,3.3747483460101,Sample_100_TCGA_BRCA
LP_SGL,Negative,Neg_ctrl_Sample_35,0.0169277576169945,2369,3.3747483460101,Sample_100_TCGA_BRCA
LP_SGL,Negative,Neg_ctrl_Sample_36,0.0576481181255547,2369,3.3747483460101,Sample_100_TCGA_BRCA
LP_SGL,Negative,Neg_ctrl_Sample_37,0.0900988042542822,2369,3.3747483460101,Sample_100_TCGA_BRCA
LP_SGL,Negative,Neg_ctrl_Sample_38,0.075704126178338,2369,3.3747483460101,Sample_100_TCGA_BRCA
LP_SGL,Negative,Neg_ctrl_Sample_39,0.102254219646702,2369,3.3747483460101,Sample_100_TCGA_BRCA
LP_SGL,Negative,Neg_ctrl_Sample_40,0.157908463956511,2369,3.3747483460101,Sample_100_TCGA_BRCA
LP_SGL,Negative,Neg_ctrl_Sample_41,-0.164962413855126,2369,3.3747483460101,Sample_100_TCGA_BRCA
LP_SGL,Negative,Neg_ctrl_Sample_42,-0.157396603654387,2369,3.3747483460101,Sample_100_TCGA_BRCA
LP_SGL,Negative,Neg_ctrl_Sample_43,0.0385643672405554,2369,3.3747483460101,Sample_100_TCGA_BRCA
LP_SGL,Negative,Neg_ctrl_Sample_44,0.272909914201063,2369,3.3747483460101,Sample_100_TCGA_BRCA
LP_SGL,Negative,Neg_ctrl_Sample_45,0.000951266891359545,2369,3.3747483460101,Sample_100_TCGA_BRCA
LP_SGL,Negative,Neg_ctrl_Sample_46,0.314710157280389,2369,3.3747483460101,Sample_100_TCGA_BRCA
LP_SGL,Negative,Neg_ctrl_Sample_47,0.0613685169192509,2369,3.3747483460101,Sample_100_TCGA_BRCA
LP_SGL,Negative,Neg_ctrl_Sample_48,-0.00694769113773531,2369,3.3747483460101,Sample_100_TCGA_BRCA
LP_SGL,Negative,Neg_ctrl_Sample_49,-0.138487050227777,2369,3.3747483460101,Sample_100_TCGA_BRCA
LP_SGL,Negative,Neg_ctrl_Sample_50,-0.0235393070513345,2369,3.3747483460101,Sample_100_TCGA_BRCA
LP_SGL,Negative,Neg_ctrl_Sample_51,0.11099796804032,2369,3.3747483460101,Sample_100_TCGA_BRCA
LP_SGL,Negative,Neg_ctrl_Sample_52,0.185019130474704,2369,3.3747483460101,Sample_100_TCGA_BRCA
LP_SGL,Negative,Neg_ctrl_Sample_53,0.082580600868083,2369,3.3747483460101,Sample_100_TCGA_BRCA
LP_SGL,Negative,Neg_ctrl_Sample_54,0.00366829391827835,2369,3.3747483460101,Sample_100_TCGA_BRCA
LP_SGL,Negative,Neg_ctrl_Sample_55,-0.0436565608440655,2369,3.3747483460101,Sample_100_TCGA_BRCA
LP_SGL,Negative,Neg_ctrl_Sample_56,0.0757813245346263,2369,3.3747483460101,Sample_100_TCGA_BRCA
LP_SGL,Negative,Neg_ctrl_Sample_57,0.0809582999001932,2369,3.3747483460101,Sample_100_TCGA_BRCA
LP_SGL,Negative,Neg_ctrl_Sample_58,0.00896332227322163,2369,3.3747483460101,Sample_100_TCGA_BRCA
LP_SGL,Negative,Neg_ctrl_Sample_59,0.0863663621761171,2369,3.3747483460101,Sample_100_TCGA_BRCA
LP_SGL,Negative,Neg_ctrl_Sample_60,0.0579429145233308,2369,3.3747483460101,Sample_100_TCGA_BRCA
LP_SGL,Negative,Neg_ctrl_Sample_61,-0.0727590911971493,2369,3.3747483460101,Sample_100_TCGA_BRCA
LP_SGL,Negative,Neg_ctrl_Sample_62,-0.0813618669021702,2369,3.3747483460101,Sample_100_TCGA_BRCA
LP_SGL,Negative,Neg_ctrl_Sample_63,0.140331638680728,2369,3.3747483460101,Sample_100_TCGA_BRCA
LP_SGL,Negative,Neg_ctrl_Sample_64,-0.000869242839897331,2369,3.3747483460101,Sample_100_TCGA_BRCA
LP_SGL,Negative,Neg_ctrl_Sample_65,-0.134215317321688,2369,3.3747483460101,Sample_100_TCGA_BRCA
LP_SGL,Negative,Neg_ctrl_Sample_66,0.0133787996075815,2369,3.3747483460101,Sample_100_TCGA_BRCA
LP_SGL,Negative,Neg_ctrl_Sample_67,0.34048612211732,2369,3.3747483460101,Sample_100_TCGA_BRCA
LP_SGL,Negative,Neg_ctrl_Sample_68,-0.00322572917512906,2369,3.3747483460101,Sample_100_TCGA_BRCA
LP_SGL,Negative,Neg_ctrl_Sample_69,-0.102018100312266,2369,3.3747483460101,Sample_100_TCGA_BRCA
LP_SGL,Negative,Neg_ctrl_Sample_70,0.0587956979270803,2369,3.3747483460101,Sample_100_TCGA_BRCA
LP_SGL,Negative,Neg_ctrl_Sample_71,-0.126763269049319,2369,3.3747483460101,Sample_100_TCGA_BRCA
LP_SGL,Negative,Neg_ctrl_Sample_72,-0.124763286674729,2369,3.3747483460101,Sample_100_TCGA_BRCA
LP_SGL,Negative,Neg_ctrl_Sample_73,0.149754402900759,2369,3.3747483460101,Sample_100_TCGA_BRCA
LP_SGL,Negative,Neg_ctrl_Sample_74,-0.113877063715994,2369,3.3747483460101,Sample_100_TCGA_BRCA
LP_SGL,Negative,Neg_ctrl_Sample_75,0.0935195570667365,2369,3.3747483460101,Sample_100_TCGA_BRCA
LP_SGL,Negative,Neg_ctrl_Sample_76,-0.00138197419628777,2369,3.3747483460101,Sample_100_TCGA_BRCA
LP_SGL,Negative,Neg_ctrl_Sample_77,0.141177428110837,2369,3.3747483460101,Sample_100_TCGA_BRCA
LP_SGL,Negative,Neg_ctrl_Sample_78,0.00369659815467346,2369,3.3747483460101,Sample_100_TCGA_BRCA
LP_SGL,Negative,Neg_ctrl_Sample_79,-0.151072780817967,2369,3.3747483460101,Sample_100_TCGA_BRCA
LP_SGL,Negative,Neg_ctrl_Sample_80,-0.0207313793489764,2369,3.3747483460101,Sample_100_TCGA_BRCA
LP_SGL,Negative,Neg_ctrl_Sample_81,0.0349934800813189,2369,3.3747483460101,Sample_100_TCGA_BRCA
LP_SGL,Negative,Neg_ctrl_Sample_82,-0.0476355713239759,2369,3.3747483460101,Sample_100_TCGA_BRCA
LP_SGL,Negative,Neg_ctrl_Sample_83,0.0752142079169553,2369,3.3747483460101,Sample_100_TCGA_BRCA
LP_SGL,Negative,Neg_ctrl_Sample_84,0.0899709739144786,2369,3.3747483460101,Sample_100_TCGA_BRCA
LP_SGL,Negative,Neg_ctrl_Sample_85,-0.0234256042200112,2369,3.3747483460101,Sample_100_TCGA_BRCA
LP_SGL,Negative,Neg_ctrl_Sample_86,-0.0643178549065429,2369,3.3747483460101,Sample_100_TCGA_BRCA
LP_SGL,Negative,Neg_ctrl_Sample_87,-0.134534927318484,2369,3.3747483460101,Sample_100_TCGA_BRCA
LP_SGL,Negative,Neg_ctrl_Sample_88,0.170840483885173,2369,3.3747483460101,Sample_100_TCGA_BRCA
LP_SGL,Negative,Neg_ctrl_Sample_89,-0.163824054210333,2369,3.3747483460101,Sample_100_TCGA_BRCA
LP_SGL,Negative,Neg_ctrl_Sample_90,0.107327126034964,2369,3.3747483460101,Sample_100_TCGA_BRCA
LP_SGL,Negative,Neg_ctrl_Sample_91,-0.0285010116696232,2369,3.3747483460101,Sample_100_TCGA_BRCA
LP_SGL,Negative,Neg_ctrl_Sample_92,-0.16287578170802,2369,3.3747483460101,Sample_100_TCGA_BRCA
LP_SGL,Negative,Neg_ctrl_Sample_93,-0.115405816005771,2369,3.3747483460101,Sample_100_TCGA_BRCA
LP_SGL,Negative,Neg_ctrl_Sample_94,0.0300185212256205,2369,3.3747483460101,Sample_100_TCGA_BRCA
LP_SGL,Negative,Neg_ctrl_Sample_95,-0.104793386974044,2369,3.3747483460101,Sample_100_TCGA_BRCA
LP_SGL,Negative,Neg_ctrl_Sample_96,-0.0729505341873386,2369,3.3747483460101,Sample_100_TCGA_BRCA
LP_SGL,Negative,Neg_ctrl_Sample_97,0.0491872334927793,2369,3.3747483460101,Sample_100_TCGA_BRCA
LP_SGL,Negative,Neg_ctrl_Sample_98,0.017868906614945,2369,3.3747483460101,Sample_100_TCGA_BRCA
LP_SGL,Negative,Neg_ctrl_Sample_99,-0.110483147659547,2369,3.3747483460101,Sample_100_TCGA_BRCA
LP_SGL,Negative,Neg_ctrl_Sample_100,-0.162024282995769,2369,3.3747483460101,Sample_100_TCGA_BRCA
LP_SGL,Neutral,Neg_ctrl_Sample_1,-0.0511609637494617,27049,4.43216726944259,Sample_100_TCGA_BRCA
LP_SGL,Neutral,Neg_ctrl_Sample_2,-0.0524328181102614,27049,4.43216726944259,Sample_100_TCGA_BRCA
LP_SGL,Neutral,Neg_ctrl_Sample_3,-0.0217359058793322,27049,4.43216726944259,Sample_100_TCGA_BRCA
LP_SGL,Neutral,Neg_ctrl_Sample_4,-0.223509918621898,27049,4.43216726944259,Sample_100_TCGA_BRCA
LP_SGL,Neutral,Neg_ctrl_Sample_5,-0.0886927431778832,27049,4.43216726944259,Sample_100_TCGA_BRCA
LP_SGL,Neutral,Neg_ctrl_Sample_6,-0.14233233150843,27049,4.43216726944259,Sample_100_TCGA_BRCA
LP_SGL,Neutral,Neg_ctrl_Sample_7,-0.166886563764594,27049,4.43216726944259,Sample_100_TCGA_BRCA
LP_SGL,Neutral,Neg_ctrl_Sample_8,-0.00630982577675938,27049,4.43216726944259,Sample_100_TCGA_BRCA
LP_SGL,Neutral,Neg_ctrl_Sample_9,-0.00719137644746025,27049,4.43216726944259,Sample_100_TCGA_BRCA
LP_SGL,Neutral,Neg_ctrl_Sample_10,0.0961984736070544,27049,4.43216726944259,Sample_100_TCGA_BRCA
LP_SGL,Neutral,Neg_ctrl_Sample_11,0.149702646454111,27049,4.43216726944259,Sample_100_TCGA_BRCA
LP_SGL,Neutral,Neg_ctrl_Sample_12,-0.124386277759862,27049,4.43216726944259,Sample_100_TCGA_BRCA
LP_SGL,Neutral,Neg_ctrl_Sample_13,-0.0627308082923634,27049,4.43216726944259,Sample_100_TCGA_BRCA
LP_SGL,Neutral,Neg_ctrl_Sample_14,0.0331731609004752,27049,4.43216726944259,Sample_100_TCGA_BRCA
LP_SGL,Neutral,Neg_ctrl_Sample_15,-0.0740934457351735,27049,4.43216726944259,Sample_100_TCGA_BRCA
LP_SGL,Neutral,Neg_ctrl_Sample_16,-0.0226494138022937,27049,4.43216726944259,Sample_100_TCGA_BRCA
LP_SGL,Neutral,Neg_ctrl_Sample_17,0.168924683747111,27049,4.43216726944259,Sample_100_TCGA_BRCA
LP_SGL,Neutral,Neg_ctrl_Sample_18,0.197043977586817,27049,4.43216726944259,Sample_100_TCGA_BRCA
LP_SGL,Neutral,Neg_ctrl_Sample_19,0.22997711800511,27049,4.43216726944259,Sample_100_TCGA_BRCA
LP_SGL,Neutral,Neg_ctrl_Sample_20,-0.127151914086291,27049,4.43216726944259,Sample_100_TCGA_BRCA
LP_SGL,Neutral,Neg_ctrl_Sample_21,-0.0295267936501893,27049,4.43216726944259,Sample_100_TCGA_BRCA
LP_SGL,Neutral,Neg_ctrl_Sample_22,0.205069607178473,27049,4.43216726944259,Sample_100_TCGA_BRCA
LP_SGL,Neutral,Neg_ctrl_Sample_23,-0.03453913931306,27049,4.43216726944259,Sample_100_TCGA_BRCA
LP_SGL,Neutral,Neg_ctrl_Sample_24,0.136180789936863,27049,4.43216726944259,Sample_100_TCGA_BRCA
LP_SGL,Neutral,Neg_ctrl_Sample_25,0.0586105653918799,27049,4.43216726944259,Sample_100_TCGA_BRCA
LP_SGL,Neutral,Neg_ctrl_Sample_26,0.0317733713535749,27049,4.43216726944259,Sample_100_TCGA_BRCA
LP_SGL,Neutral,Neg_ctrl_Sample_27,0.00189816794157976,27049,4.43216726944259,Sample_100_TCGA_BRCA
LP_SGL,Neutral,Neg_ctrl_Sample_28,0.0934416644147976,27049,4.43216726944259,Sample_100_TCGA_BRCA
LP_SGL,Neutral,Neg_ctrl_Sample_29,0.121469003881247,27049,4.43216726944259,Sample_100_TCGA_BRCA
LP_SGL,Neutral,Neg_ctrl_Sample_30,-0.0506083905234065,27049,4.43216726944259,Sample_100_TCGA_BRCA
LP_SGL,Neutral,Neg_ctrl_Sample_31,0.199200276099373,27049,4.43216726944259,Sample_100_TCGA_BRCA
LP_SGL,Neutral,Neg_ctrl_Sample_32,0.236325321056742,27049,4.43216726944259,Sample_100_TCGA_BRCA
LP_SGL,Neutral,Neg_ctrl_Sample_33,0.0172777323574027,27049,4.43216726944259,Sample_100_TCGA_BRCA
LP_SGL,Neutral,Neg_ctrl_Sample_34,-0.229865461813966,27049,4.43216726944259,Sample_100_TCGA_BRCA
LP_SGL,Neutral,Neg_ctrl_Sample_35,0.038215983041182,27049,4.43216726944259,Sample_100_TCGA_BRCA
LP_SGL,Neutral,Neg_ctrl_Sample_36,0.0647589964051366,27049,4.43216726944259,Sample_100_TCGA_BRCA
LP_SGL,Neutral,Neg_ctrl_Sample_37,0.0781994133461812,27049,4.43216726944259,Sample_100_TCGA_BRCA
LP_SGL,Neutral,Neg_ctrl_Sample_38,0.0712904248389836,27049,4.43216726944259,Sample_100_TCGA_BRCA
LP_SGL,Neutral,Neg_ctrl_Sample_39,0.110807679224514,27049,4.43216726944259,Sample_100_TCGA_BRCA
LP_SGL,Neutral,Neg_ctrl_Sample_40,0.170446964788647,27049,4.43216726944259,Sample_100_TCGA_BRCA
LP_SGL,Neutral,Neg_ctrl_Sample_41,-0.135021617552713,27049,4.43216726944259,Sample_100_TCGA_BRCA
LP_SGL,Neutral,Neg_ctrl_Sample_42,-0.144504994183494,27049,4.43216726944259,Sample_100_TCGA_BRCA
LP_SGL,Neutral,Neg_ctrl_Sample_43,0.040601359449105,27049,4.43216726944259,Sample_100_TCGA_BRCA
LP_SGL,Neutral,Neg_ctrl_Sample_44,0.272264412538059,27049,4.43216726944259,Sample_100_TCGA_BRCA
LP_SGL,Neutral,Neg_ctrl_Sample_45,0.0182667095641613,27049,4.43216726944259,Sample_100_TCGA_BRCA
LP_SGL,Neutral,Neg_ctrl_Sample_46,0.309801064272235,27049,4.43216726944259,Sample_100_TCGA_BRCA
LP_SGL,Neutral,Neg_ctrl_Sample_47,0.0509252370579984,27049,4.43216726944259,Sample_100_TCGA_BRCA
LP_SGL,Neutral,Neg_ctrl_Sample_48,0.0221894035115476,27049,4.43216726944259,Sample_100_TCGA_BRCA
LP_SGL,Neutral,Neg_ctrl_Sample_49,-0.110160870752362,27049,4.43216726944259,Sample_100_TCGA_BRCA
LP_SGL,Neutral,Neg_ctrl_Sample_50,-0.00944952957077536,27049,4.43216726944259,Sample_100_TCGA_BRCA
LP_SGL,Neutral,Neg_ctrl_Sample_51,0.114243095840367,27049,4.43216726944259,Sample_100_TCGA_BRCA
LP_SGL,Neutral,Neg_ctrl_Sample_52,0.207010837444376,27049,4.43216726944259,Sample_100_TCGA_BRCA
LP_SGL,Neutral,Neg_ctrl_Sample_53,0.0922613283534141,27049,4.43216726944259,Sample_100_TCGA_BRCA
LP_SGL,Neutral,Neg_ctrl_Sample_54,0.0151071946000734,27049,4.43216726944259,Sample_100_TCGA_BRCA
LP_SGL,Neutral,Neg_ctrl_Sample_55,-0.0216486133656892,27049,4.43216726944259,Sample_100_TCGA_BRCA
LP_SGL,Neutral,Neg_ctrl_Sample_56,0.0849685195126109,27049,4.43216726944259,Sample_100_TCGA_BRCA
LP_SGL,Neutral,Neg_ctrl_Sample_57,0.089374119511924,27049,4.43216726944259,Sample_100_TCGA_BRCA
LP_SGL,Neutral,Neg_ctrl_Sample_58,0.025983657337858,27049,4.43216726944259,Sample_100_TCGA_BRCA
LP_SGL,Neutral,Neg_ctrl_Sample_59,0.0952532036483282,27049,4.43216726944259,Sample_100_TCGA_BRCA
LP_SGL,Neutral,Neg_ctrl_Sample_60,0.0720429978245725,27049,4.43216726944259,Sample_100_TCGA_BRCA
LP_SGL,Neutral,Neg_ctrl_Sample_61,-0.0651434982326989,27049,4.43216726944259,Sample_100_TCGA_BRCA
LP_SGL,Neutral,Neg_ctrl_Sample_62,-0.0754700779089295,27049,4.43216726944259,Sample_100_TCGA_BRCA
LP_SGL,Neutral,Neg_ctrl_Sample_63,0.145549139911292,27049,4.43216726944259,Sample_100_TCGA_BRCA
LP_SGL,Neutral,Neg_ctrl_Sample_64,0.0297172458441482,27049,4.43216726944259,Sample_100_TCGA_BRCA
LP_SGL,Neutral,Neg_ctrl_Sample_65,-0.115354755541713,27049,4.43216726944259,Sample_100_TCGA_BRCA
LP_SGL,Neutral,Neg_ctrl_Sample_66,0.014083291355064,27049,4.43216726944259,Sample_100_TCGA_BRCA
LP_SGL,Neutral,Neg_ctrl_Sample_67,0.334963018450074,27049,4.43216726944259,Sample_100_TCGA_BRCA
LP_SGL,Neutral,Neg_ctrl_Sample_68,0.017694164753867,27049,4.43216726944259,Sample_100_TCGA_BRCA
LP_SGL,Neutral,Neg_ctrl_Sample_69,-0.0789312944291943,27049,4.43216726944259,Sample_100_TCGA_BRCA
LP_SGL,Neutral,Neg_ctrl_Sample_70,0.0759970619929343,27049,4.43216726944259,Sample_100_TCGA_BRCA
LP_SGL,Neutral,Neg_ctrl_Sample_71,-0.119355511524879,27049,4.43216726944259,Sample_100_TCGA_BRCA
LP_SGL,Neutral,Neg_ctrl_Sample_72,-0.110142752337818,27049,4.43216726944259,Sample_100_TCGA_BRCA
LP_SGL,Neutral,Neg_ctrl_Sample_73,0.145228359555345,27049,4.43216726944259,Sample_100_TCGA_BRCA
LP_SGL,Neutral,Neg_ctrl_Sample_74,-0.0972630043019987,27049,4.43216726944259,Sample_100_TCGA_BRCA
LP_SGL,Neutral,Neg_ctrl_Sample_75,0.102088747946666,27049,4.43216726944259,Sample_100_TCGA_BRCA
LP_SGL,Neutral,Neg_ctrl_Sample_76,0.0189905368761604,27049,4.43216726944259,Sample_100_TCGA_BRCA
LP_SGL,Neutral,Neg_ctrl_Sample_77,0.152898630334784,27049,4.43216726944259,Sample_100_TCGA_BRCA
LP_SGL,Neutral,Neg_ctrl_Sample_78,0.00937337857546437,27049,4.43216726944259,Sample_100_TCGA_BRCA
LP_SGL,Neutral,Neg_ctrl_Sample_79,-0.130685495293068,27049,4.43216726944259,Sample_100_TCGA_BRCA
LP_SGL,Neutral,Neg_ctrl_Sample_80,-0.0312972345560566,27049,4.43216726944259,Sample_100_TCGA_BRCA
LP_SGL,Neutral,Neg_ctrl_Sample_81,0.0454068003655093,27049,4.43216726944259,Sample_100_TCGA_BRCA
LP_SGL,Neutral,Neg_ctrl_Sample_82,-0.0268664245874475,27049,4.43216726944259,Sample_100_TCGA_BRCA
LP_SGL,Neutral,Neg_ctrl_Sample_83,0.0878381024739075,27049,4.43216726944259,Sample_100_TCGA_BRCA
LP_SGL,Neutral,Neg_ctrl_Sample_84,0.106528991571868,27049,4.43216726944259,Sample_100_TCGA_BRCA
LP_SGL,Neutral,Neg_ctrl_Sample_85,-0.0087540585562725,27049,4.43216726944259,Sample_100_TCGA_BRCA
LP_SGL,Neutral,Neg_ctrl_Sample_86,-0.0616628151909932,27049,4.43216726944259,Sample_100_TCGA_BRCA
LP_SGL,Neutral,Neg_ctrl_Sample_87,-0.113262167377607,27049,4.43216726944259,Sample_100_TCGA_BRCA
LP_SGL,Neutral,Neg_ctrl_Sample_88,0.175260578919528,27049,4.43216726944259,Sample_100_TCGA_BRCA
LP_SGL,Neutral,Neg_ctrl_Sample_89,-0.136937541962849,27049,4.43216726944259,Sample_100_TCGA_BRCA
LP_SGL,Neutral,Neg_ctrl_Sample_90,0.133226305609777,27049,4.43216726944259,Sample_100_TCGA_BRCA
LP_SGL,Neutral,Neg_ctrl_Sample_91,-0.0354590226956134,27049,4.43216726944259,Sample_100_TCGA_BRCA
LP_SGL,Neutral,Neg_ctrl_Sample_92,-0.142047503332849,27049,4.43216726944259,Sample_100_TCGA_BRCA
LP_SGL,Neutral,Neg_ctrl_Sample_93,-0.119092297654253,27049,4.43216726944259,Sample_100_TCGA_BRCA
LP_SGL,Neutral,Neg_ctrl_Sample_94,0.0310955666005707,27049,4.43216726944259,Sample_100_TCGA_BRCA
LP_SGL,Neutral,Neg_ctrl_Sample_95,-0.0964970238833486,27049,4.43216726944259,Sample_100_TCGA_BRCA
LP_SGL,Neutral,Neg_ctrl_Sample_96,-0.0745171567242638,27049,4.43216726944259,Sample_100_TCGA_BRCA
LP_SGL,Neutral,Neg_ctrl_Sample_97,0.0534774185185269,27049,4.43216726944259,Sample_100_TCGA_BRCA
LP_SGL,Neutral,Neg_ctrl_Sample_98,0.0371164828759496,27049,4.43216726944259,Sample_100_TCGA_BRCA
LP_SGL,Neutral,Neg_ctrl_Sample_99,-0.102057081265341,27049,4.43216726944259,Sample_100_TCGA_BRCA
LP_SGL,Neutral,Neg_ctrl_Sample_100,-0.14759685034491,27049,4.43216726944259,Sample_100_TCGA_BRCA
LP_SGL,Positive,Neg_ctrl_Sample_1,-0.0559599466650452,2454,3.39005149645899,Sample_100_TCGA_BRCA
LP_SGL,Positive,Neg_ctrl_Sample_2,-0.0158540744301389,2454,3.39005149645899,Sample_100_TCGA_BRCA
LP_SGL,Positive,Neg_ctrl_Sample_3,-0.0424025874258634,2454,3.39005149645899,Sample_100_TCGA_BRCA
LP_SGL,Positive,Neg_ctrl_Sample_4,-0.226296044125769,2454,3.39005149645899,Sample_100_TCGA_BRCA
LP_SGL,Positive,Neg_ctrl_Sample_5,-0.0852981503470208,2454,3.39005149645899,Sample_100_TCGA_BRCA
LP_SGL,Positive,Neg_ctrl_Sample_6,-0.14261696037178,2454,3.39005149645899,Sample_100_TCGA_BRCA
LP_SGL,Positive,Neg_ctrl_Sample_7,-0.150793662446175,2454,3.39005149645899,Sample_100_TCGA_BRCA
LP_SGL,Positive,Neg_ctrl_Sample_8,-0.00274714845699336,2454,3.39005149645899,Sample_100_TCGA_BRCA
LP_SGL,Positive,Neg_ctrl_Sample_9,0.0102816861828202,2454,3.39005149645899,Sample_100_TCGA_BRCA
LP_SGL,Positive,Neg_ctrl_Sample_10,0.100332588113154,2454,3.39005149645899,Sample_100_TCGA_BRCA
LP_SGL,Positive,Neg_ctrl_Sample_11,0.142541522682097,2454,3.39005149645899,Sample_100_TCGA_BRCA
LP_SGL,Positive,Neg_ctrl_Sample_12,-0.122503387751489,2454,3.39005149645899,Sample_100_TCGA_BRCA
LP_SGL,Positive,Neg_ctrl_Sample_13,-0.0613598031409135,2454,3.39005149645899,Sample_100_TCGA_BRCA
LP_SGL,Positive,Neg_ctrl_Sample_14,0.0336813730031225,2454,3.39005149645899,Sample_100_TCGA_BRCA
LP_SGL,Positive,Neg_ctrl_Sample_15,-0.0585261721552414,2454,3.39005149645899,Sample_100_TCGA_BRCA
LP_SGL,Positive,Neg_ctrl_Sample_16,-0.0292162377376318,2454,3.39005149645899,Sample_100_TCGA_BRCA
LP_SGL,Positive,Neg_ctrl_Sample_17,0.168847616368377,2454,3.39005149645899,Sample_100_TCGA_BRCA
LP_SGL,Positive,Neg_ctrl_Sample_18,0.206207163622919,2454,3.39005149645899,Sample_100_TCGA_BRCA
LP_SGL,Positive,Neg_ctrl_Sample_19,0.247773216377347,2454,3.39005149645899,Sample_100_TCGA_BRCA
LP_SGL,Positive,Neg_ctrl_Sample_20,-0.130754726348185,2454,3.39005149645899,Sample_100_TCGA_BRCA
LP_SGL,Positive,Neg_ctrl_Sample_21,-0.0251959713734521,2454,3.39005149645899,Sample_100_TCGA_BRCA
LP_SGL,Positive,Neg_ctrl_Sample_22,0.212315957467354,2454,3.39005149645899,Sample_100_TCGA_BRCA
LP_SGL,Positive,Neg_ctrl_Sample_23,-0.031073060312661,2454,3.39005149645899,Sample_100_TCGA_BRCA
LP_SGL,Positive,Neg_ctrl_Sample_24,0.118690883475863,2454,3.39005149645899,Sample_100_TCGA_BRCA
LP_SGL,Positive,Neg_ctrl_Sample_25,0.0455978818675135,2454,3.39005149645899,Sample_100_TCGA_BRCA
LP_SGL,Positive,Neg_ctrl_Sample_26,0.0389472360942456,2454,3.39005149645899,Sample_100_TCGA_BRCA
LP_SGL,Positive,Neg_ctrl_Sample_27,0.00647504643594825,2454,3.39005149645899,Sample_100_TCGA_BRCA
LP_SGL,Positive,Neg_ctrl_Sample_28,0.105858426811227,2454,3.39005149645899,Sample_100_TCGA_BRCA
LP_SGL,Positive,Neg_ctrl_Sample_29,0.113096872190749,2454,3.39005149645899,Sample_100_TCGA_BRCA
LP_SGL,Positive,Neg_ctrl_Sample_30,-0.0664757408778065,2454,3.39005149645899,Sample_100_TCGA_BRCA
LP_SGL,Positive,Neg_ctrl_Sample_31,0.221109477332643,2454,3.39005149645899,Sample_100_TCGA_BRCA
LP_SGL,Positive,Neg_ctrl_Sample_32,0.250590329908168,2454,3.39005149645899,Sample_100_TCGA_BRCA
LP_SGL,Positive,Neg_ctrl_Sample_33,0.019194766599505,2454,3.39005149645899,Sample_100_TCGA_BRCA
LP_SGL,Positive,Neg_ctrl_Sample_34,-0.224756273465899,2454,3.39005149645899,Sample_100_TCGA_BRCA
LP_SGL,Positive,Neg_ctrl_Sample_35,0.0675143131699573,2454,3.39005149645899,Sample_100_TCGA_BRCA
LP_SGL,Positive,Neg_ctrl_Sample_36,0.0533606583092575,2454,3.39005149645899,Sample_100_TCGA_BRCA
LP_SGL,Positive,Neg_ctrl_Sample_37,0.069796323779413,2454,3.39005149645899,Sample_100_TCGA_BRCA
LP_SGL,Positive,Neg_ctrl_Sample_38,0.0653789579081132,2454,3.39005149645899,Sample_100_TCGA_BRCA
LP_SGL,Positive,Neg_ctrl_Sample_39,0.126189579532415,2454,3.39005149645899,Sample_100_TCGA_BRCA
LP_SGL,Positive,Neg_ctrl_Sample_40,0.168994238557278,2454,3.39005149645899,Sample_100_TCGA_BRCA
LP_SGL,Positive,Neg_ctrl_Sample_41,-0.134027357367972,2454,3.39005149645899,Sample_100_TCGA_BRCA
LP_SGL,Positive,Neg_ctrl_Sample_42,-0.157224041911638,2454,3.39005149645899,Sample_100_TCGA_BRCA
LP_SGL,Positive,Neg_ctrl_Sample_43,0.0475477292447081,2454,3.39005149645899,Sample_100_TCGA_BRCA
LP_SGL,Positive,Neg_ctrl_Sample_44,0.270309446678516,2454,3.39005149645899,Sample_100_TCGA_BRCA
LP_SGL,Positive,Neg_ctrl_Sample_45,0.030597212548908,2454,3.39005149645899,Sample_100_TCGA_BRCA
LP_SGL,Positive,Neg_ctrl_Sample_46,0.307388535718117,2454,3.39005149645899,Sample_100_TCGA_BRCA
LP_SGL,Positive,Neg_ctrl_Sample_47,0.0585855784336682,2454,3.39005149645899,Sample_100_TCGA_BRCA
LP_SGL,Positive,Neg_ctrl_Sample_48,-0.0109110527734265,2454,3.39005149645899,Sample_100_TCGA_BRCA
LP_SGL,Positive,Neg_ctrl_Sample_49,-0.113084495674203,2454,3.39005149645899,Sample_100_TCGA_BRCA
LP_SGL,Positive,Neg_ctrl_Sample_50,-0.0148980062610375,2454,3.39005149645899,Sample_100_TCGA_BRCA
LP_SGL,Positive,Neg_ctrl_Sample_51,0.119501574765263,2454,3.39005149645899,Sample_100_TCGA_BRCA
LP_SGL,Positive,Neg_ctrl_Sample_52,0.207419356060775,2454,3.39005149645899,Sample_100_TCGA_BRCA
LP_SGL,Positive,Neg_ctrl_Sample_53,0.0754876036007348,2454,3.39005149645899,Sample_100_TCGA_BRCA
LP_SGL,Positive,Neg_ctrl_Sample_54,0.0430903595821564,2454,3.39005149645899,Sample_100_TCGA_BRCA
LP_SGL,Positive,Neg_ctrl_Sample_55,-0.00115110329729296,2454,3.39005149645899,Sample_100_TCGA_BRCA
LP_SGL,Positive,Neg_ctrl_Sample_56,0.108431809705887,2454,3.39005149645899,Sample_100_TCGA_BRCA
LP_SGL,Positive,Neg_ctrl_Sample_57,0.127198020382142,2454,3.39005149645899,Sample_100_TCGA_BRCA
LP_SGL,Positive,Neg_ctrl_Sample_58,0.041832647197158,2454,3.39005149645899,Sample_100_TCGA_BRCA
LP_SGL,Positive,Neg_ctrl_Sample_59,0.110048995969596,2454,3.39005149645899,Sample_100_TCGA_BRCA
LP_SGL,Positive,Neg_ctrl_Sample_60,0.103778157290391,2454,3.39005149645899,Sample_100_TCGA_BRCA
LP_SGL,Positive,Neg_ctrl_Sample_61,-0.0698295937348451,2454,3.39005149645899,Sample_100_TCGA_BRCA
LP_SGL,Positive,Neg_ctrl_Sample_62,-0.0735003322809929,2454,3.39005149645899,Sample_100_TCGA_BRCA
LP_SGL,Positive,Neg_ctrl_Sample_63,0.144527605831942,2454,3.39005149645899,Sample_100_TCGA_BRCA
LP_SGL,Positive,Neg_ctrl_Sample_64,0.0391093446446631,2454,3.39005149645899,Sample_100_TCGA_BRCA
LP_SGL,Positive,Neg_ctrl_Sample_65,-0.110184993737304,2454,3.39005149645899,Sample_100_TCGA_BRCA
LP_SGL,Positive,Neg_ctrl_Sample_66,0.0274211087755404,2454,3.39005149645899,Sample_100_TCGA_BRCA
LP_SGL,Positive,Neg_ctrl_Sample_67,0.339874900091034,2454,3.39005149645899,Sample_100_TCGA_BRCA
LP_SGL,Positive,Neg_ctrl_Sample_68,0.0489971429065239,2454,3.39005149645899,Sample_100_TCGA_BRCA
LP_SGL,Positive,Neg_ctrl_Sample_69,-0.0629854382412814,2454,3.39005149645899,Sample_100_TCGA_BRCA
LP_SGL,Positive,Neg_ctrl_Sample_70,0.0749335411262034,2454,3.39005149645899,Sample_100_TCGA_BRCA
LP_SGL,Positive,Neg_ctrl_Sample_71,-0.132934024484541,2454,3.39005149645899,Sample_100_TCGA_BRCA
LP_SGL,Positive,Neg_ctrl_Sample_72,-0.112687760030513,2454,3.39005149645899,Sample_100_TCGA_BRCA
LP_SGL,Positive,Neg_ctrl_Sample_73,0.151328947788377,2454,3.39005149645899,Sample_100_TCGA_BRCA
LP_SGL,Positive,Neg_ctrl_Sample_74,-0.0790830604576815,2454,3.39005149645899,Sample_100_TCGA_BRCA
LP_SGL,Positive,Neg_ctrl_Sample_75,0.114873674312573,2454,3.39005149645899,Sample_100_TCGA_BRCA
LP_SGL,Positive,Neg_ctrl_Sample_76,0.0228106194462441,2454,3.39005149645899,Sample_100_TCGA_BRCA
LP_SGL,Positive,Neg_ctrl_Sample_77,0.20744337061792,2454,3.39005149645899,Sample_100_TCGA_BRCA
LP_SGL,Positive,Neg_ctrl_Sample_78,0.0153325215372773,2454,3.39005149645899,Sample_100_TCGA_BRCA
LP_SGL,Positive,Neg_ctrl_Sample_79,-0.114034373771281,2454,3.39005149645899,Sample_100_TCGA_BRCA
LP_SGL,Positive,Neg_ctrl_Sample_80,-0.0252944419488791,2454,3.39005149645899,Sample_100_TCGA_BRCA
LP_SGL,Positive,Neg_ctrl_Sample_81,0.06458696276416,2454,3.39005149645899,Sample_100_TCGA_BRCA
LP_SGL,Positive,Neg_ctrl_Sample_82,-0.0313923555834586,2454,3.39005149645899,Sample_100_TCGA_BRCA
LP_SGL,Positive,Neg_ctrl_Sample_83,0.0982561736850923,2454,3.39005149645899,Sample_100_TCGA_BRCA
LP_SGL,Positive,Neg_ctrl_Sample_84,0.118698767595735,2454,3.39005149645899,Sample_100_TCGA_BRCA
LP_SGL,Positive,Neg_ctrl_Sample_85,-0.00310935447629605,2454,3.39005149645899,Sample_100_TCGA_BRCA
LP_SGL,Positive,Neg_ctrl_Sample_86,-0.0743969695876858,2454,3.39005149645899,Sample_100_TCGA_BRCA
LP_SGL,Positive,Neg_ctrl_Sample_87,-0.0751733073021933,2454,3.39005149645899,Sample_100_TCGA_BRCA
LP_SGL,Positive,Neg_ctrl_Sample_88,0.169765800857537,2454,3.39005149645899,Sample_100_TCGA_BRCA
LP_SGL,Positive,Neg_ctrl_Sample_89,-0.122147023823547,2454,3.39005149645899,Sample_100_TCGA_BRCA
LP_SGL,Positive,Neg_ctrl_Sample_90,0.162491097895708,2454,3.39005149645899,Sample_100_TCGA_BRCA
LP_SGL,Positive,Neg_ctrl_Sample_91,-0.0501099718687858,2454,3.39005149645899,Sample_100_TCGA_BRCA
LP_SGL,Positive,Neg_ctrl_Sample_92,-0.141078546070103,2454,3.39005149645899,Sample_100_TCGA_BRCA
LP_SGL,Positive,Neg_ctrl_Sample_93,-0.135631503681252,2454,3.39005149645899,Sample_100_TCGA_BRCA
LP_SGL,Positive,Neg_ctrl_Sample_94,0.0389412605072879,2454,3.39005149645899,Sample_100_TCGA_BRCA
LP_SGL,Positive,Neg_ctrl_Sample_95,-0.0741306323867702,2454,3.39005149645899,Sample_100_TCGA_BRCA
LP_SGL,Positive,Neg_ctrl_Sample_96,-0.0501825070794073,2454,3.39005149645899,Sample_100_TCGA_BRCA
LP_SGL,Positive,Neg_ctrl_Sample_97,0.0575200629654206,2454,3.39005149645899,Sample_100_TCGA_BRCA
LP_SGL,Positive,Neg_ctrl_Sample_98,0.0424321310979926,2454,3.39005149645899,Sample_100_TCGA_BRCA
LP_SGL,Positive,Neg_ctrl_Sample_99,-0.0924497202143034,2454,3.39005149645899,Sample_100_TCGA_BRCA
LP_SGL,Positive,Neg_ctrl_Sample_100,-0.164087654836044,2454,3.39005149645899,Sample_100_TCGA_BRCA
PIPET,Negative,Neg_ctrl_Sample_1,-0.0507237873098179,11609,4.06483221973857,Sample_100_TCGA_BRCA
PIPET,Negative,Neg_ctrl_Sample_2,-0.0309364315261595,11609,4.06483221973857,Sample_100_TCGA_BRCA
PIPET,Negative,Neg_ctrl_Sample_3,-0.00364109499249269,11609,4.06483221973857,Sample_100_TCGA_BRCA
PIPET,Negative,Neg_ctrl_Sample_4,-0.197583842985243,11609,4.06483221973857,Sample_100_TCGA_BRCA
PIPET,Negative,Neg_ctrl_Sample_5,-0.069115082759598,11609,4.06483221973857,Sample_100_TCGA_BRCA
PIPET,Negative,Neg_ctrl_Sample_6,-0.126295364556,11609,4.06483221973857,Sample_100_TCGA_BRCA
PIPET,Negative,Neg_ctrl_Sample_7,-0.159740961041702,11609,4.06483221973857,Sample_100_TCGA_BRCA
PIPET,Negative,Neg_ctrl_Sample_8,-0.00219565479127595,11609,4.06483221973857,Sample_100_TCGA_BRCA
PIPET,Negative,Neg_ctrl_Sample_9,0.0165578958190658,11609,4.06483221973857,Sample_100_TCGA_BRCA
PIPET,Negative,Neg_ctrl_Sample_10,0.108991174124113,11609,4.06483221973857,Sample_100_TCGA_BRCA
PIPET,Negative,Neg_ctrl_Sample_11,0.150376960577477,11609,4.06483221973857,Sample_100_TCGA_BRCA
PIPET,Negative,Neg_ctrl_Sample_12,-0.0944533515795019,11609,4.06483221973857,Sample_100_TCGA_BRCA
PIPET,Negative,Neg_ctrl_Sample_13,-0.0492185031318296,11609,4.06483221973857,Sample_100_TCGA_BRCA
PIPET,Negative,Neg_ctrl_Sample_14,0.0487600315360083,11609,4.06483221973857,Sample_100_TCGA_BRCA
PIPET,Negative,Neg_ctrl_Sample_15,-0.064171716293624,11609,4.06483221973857,Sample_100_TCGA_BRCA
PIPET,Negative,Neg_ctrl_Sample_16,-0.00894816688350685,11609,4.06483221973857,Sample_100_TCGA_BRCA
PIPET,Negative,Neg_ctrl_Sample_17,0.176725355299556,11609,4.06483221973857,Sample_100_TCGA_BRCA
PIPET,Negative,Neg_ctrl_Sample_18,0.187981789728299,11609,4.06483221973857,Sample_100_TCGA_BRCA
PIPET,Negative,Neg_ctrl_Sample_19,0.225966508840306,11609,4.06483221973857,Sample_100_TCGA_BRCA
PIPET,Negative,Neg_ctrl_Sample_20,-0.109917628223594,11609,4.06483221973857,Sample_100_TCGA_BRCA
PIPET,Negative,Neg_ctrl_Sample_21,-0.0443056551500184,11609,4.06483221973857,Sample_100_TCGA_BRCA
PIPET,Negative,Neg_ctrl_Sample_22,0.212758943753502,11609,4.06483221973857,Sample_100_TCGA_BRCA
PIPET,Negative,Neg_ctrl_Sample_23,-0.00383975623517963,11609,4.06483221973857,Sample_100_TCGA_BRCA
PIPET,Negative,Neg_ctrl_Sample_24,0.139916741899764,11609,4.06483221973857,Sample_100_TCGA_BRCA
PIPET,Negative,Neg_ctrl_Sample_25,0.0835383067265733,11609,4.06483221973857,Sample_100_TCGA_BRCA
PIPET,Negative,Neg_ctrl_Sample_26,0.0420688568708082,11609,4.06483221973857,Sample_100_TCGA_BRCA
PIPET,Negative,Neg_ctrl_Sample_27,0.0195492815838034,11609,4.06483221973857,Sample_100_TCGA_BRCA
PIPET,Negative,Neg_ctrl_Sample_28,0.103146475161738,11609,4.06483221973857,Sample_100_TCGA_BRCA
PIPET,Negative,Neg_ctrl_Sample_29,0.127360991475253,11609,4.06483221973857,Sample_100_TCGA_BRCA
PIPET,Negative,Neg_ctrl_Sample_30,-0.040729764514155,11609,4.06483221973857,Sample_100_TCGA_BRCA
PIPET,Negative,Neg_ctrl_Sample_31,0.210901149857471,11609,4.06483221973857,Sample_100_TCGA_BRCA
PIPET,Negative,Neg_ctrl_Sample_32,0.263396923869978,11609,4.06483221973857,Sample_100_TCGA_BRCA
PIPET,Negative,Neg_ctrl_Sample_33,0.0178941960964591,11609,4.06483221973857,Sample_100_TCGA_BRCA
PIPET,Negative,Neg_ctrl_Sample_34,-0.208777831947383,11609,4.06483221973857,Sample_100_TCGA_BRCA
PIPET,Negative,Neg_ctrl_Sample_35,0.0606644450878031,11609,4.06483221973857,Sample_100_TCGA_BRCA
PIPET,Negative,Neg_ctrl_Sample_36,0.0670685161533788,11609,4.06483221973857,Sample_100_TCGA_BRCA
PIPET,Negative,Neg_ctrl_Sample_37,0.0717190062091075,11609,4.06483221973857,Sample_100_TCGA_BRCA
PIPET,Negative,Neg_ctrl_Sample_38,0.0642425770843093,11609,4.06483221973857,Sample_100_TCGA_BRCA
PIPET,Negative,Neg_ctrl_Sample_39,0.113890092660882,11609,4.06483221973857,Sample_100_TCGA_BRCA
PIPET,Negative,Neg_ctrl_Sample_40,0.181101535108502,11609,4.06483221973857,Sample_100_TCGA_BRCA
PIPET,Negative,Neg_ctrl_Sample_41,-0.114021162736844,11609,4.06483221973857,Sample_100_TCGA_BRCA
PIPET,Negative,Neg_ctrl_Sample_42,-0.134743924052932,11609,4.06483221973857,Sample_100_TCGA_BRCA
PIPET,Negative,Neg_ctrl_Sample_43,0.0470372256516127,11609,4.06483221973857,Sample_100_TCGA_BRCA
PIPET,Negative,Neg_ctrl_Sample_44,0.27464219922191,11609,4.06483221973857,Sample_100_TCGA_BRCA
PIPET,Negative,Neg_ctrl_Sample_45,0.0350359727856393,11609,4.06483221973857,Sample_100_TCGA_BRCA
PIPET,Negative,Neg_ctrl_Sample_46,0.303297276294441,11609,4.06483221973857,Sample_100_TCGA_BRCA
PIPET,Negative,Neg_ctrl_Sample_47,0.0478514249118171,11609,4.06483221973857,Sample_100_TCGA_BRCA
PIPET,Negative,Neg_ctrl_Sample_48,0.0258474190592059,11609,4.06483221973857,Sample_100_TCGA_BRCA
PIPET,Negative,Neg_ctrl_Sample_49,-0.0805477115051479,11609,4.06483221973857,Sample_100_TCGA_BRCA
PIPET,Negative,Neg_ctrl_Sample_50,0.00759650627159145,11609,4.06483221973857,Sample_100_TCGA_BRCA
PIPET,Negative,Neg_ctrl_Sample_51,0.124782530937613,11609,4.06483221973857,Sample_100_TCGA_BRCA
PIPET,Negative,Neg_ctrl_Sample_52,0.22831257054111,11609,4.06483221973857,Sample_100_TCGA_BRCA
PIPET,Negative,Neg_ctrl_Sample_53,0.101321443365025,11609,4.06483221973857,Sample_100_TCGA_BRCA
PIPET,Negative,Neg_ctrl_Sample_54,0.0314943256506703,11609,4.06483221973857,Sample_100_TCGA_BRCA
PIPET,Negative,Neg_ctrl_Sample_55,-0.00801437154965743,11609,4.06483221973857,Sample_100_TCGA_BRCA
PIPET,Negative,Neg_ctrl_Sample_56,0.0953108319978568,11609,4.06483221973857,Sample_100_TCGA_BRCA
PIPET,Negative,Neg_ctrl_Sample_57,0.105990205061815,11609,4.06483221973857,Sample_100_TCGA_BRCA
PIPET,Negative,Neg_ctrl_Sample_58,0.0422170569980356,11609,4.06483221973857,Sample_100_TCGA_BRCA
PIPET,Negative,Neg_ctrl_Sample_59,0.10483583624787,11609,4.06483221973857,Sample_100_TCGA_BRCA
PIPET,Negative,Neg_ctrl_Sample_60,0.0932239981006029,11609,4.06483221973857,Sample_100_TCGA_BRCA
PIPET,Negative,Neg_ctrl_Sample_61,-0.0469176880806667,11609,4.06483221973857,Sample_100_TCGA_BRCA
PIPET,Negative,Neg_ctrl_Sample_62,-0.0618931902256691,11609,4.06483221973857,Sample_100_TCGA_BRCA
PIPET,Negative,Neg_ctrl_Sample_63,0.152929603488039,11609,4.06483221973857,Sample_100_TCGA_BRCA
PIPET,Negative,Neg_ctrl_Sample_64,0.0555490196284139,11609,4.06483221973857,Sample_100_TCGA_BRCA
PIPET,Negative,Neg_ctrl_Sample_65,-0.09871933033612,11609,4.06483221973857,Sample_100_TCGA_BRCA
PIPET,Negative,Neg_ctrl_Sample_66,0.0179064871881669,11609,4.06483221973857,Sample_100_TCGA_BRCA
PIPET,Negative,Neg_ctrl_Sample_67,0.330359108377378,11609,4.06483221973857,Sample_100_TCGA_BRCA
PIPET,Negative,Neg_ctrl_Sample_68,0.0404586442841634,11609,4.06483221973857,Sample_100_TCGA_BRCA
PIPET,Negative,Neg_ctrl_Sample_69,-0.0570766256119501,11609,4.06483221973857,Sample_100_TCGA_BRCA
PIPET,Negative,Neg_ctrl_Sample_70,0.0900808991148373,11609,4.06483221973857,Sample_100_TCGA_BRCA
PIPET,Negative,Neg_ctrl_Sample_71,-0.112470386047485,11609,4.06483221973857,Sample_100_TCGA_BRCA
PIPET,Negative,Neg_ctrl_Sample_72,-0.100655516404989,11609,4.06483221973857,Sample_100_TCGA_BRCA
PIPET,Negative,Neg_ctrl_Sample_73,0.1447912631818,11609,4.06483221973857,Sample_100_TCGA_BRCA
PIPET,Negative,Neg_ctrl_Sample_74,-0.0716246140446138,11609,4.06483221973857,Sample_100_TCGA_BRCA
PIPET,Negative,Neg_ctrl_Sample_75,0.118021101445416,11609,4.06483221973857,Sample_100_TCGA_BRCA
PIPET,Negative,Neg_ctrl_Sample_76,0.0400825635979758,11609,4.06483221973857,Sample_100_TCGA_BRCA
PIPET,Negative,Neg_ctrl_Sample_77,0.170912796661157,11609,4.06483221973857,Sample_100_TCGA_BRCA
PIPET,Negative,Neg_ctrl_Sample_78,0.0113888532874184,11609,4.06483221973857,Sample_100_TCGA_BRCA
PIPET,Negative,Neg_ctrl_Sample_79,-0.106790766452746,11609,4.06483221973857,Sample_100_TCGA_BRCA
PIPET,Negative,Neg_ctrl_Sample_80,-0.0372486884359303,11609,4.06483221973857,Sample_100_TCGA_BRCA
PIPET,Negative,Neg_ctrl_Sample_81,0.053837183914266,11609,4.06483221973857,Sample_100_TCGA_BRCA
PIPET,Negative,Neg_ctrl_Sample_82,-0.0125591757245819,11609,4.06483221973857,Sample_100_TCGA_BRCA
PIPET,Negative,Neg_ctrl_Sample_83,0.0959363514107347,11609,4.06483221973857,Sample_100_TCGA_BRCA
PIPET,Negative,Neg_ctrl_Sample_84,0.122429256169358,11609,4.06483221973857,Sample_100_TCGA_BRCA
PIPET,Negative,Neg_ctrl_Sample_85,-0.00128441622741478,11609,4.06483221973857,Sample_100_TCGA_BRCA
PIPET,Negative,Neg_ctrl_Sample_86,-0.0580613935078831,11609,4.06483221973857,Sample_100_TCGA_BRCA
PIPET,Negative,Neg_ctrl_Sample_87,-0.0901759962411315,11609,4.06483221973857,Sample_100_TCGA_BRCA
PIPET,Negative,Neg_ctrl_Sample_88,0.17845072870961,11609,4.06483221973857,Sample_100_TCGA_BRCA
PIPET,Negative,Neg_ctrl_Sample_89,-0.110826342408578,11609,4.06483221973857,Sample_100_TCGA_BRCA
PIPET,Negative,Neg_ctrl_Sample_90,0.152168909321778,11609,4.06483221973857,Sample_100_TCGA_BRCA
PIPET,Negative,Neg_ctrl_Sample_91,-0.0304798386658537,11609,4.06483221973857,Sample_100_TCGA_BRCA
PIPET,Negative,Neg_ctrl_Sample_92,-0.117120075012678,11609,4.06483221973857,Sample_100_TCGA_BRCA
PIPET,Negative,Neg_ctrl_Sample_93,-0.119831876607101,11609,4.06483221973857,Sample_100_TCGA_BRCA
PIPET,Negative,Neg_ctrl_Sample_94,0.0312805668648859,11609,4.06483221973857,Sample_100_TCGA_BRCA
PIPET,Negative,Neg_ctrl_Sample_95,-0.0879762260024057,11609,4.06483221973857,Sample_100_TCGA_BRCA
PIPET,Negative,Neg_ctrl_Sample_96,-0.0557348685320028,11609,4.06483221973857,Sample_100_TCGA_BRCA
PIPET,Negative,Neg_ctrl_Sample_97,0.0605079826306488,11609,4.06483221973857,Sample_100_TCGA_BRCA
PIPET,Negative,Neg_ctrl_Sample_98,0.0530707842370955,11609,4.06483221973857,Sample_100_TCGA_BRCA
PIPET,Negative,Neg_ctrl_Sample_99,-0.0922787248247268,11609,4.06483221973857,Sample_100_TCGA_BRCA
PIPET,Negative,Neg_ctrl_Sample_100,-0.139742263345434,11609,4.06483221973857,Sample_100_TCGA_BRCA
PIPET,Neutral,Neg_ctrl_Sample_1,-0.0536162917663762,20194,4.30524385750601,Sample_100_TCGA_BRCA
PIPET,Neutral,Neg_ctrl_Sample_2,-0.060912555747331,20194,4.30524385750601,Sample_100_TCGA_BRCA
PIPET,Neutral,Neg_ctrl_Sample_3,-0.0366444305445566,20194,4.30524385750601,Sample_100_TCGA_BRCA
PIPET,Neutral,Neg_ctrl_Sample_4,-0.242117236023563,20194,4.30524385750601,Sample_100_TCGA_BRCA
PIPET,Neutral,Neg_ctrl_Sample_5,-0.101736925221499,20194,4.30524385750601,Sample_100_TCGA_BRCA
PIPET,Neutral,Neg_ctrl_Sample_6,-0.151882322138196,20194,4.30524385750601,Sample_100_TCGA_BRCA
PIPET,Neutral,Neg_ctrl_Sample_7,-0.169960737342204,20194,4.30524385750601,Sample_100_TCGA_BRCA
PIPET,Neutral,Neg_ctrl_Sample_8,-0.00836402575819553,20194,4.30524385750601,Sample_100_TCGA_BRCA
PIPET,Neutral,Neg_ctrl_Sample_9,-0.0219687154151565,20194,4.30524385750601,Sample_100_TCGA_BRCA
PIPET,Neutral,Neg_ctrl_Sample_10,0.0884781511400957,20194,4.30524385750601,Sample_100_TCGA_BRCA
PIPET,Neutral,Neg_ctrl_Sample_11,0.147752572134146,20194,4.30524385750601,Sample_100_TCGA_BRCA
PIPET,Neutral,Neg_ctrl_Sample_12,-0.145511277699207,20194,4.30524385750601,Sample_100_TCGA_BRCA
PIPET,Neutral,Neg_ctrl_Sample_13,-0.0719319137555468,20194,4.30524385750601,Sample_100_TCGA_BRCA
PIPET,Neutral,Neg_ctrl_Sample_14,0.0219467260816501,20194,4.30524385750601,Sample_100_TCGA_BRCA
PIPET,Neutral,Neg_ctrl_Sample_15,-0.0790646009218574,20194,4.30524385750601,Sample_100_TCGA_BRCA
PIPET,Neutral,Neg_ctrl_Sample_16,-0.0312933988695119,20194,4.30524385750601,Sample_100_TCGA_BRCA
PIPET,Neutral,Neg_ctrl_Sample_17,0.162137822430969,20194,4.30524385750601,Sample_100_TCGA_BRCA
PIPET,Neutral,Neg_ctrl_Sample_18,0.205697229316065,20194,4.30524385750601,Sample_100_TCGA_BRCA
PIPET,Neutral,Neg_ctrl_Sample_19,0.235801289371595,20194,4.30524385750601,Sample_100_TCGA_BRCA
PIPET,Neutral,Neg_ctrl_Sample_20,-0.140531640128308,20194,4.30524385750601,Sample_100_TCGA_BRCA
PIPET,Neutral,Neg_ctrl_Sample_21,-0.017971136105666,20194,4.30524385750601,Sample_100_TCGA_BRCA
PIPET,Neutral,Neg_ctrl_Sample_22,0.200865737872,20194,4.30524385750601,Sample_100_TCGA_BRCA
PIPET,Neutral,Neg_ctrl_Sample_23,-0.055711328331425,20194,4.30524385750601,Sample_100_TCGA_BRCA
PIPET,Neutral,Neg_ctrl_Sample_24,0.131415355913984,20194,4.30524385750601,Sample_100_TCGA_BRCA
PIPET,Neutral,Neg_ctrl_Sample_25,0.0390289162387321,20194,4.30524385750601,Sample_100_TCGA_BRCA
PIPET,Neutral,Neg_ctrl_Sample_26,0.0259810541126765,20194,4.30524385750601,Sample_100_TCGA_BRCA
PIPET,Neutral,Neg_ctrl_Sample_27,-0.00701109179122799,20194,4.30524385750601,Sample_100_TCGA_BRCA
PIPET,Neutral,Neg_ctrl_Sample_28,0.0881015385540787,20194,4.30524385750601,Sample_100_TCGA_BRCA
PIPET,Neutral,Neg_ctrl_Sample_29,0.116916729078361,20194,4.30524385750601,Sample_100_TCGA_BRCA
PIPET,Neutral,Neg_ctrl_Sample_30,-0.0595879456966586,20194,4.30524385750601,Sample_100_TCGA_BRCA
PIPET,Neutral,Neg_ctrl_Sample_31,0.194391726222372,20194,4.30524385750601,Sample_100_TCGA_BRCA
PIPET,Neutral,Neg_ctrl_Sample_32,0.219334525396335,20194,4.30524385750601,Sample_100_TCGA_BRCA
PIPET,Neutral,Neg_ctrl_Sample_33,0.0166112894973952,20194,4.30524385750601,Sample_100_TCGA_BRCA
PIPET,Neutral,Neg_ctrl_Sample_34,-0.24471459919753,20194,4.30524385750601,Sample_100_TCGA_BRCA
PIPET,Neutral,Neg_ctrl_Sample_35,0.0264317839988314,20194,4.30524385750601,Sample_100_TCGA_BRCA
PIPET,Neutral,Neg_ctrl_Sample_36,0.061235328925483,20194,4.30524385750601,Sample_100_TCGA_BRCA
PIPET,Neutral,Neg_ctrl_Sample_37,0.0822953201038542,20194,4.30524385750601,Sample_100_TCGA_BRCA
PIPET,Neutral,Neg_ctrl_Sample_38,0.0751066024980707,20194,4.30524385750601,Sample_100_TCGA_BRCA
PIPET,Neutral,Neg_ctrl_Sample_39,0.109889818576847,20194,4.30524385750601,Sample_100_TCGA_BRCA
PIPET,Neutral,Neg_ctrl_Sample_40,0.162734881864692,20194,4.30524385750601,Sample_100_TCGA_BRCA
PIPET,Neutral,Neg_ctrl_Sample_41,-0.150403961232702,20194,4.30524385750601,Sample_100_TCGA_BRCA
PIPET,Neutral,Neg_ctrl_Sample_42,-0.153099020633816,20194,4.30524385750601,Sample_100_TCGA_BRCA
PIPET,Neutral,Neg_ctrl_Sample_43,0.0375677951263657,20194,4.30524385750601,Sample_100_TCGA_BRCA
PIPET,Neutral,Neg_ctrl_Sample_44,0.270745981515045,20194,4.30524385750601,Sample_100_TCGA_BRCA
PIPET,Neutral,Neg_ctrl_Sample_45,0.00813426339793023,20194,4.30524385750601,Sample_100_TCGA_BRCA
PIPET,Neutral,Neg_ctrl_Sample_46,0.313792143193328,20194,4.30524385750601,Sample_100_TCGA_BRCA
PIPET,Neutral,Neg_ctrl_Sample_47,0.0548474842050444,20194,4.30524385750601,Sample_100_TCGA_BRCA
PIPET,Neutral,Neg_ctrl_Sample_48,0.0126861570195609,20194,4.30524385750601,Sample_100_TCGA_BRCA
PIPET,Neutral,Neg_ctrl_Sample_49,-0.130823127925552,20194,4.30524385750601,Sample_100_TCGA_BRCA
PIPET,Neutral,Neg_ctrl_Sample_50,-0.0215576602640926,20194,4.30524385750601,Sample_100_TCGA_BRCA
PIPET,Neutral,Neg_ctrl_Sample_51,0.1084554439643,20194,4.30524385750601,Sample_100_TCGA_BRCA
PIPET,Neutral,Neg_ctrl_Sample_52,0.192289410026883,20194,4.30524385750601,Sample_100_TCGA_BRCA
PIPET,Neutral,Neg_ctrl_Sample_53,0.0839450068754983,20194,4.30524385750601,Sample_100_TCGA_BRCA
PIPET,Neutral,Neg_ctrl_Sample_54,0.00778760659426434,20194,4.30524385750601,Sample_100_TCGA_BRCA
PIPET,Neutral,Neg_ctrl_Sample_55,-0.0295309043465411,20194,4.30524385750601,Sample_100_TCGA_BRCA
PIPET,Neutral,Neg_ctrl_Sample_56,0.0808294219815585,20194,4.30524385750601,Sample_100_TCGA_BRCA
PIPET,Neutral,Neg_ctrl_Sample_57,0.0834567613520361,20194,4.30524385750601,Sample_100_TCGA_BRCA
PIPET,Neutral,Neg_ctrl_Sample_58,0.0166068202925944,20194,4.30524385750601,Sample_100_TCGA_BRCA
PIPET,Neutral,Neg_ctrl_Sample_59,0.0905239749006282,20194,4.30524385750601,Sample_100_TCGA_BRCA
PIPET,Neutral,Neg_ctrl_Sample_60,0.062119372404551,20194,4.30524385750601,Sample_100_TCGA_BRCA
PIPET,Neutral,Neg_ctrl_Sample_61,-0.0770034229023001,20194,4.30524385750601,Sample_100_TCGA_BRCA
PIPET,Neutral,Neg_ctrl_Sample_62,-0.083713584292995,20194,4.30524385750601,Sample_100_TCGA_BRCA
PIPET,Neutral,Neg_ctrl_Sample_63,0.140597595956832,20194,4.30524385750601,Sample_100_TCGA_BRCA
PIPET,Neutral,Neg_ctrl_Sample_64,0.0125319119349585,20194,4.30524385750601,Sample_100_TCGA_BRCA
PIPET,Neutral,Neg_ctrl_Sample_65,-0.126432486782342,20194,4.30524385750601,Sample_100_TCGA_BRCA
PIPET,Neutral,Neg_ctrl_Sample_66,0.0134281084696391,20194,4.30524385750601,Sample_100_TCGA_BRCA
PIPET,Neutral,Neg_ctrl_Sample_67,0.338867857344566,20194,4.30524385750601,Sample_100_TCGA_BRCA
PIPET,Neutral,Neg_ctrl_Sample_68,0.00601705663845634,20194,4.30524385750601,Sample_100_TCGA_BRCA
PIPET,Neutral,Neg_ctrl_Sample_69,-0.0922156657493033,20194,4.30524385750601,Sample_100_TCGA_BRCA
PIPET,Neutral,Neg_ctrl_Sample_70,0.0657909355629282,20194,4.30524385750601,Sample_100_TCGA_BRCA
PIPET,Neutral,Neg_ctrl_Sample_71,-0.125820804064683,20194,4.30524385750601,Sample_100_TCGA_BRCA
PIPET,Neutral,Neg_ctrl_Sample_72,-0.11759552245862,20194,4.30524385750601,Sample_100_TCGA_BRCA
PIPET,Neutral,Neg_ctrl_Sample_73,0.146714429917932,20194,4.30524385750601,Sample_100_TCGA_BRCA
PIPET,Neutral,Neg_ctrl_Sample_74,-0.111677465387414,20194,4.30524385750601,Sample_100_TCGA_BRCA
PIPET,Neutral,Neg_ctrl_Sample_75,0.093543884603958,20194,4.30524385750601,Sample_100_TCGA_BRCA
PIPET,Neutral,Neg_ctrl_Sample_76,0.00501559616687177,20194,4.30524385750601,Sample_100_TCGA_BRCA
PIPET,Neutral,Neg_ctrl_Sample_77,0.147834861990242,20194,4.30524385750601,Sample_100_TCGA_BRCA
PIPET,Neutral,Neg_ctrl_Sample_78,0.0082879517050139,20194,4.30524385750601,Sample_100_TCGA_BRCA
PIPET,Neutral,Neg_ctrl_Sample_79,-0.144698119112986,20194,4.30524385750601,Sample_100_TCGA_BRCA
PIPET,Neutral,Neg_ctrl_Sample_80,-0.0259101855708898,20194,4.30524385750601,Sample_100_TCGA_BRCA
PIPET,Neutral,Neg_ctrl_Sample_81,0.0416950817446947,20194,4.30524385750601,Sample_100_TCGA_BRCA
PIPET,Neutral,Neg_ctrl_Sample_82,-0.038055504071338,20194,4.30524385750601,Sample_100_TCGA_BRCA
PIPET,Neutral,Neg_ctrl_Sample_83,0.0829896948786202,20194,4.30524385750601,Sample_100_TCGA_BRCA
PIPET,Neutral,Neg_ctrl_Sample_84,0.0969223172940597,20194,4.30524385750601,Sample_100_TCGA_BRCA
PIPET,Neutral,Neg_ctrl_Sample_85,-0.0140597024643405,20194,4.30524385750601,Sample_100_TCGA_BRCA
PIPET,Neutral,Neg_ctrl_Sample_86,-0.0655614549916378,20194,4.30524385750601,Sample_100_TCGA_BRCA
PIPET,Neutral,Neg_ctrl_Sample_87,-0.124367774411668,20194,4.30524385750601,Sample_100_TCGA_BRCA
PIPET,Neutral,Neg_ctrl_Sample_88,0.172254841179727,20194,4.30524385750601,Sample_100_TCGA_BRCA
PIPET,Neutral,Neg_ctrl_Sample_89,-0.153256379836081,20194,4.30524385750601,Sample_100_TCGA_BRCA
PIPET,Neutral,Neg_ctrl_Sample_90,0.122909241080673,20194,4.30524385750601,Sample_100_TCGA_BRCA
PIPET,Neutral,Neg_ctrl_Sample_91,-0.0392838570155525,20194,4.30524385750601,Sample_100_TCGA_BRCA
PIPET,Neutral,Neg_ctrl_Sample_92,-0.158689856553133,20194,4.30524385750601,Sample_100_TCGA_BRCA
PIPET,Neutral,Neg_ctrl_Sample_93,-0.120212056499031,20194,4.30524385750601,Sample_100_TCGA_BRCA
PIPET,Neutral,Neg_ctrl_Sample_94,0.0318213549475748,20194,4.30524385750601,Sample_100_TCGA_BRCA
PIPET,Neutral,Neg_ctrl_Sample_95,-0.0996051175486663,20194,4.30524385750601,Sample_100_TCGA_BRCA
PIPET,Neutral,Neg_ctrl_Sample_96,-0.0822334524476716,20194,4.30524385750601,Sample_100_TCGA_BRCA
PIPET,Neutral,Neg_ctrl_Sample_97,0.049470972919697,20194,4.30524385750601,Sample_100_TCGA_BRCA
PIPET,Neutral,Neg_ctrl_Sample_98,0.0263603521422247,20194,4.30524385750601,Sample_100_TCGA_BRCA
PIPET,Neutral,Neg_ctrl_Sample_99,-0.107467153684437,20194,4.30524385750601,Sample_100_TCGA_BRCA
PIPET,Neutral,Neg_ctrl_Sample_100,-0.155801305366871,20194,4.30524385750601,Sample_100_TCGA_BRCA
PIPET,Positive,Neg_ctrl_Sample_1,-0.0556081295510921,69,1.84509804001426,Sample_100_TCGA_BRCA
PIPET,Positive,Neg_ctrl_Sample_2,-0.0510251542594675,69,1.84509804001426,Sample_100_TCGA_BRCA
PIPET,Positive,Neg_ctrl_Sample_3,-0.047533830923668,69,1.84509804001426,Sample_100_TCGA_BRCA
PIPET,Positive,Neg_ctrl_Sample_4,-0.246572296924321,69,1.84509804001426,Sample_100_TCGA_BRCA
PIPET,Positive,Neg_ctrl_Sample_5,-0.0932014235042853,69,1.84509804001426,Sample_100_TCGA_BRCA
PIPET,Positive,Neg_ctrl_Sample_6,-0.158668000780165,69,1.84509804001426,Sample_100_TCGA_BRCA
PIPET,Positive,Neg_ctrl_Sample_7,-0.179566201911166,69,1.84509804001426,Sample_100_TCGA_BRCA
PIPET,Positive,Neg_ctrl_Sample_8,-0.0132214129241572,69,1.84509804001426,Sample_100_TCGA_BRCA
PIPET,Positive,Neg_ctrl_Sample_9,-0.0154001138079382,69,1.84509804001426,Sample_100_TCGA_BRCA
PIPET,Positive,Neg_ctrl_Sample_10,0.0843813539180197,69,1.84509804001426,Sample_100_TCGA_BRCA
PIPET,Positive,Neg_ctrl_Sample_11,0.14890515088177,69,1.84509804001426,Sample_100_TCGA_BRCA
PIPET,Positive,Neg_ctrl_Sample_12,-0.151048100270349,69,1.84509804001426,Sample_100_TCGA_BRCA
PIPET,Positive,Neg_ctrl_Sample_13,-0.0711673268523078,69,1.84509804001426,Sample_100_TCGA_BRCA
PIPET,Positive,Neg_ctrl_Sample_14,0.00673184297727793,69,1.84509804001426,Sample_100_TCGA_BRCA
PIPET,Positive,Neg_ctrl_Sample_15,-0.0841925430099134,69,1.84509804001426,Sample_100_TCGA_BRCA
PIPET,Positive,Neg_ctrl_Sample_16,-0.0394203603247678,69,1.84509804001426,Sample_100_TCGA_BRCA
PIPET,Positive,Neg_ctrl_Sample_17,0.159219817008005,69,1.84509804001426,Sample_100_TCGA_BRCA
PIPET,Positive,Neg_ctrl_Sample_18,0.202310041643523,69,1.84509804001426,Sample_100_TCGA_BRCA
PIPET,Positive,Neg_ctrl_Sample_19,0.242933943624004,69,1.84509804001426,Sample_100_TCGA_BRCA
PIPET,Positive,Neg_ctrl_Sample_20,-0.146469911652764,69,1.84509804001426,Sample_100_TCGA_BRCA
PIPET,Positive,Neg_ctrl_Sample_21,-0.0228846744181917,69,1.84509804001426,Sample_100_TCGA_BRCA
PIPET,Positive,Neg_ctrl_Sample_22,0.19212593949995,69,1.84509804001426,Sample_100_TCGA_BRCA
PIPET,Positive,Neg_ctrl_Sample_23,-0.0454897259714189,69,1.84509804001426,Sample_100_TCGA_BRCA
PIPET,Positive,Neg_ctrl_Sample_24,0.12697829811037,69,1.84509804001426,Sample_100_TCGA_BRCA
PIPET,Positive,Neg_ctrl_Sample_25,0.0344351738831909,69,1.84509804001426,Sample_100_TCGA_BRCA
PIPET,Positive,Neg_ctrl_Sample_26,0.0276757394836029,69,1.84509804001426,Sample_100_TCGA_BRCA
PIPET,Positive,Neg_ctrl_Sample_27,-0.008547708741135,69,1.84509804001426,Sample_100_TCGA_BRCA
PIPET,Positive,Neg_ctrl_Sample_28,0.0897433420514604,69,1.84509804001426,Sample_100_TCGA_BRCA
PIPET,Positive,Neg_ctrl_Sample_29,0.113587545340005,69,1.84509804001426,Sample_100_TCGA_BRCA
PIPET,Positive,Neg_ctrl_Sample_30,-0.059887802990643,69,1.84509804001426,Sample_100_TCGA_BRCA
PIPET,Positive,Neg_ctrl_Sample_31,0.204351919405748,69,1.84509804001426,Sample_100_TCGA_BRCA
PIPET,Positive,Neg_ctrl_Sample_32,0.215090721749735,69,1.84509804001426,Sample_100_TCGA_BRCA
PIPET,Positive,Neg_ctrl_Sample_33,0.0238561296899963,69,1.84509804001426,Sample_100_TCGA_BRCA
PIPET,Positive,Neg_ctrl_Sample_34,-0.240199530272219,69,1.84509804001426,Sample_100_TCGA_BRCA
PIPET,Positive,Neg_ctrl_Sample_35,0.0212915724342408,69,1.84509804001426,Sample_100_TCGA_BRCA
PIPET,Positive,Neg_ctrl_Sample_36,0.0579261557554703,69,1.84509804001426,Sample_100_TCGA_BRCA
PIPET,Positive,Neg_ctrl_Sample_37,0.079457103987867,69,1.84509804001426,Sample_100_TCGA_BRCA
PIPET,Positive,Neg_ctrl_Sample_38,0.0814917518099083,69,1.84509804001426,Sample_100_TCGA_BRCA
PIPET,Positive,Neg_ctrl_Sample_39,0.114221852441579,69,1.84509804001426,Sample_100_TCGA_BRCA
PIPET,Positive,Neg_ctrl_Sample_40,0.152768661600815,69,1.84509804001426,Sample_100_TCGA_BRCA
PIPET,Positive,Neg_ctrl_Sample_41,-0.158979061477269,69,1.84509804001426,Sample_100_TCGA_BRCA
PIPET,Positive,Neg_ctrl_Sample_42,-0.166552225623226,69,1.84509804001426,Sample_100_TCGA_BRCA
PIPET,Positive,Neg_ctrl_Sample_43,0.022725767055479,69,1.84509804001426,Sample_100_TCGA_BRCA
PIPET,Positive,Neg_ctrl_Sample_44,0.269238002193942,69,1.84509804001426,Sample_100_TCGA_BRCA
PIPET,Positive,Neg_ctrl_Sample_45,0.00636832949799225,69,1.84509804001426,Sample_100_TCGA_BRCA
PIPET,Positive,Neg_ctrl_Sample_46,0.31872748697032,69,1.84509804001426,Sample_100_TCGA_BRCA
PIPET,Positive,Neg_ctrl_Sample_47,0.0511663101705812,69,1.84509804001426,Sample_100_TCGA_BRCA
PIPET,Positive,Neg_ctrl_Sample_48,0.0104265081338464,69,1.84509804001426,Sample_100_TCGA_BRCA
PIPET,Positive,Neg_ctrl_Sample_49,-0.121825205259087,69,1.84509804001426,Sample_100_TCGA_BRCA
PIPET,Positive,Neg_ctrl_Sample_50,-0.0112623342451893,69,1.84509804001426,Sample_100_TCGA_BRCA
PIPET,Positive,Neg_ctrl_Sample_51,0.11047700112665,69,1.84509804001426,Sample_100_TCGA_BRCA
PIPET,Positive,Neg_ctrl_Sample_52,0.191022962405222,69,1.84509804001426,Sample_100_TCGA_BRCA
PIPET,Positive,Neg_ctrl_Sample_53,0.0729070790700195,69,1.84509804001426,Sample_100_TCGA_BRCA
PIPET,Positive,Neg_ctrl_Sample_54,0.00272294784336512,69,1.84509804001426,Sample_100_TCGA_BRCA
PIPET,Positive,Neg_ctrl_Sample_55,-0.0352843676181765,69,1.84509804001426,Sample_100_TCGA_BRCA
PIPET,Positive,Neg_ctrl_Sample_56,0.0753377822997006,69,1.84509804001426,Sample_100_TCGA_BRCA
PIPET,Positive,Neg_ctrl_Sample_57,0.0818635341121533,69,1.84509804001426,Sample_100_TCGA_BRCA
PIPET,Positive,Neg_ctrl_Sample_58,0.018368555651557,69,1.84509804001426,Sample_100_TCGA_BRCA
PIPET,Positive,Neg_ctrl_Sample_59,0.08819828178871,69,1.84509804001426,Sample_100_TCGA_BRCA
PIPET,Positive,Neg_ctrl_Sample_60,0.0572958024037205,69,1.84509804001426,Sample_100_TCGA_BRCA
PIPET,Positive,Neg_ctrl_Sample_61,-0.0886960978278393,69,1.84509804001426,Sample_100_TCGA_BRCA
PIPET,Positive,Neg_ctrl_Sample_62,-0.0793630278970016,69,1.84509804001426,Sample_100_TCGA_BRCA
PIPET,Positive,Neg_ctrl_Sample_63,0.137499457418115,69,1.84509804001426,Sample_100_TCGA_BRCA
PIPET,Positive,Neg_ctrl_Sample_64,-0.00291478510379433,69,1.84509804001426,Sample_100_TCGA_BRCA
PIPET,Positive,Neg_ctrl_Sample_65,-0.135804348689435,69,1.84509804001426,Sample_100_TCGA_BRCA
PIPET,Positive,Neg_ctrl_Sample_66,0.0127694618165047,69,1.84509804001426,Sample_100_TCGA_BRCA
PIPET,Positive,Neg_ctrl_Sample_67,0.331056721830318,69,1.84509804001426,Sample_100_TCGA_BRCA
PIPET,Positive,Neg_ctrl_Sample_68,0.000200803655615751,69,1.84509804001426,Sample_100_TCGA_BRCA
PIPET,Positive,Neg_ctrl_Sample_69,-0.093536626501139,69,1.84509804001426,Sample_100_TCGA_BRCA
PIPET,Positive,Neg_ctrl_Sample_70,0.0650309793900877,69,1.84509804001426,Sample_100_TCGA_BRCA
PIPET,Positive,Neg_ctrl_Sample_71,-0.122833083940628,69,1.84509804001426,Sample_100_TCGA_BRCA
PIPET,Positive,Neg_ctrl_Sample_72,-0.117643866058617,69,1.84509804001426,Sample_100_TCGA_BRCA
PIPET,Positive,Neg_ctrl_Sample_73,0.156207882853473,69,1.84509804001426,Sample_100_TCGA_BRCA
PIPET,Positive,Neg_ctrl_Sample_74,-0.116039379619543,69,1.84509804001426,Sample_100_TCGA_BRCA
PIPET,Positive,Neg_ctrl_Sample_75,0.0828144679904649,69,1.84509804001426,Sample_100_TCGA_BRCA
PIPET,Positive,Neg_ctrl_Sample_76,-0.00326137086044059,69,1.84509804001426,Sample_100_TCGA_BRCA
PIPET,Positive,Neg_ctrl_Sample_77,0.141544219510021,69,1.84509804001426,Sample_100_TCGA_BRCA
PIPET,Positive,Neg_ctrl_Sample_78,0.0049807452745433,69,1.84509804001426,Sample_100_TCGA_BRCA
PIPET,Positive,Neg_ctrl_Sample_79,-0.15762185590025,69,1.84509804001426,Sample_100_TCGA_BRCA
PIPET,Positive,Neg_ctrl_Sample_80,-0.0303446993591656,69,1.84509804001426,Sample_100_TCGA_BRCA
PIPET,Positive,Neg_ctrl_Sample_81,0.0379442783980056,69,1.84509804001426,Sample_100_TCGA_BRCA
PIPET,Positive,Neg_ctrl_Sample_82,-0.0333783700130581,69,1.84509804001426,Sample_100_TCGA_BRCA
PIPET,Positive,Neg_ctrl_Sample_83,0.0814049375234366,69,1.84509804001426,Sample_100_TCGA_BRCA
PIPET,Positive,Neg_ctrl_Sample_84,0.107249211658494,69,1.84509804001426,Sample_100_TCGA_BRCA
PIPET,Positive,Neg_ctrl_Sample_85,-0.0156771394449356,69,1.84509804001426,Sample_100_TCGA_BRCA
PIPET,Positive,Neg_ctrl_Sample_86,-0.0706363827365304,69,1.84509804001426,Sample_100_TCGA_BRCA
PIPET,Positive,Neg_ctrl_Sample_87,-0.122911992774149,69,1.84509804001426,Sample_100_TCGA_BRCA
PIPET,Positive,Neg_ctrl_Sample_88,0.171029107962273,69,1.84509804001426,Sample_100_TCGA_BRCA
PIPET,Positive,Neg_ctrl_Sample_89,-0.151147971150444,69,1.84509804001426,Sample_100_TCGA_BRCA
PIPET,Positive,Neg_ctrl_Sample_90,0.117266283364365,69,1.84509804001426,Sample_100_TCGA_BRCA
PIPET,Positive,Neg_ctrl_Sample_91,-0.0359596646524605,69,1.84509804001426,Sample_100_TCGA_BRCA
PIPET,Positive,Neg_ctrl_Sample_92,-0.145978007484232,69,1.84509804001426,Sample_100_TCGA_BRCA
PIPET,Positive,Neg_ctrl_Sample_93,-0.128595984464837,69,1.84509804001426,Sample_100_TCGA_BRCA
PIPET,Positive,Neg_ctrl_Sample_94,0.0296111377019289,69,1.84509804001426,Sample_100_TCGA_BRCA
PIPET,Positive,Neg_ctrl_Sample_95,-0.109831205791801,69,1.84509804001426,Sample_100_TCGA_BRCA
PIPET,Positive,Neg_ctrl_Sample_96,-0.0570120663912315,69,1.84509804001426,Sample_100_TCGA_BRCA
PIPET,Positive,Neg_ctrl_Sample_97,0.0396447343421678,69,1.84509804001426,Sample_100_TCGA_BRCA
PIPET,Positive,Neg_ctrl_Sample_98,0.0290427453378586,69,1.84509804001426,Sample_100_TCGA_BRCA
PIPET,Positive,Neg_ctrl_Sample_99,-0.111489324113327,69,1.84509804001426,Sample_100_TCGA_BRCA
PIPET,Positive,Neg_ctrl_Sample_100,-0.149773052294882,69,1.84509804001426,Sample_100_TCGA_BRCA
