meta_column,label_value,score_group,mean_score,count,log_count,sample
scissor,Negative,Neg_ctrl_Sample_1,-0.0434912821216971,1357,3.13289976994448,Sample_100_GSE42568
scissor,Negative,Neg_ctrl_Sample_2,-0.0559308967448496,1357,3.13289976994448,Sample_100_GSE42568
scissor,Negative,Neg_ctrl_Sample_3,0.0045956526777893,1357,3.13289976994448,Sample_100_GSE42568
scissor,Negative,Neg_ctrl_Sample_4,-0.211632408110089,1357,3.13289976994448,Sample_100_GSE42568
scissor,Negative,Neg_ctrl_Sample_5,-0.0696330137381832,1357,3.13289976994448,Sample_100_GSE42568
scissor,Negative,Neg_ctrl_Sample_6,-0.136728201504726,1357,3.13289976994448,Sample_100_GSE42568
scissor,Negative,Neg_ctrl_Sample_7,-0.173149200634327,1357,3.13289976994448,Sample_100_GSE42568
scissor,Negative,Neg_ctrl_Sample_8,-0.00158684871357849,1357,3.13289976994448,Sample_100_GSE42568
scissor,Negative,Neg_ctrl_Sample_9,-0.00897251355474573,1357,3.13289976994448,Sample_100_GSE42568
scissor,Negative,Neg_ctrl_Sample_10,0.110315492281594,1357,3.13289976994448,Sample_100_GSE42568
scissor,Negative,Neg_ctrl_Sample_11,0.151654949830324,1357,3.13289976994448,Sample_100_GSE42568
scissor,Negative,Neg_ctrl_Sample_12,-0.109923592440316,1357,3.13289976994448,Sample_100_GSE42568
scissor,Negative,Neg_ctrl_Sample_13,-0.0509771893136994,1357,3.13289976994448,Sample_100_GSE42568
scissor,Negative,Neg_ctrl_Sample_14,0.0297018556461871,1357,3.13289976994448,Sample_100_GSE42568
scissor,Negative,Neg_ctrl_Sample_15,-0.0763875141214862,1357,3.13289976994448,Sample_100_GSE42568
scissor,Negative,Neg_ctrl_Sample_16,0.0144402488508592,1357,3.13289976994448,Sample_100_GSE42568
scissor,Negative,Neg_ctrl_Sample_17,0.174530741325062,1357,3.13289976994448,Sample_100_GSE42568
scissor,Negative,Neg_ctrl_Sample_18,0.201784431786753,1357,3.13289976994448,Sample_100_GSE42568
scissor,Negative,Neg_ctrl_Sample_19,0.223790087368142,1357,3.13289976994448,Sample_100_GSE42568
scissor,Negative,Neg_ctrl_Sample_20,-0.124735747295635,1357,3.13289976994448,Sample_100_GSE42568
scissor,Negative,Neg_ctrl_Sample_21,-0.0295619747228192,1357,3.13289976994448,Sample_100_GSE42568
scissor,Negative,Neg_ctrl_Sample_22,0.203514265601594,1357,3.13289976994448,Sample_100_GSE42568
scissor,Negative,Neg_ctrl_Sample_23,0.00378134255963424,1357,3.13289976994448,Sample_100_GSE42568
scissor,Negative,Neg_ctrl_Sample_24,0.141393570174011,1357,3.13289976994448,Sample_100_GSE42568
scissor,Negative,Neg_ctrl_Sample_25,0.0488830846869537,1357,3.13289976994448,Sample_100_GSE42568
scissor,Negative,Neg_ctrl_Sample_26,0.0336467621782456,1357,3.13289976994448,Sample_100_GSE42568
scissor,Negative,Neg_ctrl_Sample_27,0.018785665359628,1357,3.13289976994448,Sample_100_GSE42568
scissor,Negative,Neg_ctrl_Sample_28,0.107950583136923,1357,3.13289976994448,Sample_100_GSE42568
scissor,Negative,Neg_ctrl_Sample_29,0.121142310707585,1357,3.13289976994448,Sample_100_GSE42568
scissor,Negative,Neg_ctrl_Sample_30,-0.0342838123583692,1357,3.13289976994448,Sample_100_GSE42568
scissor,Negative,Neg_ctrl_Sample_31,0.199220448086013,1357,3.13289976994448,Sample_100_GSE42568
scissor,Negative,Neg_ctrl_Sample_32,0.239429612764088,1357,3.13289976994448,Sample_100_GSE42568
scissor,Negative,Neg_ctrl_Sample_33,0.0244105744125694,1357,3.13289976994448,Sample_100_GSE42568
scissor,Negative,Neg_ctrl_Sample_34,-0.205234089255214,1357,3.13289976994448,Sample_100_GSE42568
scissor,Negative,Neg_ctrl_Sample_35,0.0338960306934165,1357,3.13289976994448,Sample_100_GSE42568
scissor,Negative,Neg_ctrl_Sample_36,0.0793984224274085,1357,3.13289976994448,Sample_100_GSE42568
scissor,Negative,Neg_ctrl_Sample_37,0.0840862324542978,1357,3.13289976994448,Sample_100_GSE42568
scissor,Negative,Neg_ctrl_Sample_38,0.082706732099882,1357,3.13289976994448,Sample_100_GSE42568
scissor,Negative,Neg_ctrl_Sample_39,0.119362784566416,1357,3.13289976994448,Sample_100_GSE42568
scissor,Negative,Neg_ctrl_Sample_40,0.160901961518215,1357,3.13289976994448,Sample_100_GSE42568
scissor,Negative,Neg_ctrl_Sample_41,-0.119616497272501,1357,3.13289976994448,Sample_100_GSE42568
scissor,Negative,Neg_ctrl_Sample_42,-0.128835370104036,1357,3.13289976994448,Sample_100_GSE42568
scissor,Negative,Neg_ctrl_Sample_43,0.0474806792185029,1357,3.13289976994448,Sample_100_GSE42568
scissor,Negative,Neg_ctrl_Sample_44,0.268154919295089,1357,3.13289976994448,Sample_100_GSE42568
scissor,Negative,Neg_ctrl_Sample_45,0.0331233036238926,1357,3.13289976994448,Sample_100_GSE42568
scissor,Negative,Neg_ctrl_Sample_46,0.305857073470742,1357,3.13289976994448,Sample_100_GSE42568
scissor,Negative,Neg_ctrl_Sample_47,0.0537701584537985,1357,3.13289976994448,Sample_100_GSE42568
scissor,Negative,Neg_ctrl_Sample_48,0.0416383472164497,1357,3.13289976994448,Sample_100_GSE42568
scissor,Negative,Neg_ctrl_Sample_49,-0.0704981697536514,1357,3.13289976994448,Sample_100_GSE42568
scissor,Negative,Neg_ctrl_Sample_50,0.0204481057743461,1357,3.13289976994448,Sample_100_GSE42568
scissor,Negative,Neg_ctrl_Sample_51,0.124496169372391,1357,3.13289976994448,Sample_100_GSE42568
scissor,Negative,Neg_ctrl_Sample_52,0.228754508272684,1357,3.13289976994448,Sample_100_GSE42568
scissor,Negative,Neg_ctrl_Sample_53,0.0984835808323895,1357,3.13289976994448,Sample_100_GSE42568
scissor,Negative,Neg_ctrl_Sample_54,0.010961166556556,1357,3.13289976994448,Sample_100_GSE42568
scissor,Negative,Neg_ctrl_Sample_55,-0.0137770040965997,1357,3.13289976994448,Sample_100_GSE42568
scissor,Negative,Neg_ctrl_Sample_56,0.0875928599882902,1357,3.13289976994448,Sample_100_GSE42568
scissor,Negative,Neg_ctrl_Sample_57,0.0755685513634241,1357,3.13289976994448,Sample_100_GSE42568
scissor,Negative,Neg_ctrl_Sample_58,0.0305904262236162,1357,3.13289976994448,Sample_100_GSE42568
scissor,Negative,Neg_ctrl_Sample_59,0.0942645896232869,1357,3.13289976994448,Sample_100_GSE42568
scissor,Negative,Neg_ctrl_Sample_60,0.0714371511366396,1357,3.13289976994448,Sample_100_GSE42568
scissor,Negative,Neg_ctrl_Sample_61,-0.0462818979858634,1357,3.13289976994448,Sample_100_GSE42568
scissor,Negative,Neg_ctrl_Sample_62,-0.0702889113443707,1357,3.13289976994448,Sample_100_GSE42568
scissor,Negative,Neg_ctrl_Sample_63,0.151774607297082,1357,3.13289976994448,Sample_100_GSE42568
scissor,Negative,Neg_ctrl_Sample_64,0.0390055097664213,1357,3.13289976994448,Sample_100_GSE42568
scissor,Negative,Neg_ctrl_Sample_65,-0.0997076750199739,1357,3.13289976994448,Sample_100_GSE42568
scissor,Negative,Neg_ctrl_Sample_66,0.025077018329511,1357,3.13289976994448,Sample_100_GSE42568
scissor,Negative,Neg_ctrl_Sample_67,0.333290907221179,1357,3.13289976994448,Sample_100_GSE42568
scissor,Negative,Neg_ctrl_Sample_68,0.018686640737664,1357,3.13289976994448,Sample_100_GSE42568
scissor,Negative,Neg_ctrl_Sample_69,-0.0602059512176238,1357,3.13289976994448,Sample_100_GSE42568
scissor,Negative,Neg_ctrl_Sample_70,0.0728986158242383,1357,3.13289976994448,Sample_100_GSE42568
scissor,Negative,Neg_ctrl_Sample_71,-0.116336009987145,1357,3.13289976994448,Sample_100_GSE42568
scissor,Negative,Neg_ctrl_Sample_72,-0.108121532945739,1357,3.13289976994448,Sample_100_GSE42568
scissor,Negative,Neg_ctrl_Sample_73,0.146564720088918,1357,3.13289976994448,Sample_100_GSE42568
scissor,Negative,Neg_ctrl_Sample_74,-0.0819558065280632,1357,3.13289976994448,Sample_100_GSE42568
scissor,Negative,Neg_ctrl_Sample_75,0.0979049111220401,1357,3.13289976994448,Sample_100_GSE42568
scissor,Negative,Neg_ctrl_Sample_76,0.033546534478738,1357,3.13289976994448,Sample_100_GSE42568
scissor,Negative,Neg_ctrl_Sample_77,0.146059078686446,1357,3.13289976994448,Sample_100_GSE42568
scissor,Negative,Neg_ctrl_Sample_78,0.00728251901736358,1357,3.13289976994448,Sample_100_GSE42568
scissor,Negative,Neg_ctrl_Sample_79,-0.111621497833366,1357,3.13289976994448,Sample_100_GSE42568
scissor,Negative,Neg_ctrl_Sample_80,-0.0310287178796333,1357,3.13289976994448,Sample_100_GSE42568
scissor,Negative,Neg_ctrl_Sample_81,0.0316827468723406,1357,3.13289976994448,Sample_100_GSE42568
scissor,Negative,Neg_ctrl_Sample_82,-0.0300616616676399,1357,3.13289976994448,Sample_100_GSE42568
scissor,Negative,Neg_ctrl_Sample_83,0.0900028139215992,1357,3.13289976994448,Sample_100_GSE42568
scissor,Negative,Neg_ctrl_Sample_84,0.113961674810366,1357,3.13289976994448,Sample_100_GSE42568
scissor,Negative,Neg_ctrl_Sample_85,-0.00751791546266666,1357,3.13289976994448,Sample_100_GSE42568
scissor,Negative,Neg_ctrl_Sample_86,-0.0659782316767265,1357,3.13289976994448,Sample_100_GSE42568
scissor,Negative,Neg_ctrl_Sample_87,-0.0939602491912692,1357,3.13289976994448,Sample_100_GSE42568
scissor,Negative,Neg_ctrl_Sample_88,0.183595464329785,1357,3.13289976994448,Sample_100_GSE42568
scissor,Negative,Neg_ctrl_Sample_89,-0.121469941878767,1357,3.13289976994448,Sample_100_GSE42568
scissor,Negative,Neg_ctrl_Sample_90,0.120741200079027,1357,3.13289976994448,Sample_100_GSE42568
scissor,Negative,Neg_ctrl_Sample_91,-0.0335465557443381,1357,3.13289976994448,Sample_100_GSE42568
scissor,Negative,Neg_ctrl_Sample_92,-0.126893568991893,1357,3.13289976994448,Sample_100_GSE42568
scissor,Negative,Neg_ctrl_Sample_93,-0.114128203424411,1357,3.13289976994448,Sample_100_GSE42568
scissor,Negative,Neg_ctrl_Sample_94,0.0347190077778966,1357,3.13289976994448,Sample_100_GSE42568
scissor,Negative,Neg_ctrl_Sample_95,-0.0953706706053969,1357,3.13289976994448,Sample_100_GSE42568
scissor,Negative,Neg_ctrl_Sample_96,-0.0680190025321985,1357,3.13289976994448,Sample_100_GSE42568
scissor,Negative,Neg_ctrl_Sample_97,0.0516216280361811,1357,3.13289976994448,Sample_100_GSE42568
scissor,Negative,Neg_ctrl_Sample_98,0.0604564086889192,1357,3.13289976994448,Sample_100_GSE42568
scissor,Negative,Neg_ctrl_Sample_99,-0.0941264064373157,1357,3.13289976994448,Sample_100_GSE42568
scissor,Negative,Neg_ctrl_Sample_100,-0.143717651796985,1357,3.13289976994448,Sample_100_GSE42568
scissor,Neutral,Neg_ctrl_Sample_1,-0.0526177130371284,28899,4.46089784275655,Sample_100_GSE42568
scissor,Neutral,Neg_ctrl_Sample_2,-0.0513753471525223,28899,4.46089784275655,Sample_100_GSE42568
scissor,Neutral,Neg_ctrl_Sample_3,-0.025038135721519,28899,4.46089784275655,Sample_100_GSE42568
scissor,Neutral,Neg_ctrl_Sample_4,-0.226111347241916,28899,4.46089784275655,Sample_100_GSE42568
scissor,Neutral,Neg_ctrl_Sample_5,-0.0908460277412156,28899,4.46089784275655,Sample_100_GSE42568
scissor,Neutral,Neg_ctrl_Sample_6,-0.143056155094209,28899,4.46089784275655,Sample_100_GSE42568
scissor,Neutral,Neg_ctrl_Sample_7,-0.166636234607743,28899,4.46089784275655,Sample_100_GSE42568
scissor,Neutral,Neg_ctrl_Sample_8,-0.00619547382604126,28899,4.46089784275655,Sample_100_GSE42568
scissor,Neutral,Neg_ctrl_Sample_9,-0.0085346323532743,28899,4.46089784275655,Sample_100_GSE42568
scissor,Neutral,Neg_ctrl_Sample_10,0.0950864382627221,28899,4.46089784275655,Sample_100_GSE42568
scissor,Neutral,Neg_ctrl_Sample_11,0.148810318571687,28899,4.46089784275655,Sample_100_GSE42568
scissor,Neutral,Neg_ctrl_Sample_12,-0.127427020461195,28899,4.46089784275655,Sample_100_GSE42568
scissor,Neutral,Neg_ctrl_Sample_13,-0.063941902891008,28899,4.46089784275655,Sample_100_GSE42568
scissor,Neutral,Neg_ctrl_Sample_14,0.0313998238830075,28899,4.46089784275655,Sample_100_GSE42568
scissor,Neutral,Neg_ctrl_Sample_15,-0.07426086533904,28899,4.46089784275655,Sample_100_GSE42568
scissor,Neutral,Neg_ctrl_Sample_16,-0.0248658628981421,28899,4.46089784275655,Sample_100_GSE42568
scissor,Neutral,Neg_ctrl_Sample_17,0.166721057830292,28899,4.46089784275655,Sample_100_GSE42568
scissor,Neutral,Neg_ctrl_Sample_18,0.199237557256332,28899,4.46089784275655,Sample_100_GSE42568
scissor,Neutral,Neg_ctrl_Sample_19,0.231835618294264,28899,4.46089784275655,Sample_100_GSE42568
scissor,Neutral,Neg_ctrl_Sample_20,-0.129795110027722,28899,4.46089784275655,Sample_100_GSE42568
scissor,Neutral,Neg_ctrl_Sample_21,-0.02766053725906,28899,4.46089784275655,Sample_100_GSE42568
scissor,Neutral,Neg_ctrl_Sample_22,0.20457772460083,28899,4.46089784275655,Sample_100_GSE42568
scissor,Neutral,Neg_ctrl_Sample_23,-0.0386935527461392,28899,4.46089784275655,Sample_100_GSE42568
scissor,Neutral,Neg_ctrl_Sample_24,0.134668202686002,28899,4.46089784275655,Sample_100_GSE42568
scissor,Neutral,Neg_ctrl_Sample_25,0.0558714322938897,28899,4.46089784275655,Sample_100_GSE42568
scissor,Neutral,Neg_ctrl_Sample_26,0.03132875397672,28899,4.46089784275655,Sample_100_GSE42568
scissor,Neutral,Neg_ctrl_Sample_27,0.00139614228163997,28899,4.46089784275655,Sample_100_GSE42568
scissor,Neutral,Neg_ctrl_Sample_28,0.0922689200608927,28899,4.46089784275655,Sample_100_GSE42568
scissor,Neutral,Neg_ctrl_Sample_29,0.120938154866333,28899,4.46089784275655,Sample_100_GSE42568
scissor,Neutral,Neg_ctrl_Sample_30,-0.052758814531936,28899,4.46089784275655,Sample_100_GSE42568
scissor,Neutral,Neg_ctrl_Sample_31,0.199508374383799,28899,4.46089784275655,Sample_100_GSE42568
scissor,Neutral,Neg_ctrl_Sample_32,0.234571236067433,28899,4.46089784275655,Sample_100_GSE42568
scissor,Neutral,Neg_ctrl_Sample_33,0.016924765237731,28899,4.46089784275655,Sample_100_GSE42568
scissor,Neutral,Neg_ctrl_Sample_34,-0.232647805158015,28899,4.46089784275655,Sample_100_GSE42568
scissor,Neutral,Neg_ctrl_Sample_35,0.0374548263268168,28899,4.46089784275655,Sample_100_GSE42568
scissor,Neutral,Neg_ctrl_Sample_36,0.0632645702753618,28899,4.46089784275655,Sample_100_GSE42568
scissor,Neutral,Neg_ctrl_Sample_37,0.0785235393759979,28899,4.46089784275655,Sample_100_GSE42568
scissor,Neutral,Neg_ctrl_Sample_38,0.0709663959037607,28899,4.46089784275655,Sample_100_GSE42568
scissor,Neutral,Neg_ctrl_Sample_39,0.110467532124581,28899,4.46089784275655,Sample_100_GSE42568
scissor,Neutral,Neg_ctrl_Sample_40,0.169449839217662,28899,4.46089784275655,Sample_100_GSE42568
scissor,Neutral,Neg_ctrl_Sample_41,-0.137574959522384,28899,4.46089784275655,Sample_100_GSE42568
scissor,Neutral,Neg_ctrl_Sample_42,-0.146858539955364,28899,4.46089784275655,Sample_100_GSE42568
scissor,Neutral,Neg_ctrl_Sample_43,0.0407697750554459,28899,4.46089784275655,Sample_100_GSE42568
scissor,Neutral,Neg_ctrl_Sample_44,0.272441350565701,28899,4.46089784275655,Sample_100_GSE42568
scissor,Neutral,Neg_ctrl_Sample_45,0.0168438182426289,28899,4.46089784275655,Sample_100_GSE42568
scissor,Neutral,Neg_ctrl_Sample_46,0.310044871940585,28899,4.46089784275655,Sample_100_GSE42568
scissor,Neutral,Neg_ctrl_Sample_47,0.0521071396550927,28899,4.46089784275655,Sample_100_GSE42568
scissor,Neutral,Neg_ctrl_Sample_48,0.0179562566813202,28899,4.46089784275655,Sample_100_GSE42568
scissor,Neutral,Neg_ctrl_Sample_49,-0.11408809601625,28899,4.46089784275655,Sample_100_GSE42568
scissor,Neutral,Neg_ctrl_Sample_50,-0.011596083412603,28899,4.46089784275655,Sample_100_GSE42568
scissor,Neutral,Neg_ctrl_Sample_51,0.113581315614687,28899,4.46089784275655,Sample_100_GSE42568
scissor,Neutral,Neg_ctrl_Sample_52,0.204358216750957,28899,4.46089784275655,Sample_100_GSE42568
scissor,Neutral,Neg_ctrl_Sample_53,0.0905862941265622,28899,4.46089784275655,Sample_100_GSE42568
scissor,Neutral,Neg_ctrl_Sample_54,0.0155082324966914,28899,4.46089784275655,Sample_100_GSE42568
scissor,Neutral,Neg_ctrl_Sample_55,-0.0228842702351064,28899,4.46089784275655,Sample_100_GSE42568
scissor,Neutral,Neg_ctrl_Sample_56,0.0850040422964112,28899,4.46089784275655,Sample_100_GSE42568
scissor,Neutral,Neg_ctrl_Sample_57,0.0901571096245272,28899,4.46089784275655,Sample_100_GSE42568
scissor,Neutral,Neg_ctrl_Sample_58,0.0248507286550945,28899,4.46089784275655,Sample_100_GSE42568
scissor,Neutral,Neg_ctrl_Sample_59,0.0948490374944675,28899,4.46089784275655,Sample_100_GSE42568
scissor,Neutral,Neg_ctrl_Sample_60,0.0718456111035546,28899,4.46089784275655,Sample_100_GSE42568
scissor,Neutral,Neg_ctrl_Sample_61,-0.0669807497048917,28899,4.46089784275655,Sample_100_GSE42568
scissor,Neutral,Neg_ctrl_Sample_62,-0.0764305625581604,28899,4.46089784275655,Sample_100_GSE42568
scissor,Neutral,Neg_ctrl_Sample_63,0.144694058600443,28899,4.46089784275655,Sample_100_GSE42568
scissor,Neutral,Neg_ctrl_Sample_64,0.0273347239101111,28899,4.46089784275655,Sample_100_GSE42568
scissor,Neutral,Neg_ctrl_Sample_65,-0.11700743143641,28899,4.46089784275655,Sample_100_GSE42568
scissor,Neutral,Neg_ctrl_Sample_66,0.0141258536822755,28899,4.46089784275655,Sample_100_GSE42568
scissor,Neutral,Neg_ctrl_Sample_67,0.336059958031844,28899,4.46089784275655,Sample_100_GSE42568
scissor,Neutral,Neg_ctrl_Sample_68,0.0174215595161406,28899,4.46089784275655,Sample_100_GSE42568
scissor,Neutral,Neg_ctrl_Sample_69,-0.0810877740122261,28899,4.46089784275655,Sample_100_GSE42568
scissor,Neutral,Neg_ctrl_Sample_70,0.0741847136299551,28899,4.46089784275655,Sample_100_GSE42568
scissor,Neutral,Neg_ctrl_Sample_71,-0.121103114995003,28899,4.46089784275655,Sample_100_GSE42568
scissor,Neutral,Neg_ctrl_Sample_72,-0.111688318298124,28899,4.46089784275655,Sample_100_GSE42568
scissor,Neutral,Neg_ctrl_Sample_73,0.145837347365278,28899,4.46089784275655,Sample_100_GSE42568
scissor,Neutral,Neg_ctrl_Sample_74,-0.0982551747601012,28899,4.46089784275655,Sample_100_GSE42568
scissor,Neutral,Neg_ctrl_Sample_75,0.102557655148949,28899,4.46089784275655,Sample_100_GSE42568
scissor,Neutral,Neg_ctrl_Sample_76,0.0167889247216859,28899,4.46089784275655,Sample_100_GSE42568
scissor,Neutral,Neg_ctrl_Sample_77,0.154453438025924,28899,4.46089784275655,Sample_100_GSE42568
scissor,Neutral,Neg_ctrl_Sample_78,0.00909267346292926,28899,4.46089784275655,Sample_100_GSE42568
scissor,Neutral,Neg_ctrl_Sample_79,-0.132051493122368,28899,4.46089784275655,Sample_100_GSE42568
scissor,Neutral,Neg_ctrl_Sample_80,-0.0303434432775041,28899,4.46089784275655,Sample_100_GSE42568
scissor,Neutral,Neg_ctrl_Sample_81,0.0459120321328928,28899,4.46089784275655,Sample_100_GSE42568
scissor,Neutral,Neg_ctrl_Sample_82,-0.0289147819390094,28899,4.46089784275655,Sample_100_GSE42568
scissor,Neutral,Neg_ctrl_Sample_83,0.0874637351423273,28899,4.46089784275655,Sample_100_GSE42568
scissor,Neutral,Neg_ctrl_Sample_84,0.105896892353566,28899,4.46089784275655,Sample_100_GSE42568
scissor,Neutral,Neg_ctrl_Sample_85,-0.00994271455609465,28899,4.46089784275655,Sample_100_GSE42568
scissor,Neutral,Neg_ctrl_Sample_86,-0.0623589684557359,28899,4.46089784275655,Sample_100_GSE42568
scissor,Neutral,Neg_ctrl_Sample_87,-0.114231622214557,28899,4.46089784275655,Sample_100_GSE42568
scissor,Neutral,Neg_ctrl_Sample_88,0.174537893760885,28899,4.46089784275655,Sample_100_GSE42568
scissor,Neutral,Neg_ctrl_Sample_89,-0.139070489121285,28899,4.46089784275655,Sample_100_GSE42568
scissor,Neutral,Neg_ctrl_Sample_90,0.133043042164011,28899,4.46089784275655,Sample_100_GSE42568
scissor,Neutral,Neg_ctrl_Sample_91,-0.0358610410123525,28899,4.46089784275655,Sample_100_GSE42568
scissor,Neutral,Neg_ctrl_Sample_92,-0.14411967080043,28899,4.46089784275655,Sample_100_GSE42568
scissor,Neutral,Neg_ctrl_Sample_93,-0.120451495432638,28899,4.46089784275655,Sample_100_GSE42568
scissor,Neutral,Neg_ctrl_Sample_94,0.0311811937488836,28899,4.46089784275655,Sample_100_GSE42568
scissor,Neutral,Neg_ctrl_Sample_95,-0.0961438769300163,28899,4.46089784275655,Sample_100_GSE42568
scissor,Neutral,Neg_ctrl_Sample_96,-0.0732431517545235,28899,4.46089784275655,Sample_100_GSE42568
scissor,Neutral,Neg_ctrl_Sample_97,0.0528199982087272,28899,4.46089784275655,Sample_100_GSE42568
scissor,Neutral,Neg_ctrl_Sample_98,0.0347993088258165,28899,4.46089784275655,Sample_100_GSE42568
scissor,Neutral,Neg_ctrl_Sample_99,-0.102429148284021,28899,4.46089784275655,Sample_100_GSE42568
scissor,Neutral,Neg_ctrl_Sample_100,-0.149305004052283,28899,4.46089784275655,Sample_100_GSE42568
scissor,Positive,Neg_ctrl_Sample_1,-0.0592820822090345,1616,3.2087100199064,Sample_100_GSE42568
scissor,Positive,Neg_ctrl_Sample_2,-0.0198858513299424,1616,3.2087100199064,Sample_100_GSE42568
scissor,Positive,Neg_ctrl_Sample_3,-0.0422067778378321,1616,3.2087100199064,Sample_100_GSE42568
scissor,Positive,Neg_ctrl_Sample_4,-0.234222019934266,1616,3.2087100199064,Sample_100_GSE42568
scissor,Positive,Neg_ctrl_Sample_5,-0.0887450535673391,1616,3.2087100199064,Sample_100_GSE42568
scissor,Positive,Neg_ctrl_Sample_6,-0.13892487434017,1616,3.2087100199064,Sample_100_GSE42568
scissor,Positive,Neg_ctrl_Sample_7,-0.153728963715063,1616,3.2087100199064,Sample_100_GSE42568
scissor,Positive,Neg_ctrl_Sample_8,-0.00873045688217672,1616,3.2087100199064,Sample_100_GSE42568
scissor,Positive,Neg_ctrl_Sample_9,0.00392314782684336,1616,3.2087100199064,Sample_100_GSE42568
scissor,Positive,Neg_ctrl_Sample_10,0.0991507027040458,1616,3.2087100199064,Sample_100_GSE42568
scissor,Positive,Neg_ctrl_Sample_11,0.144462171478222,1616,3.2087100199064,Sample_100_GSE42568
scissor,Positive,Neg_ctrl_Sample_12,-0.132243960404261,1616,3.2087100199064,Sample_100_GSE42568
scissor,Positive,Neg_ctrl_Sample_13,-0.0692129438389906,1616,3.2087100199064,Sample_100_GSE42568
scissor,Positive,Neg_ctrl_Sample_14,0.0383557928545068,1616,3.2087100199064,Sample_100_GSE42568
scissor,Positive,Neg_ctrl_Sample_15,-0.0604496824508559,1616,3.2087100199064,Sample_100_GSE42568
scissor,Positive,Neg_ctrl_Sample_16,-0.024464738107159,1616,3.2087100199064,Sample_100_GSE42568
scissor,Positive,Neg_ctrl_Sample_17,0.174438079827563,1616,3.2087100199064,Sample_100_GSE42568
scissor,Positive,Neg_ctrl_Sample_18,0.19709294402995,1616,3.2087100199064,Sample_100_GSE42568
scissor,Positive,Neg_ctrl_Sample_19,0.246459281660079,1616,3.2087100199064,Sample_100_GSE42568
scissor,Positive,Neg_ctrl_Sample_20,-0.126126743150668,1616,3.2087100199064,Sample_100_GSE42568
scissor,Positive,Neg_ctrl_Sample_21,-0.0243533723643592,1616,3.2087100199064,Sample_100_GSE42568
scissor,Positive,Neg_ctrl_Sample_22,0.217325158902458,1616,3.2087100199064,Sample_100_GSE42568
scissor,Positive,Neg_ctrl_Sample_23,-0.0369278382387215,1616,3.2087100199064,Sample_100_GSE42568
scissor,Positive,Neg_ctrl_Sample_24,0.125748262662158,1616,3.2087100199064,Sample_100_GSE42568
scissor,Positive,Neg_ctrl_Sample_25,0.0491084755757206,1616,3.2087100199064,Sample_100_GSE42568
scissor,Positive,Neg_ctrl_Sample_26,0.0395545016954591,1616,3.2087100199064,Sample_100_GSE42568
scissor,Positive,Neg_ctrl_Sample_27,0.0117181724511435,1616,3.2087100199064,Sample_100_GSE42568
scissor,Positive,Neg_ctrl_Sample_28,0.105058000098198,1616,3.2087100199064,Sample_100_GSE42568
scissor,Positive,Neg_ctrl_Sample_29,0.116340262723246,1616,3.2087100199064,Sample_100_GSE42568
scissor,Positive,Neg_ctrl_Sample_30,-0.067501828911371,1616,3.2087100199064,Sample_100_GSE42568
scissor,Positive,Neg_ctrl_Sample_31,0.217861133105737,1616,3.2087100199064,Sample_100_GSE42568
scissor,Positive,Neg_ctrl_Sample_32,0.246335036650547,1616,3.2087100199064,Sample_100_GSE42568
scissor,Positive,Neg_ctrl_Sample_33,0.0139815813488587,1616,3.2087100199064,Sample_100_GSE42568
scissor,Positive,Neg_ctrl_Sample_34,-0.235303622821842,1616,3.2087100199064,Sample_100_GSE42568
scissor,Positive,Neg_ctrl_Sample_35,0.0687389653001358,1616,3.2087100199064,Sample_100_GSE42568
scissor,Positive,Neg_ctrl_Sample_36,0.0514573424945731,1616,3.2087100199064,Sample_100_GSE42568
scissor,Positive,Neg_ctrl_Sample_37,0.0721431903257935,1616,3.2087100199064,Sample_100_GSE42568
scissor,Positive,Neg_ctrl_Sample_38,0.0649918492638231,1616,3.2087100199064,Sample_100_GSE42568
scissor,Positive,Neg_ctrl_Sample_39,0.120525916048631,1616,3.2087100199064,Sample_100_GSE42568
scissor,Positive,Neg_ctrl_Sample_40,0.175706743669068,1616,3.2087100199064,Sample_100_GSE42568
scissor,Positive,Neg_ctrl_Sample_41,-0.144678517667672,1616,3.2087100199064,Sample_100_GSE42568
scissor,Positive,Neg_ctrl_Sample_42,-0.153787993302285,1616,3.2087100199064,Sample_100_GSE42568
scissor,Positive,Neg_ctrl_Sample_43,0.0393751697223943,1616,3.2087100199064,Sample_100_GSE42568
scissor,Positive,Neg_ctrl_Sample_44,0.270528618905765,1616,3.2087100199064,Sample_100_GSE42568
scissor,Positive,Neg_ctrl_Sample_45,0.0245776679766673,1616,3.2087100199064,Sample_100_GSE42568
scissor,Positive,Neg_ctrl_Sample_46,0.312285899652512,1616,3.2087100199064,Sample_100_GSE42568
scissor,Positive,Neg_ctrl_Sample_47,0.0543424686419542,1616,3.2087100199064,Sample_100_GSE42568
scissor,Positive,Neg_ctrl_Sample_48,-0.0114200044762555,1616,3.2087100199064,Sample_100_GSE42568
scissor,Positive,Neg_ctrl_Sample_49,-0.119200906080084,1616,3.2087100199064,Sample_100_GSE42568
scissor,Positive,Neg_ctrl_Sample_50,-0.0250974728490555,1616,3.2087100199064,Sample_100_GSE42568
scissor,Positive,Neg_ctrl_Sample_51,0.120696044777467,1616,3.2087100199064,Sample_100_GSE42568
scissor,Positive,Neg_ctrl_Sample_52,0.204570289782613,1616,3.2087100199064,Sample_100_GSE42568
scissor,Positive,Neg_ctrl_Sample_53,0.0773274506009368,1616,3.2087100199064,Sample_100_GSE42568
scissor,Positive,Neg_ctrl_Sample_54,0.0371421556344479,1616,3.2087100199064,Sample_100_GSE42568
scissor,Positive,Neg_ctrl_Sample_55,-0.00729741520807458,1616,3.2087100199064,Sample_100_GSE42568
scissor,Positive,Neg_ctrl_Sample_56,0.104291939238426,1616,3.2087100199064,Sample_100_GSE42568
scissor,Positive,Neg_ctrl_Sample_57,0.132065518514841,1616,3.2087100199064,Sample_100_GSE42568
scissor,Positive,Neg_ctrl_Sample_58,0.0414919295976384,1616,3.2087100199064,Sample_100_GSE42568
scissor,Positive,Neg_ctrl_Sample_59,0.112751652795066,1616,3.2087100199064,Sample_100_GSE42568
scissor,Positive,Neg_ctrl_Sample_60,0.103603268118319,1616,3.2087100199064,Sample_100_GSE42568
scissor,Positive,Neg_ctrl_Sample_61,-0.0664067899004606,1616,3.2087100199064,Sample_100_GSE42568
scissor,Positive,Neg_ctrl_Sample_62,-0.0682904303247907,1616,3.2087100199064,Sample_100_GSE42568
scissor,Positive,Neg_ctrl_Sample_63,0.146412958298521,1616,3.2087100199064,Sample_100_GSE42568
scissor,Positive,Neg_ctrl_Sample_64,0.0339481530181438,1616,3.2087100199064,Sample_100_GSE42568
scissor,Positive,Neg_ctrl_Sample_65,-0.118737480155514,1616,3.2087100199064,Sample_100_GSE42568
scissor,Positive,Neg_ctrl_Sample_66,0.0233119836828193,1616,3.2087100199064,Sample_100_GSE42568
scissor,Positive,Neg_ctrl_Sample_67,0.332306204154685,1616,3.2087100199064,Sample_100_GSE42568
scissor,Positive,Neg_ctrl_Sample_68,0.0386035140879462,1616,3.2087100199064,Sample_100_GSE42568
scissor,Positive,Neg_ctrl_Sample_69,-0.0657207123251862,1616,3.2087100199064,Sample_100_GSE42568
scissor,Positive,Neg_ctrl_Sample_70,0.084177591147452,1616,3.2087100199064,Sample_100_GSE42568
scissor,Positive,Neg_ctrl_Sample_71,-0.122117961575612,1616,3.2087100199064,Sample_100_GSE42568
scissor,Positive,Neg_ctrl_Sample_72,-0.109498556019865,1616,3.2087100199064,Sample_100_GSE42568
scissor,Positive,Neg_ctrl_Sample_73,0.149114782974802,1616,3.2087100199064,Sample_100_GSE42568
scissor,Positive,Neg_ctrl_Sample_74,-0.0891220747650639,1616,3.2087100199064,Sample_100_GSE42568
scissor,Positive,Neg_ctrl_Sample_75,0.104069139926625,1616,3.2087100199064,Sample_100_GSE42568
scissor,Positive,Neg_ctrl_Sample_76,0.0220746363822337,1616,3.2087100199064,Sample_100_GSE42568
scissor,Positive,Neg_ctrl_Sample_77,0.196484118395923,1616,3.2087100199064,Sample_100_GSE42568
scissor,Positive,Neg_ctrl_Sample_78,0.0168763720649008,1616,3.2087100199064,Sample_100_GSE42568
scissor,Positive,Neg_ctrl_Sample_79,-0.126867116875917,1616,3.2087100199064,Sample_100_GSE42568
scissor,Positive,Neg_ctrl_Sample_80,-0.0239746029008629,1616,3.2087100199064,Sample_100_GSE42568
scissor,Positive,Neg_ctrl_Sample_81,0.0617569306363335,1616,3.2087100199064,Sample_100_GSE42568
scissor,Positive,Neg_ctrl_Sample_82,-0.0248721965320232,1616,3.2087100199064,Sample_100_GSE42568
scissor,Positive,Neg_ctrl_Sample_83,0.0900294815751774,1616,3.2087100199064,Sample_100_GSE42568
scissor,Positive,Neg_ctrl_Sample_84,0.105798527888245,1616,3.2087100199064,Sample_100_GSE42568
scissor,Positive,Neg_ctrl_Sample_85,-0.00147142508120934,1616,3.2087100199064,Sample_100_GSE42568
scissor,Positive,Neg_ctrl_Sample_86,-0.068819529675323,1616,3.2087100199064,Sample_100_GSE42568
scissor,Positive,Neg_ctrl_Sample_87,-0.0854784627493355,1616,3.2087100199064,Sample_100_GSE42568
scissor,Positive,Neg_ctrl_Sample_88,0.166361475205053,1616,3.2087100199064,Sample_100_GSE42568
scissor,Positive,Neg_ctrl_Sample_89,-0.128736867076043,1616,3.2087100199064,Sample_100_GSE42568
scissor,Positive,Neg_ctrl_Sample_90,0.15346087391507,1616,3.2087100199064,Sample_100_GSE42568
scissor,Positive,Neg_ctrl_Sample_91,-0.0419238689009543,1616,3.2087100199064,Sample_100_GSE42568
scissor,Positive,Neg_ctrl_Sample_92,-0.146778129324852,1616,3.2087100199064,Sample_100_GSE42568
scissor,Positive,Neg_ctrl_Sample_93,-0.118665785177361,1616,3.2087100199064,Sample_100_GSE42568
scissor,Positive,Neg_ctrl_Sample_94,0.036856868405707,1616,3.2087100199064,Sample_100_GSE42568
scissor,Positive,Neg_ctrl_Sample_95,-0.0819555725416354,1616,3.2087100199064,Sample_100_GSE42568
scissor,Positive,Neg_ctrl_Sample_96,-0.0635065786553928,1616,3.2087100199064,Sample_100_GSE42568
scissor,Positive,Neg_ctrl_Sample_97,0.0666422071101893,1616,3.2087100199064,Sample_100_GSE42568
scissor,Positive,Neg_ctrl_Sample_98,0.0388113010202375,1616,3.2087100199064,Sample_100_GSE42568
scissor,Positive,Neg_ctrl_Sample_99,-0.0998259229964215,1616,3.2087100199064,Sample_100_GSE42568
scissor,Positive,Neg_ctrl_Sample_100,-0.166499796267741,1616,3.2087100199064,Sample_100_GSE42568
scAB,Other,Neg_ctrl_Sample_1,-0.0529331636621139,29848,4.4749297859928,Sample_100_GSE42568
scAB,Other,Neg_ctrl_Sample_2,-0.0518404798053014,29848,4.4749297859928,Sample_100_GSE42568
scAB,Other,Neg_ctrl_Sample_3,-0.0258886658537209,29848,4.4749297859928,Sample_100_GSE42568
scAB,Other,Neg_ctrl_Sample_4,-0.22786360117604,29848,4.4749297859928,Sample_100_GSE42568
scAB,Other,Neg_ctrl_Sample_5,-0.0916396172960532,29848,4.4749297859928,Sample_100_GSE42568
scAB,Other,Neg_ctrl_Sample_6,-0.143650209014537,29848,4.4749297859928,Sample_100_GSE42568
scAB,Other,Neg_ctrl_Sample_7,-0.167474252062325,29848,4.4749297859928,Sample_100_GSE42568
scAB,Other,Neg_ctrl_Sample_8,-0.00619842391970565,29848,4.4749297859928,Sample_100_GSE42568
scAB,Other,Neg_ctrl_Sample_9,-0.0101513282391575,29848,4.4749297859928,Sample_100_GSE42568
scAB,Other,Neg_ctrl_Sample_10,0.0950336081238444,29848,4.4749297859928,Sample_100_GSE42568
scAB,Other,Neg_ctrl_Sample_11,0.148238286163761,29848,4.4749297859928,Sample_100_GSE42568
scAB,Other,Neg_ctrl_Sample_12,-0.129103704480257,29848,4.4749297859928,Sample_100_GSE42568
scAB,Other,Neg_ctrl_Sample_13,-0.064817413255465,29848,4.4749297859928,Sample_100_GSE42568
scAB,Other,Neg_ctrl_Sample_14,0.0300200310694315,29848,4.4749297859928,Sample_100_GSE42568
scAB,Other,Neg_ctrl_Sample_15,-0.0744799714457757,29848,4.4749297859928,Sample_100_GSE42568
scAB,Other,Neg_ctrl_Sample_16,-0.0244590073196172,29848,4.4749297859928,Sample_100_GSE42568
scAB,Other,Neg_ctrl_Sample_17,0.166720023911975,29848,4.4749297859928,Sample_100_GSE42568
scAB,Other,Neg_ctrl_Sample_18,0.199850535791246,29848,4.4749297859928,Sample_100_GSE42568
scAB,Other,Neg_ctrl_Sample_19,0.232848221035407,29848,4.4749297859928,Sample_100_GSE42568
scAB,Other,Neg_ctrl_Sample_20,-0.130711463472808,29848,4.4749297859928,Sample_100_GSE42568
scAB,Other,Neg_ctrl_Sample_21,-0.0262765488358062,29848,4.4749297859928,Sample_100_GSE42568
scAB,Other,Neg_ctrl_Sample_22,0.204489592386878,29848,4.4749297859928,Sample_100_GSE42568
scAB,Other,Neg_ctrl_Sample_23,-0.0395503027027998,29848,4.4749297859928,Sample_100_GSE42568
scAB,Other,Neg_ctrl_Sample_24,0.134251642334642,29848,4.4749297859928,Sample_100_GSE42568
scAB,Other,Neg_ctrl_Sample_25,0.0534526381990508,29848,4.4749297859928,Sample_100_GSE42568
scAB,Other,Neg_ctrl_Sample_26,0.0309351602225838,29848,4.4749297859928,Sample_100_GSE42568
scAB,Other,Neg_ctrl_Sample_27,0.00145506761815959,29848,4.4749297859928,Sample_100_GSE42568
scAB,Other,Neg_ctrl_Sample_28,0.0926154456324025,29848,4.4749297859928,Sample_100_GSE42568
scAB,Other,Neg_ctrl_Sample_29,0.120201696930709,29848,4.4749297859928,Sample_100_GSE42568
scAB,Other,Neg_ctrl_Sample_30,-0.0534415230830422,29848,4.4749297859928,Sample_100_GSE42568
scAB,Other,Neg_ctrl_Sample_31,0.198919272740057,29848,4.4749297859928,Sample_100_GSE42568
scAB,Other,Neg_ctrl_Sample_32,0.233400031471796,29848,4.4749297859928,Sample_100_GSE42568
scAB,Other,Neg_ctrl_Sample_33,0.0166967842843046,29848,4.4749297859928,Sample_100_GSE42568
scAB,Other,Neg_ctrl_Sample_34,-0.233496154517232,29848,4.4749297859928,Sample_100_GSE42568
scAB,Other,Neg_ctrl_Sample_35,0.0372267730270286,29848,4.4749297859928,Sample_100_GSE42568
scAB,Other,Neg_ctrl_Sample_36,0.0628591233604123,29848,4.4749297859928,Sample_100_GSE42568
scAB,Other,Neg_ctrl_Sample_37,0.0788558830957579,29848,4.4749297859928,Sample_100_GSE42568
scAB,Other,Neg_ctrl_Sample_38,0.0717897487265744,29848,4.4749297859928,Sample_100_GSE42568
scAB,Other,Neg_ctrl_Sample_39,0.111313093498549,29848,4.4749297859928,Sample_100_GSE42568
scAB,Other,Neg_ctrl_Sample_40,0.168516918316077,29848,4.4749297859928,Sample_100_GSE42568
scAB,Other,Neg_ctrl_Sample_41,-0.138908977991859,29848,4.4749297859928,Sample_100_GSE42568
scAB,Other,Neg_ctrl_Sample_42,-0.147211862016373,29848,4.4749297859928,Sample_100_GSE42568
scAB,Other,Neg_ctrl_Sample_43,0.0401762590040374,29848,4.4749297859928,Sample_100_GSE42568
scAB,Other,Neg_ctrl_Sample_44,0.271949383786907,29848,4.4749297859928,Sample_100_GSE42568
scAB,Other,Neg_ctrl_Sample_45,0.0166972035027308,29848,4.4749297859928,Sample_100_GSE42568
scAB,Other,Neg_ctrl_Sample_46,0.310404155157524,29848,4.4749297859928,Sample_100_GSE42568
scAB,Other,Neg_ctrl_Sample_47,0.0524786260252463,29848,4.4749297859928,Sample_100_GSE42568
scAB,Other,Neg_ctrl_Sample_48,0.0173316545343917,29848,4.4749297859928,Sample_100_GSE42568
scAB,Other,Neg_ctrl_Sample_49,-0.114854448786151,29848,4.4749297859928,Sample_100_GSE42568
scAB,Other,Neg_ctrl_Sample_50,-0.0125294424944914,29848,4.4749297859928,Sample_100_GSE42568
scAB,Other,Neg_ctrl_Sample_51,0.113695666757512,29848,4.4749297859928,Sample_100_GSE42568
scAB,Other,Neg_ctrl_Sample_52,0.20394230362165,29848,4.4749297859928,Sample_100_GSE42568
scAB,Other,Neg_ctrl_Sample_53,0.0893594980849244,29848,4.4749297859928,Sample_100_GSE42568
scAB,Other,Neg_ctrl_Sample_54,0.0153785833439195,29848,4.4749297859928,Sample_100_GSE42568
scAB,Other,Neg_ctrl_Sample_55,-0.0229679384043879,29848,4.4749297859928,Sample_100_GSE42568
scAB,Other,Neg_ctrl_Sample_56,0.0856691169149166,29848,4.4749297859928,Sample_100_GSE42568
scAB,Other,Neg_ctrl_Sample_57,0.0902992512600104,29848,4.4749297859928,Sample_100_GSE42568
scAB,Other,Neg_ctrl_Sample_58,0.0250431258318377,29848,4.4749297859928,Sample_100_GSE42568
scAB,Other,Neg_ctrl_Sample_59,0.0949924243178966,29848,4.4749297859928,Sample_100_GSE42568
scAB,Other,Neg_ctrl_Sample_60,0.0718761217873689,29848,4.4749297859928,Sample_100_GSE42568
scAB,Other,Neg_ctrl_Sample_61,-0.0676678668738753,29848,4.4749297859928,Sample_100_GSE42568
scAB,Other,Neg_ctrl_Sample_62,-0.0768636318245443,29848,4.4749297859928,Sample_100_GSE42568
scAB,Other,Neg_ctrl_Sample_63,0.144539828524415,29848,4.4749297859928,Sample_100_GSE42568
scAB,Other,Neg_ctrl_Sample_64,0.026101892842399,29848,4.4749297859928,Sample_100_GSE42568
scAB,Other,Neg_ctrl_Sample_65,-0.117834090536548,29848,4.4749297859928,Sample_100_GSE42568
scAB,Other,Neg_ctrl_Sample_66,0.0146092701020014,29848,4.4749297859928,Sample_100_GSE42568
scAB,Other,Neg_ctrl_Sample_67,0.336216156365057,29848,4.4749297859928,Sample_100_GSE42568
scAB,Other,Neg_ctrl_Sample_68,0.0170444119282524,29848,4.4749297859928,Sample_100_GSE42568
scAB,Other,Neg_ctrl_Sample_69,-0.0810550905396723,29848,4.4749297859928,Sample_100_GSE42568
scAB,Other,Neg_ctrl_Sample_70,0.0734432113322691,29848,4.4749297859928,Sample_100_GSE42568
scAB,Other,Neg_ctrl_Sample_71,-0.121470337826484,29848,4.4749297859928,Sample_100_GSE42568
scAB,Other,Neg_ctrl_Sample_72,-0.112319055377106,29848,4.4749297859928,Sample_100_GSE42568
scAB,Other,Neg_ctrl_Sample_73,0.145856540002462,29848,4.4749297859928,Sample_100_GSE42568
scAB,Other,Neg_ctrl_Sample_74,-0.0990996241250593,29848,4.4749297859928,Sample_100_GSE42568
scAB,Other,Neg_ctrl_Sample_75,0.101035154826464,29848,4.4749297859928,Sample_100_GSE42568
scAB,Other,Neg_ctrl_Sample_76,0.0159684118379227,29848,4.4749297859928,Sample_100_GSE42568
scAB,Other,Neg_ctrl_Sample_77,0.155152333182504,29848,4.4749297859928,Sample_100_GSE42568
scAB,Other,Neg_ctrl_Sample_78,0.00895988102296808,29848,4.4749297859928,Sample_100_GSE42568
scAB,Other,Neg_ctrl_Sample_79,-0.132757606413879,29848,4.4749297859928,Sample_100_GSE42568
scAB,Other,Neg_ctrl_Sample_80,-0.0296762273820683,29848,4.4749297859928,Sample_100_GSE42568
scAB,Other,Neg_ctrl_Sample_81,0.0457063013591495,29848,4.4749297859928,Sample_100_GSE42568
scAB,Other,Neg_ctrl_Sample_82,-0.0297698390120686,29848,4.4749297859928,Sample_100_GSE42568
scAB,Other,Neg_ctrl_Sample_83,0.0868565714687302,29848,4.4749297859928,Sample_100_GSE42568
scAB,Other,Neg_ctrl_Sample_84,0.104822884918419,29848,4.4749297859928,Sample_100_GSE42568
scAB,Other,Neg_ctrl_Sample_85,-0.0100040145959329,29848,4.4749297859928,Sample_100_GSE42568
scAB,Other,Neg_ctrl_Sample_86,-0.0630283480553939,29848,4.4749297859928,Sample_100_GSE42568
scAB,Other,Neg_ctrl_Sample_87,-0.114035518949292,29848,4.4749297859928,Sample_100_GSE42568
scAB,Other,Neg_ctrl_Sample_88,0.174246324339104,29848,4.4749297859928,Sample_100_GSE42568
scAB,Other,Neg_ctrl_Sample_89,-0.139813214188532,29848,4.4749297859928,Sample_100_GSE42568
scAB,Other,Neg_ctrl_Sample_90,0.131869967052128,29848,4.4749297859928,Sample_100_GSE42568
scAB,Other,Neg_ctrl_Sample_91,-0.0363092359091297,29848,4.4749297859928,Sample_100_GSE42568
scAB,Other,Neg_ctrl_Sample_92,-0.145521470852081,29848,4.4749297859928,Sample_100_GSE42568
scAB,Other,Neg_ctrl_Sample_93,-0.120377134049491,29848,4.4749297859928,Sample_100_GSE42568
scAB,Other,Neg_ctrl_Sample_94,0.0313346488841239,29848,4.4749297859928,Sample_100_GSE42568
scAB,Other,Neg_ctrl_Sample_95,-0.0964265608540368,29848,4.4749297859928,Sample_100_GSE42568
scAB,Other,Neg_ctrl_Sample_96,-0.074242652630425,29848,4.4749297859928,Sample_100_GSE42568
scAB,Other,Neg_ctrl_Sample_97,0.0527839710171798,29848,4.4749297859928,Sample_100_GSE42568
scAB,Other,Neg_ctrl_Sample_98,0.0345941652691972,29848,4.4749297859928,Sample_100_GSE42568
scAB,Other,Neg_ctrl_Sample_99,-0.10263928024352,29848,4.4749297859928,Sample_100_GSE42568
scAB,Other,Neg_ctrl_Sample_100,-0.150632979286588,29848,4.4749297859928,Sample_100_GSE42568
scAB,Positive,Neg_ctrl_Sample_1,-0.0471678531433509,2024,3.30642502755069,Sample_100_GSE42568
scAB,Positive,Neg_ctrl_Sample_2,-0.0224284974130697,2024,3.30642502755069,Sample_100_GSE42568
scAB,Positive,Neg_ctrl_Sample_3,-0.00633499906941284,2024,3.30642502755069,Sample_100_GSE42568
scAB,Positive,Neg_ctrl_Sample_4,-0.197039040543917,2024,3.30642502755069,Sample_100_GSE42568
scAB,Positive,Neg_ctrl_Sample_5,-0.0632431150436418,2024,3.30642502755069,Sample_100_GSE42568
scAB,Positive,Neg_ctrl_Sample_6,-0.126754522617226,2024,3.30642502755069,Sample_100_GSE42568
scAB,Positive,Neg_ctrl_Sample_7,-0.148339199109296,2024,3.30642502755069,Sample_100_GSE42568
scAB,Positive,Neg_ctrl_Sample_8,-0.00508607360144063,2024,3.30642502755069,Sample_100_GSE42568
scAB,Positive,Neg_ctrl_Sample_9,0.0249597879938184,2024,3.30642502755069,Sample_100_GSE42568
scAB,Positive,Neg_ctrl_Sample_10,0.109320900528536,2024,3.30642502755069,Sample_100_GSE42568
scAB,Positive,Neg_ctrl_Sample_11,0.155681653663921,2024,3.30642502755069,Sample_100_GSE42568
scAB,Positive,Neg_ctrl_Sample_12,-0.0948115849486941,2024,3.30642502755069,Sample_100_GSE42568
scAB,Positive,Neg_ctrl_Sample_13,-0.0465469683501084,2024,3.30642502755069,Sample_100_GSE42568
scAB,Positive,Neg_ctrl_Sample_14,0.0561630446637365,2024,3.30642502755069,Sample_100_GSE42568
scAB,Positive,Neg_ctrl_Sample_15,-0.0614284106832208,2024,3.30642502755069,Sample_100_GSE42568
scAB,Positive,Neg_ctrl_Sample_16,-0.00419254965811545,2024,3.30642502755069,Sample_100_GSE42568
scAB,Positive,Neg_ctrl_Sample_17,0.178133759630659,2024,3.30642502755069,Sample_100_GSE42568
scAB,Positive,Neg_ctrl_Sample_18,0.190193204713771,2024,3.30642502755069,Sample_100_GSE42568
scAB,Positive,Neg_ctrl_Sample_19,0.223184377145458,2024,3.30642502755069,Sample_100_GSE42568
scAB,Positive,Neg_ctrl_Sample_20,-0.109960646722546,2024,3.30642502755069,Sample_100_GSE42568
scAB,Positive,Neg_ctrl_Sample_21,-0.0467045879634896,2024,3.30642502755069,Sample_100_GSE42568
scAB,Positive,Neg_ctrl_Sample_22,0.215342205970154,2024,3.30642502755069,Sample_100_GSE42568
scAB,Positive,Neg_ctrl_Sample_23,0.00382823592991329,2024,3.30642502755069,Sample_100_GSE42568
scAB,Positive,Neg_ctrl_Sample_24,0.138198436860962,2024,3.30642502755069,Sample_100_GSE42568
scAB,Positive,Neg_ctrl_Sample_25,0.0814564324834043,2024,3.30642502755069,Sample_100_GSE42568
scAB,Positive,Neg_ctrl_Sample_26,0.0452548072456961,2024,3.30642502755069,Sample_100_GSE42568
scAB,Positive,Neg_ctrl_Sample_27,0.020427357759066,2024,3.30642502755069,Sample_100_GSE42568
scAB,Positive,Neg_ctrl_Sample_28,0.107883581560907,2024,3.30642502755069,Sample_100_GSE42568
scAB,Positive,Neg_ctrl_Sample_29,0.12826455913306,2024,3.30642502755069,Sample_100_GSE42568
scAB,Positive,Neg_ctrl_Sample_30,-0.0420753404480524,2024,3.30642502755069,Sample_100_GSE42568
scAB,Positive,Neg_ctrl_Sample_31,0.222656026543383,2024,3.30642502755069,Sample_100_GSE42568
scAB,Positive,Neg_ctrl_Sample_32,0.264492794214793,2024,3.30642502755069,Sample_100_GSE42568
scAB,Positive,Neg_ctrl_Sample_33,0.022955809399645,2024,3.30642502755069,Sample_100_GSE42568
scAB,Positive,Neg_ctrl_Sample_34,-0.203877971754209,2024,3.30642502755069,Sample_100_GSE42568
scAB,Positive,Neg_ctrl_Sample_35,0.0634097758319732,2024,3.30642502755069,Sample_100_GSE42568
scAB,Positive,Neg_ctrl_Sample_36,0.0706336101933403,2024,3.30642502755069,Sample_100_GSE42568
scAB,Positive,Neg_ctrl_Sample_37,0.0722577958457208,2024,3.30642502755069,Sample_100_GSE42568
scAB,Positive,Neg_ctrl_Sample_38,0.0619255529159436,2024,3.30642502755069,Sample_100_GSE42568
scAB,Positive,Neg_ctrl_Sample_39,0.111992675451967,2024,3.30642502755069,Sample_100_GSE42568
scAB,Positive,Neg_ctrl_Sample_40,0.182472324704757,2024,3.30642502755069,Sample_100_GSE42568
scAB,Positive,Neg_ctrl_Sample_41,-0.111533424647287,2024,3.30642502755069,Sample_100_GSE42568
scAB,Positive,Neg_ctrl_Sample_42,-0.135096977822647,2024,3.30642502755069,Sample_100_GSE42568
scAB,Positive,Neg_ctrl_Sample_43,0.0529082542221965,2024,3.30642502755069,Sample_100_GSE42568
scAB,Positive,Neg_ctrl_Sample_44,0.275295383577935,2024,3.30642502755069,Sample_100_GSE42568
scAB,Positive,Neg_ctrl_Sample_45,0.0360954583558013,2024,3.30642502755069,Sample_100_GSE42568
scAB,Positive,Neg_ctrl_Sample_46,0.303728060082742,2024,3.30642502755069,Sample_100_GSE42568
scAB,Positive,Neg_ctrl_Sample_47,0.0495285245247924,2024,3.30642502755069,Sample_100_GSE42568
scAB,Positive,Neg_ctrl_Sample_48,0.0195904877618794,2024,3.30642502755069,Sample_100_GSE42568
scAB,Positive,Neg_ctrl_Sample_49,-0.0776437648150588,2024,3.30642502755069,Sample_100_GSE42568
scAB,Positive,Neg_ctrl_Sample_50,0.0128726029873911,2024,3.30642502755069,Sample_100_GSE42568
scAB,Positive,Neg_ctrl_Sample_51,0.124893423305011,2024,3.30642502755069,Sample_100_GSE42568
scAB,Positive,Neg_ctrl_Sample_52,0.227017630139133,2024,3.30642502755069,Sample_100_GSE42568
scAB,Positive,Neg_ctrl_Sample_53,0.1033865585402,2024,3.30642502755069,Sample_100_GSE42568
scAB,Positive,Neg_ctrl_Sample_54,0.0316445068157548,2024,3.30642502755069,Sample_100_GSE42568
scAB,Positive,Neg_ctrl_Sample_55,-0.00309956401457717,2024,3.30642502755069,Sample_100_GSE42568
scAB,Positive,Neg_ctrl_Sample_56,0.0923316706822934,2024,3.30642502755069,Sample_100_GSE42568
scAB,Positive,Neg_ctrl_Sample_57,0.111740445430129,2024,3.30642502755069,Sample_100_GSE42568
scAB,Positive,Neg_ctrl_Sample_58,0.0391482975247614,2024,3.30642502755069,Sample_100_GSE42568
scAB,Positive,Neg_ctrl_Sample_59,0.106636448887187,2024,3.30642502755069,Sample_100_GSE42568
scAB,Positive,Neg_ctrl_Sample_60,0.0964777309999328,2024,3.30642502755069,Sample_100_GSE42568
scAB,Positive,Neg_ctrl_Sample_61,-0.0425119087530615,2024,3.30642502755069,Sample_100_GSE42568
scAB,Positive,Neg_ctrl_Sample_62,-0.059427140695877,2024,3.30642502755069,Sample_100_GSE42568
scAB,Positive,Neg_ctrl_Sample_63,0.153088083206521,2024,3.30642502755069,Sample_100_GSE42568
scAB,Positive,Neg_ctrl_Sample_64,0.0586203462197273,2024,3.30642502755069,Sample_100_GSE42568
scAB,Positive,Neg_ctrl_Sample_65,-0.0945992636755621,2024,3.30642502755069,Sample_100_GSE42568
scAB,Positive,Neg_ctrl_Sample_66,0.0216735331344476,2024,3.30642502755069,Sample_100_GSE42568
scAB,Positive,Neg_ctrl_Sample_67,0.328902904639879,2024,3.30642502755069,Sample_100_GSE42568
scAB,Positive,Neg_ctrl_Sample_68,0.040743622267588,2024,3.30642502755069,Sample_100_GSE42568
scAB,Positive,Neg_ctrl_Sample_69,-0.0553000917346874,2024,3.30642502755069,Sample_100_GSE42568
scAB,Positive,Neg_ctrl_Sample_70,0.0922359072698992,2024,3.30642502755069,Sample_100_GSE42568
scAB,Positive,Neg_ctrl_Sample_71,-0.113301812378679,2024,3.30642502755069,Sample_100_GSE42568
scAB,Positive,Neg_ctrl_Sample_72,-0.0982471009570579,2024,3.30642502755069,Sample_100_GSE42568
scAB,Positive,Neg_ctrl_Sample_73,0.148658749982021,2024,3.30642502755069,Sample_100_GSE42568
scAB,Positive,Neg_ctrl_Sample_74,-0.067582024103913,2024,3.30642502755069,Sample_100_GSE42568
scAB,Positive,Neg_ctrl_Sample_75,0.12309736630594,2024,3.30642502755069,Sample_100_GSE42568
scAB,Positive,Neg_ctrl_Sample_76,0.0443444855113748,2024,3.30642502755069,Sample_100_GSE42568
scAB,Positive,Neg_ctrl_Sample_77,0.172076862542052,2024,3.30642502755069,Sample_100_GSE42568
scAB,Positive,Neg_ctrl_Sample_78,0.0160519946616029,2024,3.30642502755069,Sample_100_GSE42568
scAB,Positive,Neg_ctrl_Sample_79,-0.103801727733804,2024,3.30642502755069,Sample_100_GSE42568
scAB,Positive,Neg_ctrl_Sample_80,-0.0355573423058664,2024,3.30642502755069,Sample_100_GSE42568
scAB,Positive,Neg_ctrl_Sample_81,0.0520567297700851,2024,3.30642502755069,Sample_100_GSE42568
scAB,Positive,Neg_ctrl_Sample_82,-0.0138464787064954,2024,3.30642502755069,Sample_100_GSE42568
scAB,Positive,Neg_ctrl_Sample_83,0.100168476974582,2024,3.30642502755069,Sample_100_GSE42568
scAB,Positive,Neg_ctrl_Sample_84,0.127063852206429,2024,3.30642502755069,Sample_100_GSE42568
scAB,Positive,Neg_ctrl_Sample_85,-0.000649364877098431,2024,3.30642502755069,Sample_100_GSE42568
scAB,Positive,Neg_ctrl_Sample_86,-0.0600723898149991,2024,3.30642502755069,Sample_100_GSE42568
scAB,Positive,Neg_ctrl_Sample_87,-0.080575461825837,2024,3.30642502755069,Sample_100_GSE42568
scAB,Positive,Neg_ctrl_Sample_88,0.178382160053906,2024,3.30642502755069,Sample_100_GSE42568
scAB,Positive,Neg_ctrl_Sample_89,-0.108066569338478,2024,3.30642502755069,Sample_100_GSE42568
scAB,Positive,Neg_ctrl_Sample_90,0.158396580869481,2024,3.30642502755069,Sample_100_GSE42568
scAB,Positive,Neg_ctrl_Sample_91,-0.032540414569798,2024,3.30642502755069,Sample_100_GSE42568
scAB,Positive,Neg_ctrl_Sample_92,-0.114020521037364,2024,3.30642502755069,Sample_100_GSE42568
scAB,Positive,Neg_ctrl_Sample_93,-0.115882880579122,2024,3.30642502755069,Sample_100_GSE42568
scAB,Positive,Neg_ctrl_Sample_94,0.0358216952341309,2024,3.30642502755069,Sample_100_GSE42568
scAB,Positive,Neg_ctrl_Sample_95,-0.0801285159427159,2024,3.30642502755069,Sample_100_GSE42568
scAB,Positive,Neg_ctrl_Sample_96,-0.0472270575021585,2024,3.30642502755069,Sample_100_GSE42568
scAB,Positive,Neg_ctrl_Sample_97,0.0635837535812216,2024,3.30642502755069,Sample_100_GSE42568
scAB,Positive,Neg_ctrl_Sample_98,0.0582297380641524,2024,3.30642502755069,Sample_100_GSE42568
scAB,Positive,Neg_ctrl_Sample_99,-0.0916852493325026,2024,3.30642502755069,Sample_100_GSE42568
scAB,Positive,Neg_ctrl_Sample_100,-0.139703888645272,2024,3.30642502755069,Sample_100_GSE42568
scPAS,Neutral,Neg_ctrl_Sample_1,-0.0525603208643982,30896,4.48991631286508,Sample_100_GSE42568
scPAS,Neutral,Neg_ctrl_Sample_2,-0.0503084587604976,30896,4.48991631286508,Sample_100_GSE42568
scPAS,Neutral,Neg_ctrl_Sample_3,-0.0246803672644439,30896,4.48991631286508,Sample_100_GSE42568
scPAS,Neutral,Neg_ctrl_Sample_4,-0.226005067588258,30896,4.48991631286508,Sample_100_GSE42568
scPAS,Neutral,Neg_ctrl_Sample_5,-0.089716056077494,30896,4.48991631286508,Sample_100_GSE42568
scPAS,Neutral,Neg_ctrl_Sample_6,-0.14279836981414,30896,4.48991631286508,Sample_100_GSE42568
scPAS,Neutral,Neg_ctrl_Sample_7,-0.166486564888363,30896,4.48991631286508,Sample_100_GSE42568
scPAS,Neutral,Neg_ctrl_Sample_8,-0.00600319858483252,30896,4.48991631286508,Sample_100_GSE42568
scPAS,Neutral,Neg_ctrl_Sample_9,-0.00828285170019737,30896,4.48991631286508,Sample_100_GSE42568
scPAS,Neutral,Neg_ctrl_Sample_10,0.0958288581256088,30896,4.48991631286508,Sample_100_GSE42568
scPAS,Neutral,Neg_ctrl_Sample_11,0.148643969938815,30896,4.48991631286508,Sample_100_GSE42568
scPAS,Neutral,Neg_ctrl_Sample_12,-0.127132594321899,30896,4.48991631286508,Sample_100_GSE42568
scPAS,Neutral,Neg_ctrl_Sample_13,-0.0633094082126025,30896,4.48991631286508,Sample_100_GSE42568
scPAS,Neutral,Neg_ctrl_Sample_14,0.0315270900397952,30896,4.48991631286508,Sample_100_GSE42568
scPAS,Neutral,Neg_ctrl_Sample_15,-0.0739057991045937,30896,4.48991631286508,Sample_100_GSE42568
scPAS,Neutral,Neg_ctrl_Sample_16,-0.0232657331661651,30896,4.48991631286508,Sample_100_GSE42568
scPAS,Neutral,Neg_ctrl_Sample_17,0.167288758306403,30896,4.48991631286508,Sample_100_GSE42568
scPAS,Neutral,Neg_ctrl_Sample_18,0.199110856336604,30896,4.48991631286508,Sample_100_GSE42568
scPAS,Neutral,Neg_ctrl_Sample_19,0.232215869417867,30896,4.48991631286508,Sample_100_GSE42568
scPAS,Neutral,Neg_ctrl_Sample_20,-0.129453267452587,30896,4.48991631286508,Sample_100_GSE42568
scPAS,Neutral,Neg_ctrl_Sample_21,-0.0276222189306907,30896,4.48991631286508,Sample_100_GSE42568
scPAS,Neutral,Neg_ctrl_Sample_22,0.205206087272765,30896,4.48991631286508,Sample_100_GSE42568
scPAS,Neutral,Neg_ctrl_Sample_23,-0.0368936951744804,30896,4.48991631286508,Sample_100_GSE42568
scPAS,Neutral,Neg_ctrl_Sample_24,0.134354518371784,30896,4.48991631286508,Sample_100_GSE42568
scPAS,Neutral,Neg_ctrl_Sample_25,0.0549453086766752,30896,4.48991631286508,Sample_100_GSE42568
scPAS,Neutral,Neg_ctrl_Sample_26,0.0315351442893661,30896,4.48991631286508,Sample_100_GSE42568
scPAS,Neutral,Neg_ctrl_Sample_27,0.0027135014448596,30896,4.48991631286508,Sample_100_GSE42568
scPAS,Neutral,Neg_ctrl_Sample_28,0.0935282747045517,30896,4.48991631286508,Sample_100_GSE42568
scPAS,Neutral,Neg_ctrl_Sample_29,0.120569643371466,30896,4.48991631286508,Sample_100_GSE42568
scPAS,Neutral,Neg_ctrl_Sample_30,-0.0527726776369964,30896,4.48991631286508,Sample_100_GSE42568
scPAS,Neutral,Neg_ctrl_Sample_31,0.200478313268779,30896,4.48991631286508,Sample_100_GSE42568
scPAS,Neutral,Neg_ctrl_Sample_32,0.235267479729859,30896,4.48991631286508,Sample_100_GSE42568
scPAS,Neutral,Neg_ctrl_Sample_33,0.0171505162809254,30896,4.48991631286508,Sample_100_GSE42568
scPAS,Neutral,Neg_ctrl_Sample_34,-0.231644546408883,30896,4.48991631286508,Sample_100_GSE42568
scPAS,Neutral,Neg_ctrl_Sample_35,0.0385973022819024,30896,4.48991631286508,Sample_100_GSE42568
scPAS,Neutral,Neg_ctrl_Sample_36,0.0633162852663269,30896,4.48991631286508,Sample_100_GSE42568
scPAS,Neutral,Neg_ctrl_Sample_37,0.0784852045246691,30896,4.48991631286508,Sample_100_GSE42568
scPAS,Neutral,Neg_ctrl_Sample_38,0.0712542471008686,30896,4.48991631286508,Sample_100_GSE42568
scPAS,Neutral,Neg_ctrl_Sample_39,0.111413950526705,30896,4.48991631286508,Sample_100_GSE42568
scPAS,Neutral,Neg_ctrl_Sample_40,0.169182166338758,30896,4.48991631286508,Sample_100_GSE42568
scPAS,Neutral,Neg_ctrl_Sample_41,-0.137640086074026,30896,4.48991631286508,Sample_100_GSE42568
scPAS,Neutral,Neg_ctrl_Sample_42,-0.146502778254663,30896,4.48991631286508,Sample_100_GSE42568
scPAS,Neutral,Neg_ctrl_Sample_43,0.0410716881849711,30896,4.48991631286508,Sample_100_GSE42568
scPAS,Neutral,Neg_ctrl_Sample_44,0.272194869688325,30896,4.48991631286508,Sample_100_GSE42568
scPAS,Neutral,Neg_ctrl_Sample_45,0.0178535177458911,30896,4.48991631286508,Sample_100_GSE42568
scPAS,Neutral,Neg_ctrl_Sample_46,0.310047744652116,30896,4.48991631286508,Sample_100_GSE42568
scPAS,Neutral,Neg_ctrl_Sample_47,0.0523420176669455,30896,4.48991631286508,Sample_100_GSE42568
scPAS,Neutral,Neg_ctrl_Sample_48,0.0178367503308886,30896,4.48991631286508,Sample_100_GSE42568
scPAS,Neutral,Neg_ctrl_Sample_49,-0.112300671417739,30896,4.48991631286508,Sample_100_GSE42568
scPAS,Neutral,Neg_ctrl_Sample_50,-0.010819699365261,30896,4.48991631286508,Sample_100_GSE42568
scPAS,Neutral,Neg_ctrl_Sample_51,0.114332212596461,30896,4.48991631286508,Sample_100_GSE42568
scPAS,Neutral,Neg_ctrl_Sample_52,0.205390177224155,30896,4.48991631286508,Sample_100_GSE42568
scPAS,Neutral,Neg_ctrl_Sample_53,0.0900440203301824,30896,4.48991631286508,Sample_100_GSE42568
scPAS,Neutral,Neg_ctrl_Sample_54,0.0164662067850589,30896,4.48991631286508,Sample_100_GSE42568
scPAS,Neutral,Neg_ctrl_Sample_55,-0.0219367045571595,30896,4.48991631286508,Sample_100_GSE42568
scPAS,Neutral,Neg_ctrl_Sample_56,0.0862124635339439,30896,4.48991631286508,Sample_100_GSE42568
scPAS,Neutral,Neg_ctrl_Sample_57,0.0912876343659848,30896,4.48991631286508,Sample_100_GSE42568
scPAS,Neutral,Neg_ctrl_Sample_58,0.0257491785868327,30896,4.48991631286508,Sample_100_GSE42568
scPAS,Neutral,Neg_ctrl_Sample_59,0.0955341849908404,30896,4.48991631286508,Sample_100_GSE42568
scPAS,Neutral,Neg_ctrl_Sample_60,0.0733740723174658,30896,4.48991631286508,Sample_100_GSE42568
scPAS,Neutral,Neg_ctrl_Sample_61,-0.066067775040532,30896,4.48991631286508,Sample_100_GSE42568
scPAS,Neutral,Neg_ctrl_Sample_62,-0.0758344790675978,30896,4.48991631286508,Sample_100_GSE42568
scPAS,Neutral,Neg_ctrl_Sample_63,0.144922295502646,30896,4.48991631286508,Sample_100_GSE42568
scPAS,Neutral,Neg_ctrl_Sample_64,0.027995024991449,30896,4.48991631286508,Sample_100_GSE42568
scPAS,Neutral,Neg_ctrl_Sample_65,-0.116337074893047,30896,4.48991631286508,Sample_100_GSE42568
scPAS,Neutral,Neg_ctrl_Sample_66,0.0149356161320212,30896,4.48991631286508,Sample_100_GSE42568
scPAS,Neutral,Neg_ctrl_Sample_67,0.335935593205294,30896,4.48991631286508,Sample_100_GSE42568
scPAS,Neutral,Neg_ctrl_Sample_68,0.0184909143816139,30896,4.48991631286508,Sample_100_GSE42568
scPAS,Neutral,Neg_ctrl_Sample_69,-0.0795997095920943,30896,4.48991631286508,Sample_100_GSE42568
scPAS,Neutral,Neg_ctrl_Sample_70,0.0742866097378801,30896,4.48991631286508,Sample_100_GSE42568
scPAS,Neutral,Neg_ctrl_Sample_71,-0.121204512966795,30896,4.48991631286508,Sample_100_GSE42568
scPAS,Neutral,Neg_ctrl_Sample_72,-0.111442204904021,30896,4.48991631286508,Sample_100_GSE42568
scPAS,Neutral,Neg_ctrl_Sample_73,0.146219708800733,30896,4.48991631286508,Sample_100_GSE42568
scPAS,Neutral,Neg_ctrl_Sample_74,-0.0974620939170706,30896,4.48991631286508,Sample_100_GSE42568
scPAS,Neutral,Neg_ctrl_Sample_75,0.102318459649176,30896,4.48991631286508,Sample_100_GSE42568
scPAS,Neutral,Neg_ctrl_Sample_76,0.0173937567096325,30896,4.48991631286508,Sample_100_GSE42568
scPAS,Neutral,Neg_ctrl_Sample_77,0.156118899778142,30896,4.48991631286508,Sample_100_GSE42568
scPAS,Neutral,Neg_ctrl_Sample_78,0.00932326236288227,30896,4.48991631286508,Sample_100_GSE42568
scPAS,Neutral,Neg_ctrl_Sample_79,-0.131053975517539,30896,4.48991631286508,Sample_100_GSE42568
scPAS,Neutral,Neg_ctrl_Sample_80,-0.0302499068942131,30896,4.48991631286508,Sample_100_GSE42568
scPAS,Neutral,Neg_ctrl_Sample_81,0.0460617896910964,30896,4.48991631286508,Sample_100_GSE42568
scPAS,Neutral,Neg_ctrl_Sample_82,-0.0287444087401779,30896,4.48991631286508,Sample_100_GSE42568
scPAS,Neutral,Neg_ctrl_Sample_83,0.0876523661066479,30896,4.48991631286508,Sample_100_GSE42568
scPAS,Neutral,Neg_ctrl_Sample_84,0.106138692852327,30896,4.48991631286508,Sample_100_GSE42568
scPAS,Neutral,Neg_ctrl_Sample_85,-0.00945399383575528,30896,4.48991631286508,Sample_100_GSE42568
scPAS,Neutral,Neg_ctrl_Sample_86,-0.0630052951336632,30896,4.48991631286508,Sample_100_GSE42568
scPAS,Neutral,Neg_ctrl_Sample_87,-0.112191531860296,30896,4.48991631286508,Sample_100_GSE42568
scPAS,Neutral,Neg_ctrl_Sample_88,0.174387326531575,30896,4.48991631286508,Sample_100_GSE42568
scPAS,Neutral,Neg_ctrl_Sample_89,-0.137881221267936,30896,4.48991631286508,Sample_100_GSE42568
scPAS,Neutral,Neg_ctrl_Sample_90,0.133617613998879,30896,4.48991631286508,Sample_100_GSE42568
scPAS,Neutral,Neg_ctrl_Sample_91,-0.0358869856056023,30896,4.48991631286508,Sample_100_GSE42568
scPAS,Neutral,Neg_ctrl_Sample_92,-0.143566719709818,30896,4.48991631286508,Sample_100_GSE42568
scPAS,Neutral,Neg_ctrl_Sample_93,-0.120312640763026,30896,4.48991631286508,Sample_100_GSE42568
scPAS,Neutral,Neg_ctrl_Sample_94,0.0314711266783057,30896,4.48991631286508,Sample_100_GSE42568
scPAS,Neutral,Neg_ctrl_Sample_95,-0.095301985364156,30896,4.48991631286508,Sample_100_GSE42568
scPAS,Neutral,Neg_ctrl_Sample_96,-0.0725564165331107,30896,4.48991631286508,Sample_100_GSE42568
scPAS,Neutral,Neg_ctrl_Sample_97,0.053066672169097,30896,4.48991631286508,Sample_100_GSE42568
scPAS,Neutral,Neg_ctrl_Sample_98,0.0360846442834994,30896,4.48991631286508,Sample_100_GSE42568
scPAS,Neutral,Neg_ctrl_Sample_99,-0.101893438530253,30896,4.48991631286508,Sample_100_GSE42568
scPAS,Neutral,Neg_ctrl_Sample_100,-0.149975931114807,30896,4.48991631286508,Sample_100_GSE42568
scPAS,Positive,Neg_ctrl_Sample_1,-0.0527798466418744,976,2.98989456371877,Sample_100_GSE42568
scPAS,Positive,Neg_ctrl_Sample_2,-0.0393440349675756,976,2.98989456371877,Sample_100_GSE42568
scPAS,Positive,Neg_ctrl_Sample_3,-0.0235884318812469,976,2.98989456371877,Sample_100_GSE42568
scPAS,Positive,Neg_ctrl_Sample_4,-0.222773788684932,976,2.98989456371877,Sample_100_GSE42568
scPAS,Positive,Neg_ctrl_Sample_5,-0.093643538248633,976,2.98989456371877,Sample_100_GSE42568
scPAS,Positive,Neg_ctrl_Sample_6,-0.135578031419592,976,2.98989456371877,Sample_100_GSE42568
scPAS,Positive,Neg_ctrl_Sample_7,-0.159058510002685,976,2.98989456371877,Sample_100_GSE42568
scPAS,Positive,Neg_ctrl_Sample_8,-0.0100716666472379,976,2.98989456371877,Sample_100_GSE42568
scPAS,Positive,Neg_ctrl_Sample_9,0.00351306531394759,976,2.98989456371877,Sample_100_GSE42568
scPAS,Positive,Neg_ctrl_Sample_10,0.099487948054758,976,2.98989456371877,Sample_100_GSE42568
scPAS,Positive,Neg_ctrl_Sample_11,0.150831902870982,976,2.98989456371877,Sample_100_GSE42568
scPAS,Positive,Neg_ctrl_Sample_12,-0.120386665054787,976,2.98989456371877,Sample_100_GSE42568
scPAS,Positive,Neg_ctrl_Sample_13,-0.0746657158331691,976,2.98989456371877,Sample_100_GSE42568
scPAS,Positive,Neg_ctrl_Sample_14,0.0365275777564369,976,2.98989456371877,Sample_100_GSE42568
scPAS,Positive,Neg_ctrl_Sample_15,-0.0655898788942894,976,2.98989456371877,Sample_100_GSE42568
scPAS,Positive,Neg_ctrl_Sample_16,-0.0202049990595524,976,2.98989456371877,Sample_100_GSE42568
scPAS,Positive,Neg_ctrl_Sample_17,0.172385785432828,976,2.98989456371877,Sample_100_GSE42568
scPAS,Positive,Neg_ctrl_Sample_18,0.203238546375044,976,2.98989456371877,Sample_100_GSE42568
scPAS,Positive,Neg_ctrl_Sample_19,0.232825183681158,976,2.98989456371877,Sample_100_GSE42568
scPAS,Positive,Neg_ctrl_Sample_20,-0.127508155212768,976,2.98989456371877,Sample_100_GSE42568
scPAS,Positive,Neg_ctrl_Sample_21,-0.0260414340231821,976,2.98989456371877,Sample_100_GSE42568
scPAS,Positive,Neg_ctrl_Sample_22,0.204314248020249,976,2.98989456371877,Sample_100_GSE42568
scPAS,Positive,Neg_ctrl_Sample_23,-0.0336900404101229,976,2.98989456371877,Sample_100_GSE42568
scPAS,Positive,Neg_ctrl_Sample_24,0.139179771512632,976,2.98989456371877,Sample_100_GSE42568
scPAS,Positive,Neg_ctrl_Sample_25,0.0642744953249177,976,2.98989456371877,Sample_100_GSE42568
scPAS,Positive,Neg_ctrl_Sample_26,0.0416378834269626,976,2.98989456371877,Sample_100_GSE42568
scPAS,Positive,Neg_ctrl_Sample_27,0.000962591937289444,976,2.98989456371877,Sample_100_GSE42568
scPAS,Positive,Neg_ctrl_Sample_28,0.0953817777084015,976,2.98989456371877,Sample_100_GSE42568
scPAS,Positive,Neg_ctrl_Sample_29,0.125274606627336,976,2.98989456371877,Sample_100_GSE42568
scPAS,Positive,Neg_ctrl_Sample_30,-0.0510434649353075,976,2.98989456371877,Sample_100_GSE42568
scPAS,Positive,Neg_ctrl_Sample_31,0.198791274299987,976,2.98989456371877,Sample_100_GSE42568
scPAS,Positive,Neg_ctrl_Sample_32,0.23876383312211,976,2.98989456371877,Sample_100_GSE42568
scPAS,Positive,Neg_ctrl_Sample_33,0.0153133448025921,976,2.98989456371877,Sample_100_GSE42568
scPAS,Positive,Neg_ctrl_Sample_34,-0.230688861692643,976,2.98989456371877,Sample_100_GSE42568
scPAS,Positive,Neg_ctrl_Sample_35,0.0481391970215337,976,2.98989456371877,Sample_100_GSE42568
scPAS,Positive,Neg_ctrl_Sample_36,0.0645098273611302,976,2.98989456371877,Sample_100_GSE42568
scPAS,Positive,Neg_ctrl_Sample_37,0.0769070680735088,976,2.98989456371877,Sample_100_GSE42568
scPAS,Positive,Neg_ctrl_Sample_38,0.0682853695330204,976,2.98989456371877,Sample_100_GSE42568
scPAS,Positive,Neg_ctrl_Sample_39,0.109529686871315,976,2.98989456371877,Sample_100_GSE42568
scPAS,Positive,Neg_ctrl_Sample_40,0.176398311371349,976,2.98989456371877,Sample_100_GSE42568
scPAS,Positive,Neg_ctrl_Sample_41,-0.122306072995903,976,2.98989456371877,Sample_100_GSE42568
scPAS,Positive,Neg_ctrl_Sample_42,-0.144534942235296,976,2.98989456371877,Sample_100_GSE42568
scPAS,Positive,Neg_ctrl_Sample_43,0.0382340237042728,976,2.98989456371877,Sample_100_GSE42568
scPAS,Positive,Neg_ctrl_Sample_44,0.271117182113582,976,2.98989456371877,Sample_100_GSE42568
scPAS,Positive,Neg_ctrl_Sample_45,0.0203207516235727,976,2.98989456371877,Sample_100_GSE42568
scPAS,Positive,Neg_ctrl_Sample_46,0.30784190366542,976,2.98989456371877,Sample_100_GSE42568
scPAS,Positive,Neg_ctrl_Sample_47,0.0506852309444474,976,2.98989456371877,Sample_100_GSE42568
scPAS,Positive,Neg_ctrl_Sample_48,0.00602677617769534,976,2.98989456371877,Sample_100_GSE42568
scPAS,Positive,Neg_ctrl_Sample_49,-0.118529736918284,976,2.98989456371877,Sample_100_GSE42568
scPAS,Positive,Neg_ctrl_Sample_50,-0.0139746101844234,976,2.98989456371877,Sample_100_GSE42568
scPAS,Positive,Neg_ctrl_Sample_51,0.116766915745201,976,2.98989456371877,Sample_100_GSE42568
scPAS,Positive,Neg_ctrl_Sample_52,0.205961727851542,976,2.98989456371877,Sample_100_GSE42568
scPAS,Positive,Neg_ctrl_Sample_53,0.0967793454947433,976,2.98989456371877,Sample_100_GSE42568
scPAS,Positive,Neg_ctrl_Sample_54,0.0146808530873157,976,2.98989456371877,Sample_100_GSE42568
scPAS,Positive,Neg_ctrl_Sample_55,-0.0144099580549944,976,2.98989456371877,Sample_100_GSE42568
scPAS,Positive,Neg_ctrl_Sample_56,0.0822856862629764,976,2.98989456371877,Sample_100_GSE42568
scPAS,Positive,Neg_ctrl_Sample_57,0.103475370684328,976,2.98989456371877,Sample_100_GSE42568
scPAS,Positive,Neg_ctrl_Sample_58,0.0319433938524849,976,2.98989456371877,Sample_100_GSE42568
scPAS,Positive,Neg_ctrl_Sample_59,0.101989625113978,976,2.98989456371877,Sample_100_GSE42568
scPAS,Positive,Neg_ctrl_Sample_60,0.0754754839475499,976,2.98989456371877,Sample_100_GSE42568
scPAS,Positive,Neg_ctrl_Sample_61,-0.0661522706099876,976,2.98989456371877,Sample_100_GSE42568
scPAS,Positive,Neg_ctrl_Sample_62,-0.0732829407735147,976,2.98989456371877,Sample_100_GSE42568
scPAS,Positive,Neg_ctrl_Sample_63,0.150159672496911,976,2.98989456371877,Sample_100_GSE42568
scPAS,Positive,Neg_ctrl_Sample_64,0.0336092071443083,976,2.98989456371877,Sample_100_GSE42568
scPAS,Positive,Neg_ctrl_Sample_65,-0.117039526760919,976,2.98989456371877,Sample_100_GSE42568
scPAS,Positive,Neg_ctrl_Sample_66,0.0189282059976771,976,2.98989456371877,Sample_100_GSE42568
scPAS,Positive,Neg_ctrl_Sample_67,0.329931584533394,976,2.98989456371877,Sample_100_GSE42568
scPAS,Positive,Neg_ctrl_Sample_68,0.0204010327558752,976,2.98989456371877,Sample_100_GSE42568
scPAS,Positive,Neg_ctrl_Sample_69,-0.0737162915387199,976,2.98989456371877,Sample_100_GSE42568
scPAS,Positive,Neg_ctrl_Sample_70,0.085716550920389,976,2.98989456371877,Sample_100_GSE42568
scPAS,Positive,Neg_ctrl_Sample_71,-0.112945572825032,976,2.98989456371877,Sample_100_GSE42568
scPAS,Positive,Neg_ctrl_Sample_72,-0.110894400121226,976,2.98989456371877,Sample_100_GSE42568
scPAS,Positive,Neg_ctrl_Sample_73,0.140171304149248,976,2.98989456371877,Sample_100_GSE42568
scPAS,Positive,Neg_ctrl_Sample_74,-0.0855765819767205,976,2.98989456371877,Sample_100_GSE42568
scPAS,Positive,Neg_ctrl_Sample_75,0.106163157113315,976,2.98989456371877,Sample_100_GSE42568
scPAS,Positive,Neg_ctrl_Sample_76,0.0296935326972677,976,2.98989456371877,Sample_100_GSE42568
scPAS,Positive,Neg_ctrl_Sample_77,0.159652544130155,976,2.98989456371877,Sample_100_GSE42568
scPAS,Positive,Neg_ctrl_Sample_78,0.0121641926280981,976,2.98989456371877,Sample_100_GSE42568
scPAS,Positive,Neg_ctrl_Sample_79,-0.126639452443437,976,2.98989456371877,Sample_100_GSE42568
scPAS,Positive,Neg_ctrl_Sample_80,-0.0237120618068036,976,2.98989456371877,Sample_100_GSE42568
scPAS,Positive,Neg_ctrl_Sample_81,0.0476223870147896,976,2.98989456371877,Sample_100_GSE42568
scPAS,Positive,Neg_ctrl_Sample_82,-0.0292091960016741,976,2.98989456371877,Sample_100_GSE42568
scPAS,Positive,Neg_ctrl_Sample_83,0.0892709419715349,976,2.98989456371877,Sample_100_GSE42568
scPAS,Positive,Neg_ctrl_Sample_84,0.109292675763623,976,2.98989456371877,Sample_100_GSE42568
scPAS,Positive,Neg_ctrl_Sample_85,-0.00801593096430041,976,2.98989456371877,Sample_100_GSE42568
scPAS,Positive,Neg_ctrl_Sample_86,-0.0576281263251019,976,2.98989456371877,Sample_100_GSE42568
scPAS,Positive,Neg_ctrl_Sample_87,-0.10301981145315,976,2.98989456371877,Sample_100_GSE42568
scPAS,Positive,Neg_ctrl_Sample_88,0.178359569982756,976,2.98989456371877,Sample_100_GSE42568
scPAS,Positive,Neg_ctrl_Sample_89,-0.135136620026893,976,2.98989456371877,Sample_100_GSE42568
scPAS,Positive,Neg_ctrl_Sample_90,0.131557022686872,976,2.98989456371877,Sample_100_GSE42568
scPAS,Positive,Neg_ctrl_Sample_91,-0.0418602102810313,976,2.98989456371877,Sample_100_GSE42568
scPAS,Positive,Neg_ctrl_Sample_92,-0.1420748201004,976,2.98989456371877,Sample_100_GSE42568
scPAS,Positive,Neg_ctrl_Sample_93,-0.113098666380024,976,2.98989456371877,Sample_100_GSE42568
scPAS,Positive,Neg_ctrl_Sample_94,0.0363194479449601,976,2.98989456371877,Sample_100_GSE42568
scPAS,Positive,Neg_ctrl_Sample_95,-0.0982274229799056,976,2.98989456371877,Sample_100_GSE42568
scPAS,Positive,Neg_ctrl_Sample_96,-0.0715975562400623,976,2.98989456371877,Sample_100_GSE42568
scPAS,Positive,Neg_ctrl_Sample_97,0.0662311279024114,976,2.98989456371877,Sample_100_GSE42568
scPAS,Positive,Neg_ctrl_Sample_98,0.0364267059568104,976,2.98989456371877,Sample_100_GSE42568
scPAS,Positive,Neg_ctrl_Sample_99,-0.103533303818542,976,2.98989456371877,Sample_100_GSE42568
scPAS,Positive,Neg_ctrl_Sample_100,-0.148767898197775,976,2.98989456371877,Sample_100_GSE42568
scPP,Negative,Neg_ctrl_Sample_1,-0.0502922396125491,1860,3.26974637313077,Sample_100_GSE42568
scPP,Negative,Neg_ctrl_Sample_2,-0.0540440536780027,1860,3.26974637313077,Sample_100_GSE42568
scPP,Negative,Neg_ctrl_Sample_3,0.000104810589275094,1860,3.26974637313077,Sample_100_GSE42568
scPP,Negative,Neg_ctrl_Sample_4,-0.199890559661426,1860,3.26974637313077,Sample_100_GSE42568
scPP,Negative,Neg_ctrl_Sample_5,-0.0687011276031393,1860,3.26974637313077,Sample_100_GSE42568
scPP,Negative,Neg_ctrl_Sample_6,-0.136508437929994,1860,3.26974637313077,Sample_100_GSE42568
scPP,Negative,Neg_ctrl_Sample_7,-0.172961414073188,1860,3.26974637313077,Sample_100_GSE42568
scPP,Negative,Neg_ctrl_Sample_8,-0.00579646504257766,1860,3.26974637313077,Sample_100_GSE42568
scPP,Negative,Neg_ctrl_Sample_9,-0.000417996586696612,1860,3.26974637313077,Sample_100_GSE42568
scPP,Negative,Neg_ctrl_Sample_10,0.114091185507848,1860,3.26974637313077,Sample_100_GSE42568
scPP,Negative,Neg_ctrl_Sample_11,0.146898779613533,1860,3.26974637313077,Sample_100_GSE42568
scPP,Negative,Neg_ctrl_Sample_12,-0.0974690948141667,1860,3.26974637313077,Sample_100_GSE42568
scPP,Negative,Neg_ctrl_Sample_13,-0.0501257838001833,1860,3.26974637313077,Sample_100_GSE42568
scPP,Negative,Neg_ctrl_Sample_14,0.0272263198736498,1860,3.26974637313077,Sample_100_GSE42568
scPP,Negative,Neg_ctrl_Sample_15,-0.077703003154769,1860,3.26974637313077,Sample_100_GSE42568
scPP,Negative,Neg_ctrl_Sample_16,-0.0026165285177659,1860,3.26974637313077,Sample_100_GSE42568
scPP,Negative,Neg_ctrl_Sample_17,0.177626165152436,1860,3.26974637313077,Sample_100_GSE42568
scPP,Negative,Neg_ctrl_Sample_18,0.194684543533685,1860,3.26974637313077,Sample_100_GSE42568
scPP,Negative,Neg_ctrl_Sample_19,0.224866681075272,1860,3.26974637313077,Sample_100_GSE42568
scPP,Negative,Neg_ctrl_Sample_20,-0.121966027019574,1860,3.26974637313077,Sample_100_GSE42568
scPP,Negative,Neg_ctrl_Sample_21,-0.036348021209837,1860,3.26974637313077,Sample_100_GSE42568
scPP,Negative,Neg_ctrl_Sample_22,0.207194595049763,1860,3.26974637313077,Sample_100_GSE42568
scPP,Negative,Neg_ctrl_Sample_23,0.00447842524568755,1860,3.26974637313077,Sample_100_GSE42568
scPP,Negative,Neg_ctrl_Sample_24,0.142863360661854,1860,3.26974637313077,Sample_100_GSE42568
scPP,Negative,Neg_ctrl_Sample_25,0.0632988724814781,1860,3.26974637313077,Sample_100_GSE42568
scPP,Negative,Neg_ctrl_Sample_26,0.0385597476594756,1860,3.26974637313077,Sample_100_GSE42568
scPP,Negative,Neg_ctrl_Sample_27,0.0268444006163548,1860,3.26974637313077,Sample_100_GSE42568
scPP,Negative,Neg_ctrl_Sample_28,0.106012914246134,1860,3.26974637313077,Sample_100_GSE42568
scPP,Negative,Neg_ctrl_Sample_29,0.130426433210082,1860,3.26974637313077,Sample_100_GSE42568
scPP,Negative,Neg_ctrl_Sample_30,-0.0344397766560679,1860,3.26974637313077,Sample_100_GSE42568
scPP,Negative,Neg_ctrl_Sample_31,0.201858724179148,1860,3.26974637313077,Sample_100_GSE42568
scPP,Negative,Neg_ctrl_Sample_32,0.245223601796984,1860,3.26974637313077,Sample_100_GSE42568
scPP,Negative,Neg_ctrl_Sample_33,0.0175106764956131,1860,3.26974637313077,Sample_100_GSE42568
scPP,Negative,Neg_ctrl_Sample_34,-0.20315412873325,1860,3.26974637313077,Sample_100_GSE42568
scPP,Negative,Neg_ctrl_Sample_35,0.0371611122585813,1860,3.26974637313077,Sample_100_GSE42568
scPP,Negative,Neg_ctrl_Sample_36,0.0662161259445669,1860,3.26974637313077,Sample_100_GSE42568
scPP,Negative,Neg_ctrl_Sample_37,0.0775103899210919,1860,3.26974637313077,Sample_100_GSE42568
scPP,Negative,Neg_ctrl_Sample_38,0.0770168118108241,1860,3.26974637313077,Sample_100_GSE42568
scPP,Negative,Neg_ctrl_Sample_39,0.11384594912329,1860,3.26974637313077,Sample_100_GSE42568
scPP,Negative,Neg_ctrl_Sample_40,0.159999537366604,1860,3.26974637313077,Sample_100_GSE42568
scPP,Negative,Neg_ctrl_Sample_41,-0.117790940462285,1860,3.26974637313077,Sample_100_GSE42568
scPP,Negative,Neg_ctrl_Sample_42,-0.12280142511117,1860,3.26974637313077,Sample_100_GSE42568
scPP,Negative,Neg_ctrl_Sample_43,0.0514716461193646,1860,3.26974637313077,Sample_100_GSE42568
scPP,Negative,Neg_ctrl_Sample_44,0.266467867560687,1860,3.26974637313077,Sample_100_GSE42568
scPP,Negative,Neg_ctrl_Sample_45,0.0316734227532071,1860,3.26974637313077,Sample_100_GSE42568
scPP,Negative,Neg_ctrl_Sample_46,0.304512987753434,1860,3.26974637313077,Sample_100_GSE42568
scPP,Negative,Neg_ctrl_Sample_47,0.0521592615648924,1860,3.26974637313077,Sample_100_GSE42568
scPP,Negative,Neg_ctrl_Sample_48,0.0367570107656912,1860,3.26974637313077,Sample_100_GSE42568
scPP,Negative,Neg_ctrl_Sample_49,-0.0607002681761137,1860,3.26974637313077,Sample_100_GSE42568
scPP,Negative,Neg_ctrl_Sample_50,0.0273071539141989,1860,3.26974637313077,Sample_100_GSE42568
scPP,Negative,Neg_ctrl_Sample_51,0.130186882828518,1860,3.26974637313077,Sample_100_GSE42568
scPP,Negative,Neg_ctrl_Sample_52,0.234835724953518,1860,3.26974637313077,Sample_100_GSE42568
scPP,Negative,Neg_ctrl_Sample_53,0.100243834227058,1860,3.26974637313077,Sample_100_GSE42568
scPP,Negative,Neg_ctrl_Sample_54,0.0124777553499828,1860,3.26974637313077,Sample_100_GSE42568
scPP,Negative,Neg_ctrl_Sample_55,-0.0187949071250732,1860,3.26974637313077,Sample_100_GSE42568
scPP,Negative,Neg_ctrl_Sample_56,0.0820284302993785,1860,3.26974637313077,Sample_100_GSE42568
scPP,Negative,Neg_ctrl_Sample_57,0.0774278043595598,1860,3.26974637313077,Sample_100_GSE42568
scPP,Negative,Neg_ctrl_Sample_58,0.0353728528155894,1860,3.26974637313077,Sample_100_GSE42568
scPP,Negative,Neg_ctrl_Sample_59,0.0944573043142814,1860,3.26974637313077,Sample_100_GSE42568
scPP,Negative,Neg_ctrl_Sample_60,0.0732450229541249,1860,3.26974637313077,Sample_100_GSE42568
scPP,Negative,Neg_ctrl_Sample_61,-0.0480899589528894,1860,3.26974637313077,Sample_100_GSE42568
scPP,Negative,Neg_ctrl_Sample_62,-0.0698277400043385,1860,3.26974637313077,Sample_100_GSE42568
scPP,Negative,Neg_ctrl_Sample_63,0.149971162230962,1860,3.26974637313077,Sample_100_GSE42568
scPP,Negative,Neg_ctrl_Sample_64,0.0494626324461918,1860,3.26974637313077,Sample_100_GSE42568
scPP,Negative,Neg_ctrl_Sample_65,-0.104868514224498,1860,3.26974637313077,Sample_100_GSE42568
scPP,Negative,Neg_ctrl_Sample_66,0.0149260519450044,1860,3.26974637313077,Sample_100_GSE42568
scPP,Negative,Neg_ctrl_Sample_67,0.333591866699104,1860,3.26974637313077,Sample_100_GSE42568
scPP,Negative,Neg_ctrl_Sample_68,0.024329973687381,1860,3.26974637313077,Sample_100_GSE42568
scPP,Negative,Neg_ctrl_Sample_69,-0.0581302467259095,1860,3.26974637313077,Sample_100_GSE42568
scPP,Negative,Neg_ctrl_Sample_70,0.0780761274592933,1860,3.26974637313077,Sample_100_GSE42568
scPP,Negative,Neg_ctrl_Sample_71,-0.119215231361928,1860,3.26974637313077,Sample_100_GSE42568
scPP,Negative,Neg_ctrl_Sample_72,-0.100083343639149,1860,3.26974637313077,Sample_100_GSE42568
scPP,Negative,Neg_ctrl_Sample_73,0.14668138954867,1860,3.26974637313077,Sample_100_GSE42568
scPP,Negative,Neg_ctrl_Sample_74,-0.0828724821995439,1860,3.26974637313077,Sample_100_GSE42568
scPP,Negative,Neg_ctrl_Sample_75,0.101258237953065,1860,3.26974637313077,Sample_100_GSE42568
scPP,Negative,Neg_ctrl_Sample_76,0.0400718996938382,1860,3.26974637313077,Sample_100_GSE42568
scPP,Negative,Neg_ctrl_Sample_77,0.145572753329691,1860,3.26974637313077,Sample_100_GSE42568
scPP,Negative,Neg_ctrl_Sample_78,0.0105193545495071,1860,3.26974637313077,Sample_100_GSE42568
scPP,Negative,Neg_ctrl_Sample_79,-0.109576895846704,1860,3.26974637313077,Sample_100_GSE42568
scPP,Negative,Neg_ctrl_Sample_80,-0.037650518079506,1860,3.26974637313077,Sample_100_GSE42568
scPP,Negative,Neg_ctrl_Sample_81,0.0372544630259302,1860,3.26974637313077,Sample_100_GSE42568
scPP,Negative,Neg_ctrl_Sample_82,-0.0286539717019557,1860,3.26974637313077,Sample_100_GSE42568
scPP,Negative,Neg_ctrl_Sample_83,0.0846768744994039,1860,3.26974637313077,Sample_100_GSE42568
scPP,Negative,Neg_ctrl_Sample_84,0.115197192929152,1860,3.26974637313077,Sample_100_GSE42568
scPP,Negative,Neg_ctrl_Sample_85,-0.00772245833627581,1860,3.26974637313077,Sample_100_GSE42568
scPP,Negative,Neg_ctrl_Sample_86,-0.0605443357220078,1860,3.26974637313077,Sample_100_GSE42568
scPP,Negative,Neg_ctrl_Sample_87,-0.0927351919174724,1860,3.26974637313077,Sample_100_GSE42568
scPP,Negative,Neg_ctrl_Sample_88,0.183838328613054,1860,3.26974637313077,Sample_100_GSE42568
scPP,Negative,Neg_ctrl_Sample_89,-0.117432643996338,1860,3.26974637313077,Sample_100_GSE42568
scPP,Negative,Neg_ctrl_Sample_90,0.12149429429516,1860,3.26974637313077,Sample_100_GSE42568
scPP,Negative,Neg_ctrl_Sample_91,-0.0298614930895004,1860,3.26974637313077,Sample_100_GSE42568
scPP,Negative,Neg_ctrl_Sample_92,-0.119993792658617,1860,3.26974637313077,Sample_100_GSE42568
scPP,Negative,Neg_ctrl_Sample_93,-0.123596658025458,1860,3.26974637313077,Sample_100_GSE42568
scPP,Negative,Neg_ctrl_Sample_94,0.0359485210500155,1860,3.26974637313077,Sample_100_GSE42568
scPP,Negative,Neg_ctrl_Sample_95,-0.100001620072764,1860,3.26974637313077,Sample_100_GSE42568
scPP,Negative,Neg_ctrl_Sample_96,-0.0634283053347163,1860,3.26974637313077,Sample_100_GSE42568
scPP,Negative,Neg_ctrl_Sample_97,0.0558243340763221,1860,3.26974637313077,Sample_100_GSE42568
scPP,Negative,Neg_ctrl_Sample_98,0.0558621173133439,1860,3.26974637313077,Sample_100_GSE42568
scPP,Negative,Neg_ctrl_Sample_99,-0.0935045111872749,1860,3.26974637313077,Sample_100_GSE42568
scPP,Negative,Neg_ctrl_Sample_100,-0.143229953703522,1860,3.26974637313077,Sample_100_GSE42568
scPP,Neutral,Neg_ctrl_Sample_1,-0.0522689599514829,28552,4.45565174533135,Sample_100_GSE42568
scPP,Neutral,Neg_ctrl_Sample_2,-0.0501533687112117,28552,4.45565174533135,Sample_100_GSE42568
scPP,Neutral,Neg_ctrl_Sample_3,-0.0255689337030232,28552,4.45565174533135,Sample_100_GSE42568
scPP,Neutral,Neg_ctrl_Sample_4,-0.227184314874303,28552,4.45565174533135,Sample_100_GSE42568
scPP,Neutral,Neg_ctrl_Sample_5,-0.0908277132137465,28552,4.45565174533135,Sample_100_GSE42568
scPP,Neutral,Neg_ctrl_Sample_6,-0.142946887946008,28552,4.45565174533135,Sample_100_GSE42568
scPP,Neutral,Neg_ctrl_Sample_7,-0.165759800528367,28552,4.45565174533135,Sample_100_GSE42568
scPP,Neutral,Neg_ctrl_Sample_8,-0.00625377484888238,28552,4.45565174533135,Sample_100_GSE42568
scPP,Neutral,Neg_ctrl_Sample_9,-0.00829780807023717,28552,4.45565174533135,Sample_100_GSE42568
scPP,Neutral,Neg_ctrl_Sample_10,0.094950931800465,28552,4.45565174533135,Sample_100_GSE42568
scPP,Neutral,Neg_ctrl_Sample_11,0.149157420742014,28552,4.45565174533135,Sample_100_GSE42568
scPP,Neutral,Neg_ctrl_Sample_12,-0.128281162794251,28552,4.45565174533135,Sample_100_GSE42568
scPP,Neutral,Neg_ctrl_Sample_13,-0.0642486807061552,28552,4.45565174533135,Sample_100_GSE42568
scPP,Neutral,Neg_ctrl_Sample_14,0.0321957440887578,28552,4.45565174533135,Sample_100_GSE42568
scPP,Neutral,Neg_ctrl_Sample_15,-0.0735658013296212,28552,4.45565174533135,Sample_100_GSE42568
scPP,Neutral,Neg_ctrl_Sample_16,-0.0240601632217737,28552,4.45565174533135,Sample_100_GSE42568
scPP,Neutral,Neg_ctrl_Sample_17,0.16683704404044,28552,4.45565174533135,Sample_100_GSE42568
scPP,Neutral,Neg_ctrl_Sample_18,0.199360887706551,28552,4.45565174533135,Sample_100_GSE42568
scPP,Neutral,Neg_ctrl_Sample_19,0.232217240619148,28552,4.45565174533135,Sample_100_GSE42568
scPP,Neutral,Neg_ctrl_Sample_20,-0.129563141380764,28552,4.45565174533135,Sample_100_GSE42568
scPP,Neutral,Neg_ctrl_Sample_21,-0.0275138392775667,28552,4.45565174533135,Sample_100_GSE42568
scPP,Neutral,Neg_ctrl_Sample_22,0.20502051402683,28552,4.45565174533135,Sample_100_GSE42568
scPP,Neutral,Neg_ctrl_Sample_23,-0.0386365437669492,28552,4.45565174533135,Sample_100_GSE42568
scPP,Neutral,Neg_ctrl_Sample_24,0.134111817789385,28552,4.45565174533135,Sample_100_GSE42568
scPP,Neutral,Neg_ctrl_Sample_25,0.0549516691789119,28552,4.45565174533135,Sample_100_GSE42568
scPP,Neutral,Neg_ctrl_Sample_26,0.0313981078483653,28552,4.45565174533135,Sample_100_GSE42568
scPP,Neutral,Neg_ctrl_Sample_27,0.00137246969641729,28552,4.45565174533135,Sample_100_GSE42568
scPP,Neutral,Neg_ctrl_Sample_28,0.0926836005192187,28552,4.45565174533135,Sample_100_GSE42568
scPP,Neutral,Neg_ctrl_Sample_29,0.120360326829577,28552,4.45565174533135,Sample_100_GSE42568
scPP,Neutral,Neg_ctrl_Sample_30,-0.0533423778758156,28552,4.45565174533135,Sample_100_GSE42568
scPP,Neutral,Neg_ctrl_Sample_31,0.200396506566224,28552,4.45565174533135,Sample_100_GSE42568
scPP,Neutral,Neg_ctrl_Sample_32,0.234979497702671,28552,4.45565174533135,Sample_100_GSE42568
scPP,Neutral,Neg_ctrl_Sample_33,0.0173388825233988,28552,4.45565174533135,Sample_100_GSE42568
scPP,Neutral,Neg_ctrl_Sample_34,-0.232809204817093,28552,4.45565174533135,Sample_100_GSE42568
scPP,Neutral,Neg_ctrl_Sample_35,0.0388751571653747,28552,4.45565174533135,Sample_100_GSE42568
scPP,Neutral,Neg_ctrl_Sample_36,0.0635852489557156,28552,4.45565174533135,Sample_100_GSE42568
scPP,Neutral,Neg_ctrl_Sample_37,0.078467680955918,28552,4.45565174533135,Sample_100_GSE42568
scPP,Neutral,Neg_ctrl_Sample_38,0.0708967518550189,28552,4.45565174533135,Sample_100_GSE42568
scPP,Neutral,Neg_ctrl_Sample_39,0.110977711098959,28552,4.45565174533135,Sample_100_GSE42568
scPP,Neutral,Neg_ctrl_Sample_40,0.169984345908931,28552,4.45565174533135,Sample_100_GSE42568
scPP,Neutral,Neg_ctrl_Sample_41,-0.137921421781005,28552,4.45565174533135,Sample_100_GSE42568
scPP,Neutral,Neg_ctrl_Sample_42,-0.147488960041617,28552,4.45565174533135,Sample_100_GSE42568
scPP,Neutral,Neg_ctrl_Sample_43,0.0405586530323125,28552,4.45565174533135,Sample_100_GSE42568
scPP,Neutral,Neg_ctrl_Sample_44,0.27244682673722,28552,4.45565174533135,Sample_100_GSE42568
scPP,Neutral,Neg_ctrl_Sample_45,0.0171317251091907,28552,4.45565174533135,Sample_100_GSE42568
scPP,Neutral,Neg_ctrl_Sample_46,0.310227692869774,28552,4.45565174533135,Sample_100_GSE42568
scPP,Neutral,Neg_ctrl_Sample_47,0.052399129453778,28552,4.45565174533135,Sample_100_GSE42568
scPP,Neutral,Neg_ctrl_Sample_48,0.017149257598493,28552,4.45565174533135,Sample_100_GSE42568
scPP,Neutral,Neg_ctrl_Sample_49,-0.114945264816539,28552,4.45565174533135,Sample_100_GSE42568
scPP,Neutral,Neg_ctrl_Sample_50,-0.0124464759021077,28552,4.45565174533135,Sample_100_GSE42568
scPP,Neutral,Neg_ctrl_Sample_51,0.113452249665272,28552,4.45565174533135,Sample_100_GSE42568
scPP,Neutral,Neg_ctrl_Sample_52,0.203823259516676,28552,4.45565174533135,Sample_100_GSE42568
scPP,Neutral,Neg_ctrl_Sample_53,0.089838357351948,28552,4.45565174533135,Sample_100_GSE42568
scPP,Neutral,Neg_ctrl_Sample_54,0.0161664752697374,28552,4.45565174533135,Sample_100_GSE42568
scPP,Neutral,Neg_ctrl_Sample_55,-0.0217802972426777,28552,4.45565174533135,Sample_100_GSE42568
scPP,Neutral,Neg_ctrl_Sample_56,0.0860466916091638,28552,4.45565174533135,Sample_100_GSE42568
scPP,Neutral,Neg_ctrl_Sample_57,0.0918867727903122,28552,4.45565174533135,Sample_100_GSE42568
scPP,Neutral,Neg_ctrl_Sample_58,0.0253354323585938,28552,4.45565174533135,Sample_100_GSE42568
scPP,Neutral,Neg_ctrl_Sample_59,0.0956434038769602,28552,4.45565174533135,Sample_100_GSE42568
scPP,Neutral,Neg_ctrl_Sample_60,0.0733040331568495,28552,4.45565174533135,Sample_100_GSE42568
scPP,Neutral,Neg_ctrl_Sample_61,-0.0669657377366187,28552,4.45565174533135,Sample_100_GSE42568
scPP,Neutral,Neg_ctrl_Sample_62,-0.0761335720353882,28552,4.45565174533135,Sample_100_GSE42568
scPP,Neutral,Neg_ctrl_Sample_63,0.144828964627505,28552,4.45565174533135,Sample_100_GSE42568
scPP,Neutral,Neg_ctrl_Sample_64,0.027356206858509,28552,4.45565174533135,Sample_100_GSE42568
scPP,Neutral,Neg_ctrl_Sample_65,-0.116628607442256,28552,4.45565174533135,Sample_100_GSE42568
scPP,Neutral,Neg_ctrl_Sample_66,0.0149832024371548,28552,4.45565174533135,Sample_100_GSE42568
scPP,Neutral,Neg_ctrl_Sample_67,0.335878069275104,28552,4.45565174533135,Sample_100_GSE42568
scPP,Neutral,Neg_ctrl_Sample_68,0.0182618954995881,28552,4.45565174533135,Sample_100_GSE42568
scPP,Neutral,Neg_ctrl_Sample_69,-0.0807355800115261,28552,4.45565174533135,Sample_100_GSE42568
scPP,Neutral,Neg_ctrl_Sample_70,0.0744657011161401,28552,4.45565174533135,Sample_100_GSE42568
scPP,Neutral,Neg_ctrl_Sample_71,-0.121020858936413,28552,4.45565174533135,Sample_100_GSE42568
scPP,Neutral,Neg_ctrl_Sample_72,-0.111707796621077,28552,4.45565174533135,Sample_100_GSE42568
scPP,Neutral,Neg_ctrl_Sample_73,0.14614374850464,28552,4.45565174533135,Sample_100_GSE42568
scPP,Neutral,Neg_ctrl_Sample_74,-0.0978948982548308,28552,4.45565174533135,Sample_100_GSE42568
scPP,Neutral,Neg_ctrl_Sample_75,0.102692976879143,28552,4.45565174533135,Sample_100_GSE42568
scPP,Neutral,Neg_ctrl_Sample_76,0.0166279524952191,28552,4.45565174533135,Sample_100_GSE42568
scPP,Neutral,Neg_ctrl_Sample_77,0.156200154637139,28552,4.45565174533135,Sample_100_GSE42568
scPP,Neutral,Neg_ctrl_Sample_78,0.00936879149366295,28552,4.45565174533135,Sample_100_GSE42568
scPP,Neutral,Neg_ctrl_Sample_79,-0.132152652847642,28552,4.45565174533135,Sample_100_GSE42568
scPP,Neutral,Neg_ctrl_Sample_80,-0.0298232559542243,28552,4.45565174533135,Sample_100_GSE42568
scPP,Neutral,Neg_ctrl_Sample_81,0.0465242542266204,28552,4.45565174533135,Sample_100_GSE42568
scPP,Neutral,Neg_ctrl_Sample_82,-0.0286615773205864,28552,4.45565174533135,Sample_100_GSE42568
scPP,Neutral,Neg_ctrl_Sample_83,0.087864685204107,28552,4.45565174533135,Sample_100_GSE42568
scPP,Neutral,Neg_ctrl_Sample_84,0.106083037017166,28552,4.45565174533135,Sample_100_GSE42568
scPP,Neutral,Neg_ctrl_Sample_85,-0.00955752524306233,28552,4.45565174533135,Sample_100_GSE42568
scPP,Neutral,Neg_ctrl_Sample_86,-0.0628118133031938,28552,4.45565174533135,Sample_100_GSE42568
scPP,Neutral,Neg_ctrl_Sample_87,-0.113086196942579,28552,4.45565174533135,Sample_100_GSE42568
scPP,Neutral,Neg_ctrl_Sample_88,0.174216783586139,28552,4.45565174533135,Sample_100_GSE42568
scPP,Neutral,Neg_ctrl_Sample_89,-0.138727095991103,28552,4.45565174533135,Sample_100_GSE42568
scPP,Neutral,Neg_ctrl_Sample_90,0.13430111125711,28552,4.45565174533135,Sample_100_GSE42568
scPP,Neutral,Neg_ctrl_Sample_91,-0.0361871022321623,28552,4.45565174533135,Sample_100_GSE42568
scPP,Neutral,Neg_ctrl_Sample_92,-0.144581152435963,28552,4.45565174533135,Sample_100_GSE42568
scPP,Neutral,Neg_ctrl_Sample_93,-0.119965611776672,28552,4.45565174533135,Sample_100_GSE42568
scPP,Neutral,Neg_ctrl_Sample_94,0.0313937543402607,28552,4.45565174533135,Sample_100_GSE42568
scPP,Neutral,Neg_ctrl_Sample_95,-0.0950511861859948,28552,4.45565174533135,Sample_100_GSE42568
scPP,Neutral,Neg_ctrl_Sample_96,-0.0728203343429376,28552,4.45565174533135,Sample_100_GSE42568
scPP,Neutral,Neg_ctrl_Sample_97,0.0531280575476406,28552,4.45565174533135,Sample_100_GSE42568
scPP,Neutral,Neg_ctrl_Sample_98,0.0350242848386321,28552,4.45565174533135,Sample_100_GSE42568
scPP,Neutral,Neg_ctrl_Sample_99,-0.102404529865814,28552,4.45565174533135,Sample_100_GSE42568
scPP,Neutral,Neg_ctrl_Sample_100,-0.149869019709525,28552,4.45565174533135,Sample_100_GSE42568
scPP,Positive,Neg_ctrl_Sample_1,-0.061294447626598,1460,3.1646502159343,Sample_100_GSE42568
scPP,Positive,Neg_ctrl_Sample_2,-0.0412527374719787,1460,3.1646502159343,Sample_100_GSE42568
scPP,Positive,Neg_ctrl_Sample_3,-0.0381491021408831,1460,3.1646502159343,Sample_100_GSE42568
scPP,Positive,Neg_ctrl_Sample_4,-0.234052593631475,1460,3.1646502159343,Sample_100_GSE42568
scPP,Positive,Neg_ctrl_Sample_5,-0.0973742444384935,1460,3.1646502159343,Sample_100_GSE42568
scPP,Positive,Neg_ctrl_Sample_6,-0.143080378944491,1460,3.1646502159343,Sample_100_GSE42568
scPP,Positive,Neg_ctrl_Sample_7,-0.167484903898218,1460,3.1646502159343,Sample_100_GSE42568
scPP,Positive,Neg_ctrl_Sample_8,-0.00408600387685305,1460,3.1646502159343,Sample_100_GSE42568
scPP,Positive,Neg_ctrl_Sample_9,-0.0101244826782314,1460,3.1646502159343,Sample_100_GSE42568
scPP,Positive,Neg_ctrl_Sample_10,0.0921781014649233,1460,3.1646502159343,Sample_100_GSE42568
scPP,Positive,Neg_ctrl_Sample_11,0.142288784468872,1460,3.1646502159343,Sample_100_GSE42568
scPP,Positive,Neg_ctrl_Sample_12,-0.137951878634963,1460,3.1646502159343,Sample_100_GSE42568
scPP,Positive,Neg_ctrl_Sample_13,-0.0693280310953775,1460,3.1646502159343,Sample_100_GSE42568
scPP,Positive,Neg_ctrl_Sample_14,0.0272726366935567,1460,3.1646502159343,Sample_100_GSE42568
scPP,Positive,Neg_ctrl_Sample_15,-0.0701581818528348,1460,3.1646502159343,Sample_100_GSE42568
scPP,Positive,Neg_ctrl_Sample_16,-0.0319901696115326,1460,3.1646502159343,Sample_100_GSE42568
scPP,Positive,Neg_ctrl_Sample_17,0.166360311363629,1460,3.1646502159343,Sample_100_GSE42568
scPP,Positive,Neg_ctrl_Sample_18,0.202619535525779,1460,3.1646502159343,Sample_100_GSE42568
scPP,Positive,Neg_ctrl_Sample_19,0.241959040992646,1460,3.1646502159343,Sample_100_GSE42568
scPP,Positive,Neg_ctrl_Sample_20,-0.135542799823855,1460,3.1646502159343,Sample_100_GSE42568
scPP,Positive,Neg_ctrl_Sample_21,-0.0175685323190835,1460,3.1646502159343,Sample_100_GSE42568
scPP,Positive,Neg_ctrl_Sample_22,0.205705695315413,1460,3.1646502159343,Sample_100_GSE42568
scPP,Positive,Neg_ctrl_Sample_23,-0.0533755882699116,1460,3.1646502159343,Sample_100_GSE42568
scPP,Positive,Neg_ctrl_Sample_24,0.131486427573566,1460,3.1646502159343,Sample_100_GSE42568
scPP,Positive,Neg_ctrl_Sample_25,0.0504152076026253,1460,3.1646502159343,Sample_100_GSE42568
scPP,Positive,Neg_ctrl_Sample_26,0.0320195111341243,1460,3.1646502159343,Sample_100_GSE42568
scPP,Positive,Neg_ctrl_Sample_27,-0.00297363667626669,1460,3.1646502159343,Sample_100_GSE42568
scPP,Positive,Neg_ctrl_Sample_28,0.0953808272552605,1460,3.1646502159343,Sample_100_GSE42568
scPP,Positive,Neg_ctrl_Sample_29,0.115251027578273,1460,3.1646502159343,Sample_100_GSE42568
scPP,Positive,Neg_ctrl_Sample_30,-0.0638311728485805,1460,3.1646502159343,Sample_100_GSE42568
scPP,Positive,Neg_ctrl_Sample_31,0.199191758915713,1460,3.1646502159343,Sample_100_GSE42568
scPP,Positive,Neg_ctrl_Sample_32,0.230552765145109,1460,3.1646502159343,Sample_100_GSE42568
scPP,Positive,Neg_ctrl_Sample_33,0.0117798242827935,1460,3.1646502159343,Sample_100_GSE42568
scPP,Positive,Neg_ctrl_Sample_34,-0.244525437999598,1460,3.1646502159343,Sample_100_GSE42568
scPP,Positive,Neg_ctrl_Sample_35,0.0413718845259738,1460,3.1646502159343,Sample_100_GSE42568
scPP,Positive,Neg_ctrl_Sample_36,0.0551599442824787,1460,3.1646502159343,Sample_100_GSE42568
scPP,Positive,Neg_ctrl_Sample_37,0.0790148120050233,1460,3.1646502159343,Sample_100_GSE42568
scPP,Positive,Neg_ctrl_Sample_38,0.0689194590137139,1460,3.1646502159343,Sample_100_GSE42568
scPP,Positive,Neg_ctrl_Sample_39,0.115587203556616,1460,3.1646502159343,Sample_100_GSE42568
scPP,Positive,Neg_ctrl_Sample_40,0.170016972059566,1460,3.1646502159343,Sample_100_GSE42568
scPP,Positive,Neg_ctrl_Sample_41,-0.147174823723291,1460,3.1646502159343,Sample_100_GSE42568
scPP,Positive,Neg_ctrl_Sample_42,-0.156096234768982,1460,3.1646502159343,Sample_100_GSE42568
scPP,Positive,Neg_ctrl_Sample_43,0.0359584672175521,1460,3.1646502159343,Sample_100_GSE42568
scPP,Positive,Neg_ctrl_Sample_44,0.273843173266683,1460,3.1646502159343,Sample_100_GSE42568
scPP,Positive,Neg_ctrl_Sample_45,0.0160121617966251,1460,3.1646502159343,Sample_100_GSE42568
scPP,Positive,Neg_ctrl_Sample_46,0.312105186787665,1460,3.1646502159343,Sample_100_GSE42568
scPP,Positive,Neg_ctrl_Sample_47,0.0503504058662728,1460,3.1646502159343,Sample_100_GSE42568
scPP,Positive,Neg_ctrl_Sample_48,-0.000717309043692043,1460,3.1646502159343,Sample_100_GSE42568
scPP,Positive,Neg_ctrl_Sample_49,-0.130484155825567,1460,3.1646502159343,Sample_100_GSE42568
scPP,Positive,Neg_ctrl_Sample_50,-0.0296877927757048,1460,3.1646502159343,Sample_100_GSE42568
scPP,Positive,Neg_ctrl_Sample_51,0.112970079207992,1460,3.1646502159343,Sample_100_GSE42568
scPP,Positive,Neg_ctrl_Sample_52,0.198902334086944,1460,3.1646502159343,Sample_100_GSE42568
scPP,Positive,Neg_ctrl_Sample_53,0.0855742346226345,1460,3.1646502159343,Sample_100_GSE42568
scPP,Positive,Neg_ctrl_Sample_54,0.0262154867067737,1460,3.1646502159343,Sample_100_GSE42568
scPP,Positive,Neg_ctrl_Sample_55,-0.0239664170781547,1460,3.1646502159343,Sample_100_GSE42568
scPP,Positive,Neg_ctrl_Sample_56,0.0921596465450014,1460,3.1646502159343,Sample_100_GSE42568
scPP,Positive,Neg_ctrl_Sample_57,0.105375246809312,1460,3.1646502159343,Sample_100_GSE42568
scPP,Positive,Neg_ctrl_Sample_58,0.0257209610131792,1460,3.1646502159343,Sample_100_GSE42568
scPP,Positive,Neg_ctrl_Sample_59,0.0990856164854208,1460,3.1646502159343,Sample_100_GSE42568
scPP,Positive,Neg_ctrl_Sample_60,0.0763129542905559,1460,3.1646502159343,Sample_100_GSE42568
scPP,Positive,Neg_ctrl_Sample_61,-0.0714667988077518,1460,3.1646502159343,Sample_100_GSE42568
scPP,Positive,Neg_ctrl_Sample_62,-0.075932102948622,1460,3.1646502159343,Sample_100_GSE42568
scPP,Positive,Neg_ctrl_Sample_63,0.143816522200421,1460,3.1646502159343,Sample_100_GSE42568
scPP,Positive,Neg_ctrl_Sample_64,0.0168917559825929,1460,3.1646502159343,Sample_100_GSE42568
scPP,Positive,Neg_ctrl_Sample_65,-0.125716032784499,1460,3.1646502159343,Sample_100_GSE42568
scPP,Positive,Neg_ctrl_Sample_66,0.0166862140173337,1460,3.1646502159343,Sample_100_GSE42568
scPP,Positive,Neg_ctrl_Sample_67,0.336032745323475,1460,3.1646502159343,Sample_100_GSE42568
scPP,Positive,Neg_ctrl_Sample_68,0.016807744754321,1460,3.1646502159343,Sample_100_GSE42568
scPP,Positive,Neg_ctrl_Sample_69,-0.0808049237670211,1460,3.1646502159343,Sample_100_GSE42568
scPP,Positive,Neg_ctrl_Sample_70,0.0735973649435061,1460,3.1646502159343,Sample_100_GSE42568
scPP,Positive,Neg_ctrl_Sample_71,-0.121809326721704,1460,3.1646502159343,Sample_100_GSE42568
scPP,Positive,Neg_ctrl_Sample_72,-0.120352923930921,1460,3.1646502159343,Sample_100_GSE42568
scPP,Positive,Neg_ctrl_Sample_73,0.143073715131566,1460,3.1646502159343,Sample_100_GSE42568
scPP,Positive,Neg_ctrl_Sample_74,-0.099639483430154,1460,3.1646502159343,Sample_100_GSE42568
scPP,Positive,Neg_ctrl_Sample_75,0.0989151864503676,1460,3.1646502159343,Sample_100_GSE42568
scPP,Positive,Neg_ctrl_Sample_76,0.0117009329721245,1460,3.1646502159343,Sample_100_GSE42568
scPP,Positive,Neg_ctrl_Sample_77,0.17032758508471,1460,3.1646502159343,Sample_100_GSE42568
scPP,Positive,Neg_ctrl_Sample_78,0.00880824094485413,1460,3.1646502159343,Sample_100_GSE42568
scPP,Positive,Neg_ctrl_Sample_79,-0.133978193694468,1460,3.1646502159343,Sample_100_GSE42568
scPP,Positive,Neg_ctrl_Sample_80,-0.0247948822562691,1460,3.1646502159343,Sample_100_GSE42568
scPP,Positive,Neg_ctrl_Sample_81,0.0492812987094875,1460,3.1646502159343,Sample_100_GSE42568
scPP,Positive,Neg_ctrl_Sample_82,-0.0307901950076367,1460,3.1646502159343,Sample_100_GSE42568
scPP,Positive,Neg_ctrl_Sample_83,0.0883729206018171,1460,3.1646502159343,Sample_100_GSE42568
scPP,Positive,Neg_ctrl_Sample_84,0.0977952425674184,1460,3.1646502159343,Sample_100_GSE42568
scPP,Positive,Neg_ctrl_Sample_85,-0.00867391022278403,1460,3.1646502159343,Sample_100_GSE42568
scPP,Positive,Neg_ctrl_Sample_86,-0.0663296519638568,1460,3.1646502159343,Sample_100_GSE42568
scPP,Positive,Neg_ctrl_Sample_87,-0.113350926207519,1460,3.1646502159343,Sample_100_GSE42568
scPP,Positive,Neg_ctrl_Sample_88,0.168337592226698,1460,3.1646502159343,Sample_100_GSE42568
scPP,Positive,Neg_ctrl_Sample_89,-0.145555336211791,1460,3.1646502159343,Sample_100_GSE42568
scPP,Positive,Neg_ctrl_Sample_90,0.134318315239551,1460,3.1646502159343,Sample_100_GSE42568
scPP,Positive,Neg_ctrl_Sample_91,-0.0416872276889115,1460,3.1646502159343,Sample_100_GSE42568
scPP,Positive,Neg_ctrl_Sample_92,-0.152762245120491,1460,3.1646502159343,Sample_100_GSE42568
scPP,Positive,Neg_ctrl_Sample_93,-0.118092956182495,1460,3.1646502159343,Sample_100_GSE42568
scPP,Positive,Neg_ctrl_Sample_94,0.0305212246377132,1460,3.1646502159343,Sample_100_GSE42568
scPP,Positive,Neg_ctrl_Sample_95,-0.0961750844667688,1460,3.1646502159343,Sample_100_GSE42568
scPP,Positive,Neg_ctrl_Sample_96,-0.0783831685035327,1460,3.1646502159343,Sample_100_GSE42568
scPP,Positive,Neg_ctrl_Sample_97,0.0571533723883449,1460,3.1646502159343,Sample_100_GSE42568
scPP,Positive,Neg_ctrl_Sample_98,0.0318539149872572,1460,3.1646502159343,Sample_100_GSE42568
scPP,Positive,Neg_ctrl_Sample_99,-0.103681954671596,1460,3.1646502159343,Sample_100_GSE42568
scPP,Positive,Neg_ctrl_Sample_100,-0.159853336800816,1460,3.1646502159343,Sample_100_GSE42568
DEGAS,Other,Neg_ctrl_Sample_1,-0.0522629638404576,30278,4.4811415279729,Sample_100_GSE42568
DEGAS,Other,Neg_ctrl_Sample_2,-0.04867367245074,30278,4.4811415279729,Sample_100_GSE42568
DEGAS,Other,Neg_ctrl_Sample_3,-0.0235772517458216,30278,4.4811415279729,Sample_100_GSE42568
DEGAS,Other,Neg_ctrl_Sample_4,-0.224366683370629,30278,4.4811415279729,Sample_100_GSE42568
DEGAS,Other,Neg_ctrl_Sample_5,-0.0885834523463412,30278,4.4811415279729,Sample_100_GSE42568
DEGAS,Other,Neg_ctrl_Sample_6,-0.141575500552958,30278,4.4811415279729,Sample_100_GSE42568
DEGAS,Other,Neg_ctrl_Sample_7,-0.165426320056176,30278,4.4811415279729,Sample_100_GSE42568
DEGAS,Other,Neg_ctrl_Sample_8,-0.00594017611649018,30278,4.4811415279729,Sample_100_GSE42568
DEGAS,Other,Neg_ctrl_Sample_9,-0.0063418049818692,30278,4.4811415279729,Sample_100_GSE42568
DEGAS,Other,Neg_ctrl_Sample_10,0.0967484427353414,30278,4.4811415279729,Sample_100_GSE42568
DEGAS,Other,Neg_ctrl_Sample_11,0.148991292662818,30278,4.4811415279729,Sample_100_GSE42568
DEGAS,Other,Neg_ctrl_Sample_12,-0.125358042353736,30278,4.4811415279729,Sample_100_GSE42568
DEGAS,Other,Neg_ctrl_Sample_13,-0.0629959566222259,30278,4.4811415279729,Sample_100_GSE42568
DEGAS,Other,Neg_ctrl_Sample_14,0.032932265728493,30278,4.4811415279729,Sample_100_GSE42568
DEGAS,Other,Neg_ctrl_Sample_15,-0.0729939282702496,30278,4.4811415279729,Sample_100_GSE42568
DEGAS,Other,Neg_ctrl_Sample_16,-0.0221061803560375,30278,4.4811415279729,Sample_100_GSE42568
DEGAS,Other,Neg_ctrl_Sample_17,0.16806588834017,30278,4.4811415279729,Sample_100_GSE42568
DEGAS,Other,Neg_ctrl_Sample_18,0.198923518752114,30278,4.4811415279729,Sample_100_GSE42568
DEGAS,Other,Neg_ctrl_Sample_19,0.231895882606332,30278,4.4811415279729,Sample_100_GSE42568
DEGAS,Other,Neg_ctrl_Sample_20,-0.12837346546274,30278,4.4811415279729,Sample_100_GSE42568
DEGAS,Other,Neg_ctrl_Sample_21,-0.0283680285364381,30278,4.4811415279729,Sample_100_GSE42568
DEGAS,Other,Neg_ctrl_Sample_22,0.205729484586121,30278,4.4811415279729,Sample_100_GSE42568
DEGAS,Other,Neg_ctrl_Sample_23,-0.0348735613691504,30278,4.4811415279729,Sample_100_GSE42568
DEGAS,Other,Neg_ctrl_Sample_24,0.134824555069393,30278,4.4811415279729,Sample_100_GSE42568
DEGAS,Other,Neg_ctrl_Sample_25,0.0564602129184875,30278,4.4811415279729,Sample_100_GSE42568
DEGAS,Other,Neg_ctrl_Sample_26,0.0325460327439599,30278,4.4811415279729,Sample_100_GSE42568
DEGAS,Other,Neg_ctrl_Sample_27,0.00377086125880186,30278,4.4811415279729,Sample_100_GSE42568
DEGAS,Other,Neg_ctrl_Sample_28,0.0940668932743799,30278,4.4811415279729,Sample_100_GSE42568
DEGAS,Other,Neg_ctrl_Sample_29,0.12125053096954,30278,4.4811415279729,Sample_100_GSE42568
DEGAS,Other,Neg_ctrl_Sample_30,-0.0520216893820763,30278,4.4811415279729,Sample_100_GSE42568
DEGAS,Other,Neg_ctrl_Sample_31,0.201341535820743,30278,4.4811415279729,Sample_100_GSE42568
DEGAS,Other,Neg_ctrl_Sample_32,0.236937005807049,30278,4.4811415279729,Sample_100_GSE42568
DEGAS,Other,Neg_ctrl_Sample_33,0.0175025442154092,30278,4.4811415279729,Sample_100_GSE42568
DEGAS,Other,Neg_ctrl_Sample_34,-0.230331293400201,30278,4.4811415279729,Sample_100_GSE42568
DEGAS,Other,Neg_ctrl_Sample_35,0.0401269328272144,30278,4.4811415279729,Sample_100_GSE42568
DEGAS,Other,Neg_ctrl_Sample_36,0.0636125600288539,30278,4.4811415279729,Sample_100_GSE42568
DEGAS,Other,Neg_ctrl_Sample_37,0.078199729848549,30278,4.4811415279729,Sample_100_GSE42568
DEGAS,Other,Neg_ctrl_Sample_38,0.0708269258413396,30278,4.4811415279729,Sample_100_GSE42568
DEGAS,Other,Neg_ctrl_Sample_39,0.111607972122065,30278,4.4811415279729,Sample_100_GSE42568
DEGAS,Other,Neg_ctrl_Sample_40,0.170136111651119,30278,4.4811415279729,Sample_100_GSE42568
DEGAS,Other,Neg_ctrl_Sample_41,-0.1359694312886,30278,4.4811415279729,Sample_100_GSE42568
DEGAS,Other,Neg_ctrl_Sample_42,-0.14581008001455,30278,4.4811415279729,Sample_100_GSE42568
DEGAS,Other,Neg_ctrl_Sample_43,0.0413842900471015,30278,4.4811415279729,Sample_100_GSE42568
DEGAS,Other,Neg_ctrl_Sample_44,0.272569425018905,30278,4.4811415279729,Sample_100_GSE42568
DEGAS,Other,Neg_ctrl_Sample_45,0.0189269949977654,30278,4.4811415279729,Sample_100_GSE42568
DEGAS,Other,Neg_ctrl_Sample_46,0.309632246880226,30278,4.4811415279729,Sample_100_GSE42568
DEGAS,Other,Neg_ctrl_Sample_47,0.0523488274403423,30278,4.4811415279729,Sample_100_GSE42568
DEGAS,Other,Neg_ctrl_Sample_48,0.0178239926705799,30278,4.4811415279729,Sample_100_GSE42568
DEGAS,Other,Neg_ctrl_Sample_49,-0.110830627149608,30278,4.4811415279729,Sample_100_GSE42568
DEGAS,Other,Neg_ctrl_Sample_50,-0.00969982754179286,30278,4.4811415279729,Sample_100_GSE42568
DEGAS,Other,Neg_ctrl_Sample_51,0.115095362969007,30278,4.4811415279729,Sample_100_GSE42568
DEGAS,Other,Neg_ctrl_Sample_52,0.206428205423545,30278,4.4811415279729,Sample_100_GSE42568
DEGAS,Other,Neg_ctrl_Sample_53,0.0908937272079802,30278,4.4811415279729,Sample_100_GSE42568
DEGAS,Other,Neg_ctrl_Sample_54,0.0172105271560713,30278,4.4811415279729,Sample_100_GSE42568
DEGAS,Other,Neg_ctrl_Sample_55,-0.0208470825985969,30278,4.4811415279729,Sample_100_GSE42568
DEGAS,Other,Neg_ctrl_Sample_56,0.0865813576521252,30278,4.4811415279729,Sample_100_GSE42568
DEGAS,Other,Neg_ctrl_Sample_57,0.0924666531735119,30278,4.4811415279729,Sample_100_GSE42568
DEGAS,Other,Neg_ctrl_Sample_58,0.0267231835436232,30278,4.4811415279729,Sample_100_GSE42568
DEGAS,Other,Neg_ctrl_Sample_59,0.0964269574932446,30278,4.4811415279729,Sample_100_GSE42568
DEGAS,Other,Neg_ctrl_Sample_60,0.0745670427565228,30278,4.4811415279729,Sample_100_GSE42568
DEGAS,Other,Neg_ctrl_Sample_61,-0.0649267345413906,30278,4.4811415279729,Sample_100_GSE42568
DEGAS,Other,Neg_ctrl_Sample_62,-0.074805603413246,30278,4.4811415279729,Sample_100_GSE42568
DEGAS,Other,Neg_ctrl_Sample_63,0.145453703875869,30278,4.4811415279729,Sample_100_GSE42568
DEGAS,Other,Neg_ctrl_Sample_64,0.0296904653982842,30278,4.4811415279729,Sample_100_GSE42568
DEGAS,Other,Neg_ctrl_Sample_65,-0.115231411262843,30278,4.4811415279729,Sample_100_GSE42568
DEGAS,Other,Neg_ctrl_Sample_66,0.0153204308882515,30278,4.4811415279729,Sample_100_GSE42568
DEGAS,Other,Neg_ctrl_Sample_67,0.33542131166661,30278,4.4811415279729,Sample_100_GSE42568
DEGAS,Other,Neg_ctrl_Sample_68,0.0195354421340512,30278,4.4811415279729,Sample_100_GSE42568
DEGAS,Other,Neg_ctrl_Sample_69,-0.0782310888349731,30278,4.4811415279729,Sample_100_GSE42568
DEGAS,Other,Neg_ctrl_Sample_70,0.0755346759124483,30278,4.4811415279729,Sample_100_GSE42568
DEGAS,Other,Neg_ctrl_Sample_71,-0.120349963678751,30278,4.4811415279729,Sample_100_GSE42568
DEGAS,Other,Neg_ctrl_Sample_72,-0.110629343806168,30278,4.4811415279729,Sample_100_GSE42568
DEGAS,Other,Neg_ctrl_Sample_73,0.146123719324195,30278,4.4811415279729,Sample_100_GSE42568
DEGAS,Other,Neg_ctrl_Sample_74,-0.0959685948452237,30278,4.4811415279729,Sample_100_GSE42568
DEGAS,Other,Neg_ctrl_Sample_75,0.103489136459097,30278,4.4811415279729,Sample_100_GSE42568
DEGAS,Other,Neg_ctrl_Sample_76,0.0189887073213534,30278,4.4811415279729,Sample_100_GSE42568
DEGAS,Other,Neg_ctrl_Sample_77,0.156772260698871,30278,4.4811415279729,Sample_100_GSE42568
DEGAS,Other,Neg_ctrl_Sample_78,0.00959667375576053,30278,4.4811415279729,Sample_100_GSE42568
DEGAS,Other,Neg_ctrl_Sample_79,-0.129494902051326,30278,4.4811415279729,Sample_100_GSE42568
DEGAS,Other,Neg_ctrl_Sample_80,-0.0304690599593107,30278,4.4811415279729,Sample_100_GSE42568
DEGAS,Other,Neg_ctrl_Sample_81,0.0465339708355661,30278,4.4811415279729,Sample_100_GSE42568
DEGAS,Other,Neg_ctrl_Sample_82,-0.0278360003599612,30278,4.4811415279729,Sample_100_GSE42568
DEGAS,Other,Neg_ctrl_Sample_83,0.0881859090975871,30278,4.4811415279729,Sample_100_GSE42568
DEGAS,Other,Neg_ctrl_Sample_84,0.107163285290211,30278,4.4811415279729,Sample_100_GSE42568
DEGAS,Other,Neg_ctrl_Sample_85,-0.00896757371176997,30278,4.4811415279729,Sample_100_GSE42568
DEGAS,Other,Neg_ctrl_Sample_86,-0.0623267651094418,30278,4.4811415279729,Sample_100_GSE42568
DEGAS,Other,Neg_ctrl_Sample_87,-0.110629035214875,30278,4.4811415279729,Sample_100_GSE42568
DEGAS,Other,Neg_ctrl_Sample_88,0.174893369458391,30278,4.4811415279729,Sample_100_GSE42568
DEGAS,Other,Neg_ctrl_Sample_89,-0.136312481045702,30278,4.4811415279729,Sample_100_GSE42568
DEGAS,Other,Neg_ctrl_Sample_90,0.134680147880893,30278,4.4811415279729,Sample_100_GSE42568
DEGAS,Other,Neg_ctrl_Sample_91,-0.0356785814102406,30278,4.4811415279729,Sample_100_GSE42568
DEGAS,Other,Neg_ctrl_Sample_92,-0.142095936196226,30278,4.4811415279729,Sample_100_GSE42568
DEGAS,Other,Neg_ctrl_Sample_93,-0.119929448841296,30278,4.4811415279729,Sample_100_GSE42568
DEGAS,Other,Neg_ctrl_Sample_94,0.0317437694012782,30278,4.4811415279729,Sample_100_GSE42568
DEGAS,Other,Neg_ctrl_Sample_95,-0.094873705688359,30278,4.4811415279729,Sample_100_GSE42568
DEGAS,Other,Neg_ctrl_Sample_96,-0.0713059166364568,30278,4.4811415279729,Sample_100_GSE42568
DEGAS,Other,Neg_ctrl_Sample_97,0.0539631341404242,30278,4.4811415279729,Sample_100_GSE42568
DEGAS,Other,Neg_ctrl_Sample_98,0.03702465474344,30278,4.4811415279729,Sample_100_GSE42568
DEGAS,Other,Neg_ctrl_Sample_99,-0.10134752548602,30278,4.4811415279729,Sample_100_GSE42568
DEGAS,Other,Neg_ctrl_Sample_100,-0.149262163578617,30278,4.4811415279729,Sample_100_GSE42568
DEGAS,Positive,Neg_ctrl_Sample_1,-0.058343026717406,1594,3.2027606873932,Sample_100_GSE42568
DEGAS,Positive,Neg_ctrl_Sample_2,-0.0746477199053859,1594,3.2027606873932,Sample_100_GSE42568
DEGAS,Positive,Neg_ctrl_Sample_3,-0.0449654379914492,1594,3.2027606873932,Sample_100_GSE42568
DEGAS,Positive,Neg_ctrl_Sample_4,-0.255147645462618,1594,3.2027606873932,Sample_100_GSE42568
DEGAS,Positive,Neg_ctrl_Sample_5,-0.113634624691598,1594,3.2027606873932,Sample_100_GSE42568
DEGAS,Positive,Neg_ctrl_Sample_6,-0.16160576330033,1594,3.2027606873932,Sample_100_GSE42568
DEGAS,Positive,Neg_ctrl_Sample_7,-0.182077726406895,1594,3.2027606873932,Sample_100_GSE42568
DEGAS,Positive,Neg_ctrl_Sample_8,-0.00969141635483053,1594,3.2027606873932,Sample_100_GSE42568
DEGAS,Positive,Neg_ctrl_Sample_9,-0.0379304034766945,1594,3.2027606873932,Sample_100_GSE42568
DEGAS,Positive,Neg_ctrl_Sample_10,0.080601812302123,1594,3.2027606873932,Sample_100_GSE42568
DEGAS,Positive,Neg_ctrl_Sample_11,0.143386244157404,1594,3.2027606873932,Sample_100_GSE42568
DEGAS,Positive,Neg_ctrl_Sample_12,-0.156709669307688,1594,3.2027606873932,Sample_100_GSE42568
DEGAS,Positive,Neg_ctrl_Sample_13,-0.076216838257202,1594,3.2027606873932,Sample_100_GSE42568
DEGAS,Positive,Neg_ctrl_Sample_14,0.00789758345827145,1594,3.2027606873932,Sample_100_GSE42568
DEGAS,Positive,Neg_ctrl_Sample_15,-0.0861349628417374,1594,3.2027606873932,Sample_100_GSE42568
DEGAS,Positive,Neg_ctrl_Sample_16,-0.0434173413825971,1594,3.2027606873932,Sample_100_GSE42568
DEGAS,Positive,Neg_ctrl_Sample_17,0.155648077825227,1594,3.2027606873932,Sample_100_GSE42568
DEGAS,Positive,Neg_ctrl_Sample_18,0.205196698783728,1594,3.2027606873932,Sample_100_GSE42568
DEGAS,Positive,Neg_ctrl_Sample_19,0.238667093634056,1594,3.2027606873932,Sample_100_GSE42568
DEGAS,Positive,Neg_ctrl_Sample_20,-0.148773101268479,1594,3.2027606873932,Sample_100_GSE42568
DEGAS,Positive,Neg_ctrl_Sample_21,-0.0124876710558188,1594,3.2027606873932,Sample_100_GSE42568
DEGAS,Positive,Neg_ctrl_Sample_22,0.194718095450766,1594,3.2027606873932,Sample_100_GSE42568
DEGAS,Positive,Neg_ctrl_Sample_23,-0.0733045134353129,1594,3.2027606873932,Sample_100_GSE42568
DEGAS,Positive,Neg_ctrl_Sample_24,0.128380663876965,1594,3.2027606873932,Sample_100_GSE42568
DEGAS,Positive,Neg_ctrl_Sample_25,0.0318819558128688,1594,3.2027606873932,Sample_100_GSE42568
DEGAS,Positive,Neg_ctrl_Sample_26,0.0185192049983398,1594,3.2027606873932,Sample_100_GSE42568
DEGAS,Positive,Neg_ctrl_Sample_27,-0.018443103402024,1594,3.2027606873932,Sample_100_GSE42568
DEGAS,Positive,Neg_ctrl_Sample_28,0.0844321177876751,1594,3.2027606873932,Sample_100_GSE42568
DEGAS,Positive,Neg_ctrl_Sample_29,0.110517026961971,1594,3.2027606873932,Sample_100_GSE42568
DEGAS,Positive,Neg_ctrl_Sample_30,-0.0659788951938489,1594,3.2027606873932,Sample_100_GSE42568
DEGAS,Positive,Neg_ctrl_Sample_31,0.183048449741864,1594,3.2027606873932,Sample_100_GSE42568
DEGAS,Positive,Neg_ctrl_Sample_32,0.2056956668978,1594,3.2027606873932,Sample_100_GSE42568
DEGAS,Positive,Neg_ctrl_Sample_33,0.00933885934042716,1594,3.2027606873932,Sample_100_GSE42568
DEGAS,Positive,Neg_ctrl_Sample_34,-0.256004600558095,1594,3.2027606873932,Sample_100_GSE42568
DEGAS,Positive,Neg_ctrl_Sample_35,0.0153844638972829,1594,3.2027606873932,Sample_100_GSE42568
DEGAS,Positive,Neg_ctrl_Sample_36,0.0584193529104554,1594,3.2027606873932,Sample_100_GSE42568
DEGAS,Positive,Neg_ctrl_Sample_37,0.0829415038140216,1594,3.2027606873932,Sample_100_GSE42568
DEGAS,Positive,Neg_ctrl_Sample_38,0.0775533741960985,1594,3.2027606873932,Sample_100_GSE42568
DEGAS,Positive,Neg_ctrl_Sample_39,0.106574786667249,1594,3.2027606873932,Sample_100_GSE42568
DEGAS,Positive,Neg_ctrl_Sample_40,0.155480410619888,1594,3.2027606873932,Sample_100_GSE42568
DEGAS,Positive,Neg_ctrl_Sample_41,-0.159985185715746,1594,3.2027606873932,Sample_100_GSE42568
DEGAS,Positive,Neg_ctrl_Sample_42,-0.158455669948038,1594,3.2027606873932,Sample_100_GSE42568
DEGAS,Positive,Neg_ctrl_Sample_43,0.0333963307729605,1594,3.2027606873932,Sample_100_GSE42568
DEGAS,Positive,Neg_ctrl_Sample_44,0.264420334323046,1594,3.2027606873932,Sample_100_GSE42568
DEGAS,Positive,Neg_ctrl_Sample_45,-0.00102648474321458,1594,3.2027606873932,Sample_100_GSE42568
DEGAS,Positive,Neg_ctrl_Sample_46,0.316589489152903,1594,3.2027606873932,Sample_100_GSE42568
DEGAS,Positive,Neg_ctrl_Sample_47,0.0511982220834653,1594,3.2027606873932,Sample_100_GSE42568
DEGAS,Positive,Neg_ctrl_Sample_48,0.0108478806102566,1594,3.2027606873932,Sample_100_GSE42568
DEGAS,Positive,Neg_ctrl_Sample_49,-0.1440381672013,1594,3.2027606873932,Sample_100_GSE42568
DEGAS,Positive,Neg_ctrl_Sample_50,-0.0340233831986795,1594,3.2027606873932,Sample_100_GSE42568
DEGAS,Positive,Neg_ctrl_Sample_51,0.101326944900854,1594,3.2027606873932,Sample_100_GSE42568
DEGAS,Positive,Neg_ctrl_Sample_52,0.186022809339091,1594,3.2027606873932,Sample_100_GSE42568
DEGAS,Positive,Neg_ctrl_Sample_53,0.0780278675790258,1594,3.2027606873932,Sample_100_GSE42568
DEGAS,Positive,Neg_ctrl_Sample_54,0.00123469022137398,1594,3.2027606873932,Sample_100_GSE42568
DEGAS,Positive,Neg_ctrl_Sample_55,-0.0380254555453958,1594,3.2027606873932,Sample_100_GSE42568
DEGAS,Positive,Neg_ctrl_Sample_56,0.0768009762524135,1594,3.2027606873932,Sample_100_GSE42568
DEGAS,Positive,Neg_ctrl_Sample_57,0.0763546978492963,1594,3.2027606873932,Sample_100_GSE42568
DEGAS,Positive,Neg_ctrl_Sample_58,0.011040666678157,1594,3.2027606873932,Sample_100_GSE42568
DEGAS,Positive,Neg_ctrl_Sample_59,0.0825286289885714,1594,3.2027606873932,Sample_100_GSE42568
DEGAS,Positive,Neg_ctrl_Sample_60,0.0520003074474538,1594,3.2027606873932,Sample_100_GSE42568
DEGAS,Positive,Neg_ctrl_Sample_61,-0.0877935541552062,1594,3.2027606873932,Sample_100_GSE42568
DEGAS,Positive,Neg_ctrl_Sample_62,-0.0938156557849384,1594,3.2027606873932,Sample_100_GSE42568
DEGAS,Positive,Neg_ctrl_Sample_63,0.138035029017054,1594,3.2027606873932,Sample_100_GSE42568
DEGAS,Positive,Neg_ctrl_Sample_64,-0.000772291731868881,1594,3.2027606873932,Sample_100_GSE42568
DEGAS,Positive,Neg_ctrl_Sample_65,-0.137769243285986,1594,3.2027606873932,Sample_100_GSE42568
DEGAS,Positive,Neg_ctrl_Sample_66,0.0100707143250825,1594,3.2027606873932,Sample_100_GSE42568
DEGAS,Positive,Neg_ctrl_Sample_67,0.34202813019683,1594,3.2027606873932,Sample_100_GSE42568
DEGAS,Positive,Neg_ctrl_Sample_68,-0.000180312566326541,1594,3.2027606873932,Sample_100_GSE42568
DEGAS,Positive,Neg_ctrl_Sample_69,-0.101994241125363,1594,3.2027606873932,Sample_100_GSE42568
DEGAS,Positive,Neg_ctrl_Sample_70,0.0575781247695921,1594,3.2027606873932,Sample_100_GSE42568
DEGAS,Positive,Neg_ctrl_Sample_71,-0.132379743685142,1594,3.2027606873932,Sample_100_GSE42568
DEGAS,Positive,Neg_ctrl_Sample_72,-0.126547067421442,1594,3.2027606873932,Sample_100_GSE42568
DEGAS,Positive,Neg_ctrl_Sample_73,0.144339612458679,1594,3.2027606873932,Sample_100_GSE42568
DEGAS,Positive,Neg_ctrl_Sample_74,-0.118553627946932,1594,3.2027606873932,Sample_100_GSE42568
DEGAS,Positive,Neg_ctrl_Sample_75,0.0824355689805297,1594,3.2027606873932,Sample_100_GSE42568
DEGAS,Positive,Neg_ctrl_Sample_76,-0.00537119514592013,1594,3.2027606873932,Sample_100_GSE42568
DEGAS,Positive,Neg_ctrl_Sample_77,0.145871958077852,1594,3.2027606873932,Sample_100_GSE42568
DEGAS,Positive,Neg_ctrl_Sample_78,0.00586930865226872,1594,3.2027606873932,Sample_100_GSE42568
DEGAS,Positive,Neg_ctrl_Sample_79,-0.15796555135799,1594,3.2027606873932,Sample_100_GSE42568
DEGAS,Positive,Neg_ctrl_Sample_80,-0.0220840014297598,1594,3.2027606873932,Sample_100_GSE42568
DEGAS,Positive,Neg_ctrl_Sample_81,0.0380482654098347,1594,3.2027606873932,Sample_100_GSE42568
DEGAS,Positive,Neg_ctrl_Sample_82,-0.0462841962580079,1594,3.2027606873932,Sample_100_GSE42568
DEGAS,Positive,Neg_ctrl_Sample_83,0.0785087747418206,1594,3.2027606873932,Sample_100_GSE42568
DEGAS,Positive,Neg_ctrl_Sample_84,0.0886077502470285,1594,3.2027606873932,Sample_100_GSE42568
DEGAS,Positive,Neg_ctrl_Sample_85,-0.0178130146334267,1594,3.2027606873932,Sample_100_GSE42568
DEGAS,Positive,Neg_ctrl_Sample_86,-0.0726015406268991,1594,3.2027606873932,Sample_100_GSE42568
DEGAS,Positive,Neg_ctrl_Sample_87,-0.136255317501873,1594,3.2027606873932,Sample_100_GSE42568
DEGAS,Positive,Neg_ctrl_Sample_88,0.167207239875495,1594,3.2027606873932,Sample_100_GSE42568
DEGAS,Positive,Neg_ctrl_Sample_89,-0.16599890360013,1594,3.2027606873932,Sample_100_GSE42568
DEGAS,Positive,Neg_ctrl_Sample_90,0.112173110862039,1594,3.2027606873932,Sample_100_GSE42568
DEGAS,Positive,Neg_ctrl_Sample_91,-0.0435030016096035,1594,3.2027606873932,Sample_100_GSE42568
DEGAS,Positive,Neg_ctrl_Sample_92,-0.170590740541539,1594,3.2027606873932,Sample_100_GSE42568
DEGAS,Positive,Neg_ctrl_Sample_93,-0.123174275649053,1594,3.2027606873932,Sample_100_GSE42568
DEGAS,Positive,Neg_ctrl_Sample_94,0.0292608915403466,1594,3.2027606873932,Sample_100_GSE42568
DEGAS,Positive,Neg_ctrl_Sample_95,-0.105228383818831,1594,3.2027606873932,Sample_100_GSE42568
DEGAS,Positive,Neg_ctrl_Sample_96,-0.095722532107059,1594,3.2027606873932,Sample_100_GSE42568
DEGAS,Positive,Neg_ctrl_Sample_97,0.0440989389368924,1594,3.2027606873932,Sample_100_GSE42568
DEGAS,Positive,Neg_ctrl_Sample_98,0.0184386063205555,1594,3.2027606873932,Sample_100_GSE42568
DEGAS,Positive,Neg_ctrl_Sample_99,-0.113267129668681,1594,3.2027606873932,Sample_100_GSE42568
DEGAS,Positive,Neg_ctrl_Sample_100,-0.162794258174859,1594,3.2027606873932,Sample_100_GSE42568
LP_SGL,Negative,Neg_ctrl_Sample_1,-0.0533800798015862,5816,3.76469906379837,Sample_100_GSE42568
LP_SGL,Negative,Neg_ctrl_Sample_2,-0.0745774331875639,5816,3.76469906379837,Sample_100_GSE42568
LP_SGL,Negative,Neg_ctrl_Sample_3,-0.0416896316923876,5816,3.76469906379837,Sample_100_GSE42568
LP_SGL,Negative,Neg_ctrl_Sample_4,-0.253607996634927,5816,3.76469906379837,Sample_100_GSE42568
LP_SGL,Negative,Neg_ctrl_Sample_5,-0.110959825186985,5816,3.76469906379837,Sample_100_GSE42568
LP_SGL,Negative,Neg_ctrl_Sample_6,-0.159016439911881,5816,3.76469906379837,Sample_100_GSE42568
LP_SGL,Negative,Neg_ctrl_Sample_7,-0.176130033946236,5816,3.76469906379837,Sample_100_GSE42568
LP_SGL,Negative,Neg_ctrl_Sample_8,-0.00683062278954293,5816,3.76469906379837,Sample_100_GSE42568
LP_SGL,Negative,Neg_ctrl_Sample_9,-0.0371757959709731,5816,3.76469906379837,Sample_100_GSE42568
LP_SGL,Negative,Neg_ctrl_Sample_10,0.0842164907033355,5816,3.76469906379837,Sample_100_GSE42568
LP_SGL,Negative,Neg_ctrl_Sample_11,0.147423692459636,5816,3.76469906379837,Sample_100_GSE42568
LP_SGL,Negative,Neg_ctrl_Sample_12,-0.156044002632635,5816,3.76469906379837,Sample_100_GSE42568
LP_SGL,Negative,Neg_ctrl_Sample_13,-0.068763701682056,5816,3.76469906379837,Sample_100_GSE42568
LP_SGL,Negative,Neg_ctrl_Sample_14,0.011466120084475,5816,3.76469906379837,Sample_100_GSE42568
LP_SGL,Negative,Neg_ctrl_Sample_15,-0.0844715793956956,5816,3.76469906379837,Sample_100_GSE42568
LP_SGL,Negative,Neg_ctrl_Sample_16,-0.0372513126198408,5816,3.76469906379837,Sample_100_GSE42568
LP_SGL,Negative,Neg_ctrl_Sample_17,0.158687141873361,5816,3.76469906379837,Sample_100_GSE42568
LP_SGL,Negative,Neg_ctrl_Sample_18,0.210285070957808,5816,3.76469906379837,Sample_100_GSE42568
LP_SGL,Negative,Neg_ctrl_Sample_19,0.237688024618758,5816,3.76469906379837,Sample_100_GSE42568
LP_SGL,Negative,Neg_ctrl_Sample_20,-0.14768045623049,5816,3.76469906379837,Sample_100_GSE42568
LP_SGL,Negative,Neg_ctrl_Sample_21,-0.00527002629167594,5816,3.76469906379837,Sample_100_GSE42568
LP_SGL,Negative,Neg_ctrl_Sample_22,0.197935988047664,5816,3.76469906379837,Sample_100_GSE42568
LP_SGL,Negative,Neg_ctrl_Sample_23,-0.068623851227848,5816,3.76469906379837,Sample_100_GSE42568
LP_SGL,Negative,Neg_ctrl_Sample_24,0.12638137100361,5816,3.76469906379837,Sample_100_GSE42568
LP_SGL,Negative,Neg_ctrl_Sample_25,0.0260210657702649,5816,3.76469906379837,Sample_100_GSE42568
LP_SGL,Negative,Neg_ctrl_Sample_26,0.0204702283943469,5816,3.76469906379837,Sample_100_GSE42568
LP_SGL,Negative,Neg_ctrl_Sample_27,-0.0183224493318798,5816,3.76469906379837,Sample_100_GSE42568
LP_SGL,Negative,Neg_ctrl_Sample_28,0.0857009105894847,5816,3.76469906379837,Sample_100_GSE42568
LP_SGL,Negative,Neg_ctrl_Sample_29,0.111390126447532,5816,3.76469906379837,Sample_100_GSE42568
LP_SGL,Negative,Neg_ctrl_Sample_30,-0.0611621736022088,5816,3.76469906379837,Sample_100_GSE42568
LP_SGL,Negative,Neg_ctrl_Sample_31,0.183646009965045,5816,3.76469906379837,Sample_100_GSE42568
LP_SGL,Negative,Neg_ctrl_Sample_32,0.204355439259356,5816,3.76469906379837,Sample_100_GSE42568
LP_SGL,Negative,Neg_ctrl_Sample_33,0.0177910356211845,5816,3.76469906379837,Sample_100_GSE42568
LP_SGL,Negative,Neg_ctrl_Sample_34,-0.249533090891594,5816,3.76469906379837,Sample_100_GSE42568
LP_SGL,Negative,Neg_ctrl_Sample_35,0.013144105718368,5816,3.76469906379837,Sample_100_GSE42568
LP_SGL,Negative,Neg_ctrl_Sample_36,0.0642681507429196,5816,3.76469906379837,Sample_100_GSE42568
LP_SGL,Negative,Neg_ctrl_Sample_37,0.0900130864919733,5816,3.76469906379837,Sample_100_GSE42568
LP_SGL,Negative,Neg_ctrl_Sample_38,0.0818797558518597,5816,3.76469906379837,Sample_100_GSE42568
LP_SGL,Negative,Neg_ctrl_Sample_39,0.113237262164812,5816,3.76469906379837,Sample_100_GSE42568
LP_SGL,Negative,Neg_ctrl_Sample_40,0.154386537226819,5816,3.76469906379837,Sample_100_GSE42568
LP_SGL,Negative,Neg_ctrl_Sample_41,-0.163324729823672,5816,3.76469906379837,Sample_100_GSE42568
LP_SGL,Negative,Neg_ctrl_Sample_42,-0.154130439569433,5816,3.76469906379837,Sample_100_GSE42568
LP_SGL,Negative,Neg_ctrl_Sample_43,0.0371152450678832,5816,3.76469906379837,Sample_100_GSE42568
LP_SGL,Negative,Neg_ctrl_Sample_44,0.27082220851889,5816,3.76469906379837,Sample_100_GSE42568
LP_SGL,Negative,Neg_ctrl_Sample_45,0.00503311129911099,5816,3.76469906379837,Sample_100_GSE42568
LP_SGL,Negative,Neg_ctrl_Sample_46,0.318526747684166,5816,3.76469906379837,Sample_100_GSE42568
LP_SGL,Negative,Neg_ctrl_Sample_47,0.0609820804391304,5816,3.76469906379837,Sample_100_GSE42568
LP_SGL,Negative,Neg_ctrl_Sample_48,0.0178190865587627,5816,3.76469906379837,Sample_100_GSE42568
LP_SGL,Negative,Neg_ctrl_Sample_49,-0.140903385647369,5816,3.76469906379837,Sample_100_GSE42568
LP_SGL,Negative,Neg_ctrl_Sample_50,-0.0350233989987436,5816,3.76469906379837,Sample_100_GSE42568
LP_SGL,Negative,Neg_ctrl_Sample_51,0.10321024332111,5816,3.76469906379837,Sample_100_GSE42568
LP_SGL,Negative,Neg_ctrl_Sample_52,0.183524356357279,5816,3.76469906379837,Sample_100_GSE42568
LP_SGL,Negative,Neg_ctrl_Sample_53,0.0786169330598467,5816,3.76469906379837,Sample_100_GSE42568
LP_SGL,Negative,Neg_ctrl_Sample_54,0.00554908849717636,5816,3.76469906379837,Sample_100_GSE42568
LP_SGL,Negative,Neg_ctrl_Sample_55,-0.030928054461878,5816,3.76469906379837,Sample_100_GSE42568
LP_SGL,Negative,Neg_ctrl_Sample_56,0.0830292232451691,5816,3.76469906379837,Sample_100_GSE42568
LP_SGL,Negative,Neg_ctrl_Sample_57,0.0727476245861201,5816,3.76469906379837,Sample_100_GSE42568
LP_SGL,Negative,Neg_ctrl_Sample_58,0.0113603417420593,5816,3.76469906379837,Sample_100_GSE42568
LP_SGL,Negative,Neg_ctrl_Sample_59,0.0859030067904637,5816,3.76469906379837,Sample_100_GSE42568
LP_SGL,Negative,Neg_ctrl_Sample_60,0.0502689618235209,5816,3.76469906379837,Sample_100_GSE42568
LP_SGL,Negative,Neg_ctrl_Sample_61,-0.0843450054979589,5816,3.76469906379837,Sample_100_GSE42568
LP_SGL,Negative,Neg_ctrl_Sample_62,-0.0889182519113381,5816,3.76469906379837,Sample_100_GSE42568
LP_SGL,Negative,Neg_ctrl_Sample_63,0.138552149293367,5816,3.76469906379837,Sample_100_GSE42568
LP_SGL,Negative,Neg_ctrl_Sample_64,-0.00330896705336242,5816,3.76469906379837,Sample_100_GSE42568
LP_SGL,Negative,Neg_ctrl_Sample_65,-0.129890471063203,5816,3.76469906379837,Sample_100_GSE42568
LP_SGL,Negative,Neg_ctrl_Sample_66,0.017891558561651,5816,3.76469906379837,Sample_100_GSE42568
LP_SGL,Negative,Neg_ctrl_Sample_67,0.344241685053258,5816,3.76469906379837,Sample_100_GSE42568
LP_SGL,Negative,Neg_ctrl_Sample_68,-0.000641171804285995,5816,3.76469906379837,Sample_100_GSE42568
LP_SGL,Negative,Neg_ctrl_Sample_69,-0.0980406078710687,5816,3.76469906379837,Sample_100_GSE42568
LP_SGL,Negative,Neg_ctrl_Sample_70,0.057136395687065,5816,3.76469906379837,Sample_100_GSE42568
LP_SGL,Negative,Neg_ctrl_Sample_71,-0.128201591760224,5816,3.76469906379837,Sample_100_GSE42568
LP_SGL,Negative,Neg_ctrl_Sample_72,-0.123287670456,5816,3.76469906379837,Sample_100_GSE42568
LP_SGL,Negative,Neg_ctrl_Sample_73,0.144816477820339,5816,3.76469906379837,Sample_100_GSE42568
LP_SGL,Negative,Neg_ctrl_Sample_74,-0.122330319152625,5816,3.76469906379837,Sample_100_GSE42568
LP_SGL,Negative,Neg_ctrl_Sample_75,0.0834607722148739,5816,3.76469906379837,Sample_100_GSE42568
LP_SGL,Negative,Neg_ctrl_Sample_76,-0.0085136384210575,5816,3.76469906379837,Sample_100_GSE42568
LP_SGL,Negative,Neg_ctrl_Sample_77,0.146595229602037,5816,3.76469906379837,Sample_100_GSE42568
LP_SGL,Negative,Neg_ctrl_Sample_78,0.00786280711575132,5816,3.76469906379837,Sample_100_GSE42568
LP_SGL,Negative,Neg_ctrl_Sample_79,-0.149062472971596,5816,3.76469906379837,Sample_100_GSE42568
LP_SGL,Negative,Neg_ctrl_Sample_80,-0.0222664627962593,5816,3.76469906379837,Sample_100_GSE42568
LP_SGL,Negative,Neg_ctrl_Sample_81,0.0399034134769105,5816,3.76469906379837,Sample_100_GSE42568
LP_SGL,Negative,Neg_ctrl_Sample_82,-0.0442999938218465,5816,3.76469906379837,Sample_100_GSE42568
LP_SGL,Negative,Neg_ctrl_Sample_83,0.082000687094882,5816,3.76469906379837,Sample_100_GSE42568
LP_SGL,Negative,Neg_ctrl_Sample_84,0.0927216339970348,5816,3.76469906379837,Sample_100_GSE42568
LP_SGL,Negative,Neg_ctrl_Sample_85,-0.0108383777657683,5816,3.76469906379837,Sample_100_GSE42568
LP_SGL,Negative,Neg_ctrl_Sample_86,-0.0718493262583095,5816,3.76469906379837,Sample_100_GSE42568
LP_SGL,Negative,Neg_ctrl_Sample_87,-0.137706521015122,5816,3.76469906379837,Sample_100_GSE42568
LP_SGL,Negative,Neg_ctrl_Sample_88,0.169697999380464,5816,3.76469906379837,Sample_100_GSE42568
LP_SGL,Negative,Neg_ctrl_Sample_89,-0.165873819494474,5816,3.76469906379837,Sample_100_GSE42568
LP_SGL,Negative,Neg_ctrl_Sample_90,0.115268139124789,5816,3.76469906379837,Sample_100_GSE42568
LP_SGL,Negative,Neg_ctrl_Sample_91,-0.0438555234742127,5816,3.76469906379837,Sample_100_GSE42568
LP_SGL,Negative,Neg_ctrl_Sample_92,-0.170201539162744,5816,3.76469906379837,Sample_100_GSE42568
LP_SGL,Negative,Neg_ctrl_Sample_93,-0.124058983495012,5816,3.76469906379837,Sample_100_GSE42568
LP_SGL,Negative,Neg_ctrl_Sample_94,0.0320614952764719,5816,3.76469906379837,Sample_100_GSE42568
LP_SGL,Negative,Neg_ctrl_Sample_95,-0.0956474605292519,5816,3.76469906379837,Sample_100_GSE42568
LP_SGL,Negative,Neg_ctrl_Sample_96,-0.10028239932151,5816,3.76469906379837,Sample_100_GSE42568
LP_SGL,Negative,Neg_ctrl_Sample_97,0.0453421819772855,5816,3.76469906379837,Sample_100_GSE42568
LP_SGL,Negative,Neg_ctrl_Sample_98,0.0255976263505655,5816,3.76469906379837,Sample_100_GSE42568
LP_SGL,Negative,Neg_ctrl_Sample_99,-0.108471653698482,5816,3.76469906379837,Sample_100_GSE42568
LP_SGL,Negative,Neg_ctrl_Sample_100,-0.157674435167493,5816,3.76469906379837,Sample_100_GSE42568
LP_SGL,Neutral,Neg_ctrl_Sample_1,-0.0518538368667617,24891,4.39605979231243,Sample_100_GSE42568
LP_SGL,Neutral,Neg_ctrl_Sample_2,-0.0444501511723134,24891,4.39605979231243,Sample_100_GSE42568
LP_SGL,Neutral,Neg_ctrl_Sample_3,-0.0205361071547326,24891,4.39605979231243,Sample_100_GSE42568
LP_SGL,Neutral,Neg_ctrl_Sample_4,-0.218910981642187,24891,4.39605979231243,Sample_100_GSE42568
LP_SGL,Neutral,Neg_ctrl_Sample_5,-0.0846684963350725,24891,4.39605979231243,Sample_100_GSE42568
LP_SGL,Neutral,Neg_ctrl_Sample_6,-0.139059059193341,24891,4.39605979231243,Sample_100_GSE42568
LP_SGL,Neutral,Neg_ctrl_Sample_7,-0.163659353412287,24891,4.39605979231243,Sample_100_GSE42568
LP_SGL,Neutral,Neg_ctrl_Sample_8,-0.00601747624420358,24891,4.39605979231243,Sample_100_GSE42568
LP_SGL,Neutral,Neg_ctrl_Sample_9,-0.000324725417207257,24891,4.39605979231243,Sample_100_GSE42568
LP_SGL,Neutral,Neg_ctrl_Sample_10,0.0986612135259776,24891,4.39605979231243,Sample_100_GSE42568
LP_SGL,Neutral,Neg_ctrl_Sample_11,0.149253508242077,24891,4.39605979231243,Sample_100_GSE42568
LP_SGL,Neutral,Neg_ctrl_Sample_12,-0.119502115637837,24891,4.39605979231243,Sample_100_GSE42568
LP_SGL,Neutral,Neg_ctrl_Sample_13,-0.0622367954935017,24891,4.39605979231243,Sample_100_GSE42568
LP_SGL,Neutral,Neg_ctrl_Sample_14,0.0368017246595517,24891,4.39605979231243,Sample_100_GSE42568
LP_SGL,Neutral,Neg_ctrl_Sample_15,-0.0707849826777824,24891,4.39605979231243,Sample_100_GSE42568
LP_SGL,Neutral,Neg_ctrl_Sample_16,-0.0208330646689392,24891,4.39605979231243,Sample_100_GSE42568
LP_SGL,Neutral,Neg_ctrl_Sample_17,0.170430506311497,24891,4.39605979231243,Sample_100_GSE42568
LP_SGL,Neutral,Neg_ctrl_Sample_18,0.196043628140466,24891,4.39605979231243,Sample_100_GSE42568
LP_SGL,Neutral,Neg_ctrl_Sample_19,0.230499828869697,24891,4.39605979231243,Sample_100_GSE42568
LP_SGL,Neutral,Neg_ctrl_Sample_20,-0.12450040767898,24891,4.39605979231243,Sample_100_GSE42568
LP_SGL,Neutral,Neg_ctrl_Sample_21,-0.0334545108450739,24891,4.39605979231243,Sample_100_GSE42568
LP_SGL,Neutral,Neg_ctrl_Sample_22,0.20688323371693,24891,4.39605979231243,Sample_100_GSE42568
LP_SGL,Neutral,Neg_ctrl_Sample_23,-0.0284051251185648,24891,4.39605979231243,Sample_100_GSE42568
LP_SGL,Neutral,Neg_ctrl_Sample_24,0.136435870926636,24891,4.39605979231243,Sample_100_GSE42568
LP_SGL,Neutral,Neg_ctrl_Sample_25,0.0627906604066404,24891,4.39605979231243,Sample_100_GSE42568
LP_SGL,Neutral,Neg_ctrl_Sample_26,0.0350169331067364,24891,4.39605979231243,Sample_100_GSE42568
LP_SGL,Neutral,Neg_ctrl_Sample_27,0.00663112206540674,24891,4.39605979231243,Sample_100_GSE42568
LP_SGL,Neutral,Neg_ctrl_Sample_28,0.0957749817683014,24891,4.39605979231243,Sample_100_GSE42568
LP_SGL,Neutral,Neg_ctrl_Sample_29,0.122761150468629,24891,4.39605979231243,Sample_100_GSE42568
LP_SGL,Neutral,Neg_ctrl_Sample_30,-0.0501236390973899,24891,4.39605979231243,Sample_100_GSE42568
LP_SGL,Neutral,Neg_ctrl_Sample_31,0.204550761410702,24891,4.39605979231243,Sample_100_GSE42568
LP_SGL,Neutral,Neg_ctrl_Sample_32,0.24332399476242,24891,4.39605979231243,Sample_100_GSE42568
LP_SGL,Neutral,Neg_ctrl_Sample_33,0.0169208627643287,24891,4.39605979231243,Sample_100_GSE42568
LP_SGL,Neutral,Neg_ctrl_Sample_34,-0.226768207967271,24891,4.39605979231243,Sample_100_GSE42568
LP_SGL,Neutral,Neg_ctrl_Sample_35,0.0454181590331748,24891,4.39605979231243,Sample_100_GSE42568
LP_SGL,Neutral,Neg_ctrl_Sample_36,0.0632066821739935,24891,4.39605979231243,Sample_100_GSE42568
LP_SGL,Neutral,Neg_ctrl_Sample_37,0.0750173245572389,24891,4.39605979231243,Sample_100_GSE42568
LP_SGL,Neutral,Neg_ctrl_Sample_38,0.068572771484679,24891,4.39605979231243,Sample_100_GSE42568
LP_SGL,Neutral,Neg_ctrl_Sample_39,0.110947607151007,24891,4.39605979231243,Sample_100_GSE42568
LP_SGL,Neutral,Neg_ctrl_Sample_40,0.172932338239934,24891,4.39605979231243,Sample_100_GSE42568
LP_SGL,Neutral,Neg_ctrl_Sample_41,-0.130573891877992,24891,4.39605979231243,Sample_100_GSE42568
LP_SGL,Neutral,Neg_ctrl_Sample_42,-0.144207771654499,24891,4.39605979231243,Sample_100_GSE42568
LP_SGL,Neutral,Neg_ctrl_Sample_43,0.0417026769788118,24891,4.39605979231243,Sample_100_GSE42568
LP_SGL,Neutral,Neg_ctrl_Sample_44,0.272298419291004,24891,4.39605979231243,Sample_100_GSE42568
LP_SGL,Neutral,Neg_ctrl_Sample_45,0.0215159438301052,24891,4.39605979231243,Sample_100_GSE42568
LP_SGL,Neutral,Neg_ctrl_Sample_46,0.307878502361581,24891,4.39605979231243,Sample_100_GSE42568
LP_SGL,Neutral,Neg_ctrl_Sample_47,0.0500414171842653,24891,4.39605979231243,Sample_100_GSE42568
LP_SGL,Neutral,Neg_ctrl_Sample_48,0.0185777152208441,24891,4.39605979231243,Sample_100_GSE42568
LP_SGL,Neutral,Neg_ctrl_Sample_49,-0.105295954272301,24891,4.39605979231243,Sample_100_GSE42568
LP_SGL,Neutral,Neg_ctrl_Sample_50,-0.00437640865131773,24891,4.39605979231243,Sample_100_GSE42568
LP_SGL,Neutral,Neg_ctrl_Sample_51,0.116994987021207,24891,4.39605979231243,Sample_100_GSE42568
LP_SGL,Neutral,Neg_ctrl_Sample_52,0.211074241454728,24891,4.39605979231243,Sample_100_GSE42568
LP_SGL,Neutral,Neg_ctrl_Sample_53,0.0929886981172714,24891,4.39605979231243,Sample_100_GSE42568
LP_SGL,Neutral,Neg_ctrl_Sample_54,0.0189403582802982,24891,4.39605979231243,Sample_100_GSE42568
LP_SGL,Neutral,Neg_ctrl_Sample_55,-0.0190055008851091,24891,4.39605979231243,Sample_100_GSE42568
LP_SGL,Neutral,Neg_ctrl_Sample_56,0.0867247819506969,24891,4.39605979231243,Sample_100_GSE42568
LP_SGL,Neutral,Neg_ctrl_Sample_57,0.0960606350081106,24891,4.39605979231243,Sample_100_GSE42568
LP_SGL,Neutral,Neg_ctrl_Sample_58,0.0298800886376429,24891,4.39605979231243,Sample_100_GSE42568
LP_SGL,Neutral,Neg_ctrl_Sample_59,0.0983368018306875,24891,4.39605979231243,Sample_100_GSE42568
LP_SGL,Neutral,Neg_ctrl_Sample_60,0.0794298417301961,24891,4.39605979231243,Sample_100_GSE42568
LP_SGL,Neutral,Neg_ctrl_Sample_61,-0.0622926853161837,24891,4.39605979231243,Sample_100_GSE42568
LP_SGL,Neutral,Neg_ctrl_Sample_62,-0.0729440127819324,24891,4.39605979231243,Sample_100_GSE42568
LP_SGL,Neutral,Neg_ctrl_Sample_63,0.14662681365143,24891,4.39605979231243,Sample_100_GSE42568
LP_SGL,Neutral,Neg_ctrl_Sample_64,0.0366128906752209,24891,4.39605979231243,Sample_100_GSE42568
LP_SGL,Neutral,Neg_ctrl_Sample_65,-0.113115324761137,24891,4.39605979231243,Sample_100_GSE42568
LP_SGL,Neutral,Neg_ctrl_Sample_66,0.0141632117570207,24891,4.39605979231243,Sample_100_GSE42568
LP_SGL,Neutral,Neg_ctrl_Sample_67,0.3338688087173,24891,4.39605979231243,Sample_100_GSE42568
LP_SGL,Neutral,Neg_ctrl_Sample_68,0.0235941166432024,24891,4.39605979231243,Sample_100_GSE42568
LP_SGL,Neutral,Neg_ctrl_Sample_69,-0.074441740350771,24891,4.39605979231243,Sample_100_GSE42568
LP_SGL,Neutral,Neg_ctrl_Sample_70,0.0792213105667443,24891,4.39605979231243,Sample_100_GSE42568
LP_SGL,Neutral,Neg_ctrl_Sample_71,-0.119414243214777,24891,4.39605979231243,Sample_100_GSE42568
LP_SGL,Neutral,Neg_ctrl_Sample_72,-0.108068822899183,24891,4.39605979231243,Sample_100_GSE42568
LP_SGL,Neutral,Neg_ctrl_Sample_73,0.146543634159658,24891,4.39605979231243,Sample_100_GSE42568
LP_SGL,Neutral,Neg_ctrl_Sample_74,-0.0911498690539038,24891,4.39605979231243,Sample_100_GSE42568
LP_SGL,Neutral,Neg_ctrl_Sample_75,0.106713574910054,24891,4.39605979231243,Sample_100_GSE42568
LP_SGL,Neutral,Neg_ctrl_Sample_76,0.0244986491433369,24891,4.39605979231243,Sample_100_GSE42568
LP_SGL,Neutral,Neg_ctrl_Sample_77,0.158769230959621,24891,4.39605979231243,Sample_100_GSE42568
LP_SGL,Neutral,Neg_ctrl_Sample_78,0.00995787510414082,24891,4.39605979231243,Sample_100_GSE42568
LP_SGL,Neutral,Neg_ctrl_Sample_79,-0.126335653887075,24891,4.39605979231243,Sample_100_GSE42568
LP_SGL,Neutral,Neg_ctrl_Sample_80,-0.0322306782194907,24891,4.39605979231243,Sample_100_GSE42568
LP_SGL,Neutral,Neg_ctrl_Sample_81,0.0479738825097366,24891,4.39605979231243,Sample_100_GSE42568
LP_SGL,Neutral,Neg_ctrl_Sample_82,-0.0248990938102558,24891,4.39605979231243,Sample_100_GSE42568
LP_SGL,Neutral,Neg_ctrl_Sample_83,0.0894366849530726,24891,4.39605979231243,Sample_100_GSE42568
LP_SGL,Neutral,Neg_ctrl_Sample_84,0.109872159263471,24891,4.39605979231243,Sample_100_GSE42568
LP_SGL,Neutral,Neg_ctrl_Sample_85,-0.00851775350956601,24891,4.39605979231243,Sample_100_GSE42568
LP_SGL,Neutral,Neg_ctrl_Sample_86,-0.0607137579328204,24891,4.39605979231243,Sample_100_GSE42568
LP_SGL,Neutral,Neg_ctrl_Sample_87,-0.105147050183747,24891,4.39605979231243,Sample_100_GSE42568
LP_SGL,Neutral,Neg_ctrl_Sample_88,0.175638508078653,24891,4.39605979231243,Sample_100_GSE42568
LP_SGL,Neutral,Neg_ctrl_Sample_89,-0.130383395843639,24891,4.39605979231243,Sample_100_GSE42568
LP_SGL,Neutral,Neg_ctrl_Sample_90,0.138529098194896,24891,4.39605979231243,Sample_100_GSE42568
LP_SGL,Neutral,Neg_ctrl_Sample_91,-0.0351776190701974,24891,4.39605979231243,Sample_100_GSE42568
LP_SGL,Neutral,Neg_ctrl_Sample_92,-0.137009123523991,24891,4.39605979231243,Sample_100_GSE42568
LP_SGL,Neutral,Neg_ctrl_Sample_93,-0.119910024957168,24891,4.39605979231243,Sample_100_GSE42568
LP_SGL,Neutral,Neg_ctrl_Sample_94,0.0315599408031672,24891,4.39605979231243,Sample_100_GSE42568
LP_SGL,Neutral,Neg_ctrl_Sample_95,-0.0952203136495662,24891,4.39605979231243,Sample_100_GSE42568
LP_SGL,Neutral,Neg_ctrl_Sample_96,-0.0655552613857683,24891,4.39605979231243,Sample_100_GSE42568
LP_SGL,Neutral,Neg_ctrl_Sample_97,0.0549520830324464,24891,4.39605979231243,Sample_100_GSE42568
LP_SGL,Neutral,Neg_ctrl_Sample_98,0.03900233213606,24891,4.39605979231243,Sample_100_GSE42568
LP_SGL,Neutral,Neg_ctrl_Sample_99,-0.100163675233275,24891,4.39605979231243,Sample_100_GSE42568
LP_SGL,Neutral,Neg_ctrl_Sample_100,-0.14803799668844,24891,4.39605979231243,Sample_100_GSE42568
LP_SGL,Positive,Neg_ctrl_Sample_1,-0.0637462713925565,1165,3.066698550423,Sample_100_GSE42568
LP_SGL,Positive,Neg_ctrl_Sample_2,-0.0451320650161094,1165,3.066698550423,Sample_100_GSE42568
LP_SGL,Positive,Neg_ctrl_Sample_3,-0.0273955325381794,1165,3.066698550423,Sample_100_GSE42568
LP_SGL,Positive,Neg_ctrl_Sample_4,-0.23706646650551,1165,3.066698550423,Sample_100_GSE42568
LP_SGL,Positive,Neg_ctrl_Sample_5,-0.0947961170275751,1165,3.066698550423,Sample_100_GSE42568
LP_SGL,Positive,Neg_ctrl_Sample_6,-0.13567719788344,1165,3.066698550423,Sample_100_GSE42568
LP_SGL,Positive,Neg_ctrl_Sample_7,-0.172525983980191,1165,3.066698550423,Sample_100_GSE42568
LP_SGL,Positive,Neg_ctrl_Sample_8,-0.0049758513186577,1165,3.066698550423,Sample_100_GSE42568
LP_SGL,Positive,Neg_ctrl_Sample_9,-0.0241897550695285,1165,3.066698550423,Sample_100_GSE42568
LP_SGL,Positive,Neg_ctrl_Sample_10,0.0963512979781519,1165,3.066698550423,Sample_100_GSE42568
LP_SGL,Positive,Neg_ctrl_Sample_11,0.143545719684938,1165,3.066698550423,Sample_100_GSE42568
LP_SGL,Positive,Neg_ctrl_Sample_12,-0.140177630566556,1165,3.066698550423,Sample_100_GSE42568
LP_SGL,Positive,Neg_ctrl_Sample_13,-0.0685111151743753,1165,3.066698550423,Sample_100_GSE42568
LP_SGL,Positive,Neg_ctrl_Sample_14,0.0231701346331226,1165,3.066698550423,Sample_100_GSE42568
LP_SGL,Positive,Neg_ctrl_Sample_15,-0.0808700268998268,1165,3.066698550423,Sample_100_GSE42568
LP_SGL,Positive,Neg_ctrl_Sample_16,-0.00285727391623038,1165,3.066698550423,Sample_100_GSE42568
LP_SGL,Positive,Neg_ctrl_Sample_17,0.147374981529727,1165,3.066698550423,Sample_100_GSE42568
LP_SGL,Positive,Neg_ctrl_Sample_18,0.212317526096864,1165,3.066698550423,Sample_100_GSE42568
LP_SGL,Positive,Neg_ctrl_Sample_19,0.242072179595561,1165,3.066698550423,Sample_100_GSE42568
LP_SGL,Positive,Neg_ctrl_Sample_20,-0.142649725089062,1165,3.066698550423,Sample_100_GSE42568
LP_SGL,Positive,Neg_ctrl_Sample_21,-0.0132753762507483,1165,3.066698550423,Sample_100_GSE42568
LP_SGL,Positive,Neg_ctrl_Sample_22,0.204919915462478,1165,3.066698550423,Sample_100_GSE42568
LP_SGL,Positive,Neg_ctrl_Sample_23,-0.0571680665095806,1165,3.066698550423,Sample_100_GSE42568
LP_SGL,Positive,Neg_ctrl_Sample_24,0.133731621990641,1165,3.066698550423,Sample_100_GSE42568
LP_SGL,Positive,Neg_ctrl_Sample_25,0.0395376116825104,1165,3.066698550423,Sample_100_GSE42568
LP_SGL,Positive,Neg_ctrl_Sample_26,0.0208472634228967,1165,3.066698550423,Sample_100_GSE42568
LP_SGL,Positive,Neg_ctrl_Sample_27,0.0225613187599565,1165,3.066698550423,Sample_100_GSE42568
LP_SGL,Positive,Neg_ctrl_Sample_28,0.0861550413150284,1165,3.066698550423,Sample_100_GSE42568
LP_SGL,Positive,Neg_ctrl_Sample_29,0.123514975055467,1165,3.066698550423,Sample_100_GSE42568
LP_SGL,Positive,Neg_ctrl_Sample_30,-0.0660398005201068,1165,3.066698550423,Sample_100_GSE42568
LP_SGL,Positive,Neg_ctrl_Sample_31,0.196085883466523,1165,3.066698550423,Sample_100_GSE42568
LP_SGL,Positive,Neg_ctrl_Sample_32,0.220385207293627,1165,3.066698550423,Sample_100_GSE42568
LP_SGL,Positive,Neg_ctrl_Sample_33,0.0173204440369826,1165,3.066698550423,Sample_100_GSE42568
LP_SGL,Positive,Neg_ctrl_Sample_34,-0.24572559117772,1165,3.066698550423,Sample_100_GSE42568
LP_SGL,Positive,Neg_ctrl_Sample_35,0.0279284053578401,1165,3.066698550423,Sample_100_GSE42568
LP_SGL,Positive,Neg_ctrl_Sample_36,0.0619059659907386,1165,3.066698550423,Sample_100_GSE42568
LP_SGL,Positive,Neg_ctrl_Sample_37,0.0937063011522605,1165,3.066698550423,Sample_100_GSE42568
LP_SGL,Positive,Neg_ctrl_Sample_38,0.0730130678395669,1165,3.066698550423,Sample_100_GSE42568
LP_SGL,Positive,Neg_ctrl_Sample_39,0.110696638208765,1165,3.066698550423,Sample_100_GSE42568
LP_SGL,Positive,Neg_ctrl_Sample_40,0.168966550608807,1165,3.066698550423,Sample_100_GSE42568
LP_SGL,Positive,Neg_ctrl_Sample_41,-0.147542879997904,1165,3.066698550423,Sample_100_GSE42568
LP_SGL,Positive,Neg_ctrl_Sample_42,-0.155809150034153,1165,3.066698550423,Sample_100_GSE42568
LP_SGL,Positive,Neg_ctrl_Sample_43,0.04496453845821,1165,3.066698550423,Sample_100_GSE42568
LP_SGL,Positive,Neg_ctrl_Sample_44,0.275932312716836,1165,3.066698550423,Sample_100_GSE42568
LP_SGL,Positive,Neg_ctrl_Sample_45,0.00567330873036427,1165,3.066698550423,Sample_100_GSE42568
LP_SGL,Positive,Neg_ctrl_Sample_46,0.312217553593131,1165,3.066698550423,Sample_100_GSE42568
LP_SGL,Positive,Neg_ctrl_Sample_47,0.0569743075297824,1165,3.066698550423,Sample_100_GSE42568
LP_SGL,Positive,Neg_ctrl_Sample_48,-0.00780029632208449,1165,3.066698550423,Sample_100_GSE42568
LP_SGL,Positive,Neg_ctrl_Sample_49,-0.124387020289944,1165,3.066698550423,Sample_100_GSE42568
LP_SGL,Positive,Neg_ctrl_Sample_50,-0.0302964590664873,1165,3.066698550423,Sample_100_GSE42568
LP_SGL,Positive,Neg_ctrl_Sample_51,0.115003908194949,1165,3.066698550423,Sample_100_GSE42568
LP_SGL,Positive,Neg_ctrl_Sample_52,0.193585374486735,1165,3.066698550423,Sample_100_GSE42568
LP_SGL,Positive,Neg_ctrl_Sample_53,0.0898188204387314,1165,3.066698550423,Sample_100_GSE42568
LP_SGL,Positive,Neg_ctrl_Sample_54,0.0166098547552941,1165,3.066698550423,Sample_100_GSE42568
LP_SGL,Positive,Neg_ctrl_Sample_55,-0.0333708633288799,1165,3.066698550423,Sample_100_GSE42568
LP_SGL,Positive,Neg_ctrl_Sample_56,0.0878683203508057,1165,3.066698550423,Sample_100_GSE42568
LP_SGL,Positive,Neg_ctrl_Sample_57,0.0920766202399994,1165,3.066698550423,Sample_100_GSE42568
LP_SGL,Positive,Neg_ctrl_Sample_58,0.014511879972036,1165,3.066698550423,Sample_100_GSE42568
LP_SGL,Positive,Neg_ctrl_Sample_59,0.0891440615684591,1165,3.066698550423,Sample_100_GSE42568
LP_SGL,Positive,Neg_ctrl_Sample_60,0.0610960842758189,1165,3.066698550423,Sample_100_GSE42568
LP_SGL,Positive,Neg_ctrl_Sample_61,-0.0555509112329364,1165,3.066698550423,Sample_100_GSE42568
LP_SGL,Positive,Neg_ctrl_Sample_62,-0.0701358284944352,1165,3.066698550423,Sample_100_GSE42568
LP_SGL,Positive,Neg_ctrl_Sample_63,0.144693359071936,1165,3.066698550423,Sample_100_GSE42568
LP_SGL,Positive,Neg_ctrl_Sample_64,0.00485010205500761,1165,3.066698550423,Sample_100_GSE42568
LP_SGL,Positive,Neg_ctrl_Sample_65,-0.118098125048202,1165,3.066698550423,Sample_100_GSE42568
LP_SGL,Positive,Neg_ctrl_Sample_66,0.0200265378799116,1165,3.066698550423,Sample_100_GSE42568
LP_SGL,Positive,Neg_ctrl_Sample_67,0.33359755890418,1165,3.066698550423,Sample_100_GSE42568
LP_SGL,Positive,Neg_ctrl_Sample_68,0.0065704691432248,1165,3.066698550423,Sample_100_GSE42568
LP_SGL,Positive,Neg_ctrl_Sample_69,-0.0928121833905207,1165,3.066698550423,Sample_100_GSE42568
LP_SGL,Positive,Neg_ctrl_Sample_70,0.0640476648300725,1165,3.066698550423,Sample_100_GSE42568
LP_SGL,Positive,Neg_ctrl_Sample_71,-0.117604400139818,1165,3.066698550423,Sample_100_GSE42568
LP_SGL,Positive,Neg_ctrl_Sample_72,-0.123922004358181,1165,3.066698550423,Sample_100_GSE42568
LP_SGL,Positive,Neg_ctrl_Sample_73,0.14123698118967,1165,3.066698550423,Sample_100_GSE42568
LP_SGL,Positive,Neg_ctrl_Sample_74,-0.0982206616813066,1165,3.066698550423,Sample_100_GSE42568
LP_SGL,Positive,Neg_ctrl_Sample_75,0.105777619206568,1165,3.066698550423,Sample_100_GSE42568
LP_SGL,Positive,Neg_ctrl_Sample_76,0.00523419780550386,1165,3.066698550423,Sample_100_GSE42568
LP_SGL,Positive,Neg_ctrl_Sample_77,0.149997963463647,1165,3.066698550423,Sample_100_GSE42568
LP_SGL,Positive,Neg_ctrl_Sample_78,0.00543537387661447,1165,3.066698550423,Sample_100_GSE42568
LP_SGL,Positive,Neg_ctrl_Sample_79,-0.138262342891581,1165,3.066698550423,Sample_100_GSE42568
LP_SGL,Positive,Neg_ctrl_Sample_80,-0.0223077566889772,1165,3.066698550423,Sample_100_GSE42568
LP_SGL,Positive,Neg_ctrl_Sample_81,0.0372603791338977,1165,3.066698550423,Sample_100_GSE42568
LP_SGL,Positive,Neg_ctrl_Sample_82,-0.0336337507598546,1165,3.066698550423,Sample_100_GSE42568
LP_SGL,Positive,Neg_ctrl_Sample_83,0.079099932432998,1165,3.066698550423,Sample_100_GSE42568
LP_SGL,Positive,Neg_ctrl_Sample_84,0.095994649233431,1165,3.066698550423,Sample_100_GSE42568
LP_SGL,Positive,Neg_ctrl_Sample_85,-0.0213414029856959,1165,3.066698550423,Sample_100_GSE42568
LP_SGL,Positive,Neg_ctrl_Sample_86,-0.063308857956048,1165,3.066698550423,Sample_100_GSE42568
LP_SGL,Positive,Neg_ctrl_Sample_87,-0.127639958786574,1165,3.066698550423,Sample_100_GSE42568
LP_SGL,Positive,Neg_ctrl_Sample_88,0.174393229047356,1165,3.066698550423,Sample_100_GSE42568
LP_SGL,Positive,Neg_ctrl_Sample_89,-0.156031170228753,1165,3.066698550423,Sample_100_GSE42568
LP_SGL,Positive,Neg_ctrl_Sample_90,0.118559807667664,1165,3.066698550423,Sample_100_GSE42568
LP_SGL,Positive,Neg_ctrl_Sample_91,-0.0162661216332,1165,3.066698550423,Sample_100_GSE42568
LP_SGL,Positive,Neg_ctrl_Sample_92,-0.14945592374799,1165,3.066698550423,Sample_100_GSE42568
LP_SGL,Positive,Neg_ctrl_Sample_93,-0.104168384708582,1165,3.066698550423,Sample_100_GSE42568
LP_SGL,Positive,Neg_ctrl_Sample_94,0.0306880411910897,1165,3.066698550423,Sample_100_GSE42568
LP_SGL,Positive,Neg_ctrl_Sample_95,-0.0977730876822909,1165,3.066698550423,Sample_100_GSE42568
LP_SGL,Positive,Neg_ctrl_Sample_96,-0.0829217291761575,1165,3.066698550423,Sample_100_GSE42568
LP_SGL,Positive,Neg_ctrl_Sample_97,0.0623751545310292,1165,3.066698550423,Sample_100_GSE42568
LP_SGL,Positive,Neg_ctrl_Sample_98,0.026386944844016,1165,3.066698550423,Sample_100_GSE42568
LP_SGL,Positive,Neg_ctrl_Sample_99,-0.107384552116535,1165,3.066698550423,Sample_100_GSE42568
LP_SGL,Positive,Neg_ctrl_Sample_100,-0.151936090865232,1165,3.066698550423,Sample_100_GSE42568
PIPET,Neutral,Neg_ctrl_Sample_1,-0.0525670432903149,31872,4.50342294273723,Sample_100_GSE42568
PIPET,Neutral,Neg_ctrl_Sample_2,-0.0499727008029834,31872,4.50342294273723,Sample_100_GSE42568
PIPET,Neutral,Neg_ctrl_Sample_3,-0.0246469294841351,31872,4.50342294273723,Sample_100_GSE42568
PIPET,Neutral,Neg_ctrl_Sample_4,-0.225906117782483,31872,4.50342294273723,Sample_100_GSE42568
PIPET,Neutral,Neg_ctrl_Sample_5,-0.0898363253608469,31872,4.50342294273723,Sample_100_GSE42568
PIPET,Neutral,Neg_ctrl_Sample_6,-0.142577265074146,31872,4.50342294273723,Sample_100_GSE42568
PIPET,Neutral,Neg_ctrl_Sample_7,-0.166259099352206,31872,4.50342294273723,Sample_100_GSE42568
PIPET,Neutral,Neg_ctrl_Sample_8,-0.00612778520722547,31872,4.50342294273723,Sample_100_GSE42568
PIPET,Neutral,Neg_ctrl_Sample_9,-0.00792163134986463,31872,4.50342294273723,Sample_100_GSE42568
PIPET,Neutral,Neg_ctrl_Sample_10,0.0959409085702265,31872,4.50342294273723,Sample_100_GSE42568
PIPET,Neutral,Neg_ctrl_Sample_11,0.148710969893064,31872,4.50342294273723,Sample_100_GSE42568
PIPET,Neutral,Neg_ctrl_Sample_12,-0.126926017170647,31872,4.50342294273723,Sample_100_GSE42568
PIPET,Neutral,Neg_ctrl_Sample_13,-0.0636571666286941,31872,4.50342294273723,Sample_100_GSE42568
PIPET,Neutral,Neg_ctrl_Sample_14,0.0316802174246924,31872,4.50342294273723,Sample_100_GSE42568
PIPET,Neutral,Neg_ctrl_Sample_15,-0.0736511449214468,31872,4.50342294273723,Sample_100_GSE42568
PIPET,Neutral,Neg_ctrl_Sample_16,-0.0231720058667156,31872,4.50342294273723,Sample_100_GSE42568
PIPET,Neutral,Neg_ctrl_Sample_17,0.167444841968407,31872,4.50342294273723,Sample_100_GSE42568
PIPET,Neutral,Neg_ctrl_Sample_18,0.199237256483364,31872,4.50342294273723,Sample_100_GSE42568
PIPET,Neutral,Neg_ctrl_Sample_19,0.232234528137777,31872,4.50342294273723,Sample_100_GSE42568
PIPET,Neutral,Neg_ctrl_Sample_20,-0.129393703272553,31872,4.50342294273723,Sample_100_GSE42568
PIPET,Neutral,Neg_ctrl_Sample_21,-0.0275738113607319,31872,4.50342294273723,Sample_100_GSE42568
PIPET,Neutral,Neg_ctrl_Sample_22,0.205178776934209,31872,4.50342294273723,Sample_100_GSE42568
PIPET,Neutral,Neg_ctrl_Sample_23,-0.0367955912886241,31872,4.50342294273723,Sample_100_GSE42568
PIPET,Neutral,Neg_ctrl_Sample_24,0.134502279637643,31872,4.50342294273723,Sample_100_GSE42568
PIPET,Neutral,Neg_ctrl_Sample_25,0.0552309916011445,31872,4.50342294273723,Sample_100_GSE42568
PIPET,Neutral,Neg_ctrl_Sample_26,0.031844515317174,31872,4.50342294273723,Sample_100_GSE42568
PIPET,Neutral,Neg_ctrl_Sample_27,0.00265988423604344,31872,4.50342294273723,Sample_100_GSE42568
PIPET,Neutral,Neg_ctrl_Sample_28,0.0935850335816776,31872,4.50342294273723,Sample_100_GSE42568
PIPET,Neutral,Neg_ctrl_Sample_29,0.120713721061531,31872,4.50342294273723,Sample_100_GSE42568
PIPET,Neutral,Neg_ctrl_Sample_30,-0.0527197248384005,31872,4.50342294273723,Sample_100_GSE42568
PIPET,Neutral,Neg_ctrl_Sample_31,0.200426651934896,31872,4.50342294273723,Sample_100_GSE42568
PIPET,Neutral,Neg_ctrl_Sample_32,0.235374546776509,31872,4.50342294273723,Sample_100_GSE42568
PIPET,Neutral,Neg_ctrl_Sample_33,0.0170942575157756,31872,4.50342294273723,Sample_100_GSE42568
PIPET,Neutral,Neg_ctrl_Sample_34,-0.231615280963255,31872,4.50342294273723,Sample_100_GSE42568
PIPET,Neutral,Neg_ctrl_Sample_35,0.0388894988577645,31872,4.50342294273723,Sample_100_GSE42568
PIPET,Neutral,Neg_ctrl_Sample_36,0.0633528344971417,31872,4.50342294273723,Sample_100_GSE42568
PIPET,Neutral,Neg_ctrl_Sample_37,0.078436878057038,31872,4.50342294273723,Sample_100_GSE42568
PIPET,Neutral,Neg_ctrl_Sample_38,0.0711633326773551,31872,4.50342294273723,Sample_100_GSE42568
PIPET,Neutral,Neg_ctrl_Sample_39,0.111356249681836,31872,4.50342294273723,Sample_100_GSE42568
PIPET,Neutral,Neg_ctrl_Sample_40,0.169403142667567,31872,4.50342294273723,Sample_100_GSE42568
PIPET,Neutral,Neg_ctrl_Sample_41,-0.137170520412497,31872,4.50342294273723,Sample_100_GSE42568
PIPET,Neutral,Neg_ctrl_Sample_42,-0.146442518215917,31872,4.50342294273723,Sample_100_GSE42568
PIPET,Neutral,Neg_ctrl_Sample_43,0.0409847918329017,31872,4.50342294273723,Sample_100_GSE42568
PIPET,Neutral,Neg_ctrl_Sample_44,0.272161868211387,31872,4.50342294273723,Sample_100_GSE42568
PIPET,Neutral,Neg_ctrl_Sample_45,0.0179290705905389,31872,4.50342294273723,Sample_100_GSE42568
PIPET,Neutral,Neg_ctrl_Sample_46,0.309980196308648,31872,4.50342294273723,Sample_100_GSE42568
PIPET,Neutral,Neg_ctrl_Sample_47,0.0522912827321702,31872,4.50342294273723,Sample_100_GSE42568
PIPET,Neutral,Neg_ctrl_Sample_48,0.0174750995159565,31872,4.50342294273723,Sample_100_GSE42568
PIPET,Neutral,Neg_ctrl_Sample_49,-0.112491420913489,31872,4.50342294273723,Sample_100_GSE42568
PIPET,Neutral,Neg_ctrl_Sample_50,-0.0109163105901449,31872,4.50342294273723,Sample_100_GSE42568
PIPET,Neutral,Neg_ctrl_Sample_51,0.114406769269188,31872,4.50342294273723,Sample_100_GSE42568
PIPET,Neutral,Neg_ctrl_Sample_52,0.205407679527504,31872,4.50342294273723,Sample_100_GSE42568
PIPET,Neutral,Neg_ctrl_Sample_53,0.0902502727574105,31872,4.50342294273723,Sample_100_GSE42568
PIPET,Neutral,Neg_ctrl_Sample_54,0.0164115348093749,31872,4.50342294273723,Sample_100_GSE42568
PIPET,Neutral,Neg_ctrl_Sample_55,-0.0217062168379666,31872,4.50342294273723,Sample_100_GSE42568
PIPET,Neutral,Neg_ctrl_Sample_56,0.0860922158363894,31872,4.50342294273723,Sample_100_GSE42568
PIPET,Neutral,Neg_ctrl_Sample_57,0.0916608531990263,31872,4.50342294273723,Sample_100_GSE42568
PIPET,Neutral,Neg_ctrl_Sample_58,0.0259388608816142,31872,4.50342294273723,Sample_100_GSE42568
PIPET,Neutral,Neg_ctrl_Sample_59,0.0957318666411974,31872,4.50342294273723,Sample_100_GSE42568
PIPET,Neutral,Neg_ctrl_Sample_60,0.0734384227740097,31872,4.50342294273723,Sample_100_GSE42568
PIPET,Neutral,Neg_ctrl_Sample_61,-0.0660703625052592,31872,4.50342294273723,Sample_100_GSE42568
PIPET,Neutral,Neg_ctrl_Sample_62,-0.0757563446118053,31872,4.50342294273723,Sample_100_GSE42568
PIPET,Neutral,Neg_ctrl_Sample_63,0.145082677027069,31872,4.50342294273723,Sample_100_GSE42568
PIPET,Neutral,Neg_ctrl_Sample_64,0.0281669452280576,31872,4.50342294273723,Sample_100_GSE42568
PIPET,Neutral,Neg_ctrl_Sample_65,-0.116358585718318,31872,4.50342294273723,Sample_100_GSE42568
PIPET,Neutral,Neg_ctrl_Sample_66,0.015057879175096,31872,4.50342294273723,Sample_100_GSE42568
PIPET,Neutral,Neg_ctrl_Sample_67,0.335751735510019,31872,4.50342294273723,Sample_100_GSE42568
PIPET,Neutral,Neg_ctrl_Sample_68,0.0185494069623518,31872,4.50342294273723,Sample_100_GSE42568
PIPET,Neutral,Neg_ctrl_Sample_69,-0.0794195446818255,31872,4.50342294273723,Sample_100_GSE42568
PIPET,Neutral,Neg_ctrl_Sample_70,0.0746366229969828,31872,4.50342294273723,Sample_100_GSE42568
PIPET,Neutral,Neg_ctrl_Sample_71,-0.120951603655225,31872,4.50342294273723,Sample_100_GSE42568
PIPET,Neutral,Neg_ctrl_Sample_72,-0.111425429757559,31872,4.50342294273723,Sample_100_GSE42568
PIPET,Neutral,Neg_ctrl_Sample_73,0.14603449159002,31872,4.50342294273723,Sample_100_GSE42568
PIPET,Neutral,Neg_ctrl_Sample_74,-0.0970981299470095,31872,4.50342294273723,Sample_100_GSE42568
PIPET,Neutral,Neg_ctrl_Sample_75,0.10243619385867,31872,4.50342294273723,Sample_100_GSE42568
PIPET,Neutral,Neg_ctrl_Sample_76,0.0177704064763222,31872,4.50342294273723,Sample_100_GSE42568
PIPET,Neutral,Neg_ctrl_Sample_77,0.156227108766832,31872,4.50342294273723,Sample_100_GSE42568
PIPET,Neutral,Neg_ctrl_Sample_78,0.00941025872140541,31872,4.50342294273723,Sample_100_GSE42568
PIPET,Neutral,Neg_ctrl_Sample_79,-0.130918791829025,31872,4.50342294273723,Sample_100_GSE42568
PIPET,Neutral,Neg_ctrl_Sample_80,-0.0300497017986649,31872,4.50342294273723,Sample_100_GSE42568
PIPET,Neutral,Neg_ctrl_Sample_81,0.0461095790669725,31872,4.50342294273723,Sample_100_GSE42568
PIPET,Neutral,Neg_ctrl_Sample_82,-0.0287586416834265,31872,4.50342294273723,Sample_100_GSE42568
PIPET,Neutral,Neg_ctrl_Sample_83,0.0877019309298198,31872,4.50342294273723,Sample_100_GSE42568
PIPET,Neutral,Neg_ctrl_Sample_84,0.106235275662361,31872,4.50342294273723,Sample_100_GSE42568
PIPET,Neutral,Neg_ctrl_Sample_85,-0.00940995676991251,31872,4.50342294273723,Sample_100_GSE42568
PIPET,Neutral,Neg_ctrl_Sample_86,-0.0628406328358108,31872,4.50342294273723,Sample_100_GSE42568
PIPET,Neutral,Neg_ctrl_Sample_87,-0.111910670944213,31872,4.50342294273723,Sample_100_GSE42568
PIPET,Neutral,Neg_ctrl_Sample_88,0.174508966516776,31872,4.50342294273723,Sample_100_GSE42568
PIPET,Neutral,Neg_ctrl_Sample_89,-0.137797174743988,31872,4.50342294273723,Sample_100_GSE42568
PIPET,Neutral,Neg_ctrl_Sample_90,0.133554513562116,31872,4.50342294273723,Sample_100_GSE42568
PIPET,Neutral,Neg_ctrl_Sample_91,-0.0360699006182534,31872,4.50342294273723,Sample_100_GSE42568
PIPET,Neutral,Neg_ctrl_Sample_92,-0.143521034029008,31872,4.50342294273723,Sample_100_GSE42568
PIPET,Neutral,Neg_ctrl_Sample_93,-0.120091730904912,31872,4.50342294273723,Sample_100_GSE42568
PIPET,Neutral,Neg_ctrl_Sample_94,0.0316195943476159,31872,4.50342294273723,Sample_100_GSE42568
PIPET,Neutral,Neg_ctrl_Sample_95,-0.0953915695481724,31872,4.50342294273723,Sample_100_GSE42568
PIPET,Neutral,Neg_ctrl_Sample_96,-0.072527053843414,31872,4.50342294273723,Sample_100_GSE42568
PIPET,Neutral,Neg_ctrl_Sample_97,0.0534698005826172,31872,4.50342294273723,Sample_100_GSE42568
PIPET,Neutral,Neg_ctrl_Sample_98,0.0360951190636559,31872,4.50342294273723,Sample_100_GSE42568
PIPET,Neutral,Neg_ctrl_Sample_99,-0.101943655288579,31872,4.50342294273723,Sample_100_GSE42568
PIPET,Neutral,Neg_ctrl_Sample_100,-0.149938938138934,31872,4.50342294273723,Sample_100_GSE42568
