nohup: ignoring input
✔ Setting active project to "/home/yyx/R/Project/R_code/paper_SigBridgeR".

Attaching package: ‘dplyr’

The following objects are masked from ‘package:stats’:

    filter, lag

The following objects are masked from ‘package:base’:

    intersect, setdiff, setequal, union

✔ SigBridgeR v3.6.1 loaded
ℹ bulk data loaded: dim = (53677 and 1210)
ℹ pheno data loaded: 1~tumor, 0~normal
pheno_bi
   0    1 
 113 1090 

── 1 / 51 ──────────────────────────────────────────────────────────────────────
ℹ [2026/07/30 09:19:36] Start SCIPAC screening
ℹ [2026/07/30 09:19:36] Find common variable geme (hvg = 1000)
Normalizing layer: counts
Performing log-normalization
0%   10   20   30   40   50   60   70   80   90   100%
[----|----|----|----|----|----|----|----|----|----|
**************************************************|
Finding variable features for layer counts
Calculating gene variances
0%   10   20   30   40   50   60   70   80   90   100%
[----|----|----|----|----|----|----|----|----|----|
**************************************************|
Calculating feature variances of standardized and clipped values
0%   10   20   30   40   50   60   70   80   90   100%
[----|----|----|----|----|----|----|----|----|----|
**************************************************|
ℹ [2026/07/30 09:19:56] Running PCA (n_pc = 30)
ℹ [2026/07/30 09:19:58] Clustering (resolution = 2.3)
Warning: Data is of class matrix. Coercing to dgCMatrix.
Computing nearest neighbor graph
Computing SNN
Modularity Optimizer version 1.3.0 by Ludo Waltman and Nees Jan van Eck

Number of nodes: 31872
Number of edges: 1197087

Running Louvain algorithm...
0%   10   20   30   40   50   60   70   80   90   100%
[----|----|----|----|----|----|----|----|----|----|
**************************************************|
Maximum modularity in 10 random starts: 0.8677
Number of communities: 52
Elapsed time: 6 seconds
ℹ [2026/07/30 09:20:15] Screening ("50 bootstrap")
ℹ [2026/07/30 09:20:32] SCIPAC screening done

── 2 / 51 ──────────────────────────────────────────────────────────────────────
ℹ [2026/07/30 09:20:33] Start SCIPAC screening
ℹ [2026/07/30 09:20:33] Find common variable geme (hvg = 1000)
Normalizing layer: counts
Performing log-normalization
0%   10   20   30   40   50   60   70   80   90   100%
[----|----|----|----|----|----|----|----|----|----|
**************************************************|
Finding variable features for layer counts
Calculating gene variances
0%   10   20   30   40   50   60   70   80   90   100%
[----|----|----|----|----|----|----|----|----|----|
**************************************************|
Calculating feature variances of standardized and clipped values
0%   10   20   30   40   50   60   70   80   90   100%
[----|----|----|----|----|----|----|----|----|----|
**************************************************|
ℹ [2026/07/30 09:20:53] Running PCA (n_pc = 100)
ℹ [2026/07/30 09:20:55] Clustering (resolution = 3.1)
Warning: Data is of class matrix. Coercing to dgCMatrix.
Computing nearest neighbor graph
Computing SNN
Modularity Optimizer version 1.3.0 by Ludo Waltman and Nees Jan van Eck

Number of nodes: 31872
Number of edges: 1619897

Running Louvain algorithm...
0%   10   20   30   40   50   60   70   80   90   100%
[----|----|----|----|----|----|----|----|----|----|
**************************************************|
Maximum modularity in 10 random starts: 0.8429
Number of communities: 57
Elapsed time: 7 seconds
ℹ [2026/07/30 09:21:15] Screening ("50 bootstrap")
ℹ [2026/07/30 09:21:27] SCIPAC screening done

── 3 / 51 ──────────────────────────────────────────────────────────────────────
ℹ [2026/07/30 09:21:28] Start SCIPAC screening
ℹ [2026/07/30 09:21:28] Find common variable geme (hvg = 1000)
Normalizing layer: counts
Performing log-normalization
0%   10   20   30   40   50   60   70   80   90   100%
[----|----|----|----|----|----|----|----|----|----|
**************************************************|
Finding variable features for layer counts
Calculating gene variances
0%   10   20   30   40   50   60   70   80   90   100%
[----|----|----|----|----|----|----|----|----|----|
**************************************************|
Calculating feature variances of standardized and clipped values
0%   10   20   30   40   50   60   70   80   90   100%
[----|----|----|----|----|----|----|----|----|----|
**************************************************|
ℹ [2026/07/30 09:21:45] Running PCA (n_pc = 80)
ℹ [2026/07/30 09:21:47] Clustering (resolution = 2.6)
Warning: Data is of class matrix. Coercing to dgCMatrix.
Computing nearest neighbor graph
Computing SNN
Modularity Optimizer version 1.3.0 by Ludo Waltman and Nees Jan van Eck

Number of nodes: 31872
Number of edges: 1531943

Running Louvain algorithm...
0%   10   20   30   40   50   60   70   80   90   100%
[----|----|----|----|----|----|----|----|----|----|
**************************************************|
Maximum modularity in 10 random starts: 0.8577
Number of communities: 52
Elapsed time: 6 seconds
ℹ [2026/07/30 09:22:05] Screening ("50 bootstrap")
ℹ [2026/07/30 09:22:17] SCIPAC screening done

── 4 / 51 ──────────────────────────────────────────────────────────────────────
ℹ [2026/07/30 09:22:19] Start SCIPAC screening
ℹ [2026/07/30 09:22:19] Find common variable geme (hvg = 1000)
Normalizing layer: counts
Performing log-normalization
0%   10   20   30   40   50   60   70   80   90   100%
[----|----|----|----|----|----|----|----|----|----|
**************************************************|
Finding variable features for layer counts
Calculating gene variances
0%   10   20   30   40   50   60   70   80   90   100%
[----|----|----|----|----|----|----|----|----|----|
**************************************************|
Calculating feature variances of standardized and clipped values
0%   10   20   30   40   50   60   70   80   90   100%
[----|----|----|----|----|----|----|----|----|----|
**************************************************|
ℹ [2026/07/30 09:22:38] Running PCA (n_pc = 100)
ℹ [2026/07/30 09:22:40] Clustering (resolution = 0.7)
Warning: Data is of class matrix. Coercing to dgCMatrix.
Computing nearest neighbor graph
Computing SNN
Modularity Optimizer version 1.3.0 by Ludo Waltman and Nees Jan van Eck

Number of nodes: 31872
Number of edges: 1619897

Running Louvain algorithm...
0%   10   20   30   40   50   60   70   80   90   100%
[----|----|----|----|----|----|----|----|----|----|
**************************************************|
Maximum modularity in 10 random starts: 0.9405
Number of communities: 30
Elapsed time: 6 seconds
ℹ [2026/07/30 09:23:00] Screening ("50 bootstrap")
ℹ [2026/07/30 09:23:11] SCIPAC screening done

── 5 / 51 ──────────────────────────────────────────────────────────────────────
ℹ [2026/07/30 09:23:13] Start SCIPAC screening
ℹ [2026/07/30 09:23:13] Find common variable geme (hvg = 1000)
Normalizing layer: counts
Performing log-normalization
0%   10   20   30   40   50   60   70   80   90   100%
[----|----|----|----|----|----|----|----|----|----|
**************************************************|
Finding variable features for layer counts
Calculating gene variances
0%   10   20   30   40   50   60   70   80   90   100%
[----|----|----|----|----|----|----|----|----|----|
**************************************************|
Calculating feature variances of standardized and clipped values
0%   10   20   30   40   50   60   70   80   90   100%
[----|----|----|----|----|----|----|----|----|----|
**************************************************|
ℹ [2026/07/30 09:23:32] Running PCA (n_pc = 80)
ℹ [2026/07/30 09:23:34] Clustering (resolution = 1.5)
Warning: Data is of class matrix. Coercing to dgCMatrix.
Computing nearest neighbor graph
Computing SNN
Modularity Optimizer version 1.3.0 by Ludo Waltman and Nees Jan van Eck

Number of nodes: 31872
Number of edges: 1531943

Running Louvain algorithm...
0%   10   20   30   40   50   60   70   80   90   100%
[----|----|----|----|----|----|----|----|----|----|
**************************************************|
Maximum modularity in 10 random starts: 0.8981
Number of communities: 44
Elapsed time: 6 seconds
ℹ [2026/07/30 09:23:52] Screening ("50 bootstrap")
ℹ [2026/07/30 09:24:04] SCIPAC screening done

── 6 / 51 ──────────────────────────────────────────────────────────────────────
ℹ [2026/07/30 09:24:05] Start SCIPAC screening
ℹ [2026/07/30 09:24:05] Find common variable geme (hvg = 1000)
Normalizing layer: counts
Performing log-normalization
0%   10   20   30   40   50   60   70   80   90   100%
[----|----|----|----|----|----|----|----|----|----|
**************************************************|
Finding variable features for layer counts
Calculating gene variances
0%   10   20   30   40   50   60   70   80   90   100%
[----|----|----|----|----|----|----|----|----|----|
**************************************************|
Calculating feature variances of standardized and clipped values
0%   10   20   30   40   50   60   70   80   90   100%
[----|----|----|----|----|----|----|----|----|----|
**************************************************|
ℹ [2026/07/30 09:24:24] Running PCA (n_pc = 20)
ℹ [2026/07/30 09:24:26] Clustering (resolution = 3.7)
Warning: Data is of class matrix. Coercing to dgCMatrix.
Computing nearest neighbor graph
Computing SNN
Modularity Optimizer version 1.3.0 by Ludo Waltman and Nees Jan van Eck

Number of nodes: 31872
Number of edges: 1111492

Running Louvain algorithm...
0%   10   20   30   40   50   60   70   80   90   100%
[----|----|----|----|----|----|----|----|----|----|
**************************************************|
Maximum modularity in 10 random starts: 0.8348
Number of communities: 72
Elapsed time: 6 seconds
ℹ [2026/07/30 09:24:43] Screening ("50 bootstrap")
ℹ [2026/07/30 09:24:50] SCIPAC screening done

── 7 / 51 ──────────────────────────────────────────────────────────────────────
ℹ [2026/07/30 09:24:51] Start SCIPAC screening
ℹ [2026/07/30 09:24:51] Find common variable geme (hvg = 1000)
Normalizing layer: counts
Performing log-normalization
0%   10   20   30   40   50   60   70   80   90   100%
[----|----|----|----|----|----|----|----|----|----|
**************************************************|
Finding variable features for layer counts
Calculating gene variances
0%   10   20   30   40   50   60   70   80   90   100%
[----|----|----|----|----|----|----|----|----|----|
**************************************************|
Calculating feature variances of standardized and clipped values
0%   10   20   30   40   50   60   70   80   90   100%
[----|----|----|----|----|----|----|----|----|----|
**************************************************|
ℹ [2026/07/30 09:25:10] Running PCA (n_pc = 60)
ℹ [2026/07/30 09:25:12] Clustering (resolution = 2.3)
Warning: Data is of class matrix. Coercing to dgCMatrix.
Computing nearest neighbor graph
Computing SNN
Modularity Optimizer version 1.3.0 by Ludo Waltman and Nees Jan van Eck

Number of nodes: 31872
Number of edges: 1420877

Running Louvain algorithm...
0%   10   20   30   40   50   60   70   80   90   100%
[----|----|----|----|----|----|----|----|----|----|
**************************************************|
Maximum modularity in 10 random starts: 0.8679
Number of communities: 51
Elapsed time: 6 seconds
ℹ [2026/07/30 09:25:30] Screening ("50 bootstrap")
ℹ [2026/07/30 09:25:41] SCIPAC screening done

── 8 / 51 ──────────────────────────────────────────────────────────────────────
ℹ [2026/07/30 09:25:42] Start SCIPAC screening
ℹ [2026/07/30 09:25:42] Find common variable geme (hvg = 1000)
Normalizing layer: counts
Performing log-normalization
0%   10   20   30   40   50   60   70   80   90   100%
[----|----|----|----|----|----|----|----|----|----|
**************************************************|
Finding variable features for layer counts
Calculating gene variances
0%   10   20   30   40   50   60   70   80   90   100%
[----|----|----|----|----|----|----|----|----|----|
**************************************************|
Calculating feature variances of standardized and clipped values
0%   10   20   30   40   50   60   70   80   90   100%
[----|----|----|----|----|----|----|----|----|----|
**************************************************|
ℹ [2026/07/30 09:26:02] Running PCA (n_pc = 60)
ℹ [2026/07/30 09:26:04] Clustering (resolution = 1.2)
Warning: Data is of class matrix. Coercing to dgCMatrix.
Computing nearest neighbor graph
Computing SNN
Modularity Optimizer version 1.3.0 by Ludo Waltman and Nees Jan van Eck

Number of nodes: 31872
Number of edges: 1420877

Running Louvain algorithm...
0%   10   20   30   40   50   60   70   80   90   100%
[----|----|----|----|----|----|----|----|----|----|
**************************************************|
Maximum modularity in 10 random starts: 0.9090
Number of communities: 42
Elapsed time: 6 seconds
ℹ [2026/07/30 09:26:22] Screening ("50 bootstrap")
ℹ [2026/07/30 09:26:33] SCIPAC screening done

── 9 / 51 ──────────────────────────────────────────────────────────────────────
ℹ [2026/07/30 09:26:34] Start SCIPAC screening
ℹ [2026/07/30 09:26:34] Find common variable geme (hvg = 1000)
Normalizing layer: counts
Performing log-normalization
0%   10   20   30   40   50   60   70   80   90   100%
[----|----|----|----|----|----|----|----|----|----|
**************************************************|
Finding variable features for layer counts
Calculating gene variances
0%   10   20   30   40   50   60   70   80   90   100%
[----|----|----|----|----|----|----|----|----|----|
**************************************************|
Calculating feature variances of standardized and clipped values
0%   10   20   30   40   50   60   70   80   90   100%
[----|----|----|----|----|----|----|----|----|----|
**************************************************|
ℹ [2026/07/30 09:26:54] Running PCA (n_pc = 70)
ℹ [2026/07/30 09:26:56] Clustering (resolution = 2.6)
Warning: Data is of class matrix. Coercing to dgCMatrix.
Computing nearest neighbor graph
Computing SNN
Modularity Optimizer version 1.3.0 by Ludo Waltman and Nees Jan van Eck

Number of nodes: 31872
Number of edges: 1475320

Running Louvain algorithm...
0%   10   20   30   40   50   60   70   80   90   100%
[----|----|----|----|----|----|----|----|----|----|
**************************************************|
Maximum modularity in 10 random starts: 0.8587
Number of communities: 58
Elapsed time: 5 seconds
ℹ [2026/07/30 09:27:14] Screening ("50 bootstrap")
ℹ [2026/07/30 09:27:23] SCIPAC screening done

── 10 / 51 ─────────────────────────────────────────────────────────────────────
ℹ [2026/07/30 09:27:24] Start SCIPAC screening
ℹ [2026/07/30 09:27:24] Find common variable geme (hvg = 1000)
Normalizing layer: counts
Performing log-normalization
0%   10   20   30   40   50   60   70   80   90   100%
[----|----|----|----|----|----|----|----|----|----|
**************************************************|
Finding variable features for layer counts
Calculating gene variances
0%   10   20   30   40   50   60   70   80   90   100%
[----|----|----|----|----|----|----|----|----|----|
**************************************************|
Calculating feature variances of standardized and clipped values
0%   10   20   30   40   50   60   70   80   90   100%
[----|----|----|----|----|----|----|----|----|----|
**************************************************|
ℹ [2026/07/30 09:27:43] Running PCA (n_pc = 100)
ℹ [2026/07/30 09:27:45] Clustering (resolution = 2.4)
Warning: Data is of class matrix. Coercing to dgCMatrix.
Computing nearest neighbor graph
Computing SNN
Modularity Optimizer version 1.3.0 by Ludo Waltman and Nees Jan van Eck

Number of nodes: 31872
Number of edges: 1619897

Running Louvain algorithm...
0%   10   20   30   40   50   60   70   80   90   100%
[----|----|----|----|----|----|----|----|----|----|
**************************************************|
Maximum modularity in 10 random starts: 0.8660
Number of communities: 48
Elapsed time: 7 seconds
ℹ [2026/07/30 09:28:06] Screening ("50 bootstrap")
Warning: from glmnet C++ code (error code -1); Convergence for 1th lambda value not reached after maxit=100000 iterations; solutions for larger lambdas returned
Warning in getcoef(fit, nvars, nx, vnames) :
  an empty model has been returned; probably a convergence issue
Warning in classifier.Lambda.core(bulk.dat, y, family, K.means.res, ela.net.alpha = ela.net.alpha,  :
  Lambda values have zero variance in binomial/cumulative regression
ℹ [2026/07/30 09:28:24] SCIPAC screening done

── 11 / 51 ─────────────────────────────────────────────────────────────────────
ℹ [2026/07/30 09:28:25] Start SCIPAC screening
ℹ [2026/07/30 09:28:25] Find common variable geme (hvg = 1000)
Normalizing layer: counts
Performing log-normalization
0%   10   20   30   40   50   60   70   80   90   100%
[----|----|----|----|----|----|----|----|----|----|
**************************************************|
Finding variable features for layer counts
Calculating gene variances
0%   10   20   30   40   50   60   70   80   90   100%
[----|----|----|----|----|----|----|----|----|----|
**************************************************|
Calculating feature variances of standardized and clipped values
0%   10   20   30   40   50   60   70   80   90   100%
[----|----|----|----|----|----|----|----|----|----|
**************************************************|
ℹ [2026/07/30 09:28:44] Running PCA (n_pc = 10)
ℹ [2026/07/30 09:28:46] Clustering (resolution = 3.5)
Warning: Data is of class matrix. Coercing to dgCMatrix.
Computing nearest neighbor graph
Computing SNN
Modularity Optimizer version 1.3.0 by Ludo Waltman and Nees Jan van Eck

Number of nodes: 31872
Number of edges: 995534

Running Louvain algorithm...
0%   10   20   30   40   50   60   70   80   90   100%
[----|----|----|----|----|----|----|----|----|----|
**************************************************|
Maximum modularity in 10 random starts: 0.8461
Number of communities: 74
Elapsed time: 5 seconds
ℹ [2026/07/30 09:29:02] Screening ("50 bootstrap")
ℹ [2026/07/30 09:29:09] SCIPAC screening done

── 12 / 51 ─────────────────────────────────────────────────────────────────────
ℹ [2026/07/30 09:29:10] Start SCIPAC screening
ℹ [2026/07/30 09:29:10] Find common variable geme (hvg = 1000)
Normalizing layer: counts
Performing log-normalization
0%   10   20   30   40   50   60   70   80   90   100%
[----|----|----|----|----|----|----|----|----|----|
**************************************************|
Finding variable features for layer counts
Calculating gene variances
0%   10   20   30   40   50   60   70   80   90   100%
[----|----|----|----|----|----|----|----|----|----|
**************************************************|
Calculating feature variances of standardized and clipped values
0%   10   20   30   40   50   60   70   80   90   100%
[----|----|----|----|----|----|----|----|----|----|
**************************************************|
ℹ [2026/07/30 09:29:30] Running PCA (n_pc = 80)
ℹ [2026/07/30 09:29:33] Clustering (resolution = 0.5)
Warning: Data is of class matrix. Coercing to dgCMatrix.
Computing nearest neighbor graph
Computing SNN
Modularity Optimizer version 1.3.0 by Ludo Waltman and Nees Jan van Eck

Number of nodes: 31872
Number of edges: 1531943

Running Louvain algorithm...
0%   10   20   30   40   50   60   70   80   90   100%
[----|----|----|----|----|----|----|----|----|----|
**************************************************|
Maximum modularity in 10 random starts: 0.9522
Number of communities: 27
Elapsed time: 6 seconds
ℹ [2026/07/30 09:29:53] Screening ("50 bootstrap")
ℹ [2026/07/30 09:30:04] SCIPAC screening done

── 13 / 51 ─────────────────────────────────────────────────────────────────────
ℹ [2026/07/30 09:30:05] Start SCIPAC screening
ℹ [2026/07/30 09:30:05] Find common variable geme (hvg = 1000)
Normalizing layer: counts
Performing log-normalization
0%   10   20   30   40   50   60   70   80   90   100%
[----|----|----|----|----|----|----|----|----|----|
**************************************************|
Finding variable features for layer counts
Calculating gene variances
0%   10   20   30   40   50   60   70   80   90   100%
[----|----|----|----|----|----|----|----|----|----|
**************************************************|
Calculating feature variances of standardized and clipped values
0%   10   20   30   40   50   60   70   80   90   100%
[----|----|----|----|----|----|----|----|----|----|
**************************************************|
ℹ [2026/07/30 09:30:24] Running PCA (n_pc = 70)
ℹ [2026/07/30 09:30:26] Clustering (resolution = 0.4)
Warning: Data is of class matrix. Coercing to dgCMatrix.
Computing nearest neighbor graph
Computing SNN
Modularity Optimizer version 1.3.0 by Ludo Waltman and Nees Jan van Eck

Number of nodes: 31872
Number of edges: 1475320

Running Louvain algorithm...
0%   10   20   30   40   50   60   70   80   90   100%
[----|----|----|----|----|----|----|----|----|----|
**************************************************|
Maximum modularity in 10 random starts: 0.9583
Number of communities: 23
Elapsed time: 6 seconds
ℹ [2026/07/30 09:30:44] Screening ("50 bootstrap")
ℹ [2026/07/30 09:30:54] SCIPAC screening done

── 14 / 51 ─────────────────────────────────────────────────────────────────────
ℹ [2026/07/30 09:30:55] Start SCIPAC screening
ℹ [2026/07/30 09:30:55] Find common variable geme (hvg = 1000)
Normalizing layer: counts
Performing log-normalization
0%   10   20   30   40   50   60   70   80   90   100%
[----|----|----|----|----|----|----|----|----|----|
**************************************************|
Finding variable features for layer counts
Calculating gene variances
0%   10   20   30   40   50   60   70   80   90   100%
[----|----|----|----|----|----|----|----|----|----|
**************************************************|
Calculating feature variances of standardized and clipped values
0%   10   20   30   40   50   60   70   80   90   100%
[----|----|----|----|----|----|----|----|----|----|
**************************************************|
ℹ [2026/07/30 09:31:15] Running PCA (n_pc = 60)
ℹ [2026/07/30 09:31:17] Clustering (resolution = 1.1)
Warning: Data is of class matrix. Coercing to dgCMatrix.
Computing nearest neighbor graph
Computing SNN
Modularity Optimizer version 1.3.0 by Ludo Waltman and Nees Jan van Eck

Number of nodes: 31872
Number of edges: 1420877

Running Louvain algorithm...
0%   10   20   30   40   50   60   70   80   90   100%
[----|----|----|----|----|----|----|----|----|----|
**************************************************|
Maximum modularity in 10 random starts: 0.9133
Number of communities: 39
Elapsed time: 6 seconds
ℹ [2026/07/30 09:31:35] Screening ("50 bootstrap")
ℹ [2026/07/30 09:31:46] SCIPAC screening done

── 15 / 51 ─────────────────────────────────────────────────────────────────────
ℹ [2026/07/30 09:31:47] Start SCIPAC screening
ℹ [2026/07/30 09:31:47] Find common variable geme (hvg = 1000)
Normalizing layer: counts
Performing log-normalization
0%   10   20   30   40   50   60   70   80   90   100%
[----|----|----|----|----|----|----|----|----|----|
**************************************************|
Finding variable features for layer counts
Calculating gene variances
0%   10   20   30   40   50   60   70   80   90   100%
[----|----|----|----|----|----|----|----|----|----|
**************************************************|
Calculating feature variances of standardized and clipped values
0%   10   20   30   40   50   60   70   80   90   100%
[----|----|----|----|----|----|----|----|----|----|
**************************************************|
ℹ [2026/07/30 09:32:06] Running PCA (n_pc = 10)
ℹ [2026/07/30 09:32:08] Clustering (resolution = 0.3)
Warning: Data is of class matrix. Coercing to dgCMatrix.
Computing nearest neighbor graph
Computing SNN
Modularity Optimizer version 1.3.0 by Ludo Waltman and Nees Jan van Eck

Number of nodes: 31872
Number of edges: 995534

Running Louvain algorithm...
0%   10   20   30   40   50   60   70   80   90   100%
[----|----|----|----|----|----|----|----|----|----|
**************************************************|
Maximum modularity in 10 random starts: 0.9496
Number of communities: 18
Elapsed time: 5 seconds
ℹ [2026/07/30 09:32:24] Screening ("50 bootstrap")
ℹ [2026/07/30 09:32:32] SCIPAC screening done

── 16 / 51 ─────────────────────────────────────────────────────────────────────
ℹ [2026/07/30 09:32:32] Start SCIPAC screening
ℹ [2026/07/30 09:32:32] Find common variable geme (hvg = 1000)
Normalizing layer: counts
Performing log-normalization
0%   10   20   30   40   50   60   70   80   90   100%
[----|----|----|----|----|----|----|----|----|----|
**************************************************|
Finding variable features for layer counts
Calculating gene variances
0%   10   20   30   40   50   60   70   80   90   100%
[----|----|----|----|----|----|----|----|----|----|
**************************************************|
Calculating feature variances of standardized and clipped values
0%   10   20   30   40   50   60   70   80   90   100%
[----|----|----|----|----|----|----|----|----|----|
**************************************************|
ℹ [2026/07/30 09:32:51] Running PCA (n_pc = 40)
ℹ [2026/07/30 09:32:53] Clustering (resolution = 1)
Warning: Data is of class matrix. Coercing to dgCMatrix.
Computing nearest neighbor graph
Computing SNN
Modularity Optimizer version 1.3.0 by Ludo Waltman and Nees Jan van Eck

Number of nodes: 31872
Number of edges: 1290226

Running Louvain algorithm...
0%   10   20   30   40   50   60   70   80   90   100%
[----|----|----|----|----|----|----|----|----|----|
**************************************************|
Maximum modularity in 10 random starts: 0.9168
Number of communities: 36
Elapsed time: 6 seconds
ℹ [2026/07/30 09:33:09] Screening ("50 bootstrap")
ℹ [2026/07/30 09:33:24] SCIPAC screening done

── 17 / 51 ─────────────────────────────────────────────────────────────────────
ℹ [2026/07/30 09:33:24] Start SCIPAC screening
ℹ [2026/07/30 09:33:24] Find common variable geme (hvg = 1000)
Normalizing layer: counts
Performing log-normalization
0%   10   20   30   40   50   60   70   80   90   100%
[----|----|----|----|----|----|----|----|----|----|
**************************************************|
Finding variable features for layer counts
Calculating gene variances
0%   10   20   30   40   50   60   70   80   90   100%
[----|----|----|----|----|----|----|----|----|----|
**************************************************|
Calculating feature variances of standardized and clipped values
0%   10   20   30   40   50   60   70   80   90   100%
[----|----|----|----|----|----|----|----|----|----|
**************************************************|
ℹ [2026/07/30 09:33:44] Running PCA (n_pc = 80)
ℹ [2026/07/30 09:33:46] Clustering (resolution = 1.5)
Warning: Data is of class matrix. Coercing to dgCMatrix.
Computing nearest neighbor graph
Computing SNN
Modularity Optimizer version 1.3.0 by Ludo Waltman and Nees Jan van Eck

Number of nodes: 31872
Number of edges: 1531943

Running Louvain algorithm...
0%   10   20   30   40   50   60   70   80   90   100%
[----|----|----|----|----|----|----|----|----|----|
**************************************************|
Maximum modularity in 10 random starts: 0.8981
Number of communities: 44
Elapsed time: 6 seconds
ℹ [2026/07/30 09:34:04] Screening ("50 bootstrap")
ℹ [2026/07/30 09:34:16] SCIPAC screening done

── 18 / 51 ─────────────────────────────────────────────────────────────────────
ℹ [2026/07/30 09:34:16] Start SCIPAC screening
ℹ [2026/07/30 09:34:16] Find common variable geme (hvg = 1000)
Normalizing layer: counts
Performing log-normalization
0%   10   20   30   40   50   60   70   80   90   100%
[----|----|----|----|----|----|----|----|----|----|
**************************************************|
Finding variable features for layer counts
Calculating gene variances
0%   10   20   30   40   50   60   70   80   90   100%
[----|----|----|----|----|----|----|----|----|----|
**************************************************|
Calculating feature variances of standardized and clipped values
0%   10   20   30   40   50   60   70   80   90   100%
[----|----|----|----|----|----|----|----|----|----|
**************************************************|
ℹ [2026/07/30 09:34:36] Running PCA (n_pc = 100)
ℹ [2026/07/30 09:34:38] Clustering (resolution = 0.7)
Warning: Data is of class matrix. Coercing to dgCMatrix.
Computing nearest neighbor graph
Computing SNN
Modularity Optimizer version 1.3.0 by Ludo Waltman and Nees Jan van Eck

Number of nodes: 31872
Number of edges: 1619897

Running Louvain algorithm...
0%   10   20   30   40   50   60   70   80   90   100%
[----|----|----|----|----|----|----|----|----|----|
**************************************************|
Maximum modularity in 10 random starts: 0.9405
Number of communities: 30
Elapsed time: 7 seconds
ℹ [2026/07/30 09:34:58] Screening ("50 bootstrap")
ℹ [2026/07/30 09:35:10] SCIPAC screening done

── 19 / 51 ─────────────────────────────────────────────────────────────────────
ℹ [2026/07/30 09:35:10] Start SCIPAC screening
ℹ [2026/07/30 09:35:10] Find common variable geme (hvg = 1000)
Normalizing layer: counts
Performing log-normalization
0%   10   20   30   40   50   60   70   80   90   100%
[----|----|----|----|----|----|----|----|----|----|
**************************************************|
Finding variable features for layer counts
Calculating gene variances
0%   10   20   30   40   50   60   70   80   90   100%
[----|----|----|----|----|----|----|----|----|----|
**************************************************|
Calculating feature variances of standardized and clipped values
0%   10   20   30   40   50   60   70   80   90   100%
[----|----|----|----|----|----|----|----|----|----|
**************************************************|
ℹ [2026/07/30 09:35:30] Running PCA (n_pc = 30)
ℹ [2026/07/30 09:35:32] Clustering (resolution = 2.6)
Warning: Data is of class matrix. Coercing to dgCMatrix.
Computing nearest neighbor graph
Computing SNN
Modularity Optimizer version 1.3.0 by Ludo Waltman and Nees Jan van Eck

Number of nodes: 31872
Number of edges: 1197087

Running Louvain algorithm...
0%   10   20   30   40   50   60   70   80   90   100%
[----|----|----|----|----|----|----|----|----|----|
**************************************************|
Maximum modularity in 10 random starts: 0.8584
Number of communities: 57
Elapsed time: 6 seconds
ℹ [2026/07/30 09:35:49] Screening ("50 bootstrap")
ℹ [2026/07/30 09:36:00] SCIPAC screening done

── 20 / 51 ─────────────────────────────────────────────────────────────────────
ℹ [2026/07/30 09:36:01] Start SCIPAC screening
ℹ [2026/07/30 09:36:01] Find common variable geme (hvg = 1000)
Normalizing layer: counts
Performing log-normalization
0%   10   20   30   40   50   60   70   80   90   100%
[----|----|----|----|----|----|----|----|----|----|
**************************************************|
Finding variable features for layer counts
Calculating gene variances
0%   10   20   30   40   50   60   70   80   90   100%
[----|----|----|----|----|----|----|----|----|----|
**************************************************|
Calculating feature variances of standardized and clipped values
0%   10   20   30   40   50   60   70   80   90   100%
[----|----|----|----|----|----|----|----|----|----|
**************************************************|
ℹ [2026/07/30 09:36:22] Running PCA (n_pc = 90)
ℹ [2026/07/30 09:36:24] Clustering (resolution = 0.4)
Warning: Data is of class matrix. Coercing to dgCMatrix.
Computing nearest neighbor graph
Computing SNN
Modularity Optimizer version 1.3.0 by Ludo Waltman and Nees Jan van Eck

Number of nodes: 31872
Number of edges: 1577981

Running Louvain algorithm...
0%   10   20   30   40   50   60   70   80   90   100%
[----|----|----|----|----|----|----|----|----|----|
**************************************************|
Maximum modularity in 10 random starts: 0.9605
Number of communities: 24
Elapsed time: 7 seconds
ℹ [2026/07/30 09:36:44] Screening ("50 bootstrap")
ℹ [2026/07/30 09:36:57] SCIPAC screening done

── 21 / 51 ─────────────────────────────────────────────────────────────────────
ℹ [2026/07/30 09:36:58] Start SCIPAC screening
ℹ [2026/07/30 09:36:58] Find common variable geme (hvg = 1000)
Normalizing layer: counts
Performing log-normalization
0%   10   20   30   40   50   60   70   80   90   100%
[----|----|----|----|----|----|----|----|----|----|
**************************************************|
Finding variable features for layer counts
Calculating gene variances
0%   10   20   30   40   50   60   70   80   90   100%
[----|----|----|----|----|----|----|----|----|----|
**************************************************|
Calculating feature variances of standardized and clipped values
0%   10   20   30   40   50   60   70   80   90   100%
[----|----|----|----|----|----|----|----|----|----|
**************************************************|
ℹ [2026/07/30 09:37:19] Running PCA (n_pc = 40)
ℹ [2026/07/30 09:37:21] Clustering (resolution = 2.8)
Warning: Data is of class matrix. Coercing to dgCMatrix.
Computing nearest neighbor graph
Computing SNN
Modularity Optimizer version 1.3.0 by Ludo Waltman and Nees Jan van Eck

Number of nodes: 31872
Number of edges: 1290226

Running Louvain algorithm...
0%   10   20   30   40   50   60   70   80   90   100%
[----|----|----|----|----|----|----|----|----|----|
**************************************************|
Maximum modularity in 10 random starts: 0.8499
Number of communities: 55
Elapsed time: 6 seconds
ℹ [2026/07/30 09:37:38] Screening ("50 bootstrap")
ℹ [2026/07/30 09:37:50] SCIPAC screening done

── 22 / 51 ─────────────────────────────────────────────────────────────────────
ℹ [2026/07/30 09:37:50] Start SCIPAC screening
ℹ [2026/07/30 09:37:50] Find common variable geme (hvg = 1000)
Normalizing layer: counts
Performing log-normalization
0%   10   20   30   40   50   60   70   80   90   100%
[----|----|----|----|----|----|----|----|----|----|
**************************************************|
Finding variable features for layer counts
Calculating gene variances
0%   10   20   30   40   50   60   70   80   90   100%
[----|----|----|----|----|----|----|----|----|----|
**************************************************|
Calculating feature variances of standardized and clipped values
0%   10   20   30   40   50   60   70   80   90   100%
[----|----|----|----|----|----|----|----|----|----|
**************************************************|
ℹ [2026/07/30 09:38:10] Running PCA (n_pc = 100)
ℹ [2026/07/30 09:38:12] Clustering (resolution = 0.4)
Warning: Data is of class matrix. Coercing to dgCMatrix.
Computing nearest neighbor graph
Computing SNN
Modularity Optimizer version 1.3.0 by Ludo Waltman and Nees Jan van Eck

Number of nodes: 31872
Number of edges: 1619897

Running Louvain algorithm...
0%   10   20   30   40   50   60   70   80   90   100%
[----|----|----|----|----|----|----|----|----|----|
**************************************************|
Maximum modularity in 10 random starts: 0.9608
Number of communities: 23
Elapsed time: 7 seconds
ℹ [2026/07/30 09:38:33] Screening ("50 bootstrap")
ℹ [2026/07/30 09:38:44] SCIPAC screening done

── 23 / 51 ─────────────────────────────────────────────────────────────────────
ℹ [2026/07/30 09:38:45] Start SCIPAC screening
ℹ [2026/07/30 09:38:45] Find common variable geme (hvg = 1000)
Normalizing layer: counts
Performing log-normalization
0%   10   20   30   40   50   60   70   80   90   100%
[----|----|----|----|----|----|----|----|----|----|
**************************************************|
Finding variable features for layer counts
Calculating gene variances
0%   10   20   30   40   50   60   70   80   90   100%
[----|----|----|----|----|----|----|----|----|----|
**************************************************|
Calculating feature variances of standardized and clipped values
0%   10   20   30   40   50   60   70   80   90   100%
[----|----|----|----|----|----|----|----|----|----|
**************************************************|
ℹ [2026/07/30 09:39:04] Running PCA (n_pc = 70)
ℹ [2026/07/30 09:39:05] Clustering (resolution = 3.2)
Warning: Data is of class matrix. Coercing to dgCMatrix.
Computing nearest neighbor graph
Computing SNN
Modularity Optimizer version 1.3.0 by Ludo Waltman and Nees Jan van Eck

Number of nodes: 31872
Number of edges: 1475320

Running Louvain algorithm...
0%   10   20   30   40   50   60   70   80   90   100%
[----|----|----|----|----|----|----|----|----|----|
**************************************************|
Maximum modularity in 10 random starts: 0.8407
Number of communities: 63
Elapsed time: 6 seconds
ℹ [2026/07/30 09:39:23] Screening ("50 bootstrap")
ℹ [2026/07/30 09:39:35] SCIPAC screening done

── 24 / 51 ─────────────────────────────────────────────────────────────────────
ℹ [2026/07/30 09:39:35] Start SCIPAC screening
ℹ [2026/07/30 09:39:35] Find common variable geme (hvg = 1000)
Normalizing layer: counts
Performing log-normalization
0%   10   20   30   40   50   60   70   80   90   100%
[----|----|----|----|----|----|----|----|----|----|
**************************************************|
Finding variable features for layer counts
Calculating gene variances
0%   10   20   30   40   50   60   70   80   90   100%
[----|----|----|----|----|----|----|----|----|----|
**************************************************|
Calculating feature variances of standardized and clipped values
0%   10   20   30   40   50   60   70   80   90   100%
[----|----|----|----|----|----|----|----|----|----|
**************************************************|
ℹ [2026/07/30 09:39:56] Running PCA (n_pc = 20)
ℹ [2026/07/30 09:39:58] Clustering (resolution = 1.8)
Warning: Data is of class matrix. Coercing to dgCMatrix.
Computing nearest neighbor graph
Computing SNN
Modularity Optimizer version 1.3.0 by Ludo Waltman and Nees Jan van Eck

Number of nodes: 31872
Number of edges: 1111492

Running Louvain algorithm...
0%   10   20   30   40   50   60   70   80   90   100%
[----|----|----|----|----|----|----|----|----|----|
**************************************************|
Maximum modularity in 10 random starts: 0.8854
Number of communities: 48
Elapsed time: 7 seconds
ℹ [2026/07/30 09:40:15] Screening ("50 bootstrap")
Warning: from glmnet C++ code (error code -87); Convergence for 87th lambda value not reached after maxit=100000 iterations; solutions for larger lambdas returned
Warning: from glmnet C++ code (error code -99); Convergence for 99th lambda value not reached after maxit=100000 iterations; solutions for larger lambdas returned
Warning: from glmnet C++ code (error code -95); Convergence for 95th lambda value not reached after maxit=100000 iterations; solutions for larger lambdas returned
ℹ [2026/07/30 09:40:30] SCIPAC screening done

── 25 / 51 ─────────────────────────────────────────────────────────────────────
ℹ [2026/07/30 09:40:31] Start SCIPAC screening
ℹ [2026/07/30 09:40:31] Find common variable geme (hvg = 1000)
Normalizing layer: counts
Performing log-normalization
0%   10   20   30   40   50   60   70   80   90   100%
[----|----|----|----|----|----|----|----|----|----|
**************************************************|
Finding variable features for layer counts
Calculating gene variances
0%   10   20   30   40   50   60   70   80   90   100%
[----|----|----|----|----|----|----|----|----|----|
**************************************************|
Calculating feature variances of standardized and clipped values
0%   10   20   30   40   50   60   70   80   90   100%
[----|----|----|----|----|----|----|----|----|----|
**************************************************|
ℹ [2026/07/30 09:40:51] Running PCA (n_pc = 40)
ℹ [2026/07/30 09:40:53] Clustering (resolution = 0.1)
Warning: Data is of class matrix. Coercing to dgCMatrix.
Computing nearest neighbor graph
Computing SNN
Modularity Optimizer version 1.3.0 by Ludo Waltman and Nees Jan van Eck

Number of nodes: 31872
Number of edges: 1290226

Running Louvain algorithm...
0%   10   20   30   40   50   60   70   80   90   100%
[----|----|----|----|----|----|----|----|----|----|
**************************************************|
Maximum modularity in 10 random starts: 0.9785
Number of communities: 13
Elapsed time: 7 seconds
ℹ [2026/07/30 09:41:11] Screening ("50 bootstrap")
ℹ [2026/07/30 09:41:22] SCIPAC screening done

── 26 / 51 ─────────────────────────────────────────────────────────────────────
ℹ [2026/07/30 09:41:23] Start SCIPAC screening
ℹ [2026/07/30 09:41:23] Find common variable geme (hvg = 1000)
Normalizing layer: counts
Performing log-normalization
0%   10   20   30   40   50   60   70   80   90   100%
[----|----|----|----|----|----|----|----|----|----|
**************************************************|
Finding variable features for layer counts
Calculating gene variances
0%   10   20   30   40   50   60   70   80   90   100%
[----|----|----|----|----|----|----|----|----|----|
**************************************************|
Calculating feature variances of standardized and clipped values
0%   10   20   30   40   50   60   70   80   90   100%
[----|----|----|----|----|----|----|----|----|----|
**************************************************|
ℹ [2026/07/30 09:41:43] Running PCA (n_pc = 90)
ℹ [2026/07/30 09:41:45] Clustering (resolution = 2.8)
Warning: Data is of class matrix. Coercing to dgCMatrix.
Computing nearest neighbor graph
Computing SNN
Modularity Optimizer version 1.3.0 by Ludo Waltman and Nees Jan van Eck

Number of nodes: 31872
Number of edges: 1577981

Running Louvain algorithm...
0%   10   20   30   40   50   60   70   80   90   100%
[----|----|----|----|----|----|----|----|----|----|
**************************************************|
Maximum modularity in 10 random starts: 0.8527
Number of communities: 54
Elapsed time: 7 seconds
ℹ [2026/07/30 09:42:04] Screening ("50 bootstrap")
ℹ [2026/07/30 09:42:16] SCIPAC screening done

── 27 / 51 ─────────────────────────────────────────────────────────────────────
ℹ [2026/07/30 09:42:17] Start SCIPAC screening
ℹ [2026/07/30 09:42:17] Find common variable geme (hvg = 1000)
Normalizing layer: counts
Performing log-normalization
0%   10   20   30   40   50   60   70   80   90   100%
[----|----|----|----|----|----|----|----|----|----|
**************************************************|
Finding variable features for layer counts
Calculating gene variances
0%   10   20   30   40   50   60   70   80   90   100%
[----|----|----|----|----|----|----|----|----|----|
**************************************************|
Calculating feature variances of standardized and clipped values
0%   10   20   30   40   50   60   70   80   90   100%
[----|----|----|----|----|----|----|----|----|----|
**************************************************|
ℹ [2026/07/30 09:42:36] Running PCA (n_pc = 90)
ℹ [2026/07/30 09:42:38] Clustering (resolution = 0.9)
Warning: Data is of class matrix. Coercing to dgCMatrix.
Computing nearest neighbor graph
Computing SNN
Modularity Optimizer version 1.3.0 by Ludo Waltman and Nees Jan van Eck

Number of nodes: 31872
Number of edges: 1577981

Running Louvain algorithm...
0%   10   20   30   40   50   60   70   80   90   100%
[----|----|----|----|----|----|----|----|----|----|
**************************************************|
Maximum modularity in 10 random starts: 0.9286
Number of communities: 34
Elapsed time: 7 seconds
ℹ [2026/07/30 09:42:57] Screening ("50 bootstrap")
Warning: from glmnet C++ code (error code -1); Convergence for 1th lambda value not reached after maxit=100000 iterations; solutions for larger lambdas returned
Warning in getcoef(fit, nvars, nx, vnames) :
  an empty model has been returned; probably a convergence issue
Warning in classifier.Lambda.core(bulk.dat, y, family, K.means.res, ela.net.alpha = ela.net.alpha,  :
  Lambda values have zero variance in binomial/cumulative regression
Warning: from glmnet C++ code (error code -1); Convergence for 1th lambda value not reached after maxit=100000 iterations; solutions for larger lambdas returned
Warning in getcoef(fit, nvars, nx, vnames) :
  an empty model has been returned; probably a convergence issue
Warning in classifier.Lambda.core(bulk.dat, y, family, K.means.res, ela.net.alpha = ela.net.alpha,  :
  Lambda values have zero variance in binomial/cumulative regression
ℹ [2026/07/30 09:43:16] SCIPAC screening done

── 28 / 51 ─────────────────────────────────────────────────────────────────────
ℹ [2026/07/30 09:43:17] Start SCIPAC screening
ℹ [2026/07/30 09:43:17] Find common variable geme (hvg = 1000)
Normalizing layer: counts
Performing log-normalization
0%   10   20   30   40   50   60   70   80   90   100%
[----|----|----|----|----|----|----|----|----|----|
**************************************************|
Finding variable features for layer counts
Calculating gene variances
0%   10   20   30   40   50   60   70   80   90   100%
[----|----|----|----|----|----|----|----|----|----|
**************************************************|
Calculating feature variances of standardized and clipped values
0%   10   20   30   40   50   60   70   80   90   100%
[----|----|----|----|----|----|----|----|----|----|
**************************************************|
ℹ [2026/07/30 09:43:37] Running PCA (n_pc = 40)
ℹ [2026/07/30 09:43:39] Clustering (resolution = 2.2)
Warning: Data is of class matrix. Coercing to dgCMatrix.
Computing nearest neighbor graph
Computing SNN
Modularity Optimizer version 1.3.0 by Ludo Waltman and Nees Jan van Eck

Number of nodes: 31872
Number of edges: 1290226

Running Louvain algorithm...
0%   10   20   30   40   50   60   70   80   90   100%
[----|----|----|----|----|----|----|----|----|----|
**************************************************|
Maximum modularity in 10 random starts: 0.8694
Number of communities: 51
Elapsed time: 7 seconds
ℹ [2026/07/30 09:43:57] Screening ("50 bootstrap")
ℹ [2026/07/30 09:44:08] SCIPAC screening done

── 29 / 51 ─────────────────────────────────────────────────────────────────────
ℹ [2026/07/30 09:44:08] Start SCIPAC screening
ℹ [2026/07/30 09:44:08] Find common variable geme (hvg = 1000)
Normalizing layer: counts
Performing log-normalization
0%   10   20   30   40   50   60   70   80   90   100%
[----|----|----|----|----|----|----|----|----|----|
**************************************************|
Finding variable features for layer counts
Calculating gene variances
0%   10   20   30   40   50   60   70   80   90   100%
[----|----|----|----|----|----|----|----|----|----|
**************************************************|
Calculating feature variances of standardized and clipped values
0%   10   20   30   40   50   60   70   80   90   100%
[----|----|----|----|----|----|----|----|----|----|
**************************************************|
ℹ [2026/07/30 09:44:29] Running PCA (n_pc = 80)
ℹ [2026/07/30 09:44:31] Clustering (resolution = 1.7)
Warning: Data is of class matrix. Coercing to dgCMatrix.
Computing nearest neighbor graph
Computing SNN
Modularity Optimizer version 1.3.0 by Ludo Waltman and Nees Jan van Eck

Number of nodes: 31872
Number of edges: 1531943

Running Louvain algorithm...
0%   10   20   30   40   50   60   70   80   90   100%
[----|----|----|----|----|----|----|----|----|----|
**************************************************|
Maximum modularity in 10 random starts: 0.8902
Number of communities: 45
Elapsed time: 6 seconds
ℹ [2026/07/30 09:44:49] Screening ("50 bootstrap")
ℹ [2026/07/30 09:45:00] SCIPAC screening done

── 30 / 51 ─────────────────────────────────────────────────────────────────────
ℹ [2026/07/30 09:45:01] Start SCIPAC screening
ℹ [2026/07/30 09:45:01] Find common variable geme (hvg = 1000)
Normalizing layer: counts
Performing log-normalization
0%   10   20   30   40   50   60   70   80   90   100%
[----|----|----|----|----|----|----|----|----|----|
**************************************************|
Finding variable features for layer counts
Calculating gene variances
0%   10   20   30   40   50   60   70   80   90   100%
[----|----|----|----|----|----|----|----|----|----|
**************************************************|
Calculating feature variances of standardized and clipped values
0%   10   20   30   40   50   60   70   80   90   100%
[----|----|----|----|----|----|----|----|----|----|
**************************************************|
ℹ [2026/07/30 09:45:21] Running PCA (n_pc = 60)
ℹ [2026/07/30 09:45:23] Clustering (resolution = 0.3)
Warning: Data is of class matrix. Coercing to dgCMatrix.
Computing nearest neighbor graph
Computing SNN
Modularity Optimizer version 1.3.0 by Ludo Waltman and Nees Jan van Eck

Number of nodes: 31872
Number of edges: 1420877

Running Louvain algorithm...
0%   10   20   30   40   50   60   70   80   90   100%
[----|----|----|----|----|----|----|----|----|----|
**************************************************|
Maximum modularity in 10 random starts: 0.9637
Number of communities: 22
Elapsed time: 5 seconds
ℹ [2026/07/30 09:45:40] Screening ("50 bootstrap")
ℹ [2026/07/30 09:45:53] SCIPAC screening done

── 31 / 51 ─────────────────────────────────────────────────────────────────────
ℹ [2026/07/30 09:45:54] Start SCIPAC screening
ℹ [2026/07/30 09:45:54] Find common variable geme (hvg = 1000)
Normalizing layer: counts
Performing log-normalization
0%   10   20   30   40   50   60   70   80   90   100%
[----|----|----|----|----|----|----|----|----|----|
**************************************************|
Finding variable features for layer counts
Calculating gene variances
0%   10   20   30   40   50   60   70   80   90   100%
[----|----|----|----|----|----|----|----|----|----|
**************************************************|
Calculating feature variances of standardized and clipped values
0%   10   20   30   40   50   60   70   80   90   100%
[----|----|----|----|----|----|----|----|----|----|
**************************************************|
ℹ [2026/07/30 09:46:17] Running PCA (n_pc = 90)
ℹ [2026/07/30 09:46:20] Clustering (resolution = 1.8)
Warning: Data is of class matrix. Coercing to dgCMatrix.
Computing nearest neighbor graph
Computing SNN
Modularity Optimizer version 1.3.0 by Ludo Waltman and Nees Jan van Eck

Number of nodes: 31872
Number of edges: 1577981

Running Louvain algorithm...
0%   10   20   30   40   50   60   70   80   90   100%
[----|----|----|----|----|----|----|----|----|----|
**************************************************|
Maximum modularity in 10 random starts: 0.8885
Number of communities: 44
Elapsed time: 6 seconds
ℹ [2026/07/30 09:46:41] Screening ("50 bootstrap")
ℹ [2026/07/30 09:46:52] SCIPAC screening done

── 32 / 51 ─────────────────────────────────────────────────────────────────────
ℹ [2026/07/30 09:46:53] Start SCIPAC screening
ℹ [2026/07/30 09:46:53] Find common variable geme (hvg = 1000)
Normalizing layer: counts
Performing log-normalization
0%   10   20   30   40   50   60   70   80   90   100%
[----|----|----|----|----|----|----|----|----|----|
**************************************************|
Finding variable features for layer counts
Calculating gene variances
0%   10   20   30   40   50   60   70   80   90   100%
[----|----|----|----|----|----|----|----|----|----|
**************************************************|
Calculating feature variances of standardized and clipped values
0%   10   20   30   40   50   60   70   80   90   100%
[----|----|----|----|----|----|----|----|----|----|
**************************************************|
ℹ [2026/07/30 09:47:13] Running PCA (n_pc = 50)
ℹ [2026/07/30 09:47:15] Clustering (resolution = 0.5)
Warning: Data is of class matrix. Coercing to dgCMatrix.
Computing nearest neighbor graph
Computing SNN
Modularity Optimizer version 1.3.0 by Ludo Waltman and Nees Jan van Eck

Number of nodes: 31872
Number of edges: 1358898

Running Louvain algorithm...
0%   10   20   30   40   50   60   70   80   90   100%
[----|----|----|----|----|----|----|----|----|----|
**************************************************|
Maximum modularity in 10 random starts: 0.9473
Number of communities: 27
Elapsed time: 6 seconds
ℹ [2026/07/30 09:47:32] Screening ("50 bootstrap")
ℹ [2026/07/30 09:47:43] SCIPAC screening done

── 33 / 51 ─────────────────────────────────────────────────────────────────────
ℹ [2026/07/30 09:47:44] Start SCIPAC screening
ℹ [2026/07/30 09:47:44] Find common variable geme (hvg = 1000)
Normalizing layer: counts
Performing log-normalization
0%   10   20   30   40   50   60   70   80   90   100%
[----|----|----|----|----|----|----|----|----|----|
**************************************************|
Finding variable features for layer counts
Calculating gene variances
0%   10   20   30   40   50   60   70   80   90   100%
[----|----|----|----|----|----|----|----|----|----|
**************************************************|
Calculating feature variances of standardized and clipped values
0%   10   20   30   40   50   60   70   80   90   100%
[----|----|----|----|----|----|----|----|----|----|
**************************************************|
ℹ [2026/07/30 09:48:04] Running PCA (n_pc = 30)
ℹ [2026/07/30 09:48:06] Clustering (resolution = 1)
Warning: Data is of class matrix. Coercing to dgCMatrix.
Computing nearest neighbor graph
Computing SNN
Modularity Optimizer version 1.3.0 by Ludo Waltman and Nees Jan van Eck

Number of nodes: 31872
Number of edges: 1197087

Running Louvain algorithm...
0%   10   20   30   40   50   60   70   80   90   100%
[----|----|----|----|----|----|----|----|----|----|
**************************************************|
Maximum modularity in 10 random starts: 0.9160
Number of communities: 34
Elapsed time: 6 seconds
ℹ [2026/07/30 09:48:22] Screening ("50 bootstrap")
ℹ [2026/07/30 09:48:33] SCIPAC screening done

── 34 / 51 ─────────────────────────────────────────────────────────────────────
ℹ [2026/07/30 09:48:34] Start SCIPAC screening
ℹ [2026/07/30 09:48:34] Find common variable geme (hvg = 1000)
Normalizing layer: counts
Performing log-normalization
0%   10   20   30   40   50   60   70   80   90   100%
[----|----|----|----|----|----|----|----|----|----|
**************************************************|
Finding variable features for layer counts
Calculating gene variances
0%   10   20   30   40   50   60   70   80   90   100%
[----|----|----|----|----|----|----|----|----|----|
**************************************************|
Calculating feature variances of standardized and clipped values
0%   10   20   30   40   50   60   70   80   90   100%
[----|----|----|----|----|----|----|----|----|----|
**************************************************|
ℹ [2026/07/30 09:48:53] Running PCA (n_pc = 10)
ℹ [2026/07/30 09:48:55] Clustering (resolution = 0.7)
Warning: Data is of class matrix. Coercing to dgCMatrix.
Computing nearest neighbor graph
Computing SNN
Modularity Optimizer version 1.3.0 by Ludo Waltman and Nees Jan van Eck

Number of nodes: 31872
Number of edges: 995534

Running Louvain algorithm...
0%   10   20   30   40   50   60   70   80   90   100%
[----|----|----|----|----|----|----|----|----|----|
**************************************************|
Maximum modularity in 10 random starts: 0.9251
Number of communities: 29
Elapsed time: 5 seconds
ℹ [2026/07/30 09:49:11] Screening ("50 bootstrap")
ℹ [2026/07/30 09:49:17] SCIPAC screening done

── 35 / 51 ─────────────────────────────────────────────────────────────────────
ℹ [2026/07/30 09:49:18] Start SCIPAC screening
ℹ [2026/07/30 09:49:18] Find common variable geme (hvg = 1000)
Normalizing layer: counts
Performing log-normalization
0%   10   20   30   40   50   60   70   80   90   100%
[----|----|----|----|----|----|----|----|----|----|
**************************************************|
Finding variable features for layer counts
Calculating gene variances
0%   10   20   30   40   50   60   70   80   90   100%
[----|----|----|----|----|----|----|----|----|----|
**************************************************|
Calculating feature variances of standardized and clipped values
0%   10   20   30   40   50   60   70   80   90   100%
[----|----|----|----|----|----|----|----|----|----|
**************************************************|
ℹ [2026/07/30 09:49:38] Running PCA (n_pc = 10)
ℹ [2026/07/30 09:49:40] Clustering (resolution = 3.1)
Warning: Data is of class matrix. Coercing to dgCMatrix.
Computing nearest neighbor graph
Computing SNN
Modularity Optimizer version 1.3.0 by Ludo Waltman and Nees Jan van Eck

Number of nodes: 31872
Number of edges: 995534

Running Louvain algorithm...
0%   10   20   30   40   50   60   70   80   90   100%
[----|----|----|----|----|----|----|----|----|----|
**************************************************|
Maximum modularity in 10 random starts: 0.8530
Number of communities: 67
Elapsed time: 5 seconds
ℹ [2026/07/30 09:49:56] Screening ("50 bootstrap")
ℹ [2026/07/30 09:50:03] SCIPAC screening done

── 36 / 51 ─────────────────────────────────────────────────────────────────────
ℹ [2026/07/30 09:50:04] Start SCIPAC screening
ℹ [2026/07/30 09:50:04] Find common variable geme (hvg = 1000)
Normalizing layer: counts
Performing log-normalization
0%   10   20   30   40   50   60   70   80   90   100%
[----|----|----|----|----|----|----|----|----|----|
**************************************************|
Finding variable features for layer counts
Calculating gene variances
0%   10   20   30   40   50   60   70   80   90   100%
[----|----|----|----|----|----|----|----|----|----|
**************************************************|
Calculating feature variances of standardized and clipped values
0%   10   20   30   40   50   60   70   80   90   100%
[----|----|----|----|----|----|----|----|----|----|
**************************************************|
ℹ [2026/07/30 09:50:23] Running PCA (n_pc = 50)
ℹ [2026/07/30 09:50:25] Clustering (resolution = 1)
Warning: Data is of class matrix. Coercing to dgCMatrix.
Computing nearest neighbor graph
Computing SNN
Modularity Optimizer version 1.3.0 by Ludo Waltman and Nees Jan van Eck

Number of nodes: 31872
Number of edges: 1358898

Running Louvain algorithm...
0%   10   20   30   40   50   60   70   80   90   100%
[----|----|----|----|----|----|----|----|----|----|
**************************************************|
Maximum modularity in 10 random starts: 0.9176
Number of communities: 38
Elapsed time: 6 seconds
ℹ [2026/07/30 09:50:42] Screening ("50 bootstrap")
ℹ [2026/07/30 09:50:56] SCIPAC screening done

── 37 / 51 ─────────────────────────────────────────────────────────────────────
ℹ [2026/07/30 09:50:57] Start SCIPAC screening
ℹ [2026/07/30 09:50:57] Find common variable geme (hvg = 1000)
Normalizing layer: counts
Performing log-normalization
0%   10   20   30   40   50   60   70   80   90   100%
[----|----|----|----|----|----|----|----|----|----|
**************************************************|
Finding variable features for layer counts
Calculating gene variances
0%   10   20   30   40   50   60   70   80   90   100%
[----|----|----|----|----|----|----|----|----|----|
**************************************************|
Calculating feature variances of standardized and clipped values
0%   10   20   30   40   50   60   70   80   90   100%
[----|----|----|----|----|----|----|----|----|----|
**************************************************|
ℹ [2026/07/30 09:51:17] Running PCA (n_pc = 100)
ℹ [2026/07/30 09:51:20] Clustering (resolution = 2)
Warning: Data is of class matrix. Coercing to dgCMatrix.
Computing nearest neighbor graph
Computing SNN
Modularity Optimizer version 1.3.0 by Ludo Waltman and Nees Jan van Eck

Number of nodes: 31872
Number of edges: 1619897

Running Louvain algorithm...
0%   10   20   30   40   50   60   70   80   90   100%
[----|----|----|----|----|----|----|----|----|----|
**************************************************|
Maximum modularity in 10 random starts: 0.8809
Number of communities: 45
Elapsed time: 7 seconds
ℹ [2026/07/30 09:51:39] Screening ("50 bootstrap")
ℹ [2026/07/30 09:51:50] SCIPAC screening done

── 38 / 51 ─────────────────────────────────────────────────────────────────────
ℹ [2026/07/30 09:51:51] Start SCIPAC screening
ℹ [2026/07/30 09:51:51] Find common variable geme (hvg = 1000)
Normalizing layer: counts
Performing log-normalization
0%   10   20   30   40   50   60   70   80   90   100%
[----|----|----|----|----|----|----|----|----|----|
**************************************************|
Finding variable features for layer counts
Calculating gene variances
0%   10   20   30   40   50   60   70   80   90   100%
[----|----|----|----|----|----|----|----|----|----|
**************************************************|
Calculating feature variances of standardized and clipped values
0%   10   20   30   40   50   60   70   80   90   100%
[----|----|----|----|----|----|----|----|----|----|
**************************************************|
ℹ [2026/07/30 09:52:10] Running PCA (n_pc = 100)
ℹ [2026/07/30 09:52:13] Clustering (resolution = 1.2)
Warning: Data is of class matrix. Coercing to dgCMatrix.
Computing nearest neighbor graph
Computing SNN
Modularity Optimizer version 1.3.0 by Ludo Waltman and Nees Jan van Eck

Number of nodes: 31872
Number of edges: 1619897

Running Louvain algorithm...
0%   10   20   30   40   50   60   70   80   90   100%
[----|----|----|----|----|----|----|----|----|----|
**************************************************|
Maximum modularity in 10 random starts: 0.9134
Number of communities: 37
Elapsed time: 7 seconds
ℹ [2026/07/30 09:52:34] Screening ("50 bootstrap")
ℹ [2026/07/30 09:52:46] SCIPAC screening done

── 39 / 51 ─────────────────────────────────────────────────────────────────────
ℹ [2026/07/30 09:52:47] Start SCIPAC screening
ℹ [2026/07/30 09:52:47] Find common variable geme (hvg = 1000)
Normalizing layer: counts
Performing log-normalization
0%   10   20   30   40   50   60   70   80   90   100%
[----|----|----|----|----|----|----|----|----|----|
**************************************************|
Finding variable features for layer counts
Calculating gene variances
0%   10   20   30   40   50   60   70   80   90   100%
[----|----|----|----|----|----|----|----|----|----|
**************************************************|
Calculating feature variances of standardized and clipped values
0%   10   20   30   40   50   60   70   80   90   100%
[----|----|----|----|----|----|----|----|----|----|
**************************************************|
ℹ [2026/07/30 09:53:07] Running PCA (n_pc = 30)
ℹ [2026/07/30 09:53:10] Clustering (resolution = 3.4)
Warning: Data is of class matrix. Coercing to dgCMatrix.
Computing nearest neighbor graph
Computing SNN
Modularity Optimizer version 1.3.0 by Ludo Waltman and Nees Jan van Eck

Number of nodes: 31872
Number of edges: 1197087

Running Louvain algorithm...
0%   10   20   30   40   50   60   70   80   90   100%
[----|----|----|----|----|----|----|----|----|----|
**************************************************|
Maximum modularity in 10 random starts: 0.8376
Number of communities: 67
Elapsed time: 7 seconds
ℹ [2026/07/30 09:53:27] Screening ("50 bootstrap")
ℹ [2026/07/30 09:53:37] SCIPAC screening done

── 40 / 51 ─────────────────────────────────────────────────────────────────────
ℹ [2026/07/30 09:53:38] Start SCIPAC screening
ℹ [2026/07/30 09:53:38] Find common variable geme (hvg = 1000)
Normalizing layer: counts
Performing log-normalization
0%   10   20   30   40   50   60   70   80   90   100%
[----|----|----|----|----|----|----|----|----|----|
**************************************************|
Finding variable features for layer counts
Calculating gene variances
0%   10   20   30   40   50   60   70   80   90   100%
[----|----|----|----|----|----|----|----|----|----|
**************************************************|
Calculating feature variances of standardized and clipped values
0%   10   20   30   40   50   60   70   80   90   100%
[----|----|----|----|----|----|----|----|----|----|
**************************************************|
ℹ [2026/07/30 09:53:58] Running PCA (n_pc = 30)
ℹ [2026/07/30 09:54:00] Clustering (resolution = 0.4)
Warning: Data is of class matrix. Coercing to dgCMatrix.
Computing nearest neighbor graph
Computing SNN
Modularity Optimizer version 1.3.0 by Ludo Waltman and Nees Jan van Eck

Number of nodes: 31872
Number of edges: 1197087

Running Louvain algorithm...
0%   10   20   30   40   50   60   70   80   90   100%
[----|----|----|----|----|----|----|----|----|----|
**************************************************|
Maximum modularity in 10 random starts: 0.9488
Number of communities: 21
Elapsed time: 7 seconds
ℹ [2026/07/30 09:54:18] Screening ("50 bootstrap")
ℹ [2026/07/30 09:54:33] SCIPAC screening done

── 41 / 51 ─────────────────────────────────────────────────────────────────────
ℹ [2026/07/30 09:54:33] Start SCIPAC screening
ℹ [2026/07/30 09:54:33] Find common variable geme (hvg = 1000)
Normalizing layer: counts
Performing log-normalization
0%   10   20   30   40   50   60   70   80   90   100%
[----|----|----|----|----|----|----|----|----|----|
**************************************************|
Finding variable features for layer counts
Calculating gene variances
0%   10   20   30   40   50   60   70   80   90   100%
[----|----|----|----|----|----|----|----|----|----|
**************************************************|
Calculating feature variances of standardized and clipped values
0%   10   20   30   40   50   60   70   80   90   100%
[----|----|----|----|----|----|----|----|----|----|
**************************************************|
ℹ [2026/07/30 09:54:52] Running PCA (n_pc = 30)
ℹ [2026/07/30 09:54:54] Clustering (resolution = 3.5)
Warning: Data is of class matrix. Coercing to dgCMatrix.
Computing nearest neighbor graph
Computing SNN
Modularity Optimizer version 1.3.0 by Ludo Waltman and Nees Jan van Eck

Number of nodes: 31872
Number of edges: 1197087

Running Louvain algorithm...
0%   10   20   30   40   50   60   70   80   90   100%
[----|----|----|----|----|----|----|----|----|----|
**************************************************|
Maximum modularity in 10 random starts: 0.8350
Number of communities: 68
Elapsed time: 6 seconds
ℹ [2026/07/30 09:55:11] Screening ("50 bootstrap")
ℹ [2026/07/30 09:55:23] SCIPAC screening done

── 42 / 51 ─────────────────────────────────────────────────────────────────────
ℹ [2026/07/30 09:55:23] Start SCIPAC screening
ℹ [2026/07/30 09:55:23] Find common variable geme (hvg = 1000)
Normalizing layer: counts
Performing log-normalization
0%   10   20   30   40   50   60   70   80   90   100%
[----|----|----|----|----|----|----|----|----|----|
**************************************************|
Finding variable features for layer counts
Calculating gene variances
0%   10   20   30   40   50   60   70   80   90   100%
[----|----|----|----|----|----|----|----|----|----|
**************************************************|
Calculating feature variances of standardized and clipped values
0%   10   20   30   40   50   60   70   80   90   100%
[----|----|----|----|----|----|----|----|----|----|
**************************************************|
ℹ [2026/07/30 09:55:42] Running PCA (n_pc = 10)
ℹ [2026/07/30 09:55:44] Clustering (resolution = 0.6)
Warning: Data is of class matrix. Coercing to dgCMatrix.
Computing nearest neighbor graph
Computing SNN
Modularity Optimizer version 1.3.0 by Ludo Waltman and Nees Jan van Eck

Number of nodes: 31872
Number of edges: 995534

Running Louvain algorithm...
0%   10   20   30   40   50   60   70   80   90   100%
[----|----|----|----|----|----|----|----|----|----|
**************************************************|
Maximum modularity in 10 random starts: 0.9304
Number of communities: 28
Elapsed time: 5 seconds
ℹ [2026/07/30 09:56:01] Screening ("50 bootstrap")
ℹ [2026/07/30 09:56:08] SCIPAC screening done

── 43 / 51 ─────────────────────────────────────────────────────────────────────
ℹ [2026/07/30 09:56:09] Start SCIPAC screening
ℹ [2026/07/30 09:56:09] Find common variable geme (hvg = 1000)
Normalizing layer: counts
Performing log-normalization
0%   10   20   30   40   50   60   70   80   90   100%
[----|----|----|----|----|----|----|----|----|----|
**************************************************|
Finding variable features for layer counts
Calculating gene variances
0%   10   20   30   40   50   60   70   80   90   100%
[----|----|----|----|----|----|----|----|----|----|
**************************************************|
Calculating feature variances of standardized and clipped values
0%   10   20   30   40   50   60   70   80   90   100%
[----|----|----|----|----|----|----|----|----|----|
**************************************************|
ℹ [2026/07/30 09:56:29] Running PCA (n_pc = 100)
ℹ [2026/07/30 09:56:32] Clustering (resolution = 2.3)
Warning: Data is of class matrix. Coercing to dgCMatrix.
Computing nearest neighbor graph
Computing SNN
Modularity Optimizer version 1.3.0 by Ludo Waltman and Nees Jan van Eck

Number of nodes: 31872
Number of edges: 1619897

Running Louvain algorithm...
0%   10   20   30   40   50   60   70   80   90   100%
[----|----|----|----|----|----|----|----|----|----|
**************************************************|
Maximum modularity in 10 random starts: 0.8699
Number of communities: 48
Elapsed time: 8 seconds
ℹ [2026/07/30 09:56:54] Screening ("50 bootstrap")
ℹ [2026/07/30 09:57:07] SCIPAC screening done

── 44 / 51 ─────────────────────────────────────────────────────────────────────
ℹ [2026/07/30 09:57:07] Start SCIPAC screening
ℹ [2026/07/30 09:57:07] Find common variable geme (hvg = 1000)
Normalizing layer: counts
Performing log-normalization
0%   10   20   30   40   50   60   70   80   90   100%
[----|----|----|----|----|----|----|----|----|----|
**************************************************|
Finding variable features for layer counts
Calculating gene variances
0%   10   20   30   40   50   60   70   80   90   100%
[----|----|----|----|----|----|----|----|----|----|
**************************************************|
Calculating feature variances of standardized and clipped values
0%   10   20   30   40   50   60   70   80   90   100%
[----|----|----|----|----|----|----|----|----|----|
**************************************************|
ℹ [2026/07/30 09:57:28] Running PCA (n_pc = 80)
ℹ [2026/07/30 09:57:30] Clustering (resolution = 0.4)
Warning: Data is of class matrix. Coercing to dgCMatrix.
Computing nearest neighbor graph
Computing SNN
Modularity Optimizer version 1.3.0 by Ludo Waltman and Nees Jan van Eck

Number of nodes: 31872
Number of edges: 1531943

Running Louvain algorithm...
0%   10   20   30   40   50   60   70   80   90   100%
[----|----|----|----|----|----|----|----|----|----|
**************************************************|
Maximum modularity in 10 random starts: 0.9592
Number of communities: 22
Elapsed time: 7 seconds
ℹ [2026/07/30 09:57:49] Screening ("50 bootstrap")
ℹ [2026/07/30 09:58:01] SCIPAC screening done

── 45 / 51 ─────────────────────────────────────────────────────────────────────
ℹ [2026/07/30 09:58:02] Start SCIPAC screening
ℹ [2026/07/30 09:58:02] Find common variable geme (hvg = 1000)
Normalizing layer: counts
Performing log-normalization
0%   10   20   30   40   50   60   70   80   90   100%
[----|----|----|----|----|----|----|----|----|----|
**************************************************|
Finding variable features for layer counts
Calculating gene variances
0%   10   20   30   40   50   60   70   80   90   100%
[----|----|----|----|----|----|----|----|----|----|
**************************************************|
Calculating feature variances of standardized and clipped values
0%   10   20   30   40   50   60   70   80   90   100%
[----|----|----|----|----|----|----|----|----|----|
**************************************************|
ℹ [2026/07/30 09:58:23] Running PCA (n_pc = 90)
ℹ [2026/07/30 09:58:26] Clustering (resolution = 3)
Warning: Data is of class matrix. Coercing to dgCMatrix.
Computing nearest neighbor graph
Computing SNN
Modularity Optimizer version 1.3.0 by Ludo Waltman and Nees Jan van Eck

Number of nodes: 31872
Number of edges: 1577981

Running Louvain algorithm...
0%   10   20   30   40   50   60   70   80   90   100%
[----|----|----|----|----|----|----|----|----|----|
**************************************************|
Maximum modularity in 10 random starts: 0.8466
Number of communities: 59
Elapsed time: 8 seconds
ℹ [2026/07/30 09:58:47] Screening ("50 bootstrap")
Warning: from glmnet C++ code (error code -1); Convergence for 1th lambda value not reached after maxit=100000 iterations; solutions for larger lambdas returned
Warning in getcoef(fit, nvars, nx, vnames) :
  an empty model has been returned; probably a convergence issue
Warning in classifier.Lambda.core(bulk.dat, y, family, K.means.res, ela.net.alpha = ela.net.alpha,  :
  Lambda values have zero variance in binomial/cumulative regression
Warning: from glmnet C++ code (error code -1); Convergence for 1th lambda value not reached after maxit=100000 iterations; solutions for larger lambdas returned
Warning in getcoef(fit, nvars, nx, vnames) :
  an empty model has been returned; probably a convergence issue
Warning in classifier.Lambda.core(bulk.dat, y, family, K.means.res, ela.net.alpha = ela.net.alpha,  :
  Lambda values have zero variance in binomial/cumulative regression
ℹ [2026/07/30 09:59:04] SCIPAC screening done

── 46 / 51 ─────────────────────────────────────────────────────────────────────
ℹ [2026/07/30 09:59:05] Start SCIPAC screening
ℹ [2026/07/30 09:59:05] Find common variable geme (hvg = 1000)
Normalizing layer: counts
Performing log-normalization
0%   10   20   30   40   50   60   70   80   90   100%
[----|----|----|----|----|----|----|----|----|----|
**************************************************|
Finding variable features for layer counts
Calculating gene variances
0%   10   20   30   40   50   60   70   80   90   100%
[----|----|----|----|----|----|----|----|----|----|
**************************************************|
Calculating feature variances of standardized and clipped values
0%   10   20   30   40   50   60   70   80   90   100%
[----|----|----|----|----|----|----|----|----|----|
**************************************************|
ℹ [2026/07/30 09:59:25] Running PCA (n_pc = 80)
ℹ [2026/07/30 09:59:28] Clustering (resolution = 3.1)
Warning: Data is of class matrix. Coercing to dgCMatrix.
Computing nearest neighbor graph
Computing SNN
Modularity Optimizer version 1.3.0 by Ludo Waltman and Nees Jan van Eck

Number of nodes: 31872
Number of edges: 1531943

Running Louvain algorithm...
0%   10   20   30   40   50   60   70   80   90   100%
[----|----|----|----|----|----|----|----|----|----|
**************************************************|
Maximum modularity in 10 random starts: 0.8422
Number of communities: 60
Elapsed time: 5 seconds
ℹ [2026/07/30 09:59:47] Screening ("50 bootstrap")
ℹ [2026/07/30 09:59:59] SCIPAC screening done

── 47 / 51 ─────────────────────────────────────────────────────────────────────
ℹ [2026/07/30 10:00:00] Start SCIPAC screening
ℹ [2026/07/30 10:00:00] Find common variable geme (hvg = 1000)
Normalizing layer: counts
Performing log-normalization
0%   10   20   30   40   50   60   70   80   90   100%
[----|----|----|----|----|----|----|----|----|----|
**************************************************|
Finding variable features for layer counts
Calculating gene variances
0%   10   20   30   40   50   60   70   80   90   100%
[----|----|----|----|----|----|----|----|----|----|
**************************************************|
Calculating feature variances of standardized and clipped values
0%   10   20   30   40   50   60   70   80   90   100%
[----|----|----|----|----|----|----|----|----|----|
**************************************************|
ℹ [2026/07/30 10:00:20] Running PCA (n_pc = 40)
ℹ [2026/07/30 10:00:22] Clustering (resolution = 3.5)
Warning: Data is of class matrix. Coercing to dgCMatrix.
Computing nearest neighbor graph
Computing SNN
Modularity Optimizer version 1.3.0 by Ludo Waltman and Nees Jan van Eck

Number of nodes: 31872
Number of edges: 1290226

Running Louvain algorithm...
0%   10   20   30   40   50   60   70   80   90   100%
[----|----|----|----|----|----|----|----|----|----|
**************************************************|
Maximum modularity in 10 random starts: 0.8300
Number of communities: 63
Elapsed time: 7 seconds
ℹ [2026/07/30 10:00:41] Screening ("50 bootstrap")
Warning: from glmnet C++ code (error code -1); Convergence for 1th lambda value not reached after maxit=100000 iterations; solutions for larger lambdas returned
Warning in getcoef(fit, nvars, nx, vnames) :
  an empty model has been returned; probably a convergence issue
Warning in classifier.Lambda.core(bulk.dat, y, family, K.means.res, ela.net.alpha = ela.net.alpha,  :
  Lambda values have zero variance in binomial/cumulative regression
ℹ [2026/07/30 10:00:58] SCIPAC screening done

── 48 / 51 ─────────────────────────────────────────────────────────────────────
ℹ [2026/07/30 10:00:59] Start SCIPAC screening
ℹ [2026/07/30 10:00:59] Find common variable geme (hvg = 1000)
Normalizing layer: counts
Performing log-normalization
0%   10   20   30   40   50   60   70   80   90   100%
[----|----|----|----|----|----|----|----|----|----|
**************************************************|
Finding variable features for layer counts
Calculating gene variances
0%   10   20   30   40   50   60   70   80   90   100%
[----|----|----|----|----|----|----|----|----|----|
**************************************************|
Calculating feature variances of standardized and clipped values
0%   10   20   30   40   50   60   70   80   90   100%
[----|----|----|----|----|----|----|----|----|----|
**************************************************|
ℹ [2026/07/30 10:01:19] Running PCA (n_pc = 20)
ℹ [2026/07/30 10:01:21] Clustering (resolution = 4)
Warning: Data is of class matrix. Coercing to dgCMatrix.
Computing nearest neighbor graph
Computing SNN
Modularity Optimizer version 1.3.0 by Ludo Waltman and Nees Jan van Eck

Number of nodes: 31872
Number of edges: 1111492

Running Louvain algorithm...
0%   10   20   30   40   50   60   70   80   90   100%
[----|----|----|----|----|----|----|----|----|----|
**************************************************|
Maximum modularity in 10 random starts: 0.8286
Number of communities: 74
Elapsed time: 5 seconds
ℹ [2026/07/30 10:01:37] Screening ("50 bootstrap")
ℹ [2026/07/30 10:01:46] SCIPAC screening done

── 49 / 51 ─────────────────────────────────────────────────────────────────────
ℹ [2026/07/30 10:01:47] Start SCIPAC screening
ℹ [2026/07/30 10:01:47] Find common variable geme (hvg = 1000)
Normalizing layer: counts
Performing log-normalization
0%   10   20   30   40   50   60   70   80   90   100%
[----|----|----|----|----|----|----|----|----|----|
**************************************************|
Finding variable features for layer counts
Calculating gene variances
0%   10   20   30   40   50   60   70   80   90   100%
[----|----|----|----|----|----|----|----|----|----|
**************************************************|
Calculating feature variances of standardized and clipped values
0%   10   20   30   40   50   60   70   80   90   100%
[----|----|----|----|----|----|----|----|----|----|
**************************************************|
ℹ [2026/07/30 10:02:07] Running PCA (n_pc = 30)
ℹ [2026/07/30 10:02:09] Clustering (resolution = 2.9)
Warning: Data is of class matrix. Coercing to dgCMatrix.
Computing nearest neighbor graph
Computing SNN
Modularity Optimizer version 1.3.0 by Ludo Waltman and Nees Jan van Eck

Number of nodes: 31872
Number of edges: 1197087

Running Louvain algorithm...
0%   10   20   30   40   50   60   70   80   90   100%
[----|----|----|----|----|----|----|----|----|----|
**************************************************|
Maximum modularity in 10 random starts: 0.8500
Number of communities: 60
Elapsed time: 6 seconds
ℹ [2026/07/30 10:02:26] Screening ("50 bootstrap")
ℹ [2026/07/30 10:02:39] SCIPAC screening done

── 50 / 51 ─────────────────────────────────────────────────────────────────────
ℹ [2026/07/30 10:02:40] Start SCIPAC screening
ℹ [2026/07/30 10:02:40] Find common variable geme (hvg = 1000)
Normalizing layer: counts
Performing log-normalization
0%   10   20   30   40   50   60   70   80   90   100%
[----|----|----|----|----|----|----|----|----|----|
**************************************************|
Finding variable features for layer counts
Calculating gene variances
0%   10   20   30   40   50   60   70   80   90   100%
[----|----|----|----|----|----|----|----|----|----|
**************************************************|
Calculating feature variances of standardized and clipped values
0%   10   20   30   40   50   60   70   80   90   100%
[----|----|----|----|----|----|----|----|----|----|
**************************************************|
ℹ [2026/07/30 10:02:59] Running PCA (n_pc = 60)
ℹ [2026/07/30 10:03:01] Clustering (resolution = 2.5)
Warning: Data is of class matrix. Coercing to dgCMatrix.
Computing nearest neighbor graph
Computing SNN
Modularity Optimizer version 1.3.0 by Ludo Waltman and Nees Jan van Eck

Number of nodes: 31872
Number of edges: 1420877

Running Louvain algorithm...
0%   10   20   30   40   50   60   70   80   90   100%
[----|----|----|----|----|----|----|----|----|----|
**************************************************|
Maximum modularity in 10 random starts: 0.8610
Number of communities: 54
Elapsed time: 7 seconds
ℹ [2026/07/30 10:03:19] Screening ("50 bootstrap")
ℹ [2026/07/30 10:03:31] SCIPAC screening done

── 51 / 51 ─────────────────────────────────────────────────────────────────────
ℹ [2026/07/30 10:03:31] Start SCIPAC screening
ℹ [2026/07/30 10:03:31] Find common variable geme (hvg = 1000)
Normalizing layer: counts
Performing log-normalization
0%   10   20   30   40   50   60   70   80   90   100%
[----|----|----|----|----|----|----|----|----|----|
**************************************************|
Finding variable features for layer counts
Calculating gene variances
0%   10   20   30   40   50   60   70   80   90   100%
[----|----|----|----|----|----|----|----|----|----|
**************************************************|
Calculating feature variances of standardized and clipped values
0%   10   20   30   40   50   60   70   80   90   100%
[----|----|----|----|----|----|----|----|----|----|
**************************************************|
ℹ [2026/07/30 10:03:51] Running PCA (n_pc = 60)
ℹ [2026/07/30 10:03:53] Clustering (resolution = 2)
Warning: Data is of class matrix. Coercing to dgCMatrix.
Computing nearest neighbor graph
Computing SNN
Modularity Optimizer version 1.3.0 by Ludo Waltman and Nees Jan van Eck

Number of nodes: 31872
Number of edges: 1420877

Running Louvain algorithm...
0%   10   20   30   40   50   60   70   80   90   100%
[----|----|----|----|----|----|----|----|----|----|
**************************************************|
Maximum modularity in 10 random starts: 0.8785
Number of communities: 47
Elapsed time: 6 seconds
ℹ [2026/07/30 10:04:11] Screening ("50 bootstrap")
ℹ [2026/07/30 10:04:22] SCIPAC screening done
            used   (Mb) gc trigger   (Mb)   max used   (Mb)
Ncells   3808112  203.4    7228795  386.1    7228795  386.1
Vcells 486111158 3708.8 1201128153 9163.9 1199998662 9155.3
✔ (1) scipac random search part1 completed.

── 1 / 51 ──────────────────────────────────────────────────────────────────────
ℹ [2026/07/30 10:04:23] Start SCIPAC screening
ℹ [2026/07/30 10:04:23] Find common variable geme (hvg = 3500)
Normalizing layer: counts
Performing log-normalization
0%   10   20   30   40   50   60   70   80   90   100%
[----|----|----|----|----|----|----|----|----|----|
**************************************************|
Finding variable features for layer counts
Calculating gene variances
0%   10   20   30   40   50   60   70   80   90   100%
[----|----|----|----|----|----|----|----|----|----|
**************************************************|
Calculating feature variances of standardized and clipped values
0%   10   20   30   40   50   60   70   80   90   100%
[----|----|----|----|----|----|----|----|----|----|
**************************************************|
ℹ [2026/07/30 10:04:44] Running PCA (n_pc = 60)
ℹ [2026/07/30 10:04:52] Clustering (resolution = 2)
Warning: Data is of class matrix. Coercing to dgCMatrix.
Computing nearest neighbor graph
Computing SNN
Modularity Optimizer version 1.3.0 by Ludo Waltman and Nees Jan van Eck

Number of nodes: 31872
Number of edges: 1388354

Running Louvain algorithm...
0%   10   20   30   40   50   60   70   80   90   100%
[----|----|----|----|----|----|----|----|----|----|
**************************************************|
Maximum modularity in 10 random starts: 0.8760
Number of communities: 44
Elapsed time: 6 seconds
ℹ [2026/07/30 10:05:08] Screening ("10 bootstrap")
ℹ [2026/07/30 10:05:13] SCIPAC screening done

── 2 / 51 ──────────────────────────────────────────────────────────────────────
ℹ [2026/07/30 10:05:14] Start SCIPAC screening
ℹ [2026/07/30 10:05:14] Find common variable geme (hvg = 3500)
Normalizing layer: counts
Performing log-normalization
0%   10   20   30   40   50   60   70   80   90   100%
[----|----|----|----|----|----|----|----|----|----|
**************************************************|
Finding variable features for layer counts
Calculating gene variances
0%   10   20   30   40   50   60   70   80   90   100%
[----|----|----|----|----|----|----|----|----|----|
**************************************************|
Calculating feature variances of standardized and clipped values
0%   10   20   30   40   50   60   70   80   90   100%
[----|----|----|----|----|----|----|----|----|----|
**************************************************|
ℹ [2026/07/30 10:05:35] Running PCA (n_pc = 60)
ℹ [2026/07/30 10:05:43] Clustering (resolution = 2)
Warning: Data is of class matrix. Coercing to dgCMatrix.
Computing nearest neighbor graph
Computing SNN
Modularity Optimizer version 1.3.0 by Ludo Waltman and Nees Jan van Eck

Number of nodes: 31872
Number of edges: 1388354

Running Louvain algorithm...
0%   10   20   30   40   50   60   70   80   90   100%
[----|----|----|----|----|----|----|----|----|----|
**************************************************|
Maximum modularity in 10 random starts: 0.8760
Number of communities: 44
Elapsed time: 6 seconds
ℹ [2026/07/30 10:06:00] Screening ("10 bootstrap")
ℹ [2026/07/30 10:06:07] SCIPAC screening done

── 3 / 51 ──────────────────────────────────────────────────────────────────────
ℹ [2026/07/30 10:06:08] Start SCIPAC screening
ℹ [2026/07/30 10:06:08] Find common variable geme (hvg = 4000)
Normalizing layer: counts
Performing log-normalization
0%   10   20   30   40   50   60   70   80   90   100%
[----|----|----|----|----|----|----|----|----|----|
**************************************************|
Finding variable features for layer counts
Calculating gene variances
0%   10   20   30   40   50   60   70   80   90   100%
[----|----|----|----|----|----|----|----|----|----|
**************************************************|
Calculating feature variances of standardized and clipped values
0%   10   20   30   40   50   60   70   80   90   100%
[----|----|----|----|----|----|----|----|----|----|
**************************************************|
ℹ [2026/07/30 10:06:29] Running PCA (n_pc = 60)
ℹ [2026/07/30 10:06:38] Clustering (resolution = 2)
Warning: Data is of class matrix. Coercing to dgCMatrix.
Computing nearest neighbor graph
Computing SNN
Modularity Optimizer version 1.3.0 by Ludo Waltman and Nees Jan van Eck

Number of nodes: 31872
Number of edges: 1385761

Running Louvain algorithm...
0%   10   20   30   40   50   60   70   80   90   100%
[----|----|----|----|----|----|----|----|----|----|
**************************************************|
Maximum modularity in 10 random starts: 0.8753
Number of communities: 46
Elapsed time: 7 seconds
ℹ [2026/07/30 10:06:57] Screening ("10 bootstrap")
ℹ [2026/07/30 10:07:03] SCIPAC screening done

── 4 / 51 ──────────────────────────────────────────────────────────────────────
ℹ [2026/07/30 10:07:04] Start SCIPAC screening
ℹ [2026/07/30 10:07:04] Find common variable geme (hvg = 5000)
Normalizing layer: counts
Performing log-normalization
0%   10   20   30   40   50   60   70   80   90   100%
[----|----|----|----|----|----|----|----|----|----|
**************************************************|
Finding variable features for layer counts
Calculating gene variances
0%   10   20   30   40   50   60   70   80   90   100%
[----|----|----|----|----|----|----|----|----|----|
**************************************************|
Calculating feature variances of standardized and clipped values
0%   10   20   30   40   50   60   70   80   90   100%
[----|----|----|----|----|----|----|----|----|----|
**************************************************|
Warning in asMethod(object) :
  sparse->dense coercion: allocating vector of size 1.2 GiB
ℹ [2026/07/30 10:07:27] Running PCA (n_pc = 60)
ℹ [2026/07/30 10:07:37] Clustering (resolution = 2)
Warning: Data is of class matrix. Coercing to dgCMatrix.
Computing nearest neighbor graph
Computing SNN
Modularity Optimizer version 1.3.0 by Ludo Waltman and Nees Jan van Eck

Number of nodes: 31872
Number of edges: 1378888

Running Louvain algorithm...
0%   10   20   30   40   50   60   70   80   90   100%
[----|----|----|----|----|----|----|----|----|----|
**************************************************|
Maximum modularity in 10 random starts: 0.8760
Number of communities: 44
Elapsed time: 6 seconds
ℹ [2026/07/30 10:07:55] Screening ("60 bootstrap")
ℹ [2026/07/30 10:08:24] SCIPAC screening done

── 5 / 51 ──────────────────────────────────────────────────────────────────────
ℹ [2026/07/30 10:08:25] Start SCIPAC screening
ℹ [2026/07/30 10:08:25] Find common variable geme (hvg = 5000)
Normalizing layer: counts
Performing log-normalization
0%   10   20   30   40   50   60   70   80   90   100%
[----|----|----|----|----|----|----|----|----|----|
**************************************************|
Finding variable features for layer counts
Calculating gene variances
0%   10   20   30   40   50   60   70   80   90   100%
[----|----|----|----|----|----|----|----|----|----|
**************************************************|
Calculating feature variances of standardized and clipped values
0%   10   20   30   40   50   60   70   80   90   100%
[----|----|----|----|----|----|----|----|----|----|
**************************************************|
Warning in asMethod(object) :
  sparse->dense coercion: allocating vector of size 1.2 GiB
ℹ [2026/07/30 10:08:47] Running PCA (n_pc = 60)
ℹ [2026/07/30 10:08:57] Clustering (resolution = 2)
Warning: Data is of class matrix. Coercing to dgCMatrix.
Computing nearest neighbor graph
Computing SNN
Modularity Optimizer version 1.3.0 by Ludo Waltman and Nees Jan van Eck

Number of nodes: 31872
Number of edges: 1378888

Running Louvain algorithm...
0%   10   20   30   40   50   60   70   80   90   100%
[----|----|----|----|----|----|----|----|----|----|
**************************************************|
Maximum modularity in 10 random starts: 0.8760
Number of communities: 44
Elapsed time: 6 seconds
ℹ [2026/07/30 10:09:13] Screening ("50 bootstrap")
ℹ [2026/07/30 10:09:21] SCIPAC screening done

── 6 / 51 ──────────────────────────────────────────────────────────────────────
ℹ [2026/07/30 10:09:22] Start SCIPAC screening
ℹ [2026/07/30 10:09:22] Find common variable geme (hvg = 1000)
Normalizing layer: counts
Performing log-normalization
0%   10   20   30   40   50   60   70   80   90   100%
[----|----|----|----|----|----|----|----|----|----|
**************************************************|
Finding variable features for layer counts
Calculating gene variances
0%   10   20   30   40   50   60   70   80   90   100%
[----|----|----|----|----|----|----|----|----|----|
**************************************************|
Calculating feature variances of standardized and clipped values
0%   10   20   30   40   50   60   70   80   90   100%
[----|----|----|----|----|----|----|----|----|----|
**************************************************|
ℹ [2026/07/30 10:09:41] Running PCA (n_pc = 60)
ℹ [2026/07/30 10:09:43] Clustering (resolution = 2)
Warning: Data is of class matrix. Coercing to dgCMatrix.
Computing nearest neighbor graph
Computing SNN
Modularity Optimizer version 1.3.0 by Ludo Waltman and Nees Jan van Eck

Number of nodes: 31872
Number of edges: 1420877

Running Louvain algorithm...
0%   10   20   30   40   50   60   70   80   90   100%
[----|----|----|----|----|----|----|----|----|----|
**************************************************|
Maximum modularity in 10 random starts: 0.8785
Number of communities: 47
Elapsed time: 7 seconds
ℹ [2026/07/30 10:10:01] Screening ("30 bootstrap")
ℹ [2026/07/30 10:10:15] SCIPAC screening done

── 7 / 51 ──────────────────────────────────────────────────────────────────────
ℹ [2026/07/30 10:10:16] Start SCIPAC screening
ℹ [2026/07/30 10:10:16] Find common variable geme (hvg = 500)
Normalizing layer: counts
Performing log-normalization
0%   10   20   30   40   50   60   70   80   90   100%
[----|----|----|----|----|----|----|----|----|----|
**************************************************|
Finding variable features for layer counts
Calculating gene variances
0%   10   20   30   40   50   60   70   80   90   100%
[----|----|----|----|----|----|----|----|----|----|
**************************************************|
Calculating feature variances of standardized and clipped values
0%   10   20   30   40   50   60   70   80   90   100%
[----|----|----|----|----|----|----|----|----|----|
**************************************************|
ℹ [2026/07/30 10:10:36] Running PCA (n_pc = 60)
ℹ [2026/07/30 10:10:36] Clustering (resolution = 2)
Warning: Data is of class matrix. Coercing to dgCMatrix.
Computing nearest neighbor graph
Computing SNN
Modularity Optimizer version 1.3.0 by Ludo Waltman and Nees Jan van Eck

Number of nodes: 31872
Number of edges: 1382226

Running Louvain algorithm...
0%   10   20   30   40   50   60   70   80   90   100%
[----|----|----|----|----|----|----|----|----|----|
**************************************************|
Maximum modularity in 10 random starts: 0.8796
Number of communities: 51
Elapsed time: 6 seconds
ℹ [2026/07/30 10:10:54] Screening ("70 bootstrap")
ℹ [2026/07/30 10:11:15] SCIPAC screening done

── 8 / 51 ──────────────────────────────────────────────────────────────────────
ℹ [2026/07/30 10:11:16] Start SCIPAC screening
ℹ [2026/07/30 10:11:16] Find common variable geme (hvg = 2000)
Normalizing layer: counts
Performing log-normalization
0%   10   20   30   40   50   60   70   80   90   100%
[----|----|----|----|----|----|----|----|----|----|
**************************************************|
Finding variable features for layer counts
Calculating gene variances
0%   10   20   30   40   50   60   70   80   90   100%
[----|----|----|----|----|----|----|----|----|----|
**************************************************|
Calculating feature variances of standardized and clipped values
0%   10   20   30   40   50   60   70   80   90   100%
[----|----|----|----|----|----|----|----|----|----|
**************************************************|
ℹ [2026/07/30 10:11:35] Running PCA (n_pc = 60)
ℹ [2026/07/30 10:11:40] Clustering (resolution = 2)
Warning: Data is of class matrix. Coercing to dgCMatrix.
Computing nearest neighbor graph
Computing SNN
Modularity Optimizer version 1.3.0 by Ludo Waltman and Nees Jan van Eck

Number of nodes: 31872
Number of edges: 1406335

Running Louvain algorithm...
0%   10   20   30   40   50   60   70   80   90   100%
[----|----|----|----|----|----|----|----|----|----|
**************************************************|
Maximum modularity in 10 random starts: 0.8776
Number of communities: 48
Elapsed time: 6 seconds
ℹ [2026/07/30 10:11:58] Screening ("60 bootstrap")
ℹ [2026/07/30 10:12:20] SCIPAC screening done

── 9 / 51 ──────────────────────────────────────────────────────────────────────
ℹ [2026/07/30 10:12:21] Start SCIPAC screening
ℹ [2026/07/30 10:12:21] Find common variable geme (hvg = 4000)
Normalizing layer: counts
Performing log-normalization
0%   10   20   30   40   50   60   70   80   90   100%
[----|----|----|----|----|----|----|----|----|----|
**************************************************|
Finding variable features for layer counts
Calculating gene variances
0%   10   20   30   40   50   60   70   80   90   100%
[----|----|----|----|----|----|----|----|----|----|
**************************************************|
Calculating feature variances of standardized and clipped values
0%   10   20   30   40   50   60   70   80   90   100%
[----|----|----|----|----|----|----|----|----|----|
**************************************************|
ℹ [2026/07/30 10:12:42] Running PCA (n_pc = 60)
ℹ [2026/07/30 10:12:51] Clustering (resolution = 2)
Warning: Data is of class matrix. Coercing to dgCMatrix.
Computing nearest neighbor graph
Computing SNN
Modularity Optimizer version 1.3.0 by Ludo Waltman and Nees Jan van Eck

Number of nodes: 31872
Number of edges: 1385761

Running Louvain algorithm...
0%   10   20   30   40   50   60   70   80   90   100%
[----|----|----|----|----|----|----|----|----|----|
**************************************************|
Maximum modularity in 10 random starts: 0.8753
Number of communities: 46
Elapsed time: 6 seconds
ℹ [2026/07/30 10:13:09] Screening ("50 bootstrap")
ℹ [2026/07/30 10:13:15] SCIPAC screening done

── 10 / 51 ─────────────────────────────────────────────────────────────────────
ℹ [2026/07/30 10:13:15] Start SCIPAC screening
ℹ [2026/07/30 10:13:15] Find common variable geme (hvg = 5000)
Normalizing layer: counts
Performing log-normalization
0%   10   20   30   40   50   60   70   80   90   100%
[----|----|----|----|----|----|----|----|----|----|
**************************************************|
Finding variable features for layer counts
Calculating gene variances
0%   10   20   30   40   50   60   70   80   90   100%
[----|----|----|----|----|----|----|----|----|----|
**************************************************|
Calculating feature variances of standardized and clipped values
0%   10   20   30   40   50   60   70   80   90   100%
[----|----|----|----|----|----|----|----|----|----|
**************************************************|
Warning in asMethod(object) :
  sparse->dense coercion: allocating vector of size 1.2 GiB
ℹ [2026/07/30 10:13:36] Running PCA (n_pc = 60)
ℹ [2026/07/30 10:13:46] Clustering (resolution = 2)
Warning: Data is of class matrix. Coercing to dgCMatrix.
Computing nearest neighbor graph
Computing SNN
Modularity Optimizer version 1.3.0 by Ludo Waltman and Nees Jan van Eck

Number of nodes: 31872
Number of edges: 1378888

Running Louvain algorithm...
0%   10   20   30   40   50   60   70   80   90   100%
[----|----|----|----|----|----|----|----|----|----|
**************************************************|
Maximum modularity in 10 random starts: 0.8760
Number of communities: 44
Elapsed time: 6 seconds
ℹ [2026/07/30 10:14:03] Screening ("70 bootstrap")
ℹ [2026/07/30 10:14:24] SCIPAC screening done

── 11 / 51 ─────────────────────────────────────────────────────────────────────
ℹ [2026/07/30 10:14:25] Start SCIPAC screening
ℹ [2026/07/30 10:14:25] Find common variable geme (hvg = 1000)
Normalizing layer: counts
Performing log-normalization
0%   10   20   30   40   50   60   70   80   90   100%
[----|----|----|----|----|----|----|----|----|----|
**************************************************|
Finding variable features for layer counts
Calculating gene variances
0%   10   20   30   40   50   60   70   80   90   100%
[----|----|----|----|----|----|----|----|----|----|
**************************************************|
Calculating feature variances of standardized and clipped values
0%   10   20   30   40   50   60   70   80   90   100%
[----|----|----|----|----|----|----|----|----|----|
**************************************************|
ℹ [2026/07/30 10:14:45] Running PCA (n_pc = 60)
ℹ [2026/07/30 10:14:47] Clustering (resolution = 2)
Warning: Data is of class matrix. Coercing to dgCMatrix.
Computing nearest neighbor graph
Computing SNN
Modularity Optimizer version 1.3.0 by Ludo Waltman and Nees Jan van Eck

Number of nodes: 31872
Number of edges: 1420877

Running Louvain algorithm...
0%   10   20   30   40   50   60   70   80   90   100%
[----|----|----|----|----|----|----|----|----|----|
**************************************************|
Maximum modularity in 10 random starts: 0.8785
Number of communities: 47
Elapsed time: 6 seconds
ℹ [2026/07/30 10:15:04] Screening ("90 bootstrap")
ℹ [2026/07/30 10:15:18] SCIPAC screening done

── 12 / 51 ─────────────────────────────────────────────────────────────────────
ℹ [2026/07/30 10:15:19] Start SCIPAC screening
ℹ [2026/07/30 10:15:19] Find common variable geme (hvg = 2000)
Normalizing layer: counts
Performing log-normalization
0%   10   20   30   40   50   60   70   80   90   100%
[----|----|----|----|----|----|----|----|----|----|
**************************************************|
Finding variable features for layer counts
Calculating gene variances
0%   10   20   30   40   50   60   70   80   90   100%
[----|----|----|----|----|----|----|----|----|----|
**************************************************|
Calculating feature variances of standardized and clipped values
0%   10   20   30   40   50   60   70   80   90   100%
[----|----|----|----|----|----|----|----|----|----|
**************************************************|
ℹ [2026/07/30 10:15:39] Running PCA (n_pc = 60)
ℹ [2026/07/30 10:15:43] Clustering (resolution = 2)
Warning: Data is of class matrix. Coercing to dgCMatrix.
Computing nearest neighbor graph
Computing SNN
Modularity Optimizer version 1.3.0 by Ludo Waltman and Nees Jan van Eck

Number of nodes: 31872
Number of edges: 1406335

Running Louvain algorithm...
0%   10   20   30   40   50   60   70   80   90   100%
[----|----|----|----|----|----|----|----|----|----|
**************************************************|
Maximum modularity in 10 random starts: 0.8776
Number of communities: 48
Elapsed time: 6 seconds
ℹ [2026/07/30 10:16:01] Screening ("10 bootstrap")
ℹ [2026/07/30 10:16:06] SCIPAC screening done

── 13 / 51 ─────────────────────────────────────────────────────────────────────
ℹ [2026/07/30 10:16:07] Start SCIPAC screening
ℹ [2026/07/30 10:16:07] Find common variable geme (hvg = 1500)
Normalizing layer: counts
Performing log-normalization
0%   10   20   30   40   50   60   70   80   90   100%
[----|----|----|----|----|----|----|----|----|----|
**************************************************|
Finding variable features for layer counts
Calculating gene variances
0%   10   20   30   40   50   60   70   80   90   100%
[----|----|----|----|----|----|----|----|----|----|
**************************************************|
Calculating feature variances of standardized and clipped values
0%   10   20   30   40   50   60   70   80   90   100%
[----|----|----|----|----|----|----|----|----|----|
**************************************************|
ℹ [2026/07/30 10:16:26] Running PCA (n_pc = 60)
ℹ [2026/07/30 10:16:30] Clustering (resolution = 2)
Warning: Data is of class matrix. Coercing to dgCMatrix.
Computing nearest neighbor graph
Computing SNN
Modularity Optimizer version 1.3.0 by Ludo Waltman and Nees Jan van Eck

Number of nodes: 31872
Number of edges: 1412798

Running Louvain algorithm...
0%   10   20   30   40   50   60   70   80   90   100%
[----|----|----|----|----|----|----|----|----|----|
**************************************************|
Maximum modularity in 10 random starts: 0.8771
Number of communities: 47
Elapsed time: 6 seconds
ℹ [2026/07/30 10:16:47] Screening ("100 bootstrap")
ℹ [2026/07/30 10:17:16] SCIPAC screening done

── 14 / 51 ─────────────────────────────────────────────────────────────────────
ℹ [2026/07/30 10:17:17] Start SCIPAC screening
ℹ [2026/07/30 10:17:17] Find common variable geme (hvg = 1500)
Normalizing layer: counts
Performing log-normalization
0%   10   20   30   40   50   60   70   80   90   100%
[----|----|----|----|----|----|----|----|----|----|
**************************************************|
Finding variable features for layer counts
Calculating gene variances
0%   10   20   30   40   50   60   70   80   90   100%
[----|----|----|----|----|----|----|----|----|----|
**************************************************|
Calculating feature variances of standardized and clipped values
0%   10   20   30   40   50   60   70   80   90   100%
[----|----|----|----|----|----|----|----|----|----|
**************************************************|
ℹ [2026/07/30 10:17:37] Running PCA (n_pc = 60)
ℹ [2026/07/30 10:17:40] Clustering (resolution = 2)
Warning: Data is of class matrix. Coercing to dgCMatrix.
Computing nearest neighbor graph
Computing SNN
Modularity Optimizer version 1.3.0 by Ludo Waltman and Nees Jan van Eck

Number of nodes: 31872
Number of edges: 1412798

Running Louvain algorithm...
0%   10   20   30   40   50   60   70   80   90   100%
[----|----|----|----|----|----|----|----|----|----|
**************************************************|
Maximum modularity in 10 random starts: 0.8771
Number of communities: 47
Elapsed time: 7 seconds
ℹ [2026/07/30 10:17:58] Screening ("80 bootstrap")
ℹ [2026/07/30 10:18:32] SCIPAC screening done

── 15 / 51 ─────────────────────────────────────────────────────────────────────
ℹ [2026/07/30 10:18:33] Start SCIPAC screening
ℹ [2026/07/30 10:18:33] Find common variable geme (hvg = 4000)
Normalizing layer: counts
Performing log-normalization
0%   10   20   30   40   50   60   70   80   90   100%
[----|----|----|----|----|----|----|----|----|----|
**************************************************|
Finding variable features for layer counts
Calculating gene variances
0%   10   20   30   40   50   60   70   80   90   100%
[----|----|----|----|----|----|----|----|----|----|
**************************************************|
Calculating feature variances of standardized and clipped values
0%   10   20   30   40   50   60   70   80   90   100%
[----|----|----|----|----|----|----|----|----|----|
**************************************************|
ℹ [2026/07/30 10:18:55] Running PCA (n_pc = 60)
ℹ [2026/07/30 10:19:04] Clustering (resolution = 2)
Warning: Data is of class matrix. Coercing to dgCMatrix.
Computing nearest neighbor graph
Computing SNN
Modularity Optimizer version 1.3.0 by Ludo Waltman and Nees Jan van Eck

Number of nodes: 31872
Number of edges: 1385761

Running Louvain algorithm...
0%   10   20   30   40   50   60   70   80   90   100%
[----|----|----|----|----|----|----|----|----|----|
**************************************************|
Maximum modularity in 10 random starts: 0.8753
Number of communities: 46
Elapsed time: 8 seconds
ℹ [2026/07/30 10:19:25] Screening ("20 bootstrap")
ℹ [2026/07/30 10:19:36] SCIPAC screening done

── 16 / 51 ─────────────────────────────────────────────────────────────────────
ℹ [2026/07/30 10:19:37] Start SCIPAC screening
ℹ [2026/07/30 10:19:37] Find common variable geme (hvg = 4500)
Normalizing layer: counts
Performing log-normalization
0%   10   20   30   40   50   60   70   80   90   100%
[----|----|----|----|----|----|----|----|----|----|
**************************************************|
Finding variable features for layer counts
Calculating gene variances
0%   10   20   30   40   50   60   70   80   90   100%
[----|----|----|----|----|----|----|----|----|----|
**************************************************|
Calculating feature variances of standardized and clipped values
0%   10   20   30   40   50   60   70   80   90   100%
[----|----|----|----|----|----|----|----|----|----|
**************************************************|
Warning in asMethod(object) :
  sparse->dense coercion: allocating vector of size 1.1 GiB
ℹ [2026/07/30 10:19:58] Running PCA (n_pc = 60)
ℹ [2026/07/30 10:20:08] Clustering (resolution = 2)
Warning: Data is of class matrix. Coercing to dgCMatrix.
Computing nearest neighbor graph
Computing SNN
Modularity Optimizer version 1.3.0 by Ludo Waltman and Nees Jan van Eck

Number of nodes: 31872
Number of edges: 1384664

Running Louvain algorithm...
0%   10   20   30   40   50   60   70   80   90   100%
[----|----|----|----|----|----|----|----|----|----|
**************************************************|
Maximum modularity in 10 random starts: 0.8758
Number of communities: 45
Elapsed time: 6 seconds
ℹ [2026/07/30 10:20:26] Screening ("90 bootstrap")
ℹ [2026/07/30 10:20:47] SCIPAC screening done

── 17 / 51 ─────────────────────────────────────────────────────────────────────
ℹ [2026/07/30 10:20:48] Start SCIPAC screening
ℹ [2026/07/30 10:20:48] Find common variable geme (hvg = 4500)
Normalizing layer: counts
Performing log-normalization
0%   10   20   30   40   50   60   70   80   90   100%
[----|----|----|----|----|----|----|----|----|----|
**************************************************|
Finding variable features for layer counts
Calculating gene variances
0%   10   20   30   40   50   60   70   80   90   100%
[----|----|----|----|----|----|----|----|----|----|
**************************************************|
Calculating feature variances of standardized and clipped values
0%   10   20   30   40   50   60   70   80   90   100%
[----|----|----|----|----|----|----|----|----|----|
**************************************************|
Warning in asMethod(object) :
  sparse->dense coercion: allocating vector of size 1.1 GiB
ℹ [2026/07/30 10:21:11] Running PCA (n_pc = 60)
ℹ [2026/07/30 10:21:20] Clustering (resolution = 2)
Warning: Data is of class matrix. Coercing to dgCMatrix.
Computing nearest neighbor graph
Computing SNN
Modularity Optimizer version 1.3.0 by Ludo Waltman and Nees Jan van Eck

Number of nodes: 31872
Number of edges: 1384664

Running Louvain algorithm...
0%   10   20   30   40   50   60   70   80   90   100%
[----|----|----|----|----|----|----|----|----|----|
**************************************************|
Maximum modularity in 10 random starts: 0.8758
Number of communities: 45
Elapsed time: 5 seconds
ℹ [2026/07/30 10:21:37] Screening ("50 bootstrap")
ℹ [2026/07/30 10:21:54] SCIPAC screening done

── 18 / 51 ─────────────────────────────────────────────────────────────────────
ℹ [2026/07/30 10:21:55] Start SCIPAC screening
ℹ [2026/07/30 10:21:55] Find common variable geme (hvg = 4000)
Normalizing layer: counts
Performing log-normalization
0%   10   20   30   40   50   60   70   80   90   100%
[----|----|----|----|----|----|----|----|----|----|
**************************************************|
Finding variable features for layer counts
Calculating gene variances
0%   10   20   30   40   50   60   70   80   90   100%
[----|----|----|----|----|----|----|----|----|----|
**************************************************|
Calculating feature variances of standardized and clipped values
0%   10   20   30   40   50   60   70   80   90   100%
[----|----|----|----|----|----|----|----|----|----|
**************************************************|
ℹ [2026/07/30 10:22:15] Running PCA (n_pc = 60)
ℹ [2026/07/30 10:22:23] Clustering (resolution = 2)
Warning: Data is of class matrix. Coercing to dgCMatrix.
Computing nearest neighbor graph
Computing SNN
Modularity Optimizer version 1.3.0 by Ludo Waltman and Nees Jan van Eck

Number of nodes: 31872
Number of edges: 1385761

Running Louvain algorithm...
0%   10   20   30   40   50   60   70   80   90   100%
[----|----|----|----|----|----|----|----|----|----|
**************************************************|
Maximum modularity in 10 random starts: 0.8753
Number of communities: 46
Elapsed time: 7 seconds
ℹ [2026/07/30 10:22:41] Screening ("50 bootstrap")
ℹ [2026/07/30 10:22:56] SCIPAC screening done

── 19 / 51 ─────────────────────────────────────────────────────────────────────
ℹ [2026/07/30 10:22:57] Start SCIPAC screening
ℹ [2026/07/30 10:22:57] Find common variable geme (hvg = 4000)
Normalizing layer: counts
Performing log-normalization
0%   10   20   30   40   50   60   70   80   90   100%
[----|----|----|----|----|----|----|----|----|----|
**************************************************|
Finding variable features for layer counts
Calculating gene variances
0%   10   20   30   40   50   60   70   80   90   100%
[----|----|----|----|----|----|----|----|----|----|
**************************************************|
Calculating feature variances of standardized and clipped values
0%   10   20   30   40   50   60   70   80   90   100%
[----|----|----|----|----|----|----|----|----|----|
**************************************************|
ℹ [2026/07/30 10:23:18] Running PCA (n_pc = 60)
ℹ [2026/07/30 10:23:27] Clustering (resolution = 2)
Warning: Data is of class matrix. Coercing to dgCMatrix.
Computing nearest neighbor graph
Computing SNN
Modularity Optimizer version 1.3.0 by Ludo Waltman and Nees Jan van Eck

Number of nodes: 31872
Number of edges: 1385761

Running Louvain algorithm...
0%   10   20   30   40   50   60   70   80   90   100%
[----|----|----|----|----|----|----|----|----|----|
**************************************************|
Maximum modularity in 10 random starts: 0.8753
Number of communities: 46
Elapsed time: 7 seconds
ℹ [2026/07/30 10:23:46] Screening ("60 bootstrap")
ℹ [2026/07/30 10:24:11] SCIPAC screening done

── 20 / 51 ─────────────────────────────────────────────────────────────────────
ℹ [2026/07/30 10:24:12] Start SCIPAC screening
ℹ [2026/07/30 10:24:12] Find common variable geme (hvg = 4000)
Normalizing layer: counts
Performing log-normalization
0%   10   20   30   40   50   60   70   80   90   100%
[----|----|----|----|----|----|----|----|----|----|
**************************************************|
Finding variable features for layer counts
Calculating gene variances
0%   10   20   30   40   50   60   70   80   90   100%
[----|----|----|----|----|----|----|----|----|----|
**************************************************|
Calculating feature variances of standardized and clipped values
0%   10   20   30   40   50   60   70   80   90   100%
[----|----|----|----|----|----|----|----|----|----|
**************************************************|
ℹ [2026/07/30 10:24:33] Running PCA (n_pc = 60)
ℹ [2026/07/30 10:24:43] Clustering (resolution = 2)
Warning: Data is of class matrix. Coercing to dgCMatrix.
Computing nearest neighbor graph
Computing SNN
Modularity Optimizer version 1.3.0 by Ludo Waltman and Nees Jan van Eck

Number of nodes: 31872
Number of edges: 1385761

Running Louvain algorithm...
0%   10   20   30   40   50   60   70   80   90   100%
[----|----|----|----|----|----|----|----|----|----|
**************************************************|
Maximum modularity in 10 random starts: 0.8753
Number of communities: 46
Elapsed time: 7 seconds
ℹ [2026/07/30 10:25:04] Screening ("100 bootstrap")
ℹ [2026/07/30 10:25:22] SCIPAC screening done

── 21 / 51 ─────────────────────────────────────────────────────────────────────
ℹ [2026/07/30 10:25:23] Start SCIPAC screening
ℹ [2026/07/30 10:25:23] Find common variable geme (hvg = 4500)
Normalizing layer: counts
Performing log-normalization
0%   10   20   30   40   50   60   70   80   90   100%
[----|----|----|----|----|----|----|----|----|----|
**************************************************|
Finding variable features for layer counts
Calculating gene variances
0%   10   20   30   40   50   60   70   80   90   100%
[----|----|----|----|----|----|----|----|----|----|
**************************************************|
Calculating feature variances of standardized and clipped values
0%   10   20   30   40   50   60   70   80   90   100%
[----|----|----|----|----|----|----|----|----|----|
**************************************************|
Warning in asMethod(object) :
  sparse->dense coercion: allocating vector of size 1.1 GiB
ℹ [2026/07/30 10:25:44] Running PCA (n_pc = 60)
ℹ [2026/07/30 10:25:55] Clustering (resolution = 2)
Warning: Data is of class matrix. Coercing to dgCMatrix.
Computing nearest neighbor graph
Computing SNN
Modularity Optimizer version 1.3.0 by Ludo Waltman and Nees Jan van Eck

Number of nodes: 31872
Number of edges: 1384664

Running Louvain algorithm...
0%   10   20   30   40   50   60   70   80   90   100%
[----|----|----|----|----|----|----|----|----|----|
**************************************************|
Maximum modularity in 10 random starts: 0.8758
Number of communities: 45
Elapsed time: 6 seconds
ℹ [2026/07/30 10:26:15] Screening ("60 bootstrap")
ℹ [2026/07/30 10:26:27] SCIPAC screening done

── 22 / 51 ─────────────────────────────────────────────────────────────────────
ℹ [2026/07/30 10:26:28] Start SCIPAC screening
ℹ [2026/07/30 10:26:28] Find common variable geme (hvg = 4000)
Normalizing layer: counts
Performing log-normalization
0%   10   20   30   40   50   60   70   80   90   100%
[----|----|----|----|----|----|----|----|----|----|
**************************************************|
Finding variable features for layer counts
Calculating gene variances
0%   10   20   30   40   50   60   70   80   90   100%
[----|----|----|----|----|----|----|----|----|----|
**************************************************|
Calculating feature variances of standardized and clipped values
0%   10   20   30   40   50   60   70   80   90   100%
[----|----|----|----|----|----|----|----|----|----|
**************************************************|
ℹ [2026/07/30 10:26:52] Running PCA (n_pc = 60)
ℹ [2026/07/30 10:27:03] Clustering (resolution = 2)
Warning: Data is of class matrix. Coercing to dgCMatrix.
Computing nearest neighbor graph
Computing SNN
Modularity Optimizer version 1.3.0 by Ludo Waltman and Nees Jan van Eck

Number of nodes: 31872
Number of edges: 1385761

Running Louvain algorithm...
0%   10   20   30   40   50   60   70   80   90   100%
[----|----|----|----|----|----|----|----|----|----|
**************************************************|
Maximum modularity in 10 random starts: 0.8753
Number of communities: 46
Elapsed time: 8 seconds
ℹ [2026/07/30 10:27:24] Screening ("30 bootstrap")
ℹ [2026/07/30 10:27:34] SCIPAC screening done

── 23 / 51 ─────────────────────────────────────────────────────────────────────
ℹ [2026/07/30 10:27:35] Start SCIPAC screening
ℹ [2026/07/30 10:27:35] Find common variable geme (hvg = 5000)
Normalizing layer: counts
Performing log-normalization
0%   10   20   30   40   50   60   70   80   90   100%
[----|----|----|----|----|----|----|----|----|----|
**************************************************|
Finding variable features for layer counts
Calculating gene variances
0%   10   20   30   40   50   60   70   80   90   100%
[----|----|----|----|----|----|----|----|----|----|
**************************************************|
Calculating feature variances of standardized and clipped values
0%   10   20   30   40   50   60   70   80   90   100%
[----|----|----|----|----|----|----|----|----|----|
**************************************************|
Warning in asMethod(object) :
  sparse->dense coercion: allocating vector of size 1.2 GiB
ℹ [2026/07/30 10:27:57] Running PCA (n_pc = 60)
ℹ [2026/07/30 10:28:09] Clustering (resolution = 2)
Warning: Data is of class matrix. Coercing to dgCMatrix.
Computing nearest neighbor graph
Computing SNN
Modularity Optimizer version 1.3.0 by Ludo Waltman and Nees Jan van Eck

Number of nodes: 31872
Number of edges: 1378888

Running Louvain algorithm...
0%   10   20   30   40   50   60   70   80   90   100%
[----|----|----|----|----|----|----|----|----|----|
**************************************************|
Maximum modularity in 10 random starts: 0.8760
Number of communities: 44
Elapsed time: 6 seconds
ℹ [2026/07/30 10:28:26] Screening ("30 bootstrap")
ℹ [2026/07/30 10:28:42] SCIPAC screening done

── 24 / 51 ─────────────────────────────────────────────────────────────────────
ℹ [2026/07/30 10:28:43] Start SCIPAC screening
ℹ [2026/07/30 10:28:43] Find common variable geme (hvg = 1000)
Normalizing layer: counts
Performing log-normalization
0%   10   20   30   40   50   60   70   80   90   100%
[----|----|----|----|----|----|----|----|----|----|
**************************************************|
Finding variable features for layer counts
Calculating gene variances
0%   10   20   30   40   50   60   70   80   90   100%
[----|----|----|----|----|----|----|----|----|----|
**************************************************|
Calculating feature variances of standardized and clipped values
0%   10   20   30   40   50   60   70   80   90   100%
[----|----|----|----|----|----|----|----|----|----|
**************************************************|
ℹ [2026/07/30 10:29:02] Running PCA (n_pc = 60)
ℹ [2026/07/30 10:29:04] Clustering (resolution = 2)
Warning: Data is of class matrix. Coercing to dgCMatrix.
Computing nearest neighbor graph
Computing SNN
Modularity Optimizer version 1.3.0 by Ludo Waltman and Nees Jan van Eck

Number of nodes: 31872
Number of edges: 1420877

Running Louvain algorithm...
0%   10   20   30   40   50   60   70   80   90   100%
[----|----|----|----|----|----|----|----|----|----|
**************************************************|
Maximum modularity in 10 random starts: 0.8785
Number of communities: 47
Elapsed time: 7 seconds
ℹ [2026/07/30 10:29:24] Screening ("80 bootstrap")
ℹ [2026/07/30 10:29:35] SCIPAC screening done

── 25 / 51 ─────────────────────────────────────────────────────────────────────
ℹ [2026/07/30 10:29:36] Start SCIPAC screening
ℹ [2026/07/30 10:29:36] Find common variable geme (hvg = 2000)
Normalizing layer: counts
Performing log-normalization
0%   10   20   30   40   50   60   70   80   90   100%
[----|----|----|----|----|----|----|----|----|----|
**************************************************|
Finding variable features for layer counts
Calculating gene variances
0%   10   20   30   40   50   60   70   80   90   100%
[----|----|----|----|----|----|----|----|----|----|
**************************************************|
Calculating feature variances of standardized and clipped values
0%   10   20   30   40   50   60   70   80   90   100%
[----|----|----|----|----|----|----|----|----|----|
**************************************************|
ℹ [2026/07/30 10:29:57] Running PCA (n_pc = 60)
ℹ [2026/07/30 10:30:01] Clustering (resolution = 2)
Warning: Data is of class matrix. Coercing to dgCMatrix.
Computing nearest neighbor graph
Computing SNN
Modularity Optimizer version 1.3.0 by Ludo Waltman and Nees Jan van Eck

Number of nodes: 31872
Number of edges: 1406335

Running Louvain algorithm...
0%   10   20   30   40   50   60   70   80   90   100%
[----|----|----|----|----|----|----|----|----|----|
**************************************************|
Maximum modularity in 10 random starts: 0.8776
Number of communities: 48
Elapsed time: 7 seconds
ℹ [2026/07/30 10:30:20] Screening ("80 bootstrap")
ℹ [2026/07/30 10:30:48] SCIPAC screening done

── 26 / 51 ─────────────────────────────────────────────────────────────────────
ℹ [2026/07/30 10:30:49] Start SCIPAC screening
ℹ [2026/07/30 10:30:49] Find common variable geme (hvg = 5000)
Normalizing layer: counts
Performing log-normalization
0%   10   20   30   40   50   60   70   80   90   100%
[----|----|----|----|----|----|----|----|----|----|
**************************************************|
Finding variable features for layer counts
Calculating gene variances
0%   10   20   30   40   50   60   70   80   90   100%
[----|----|----|----|----|----|----|----|----|----|
**************************************************|
Calculating feature variances of standardized and clipped values
0%   10   20   30   40   50   60   70   80   90   100%
[----|----|----|----|----|----|----|----|----|----|
**************************************************|
Warning in asMethod(object) :
  sparse->dense coercion: allocating vector of size 1.2 GiB
ℹ [2026/07/30 10:31:10] Running PCA (n_pc = 60)
ℹ [2026/07/30 10:31:21] Clustering (resolution = 2)
Warning: Data is of class matrix. Coercing to dgCMatrix.
Computing nearest neighbor graph
Computing SNN
Modularity Optimizer version 1.3.0 by Ludo Waltman and Nees Jan van Eck

Number of nodes: 31872
Number of edges: 1378888

Running Louvain algorithm...
0%   10   20   30   40   50   60   70   80   90   100%
[----|----|----|----|----|----|----|----|----|----|
**************************************************|
Maximum modularity in 10 random starts: 0.8760
Number of communities: 44
Elapsed time: 8 seconds
ℹ [2026/07/30 10:31:40] Screening ("50 bootstrap")
ℹ [2026/07/30 10:31:59] SCIPAC screening done

── 27 / 51 ─────────────────────────────────────────────────────────────────────
ℹ [2026/07/30 10:32:00] Start SCIPAC screening
ℹ [2026/07/30 10:32:00] Find common variable geme (hvg = 2500)
Normalizing layer: counts
Performing log-normalization
0%   10   20   30   40   50   60   70   80   90   100%
[----|----|----|----|----|----|----|----|----|----|
**************************************************|
Finding variable features for layer counts
Calculating gene variances
0%   10   20   30   40   50   60   70   80   90   100%
[----|----|----|----|----|----|----|----|----|----|
**************************************************|
Calculating feature variances of standardized and clipped values
0%   10   20   30   40   50   60   70   80   90   100%
[----|----|----|----|----|----|----|----|----|----|
**************************************************|
ℹ [2026/07/30 10:32:22] Running PCA (n_pc = 60)
ℹ [2026/07/30 10:32:27] Clustering (resolution = 2)
Warning: Data is of class matrix. Coercing to dgCMatrix.
Computing nearest neighbor graph
Computing SNN
Modularity Optimizer version 1.3.0 by Ludo Waltman and Nees Jan van Eck

Number of nodes: 31872
Number of edges: 1409585

Running Louvain algorithm...
0%   10   20   30   40   50   60   70   80   90   100%
[----|----|----|----|----|----|----|----|----|----|
**************************************************|
Maximum modularity in 10 random starts: 0.8753
Number of communities: 45
Elapsed time: 6 seconds
ℹ [2026/07/30 10:32:45] Screening ("20 bootstrap")
ℹ [2026/07/30 10:32:56] SCIPAC screening done

── 28 / 51 ─────────────────────────────────────────────────────────────────────
ℹ [2026/07/30 10:32:57] Start SCIPAC screening
ℹ [2026/07/30 10:32:57] Find common variable geme (hvg = 5000)
Normalizing layer: counts
Performing log-normalization
0%   10   20   30   40   50   60   70   80   90   100%
[----|----|----|----|----|----|----|----|----|----|
**************************************************|
Finding variable features for layer counts
Calculating gene variances
0%   10   20   30   40   50   60   70   80   90   100%
[----|----|----|----|----|----|----|----|----|----|
**************************************************|
Calculating feature variances of standardized and clipped values
0%   10   20   30   40   50   60   70   80   90   100%
[----|----|----|----|----|----|----|----|----|----|
**************************************************|
Warning in asMethod(object) :
  sparse->dense coercion: allocating vector of size 1.2 GiB
ℹ [2026/07/30 10:33:19] Running PCA (n_pc = 60)
ℹ [2026/07/30 10:33:29] Clustering (resolution = 2)
Warning: Data is of class matrix. Coercing to dgCMatrix.
Computing nearest neighbor graph
Computing SNN
Modularity Optimizer version 1.3.0 by Ludo Waltman and Nees Jan van Eck

Number of nodes: 31872
Number of edges: 1378888

Running Louvain algorithm...
0%   10   20   30   40   50   60   70   80   90   100%
[----|----|----|----|----|----|----|----|----|----|
**************************************************|
Maximum modularity in 10 random starts: 0.8760
Number of communities: 44
Elapsed time: 6 seconds
ℹ [2026/07/30 10:33:48] Screening ("70 bootstrap")
ℹ [2026/07/30 10:34:15] SCIPAC screening done

── 29 / 51 ─────────────────────────────────────────────────────────────────────
ℹ [2026/07/30 10:34:16] Start SCIPAC screening
ℹ [2026/07/30 10:34:16] Find common variable geme (hvg = 2500)
Normalizing layer: counts
Performing log-normalization
0%   10   20   30   40   50   60   70   80   90   100%
[----|----|----|----|----|----|----|----|----|----|
**************************************************|
Finding variable features for layer counts
Calculating gene variances
0%   10   20   30   40   50   60   70   80   90   100%
[----|----|----|----|----|----|----|----|----|----|
**************************************************|
Calculating feature variances of standardized and clipped values
0%   10   20   30   40   50   60   70   80   90   100%
[----|----|----|----|----|----|----|----|----|----|
**************************************************|
ℹ [2026/07/30 10:34:37] Running PCA (n_pc = 60)
ℹ [2026/07/30 10:34:42] Clustering (resolution = 2)
Warning: Data is of class matrix. Coercing to dgCMatrix.
Computing nearest neighbor graph
Computing SNN
Modularity Optimizer version 1.3.0 by Ludo Waltman and Nees Jan van Eck

Number of nodes: 31872
Number of edges: 1409585

Running Louvain algorithm...
0%   10   20   30   40   50   60   70   80   90   100%
[----|----|----|----|----|----|----|----|----|----|
**************************************************|
Maximum modularity in 10 random starts: 0.8753
Number of communities: 45
Elapsed time: 7 seconds
ℹ [2026/07/30 10:35:00] Screening ("80 bootstrap")
ℹ [2026/07/30 10:35:18] SCIPAC screening done

── 30 / 51 ─────────────────────────────────────────────────────────────────────
ℹ [2026/07/30 10:35:19] Start SCIPAC screening
ℹ [2026/07/30 10:35:19] Find common variable geme (hvg = 3500)
Normalizing layer: counts
Performing log-normalization
0%   10   20   30   40   50   60   70   80   90   100%
[----|----|----|----|----|----|----|----|----|----|
**************************************************|
Finding variable features for layer counts
Calculating gene variances
0%   10   20   30   40   50   60   70   80   90   100%
[----|----|----|----|----|----|----|----|----|----|
**************************************************|
Calculating feature variances of standardized and clipped values
0%   10   20   30   40   50   60   70   80   90   100%
[----|----|----|----|----|----|----|----|----|----|
**************************************************|
ℹ [2026/07/30 10:35:40] Running PCA (n_pc = 60)
ℹ [2026/07/30 10:35:48] Clustering (resolution = 2)
Warning: Data is of class matrix. Coercing to dgCMatrix.
Computing nearest neighbor graph
Computing SNN
Modularity Optimizer version 1.3.0 by Ludo Waltman and Nees Jan van Eck

Number of nodes: 31872
Number of edges: 1388354

Running Louvain algorithm...
0%   10   20   30   40   50   60   70   80   90   100%
[----|----|----|----|----|----|----|----|----|----|
**************************************************|
Maximum modularity in 10 random starts: 0.8760
Number of communities: 44
Elapsed time: 8 seconds
ℹ [2026/07/30 10:36:09] Screening ("90 bootstrap")
ℹ [2026/07/30 10:36:28] SCIPAC screening done

── 31 / 51 ─────────────────────────────────────────────────────────────────────
ℹ [2026/07/30 10:36:28] Start SCIPAC screening
ℹ [2026/07/30 10:36:28] Find common variable geme (hvg = 2000)
Normalizing layer: counts
Performing log-normalization
0%   10   20   30   40   50   60   70   80   90   100%
[----|----|----|----|----|----|----|----|----|----|
**************************************************|
Finding variable features for layer counts
Calculating gene variances
0%   10   20   30   40   50   60   70   80   90   100%
[----|----|----|----|----|----|----|----|----|----|
**************************************************|
Calculating feature variances of standardized and clipped values
0%   10   20   30   40   50   60   70   80   90   100%
[----|----|----|----|----|----|----|----|----|----|
**************************************************|
ℹ [2026/07/30 10:36:48] Running PCA (n_pc = 60)
ℹ [2026/07/30 10:36:52] Clustering (resolution = 2)
Warning: Data is of class matrix. Coercing to dgCMatrix.
Computing nearest neighbor graph
Computing SNN
Modularity Optimizer version 1.3.0 by Ludo Waltman and Nees Jan van Eck

Number of nodes: 31872
Number of edges: 1406335

Running Louvain algorithm...
0%   10   20   30   40   50   60   70   80   90   100%
[----|----|----|----|----|----|----|----|----|----|
**************************************************|
Maximum modularity in 10 random starts: 0.8776
Number of communities: 48
Elapsed time: 7 seconds
ℹ [2026/07/30 10:37:10] Screening ("70 bootstrap")
ℹ [2026/07/30 10:37:41] SCIPAC screening done

── 32 / 51 ─────────────────────────────────────────────────────────────────────
ℹ [2026/07/30 10:37:42] Start SCIPAC screening
ℹ [2026/07/30 10:37:42] Find common variable geme (hvg = 5000)
Normalizing layer: counts
Performing log-normalization
0%   10   20   30   40   50   60   70   80   90   100%
[----|----|----|----|----|----|----|----|----|----|
**************************************************|
Finding variable features for layer counts
Calculating gene variances
0%   10   20   30   40   50   60   70   80   90   100%
[----|----|----|----|----|----|----|----|----|----|
**************************************************|
Calculating feature variances of standardized and clipped values
0%   10   20   30   40   50   60   70   80   90   100%
[----|----|----|----|----|----|----|----|----|----|
**************************************************|
Warning in asMethod(object) :
  sparse->dense coercion: allocating vector of size 1.2 GiB
ℹ [2026/07/30 10:38:03] Running PCA (n_pc = 60)
ℹ [2026/07/30 10:38:15] Clustering (resolution = 2)
Warning: Data is of class matrix. Coercing to dgCMatrix.
Computing nearest neighbor graph
Computing SNN
Modularity Optimizer version 1.3.0 by Ludo Waltman and Nees Jan van Eck

Number of nodes: 31872
Number of edges: 1378888

Running Louvain algorithm...
0%   10   20   30   40   50   60   70   80   90   100%
[----|----|----|----|----|----|----|----|----|----|
**************************************************|
Maximum modularity in 10 random starts: 0.8760
Number of communities: 44
Elapsed time: 6 seconds
ℹ [2026/07/30 10:38:33] Screening ("60 bootstrap")
ℹ [2026/07/30 10:39:04] SCIPAC screening done

── 33 / 51 ─────────────────────────────────────────────────────────────────────
ℹ [2026/07/30 10:39:05] Start SCIPAC screening
ℹ [2026/07/30 10:39:05] Find common variable geme (hvg = 1000)
Normalizing layer: counts
Performing log-normalization
0%   10   20   30   40   50   60   70   80   90   100%
[----|----|----|----|----|----|----|----|----|----|
**************************************************|
Finding variable features for layer counts
Calculating gene variances
0%   10   20   30   40   50   60   70   80   90   100%
[----|----|----|----|----|----|----|----|----|----|
**************************************************|
Calculating feature variances of standardized and clipped values
0%   10   20   30   40   50   60   70   80   90   100%
[----|----|----|----|----|----|----|----|----|----|
**************************************************|
ℹ [2026/07/30 10:39:25] Running PCA (n_pc = 60)
ℹ [2026/07/30 10:39:27] Clustering (resolution = 2)
Warning: Data is of class matrix. Coercing to dgCMatrix.
Computing nearest neighbor graph
Computing SNN
Modularity Optimizer version 1.3.0 by Ludo Waltman and Nees Jan van Eck

Number of nodes: 31872
Number of edges: 1420877

Running Louvain algorithm...
0%   10   20   30   40   50   60   70   80   90   100%
[----|----|----|----|----|----|----|----|----|----|
**************************************************|
Maximum modularity in 10 random starts: 0.8785
Number of communities: 47
Elapsed time: 7 seconds
ℹ [2026/07/30 10:39:46] Screening ("50 bootstrap")
ℹ [2026/07/30 10:40:07] SCIPAC screening done

── 34 / 51 ─────────────────────────────────────────────────────────────────────
ℹ [2026/07/30 10:40:08] Start SCIPAC screening
ℹ [2026/07/30 10:40:08] Find common variable geme (hvg = 1500)
Normalizing layer: counts
Performing log-normalization
0%   10   20   30   40   50   60   70   80   90   100%
[----|----|----|----|----|----|----|----|----|----|
**************************************************|
Finding variable features for layer counts
Calculating gene variances
0%   10   20   30   40   50   60   70   80   90   100%
[----|----|----|----|----|----|----|----|----|----|
**************************************************|
Calculating feature variances of standardized and clipped values
0%   10   20   30   40   50   60   70   80   90   100%
[----|----|----|----|----|----|----|----|----|----|
**************************************************|
ℹ [2026/07/30 10:40:26] Running PCA (n_pc = 60)
ℹ [2026/07/30 10:40:29] Clustering (resolution = 2)
Warning: Data is of class matrix. Coercing to dgCMatrix.
Computing nearest neighbor graph
Computing SNN
Modularity Optimizer version 1.3.0 by Ludo Waltman and Nees Jan van Eck

Number of nodes: 31872
Number of edges: 1412798

Running Louvain algorithm...
0%   10   20   30   40   50   60   70   80   90   100%
[----|----|----|----|----|----|----|----|----|----|
**************************************************|
Maximum modularity in 10 random starts: 0.8771
Number of communities: 47
Elapsed time: 7 seconds
ℹ [2026/07/30 10:40:47] Screening ("20 bootstrap")
ℹ [2026/07/30 10:40:55] SCIPAC screening done

── 35 / 51 ─────────────────────────────────────────────────────────────────────
ℹ [2026/07/30 10:40:57] Start SCIPAC screening
ℹ [2026/07/30 10:40:57] Find common variable geme (hvg = 4000)
Normalizing layer: counts
Performing log-normalization
0%   10   20   30   40   50   60   70   80   90   100%
[----|----|----|----|----|----|----|----|----|----|
**************************************************|
Finding variable features for layer counts
Calculating gene variances
0%   10   20   30   40   50   60   70   80   90   100%
[----|----|----|----|----|----|----|----|----|----|
**************************************************|
Calculating feature variances of standardized and clipped values
0%   10   20   30   40   50   60   70   80   90   100%
[----|----|----|----|----|----|----|----|----|----|
**************************************************|
ℹ [2026/07/30 10:41:19] Running PCA (n_pc = 60)
ℹ [2026/07/30 10:41:30] Clustering (resolution = 2)
Warning: Data is of class matrix. Coercing to dgCMatrix.
Computing nearest neighbor graph
Computing SNN
Modularity Optimizer version 1.3.0 by Ludo Waltman and Nees Jan van Eck

Number of nodes: 31872
Number of edges: 1385761

Running Louvain algorithm...
0%   10   20   30   40   50   60   70   80   90   100%
[----|----|----|----|----|----|----|----|----|----|
**************************************************|
Maximum modularity in 10 random starts: 0.8753
Number of communities: 46
Elapsed time: 7 seconds
ℹ [2026/07/30 10:41:50] Screening ("10 bootstrap")
ℹ [2026/07/30 10:41:58] SCIPAC screening done

── 36 / 51 ─────────────────────────────────────────────────────────────────────
ℹ [2026/07/30 10:41:58] Start SCIPAC screening
ℹ [2026/07/30 10:41:58] Find common variable geme (hvg = 1000)
Normalizing layer: counts
Performing log-normalization
0%   10   20   30   40   50   60   70   80   90   100%
[----|----|----|----|----|----|----|----|----|----|
**************************************************|
Finding variable features for layer counts
Calculating gene variances
0%   10   20   30   40   50   60   70   80   90   100%
[----|----|----|----|----|----|----|----|----|----|
**************************************************|
Calculating feature variances of standardized and clipped values
0%   10   20   30   40   50   60   70   80   90   100%
[----|----|----|----|----|----|----|----|----|----|
**************************************************|
ℹ [2026/07/30 10:42:19] Running PCA (n_pc = 60)
ℹ [2026/07/30 10:42:21] Clustering (resolution = 2)
Warning: Data is of class matrix. Coercing to dgCMatrix.
Computing nearest neighbor graph
Computing SNN
Modularity Optimizer version 1.3.0 by Ludo Waltman and Nees Jan van Eck

Number of nodes: 31872
Number of edges: 1420877

Running Louvain algorithm...
0%   10   20   30   40   50   60   70   80   90   100%
[----|----|----|----|----|----|----|----|----|----|
**************************************************|
Maximum modularity in 10 random starts: 0.8785
Number of communities: 47
Elapsed time: 7 seconds
ℹ [2026/07/30 10:42:39] Screening ("100 bootstrap")
ℹ [2026/07/30 10:43:17] SCIPAC screening done

── 37 / 51 ─────────────────────────────────────────────────────────────────────
ℹ [2026/07/30 10:43:17] Start SCIPAC screening
ℹ [2026/07/30 10:43:17] Find common variable geme (hvg = 2500)
Normalizing layer: counts
Performing log-normalization
0%   10   20   30   40   50   60   70   80   90   100%
[----|----|----|----|----|----|----|----|----|----|
**************************************************|
Finding variable features for layer counts
Calculating gene variances
0%   10   20   30   40   50   60   70   80   90   100%
[----|----|----|----|----|----|----|----|----|----|
**************************************************|
Calculating feature variances of standardized and clipped values
0%   10   20   30   40   50   60   70   80   90   100%
[----|----|----|----|----|----|----|----|----|----|
**************************************************|
ℹ [2026/07/30 10:43:39] Running PCA (n_pc = 60)
ℹ [2026/07/30 10:43:45] Clustering (resolution = 2)
Warning: Data is of class matrix. Coercing to dgCMatrix.
Computing nearest neighbor graph
Computing SNN
Modularity Optimizer version 1.3.0 by Ludo Waltman and Nees Jan van Eck

Number of nodes: 31872
Number of edges: 1409585

Running Louvain algorithm...
0%   10   20   30   40   50   60   70   80   90   100%
[----|----|----|----|----|----|----|----|----|----|
**************************************************|
Maximum modularity in 10 random starts: 0.8753
Number of communities: 45
Elapsed time: 7 seconds
ℹ [2026/07/30 10:44:05] Screening ("90 bootstrap")
ℹ [2026/07/30 10:44:18] SCIPAC screening done

── 38 / 51 ─────────────────────────────────────────────────────────────────────
ℹ [2026/07/30 10:44:19] Start SCIPAC screening
ℹ [2026/07/30 10:44:19] Find common variable geme (hvg = 1000)
Normalizing layer: counts
Performing log-normalization
0%   10   20   30   40   50   60   70   80   90   100%
[----|----|----|----|----|----|----|----|----|----|
**************************************************|
Finding variable features for layer counts
Calculating gene variances
0%   10   20   30   40   50   60   70   80   90   100%
[----|----|----|----|----|----|----|----|----|----|
**************************************************|
Calculating feature variances of standardized and clipped values
0%   10   20   30   40   50   60   70   80   90   100%
[----|----|----|----|----|----|----|----|----|----|
**************************************************|
ℹ [2026/07/30 10:44:39] Running PCA (n_pc = 60)
ℹ [2026/07/30 10:44:41] Clustering (resolution = 2)
Warning: Data is of class matrix. Coercing to dgCMatrix.
Computing nearest neighbor graph
Computing SNN
Modularity Optimizer version 1.3.0 by Ludo Waltman and Nees Jan van Eck

Number of nodes: 31872
Number of edges: 1420877

Running Louvain algorithm...
0%   10   20   30   40   50   60   70   80   90   100%
[----|----|----|----|----|----|----|----|----|----|
**************************************************|
Maximum modularity in 10 random starts: 0.8785
Number of communities: 47
Elapsed time: 7 seconds
ℹ [2026/07/30 10:45:00] Screening ("50 bootstrap")
ℹ [2026/07/30 10:45:26] SCIPAC screening done

── 39 / 51 ─────────────────────────────────────────────────────────────────────
ℹ [2026/07/30 10:45:27] Start SCIPAC screening
ℹ [2026/07/30 10:45:27] Find common variable geme (hvg = 2500)
Normalizing layer: counts
Performing log-normalization
0%   10   20   30   40   50   60   70   80   90   100%
[----|----|----|----|----|----|----|----|----|----|
**************************************************|
Finding variable features for layer counts
Calculating gene variances
0%   10   20   30   40   50   60   70   80   90   100%
[----|----|----|----|----|----|----|----|----|----|
**************************************************|
Calculating feature variances of standardized and clipped values
0%   10   20   30   40   50   60   70   80   90   100%
[----|----|----|----|----|----|----|----|----|----|
**************************************************|
ℹ [2026/07/30 10:45:50] Running PCA (n_pc = 60)
ℹ [2026/07/30 10:45:55] Clustering (resolution = 2)
Warning: Data is of class matrix. Coercing to dgCMatrix.
Computing nearest neighbor graph
Computing SNN
Modularity Optimizer version 1.3.0 by Ludo Waltman and Nees Jan van Eck

Number of nodes: 31872
Number of edges: 1409585

Running Louvain algorithm...
0%   10   20   30   40   50   60   70   80   90   100%
[----|----|----|----|----|----|----|----|----|----|
**************************************************|
Maximum modularity in 10 random starts: 0.8753
Number of communities: 45
Elapsed time: 7 seconds
ℹ [2026/07/30 10:46:16] Screening ("50 bootstrap")
ℹ [2026/07/30 10:46:35] SCIPAC screening done

── 40 / 51 ─────────────────────────────────────────────────────────────────────
ℹ [2026/07/30 10:46:35] Start SCIPAC screening
ℹ [2026/07/30 10:46:35] Find common variable geme (hvg = 2000)
Normalizing layer: counts
Performing log-normalization
0%   10   20   30   40   50   60   70   80   90   100%
[----|----|----|----|----|----|----|----|----|----|
**************************************************|
Finding variable features for layer counts
Calculating gene variances
0%   10   20   30   40   50   60   70   80   90   100%
[----|----|----|----|----|----|----|----|----|----|
**************************************************|
Calculating feature variances of standardized and clipped values
0%   10   20   30   40   50   60   70   80   90   100%
[----|----|----|----|----|----|----|----|----|----|
**************************************************|
ℹ [2026/07/30 10:46:56] Running PCA (n_pc = 60)
ℹ [2026/07/30 10:47:00] Clustering (resolution = 2)
Warning: Data is of class matrix. Coercing to dgCMatrix.
Computing nearest neighbor graph
Computing SNN
Modularity Optimizer version 1.3.0 by Ludo Waltman and Nees Jan van Eck

Number of nodes: 31872
Number of edges: 1406335

Running Louvain algorithm...
0%   10   20   30   40   50   60   70   80   90   100%
[----|----|----|----|----|----|----|----|----|----|
**************************************************|
Maximum modularity in 10 random starts: 0.8776
Number of communities: 48
Elapsed time: 8 seconds
ℹ [2026/07/30 10:47:21] Screening ("60 bootstrap")
ℹ [2026/07/30 10:47:48] SCIPAC screening done

── 41 / 51 ─────────────────────────────────────────────────────────────────────
ℹ [2026/07/30 10:47:49] Start SCIPAC screening
ℹ [2026/07/30 10:47:49] Find common variable geme (hvg = 2000)
Normalizing layer: counts
Performing log-normalization
0%   10   20   30   40   50   60   70   80   90   100%
[----|----|----|----|----|----|----|----|----|----|
**************************************************|
Finding variable features for layer counts
Calculating gene variances
0%   10   20   30   40   50   60   70   80   90   100%
[----|----|----|----|----|----|----|----|----|----|
**************************************************|
Calculating feature variances of standardized and clipped values
0%   10   20   30   40   50   60   70   80   90   100%
[----|----|----|----|----|----|----|----|----|----|
**************************************************|
ℹ [2026/07/30 10:48:09] Running PCA (n_pc = 60)
ℹ [2026/07/30 10:48:13] Clustering (resolution = 2)
Warning: Data is of class matrix. Coercing to dgCMatrix.
Computing nearest neighbor graph
Computing SNN
Modularity Optimizer version 1.3.0 by Ludo Waltman and Nees Jan van Eck

Number of nodes: 31872
Number of edges: 1406335

Running Louvain algorithm...
0%   10   20   30   40   50   60   70   80   90   100%
[----|----|----|----|----|----|----|----|----|----|
**************************************************|
Maximum modularity in 10 random starts: 0.8776
Number of communities: 48
Elapsed time: 7 seconds
ℹ [2026/07/30 10:48:30] Screening ("80 bootstrap")
ℹ [2026/07/30 10:48:49] SCIPAC screening done

── 42 / 51 ─────────────────────────────────────────────────────────────────────
ℹ [2026/07/30 10:48:50] Start SCIPAC screening
ℹ [2026/07/30 10:48:50] Find common variable geme (hvg = 2000)
Normalizing layer: counts
Performing log-normalization
0%   10   20   30   40   50   60   70   80   90   100%
[----|----|----|----|----|----|----|----|----|----|
**************************************************|
Finding variable features for layer counts
Calculating gene variances
0%   10   20   30   40   50   60   70   80   90   100%
[----|----|----|----|----|----|----|----|----|----|
**************************************************|
Calculating feature variances of standardized and clipped values
0%   10   20   30   40   50   60   70   80   90   100%
[----|----|----|----|----|----|----|----|----|----|
**************************************************|
ℹ [2026/07/30 10:49:10] Running PCA (n_pc = 60)
ℹ [2026/07/30 10:49:14] Clustering (resolution = 2)
Warning: Data is of class matrix. Coercing to dgCMatrix.
Computing nearest neighbor graph
Computing SNN
Modularity Optimizer version 1.3.0 by Ludo Waltman and Nees Jan van Eck

Number of nodes: 31872
Number of edges: 1406335

Running Louvain algorithm...
0%   10   20   30   40   50   60   70   80   90   100%
[----|----|----|----|----|----|----|----|----|----|
**************************************************|
Maximum modularity in 10 random starts: 0.8776
Number of communities: 48
Elapsed time: 6 seconds
ℹ [2026/07/30 10:49:32] Screening ("40 bootstrap")
ℹ [2026/07/30 10:49:41] SCIPAC screening done

── 43 / 51 ─────────────────────────────────────────────────────────────────────
ℹ [2026/07/30 10:49:42] Start SCIPAC screening
ℹ [2026/07/30 10:49:42] Find common variable geme (hvg = 4000)
Normalizing layer: counts
Performing log-normalization
0%   10   20   30   40   50   60   70   80   90   100%
[----|----|----|----|----|----|----|----|----|----|
**************************************************|
Finding variable features for layer counts
Calculating gene variances
0%   10   20   30   40   50   60   70   80   90   100%
[----|----|----|----|----|----|----|----|----|----|
**************************************************|
Calculating feature variances of standardized and clipped values
0%   10   20   30   40   50   60   70   80   90   100%
[----|----|----|----|----|----|----|----|----|----|
**************************************************|
ℹ [2026/07/30 10:50:02] Running PCA (n_pc = 60)
ℹ [2026/07/30 10:50:11] Clustering (resolution = 2)
Warning: Data is of class matrix. Coercing to dgCMatrix.
Computing nearest neighbor graph
Computing SNN
Modularity Optimizer version 1.3.0 by Ludo Waltman and Nees Jan van Eck

Number of nodes: 31872
Number of edges: 1385761

Running Louvain algorithm...
0%   10   20   30   40   50   60   70   80   90   100%
[----|----|----|----|----|----|----|----|----|----|
**************************************************|
Maximum modularity in 10 random starts: 0.8753
Number of communities: 46
Elapsed time: 7 seconds
ℹ [2026/07/30 10:50:30] Screening ("80 bootstrap")
ℹ [2026/07/30 10:50:46] SCIPAC screening done

── 44 / 51 ─────────────────────────────────────────────────────────────────────
ℹ [2026/07/30 10:50:47] Start SCIPAC screening
ℹ [2026/07/30 10:50:47] Find common variable geme (hvg = 3000)
Normalizing layer: counts
Performing log-normalization
0%   10   20   30   40   50   60   70   80   90   100%
[----|----|----|----|----|----|----|----|----|----|
**************************************************|
Finding variable features for layer counts
Calculating gene variances
0%   10   20   30   40   50   60   70   80   90   100%
[----|----|----|----|----|----|----|----|----|----|
**************************************************|
Calculating feature variances of standardized and clipped values
0%   10   20   30   40   50   60   70   80   90   100%
[----|----|----|----|----|----|----|----|----|----|
**************************************************|
ℹ [2026/07/30 10:51:10] Running PCA (n_pc = 60)
ℹ [2026/07/30 10:51:18] Clustering (resolution = 2)
Warning: Data is of class matrix. Coercing to dgCMatrix.
Computing nearest neighbor graph
Computing SNN
Modularity Optimizer version 1.3.0 by Ludo Waltman and Nees Jan van Eck

Number of nodes: 31872
Number of edges: 1399521

Running Louvain algorithm...
0%   10   20   30   40   50   60   70   80   90   100%
[----|----|----|----|----|----|----|----|----|----|
**************************************************|
Maximum modularity in 10 random starts: 0.8777
Number of communities: 47
Elapsed time: 7 seconds
ℹ [2026/07/30 10:51:37] Screening ("40 bootstrap")
ℹ [2026/07/30 10:51:52] SCIPAC screening done

── 45 / 51 ─────────────────────────────────────────────────────────────────────
ℹ [2026/07/30 10:51:53] Start SCIPAC screening
ℹ [2026/07/30 10:51:53] Find common variable geme (hvg = 5000)
Normalizing layer: counts
Performing log-normalization
0%   10   20   30   40   50   60   70   80   90   100%
[----|----|----|----|----|----|----|----|----|----|
**************************************************|
Finding variable features for layer counts
Calculating gene variances
0%   10   20   30   40   50   60   70   80   90   100%
[----|----|----|----|----|----|----|----|----|----|
**************************************************|
Calculating feature variances of standardized and clipped values
0%   10   20   30   40   50   60   70   80   90   100%
[----|----|----|----|----|----|----|----|----|----|
**************************************************|
Warning in asMethod(object) :
  sparse->dense coercion: allocating vector of size 1.2 GiB
ℹ [2026/07/30 10:52:16] Running PCA (n_pc = 60)
ℹ [2026/07/30 10:52:27] Clustering (resolution = 2)
Warning: Data is of class matrix. Coercing to dgCMatrix.
Computing nearest neighbor graph
Computing SNN
Modularity Optimizer version 1.3.0 by Ludo Waltman and Nees Jan van Eck

Number of nodes: 31872
Number of edges: 1378888

Running Louvain algorithm...
0%   10   20   30   40   50   60   70   80   90   100%
[----|----|----|----|----|----|----|----|----|----|
**************************************************|
Maximum modularity in 10 random starts: 0.8760
Number of communities: 44
Elapsed time: 6 seconds
ℹ [2026/07/30 10:52:45] Screening ("80 bootstrap")
ℹ [2026/07/30 10:53:12] SCIPAC screening done

── 46 / 51 ─────────────────────────────────────────────────────────────────────
ℹ [2026/07/30 10:53:13] Start SCIPAC screening
ℹ [2026/07/30 10:53:13] Find common variable geme (hvg = 1000)
Normalizing layer: counts
Performing log-normalization
0%   10   20   30   40   50   60   70   80   90   100%
[----|----|----|----|----|----|----|----|----|----|
**************************************************|
Finding variable features for layer counts
Calculating gene variances
0%   10   20   30   40   50   60   70   80   90   100%
[----|----|----|----|----|----|----|----|----|----|
**************************************************|
Calculating feature variances of standardized and clipped values
0%   10   20   30   40   50   60   70   80   90   100%
[----|----|----|----|----|----|----|----|----|----|
**************************************************|
ℹ [2026/07/30 10:53:32] Running PCA (n_pc = 60)
ℹ [2026/07/30 10:53:34] Clustering (resolution = 2)
Warning: Data is of class matrix. Coercing to dgCMatrix.
Computing nearest neighbor graph
Computing SNN
Modularity Optimizer version 1.3.0 by Ludo Waltman and Nees Jan van Eck

Number of nodes: 31872
Number of edges: 1420877

Running Louvain algorithm...
0%   10   20   30   40   50   60   70   80   90   100%
[----|----|----|----|----|----|----|----|----|----|
**************************************************|
Maximum modularity in 10 random starts: 0.8785
Number of communities: 47
Elapsed time: 7 seconds
ℹ [2026/07/30 10:53:52] Screening ("70 bootstrap")
ℹ [2026/07/30 10:54:24] SCIPAC screening done

── 47 / 51 ─────────────────────────────────────────────────────────────────────
ℹ [2026/07/30 10:54:24] Start SCIPAC screening
ℹ [2026/07/30 10:54:24] Find common variable geme (hvg = 3500)
Normalizing layer: counts
Performing log-normalization
0%   10   20   30   40   50   60   70   80   90   100%
[----|----|----|----|----|----|----|----|----|----|
**************************************************|
Finding variable features for layer counts
Calculating gene variances
0%   10   20   30   40   50   60   70   80   90   100%
[----|----|----|----|----|----|----|----|----|----|
**************************************************|
Calculating feature variances of standardized and clipped values
0%   10   20   30   40   50   60   70   80   90   100%
[----|----|----|----|----|----|----|----|----|----|
**************************************************|
ℹ [2026/07/30 10:54:46] Running PCA (n_pc = 60)
ℹ [2026/07/30 10:54:53] Clustering (resolution = 2)
Warning: Data is of class matrix. Coercing to dgCMatrix.
Computing nearest neighbor graph
Computing SNN
Modularity Optimizer version 1.3.0 by Ludo Waltman and Nees Jan van Eck

Number of nodes: 31872
Number of edges: 1388354

Running Louvain algorithm...
0%   10   20   30   40   50   60   70   80   90   100%
[----|----|----|----|----|----|----|----|----|----|
**************************************************|
Maximum modularity in 10 random starts: 0.8760
Number of communities: 44
Elapsed time: 6 seconds
ℹ [2026/07/30 10:55:11] Screening ("100 bootstrap")
ℹ [2026/07/30 10:55:37] SCIPAC screening done

── 48 / 51 ─────────────────────────────────────────────────────────────────────
ℹ [2026/07/30 10:55:37] Start SCIPAC screening
ℹ [2026/07/30 10:55:37] Find common variable geme (hvg = 500)
Normalizing layer: counts
Performing log-normalization
0%   10   20   30   40   50   60   70   80   90   100%
[----|----|----|----|----|----|----|----|----|----|
**************************************************|
Finding variable features for layer counts
Calculating gene variances
0%   10   20   30   40   50   60   70   80   90   100%
[----|----|----|----|----|----|----|----|----|----|
**************************************************|
Calculating feature variances of standardized and clipped values
0%   10   20   30   40   50   60   70   80   90   100%
[----|----|----|----|----|----|----|----|----|----|
**************************************************|
ℹ [2026/07/30 10:55:56] Running PCA (n_pc = 60)
ℹ [2026/07/30 10:55:57] Clustering (resolution = 2)
Warning: Data is of class matrix. Coercing to dgCMatrix.
Computing nearest neighbor graph
Computing SNN
Modularity Optimizer version 1.3.0 by Ludo Waltman and Nees Jan van Eck

Number of nodes: 31872
Number of edges: 1382226

Running Louvain algorithm...
0%   10   20   30   40   50   60   70   80   90   100%
[----|----|----|----|----|----|----|----|----|----|
**************************************************|
Maximum modularity in 10 random starts: 0.8796
Number of communities: 51
Elapsed time: 7 seconds
ℹ [2026/07/30 10:56:16] Screening ("60 bootstrap")
ℹ [2026/07/30 10:56:23] SCIPAC screening done

── 49 / 51 ─────────────────────────────────────────────────────────────────────
ℹ [2026/07/30 10:56:24] Start SCIPAC screening
ℹ [2026/07/30 10:56:24] Find common variable geme (hvg = 3500)
Normalizing layer: counts
Performing log-normalization
0%   10   20   30   40   50   60   70   80   90   100%
[----|----|----|----|----|----|----|----|----|----|
**************************************************|
Finding variable features for layer counts
Calculating gene variances
0%   10   20   30   40   50   60   70   80   90   100%
[----|----|----|----|----|----|----|----|----|----|
**************************************************|
Calculating feature variances of standardized and clipped values
0%   10   20   30   40   50   60   70   80   90   100%
[----|----|----|----|----|----|----|----|----|----|
**************************************************|
ℹ [2026/07/30 10:56:44] Running PCA (n_pc = 60)
ℹ [2026/07/30 10:56:51] Clustering (resolution = 2)
Warning: Data is of class matrix. Coercing to dgCMatrix.
Computing nearest neighbor graph
Computing SNN
Modularity Optimizer version 1.3.0 by Ludo Waltman and Nees Jan van Eck

Number of nodes: 31872
Number of edges: 1388354

Running Louvain algorithm...
0%   10   20   30   40   50   60   70   80   90   100%
[----|----|----|----|----|----|----|----|----|----|
**************************************************|
Maximum modularity in 10 random starts: 0.8760
Number of communities: 44
Elapsed time: 6 seconds
ℹ [2026/07/30 10:57:10] Screening ("20 bootstrap")
ℹ [2026/07/30 10:57:20] SCIPAC screening done

── 50 / 51 ─────────────────────────────────────────────────────────────────────
ℹ [2026/07/30 10:57:20] Start SCIPAC screening
ℹ [2026/07/30 10:57:20] Find common variable geme (hvg = 2000)
Normalizing layer: counts
Performing log-normalization
0%   10   20   30   40   50   60   70   80   90   100%
[----|----|----|----|----|----|----|----|----|----|
**************************************************|
Finding variable features for layer counts
Calculating gene variances
0%   10   20   30   40   50   60   70   80   90   100%
[----|----|----|----|----|----|----|----|----|----|
**************************************************|
Calculating feature variances of standardized and clipped values
0%   10   20   30   40   50   60   70   80   90   100%
[----|----|----|----|----|----|----|----|----|----|
**************************************************|
ℹ [2026/07/30 10:57:40] Running PCA (n_pc = 60)
ℹ [2026/07/30 10:57:44] Clustering (resolution = 2)
Warning: Data is of class matrix. Coercing to dgCMatrix.
Computing nearest neighbor graph
Computing SNN
Modularity Optimizer version 1.3.0 by Ludo Waltman and Nees Jan van Eck

Number of nodes: 31872
Number of edges: 1406335

Running Louvain algorithm...
0%   10   20   30   40   50   60   70   80   90   100%
[----|----|----|----|----|----|----|----|----|----|
**************************************************|
Maximum modularity in 10 random starts: 0.8776
Number of communities: 48
Elapsed time: 10 seconds
ℹ [2026/07/30 10:58:06] Screening ("50 bootstrap")
ℹ [2026/07/30 10:58:14] SCIPAC screening done

── 51 / 51 ─────────────────────────────────────────────────────────────────────
ℹ [2026/07/30 10:58:15] Start SCIPAC screening
ℹ [2026/07/30 10:58:15] Find common variable geme (hvg = 1000)
Normalizing layer: counts
Performing log-normalization
0%   10   20   30   40   50   60   70   80   90   100%
[----|----|----|----|----|----|----|----|----|----|
**************************************************|
Finding variable features for layer counts
Calculating gene variances
0%   10   20   30   40   50   60   70   80   90   100%
[----|----|----|----|----|----|----|----|----|----|
**************************************************|
Calculating feature variances of standardized and clipped values
0%   10   20   30   40   50   60   70   80   90   100%
[----|----|----|----|----|----|----|----|----|----|
**************************************************|
ℹ [2026/07/30 10:58:35] Running PCA (n_pc = 60)
ℹ [2026/07/30 10:58:37] Clustering (resolution = 2)
Warning: Data is of class matrix. Coercing to dgCMatrix.
Computing nearest neighbor graph
Computing SNN
Modularity Optimizer version 1.3.0 by Ludo Waltman and Nees Jan van Eck

Number of nodes: 31872
Number of edges: 1420877

Running Louvain algorithm...
0%   10   20   30   40   50   60   70   80   90   100%
[----|----|----|----|----|----|----|----|----|----|
**************************************************|
Maximum modularity in 10 random starts: 0.8785
Number of communities: 47
Elapsed time: 7 seconds
ℹ [2026/07/30 10:58:55] Screening ("50 bootstrap")
ℹ [2026/07/30 10:59:07] SCIPAC screening done
            used   (Mb) gc trigger    (Mb)   max used    (Mb)
Ncells   3812829  203.7    7228798   386.1    7228798   386.1
Vcells 486932206 3715.0 1594340978 12163.9 1594328112 12163.8
✔ (1) scipac random search part2 completed.
