meta_column,label_value,score_group,mean_score,count,log_count,sample
scissor,Negative,Neg_ctrl_Sample_1,-0.0578728571661456,14,1.17609125905568,Sample_100_GSE162228
scissor,Negative,Neg_ctrl_Sample_2,-0.068478991874894,14,1.17609125905568,Sample_100_GSE162228
scissor,Negative,Neg_ctrl_Sample_3,-0.0332455936189782,14,1.17609125905568,Sample_100_GSE162228
scissor,Negative,Neg_ctrl_Sample_4,-0.226413456338263,14,1.17609125905568,Sample_100_GSE162228
scissor,Negative,Neg_ctrl_Sample_5,-0.108712162475719,14,1.17609125905568,Sample_100_GSE162228
scissor,Negative,Neg_ctrl_Sample_6,-0.138007639389291,14,1.17609125905568,Sample_100_GSE162228
scissor,Negative,Neg_ctrl_Sample_7,-0.173184492628113,14,1.17609125905568,Sample_100_GSE162228
scissor,Negative,Neg_ctrl_Sample_8,-0.0218041355203468,14,1.17609125905568,Sample_100_GSE162228
scissor,Negative,Neg_ctrl_Sample_9,-0.0482774280736187,14,1.17609125905568,Sample_100_GSE162228
scissor,Negative,Neg_ctrl_Sample_10,0.10883191847119,14,1.17609125905568,Sample_100_GSE162228
scissor,Negative,Neg_ctrl_Sample_11,0.155568211035822,14,1.17609125905568,Sample_100_GSE162228
scissor,Negative,Neg_ctrl_Sample_12,-0.151696470219003,14,1.17609125905568,Sample_100_GSE162228
scissor,Negative,Neg_ctrl_Sample_13,-0.0791150568895088,14,1.17609125905568,Sample_100_GSE162228
scissor,Negative,Neg_ctrl_Sample_14,-0.00820233949120323,14,1.17609125905568,Sample_100_GSE162228
scissor,Negative,Neg_ctrl_Sample_15,-0.0729079515581054,14,1.17609125905568,Sample_100_GSE162228
scissor,Negative,Neg_ctrl_Sample_16,-0.0137553740186709,14,1.17609125905568,Sample_100_GSE162228
scissor,Negative,Neg_ctrl_Sample_17,0.146906188220648,14,1.17609125905568,Sample_100_GSE162228
scissor,Negative,Neg_ctrl_Sample_18,0.251398073799663,14,1.17609125905568,Sample_100_GSE162228
scissor,Negative,Neg_ctrl_Sample_19,0.253912557084541,14,1.17609125905568,Sample_100_GSE162228
scissor,Negative,Neg_ctrl_Sample_20,-0.163638970511463,14,1.17609125905568,Sample_100_GSE162228
scissor,Negative,Neg_ctrl_Sample_21,0.0309958416347924,14,1.17609125905568,Sample_100_GSE162228
scissor,Negative,Neg_ctrl_Sample_22,0.193532461753397,14,1.17609125905568,Sample_100_GSE162228
scissor,Negative,Neg_ctrl_Sample_23,-0.0517515313493468,14,1.17609125905568,Sample_100_GSE162228
scissor,Negative,Neg_ctrl_Sample_24,0.124426505890713,14,1.17609125905568,Sample_100_GSE162228
scissor,Negative,Neg_ctrl_Sample_25,0.0144642286789498,14,1.17609125905568,Sample_100_GSE162228
scissor,Negative,Neg_ctrl_Sample_26,0.0346994186204835,14,1.17609125905568,Sample_100_GSE162228
scissor,Negative,Neg_ctrl_Sample_27,0.00785174968429251,14,1.17609125905568,Sample_100_GSE162228
scissor,Negative,Neg_ctrl_Sample_28,0.0860766318296166,14,1.17609125905568,Sample_100_GSE162228
scissor,Negative,Neg_ctrl_Sample_29,0.155160527522035,14,1.17609125905568,Sample_100_GSE162228
scissor,Negative,Neg_ctrl_Sample_30,-0.0234238626002961,14,1.17609125905568,Sample_100_GSE162228
scissor,Negative,Neg_ctrl_Sample_31,0.190568168648542,14,1.17609125905568,Sample_100_GSE162228
scissor,Negative,Neg_ctrl_Sample_32,0.224012417727925,14,1.17609125905568,Sample_100_GSE162228
scissor,Negative,Neg_ctrl_Sample_33,0.0520428335704244,14,1.17609125905568,Sample_100_GSE162228
scissor,Negative,Neg_ctrl_Sample_34,-0.25020596443853,14,1.17609125905568,Sample_100_GSE162228
scissor,Negative,Neg_ctrl_Sample_35,0.0243349999600799,14,1.17609125905568,Sample_100_GSE162228
scissor,Negative,Neg_ctrl_Sample_36,0.0764402753247462,14,1.17609125905568,Sample_100_GSE162228
scissor,Negative,Neg_ctrl_Sample_37,0.142545420945378,14,1.17609125905568,Sample_100_GSE162228
scissor,Negative,Neg_ctrl_Sample_38,0.0938830156388859,14,1.17609125905568,Sample_100_GSE162228
scissor,Negative,Neg_ctrl_Sample_39,0.0967305665224633,14,1.17609125905568,Sample_100_GSE162228
scissor,Negative,Neg_ctrl_Sample_40,0.151662933148119,14,1.17609125905568,Sample_100_GSE162228
scissor,Negative,Neg_ctrl_Sample_41,-0.1591634546421,14,1.17609125905568,Sample_100_GSE162228
scissor,Negative,Neg_ctrl_Sample_42,-0.160586433693051,14,1.17609125905568,Sample_100_GSE162228
scissor,Negative,Neg_ctrl_Sample_43,0.0294762453739759,14,1.17609125905568,Sample_100_GSE162228
scissor,Negative,Neg_ctrl_Sample_44,0.279255241334935,14,1.17609125905568,Sample_100_GSE162228
scissor,Negative,Neg_ctrl_Sample_45,0.00322149166440732,14,1.17609125905568,Sample_100_GSE162228
scissor,Negative,Neg_ctrl_Sample_46,0.316045074629556,14,1.17609125905568,Sample_100_GSE162228
scissor,Negative,Neg_ctrl_Sample_47,0.109473899717183,14,1.17609125905568,Sample_100_GSE162228
scissor,Negative,Neg_ctrl_Sample_48,-0.00863214332067196,14,1.17609125905568,Sample_100_GSE162228
scissor,Negative,Neg_ctrl_Sample_49,-0.132991317159437,14,1.17609125905568,Sample_100_GSE162228
scissor,Negative,Neg_ctrl_Sample_50,-0.000713810271092618,14,1.17609125905568,Sample_100_GSE162228
scissor,Negative,Neg_ctrl_Sample_51,0.1025449251522,14,1.17609125905568,Sample_100_GSE162228
scissor,Negative,Neg_ctrl_Sample_52,0.177242775578776,14,1.17609125905568,Sample_100_GSE162228
scissor,Negative,Neg_ctrl_Sample_53,0.0836740528836263,14,1.17609125905568,Sample_100_GSE162228
scissor,Negative,Neg_ctrl_Sample_54,0.0190348769060781,14,1.17609125905568,Sample_100_GSE162228
scissor,Negative,Neg_ctrl_Sample_55,-0.0565810370293222,14,1.17609125905568,Sample_100_GSE162228
scissor,Negative,Neg_ctrl_Sample_56,0.0895848626908137,14,1.17609125905568,Sample_100_GSE162228
scissor,Negative,Neg_ctrl_Sample_57,0.0858830455971414,14,1.17609125905568,Sample_100_GSE162228
scissor,Negative,Neg_ctrl_Sample_58,0.0179990591772647,14,1.17609125905568,Sample_100_GSE162228
scissor,Negative,Neg_ctrl_Sample_59,0.0808237165161638,14,1.17609125905568,Sample_100_GSE162228
scissor,Negative,Neg_ctrl_Sample_60,0.0647470363045795,14,1.17609125905568,Sample_100_GSE162228
scissor,Negative,Neg_ctrl_Sample_61,-0.0716417889789338,14,1.17609125905568,Sample_100_GSE162228
scissor,Negative,Neg_ctrl_Sample_62,-0.052538866203883,14,1.17609125905568,Sample_100_GSE162228
scissor,Negative,Neg_ctrl_Sample_63,0.145164724899507,14,1.17609125905568,Sample_100_GSE162228
scissor,Negative,Neg_ctrl_Sample_64,0.0134853952659331,14,1.17609125905568,Sample_100_GSE162228
scissor,Negative,Neg_ctrl_Sample_65,-0.148918608385693,14,1.17609125905568,Sample_100_GSE162228
scissor,Negative,Neg_ctrl_Sample_66,0.0133958251225909,14,1.17609125905568,Sample_100_GSE162228
scissor,Negative,Neg_ctrl_Sample_67,0.369508503415892,14,1.17609125905568,Sample_100_GSE162228
scissor,Negative,Neg_ctrl_Sample_68,-0.00280402837990817,14,1.17609125905568,Sample_100_GSE162228
scissor,Negative,Neg_ctrl_Sample_69,-0.103450888737664,14,1.17609125905568,Sample_100_GSE162228
scissor,Negative,Neg_ctrl_Sample_70,0.0433186779171928,14,1.17609125905568,Sample_100_GSE162228
scissor,Negative,Neg_ctrl_Sample_71,-0.11945911180868,14,1.17609125905568,Sample_100_GSE162228
scissor,Negative,Neg_ctrl_Sample_72,-0.135632040449568,14,1.17609125905568,Sample_100_GSE162228
scissor,Negative,Neg_ctrl_Sample_73,0.159641514627999,14,1.17609125905568,Sample_100_GSE162228
scissor,Negative,Neg_ctrl_Sample_74,-0.106376241778895,14,1.17609125905568,Sample_100_GSE162228
scissor,Negative,Neg_ctrl_Sample_75,0.118565528162986,14,1.17609125905568,Sample_100_GSE162228
scissor,Negative,Neg_ctrl_Sample_76,-0.0030741269620868,14,1.17609125905568,Sample_100_GSE162228
scissor,Negative,Neg_ctrl_Sample_77,0.126434119943037,14,1.17609125905568,Sample_100_GSE162228
scissor,Negative,Neg_ctrl_Sample_78,0.00531662279147615,14,1.17609125905568,Sample_100_GSE162228
scissor,Negative,Neg_ctrl_Sample_79,-0.140202737422791,14,1.17609125905568,Sample_100_GSE162228
scissor,Negative,Neg_ctrl_Sample_80,-0.00033849553841169,14,1.17609125905568,Sample_100_GSE162228
scissor,Negative,Neg_ctrl_Sample_81,0.0564301719053932,14,1.17609125905568,Sample_100_GSE162228
scissor,Negative,Neg_ctrl_Sample_82,-0.0495199391015958,14,1.17609125905568,Sample_100_GSE162228
scissor,Negative,Neg_ctrl_Sample_83,0.0970288230130986,14,1.17609125905568,Sample_100_GSE162228
scissor,Negative,Neg_ctrl_Sample_84,0.0908056179135819,14,1.17609125905568,Sample_100_GSE162228
scissor,Negative,Neg_ctrl_Sample_85,-0.0246220194167007,14,1.17609125905568,Sample_100_GSE162228
scissor,Negative,Neg_ctrl_Sample_86,-0.04686090338541,14,1.17609125905568,Sample_100_GSE162228
scissor,Negative,Neg_ctrl_Sample_87,-0.13405164032231,14,1.17609125905568,Sample_100_GSE162228
scissor,Negative,Neg_ctrl_Sample_88,0.190022049891867,14,1.17609125905568,Sample_100_GSE162228
scissor,Negative,Neg_ctrl_Sample_89,-0.171190305643457,14,1.17609125905568,Sample_100_GSE162228
scissor,Negative,Neg_ctrl_Sample_90,0.109341471273034,14,1.17609125905568,Sample_100_GSE162228
scissor,Negative,Neg_ctrl_Sample_91,-0.0682603227661845,14,1.17609125905568,Sample_100_GSE162228
scissor,Negative,Neg_ctrl_Sample_92,-0.151545706851965,14,1.17609125905568,Sample_100_GSE162228
scissor,Negative,Neg_ctrl_Sample_93,-0.101408068927048,14,1.17609125905568,Sample_100_GSE162228
scissor,Negative,Neg_ctrl_Sample_94,0.0273967558411125,14,1.17609125905568,Sample_100_GSE162228
scissor,Negative,Neg_ctrl_Sample_95,-0.109299549867498,14,1.17609125905568,Sample_100_GSE162228
scissor,Negative,Neg_ctrl_Sample_96,-0.101169715097621,14,1.17609125905568,Sample_100_GSE162228
scissor,Negative,Neg_ctrl_Sample_97,0.0374276061950675,14,1.17609125905568,Sample_100_GSE162228
scissor,Negative,Neg_ctrl_Sample_98,0.0202946593194899,14,1.17609125905568,Sample_100_GSE162228
scissor,Negative,Neg_ctrl_Sample_99,-0.0960389679362165,14,1.17609125905568,Sample_100_GSE162228
scissor,Negative,Neg_ctrl_Sample_100,-0.16613913539378,14,1.17609125905568,Sample_100_GSE162228
scissor,Neutral,Neg_ctrl_Sample_1,-0.0525647116500907,31858,4.50323213991151,Sample_100_GSE162228
scissor,Neutral,Neg_ctrl_Sample_2,-0.0499645682122682,31858,4.50323213991151,Sample_100_GSE162228
scissor,Neutral,Neg_ctrl_Sample_3,-0.0246431508006682,31858,4.50323213991151,Sample_100_GSE162228
scissor,Neutral,Neg_ctrl_Sample_4,-0.225905894832525,31858,4.50323213991151,Sample_100_GSE162228
scissor,Neutral,Neg_ctrl_Sample_5,-0.089828030373101,31858,4.50323213991151,Sample_100_GSE162228
scissor,Neutral,Neg_ctrl_Sample_6,-0.142579273196426,31858,4.50323213991151,Sample_100_GSE162228
scissor,Neutral,Neg_ctrl_Sample_7,-0.166256055987718,31858,4.50323213991151,Sample_100_GSE162228
scissor,Neutral,Neg_ctrl_Sample_8,-0.00612089623414543,31858,4.50323213991151,Sample_100_GSE162228
scissor,Neutral,Neg_ctrl_Sample_9,-0.00790389699258757,31858,4.50323213991151,Sample_100_GSE162228
scissor,Neutral,Neg_ctrl_Sample_10,0.0959352436151567,31858,4.50323213991151,Sample_100_GSE162228
scissor,Neutral,Neg_ctrl_Sample_11,0.148707956478035,31858,4.50323213991151,Sample_100_GSE162228
scissor,Neutral,Neg_ctrl_Sample_12,-0.126915131793578,31858,4.50323213991151,Sample_100_GSE162228
scissor,Neutral,Neg_ctrl_Sample_13,-0.0636503736578971,31858,4.50323213991151,Sample_100_GSE162228
scissor,Neutral,Neg_ctrl_Sample_14,0.0316977438167077,31858,4.50323213991151,Sample_100_GSE162228
scissor,Neutral,Neg_ctrl_Sample_15,-0.0736514715178147,31858,4.50323213991151,Sample_100_GSE162228
scissor,Neutral,Neg_ctrl_Sample_16,-0.0231761440061428,31858,4.50323213991151,Sample_100_GSE162228
scissor,Neutral,Neg_ctrl_Sample_17,0.167453867681022,31858,4.50323213991151,Sample_100_GSE162228
scissor,Neutral,Neg_ctrl_Sample_18,0.199214334409084,31858,4.50323213991151,Sample_100_GSE162228
scissor,Neutral,Neg_ctrl_Sample_19,0.232225001726663,31858,4.50323213991151,Sample_100_GSE162228
scissor,Neutral,Neg_ctrl_Sample_20,-0.129378654187822,31858,4.50323213991151,Sample_100_GSE162228
scissor,Neutral,Neg_ctrl_Sample_21,-0.0275995497982339,31858,4.50323213991151,Sample_100_GSE162228
scissor,Neutral,Neg_ctrl_Sample_22,0.205183894908109,31858,4.50323213991151,Sample_100_GSE162228
scissor,Neutral,Neg_ctrl_Sample_23,-0.0367890188998725,31858,4.50323213991151,Sample_100_GSE162228
scissor,Neutral,Neg_ctrl_Sample_24,0.134506707437017,31858,4.50323213991151,Sample_100_GSE162228
scissor,Neutral,Neg_ctrl_Sample_25,0.055248906557542,31858,4.50323213991151,Sample_100_GSE162228
scissor,Neutral,Neg_ctrl_Sample_26,0.0318432607297471,31858,4.50323213991151,Sample_100_GSE162228
scissor,Neutral,Neg_ctrl_Sample_27,0.00265760267046257,31858,4.50323213991151,Sample_100_GSE162228
scissor,Neutral,Neg_ctrl_Sample_28,0.0935883331492753,31858,4.50323213991151,Sample_100_GSE162228
scissor,Neutral,Neg_ctrl_Sample_29,0.120698583410377,31858,4.50323213991151,Sample_100_GSE162228
scissor,Neutral,Neg_ctrl_Sample_30,-0.0527325989068082,31858,4.50323213991151,Sample_100_GSE162228
scissor,Neutral,Neg_ctrl_Sample_31,0.200430984245964,31858,4.50323213991151,Sample_100_GSE162228
scissor,Neutral,Neg_ctrl_Sample_32,0.235379539864797,31858,4.50323213991151,Sample_100_GSE162228
scissor,Neutral,Neg_ctrl_Sample_33,0.0170788993619441,31858,4.50323213991151,Sample_100_GSE162228
scissor,Neutral,Neg_ctrl_Sample_34,-0.231607111286294,31858,4.50323213991151,Sample_100_GSE162228
scissor,Neutral,Neg_ctrl_Sample_35,0.0388958948331731,31858,4.50323213991151,Sample_100_GSE162228
scissor,Neutral,Neg_ctrl_Sample_36,0.0633470832204895,31858,4.50323213991151,Sample_100_GSE162228
scissor,Neutral,Neg_ctrl_Sample_37,0.0784087055540423,31858,4.50323213991151,Sample_100_GSE162228
scissor,Neutral,Neg_ctrl_Sample_38,0.0711533485113226,31858,4.50323213991151,Sample_100_GSE162228
scissor,Neutral,Neg_ctrl_Sample_39,0.111362676939173,31858,4.50323213991151,Sample_100_GSE162228
scissor,Neutral,Neg_ctrl_Sample_40,0.169410938603698,31858,4.50323213991151,Sample_100_GSE162228
scissor,Neutral,Neg_ctrl_Sample_41,-0.137160855616238,31858,4.50323213991151,Sample_100_GSE162228
scissor,Neutral,Neg_ctrl_Sample_42,-0.146436302671417,31858,4.50323213991151,Sample_100_GSE162228
scissor,Neutral,Neg_ctrl_Sample_43,0.0409898492643294,31858,4.50323213991151,Sample_100_GSE162228
scissor,Neutral,Neg_ctrl_Sample_44,0.272158751028145,31858,4.50323213991151,Sample_100_GSE162228
scissor,Neutral,Neg_ctrl_Sample_45,0.0179355338369752,31858,4.50323213991151,Sample_100_GSE162228
scissor,Neutral,Neg_ctrl_Sample_46,0.309977531097508,31858,4.50323213991151,Sample_100_GSE162228
scissor,Neutral,Neg_ctrl_Sample_47,0.0522661538277258,31858,4.50323213991151,Sample_100_GSE162228
scissor,Neutral,Neg_ctrl_Sample_48,0.0174865723453781,31858,4.50323213991151,Sample_100_GSE162228
scissor,Neutral,Neg_ctrl_Sample_49,-0.112482412232861,31858,4.50323213991151,Sample_100_GSE162228
scissor,Neutral,Neg_ctrl_Sample_50,-0.0109207940795186,31858,4.50323213991151,Sample_100_GSE162228
scissor,Neutral,Neg_ctrl_Sample_51,0.114411981957293,31858,4.50323213991151,Sample_100_GSE162228
scissor,Neutral,Neg_ctrl_Sample_52,0.205420056596224,31858,4.50323213991151,Sample_100_GSE162228
scissor,Neutral,Neg_ctrl_Sample_53,0.0902531626776262,31858,4.50323213991151,Sample_100_GSE162228
scissor,Neutral,Neg_ctrl_Sample_54,0.016410381981534,31858,4.50323213991151,Sample_100_GSE162228
scissor,Neutral,Neg_ctrl_Sample_55,-0.0216908910961536,31858,4.50323213991151,Sample_100_GSE162228
scissor,Neutral,Neg_ctrl_Sample_56,0.0860906809925209,31858,4.50323213991151,Sample_100_GSE162228
scissor,Neutral,Neg_ctrl_Sample_57,0.0916633922569216,31858,4.50323213991151,Sample_100_GSE162228
scissor,Neutral,Neg_ctrl_Sample_58,0.0259423500279467,31858,4.50323213991151,Sample_100_GSE162228
scissor,Neutral,Neg_ctrl_Sample_59,0.095738418028659,31858,4.50323213991151,Sample_100_GSE162228
scissor,Neutral,Neg_ctrl_Sample_60,0.073442242204312,31858,4.50323213991151,Sample_100_GSE162228
scissor,Neutral,Neg_ctrl_Sample_61,-0.0660679141415631,31858,4.50323213991151,Sample_100_GSE162228
scissor,Neutral,Neg_ctrl_Sample_62,-0.0757665475340764,31858,4.50323213991151,Sample_100_GSE162228
scissor,Neutral,Neg_ctrl_Sample_63,0.145082640971127,31858,4.50323213991151,Sample_100_GSE162228
scissor,Neutral,Neg_ctrl_Sample_64,0.028173397036064,31858,4.50323213991151,Sample_100_GSE162228
scissor,Neutral,Neg_ctrl_Sample_65,-0.116344277214415,31858,4.50323213991151,Sample_100_GSE162228
scissor,Neutral,Neg_ctrl_Sample_66,0.0150586095648485,31858,4.50323213991151,Sample_100_GSE162228
scissor,Neutral,Neg_ctrl_Sample_67,0.33573690109635,31858,4.50323213991151,Sample_100_GSE162228
scissor,Neutral,Neg_ctrl_Sample_68,0.0185587907307865,31858,4.50323213991151,Sample_100_GSE162228
scissor,Neutral,Neg_ctrl_Sample_69,-0.079408984106247,31858,4.50323213991151,Sample_100_GSE162228
scissor,Neutral,Neg_ctrl_Sample_70,0.074650385669816,31858,4.50323213991151,Sample_100_GSE162228
scissor,Neutral,Neg_ctrl_Sample_71,-0.120952259530856,31858,4.50323213991151,Sample_100_GSE162228
scissor,Neutral,Neg_ctrl_Sample_72,-0.111414792161047,31858,4.50323213991151,Sample_100_GSE162228
scissor,Neutral,Neg_ctrl_Sample_73,0.146028511982934,31858,4.50323213991151,Sample_100_GSE162228
scissor,Neutral,Neg_ctrl_Sample_74,-0.0970940526802117,31858,4.50323213991151,Sample_100_GSE162228
scissor,Neutral,Neg_ctrl_Sample_75,0.102429105821748,31858,4.50323213991151,Sample_100_GSE162228
scissor,Neutral,Neg_ctrl_Sample_76,0.0177795666077849,31858,4.50323213991151,Sample_100_GSE162228
scissor,Neutral,Neg_ctrl_Sample_77,0.156240201297548,31858,4.50323213991151,Sample_100_GSE162228
scissor,Neutral,Neg_ctrl_Sample_78,0.00941205766995896,31858,4.50323213991151,Sample_100_GSE162228
scissor,Neutral,Neg_ctrl_Sample_79,-0.13091471199858,31858,4.50323213991151,Sample_100_GSE162228
scissor,Neutral,Neg_ctrl_Sample_80,-0.030062758390028,31858,4.50323213991151,Sample_100_GSE162228
scissor,Neutral,Neg_ctrl_Sample_81,0.0461050436818341,31858,4.50323213991151,Sample_100_GSE162228
scissor,Neutral,Neg_ctrl_Sample_82,-0.0287495181300379,31858,4.50323213991151,Sample_100_GSE162228
scissor,Neutral,Neg_ctrl_Sample_83,0.0876978322265375,31858,4.50323213991151,Sample_100_GSE162228
scissor,Neutral,Neg_ctrl_Sample_84,0.106242056226379,31858,4.50323213991151,Sample_100_GSE162228
scissor,Neutral,Neg_ctrl_Sample_85,-0.00940327182807513,31858,4.50323213991151,Sample_100_GSE162228
scissor,Neutral,Neg_ctrl_Sample_86,-0.0628476551288707,31858,4.50323213991151,Sample_100_GSE162228
scissor,Neutral,Neg_ctrl_Sample_87,-0.1119009410939,31858,4.50323213991151,Sample_100_GSE162228
scissor,Neutral,Neg_ctrl_Sample_88,0.174502149291362,31858,4.50323213991151,Sample_100_GSE162228
scissor,Neutral,Neg_ctrl_Sample_89,-0.137782500130623,31858,4.50323213991151,Sample_100_GSE162228
scissor,Neutral,Neg_ctrl_Sample_90,0.133565153984994,31858,4.50323213991151,Sample_100_GSE162228
scissor,Neutral,Neg_ctrl_Sample_91,-0.0360557545353206,31858,4.50323213991151,Sample_100_GSE162228
scissor,Neutral,Neg_ctrl_Sample_92,-0.143517507586058,31858,4.50323213991151,Sample_100_GSE162228
scissor,Neutral,Neg_ctrl_Sample_93,-0.120099941441282,31858,4.50323213991151,Sample_100_GSE162228
scissor,Neutral,Neg_ctrl_Sample_94,0.0316214500742494,31858,4.50323213991151,Sample_100_GSE162228
scissor,Neutral,Neg_ctrl_Sample_95,-0.0953854576853916,31858,4.50323213991151,Sample_100_GSE162228
scissor,Neutral,Neg_ctrl_Sample_96,-0.0725144668242176,31858,4.50323213991151,Sample_100_GSE162228
scissor,Neutral,Neg_ctrl_Sample_97,0.0534768503258975,31858,4.50323213991151,Sample_100_GSE162228
scissor,Neutral,Neg_ctrl_Sample_98,0.0361020625766328,31858,4.50323213991151,Sample_100_GSE162228
scissor,Neutral,Neg_ctrl_Sample_99,-0.101946250103788,31858,4.50323213991151,Sample_100_GSE162228
scissor,Neutral,Neg_ctrl_Sample_100,-0.149931818961284,31858,4.50323213991151,Sample_100_GSE162228
scAB,Other,Neg_ctrl_Sample_1,-0.0529370462743919,29712,4.47294650295378,Sample_100_GSE162228
scAB,Other,Neg_ctrl_Sample_2,-0.0518348443345218,29712,4.47294650295378,Sample_100_GSE162228
scAB,Other,Neg_ctrl_Sample_3,-0.0262017804686603,29712,4.47294650295378,Sample_100_GSE162228
scAB,Other,Neg_ctrl_Sample_4,-0.227735992553648,29712,4.47294650295378,Sample_100_GSE162228
scAB,Other,Neg_ctrl_Sample_5,-0.0917584890966728,29712,4.47294650295378,Sample_100_GSE162228
scAB,Other,Neg_ctrl_Sample_6,-0.143726766701735,29712,4.47294650295378,Sample_100_GSE162228
scAB,Other,Neg_ctrl_Sample_7,-0.167689814566451,29712,4.47294650295378,Sample_100_GSE162228
scAB,Other,Neg_ctrl_Sample_8,-0.00634495112373602,29712,4.47294650295378,Sample_100_GSE162228
scAB,Other,Neg_ctrl_Sample_9,-0.0103848665682569,29712,4.47294650295378,Sample_100_GSE162228
scAB,Other,Neg_ctrl_Sample_10,0.0947776248883422,29712,4.47294650295378,Sample_100_GSE162228
scAB,Other,Neg_ctrl_Sample_11,0.148380386726061,29712,4.47294650295378,Sample_100_GSE162228
scAB,Other,Neg_ctrl_Sample_12,-0.129484398070248,29712,4.47294650295378,Sample_100_GSE162228
scAB,Other,Neg_ctrl_Sample_13,-0.0647213822826791,29712,4.47294650295378,Sample_100_GSE162228
scAB,Other,Neg_ctrl_Sample_14,0.0300095444248564,29712,4.47294650295378,Sample_100_GSE162228
scAB,Other,Neg_ctrl_Sample_15,-0.074630249809733,29712,4.47294650295378,Sample_100_GSE162228
scAB,Other,Neg_ctrl_Sample_16,-0.0245334972692334,29712,4.47294650295378,Sample_100_GSE162228
scAB,Other,Neg_ctrl_Sample_17,0.166744843437666,29712,4.47294650295378,Sample_100_GSE162228
scAB,Other,Neg_ctrl_Sample_18,0.199742109191013,29712,4.47294650295378,Sample_100_GSE162228
scAB,Other,Neg_ctrl_Sample_19,0.232811253932111,29712,4.47294650295378,Sample_100_GSE162228
scAB,Other,Neg_ctrl_Sample_20,-0.130830022061311,29712,4.47294650295378,Sample_100_GSE162228
scAB,Other,Neg_ctrl_Sample_21,-0.0262996615300239,29712,4.47294650295378,Sample_100_GSE162228
scAB,Other,Neg_ctrl_Sample_22,0.204351913959458,29712,4.47294650295378,Sample_100_GSE162228
scAB,Other,Neg_ctrl_Sample_23,-0.0397212907381862,29712,4.47294650295378,Sample_100_GSE162228
scAB,Other,Neg_ctrl_Sample_24,0.134157625632623,29712,4.47294650295378,Sample_100_GSE162228
scAB,Other,Neg_ctrl_Sample_25,0.0534576582414401,29712,4.47294650295378,Sample_100_GSE162228
scAB,Other,Neg_ctrl_Sample_26,0.030719531756507,29712,4.47294650295378,Sample_100_GSE162228
scAB,Other,Neg_ctrl_Sample_27,0.00127973664000953,29712,4.47294650295378,Sample_100_GSE162228
scAB,Other,Neg_ctrl_Sample_28,0.0926274947362443,29712,4.47294650295378,Sample_100_GSE162228
scAB,Other,Neg_ctrl_Sample_29,0.120150460496669,29712,4.47294650295378,Sample_100_GSE162228
scAB,Other,Neg_ctrl_Sample_30,-0.0534296430665719,29712,4.47294650295378,Sample_100_GSE162228
scAB,Other,Neg_ctrl_Sample_31,0.198736194187672,29712,4.47294650295378,Sample_100_GSE162228
scAB,Other,Neg_ctrl_Sample_32,0.233149404281998,29712,4.47294650295378,Sample_100_GSE162228
scAB,Other,Neg_ctrl_Sample_33,0.0166728290829589,29712,4.47294650295378,Sample_100_GSE162228
scAB,Other,Neg_ctrl_Sample_34,-0.233751813229953,29712,4.47294650295378,Sample_100_GSE162228
scAB,Other,Neg_ctrl_Sample_35,0.0368304454327955,29712,4.47294650295378,Sample_100_GSE162228
scAB,Other,Neg_ctrl_Sample_36,0.0627122984029192,29712,4.47294650295378,Sample_100_GSE162228
scAB,Other,Neg_ctrl_Sample_37,0.0787294041757493,29712,4.47294650295378,Sample_100_GSE162228
scAB,Other,Neg_ctrl_Sample_38,0.0718081573819765,29712,4.47294650295378,Sample_100_GSE162228
scAB,Other,Neg_ctrl_Sample_39,0.111110389054581,29712,4.47294650295378,Sample_100_GSE162228
scAB,Other,Neg_ctrl_Sample_40,0.168604066699901,29712,4.47294650295378,Sample_100_GSE162228
scAB,Other,Neg_ctrl_Sample_41,-0.139101868295966,29712,4.47294650295378,Sample_100_GSE162228
scAB,Other,Neg_ctrl_Sample_42,-0.147304253071738,29712,4.47294650295378,Sample_100_GSE162228
scAB,Other,Neg_ctrl_Sample_43,0.0403170847096991,29712,4.47294650295378,Sample_100_GSE162228
scAB,Other,Neg_ctrl_Sample_44,0.272135388090319,29712,4.47294650295378,Sample_100_GSE162228
scAB,Other,Neg_ctrl_Sample_45,0.0166144752099587,29712,4.47294650295378,Sample_100_GSE162228
scAB,Other,Neg_ctrl_Sample_46,0.310487229221275,29712,4.47294650295378,Sample_100_GSE162228
scAB,Other,Neg_ctrl_Sample_47,0.0525803903430766,29712,4.47294650295378,Sample_100_GSE162228
scAB,Other,Neg_ctrl_Sample_48,0.0172168626961874,29712,4.47294650295378,Sample_100_GSE162228
scAB,Other,Neg_ctrl_Sample_49,-0.115087183924901,29712,4.47294650295378,Sample_100_GSE162228
scAB,Other,Neg_ctrl_Sample_50,-0.012594606859669,29712,4.47294650295378,Sample_100_GSE162228
scAB,Other,Neg_ctrl_Sample_51,0.113593172842039,29712,4.47294650295378,Sample_100_GSE162228
scAB,Other,Neg_ctrl_Sample_52,0.203739033890924,29712,4.47294650295378,Sample_100_GSE162228
scAB,Other,Neg_ctrl_Sample_53,0.0894366743782092,29712,4.47294650295378,Sample_100_GSE162228
scAB,Other,Neg_ctrl_Sample_54,0.0152942366882207,29712,4.47294650295378,Sample_100_GSE162228
scAB,Other,Neg_ctrl_Sample_55,-0.0232775671605434,29712,4.47294650295378,Sample_100_GSE162228
scAB,Other,Neg_ctrl_Sample_56,0.0856628341760429,29712,4.47294650295378,Sample_100_GSE162228
scAB,Other,Neg_ctrl_Sample_57,0.0902429211095791,29712,4.47294650295378,Sample_100_GSE162228
scAB,Other,Neg_ctrl_Sample_58,0.0248116295103446,29712,4.47294650295378,Sample_100_GSE162228
scAB,Other,Neg_ctrl_Sample_59,0.0946994547391312,29712,4.47294650295378,Sample_100_GSE162228
scAB,Other,Neg_ctrl_Sample_60,0.071502551447536,29712,4.47294650295378,Sample_100_GSE162228
scAB,Other,Neg_ctrl_Sample_61,-0.0677947895261522,29712,4.47294650295378,Sample_100_GSE162228
scAB,Other,Neg_ctrl_Sample_62,-0.0770872865643584,29712,4.47294650295378,Sample_100_GSE162228
scAB,Other,Neg_ctrl_Sample_63,0.14443457573582,29712,4.47294650295378,Sample_100_GSE162228
scAB,Other,Neg_ctrl_Sample_64,0.0260395714003593,29712,4.47294650295378,Sample_100_GSE162228
scAB,Other,Neg_ctrl_Sample_65,-0.117515006539743,29712,4.47294650295378,Sample_100_GSE162228
scAB,Other,Neg_ctrl_Sample_66,0.0143066643787466,29712,4.47294650295378,Sample_100_GSE162228
scAB,Other,Neg_ctrl_Sample_67,0.336105670011261,29712,4.47294650295378,Sample_100_GSE162228
scAB,Other,Neg_ctrl_Sample_68,0.0167870159622091,29712,4.47294650295378,Sample_100_GSE162228
scAB,Other,Neg_ctrl_Sample_69,-0.0812297391620986,29712,4.47294650295378,Sample_100_GSE162228
scAB,Other,Neg_ctrl_Sample_70,0.0734705724631482,29712,4.47294650295378,Sample_100_GSE162228
scAB,Other,Neg_ctrl_Sample_71,-0.121536910099049,29712,4.47294650295378,Sample_100_GSE162228
scAB,Other,Neg_ctrl_Sample_72,-0.112547598492023,29712,4.47294650295378,Sample_100_GSE162228
scAB,Other,Neg_ctrl_Sample_73,0.145815647655194,29712,4.47294650295378,Sample_100_GSE162228
scAB,Other,Neg_ctrl_Sample_74,-0.0992173782998966,29712,4.47294650295378,Sample_100_GSE162228
scAB,Other,Neg_ctrl_Sample_75,0.101079418854977,29712,4.47294650295378,Sample_100_GSE162228
scAB,Other,Neg_ctrl_Sample_76,0.0160008492342992,29712,4.47294650295378,Sample_100_GSE162228
scAB,Other,Neg_ctrl_Sample_77,0.154868294169765,29712,4.47294650295378,Sample_100_GSE162228
scAB,Other,Neg_ctrl_Sample_78,0.00881820217828112,29712,4.47294650295378,Sample_100_GSE162228
scAB,Other,Neg_ctrl_Sample_79,-0.133046030785173,29712,4.47294650295378,Sample_100_GSE162228
scAB,Other,Neg_ctrl_Sample_80,-0.0296004105246831,29712,4.47294650295378,Sample_100_GSE162228
scAB,Other,Neg_ctrl_Sample_81,0.0456408727063531,29712,4.47294650295378,Sample_100_GSE162228
scAB,Other,Neg_ctrl_Sample_82,-0.0300584333956601,29712,4.47294650295378,Sample_100_GSE162228
scAB,Other,Neg_ctrl_Sample_83,0.0869600185019483,29712,4.47294650295378,Sample_100_GSE162228
scAB,Other,Neg_ctrl_Sample_84,0.104728529352174,29712,4.47294650295378,Sample_100_GSE162228
scAB,Other,Neg_ctrl_Sample_85,-0.0100288690084738,29712,4.47294650295378,Sample_100_GSE162228
scAB,Other,Neg_ctrl_Sample_86,-0.0632643400543912,29712,4.47294650295378,Sample_100_GSE162228
scAB,Other,Neg_ctrl_Sample_87,-0.113927800691023,29712,4.47294650295378,Sample_100_GSE162228
scAB,Other,Neg_ctrl_Sample_88,0.174353584115278,29712,4.47294650295378,Sample_100_GSE162228
scAB,Other,Neg_ctrl_Sample_89,-0.139976179336763,29712,4.47294650295378,Sample_100_GSE162228
scAB,Other,Neg_ctrl_Sample_90,0.131830095236918,29712,4.47294650295378,Sample_100_GSE162228
scAB,Other,Neg_ctrl_Sample_91,-0.0363645908996146,29712,4.47294650295378,Sample_100_GSE162228
scAB,Other,Neg_ctrl_Sample_92,-0.145686817204995,29712,4.47294650295378,Sample_100_GSE162228
scAB,Other,Neg_ctrl_Sample_93,-0.12033195550937,29712,4.47294650295378,Sample_100_GSE162228
scAB,Other,Neg_ctrl_Sample_94,0.0312904757587901,29712,4.47294650295378,Sample_100_GSE162228
scAB,Other,Neg_ctrl_Sample_95,-0.0963934343617943,29712,4.47294650295378,Sample_100_GSE162228
scAB,Other,Neg_ctrl_Sample_96,-0.0743659113323543,29712,4.47294650295378,Sample_100_GSE162228
scAB,Other,Neg_ctrl_Sample_97,0.0527066511195583,29712,4.47294650295378,Sample_100_GSE162228
scAB,Other,Neg_ctrl_Sample_98,0.0345708412450077,29712,4.47294650295378,Sample_100_GSE162228
scAB,Other,Neg_ctrl_Sample_99,-0.102957625810192,29712,4.47294650295378,Sample_100_GSE162228
scAB,Other,Neg_ctrl_Sample_100,-0.150641100412843,29712,4.47294650295378,Sample_100_GSE162228
scAB,Positive,Neg_ctrl_Sample_1,-0.0474774466871235,2160,3.33465476688324,Sample_100_GSE162228
scAB,Positive,Neg_ctrl_Sample_2,-0.0243578820024883,2160,3.33465476688324,Sample_100_GSE162228
scAB,Positive,Neg_ctrl_Sample_3,-0.00325909038588792,2160,3.33465476688324,Sample_100_GSE162228
scAB,Positive,Neg_ctrl_Sample_4,-0.200735173708012,2160,3.33465476688324,Sample_100_GSE162228
scAB,Positive,Neg_ctrl_Sample_5,-0.0633958953058263,2160,3.33465476688324,Sample_100_GSE162228
scAB,Positive,Neg_ctrl_Sample_6,-0.126765231574641,2160,3.33465476688324,Sample_100_GSE162228
scAB,Positive,Neg_ctrl_Sample_7,-0.146578816738475,2160,3.33465476688324,Sample_100_GSE162228
scAB,Positive,Neg_ctrl_Sample_8,-0.00314054737789119,2160,3.33465476688324,Sample_100_GSE162228
scAB,Positive,Neg_ctrl_Sample_9,0.0259615375431323,2160,3.33465476688324,Sample_100_GSE162228
scAB,Positive,Neg_ctrl_Sample_10,0.111942521883258,2160,3.33465476688324,Sample_100_GSE162228
scAB,Positive,Neg_ctrl_Sample_11,0.15325832501249,2160,3.33465476688324,Sample_100_GSE162228
scAB,Positive,Neg_ctrl_Sample_12,-0.0917340665739127,2160,3.33465476688324,Sample_100_GSE162228
scAB,Positive,Neg_ctrl_Sample_13,-0.0490182890772124,2160,3.33465476688324,Sample_100_GSE162228
scAB,Positive,Neg_ctrl_Sample_14,0.0546612526891018,2160,3.33465476688324,Sample_100_GSE162228
scAB,Positive,Neg_ctrl_Sample_15,-0.0601830132359083,2160,3.33465476688324,Sample_100_GSE162228
scAB,Positive,Neg_ctrl_Sample_16,-0.0044439352409717,2160,3.33465476688324,Sample_100_GSE162228
scAB,Positive,Neg_ctrl_Sample_17,0.177073710646833,2160,3.33465476688324,Sample_100_GSE162228
scAB,Positive,Neg_ctrl_Sample_18,0.192292727015926,2160,3.33465476688324,Sample_100_GSE162228
scAB,Positive,Neg_ctrl_Sample_19,0.224301344433485,2160,3.33465476688324,Sample_100_GSE162228
scAB,Positive,Neg_ctrl_Sample_20,-0.109636340378291,2160,3.33465476688324,Sample_100_GSE162228
scAB,Positive,Neg_ctrl_Sample_21,-0.0451004501431364,2160,3.33465476688324,Sample_100_GSE162228
scAB,Positive,Neg_ctrl_Sample_22,0.216552736520235,2160,3.33465476688324,Sample_100_GSE162228
scAB,Positive,Neg_ctrl_Sample_23,0.00344903002868558,2160,3.33465476688324,Sample_100_GSE162228
scAB,Positive,Neg_ctrl_Sample_24,0.139243186951142,2160,3.33465476688324,Sample_100_GSE162228
scAB,Positive,Neg_ctrl_Sample_25,0.0796241771490774,2160,3.33465476688324,Sample_100_GSE162228
scAB,Positive,Neg_ctrl_Sample_26,0.0473192891850161,2160,3.33465476688324,Sample_100_GSE162228
scAB,Positive,Neg_ctrl_Sample_27,0.0216445811681547,2160,3.33465476688324,Sample_100_GSE162228
scAB,Positive,Neg_ctrl_Sample_28,0.106756512366637,2160,3.33465476688324,Sample_100_GSE162228
scAB,Positive,Neg_ctrl_Sample_29,0.128461683053752,2160,3.33465476688324,Sample_100_GSE162228
scAB,Positive,Neg_ctrl_Sample_30,-0.0429544052108883,2160,3.33465476688324,Sample_100_GSE162228
scAB,Positive,Neg_ctrl_Sample_31,0.223679837391156,2160,3.33465476688324,Sample_100_GSE162228
scAB,Positive,Neg_ctrl_Sample_32,0.26598261797879,2160,3.33465476688324,Sample_100_GSE162228
scAB,Positive,Neg_ctrl_Sample_33,0.0228912397360783,2160,3.33465476688324,Sample_100_GSE162228
scAB,Positive,Neg_ctrl_Sample_34,-0.202226092672466,2160,3.33465476688324,Sample_100_GSE162228
scAB,Positive,Neg_ctrl_Sample_35,0.0672129226367809,2160,3.33465476688324,Sample_100_GSE162228
scAB,Positive,Neg_ctrl_Sample_36,0.0721637643265611,2160,3.33465476688324,Sample_100_GSE162228
scAB,Positive,Neg_ctrl_Sample_37,0.0744130187796567,2160,3.33465476688324,Sample_100_GSE162228
scAB,Positive,Neg_ctrl_Sample_38,0.0622934106293371,2160,3.33465476688324,Sample_100_GSE162228
scAB,Positive,Neg_ctrl_Sample_39,0.114738199198969,2160,3.33465476688324,Sample_100_GSE162228
scAB,Positive,Neg_ctrl_Sample_40,0.180394876533894,2160,3.33465476688324,Sample_100_GSE162228
scAB,Positive,Neg_ctrl_Sample_41,-0.110603757304342,2160,3.33465476688324,Sample_100_GSE162228
scAB,Positive,Neg_ctrl_Sample_42,-0.134588876532524,2160,3.33465476688324,Sample_100_GSE162228
scAB,Positive,Neg_ctrl_Sample_43,0.0501694742609527,2160,3.33465476688324,Sample_100_GSE162228
scAB,Positive,Neg_ctrl_Sample_44,0.272526116987863,2160,3.33465476688324,Sample_100_GSE162228
scAB,Positive,Neg_ctrl_Sample_45,0.0360120603811842,2160,3.33465476688324,Sample_100_GSE162228
scAB,Positive,Neg_ctrl_Sample_46,0.303005676910498,2160,3.33465476688324,Sample_100_GSE162228
scAB,Positive,Neg_ctrl_Sample_47,0.0483144469288127,2160,3.33465476688324,Sample_100_GSE162228
scAB,Positive,Neg_ctrl_Sample_48,0.0210272904367813,2160,3.33465476688324,Sample_100_GSE162228
scAB,Positive,Neg_ctrl_Sample_49,-0.0767852586009476,2160,3.33465476688324,Sample_100_GSE162228
scAB,Positive,Neg_ctrl_Sample_50,0.0121695869839753,2160,3.33465476688324,Sample_100_GSE162228
scAB,Positive,Neg_ctrl_Sample_51,0.125598240122639,2160,3.33465476688324,Sample_100_GSE162228
scAB,Positive,Neg_ctrl_Sample_52,0.228360827284007,2160,3.33465476688324,Sample_100_GSE162228
scAB,Positive,Neg_ctrl_Sample_53,0.101441770462426,2160,3.33465476688324,Sample_100_GSE162228
scAB,Positive,Neg_ctrl_Sample_54,0.0317805911870291,2160,3.33465476688324,Sample_100_GSE162228
scAB,Positive,Neg_ctrl_Sample_55,-9.14201785212333e-05,2160,3.33465476688324,Sample_100_GSE162228
scAB,Positive,Neg_ctrl_Sample_56,0.0919985991198197,2160,3.33465476688324,Sample_100_GSE162228
scAB,Positive,Neg_ctrl_Sample_57,0.111165296829423,2160,3.33465476688324,Sample_100_GSE162228
scAB,Positive,Neg_ctrl_Sample_58,0.0414445546330783,2160,3.33465476688324,Sample_100_GSE162228
scAB,Positive,Neg_ctrl_Sample_59,0.109933265916285,2160,3.33465476688324,Sample_100_GSE162228
scAB,Positive,Neg_ctrl_Sample_60,0.100067408353732,2160,3.33465476688324,Sample_100_GSE162228
scAB,Positive,Neg_ctrl_Sample_61,-0.042349910817867,2160,3.33465476688324,Sample_100_GSE162228
scAB,Positive,Neg_ctrl_Sample_62,-0.0574484986422386,2160,3.33465476688324,Sample_100_GSE162228
scAB,Positive,Neg_ctrl_Sample_63,0.153997670344475,2160,3.33465476688324,Sample_100_GSE162228
scAB,Positive,Neg_ctrl_Sample_64,0.057430154102397,2160,3.33465476688324,Sample_100_GSE162228
scAB,Positive,Neg_ctrl_Sample_65,-0.100451374863601,2160,3.33465476688324,Sample_100_GSE162228
scAB,Positive,Neg_ctrl_Sample_66,0.0253912560404359,2160,3.33465476688324,Sample_100_GSE162228
scAB,Positive,Neg_ctrl_Sample_67,0.330883169815153,2160,3.33465476688324,Sample_100_GSE162228
scAB,Positive,Neg_ctrl_Sample_68,0.0427920742754257,2160,3.33465476688324,Sample_100_GSE162228
scAB,Positive,Neg_ctrl_Sample_69,-0.0545193139420728,2160,3.33465476688324,Sample_100_GSE162228
scAB,Positive,Neg_ctrl_Sample_70,0.0906762958957347,2160,3.33465476688324,Sample_100_GSE162228
scAB,Positive,Neg_ctrl_Sample_71,-0.112900388350178,2160,3.33465476688324,Sample_100_GSE162228
scAB,Positive,Neg_ctrl_Sample_72,-0.0959893753879453,2160,3.33465476688324,Sample_100_GSE162228
scAB,Positive,Neg_ctrl_Sample_73,0.149044811493516,2160,3.33465476688324,Sample_100_GSE162228
scAB,Positive,Neg_ctrl_Sample_74,-0.0679466914928593,2160,3.33465476688324,Sample_100_GSE162228
scAB,Positive,Neg_ctrl_Sample_75,0.12109938779835,2160,3.33465476688324,Sample_100_GSE162228
scAB,Positive,Neg_ctrl_Sample_76,0.0421116494277034,2160,3.33465476688324,Sample_100_GSE162228
scAB,Positive,Neg_ctrl_Sample_77,0.174918358446493,2160,3.33465476688324,Sample_100_GSE162228
scAB,Positive,Neg_ctrl_Sample_78,0.0175543253923827,2160,3.33465476688324,Sample_100_GSE162228
scAB,Positive,Neg_ctrl_Sample_79,-0.101657438187787,2160,3.33465476688324,Sample_100_GSE162228
scAB,Positive,Neg_ctrl_Sample_80,-0.0362299528785482,2160,3.33465476688324,Sample_100_GSE162228
scAB,Positive,Neg_ctrl_Sample_81,0.0525568954497161,2160,3.33465476688324,Sample_100_GSE162228
scAB,Positive,Neg_ctrl_Sample_82,-0.0108792845751455,2160,3.33465476688324,Sample_100_GSE162228
scAB,Positive,Neg_ctrl_Sample_83,0.0979073485487624,2160,3.33465476688324,Sample_100_GSE162228
scAB,Positive,Neg_ctrl_Sample_84,0.126961408240264,2160,3.33465476688324,Sample_100_GSE162228
scAB,Positive,Neg_ctrl_Sample_85,-0.000896475088369978,2160,3.33465476688324,Sample_100_GSE162228
scAB,Positive,Neg_ctrl_Sample_86,-0.0570123046513366,2160,3.33465476688324,Sample_100_GSE162228
scAB,Positive,Neg_ctrl_Sample_87,-0.0841639306492109,2160,3.33465476688324,Sample_100_GSE162228
scAB,Positive,Neg_ctrl_Sample_88,0.176646337772935,2160,3.33465476688324,Sample_100_GSE162228
scAB,Positive,Neg_ctrl_Sample_89,-0.107823756012255,2160,3.33465476688324,Sample_100_GSE162228
scAB,Positive,Neg_ctrl_Sample_90,0.157274845635396,2160,3.33465476688324,Sample_100_GSE162228
scAB,Positive,Neg_ctrl_Sample_91,-0.0320162720813096,2160,3.33465476688324,Sample_100_GSE162228
scAB,Positive,Neg_ctrl_Sample_92,-0.113729483230429,2160,3.33465476688324,Sample_100_GSE162228
scAB,Positive,Neg_ctrl_Sample_93,-0.116787308012477,2160,3.33465476688324,Sample_100_GSE162228
scAB,Positive,Neg_ctrl_Sample_94,0.0361468033805746,2160,3.33465476688324,Sample_100_GSE162228
scAB,Positive,Neg_ctrl_Sample_95,-0.0816103624452386,2160,3.33465476688324,Sample_100_GSE162228
scAB,Positive,Neg_ctrl_Sample_96,-0.0472325474955463,2160,3.33465476688324,Sample_100_GSE162228
scAB,Positive,Neg_ctrl_Sample_97,0.0639673454189153,2160,3.33465476688324,Sample_100_GSE162228
scAB,Positive,Neg_ctrl_Sample_98,0.0570624072801724,2160,3.33465476688324,Sample_100_GSE162228
scAB,Positive,Neg_ctrl_Sample_99,-0.0879959274468333,2160,3.33465476688324,Sample_100_GSE162228
scAB,Positive,Neg_ctrl_Sample_100,-0.140280305971159,2160,3.33465476688324,Sample_100_GSE162228
scPAS,Negative,Neg_ctrl_Sample_1,-0.0598530685608173,152,2.1846914308176,Sample_100_GSE162228
scPAS,Negative,Neg_ctrl_Sample_2,-0.075419622350135,152,2.1846914308176,Sample_100_GSE162228
scPAS,Negative,Neg_ctrl_Sample_3,-0.0348483199531823,152,2.1846914308176,Sample_100_GSE162228
scPAS,Negative,Neg_ctrl_Sample_4,-0.254742614255806,152,2.1846914308176,Sample_100_GSE162228
scPAS,Negative,Neg_ctrl_Sample_5,-0.106755569466438,152,2.1846914308176,Sample_100_GSE162228
scPAS,Negative,Neg_ctrl_Sample_6,-0.158908090053364,152,2.1846914308176,Sample_100_GSE162228
scPAS,Negative,Neg_ctrl_Sample_7,-0.175389194456305,152,2.1846914308176,Sample_100_GSE162228
scPAS,Negative,Neg_ctrl_Sample_8,-0.0140592200046003,152,2.1846914308176,Sample_100_GSE162228
scPAS,Negative,Neg_ctrl_Sample_9,-0.0308835303576218,152,2.1846914308176,Sample_100_GSE162228
scPAS,Negative,Neg_ctrl_Sample_10,0.0852427927791582,152,2.1846914308176,Sample_100_GSE162228
scPAS,Negative,Neg_ctrl_Sample_11,0.140421357189235,152,2.1846914308176,Sample_100_GSE162228
scPAS,Negative,Neg_ctrl_Sample_12,-0.151016951734593,152,2.1846914308176,Sample_100_GSE162228
scPAS,Negative,Neg_ctrl_Sample_13,-0.0781681480602856,152,2.1846914308176,Sample_100_GSE162228
scPAS,Negative,Neg_ctrl_Sample_14,-0.0031377023216827,152,2.1846914308176,Sample_100_GSE162228
scPAS,Negative,Neg_ctrl_Sample_15,-0.0708759067978309,152,2.1846914308176,Sample_100_GSE162228
scPAS,Negative,Neg_ctrl_Sample_16,-0.0365811879350273,152,2.1846914308176,Sample_100_GSE162228
scPAS,Negative,Neg_ctrl_Sample_17,0.148576377137266,152,2.1846914308176,Sample_100_GSE162228
scPAS,Negative,Neg_ctrl_Sample_18,0.209002003872154,152,2.1846914308176,Sample_100_GSE162228
scPAS,Negative,Neg_ctrl_Sample_19,0.247688040562598,152,2.1846914308176,Sample_100_GSE162228
scPAS,Negative,Neg_ctrl_Sample_20,-0.141788296688794,152,2.1846914308176,Sample_100_GSE162228
scPAS,Negative,Neg_ctrl_Sample_21,0.00494048287657047,152,2.1846914308176,Sample_100_GSE162228
scPAS,Negative,Neg_ctrl_Sample_22,0.20376436112794,152,2.1846914308176,Sample_100_GSE162228
scPAS,Negative,Neg_ctrl_Sample_23,-0.0659967907566631,152,2.1846914308176,Sample_100_GSE162228
scPAS,Negative,Neg_ctrl_Sample_24,0.124443205531596,152,2.1846914308176,Sample_100_GSE162228
scPAS,Negative,Neg_ctrl_Sample_25,0.0334090706845645,152,2.1846914308176,Sample_100_GSE162228
scPAS,Negative,Neg_ctrl_Sample_26,0.019558939708777,152,2.1846914308176,Sample_100_GSE162228
scPAS,Negative,Neg_ctrl_Sample_27,-0.0175900387047767,152,2.1846914308176,Sample_100_GSE162228
scPAS,Negative,Neg_ctrl_Sample_28,0.0874112251594135,152,2.1846914308176,Sample_100_GSE162228
scPAS,Negative,Neg_ctrl_Sample_29,0.118552766298518,152,2.1846914308176,Sample_100_GSE162228
scPAS,Negative,Neg_ctrl_Sample_30,-0.0598990444844617,152,2.1846914308176,Sample_100_GSE162228
scPAS,Negative,Neg_ctrl_Sample_31,0.18296760286853,152,2.1846914308176,Sample_100_GSE162228
scPAS,Negative,Neg_ctrl_Sample_32,0.206598809110865,152,2.1846914308176,Sample_100_GSE162228
scPAS,Negative,Neg_ctrl_Sample_33,0.015876532013851,152,2.1846914308176,Sample_100_GSE162228
scPAS,Negative,Neg_ctrl_Sample_34,-0.257289380810079,152,2.1846914308176,Sample_100_GSE162228
scPAS,Negative,Neg_ctrl_Sample_35,0.0133530485359134,152,2.1846914308176,Sample_100_GSE162228
scPAS,Negative,Neg_ctrl_Sample_36,0.0509865017556583,152,2.1846914308176,Sample_100_GSE162228
scPAS,Negative,Neg_ctrl_Sample_37,0.0853541072112856,152,2.1846914308176,Sample_100_GSE162228
scPAS,Negative,Neg_ctrl_Sample_38,0.0762085760048983,152,2.1846914308176,Sample_100_GSE162228
scPAS,Negative,Neg_ctrl_Sample_39,0.101833174403487,152,2.1846914308176,Sample_100_GSE162228
scPAS,Negative,Neg_ctrl_Sample_40,0.164770054764292,152,2.1846914308176,Sample_100_GSE162228
scPAS,Negative,Neg_ctrl_Sample_41,-0.151677507334554,152,2.1846914308176,Sample_100_GSE162228
scPAS,Negative,Neg_ctrl_Sample_42,-0.155134207070239,152,2.1846914308176,Sample_100_GSE162228
scPAS,Negative,Neg_ctrl_Sample_43,0.035837043100018,152,2.1846914308176,Sample_100_GSE162228
scPAS,Negative,Neg_ctrl_Sample_44,0.269026659726316,152,2.1846914308176,Sample_100_GSE162228
scPAS,Negative,Neg_ctrl_Sample_45,-0.000784437223928975,152,2.1846914308176,Sample_100_GSE162228
scPAS,Negative,Neg_ctrl_Sample_46,0.317159006908129,152,2.1846914308176,Sample_100_GSE162228
scPAS,Negative,Neg_ctrl_Sample_47,0.0601343658727705,152,2.1846914308176,Sample_100_GSE162228
scPAS,Negative,Neg_ctrl_Sample_48,-0.00138402846294125,152,2.1846914308176,Sample_100_GSE162228
scPAS,Negative,Neg_ctrl_Sample_49,-0.12948495589258,152,2.1846914308176,Sample_100_GSE162228
scPAS,Negative,Neg_ctrl_Sample_50,-0.0323499580733979,152,2.1846914308176,Sample_100_GSE162228
scPAS,Negative,Neg_ctrl_Sample_51,0.10871109465523,152,2.1846914308176,Sample_100_GSE162228
scPAS,Negative,Neg_ctrl_Sample_52,0.188151183905149,152,2.1846914308176,Sample_100_GSE162228
scPAS,Negative,Neg_ctrl_Sample_53,0.0768702799872038,152,2.1846914308176,Sample_100_GSE162228
scPAS,Negative,Neg_ctrl_Sample_54,0.00702896118204176,152,2.1846914308176,Sample_100_GSE162228
scPAS,Negative,Neg_ctrl_Sample_55,-0.0456035524372417,152,2.1846914308176,Sample_100_GSE162228
scPAS,Negative,Neg_ctrl_Sample_56,0.0750536526490019,152,2.1846914308176,Sample_100_GSE162228
scPAS,Negative,Neg_ctrl_Sample_57,0.0755194218218976,152,2.1846914308176,Sample_100_GSE162228
scPAS,Negative,Neg_ctrl_Sample_58,0.0131366830059316,152,2.1846914308176,Sample_100_GSE162228
scPAS,Negative,Neg_ctrl_Sample_59,0.091930686735494,152,2.1846914308176,Sample_100_GSE162228
scPAS,Negative,Neg_ctrl_Sample_60,0.0556875748038072,152,2.1846914308176,Sample_100_GSE162228
scPAS,Negative,Neg_ctrl_Sample_61,-0.0811969532954486,152,2.1846914308176,Sample_100_GSE162228
scPAS,Negative,Neg_ctrl_Sample_62,-0.088008195037259,152,2.1846914308176,Sample_100_GSE162228
scPAS,Negative,Neg_ctrl_Sample_63,0.144594182831538,152,2.1846914308176,Sample_100_GSE162228
scPAS,Negative,Neg_ctrl_Sample_64,0.00255435310947628,152,2.1846914308176,Sample_100_GSE162228
scPAS,Negative,Neg_ctrl_Sample_65,-0.130877926444333,152,2.1846914308176,Sample_100_GSE162228
scPAS,Negative,Neg_ctrl_Sample_66,0.0209544888863675,152,2.1846914308176,Sample_100_GSE162228
scPAS,Negative,Neg_ctrl_Sample_67,0.345257879723774,152,2.1846914308176,Sample_100_GSE162228
scPAS,Negative,Neg_ctrl_Sample_68,-0.000507030242724913,152,2.1846914308176,Sample_100_GSE162228
scPAS,Negative,Neg_ctrl_Sample_69,-0.0985018317243138,152,2.1846914308176,Sample_100_GSE162228
scPAS,Negative,Neg_ctrl_Sample_70,0.0584624240170054,152,2.1846914308176,Sample_100_GSE162228
scPAS,Negative,Neg_ctrl_Sample_71,-0.131780628141429,152,2.1846914308176,Sample_100_GSE162228
scPAS,Negative,Neg_ctrl_Sample_72,-0.117495025987873,152,2.1846914308176,Sample_100_GSE162228
scPAS,Negative,Neg_ctrl_Sample_73,0.139356720978,152,2.1846914308176,Sample_100_GSE162228
scPAS,Negative,Neg_ctrl_Sample_74,-0.109465857303998,152,2.1846914308176,Sample_100_GSE162228
scPAS,Negative,Neg_ctrl_Sample_75,0.0860633475568757,152,2.1846914308176,Sample_100_GSE162228
scPAS,Negative,Neg_ctrl_Sample_76,0.00644711345403297,152,2.1846914308176,Sample_100_GSE162228
scPAS,Negative,Neg_ctrl_Sample_77,0.143284797132816,152,2.1846914308176,Sample_100_GSE162228
scPAS,Negative,Neg_ctrl_Sample_78,-0.000310332657172471,152,2.1846914308176,Sample_100_GSE162228
scPAS,Negative,Neg_ctrl_Sample_79,-0.147964049296755,152,2.1846914308176,Sample_100_GSE162228
scPAS,Negative,Neg_ctrl_Sample_80,-0.0232742794821965,152,2.1846914308176,Sample_100_GSE162228
scPAS,Negative,Neg_ctrl_Sample_81,0.0416367557932974,152,2.1846914308176,Sample_100_GSE162228
scPAS,Negative,Neg_ctrl_Sample_82,-0.0462488990746992,152,2.1846914308176,Sample_100_GSE162228
scPAS,Negative,Neg_ctrl_Sample_83,0.0796086402239125,152,2.1846914308176,Sample_100_GSE162228
scPAS,Negative,Neg_ctrl_Sample_84,0.0882192095431038,152,2.1846914308176,Sample_100_GSE162228
scPAS,Negative,Neg_ctrl_Sample_85,-0.0212401210768056,152,2.1846914308176,Sample_100_GSE162228
scPAS,Negative,Neg_ctrl_Sample_86,-0.06563809598886,152,2.1846914308176,Sample_100_GSE162228
scPAS,Negative,Neg_ctrl_Sample_87,-0.129644934013688,152,2.1846914308176,Sample_100_GSE162228
scPAS,Negative,Neg_ctrl_Sample_88,0.183974074001234,152,2.1846914308176,Sample_100_GSE162228
scPAS,Negative,Neg_ctrl_Sample_89,-0.159383828723818,152,2.1846914308176,Sample_100_GSE162228
scPAS,Negative,Neg_ctrl_Sample_90,0.106773849003318,152,2.1846914308176,Sample_100_GSE162228
scPAS,Negative,Neg_ctrl_Sample_91,-0.0402268320628473,152,2.1846914308176,Sample_100_GSE162228
scPAS,Negative,Neg_ctrl_Sample_92,-0.160751646114298,152,2.1846914308176,Sample_100_GSE162228
scPAS,Negative,Neg_ctrl_Sample_93,-0.129801967521884,152,2.1846914308176,Sample_100_GSE162228
scPAS,Negative,Neg_ctrl_Sample_94,0.0295933456491657,152,2.1846914308176,Sample_100_GSE162228
scPAS,Negative,Neg_ctrl_Sample_95,-0.104964887726873,152,2.1846914308176,Sample_100_GSE162228
scPAS,Negative,Neg_ctrl_Sample_96,-0.0943906928460194,152,2.1846914308176,Sample_100_GSE162228
scPAS,Negative,Neg_ctrl_Sample_97,0.0478949181402452,152,2.1846914308176,Sample_100_GSE162228
scPAS,Negative,Neg_ctrl_Sample_98,0.0212613939097794,152,2.1846914308176,Sample_100_GSE162228
scPAS,Negative,Neg_ctrl_Sample_99,-0.110492972594522,152,2.1846914308176,Sample_100_GSE162228
scPAS,Negative,Neg_ctrl_Sample_100,-0.164962221359048,152,2.1846914308176,Sample_100_GSE162228
scPAS,Neutral,Neg_ctrl_Sample_1,-0.0525173770456111,31692,4.50096335063806,Sample_100_GSE162228
scPAS,Neutral,Neg_ctrl_Sample_2,-0.0498160154074282,31692,4.50096335063806,Sample_100_GSE162228
scPAS,Neutral,Neg_ctrl_Sample_3,-0.0245787332628039,31692,4.50096335063806,Sample_100_GSE162228
scPAS,Neutral,Neg_ctrl_Sample_4,-0.225748603221432,31692,4.50096335063806,Sample_100_GSE162228
scPAS,Neutral,Neg_ctrl_Sample_5,-0.0897366312125443,31692,4.50096335063806,Sample_100_GSE162228
scPAS,Neutral,Neg_ctrl_Sample_6,-0.142479078137371,31692,4.50096335063806,Sample_100_GSE162228
scPAS,Neutral,Neg_ctrl_Sample_7,-0.166191907218674,31692,4.50096335063806,Sample_100_GSE162228
scPAS,Neutral,Neg_ctrl_Sample_8,-0.00609200837753317,31692,4.50096335063806,Sample_100_GSE162228
scPAS,Neutral,Neg_ctrl_Sample_9,-0.00778178797586459,31692,4.50096335063806,Sample_100_GSE162228
scPAS,Neutral,Neg_ctrl_Sample_10,0.0960086534858929,31692,4.50096335063806,Sample_100_GSE162228
scPAS,Neutral,Neg_ctrl_Sample_11,0.148757611250232,31692,4.50096335063806,Sample_100_GSE162228
scPAS,Neutral,Neg_ctrl_Sample_12,-0.126794149062647,31692,4.50096335063806,Sample_100_GSE162228
scPAS,Neutral,Neg_ctrl_Sample_13,-0.0635850920637065,31692,4.50096335063806,Sample_100_GSE162228
scPAS,Neutral,Neg_ctrl_Sample_14,0.031876621045145,31692,4.50096335063806,Sample_100_GSE162228
scPAS,Neutral,Neg_ctrl_Sample_15,-0.0736583452938841,31692,4.50096335063806,Sample_100_GSE162228
scPAS,Neutral,Neg_ctrl_Sample_16,-0.0230902560698843,31692,4.50096335063806,Sample_100_GSE162228
scPAS,Neutral,Neg_ctrl_Sample_17,0.167538882550018,31692,4.50096335063806,Sample_100_GSE162228
scPAS,Neutral,Neg_ctrl_Sample_18,0.199189192885182,31692,4.50096335063806,Sample_100_GSE162228
scPAS,Neutral,Neg_ctrl_Sample_19,0.232148060537388,31692,4.50096335063806,Sample_100_GSE162228
scPAS,Neutral,Neg_ctrl_Sample_20,-0.129318482448504,31692,4.50096335063806,Sample_100_GSE162228
scPAS,Neutral,Neg_ctrl_Sample_21,-0.0277388199355804,31692,4.50096335063806,Sample_100_GSE162228
scPAS,Neutral,Neg_ctrl_Sample_22,0.205203614102408,31692,4.50096335063806,Sample_100_GSE162228
scPAS,Neutral,Neg_ctrl_Sample_23,-0.0366106513826569,31692,4.50096335063806,Sample_100_GSE162228
scPAS,Neutral,Neg_ctrl_Sample_24,0.13455880520788,31692,4.50096335063806,Sample_100_GSE162228
scPAS,Neutral,Neg_ctrl_Sample_25,0.0553584067872739,31692,4.50096335063806,Sample_100_GSE162228
scPAS,Neutral,Neg_ctrl_Sample_26,0.0319162704979913,31692,4.50096335063806,Sample_100_GSE162228
scPAS,Neutral,Neg_ctrl_Sample_27,0.00277689325855453,31692,4.50096335063806,Sample_100_GSE162228
scPAS,Neutral,Neg_ctrl_Sample_28,0.0936149372682917,31692,4.50096335063806,Sample_100_GSE162228
scPAS,Neutral,Neg_ctrl_Sample_29,0.120726809780319,31692,4.50096335063806,Sample_100_GSE162228
scPAS,Neutral,Neg_ctrl_Sample_30,-0.0526655914657669,31692,4.50096335063806,Sample_100_GSE162228
scPAS,Neutral,Neg_ctrl_Sample_31,0.200525985546801,31692,4.50096335063806,Sample_100_GSE162228
scPAS,Neutral,Neg_ctrl_Sample_32,0.235552799682169,31692,4.50096335063806,Sample_100_GSE162228
scPAS,Neutral,Neg_ctrl_Sample_33,0.0171150506275393,31692,4.50096335063806,Sample_100_GSE162228
scPAS,Neutral,Neg_ctrl_Sample_34,-0.231462497440428,31692,4.50096335063806,Sample_100_GSE162228
scPAS,Neutral,Neg_ctrl_Sample_35,0.0390145736491408,31692,4.50096335063806,Sample_100_GSE162228
scPAS,Neutral,Neg_ctrl_Sample_36,0.0634257261235043,31692,4.50096335063806,Sample_100_GSE162228
scPAS,Neutral,Neg_ctrl_Sample_37,0.078402990767957,31692,4.50096335063806,Sample_100_GSE162228
scPAS,Neutral,Neg_ctrl_Sample_38,0.0711374983339136,31692,4.50096335063806,Sample_100_GSE162228
scPAS,Neutral,Neg_ctrl_Sample_39,0.1114029910681,31692,4.50096335063806,Sample_100_GSE162228
scPAS,Neutral,Neg_ctrl_Sample_40,0.1694394084495,31692,4.50096335063806,Sample_100_GSE162228
scPAS,Neutral,Neg_ctrl_Sample_41,-0.137067115430585,31692,4.50096335063806,Sample_100_GSE162228
scPAS,Neutral,Neg_ctrl_Sample_42,-0.146385494899058,31692,4.50096335063806,Sample_100_GSE162228
scPAS,Neutral,Neg_ctrl_Sample_43,0.0410227418076064,31692,4.50096335063806,Sample_100_GSE162228
scPAS,Neutral,Neg_ctrl_Sample_44,0.272180245525637,31692,4.50096335063806,Sample_100_GSE162228
scPAS,Neutral,Neg_ctrl_Sample_45,0.0180362881670169,31692,4.50096335063806,Sample_100_GSE162228
scPAS,Neutral,Neg_ctrl_Sample_46,0.309925854928922,31692,4.50096335063806,Sample_100_GSE162228
scPAS,Neutral,Neg_ctrl_Sample_47,0.052259791542631,31692,4.50096335063806,Sample_100_GSE162228
scPAS,Neutral,Neg_ctrl_Sample_48,0.017556739762988,31692,4.50096335063806,Sample_100_GSE162228
scPAS,Neutral,Neg_ctrl_Sample_49,-0.112383154784899,31692,4.50096335063806,Sample_100_GSE162228
scPAS,Neutral,Neg_ctrl_Sample_50,-0.0107890387582647,31692,4.50096335063806,Sample_100_GSE162228
scPAS,Neutral,Neg_ctrl_Sample_51,0.114441362236378,31692,4.50096335063806,Sample_100_GSE162228
scPAS,Neutral,Neg_ctrl_Sample_52,0.20551465261053,31692,4.50096335063806,Sample_100_GSE162228
scPAS,Neutral,Neg_ctrl_Sample_53,0.0903247900174765,31692,4.50096335063806,Sample_100_GSE162228
scPAS,Neutral,Neg_ctrl_Sample_54,0.0164738182502482,31692,4.50096335063806,Sample_100_GSE162228
scPAS,Neutral,Neg_ctrl_Sample_55,-0.0215806121938114,31692,4.50096335063806,Sample_100_GSE162228
scPAS,Neutral,Neg_ctrl_Sample_56,0.086157477712266,31692,4.50096335063806,Sample_100_GSE162228
scPAS,Neutral,Neg_ctrl_Sample_57,0.0917511965802172,31692,4.50096335063806,Sample_100_GSE162228
scPAS,Neutral,Neg_ctrl_Sample_58,0.0260132244442778,31692,4.50096335063806,Sample_100_GSE162228
scPAS,Neutral,Neg_ctrl_Sample_59,0.0957598520180134,31692,4.50096335063806,Sample_100_GSE162228
scPAS,Neutral,Neg_ctrl_Sample_60,0.0735504882094168,31692,4.50096335063806,Sample_100_GSE162228
scPAS,Neutral,Neg_ctrl_Sample_61,-0.0659840355035843,31692,4.50096335063806,Sample_100_GSE162228
scPAS,Neutral,Neg_ctrl_Sample_62,-0.0756723012785957,31692,4.50096335063806,Sample_100_GSE162228
scPAS,Neutral,Neg_ctrl_Sample_63,0.145096631230474,31692,4.50096335063806,Sample_100_GSE162228
scPAS,Neutral,Neg_ctrl_Sample_64,0.0283193769841145,31692,4.50096335063806,Sample_100_GSE162228
scPAS,Neutral,Neg_ctrl_Sample_65,-0.116258946534471,31692,4.50096335063806,Sample_100_GSE162228
scPAS,Neutral,Neg_ctrl_Sample_66,0.0150475560481775,31692,4.50096335063806,Sample_100_GSE162228
scPAS,Neutral,Neg_ctrl_Sample_67,0.335702870973257,31692,4.50096335063806,Sample_100_GSE162228
scPAS,Neutral,Neg_ctrl_Sample_68,0.0186597019711568,31692,4.50096335063806,Sample_100_GSE162228
scPAS,Neutral,Neg_ctrl_Sample_69,-0.0793149649694075,31692,4.50096335063806,Sample_100_GSE162228
scPAS,Neutral,Neg_ctrl_Sample_70,0.0747224018488997,31692,4.50096335063806,Sample_100_GSE162228
scPAS,Neutral,Neg_ctrl_Sample_71,-0.120890565711131,31692,4.50096335063806,Sample_100_GSE162228
scPAS,Neutral,Neg_ctrl_Sample_72,-0.111386015369429,31692,4.50096335063806,Sample_100_GSE162228
scPAS,Neutral,Neg_ctrl_Sample_73,0.146078810699917,31692,4.50096335063806,Sample_100_GSE162228
scPAS,Neutral,Neg_ctrl_Sample_74,-0.0970182617918142,31692,4.50096335063806,Sample_100_GSE162228
scPAS,Neutral,Neg_ctrl_Sample_75,0.102535923767735,31692,4.50096335063806,Sample_100_GSE162228
scPAS,Neutral,Neg_ctrl_Sample_76,0.0178525454775438,31692,4.50096335063806,Sample_100_GSE162228
scPAS,Neutral,Neg_ctrl_Sample_77,0.156299495843322,31692,4.50096335063806,Sample_100_GSE162228
scPAS,Neutral,Neg_ctrl_Sample_78,0.00946575245795717,31692,4.50096335063806,Sample_100_GSE162228
scPAS,Neutral,Neg_ctrl_Sample_79,-0.130807834933432,31692,4.50096335063806,Sample_100_GSE162228
scPAS,Neutral,Neg_ctrl_Sample_80,-0.0301011814359345,31692,4.50096335063806,Sample_100_GSE162228
scPAS,Neutral,Neg_ctrl_Sample_81,0.0461378287932118,31692,4.50096335063806,Sample_100_GSE162228
scPAS,Neutral,Neg_ctrl_Sample_82,-0.0286659319025274,31692,4.50096335063806,Sample_100_GSE162228
scPAS,Neutral,Neg_ctrl_Sample_83,0.0877592947879299,31692,4.50096335063806,Sample_100_GSE162228
scPAS,Neutral,Neg_ctrl_Sample_84,0.106332102775746,31692,4.50096335063806,Sample_100_GSE162228
scPAS,Neutral,Neg_ctrl_Sample_85,-0.00935491210914564,31692,4.50096335063806,Sample_100_GSE162228
scPAS,Neutral,Neg_ctrl_Sample_86,-0.062818426324922,31692,4.50096335063806,Sample_100_GSE162228
scPAS,Neutral,Neg_ctrl_Sample_87,-0.1118026230679,31692,4.50096335063806,Sample_100_GSE162228
scPAS,Neutral,Neg_ctrl_Sample_88,0.174470073771521,31692,4.50096335063806,Sample_100_GSE162228
scPAS,Neutral,Neg_ctrl_Sample_89,-0.137655881766345,31692,4.50096335063806,Sample_100_GSE162228
scPAS,Neutral,Neg_ctrl_Sample_90,0.133701262791643,31692,4.50096335063806,Sample_100_GSE162228
scPAS,Neutral,Neg_ctrl_Sample_91,-0.0360385722288026,31692,4.50096335063806,Sample_100_GSE162228
scPAS,Neutral,Neg_ctrl_Sample_92,-0.143409664978264,31692,4.50096335063806,Sample_100_GSE162228
scPAS,Neutral,Neg_ctrl_Sample_93,-0.120029009263021,31692,4.50096335063806,Sample_100_GSE162228
scPAS,Neutral,Neg_ctrl_Sample_94,0.0316393988585344,31692,4.50096335063806,Sample_100_GSE162228
scPAS,Neutral,Neg_ctrl_Sample_95,-0.0953370786403136,31692,4.50096335063806,Sample_100_GSE162228
scPAS,Neutral,Neg_ctrl_Sample_96,-0.0723913529259305,31692,4.50096335063806,Sample_100_GSE162228
scPAS,Neutral,Neg_ctrl_Sample_97,0.0534967052011279,31692,4.50096335063806,Sample_100_GSE162228
scPAS,Neutral,Neg_ctrl_Sample_98,0.0361901488274629,31692,4.50096335063806,Sample_100_GSE162228
scPAS,Neutral,Neg_ctrl_Sample_99,-0.101884878301431,31692,4.50096335063806,Sample_100_GSE162228
scPAS,Neutral,Neg_ctrl_Sample_100,-0.14986037982352,31692,4.50096335063806,Sample_100_GSE162228
scPAS,Positive,Neg_ctrl_Sample_1,-0.0692294285059608,28,1.46239799789896,Sample_100_GSE162228
scPAS,Positive,Neg_ctrl_Sample_2,-0.0891777536875852,28,1.46239799789896,Sample_100_GSE162228
scPAS,Positive,Neg_ctrl_Sample_3,-0.0464563328816706,28,1.46239799789896,Sample_100_GSE162228
scPAS,Positive,Neg_ctrl_Sample_4,-0.247649117957506,28,1.46239799789896,Sample_100_GSE162228
scPAS,Positive,Neg_ctrl_Sample_5,-0.110828534073535,28,1.46239799789896,Sample_100_GSE162228
scPAS,Positive,Neg_ctrl_Sample_6,-0.16505780091103,28,1.46239799789896,Sample_100_GSE162228
scPAS,Positive,Neg_ctrl_Sample_7,-0.192747622211841,28,1.46239799789896,Sample_100_GSE162228
scPAS,Positive,Neg_ctrl_Sample_8,-0.00356568511463083,28,1.46239799789896,Sample_100_GSE162228
scPAS,Positive,Neg_ctrl_Sample_9,-0.0415540441937907,28,1.46239799789896,Sample_100_GSE162228
scPAS,Positive,Neg_ctrl_Sample_10,0.077338827603882,28,1.46239799789896,Sample_100_GSE162228
scPAS,Positive,Neg_ctrl_Sample_11,0.140920371307202,28,1.46239799789896,Sample_100_GSE162228
scPAS,Positive,Neg_ctrl_Sample_12,-0.145402518064449,28,1.46239799789896,Sample_100_GSE162228
scPAS,Positive,Neg_ctrl_Sample_13,-0.0664613786282031,28,1.46239799789896,Sample_100_GSE162228
scPAS,Positive,Neg_ctrl_Sample_14,-0.00160905893007566,28,1.46239799789896,Sample_100_GSE162228
scPAS,Positive,Neg_ctrl_Sample_15,-0.0805669303324265,28,1.46239799789896,Sample_100_GSE162228
scPAS,Positive,Neg_ctrl_Sample_16,-0.0429083946807716,28,1.46239799789896,Sample_100_GSE162228
scPAS,Positive,Neg_ctrl_Sample_17,0.163433147036845,28,1.46239799789896,Sample_100_GSE162228
scPAS,Positive,Neg_ctrl_Sample_18,0.200629754714674,28,1.46239799789896,Sample_100_GSE162228
scPAS,Positive,Neg_ctrl_Sample_19,0.246213003242893,28,1.46239799789896,Sample_100_GSE162228
scPAS,Positive,Neg_ctrl_Sample_20,-0.147247994575647,28,1.46239799789896,Sample_100_GSE162228
scPAS,Positive,Neg_ctrl_Sample_21,-0.0173138460025798,28,1.46239799789896,Sample_100_GSE162228
scPAS,Positive,Neg_ctrl_Sample_22,0.184744907933804,28,1.46239799789896,Sample_100_GSE162228
scPAS,Positive,Neg_ctrl_Sample_23,-0.0876003477447785,28,1.46239799789896,Sample_100_GSE162228
scPAS,Positive,Neg_ctrl_Sample_24,0.125129811501329,28,1.46239799789896,Sample_100_GSE162228
scPAS,Positive,Neg_ctrl_Sample_25,0.029477059476365,28,1.46239799789896,Sample_100_GSE162228
scPAS,Positive,Neg_ctrl_Sample_26,0.0173210261034901,28,1.46239799789896,Sample_100_GSE162228
scPAS,Positive,Neg_ctrl_Sample_27,-0.0198494605645493,28,1.46239799789896,Sample_100_GSE162228
scPAS,Positive,Neg_ctrl_Sample_28,0.093253292296118,28,1.46239799789896,Sample_100_GSE162228
scPAS,Positive,Neg_ctrl_Sample_29,0.117630058495207,28,1.46239799789896,Sample_100_GSE162228
scPAS,Positive,Neg_ctrl_Sample_30,-0.0750175198134743,28,1.46239799789896,Sample_100_GSE162228
scPAS,Positive,Neg_ctrl_Sample_31,0.182772888705856,28,1.46239799789896,Sample_100_GSE162228
scPAS,Positive,Neg_ctrl_Sample_32,0.18982886959766,28,1.46239799789896,Sample_100_GSE162228
scPAS,Positive,Neg_ctrl_Sample_33,0.000169935311368962,28,1.46239799789896,Sample_100_GSE162228
scPAS,Positive,Neg_ctrl_Sample_34,-0.265170717703981,28,1.46239799789896,Sample_100_GSE162228
scPAS,Positive,Neg_ctrl_Sample_35,0.0359491474514474,28,1.46239799789896,Sample_100_GSE162228
scPAS,Positive,Neg_ctrl_Sample_36,0.0479814471408069,28,1.46239799789896,Sample_100_GSE162228
scPAS,Positive,Neg_ctrl_Sample_37,0.0792417757037342,28,1.46239799789896,Sample_100_GSE162228
scPAS,Positive,Neg_ctrl_Sample_38,0.0730156550545056,28,1.46239799789896,Sample_100_GSE162228
scPAS,Positive,Neg_ctrl_Sample_39,0.110148372139705,28,1.46239799789896,Sample_100_GSE162228
scPAS,Positive,Neg_ctrl_Sample_40,0.153506506963157,28,1.46239799789896,Sample_100_GSE162228
scPAS,Positive,Neg_ctrl_Sample_41,-0.175457973076727,28,1.46239799789896,Sample_100_GSE162228
scPAS,Positive,Neg_ctrl_Sample_42,-0.163801312932385,28,1.46239799789896,Sample_100_GSE162228
scPAS,Positive,Neg_ctrl_Sample_43,0.0259757635848461,28,1.46239799789896,Sample_100_GSE162228
scPAS,Positive,Neg_ctrl_Sample_44,0.268381077015561,28,1.46239799789896,Sample_100_GSE162228
scPAS,Positive,Neg_ctrl_Sample_45,-0.00183829533589676,28,1.46239799789896,Sample_100_GSE162228
scPAS,Positive,Neg_ctrl_Sample_46,0.332516188992748,28,1.46239799789896,Sample_100_GSE162228
scPAS,Positive,Neg_ctrl_Sample_47,0.0453580735001406,28,1.46239799789896,Sample_100_GSE162228
scPAS,Positive,Neg_ctrl_Sample_48,0.0274481260827179,28,1.46239799789896,Sample_100_GSE162228
scPAS,Positive,Neg_ctrl_Sample_49,-0.142782593429215,28,1.46239799789896,Sample_100_GSE162228
scPAS,Positive,Neg_ctrl_Sample_50,-0.0386157562505858,28,1.46239799789896,Sample_100_GSE162228
scPAS,Positive,Neg_ctrl_Sample_51,0.106171848738757,28,1.46239799789896,Sample_100_GSE162228
scPAS,Positive,Neg_ctrl_Sample_52,0.178007550503628,28,1.46239799789896,Sample_100_GSE162228
scPAS,Positive,Neg_ctrl_Sample_53,0.0785416261523498,28,1.46239799789896,Sample_100_GSE162228
scPAS,Positive,Neg_ctrl_Sample_54,-0.00315045150495564,28,1.46239799789896,Sample_100_GSE162228
scPAS,Positive,Neg_ctrl_Sample_55,-0.0341443372478887,28,1.46239799789896,Sample_100_GSE162228
scPAS,Positive,Neg_ctrl_Sample_56,0.0721487242006528,28,1.46239799789896,Sample_100_GSE162228
scPAS,Positive,Neg_ctrl_Sample_57,0.0770299650783887,28,1.46239799789896,Sample_100_GSE162228
scPAS,Positive,Neg_ctrl_Sample_58,0.0112674683519652,28,1.46239799789896,Sample_100_GSE162228
scPAS,Positive,Neg_ctrl_Sample_59,0.0846913946274023,28,1.46239799789896,Sample_100_GSE162228
scPAS,Positive,Neg_ctrl_Sample_60,0.0429581053651885,28,1.46239799789896,Sample_100_GSE162228
scPAS,Positive,Neg_ctrl_Sample_61,-0.0816644173971629,28,1.46239799789896,Sample_100_GSE162228
scPAS,Positive,Neg_ctrl_Sample_62,-0.104371346447924,28,1.46239799789896,Sample_100_GSE162228
scPAS,Positive,Neg_ctrl_Sample_63,0.131940337863002,28,1.46239799789896,Sample_100_GSE162228
scPAS,Positive,Neg_ctrl_Sample_64,-0.00532424087662294,28,1.46239799789896,Sample_100_GSE162228
scPAS,Positive,Neg_ctrl_Sample_65,-0.150316629437208,28,1.46239799789896,Sample_100_GSE162228
scPAS,Positive,Neg_ctrl_Sample_66,-0.00526798288961933,28,1.46239799789896,Sample_100_GSE162228
scPAS,Positive,Neg_ctrl_Sample_67,0.339454627601411,28,1.46239799789896,Sample_100_GSE162228
scPAS,Positive,Neg_ctrl_Sample_68,-0.00283955603318674,28,1.46239799789896,Sample_100_GSE162228
scPAS,Positive,Neg_ctrl_Sample_69,-0.0941992809497035,28,1.46239799789896,Sample_100_GSE162228
scPAS,Positive,Neg_ctrl_Sample_70,0.0653500112114832,28,1.46239799789896,Sample_100_GSE162228
scPAS,Positive,Neg_ctrl_Sample_71,-0.131251703738857,28,1.46239799789896,Sample_100_GSE162228
scPAS,Positive,Neg_ctrl_Sample_72,-0.123087649816098,28,1.46239799789896,Sample_100_GSE162228
scPAS,Positive,Neg_ctrl_Sample_73,0.132122345239285,28,1.46239799789896,Sample_100_GSE162228
scPAS,Positive,Neg_ctrl_Sample_74,-0.120358380525124,28,1.46239799789896,Sample_100_GSE162228
scPAS,Positive,Neg_ctrl_Sample_75,0.0784373495653874,28,1.46239799789896,Sample_100_GSE162228
scPAS,Positive,Neg_ctrl_Sample_76,-0.0137299037852946,28,1.46239799789896,Sample_100_GSE162228
scPAS,Positive,Neg_ctrl_Sample_77,0.144553542348386,28,1.46239799789896,Sample_100_GSE162228
scPAS,Positive,Neg_ctrl_Sample_78,-0.000631798751984441,28,1.46239799789896,Sample_100_GSE162228
scPAS,Positive,Neg_ctrl_Sample_79,-0.163974748972919,28,1.46239799789896,Sample_100_GSE162228
scPAS,Positive,Neg_ctrl_Sample_80,-0.0085629706471098,28,1.46239799789896,Sample_100_GSE162228
scPAS,Positive,Neg_ctrl_Sample_81,0.0384159652677752,28,1.46239799789896,Sample_100_GSE162228
scPAS,Positive,Neg_ctrl_Sample_82,-0.0387457578542399,28,1.46239799789896,Sample_100_GSE162228
scPAS,Positive,Neg_ctrl_Sample_83,0.066709245075202,28,1.46239799789896,Sample_100_GSE162228
scPAS,Positive,Neg_ctrl_Sample_84,0.0944423175459119,28,1.46239799789896,Sample_100_GSE162228
scPAS,Positive,Neg_ctrl_Sample_85,-0.00749175728334108,28,1.46239799789896,Sample_100_GSE162228
scPAS,Positive,Neg_ctrl_Sample_86,-0.0727890022580214,28,1.46239799789896,Sample_100_GSE162228
scPAS,Positive,Neg_ctrl_Sample_87,-0.137933717714457,28,1.46239799789896,Sample_100_GSE162228
scPAS,Positive,Neg_ctrl_Sample_88,0.16714798598004,28,1.46239799789896,Sample_100_GSE162228
scPAS,Positive,Neg_ctrl_Sample_89,-0.180535947691661,28,1.46239799789896,Sample_100_GSE162228
scPAS,Positive,Neg_ctrl_Sample_90,0.112836100375932,28,1.46239799789896,Sample_100_GSE162228
scPAS,Positive,Neg_ctrl_Sample_91,-0.048962962721599,28,1.46239799789896,Sample_100_GSE162228
scPAS,Positive,Neg_ctrl_Sample_92,-0.176037281144527,28,1.46239799789896,Sample_100_GSE162228
scPAS,Positive,Neg_ctrl_Sample_93,-0.138370956227322,28,1.46239799789896,Sample_100_GSE162228
scPAS,Positive,Neg_ctrl_Sample_94,0.0202033529952728,28,1.46239799789896,Sample_100_GSE162228
scPAS,Positive,Neg_ctrl_Sample_95,-0.105098051287572,28,1.46239799789896,Sample_100_GSE162228
scPAS,Positive,Neg_ctrl_Sample_96,-0.107432780575228,28,1.46239799789896,Sample_100_GSE162228
scPAS,Positive,Neg_ctrl_Sample_97,0.053281263489781,28,1.46239799789896,Sample_100_GSE162228
scPAS,Positive,Neg_ctrl_Sample_98,0.00906093866424646,28,1.46239799789896,Sample_100_GSE162228
scPAS,Positive,Neg_ctrl_Sample_99,-0.12206022836616,28,1.46239799789896,Sample_100_GSE162228
scPAS,Positive,Neg_ctrl_Sample_100,-0.15730076251858,28,1.46239799789896,Sample_100_GSE162228
scPP,Negative,Neg_ctrl_Sample_1,-0.0517230796833153,1907,3.28057837036808,Sample_100_GSE162228
scPP,Negative,Neg_ctrl_Sample_2,-0.0616381261170484,1907,3.28057837036808,Sample_100_GSE162228
scPP,Negative,Neg_ctrl_Sample_3,-0.0225579195803029,1907,3.28057837036808,Sample_100_GSE162228
scPP,Negative,Neg_ctrl_Sample_4,-0.230276331646482,1907,3.28057837036808,Sample_100_GSE162228
scPP,Negative,Neg_ctrl_Sample_5,-0.0995182370908099,1907,3.28057837036808,Sample_100_GSE162228
scPP,Negative,Neg_ctrl_Sample_6,-0.13772647055216,1907,3.28057837036808,Sample_100_GSE162228
scPP,Negative,Neg_ctrl_Sample_7,-0.170890602122614,1907,3.28057837036808,Sample_100_GSE162228
scPP,Negative,Neg_ctrl_Sample_8,-0.00386868855196304,1907,3.28057837036808,Sample_100_GSE162228
scPP,Negative,Neg_ctrl_Sample_9,-0.0257445093967024,1907,3.28057837036808,Sample_100_GSE162228
scPP,Negative,Neg_ctrl_Sample_10,0.099052110954277,1907,3.28057837036808,Sample_100_GSE162228
scPP,Negative,Neg_ctrl_Sample_11,0.150249009301675,1907,3.28057837036808,Sample_100_GSE162228
scPP,Negative,Neg_ctrl_Sample_12,-0.14246634996531,1907,3.28057837036808,Sample_100_GSE162228
scPP,Negative,Neg_ctrl_Sample_13,-0.0685646845173465,1907,3.28057837036808,Sample_100_GSE162228
scPP,Negative,Neg_ctrl_Sample_14,0.0280292723029229,1907,3.28057837036808,Sample_100_GSE162228
scPP,Negative,Neg_ctrl_Sample_15,-0.0714948588560215,1907,3.28057837036808,Sample_100_GSE162228
scPP,Negative,Neg_ctrl_Sample_16,-0.0097897173197747,1907,3.28057837036808,Sample_100_GSE162228
scPP,Negative,Neg_ctrl_Sample_17,0.156071279727757,1907,3.28057837036808,Sample_100_GSE162228
scPP,Negative,Neg_ctrl_Sample_18,0.20941209231212,1907,3.28057837036808,Sample_100_GSE162228
scPP,Negative,Neg_ctrl_Sample_19,0.240518626827815,1907,3.28057837036808,Sample_100_GSE162228
scPP,Negative,Neg_ctrl_Sample_20,-0.139978720879539,1907,3.28057837036808,Sample_100_GSE162228
scPP,Negative,Neg_ctrl_Sample_21,-0.013669450154536,1907,3.28057837036808,Sample_100_GSE162228
scPP,Negative,Neg_ctrl_Sample_22,0.203932948054059,1907,3.28057837036808,Sample_100_GSE162228
scPP,Negative,Neg_ctrl_Sample_23,-0.0506068096293939,1907,3.28057837036808,Sample_100_GSE162228
scPP,Negative,Neg_ctrl_Sample_24,0.137069667879804,1907,3.28057837036808,Sample_100_GSE162228
scPP,Negative,Neg_ctrl_Sample_25,0.0419842399899389,1907,3.28057837036808,Sample_100_GSE162228
scPP,Negative,Neg_ctrl_Sample_26,0.0264659189756424,1907,3.28057837036808,Sample_100_GSE162228
scPP,Negative,Neg_ctrl_Sample_27,0.00588846546700349,1907,3.28057837036808,Sample_100_GSE162228
scPP,Negative,Neg_ctrl_Sample_28,0.0840273279443308,1907,3.28057837036808,Sample_100_GSE162228
scPP,Negative,Neg_ctrl_Sample_29,0.122889701707055,1907,3.28057837036808,Sample_100_GSE162228
scPP,Negative,Neg_ctrl_Sample_30,-0.0422919997767571,1907,3.28057837036808,Sample_100_GSE162228
scPP,Negative,Neg_ctrl_Sample_31,0.19557725395182,1907,3.28057837036808,Sample_100_GSE162228
scPP,Negative,Neg_ctrl_Sample_32,0.229034070171898,1907,3.28057837036808,Sample_100_GSE162228
scPP,Negative,Neg_ctrl_Sample_33,0.0228892748065887,1907,3.28057837036808,Sample_100_GSE162228
scPP,Negative,Neg_ctrl_Sample_34,-0.246245943537183,1907,3.28057837036808,Sample_100_GSE162228
scPP,Negative,Neg_ctrl_Sample_35,0.0266957039726265,1907,3.28057837036808,Sample_100_GSE162228
scPP,Negative,Neg_ctrl_Sample_36,0.0661579688333149,1907,3.28057837036808,Sample_100_GSE162228
scPP,Negative,Neg_ctrl_Sample_37,0.0931138851555689,1907,3.28057837036808,Sample_100_GSE162228
scPP,Negative,Neg_ctrl_Sample_38,0.0807176689435738,1907,3.28057837036808,Sample_100_GSE162228
scPP,Negative,Neg_ctrl_Sample_39,0.108625728699506,1907,3.28057837036808,Sample_100_GSE162228
scPP,Negative,Neg_ctrl_Sample_40,0.165830000637037,1907,3.28057837036808,Sample_100_GSE162228
scPP,Negative,Neg_ctrl_Sample_41,-0.142853119505116,1907,3.28057837036808,Sample_100_GSE162228
scPP,Negative,Neg_ctrl_Sample_42,-0.148737840186919,1907,3.28057837036808,Sample_100_GSE162228
scPP,Negative,Neg_ctrl_Sample_43,0.042436213485251,1907,3.28057837036808,Sample_100_GSE162228
scPP,Negative,Neg_ctrl_Sample_44,0.275026100613846,1907,3.28057837036808,Sample_100_GSE162228
scPP,Negative,Neg_ctrl_Sample_45,0.010598405543387,1907,3.28057837036808,Sample_100_GSE162228
scPP,Negative,Neg_ctrl_Sample_46,0.308780418572503,1907,3.28057837036808,Sample_100_GSE162228
scPP,Negative,Neg_ctrl_Sample_47,0.0646873348129221,1907,3.28057837036808,Sample_100_GSE162228
scPP,Negative,Neg_ctrl_Sample_48,0.0178572618860977,1907,3.28057837036808,Sample_100_GSE162228
scPP,Negative,Neg_ctrl_Sample_49,-0.118108421698629,1907,3.28057837036808,Sample_100_GSE162228
scPP,Negative,Neg_ctrl_Sample_50,-0.0173872030573196,1907,3.28057837036808,Sample_100_GSE162228
scPP,Negative,Neg_ctrl_Sample_51,0.116357905820214,1907,3.28057837036808,Sample_100_GSE162228
scPP,Negative,Neg_ctrl_Sample_52,0.198771203273996,1907,3.28057837036808,Sample_100_GSE162228
scPP,Negative,Neg_ctrl_Sample_53,0.0879605568665939,1907,3.28057837036808,Sample_100_GSE162228
scPP,Negative,Neg_ctrl_Sample_54,0.011694886638426,1907,3.28057837036808,Sample_100_GSE162228
scPP,Negative,Neg_ctrl_Sample_55,-0.0342219203295505,1907,3.28057837036808,Sample_100_GSE162228
scPP,Negative,Neg_ctrl_Sample_56,0.0819184942398442,1907,3.28057837036808,Sample_100_GSE162228
scPP,Negative,Neg_ctrl_Sample_57,0.0790102630174319,1907,3.28057837036808,Sample_100_GSE162228
scPP,Negative,Neg_ctrl_Sample_58,0.0192545656798242,1907,3.28057837036808,Sample_100_GSE162228
scPP,Negative,Neg_ctrl_Sample_59,0.0851778553222764,1907,3.28057837036808,Sample_100_GSE162228
scPP,Negative,Neg_ctrl_Sample_60,0.0629892587796727,1907,3.28057837036808,Sample_100_GSE162228
scPP,Negative,Neg_ctrl_Sample_61,-0.0585250895125901,1907,3.28057837036808,Sample_100_GSE162228
scPP,Negative,Neg_ctrl_Sample_62,-0.0745538692359205,1907,3.28057837036808,Sample_100_GSE162228
scPP,Negative,Neg_ctrl_Sample_63,0.146955643164699,1907,3.28057837036808,Sample_100_GSE162228
scPP,Negative,Neg_ctrl_Sample_64,0.0148136649009921,1907,3.28057837036808,Sample_100_GSE162228
scPP,Negative,Neg_ctrl_Sample_65,-0.109249122746038,1907,3.28057837036808,Sample_100_GSE162228
scPP,Negative,Neg_ctrl_Sample_66,0.0179550334956762,1907,3.28057837036808,Sample_100_GSE162228
scPP,Negative,Neg_ctrl_Sample_67,0.340551387046361,1907,3.28057837036808,Sample_100_GSE162228
scPP,Negative,Neg_ctrl_Sample_68,0.0069004661568907,1907,3.28057837036808,Sample_100_GSE162228
scPP,Negative,Neg_ctrl_Sample_69,-0.0903794419855989,1907,3.28057837036808,Sample_100_GSE162228
scPP,Negative,Neg_ctrl_Sample_70,0.0686171226578076,1907,3.28057837036808,Sample_100_GSE162228
scPP,Negative,Neg_ctrl_Sample_71,-0.119510204389413,1907,3.28057837036808,Sample_100_GSE162228
scPP,Negative,Neg_ctrl_Sample_72,-0.120784097089748,1907,3.28057837036808,Sample_100_GSE162228
scPP,Negative,Neg_ctrl_Sample_73,0.147710996916733,1907,3.28057837036808,Sample_100_GSE162228
scPP,Negative,Neg_ctrl_Sample_74,-0.104722895654411,1907,3.28057837036808,Sample_100_GSE162228
scPP,Negative,Neg_ctrl_Sample_75,0.106736867858719,1907,3.28057837036808,Sample_100_GSE162228
scPP,Negative,Neg_ctrl_Sample_76,0.00613457889371265,1907,3.28057837036808,Sample_100_GSE162228
scPP,Negative,Neg_ctrl_Sample_77,0.139021860773404,1907,3.28057837036808,Sample_100_GSE162228
scPP,Negative,Neg_ctrl_Sample_78,0.00952878573487799,1907,3.28057837036808,Sample_100_GSE162228
scPP,Negative,Neg_ctrl_Sample_79,-0.138479094247514,1907,3.28057837036808,Sample_100_GSE162228
scPP,Negative,Neg_ctrl_Sample_80,-0.0229694825069157,1907,3.28057837036808,Sample_100_GSE162228
scPP,Negative,Neg_ctrl_Sample_81,0.0450813502606274,1907,3.28057837036808,Sample_100_GSE162228
scPP,Negative,Neg_ctrl_Sample_82,-0.0348963002444454,1907,3.28057837036808,Sample_100_GSE162228
scPP,Negative,Neg_ctrl_Sample_83,0.083256111210758,1907,3.28057837036808,Sample_100_GSE162228
scPP,Negative,Neg_ctrl_Sample_84,0.105264287402192,1907,3.28057837036808,Sample_100_GSE162228
scPP,Negative,Neg_ctrl_Sample_85,-0.01824522944348,1907,3.28057837036808,Sample_100_GSE162228
scPP,Negative,Neg_ctrl_Sample_86,-0.0589755410883904,1907,3.28057837036808,Sample_100_GSE162228
scPP,Negative,Neg_ctrl_Sample_87,-0.129433974968841,1907,3.28057837036808,Sample_100_GSE162228
scPP,Negative,Neg_ctrl_Sample_88,0.184164251923034,1907,3.28057837036808,Sample_100_GSE162228
scPP,Negative,Neg_ctrl_Sample_89,-0.146535514358958,1907,3.28057837036808,Sample_100_GSE162228
scPP,Negative,Neg_ctrl_Sample_90,0.118896033628009,1907,3.28057837036808,Sample_100_GSE162228
scPP,Negative,Neg_ctrl_Sample_91,-0.0282084031065772,1907,3.28057837036808,Sample_100_GSE162228
scPP,Negative,Neg_ctrl_Sample_92,-0.154667026270242,1907,3.28057837036808,Sample_100_GSE162228
scPP,Negative,Neg_ctrl_Sample_93,-0.111249955592143,1907,3.28057837036808,Sample_100_GSE162228
scPP,Negative,Neg_ctrl_Sample_94,0.0289434777673303,1907,3.28057837036808,Sample_100_GSE162228
scPP,Negative,Neg_ctrl_Sample_95,-0.0978225616024016,1907,3.28057837036808,Sample_100_GSE162228
scPP,Negative,Neg_ctrl_Sample_96,-0.082809745400422,1907,3.28057837036808,Sample_100_GSE162228
scPP,Negative,Neg_ctrl_Sample_97,0.0526579081754419,1907,3.28057837036808,Sample_100_GSE162228
scPP,Negative,Neg_ctrl_Sample_98,0.02977124452878,1907,3.28057837036808,Sample_100_GSE162228
scPP,Negative,Neg_ctrl_Sample_99,-0.102597450580431,1907,3.28057837036808,Sample_100_GSE162228
scPP,Negative,Neg_ctrl_Sample_100,-0.147611036405608,1907,3.28057837036808,Sample_100_GSE162228
scPP,Neutral,Neg_ctrl_Sample_1,-0.0519904746602129,28085,4.44848989151109,Sample_100_GSE162228
scPP,Neutral,Neg_ctrl_Sample_2,-0.049396399353485,28085,4.44848989151109,Sample_100_GSE162228
scPP,Neutral,Neg_ctrl_Sample_3,-0.0235394429125116,28085,4.44848989151109,Sample_100_GSE162228
scPP,Neutral,Neg_ctrl_Sample_4,-0.224408852228693,28085,4.44848989151109,Sample_100_GSE162228
scPP,Neutral,Neg_ctrl_Sample_5,-0.08859640198497,28085,4.44848989151109,Sample_100_GSE162228
scPP,Neutral,Neg_ctrl_Sample_6,-0.142168232706694,28085,4.44848989151109,Sample_100_GSE162228
scPP,Neutral,Neg_ctrl_Sample_7,-0.16557362469186,28085,4.44848989151109,Sample_100_GSE162228
scPP,Neutral,Neg_ctrl_Sample_8,-0.00607895954672136,28085,4.44848989151109,Sample_100_GSE162228
scPP,Neutral,Neg_ctrl_Sample_9,-0.00629794501252298,28085,4.44848989151109,Sample_100_GSE162228
scPP,Neutral,Neg_ctrl_Sample_10,0.0961688090471704,28085,4.44848989151109,Sample_100_GSE162228
scPP,Neutral,Neg_ctrl_Sample_11,0.148962465741328,28085,4.44848989151109,Sample_100_GSE162228
scPP,Neutral,Neg_ctrl_Sample_12,-0.124778952424337,28085,4.44848989151109,Sample_100_GSE162228
scPP,Neutral,Neg_ctrl_Sample_13,-0.0630886583062247,28085,4.44848989151109,Sample_100_GSE162228
scPP,Neutral,Neg_ctrl_Sample_14,0.0328134737089725,28085,4.44848989151109,Sample_100_GSE162228
scPP,Neutral,Neg_ctrl_Sample_15,-0.0732581112074114,28085,4.44848989151109,Sample_100_GSE162228
scPP,Neutral,Neg_ctrl_Sample_16,-0.0228781690607894,28085,4.44848989151109,Sample_100_GSE162228
scPP,Neutral,Neg_ctrl_Sample_17,0.168147123660815,28085,4.44848989151109,Sample_100_GSE162228
scPP,Neutral,Neg_ctrl_Sample_18,0.198423179125326,28085,4.44848989151109,Sample_100_GSE162228
scPP,Neutral,Neg_ctrl_Sample_19,0.231518143483162,28085,4.44848989151109,Sample_100_GSE162228
scPP,Neutral,Neg_ctrl_Sample_20,-0.128045983627573,28085,4.44848989151109,Sample_100_GSE162228
scPP,Neutral,Neg_ctrl_Sample_21,-0.0287855896633569,28085,4.44848989151109,Sample_100_GSE162228
scPP,Neutral,Neg_ctrl_Sample_22,0.205601694209595,28085,4.44848989151109,Sample_100_GSE162228
scPP,Neutral,Neg_ctrl_Sample_23,-0.0347759382338315,28085,4.44848989151109,Sample_100_GSE162228
scPP,Neutral,Neg_ctrl_Sample_24,0.134907644486232,28085,4.44848989151109,Sample_100_GSE162228
scPP,Neutral,Neg_ctrl_Sample_25,0.0566981062211597,28085,4.44848989151109,Sample_100_GSE162228
scPP,Neutral,Neg_ctrl_Sample_26,0.0323330346497329,28085,4.44848989151109,Sample_100_GSE162228
scPP,Neutral,Neg_ctrl_Sample_27,0.00312978043693801,28085,4.44848989151109,Sample_100_GSE162228
scPP,Neutral,Neg_ctrl_Sample_28,0.0942568658459111,28085,4.44848989151109,Sample_100_GSE162228
scPP,Neutral,Neg_ctrl_Sample_29,0.121123841799479,28085,4.44848989151109,Sample_100_GSE162228
scPP,Neutral,Neg_ctrl_Sample_30,-0.0525269657829304,28085,4.44848989151109,Sample_100_GSE162228
scPP,Neutral,Neg_ctrl_Sample_31,0.200759280101056,28085,4.44848989151109,Sample_100_GSE162228
scPP,Neutral,Neg_ctrl_Sample_32,0.236603359974415,28085,4.44848989151109,Sample_100_GSE162228
scPP,Neutral,Neg_ctrl_Sample_33,0.0174123602067574,28085,4.44848989151109,Sample_100_GSE162228
scPP,Neutral,Neg_ctrl_Sample_34,-0.229821428831568,28085,4.44848989151109,Sample_100_GSE162228
scPP,Neutral,Neg_ctrl_Sample_35,0.0399981490664945,28085,4.44848989151109,Sample_100_GSE162228
scPP,Neutral,Neg_ctrl_Sample_36,0.0638376662459237,28085,4.44848989151109,Sample_100_GSE162228
scPP,Neutral,Neg_ctrl_Sample_37,0.0777647546363907,28085,4.44848989151109,Sample_100_GSE162228
scPP,Neutral,Neg_ctrl_Sample_38,0.0705926734524213,28085,4.44848989151109,Sample_100_GSE162228
scPP,Neutral,Neg_ctrl_Sample_39,0.111697698556594,28085,4.44848989151109,Sample_100_GSE162228
scPP,Neutral,Neg_ctrl_Sample_40,0.169963057016684,28085,4.44848989151109,Sample_100_GSE162228
scPP,Neutral,Neg_ctrl_Sample_41,-0.135497727480345,28085,4.44848989151109,Sample_100_GSE162228
scPP,Neutral,Neg_ctrl_Sample_42,-0.145456170822063,28085,4.44848989151109,Sample_100_GSE162228
scPP,Neutral,Neg_ctrl_Sample_43,0.0413604223572128,28085,4.44848989151109,Sample_100_GSE162228
scPP,Neutral,Neg_ctrl_Sample_44,0.272024192611573,28085,4.44848989151109,Sample_100_GSE162228
scPP,Neutral,Neg_ctrl_Sample_45,0.0188300681394926,28085,4.44848989151109,Sample_100_GSE162228
scPP,Neutral,Neg_ctrl_Sample_46,0.309542750889123,28085,4.44848989151109,Sample_100_GSE162228
scPP,Neutral,Neg_ctrl_Sample_47,0.0518180870180936,28085,4.44848989151109,Sample_100_GSE162228
scPP,Neutral,Neg_ctrl_Sample_48,0.0183815559676973,28085,4.44848989151109,Sample_100_GSE162228
scPP,Neutral,Neg_ctrl_Sample_49,-0.110984353241915,28085,4.44848989151109,Sample_100_GSE162228
scPP,Neutral,Neg_ctrl_Sample_50,-0.00974654618454056,28085,4.44848989151109,Sample_100_GSE162228
scPP,Neutral,Neg_ctrl_Sample_51,0.114705743608749,28085,4.44848989151109,Sample_100_GSE162228
scPP,Neutral,Neg_ctrl_Sample_52,0.206602319929782,28085,4.44848989151109,Sample_100_GSE162228
scPP,Neutral,Neg_ctrl_Sample_53,0.0910916800412209,28085,4.44848989151109,Sample_100_GSE162228
scPP,Neutral,Neg_ctrl_Sample_54,0.0167231321413076,28085,4.44848989151109,Sample_100_GSE162228
scPP,Neutral,Neg_ctrl_Sample_55,-0.0207305796563417,28085,4.44848989151109,Sample_100_GSE162228
scPP,Neutral,Neg_ctrl_Sample_56,0.0860471051641476,28085,4.44848989151109,Sample_100_GSE162228
scPP,Neutral,Neg_ctrl_Sample_57,0.0921706233935278,28085,4.44848989151109,Sample_100_GSE162228
scPP,Neutral,Neg_ctrl_Sample_58,0.0265427953589895,28085,4.44848989151109,Sample_100_GSE162228
scPP,Neutral,Neg_ctrl_Sample_59,0.0963842924425409,28085,4.44848989151109,Sample_100_GSE162228
scPP,Neutral,Neg_ctrl_Sample_60,0.0742188076160775,28085,4.44848989151109,Sample_100_GSE162228
scPP,Neutral,Neg_ctrl_Sample_61,-0.0653208222611272,28085,4.44848989151109,Sample_100_GSE162228
scPP,Neutral,Neg_ctrl_Sample_62,-0.0751950581566397,28085,4.44848989151109,Sample_100_GSE162228
scPP,Neutral,Neg_ctrl_Sample_63,0.145518159497177,28085,4.44848989151109,Sample_100_GSE162228
scPP,Neutral,Neg_ctrl_Sample_64,0.0298980217366367,28085,4.44848989151109,Sample_100_GSE162228
scPP,Neutral,Neg_ctrl_Sample_65,-0.115905872029019,28085,4.44848989151109,Sample_100_GSE162228
scPP,Neutral,Neg_ctrl_Sample_66,0.0153010130179871,28085,4.44848989151109,Sample_100_GSE162228
scPP,Neutral,Neg_ctrl_Sample_67,0.335427827463515,28085,4.44848989151109,Sample_100_GSE162228
scPP,Neutral,Neg_ctrl_Sample_68,0.0194241380411029,28085,4.44848989151109,Sample_100_GSE162228
scPP,Neutral,Neg_ctrl_Sample_69,-0.0783679244167254,28085,4.44848989151109,Sample_100_GSE162228
scPP,Neutral,Neg_ctrl_Sample_70,0.0757268115393491,28085,4.44848989151109,Sample_100_GSE162228
scPP,Neutral,Neg_ctrl_Sample_71,-0.120478650392237,28085,4.44848989151109,Sample_100_GSE162228
scPP,Neutral,Neg_ctrl_Sample_72,-0.110516117769408,28085,4.44848989151109,Sample_100_GSE162228
scPP,Neutral,Neg_ctrl_Sample_73,0.145777920120477,28085,4.44848989151109,Sample_100_GSE162228
scPP,Neutral,Neg_ctrl_Sample_74,-0.0959253010635588,28085,4.44848989151109,Sample_100_GSE162228
scPP,Neutral,Neg_ctrl_Sample_75,0.103067165463192,28085,4.44848989151109,Sample_100_GSE162228
scPP,Neutral,Neg_ctrl_Sample_76,0.0192383358275283,28085,4.44848989151109,Sample_100_GSE162228
scPP,Neutral,Neg_ctrl_Sample_77,0.156554681796574,28085,4.44848989151109,Sample_100_GSE162228
scPP,Neutral,Neg_ctrl_Sample_78,0.00971676971178917,28085,4.44848989151109,Sample_100_GSE162228
scPP,Neutral,Neg_ctrl_Sample_79,-0.129752867152781,28085,4.44848989151109,Sample_100_GSE162228
scPP,Neutral,Neg_ctrl_Sample_80,-0.0305316618333788,28085,4.44848989151109,Sample_100_GSE162228
scPP,Neutral,Neg_ctrl_Sample_81,0.0462595809997686,28085,4.44848989151109,Sample_100_GSE162228
scPP,Neutral,Neg_ctrl_Sample_82,-0.0279560692024277,28085,4.44848989151109,Sample_100_GSE162228
scPP,Neutral,Neg_ctrl_Sample_83,0.0880402013546841,28085,4.44848989151109,Sample_100_GSE162228
scPP,Neutral,Neg_ctrl_Sample_84,0.106956408625075,28085,4.44848989151109,Sample_100_GSE162228
scPP,Neutral,Neg_ctrl_Sample_85,-0.00874105699741373,28085,4.44848989151109,Sample_100_GSE162228
scPP,Neutral,Neg_ctrl_Sample_86,-0.0626649048166459,28085,4.44848989151109,Sample_100_GSE162228
scPP,Neutral,Neg_ctrl_Sample_87,-0.110542133170121,28085,4.44848989151109,Sample_100_GSE162228
scPP,Neutral,Neg_ctrl_Sample_88,0.174736747403645,28085,4.44848989151109,Sample_100_GSE162228
scPP,Neutral,Neg_ctrl_Sample_89,-0.136451696630061,28085,4.44848989151109,Sample_100_GSE162228
scPP,Neutral,Neg_ctrl_Sample_90,0.134689709595584,28085,4.44848989151109,Sample_100_GSE162228
scPP,Neutral,Neg_ctrl_Sample_91,-0.035984366004602,28085,4.44848989151109,Sample_100_GSE162228
scPP,Neutral,Neg_ctrl_Sample_92,-0.142187613975724,28085,4.44848989151109,Sample_100_GSE162228
scPP,Neutral,Neg_ctrl_Sample_93,-0.1199964201768,28085,4.44848989151109,Sample_100_GSE162228
scPP,Neutral,Neg_ctrl_Sample_94,0.0318948374366601,28085,4.44848989151109,Sample_100_GSE162228
scPP,Neutral,Neg_ctrl_Sample_95,-0.0949358735935623,28085,4.44848989151109,Sample_100_GSE162228
scPP,Neutral,Neg_ctrl_Sample_96,-0.0723266618509104,28085,4.44848989151109,Sample_100_GSE162228
scPP,Neutral,Neg_ctrl_Sample_97,0.0539600738346209,28085,4.44848989151109,Sample_100_GSE162228
scPP,Neutral,Neg_ctrl_Sample_98,0.037142197880339,28085,4.44848989151109,Sample_100_GSE162228
scPP,Neutral,Neg_ctrl_Sample_99,-0.101443080801317,28085,4.44848989151109,Sample_100_GSE162228
scPP,Neutral,Neg_ctrl_Sample_100,-0.149183967412506,28085,4.44848989151109,Sample_100_GSE162228
scPP,Positive,Neg_ctrl_Sample_1,-0.062036388276994,1880,3.27438879555038,Sample_100_GSE162228
scPP,Positive,Neg_ctrl_Sample_2,-0.0467490093855613,1880,3.27438879555038,Sample_100_GSE162228
scPP,Positive,Neg_ctrl_Sample_3,-0.0433104945110767,1880,3.27438879555038,Sample_100_GSE162228
scPP,Positive,Neg_ctrl_Sample_4,-0.243840535463089,1880,3.27438879555038,Sample_100_GSE162228
scPP,Positive,Neg_ctrl_Sample_5,-0.0985383691600382,1880,3.27438879555038,Sample_100_GSE162228
scPP,Positive,Neg_ctrl_Sample_6,-0.153608190176982,1880,3.27438879555038,Sample_100_GSE162228
scPP,Positive,Neg_ctrl_Sample_7,-0.171801269592964,1880,3.27438879555038,Sample_100_GSE162228
scPP,Positive,Neg_ctrl_Sample_8,-0.009148724567248,1880,3.27438879555038,Sample_100_GSE162228
scPP,Positive,Neg_ctrl_Sample_9,-0.0140987602588651,1880,3.27438879555038,Sample_100_GSE162228
scPP,Positive,Neg_ctrl_Sample_10,0.0893804575907854,1880,3.27438879555038,Sample_100_GSE162228
scPP,Positive,Neg_ctrl_Sample_11,0.143393787951172,1880,3.27438879555038,Sample_100_GSE162228
scPP,Positive,Neg_ctrl_Sample_12,-0.143237133532713,1880,3.27438879555038,Sample_100_GSE162228
scPP,Positive,Neg_ctrl_Sample_13,-0.0671720174919338,1880,3.27438879555038,Sample_100_GSE162228
scPP,Positive,Neg_ctrl_Sample_14,0.0184540735966099,1880,3.27438879555038,Sample_100_GSE162228
scPP,Positive,Neg_ctrl_Sample_15,-0.0817098626796662,1880,3.27438879555038,Sample_100_GSE162228
scPP,Positive,Neg_ctrl_Sample_16,-0.0411360648845113,1880,3.27438879555038,Sample_100_GSE162228
scPP,Positive,Neg_ctrl_Sample_17,0.168490481256526,1880,3.27438879555038,Sample_100_GSE162228
scPP,Positive,Neg_ctrl_Sample_18,0.201077655778614,1880,3.27438879555038,Sample_100_GSE162228
scPP,Positive,Neg_ctrl_Sample_19,0.234533404107423,1880,3.27438879555038,Sample_100_GSE162228
scPP,Positive,Neg_ctrl_Sample_20,-0.138790021172935,1880,3.27438879555038,Sample_100_GSE162228
scPP,Positive,Neg_ctrl_Sample_21,-0.0235753130580694,1880,3.27438879555038,Sample_100_GSE162228
scPP,Positive,Neg_ctrl_Sample_22,0.200124608846569,1880,3.27438879555038,Sample_100_GSE162228
scPP,Positive,Neg_ctrl_Sample_23,-0.0529572735588363,1880,3.27438879555038,Sample_100_GSE162228
scPP,Positive,Neg_ctrl_Sample_24,0.125842342855502,1880,3.27438879555038,Sample_100_GSE162228
scPP,Positive,Neg_ctrl_Sample_25,0.0467510135263771,1880,3.27438879555038,Sample_100_GSE162228
scPP,Positive,Neg_ctrl_Sample_26,0.0300024503003583,1880,3.27438879555038,Sample_100_GSE162228
scPP,Positive,Neg_ctrl_Sample_27,-0.00763476427968247,1880,3.27438879555038,Sample_100_GSE162228
scPP,Positive,Neg_ctrl_Sample_28,0.0932436162994542,1880,3.27438879555038,Sample_100_GSE162228
scPP,Positive,Neg_ctrl_Sample_29,0.11237976573372,1880,3.27438879555038,Sample_100_GSE162228
scPP,Positive,Neg_ctrl_Sample_30,-0.0661768045008678,1880,3.27438879555038,Sample_100_GSE162228
scPP,Positive,Neg_ctrl_Sample_31,0.200376619970592,1880,3.27438879555038,Sample_100_GSE162228
scPP,Positive,Neg_ctrl_Sample_32,0.223449052213636,1880,3.27438879555038,Sample_100_GSE162228
scPP,Positive,Neg_ctrl_Sample_33,0.00646393195736962,1880,3.27438879555038,Sample_100_GSE162228
scPP,Positive,Neg_ctrl_Sample_34,-0.243572548830272,1880,3.27438879555038,Sample_100_GSE162228
scPP,Positive,Neg_ctrl_Sample_35,0.0346964806310472,1880,3.27438879555038,Sample_100_GSE162228
scPP,Positive,Neg_ctrl_Sample_36,0.0532645946867027,1880,3.27438879555038,Sample_100_GSE162228
scPP,Positive,Neg_ctrl_Sample_37,0.0735898215315043,1880,3.27438879555038,Sample_100_GSE162228
scPP,Positive,Neg_ctrl_Sample_38,0.0699967609074512,1880,3.27438879555038,Sample_100_GSE162228
scPP,Positive,Neg_ctrl_Sample_39,0.10902513897211,1880,3.27438879555038,Sample_100_GSE162228
scPP,Positive,Neg_ctrl_Sample_40,0.16466313594269,1880,3.27438879555038,Sample_100_GSE162228
scPP,Positive,Neg_ctrl_Sample_41,-0.156395878407119,1880,3.27438879555038,Sample_100_GSE162228
scPP,Positive,Neg_ctrl_Sample_42,-0.158849107342362,1880,3.27438879555038,Sample_100_GSE162228
scPP,Positive,Neg_ctrl_Sample_43,0.03390104482954,1880,3.27438879555038,Sample_100_GSE162228
scPP,Positive,Neg_ctrl_Sample_44,0.271313212907824,1880,3.27438879555038,Sample_100_GSE162228
scPP,Positive,Neg_ctrl_Sample_45,0.0119051674429595,1880,3.27438879555038,Sample_100_GSE162228
scPP,Positive,Neg_ctrl_Sample_46,0.317732127558736,1880,3.27438879555038,Sample_100_GSE162228
scPP,Positive,Neg_ctrl_Sample_47,0.046786192472513,1880,3.27438879555038,Sample_100_GSE162228
scPP,Positive,Neg_ctrl_Sample_48,0.00354605000159576,1880,3.27438879555038,Sample_100_GSE162228
scPP,Positive,Neg_ctrl_Sample_49,-0.129307577859706,1880,3.27438879555038,Sample_100_GSE162228
scPP,Positive,Neg_ctrl_Sample_50,-0.0218273964393459,1880,3.27438879555038,Sample_100_GSE162228
scPP,Positive,Neg_ctrl_Sample_51,0.10796128430676,1880,3.27438879555038,Sample_100_GSE162228
scPP,Positive,Neg_ctrl_Sample_52,0.194292937249558,1880,3.27438879555038,Sample_100_GSE162228
scPP,Positive,Neg_ctrl_Sample_53,0.0800032326712306,1880,3.27438879555038,Sample_100_GSE162228
scPP,Positive,Neg_ctrl_Sample_54,0.0165410225724978,1880,3.27438879555038,Sample_100_GSE162228
scPP,Positive,Neg_ctrl_Sample_55,-0.023585644331312,1880,3.27438879555038,Sample_100_GSE162228
scPP,Positive,Neg_ctrl_Sample_56,0.0909997798334681,1880,3.27438879555038,Sample_100_GSE162228
scPP,Positive,Neg_ctrl_Sample_57,0.0968777572222904,1880,3.27438879555038,Sample_100_GSE162228
scPP,Positive,Neg_ctrl_Sample_58,0.0236970795798747,1880,3.27438879555038,Sample_100_GSE162228
scPP,Positive,Neg_ctrl_Sample_59,0.0966909735318627,1880,3.27438879555038,Sample_100_GSE162228
scPP,Positive,Neg_ctrl_Sample_60,0.072379618224931,1880,3.27438879555038,Sample_100_GSE162228
scPP,Positive,Neg_ctrl_Sample_61,-0.0849212525868961,1880,3.27438879555038,Sample_100_GSE162228
scPP,Positive,Neg_ctrl_Sample_62,-0.0853610523964404,1880,3.27438879555038,Sample_100_GSE162228
scPP,Positive,Neg_ctrl_Sample_63,0.13667721341142,1880,3.27438879555038,Sample_100_GSE162228
scPP,Positive,Neg_ctrl_Sample_64,0.0158517440792659,1880,3.27438879555038,Sample_100_GSE162228
scPP,Positive,Neg_ctrl_Sample_65,-0.13033316542687,1880,3.27438879555038,Sample_100_GSE162228
scPP,Positive,Neg_ctrl_Sample_66,0.00848698169267888,1880,3.27438879555038,Sample_100_GSE162228
scPP,Positive,Neg_ctrl_Sample_67,0.335721959981478,1880,3.27438879555038,Sample_100_GSE162228
scPP,Positive,Neg_ctrl_Sample_68,0.0172981876906974,1880,3.27438879555038,Sample_100_GSE162228
scPP,Positive,Neg_ctrl_Sample_69,-0.0840122207387636,1880,3.27438879555038,Sample_100_GSE162228
scPP,Positive,Neg_ctrl_Sample_70,0.0644564325365859,1880,3.27438879555038,Sample_100_GSE162228
scPP,Positive,Neg_ctrl_Sample_71,-0.129479072161044,1880,3.27438879555038,Sample_100_GSE162228
scPP,Positive,Neg_ctrl_Sample_72,-0.115516413047325,1880,3.27438879555038,Sample_100_GSE162228
scPP,Positive,Neg_ctrl_Sample_73,0.148166786304951,1880,3.27438879555038,Sample_100_GSE162228
scPP,Positive,Neg_ctrl_Sample_74,-0.10688455068515,1880,3.27438879555038,Sample_100_GSE162228
scPP,Positive,Neg_ctrl_Sample_75,0.0886477774591427,1880,3.27438879555038,Sample_100_GSE162228
scPP,Positive,Neg_ctrl_Sample_76,0.00764419763132851,1880,3.27438879555038,Sample_100_GSE162228
scPP,Positive,Neg_ctrl_Sample_77,0.168785895672779,1880,3.27438879555038,Sample_100_GSE162228
scPP,Positive,Neg_ctrl_Sample_78,0.00471111394501229,1880,3.27438879555038,Sample_100_GSE162228
scPP,Positive,Neg_ctrl_Sample_79,-0.140667460882339,1880,3.27438879555038,Sample_100_GSE162228
scPP,Positive,Neg_ctrl_Sample_80,-0.0300316861680394,1880,3.27438879555038,Sample_100_GSE162228
scPP,Positive,Neg_ctrl_Sample_81,0.0449117216473587,1880,3.27438879555038,Sample_100_GSE162228
scPP,Positive,Neg_ctrl_Sample_82,-0.0345223295839521,1880,3.27438879555038,Sample_100_GSE162228
scPP,Positive,Neg_ctrl_Sample_83,0.0871582358882923,1880,3.27438879555038,Sample_100_GSE162228
scPP,Positive,Neg_ctrl_Sample_84,0.0964473263827461,1880,3.27438879555038,Sample_100_GSE162228
scPP,Positive,Neg_ctrl_Sample_85,-0.0104403743880698,1880,3.27438879555038,Sample_100_GSE162228
scPP,Positive,Neg_ctrl_Sample_86,-0.0693864048467521,1880,3.27438879555038,Sample_100_GSE162228
scPP,Positive,Neg_ctrl_Sample_87,-0.114580055311465,1880,3.27438879555038,Sample_100_GSE162228
scPP,Positive,Neg_ctrl_Sample_88,0.161312234879829,1880,3.27438879555038,Sample_100_GSE162228
scPP,Positive,Neg_ctrl_Sample_89,-0.14903320622479,1880,3.27438879555038,Sample_100_GSE162228
scPP,Positive,Neg_ctrl_Sample_90,0.131465013899567,1880,3.27438879555038,Sample_100_GSE162228
scPP,Positive,Neg_ctrl_Sample_91,-0.0453220896497294,1880,3.27438879555038,Sample_100_GSE162228
scPP,Positive,Neg_ctrl_Sample_92,-0.1521347015782,1880,3.27438879555038,Sample_100_GSE162228
scPP,Positive,Neg_ctrl_Sample_93,-0.130484319905152,1880,3.27438879555038,Sample_100_GSE162228
scPP,Positive,Neg_ctrl_Sample_94,0.0302223348597417,1880,3.27438879555038,Sample_100_GSE162228
scPP,Positive,Neg_ctrl_Sample_95,-0.0997332286108331,1880,3.27438879555038,Sample_100_GSE162228
scPP,Positive,Neg_ctrl_Sample_96,-0.0650903071999249,1880,3.27438879555038,Sample_100_GSE162228
scPP,Positive,Neg_ctrl_Sample_97,0.0469692444857863,1880,3.27438879555038,Sample_100_GSE162228
scPP,Positive,Neg_ctrl_Sample_98,0.0268676829846457,1880,3.27438879555038,Sample_100_GSE162228
scPP,Positive,Neg_ctrl_Sample_99,-0.108758467444526,1880,3.27438879555038,Sample_100_GSE162228
scPP,Positive,Neg_ctrl_Sample_100,-0.163578651679975,1880,3.27438879555038,Sample_100_GSE162228
DEGAS,Other,Neg_ctrl_Sample_1,-0.0521998934873815,30278,4.4811415279729,Sample_100_GSE162228
DEGAS,Other,Neg_ctrl_Sample_2,-0.0486952841248148,30278,4.4811415279729,Sample_100_GSE162228
DEGAS,Other,Neg_ctrl_Sample_3,-0.0235634541562151,30278,4.4811415279729,Sample_100_GSE162228
DEGAS,Other,Neg_ctrl_Sample_4,-0.224407260333238,30278,4.4811415279729,Sample_100_GSE162228
DEGAS,Other,Neg_ctrl_Sample_5,-0.0884815900954303,30278,4.4811415279729,Sample_100_GSE162228
DEGAS,Other,Neg_ctrl_Sample_6,-0.141575238281417,30278,4.4811415279729,Sample_100_GSE162228
DEGAS,Other,Neg_ctrl_Sample_7,-0.165508447972938,30278,4.4811415279729,Sample_100_GSE162228
DEGAS,Other,Neg_ctrl_Sample_8,-0.00578801585009067,30278,4.4811415279729,Sample_100_GSE162228
DEGAS,Other,Neg_ctrl_Sample_9,-0.00643839936546497,30278,4.4811415279729,Sample_100_GSE162228
DEGAS,Other,Neg_ctrl_Sample_10,0.0968087742494805,30278,4.4811415279729,Sample_100_GSE162228
DEGAS,Other,Neg_ctrl_Sample_11,0.149048569821969,30278,4.4811415279729,Sample_100_GSE162228
DEGAS,Other,Neg_ctrl_Sample_12,-0.125384624807661,30278,4.4811415279729,Sample_100_GSE162228
DEGAS,Other,Neg_ctrl_Sample_13,-0.0628768194543945,30278,4.4811415279729,Sample_100_GSE162228
DEGAS,Other,Neg_ctrl_Sample_14,0.032935988161484,30278,4.4811415279729,Sample_100_GSE162228
DEGAS,Other,Neg_ctrl_Sample_15,-0.0730037990810847,30278,4.4811415279729,Sample_100_GSE162228
DEGAS,Other,Neg_ctrl_Sample_16,-0.0220923431163057,30278,4.4811415279729,Sample_100_GSE162228
DEGAS,Other,Neg_ctrl_Sample_17,0.168130714800211,30278,4.4811415279729,Sample_100_GSE162228
DEGAS,Other,Neg_ctrl_Sample_18,0.198804599173907,30278,4.4811415279729,Sample_100_GSE162228
DEGAS,Other,Neg_ctrl_Sample_19,0.231905704863842,30278,4.4811415279729,Sample_100_GSE162228
DEGAS,Other,Neg_ctrl_Sample_20,-0.128220670742556,30278,4.4811415279729,Sample_100_GSE162228
DEGAS,Other,Neg_ctrl_Sample_21,-0.0283676067145727,30278,4.4811415279729,Sample_100_GSE162228
DEGAS,Other,Neg_ctrl_Sample_22,0.205729250237713,30278,4.4811415279729,Sample_100_GSE162228
DEGAS,Other,Neg_ctrl_Sample_23,-0.0348690350254172,30278,4.4811415279729,Sample_100_GSE162228
DEGAS,Other,Neg_ctrl_Sample_24,0.134807355083534,30278,4.4811415279729,Sample_100_GSE162228
DEGAS,Other,Neg_ctrl_Sample_25,0.0566854774670101,30278,4.4811415279729,Sample_100_GSE162228
DEGAS,Other,Neg_ctrl_Sample_26,0.0325431530127117,30278,4.4811415279729,Sample_100_GSE162228
DEGAS,Other,Neg_ctrl_Sample_27,0.00374514826936777,30278,4.4811415279729,Sample_100_GSE162228
DEGAS,Other,Neg_ctrl_Sample_28,0.0942680757333849,30278,4.4811415279729,Sample_100_GSE162228
DEGAS,Other,Neg_ctrl_Sample_29,0.121127708364907,30278,4.4811415279729,Sample_100_GSE162228
DEGAS,Other,Neg_ctrl_Sample_30,-0.0521465148799551,30278,4.4811415279729,Sample_100_GSE162228
DEGAS,Other,Neg_ctrl_Sample_31,0.201463094625247,30278,4.4811415279729,Sample_100_GSE162228
DEGAS,Other,Neg_ctrl_Sample_32,0.236858922332064,30278,4.4811415279729,Sample_100_GSE162228
DEGAS,Other,Neg_ctrl_Sample_33,0.0173473912632654,30278,4.4811415279729,Sample_100_GSE162228
DEGAS,Other,Neg_ctrl_Sample_34,-0.23027129396802,30278,4.4811415279729,Sample_100_GSE162228
DEGAS,Other,Neg_ctrl_Sample_35,0.0401644441319791,30278,4.4811415279729,Sample_100_GSE162228
DEGAS,Other,Neg_ctrl_Sample_36,0.0636382772393422,30278,4.4811415279729,Sample_100_GSE162228
DEGAS,Other,Neg_ctrl_Sample_37,0.078180491720765,30278,4.4811415279729,Sample_100_GSE162228
DEGAS,Other,Neg_ctrl_Sample_38,0.0708310442311877,30278,4.4811415279729,Sample_100_GSE162228
DEGAS,Other,Neg_ctrl_Sample_39,0.111627921462485,30278,4.4811415279729,Sample_100_GSE162228
DEGAS,Other,Neg_ctrl_Sample_40,0.170150564982888,30278,4.4811415279729,Sample_100_GSE162228
DEGAS,Other,Neg_ctrl_Sample_41,-0.135927062422795,30278,4.4811415279729,Sample_100_GSE162228
DEGAS,Other,Neg_ctrl_Sample_42,-0.145732064166676,30278,4.4811415279729,Sample_100_GSE162228
DEGAS,Other,Neg_ctrl_Sample_43,0.0412697691459535,30278,4.4811415279729,Sample_100_GSE162228
DEGAS,Other,Neg_ctrl_Sample_44,0.272484533612408,30278,4.4811415279729,Sample_100_GSE162228
DEGAS,Other,Neg_ctrl_Sample_45,0.0189008038002222,30278,4.4811415279729,Sample_100_GSE162228
DEGAS,Other,Neg_ctrl_Sample_46,0.309635162109272,30278,4.4811415279729,Sample_100_GSE162228
DEGAS,Other,Neg_ctrl_Sample_47,0.0523446397533506,30278,4.4811415279729,Sample_100_GSE162228
DEGAS,Other,Neg_ctrl_Sample_48,0.0179493516562847,30278,4.4811415279729,Sample_100_GSE162228
DEGAS,Other,Neg_ctrl_Sample_49,-0.110855974954964,30278,4.4811415279729,Sample_100_GSE162228
DEGAS,Other,Neg_ctrl_Sample_50,-0.00964744234363309,30278,4.4811415279729,Sample_100_GSE162228
DEGAS,Other,Neg_ctrl_Sample_51,0.115018068659182,30278,4.4811415279729,Sample_100_GSE162228
DEGAS,Other,Neg_ctrl_Sample_52,0.206571236011257,30278,4.4811415279729,Sample_100_GSE162228
DEGAS,Other,Neg_ctrl_Sample_53,0.0909407553075587,30278,4.4811415279729,Sample_100_GSE162228
DEGAS,Other,Neg_ctrl_Sample_54,0.0172510207322635,30278,4.4811415279729,Sample_100_GSE162228
DEGAS,Other,Neg_ctrl_Sample_55,-0.0207372048492053,30278,4.4811415279729,Sample_100_GSE162228
DEGAS,Other,Neg_ctrl_Sample_56,0.086537119021394,30278,4.4811415279729,Sample_100_GSE162228
DEGAS,Other,Neg_ctrl_Sample_57,0.092442730980204,30278,4.4811415279729,Sample_100_GSE162228
DEGAS,Other,Neg_ctrl_Sample_58,0.0267737112146986,30278,4.4811415279729,Sample_100_GSE162228
DEGAS,Other,Neg_ctrl_Sample_59,0.0963450073219323,30278,4.4811415279729,Sample_100_GSE162228
DEGAS,Other,Neg_ctrl_Sample_60,0.0746136707278214,30278,4.4811415279729,Sample_100_GSE162228
DEGAS,Other,Neg_ctrl_Sample_61,-0.0648188293014826,30278,4.4811415279729,Sample_100_GSE162228
DEGAS,Other,Neg_ctrl_Sample_62,-0.0747935948434254,30278,4.4811415279729,Sample_100_GSE162228
DEGAS,Other,Neg_ctrl_Sample_63,0.145612739715676,30278,4.4811415279729,Sample_100_GSE162228
DEGAS,Other,Neg_ctrl_Sample_64,0.0297205286721677,30278,4.4811415279729,Sample_100_GSE162228
DEGAS,Other,Neg_ctrl_Sample_65,-0.115195594873855,30278,4.4811415279729,Sample_100_GSE162228
DEGAS,Other,Neg_ctrl_Sample_66,0.0154354526893211,30278,4.4811415279729,Sample_100_GSE162228
DEGAS,Other,Neg_ctrl_Sample_67,0.335422148681113,30278,4.4811415279729,Sample_100_GSE162228
DEGAS,Other,Neg_ctrl_Sample_68,0.0196978709392672,30278,4.4811415279729,Sample_100_GSE162228
DEGAS,Other,Neg_ctrl_Sample_69,-0.0781953371997768,30278,4.4811415279729,Sample_100_GSE162228
DEGAS,Other,Neg_ctrl_Sample_70,0.0756622235086935,30278,4.4811415279729,Sample_100_GSE162228
DEGAS,Other,Neg_ctrl_Sample_71,-0.120378039760035,30278,4.4811415279729,Sample_100_GSE162228
DEGAS,Other,Neg_ctrl_Sample_72,-0.110532273515066,30278,4.4811415279729,Sample_100_GSE162228
DEGAS,Other,Neg_ctrl_Sample_73,0.14610746357488,30278,4.4811415279729,Sample_100_GSE162228
DEGAS,Other,Neg_ctrl_Sample_74,-0.0959070266694933,30278,4.4811415279729,Sample_100_GSE162228
DEGAS,Other,Neg_ctrl_Sample_75,0.103439522025604,30278,4.4811415279729,Sample_100_GSE162228
DEGAS,Other,Neg_ctrl_Sample_76,0.0188812063909021,30278,4.4811415279729,Sample_100_GSE162228
DEGAS,Other,Neg_ctrl_Sample_77,0.156842909459584,30278,4.4811415279729,Sample_100_GSE162228
DEGAS,Other,Neg_ctrl_Sample_78,0.00976511335107947,30278,4.4811415279729,Sample_100_GSE162228
DEGAS,Other,Neg_ctrl_Sample_79,-0.129694206005939,30278,4.4811415279729,Sample_100_GSE162228
DEGAS,Other,Neg_ctrl_Sample_80,-0.0303860802114585,30278,4.4811415279729,Sample_100_GSE162228
DEGAS,Other,Neg_ctrl_Sample_81,0.0464977040531402,30278,4.4811415279729,Sample_100_GSE162228
DEGAS,Other,Neg_ctrl_Sample_82,-0.0276984508824684,30278,4.4811415279729,Sample_100_GSE162228
DEGAS,Other,Neg_ctrl_Sample_83,0.0881650935179814,30278,4.4811415279729,Sample_100_GSE162228
DEGAS,Other,Neg_ctrl_Sample_84,0.107128452603584,30278,4.4811415279729,Sample_100_GSE162228
DEGAS,Other,Neg_ctrl_Sample_85,-0.00895285272155126,30278,4.4811415279729,Sample_100_GSE162228
DEGAS,Other,Neg_ctrl_Sample_86,-0.0624402401518653,30278,4.4811415279729,Sample_100_GSE162228
DEGAS,Other,Neg_ctrl_Sample_87,-0.110620467379123,30278,4.4811415279729,Sample_100_GSE162228
DEGAS,Other,Neg_ctrl_Sample_88,0.174774607320882,30278,4.4811415279729,Sample_100_GSE162228
DEGAS,Other,Neg_ctrl_Sample_89,-0.136233035239816,30278,4.4811415279729,Sample_100_GSE162228
DEGAS,Other,Neg_ctrl_Sample_90,0.134760782690786,30278,4.4811415279729,Sample_100_GSE162228
DEGAS,Other,Neg_ctrl_Sample_91,-0.0356321122174043,30278,4.4811415279729,Sample_100_GSE162228
DEGAS,Other,Neg_ctrl_Sample_92,-0.142143436049337,30278,4.4811415279729,Sample_100_GSE162228
DEGAS,Other,Neg_ctrl_Sample_93,-0.119859547766709,30278,4.4811415279729,Sample_100_GSE162228
DEGAS,Other,Neg_ctrl_Sample_94,0.0318012913810249,30278,4.4811415279729,Sample_100_GSE162228
DEGAS,Other,Neg_ctrl_Sample_95,-0.0948604658438147,30278,4.4811415279729,Sample_100_GSE162228
DEGAS,Other,Neg_ctrl_Sample_96,-0.0712232451393482,30278,4.4811415279729,Sample_100_GSE162228
DEGAS,Other,Neg_ctrl_Sample_97,0.0539684009397977,30278,4.4811415279729,Sample_100_GSE162228
DEGAS,Other,Neg_ctrl_Sample_98,0.0370969861532436,30278,4.4811415279729,Sample_100_GSE162228
DEGAS,Other,Neg_ctrl_Sample_99,-0.101357707696358,30278,4.4811415279729,Sample_100_GSE162228
DEGAS,Other,Neg_ctrl_Sample_100,-0.149344070254705,30278,4.4811415279729,Sample_100_GSE162228
DEGAS,Positive,Neg_ctrl_Sample_1,-0.0595410468870661,1594,3.2027606873932,Sample_100_GSE162228
DEGAS,Positive,Neg_ctrl_Sample_2,-0.0742372065630766,1594,3.2027606873932,Sample_100_GSE162228
DEGAS,Positive,Neg_ctrl_Sample_3,-0.0452275229463451,1594,3.2027606873932,Sample_100_GSE162228
DEGAS,Positive,Neg_ctrl_Sample_4,-0.254376886821544,1594,3.2027606873932,Sample_100_GSE162228
DEGAS,Positive,Neg_ctrl_Sample_5,-0.115569496230545,1594,3.2027606873932,Sample_100_GSE162228
DEGAS,Positive,Neg_ctrl_Sample_6,-0.161610745143303,1594,3.2027606873932,Sample_100_GSE162228
DEGAS,Positive,Neg_ctrl_Sample_7,-0.180517708173698,1594,3.2027606873932,Sample_100_GSE162228
DEGAS,Positive,Neg_ctrl_Sample_8,-0.0125816977513452,1594,3.2027606873932,Sample_100_GSE162228
DEGAS,Positive,Neg_ctrl_Sample_9,-0.0360955949782548,1594,3.2027606873932,Sample_100_GSE162228
DEGAS,Positive,Neg_ctrl_Sample_10,0.0794558163265274,1594,3.2027606873932,Sample_100_GSE162228
DEGAS,Positive,Neg_ctrl_Sample_11,0.142298265597323,1594,3.2027606873932,Sample_100_GSE162228
DEGAS,Positive,Neg_ctrl_Sample_12,-0.156204736095682,1594,3.2027606873932,Sample_100_GSE162228
DEGAS,Positive,Neg_ctrl_Sample_13,-0.078479846517932,1594,3.2027606873932,Sample_100_GSE162228
DEGAS,Positive,Neg_ctrl_Sample_14,0.00782687591366492,1594,3.2027606873932,Sample_100_GSE162228
DEGAS,Positive,Neg_ctrl_Sample_15,-0.0859474669757002,1594,3.2027606873932,Sample_100_GSE162228
DEGAS,Positive,Neg_ctrl_Sample_16,-0.0436801794908783,1594,3.2027606873932,Sample_100_GSE162228
DEGAS,Positive,Neg_ctrl_Sample_17,0.15441670043681,1594,3.2027606873932,Sample_100_GSE162228
DEGAS,Positive,Neg_ctrl_Sample_18,0.20745557393363,1594,3.2027606873932,Sample_100_GSE162228
DEGAS,Positive,Neg_ctrl_Sample_19,0.238480520037505,1594,3.2027606873932,Sample_100_GSE162228
DEGAS,Positive,Neg_ctrl_Sample_20,-0.151675434102685,1594,3.2027606873932,Sample_100_GSE162228
DEGAS,Positive,Neg_ctrl_Sample_21,-0.0124956835542123,1594,3.2027606873932,Sample_100_GSE162228
DEGAS,Positive,Neg_ctrl_Sample_22,0.194722546894367,1594,3.2027606873932,Sample_100_GSE162228
DEGAS,Positive,Neg_ctrl_Sample_23,-0.0733904912493341,1594,3.2027606873932,Sample_100_GSE162228
DEGAS,Positive,Neg_ctrl_Sample_24,0.128707377284641,1594,3.2027606873932,Sample_100_GSE162228
DEGAS,Positive,Neg_ctrl_Sample_25,0.0276030599532913,1594,3.2027606873932,Sample_100_GSE162228
DEGAS,Positive,Neg_ctrl_Sample_26,0.0185739054392023,1594,3.2027606873932,Sample_100_GSE162228
DEGAS,Positive,Neg_ctrl_Sample_27,-0.0179546856516565,1594,3.2027606873932,Sample_100_GSE162228
DEGAS,Positive,Neg_ctrl_Sample_28,0.0806106607652417,1594,3.2027606873932,Sample_100_GSE162228
DEGAS,Positive,Neg_ctrl_Sample_29,0.112850040025371,1594,3.2027606873932,Sample_100_GSE162228
DEGAS,Positive,Neg_ctrl_Sample_30,-0.0636078372109287,1594,3.2027606873932,Sample_100_GSE162228
DEGAS,Positive,Neg_ctrl_Sample_31,0.180739442538121,1594,3.2027606873932,Sample_100_GSE162228
DEGAS,Positive,Neg_ctrl_Sample_32,0.207178861035558,1594,3.2027606873932,Sample_100_GSE162228
DEGAS,Positive,Neg_ctrl_Sample_33,0.0122859867463296,1594,3.2027606873932,Sample_100_GSE162228
DEGAS,Positive,Neg_ctrl_Sample_34,-0.257144288643155,1594,3.2027606873932,Sample_100_GSE162228
DEGAS,Positive,Neg_ctrl_Sample_35,0.0146719373692639,1594,3.2027606873932,Sample_100_GSE162228
DEGAS,Positive,Neg_ctrl_Sample_36,0.0579308549812417,1594,3.2027606873932,Sample_100_GSE162228
DEGAS,Positive,Neg_ctrl_Sample_37,0.0833069316892093,1594,3.2027606873932,Sample_100_GSE162228
DEGAS,Positive,Neg_ctrl_Sample_38,0.0774751454584443,1594,3.2027606873932,Sample_100_GSE162228
DEGAS,Positive,Neg_ctrl_Sample_39,0.10619584932143,1594,3.2027606873932,Sample_100_GSE162228
DEGAS,Positive,Neg_ctrl_Sample_40,0.155205869854953,1594,3.2027606873932,Sample_100_GSE162228
DEGAS,Positive,Neg_ctrl_Sample_41,-0.160789981524302,1594,3.2027606873932,Sample_100_GSE162228
DEGAS,Positive,Neg_ctrl_Sample_42,-0.159937579510091,1594,3.2027606873932,Sample_100_GSE162228
DEGAS,Positive,Neg_ctrl_Sample_43,0.0355716531349171,1594,3.2027606873932,Sample_100_GSE162228
DEGAS,Positive,Neg_ctrl_Sample_44,0.266032844991746,1594,3.2027606873932,Sample_100_GSE162228
DEGAS,Positive,Neg_ctrl_Sample_45,-0.000528983438815015,1594,3.2027606873932,Sample_100_GSE162228
DEGAS,Positive,Neg_ctrl_Sample_46,0.316534114432076,1594,3.2027606873932,Sample_100_GSE162228
DEGAS,Positive,Neg_ctrl_Sample_47,0.0512777671190572,1594,3.2027606873932,Sample_100_GSE162228
DEGAS,Positive,Neg_ctrl_Sample_48,0.0084666890361215,1594,3.2027606873932,Sample_100_GSE162228
DEGAS,Positive,Neg_ctrl_Sample_49,-0.143556686115629,1594,3.2027606873932,Sample_100_GSE162228
DEGAS,Positive,Neg_ctrl_Sample_50,-0.0350184390518052,1594,3.2027606873932,Sample_100_GSE162228
DEGAS,Positive,Neg_ctrl_Sample_51,0.102795148861276,1594,3.2027606873932,Sample_100_GSE162228
DEGAS,Positive,Neg_ctrl_Sample_52,0.183305946017423,1594,3.2027606873932,Sample_100_GSE162228
DEGAS,Positive,Neg_ctrl_Sample_53,0.0771345697126281,1594,3.2027606873932,Sample_100_GSE162228
DEGAS,Positive,Neg_ctrl_Sample_54,0.000465515503715858,1594,3.2027606873932,Sample_100_GSE162228
DEGAS,Positive,Neg_ctrl_Sample_55,-0.0401125813271253,1594,3.2027606873932,Sample_100_GSE162228
DEGAS,Positive,Neg_ctrl_Sample_56,0.0776412882105596,1594,3.2027606873932,Sample_100_GSE162228
DEGAS,Positive,Neg_ctrl_Sample_57,0.0768090994609493,1594,3.2027606873932,Sample_100_GSE162228
DEGAS,Positive,Neg_ctrl_Sample_58,0.0100808945170418,1594,3.2027606873932,Sample_100_GSE162228
DEGAS,Positive,Neg_ctrl_Sample_59,0.0840852709503017,1594,3.2027606873932,Sample_100_GSE162228
DEGAS,Positive,Neg_ctrl_Sample_60,0.051114610010201,1594,3.2027606873932,Sample_100_GSE162228
DEGAS,Positive,Neg_ctrl_Sample_61,-0.089843212156421,1594,3.2027606873932,Sample_100_GSE162228
DEGAS,Positive,Neg_ctrl_Sample_62,-0.0940437583426728,1594,3.2027606873932,Sample_100_GSE162228
DEGAS,Positive,Neg_ctrl_Sample_63,0.135014146233058,1594,3.2027606873932,Sample_100_GSE162228
DEGAS,Positive,Neg_ctrl_Sample_64,-0.00134334305347799,1594,3.2027606873932,Sample_100_GSE162228
DEGAS,Positive,Neg_ctrl_Sample_65,-0.138449574920737,1594,3.2027606873932,Sample_100_GSE162228
DEGAS,Positive,Neg_ctrl_Sample_66,0.0078858773785422,1594,3.2027606873932,Sample_100_GSE162228
DEGAS,Positive,Neg_ctrl_Sample_67,0.3420122311221,1594,3.2027606873932,Sample_100_GSE162228
DEGAS,Positive,Neg_ctrl_Sample_68,-0.00326564466440188,1594,3.2027606873932,Sample_100_GSE162228
DEGAS,Positive,Neg_ctrl_Sample_69,-0.10267334276305,1594,3.2027606873932,Sample_100_GSE162228
DEGAS,Positive,Neg_ctrl_Sample_70,0.0551553605794332,1594,3.2027606873932,Sample_100_GSE162228
DEGAS,Positive,Neg_ctrl_Sample_71,-0.131846439049562,1594,3.2027606873932,Sample_100_GSE162228
DEGAS,Positive,Neg_ctrl_Sample_72,-0.128390915774007,1594,3.2027606873932,Sample_100_GSE162228
DEGAS,Positive,Neg_ctrl_Sample_73,0.144648390110981,1594,3.2027606873932,Sample_100_GSE162228
DEGAS,Positive,Neg_ctrl_Sample_74,-0.119723114286186,1594,3.2027606873932,Sample_100_GSE162228
DEGAS,Positive,Neg_ctrl_Sample_75,0.0833779942109652,1594,3.2027606873932,Sample_100_GSE162228
DEGAS,Positive,Neg_ctrl_Sample_76,-0.00332921699522686,1594,3.2027606873932,Sample_100_GSE162228
DEGAS,Positive,Neg_ctrl_Sample_77,0.144529986197755,1594,3.2027606873932,Sample_100_GSE162228
DEGAS,Positive,Neg_ctrl_Sample_78,0.00266980170931604,1594,3.2027606873932,Sample_100_GSE162228
DEGAS,Positive,Neg_ctrl_Sample_79,-0.154179776491129,1594,3.2027606873932,Sample_100_GSE162228
DEGAS,Positive,Neg_ctrl_Sample_80,-0.0236602001784867,1594,3.2027606873932,Sample_100_GSE162228
DEGAS,Positive,Neg_ctrl_Sample_81,0.0387371522594544,1594,3.2027606873932,Sample_100_GSE162228
DEGAS,Positive,Neg_ctrl_Sample_82,-0.0488969459942252,1594,3.2027606873932,Sample_100_GSE162228
DEGAS,Positive,Neg_ctrl_Sample_83,0.0789041662846701,1594,3.2027606873932,Sample_100_GSE162228
DEGAS,Positive,Neg_ctrl_Sample_84,0.0892693964739443,1594,3.2027606873932,Sample_100_GSE162228
DEGAS,Positive,Neg_ctrl_Sample_85,-0.0180926395655737,1594,3.2027606873932,Sample_100_GSE162228
DEGAS,Positive,Neg_ctrl_Sample_86,-0.0704460843317304,1594,3.2027606873932,Sample_100_GSE162228
DEGAS,Positive,Neg_ctrl_Sample_87,-0.13641806338074,1594,3.2027606873932,Sample_100_GSE162228
DEGAS,Positive,Neg_ctrl_Sample_88,0.169463124442305,1594,3.2027606873932,Sample_100_GSE162228
DEGAS,Positive,Neg_ctrl_Sample_89,-0.167507975187719,1594,3.2027606873932,Sample_100_GSE162228
DEGAS,Positive,Neg_ctrl_Sample_90,0.110641454165704,1594,3.2027606873932,Sample_100_GSE162228
DEGAS,Positive,Neg_ctrl_Sample_91,-0.0443856830529543,1594,3.2027606873932,Sample_100_GSE162228
DEGAS,Positive,Neg_ctrl_Sample_92,-0.169688481725676,1594,3.2027606873932,Sample_100_GSE162228
DEGAS,Positive,Neg_ctrl_Sample_93,-0.124502045245258,1594,3.2027606873932,Sample_100_GSE162228
DEGAS,Positive,Neg_ctrl_Sample_94,0.0281682626176545,1594,3.2027606873932,Sample_100_GSE162228
DEGAS,Positive,Neg_ctrl_Sample_95,-0.105479874416769,1594,3.2027606873932,Sample_100_GSE162228
DEGAS,Positive,Neg_ctrl_Sample_96,-0.0972928756387131,1594,3.2027606873932,Sample_100_GSE162228
DEGAS,Positive,Neg_ctrl_Sample_97,0.0439988961819196,1594,3.2027606873932,Sample_100_GSE162228
DEGAS,Positive,Neg_ctrl_Sample_98,0.0170646725526553,1594,3.2027606873932,Sample_100_GSE162228
DEGAS,Positive,Neg_ctrl_Sample_99,-0.113073718774934,1594,3.2027606873932,Sample_100_GSE162228
DEGAS,Positive,Neg_ctrl_Sample_100,-0.161238442404106,1594,3.2027606873932,Sample_100_GSE162228
LP_SGL,Negative,Neg_ctrl_Sample_1,-0.0475739802026381,4551,3.65820225338701,Sample_100_GSE162228
LP_SGL,Negative,Neg_ctrl_Sample_2,-0.0679371935482121,4551,3.65820225338701,Sample_100_GSE162228
LP_SGL,Negative,Neg_ctrl_Sample_3,-0.0272014331141197,4551,3.65820225338701,Sample_100_GSE162228
LP_SGL,Negative,Neg_ctrl_Sample_4,-0.225186419637852,4551,3.65820225338701,Sample_100_GSE162228
LP_SGL,Negative,Neg_ctrl_Sample_5,-0.104663414719186,4551,3.65820225338701,Sample_100_GSE162228
LP_SGL,Negative,Neg_ctrl_Sample_6,-0.135653170992474,4551,3.65820225338701,Sample_100_GSE162228
LP_SGL,Negative,Neg_ctrl_Sample_7,-0.173071147930909,4551,3.65820225338701,Sample_100_GSE162228
LP_SGL,Negative,Neg_ctrl_Sample_8,-0.00192917989015574,4551,3.65820225338701,Sample_100_GSE162228
LP_SGL,Negative,Neg_ctrl_Sample_9,-0.0244163631430525,4551,3.65820225338701,Sample_100_GSE162228
LP_SGL,Negative,Neg_ctrl_Sample_10,0.0977271723507616,4551,3.65820225338701,Sample_100_GSE162228
LP_SGL,Negative,Neg_ctrl_Sample_11,0.153547645219726,4551,3.65820225338701,Sample_100_GSE162228
LP_SGL,Negative,Neg_ctrl_Sample_12,-0.13432252895356,4551,3.65820225338701,Sample_100_GSE162228
LP_SGL,Negative,Neg_ctrl_Sample_13,-0.0695839311358377,4551,3.65820225338701,Sample_100_GSE162228
LP_SGL,Negative,Neg_ctrl_Sample_14,0.0273997801616234,4551,3.65820225338701,Sample_100_GSE162228
LP_SGL,Negative,Neg_ctrl_Sample_15,-0.0617772024087939,4551,3.65820225338701,Sample_100_GSE162228
LP_SGL,Negative,Neg_ctrl_Sample_16,-0.0230012686243809,4551,3.65820225338701,Sample_100_GSE162228
LP_SGL,Negative,Neg_ctrl_Sample_17,0.162074135702923,4551,3.65820225338701,Sample_100_GSE162228
LP_SGL,Negative,Neg_ctrl_Sample_18,0.197587110186746,4551,3.65820225338701,Sample_100_GSE162228
LP_SGL,Negative,Neg_ctrl_Sample_19,0.239073112918152,4551,3.65820225338701,Sample_100_GSE162228
LP_SGL,Negative,Neg_ctrl_Sample_20,-0.134457557808359,4551,3.65820225338701,Sample_100_GSE162228
LP_SGL,Negative,Neg_ctrl_Sample_21,-0.0217180304086382,4551,3.65820225338701,Sample_100_GSE162228
LP_SGL,Negative,Neg_ctrl_Sample_22,0.206483057844291,4551,3.65820225338701,Sample_100_GSE162228
LP_SGL,Negative,Neg_ctrl_Sample_23,-0.0540426505487242,4551,3.65820225338701,Sample_100_GSE162228
LP_SGL,Negative,Neg_ctrl_Sample_24,0.138694412787175,4551,3.65820225338701,Sample_100_GSE162228
LP_SGL,Negative,Neg_ctrl_Sample_25,0.0592795287993893,4551,3.65820225338701,Sample_100_GSE162228
LP_SGL,Negative,Neg_ctrl_Sample_26,0.0288226758707067,4551,3.65820225338701,Sample_100_GSE162228
LP_SGL,Negative,Neg_ctrl_Sample_27,-0.00397592317604174,4551,3.65820225338701,Sample_100_GSE162228
LP_SGL,Negative,Neg_ctrl_Sample_28,0.0813182589224347,4551,3.65820225338701,Sample_100_GSE162228
LP_SGL,Negative,Neg_ctrl_Sample_29,0.123399442908359,4551,3.65820225338701,Sample_100_GSE162228
LP_SGL,Negative,Neg_ctrl_Sample_30,-0.0403594196756789,4551,3.65820225338701,Sample_100_GSE162228
LP_SGL,Negative,Neg_ctrl_Sample_31,0.192408999163508,4551,3.65820225338701,Sample_100_GSE162228
LP_SGL,Negative,Neg_ctrl_Sample_32,0.239306167150455,4551,3.65820225338701,Sample_100_GSE162228
LP_SGL,Negative,Neg_ctrl_Sample_33,0.0250792364835218,4551,3.65820225338701,Sample_100_GSE162228
LP_SGL,Negative,Neg_ctrl_Sample_34,-0.250032062142818,4551,3.65820225338701,Sample_100_GSE162228
LP_SGL,Negative,Neg_ctrl_Sample_35,0.0318043312493064,4551,3.65820225338701,Sample_100_GSE162228
LP_SGL,Negative,Neg_ctrl_Sample_36,0.0611769165980385,4551,3.65820225338701,Sample_100_GSE162228
LP_SGL,Negative,Neg_ctrl_Sample_37,0.0855111316738082,4551,3.65820225338701,Sample_100_GSE162228
LP_SGL,Negative,Neg_ctrl_Sample_38,0.0780834286543787,4551,3.65820225338701,Sample_100_GSE162228
LP_SGL,Negative,Neg_ctrl_Sample_39,0.102051640623991,4551,3.65820225338701,Sample_100_GSE162228
LP_SGL,Negative,Neg_ctrl_Sample_40,0.17315462511365,4551,3.65820225338701,Sample_100_GSE162228
LP_SGL,Negative,Neg_ctrl_Sample_41,-0.145803621498651,4551,3.65820225338701,Sample_100_GSE162228
LP_SGL,Negative,Neg_ctrl_Sample_42,-0.146330783216015,4551,3.65820225338701,Sample_100_GSE162228
LP_SGL,Negative,Neg_ctrl_Sample_43,0.0335664837050197,4551,3.65820225338701,Sample_100_GSE162228
LP_SGL,Negative,Neg_ctrl_Sample_44,0.278790068179042,4551,3.65820225338701,Sample_100_GSE162228
LP_SGL,Negative,Neg_ctrl_Sample_45,0.014511834977915,4551,3.65820225338701,Sample_100_GSE162228
LP_SGL,Negative,Neg_ctrl_Sample_46,0.309763769614415,4551,3.65820225338701,Sample_100_GSE162228
LP_SGL,Negative,Neg_ctrl_Sample_47,0.055580712926627,4551,3.65820225338701,Sample_100_GSE162228
LP_SGL,Negative,Neg_ctrl_Sample_48,0.030581142043966,4551,3.65820225338701,Sample_100_GSE162228
LP_SGL,Negative,Neg_ctrl_Sample_49,-0.122970582406034,4551,3.65820225338701,Sample_100_GSE162228
LP_SGL,Negative,Neg_ctrl_Sample_50,-0.0186107911795773,4551,3.65820225338701,Sample_100_GSE162228
LP_SGL,Negative,Neg_ctrl_Sample_51,0.119349629273288,4551,3.65820225338701,Sample_100_GSE162228
LP_SGL,Negative,Neg_ctrl_Sample_52,0.201868875838153,4551,3.65820225338701,Sample_100_GSE162228
LP_SGL,Negative,Neg_ctrl_Sample_53,0.0904587677324244,4551,3.65820225338701,Sample_100_GSE162228
LP_SGL,Negative,Neg_ctrl_Sample_54,0.0133889144459735,4551,3.65820225338701,Sample_100_GSE162228
LP_SGL,Negative,Neg_ctrl_Sample_55,-0.0362777240757697,4551,3.65820225338701,Sample_100_GSE162228
LP_SGL,Negative,Neg_ctrl_Sample_56,0.0848592711564568,4551,3.65820225338701,Sample_100_GSE162228
LP_SGL,Negative,Neg_ctrl_Sample_57,0.0803367532347529,4551,3.65820225338701,Sample_100_GSE162228
LP_SGL,Negative,Neg_ctrl_Sample_58,0.0257279060116264,4551,3.65820225338701,Sample_100_GSE162228
LP_SGL,Negative,Neg_ctrl_Sample_59,0.0885076939426471,4551,3.65820225338701,Sample_100_GSE162228
LP_SGL,Negative,Neg_ctrl_Sample_60,0.0689571707909508,4551,3.65820225338701,Sample_100_GSE162228
LP_SGL,Negative,Neg_ctrl_Sample_61,-0.0600123491221044,4551,3.65820225338701,Sample_100_GSE162228
LP_SGL,Negative,Neg_ctrl_Sample_62,-0.0782976887864,4551,3.65820225338701,Sample_100_GSE162228
LP_SGL,Negative,Neg_ctrl_Sample_63,0.14998395350004,4551,3.65820225338701,Sample_100_GSE162228
LP_SGL,Negative,Neg_ctrl_Sample_64,0.0258230803193612,4551,3.65820225338701,Sample_100_GSE162228
LP_SGL,Negative,Neg_ctrl_Sample_65,-0.112263742421846,4551,3.65820225338701,Sample_100_GSE162228
LP_SGL,Negative,Neg_ctrl_Sample_66,0.00708830242234961,4551,3.65820225338701,Sample_100_GSE162228
LP_SGL,Negative,Neg_ctrl_Sample_67,0.346434413909878,4551,3.65820225338701,Sample_100_GSE162228
LP_SGL,Negative,Neg_ctrl_Sample_68,0.0135763195331565,4551,3.65820225338701,Sample_100_GSE162228
LP_SGL,Negative,Neg_ctrl_Sample_69,-0.0872330967619714,4551,3.65820225338701,Sample_100_GSE162228
LP_SGL,Negative,Neg_ctrl_Sample_70,0.0766340602296074,4551,3.65820225338701,Sample_100_GSE162228
LP_SGL,Negative,Neg_ctrl_Sample_71,-0.117635909495847,4551,3.65820225338701,Sample_100_GSE162228
LP_SGL,Negative,Neg_ctrl_Sample_72,-0.117448052602599,4551,3.65820225338701,Sample_100_GSE162228
LP_SGL,Negative,Neg_ctrl_Sample_73,0.146579004286942,4551,3.65820225338701,Sample_100_GSE162228
LP_SGL,Negative,Neg_ctrl_Sample_74,-0.109790696104947,4551,3.65820225338701,Sample_100_GSE162228
LP_SGL,Negative,Neg_ctrl_Sample_75,0.105962288644634,4551,3.65820225338701,Sample_100_GSE162228
LP_SGL,Negative,Neg_ctrl_Sample_76,0.00910680120363353,4551,3.65820225338701,Sample_100_GSE162228
LP_SGL,Negative,Neg_ctrl_Sample_77,0.142027153332366,4551,3.65820225338701,Sample_100_GSE162228
LP_SGL,Negative,Neg_ctrl_Sample_78,0.00293800703121291,4551,3.65820225338701,Sample_100_GSE162228
LP_SGL,Negative,Neg_ctrl_Sample_79,-0.136407946189532,4551,3.65820225338701,Sample_100_GSE162228
LP_SGL,Negative,Neg_ctrl_Sample_80,-0.0321705894257489,4551,3.65820225338701,Sample_100_GSE162228
LP_SGL,Negative,Neg_ctrl_Sample_81,0.0515822769433225,4551,3.65820225338701,Sample_100_GSE162228
LP_SGL,Negative,Neg_ctrl_Sample_82,-0.0290523375559518,4551,3.65820225338701,Sample_100_GSE162228
LP_SGL,Negative,Neg_ctrl_Sample_83,0.0901133704032599,4551,3.65820225338701,Sample_100_GSE162228
LP_SGL,Negative,Neg_ctrl_Sample_84,0.108033125584054,4551,3.65820225338701,Sample_100_GSE162228
LP_SGL,Negative,Neg_ctrl_Sample_85,-0.0138812907819218,4551,3.65820225338701,Sample_100_GSE162228
LP_SGL,Negative,Neg_ctrl_Sample_86,-0.0586433597379167,4551,3.65820225338701,Sample_100_GSE162228
LP_SGL,Negative,Neg_ctrl_Sample_87,-0.123085648577592,4551,3.65820225338701,Sample_100_GSE162228
LP_SGL,Negative,Neg_ctrl_Sample_88,0.186810574692798,4551,3.65820225338701,Sample_100_GSE162228
LP_SGL,Negative,Neg_ctrl_Sample_89,-0.137096722464999,4551,3.65820225338701,Sample_100_GSE162228
LP_SGL,Negative,Neg_ctrl_Sample_90,0.128893282158265,4551,3.65820225338701,Sample_100_GSE162228
LP_SGL,Negative,Neg_ctrl_Sample_91,-0.0316596815122485,4551,3.65820225338701,Sample_100_GSE162228
LP_SGL,Negative,Neg_ctrl_Sample_92,-0.154652958300398,4551,3.65820225338701,Sample_100_GSE162228
LP_SGL,Negative,Neg_ctrl_Sample_93,-0.116992359644354,4551,3.65820225338701,Sample_100_GSE162228
LP_SGL,Negative,Neg_ctrl_Sample_94,0.0255463081198502,4551,3.65820225338701,Sample_100_GSE162228
LP_SGL,Negative,Neg_ctrl_Sample_95,-0.100561495302558,4551,3.65820225338701,Sample_100_GSE162228
LP_SGL,Negative,Neg_ctrl_Sample_96,-0.0867428430554937,4551,3.65820225338701,Sample_100_GSE162228
LP_SGL,Negative,Neg_ctrl_Sample_97,0.0473149477322044,4551,3.65820225338701,Sample_100_GSE162228
LP_SGL,Negative,Neg_ctrl_Sample_98,0.0276204545208311,4551,3.65820225338701,Sample_100_GSE162228
LP_SGL,Negative,Neg_ctrl_Sample_99,-0.102139219299093,4551,3.65820225338701,Sample_100_GSE162228
LP_SGL,Negative,Neg_ctrl_Sample_100,-0.147103458008276,4551,3.65820225338701,Sample_100_GSE162228
LP_SGL,Neutral,Neg_ctrl_Sample_1,-0.0532041989285559,25989,4.41480627950101,Sample_100_GSE162228
LP_SGL,Neutral,Neg_ctrl_Sample_2,-0.0457950185687423,25989,4.41480627950101,Sample_100_GSE162228
LP_SGL,Neutral,Neg_ctrl_Sample_3,-0.0232981429162915,25989,4.41480627950101,Sample_100_GSE162228
LP_SGL,Neutral,Neg_ctrl_Sample_4,-0.224994114564564,25989,4.41480627950101,Sample_100_GSE162228
LP_SGL,Neutral,Neg_ctrl_Sample_5,-0.0862278848146925,25989,4.41480627950101,Sample_100_GSE162228
LP_SGL,Neutral,Neg_ctrl_Sample_6,-0.143093847564189,25989,4.41480627950101,Sample_100_GSE162228
LP_SGL,Neutral,Neg_ctrl_Sample_7,-0.164309919829912,25989,4.41480627950101,Sample_100_GSE162228
LP_SGL,Neutral,Neg_ctrl_Sample_8,-0.0067837870161197,25989,4.41480627950101,Sample_100_GSE162228
LP_SGL,Neutral,Neg_ctrl_Sample_9,-0.00386777287316061,25989,4.41480627950101,Sample_100_GSE162228
LP_SGL,Neutral,Neg_ctrl_Sample_10,0.0962579415616322,25989,4.41480627950101,Sample_100_GSE162228
LP_SGL,Neutral,Neg_ctrl_Sample_11,0.148169054700255,25989,4.41480627950101,Sample_100_GSE162228
LP_SGL,Neutral,Neg_ctrl_Sample_12,-0.124352184922,25989,4.41480627950101,Sample_100_GSE162228
LP_SGL,Neutral,Neg_ctrl_Sample_13,-0.0624009955361563,25989,4.41480627950101,Sample_100_GSE162228
LP_SGL,Neutral,Neg_ctrl_Sample_14,0.0332525349474887,25989,4.41480627950101,Sample_100_GSE162228
LP_SGL,Neutral,Neg_ctrl_Sample_15,-0.0751300837507173,25989,4.41480627950101,Sample_100_GSE162228
LP_SGL,Neutral,Neg_ctrl_Sample_16,-0.0220812705996941,25989,4.41480627950101,Sample_100_GSE162228
LP_SGL,Neutral,Neg_ctrl_Sample_17,0.168902900986496,25989,4.41480627950101,Sample_100_GSE162228
LP_SGL,Neutral,Neg_ctrl_Sample_18,0.199583099545154,25989,4.41480627950101,Sample_100_GSE162228
LP_SGL,Neutral,Neg_ctrl_Sample_19,0.230762336167274,25989,4.41480627950101,Sample_100_GSE162228
LP_SGL,Neutral,Neg_ctrl_Sample_20,-0.128151704943416,25989,4.41480627950101,Sample_100_GSE162228
LP_SGL,Neutral,Neg_ctrl_Sample_21,-0.0292114017447097,25989,4.41480627950101,Sample_100_GSE162228
LP_SGL,Neutral,Neg_ctrl_Sample_22,0.205137880406737,25989,4.41480627950101,Sample_100_GSE162228
LP_SGL,Neutral,Neg_ctrl_Sample_23,-0.032522010050672,25989,4.41480627950101,Sample_100_GSE162228
LP_SGL,Neutral,Neg_ctrl_Sample_24,0.134035202332634,25989,4.41480627950101,Sample_100_GSE162228
LP_SGL,Neutral,Neg_ctrl_Sample_25,0.0551662943347519,25989,4.41480627950101,Sample_100_GSE162228
LP_SGL,Neutral,Neg_ctrl_Sample_26,0.0329592801716825,25989,4.41480627950101,Sample_100_GSE162228
LP_SGL,Neutral,Neg_ctrl_Sample_27,0.0046510393522915,25989,4.41480627950101,Sample_100_GSE162228
LP_SGL,Neutral,Neg_ctrl_Sample_28,0.0958047929730209,25989,4.41480627950101,Sample_100_GSE162228
LP_SGL,Neutral,Neg_ctrl_Sample_29,0.120729663219833,25989,4.41480627950101,Sample_100_GSE162228
LP_SGL,Neutral,Neg_ctrl_Sample_30,-0.0541505858540701,25989,4.41480627950101,Sample_100_GSE162228
LP_SGL,Neutral,Neg_ctrl_Sample_31,0.202712382879475,25989,4.41480627950101,Sample_100_GSE162228
LP_SGL,Neutral,Neg_ctrl_Sample_32,0.235645226752624,25989,4.41480627950101,Sample_100_GSE162228
LP_SGL,Neutral,Neg_ctrl_Sample_33,0.0159902273454304,25989,4.41480627950101,Sample_100_GSE162228
LP_SGL,Neutral,Neg_ctrl_Sample_34,-0.227601336491683,25989,4.41480627950101,Sample_100_GSE162228
LP_SGL,Neutral,Neg_ctrl_Sample_35,0.0410513250343315,25989,4.41480627950101,Sample_100_GSE162228
LP_SGL,Neutral,Neg_ctrl_Sample_36,0.0639547177087022,25989,4.41480627950101,Sample_100_GSE162228
LP_SGL,Neutral,Neg_ctrl_Sample_37,0.077150506180384,25989,4.41480627950101,Sample_100_GSE162228
LP_SGL,Neutral,Neg_ctrl_Sample_38,0.0698043145399104,25989,4.41480627950101,Sample_100_GSE162228
LP_SGL,Neutral,Neg_ctrl_Sample_39,0.112814566988509,25989,4.41480627950101,Sample_100_GSE162228
LP_SGL,Neutral,Neg_ctrl_Sample_40,0.168914528800359,25989,4.41480627950101,Sample_100_GSE162228
LP_SGL,Neutral,Neg_ctrl_Sample_41,-0.134592836787146,25989,4.41480627950101,Sample_100_GSE162228
LP_SGL,Neutral,Neg_ctrl_Sample_42,-0.145996541568301,25989,4.41480627950101,Sample_100_GSE162228
LP_SGL,Neutral,Neg_ctrl_Sample_43,0.0427705058750934,25989,4.41480627950101,Sample_100_GSE162228
LP_SGL,Neutral,Neg_ctrl_Sample_44,0.271143378931658,25989,4.41480627950101,Sample_100_GSE162228
LP_SGL,Neutral,Neg_ctrl_Sample_45,0.0192161970458669,25989,4.41480627950101,Sample_100_GSE162228
LP_SGL,Neutral,Neg_ctrl_Sample_46,0.309469436543813,25989,4.41480627950101,Sample_100_GSE162228
LP_SGL,Neutral,Neg_ctrl_Sample_47,0.0517481449138449,25989,4.41480627950101,Sample_100_GSE162228
LP_SGL,Neutral,Neg_ctrl_Sample_48,0.0152672931748096,25989,4.41480627950101,Sample_100_GSE162228
LP_SGL,Neutral,Neg_ctrl_Sample_49,-0.109330476877669,25989,4.41480627950101,Sample_100_GSE162228
LP_SGL,Neutral,Neg_ctrl_Sample_50,-0.00827795318592475,25989,4.41480627950101,Sample_100_GSE162228
LP_SGL,Neutral,Neg_ctrl_Sample_51,0.113862430597827,25989,4.41480627950101,Sample_100_GSE162228
LP_SGL,Neutral,Neg_ctrl_Sample_52,0.206843291057398,25989,4.41480627950101,Sample_100_GSE162228
LP_SGL,Neutral,Neg_ctrl_Sample_53,0.0906100806207123,25989,4.41480627950101,Sample_100_GSE162228
LP_SGL,Neutral,Neg_ctrl_Sample_54,0.0169268209340451,25989,4.41480627950101,Sample_100_GSE162228
LP_SGL,Neutral,Neg_ctrl_Sample_55,-0.0186644930565964,25989,4.41480627950101,Sample_100_GSE162228
LP_SGL,Neutral,Neg_ctrl_Sample_56,0.0858590393299734,25989,4.41480627950101,Sample_100_GSE162228
LP_SGL,Neutral,Neg_ctrl_Sample_57,0.0941866377033968,25989,4.41480627950101,Sample_100_GSE162228
LP_SGL,Neutral,Neg_ctrl_Sample_58,0.0263776338063902,25989,4.41480627950101,Sample_100_GSE162228
LP_SGL,Neutral,Neg_ctrl_Sample_59,0.0973500069919963,25989,4.41480627950101,Sample_100_GSE162228
LP_SGL,Neutral,Neg_ctrl_Sample_60,0.0751594043670987,25989,4.41480627950101,Sample_100_GSE162228
LP_SGL,Neutral,Neg_ctrl_Sample_61,-0.0664734776533767,25989,4.41480627950101,Sample_100_GSE162228
LP_SGL,Neutral,Neg_ctrl_Sample_62,-0.0747870309434951,25989,4.41480627950101,Sample_100_GSE162228
LP_SGL,Neutral,Neg_ctrl_Sample_63,0.144664495155987,25989,4.41480627950101,Sample_100_GSE162228
LP_SGL,Neutral,Neg_ctrl_Sample_64,0.0296411798613136,25989,4.41480627950101,Sample_100_GSE162228
LP_SGL,Neutral,Neg_ctrl_Sample_65,-0.1163996077867,25989,4.41480627950101,Sample_100_GSE162228
LP_SGL,Neutral,Neg_ctrl_Sample_66,0.0168463457499919,25989,4.41480627950101,Sample_100_GSE162228
LP_SGL,Neutral,Neg_ctrl_Sample_67,0.333642950346472,25989,4.41480627950101,Sample_100_GSE162228
LP_SGL,Neutral,Neg_ctrl_Sample_68,0.0200778422078364,25989,4.41480627950101,Sample_100_GSE162228
LP_SGL,Neutral,Neg_ctrl_Sample_69,-0.0774758960782146,25989,4.41480627950101,Sample_100_GSE162228
LP_SGL,Neutral,Neg_ctrl_Sample_70,0.074868180181069,25989,4.41480627950101,Sample_100_GSE162228
LP_SGL,Neutral,Neg_ctrl_Sample_71,-0.121335716280792,25989,4.41480627950101,Sample_100_GSE162228
LP_SGL,Neutral,Neg_ctrl_Sample_72,-0.109909154505003,25989,4.41480627950101,Sample_100_GSE162228
LP_SGL,Neutral,Neg_ctrl_Sample_73,0.146181424017729,25989,4.41480627950101,Sample_100_GSE162228
LP_SGL,Neutral,Neg_ctrl_Sample_74,-0.0941229597912389,25989,4.41480627950101,Sample_100_GSE162228
LP_SGL,Neutral,Neg_ctrl_Sample_75,0.102796251136966,25989,4.41480627950101,Sample_100_GSE162228
LP_SGL,Neutral,Neg_ctrl_Sample_76,0.0202855107433975,25989,4.41480627950101,Sample_100_GSE162228
LP_SGL,Neutral,Neg_ctrl_Sample_77,0.158735243730013,25989,4.41480627950101,Sample_100_GSE162228
LP_SGL,Neutral,Neg_ctrl_Sample_78,0.0110340827717795,25989,4.41480627950101,Sample_100_GSE162228
LP_SGL,Neutral,Neg_ctrl_Sample_79,-0.129051328407317,25989,4.41480627950101,Sample_100_GSE162228
LP_SGL,Neutral,Neg_ctrl_Sample_80,-0.0299186905808237,25989,4.41480627950101,Sample_100_GSE162228
LP_SGL,Neutral,Neg_ctrl_Sample_81,0.0453376324728086,25989,4.41480627950101,Sample_100_GSE162228
LP_SGL,Neutral,Neg_ctrl_Sample_82,-0.0285314429249593,25989,4.41480627950101,Sample_100_GSE162228
LP_SGL,Neutral,Neg_ctrl_Sample_83,0.087595177375954,25989,4.41480627950101,Sample_100_GSE162228
LP_SGL,Neutral,Neg_ctrl_Sample_84,0.106813727774768,25989,4.41480627950101,Sample_100_GSE162228
LP_SGL,Neutral,Neg_ctrl_Sample_85,-0.00871470771152753,25989,4.41480627950101,Sample_100_GSE162228
LP_SGL,Neutral,Neg_ctrl_Sample_86,-0.0633078803801211,25989,4.41480627950101,Sample_100_GSE162228
LP_SGL,Neutral,Neg_ctrl_Sample_87,-0.108776223973162,25989,4.41480627950101,Sample_100_GSE162228
LP_SGL,Neutral,Neg_ctrl_Sample_88,0.172769849226769,25989,4.41480627950101,Sample_100_GSE162228
LP_SGL,Neutral,Neg_ctrl_Sample_89,-0.136769261630249,25989,4.41480627950101,Sample_100_GSE162228
LP_SGL,Neutral,Neg_ctrl_Sample_90,0.13483810201179,25989,4.41480627950101,Sample_100_GSE162228
LP_SGL,Neutral,Neg_ctrl_Sample_91,-0.0365947620384463,25989,4.41480627950101,Sample_100_GSE162228
LP_SGL,Neutral,Neg_ctrl_Sample_92,-0.140405240622557,25989,4.41480627950101,Sample_100_GSE162228
LP_SGL,Neutral,Neg_ctrl_Sample_93,-0.120340194036704,25989,4.41480627950101,Sample_100_GSE162228
LP_SGL,Neutral,Neg_ctrl_Sample_94,0.0329244027201256,25989,4.41480627950101,Sample_100_GSE162228
LP_SGL,Neutral,Neg_ctrl_Sample_95,-0.0941474527963163,25989,4.41480627950101,Sample_100_GSE162228
LP_SGL,Neutral,Neg_ctrl_Sample_96,-0.0689510494136631,25989,4.41480627950101,Sample_100_GSE162228
LP_SGL,Neutral,Neg_ctrl_Sample_97,0.0547572576537213,25989,4.41480627950101,Sample_100_GSE162228
LP_SGL,Neutral,Neg_ctrl_Sample_98,0.0382051501666744,25989,4.41480627950101,Sample_100_GSE162228
LP_SGL,Neutral,Neg_ctrl_Sample_99,-0.101459819050288,25989,4.41480627950101,Sample_100_GSE162228
LP_SGL,Neutral,Neg_ctrl_Sample_100,-0.150148568436533,25989,4.41480627950101,Sample_100_GSE162228
LP_SGL,Positive,Neg_ctrl_Sample_1,-0.0571949653847377,1332,3.12483014941386,Sample_100_GSE162228
LP_SGL,Positive,Neg_ctrl_Sample_2,-0.0701058667955942,1332,3.12483014941386,Sample_100_GSE162228
LP_SGL,Positive,Neg_ctrl_Sample_3,-0.0422355691925626,1332,3.12483014941386,Sample_100_GSE162228
LP_SGL,Positive,Neg_ctrl_Sample_4,-0.246159419499232,1332,3.12483014941386,Sample_100_GSE162228
LP_SGL,Positive,Neg_ctrl_Sample_5,-0.10958232962828,1332,3.12483014941386,Sample_100_GSE162228
LP_SGL,Positive,Neg_ctrl_Sample_6,-0.156155410593625,1332,3.12483014941386,Sample_100_GSE162228
LP_SGL,Positive,Neg_ctrl_Sample_7,-0.181015550946182,1332,3.12483014941386,Sample_100_GSE162228
LP_SGL,Positive,Neg_ctrl_Sample_8,-0.00767359735935112,1332,3.12483014941386,Sample_100_GSE162228
LP_SGL,Positive,Neg_ctrl_Sample_9,-0.0306605229116237,1332,3.12483014941386,Sample_100_GSE162228
LP_SGL,Positive,Neg_ctrl_Sample_10,0.0836521271296575,1332,3.12483014941386,Sample_100_GSE162228
LP_SGL,Positive,Neg_ctrl_Sample_11,0.142759111435304,1332,3.12483014941386,Sample_100_GSE162228
LP_SGL,Positive,Neg_ctrl_Sample_12,-0.151873315358375,1332,3.12483014941386,Sample_100_GSE162228
LP_SGL,Positive,Neg_ctrl_Sample_13,-0.0679168702713005,1332,3.12483014941386,Sample_100_GSE162228
LP_SGL,Positive,Neg_ctrl_Sample_14,0.0156271467672379,1332,3.12483014941386,Sample_100_GSE162228
LP_SGL,Positive,Neg_ctrl_Sample_15,-0.085364486619023,1332,3.12483014941386,Sample_100_GSE162228
LP_SGL,Positive,Neg_ctrl_Sample_16,-0.04503697887309,1332,3.12483014941386,Sample_100_GSE162228
LP_SGL,Positive,Neg_ctrl_Sample_17,0.157346184605871,1332,3.12483014941386,Sample_100_GSE162228
LP_SGL,Positive,Neg_ctrl_Sample_18,0.198127421996174,1332,3.12483014941386,Sample_100_GSE162228
LP_SGL,Positive,Neg_ctrl_Sample_19,0.237593685634671,1332,3.12483014941386,Sample_100_GSE162228
LP_SGL,Positive,Neg_ctrl_Sample_20,-0.136325154161051,1332,3.12483014941386,Sample_100_GSE162228
LP_SGL,Positive,Neg_ctrl_Sample_21,-0.015629609126331,1332,3.12483014941386,Sample_100_GSE162228
LP_SGL,Positive,Neg_ctrl_Sample_22,0.201520426656967,1332,3.12483014941386,Sample_100_GSE162228
LP_SGL,Positive,Neg_ctrl_Sample_23,-0.0612510988715213,1332,3.12483014941386,Sample_100_GSE162228
LP_SGL,Positive,Neg_ctrl_Sample_24,0.129292425370652,1332,3.12483014941386,Sample_100_GSE162228
LP_SGL,Positive,Neg_ctrl_Sample_25,0.0426608147746147,1332,3.12483014941386,Sample_100_GSE162228
LP_SGL,Positive,Neg_ctrl_Sample_26,0.0204186651047505,1332,3.12483014941386,Sample_100_GSE162228
LP_SGL,Positive,Neg_ctrl_Sample_27,-0.013517721457478,1332,3.12483014941386,Sample_100_GSE162228
LP_SGL,Positive,Neg_ctrl_Sample_28,0.0921862082457893,1332,3.12483014941386,Sample_100_GSE162228
LP_SGL,Positive,Neg_ctrl_Sample_29,0.111226453135837,1332,3.12483014941386,Sample_100_GSE162228
LP_SGL,Positive,Neg_ctrl_Sample_30,-0.0670328643724176,1332,3.12483014941386,Sample_100_GSE162228
LP_SGL,Positive,Neg_ctrl_Sample_31,0.183222805271173,1332,3.12483014941386,Sample_100_GSE162228
LP_SGL,Positive,Neg_ctrl_Sample_32,0.216660202766669,1332,3.12483014941386,Sample_100_GSE162228
LP_SGL,Positive,Neg_ctrl_Sample_33,0.0113532671365648,1332,3.12483014941386,Sample_100_GSE162228
LP_SGL,Positive,Neg_ctrl_Sample_34,-0.247008397872831,1332,3.12483014941386,Sample_100_GSE162228
LP_SGL,Positive,Neg_ctrl_Sample_35,0.0209171995208925,1332,3.12483014941386,Sample_100_GSE162228
LP_SGL,Positive,Neg_ctrl_Sample_36,0.0590437200628877,1332,3.12483014941386,Sample_100_GSE162228
LP_SGL,Positive,Neg_ctrl_Sample_37,0.0793652492976207,1332,3.12483014941386,Sample_100_GSE162228
LP_SGL,Positive,Neg_ctrl_Sample_38,0.0740358293610009,1332,3.12483014941386,Sample_100_GSE162228
LP_SGL,Positive,Neg_ctrl_Sample_39,0.114693387323825,1332,3.12483014941386,Sample_100_GSE162228
LP_SGL,Positive,Neg_ctrl_Sample_40,0.166119050462396,1332,3.12483014941386,Sample_100_GSE162228
LP_SGL,Positive,Neg_ctrl_Sample_41,-0.15796795036459,1332,3.12483014941386,Sample_100_GSE162228
LP_SGL,Positive,Neg_ctrl_Sample_42,-0.155525846353665,1332,3.12483014941386,Sample_100_GSE162228
LP_SGL,Positive,Neg_ctrl_Sample_43,0.0314891447213824,1332,3.12483014941386,Sample_100_GSE162228
LP_SGL,Positive,Neg_ctrl_Sample_44,0.269387528750518,1332,3.12483014941386,Sample_100_GSE162228
LP_SGL,Positive,Neg_ctrl_Sample_45,0.00449116505414635,1332,3.12483014941386,Sample_100_GSE162228
LP_SGL,Positive,Neg_ctrl_Sample_46,0.320685221394031,1332,3.12483014941386,Sample_100_GSE162228
LP_SGL,Positive,Neg_ctrl_Sample_47,0.0516497001086562,1332,3.12483014941386,Sample_100_GSE162228
LP_SGL,Positive,Neg_ctrl_Sample_48,0.0157732072149773,1332,3.12483014941386,Sample_100_GSE162228
LP_SGL,Positive,Neg_ctrl_Sample_49,-0.138361624062392,1332,3.12483014941386,Sample_100_GSE162228
LP_SGL,Positive,Neg_ctrl_Sample_50,-0.0361045158572416,1332,3.12483014941386,Sample_100_GSE162228
LP_SGL,Positive,Neg_ctrl_Sample_51,0.108139398286708,1332,3.12483014941386,Sample_100_GSE162228
LP_SGL,Positive,Neg_ctrl_Sample_52,0.189488000503374,1332,3.12483014941386,Sample_100_GSE162228
LP_SGL,Positive,Neg_ctrl_Sample_53,0.0825176097013841,1332,3.12483014941386,Sample_100_GSE162228
LP_SGL,Positive,Neg_ctrl_Sample_54,0.0166849388482554,1332,3.12483014941386,Sample_100_GSE162228
LP_SGL,Positive,Neg_ctrl_Sample_55,-0.0312681011583839,1332,3.12483014941386,Sample_100_GSE162228
LP_SGL,Positive,Neg_ctrl_Sample_56,0.0948543445628257,1332,3.12483014941386,Sample_100_GSE162228
LP_SGL,Positive,Neg_ctrl_Sample_57,0.0810702867225298,1332,3.12483014941386,Sample_100_GSE162228
LP_SGL,Positive,Neg_ctrl_Sample_58,0.0180986101844004,1332,3.12483014941386,Sample_100_GSE162228
LP_SGL,Positive,Neg_ctrl_Sample_59,0.0888424975527538,1332,3.12483014941386,Sample_100_GSE162228
LP_SGL,Positive,Neg_ctrl_Sample_60,0.0551708455608817,1332,3.12483014941386,Sample_100_GSE162228
LP_SGL,Positive,Neg_ctrl_Sample_61,-0.0789032899244195,1332,3.12483014941386,Sample_100_GSE162228
LP_SGL,Positive,Neg_ctrl_Sample_62,-0.0859859509084347,1332,3.12483014941386,Sample_100_GSE162228
LP_SGL,Positive,Neg_ctrl_Sample_63,0.136495904819165,1332,3.12483014941386,Sample_100_GSE162228
LP_SGL,Positive,Neg_ctrl_Sample_64,0.00741097324291092,1332,3.12483014941386,Sample_100_GSE162228
LP_SGL,Positive,Neg_ctrl_Sample_65,-0.129548908020919,1332,3.12483014941386,Sample_100_GSE162228
LP_SGL,Positive,Neg_ctrl_Sample_66,0.00739202781381994,1332,3.12483014941386,Sample_100_GSE162228
LP_SGL,Positive,Neg_ctrl_Sample_67,0.340397642580377,1332,3.12483014941386,Sample_100_GSE162228
LP_SGL,Positive,Neg_ctrl_Sample_68,0.00571908961653354,1332,3.12483014941386,Sample_100_GSE162228
LP_SGL,Positive,Neg_ctrl_Sample_69,-0.0906462774464623,1332,3.12483014941386,Sample_100_GSE162228
LP_SGL,Positive,Neg_ctrl_Sample_70,0.0632940730698908,1332,3.12483014941386,Sample_100_GSE162228
LP_SGL,Positive,Neg_ctrl_Sample_71,-0.124785703575269,1332,3.12483014941386,Sample_100_GSE162228
LP_SGL,Positive,Neg_ctrl_Sample_72,-0.120432577633632,1332,3.12483014941386,Sample_100_GSE162228
LP_SGL,Positive,Neg_ctrl_Sample_73,0.14130723622408,1332,3.12483014941386,Sample_100_GSE162228
LP_SGL,Positive,Neg_ctrl_Sample_74,-0.111781184446673,1332,3.12483014941386,Sample_100_GSE162228
LP_SGL,Positive,Neg_ctrl_Sample_75,0.0833635317140975,1332,3.12483014941386,Sample_100_GSE162228
LP_SGL,Positive,Neg_ctrl_Sample_76,-0.00170179862954357,1332,3.12483014941386,Sample_100_GSE162228
LP_SGL,Positive,Neg_ctrl_Sample_77,0.155806746622834,1332,3.12483014941386,Sample_100_GSE162228
LP_SGL,Positive,Neg_ctrl_Sample_78,-0.000159069959604169,1332,3.12483014941386,Sample_100_GSE162228
LP_SGL,Positive,Neg_ctrl_Sample_79,-0.148600747814081,1332,3.12483014941386,Sample_100_GSE162228
LP_SGL,Positive,Neg_ctrl_Sample_80,-0.0253595298389168,1332,3.12483014941386,Sample_100_GSE162228
LP_SGL,Positive,Neg_ctrl_Sample_81,0.0424728463345855,1332,3.12483014941386,Sample_100_GSE162228
LP_SGL,Positive,Neg_ctrl_Sample_82,-0.0321881151203184,1332,3.12483014941386,Sample_100_GSE162228
LP_SGL,Positive,Neg_ctrl_Sample_83,0.0815457425422696,1332,3.12483014941386,Sample_100_GSE162228
LP_SGL,Positive,Neg_ctrl_Sample_84,0.0888062914709374,1332,3.12483014941386,Sample_100_GSE162228
LP_SGL,Positive,Neg_ctrl_Sample_85,-0.00769808491534312,1332,3.12483014941386,Sample_100_GSE162228
LP_SGL,Positive,Neg_ctrl_Sample_86,-0.0680647270095583,1332,3.12483014941386,Sample_100_GSE162228
LP_SGL,Positive,Neg_ctrl_Sample_87,-0.134886511125257,1332,3.12483014941386,Sample_100_GSE162228
LP_SGL,Positive,Neg_ctrl_Sample_88,0.166410843724672,1332,3.12483014941386,Sample_100_GSE162228
LP_SGL,Positive,Neg_ctrl_Sample_89,-0.160246268013231,1332,3.12483014941386,Sample_100_GSE162228
LP_SGL,Positive,Neg_ctrl_Sample_90,0.124435957931749,1332,3.12483014941386,Sample_100_GSE162228
LP_SGL,Positive,Neg_ctrl_Sample_91,-0.0408974409351007,1332,3.12483014941386,Sample_100_GSE162228
LP_SGL,Positive,Neg_ctrl_Sample_92,-0.166280018624504,1332,3.12483014941386,Sample_100_GSE162228
LP_SGL,Positive,Neg_ctrl_Sample_93,-0.125833420300293,1332,3.12483014941386,Sample_100_GSE162228
LP_SGL,Positive,Neg_ctrl_Sample_94,0.0269115319072332,1332,3.12483014941386,Sample_100_GSE162228
LP_SGL,Positive,Neg_ctrl_Sample_95,-0.10200194353899,1332,3.12483014941386,Sample_100_GSE162228
LP_SGL,Positive,Neg_ctrl_Sample_96,-0.0937287974024364,1332,3.12483014941386,Sample_100_GSE162228
LP_SGL,Positive,Neg_ctrl_Sample_97,0.0493789698778848,1332,3.12483014941386,Sample_100_GSE162228
LP_SGL,Positive,Neg_ctrl_Sample_98,0.023880854797923,1332,3.12483014941386,Sample_100_GSE162228
LP_SGL,Positive,Neg_ctrl_Sample_99,-0.110715733505614,1332,3.12483014941386,Sample_100_GSE162228
LP_SGL,Positive,Neg_ctrl_Sample_100,-0.15553667708059,1332,3.12483014941386,Sample_100_GSE162228
