TPR,FPR,TNR,FNR,Precision,Recall,F1,Accuracy,arg_sample,screen_method,tissue,method_name
0,0,1,1,0,0,0,0.441390562248996,arch=DenseNet| ff_depth=6| bag_depth=4,degas_arg_samples1_part1,brca_her2,DEGAS
0,0,1,1,0,0,0,0.441390562248996,arch=DenseNet| ff_depth=8| bag_depth=8,degas_arg_samples1_part1,brca_her2,DEGAS
0,0,1,1,0,0,0,0.441390562248996,arch=DenseNet| ff_depth=6| bag_depth=9,degas_arg_samples1_part1,brca_her2,DEGAS
0,0,1,1,0,0,0,0.441390562248996,arch=Standard| ff_depth=7| bag_depth=6,degas_arg_samples1_part1,brca_her2,DEGAS
0,0,1,1,0,0,0,0.441390562248996,arch=DenseNet| ff_depth=10| bag_depth=6,degas_arg_samples1_part1,brca_her2,DEGAS
0,0,1,1,0,0,0,0.441390562248996,arch=Standard| ff_depth=3| bag_depth=8,degas_arg_samples1_part1,brca_her2,DEGAS
0,0,1,1,0,0,0,0.441390562248996,arch=Standard| ff_depth=6| bag_depth=3,degas_arg_samples1_part1,brca_her2,DEGAS
0,0,1,1,0,0,0,0.441390562248996,arch=Standard| ff_depth=9| bag_depth=8,degas_arg_samples1_part1,brca_her2,DEGAS
0,0,1,1,0,0,0,0.441390562248996,arch=DenseNet| ff_depth=3| bag_depth=8,degas_arg_samples1_part1,brca_her2,DEGAS
0,0,1,1,0,0,0,0.441390562248996,arch=DenseNet| ff_depth=2| bag_depth=8,degas_arg_samples1_part1,brca_her2,DEGAS
0,0,1,1,0,0,0,0.441390562248996,arch=Standard| ff_depth=10| bag_depth=5,degas_arg_samples1_part1,brca_her2,DEGAS
0,0,1,1,0,0,0,0.441390562248996,arch=Standard| ff_depth=10| bag_depth=10,degas_arg_samples1_part1,brca_her2,DEGAS
0,0,1,1,0,0,0,0.441390562248996,arch=Standard| ff_depth=7| bag_depth=8,degas_arg_samples1_part1,brca_her2,DEGAS
0,0,1,1,0,0,0,0.441390562248996,arch=DenseNet| ff_depth=6| bag_depth=5,degas_arg_samples1_part1,brca_her2,DEGAS
0,0,1,1,0,0,0,0.441390562248996,arch=Standard| ff_depth=10| bag_depth=8,degas_arg_samples1_part1,brca_her2,DEGAS
0,0,1,1,0,0,0,0.441390562248996,arch=DenseNet| ff_depth=5| bag_depth=9,degas_arg_samples1_part1,brca_her2,DEGAS
0,0,1,1,0,0,0,0.441390562248996,arch=Standard| ff_depth=7| bag_depth=10,degas_arg_samples1_part1,brca_her2,DEGAS
0,0,1,1,0,0,0,0.441390562248996,arch=DenseNet| ff_depth=9| bag_depth=3,degas_arg_samples1_part1,brca_her2,DEGAS
0,0,1,1,0,0,0,0.441390562248996,arch=DenseNet| ff_depth=7| bag_depth=9,degas_arg_samples1_part1,brca_her2,DEGAS
0,0,1,1,0,0,0,0.441390562248996,arch=DenseNet| ff_depth=7| bag_depth=5,degas_arg_samples1_part1,brca_her2,DEGAS
0,0,1,1,0,0,0,0.441390562248996,arch=DenseNet| ff_depth=8| bag_depth=9,degas_arg_samples1_part1,brca_her2,DEGAS
0,0,1,1,0,0,0,0.441390562248996,arch=Standard| ff_depth=2| bag_depth=7,degas_arg_samples1_part1,brca_her2,DEGAS
0,0,1,1,0,0,0,0.441390562248996,arch=DenseNet| ff_depth=7| bag_depth=9,degas_arg_samples1_part1,brca_her2,DEGAS
0,0,1,1,0,0,0,0.441390562248996,arch=DenseNet| ff_depth=3| bag_depth=9,degas_arg_samples1_part1,brca_her2,DEGAS
0,0,1,1,0,0,0,0.441390562248996,arch=DenseNet| ff_depth=2| bag_depth=4,degas_arg_samples1_part1,brca_her2,DEGAS
0,0,1,1,0,0,0,0.441390562248996,arch=DenseNet| ff_depth=3| bag_depth=8,degas_arg_samples1_part1,brca_her2,DEGAS
0,0,1,1,0,0,0,0.441390562248996,arch=Standard| ff_depth=5| bag_depth=8,degas_arg_samples1_part1,brca_her2,DEGAS
0,0,1,1,0,0,0,0.441390562248996,arch=Standard| ff_depth=6| bag_depth=9,degas_arg_samples1_part1,brca_her2,DEGAS
0,0,1,1,0,0,0,0.441390562248996,arch=DenseNet| ff_depth=7| bag_depth=10,degas_arg_samples1_part1,brca_her2,DEGAS
0,0,1,1,0,0,0,0.441390562248996,arch=Standard| ff_depth=4| bag_depth=9,degas_arg_samples1_part1,brca_her2,DEGAS
0,0,1,1,0,0,0,0.441390562248996,arch=DenseNet| ff_depth=10| bag_depth=5,degas_arg_samples1_part1,brca_her2,DEGAS
0,0,1,1,0,0,0,0.441390562248996,arch=Standard| ff_depth=5| bag_depth=4,degas_arg_samples1_part1,brca_her2,DEGAS
0,0,1,1,0,0,0,0.441390562248996,arch=DenseNet| ff_depth=7| bag_depth=7,degas_arg_samples1_part1,brca_her2,DEGAS
0,0,1,1,0,0,0,0.441390562248996,arch=Standard| ff_depth=10| bag_depth=8,degas_arg_samples1_part1,brca_her2,DEGAS
0,0,1,1,0,0,0,0.441390562248996,arch=Standard| ff_depth=10| bag_depth=10,degas_arg_samples1_part1,brca_her2,DEGAS
0,0,1,1,0,0,0,0.441390562248996,arch=DenseNet| ff_depth=8| bag_depth=10,degas_arg_samples1_part1,brca_her2,DEGAS
0,0,1,1,0,0,0,0.441390562248996,arch=DenseNet| ff_depth=4| bag_depth=10,degas_arg_samples1_part1,brca_her2,DEGAS
0,0,1,1,0,0,0,0.441390562248996,arch=DenseNet| ff_depth=9| bag_depth=7,degas_arg_samples1_part1,brca_her2,DEGAS
0,0,1,1,0,0,0,0.441390562248996,arch=DenseNet| ff_depth=10| bag_depth=9,degas_arg_samples1_part1,brca_her2,DEGAS
0,0,1,1,0,0,0,0.441390562248996,arch=Standard| ff_depth=4| bag_depth=5,degas_arg_samples1_part1,brca_her2,DEGAS
0,0,1,1,0,0,0,0.441390562248996,arch=DenseNet| ff_depth=8| bag_depth=6,degas_arg_samples1_part1,brca_her2,DEGAS
0,0,1,1,0,0,0,0.441390562248996,arch=Standard| ff_depth=4| bag_depth=6,degas_arg_samples1_part1,brca_her2,DEGAS
0,0,1,1,0,0,0,0.441390562248996,arch=Standard| ff_depth=8| bag_depth=8,degas_arg_samples1_part1,brca_her2,DEGAS
0,0,1,1,0,0,0,0.441390562248996,arch=DenseNet| ff_depth=7| bag_depth=6,degas_arg_samples1_part1,brca_her2,DEGAS
0,0,1,1,0,0,0,0.441390562248996,arch=DenseNet| ff_depth=6| bag_depth=7,degas_arg_samples1_part1,brca_her2,DEGAS
0,0,1,1,0,0,0,0.441390562248996,arch=DenseNet| ff_depth=6| bag_depth=5,degas_arg_samples1_part1,brca_her2,DEGAS
0,0,1,1,0,0,0,0.441390562248996,arch=DenseNet| ff_depth=9| bag_depth=3,degas_arg_samples1_part1,brca_her2,DEGAS
0,0,1,1,0,0,0,0.441390562248996,arch=Standard| ff_depth=4| bag_depth=9,degas_arg_samples1_part1,brca_her2,DEGAS
0,0,1,1,0,0,0,0.441390562248996,arch=DenseNet| ff_depth=3| bag_depth=8,degas_arg_samples1_part1,brca_her2,DEGAS
0,0,1,1,0,0,0,0.441390562248996,arch=DenseNet| ff_depth=3| bag_depth=4,degas_arg_samples1_part1,brca_her2,DEGAS
0,0,1,1,0,0,0,0.441390562248996,arch=DenseNet| ff_depth=3| bag_depth=5,degas_arg_samples1_part1,brca_her2,DEGAS
0,0,1,1,0,0,0,0.441390562248996,lamb1=4| lamb2=2| lamb3=10,degas_arg_samples1_part2,brca_her2,DEGAS
0,0,1,1,0,0,0,0.441390562248996,lamb1=4| lamb2=3| lamb3=8,degas_arg_samples1_part2,brca_her2,DEGAS
0,0,1,1,0,0,0,0.441390562248996,lamb1=3| lamb2=5| lamb3=3,degas_arg_samples1_part2,brca_her2,DEGAS
0,0,1,1,0,0,0,0.441390562248996,lamb1=7| lamb2=6| lamb3=4,degas_arg_samples1_part2,brca_her2,DEGAS
0,0,1,1,0,0,0,0.441390562248996,lamb1=6| lamb2=7| lamb3=9,degas_arg_samples1_part2,brca_her2,DEGAS
0,0,1,1,0,0,0,0.441390562248996,lamb1=5| lamb2=4| lamb3=5,degas_arg_samples1_part2,brca_her2,DEGAS
0,0,1,1,0,0,0,0.441390562248996,lamb1=7| lamb2=10| lamb3=8,degas_arg_samples1_part2,brca_her2,DEGAS
0,0,1,1,0,0,0,0.441390562248996,lamb1=10| lamb2=5| lamb3=5,degas_arg_samples1_part2,brca_her2,DEGAS
0,0,1,1,0,0,0,0.441390562248996,lamb1=6| lamb2=7| lamb3=2,degas_arg_samples1_part2,brca_her2,DEGAS
0,0,1,1,0,0,0,0.441390562248996,lamb1=4| lamb2=10| lamb3=9,degas_arg_samples1_part2,brca_her2,DEGAS
0,0,1,1,0,0,0,0.441390562248996,lamb1=10| lamb2=10| lamb3=5,degas_arg_samples1_part2,brca_her2,DEGAS
0,0,1,1,0,0,0,0.441390562248996,lamb1=10| lamb2=8| lamb3=10,degas_arg_samples1_part2,brca_her2,DEGAS
0,0,1,1,0,0,0,0.441390562248996,lamb1=10| lamb2=4| lamb3=9,degas_arg_samples1_part2,brca_her2,DEGAS
0,0,1,1,0,0,0,0.441390562248996,lamb1=4| lamb2=9| lamb3=7,degas_arg_samples1_part2,brca_her2,DEGAS
0,0,1,1,0,0,0,0.441390562248996,lamb1=9| lamb2=10| lamb3=5,degas_arg_samples1_part2,brca_her2,DEGAS
0,0,1,1,0,0,0,0.441390562248996,lamb1=8| lamb2=4| lamb3=9,degas_arg_samples1_part2,brca_her2,DEGAS
0,0,1,1,0,0,0,0.441390562248996,lamb1=10| lamb2=8| lamb3=4,degas_arg_samples1_part2,brca_her2,DEGAS
0,0,1,1,0,0,0,0.441390562248996,lamb1=4| lamb2=4| lamb3=5,degas_arg_samples1_part2,brca_her2,DEGAS
0,0,1,1,0,0,0,0.441390562248996,lamb1=5| lamb2=8| lamb3=5,degas_arg_samples1_part2,brca_her2,DEGAS
0,0,1,1,0,0,0,0.441390562248996,lamb1=2| lamb2=7| lamb3=7,degas_arg_samples1_part2,brca_her2,DEGAS
0,0,1,1,0,0,0,0.441390562248996,lamb1=8| lamb2=6| lamb3=2,degas_arg_samples1_part2,brca_her2,DEGAS
0,0,1,1,0,0,0,0.441390562248996,lamb1=6| lamb2=6| lamb3=5,degas_arg_samples1_part2,brca_her2,DEGAS
0,0,1,1,0,0,0,0.441390562248996,lamb1=8| lamb2=9| lamb3=10,degas_arg_samples1_part2,brca_her2,DEGAS
0,0,1,1,0,0,0,0.441390562248996,lamb1=10| lamb2=4| lamb3=8,degas_arg_samples1_part2,brca_her2,DEGAS
0,0,1,1,0,0,0,0.441390562248996,lamb1=10| lamb2=3| lamb3=9,degas_arg_samples1_part2,brca_her2,DEGAS
0,0,1,1,0,0,0,0.441390562248996,lamb1=8| lamb2=3| lamb3=6,degas_arg_samples1_part2,brca_her2,DEGAS
0,0,1,1,0,0,0,0.441390562248996,lamb1=6| lamb2=7| lamb3=3,degas_arg_samples1_part2,brca_her2,DEGAS
0,0,1,1,0,0,0,0.441390562248996,lamb1=8| lamb2=5| lamb3=7,degas_arg_samples1_part2,brca_her2,DEGAS
0,0,1,1,0,0,0,0.441390562248996,lamb1=6| lamb2=2| lamb3=10,degas_arg_samples1_part2,brca_her2,DEGAS
0,0,1,1,0,0,0,0.441390562248996,lamb1=7| lamb2=7| lamb3=9,degas_arg_samples1_part2,brca_her2,DEGAS
0,0,1,1,0,0,0,0.441390562248996,lamb1=10| lamb2=4| lamb3=5,degas_arg_samples1_part2,brca_her2,DEGAS
0,0,1,1,0,0,0,0.441390562248996,lamb1=3| lamb2=9| lamb3=6,degas_arg_samples1_part2,brca_her2,DEGAS
0,0,1,1,0,0,0,0.441390562248996,lamb1=6| lamb2=4| lamb3=8,degas_arg_samples1_part2,brca_her2,DEGAS
0,0,1,1,0,0,0,0.441390562248996,lamb1=9| lamb2=9| lamb3=2,degas_arg_samples1_part2,brca_her2,DEGAS
0,0,1,1,0,0,0,0.441390562248996,lamb1=3| lamb2=2| lamb3=9,degas_arg_samples1_part2,brca_her2,DEGAS
0,0,1,1,0,0,0,0.441390562248996,lamb1=2| lamb2=8| lamb3=9,degas_arg_samples1_part2,brca_her2,DEGAS
0,0,1,1,0,0,0,0.441390562248996,lamb1=10| lamb2=8| lamb3=10,degas_arg_samples1_part2,brca_her2,DEGAS
0,0,1,1,0,0,0,0.441390562248996,lamb1=10| lamb2=8| lamb3=9,degas_arg_samples1_part2,brca_her2,DEGAS
0,0,1,1,0,0,0,0.441390562248996,lamb1=7| lamb2=7| lamb3=3,degas_arg_samples1_part2,brca_her2,DEGAS
0,0,1,1,0,0,0,0.441390562248996,lamb1=6| lamb2=8| lamb3=6,degas_arg_samples1_part2,brca_her2,DEGAS
0,0,1,1,0,0,0,0.441390562248996,lamb1=10| lamb2=6| lamb3=10,degas_arg_samples1_part2,brca_her2,DEGAS
0,0,1,1,0,0,0,0.441390562248996,lamb1=5| lamb2=7| lamb3=8,degas_arg_samples1_part2,brca_her2,DEGAS
0,0,1,1,0,0,0,0.441390562248996,lamb1=7| lamb2=9| lamb3=8,degas_arg_samples1_part2,brca_her2,DEGAS
0,0,1,1,0,0,0,0.441390562248996,lamb1=9| lamb2=6| lamb3=9,degas_arg_samples1_part2,brca_her2,DEGAS
0,0,1,1,0,0,0,0.441390562248996,lamb1=7| lamb2=8| lamb3=7,degas_arg_samples1_part2,brca_her2,DEGAS
0,0,1,1,0,0,0,0.441390562248996,lamb1=7| lamb2=5| lamb3=8,degas_arg_samples1_part2,brca_her2,DEGAS
0,0,1,1,0,0,0,0.441390562248996,lamb1=8| lamb2=4| lamb3=2,degas_arg_samples1_part2,brca_her2,DEGAS
0,0,1,1,0,0,0,0.441390562248996,lamb1=2| lamb2=10| lamb3=10,degas_arg_samples1_part2,brca_her2,DEGAS
0,0,1,1,0,0,0,0.441390562248996,lamb1=7| lamb2=8| lamb3=4,degas_arg_samples1_part2,brca_her2,DEGAS
0,0,1,1,0,0,0,0.441390562248996,lamb1=3| lamb2=7| lamb3=6,degas_arg_samples1_part2,brca_her2,DEGAS
0,0,1,1,0,0,0,0.441390562248996,lamb1=3| lamb2=3| lamb3=3,degas_arg_samples1_part2,brca_her2,DEGAS
0,0,1,1,0,0,0,0.441390562248996,scbatch_sz=350| patbatch_sz=30| hidden_feats=90| do_prc=0.7,degas_arg_samples1_part3,brca_her2,DEGAS
0,0,1,1,0,0,0,0.441390562248996,scbatch_sz=190| patbatch_sz=25| hidden_feats=90| do_prc=0.5,degas_arg_samples1_part3,brca_her2,DEGAS
0,0,1,1,0,0,0,0.441390562248996,scbatch_sz=180| patbatch_sz=65| hidden_feats=100| do_prc=0.6,degas_arg_samples1_part3,brca_her2,DEGAS
0,0,1,1,0,0,0,0.441390562248996,scbatch_sz=70| patbatch_sz=75| hidden_feats=35| do_prc=0.8,degas_arg_samples1_part3,brca_her2,DEGAS
0,0,1,1,0,0,0,0.441390562248996,scbatch_sz=460| patbatch_sz=65| hidden_feats=90| do_prc=0.5,degas_arg_samples1_part3,brca_her2,DEGAS
0,0,1,1,0,0,0,0.441390562248996,scbatch_sz=470| patbatch_sz=50| hidden_feats=85| do_prc=0.7,degas_arg_samples1_part3,brca_her2,DEGAS
0,0,1,1,0,0,0,0.441390562248996,scbatch_sz=410| patbatch_sz=45| hidden_feats=100| do_prc=0.4,degas_arg_samples1_part3,brca_her2,DEGAS
0,0,1,1,0,0,0,0.441390562248996,scbatch_sz=180| patbatch_sz=95| hidden_feats=55| do_prc=0.3,degas_arg_samples1_part3,brca_her2,DEGAS
0,0,1,1,0,0,0,0.441390562248996,scbatch_sz=290| patbatch_sz=65| hidden_feats=35| do_prc=0.9,degas_arg_samples1_part3,brca_her2,DEGAS
0,0,1,1,0,0,0,0.441390562248996,scbatch_sz=300| patbatch_sz=95| hidden_feats=55| do_prc=0.7,degas_arg_samples1_part3,brca_her2,DEGAS
0,0,1,1,0,0,0,0.441390562248996,scbatch_sz=310| patbatch_sz=70| hidden_feats=50| do_prc=0.6,degas_arg_samples1_part3,brca_her2,DEGAS
0,0,1,1,0,0,0,0.441390562248996,scbatch_sz=90| patbatch_sz=80| hidden_feats=70| do_prc=0.9,degas_arg_samples1_part3,brca_her2,DEGAS
0,0,1,1,0,0,0,0.441390562248996,scbatch_sz=310| patbatch_sz=95| hidden_feats=95| do_prc=0.7,degas_arg_samples1_part3,brca_her2,DEGAS
0,0,1,1,0,0,0,0.441390562248996,scbatch_sz=320| patbatch_sz=100| hidden_feats=45| do_prc=0.2,degas_arg_samples1_part3,brca_her2,DEGAS
0,0,1,1,0,0,0,0.441390562248996,scbatch_sz=130| patbatch_sz=40| hidden_feats=45| do_prc=0.3,degas_arg_samples1_part3,brca_her2,DEGAS
0,0,1,1,0,0,0,0.441390562248996,scbatch_sz=330| patbatch_sz=90| hidden_feats=60| do_prc=0.8,degas_arg_samples1_part3,brca_her2,DEGAS
0,0,1,1,0,0,0,0.441390562248996,scbatch_sz=390| patbatch_sz=50| hidden_feats=35| do_prc=0.4,degas_arg_samples1_part3,brca_her2,DEGAS
0,0,1,1,0,0,0,0.441390562248996,scbatch_sz=120| patbatch_sz=75| hidden_feats=70| do_prc=0.7,degas_arg_samples1_part3,brca_her2,DEGAS
0,0,1,1,0,0,0,0.441390562248996,scbatch_sz=300| patbatch_sz=60| hidden_feats=30| do_prc=0.4,degas_arg_samples1_part3,brca_her2,DEGAS
0,0,1,1,0,0,0,0.441390562248996,scbatch_sz=110| patbatch_sz=50| hidden_feats=70| do_prc=0.1,degas_arg_samples1_part3,brca_her2,DEGAS
0,0,1,1,0,0,0,0.441390562248996,scbatch_sz=460| patbatch_sz=50| hidden_feats=80| do_prc=0.8,degas_arg_samples1_part3,brca_her2,DEGAS
0,0,1,1,0,0,0,0.441390562248996,scbatch_sz=130| patbatch_sz=55| hidden_feats=30| do_prc=0.4,degas_arg_samples1_part3,brca_her2,DEGAS
0,0,1,1,0,0,0,0.441390562248996,scbatch_sz=230| patbatch_sz=95| hidden_feats=70| do_prc=0.9,degas_arg_samples1_part3,brca_her2,DEGAS
0,0,1,1,0,0,0,0.441390562248996,scbatch_sz=400| patbatch_sz=100| hidden_feats=50| do_prc=0.8,degas_arg_samples1_part3,brca_her2,DEGAS
0,0,1,1,0,0,0,0.441390562248996,scbatch_sz=180| patbatch_sz=25| hidden_feats=95| do_prc=0.6,degas_arg_samples1_part3,brca_her2,DEGAS
0,0,1,1,0,0,0,0.441390562248996,scbatch_sz=210| patbatch_sz=50| hidden_feats=80| do_prc=0.4,degas_arg_samples1_part3,brca_her2,DEGAS
0,0,1,1,0,0,0,0.441390562248996,scbatch_sz=470| patbatch_sz=30| hidden_feats=40| do_prc=0.8,degas_arg_samples1_part3,brca_her2,DEGAS
0,0,1,1,0,0,0,0.441390562248996,scbatch_sz=430| patbatch_sz=25| hidden_feats=90| do_prc=0.3,degas_arg_samples1_part3,brca_her2,DEGAS
0,0,1,1,0,0,0,0.441390562248996,scbatch_sz=160| patbatch_sz=30| hidden_feats=25| do_prc=0.4,degas_arg_samples1_part3,brca_her2,DEGAS
0,0,1,1,0,0,0,0.441390562248996,scbatch_sz=190| patbatch_sz=40| hidden_feats=90| do_prc=0.4,degas_arg_samples1_part3,brca_her2,DEGAS
0,0,1,1,0,0,0,0.441390562248996,scbatch_sz=360| patbatch_sz=85| hidden_feats=90| do_prc=0.6,degas_arg_samples1_part3,brca_her2,DEGAS
0,0,1,1,0,0,0,0.441390562248996,scbatch_sz=460| patbatch_sz=45| hidden_feats=50| do_prc=0.1,degas_arg_samples1_part3,brca_her2,DEGAS
0,0,1,1,0,0,0,0.441390562248996,scbatch_sz=490| patbatch_sz=50| hidden_feats=35| do_prc=0.4,degas_arg_samples1_part3,brca_her2,DEGAS
0,0,1,1,0,0,0,0.441390562248996,scbatch_sz=110| patbatch_sz=95| hidden_feats=60| do_prc=0.9,degas_arg_samples1_part3,brca_her2,DEGAS
0,0,1,1,0,0,0,0.441390562248996,scbatch_sz=130| patbatch_sz=35| hidden_feats=90| do_prc=0.7,degas_arg_samples1_part3,brca_her2,DEGAS
0,0,1,1,0,0,0,0.441390562248996,scbatch_sz=450| patbatch_sz=65| hidden_feats=35| do_prc=0.8,degas_arg_samples1_part3,brca_her2,DEGAS
0,0,1,1,0,0,0,0.441390562248996,scbatch_sz=140| patbatch_sz=40| hidden_feats=90| do_prc=0.5,degas_arg_samples1_part3,brca_her2,DEGAS
0,0,1,1,0,0,0,0.441390562248996,scbatch_sz=270| patbatch_sz=50| hidden_feats=95| do_prc=0.2,degas_arg_samples1_part3,brca_her2,DEGAS
0,0,1,1,0,0,0,0.441390562248996,scbatch_sz=310| patbatch_sz=65| hidden_feats=60| do_prc=0.6,degas_arg_samples1_part3,brca_her2,DEGAS
0,0,1,1,0,0,0,0.441390562248996,scbatch_sz=110| patbatch_sz=100| hidden_feats=25| do_prc=0.9,degas_arg_samples1_part3,brca_her2,DEGAS
0,0,1,1,0,0,0,0.441390562248996,scbatch_sz=310| patbatch_sz=90| hidden_feats=55| do_prc=0.8,degas_arg_samples1_part3,brca_her2,DEGAS
0,0,1,1,0,0,0,0.441390562248996,scbatch_sz=360| patbatch_sz=65| hidden_feats=75| do_prc=0.4,degas_arg_samples1_part3,brca_her2,DEGAS
0,0,1,1,0,0,0,0.441390562248996,scbatch_sz=420| patbatch_sz=55| hidden_feats=55| do_prc=0.5,degas_arg_samples1_part3,brca_her2,DEGAS
0,0,1,1,0,0,0,0.441390562248996,scbatch_sz=290| patbatch_sz=35| hidden_feats=85| do_prc=0.7,degas_arg_samples1_part3,brca_her2,DEGAS
0,0,1,1,0,0,0,0.441390562248996,scbatch_sz=380| patbatch_sz=60| hidden_feats=95| do_prc=0.1,degas_arg_samples1_part3,brca_her2,DEGAS
0,0,1,1,0,0,0,0.441390562248996,scbatch_sz=330| patbatch_sz=100| hidden_feats=55| do_prc=0.8,degas_arg_samples1_part3,brca_her2,DEGAS
0,0,1,1,0,0,0,0.441390562248996,scbatch_sz=90| patbatch_sz=90| hidden_feats=70| do_prc=0.8,degas_arg_samples1_part3,brca_her2,DEGAS
0,0,1,1,0,0,0,0.441390562248996,scbatch_sz=120| patbatch_sz=80| hidden_feats=50| do_prc=0.9,degas_arg_samples1_part3,brca_her2,DEGAS
0,0,1,1,0,0,0,0.441390562248996,scbatch_sz=160| patbatch_sz=95| hidden_feats=90| do_prc=0.8,degas_arg_samples1_part3,brca_her2,DEGAS
0,0,1,1,0,0,0,0.441390562248996,scbatch_sz=170| patbatch_sz=65| hidden_feats=95| do_prc=0.2,degas_arg_samples1_part3,brca_her2,DEGAS
0,0,1,1,0,0,0,0.441390562248996,scbatch_sz=200| patbatch_sz=50| hidden_feats=50| do_prc=0.5,degas_arg_samples1_part3,brca_her2,DEGAS
0,0,1,1,0,0,0,0.441390562248996,arch=DenseNet| ff_depth=6| bag_depth=4,degas_arg_samples2_part1,brca_her2,DEGAS
0,0,1,1,0,0,0,0.441390562248996,arch=DenseNet| ff_depth=8| bag_depth=8,degas_arg_samples2_part1,brca_her2,DEGAS
0,0,1,1,0,0,0,0.441390562248996,arch=DenseNet| ff_depth=6| bag_depth=9,degas_arg_samples2_part1,brca_her2,DEGAS
0,0,1,1,0,0,0,0.441390562248996,arch=Standard| ff_depth=7| bag_depth=6,degas_arg_samples2_part1,brca_her2,DEGAS
0,0,1,1,0,0,0,0.441390562248996,arch=DenseNet| ff_depth=10| bag_depth=6,degas_arg_samples2_part1,brca_her2,DEGAS
0,0,1,1,0,0,0,0.441390562248996,arch=Standard| ff_depth=3| bag_depth=8,degas_arg_samples2_part1,brca_her2,DEGAS
0,0,1,1,0,0,0,0.441390562248996,arch=Standard| ff_depth=6| bag_depth=3,degas_arg_samples2_part1,brca_her2,DEGAS
0,0,1,1,0,0,0,0.441390562248996,arch=Standard| ff_depth=9| bag_depth=8,degas_arg_samples2_part1,brca_her2,DEGAS
0,0,1,1,0,0,0,0.441390562248996,arch=DenseNet| ff_depth=3| bag_depth=8,degas_arg_samples2_part1,brca_her2,DEGAS
0,0,1,1,0,0,0,0.441390562248996,arch=DenseNet| ff_depth=2| bag_depth=8,degas_arg_samples2_part1,brca_her2,DEGAS
0,0,1,1,0,0,0,0.441390562248996,arch=Standard| ff_depth=10| bag_depth=5,degas_arg_samples2_part1,brca_her2,DEGAS
0,0,1,1,0,0,0,0.441390562248996,arch=Standard| ff_depth=10| bag_depth=10,degas_arg_samples2_part1,brca_her2,DEGAS
0,0,1,1,0,0,0,0.441390562248996,arch=Standard| ff_depth=7| bag_depth=8,degas_arg_samples2_part1,brca_her2,DEGAS
0,0,1,1,0,0,0,0.441390562248996,arch=DenseNet| ff_depth=6| bag_depth=5,degas_arg_samples2_part1,brca_her2,DEGAS
0,0,1,1,0,0,0,0.441390562248996,arch=Standard| ff_depth=10| bag_depth=8,degas_arg_samples2_part1,brca_her2,DEGAS
0,0,1,1,0,0,0,0.441390562248996,arch=DenseNet| ff_depth=5| bag_depth=9,degas_arg_samples2_part1,brca_her2,DEGAS
0,0,1,1,0,0,0,0.441390562248996,arch=Standard| ff_depth=7| bag_depth=10,degas_arg_samples2_part1,brca_her2,DEGAS
0,0,1,1,0,0,0,0.441390562248996,arch=DenseNet| ff_depth=9| bag_depth=3,degas_arg_samples2_part1,brca_her2,DEGAS
0,0,1,1,0,0,0,0.441390562248996,arch=DenseNet| ff_depth=7| bag_depth=9,degas_arg_samples2_part1,brca_her2,DEGAS
0,0,1,1,0,0,0,0.441390562248996,arch=DenseNet| ff_depth=7| bag_depth=5,degas_arg_samples2_part1,brca_her2,DEGAS
0,0,1,1,0,0,0,0.441390562248996,arch=DenseNet| ff_depth=8| bag_depth=9,degas_arg_samples2_part1,brca_her2,DEGAS
0,0,1,1,0,0,0,0.441390562248996,arch=Standard| ff_depth=2| bag_depth=7,degas_arg_samples2_part1,brca_her2,DEGAS
0,0,1,1,0,0,0,0.441390562248996,arch=DenseNet| ff_depth=7| bag_depth=9,degas_arg_samples2_part1,brca_her2,DEGAS
0,0,1,1,0,0,0,0.441390562248996,arch=DenseNet| ff_depth=3| bag_depth=9,degas_arg_samples2_part1,brca_her2,DEGAS
0,0,1,1,0,0,0,0.441390562248996,arch=DenseNet| ff_depth=2| bag_depth=4,degas_arg_samples2_part1,brca_her2,DEGAS
0,0,1,1,0,0,0,0.441390562248996,arch=DenseNet| ff_depth=3| bag_depth=8,degas_arg_samples2_part1,brca_her2,DEGAS
0,0,1,1,0,0,0,0.441390562248996,arch=Standard| ff_depth=5| bag_depth=8,degas_arg_samples2_part1,brca_her2,DEGAS
0,0,1,1,0,0,0,0.441390562248996,arch=Standard| ff_depth=6| bag_depth=9,degas_arg_samples2_part1,brca_her2,DEGAS
0,0,1,1,0,0,0,0.441390562248996,arch=DenseNet| ff_depth=7| bag_depth=10,degas_arg_samples2_part1,brca_her2,DEGAS
0,0,1,1,0,0,0,0.441390562248996,arch=Standard| ff_depth=4| bag_depth=9,degas_arg_samples2_part1,brca_her2,DEGAS
0,0,1,1,0,0,0,0.441390562248996,arch=DenseNet| ff_depth=10| bag_depth=5,degas_arg_samples2_part1,brca_her2,DEGAS
0,0,1,1,0,0,0,0.441390562248996,arch=Standard| ff_depth=5| bag_depth=4,degas_arg_samples2_part1,brca_her2,DEGAS
0,0,1,1,0,0,0,0.441390562248996,arch=DenseNet| ff_depth=7| bag_depth=7,degas_arg_samples2_part1,brca_her2,DEGAS
0,0,1,1,0,0,0,0.441390562248996,arch=Standard| ff_depth=10| bag_depth=8,degas_arg_samples2_part1,brca_her2,DEGAS
0,0,1,1,0,0,0,0.441390562248996,arch=Standard| ff_depth=10| bag_depth=10,degas_arg_samples2_part1,brca_her2,DEGAS
0,0,1,1,0,0,0,0.441390562248996,arch=DenseNet| ff_depth=8| bag_depth=10,degas_arg_samples2_part1,brca_her2,DEGAS
0,0,1,1,0,0,0,0.441390562248996,arch=DenseNet| ff_depth=4| bag_depth=10,degas_arg_samples2_part1,brca_her2,DEGAS
0,0,1,1,0,0,0,0.441390562248996,arch=DenseNet| ff_depth=9| bag_depth=7,degas_arg_samples2_part1,brca_her2,DEGAS
0,0,1,1,0,0,0,0.441390562248996,arch=DenseNet| ff_depth=10| bag_depth=9,degas_arg_samples2_part1,brca_her2,DEGAS
0,0,1,1,0,0,0,0.441390562248996,arch=Standard| ff_depth=4| bag_depth=5,degas_arg_samples2_part1,brca_her2,DEGAS
0,0,1,1,0,0,0,0.441390562248996,arch=DenseNet| ff_depth=8| bag_depth=6,degas_arg_samples2_part1,brca_her2,DEGAS
0,0,1,1,0,0,0,0.441390562248996,arch=Standard| ff_depth=4| bag_depth=6,degas_arg_samples2_part1,brca_her2,DEGAS
0,0,1,1,0,0,0,0.441390562248996,arch=Standard| ff_depth=8| bag_depth=8,degas_arg_samples2_part1,brca_her2,DEGAS
0,0,1,1,0,0,0,0.441390562248996,arch=DenseNet| ff_depth=7| bag_depth=6,degas_arg_samples2_part1,brca_her2,DEGAS
0,0,1,1,0,0,0,0.441390562248996,arch=DenseNet| ff_depth=6| bag_depth=7,degas_arg_samples2_part1,brca_her2,DEGAS
0,0,1,1,0,0,0,0.441390562248996,arch=DenseNet| ff_depth=6| bag_depth=5,degas_arg_samples2_part1,brca_her2,DEGAS
0,0,1,1,0,0,0,0.441390562248996,arch=DenseNet| ff_depth=9| bag_depth=3,degas_arg_samples2_part1,brca_her2,DEGAS
0,0,1,1,0,0,0,0.441390562248996,arch=Standard| ff_depth=4| bag_depth=9,degas_arg_samples2_part1,brca_her2,DEGAS
0,0,1,1,0,0,0,0.441390562248996,arch=DenseNet| ff_depth=3| bag_depth=8,degas_arg_samples2_part1,brca_her2,DEGAS
0,0,1,1,0,0,0,0.441390562248996,arch=DenseNet| ff_depth=3| bag_depth=4,degas_arg_samples2_part1,brca_her2,DEGAS
0,0,1,1,0,0,0,0.441390562248996,arch=DenseNet| ff_depth=3| bag_depth=5,degas_arg_samples2_part1,brca_her2,DEGAS
0,0,1,1,0,0,0,0.441390562248996,lamb1=4| lamb2=2| lamb3=10,degas_arg_samples2_part2,brca_her2,DEGAS
0,0,1,1,0,0,0,0.441390562248996,lamb1=4| lamb2=3| lamb3=8,degas_arg_samples2_part2,brca_her2,DEGAS
0,0,1,1,0,0,0,0.441390562248996,lamb1=3| lamb2=5| lamb3=3,degas_arg_samples2_part2,brca_her2,DEGAS
0,0,1,1,0,0,0,0.441390562248996,lamb1=7| lamb2=6| lamb3=4,degas_arg_samples2_part2,brca_her2,DEGAS
0,0,1,1,0,0,0,0.441390562248996,lamb1=6| lamb2=7| lamb3=9,degas_arg_samples2_part2,brca_her2,DEGAS
0,0,1,1,0,0,0,0.441390562248996,lamb1=5| lamb2=4| lamb3=5,degas_arg_samples2_part2,brca_her2,DEGAS
0,0,1,1,0,0,0,0.441390562248996,lamb1=7| lamb2=10| lamb3=8,degas_arg_samples2_part2,brca_her2,DEGAS
0,0,1,1,0,0,0,0.441390562248996,lamb1=10| lamb2=5| lamb3=5,degas_arg_samples2_part2,brca_her2,DEGAS
0,0,1,1,0,0,0,0.441390562248996,lamb1=6| lamb2=7| lamb3=2,degas_arg_samples2_part2,brca_her2,DEGAS
0,0,1,1,0,0,0,0.441390562248996,lamb1=4| lamb2=10| lamb3=9,degas_arg_samples2_part2,brca_her2,DEGAS
0,0,1,1,0,0,0,0.441390562248996,lamb1=10| lamb2=10| lamb3=5,degas_arg_samples2_part2,brca_her2,DEGAS
0,0,1,1,0,0,0,0.441390562248996,lamb1=10| lamb2=8| lamb3=10,degas_arg_samples2_part2,brca_her2,DEGAS
0,0,1,1,0,0,0,0.441390562248996,lamb1=10| lamb2=4| lamb3=9,degas_arg_samples2_part2,brca_her2,DEGAS
0,0,1,1,0,0,0,0.441390562248996,lamb1=4| lamb2=9| lamb3=7,degas_arg_samples2_part2,brca_her2,DEGAS
0,0,1,1,0,0,0,0.441390562248996,lamb1=9| lamb2=10| lamb3=5,degas_arg_samples2_part2,brca_her2,DEGAS
0,0,1,1,0,0,0,0.441390562248996,lamb1=8| lamb2=4| lamb3=9,degas_arg_samples2_part2,brca_her2,DEGAS
0,0,1,1,0,0,0,0.441390562248996,lamb1=10| lamb2=8| lamb3=4,degas_arg_samples2_part2,brca_her2,DEGAS
0,0,1,1,0,0,0,0.441390562248996,lamb1=4| lamb2=4| lamb3=5,degas_arg_samples2_part2,brca_her2,DEGAS
0,0,1,1,0,0,0,0.441390562248996,lamb1=5| lamb2=8| lamb3=5,degas_arg_samples2_part2,brca_her2,DEGAS
0,0,1,1,0,0,0,0.441390562248996,lamb1=2| lamb2=7| lamb3=7,degas_arg_samples2_part2,brca_her2,DEGAS
0,0,1,1,0,0,0,0.441390562248996,lamb1=8| lamb2=6| lamb3=2,degas_arg_samples2_part2,brca_her2,DEGAS
0,0,1,1,0,0,0,0.441390562248996,lamb1=6| lamb2=6| lamb3=5,degas_arg_samples2_part2,brca_her2,DEGAS
0,0,1,1,0,0,0,0.441390562248996,lamb1=8| lamb2=9| lamb3=10,degas_arg_samples2_part2,brca_her2,DEGAS
0,0,1,1,0,0,0,0.441390562248996,lamb1=10| lamb2=4| lamb3=8,degas_arg_samples2_part2,brca_her2,DEGAS
0,0,1,1,0,0,0,0.441390562248996,lamb1=10| lamb2=3| lamb3=9,degas_arg_samples2_part2,brca_her2,DEGAS
0,0,1,1,0,0,0,0.441390562248996,lamb1=8| lamb2=3| lamb3=6,degas_arg_samples2_part2,brca_her2,DEGAS
0,0,1,1,0,0,0,0.441390562248996,lamb1=6| lamb2=7| lamb3=3,degas_arg_samples2_part2,brca_her2,DEGAS
0,0,1,1,0,0,0,0.441390562248996,lamb1=8| lamb2=5| lamb3=7,degas_arg_samples2_part2,brca_her2,DEGAS
0,0,1,1,0,0,0,0.441390562248996,lamb1=6| lamb2=2| lamb3=10,degas_arg_samples2_part2,brca_her2,DEGAS
0,0,1,1,0,0,0,0.441390562248996,lamb1=7| lamb2=7| lamb3=9,degas_arg_samples2_part2,brca_her2,DEGAS
0,0,1,1,0,0,0,0.441390562248996,lamb1=10| lamb2=4| lamb3=5,degas_arg_samples2_part2,brca_her2,DEGAS
0,0,1,1,0,0,0,0.441390562248996,lamb1=3| lamb2=9| lamb3=6,degas_arg_samples2_part2,brca_her2,DEGAS
0,0,1,1,0,0,0,0.441390562248996,lamb1=6| lamb2=4| lamb3=8,degas_arg_samples2_part2,brca_her2,DEGAS
0,0,1,1,0,0,0,0.441390562248996,lamb1=9| lamb2=9| lamb3=2,degas_arg_samples2_part2,brca_her2,DEGAS
0,0,1,1,0,0,0,0.441390562248996,lamb1=3| lamb2=2| lamb3=9,degas_arg_samples2_part2,brca_her2,DEGAS
0,0,1,1,0,0,0,0.441390562248996,lamb1=2| lamb2=8| lamb3=9,degas_arg_samples2_part2,brca_her2,DEGAS
0,0,1,1,0,0,0,0.441390562248996,lamb1=10| lamb2=8| lamb3=10,degas_arg_samples2_part2,brca_her2,DEGAS
0,0,1,1,0,0,0,0.441390562248996,lamb1=10| lamb2=8| lamb3=9,degas_arg_samples2_part2,brca_her2,DEGAS
0,0,1,1,0,0,0,0.441390562248996,lamb1=7| lamb2=7| lamb3=3,degas_arg_samples2_part2,brca_her2,DEGAS
0,0,1,1,0,0,0,0.441390562248996,lamb1=6| lamb2=8| lamb3=6,degas_arg_samples2_part2,brca_her2,DEGAS
0,0,1,1,0,0,0,0.441390562248996,lamb1=10| lamb2=6| lamb3=10,degas_arg_samples2_part2,brca_her2,DEGAS
0,0,1,1,0,0,0,0.441390562248996,lamb1=5| lamb2=7| lamb3=8,degas_arg_samples2_part2,brca_her2,DEGAS
0,0,1,1,0,0,0,0.441390562248996,lamb1=7| lamb2=9| lamb3=8,degas_arg_samples2_part2,brca_her2,DEGAS
0,0,1,1,0,0,0,0.441390562248996,lamb1=9| lamb2=6| lamb3=9,degas_arg_samples2_part2,brca_her2,DEGAS
0,0,1,1,0,0,0,0.441390562248996,lamb1=7| lamb2=8| lamb3=7,degas_arg_samples2_part2,brca_her2,DEGAS
0,0,1,1,0,0,0,0.441390562248996,lamb1=7| lamb2=5| lamb3=8,degas_arg_samples2_part2,brca_her2,DEGAS
0,0,1,1,0,0,0,0.441390562248996,lamb1=8| lamb2=4| lamb3=2,degas_arg_samples2_part2,brca_her2,DEGAS
0,0,1,1,0,0,0,0.441390562248996,lamb1=2| lamb2=10| lamb3=10,degas_arg_samples2_part2,brca_her2,DEGAS
0,0,1,1,0,0,0,0.441390562248996,lamb1=7| lamb2=8| lamb3=4,degas_arg_samples2_part2,brca_her2,DEGAS
0,0,1,1,0,0,0,0.441390562248996,lamb1=3| lamb2=7| lamb3=6,degas_arg_samples2_part2,brca_her2,DEGAS
0,0,1,1,0,0,0,0.441390562248996,lamb1=3| lamb2=3| lamb3=3,degas_arg_samples2_part2,brca_her2,DEGAS
0,0,1,1,0,0,0,0.441390562248996,scbatch_sz=350| patbatch_sz=30| hidden_feats=90| do_prc=0.7,degas_arg_samples2_part3,brca_her2,DEGAS
0,0,1,1,0,0,0,0.441390562248996,scbatch_sz=190| patbatch_sz=25| hidden_feats=90| do_prc=0.5,degas_arg_samples2_part3,brca_her2,DEGAS
0,0,1,1,0,0,0,0.441390562248996,scbatch_sz=180| patbatch_sz=65| hidden_feats=100| do_prc=0.6,degas_arg_samples2_part3,brca_her2,DEGAS
0,0,1,1,0,0,0,0.441390562248996,scbatch_sz=70| patbatch_sz=75| hidden_feats=35| do_prc=0.8,degas_arg_samples2_part3,brca_her2,DEGAS
0,0,1,1,0,0,0,0.441390562248996,scbatch_sz=460| patbatch_sz=65| hidden_feats=90| do_prc=0.5,degas_arg_samples2_part3,brca_her2,DEGAS
0,0,1,1,0,0,0,0.441390562248996,scbatch_sz=470| patbatch_sz=50| hidden_feats=85| do_prc=0.7,degas_arg_samples2_part3,brca_her2,DEGAS
0,0,1,1,0,0,0,0.441390562248996,scbatch_sz=410| patbatch_sz=45| hidden_feats=100| do_prc=0.4,degas_arg_samples2_part3,brca_her2,DEGAS
0,0,1,1,0,0,0,0.441390562248996,scbatch_sz=180| patbatch_sz=95| hidden_feats=55| do_prc=0.3,degas_arg_samples2_part3,brca_her2,DEGAS
0,0,1,1,0,0,0,0.441390562248996,scbatch_sz=290| patbatch_sz=65| hidden_feats=35| do_prc=0.9,degas_arg_samples2_part3,brca_her2,DEGAS
0,0,1,1,0,0,0,0.441390562248996,scbatch_sz=300| patbatch_sz=95| hidden_feats=55| do_prc=0.7,degas_arg_samples2_part3,brca_her2,DEGAS
0,0,1,1,0,0,0,0.441390562248996,scbatch_sz=310| patbatch_sz=70| hidden_feats=50| do_prc=0.6,degas_arg_samples2_part3,brca_her2,DEGAS
0,0,1,1,0,0,0,0.441390562248996,scbatch_sz=90| patbatch_sz=80| hidden_feats=70| do_prc=0.9,degas_arg_samples2_part3,brca_her2,DEGAS
0,0,1,1,0,0,0,0.441390562248996,scbatch_sz=310| patbatch_sz=95| hidden_feats=95| do_prc=0.7,degas_arg_samples2_part3,brca_her2,DEGAS
0,0,1,1,0,0,0,0.441390562248996,scbatch_sz=320| patbatch_sz=100| hidden_feats=45| do_prc=0.2,degas_arg_samples2_part3,brca_her2,DEGAS
0,0,1,1,0,0,0,0.441390562248996,scbatch_sz=130| patbatch_sz=40| hidden_feats=45| do_prc=0.3,degas_arg_samples2_part3,brca_her2,DEGAS
0,0,1,1,0,0,0,0.441390562248996,scbatch_sz=330| patbatch_sz=90| hidden_feats=60| do_prc=0.8,degas_arg_samples2_part3,brca_her2,DEGAS
0,0,1,1,0,0,0,0.441390562248996,scbatch_sz=390| patbatch_sz=50| hidden_feats=35| do_prc=0.4,degas_arg_samples2_part3,brca_her2,DEGAS
0,0,1,1,0,0,0,0.441390562248996,scbatch_sz=120| patbatch_sz=75| hidden_feats=70| do_prc=0.7,degas_arg_samples2_part3,brca_her2,DEGAS
0,0,1,1,0,0,0,0.441390562248996,scbatch_sz=300| patbatch_sz=60| hidden_feats=30| do_prc=0.4,degas_arg_samples2_part3,brca_her2,DEGAS
0,0,1,1,0,0,0,0.441390562248996,scbatch_sz=110| patbatch_sz=50| hidden_feats=70| do_prc=0.1,degas_arg_samples2_part3,brca_her2,DEGAS
0,0,1,1,0,0,0,0.441390562248996,scbatch_sz=460| patbatch_sz=50| hidden_feats=80| do_prc=0.8,degas_arg_samples2_part3,brca_her2,DEGAS
0,0,1,1,0,0,0,0.441390562248996,scbatch_sz=130| patbatch_sz=55| hidden_feats=30| do_prc=0.4,degas_arg_samples2_part3,brca_her2,DEGAS
0,0,1,1,0,0,0,0.441390562248996,scbatch_sz=230| patbatch_sz=95| hidden_feats=70| do_prc=0.9,degas_arg_samples2_part3,brca_her2,DEGAS
0,0,1,1,0,0,0,0.441390562248996,scbatch_sz=400| patbatch_sz=100| hidden_feats=50| do_prc=0.8,degas_arg_samples2_part3,brca_her2,DEGAS
0,0,1,1,0,0,0,0.441390562248996,scbatch_sz=180| patbatch_sz=25| hidden_feats=95| do_prc=0.6,degas_arg_samples2_part3,brca_her2,DEGAS
0,0,1,1,0,0,0,0.441390562248996,scbatch_sz=210| patbatch_sz=50| hidden_feats=80| do_prc=0.4,degas_arg_samples2_part3,brca_her2,DEGAS
0,0,1,1,0,0,0,0.441390562248996,scbatch_sz=470| patbatch_sz=30| hidden_feats=40| do_prc=0.8,degas_arg_samples2_part3,brca_her2,DEGAS
0,0,1,1,0,0,0,0.441390562248996,scbatch_sz=430| patbatch_sz=25| hidden_feats=90| do_prc=0.3,degas_arg_samples2_part3,brca_her2,DEGAS
0,0,1,1,0,0,0,0.441390562248996,scbatch_sz=160| patbatch_sz=30| hidden_feats=25| do_prc=0.4,degas_arg_samples2_part3,brca_her2,DEGAS
0,0,1,1,0,0,0,0.441390562248996,scbatch_sz=190| patbatch_sz=40| hidden_feats=90| do_prc=0.4,degas_arg_samples2_part3,brca_her2,DEGAS
0,0,1,1,0,0,0,0.441390562248996,scbatch_sz=360| patbatch_sz=85| hidden_feats=90| do_prc=0.6,degas_arg_samples2_part3,brca_her2,DEGAS
0,0,1,1,0,0,0,0.441390562248996,scbatch_sz=460| patbatch_sz=45| hidden_feats=50| do_prc=0.1,degas_arg_samples2_part3,brca_her2,DEGAS
0,0,1,1,0,0,0,0.441390562248996,scbatch_sz=490| patbatch_sz=50| hidden_feats=35| do_prc=0.4,degas_arg_samples2_part3,brca_her2,DEGAS
0,0,1,1,0,0,0,0.441390562248996,scbatch_sz=110| patbatch_sz=95| hidden_feats=60| do_prc=0.9,degas_arg_samples2_part3,brca_her2,DEGAS
0,0,1,1,0,0,0,0.441390562248996,scbatch_sz=130| patbatch_sz=35| hidden_feats=90| do_prc=0.7,degas_arg_samples2_part3,brca_her2,DEGAS
0,0,1,1,0,0,0,0.441390562248996,scbatch_sz=450| patbatch_sz=65| hidden_feats=35| do_prc=0.8,degas_arg_samples2_part3,brca_her2,DEGAS
0,0,1,1,0,0,0,0.441390562248996,scbatch_sz=140| patbatch_sz=40| hidden_feats=90| do_prc=0.5,degas_arg_samples2_part3,brca_her2,DEGAS
0,0,1,1,0,0,0,0.441390562248996,scbatch_sz=270| patbatch_sz=50| hidden_feats=95| do_prc=0.2,degas_arg_samples2_part3,brca_her2,DEGAS
0,0,1,1,0,0,0,0.441390562248996,scbatch_sz=310| patbatch_sz=65| hidden_feats=60| do_prc=0.6,degas_arg_samples2_part3,brca_her2,DEGAS
0,0,1,1,0,0,0,0.441390562248996,scbatch_sz=110| patbatch_sz=100| hidden_feats=25| do_prc=0.9,degas_arg_samples2_part3,brca_her2,DEGAS
0,0,1,1,0,0,0,0.441390562248996,scbatch_sz=310| patbatch_sz=90| hidden_feats=55| do_prc=0.8,degas_arg_samples2_part3,brca_her2,DEGAS
0,0,1,1,0,0,0,0.441390562248996,scbatch_sz=360| patbatch_sz=65| hidden_feats=75| do_prc=0.4,degas_arg_samples2_part3,brca_her2,DEGAS
0,0,1,1,0,0,0,0.441390562248996,scbatch_sz=420| patbatch_sz=55| hidden_feats=55| do_prc=0.5,degas_arg_samples2_part3,brca_her2,DEGAS
0,0,1,1,0,0,0,0.441390562248996,scbatch_sz=290| patbatch_sz=35| hidden_feats=85| do_prc=0.7,degas_arg_samples2_part3,brca_her2,DEGAS
0,0,1,1,0,0,0,0.441390562248996,scbatch_sz=380| patbatch_sz=60| hidden_feats=95| do_prc=0.1,degas_arg_samples2_part3,brca_her2,DEGAS
0,0,1,1,0,0,0,0.441390562248996,scbatch_sz=330| patbatch_sz=100| hidden_feats=55| do_prc=0.8,degas_arg_samples2_part3,brca_her2,DEGAS
0,0,1,1,0,0,0,0.441390562248996,scbatch_sz=90| patbatch_sz=90| hidden_feats=70| do_prc=0.8,degas_arg_samples2_part3,brca_her2,DEGAS
0,0,1,1,0,0,0,0.441390562248996,scbatch_sz=120| patbatch_sz=80| hidden_feats=50| do_prc=0.9,degas_arg_samples2_part3,brca_her2,DEGAS
0,0,1,1,0,0,0,0.441390562248996,scbatch_sz=160| patbatch_sz=95| hidden_feats=90| do_prc=0.8,degas_arg_samples2_part3,brca_her2,DEGAS
0,0,1,1,0,0,0,0.441390562248996,scbatch_sz=170| patbatch_sz=65| hidden_feats=95| do_prc=0.2,degas_arg_samples2_part3,brca_her2,DEGAS
0,0,1,1,0,0,0,0.441390562248996,scbatch_sz=200| patbatch_sz=50| hidden_feats=50| do_prc=0.5,degas_arg_samples2_part3,brca_her2,DEGAS
0.999887665693103,0.998649417116861,0.00135058288313904,0.000112334306897326,0.558914947725346,0.999887665693103,0.717027489678784,0.559142821285141,tred=1.5| repeat_times=15| alpha_samples=5e-04|0.001|0.005|0.01|0.05,scab_arg_samples1,brca_her2,scAB
0.999887665693103,0.998649417116861,0.00135058288313904,0.000112334306897326,0.558914947725346,0.999887665693103,0.717027489678784,0.559142821285141,tred=1.5| repeat_times=12| alpha_samples=5e-04|0.001|0.005|0.01|0.05,scab_arg_samples1,brca_her2,scAB
0.999887665693103,0.998649417116861,0.00135058288313904,0.000112334306897326,0.558914947725346,0.999887665693103,0.717027489678784,0.559142821285141,tred=5| repeat_times=10| alpha_samples=5e-04|0.001|0.005|0.01|0.05,scab_arg_samples1,brca_her2,scAB
0.999887665693103,0.998649417116861,0.00135058288313904,0.000112334306897326,0.558914947725346,0.999887665693103,0.717027489678784,0.559142821285141,tred=1| repeat_times=10| alpha_samples=5e-04|0.001|0.005|0.01|0.05,scab_arg_samples1,brca_her2,scAB
0.999719164232757,0.983366505544498,0.0166334944555018,0.000280835767243316,0.562671893276009,0.999719164232757,0.720067965289156,0.565794427710844,tred=3| repeat_times=11| alpha_samples=5e-04|0.001|0.005|0.01|0.05,scab_arg_samples1,brca_her2,scAB
0.999887665693103,0.998649417116861,0.00135058288313904,0.000112334306897326,0.558914947725346,0.999887665693103,0.717027489678784,0.559142821285141,tred=2.5| repeat_times=19| alpha_samples=5e-04|0.001|0.005|0.01|0.05,scab_arg_samples1,brca_her2,scAB
0.999887665693103,0.998649417116861,0.00135058288313904,0.000112334306897326,0.558914947725346,0.999887665693103,0.717027489678784,0.559142821285141,tred=2| repeat_times=20| alpha_samples=5e-04|0.001|0.005|0.01|0.05,scab_arg_samples1,brca_her2,scAB
0.999887665693103,0.998649417116861,0.00135058288313904,0.000112334306897326,0.558914947725346,0.999887665693103,0.717027489678784,0.559142821285141,tred=3| repeat_times=5| alpha_samples=5e-04|0.001|0.005|0.01|0.05,scab_arg_samples1,brca_her2,scAB
0.999887665693103,0.998649417116861,0.00135058288313904,0.000112334306897326,0.558914947725346,0.999887665693103,0.717027489678784,0.559142821285141,tred=4.5| repeat_times=10| alpha_samples=5e-04|0.001|0.005|0.01|0.05,scab_arg_samples1,brca_her2,scAB
0.999887665693103,0.998649417116861,0.00135058288313904,0.000112334306897326,0.558914947725346,0.999887665693103,0.717027489678784,0.559142821285141,tred=5| repeat_times=6| alpha_samples=5e-04|0.001|0.005|0.01|0.05,scab_arg_samples1,brca_her2,scAB
0.999887665693103,0.998649417116861,0.00135058288313904,0.000112334306897326,0.558914947725346,0.999887665693103,0.717027489678784,0.559142821285141,tred=2.5| repeat_times=5| alpha_samples=5e-04|0.001|0.005|0.01|0.05,scab_arg_samples1,brca_her2,scAB
0.999887665693103,0.998649417116861,0.00135058288313904,0.000112334306897326,0.558914947725346,0.999887665693103,0.717027489678784,0.559142821285141,tred=1.5| repeat_times=6| alpha_samples=5e-04|0.001|0.005|0.01|0.05,scab_arg_samples1,brca_her2,scAB
0.999719164232757,0.983366505544498,0.0166334944555018,0.000280835767243316,0.562671893276009,0.999719164232757,0.720067965289156,0.565794427710844,tred=4.5| repeat_times=8| alpha_samples=5e-04|0.001|0.005|0.01|0.05,scab_arg_samples1,brca_her2,scAB
0.999719164232757,0.983366505544498,0.0166334944555018,0.000280835767243316,0.562671893276009,0.999719164232757,0.720067965289156,0.565794427710844,tred=4.5| repeat_times=17| alpha_samples=5e-04|0.001|0.005|0.01|0.05,scab_arg_samples1,brca_her2,scAB
0.999719164232757,0.983366505544498,0.0166334944555018,0.000280835767243316,0.562671893276009,0.999719164232757,0.720067965289156,0.565794427710844,tred=4.5| repeat_times=9| alpha_samples=5e-04|0.001|0.005|0.01|0.05,scab_arg_samples1,brca_her2,scAB
0.999887665693103,0.998649417116861,0.00135058288313904,0.000112334306897326,0.558914947725346,0.999887665693103,0.717027489678784,0.559142821285141,tred=1.5| repeat_times=10| alpha_samples=5e-04|0.001|0.005|0.01|0.05,scab_arg_samples1,brca_her2,scAB
0.999887665693103,0.998649417116861,0.00135058288313904,0.000112334306897326,0.558914947725346,0.999887665693103,0.717027489678784,0.559142821285141,tred=4| repeat_times=19| alpha_samples=5e-04|0.001|0.005|0.01|0.05,scab_arg_samples1,brca_her2,scAB
0.999887665693103,0.998649417116861,0.00135058288313904,0.000112334306897326,0.558914947725346,0.999887665693103,0.717027489678784,0.559142821285141,tred=5| repeat_times=7| alpha_samples=5e-04|0.001|0.005|0.01|0.05,scab_arg_samples1,brca_her2,scAB
0.999887665693103,0.998649417116861,0.00135058288313904,0.000112334306897326,0.558914947725346,0.999887665693103,0.717027489678784,0.559142821285141,tred=3.5| repeat_times=13| alpha_samples=5e-04|0.001|0.005|0.01|0.05,scab_arg_samples1,brca_her2,scAB
0.999719164232757,0.983366505544498,0.0166334944555018,0.000280835767243316,0.562671893276009,0.999719164232757,0.720067965289156,0.565794427710844,tred=5| repeat_times=8| alpha_samples=5e-04|0.001|0.005|0.01|0.05,scab_arg_samples1,brca_her2,scAB
0.999887665693103,0.998649417116861,0.00135058288313904,0.000112334306897326,0.558914947725346,0.999887665693103,0.717027489678784,0.559142821285141,tred=4.5| repeat_times=10| alpha_samples=5e-04|0.001|0.005|0.01|0.05,scab_arg_samples1,brca_her2,scAB
0.999887665693103,0.998649417116861,0.00135058288313904,0.000112334306897326,0.558914947725346,0.999887665693103,0.717027489678784,0.559142821285141,tred=1.5| repeat_times=13| alpha_samples=5e-04|0.001|0.005|0.01|0.05,scab_arg_samples1,brca_her2,scAB
0.999887665693103,0.998649417116861,0.00135058288313904,0.000112334306897326,0.558914947725346,0.999887665693103,0.717027489678784,0.559142821285141,tred=2| repeat_times=20| alpha_samples=5e-04|0.001|0.005|0.01|0.05,scab_arg_samples1,brca_her2,scAB
0.999719164232757,0.983366505544498,0.0166334944555018,0.000280835767243316,0.562671893276009,0.999719164232757,0.720067965289156,0.565794427710844,tred=0.5| repeat_times=18| alpha_samples=5e-04|0.001|0.005|0.01|0.05,scab_arg_samples1,brca_her2,scAB
0.999887665693103,0.998649417116861,0.00135058288313904,0.000112334306897326,0.558914947725346,0.999887665693103,0.717027489678784,0.559142821285141,tred=3.5| repeat_times=13| alpha_samples=5e-04|0.001|0.005|0.01|0.05,scab_arg_samples1,brca_her2,scAB
0.999719164232757,0.983366505544498,0.0166334944555018,0.000280835767243316,0.562671893276009,0.999719164232757,0.720067965289156,0.565794427710844,tred=2.5| repeat_times=11| alpha_samples=5e-04|0.001|0.005|0.01|0.05,scab_arg_samples1,brca_her2,scAB
0.999887665693103,0.998649417116861,0.00135058288313904,0.000112334306897326,0.558914947725346,0.999887665693103,0.717027489678784,0.559142821285141,tred=5| repeat_times=7| alpha_samples=5e-04|0.001|0.005|0.01|0.05,scab_arg_samples1,brca_her2,scAB
0.999887665693103,0.998649417116861,0.00135058288313904,0.000112334306897326,0.558914947725346,0.999887665693103,0.717027489678784,0.559142821285141,tred=3.5| repeat_times=12| alpha_samples=5e-04|0.001|0.005|0.01|0.05,scab_arg_samples1,brca_her2,scAB
0.999887665693103,0.998649417116861,0.00135058288313904,0.000112334306897326,0.558914947725346,0.999887665693103,0.717027489678784,0.559142821285141,tred=4.5| repeat_times=20| alpha_samples=5e-04|0.001|0.005|0.01|0.05,scab_arg_samples1,brca_her2,scAB
0.999719164232757,0.983366505544498,0.0166334944555018,0.000280835767243316,0.562671893276009,0.999719164232757,0.720067965289156,0.565794427710844,tred=4.5| repeat_times=18| alpha_samples=5e-04|0.001|0.005|0.01|0.05,scab_arg_samples1,brca_her2,scAB
0.999887665693103,0.998649417116861,0.00135058288313904,0.000112334306897326,0.558914947725346,0.999887665693103,0.717027489678784,0.559142821285141,tred=5| repeat_times=16| alpha_samples=5e-04|0.001|0.005|0.01|0.05,scab_arg_samples1,brca_her2,scAB
0.999887665693103,0.998649417116861,0.00135058288313904,0.000112334306897326,0.558914947725346,0.999887665693103,0.717027489678784,0.559142821285141,tred=3.5| repeat_times=19| alpha_samples=5e-04|0.001|0.005|0.01|0.05,scab_arg_samples1,brca_her2,scAB
0.999887665693103,0.998649417116861,0.00135058288313904,0.000112334306897326,0.558914947725346,0.999887665693103,0.717027489678784,0.559142821285141,tred=2.5| repeat_times=13| alpha_samples=5e-04|0.001|0.005|0.01|0.05,scab_arg_samples1,brca_her2,scAB
0.999719164232757,0.983366505544498,0.0166334944555018,0.000280835767243316,0.562671893276009,0.999719164232757,0.720067965289156,0.565794427710844,tred=3.5| repeat_times=18| alpha_samples=5e-04|0.001|0.005|0.01|0.05,scab_arg_samples1,brca_her2,scAB
0.999719164232757,0.983366505544498,0.0166334944555018,0.000280835767243316,0.562671893276009,0.999719164232757,0.720067965289156,0.565794427710844,tred=2.5| repeat_times=18| alpha_samples=5e-04|0.001|0.005|0.01|0.05,scab_arg_samples1,brca_her2,scAB
0.999887665693103,0.998649417116861,0.00135058288313904,0.000112334306897326,0.558914947725346,0.999887665693103,0.717027489678784,0.559142821285141,tred=3| repeat_times=20| alpha_samples=5e-04|0.001|0.005|0.01|0.05,scab_arg_samples1,brca_her2,scAB
0.996461469332734,0.997583167472277,0.00241683252772249,0.00353853066726578,0.558332022029898,0.996461469332734,0.715665906936405,0.557699548192771,tred=4.5| repeat_times=7| alpha_samples=5e-04|0.001|0.005|0.01|0.05,scab_arg_samples1,brca_her2,scAB
0.999719164232757,0.983366505544498,0.0166334944555018,0.000280835767243316,0.562671893276009,0.999719164232757,0.720067965289156,0.565794427710844,tred=1| repeat_times=18| alpha_samples=5e-04|0.001|0.005|0.01|0.05,scab_arg_samples1,brca_her2,scAB
0.999719164232757,0.983366505544498,0.0166334944555018,0.000280835767243316,0.562671893276009,0.999719164232757,0.720067965289156,0.565794427710844,tred=2.5| repeat_times=17| alpha_samples=5e-04|0.001|0.005|0.01|0.05,scab_arg_samples1,brca_her2,scAB
0.996461469332734,0.997583167472277,0.00241683252772249,0.00353853066726578,0.558332022029898,0.996461469332734,0.715665906936405,0.557699548192771,tred=4| repeat_times=20| alpha_samples=5e-04|0.001|0.005|0.01|0.05,scab_arg_samples1,brca_her2,scAB
0.236632217479218,0.292578902473699,0.707421097526301,0.763367782520782,0.505823027974547,0.236632217479218,0.322427581984464,0.444433985943775,tred=1| repeat_times=11| alpha_samples=5e-04|0.001|0.005|0.01|0.05,scab_arg_samples1,brca_her2,scAB
1,1,0,0,0.558609437751004,1,0.716804895724293,0.558609437751004,tred=0.5| repeat_times=7| alpha_samples=5e-04|0.001|0.005|0.01|0.05,scab_arg_samples1,brca_her2,scAB
0.236632217479218,0.292578902473699,0.707421097526301,0.763367782520782,0.505823027974547,0.236632217479218,0.322427581984464,0.444433985943775,tred=4.5| repeat_times=11| alpha_samples=5e-04|0.001|0.005|0.01|0.05,scab_arg_samples1,brca_her2,scAB
1,1,0,0,0.558609437751004,1,0.716804895724293,0.558609437751004,tred=4.5| repeat_times=10| alpha_samples=5e-04|0.001|0.005|0.01|0.05,scab_arg_samples1,brca_her2,scAB
0.236632217479218,0.292578902473699,0.707421097526301,0.763367782520782,0.505823027974547,0.236632217479218,0.322427581984464,0.444433985943775,tred=3| repeat_times=14| alpha_samples=5e-04|0.001|0.005|0.01|0.05,scab_arg_samples1,brca_her2,scAB
0.236632217479218,0.292578902473699,0.707421097526301,0.763367782520782,0.505823027974547,0.236632217479218,0.322427581984464,0.444433985943775,tred=2.5| repeat_times=19| alpha_samples=5e-04|0.001|0.005|0.01|0.05,scab_arg_samples1,brca_her2,scAB
0.236632217479218,0.292578902473699,0.707421097526301,0.763367782520782,0.505823027974547,0.236632217479218,0.322427581984464,0.444433985943775,tred=4.5| repeat_times=9| alpha_samples=5e-04|0.001|0.005|0.01|0.05,scab_arg_samples1,brca_her2,scAB
0.236632217479218,0.292578902473699,0.707421097526301,0.763367782520782,0.505823027974547,0.236632217479218,0.322427581984464,0.444433985943775,tred=5| repeat_times=9| alpha_samples=5e-04|0.001|0.005|0.01|0.05,scab_arg_samples1,brca_her2,scAB
0.236632217479218,0.292578902473699,0.707421097526301,0.763367782520782,0.505823027974547,0.236632217479218,0.322427581984464,0.444433985943775,tred=2| repeat_times=12| alpha_samples=5e-04|0.001|0.005|0.01|0.05,scab_arg_samples1,brca_her2,scAB
1,1,0,0,0.558609437751004,1,0.716804895724293,0.558609437751004,tred=3| repeat_times=7| alpha_samples=5e-04|0.001|0.005|0.01|0.05,scab_arg_samples1,brca_her2,scAB
0.236632217479218,0.292578902473699,0.707421097526301,0.763367782520782,0.505823027974547,0.236632217479218,0.322427581984464,0.444433985943775,tred=2| repeat_times=10| alpha_samples=5e-04|0.001|0.005|0.01|0.05,scab_arg_samples1,brca_her2,scAB
0.149853965401033,0.0112311629229457,0.988768837077054,0.850146034598967,0.944090587402689,0.149853965401033,0.25865244789142,0.520143072289157,tred=1.5| repeat_times=15| alpha_samples=5e-04|0.001|0.005|0.01|0.05,scab_arg_samples2,brca_her2,scAB
0.149853965401033,0.0112311629229457,0.988768837077054,0.850146034598967,0.944090587402689,0.149853965401033,0.25865244789142,0.520143072289157,tred=1.5| repeat_times=12| alpha_samples=5e-04|0.001|0.005|0.01|0.05,scab_arg_samples2,brca_her2,scAB
0.00151651314311391,0.00021324992891669,0.999786750071083,0.998483486856886,0.9,0.00151651314311391,0.00302792418974992,0.442143574297189,tred=5| repeat_times=10| alpha_samples=5e-04|0.001|0.005|0.01|0.05,scab_arg_samples2,brca_her2,scAB
0.416254774208043,0.0319164060278647,0.968083593972135,0.583745225791957,0.942875318066158,0.416254774208043,0.577540523690773,0.659826807228916,tred=1| repeat_times=10| alpha_samples=5e-04|0.001|0.005|0.01|0.05,scab_arg_samples2,brca_her2,scAB
0.936474949449562,0.064046061984646,0.935953938015354,0.0635250505504381,0.948731080004552,0.936474949449562,0.942563174854429,0.936244979919679,tred=3| repeat_times=11| alpha_samples=5e-04|0.001|0.005|0.01|0.05,scab_arg_samples2,brca_her2,scAB
0.936474949449562,0.0651123116292295,0.93488768837077,0.0635250505504381,0.947921996702485,0.936474949449562,0.942163704687368,0.935774347389558,tred=2.5| repeat_times=19| alpha_samples=5e-04|0.001|0.005|0.01|0.05,scab_arg_samples2,brca_her2,scAB
0.936474949449562,0.0742820585726471,0.925717941427353,0.0635250505504381,0.94102043119991,0.936474949449562,0.938742187939868,0.931726907630522,tred=2| repeat_times=20| alpha_samples=5e-04|0.001|0.005|0.01|0.05,scab_arg_samples2,brca_her2,scAB
0.936474949449562,0.064046061984646,0.935953938015354,0.0635250505504381,0.948731080004552,0.936474949449562,0.942563174854429,0.936244979919679,tred=3| repeat_times=5| alpha_samples=5e-04|0.001|0.005|0.01|0.05,scab_arg_samples2,brca_her2,scAB
0.936474949449562,0.064046061984646,0.935953938015354,0.0635250505504381,0.948731080004552,0.936474949449562,0.942563174854429,0.936244979919679,tred=4.5| repeat_times=10| alpha_samples=5e-04|0.001|0.005|0.01|0.05,scab_arg_samples2,brca_her2,scAB
0.936474949449562,0.064046061984646,0.935953938015354,0.0635250505504381,0.948731080004552,0.936474949449562,0.942563174854429,0.936244979919679,tred=5| repeat_times=6| alpha_samples=5e-04|0.001|0.005|0.01|0.05,scab_arg_samples2,brca_her2,scAB
0.936474949449562,0.0651123116292295,0.93488768837077,0.0635250505504381,0.947921996702485,0.936474949449562,0.942163704687368,0.935774347389558,tred=2.5| repeat_times=5| alpha_samples=5e-04|0.001|0.005|0.01|0.05,scab_arg_samples2,brca_her2,scAB
0.936474949449562,0.109965880011373,0.890034119988627,0.0635250505504381,0.915093304061471,0.936474949449562,0.925660670664002,0.91597640562249,tred=1.5| repeat_times=6| alpha_samples=5e-04|0.001|0.005|0.01|0.05,scab_arg_samples2,brca_her2,scAB
0.936474949449562,0.064046061984646,0.935953938015354,0.0635250505504381,0.948731080004552,0.936474949449562,0.942563174854429,0.936244979919679,tred=4.5| repeat_times=8| alpha_samples=5e-04|0.001|0.005|0.01|0.05,scab_arg_samples2,brca_her2,scAB
0.936474949449562,0.064046061984646,0.935953938015354,0.0635250505504381,0.948731080004552,0.936474949449562,0.942563174854429,0.936244979919679,tred=4.5| repeat_times=17| alpha_samples=5e-04|0.001|0.005|0.01|0.05,scab_arg_samples2,brca_her2,scAB
0.936474949449562,0.064046061984646,0.935953938015354,0.0635250505504381,0.948731080004552,0.936474949449562,0.942563174854429,0.936244979919679,tred=4.5| repeat_times=9| alpha_samples=5e-04|0.001|0.005|0.01|0.05,scab_arg_samples2,brca_her2,scAB
0.936474949449562,0.109965880011373,0.890034119988627,0.0635250505504381,0.915093304061471,0.936474949449562,0.925660670664002,0.91597640562249,tred=1.5| repeat_times=10| alpha_samples=5e-04|0.001|0.005|0.01|0.05,scab_arg_samples2,brca_her2,scAB
0.936474949449562,0.064046061984646,0.935953938015354,0.0635250505504381,0.948731080004552,0.936474949449562,0.942563174854429,0.936244979919679,tred=4| repeat_times=19| alpha_samples=5e-04|0.001|0.005|0.01|0.05,scab_arg_samples2,brca_her2,scAB
0.936474949449562,0.064046061984646,0.935953938015354,0.0635250505504381,0.948731080004552,0.936474949449562,0.942563174854429,0.936244979919679,tred=5| repeat_times=7| alpha_samples=5e-04|0.001|0.005|0.01|0.05,scab_arg_samples2,brca_her2,scAB
0.936474949449562,0.064046061984646,0.935953938015354,0.0635250505504381,0.948731080004552,0.936474949449562,0.942563174854429,0.936244979919679,tred=3.5| repeat_times=13| alpha_samples=5e-04|0.001|0.005|0.01|0.05,scab_arg_samples2,brca_her2,scAB
0.936474949449562,0.064046061984646,0.935953938015354,0.0635250505504381,0.948731080004552,0.936474949449562,0.942563174854429,0.936244979919679,tred=5| repeat_times=8| alpha_samples=5e-04|0.001|0.005|0.01|0.05,scab_arg_samples2,brca_her2,scAB
0.936474949449562,0.064046061984646,0.935953938015354,0.0635250505504381,0.948731080004552,0.936474949449562,0.942563174854429,0.936244979919679,tred=4.5| repeat_times=10| alpha_samples=5e-04|0.001|0.005|0.01|0.05,scab_arg_samples2,brca_her2,scAB
0.936474949449562,0.109965880011373,0.890034119988627,0.0635250505504381,0.915093304061471,0.936474949449562,0.925660670664002,0.91597640562249,tred=1.5| repeat_times=13| alpha_samples=5e-04|0.001|0.005|0.01|0.05,scab_arg_samples2,brca_her2,scAB
0.936474949449562,0.0742820585726471,0.925717941427353,0.0635250505504381,0.94102043119991,0.936474949449562,0.938742187939868,0.931726907630522,tred=2| repeat_times=20| alpha_samples=5e-04|0.001|0.005|0.01|0.05,scab_arg_samples2,brca_her2,scAB
0.936531116603011,0.295351151549616,0.704648848450384,0.0634688833969894,0.800518507849633,0.936531116603011,0.863199855046204,0.83418047188755,tred=0.5| repeat_times=18| alpha_samples=5e-04|0.001|0.005|0.01|0.05,scab_arg_samples2,brca_her2,scAB
0.936474949449562,0.064046061984646,0.935953938015354,0.0635250505504381,0.948731080004552,0.936474949449562,0.942563174854429,0.936244979919679,tred=3.5| repeat_times=13| alpha_samples=5e-04|0.001|0.005|0.01|0.05,scab_arg_samples2,brca_her2,scAB
0.936474949449562,0.0651123116292295,0.93488768837077,0.0635250505504381,0.947921996702485,0.936474949449562,0.942163704687368,0.935774347389558,tred=2.5| repeat_times=11| alpha_samples=5e-04|0.001|0.005|0.01|0.05,scab_arg_samples2,brca_her2,scAB
0.936474949449562,0.064046061984646,0.935953938015354,0.0635250505504381,0.948731080004552,0.936474949449562,0.942563174854429,0.936244979919679,tred=5| repeat_times=7| alpha_samples=5e-04|0.001|0.005|0.01|0.05,scab_arg_samples2,brca_her2,scAB
0.936474949449562,0.064046061984646,0.935953938015354,0.0635250505504381,0.948731080004552,0.936474949449562,0.942563174854429,0.936244979919679,tred=3.5| repeat_times=12| alpha_samples=5e-04|0.001|0.005|0.01|0.05,scab_arg_samples2,brca_her2,scAB
0.936474949449562,0.064046061984646,0.935953938015354,0.0635250505504381,0.948731080004552,0.936474949449562,0.942563174854429,0.936244979919679,tred=4.5| repeat_times=20| alpha_samples=5e-04|0.001|0.005|0.01|0.05,scab_arg_samples2,brca_her2,scAB
0.936474949449562,0.064046061984646,0.935953938015354,0.0635250505504381,0.948731080004552,0.936474949449562,0.942563174854429,0.936244979919679,tred=4.5| repeat_times=18| alpha_samples=5e-04|0.001|0.005|0.01|0.05,scab_arg_samples2,brca_her2,scAB
0.936474949449562,0.064046061984646,0.935953938015354,0.0635250505504381,0.948731080004552,0.936474949449562,0.942563174854429,0.936244979919679,tred=5| repeat_times=16| alpha_samples=5e-04|0.001|0.005|0.01|0.05,scab_arg_samples2,brca_her2,scAB
0.936474949449562,0.064046061984646,0.935953938015354,0.0635250505504381,0.948731080004552,0.936474949449562,0.942563174854429,0.936244979919679,tred=3.5| repeat_times=19| alpha_samples=5e-04|0.001|0.005|0.01|0.05,scab_arg_samples2,brca_her2,scAB
0.936474949449562,0.0651123116292295,0.93488768837077,0.0635250505504381,0.947921996702485,0.936474949449562,0.942163704687368,0.935774347389558,tred=2.5| repeat_times=13| alpha_samples=5e-04|0.001|0.005|0.01|0.05,scab_arg_samples2,brca_her2,scAB
0.936474949449562,0.064046061984646,0.935953938015354,0.0635250505504381,0.948731080004552,0.936474949449562,0.942563174854429,0.936244979919679,tred=3.5| repeat_times=18| alpha_samples=5e-04|0.001|0.005|0.01|0.05,scab_arg_samples2,brca_her2,scAB
0.936474949449562,0.0651123116292295,0.93488768837077,0.0635250505504381,0.947921996702485,0.936474949449562,0.942163704687368,0.935774347389558,tred=2.5| repeat_times=18| alpha_samples=5e-04|0.001|0.005|0.01|0.05,scab_arg_samples2,brca_her2,scAB
0.936474949449562,0.064046061984646,0.935953938015354,0.0635250505504381,0.948731080004552,0.936474949449562,0.942563174854429,0.936244979919679,tred=3| repeat_times=20| alpha_samples=5e-04|0.001|0.005|0.01|0.05,scab_arg_samples2,brca_her2,scAB
0.936474949449562,0.064046061984646,0.935953938015354,0.0635250505504381,0.948731080004552,0.936474949449562,0.942563174854429,0.936244979919679,tred=4.5| repeat_times=7| alpha_samples=5e-04|0.001|0.005|0.01|0.05,scab_arg_samples2,brca_her2,scAB
0.936474949449562,0.188299687233438,0.811700312766562,0.0635250505504381,0.862902391056826,0.936474949449562,0.898184560685234,0.881400602409639,tred=1| repeat_times=18| alpha_samples=5e-04|0.001|0.005|0.01|0.05,scab_arg_samples2,brca_her2,scAB
0.936474949449562,0.0651123116292295,0.93488768837077,0.0635250505504381,0.947921996702485,0.936474949449562,0.942163704687368,0.935774347389558,tred=2.5| repeat_times=17| alpha_samples=5e-04|0.001|0.005|0.01|0.05,scab_arg_samples2,brca_her2,scAB
0.936474949449562,0.064046061984646,0.935953938015354,0.0635250505504381,0.948731080004552,0.936474949449562,0.942563174854429,0.936244979919679,tred=4| repeat_times=20| alpha_samples=5e-04|0.001|0.005|0.01|0.05,scab_arg_samples2,brca_her2,scAB
0.936474949449562,0.188299687233438,0.811700312766562,0.0635250505504381,0.862902391056826,0.936474949449562,0.898184560685234,0.881400602409639,tred=1| repeat_times=11| alpha_samples=5e-04|0.001|0.005|0.01|0.05,scab_arg_samples2,brca_her2,scAB
0.936531116603011,0.295351151549616,0.704648848450384,0.0634688833969894,0.800518507849633,0.936531116603011,0.863199855046204,0.83418047188755,tred=0.5| repeat_times=7| alpha_samples=5e-04|0.001|0.005|0.01|0.05,scab_arg_samples2,brca_her2,scAB
0.936474949449562,0.064046061984646,0.935953938015354,0.0635250505504381,0.948731080004552,0.936474949449562,0.942563174854429,0.936244979919679,tred=4.5| repeat_times=11| alpha_samples=5e-04|0.001|0.005|0.01|0.05,scab_arg_samples2,brca_her2,scAB
0.936474949449562,0.064046061984646,0.935953938015354,0.0635250505504381,0.948731080004552,0.936474949449562,0.942563174854429,0.936244979919679,tred=4.5| repeat_times=10| alpha_samples=5e-04|0.001|0.005|0.01|0.05,scab_arg_samples2,brca_her2,scAB
0.936474949449562,0.064046061984646,0.935953938015354,0.0635250505504381,0.948731080004552,0.936474949449562,0.942563174854429,0.936244979919679,tred=3| repeat_times=14| alpha_samples=5e-04|0.001|0.005|0.01|0.05,scab_arg_samples2,brca_her2,scAB
0.936474949449562,0.0651123116292295,0.93488768837077,0.0635250505504381,0.947921996702485,0.936474949449562,0.942163704687368,0.935774347389558,tred=2.5| repeat_times=19| alpha_samples=5e-04|0.001|0.005|0.01|0.05,scab_arg_samples2,brca_her2,scAB
0.936474949449562,0.064046061984646,0.935953938015354,0.0635250505504381,0.948731080004552,0.936474949449562,0.942563174854429,0.936244979919679,tred=4.5| repeat_times=9| alpha_samples=5e-04|0.001|0.005|0.01|0.05,scab_arg_samples2,brca_her2,scAB
0.936474949449562,0.064046061984646,0.935953938015354,0.0635250505504381,0.948731080004552,0.936474949449562,0.942563174854429,0.936244979919679,tred=5| repeat_times=9| alpha_samples=5e-04|0.001|0.005|0.01|0.05,scab_arg_samples2,brca_her2,scAB
0.936474949449562,0.0742820585726471,0.925717941427353,0.0635250505504381,0.94102043119991,0.936474949449562,0.938742187939868,0.931726907630522,tred=2| repeat_times=12| alpha_samples=5e-04|0.001|0.005|0.01|0.05,scab_arg_samples2,brca_her2,scAB
0.936474949449562,0.064046061984646,0.935953938015354,0.0635250505504381,0.948731080004552,0.936474949449562,0.942563174854429,0.936244979919679,tred=3| repeat_times=7| alpha_samples=5e-04|0.001|0.005|0.01|0.05,scab_arg_samples2,brca_her2,scAB
0.936474949449562,0.0742820585726471,0.925717941427353,0.0635250505504381,0.94102043119991,0.936474949449562,0.938742187939868,0.931726907630522,tred=2| repeat_times=10| alpha_samples=5e-04|0.001|0.005|0.01|0.05,scab_arg_samples2,brca_her2,scAB
0.445742529768591,0.0120841626386125,0.987915837361388,0.554257470231409,0.979027880582285,0.445742529768591,0.612582014666152,0.685052710843373,n_pc=30| resolution=2.3| ela_net_alpha=0.9,scipac_arg_samples1_part1,brca_her2,SCIPAC
0.478207144461919,0.00774808075063975,0.99225191924936,0.521792855538081,0.987359387684101,0.478207144461919,0.644341014871154,0.705101656626506,n_pc=100| resolution=3.1| ela_net_alpha=0.4,scipac_arg_samples1_part1,brca_her2,SCIPAC
0.29622556728825,0.0960335513221496,0.903966448677851,0.70377443271175,0.796075471698113,0.29622556728825,0.431781898563183,0.564476656626506,n_pc=80| resolution=2.6| ela_net_alpha=0.8,scipac_arg_samples1_part1,brca_her2,SCIPAC
0.637609525949225,0.0104492465169178,0.989550753483082,0.362390474050775,0.987216279676494,0.637609525949225,0.774801214892673,0.792953062248996,n_pc=100| resolution=0.7| ela_net_alpha=0.2,scipac_arg_samples1_part1,brca_her2,SCIPAC
0.287575825657156,0.0956070514643162,0.904392948535684,0.712424174342844,0.791956689868523,0.287575825657156,0.421937451069265,0.559833082329317,n_pc=80| resolution=1.5| ela_net_alpha=0.4,scipac_arg_samples1_part1,brca_her2,SCIPAC
0.533138620534711,0.0100227466590844,0.989977253340916,0.466861379465289,0.985362815322329,0.533138620534711,0.691912381091227,0.734782881526104,n_pc=20| resolution=3.7| ela_net_alpha=0.5,scipac_arg_samples1_part1,brca_her2,SCIPAC
0.247977982475848,0.0910577196474268,0.908942280352573,0.752022017524152,0.775105337078652,0.247977982475848,0.375744680851064,0.539721385542169,n_pc=60| resolution=2.3| ela_net_alpha=0.5,scipac_arg_samples1_part1,brca_her2,SCIPAC
0.22141091889463,0.093687802104066,0.906312197895934,0.77858908110537,0.749429657794677,0.22141091889463,0.341831425598335,0.523719879518072,n_pc=60| resolution=1.2| ela_net_alpha=0.8,scipac_arg_samples1_part1,brca_her2,SCIPAC
0.384407998202651,0.131290872903042,0.868709127096958,0.615592001797349,0.787481302496836,0.384407998202651,0.516625778448764,0.598173945783133,n_pc=70| resolution=2.6| ela_net_alpha=0.3,scipac_arg_samples1_part1,brca_her2,SCIPAC
0.301898449786565,0.00604208131930623,0.993957918680694,0.698101550213435,0.984432234432234,0.301898449786565,0.46208734525447,0.607366967871486,n_pc=100| resolution=2.4| ela_net_alpha=0.7,scipac_arg_samples1_part1,brca_her2,SCIPAC
0.281060435857111,0.150199033266989,0.849800966733011,0.718939564142889,0.70310524097232,0.281060435857111,0.401589021307331,0.532097138554217,n_pc=10| resolution=3.5| ela_net_alpha=0.8,scipac_arg_samples1_part1,brca_her2,SCIPAC
0.233711525499888,0.0955359681546773,0.904464031845323,0.766288474500112,0.755858310626703,0.233711525499888,0.357029473593891,0.529775351405623,n_pc=80| resolution=0.5| ela_net_alpha=0.5,scipac_arg_samples1_part1,brca_her2,SCIPAC
0.40462817344417,0.0952516349161217,0.904748365083878,0.59537182655583,0.843164794007491,0.40462817344417,0.546834674358585,0.625376506024096,n_pc=70| resolution=0.4| ela_net_alpha=0.4,scipac_arg_samples1_part1,brca_her2,SCIPAC
0.22141091889463,0.00469149843616719,0.995308501563833,0.77858908110537,0.983532934131737,0.22141091889463,0.361452411516596,0.563002008032129,n_pc=60| resolution=1.1| ela_net_alpha=0.9,scipac_arg_samples1_part1,brca_her2,SCIPAC
0.218209391148057,0.168893943702019,0.831106056297981,0.781790608851943,0.62050790608529,0.218209391148057,0.322875545397881,0.488736194779117,n_pc=10| resolution=0.3| ela_net_alpha=0.8,scipac_arg_samples1_part1,brca_her2,SCIPAC
0.239889912379241,0.19263576912141,0.80736423087859,0.760110087620759,0.61180346655207,0.239889912379241,0.344643937865645,0.490367720883534,n_pc=40| resolution=1| ela_net_alpha=0.8,scipac_arg_samples1_part1,brca_her2,SCIPAC
0.287575825657156,0.0956070514643162,0.904392948535684,0.712424174342844,0.791956689868523,0.287575825657156,0.421937451069265,0.559833082329317,n_pc=80| resolution=1.5| ela_net_alpha=0.4,scipac_arg_samples1_part1,brca_her2,SCIPAC
0.460963828353179,0.0087432470855843,0.991256752914416,0.539036171646821,0.985234093637455,0.460963828353179,0.628070712481824,0.695030120481928,n_pc=100| resolution=0.7| ela_net_alpha=0.5,scipac_arg_samples1_part1,brca_her2,SCIPAC
0.55420130307796,0.0155672448109184,0.984432755189082,0.44579869692204,0.978286734086853,0.55420130307796,0.707565435640014,0.74410140562249,n_pc=30| resolution=2.6| ela_net_alpha=0.5,scipac_arg_samples1_part1,brca_her2,SCIPAC
0.220231408672209,0.0022746659084447,0.997725334091555,0.779768591327792,0.991904882367822,0.220231408672209,0.36043572183665,0.563409889558233,n_pc=90| resolution=0.4| ela_net_alpha=0.9,scipac_arg_samples1_part1,brca_her2,SCIPAC
0.22393844079982,0.193773102075633,0.806226897924367,0.77606155920018,0.593922240429018,0.22393844079982,0.3252437084472,0.480955070281125,n_pc=40| resolution=2.8| ela_net_alpha=0.4,scipac_arg_samples1_part1,brca_her2,SCIPAC
0.230959334980903,0.00504691498436167,0.994953085015638,0.769040665019097,0.983026535978962,0.230959334980903,0.374039204984764,0.568178965863454,n_pc=100| resolution=0.4| ela_net_alpha=1,scipac_arg_samples1_part1,brca_her2,SCIPAC
0.384239496742305,0.00554449815183395,0.994455501848166,0.615760503257695,0.988726694609048,0.384239496742305,0.553411802774744,0.653583082329317,n_pc=70| resolution=3.2| ela_net_alpha=0.7,scipac_arg_samples1_part1,brca_her2,SCIPAC
0.544596719838239,0.0115154961615013,0.988484503838499,0.455403280161761,0.983566646378576,0.544596719838239,0.701033909334105,0.740524598393574,n_pc=20| resolution=1.8| ela_net_alpha=1,scipac_arg_samples1_part1,brca_her2,SCIPAC
0.221747921815322,0.0939010520329827,0.906098947967017,0.778252078184678,0.749288289998102,0.221747921815322,0.342218177090105,0.523814006024096,n_pc=40| resolution=0.1| ela_net_alpha=0.2,scipac_arg_samples1_part1,brca_her2,SCIPAC
0.362895978431813,0.00781916406027865,0.992180835939721,0.637104021568187,0.983259777811596,0.362895978431813,0.530133333333333,0.640656375502008,n_pc=90| resolution=2.8| ela_net_alpha=0.2,scipac_arg_samples1_part1,brca_her2,SCIPAC
0.641709728150977,0.00852999715666761,0.991470002843332,0.358290271849023,0.989605889995669,0.641709728150977,0.778561450134587,0.796090612449799,n_pc=90| resolution=0.9| ela_net_alpha=0.1,scipac_arg_samples1_part1,brca_her2,SCIPAC
0.240957088294765,0.194412851862383,0.805587148137617,0.759042911705235,0.61067615658363,0.240957088294765,0.345563655402956,0.490179467871486,n_pc=40| resolution=2.2| ela_net_alpha=0.2,scipac_arg_samples1_part1,brca_her2,SCIPAC
0.28487980229162,0.095749218083594,0.904250781916406,0.71512019770838,0.790154229630784,0.28487980229162,0.418775543904554,0.558264307228916,n_pc=80| resolution=1.7| ela_net_alpha=0.9,scipac_arg_samples1_part1,brca_her2,SCIPAC
0.222365760503258,0.0937588854137049,0.906241114586295,0.777634239496742,0.750094732853354,0.222365760503258,0.343037865003033,0.524221887550201,n_pc=60| resolution=0.3| ela_net_alpha=0.5,scipac_arg_samples1_part1,brca_her2,SCIPAC
0.316052572455628,0.00639749786750071,0.993602502132499,0.683947427544372,0.984257477698093,0.316052572455628,0.478466051613452,0.61511671686747,n_pc=90| resolution=1.8| ela_net_alpha=0.7,scipac_arg_samples1_part1,brca_her2,SCIPAC
0.221298584587733,0.0930480523173159,0.906951947682684,0.778701415412267,0.750619165555344,0.221298584587733,0.341821021125233,0.523939508032129,n_pc=50| resolution=0.5| ela_net_alpha=0.2,scipac_arg_samples1_part1,brca_her2,SCIPAC
0.595933498090317,0.0208274097241968,0.979172590275803,0.404066501909683,0.973126662386499,0.595933498090317,0.739192531438325,0.765091616465863,n_pc=30| resolution=1| ela_net_alpha=0.5,scipac_arg_samples1_part1,brca_her2,SCIPAC
0.225960458323972,0.258672163775945,0.741327836224055,0.774039541676028,0.525058731401723,0.225960458323972,0.315950679337155,0.45343875502008,n_pc=10| resolution=0.7| ela_net_alpha=0.1,scipac_arg_samples1_part1,brca_her2,SCIPAC
0.295326892833071,0.173230025589991,0.826769974410009,0.704673107166929,0.683300844704354,0.295326892833071,0.412408329738421,0.529900853413655,n_pc=10| resolution=3.1| ela_net_alpha=0.7,scipac_arg_samples1_part1,brca_her2,SCIPAC
0.221523253201528,0.100796133067956,0.899203866932044,0.778476746798472,0.735546437896307,0.221523253201528,0.340499007165674,0.520645080321285,n_pc=50| resolution=1| ela_net_alpha=1,scipac_arg_samples1_part1,brca_her2,SCIPAC
0.277016400808807,0.00518908160363947,0.994810918396361,0.722983599191193,0.985414585414585,0.277016400808807,0.432460870708931,0.593844126506024,n_pc=100| resolution=2| ela_net_alpha=1,scipac_arg_samples1_part1,brca_her2,SCIPAC
0.491687261289598,0.00966733011088996,0.99033266988911,0.508312738710402,0.984701912260967,0.491687261289598,0.655877725331535,0.711784638554217,n_pc=100| resolution=1.2| ela_net_alpha=0.5,scipac_arg_samples1_part1,brca_her2,SCIPAC
0.540103347562346,0.0127949957350014,0.987205004264999,0.459896652437655,0.981625153123724,0.540103347562346,0.696811594202899,0.737449799196787,n_pc=30| resolution=3.4| ela_net_alpha=0.3,scipac_arg_samples1_part1,brca_her2,SCIPAC
0.652437654459672,0.0238129087290304,0.97618709127097,0.347562345540328,0.971968872897665,0.652437654459672,0.780776340110906,0.795337600401606,n_pc=30| resolution=0.4| ela_net_alpha=0.8,scipac_arg_samples1_part1,brca_her2,SCIPAC
0.561503033026286,0.0152118282627239,0.984788171737276,0.438496966973714,0.979042209382039,0.561503033026286,0.71368909512761,0.748337098393574,n_pc=30| resolution=3.5| ela_net_alpha=0.6,scipac_arg_samples1_part1,brca_her2,SCIPAC
0.243091440125814,0.332598805800398,0.667401194199602,0.756908559874186,0.480515154879538,0.243091440125814,0.322852560516206,0.430377761044177,n_pc=10| resolution=0.6| ela_net_alpha=0.2,scipac_arg_samples1_part1,brca_her2,SCIPAC
0.607447764547293,0.00973841342052886,0.990261586579471,0.392552235452707,0.987490869247626,0.607447764547293,0.752190847127556,0.776418172690763,n_pc=100| resolution=2.3| ela_net_alpha=0.1,scipac_arg_samples1_part1,brca_her2,SCIPAC
0.233711525499888,0.0955359681546773,0.904464031845323,0.766288474500112,0.755858310626703,0.233711525499888,0.357029473593891,0.529775351405623,n_pc=80| resolution=0.4| ela_net_alpha=0.5,scipac_arg_samples1_part1,brca_her2,SCIPAC
0.380363963154347,0.00753483082172306,0.992465169178277,0.619636036845653,0.984588543181157,0.380363963154347,0.548739972449558,0.650539658634538,n_pc=90| resolution=3| ela_net_alpha=0.1,scipac_arg_samples1_part1,brca_her2,SCIPAC
0.297124241743428,0.0966022177992607,0.903397782200739,0.702875758256572,0.795608362159723,0.297124241743428,0.432666748456222,0.56472766064257,n_pc=80| resolution=3.1| ela_net_alpha=0.6,scipac_arg_samples1_part1,brca_her2,SCIPAC
0.241574926982701,0.193346602217799,0.806653397782201,0.7584250730173,0.612590799031477,0.241574926982701,0.3465055387714,0.490995230923695,n_pc=40| resolution=3.5| ela_net_alpha=1,scipac_arg_samples1_part1,brca_her2,SCIPAC
0.52437654459672,0.00902758032413989,0.99097241967586,0.47562345540328,0.986579308887245,0.52437654459672,0.684783804598966,0.730327560240964,n_pc=20| resolution=4| ela_net_alpha=0.6,scipac_arg_samples1_part1,brca_her2,SCIPAC
0.50713322848798,0.0152118282627239,0.984788171737276,0.49286677151202,0.976847343935951,0.50713322848798,0.667652604725108,0.717965612449799,n_pc=30| resolution=2.9| ela_net_alpha=0.8,scipac_arg_samples1_part1,brca_her2,SCIPAC
0.221298584587733,0.0907733864088712,0.909226613591129,0.778701415412267,0.755223308414798,0.221298584587733,0.342296164371661,0.524943524096386,n_pc=60| resolution=2.5| ela_net_alpha=0.7,scipac_arg_samples1_part1,brca_her2,SCIPAC
0.247865648168951,0.0943986352004549,0.905601364799545,0.752134351831049,0.768681414387737,0.247865648168951,0.37485665746443,0.538183985943775,n_pc=60| resolution=2| ela_net_alpha=0.4,scipac_arg_samples1_part1,brca_her2,SCIPAC
0.452482588182431,0.123116292294569,0.876883707705431,0.547517411817569,0.823048630976706,0.452482588182431,0.583937373151638,0.639809236947791,hvg=1500| bt_size=30| nfold=22,scipac_arg_samples1_part2,brca_her2,SCIPAC
0.452482588182431,0.123116292294569,0.876883707705431,0.547517411817569,0.823048630976706,0.452482588182431,0.583937373151638,0.639809236947791,hvg=5000| bt_size=70| nfold=28,scipac_arg_samples1_part2,brca_her2,SCIPAC
0.681588407099528,0.117856127381291,0.882143872618709,0.318411592900472,0.879794098455738,0.681588407099528,0.768110896604108,0.770111696787149,hvg=4000| bt_size=100| nfold=4,scipac_arg_samples1_part2,brca_her2,SCIPAC
0.447764547292743,0.00689508103497299,0.993104918965027,0.552235452707257,0.987978683851778,0.447764547292743,0.616240868859429,0.688472640562249,hvg=5000| bt_size=70| nfold=30,scipac_arg_samples1_part2,brca_her2,SCIPAC
0.447764547292743,0.00689508103497299,0.993104918965027,0.552235452707257,0.987978683851778,0.447764547292743,0.616240868859429,0.688472640562249,hvg=4000| bt_size=100| nfold=6,scipac_arg_samples1_part2,brca_her2,SCIPAC
0.247865648168951,0.0943986352004549,0.905601364799545,0.752134351831049,0.768681414387737,0.247865648168951,0.37485665746443,0.538183985943775,hvg=1000| bt_size=70| nfold=16,scipac_arg_samples1_part2,brca_her2,SCIPAC
0.220849247360144,0.090915553028149,0.909084446971851,0.779150752639856,0.754557666474765,0.220849247360144,0.341690202042146,0.524629769076305,hvg=3000| bt_size=70| nfold=26,scipac_arg_samples1_part2,brca_her2,SCIPAC
0.492248932824085,0.00646858117713961,0.99353141882286,0.507751067175916,0.989723320158103,0.492248932824085,0.657489028095578,0.713510291164659,hvg=3000| bt_size=50| nfold=18,scipac_arg_samples1_part2,brca_her2,SCIPAC
0.401651314311391,0.00554449815183395,0.994455501848166,0.598348685688609,0.989210125881865,0.401651314311391,0.571325849878161,0.663309487951807,hvg=3500| bt_size=70| nfold=18,scipac_arg_samples1_part2,brca_her2,SCIPAC
0.447764547292743,0.00689508103497299,0.993104918965027,0.552235452707257,0.987978683851778,0.447764547292743,0.616240868859429,0.688472640562249,hvg=5000| bt_size=100| nfold=24,scipac_arg_samples1_part2,brca_her2,SCIPAC
0.25797573578971,0.100014216661928,0.899985783338072,0.74202426421029,0.7655,0.25797573578971,0.385901529154764,0.541352911646586,hvg=500| bt_size=80| nfold=24,scipac_arg_samples1_part2,brca_her2,SCIPAC
0.492248932824085,0.00646858117713961,0.99353141882286,0.507751067175916,0.989723320158103,0.492248932824085,0.657489028095578,0.713510291164659,hvg=4000| bt_size=30| nfold=24,scipac_arg_samples1_part2,brca_her2,SCIPAC
0.247584812401708,0.00462041512652829,0.995379584873472,0.752415187598293,0.985468365750056,0.247584812401708,0.395744489832563,0.57765436746988,hvg=3500| bt_size=50| nfold=8,scipac_arg_samples1_part2,brca_her2,SCIPAC
0.247584812401708,0.00462041512652829,0.995379584873472,0.752415187598293,0.985468365750056,0.247584812401708,0.395744489832563,0.57765436746988,hvg=3000| bt_size=40| nfold=16,scipac_arg_samples1_part2,brca_her2,SCIPAC
0.405751516513143,0.00554449815183395,0.994455501848166,0.594248483486857,0.989317995069844,0.405751516513143,0.575479964948618,0.665599899598394,hvg=500| bt_size=90| nfold=28,scipac_arg_samples1_part2,brca_her2,SCIPAC
0.402044484385531,0.00533124822291726,0.994668751777083,0.597955515614469,0.989630858564911,0.402044484385531,0.57179374525702,0.663623242971888,hvg=2000| bt_size=10| nfold=4,scipac_arg_samples1_part2,brca_her2,SCIPAC
0.402269152999326,0.0176286607904464,0.982371339209554,0.597730847000674,0.966531713900135,0.402269152999326,0.568097088918855,0.65832078313253,hvg=4000| bt_size=30| nfold=8,scipac_arg_samples1_part2,brca_her2,SCIPAC
0.401651314311391,0.00554449815183395,0.994455501848166,0.598348685688609,0.989210125881865,0.401651314311391,0.571325849878161,0.663309487951807,hvg=5000| bt_size=100| nfold=10,scipac_arg_samples1_part2,brca_her2,SCIPAC
0.405751516513143,0.00554449815183395,0.994455501848166,0.594248483486857,0.989317995069844,0.405751516513143,0.575479964948618,0.665599899598394,hvg=1500| bt_size=70| nfold=10,scipac_arg_samples1_part2,brca_her2,SCIPAC
0.401651314311391,0.00554449815183395,0.994455501848166,0.598348685688609,0.989210125881865,0.401651314311391,0.571325849878161,0.663309487951807,hvg=4500| bt_size=100| nfold=30,scipac_arg_samples1_part2,brca_her2,SCIPAC
0.402493821613121,0.0575774808075064,0.942422519192494,0.597506178386879,0.898445336008024,0.402493821613121,0.555934833204034,0.640813253012048,hvg=2000| bt_size=100| nfold=26,scipac_arg_samples1_part2,brca_her2,SCIPAC
0.405751516513143,0.00554449815183395,0.994455501848166,0.594248483486857,0.989317995069844,0.405751516513143,0.575479964948618,0.665599899598394,hvg=5000| bt_size=70| nfold=16,scipac_arg_samples1_part2,brca_her2,SCIPAC
0.44287800494271,0.00625533124822292,0.993744668751777,0.557121995057291,0.988962749278816,0.44287800494271,0.611785700430616,0.686025351405623,hvg=3500| bt_size=40| nfold=22,scipac_arg_samples1_part2,brca_her2,SCIPAC
0.247865648168951,0.100014216661928,0.899985783338072,0.752134351831049,0.758247422680412,0.247865648168951,0.373603115475787,0.535705321285141,hvg=1000| bt_size=100| nfold=6,scipac_arg_samples1_part2,brca_her2,SCIPAC
0.446416535609975,0.00589991470002843,0.994100085299971,0.553583464390025,0.989665047939235,0.446416535609975,0.61528933617186,0.688158885542169,hvg=2000| bt_size=40| nfold=14,scipac_arg_samples1_part2,brca_her2,SCIPAC
0.447764547292743,0.00689508103497299,0.993104918965027,0.552235452707257,0.987978683851778,0.447764547292743,0.616240868859429,0.688472640562249,hvg=4500| bt_size=90| nfold=24,scipac_arg_samples1_part2,brca_her2,SCIPAC
0.445293192541002,0.00554449815183395,0.994455501848166,0.554706807458998,0.990257307019735,0.445293192541002,0.614335528864781,0.687688253012048,hvg=4500| bt_size=20| nfold=16,scipac_arg_samples1_part2,brca_her2,SCIPAC
0.447764547292743,0.00689508103497299,0.993104918965027,0.552235452707257,0.987978683851778,0.447764547292743,0.616240868859429,0.688472640562249,hvg=2000| bt_size=80| nfold=30,scipac_arg_samples1_part2,brca_her2,SCIPAC
0.445293192541002,0.00554449815183395,0.994455501848166,0.554706807458998,0.990257307019735,0.445293192541002,0.614335528864781,0.687688253012048,hvg=4000| bt_size=100| nfold=10,scipac_arg_samples1_part2,brca_her2,SCIPAC
0.402269152999326,0.135129371623543,0.864870628376457,0.597730847000674,0.790246055390047,0.402269152999326,0.533144750065136,0.606457078313253,hvg=3000| bt_size=10| nfold=8,scipac_arg_samples1_part2,brca_her2,SCIPAC
0.446416535609975,0.00589991470002843,0.994100085299971,0.553583464390025,0.989665047939235,0.446416535609975,0.61528933617186,0.688158885542169,hvg=4500| bt_size=90| nfold=28,scipac_arg_samples1_part2,brca_her2,SCIPAC
0.447764547292743,0.00689508103497299,0.993104918965027,0.552235452707257,0.987978683851778,0.447764547292743,0.616240868859429,0.688472640562249,hvg=2500| bt_size=60| nfold=18,scipac_arg_samples1_part2,brca_her2,SCIPAC
0.247865648168951,0.0943986352004549,0.905601364799545,0.752134351831049,0.768681414387737,0.247865648168951,0.37485665746443,0.538183985943775,hvg=1500| bt_size=70| nfold=28,scipac_arg_samples1_part2,brca_her2,SCIPAC
0.384295663895754,0.00597099800966733,0.994029001990333,0.615704336104246,0.987871787467514,0.384295663895754,0.553336029114436,0.653426204819277,hvg=500| bt_size=10| nfold=16,scipac_arg_samples1_part2,brca_her2,SCIPAC
0.580936868119524,0.149274950241683,0.850725049758317,0.419063131880476,0.831230410672667,0.580936868119524,0.683902535788673,0.700018825301205,hvg=500| bt_size=30| nfold=26,scipac_arg_samples1_part2,brca_her2,SCIPAC
0.25797573578971,0.0943986352004549,0.905601364799545,0.74202426421029,0.775713561898328,0.25797573578971,0.387186512118019,0.543831576305221,hvg=2500| bt_size=20| nfold=16,scipac_arg_samples1_part2,brca_her2,SCIPAC
0.445293192541002,0.00554449815183395,0.994455501848166,0.554706807458998,0.990257307019735,0.445293192541002,0.614335528864781,0.687688253012048,hvg=5000| bt_size=50| nfold=8,scipac_arg_samples1_part2,brca_her2,SCIPAC
0.247865648168951,0.0943986352004549,0.905601364799545,0.752134351831049,0.768681414387737,0.247865648168951,0.37485665746443,0.538183985943775,hvg=5000| bt_size=100| nfold=10,scipac_arg_samples1_part2,brca_her2,SCIPAC
0.445293192541002,0.00554449815183395,0.994455501848166,0.554706807458998,0.990257307019735,0.445293192541002,0.614335528864781,0.687688253012048,hvg=1500| bt_size=60| nfold=22,scipac_arg_samples1_part2,brca_her2,SCIPAC
0.446416535609975,0.00589991470002843,0.994100085299971,0.553583464390025,0.989665047939235,0.446416535609975,0.61528933617186,0.688158885542169,hvg=1500| bt_size=70| nfold=10,scipac_arg_samples1_part2,brca_her2,SCIPAC
0.446416535609975,0.00589991470002843,0.994100085299971,0.553583464390025,0.989665047939235,0.446416535609975,0.61528933617186,0.688158885542169,hvg=1500| bt_size=90| nfold=18,scipac_arg_samples1_part2,brca_her2,SCIPAC
0.446416535609975,0.00589991470002843,0.994100085299971,0.553583464390025,0.989665047939235,0.446416535609975,0.61528933617186,0.688158885542169,hvg=500| bt_size=100| nfold=8,scipac_arg_samples1_part2,brca_her2,SCIPAC
0.401651314311391,0.00554449815183395,0.994455501848166,0.598348685688609,0.989210125881865,0.401651314311391,0.571325849878161,0.663309487951807,hvg=5000| bt_size=40| nfold=20,scipac_arg_samples1_part2,brca_her2,SCIPAC
0.492080431363739,0.00582883139038954,0.99417116860961,0.507919568636262,0.990727128802443,0.492080431363739,0.657559950463467,0.713698544176707,hvg=4000| bt_size=20| nfold=14,scipac_arg_samples1_part2,brca_her2,SCIPAC
0.447764547292743,0.00689508103497299,0.993104918965027,0.552235452707257,0.987978683851778,0.447764547292743,0.616240868859429,0.688472640562249,hvg=4500| bt_size=40| nfold=20,scipac_arg_samples1_part2,brca_her2,SCIPAC
0.247865648168951,0.0943986352004549,0.905601364799545,0.752134351831049,0.768681414387737,0.247865648168951,0.37485665746443,0.538183985943775,hvg=4000| bt_size=30| nfold=26,scipac_arg_samples1_part2,brca_her2,SCIPAC
0.401201977083801,0.00533124822291726,0.994668751777083,0.598798022916199,0.989609310058188,0.401201977083801,0.570937574934058,0.663152610441767,hvg=2000| bt_size=60| nfold=4,scipac_arg_samples1_part2,brca_her2,SCIPAC
0.262300606605257,0.100014216661928,0.899985783338072,0.737699393394743,0.768471285173605,0.262300606605257,0.391105900087936,0.543768825301205,hvg=1000| bt_size=80| nfold=4,scipac_arg_samples1_part2,brca_her2,SCIPAC
0.401201977083801,0.00533124822291726,0.994668751777083,0.598798022916199,0.989609310058188,0.401201977083801,0.570937574934058,0.663152610441767,hvg=1500| bt_size=70| nfold=28,scipac_arg_samples1_part2,brca_her2,SCIPAC
0.492248932824085,0.00646858117713961,0.99353141882286,0.507751067175916,0.989723320158103,0.492248932824085,0.657489028095578,0.713510291164659,hvg=3000| bt_size=40| nfold=2,scipac_arg_samples1_part2,brca_her2,SCIPAC
0.247865648168951,0.0943986352004549,0.905601364799545,0.752134351831049,0.768681414387737,0.247865648168951,0.37485665746443,0.538183985943775,hvg=1000| bt_size=50| nfold=10,scipac_arg_samples1_part2,brca_her2,SCIPAC
0.231464839361941,0.00405174864941712,0.995948251350583,0.768535160638059,0.986357108664433,0.231464839361941,0.374943135292512,0.568900602409639,n_pc=30| resolution=2.3| ela_net_alpha=0.9,scipac_arg_samples2_part1,brca_her2,SCIPAC
0.0216243540777353,0.000710833096388968,0.999289166903611,0.978375645922265,0.974683544303798,0.0216243540777353,0.042310017033903,0.453156375502008,n_pc=100| resolution=3.1| ela_net_alpha=0.4,scipac_arg_samples2_part1,brca_her2,SCIPAC
0.0424623680071894,0.00319874893375036,0.99680125106625,0.957537631992811,0.943820224719101,0.0424623680071894,0.0812684762160709,0.463698544176707,n_pc=80| resolution=2.6| ela_net_alpha=0.8,scipac_arg_samples2_part1,brca_her2,SCIPAC
0,0,1,1,0,0,0,0.441390562248996,n_pc=100| resolution=0.7| ela_net_alpha=0.2,scipac_arg_samples2_part1,brca_her2,SCIPAC
0.0293754212536509,0.00341199886266705,0.996588001137333,0.970624578746349,0.915936952714536,0.0293754212536509,0.0569251700680272,0.456293925702811,n_pc=80| resolution=1.5| ela_net_alpha=0.4,scipac_arg_samples2_part1,brca_her2,SCIPAC
0.000280835767243316,0.0947540517486494,0.905245948251351,0.999719164232757,0.00373692077727952,0.000280835767243316,0.000522411451259012,0.399723895582329,n_pc=20| resolution=3.7| ela_net_alpha=0.5,scipac_arg_samples2_part1,brca_her2,SCIPAC
0.00432487081554707,0.00241683252772249,0.997583167472277,0.995675129184453,0.693693693693694,0.00432487081554707,0.00859614847892827,0.442739708835341,n_pc=60| resolution=2.3| ela_net_alpha=0.5,scipac_arg_samples2_part1,brca_her2,SCIPAC
0.0315097730847001,0.00241683252772249,0.997583167472277,0.9684902269153,0.942857142857143,0.0315097730847001,0.0609815750856025,0.457925451807229,n_pc=60| resolution=1.2| ela_net_alpha=0.8,scipac_arg_samples2_part1,brca_her2,SCIPAC
0.000112334306897326,0.00255899914700028,0.997441000853,0.999887665693103,0.0526315789473684,0.000112334306897326,0.000224190113216007,0.440323795180723,n_pc=70| resolution=2.6| ela_net_alpha=0.3,scipac_arg_samples2_part1,brca_her2,SCIPAC
0.0231970343742979,0.000568666477111174,0.999431333522889,0.976802965625702,0.980997624703088,0.0231970343742979,0.0453223593964335,0.454097640562249,n_pc=100| resolution=2.4| ela_net_alpha=0.7,scipac_arg_samples2_part1,brca_her2,SCIPAC
0.00129184452931925,0.0435740688086437,0.956425931191356,0.998708155470681,0.0361635220125786,0.00129184452931925,0.00249457700650759,0.422879016064257,n_pc=10| resolution=3.5| ela_net_alpha=0.8,scipac_arg_samples2_part1,brca_her2,SCIPAC
0.00398786789485509,0,1,0.996012132105145,1,0.00398786789485509,0.00794405594405595,0.443618222891566,n_pc=80| resolution=0.5| ela_net_alpha=0.5,scipac_arg_samples2_part1,brca_her2,SCIPAC
0,0,1,1,0,0,0,0.441390562248996,n_pc=70| resolution=0.4| ela_net_alpha=0.4,scipac_arg_samples2_part1,brca_her2,SCIPAC
0.0314536059312514,0.00241683252772249,0.997583167472277,0.968546394068749,0.942760942760943,0.0314536059312514,0.0608761821937167,0.457894076305221,n_pc=60| resolution=1.1| ela_net_alpha=0.9,scipac_arg_samples2_part1,brca_her2,SCIPAC
0,0,1,1,0,0,0,0.441390562248996,n_pc=10| resolution=0.3| ela_net_alpha=0.8,scipac_arg_samples2_part1,brca_her2,SCIPAC
0.0465064030554932,0.00334091555302815,0.996659084446972,0.953493596944507,0.946285714285714,0.0465064030554932,0.0886557096204294,0.465894829317269,n_pc=40| resolution=1| ela_net_alpha=0.8,scipac_arg_samples2_part1,brca_her2,SCIPAC
0.0293754212536509,0.00341199886266705,0.996588001137333,0.970624578746349,0.915936952714536,0.0293754212536509,0.0569251700680272,0.456293925702811,n_pc=80| resolution=1.5| ela_net_alpha=0.4,scipac_arg_samples2_part1,brca_her2,SCIPAC
0,0,1,1,0,0,0,0.441390562248996,n_pc=100| resolution=0.7| ela_net_alpha=0.5,scipac_arg_samples2_part1,brca_her2,SCIPAC
0.231577173668839,0.00454933181688939,0.995450668183111,0.768422826331162,0.984714592787198,0.231577173668839,0.374971579282434,0.568743724899598,n_pc=30| resolution=2.6| ela_net_alpha=0.5,scipac_arg_samples2_part1,brca_her2,SCIPAC
0.00398786789485509,0,1,0.996012132105145,1,0.00398786789485509,0.00794405594405595,0.443618222891566,n_pc=90| resolution=0.4| ela_net_alpha=0.9,scipac_arg_samples2_part1,brca_her2,SCIPAC
0.00780723432936419,0.00291441569519477,0.997085584304805,0.992192765670636,0.772222222222222,0.00780723432936419,0.0154581850533808,0.444465361445783,n_pc=40| resolution=2.8| ela_net_alpha=0.4,scipac_arg_samples2_part1,brca_her2,SCIPAC
0.00410020220175242,0,1,0.995899797798248,1,0.00410020220175242,0.00816691838675393,0.443680973895582,n_pc=100| resolution=0.4| ela_net_alpha=1,scipac_arg_samples2_part1,brca_her2,SCIPAC
0.070040440350483,0.00326983224338925,0.996730167756611,0.929959559649517,0.964423820572313,0.070040440350483,0.130596428758444,0.479072540160643,n_pc=70| resolution=3.2| ela_net_alpha=0.7,scipac_arg_samples2_part1,brca_her2,SCIPAC
0.000280835767243316,0.00348308217230594,0.996516917827694,0.999719164232757,0.0925925925925926,0.000280835767243316,0.000559973121290178,0.440010040160643,n_pc=20| resolution=1.8| ela_net_alpha=1,scipac_arg_samples2_part1,brca_her2,SCIPAC
0,0,1,1,0,0,0,0.441390562248996,n_pc=40| resolution=0.1| ela_net_alpha=0.2,scipac_arg_samples2_part1,brca_her2,SCIPAC
0.0191529993259942,0.00291441569519477,0.997085584304805,0.980847000674006,0.892670157068063,0.0191529993259942,0.0375013746838227,0.450803212851406,n_pc=90| resolution=2.8| ela_net_alpha=0.2,scipac_arg_samples2_part1,brca_her2,SCIPAC
0,0,1,1,0,0,0,0.441390562248996,n_pc=90| resolution=0.9| ela_net_alpha=0.1,scipac_arg_samples2_part1,brca_her2,SCIPAC
0.00016850146034599,0.101578049473984,0.898421950526016,0.999831498539654,0.00209497206703911,0.00016850146034599,0.000311915159076731,0.396649096385542,n_pc=40| resolution=2.2| ela_net_alpha=0.2,scipac_arg_samples2_part1,brca_her2,SCIPAC
0.0426870366209841,0.00334091555302815,0.996659084446972,0.957312963379016,0.941759603469641,0.0426870366209841,0.0816721293858471,0.463761295180723,n_pc=80| resolution=1.7| ela_net_alpha=0.9,scipac_arg_samples2_part1,brca_her2,SCIPAC
0.00393170074140643,0,1,0.996068299258594,1,0.00393170074140643,0.0078326060199172,0.443586847389558,n_pc=60| resolution=0.3| ela_net_alpha=0.5,scipac_arg_samples2_part1,brca_her2,SCIPAC
0.0416198607054595,0.00291441569519477,0.997085584304805,0.958380139294541,0.947570332480819,0.0416198607054595,0.0797374367803723,0.463353413654619,n_pc=90| resolution=1.8| ela_net_alpha=0.7,scipac_arg_samples2_part1,brca_her2,SCIPAC
0,0,1,1,0,0,0,0.441390562248996,n_pc=50| resolution=0.5| ela_net_alpha=0.2,scipac_arg_samples2_part1,brca_her2,SCIPAC
0.230453830599865,0.00390958203013932,0.996090417969861,0.769546169400135,0.986772486772487,0.230453830599865,0.373645387487478,0.56839859437751,n_pc=30| resolution=1| ela_net_alpha=0.5,scipac_arg_samples2_part1,brca_her2,SCIPAC
0,0.148493033835655,0.851506966164345,1,0,0,0,0.375847138554217,n_pc=10| resolution=0.7| ela_net_alpha=0.1,scipac_arg_samples2_part1,brca_her2,SCIPAC
0.000561671534486632,0.0970287176570941,0.902971282342906,0.999438328465513,0.00727272727272727,0.000561671534486632,0.00104280723708223,0.398876757028112,n_pc=10| resolution=3.1| ela_net_alpha=0.7,scipac_arg_samples2_part1,brca_her2,SCIPAC
0.0372388227364637,0.00255899914700028,0.997441000853,0.962761177263536,0.948497854077253,0.0372388227364637,0.0716640544776523,0.461063002008032,n_pc=50| resolution=1| ela_net_alpha=1,scipac_arg_samples2_part1,brca_her2,SCIPAC
0.00410020220175242,0,1,0.995899797798248,1,0.00410020220175242,0.00816691838675393,0.443680973895582,n_pc=100| resolution=2| ela_net_alpha=1,scipac_arg_samples2_part1,brca_her2,SCIPAC
0.0192091664794428,0.000568666477111174,0.999431333522889,0.980790833520557,0.977142857142857,0.0192091664794428,0.0376776467996034,0.451869979919679,n_pc=100| resolution=1.2| ela_net_alpha=0.5,scipac_arg_samples2_part1,brca_her2,SCIPAC
0.157942035497641,0.00589991470002843,0.994100085299971,0.842057964502359,0.9713298791019,0.157942035497641,0.271703947050582,0.527014307228916,n_pc=30| resolution=3.4| ela_net_alpha=0.3,scipac_arg_samples2_part1,brca_her2,SCIPAC
0.219051898449787,0.000924083025305658,0.999075916974694,0.780948101550214,0.996677740863787,0.219051898449787,0.359165630611963,0.563347138554217,n_pc=30| resolution=0.4| ela_net_alpha=0.8,scipac_arg_samples2_part1,brca_her2,SCIPAC
0.161536733318355,0.00582883139038954,0.99417116860961,0.838463266681645,0.972278566599053,0.161536733318355,0.277044600712841,0.529053714859438,n_pc=30| resolution=3.5| ela_net_alpha=0.6,scipac_arg_samples2_part1,brca_her2,SCIPAC
0.0010671759155246,0.158302530565823,0.841697469434177,0.998932824084475,0.00845948352626892,0.0010671759155246,0.00189526184538653,0.372113453815261,n_pc=10| resolution=0.6| ela_net_alpha=0.2,scipac_arg_samples2_part1,brca_her2,SCIPAC
0.00016850146034599,0.08956497014501,0.91043502985499,0.999831498539654,0.00237529691211401,0.00016850146034599,0.000314679813289977,0.4019515562249,n_pc=100| resolution=2.3| ela_net_alpha=0.1,scipac_arg_samples2_part1,brca_her2,SCIPAC
0,0,1,1,0,0,0,0.441390562248996,n_pc=80| resolution=0.4| ela_net_alpha=0.5,scipac_arg_samples2_part1,brca_her2,SCIPAC
0.000112334306897326,0.00248791583736139,0.997512084162639,0.999887665693103,0.0540540540540541,0.000112334306897326,0.000224202679222017,0.440355170682731,n_pc=90| resolution=3| ela_net_alpha=0.1,scipac_arg_samples2_part1,brca_her2,SCIPAC
0.0762749943832847,0.00341199886266705,0.996588001137333,0.923725005616715,0.965860597439545,0.0762749943832847,0.141384695471109,0.482492469879518,n_pc=80| resolution=3.1| ela_net_alpha=0.6,scipac_arg_samples2_part1,brca_her2,SCIPAC
0.161312064704561,0.00390958203013932,0.996090417969861,0.838687935295439,0.981209429449949,0.161312064704561,0.277072982489991,0.529775351405623,n_pc=40| resolution=3.5| ela_net_alpha=1,scipac_arg_samples2_part1,brca_her2,SCIPAC
0.00376319928106044,0.0942564685811771,0.905743531418823,0.99623680071894,0.0480976310122039,0.00376319928106044,0.00698025733187477,0.401888805220884,n_pc=20| resolution=4| ela_net_alpha=0.6,scipac_arg_samples2_part1,brca_her2,SCIPAC
0.232812851044709,0.00604208131930623,0.993957918680694,0.767187148955291,0.979905437352246,0.232812851044709,0.376236725061269,0.568775100401606,n_pc=30| resolution=2.9| ela_net_alpha=0.8,scipac_arg_samples2_part1,brca_her2,SCIPAC
0.0122444394518086,0.00241683252772249,0.997583167472277,0.987755560548191,0.865079365079365,0.0122444394518086,0.0241470979175897,0.447163654618474,n_pc=60| resolution=2.5| ela_net_alpha=0.7,scipac_arg_samples2_part1,brca_her2,SCIPAC
0.026510896427769,0.00270116576627808,0.997298834233722,0.973489103572231,0.925490196078431,0.026510896427769,0.051545265916785,0.455007530120482,n_pc=60| resolution=2| ela_net_alpha=0.4,scipac_arg_samples2_part1,brca_her2,SCIPAC
0.188553134127162,0.00398066533977822,0.996019334660222,0.811446865872838,0.983592147670671,0.188553134127162,0.316444360654192,0.54496109437751,hvg=1500| bt_size=30| nfold=22,scipac_arg_samples2_part2,brca_her2,SCIPAC
0.188553134127162,0.00398066533977822,0.996019334660222,0.811446865872838,0.983592147670671,0.188553134127162,0.316444360654192,0.54496109437751,hvg=5000| bt_size=70| nfold=28,scipac_arg_samples2_part2,brca_her2,SCIPAC
0.188384632666816,0.00504691498436167,0.994953085015638,0.811615367333184,0.979270072992701,0.188384632666816,0.315982853643601,0.544396335341365,hvg=4000| bt_size=100| nfold=4,scipac_arg_samples2_part2,brca_her2,SCIPAC
0.209896652437654,0.0022746659084447,0.997725334091555,0.790103347562346,0.991509684266384,0.209896652437654,0.346451582997265,0.557636797188755,hvg=5000| bt_size=70| nfold=30,scipac_arg_samples2_part2,brca_her2,SCIPAC
0.178948550887441,0.0021324992891669,0.997867500710833,0.821051449112559,0.990671641791045,0.178948550887441,0.30313986679353,0.540411646586345,hvg=4000| bt_size=100| nfold=6,scipac_arg_samples2_part2,brca_her2,SCIPAC
0.0456638957537632,0.00326983224338925,0.996730167756611,0.954336104246237,0.946449359720605,0.0456638957537632,0.0871242565503938,0.465455572289157,hvg=1000| bt_size=70| nfold=16,scipac_arg_samples2_part2,brca_her2,SCIPAC
0.132442147831948,0.0191214102928632,0.980878589707137,0.867557852168052,0.897601827179292,0.132442147831948,0.230825706034947,0.506933985943775,hvg=3000| bt_size=70| nfold=26,scipac_arg_samples2_part2,brca_her2,SCIPAC
0.265670635812177,0.00575774808075064,0.994242251919249,0.734329364187823,0.983163583454583,0.265670635812177,0.418306433782887,0.587255271084337,hvg=3000| bt_size=50| nfold=18,scipac_arg_samples2_part2,brca_her2,SCIPAC
0.21090766119973,0.00241683252772249,0.997583167472277,0.78909233880027,0.991026656109791,0.21090766119973,0.347797897466772,0.558138805220884,hvg=3500| bt_size=70| nfold=18,scipac_arg_samples2_part2,brca_her2,SCIPAC
0.212087171422152,0.00689508103497299,0.993104918965027,0.787912828577848,0.974954815388588,0.212087171422152,0.348387692023804,0.556821034136546,hvg=5000| bt_size=100| nfold=24,scipac_arg_samples2_part2,brca_her2,SCIPAC
0.100595371826556,0.00291441569519477,0.997085584304805,0.899404628173444,0.977620087336244,0.100595371826556,0.182420044815645,0.496297690763052,hvg=500| bt_size=80| nfold=24,scipac_arg_samples2_part2,brca_her2,SCIPAC
0.347450011233431,0.00575774808075064,0.994242251919249,0.652549988766569,0.987075155576831,0.347450011233431,0.513979477379419,0.632938002008032,hvg=4000| bt_size=30| nfold=24,scipac_arg_samples2_part2,brca_her2,SCIPAC
0.0902044484385531,0.00291441569519477,0.997085584304805,0.909795551561447,0.975106253794778,0.0902044484385531,0.165132898051514,0.490493222891566,hvg=3500| bt_size=50| nfold=8,scipac_arg_samples2_part2,brca_her2,SCIPAC
0.0902044484385531,0.00291441569519477,0.997085584304805,0.909795551561447,0.975106253794778,0.0902044484385531,0.165132898051514,0.490493222891566,hvg=3000| bt_size=40| nfold=16,scipac_arg_samples2_part2,brca_her2,SCIPAC
0.21090766119973,0.00241683252772249,0.997583167472277,0.78909233880027,0.991026656109791,0.21090766119973,0.347797897466772,0.558138805220884,hvg=500| bt_size=90| nfold=28,scipac_arg_samples2_part2,brca_her2,SCIPAC
0.41260390923388,0.00725049758316747,0.992749502416833,0.58739609076612,0.986305048335124,0.41260390923388,0.581815301758277,0.668674698795181,hvg=2000| bt_size=10| nfold=4,scipac_arg_samples2_part2,brca_her2,SCIPAC
0.410413390249382,0.0044071651976116,0.995592834802388,0.589586609750618,0.991586375356222,0.410413390249382,0.580542644897311,0.668706074297189,hvg=4000| bt_size=30| nfold=8,scipac_arg_samples2_part2,brca_her2,SCIPAC
0.21090766119973,0.00241683252772249,0.997583167472277,0.78909233880027,0.991026656109791,0.21090766119973,0.347797897466772,0.558138805220884,hvg=5000| bt_size=100| nfold=10,scipac_arg_samples2_part2,brca_her2,SCIPAC
0.235396540103348,0.00241683252772249,0.997583167472277,0.764603459896653,0.991952662721894,0.235396540103348,0.380498433882609,0.571818524096386,hvg=1500| bt_size=70| nfold=10,scipac_arg_samples2_part2,brca_her2,SCIPAC
0.235396540103348,0.00241683252772249,0.997583167472277,0.764603459896653,0.991952662721894,0.235396540103348,0.380498433882609,0.571818524096386,hvg=4500| bt_size=100| nfold=30,scipac_arg_samples2_part2,brca_her2,SCIPAC
0.410413390249382,0.0044071651976116,0.995592834802388,0.589586609750618,0.991586375356222,0.410413390249382,0.580542644897311,0.668706074297189,hvg=2000| bt_size=100| nfold=26,scipac_arg_samples2_part2,brca_her2,SCIPAC
0.237699393394743,0.00490474836508388,0.995095251634916,0.762300606605257,0.983957219251337,0.237699393394743,0.382899796426148,0.572006777108434,hvg=5000| bt_size=70| nfold=16,scipac_arg_samples2_part2,brca_her2,SCIPAC
0.0116266007638733,0.00462041512652829,0.995379584873472,0.988373399236127,0.761029411764706,0.0116266007638733,0.0229032971896437,0.445845883534137,hvg=3500| bt_size=40| nfold=22,scipac_arg_samples2_part2,brca_her2,SCIPAC
0.100595371826556,0.00291441569519477,0.997085584304805,0.899404628173444,0.977620087336244,0.100595371826556,0.182420044815645,0.496297690763052,hvg=1000| bt_size=100| nfold=6,scipac_arg_samples2_part2,brca_her2,SCIPAC
0.265670635812177,0.00575774808075064,0.994242251919249,0.734329364187823,0.983163583454583,0.265670635812177,0.418306433782887,0.587255271084337,hvg=2000| bt_size=40| nfold=14,scipac_arg_samples2_part2,brca_her2,SCIPAC
0.178948550887441,0.0021324992891669,0.997867500710833,0.821051449112559,0.990671641791045,0.178948550887441,0.30313986679353,0.540411646586345,hvg=4500| bt_size=90| nfold=24,scipac_arg_samples2_part2,brca_her2,SCIPAC
0.0598180184228263,0.00483366505544498,0.995166334944555,0.940181981577174,0.939982347749338,0.0598180184228263,0.11247821724666,0.472671937751004,hvg=4500| bt_size=20| nfold=16,scipac_arg_samples2_part2,brca_her2,SCIPAC
0.212087171422152,0.00689508103497299,0.993104918965027,0.787912828577848,0.974954815388588,0.212087171422152,0.348387692023804,0.556821034136546,hvg=2000| bt_size=80| nfold=30,scipac_arg_samples2_part2,brca_her2,SCIPAC
0.070545944731521,0.00248791583736139,0.997512084162639,0.929454055268479,0.972889233152595,0.070545944731521,0.131552762503273,0.479700050200803,hvg=4000| bt_size=100| nfold=10,scipac_arg_samples2_part2,brca_her2,SCIPAC
0.219164232756684,0.00426499857833381,0.995735001421666,0.780835767243316,0.984856133266027,0.219164232756684,0.358540843517413,0.561935240963855,hvg=3000| bt_size=10| nfold=8,scipac_arg_samples2_part2,brca_her2,SCIPAC
0.265670635812177,0.00575774808075064,0.994242251919249,0.734329364187823,0.983163583454583,0.265670635812177,0.418306433782887,0.587255271084337,hvg=4500| bt_size=90| nfold=28,scipac_arg_samples2_part2,brca_her2,SCIPAC
0.209896652437654,0.0022746659084447,0.997725334091555,0.790103347562346,0.991509684266384,0.209896652437654,0.346451582997265,0.557636797188755,hvg=2500| bt_size=60| nfold=18,scipac_arg_samples2_part2,brca_her2,SCIPAC
0.026510896427769,0.00270116576627808,0.997298834233722,0.973489103572231,0.925490196078431,0.026510896427769,0.051545265916785,0.455007530120482,hvg=1500| bt_size=70| nfold=28,scipac_arg_samples2_part2,brca_her2,SCIPAC
0.000112334306897326,0.00270116576627808,0.997298834233722,0.999887665693103,0.05,0.000112334306897326,0.000224164985429276,0.440261044176707,hvg=500| bt_size=10| nfold=16,scipac_arg_samples2_part2,brca_her2,SCIPAC
0.215176364861829,0.00753483082172306,0.992465169178277,0.784823635138171,0.973075946151892,0.215176364861829,0.352421691734511,0.558264307228916,hvg=500| bt_size=30| nfold=26,scipac_arg_samples2_part2,brca_her2,SCIPAC
0.100595371826556,0.00291441569519477,0.997085584304805,0.899404628173444,0.977620087336244,0.100595371826556,0.182420044815645,0.496297690763052,hvg=2500| bt_size=20| nfold=16,scipac_arg_samples2_part2,brca_her2,SCIPAC
0.123848573354302,0.00270116576627808,0.997298834233722,0.876151426645698,0.983058403923317,0.123848573354302,0.219983039856338,0.509381275100402,hvg=5000| bt_size=50| nfold=8,scipac_arg_samples2_part2,brca_her2,SCIPAC
0.026510896427769,0.00270116576627808,0.997298834233722,0.973489103572231,0.925490196078431,0.026510896427769,0.051545265916785,0.455007530120482,hvg=5000| bt_size=100| nfold=10,scipac_arg_samples2_part2,brca_her2,SCIPAC
0.0691417658953044,0.00483366505544498,0.995166334944555,0.930858234104696,0.947652040030793,0.0691417658953044,0.128880280584201,0.477880271084337,hvg=1500| bt_size=60| nfold=22,scipac_arg_samples2_part2,brca_her2,SCIPAC
0.265670635812177,0.00575774808075064,0.994242251919249,0.734329364187823,0.983163583454583,0.265670635812177,0.418306433782887,0.587255271084337,hvg=1500| bt_size=70| nfold=10,scipac_arg_samples2_part2,brca_her2,SCIPAC
0.265670635812177,0.00575774808075064,0.994242251919249,0.734329364187823,0.983163583454583,0.265670635812177,0.418306433782887,0.587255271084337,hvg=1500| bt_size=90| nfold=18,scipac_arg_samples2_part2,brca_her2,SCIPAC
0.130420130307796,0.00362524879158374,0.996374751208416,0.869579869692204,0.978508217446271,0.130420130307796,0.230163056946028,0.512644327309237,hvg=500| bt_size=100| nfold=8,scipac_arg_samples2_part2,brca_her2,SCIPAC
0.235396540103348,0.00241683252772249,0.997583167472277,0.764603459896653,0.991952662721894,0.235396540103348,0.380498433882609,0.571818524096386,hvg=5000| bt_size=40| nfold=20,scipac_arg_samples2_part2,brca_her2,SCIPAC
0.244046281734442,0.00760591413136196,0.992394085868638,0.755953718265558,0.97596585804133,0.244046281734442,0.390456506110712,0.574359939759036,hvg=4000| bt_size=20| nfold=14,scipac_arg_samples2_part2,brca_her2,SCIPAC
0.212087171422152,0.00689508103497299,0.993104918965027,0.787912828577848,0.974954815388588,0.212087171422152,0.348387692023804,0.556821034136546,hvg=4500| bt_size=40| nfold=20,scipac_arg_samples2_part2,brca_her2,SCIPAC
0.0341496292967872,0.00270116576627808,0.997298834233722,0.965850370703213,0.941176470588235,0.0341496292967872,0.0659078590785908,0.459274598393574,hvg=4000| bt_size=30| nfold=26,scipac_arg_samples2_part2,brca_her2,SCIPAC
0.219164232756684,0.00426499857833381,0.995735001421666,0.780835767243316,0.984856133266027,0.219164232756684,0.358540843517413,0.561935240963855,hvg=2000| bt_size=60| nfold=4,scipac_arg_samples2_part2,brca_her2,SCIPAC
0.132442147831948,0.00156383281205573,0.998436167187944,0.867557852168052,0.990756302521008,0.132442147831948,0.233650416171225,0.514683734939759,hvg=1000| bt_size=80| nfold=4,scipac_arg_samples2_part2,brca_her2,SCIPAC
0.0402156818692429,0.00270116576627808,0.997298834233722,0.959784318130757,0.949602122015915,0.0402156818692429,0.0771634874447678,0.462663152610442,hvg=1500| bt_size=70| nfold=28,scipac_arg_samples2_part2,brca_her2,SCIPAC
0.130420130307796,0.00362524879158374,0.996374751208416,0.869579869692204,0.978508217446271,0.130420130307796,0.230163056946028,0.512644327309237,hvg=3000| bt_size=40| nfold=2,scipac_arg_samples2_part2,brca_her2,SCIPAC
0.026510896427769,0.00270116576627808,0.997298834233722,0.973489103572231,0.925490196078431,0.026510896427769,0.051545265916785,0.455007530120482,hvg=1000| bt_size=50| nfold=10,scipac_arg_samples2_part2,brca_her2,SCIPAC
0.0304987643226241,0.0246659084446972,0.975334091555303,0.969501235677376,0.610112359550562,0.0304987643226241,0.058093505937734,0.44754016064257,alpha=0.5| cutoff=0.05,scissor_arg_samples1,brca_her2,scissor
0.0631318804762975,0.0502558999147,0.9497441000853,0.936868119523703,0.613872200983069,0.0631318804762975,0.114489432136491,0.454474146586345,alpha=0.25| cutoff=0.1,scissor_arg_samples1,brca_her2,scissor
0.106773758705909,0.0849445550184817,0.915055444981518,0.893226241294091,0.614018087855297,0.106773758705909,0.181913875598086,0.463541666666667,alpha=0.15| cutoff=0.15,scissor_arg_samples1,brca_her2,scissor
0.106773758705909,0.0849445550184817,0.915055444981518,0.893226241294091,0.614018087855297,0.106773758705909,0.181913875598086,0.463541666666667,alpha=0.1| cutoff=0.2,scissor_arg_samples1,brca_her2,scissor
0.16344641653561,0.124751208416264,0.875248791583736,0.83655358346439,0.62379421221865,0.16344641653561,0.25902354354889,0.477629267068273,alpha=0.05| cutoff=0.25,scissor_arg_samples1,brca_her2,scissor
0.16344641653561,0.124751208416264,0.875248791583736,0.83655358346439,0.62379421221865,0.16344641653561,0.25902354354889,0.477629267068273,alpha=0.05| cutoff=0.3,scissor_arg_samples1,brca_her2,scissor
0.16344641653561,0.124751208416264,0.875248791583736,0.83655358346439,0.62379421221865,0.16344641653561,0.25902354354889,0.477629267068273,alpha=0.05| cutoff=0.35,scissor_arg_samples1,brca_her2,scissor
0.16344641653561,0.124751208416264,0.875248791583736,0.83655358346439,0.62379421221865,0.16344641653561,0.25902354354889,0.477629267068273,alpha=0.05| cutoff=0.4,scissor_arg_samples1,brca_her2,scissor
0.16344641653561,0.124751208416264,0.875248791583736,0.83655358346439,0.62379421221865,0.16344641653561,0.25902354354889,0.477629267068273,alpha=0.05| cutoff=0.45,scissor_arg_samples1,brca_her2,scissor
0.16344641653561,0.124751208416264,0.875248791583736,0.83655358346439,0.62379421221865,0.16344641653561,0.25902354354889,0.477629267068273,alpha=0.05| cutoff=0.5,scissor_arg_samples1,brca_her2,scissor
0.0327454504605707,0.0238129087290304,0.97618709127097,0.967254549539429,0.635076252723312,0.0327454504605707,0.0622796709753232,0.449171686746988,alpha=0.55| cutoff=0.05,scissor_arg_samples2,brca_her2,scissor
0.0604358571107616,0.0405174864941712,0.959482513505829,0.939564142889238,0.653705953827461,0.0604358571107616,0.110642673521851,0.45726656626506,alpha=0.35| cutoff=0.1,scissor_arg_samples2,brca_her2,scissor
0.10042687036621,0.0690929769690077,0.930907023030992,0.89957312963379,0.647826086956522,0.10042687036621,0.173896129157751,0.46699297188755,alpha=0.2| cutoff=0.15,scissor_arg_samples2,brca_her2,scissor
0.126769265333633,0.0841626386124538,0.915837361387546,0.873230734666367,0.655913978494624,0.126769265333633,0.212473523181925,0.475056475903615,alpha=0.15| cutoff=0.2,scissor_arg_samples2,brca_her2,scissor
0.16344641653561,0.108117713960762,0.891882286039238,0.83655358346439,0.656736628300609,0.16344641653561,0.261749494040926,0.484971134538153,alpha=0.1| cutoff=0.25,scissor_arg_samples2,brca_her2,scissor
0.16344641653561,0.108117713960762,0.891882286039238,0.83655358346439,0.656736628300609,0.16344641653561,0.261749494040926,0.484971134538153,alpha=0.1| cutoff=0.3,scissor_arg_samples2,brca_her2,scissor
0.225904291170524,0.148777367074211,0.851222632925789,0.774095708829477,0.65772690106296,0.225904291170524,0.336301684853046,0.50191390562249,alpha=0.05| cutoff=0.35,scissor_arg_samples2,brca_her2,scissor
0.225904291170524,0.148777367074211,0.851222632925789,0.774095708829477,0.65772690106296,0.225904291170524,0.336301684853046,0.50191390562249,alpha=0.05| cutoff=0.4,scissor_arg_samples2,brca_her2,scissor
0.225904291170524,0.148777367074211,0.851222632925789,0.774095708829477,0.65772690106296,0.225904291170524,0.336301684853046,0.50191390562249,alpha=0.05| cutoff=0.45,scissor_arg_samples2,brca_her2,scissor
0.225904291170524,0.148777367074211,0.851222632925789,0.774095708829477,0.65772690106296,0.225904291170524,0.336301684853046,0.50191390562249,alpha=0.05| cutoff=0.5,scissor_arg_samples2,brca_her2,scissor
0.00016850146034599,0.000426499857833381,0.999573500142167,0.999831498539654,0.333333333333333,0.00016850146034599,0.00033683265031157,0.441296435742972,nfeature=3500| imputation=KNN| independent=FALSE,scpas_arg_samples1,brca_her2,scPAS
0.00016850146034599,0.0263008245663918,0.973699175433608,0.999831498539654,0.00804289544235925,0.00016850146034599,0.000330087473180393,0.429875753012048,nfeature=1900| imputation=None| independent=FALSE,scpas_arg_samples1,brca_her2,scPAS
0.000393170074140643,0.0265140744953085,0.973485925504692,0.999606829925859,0.0184210526315789,0.000393170074140643,0.00076990761108667,0.429907128514056,nfeature=1800| imputation=None| independent=TRUE,scpas_arg_samples1,brca_her2,scPAS
0,0,1,1,0,0,0,0.441390562248996,nfeature=700| imputation=ALRA| independent=FALSE,scpas_arg_samples1,brca_her2,scPAS
0.00909907885868344,0.00789024736991754,0.992109752630082,0.990900921141317,0.593406593406593,0.00909907885868344,0.0179233279858384,0.442990712851406,nfeature=4600| imputation=None| independent=TRUE,scpas_arg_samples1,brca_her2,scPAS
0.0342057964502359,0.000924083025305658,0.999075916974694,0.965794203549764,0.979099678456592,0.0342057964502359,0.0661022468251384,0.460090361445783,nfeature=4700| imputation=KNN| independent=TRUE,scpas_arg_samples1,brca_her2,scPAS
0.00584138395866098,0.00717941427352858,0.992820585726471,0.994158616041339,0.507317073170732,0.00584138395866098,0.0115497806652229,0.44148468875502,nfeature=4100| imputation=None| independent=TRUE,scpas_arg_samples1,brca_her2,scPAS
5.61671534486632e-05,0.0244526585157805,0.975547341484219,0.999943832846551,0.00289855072463768,5.61671534486632e-05,0.000110198909030801,0.430628765060241,nfeature=1800| imputation=ALRA| independent=TRUE,scpas_arg_samples1,brca_her2,scPAS
0.0159514715794204,0.0117998294000569,0.988200170599943,0.98404852842058,0.631111111111111,0.0159514715794204,0.0311164676235346,0.445092871485944,nfeature=2900| imputation=None| independent=TRUE,scpas_arg_samples1,brca_her2,scPAS
0.00398786789485509,0.00184816605061132,0.998151833949389,0.996012132105145,0.731958762886598,0.00398786789485509,0.00793251773643931,0.442802459839357,nfeature=3000| imputation=ALRA| independent=TRUE,scpas_arg_samples1,brca_her2,scPAS
0.0239272073691305,0.00348308217230594,0.996516917827694,0.976072792630869,0.896842105263158,0.0239272073691305,0.0466108649269654,0.453219126506024,nfeature=3100| imputation=KNN| independent=TRUE,scpas_arg_samples1,brca_her2,scPAS
0,0.0137190787603071,0.986280921239693,1,0,0,0,0.435335090361446,nfeature=900| imputation=ALRA| independent=FALSE,scpas_arg_samples1,brca_her2,scPAS
0.0239272073691305,0.00348308217230594,0.996516917827694,0.976072792630869,0.896842105263158,0.0239272073691305,0.0466108649269654,0.453219126506024,nfeature=3100| imputation=KNN| independent=TRUE,scpas_arg_samples1,brca_her2,scPAS
0.0238710402156819,0.00334091555302815,0.996659084446972,0.976128959784318,0.900423728813559,0.0238710402156819,0.0465090829503174,0.453250502008032,nfeature=3200| imputation=KNN| independent=TRUE,scpas_arg_samples1,brca_her2,scPAS
0,7.10833096388968e-05,0.999928916690361,1,0,0,0,0.441359186746988,nfeature=1300| imputation=ALRA| independent=TRUE,scpas_arg_samples1,brca_her2,scPAS
0.00112334306897326,0.00398066533977822,0.996019334660222,0.998876656931027,0.263157894736842,0.00112334306897326,0.00223713646532438,0.440261044176707,nfeature=3300| imputation=KNN| independent=FALSE,scpas_arg_samples1,brca_her2,scPAS
0.0122444394518086,0.000355416548194484,0.999644583451806,0.987755560548191,0.977578475336323,0.0122444394518086,0.0241859433072613,0.448073544176707,nfeature=3900| imputation=KNN| independent=TRUE,scpas_arg_samples1,brca_her2,scPAS
0,0.0142877452374183,0.985712254762582,1,0,0,0,0.435084086345382,nfeature=1200| imputation=ALRA| independent=TRUE,scpas_arg_samples1,brca_her2,scPAS
0.00370703212761177,0.00163491612169463,0.998365083878305,0.996292967872388,0.741573033707865,0.00370703212761177,0.00737718660928855,0.442739708835341,nfeature=3000| imputation=ALRA| independent=TRUE,scpas_arg_samples1,brca_her2,scPAS
0.00179734891035722,0.0226755757748081,0.977324424225192,0.998202651089643,0.0911680911680912,0.00179734891035722,0.00352519966951253,0.432385793172691,nfeature=1100| imputation=None| independent=FALSE,scpas_arg_samples1,brca_her2,scPAS
0.0302740957088295,0.000924083025305658,0.999075916974694,0.969725904291171,0.976449275362319,0.0302740957088295,0.0587273915885814,0.457894076305221,nfeature=4600| imputation=KNN| independent=TRUE,scpas_arg_samples1,brca_her2,scPAS
0,7.10833096388968e-05,0.999928916690361,1,0,0,0,0.441359186746988,nfeature=1300| imputation=KNN| independent=TRUE,scpas_arg_samples1,brca_her2,scPAS
5.61671534486632e-05,0.00973841342052886,0.990261586579471,0.999943832846551,0.0072463768115942,5.61671534486632e-05,0.000111470293166871,0.437123493975904,nfeature=2300| imputation=None| independent=FALSE,scpas_arg_samples1,brca_her2,scPAS
0.00915524601213211,0.000284333238555587,0.999715666761444,0.990844753987868,0.976047904191617,0.00915524601213211,0.0181403372099494,0.446379267068273,nfeature=4000| imputation=KNN| independent=TRUE,scpas_arg_samples1,brca_her2,scPAS
0.000280835767243316,0.0281489906170031,0.971851009382997,0.999719164232757,0.0124688279301746,0.000280835767243316,0.000549299642955232,0.429122740963855,nfeature=1800| imputation=None| independent=FALSE,scpas_arg_samples1,brca_her2,scPAS
0,0.0112311629229457,0.988768837077054,1,0,0,0,0.436433232931727,nfeature=2100| imputation=None| independent=TRUE,scpas_arg_samples1,brca_her2,scPAS
5.61671534486632e-05,0.000284333238555587,0.999715666761444,0.999943832846551,0.2,5.61671534486632e-05,0.000112302768263238,0.441296435742972,nfeature=4700| imputation=KNN| independent=FALSE,scpas_arg_samples1,brca_her2,scPAS
0,0,1,1,0,0,0,0.441390562248996,nfeature=4300| imputation=ALRA| independent=FALSE,scpas_arg_samples1,brca_her2,scPAS
5.61671534486632e-05,0.0349729883423372,0.965027011657663,0.999943832846551,0.00202839756592292,5.61671534486632e-05,0.000109307536754659,0.425985190763052,nfeature=1600| imputation=ALRA| independent=FALSE,scpas_arg_samples1,brca_her2,scPAS
0.00016850146034599,0.0263008245663918,0.973699175433608,0.999831498539654,0.00804289544235925,0.00016850146034599,0.000330087473180393,0.429875753012048,nfeature=1900| imputation=None| independent=FALSE,scpas_arg_samples1,brca_her2,scPAS
5.61671534486632e-05,0.000426499857833381,0.999573500142167,0.999943832846551,0.142857142857143,5.61671534486632e-05,0.000112290157767672,0.441233684738956,nfeature=3600| imputation=KNN| independent=FALSE,scpas_arg_samples1,brca_her2,scPAS
0.00342619636036846,0.00732158089280637,0.992678419107194,0.996573803639632,0.371951219512195,0.00342619636036846,0.00678984861976848,0.440072791164659,nfeature=4600| imputation=None| independent=FALSE,scpas_arg_samples1,brca_her2,scPAS
5.61671534486632e-05,0.000284333238555587,0.999715666761444,0.999943832846551,0.2,5.61671534486632e-05,0.000112302768263238,0.441296435742972,nfeature=4900| imputation=KNN| independent=FALSE,scpas_arg_samples1,brca_her2,scPAS
0.00314536059312514,0.0262297412567529,0.973770258743247,0.996854639406875,0.131764705882353,0.00314536059312514,0.00614405617422788,0.431570030120482,nfeature=1100| imputation=None| independent=TRUE,scpas_arg_samples1,brca_her2,scPAS
0,0.000142166619277794,0.999857833380722,1,0,0,0,0.44132781124498,nfeature=1300| imputation=ALRA| independent=TRUE,scpas_arg_samples1,brca_her2,scPAS
0.000505504381037969,7.10833096388968e-05,0.999928916690361,0.999494495618962,0.9,0.000505504381037969,0.00101044122600202,0.44164156626506,nfeature=4500| imputation=ALRA| independent=TRUE,scpas_arg_samples1,brca_her2,scPAS
0.000337002920691979,0.109894796701734,0.890105203298266,0.999662997079308,0.0038659793814433,0.000337002920691979,0.000619962802231866,0.393072289156627,nfeature=1400| imputation=KNN| independent=FALSE,scpas_arg_samples1,brca_her2,scPAS
0.00730172994832622,0.00277224907591697,0.997227750924083,0.992698270051674,0.769230769230769,0.00730172994832622,0.0144661436599343,0.444245732931727,nfeature=2700| imputation=ALRA| independent=TRUE,scpas_arg_samples1,brca_her2,scPAS
0.00718939564142889,0.0122974125675291,0.987702587432471,0.992810604358571,0.425249169435216,0.00718939564142889,0.0141397404032035,0.439978664658635,nfeature=3100| imputation=None| independent=FALSE,scpas_arg_samples1,brca_her2,scPAS
0,0.00945408018197327,0.990545919818027,1,0,0,0,0.437217620481928,nfeature=1100| imputation=KNN| independent=FALSE,scpas_arg_samples1,brca_her2,scPAS
0.0239272073691305,0.00348308217230594,0.996516917827694,0.976072792630869,0.896842105263158,0.0239272073691305,0.0466108649269654,0.453219126506024,nfeature=3100| imputation=KNN| independent=TRUE,scpas_arg_samples1,brca_her2,scPAS
0,0,1,1,0,0,0,0.441390562248996,nfeature=3600| imputation=ALRA| independent=FALSE,scpas_arg_samples1,brca_her2,scPAS
0.015839137272523,0.000497583167472278,0.999502416832528,0.984160862727477,0.975778546712803,0.015839137272523,0.0311722765710496,0.450018825301205,nfeature=4200| imputation=KNN| independent=TRUE,scpas_arg_samples1,brca_her2,scPAS
0.0159514715794204,0.0117998294000569,0.988200170599943,0.98404852842058,0.631111111111111,0.0159514715794204,0.0311164676235346,0.445092871485944,nfeature=2900| imputation=None| independent=TRUE,scpas_arg_samples1,brca_her2,scPAS
0.00629072118625028,0.000852999715666761,0.999147000284333,0.99370927881375,0.903225806451613,0.00629072118625028,0.0124944221329764,0.444528112449799,nfeature=3800| imputation=ALRA| independent=TRUE,scpas_arg_samples1,brca_her2,scPAS
0.0419006964727028,0.00263008245663918,0.997369917543361,0.958099303527297,0.952745849297573,0.0419006964727028,0.0802711572604509,0.463635793172691,nfeature=3300| imputation=ALRA| independent=TRUE,scpas_arg_samples1,brca_her2,scPAS
0.000112334306897326,0.0253056582314473,0.974694341768553,0.999887665693103,0.00558659217877095,0.000112334306897326,0.000220240061667217,0.430283634538153,nfeature=900| imputation=ALRA| independent=FALSE,scpas_arg_samples1,brca_her2,scPAS
0,0.00973841342052886,0.990261586579471,1,0,0,0,0.437092118473896,nfeature=1200| imputation=KNN| independent=FALSE,scpas_arg_samples1,brca_her2,scPAS
0.00016850146034599,0.0560847313050896,0.94391526869491,0.999831498539654,0.00378787878787879,0.00016850146034599,0.000322650032265003,0.416729417670683,nfeature=1600| imputation=KNN| independent=FALSE,scpas_arg_samples1,brca_her2,scPAS
0.000224668613794653,0.042010235996588,0.957989764003412,0.999775331386205,0.00672268907563025,0.000224668613794653,0.000434806239469536,0.422973142570281,nfeature=1700| imputation=ALRA| independent=TRUE,scpas_arg_samples1,brca_her2,scPAS
0.000112334306897326,0.0198322433892522,0.980167756610748,0.999887665693103,0.00711743772241993,0.000112334306897326,0.000221177771633951,0.432699548192771,nfeature=2000| imputation=None| independent=TRUE,scpas_arg_samples1,brca_her2,scPAS
0,0,1,1,0,0,0,0.441390562248996,nfeature=700| imputation=KNN| independent=TRUE,scpas_arg_samples2,brca_her2,scPAS
0,0,1,1,0,0,0,0.441390562248996,nfeature=2500| imputation=ALRA| independent=TRUE,scpas_arg_samples2,brca_her2,scPAS
0,0,1,1,0,0,0,0.441390562248996,nfeature=2700| imputation=ALRA| independent=FALSE,scpas_arg_samples2,brca_her2,scPAS
0,0,1,1,0,0,0,0.441390562248996,nfeature=1300| imputation=KNN| independent=TRUE,scpas_arg_samples2,brca_her2,scPAS
0,0,1,1,0,0,0,0.441390562248996,nfeature=800| imputation=ALRA| independent=FALSE,scpas_arg_samples2,brca_her2,scPAS
0,0,1,1,0,0,0,0.441390562248996,nfeature=800| imputation=ALRA| independent=FALSE,scpas_arg_samples2,brca_her2,scPAS
0,0,1,1,0,0,0,0.441390562248996,nfeature=4200| imputation=None| independent=FALSE,scpas_arg_samples2,brca_her2,scPAS
0,0,1,1,0,0,0,0.441390562248996,nfeature=4900| imputation=None| independent=TRUE,scpas_arg_samples2,brca_her2,scPAS
0,0,1,1,0,0,0,0.441390562248996,nfeature=2700| imputation=ALRA| independent=FALSE,scpas_arg_samples2,brca_her2,scPAS
0,0,1,1,0,0,0,0.441390562248996,nfeature=1900| imputation=None| independent=FALSE,scpas_arg_samples2,brca_her2,scPAS
0,0,1,1,0,0,0,0.441390562248996,nfeature=3600| imputation=None| independent=TRUE,scpas_arg_samples2,brca_her2,scPAS
0,0,1,1,0,0,0,0.441390562248996,nfeature=2600| imputation=ALRA| independent=TRUE,scpas_arg_samples2,brca_her2,scPAS
0,0,1,1,0,0,0,0.441390562248996,nfeature=1700| imputation=ALRA| independent=TRUE,scpas_arg_samples2,brca_her2,scPAS
0,0,1,1,0,0,0,0.441390562248996,nfeature=3900| imputation=None| independent=TRUE,scpas_arg_samples2,brca_her2,scPAS
0,0,1,1,0,0,0,0.441390562248996,nfeature=2500| imputation=KNN| independent=TRUE,scpas_arg_samples2,brca_her2,scPAS
0,0,1,1,0,0,0,0.441390562248996,nfeature=1000| imputation=None| independent=FALSE,scpas_arg_samples2,brca_her2,scPAS
0,0,1,1,0,0,0,0.441390562248996,nfeature=1800| imputation=None| independent=TRUE,scpas_arg_samples2,brca_her2,scPAS
0,0,1,1,0,0,0,0.441390562248996,nfeature=2800| imputation=None| independent=TRUE,scpas_arg_samples2,brca_her2,scPAS
0,0,1,1,0,0,0,0.441390562248996,nfeature=500| imputation=KNN| independent=TRUE,scpas_arg_samples2,brca_her2,scPAS
0,0,1,1,0,0,0,0.441390562248996,nfeature=3500| imputation=KNN| independent=TRUE,scpas_arg_samples2,brca_her2,scPAS
0,0,1,1,0,0,0,0.441390562248996,nfeature=800| imputation=KNN| independent=FALSE,scpas_arg_samples2,brca_her2,scPAS
0,0,1,1,0,0,0,0.441390562248996,nfeature=2200| imputation=None| independent=TRUE,scpas_arg_samples2,brca_her2,scPAS
0,0,1,1,0,0,0,0.441390562248996,nfeature=800| imputation=None| independent=FALSE,scpas_arg_samples2,brca_her2,scPAS
0,0,1,1,0,0,0,0.441390562248996,nfeature=1700| imputation=KNN| independent=FALSE,scpas_arg_samples2,brca_her2,scPAS
0,0,1,1,0,0,0,0.441390562248996,nfeature=3000| imputation=ALRA| independent=TRUE,scpas_arg_samples2,brca_her2,scPAS
0,0,1,1,0,0,0,0.441390562248996,nfeature=4800| imputation=KNN| independent=TRUE,scpas_arg_samples2,brca_her2,scPAS
0,0,1,1,0,0,0,0.441390562248996,nfeature=1500| imputation=KNN| independent=FALSE,scpas_arg_samples2,brca_her2,scPAS
0,0,1,1,0,0,0,0.441390562248996,nfeature=1300| imputation=None| independent=TRUE,scpas_arg_samples2,brca_her2,scPAS
0,0,1,1,0,0,0,0.441390562248996,nfeature=3400| imputation=ALRA| independent=TRUE,scpas_arg_samples2,brca_her2,scPAS
0,0,1,1,0,0,0,0.441390562248996,nfeature=5000| imputation=ALRA| independent=FALSE,scpas_arg_samples2,brca_her2,scPAS
0,0,1,1,0,0,0,0.441390562248996,nfeature=4100| imputation=None| independent=FALSE,scpas_arg_samples2,brca_her2,scPAS
0,0,1,1,0,0,0,0.441390562248996,nfeature=1200| imputation=ALRA| independent=FALSE,scpas_arg_samples2,brca_her2,scPAS
0,0,1,1,0,0,0,0.441390562248996,nfeature=2200| imputation=None| independent=TRUE,scpas_arg_samples2,brca_her2,scPAS
0,0,1,1,0,0,0,0.441390562248996,nfeature=2800| imputation=ALRA| independent=FALSE,scpas_arg_samples2,brca_her2,scPAS
0,0,1,1,0,0,0,0.441390562248996,nfeature=1300| imputation=ALRA| independent=TRUE,scpas_arg_samples2,brca_her2,scPAS
0,0,1,1,0,0,0,0.441390562248996,nfeature=1400| imputation=None| independent=FALSE,scpas_arg_samples2,brca_her2,scPAS
0,0,1,1,0,0,0,0.441390562248996,nfeature=1400| imputation=KNN| independent=TRUE,scpas_arg_samples2,brca_her2,scPAS
0,0,1,1,0,0,0,0.441390562248996,nfeature=1100| imputation=KNN| independent=FALSE,scpas_arg_samples2,brca_her2,scPAS
0,0,1,1,0,0,0,0.441390562248996,nfeature=2000| imputation=None| independent=FALSE,scpas_arg_samples2,brca_her2,scPAS
0,0,1,1,0,0,0,0.441390562248996,nfeature=900| imputation=None| independent=TRUE,scpas_arg_samples2,brca_her2,scPAS
0,0,1,1,0,0,0,0.441390562248996,nfeature=3900| imputation=KNN| independent=FALSE,scpas_arg_samples2,brca_her2,scPAS
0,0,1,1,0,0,0,0.441390562248996,nfeature=4900| imputation=None| independent=FALSE,scpas_arg_samples2,brca_her2,scPAS
0,0,1,1,0,0,0,0.441390562248996,nfeature=4600| imputation=ALRA| independent=TRUE,scpas_arg_samples2,brca_her2,scPAS
0,0,1,1,0,0,0,0.441390562248996,nfeature=1700| imputation=KNN| independent=TRUE,scpas_arg_samples2,brca_her2,scPAS
0,0,1,1,0,0,0,0.441390562248996,nfeature=3900| imputation=ALRA| independent=TRUE,scpas_arg_samples2,brca_her2,scPAS
0,0,1,1,0,0,0,0.441390562248996,nfeature=2200| imputation=None| independent=FALSE,scpas_arg_samples2,brca_her2,scPAS
0,0,1,1,0,0,0,0.441390562248996,nfeature=2600| imputation=KNN| independent=FALSE,scpas_arg_samples2,brca_her2,scPAS
0,0,1,1,0,0,0,0.441390562248996,nfeature=700| imputation=None| independent=TRUE,scpas_arg_samples2,brca_her2,scPAS
0,0,1,1,0,0,0,0.441390562248996,nfeature=2100| imputation=ALRA| independent=TRUE,scpas_arg_samples2,brca_her2,scPAS
0,0,1,1,0,0,0,0.441390562248996,nfeature=1400| imputation=KNN| independent=TRUE,scpas_arg_samples2,brca_her2,scPAS
0,0,1,1,0,0,0,0.441390562248996,nfeature=2000| imputation=None| independent=TRUE,scpas_arg_samples2,brca_her2,scPAS
0.181251404178836,0.00334091555302815,0.996659084446972,0.818748595821164,0.98564447159438,0.181251404178836,0.306196033779296,0.541164658634538,prob=0.13| Log2FC_cutoff=0.436,scpp_arg_samples1,brca_her2,scPP
0,0,1,1,0,0,0,0.441390562248996,prob=0.5| Log2FC_cutoff=0.237,scpp_arg_samples1,brca_her2,scPP
0.21051449112559,0.00483366505544498,0.995166334944555,0.78948550887441,0.982180293501048,0.21051449112559,0.346716003700278,0.556852409638554,prob=0.15| Log2FC_cutoff=0.792,scpp_arg_samples1,brca_her2,scPP
0.36385082004044,0.0159226613591129,0.984077338640887,0.63614917995956,0.966577141151895,0.36385082004044,0.528686852199461,0.637612951807229,prob=0.25| Log2FC_cutoff=0.259,scpp_arg_samples1,brca_her2,scPP
0.391148056616491,0.0184105771964743,0.981589422803526,0.608851943383509,0.964142323134432,0.391148056616491,0.556518959523714,0.651763303212851,prob=0.27| Log2FC_cutoff=0.986,scpp_arg_samples1,brca_her2,scPP
0.331779375421254,0.0122974125675291,0.987702587432471,0.668220624578746,0.971546052631579,0.331779375421254,0.494640763691174,0.621297690763052,prob=0.23| Log2FC_cutoff=0.757,scpp_arg_samples1,brca_her2,scPP
0.406481689507976,0.0197611600796133,0.980238839920387,0.593518310492024,0.963007318695941,0.406481689507976,0.571665547612465,0.659732680722892,prob=0.28| Log2FC_cutoff=0.98,scpp_arg_samples1,brca_her2,scPP
0.135362839811278,0.0022746659084447,0.997725334091555,0.864637160188722,0.986895986895987,0.135362839811278,0.238071717870197,0.516001506024096,prob=0.1| Log2FC_cutoff=0.219,scpp_arg_samples1,brca_her2,scPP
0.455010110087621,0.0253056582314473,0.974694341768553,0.544989889912379,0.957904694336053,0.455010110087621,0.616960511785537,0.684393825301205,prob=0.31| Log2FC_cutoff=0.949,scpp_arg_samples1,brca_her2,scPP
0.332116378341946,0.0130082456639181,0.986991754336082,0.667883621658054,0.96998031496063,0.332116378341946,0.494811715481172,0.62117218875502,prob=0.23| Log2FC_cutoff=0.149,scpp_arg_samples1,brca_her2,scPP
0.00909907885868344,0,1,0.990900921141317,1,0.00909907885868344,0.0180340643437604,0.446473393574297,prob=0.01| Log2FC_cutoff=0.6,scpp_arg_samples1,brca_her2,scPP
0.300775106717592,0.0100938299687233,0.989906170031277,0.699224893282409,0.974167727851555,0.300775106717592,0.459636925453843,0.604951054216867,prob=0.21| Log2FC_cutoff=0.946,scpp_arg_samples1,brca_her2,scPP
0.136036845652662,0.0021324992891669,0.997867500710833,0.863963154347338,0.987765089722675,0.136036845652662,0.239139020537125,0.516440763052209,prob=0.1| Log2FC_cutoff=0.688,scpp_arg_samples1,brca_her2,scPP
0.548079083352056,0.0396644867785044,0.960335513221496,0.451920916647944,0.945909267157813,0.548079083352056,0.69402560455192,0.730045180722892,prob=0.37| Log2FC_cutoff=0.506,scpp_arg_samples1,brca_her2,scPP
0.563188047629746,0.0432897355700881,0.956710264429912,0.436811952370254,0.942741632192554,0.563188047629746,0.705133614627286,0.736885040160643,prob=0.38| Log2FC_cutoff=0.373,scpp_arg_samples1,brca_her2,scPP
0.424511345764997,0.021324992891669,0.978675007108331,0.575488654235003,0.961822346653092,0.424511345764997,0.589042163510249,0.669113955823293,prob=0.29| Log2FC_cutoff=0.336,scpp_arg_samples1,brca_her2,scPP
0.120703212761177,0.00177708274097242,0.998222917259028,0.879296787238823,0.988500459981601,0.120703212761177,0.215136650315347,0.508032128514056,prob=0.09| Log2FC_cutoff=0.048,scpp_arg_samples1,brca_her2,scPP
0.225960458323972,0.00554449815183395,0.994455501848166,0.774039541676028,0.980980248719824,0.225960458323972,0.367313398767405,0.565166917670683,prob=0.16| Log2FC_cutoff=0.619,scpp_arg_samples1,brca_her2,scPP
0.45506627724107,0.0251634916121695,0.97483650838783,0.544933722758931,0.958136234626301,0.45506627724107,0.617060167555217,0.684487951807229,prob=0.31| Log2FC_cutoff=0.961,scpp_arg_samples1,brca_her2,scPP
0.580319029431588,0.0453511515496162,0.954648848450384,0.419680970568412,0.941841385597083,0.580319029431588,0.718148328351984,0.745544678714859,prob=0.39| Log2FC_cutoff=0.655,scpp_arg_samples1,brca_her2,scPP
0.564311390698719,0.0425078191640603,0.95749218083594,0.435688609301281,0.943823391263504,0.564311390698719,0.706316566487399,0.737857680722892,prob=0.38| Log2FC_cutoff=0.51,scpp_arg_samples1,brca_her2,scPP
0.547798247584812,0.0421524026158658,0.957847597384134,0.452201752415188,0.942683162574908,0.547798247584812,0.692930728241563,0.72879016064257,prob=0.37| Log2FC_cutoff=0.15,scpp_arg_samples1,brca_her2,scPP
0.423781172770164,0.021324992891669,0.978675007108331,0.576218827229836,0.961759082217973,0.423781172770164,0.588327030293579,0.668706074297189,prob=0.29| Log2FC_cutoff=0.87,scpp_arg_samples1,brca_her2,scPP
0,0,1,1,0,0,0,0.441390562248996,prob=0| Log2FC_cutoff=0.514,scpp_arg_samples1,brca_her2,scPP
0.150977308470007,0.00270116576627808,0.997298834233722,0.849022691529993,0.986060161408657,0.150977308470007,0.261860691670726,0.524535642570281,prob=0.11| Log2FC_cutoff=0.009,scpp_arg_samples1,brca_her2,scPP
0.272186025612222,0.00867216377594541,0.991327836224055,0.727813974387778,0.975442834138486,0.272186025612222,0.425610398735289,0.58960843373494,prob=0.19| Log2FC_cutoff=0.019,scpp_arg_samples1,brca_her2,scPP
0.0923388002696023,0.00113733295422235,0.998862667045778,0.907661199730398,0.990361445783133,0.0923388002696023,0.168927250308261,0.492469879518072,prob=0.07| Log2FC_cutoff=0.145,scpp_arg_samples1,brca_her2,scPP
0.150640305549315,0.00263008245663918,0.997369917543361,0.849359694450685,0.986392055902905,0.150640305549315,0.26136529747113,0.524378765060241,prob=0.11| Log2FC_cutoff=0.305,scpp_arg_samples1,brca_her2,scPP
0.022354527072568,0.000142166619277794,0.999857833380722,0.977645472927432,0.995,0.022354527072568,0.043726653482751,0.453815261044177,prob=0.02| Log2FC_cutoff=0.826,scpp_arg_samples1,brca_her2,scPP
0.106155920017973,0.00149274950241683,0.998507250497583,0.893844079982027,0.989010989010989,0.106155920017973,0.191732183616536,0.500031375502008,prob=0.08| Log2FC_cutoff=0.502,scpp_arg_samples1,brca_her2,scPP
0.180802066951247,0.00312766562411146,0.996872334375889,0.819197933048753,0.986515476555317,0.180802066951247,0.305596430436227,0.541007781124498,prob=0.13| Log2FC_cutoff=0.804,scpp_arg_samples1,brca_her2,scPP
0.166535609975286,0.00298549900483367,0.997014500995166,0.833464390024714,0.986032590621882,0.166535609975286,0.284945461534765,0.533101154618474,prob=0.12| Log2FC_cutoff=0.061,scpp_arg_samples1,brca_her2,scPP
0.270107840934621,0.00810349729883424,0.991896502701166,0.729892159065379,0.97684338817794,0.270107840934621,0.42319707836494,0.588698544176707,prob=0.19| Log2FC_cutoff=0.928,scpp_arg_samples1,brca_her2,scPP
0.609975286452483,0.0529570656809781,0.947042934319022,0.390024713547517,0.935803532959931,0.609975286452483,0.738549423645823,0.758753765060241,prob=0.41| Log2FC_cutoff=0.808,scpp_arg_samples1,brca_her2,scPP
0.211637834194563,0.00540233153255616,0.994597668467444,0.788362165805437,0.980228928199792,0.211637834194563,0.348115299334812,0.557228915662651,prob=0.15| Log2FC_cutoff=0.079,scpp_arg_samples1,brca_her2,scPP
0.210682992585936,0.00483366505544498,0.995166334944555,0.789317007414064,0.982194291699398,0.210682992585936,0.346945382231883,0.556946536144578,prob=0.15| Log2FC_cutoff=0.601,scpp_arg_samples1,brca_her2,scPP
0.456919793304875,0.0250924083025306,0.974907591697469,0.543080206695125,0.958411875589067,0.456919793304875,0.618819412749125,0.685554718875502,prob=0.31| Log2FC_cutoff=0.715,scpp_arg_samples1,brca_her2,scPP
0.488092563468883,0.0287887404037532,0.971211259596247,0.511907436531117,0.955470038482683,0.488092563468883,0.64612067363099,0.701336596385542,prob=0.33| Log2FC_cutoff=0.514,scpp_arg_samples1,brca_her2,scPP
0.595034823635138,0.0499715666761444,0.950028433323856,0.404965176364862,0.937771089669824,0.595034823635138,0.728084945534518,0.751725652610442,prob=0.4| Log2FC_cutoff=0.72,scpp_arg_samples1,brca_her2,scPP
0.457200629072119,0.0250213249928917,0.974978675007108,0.542799370927881,0.958549222797927,0.457200629072119,0.619105567386675,0.68574297188755,prob=0.31| Log2FC_cutoff=0.75,scpp_arg_samples1,brca_her2,scPP
0.348404852842058,0.0148564117145294,0.985143588285471,0.651595147157942,0.967404865876482,0.348404852842058,0.512305913445656,0.629455321285141,prob=0.24| Log2FC_cutoff=0.096,scpp_arg_samples1,brca_her2,scPP
0.517299483262188,0.0343332385555871,0.965666761444413,0.482700516737812,0.950170225936243,0.517299483262188,0.669891260864822,0.715204568273092,prob=0.35| Log2FC_cutoff=0.398,scpp_arg_samples1,brca_her2,scPP
0.579588856436756,0.0470571509809497,0.95294284901905,0.420411143563244,0.939714051543575,0.579588856436756,0.716970644432864,0.744383785140562,prob=0.39| Log2FC_cutoff=0.294,scpp_arg_samples1,brca_her2,scPP
0.135868344192316,0.0022035825988058,0.997796417401194,0.864131655807684,0.98734693877551,0.135868344192316,0.238866396761134,0.516315261044177,prob=0.1| Log2FC_cutoff=0.617,scpp_arg_samples1,brca_her2,scPP
0.546731071669288,0.03994882001706,0.96005117998294,0.453268928330712,0.945415695415695,0.546731071669288,0.692811387900356,0.729166666666667,prob=0.37| Log2FC_cutoff=0.974,scpp_arg_samples1,brca_her2,scPP
0.105987418557628,0.00142166619277794,0.998578333807222,0.894012581442373,0.989512323020451,0.105987418557628,0.191466693724316,0.499968624497992,prob=0.08| Log2FC_cutoff=0.618,scpp_arg_samples1,brca_her2,scPP
0.049707930802067,0.000426499857833381,0.999573500142167,0.950292069197933,0.993265993265993,0.049707930802067,0.0946777213158599,0.468969628514056,prob=0.04| Log2FC_cutoff=0.521,scpp_arg_samples1,brca_her2,scPP
0.194731521006515,0.00405174864941712,0.995948251350583,0.805268478993485,0.983825198637911,0.194731521006515,0.325112528132033,0.548381024096386,prob=0.14| Log2FC_cutoff=0.903,scpp_arg_samples1,brca_her2,scPP
0.256571556953494,0.00760591413136196,0.992394085868638,0.743428443046506,0.977112299465241,0.256571556953494,0.406423773299524,0.581356676706827,prob=0.18| Log2FC_cutoff=0.637,scpp_arg_samples1,brca_her2,scPP
0.224668613794653,0.00554449815183395,0.994455501848166,0.775331386205347,0.980872976949485,0.224668613794653,0.36559729458002,0.564445281124498,prob=0.16| Log2FC_cutoff=0.864,scpp_arg_samples1,brca_her2,scPP
0.286620984048528,0.008956497014501,0.991043502985499,0.713379015951472,0.975903614457831,0.286620984048528,0.443103373420744,0.597546435742972,prob=0.2| Log2FC_cutoff=0.585,scpp_arg_samples1,brca_her2,scPP
0.0963266681644574,0.00113733295422235,0.998862667045778,0.903673331835543,0.990756787983824,0.0963266681644574,0.175582288200665,0.494697540160643,prob=0.13| Log2FC_cutoff=0.436,scpp_arg_samples2,brca_her2,scPP
0,0,1,1,0,0,0,0.441390562248996,prob=0.5| Log2FC_cutoff=0.237,scpp_arg_samples2,brca_her2,scPP
0.0775106717591552,0.00021324992891669,0.999786750071083,0.922489328240845,0.997830802603037,0.0775106717591552,0.143847396674832,0.484594628514056,prob=0.15| Log2FC_cutoff=0.792,scpp_arg_samples2,brca_her2,scPP
0.245506627724107,0.00952516349161217,0.990474836508388,0.754493372275893,0.970255271920089,0.245506627724107,0.391859787529697,0.574328564257028,prob=0.25| Log2FC_cutoff=0.259,scpp_arg_samples2,brca_her2,scPP
0.199898899123792,0.000924083025305658,0.999075916974694,0.800101100876208,0.996360582306831,0.199898899123792,0.332990269461078,0.552648092369478,prob=0.27| Log2FC_cutoff=0.986,scpp_arg_samples2,brca_her2,scPP
0.169400134801168,0.000924083025305658,0.999075916974694,0.830599865198832,0.995708154506438,0.169400134801168,0.289540632650122,0.535611194779117,prob=0.23| Log2FC_cutoff=0.757,scpp_arg_samples2,brca_her2,scPP
0.214951696248034,0.00120841626386125,0.998791583736139,0.785048303751966,0.995577523413111,0.214951696248034,0.353566149297857,0.560931224899598,prob=0.28| Log2FC_cutoff=0.98,scpp_arg_samples2,brca_her2,scPP
0.0807121995057291,0.0022746659084447,0.997725334091555,0.919287800494271,0.978216473791695,0.0807121995057291,0.149120531313236,0.485473142570281,prob=0.1| Log2FC_cutoff=0.219,scpp_arg_samples2,brca_her2,scPP
0.261177263536284,0.00163491612169463,0.998365083878305,0.738822736463716,0.995078108281618,0.261177263536284,0.413756284201628,0.586565010040161,prob=0.31| Log2FC_cutoff=0.949,scpp_arg_samples2,brca_her2,scPP
0.21512019770838,0.00746374751208416,0.992536252487916,0.78487980229162,0.973316391359593,0.21512019770838,0.352362114172685,0.558264307228916,prob=0.23| Log2FC_cutoff=0.149,scpp_arg_samples2,brca_her2,scPP
0.0032015277465738,0,1,0.996798472253426,1,0.0032015277465738,0.00638262135378758,0.443178965863454,prob=0.01| Log2FC_cutoff=0.6,scpp_arg_samples2,brca_her2,scPP
0.132273646371602,0.000355416548194484,0.999644583451806,0.867726353628398,0.997881355932203,0.132273646371602,0.233584606228923,0.515122991967871,prob=0.21| Log2FC_cutoff=0.946,scpp_arg_samples2,brca_her2,scPP
0.0480229161986071,0.000142166619277794,0.999857833380722,0.951977083801393,0.997666277712952,0.0480229161986071,0.0916349606130432,0.468153865461847,prob=0.1| Log2FC_cutoff=0.688,scpp_arg_samples2,brca_her2,scPP
0.404122669063132,0.0112311629229457,0.988768837077054,0.595877330936868,0.978512171902625,0.404122669063132,0.572007791072068,0.662179969879518,prob=0.37| Log2FC_cutoff=0.506,scpp_arg_samples2,brca_her2,scPP
0.421534486632218,0.0223201592266136,0.977679840773386,0.578465513367783,0.959841411945261,0.421534486632218,0.585801818678531,0.667011797188755,prob=0.38| Log2FC_cutoff=0.373,scpp_arg_samples2,brca_her2,scPP
0.299539429341721,0.0129371623542792,0.987062837645721,0.700460570658279,0.966999093381686,0.299539429341721,0.457395257086496,0.603005773092369,prob=0.29| Log2FC_cutoff=0.336,scpp_arg_samples2,brca_her2,scPP
0.0631880476297461,0.00135058288313904,0.998649417116861,0.936811952370254,0.983391608391609,0.0631880476297461,0.118746041798607,0.47609186746988,prob=0.09| Log2FC_cutoff=0.048,scpp_arg_samples2,brca_her2,scPP
0.111210963828353,0.000568666477111174,0.999431333522889,0.888789036171647,0.995975855130785,0.111210963828353,0.200080840743735,0.503263052208835,prob=0.16| Log2FC_cutoff=0.619,scpp_arg_samples2,brca_her2,scPP
0.260222421927657,0.00149274950241683,0.998507250497583,0.739777578072343,0.995487752470993,0.260222421927657,0.412592394692315,0.58609437751004,prob=0.31| Log2FC_cutoff=0.961,scpp_arg_samples2,brca_her2,scPP
0.423331835542575,0.00966733011088996,0.99033266988911,0.576668164457425,0.98227551153395,0.423331835542575,0.591670918867999,0.673600652610442,prob=0.39| Log2FC_cutoff=0.655,scpp_arg_samples2,brca_her2,scPP
0.423275668389126,0.0120130793289736,0.987986920671026,0.576724331610874,0.978066190785204,0.423275668389126,0.5908502881336,0.672533885542169,prob=0.38| Log2FC_cutoff=0.51,scpp_arg_samples2,brca_her2,scPP
0.396034598966524,0.0292863235712255,0.970713676428774,0.603965401033476,0.944794318638617,0.396034598966524,0.55811928602525,0.649692520080321,prob=0.37| Log2FC_cutoff=0.15,scpp_arg_samples2,brca_her2,scPP
0.246405302179286,0.00135058288313904,0.998649417116861,0.753594697820715,0.995687698592828,0.246405302179286,0.395047276001801,0.57843875502008,prob=0.29| Log2FC_cutoff=0.87,scpp_arg_samples2,brca_her2,scPP
0,0,1,1,0,0,0,0.441390562248996,prob=0| Log2FC_cutoff=0.514,scpp_arg_samples2,brca_her2,scPP
0.0794203549764098,0.00163491612169463,0.998365083878305,0.92057964502359,0.983994432846207,0.0794203549764098,0.146977807806247,0.485033885542169,prob=0.11| Log2FC_cutoff=0.009,scpp_arg_samples2,brca_her2,scPP
0.162772410694226,0.00390958203013932,0.996090417969861,0.837227589305774,0.981374873010498,0.162772410694226,0.279231102760515,0.530591114457831,prob=0.19| Log2FC_cutoff=0.019,scpp_arg_samples2,brca_her2,scPP
0.0510559424848349,0.00106624964458345,0.998933750355416,0.948944057515165,0.983766233766234,0.0510559424848349,0.0970739000427168,0.469440261044177,prob=0.07| Log2FC_cutoff=0.145,scpp_arg_samples2,brca_her2,scPP
0.0897551112109638,0.00248791583736139,0.997512084162639,0.910244888789036,0.978567054500919,0.0897551112109638,0.164428666975356,0.49043047188755,prob=0.11| Log2FC_cutoff=0.305,scpp_arg_samples2,brca_her2,scPP
0.00292069197933049,0,1,0.99707930802067,1,0.00292069197933049,0.00582437275985663,0.443022088353414,prob=0.02| Log2FC_cutoff=0.826,scpp_arg_samples2,brca_her2,scPP
0.048359919119299,0.000284333238555587,0.999715666761444,0.951640080880701,0.995375722543353,0.048359919119299,0.0922384701912261,0.46827936746988,prob=0.08| Log2FC_cutoff=0.502,scpp_arg_samples2,brca_her2,scPP
0.0626263760952595,7.10833096388968e-05,0.999928916690361,0.937373623904741,0.99910394265233,0.0626263760952595,0.117864693446089,0.476342871485944,prob=0.13| Log2FC_cutoff=0.804,scpp_arg_samples2,brca_her2,scPP
0.0891372725230285,0.00248791583736139,0.997512084162639,0.910862727476971,0.978421701602959,0.0891372725230285,0.163389272109544,0.490085341365462,prob=0.12| Log2FC_cutoff=0.061,scpp_arg_samples2,brca_her2,scPP
0.111716468209391,0.000284333238555587,0.999715666761444,0.888283531790609,0.997992975413949,0.111716468209391,0.200939536293378,0.50367093373494,prob=0.19| Log2FC_cutoff=0.928,scpp_arg_samples2,brca_her2,scPP
0.446023365535835,0.00653966448677851,0.993460335513222,0.553976634464165,0.988547242624175,0.446023365535835,0.614699849053683,0.68765687751004,prob=0.41| Log2FC_cutoff=0.808,scpp_arg_samples2,brca_her2,scPP
0.122893731745675,0.00341199886266705,0.996588001137333,0.877106268254325,0.978533094812165,0.122893731745675,0.218363273453094,0.508534136546185,prob=0.15| Log2FC_cutoff=0.079,scpp_arg_samples2,brca_her2,scPP
0.101381711974837,0.000639749786750071,0.99936025021325,0.898618288025163,0.995038588754135,0.101381711974837,0.184014680395555,0.497740963855422,prob=0.15| Log2FC_cutoff=0.601,scpp_arg_samples2,brca_her2,scPP
0.278926084026062,0.00298549900483367,0.997014500995166,0.721073915973939,0.991613418530351,0.278926084026062,0.435384885148168,0.595883534136546,prob=0.31| Log2FC_cutoff=0.715,scpp_arg_samples2,brca_her2,scPP
0.341215457200629,0.00717941427352858,0.992820585726471,0.658784542799371,0.983646373056995,0.341215457200629,0.506672226855713,0.62882781124498,prob=0.33| Log2FC_cutoff=0.514,scpp_arg_samples2,brca_her2,scPP
0.429903392496068,0.0088854137048621,0.991114586295138,0.570096607503932,0.983931096541972,0.429903392496068,0.598366102489935,0.67761671686747,prob=0.4| Log2FC_cutoff=0.72,scpp_arg_samples2,brca_her2,scPP
0.274994383284655,0.00305658231447256,0.996943417685527,0.725005616715345,0.991293784166835,0.274994383284655,0.430550059358924,0.593655873493976,prob=0.31| Log2FC_cutoff=0.75,scpp_arg_samples2,brca_her2,scPP
0.2289934846102,0.00760591413136196,0.992394085868638,0.7710065153898,0.97442638623327,0.2289934846102,0.370838639257777,0.565951305220884,prob=0.24| Log2FC_cutoff=0.096,scpp_arg_samples2,brca_her2,scPP
0.368456526623231,0.0145009951663349,0.985499004833665,0.631543473376769,0.969840331164991,0.368456526623231,0.534028003907522,0.640813253012048,prob=0.35| Log2FC_cutoff=0.398,scpp_arg_samples2,brca_her2,scPP
0.426533363289149,0.0336934887688371,0.966306511231163,0.573466636710852,0.941249380267724,0.426533363289149,0.58704390847248,0.664784136546185,prob=0.39| Log2FC_cutoff=0.294,scpp_arg_samples2,brca_her2,scPP
0.0584138395866098,0.000142166619277794,0.999857833380722,0.94158616041339,0.998080614203455,0.0584138395866098,0.110368247904065,0.473958333333333,prob=0.1| Log2FC_cutoff=0.617,scpp_arg_samples2,brca_her2,scPP
0.351100876207594,0.00312766562411146,0.996872334375889,0.648899123792406,0.993010325655282,0.351100876207594,0.518776712726669,0.636138303212851,prob=0.37| Log2FC_cutoff=0.974,scpp_arg_samples2,brca_her2,scPP
0.0429117052347787,0.000142166619277794,0.999857833380722,0.957088294765221,0.997389033942559,0.0429117052347787,0.0822832525578891,0.465298694779117,prob=0.08| Log2FC_cutoff=0.618,scpp_arg_samples2,brca_her2,scPP
0.0198831723208268,0,1,0.980116827679173,1,0.0198831723208268,0.0389910783125895,0.452497489959839,prob=0.04| Log2FC_cutoff=0.521,scpp_arg_samples2,brca_her2,scPP
0.0661649067625253,0.000142166619277794,0.999857833380722,0.933835093237475,0.998305084745763,0.0661649067625253,0.124104509060261,0.478288152610442,prob=0.14| Log2FC_cutoff=0.903,scpp_arg_samples2,brca_her2,scPP
0.122837564592226,0.000710833096388968,0.999289166903611,0.877162435407774,0.995448338643605,0.122837564592226,0.218689065546723,0.509695030120482,prob=0.18| Log2FC_cutoff=0.637,scpp_arg_samples2,brca_her2,scPP
0.0903729498988991,0.000284333238555587,0.999715666761444,0.909627050101101,0.997520148791073,0.0903729498988991,0.16573106041098,0.491748242971888,prob=0.16| Log2FC_cutoff=0.864,scpp_arg_samples2,brca_her2,scPP
0.15378566614244,0.00127949957350014,0.9987205004265,0.84621433385756,0.993468795355588,0.15378566614244,0.266342412451362,0.526731927710844,prob=0.2| Log2FC_cutoff=0.585,scpp_arg_samples2,brca_her2,scPP
0,0,1,1,0,0,0,0.447630375114364,arch=DenseNet| ff_depth=6| bag_depth=4,degas_arg_samples1_part1,brca_tnbc,DEGAS
0,0,1,1,0,0,0,0.447630375114364,arch=DenseNet| ff_depth=8| bag_depth=8,degas_arg_samples1_part1,brca_tnbc,DEGAS
0,0,1,1,0,0,0,0.447630375114364,arch=DenseNet| ff_depth=6| bag_depth=9,degas_arg_samples1_part1,brca_tnbc,DEGAS
0,0,1,1,0,0,0,0.447630375114364,arch=Standard| ff_depth=7| bag_depth=6,degas_arg_samples1_part1,brca_tnbc,DEGAS
0,0,1,1,0,0,0,0.447630375114364,arch=DenseNet| ff_depth=10| bag_depth=6,degas_arg_samples1_part1,brca_tnbc,DEGAS
0,0,1,1,0,0,0,0.447630375114364,arch=Standard| ff_depth=3| bag_depth=8,degas_arg_samples1_part1,brca_tnbc,DEGAS
0,0,1,1,0,0,0,0.447630375114364,arch=Standard| ff_depth=6| bag_depth=3,degas_arg_samples1_part1,brca_tnbc,DEGAS
0,0,1,1,0,0,0,0.447630375114364,arch=Standard| ff_depth=9| bag_depth=8,degas_arg_samples1_part1,brca_tnbc,DEGAS
0,0,1,1,0,0,0,0.447630375114364,arch=DenseNet| ff_depth=3| bag_depth=8,degas_arg_samples1_part1,brca_tnbc,DEGAS
0,0,1,1,0,0,0,0.447630375114364,arch=DenseNet| ff_depth=2| bag_depth=8,degas_arg_samples1_part1,brca_tnbc,DEGAS
0,0,1,1,0,0,0,0.447630375114364,arch=Standard| ff_depth=10| bag_depth=5,degas_arg_samples1_part1,brca_tnbc,DEGAS
0,0,1,1,0,0,0,0.447630375114364,arch=Standard| ff_depth=10| bag_depth=10,degas_arg_samples1_part1,brca_tnbc,DEGAS
0,0,1,1,0,0,0,0.447630375114364,arch=Standard| ff_depth=7| bag_depth=8,degas_arg_samples1_part1,brca_tnbc,DEGAS
0,0,1,1,0,0,0,0.447630375114364,arch=DenseNet| ff_depth=6| bag_depth=5,degas_arg_samples1_part1,brca_tnbc,DEGAS
0,0,1,1,0,0,0,0.447630375114364,arch=Standard| ff_depth=10| bag_depth=8,degas_arg_samples1_part1,brca_tnbc,DEGAS
0,0,1,1,0,0,0,0.447630375114364,arch=DenseNet| ff_depth=5| bag_depth=9,degas_arg_samples1_part1,brca_tnbc,DEGAS
0,0,1,1,0,0,0,0.447630375114364,arch=Standard| ff_depth=7| bag_depth=10,degas_arg_samples1_part1,brca_tnbc,DEGAS
0,0,1,1,0,0,0,0.447630375114364,arch=DenseNet| ff_depth=9| bag_depth=3,degas_arg_samples1_part1,brca_tnbc,DEGAS
0,0,1,1,0,0,0,0.447630375114364,arch=DenseNet| ff_depth=7| bag_depth=9,degas_arg_samples1_part1,brca_tnbc,DEGAS
0,0,1,1,0,0,0,0.447630375114364,arch=DenseNet| ff_depth=7| bag_depth=5,degas_arg_samples1_part1,brca_tnbc,DEGAS
0,0,1,1,0,0,0,0.447630375114364,arch=DenseNet| ff_depth=8| bag_depth=9,degas_arg_samples1_part1,brca_tnbc,DEGAS
0,0,1,1,0,0,0,0.447630375114364,arch=Standard| ff_depth=2| bag_depth=7,degas_arg_samples1_part1,brca_tnbc,DEGAS
0,0,1,1,0,0,0,0.447630375114364,arch=DenseNet| ff_depth=7| bag_depth=9,degas_arg_samples1_part1,brca_tnbc,DEGAS
0,0,1,1,0,0,0,0.447630375114364,arch=DenseNet| ff_depth=3| bag_depth=9,degas_arg_samples1_part1,brca_tnbc,DEGAS
0,0,1,1,0,0,0,0.447630375114364,arch=DenseNet| ff_depth=2| bag_depth=4,degas_arg_samples1_part1,brca_tnbc,DEGAS
0,0,1,1,0,0,0,0.447630375114364,arch=DenseNet| ff_depth=3| bag_depth=8,degas_arg_samples1_part1,brca_tnbc,DEGAS
0,0,1,1,0,0,0,0.447630375114364,arch=Standard| ff_depth=5| bag_depth=8,degas_arg_samples1_part1,brca_tnbc,DEGAS
0,0,1,1,0,0,0,0.447630375114364,arch=Standard| ff_depth=6| bag_depth=9,degas_arg_samples1_part1,brca_tnbc,DEGAS
0,0,1,1,0,0,0,0.447630375114364,arch=DenseNet| ff_depth=7| bag_depth=10,degas_arg_samples1_part1,brca_tnbc,DEGAS
0,0,1,1,0,0,0,0.447630375114364,arch=Standard| ff_depth=4| bag_depth=9,degas_arg_samples1_part1,brca_tnbc,DEGAS
0,0,1,1,0,0,0,0.447630375114364,arch=DenseNet| ff_depth=10| bag_depth=5,degas_arg_samples1_part1,brca_tnbc,DEGAS
0,0,1,1,0,0,0,0.447630375114364,arch=Standard| ff_depth=5| bag_depth=4,degas_arg_samples1_part1,brca_tnbc,DEGAS
0,0,1,1,0,0,0,0.447630375114364,arch=DenseNet| ff_depth=7| bag_depth=7,degas_arg_samples1_part1,brca_tnbc,DEGAS
0,0,1,1,0,0,0,0.447630375114364,arch=Standard| ff_depth=10| bag_depth=8,degas_arg_samples1_part1,brca_tnbc,DEGAS
0,0,1,1,0,0,0,0.447630375114364,arch=Standard| ff_depth=10| bag_depth=10,degas_arg_samples1_part1,brca_tnbc,DEGAS
0,0,1,1,0,0,0,0.447630375114364,arch=DenseNet| ff_depth=8| bag_depth=10,degas_arg_samples1_part1,brca_tnbc,DEGAS
0,0,1,1,0,0,0,0.447630375114364,arch=DenseNet| ff_depth=4| bag_depth=10,degas_arg_samples1_part1,brca_tnbc,DEGAS
0,0,1,1,0,0,0,0.447630375114364,arch=DenseNet| ff_depth=9| bag_depth=7,degas_arg_samples1_part1,brca_tnbc,DEGAS
0,0,1,1,0,0,0,0.447630375114364,arch=DenseNet| ff_depth=10| bag_depth=9,degas_arg_samples1_part1,brca_tnbc,DEGAS
0,0,1,1,0,0,0,0.447630375114364,arch=Standard| ff_depth=4| bag_depth=5,degas_arg_samples1_part1,brca_tnbc,DEGAS
0,0,1,1,0,0,0,0.447630375114364,arch=DenseNet| ff_depth=8| bag_depth=6,degas_arg_samples1_part1,brca_tnbc,DEGAS
0,0,1,1,0,0,0,0.447630375114364,arch=Standard| ff_depth=4| bag_depth=6,degas_arg_samples1_part1,brca_tnbc,DEGAS
0,0,1,1,0,0,0,0.447630375114364,arch=Standard| ff_depth=8| bag_depth=8,degas_arg_samples1_part1,brca_tnbc,DEGAS
0,0,1,1,0,0,0,0.447630375114364,arch=DenseNet| ff_depth=7| bag_depth=6,degas_arg_samples1_part1,brca_tnbc,DEGAS
0,0,1,1,0,0,0,0.447630375114364,arch=DenseNet| ff_depth=6| bag_depth=7,degas_arg_samples1_part1,brca_tnbc,DEGAS
0,0,1,1,0,0,0,0.447630375114364,arch=DenseNet| ff_depth=6| bag_depth=5,degas_arg_samples1_part1,brca_tnbc,DEGAS
0,0,1,1,0,0,0,0.447630375114364,arch=DenseNet| ff_depth=9| bag_depth=3,degas_arg_samples1_part1,brca_tnbc,DEGAS
0,0,1,1,0,0,0,0.447630375114364,arch=Standard| ff_depth=4| bag_depth=9,degas_arg_samples1_part1,brca_tnbc,DEGAS
0,0,1,1,0,0,0,0.447630375114364,arch=DenseNet| ff_depth=3| bag_depth=8,degas_arg_samples1_part1,brca_tnbc,DEGAS
0,0,1,1,0,0,0,0.447630375114364,arch=DenseNet| ff_depth=3| bag_depth=4,degas_arg_samples1_part1,brca_tnbc,DEGAS
0,0,1,1,0,0,0,0.447630375114364,arch=DenseNet| ff_depth=3| bag_depth=5,degas_arg_samples1_part1,brca_tnbc,DEGAS
0,0,1,1,0,0,0,0.447630375114364,lamb1=4| lamb2=2| lamb3=10,degas_arg_samples1_part2,brca_tnbc,DEGAS
0,0,1,1,0,0,0,0.447630375114364,lamb1=4| lamb2=3| lamb3=8,degas_arg_samples1_part2,brca_tnbc,DEGAS
0,0,1,1,0,0,0,0.447630375114364,lamb1=3| lamb2=5| lamb3=3,degas_arg_samples1_part2,brca_tnbc,DEGAS
0,0,1,1,0,0,0,0.447630375114364,lamb1=7| lamb2=6| lamb3=4,degas_arg_samples1_part2,brca_tnbc,DEGAS
0,0,1,1,0,0,0,0.447630375114364,lamb1=6| lamb2=7| lamb3=9,degas_arg_samples1_part2,brca_tnbc,DEGAS
0,0,1,1,0,0,0,0.447630375114364,lamb1=5| lamb2=4| lamb3=5,degas_arg_samples1_part2,brca_tnbc,DEGAS
0,0,1,1,0,0,0,0.447630375114364,lamb1=7| lamb2=10| lamb3=8,degas_arg_samples1_part2,brca_tnbc,DEGAS
0,0,1,1,0,0,0,0.447630375114364,lamb1=10| lamb2=5| lamb3=5,degas_arg_samples1_part2,brca_tnbc,DEGAS
0,0,1,1,0,0,0,0.447630375114364,lamb1=6| lamb2=7| lamb3=2,degas_arg_samples1_part2,brca_tnbc,DEGAS
0,0,1,1,0,0,0,0.447630375114364,lamb1=4| lamb2=10| lamb3=9,degas_arg_samples1_part2,brca_tnbc,DEGAS
0,0,1,1,0,0,0,0.447630375114364,lamb1=10| lamb2=10| lamb3=5,degas_arg_samples1_part2,brca_tnbc,DEGAS
0,0,1,1,0,0,0,0.447630375114364,lamb1=10| lamb2=8| lamb3=10,degas_arg_samples1_part2,brca_tnbc,DEGAS
0,0,1,1,0,0,0,0.447630375114364,lamb1=10| lamb2=4| lamb3=9,degas_arg_samples1_part2,brca_tnbc,DEGAS
0,0,1,1,0,0,0,0.447630375114364,lamb1=4| lamb2=9| lamb3=7,degas_arg_samples1_part2,brca_tnbc,DEGAS
0,0,1,1,0,0,0,0.447630375114364,lamb1=9| lamb2=10| lamb3=5,degas_arg_samples1_part2,brca_tnbc,DEGAS
0,0,1,1,0,0,0,0.447630375114364,lamb1=8| lamb2=4| lamb3=9,degas_arg_samples1_part2,brca_tnbc,DEGAS
0,0,1,1,0,0,0,0.447630375114364,lamb1=10| lamb2=8| lamb3=4,degas_arg_samples1_part2,brca_tnbc,DEGAS
0,0,1,1,0,0,0,0.447630375114364,lamb1=4| lamb2=4| lamb3=5,degas_arg_samples1_part2,brca_tnbc,DEGAS
0,0,1,1,0,0,0,0.447630375114364,lamb1=5| lamb2=8| lamb3=5,degas_arg_samples1_part2,brca_tnbc,DEGAS
0,0,1,1,0,0,0,0.447630375114364,lamb1=2| lamb2=7| lamb3=7,degas_arg_samples1_part2,brca_tnbc,DEGAS
0,0,1,1,0,0,0,0.447630375114364,lamb1=8| lamb2=6| lamb3=2,degas_arg_samples1_part2,brca_tnbc,DEGAS
0,0,1,1,0,0,0,0.447630375114364,lamb1=6| lamb2=6| lamb3=5,degas_arg_samples1_part2,brca_tnbc,DEGAS
0,0,1,1,0,0,0,0.447630375114364,lamb1=8| lamb2=9| lamb3=10,degas_arg_samples1_part2,brca_tnbc,DEGAS
0,0,1,1,0,0,0,0.447630375114364,lamb1=10| lamb2=4| lamb3=8,degas_arg_samples1_part2,brca_tnbc,DEGAS
0,0,1,1,0,0,0,0.447630375114364,lamb1=10| lamb2=3| lamb3=9,degas_arg_samples1_part2,brca_tnbc,DEGAS
0,0,1,1,0,0,0,0.447630375114364,lamb1=8| lamb2=3| lamb3=6,degas_arg_samples1_part2,brca_tnbc,DEGAS
0,0,1,1,0,0,0,0.447630375114364,lamb1=6| lamb2=7| lamb3=3,degas_arg_samples1_part2,brca_tnbc,DEGAS
0,0,1,1,0,0,0,0.447630375114364,lamb1=8| lamb2=5| lamb3=7,degas_arg_samples1_part2,brca_tnbc,DEGAS
0,0,1,1,0,0,0,0.447630375114364,lamb1=6| lamb2=2| lamb3=10,degas_arg_samples1_part2,brca_tnbc,DEGAS
0,0,1,1,0,0,0,0.447630375114364,lamb1=7| lamb2=7| lamb3=9,degas_arg_samples1_part2,brca_tnbc,DEGAS
0,0,1,1,0,0,0,0.447630375114364,lamb1=10| lamb2=4| lamb3=5,degas_arg_samples1_part2,brca_tnbc,DEGAS
0,0,1,1,0,0,0,0.447630375114364,lamb1=3| lamb2=9| lamb3=6,degas_arg_samples1_part2,brca_tnbc,DEGAS
0,0,1,1,0,0,0,0.447630375114364,lamb1=6| lamb2=4| lamb3=8,degas_arg_samples1_part2,brca_tnbc,DEGAS
0,0,1,1,0,0,0,0.447630375114364,lamb1=9| lamb2=9| lamb3=2,degas_arg_samples1_part2,brca_tnbc,DEGAS
0,0,1,1,0,0,0,0.447630375114364,lamb1=3| lamb2=2| lamb3=9,degas_arg_samples1_part2,brca_tnbc,DEGAS
0,0,1,1,0,0,0,0.447630375114364,lamb1=2| lamb2=8| lamb3=9,degas_arg_samples1_part2,brca_tnbc,DEGAS
0,0,1,1,0,0,0,0.447630375114364,lamb1=10| lamb2=8| lamb3=10,degas_arg_samples1_part2,brca_tnbc,DEGAS
0,0,1,1,0,0,0,0.447630375114364,lamb1=10| lamb2=8| lamb3=9,degas_arg_samples1_part2,brca_tnbc,DEGAS
0,0,1,1,0,0,0,0.447630375114364,lamb1=7| lamb2=7| lamb3=3,degas_arg_samples1_part2,brca_tnbc,DEGAS
0,0,1,1,0,0,0,0.447630375114364,lamb1=6| lamb2=8| lamb3=6,degas_arg_samples1_part2,brca_tnbc,DEGAS
0,0,1,1,0,0,0,0.447630375114364,lamb1=10| lamb2=6| lamb3=10,degas_arg_samples1_part2,brca_tnbc,DEGAS
0,0,1,1,0,0,0,0.447630375114364,lamb1=5| lamb2=7| lamb3=8,degas_arg_samples1_part2,brca_tnbc,DEGAS
0,0,1,1,0,0,0,0.447630375114364,lamb1=7| lamb2=9| lamb3=8,degas_arg_samples1_part2,brca_tnbc,DEGAS
0,0,1,1,0,0,0,0.447630375114364,lamb1=9| lamb2=6| lamb3=9,degas_arg_samples1_part2,brca_tnbc,DEGAS
0,0,1,1,0,0,0,0.447630375114364,lamb1=7| lamb2=8| lamb3=7,degas_arg_samples1_part2,brca_tnbc,DEGAS
0,0,1,1,0,0,0,0.447630375114364,lamb1=7| lamb2=5| lamb3=8,degas_arg_samples1_part2,brca_tnbc,DEGAS
0,0,1,1,0,0,0,0.447630375114364,lamb1=8| lamb2=4| lamb3=2,degas_arg_samples1_part2,brca_tnbc,DEGAS
0,0,1,1,0,0,0,0.447630375114364,lamb1=2| lamb2=10| lamb3=10,degas_arg_samples1_part2,brca_tnbc,DEGAS
0,0,1,1,0,0,0,0.447630375114364,lamb1=7| lamb2=8| lamb3=4,degas_arg_samples1_part2,brca_tnbc,DEGAS
0,0,1,1,0,0,0,0.447630375114364,lamb1=3| lamb2=7| lamb3=6,degas_arg_samples1_part2,brca_tnbc,DEGAS
0,0,1,1,0,0,0,0.447630375114364,lamb1=3| lamb2=3| lamb3=3,degas_arg_samples1_part2,brca_tnbc,DEGAS
0,0,1,1,0,0,0,0.447630375114364,scbatch_sz=350| patbatch_sz=30| hidden_feats=90| do_prc=0.7,degas_arg_samples1_part3,brca_tnbc,DEGAS
0,0,1,1,0,0,0,0.447630375114364,scbatch_sz=190| patbatch_sz=25| hidden_feats=90| do_prc=0.5,degas_arg_samples1_part3,brca_tnbc,DEGAS
0,0,1,1,0,0,0,0.447630375114364,scbatch_sz=180| patbatch_sz=65| hidden_feats=100| do_prc=0.6,degas_arg_samples1_part3,brca_tnbc,DEGAS
0,0,1,1,0,0,0,0.447630375114364,scbatch_sz=70| patbatch_sz=75| hidden_feats=35| do_prc=0.8,degas_arg_samples1_part3,brca_tnbc,DEGAS
0,0,1,1,0,0,0,0.447630375114364,scbatch_sz=460| patbatch_sz=65| hidden_feats=90| do_prc=0.5,degas_arg_samples1_part3,brca_tnbc,DEGAS
0,0,1,1,0,0,0,0.447630375114364,scbatch_sz=470| patbatch_sz=50| hidden_feats=85| do_prc=0.7,degas_arg_samples1_part3,brca_tnbc,DEGAS
0,4.08780607447983e-05,0.999959121939255,1,0,0,0,0.447612076852699,scbatch_sz=410| patbatch_sz=45| hidden_feats=100| do_prc=0.4,degas_arg_samples1_part3,brca_tnbc,DEGAS
0,0,1,1,0,0,0,0.447630375114364,scbatch_sz=180| patbatch_sz=95| hidden_feats=55| do_prc=0.3,degas_arg_samples1_part3,brca_tnbc,DEGAS
0,0,1,1,0,0,0,0.447630375114364,scbatch_sz=290| patbatch_sz=65| hidden_feats=35| do_prc=0.9,degas_arg_samples1_part3,brca_tnbc,DEGAS
0,0,1,1,0,0,0,0.447630375114364,scbatch_sz=300| patbatch_sz=95| hidden_feats=55| do_prc=0.7,degas_arg_samples1_part3,brca_tnbc,DEGAS
0,0,1,1,0,0,0,0.447630375114364,scbatch_sz=310| patbatch_sz=70| hidden_feats=50| do_prc=0.6,degas_arg_samples1_part3,brca_tnbc,DEGAS
0,0,1,1,0,0,0,0.447630375114364,scbatch_sz=90| patbatch_sz=80| hidden_feats=70| do_prc=0.9,degas_arg_samples1_part3,brca_tnbc,DEGAS
0,0,1,1,0,0,0,0.447630375114364,scbatch_sz=310| patbatch_sz=95| hidden_feats=95| do_prc=0.7,degas_arg_samples1_part3,brca_tnbc,DEGAS
0,0,1,1,0,0,0,0.447630375114364,scbatch_sz=320| patbatch_sz=100| hidden_feats=45| do_prc=0.2,degas_arg_samples1_part3,brca_tnbc,DEGAS
0,0,1,1,0,0,0,0.447630375114364,scbatch_sz=130| patbatch_sz=40| hidden_feats=45| do_prc=0.3,degas_arg_samples1_part3,brca_tnbc,DEGAS
0,0,1,1,0,0,0,0.447630375114364,scbatch_sz=330| patbatch_sz=90| hidden_feats=60| do_prc=0.8,degas_arg_samples1_part3,brca_tnbc,DEGAS
0,0,1,1,0,0,0,0.447630375114364,scbatch_sz=390| patbatch_sz=50| hidden_feats=35| do_prc=0.4,degas_arg_samples1_part3,brca_tnbc,DEGAS
0,0,1,1,0,0,0,0.447630375114364,scbatch_sz=120| patbatch_sz=75| hidden_feats=70| do_prc=0.7,degas_arg_samples1_part3,brca_tnbc,DEGAS
0,0,1,1,0,0,0,0.447630375114364,scbatch_sz=300| patbatch_sz=60| hidden_feats=30| do_prc=0.4,degas_arg_samples1_part3,brca_tnbc,DEGAS
0,0,1,1,0,0,0,0.447630375114364,scbatch_sz=110| patbatch_sz=50| hidden_feats=70| do_prc=0.1,degas_arg_samples1_part3,brca_tnbc,DEGAS
0,0,1,1,0,0,0,0.447630375114364,scbatch_sz=460| patbatch_sz=50| hidden_feats=80| do_prc=0.8,degas_arg_samples1_part3,brca_tnbc,DEGAS
0,0,1,1,0,0,0,0.447630375114364,scbatch_sz=130| patbatch_sz=55| hidden_feats=30| do_prc=0.4,degas_arg_samples1_part3,brca_tnbc,DEGAS
0,0,1,1,0,0,0,0.447630375114364,scbatch_sz=230| patbatch_sz=95| hidden_feats=70| do_prc=0.9,degas_arg_samples1_part3,brca_tnbc,DEGAS
0,0,1,1,0,0,0,0.447630375114364,scbatch_sz=400| patbatch_sz=100| hidden_feats=50| do_prc=0.8,degas_arg_samples1_part3,brca_tnbc,DEGAS
0,0,1,1,0,0,0,0.447630375114364,scbatch_sz=180| patbatch_sz=25| hidden_feats=95| do_prc=0.6,degas_arg_samples1_part3,brca_tnbc,DEGAS
0,0,1,1,0,0,0,0.447630375114364,scbatch_sz=210| patbatch_sz=50| hidden_feats=80| do_prc=0.4,degas_arg_samples1_part3,brca_tnbc,DEGAS
0,0,1,1,0,0,0,0.447630375114364,scbatch_sz=470| patbatch_sz=30| hidden_feats=40| do_prc=0.8,degas_arg_samples1_part3,brca_tnbc,DEGAS
0,0,1,1,0,0,0,0.447630375114364,scbatch_sz=430| patbatch_sz=25| hidden_feats=90| do_prc=0.3,degas_arg_samples1_part3,brca_tnbc,DEGAS
0,0,1,1,0,0,0,0.447630375114364,scbatch_sz=160| patbatch_sz=30| hidden_feats=25| do_prc=0.4,degas_arg_samples1_part3,brca_tnbc,DEGAS
0,0,1,1,0,0,0,0.447630375114364,scbatch_sz=190| patbatch_sz=40| hidden_feats=90| do_prc=0.4,degas_arg_samples1_part3,brca_tnbc,DEGAS
0,0,1,1,0,0,0,0.447630375114364,scbatch_sz=360| patbatch_sz=85| hidden_feats=90| do_prc=0.6,degas_arg_samples1_part3,brca_tnbc,DEGAS
0,0,1,1,0,0,0,0.447630375114364,scbatch_sz=460| patbatch_sz=45| hidden_feats=50| do_prc=0.1,degas_arg_samples1_part3,brca_tnbc,DEGAS
0,0,1,1,0,0,0,0.447630375114364,scbatch_sz=490| patbatch_sz=50| hidden_feats=35| do_prc=0.4,degas_arg_samples1_part3,brca_tnbc,DEGAS
0,0,1,1,0,0,0,0.447630375114364,scbatch_sz=110| patbatch_sz=95| hidden_feats=60| do_prc=0.9,degas_arg_samples1_part3,brca_tnbc,DEGAS
0,0,1,1,0,0,0,0.447630375114364,scbatch_sz=130| patbatch_sz=35| hidden_feats=90| do_prc=0.7,degas_arg_samples1_part3,brca_tnbc,DEGAS
0,0,1,1,0,0,0,0.447630375114364,scbatch_sz=450| patbatch_sz=65| hidden_feats=35| do_prc=0.8,degas_arg_samples1_part3,brca_tnbc,DEGAS
0,0,1,1,0,0,0,0.447630375114364,scbatch_sz=140| patbatch_sz=40| hidden_feats=90| do_prc=0.5,degas_arg_samples1_part3,brca_tnbc,DEGAS
0,0,1,1,0,0,0,0.447630375114364,scbatch_sz=270| patbatch_sz=50| hidden_feats=95| do_prc=0.2,degas_arg_samples1_part3,brca_tnbc,DEGAS
0,0,1,1,0,0,0,0.447630375114364,scbatch_sz=310| patbatch_sz=65| hidden_feats=60| do_prc=0.6,degas_arg_samples1_part3,brca_tnbc,DEGAS
0,0,1,1,0,0,0,0.447630375114364,scbatch_sz=110| patbatch_sz=100| hidden_feats=25| do_prc=0.9,degas_arg_samples1_part3,brca_tnbc,DEGAS
0,0,1,1,0,0,0,0.447630375114364,scbatch_sz=310| patbatch_sz=90| hidden_feats=55| do_prc=0.8,degas_arg_samples1_part3,brca_tnbc,DEGAS
0,0,1,1,0,0,0,0.447630375114364,scbatch_sz=360| patbatch_sz=65| hidden_feats=75| do_prc=0.4,degas_arg_samples1_part3,brca_tnbc,DEGAS
0,0,1,1,0,0,0,0.447630375114364,scbatch_sz=420| patbatch_sz=55| hidden_feats=55| do_prc=0.5,degas_arg_samples1_part3,brca_tnbc,DEGAS
0,0,1,1,0,0,0,0.447630375114364,scbatch_sz=290| patbatch_sz=35| hidden_feats=85| do_prc=0.7,degas_arg_samples1_part3,brca_tnbc,DEGAS
0,0,1,1,0,0,0,0.447630375114364,scbatch_sz=380| patbatch_sz=60| hidden_feats=95| do_prc=0.1,degas_arg_samples1_part3,brca_tnbc,DEGAS
0,0,1,1,0,0,0,0.447630375114364,scbatch_sz=330| patbatch_sz=100| hidden_feats=55| do_prc=0.8,degas_arg_samples1_part3,brca_tnbc,DEGAS
0,0,1,1,0,0,0,0.447630375114364,scbatch_sz=90| patbatch_sz=90| hidden_feats=70| do_prc=0.8,degas_arg_samples1_part3,brca_tnbc,DEGAS
0,0,1,1,0,0,0,0.447630375114364,scbatch_sz=120| patbatch_sz=80| hidden_feats=50| do_prc=0.9,degas_arg_samples1_part3,brca_tnbc,DEGAS
0,0,1,1,0,0,0,0.447630375114364,scbatch_sz=160| patbatch_sz=95| hidden_feats=90| do_prc=0.8,degas_arg_samples1_part3,brca_tnbc,DEGAS
0,0,1,1,0,0,0,0.447630375114364,scbatch_sz=170| patbatch_sz=65| hidden_feats=95| do_prc=0.2,degas_arg_samples1_part3,brca_tnbc,DEGAS
0,0,1,1,0,0,0,0.447630375114364,scbatch_sz=200| patbatch_sz=50| hidden_feats=50| do_prc=0.5,degas_arg_samples1_part3,brca_tnbc,DEGAS
0,0,1,1,0,0,0,0.447630375114364,arch=DenseNet| ff_depth=6| bag_depth=4,degas_arg_samples2_part1,brca_tnbc,DEGAS
0,0,1,1,0,0,0,0.447630375114364,arch=DenseNet| ff_depth=8| bag_depth=8,degas_arg_samples2_part1,brca_tnbc,DEGAS
0,0,1,1,0,0,0,0.447630375114364,arch=DenseNet| ff_depth=6| bag_depth=9,degas_arg_samples2_part1,brca_tnbc,DEGAS
0,0,1,1,0,0,0,0.447630375114364,arch=Standard| ff_depth=7| bag_depth=6,degas_arg_samples2_part1,brca_tnbc,DEGAS
0,0,1,1,0,0,0,0.447630375114364,arch=DenseNet| ff_depth=10| bag_depth=6,degas_arg_samples2_part1,brca_tnbc,DEGAS
0,0,1,1,0,0,0,0.447630375114364,arch=Standard| ff_depth=3| bag_depth=8,degas_arg_samples2_part1,brca_tnbc,DEGAS
0,0,1,1,0,0,0,0.447630375114364,arch=Standard| ff_depth=6| bag_depth=3,degas_arg_samples2_part1,brca_tnbc,DEGAS
0,0,1,1,0,0,0,0.447630375114364,arch=Standard| ff_depth=9| bag_depth=8,degas_arg_samples2_part1,brca_tnbc,DEGAS
0,0,1,1,0,0,0,0.447630375114364,arch=DenseNet| ff_depth=3| bag_depth=8,degas_arg_samples2_part1,brca_tnbc,DEGAS
0,0,1,1,0,0,0,0.447630375114364,arch=DenseNet| ff_depth=2| bag_depth=8,degas_arg_samples2_part1,brca_tnbc,DEGAS
0,0,1,1,0,0,0,0.447630375114364,arch=Standard| ff_depth=10| bag_depth=5,degas_arg_samples2_part1,brca_tnbc,DEGAS
0,0,1,1,0,0,0,0.447630375114364,arch=Standard| ff_depth=10| bag_depth=10,degas_arg_samples2_part1,brca_tnbc,DEGAS
0,0,1,1,0,0,0,0.447630375114364,arch=Standard| ff_depth=7| bag_depth=8,degas_arg_samples2_part1,brca_tnbc,DEGAS
0,0,1,1,0,0,0,0.447630375114364,arch=DenseNet| ff_depth=6| bag_depth=5,degas_arg_samples2_part1,brca_tnbc,DEGAS
0,0,1,1,0,0,0,0.447630375114364,arch=Standard| ff_depth=10| bag_depth=8,degas_arg_samples2_part1,brca_tnbc,DEGAS
0,0,1,1,0,0,0,0.447630375114364,arch=DenseNet| ff_depth=5| bag_depth=9,degas_arg_samples2_part1,brca_tnbc,DEGAS
0,0,1,1,0,0,0,0.447630375114364,arch=Standard| ff_depth=7| bag_depth=10,degas_arg_samples2_part1,brca_tnbc,DEGAS
0,0,1,1,0,0,0,0.447630375114364,arch=DenseNet| ff_depth=9| bag_depth=3,degas_arg_samples2_part1,brca_tnbc,DEGAS
0,0,1,1,0,0,0,0.447630375114364,arch=DenseNet| ff_depth=7| bag_depth=9,degas_arg_samples2_part1,brca_tnbc,DEGAS
0,0,1,1,0,0,0,0.447630375114364,arch=DenseNet| ff_depth=7| bag_depth=5,degas_arg_samples2_part1,brca_tnbc,DEGAS
0,0,1,1,0,0,0,0.447630375114364,arch=DenseNet| ff_depth=8| bag_depth=9,degas_arg_samples2_part1,brca_tnbc,DEGAS
0,0,1,1,0,0,0,0.447630375114364,arch=Standard| ff_depth=2| bag_depth=7,degas_arg_samples2_part1,brca_tnbc,DEGAS
0,0,1,1,0,0,0,0.447630375114364,arch=DenseNet| ff_depth=7| bag_depth=9,degas_arg_samples2_part1,brca_tnbc,DEGAS
0,0,1,1,0,0,0,0.447630375114364,arch=DenseNet| ff_depth=3| bag_depth=9,degas_arg_samples2_part1,brca_tnbc,DEGAS
0,0,1,1,0,0,0,0.447630375114364,arch=DenseNet| ff_depth=2| bag_depth=4,degas_arg_samples2_part1,brca_tnbc,DEGAS
0,0,1,1,0,0,0,0.447630375114364,arch=DenseNet| ff_depth=3| bag_depth=8,degas_arg_samples2_part1,brca_tnbc,DEGAS
0,0,1,1,0,0,0,0.447630375114364,arch=Standard| ff_depth=5| bag_depth=8,degas_arg_samples2_part1,brca_tnbc,DEGAS
0,0,1,1,0,0,0,0.447630375114364,arch=Standard| ff_depth=6| bag_depth=9,degas_arg_samples2_part1,brca_tnbc,DEGAS
0,0,1,1,0,0,0,0.447630375114364,arch=DenseNet| ff_depth=7| bag_depth=10,degas_arg_samples2_part1,brca_tnbc,DEGAS
0,0,1,1,0,0,0,0.447630375114364,arch=Standard| ff_depth=4| bag_depth=9,degas_arg_samples2_part1,brca_tnbc,DEGAS
0,0,1,1,0,0,0,0.447630375114364,arch=DenseNet| ff_depth=10| bag_depth=5,degas_arg_samples2_part1,brca_tnbc,DEGAS
0,0,1,1,0,0,0,0.447630375114364,arch=Standard| ff_depth=5| bag_depth=4,degas_arg_samples2_part1,brca_tnbc,DEGAS
0,0,1,1,0,0,0,0.447630375114364,arch=DenseNet| ff_depth=7| bag_depth=7,degas_arg_samples2_part1,brca_tnbc,DEGAS
0,0,1,1,0,0,0,0.447630375114364,arch=Standard| ff_depth=10| bag_depth=8,degas_arg_samples2_part1,brca_tnbc,DEGAS
0,0,1,1,0,0,0,0.447630375114364,arch=Standard| ff_depth=10| bag_depth=10,degas_arg_samples2_part1,brca_tnbc,DEGAS
0,0,1,1,0,0,0,0.447630375114364,arch=DenseNet| ff_depth=8| bag_depth=10,degas_arg_samples2_part1,brca_tnbc,DEGAS
0,0,1,1,0,0,0,0.447630375114364,arch=DenseNet| ff_depth=4| bag_depth=10,degas_arg_samples2_part1,brca_tnbc,DEGAS
0,0,1,1,0,0,0,0.447630375114364,arch=DenseNet| ff_depth=9| bag_depth=7,degas_arg_samples2_part1,brca_tnbc,DEGAS
0,0,1,1,0,0,0,0.447630375114364,arch=DenseNet| ff_depth=10| bag_depth=9,degas_arg_samples2_part1,brca_tnbc,DEGAS
0,0,1,1,0,0,0,0.447630375114364,arch=Standard| ff_depth=4| bag_depth=5,degas_arg_samples2_part1,brca_tnbc,DEGAS
0,0,1,1,0,0,0,0.447630375114364,arch=DenseNet| ff_depth=8| bag_depth=6,degas_arg_samples2_part1,brca_tnbc,DEGAS
0,0,1,1,0,0,0,0.447630375114364,arch=Standard| ff_depth=4| bag_depth=6,degas_arg_samples2_part1,brca_tnbc,DEGAS
0,0,1,1,0,0,0,0.447630375114364,arch=Standard| ff_depth=8| bag_depth=8,degas_arg_samples2_part1,brca_tnbc,DEGAS
0,0,1,1,0,0,0,0.447630375114364,arch=DenseNet| ff_depth=7| bag_depth=6,degas_arg_samples2_part1,brca_tnbc,DEGAS
0,0,1,1,0,0,0,0.447630375114364,arch=DenseNet| ff_depth=6| bag_depth=7,degas_arg_samples2_part1,brca_tnbc,DEGAS
0,0,1,1,0,0,0,0.447630375114364,arch=DenseNet| ff_depth=6| bag_depth=5,degas_arg_samples2_part1,brca_tnbc,DEGAS
0,0,1,1,0,0,0,0.447630375114364,arch=DenseNet| ff_depth=9| bag_depth=3,degas_arg_samples2_part1,brca_tnbc,DEGAS
0,0,1,1,0,0,0,0.447630375114364,arch=Standard| ff_depth=4| bag_depth=9,degas_arg_samples2_part1,brca_tnbc,DEGAS
0,0,1,1,0,0,0,0.447630375114364,arch=DenseNet| ff_depth=3| bag_depth=8,degas_arg_samples2_part1,brca_tnbc,DEGAS
0,0,1,1,0,0,0,0.447630375114364,arch=DenseNet| ff_depth=3| bag_depth=4,degas_arg_samples2_part1,brca_tnbc,DEGAS
0,0,1,1,0,0,0,0.447630375114364,arch=DenseNet| ff_depth=3| bag_depth=5,degas_arg_samples2_part1,brca_tnbc,DEGAS
0,0,1,1,0,0,0,0.447630375114364,lamb1=4| lamb2=2| lamb3=10,degas_arg_samples2_part2,brca_tnbc,DEGAS
0,0,1,1,0,0,0,0.447630375114364,lamb1=4| lamb2=3| lamb3=8,degas_arg_samples2_part2,brca_tnbc,DEGAS
0,0,1,1,0,0,0,0.447630375114364,lamb1=3| lamb2=5| lamb3=3,degas_arg_samples2_part2,brca_tnbc,DEGAS
0,0,1,1,0,0,0,0.447630375114364,lamb1=7| lamb2=6| lamb3=4,degas_arg_samples2_part2,brca_tnbc,DEGAS
0,0,1,1,0,0,0,0.447630375114364,lamb1=6| lamb2=7| lamb3=9,degas_arg_samples2_part2,brca_tnbc,DEGAS
0,0,1,1,0,0,0,0.447630375114364,lamb1=5| lamb2=4| lamb3=5,degas_arg_samples2_part2,brca_tnbc,DEGAS
0,0,1,1,0,0,0,0.447630375114364,lamb1=7| lamb2=10| lamb3=8,degas_arg_samples2_part2,brca_tnbc,DEGAS
0,0,1,1,0,0,0,0.447630375114364,lamb1=10| lamb2=5| lamb3=5,degas_arg_samples2_part2,brca_tnbc,DEGAS
0,0,1,1,0,0,0,0.447630375114364,lamb1=6| lamb2=7| lamb3=2,degas_arg_samples2_part2,brca_tnbc,DEGAS
0,0,1,1,0,0,0,0.447630375114364,lamb1=4| lamb2=10| lamb3=9,degas_arg_samples2_part2,brca_tnbc,DEGAS
0,0,1,1,0,0,0,0.447630375114364,lamb1=10| lamb2=10| lamb3=5,degas_arg_samples2_part2,brca_tnbc,DEGAS
0,0,1,1,0,0,0,0.447630375114364,lamb1=10| lamb2=8| lamb3=10,degas_arg_samples2_part2,brca_tnbc,DEGAS
0,0,1,1,0,0,0,0.447630375114364,lamb1=10| lamb2=4| lamb3=9,degas_arg_samples2_part2,brca_tnbc,DEGAS
0,0,1,1,0,0,0,0.447630375114364,lamb1=4| lamb2=9| lamb3=7,degas_arg_samples2_part2,brca_tnbc,DEGAS
0,0,1,1,0,0,0,0.447630375114364,lamb1=9| lamb2=10| lamb3=5,degas_arg_samples2_part2,brca_tnbc,DEGAS
0,0,1,1,0,0,0,0.447630375114364,lamb1=8| lamb2=4| lamb3=9,degas_arg_samples2_part2,brca_tnbc,DEGAS
0,0,1,1,0,0,0,0.447630375114364,lamb1=10| lamb2=8| lamb3=4,degas_arg_samples2_part2,brca_tnbc,DEGAS
0,0,1,1,0,0,0,0.447630375114364,lamb1=4| lamb2=4| lamb3=5,degas_arg_samples2_part2,brca_tnbc,DEGAS
0,0,1,1,0,0,0,0.447630375114364,lamb1=5| lamb2=8| lamb3=5,degas_arg_samples2_part2,brca_tnbc,DEGAS
0,0,1,1,0,0,0,0.447630375114364,lamb1=2| lamb2=7| lamb3=7,degas_arg_samples2_part2,brca_tnbc,DEGAS
0,0,1,1,0,0,0,0.447630375114364,lamb1=8| lamb2=6| lamb3=2,degas_arg_samples2_part2,brca_tnbc,DEGAS
0,0,1,1,0,0,0,0.447630375114364,lamb1=6| lamb2=6| lamb3=5,degas_arg_samples2_part2,brca_tnbc,DEGAS
0,0,1,1,0,0,0,0.447630375114364,lamb1=8| lamb2=9| lamb3=10,degas_arg_samples2_part2,brca_tnbc,DEGAS
0,0,1,1,0,0,0,0.447630375114364,lamb1=10| lamb2=4| lamb3=8,degas_arg_samples2_part2,brca_tnbc,DEGAS
0,0,1,1,0,0,0,0.447630375114364,lamb1=10| lamb2=3| lamb3=9,degas_arg_samples2_part2,brca_tnbc,DEGAS
0,0,1,1,0,0,0,0.447630375114364,lamb1=8| lamb2=3| lamb3=6,degas_arg_samples2_part2,brca_tnbc,DEGAS
0,0,1,1,0,0,0,0.447630375114364,lamb1=6| lamb2=7| lamb3=3,degas_arg_samples2_part2,brca_tnbc,DEGAS
0,0,1,1,0,0,0,0.447630375114364,lamb1=8| lamb2=5| lamb3=7,degas_arg_samples2_part2,brca_tnbc,DEGAS
0,0,1,1,0,0,0,0.447630375114364,lamb1=6| lamb2=2| lamb3=10,degas_arg_samples2_part2,brca_tnbc,DEGAS
0,0,1,1,0,0,0,0.447630375114364,lamb1=7| lamb2=7| lamb3=9,degas_arg_samples2_part2,brca_tnbc,DEGAS
0,0,1,1,0,0,0,0.447630375114364,lamb1=10| lamb2=4| lamb3=5,degas_arg_samples2_part2,brca_tnbc,DEGAS
0,0,1,1,0,0,0,0.447630375114364,lamb1=3| lamb2=9| lamb3=6,degas_arg_samples2_part2,brca_tnbc,DEGAS
0,0,1,1,0,0,0,0.447630375114364,lamb1=6| lamb2=4| lamb3=8,degas_arg_samples2_part2,brca_tnbc,DEGAS
0,0,1,1,0,0,0,0.447630375114364,lamb1=9| lamb2=9| lamb3=2,degas_arg_samples2_part2,brca_tnbc,DEGAS
0,0,1,1,0,0,0,0.447630375114364,lamb1=3| lamb2=2| lamb3=9,degas_arg_samples2_part2,brca_tnbc,DEGAS
0,0,1,1,0,0,0,0.447630375114364,lamb1=2| lamb2=8| lamb3=9,degas_arg_samples2_part2,brca_tnbc,DEGAS
0,0,1,1,0,0,0,0.447630375114364,lamb1=10| lamb2=8| lamb3=10,degas_arg_samples2_part2,brca_tnbc,DEGAS
0,0,1,1,0,0,0,0.447630375114364,lamb1=10| lamb2=8| lamb3=9,degas_arg_samples2_part2,brca_tnbc,DEGAS
0,0,1,1,0,0,0,0.447630375114364,lamb1=7| lamb2=7| lamb3=3,degas_arg_samples2_part2,brca_tnbc,DEGAS
0,0,1,1,0,0,0,0.447630375114364,lamb1=6| lamb2=8| lamb3=6,degas_arg_samples2_part2,brca_tnbc,DEGAS
0,0,1,1,0,0,0,0.447630375114364,lamb1=10| lamb2=6| lamb3=10,degas_arg_samples2_part2,brca_tnbc,DEGAS
0,0,1,1,0,0,0,0.447630375114364,lamb1=5| lamb2=7| lamb3=8,degas_arg_samples2_part2,brca_tnbc,DEGAS
0,0,1,1,0,0,0,0.447630375114364,lamb1=7| lamb2=9| lamb3=8,degas_arg_samples2_part2,brca_tnbc,DEGAS
0,0,1,1,0,0,0,0.447630375114364,lamb1=9| lamb2=6| lamb3=9,degas_arg_samples2_part2,brca_tnbc,DEGAS
0,0,1,1,0,0,0,0.447630375114364,lamb1=7| lamb2=8| lamb3=7,degas_arg_samples2_part2,brca_tnbc,DEGAS
0,0,1,1,0,0,0,0.447630375114364,lamb1=7| lamb2=5| lamb3=8,degas_arg_samples2_part2,brca_tnbc,DEGAS
0,0,1,1,0,0,0,0.447630375114364,lamb1=8| lamb2=4| lamb3=2,degas_arg_samples2_part2,brca_tnbc,DEGAS
0,0,1,1,0,0,0,0.447630375114364,lamb1=2| lamb2=10| lamb3=10,degas_arg_samples2_part2,brca_tnbc,DEGAS
0,0,1,1,0,0,0,0.447630375114364,lamb1=7| lamb2=8| lamb3=4,degas_arg_samples2_part2,brca_tnbc,DEGAS
0,0,1,1,0,0,0,0.447630375114364,lamb1=3| lamb2=7| lamb3=6,degas_arg_samples2_part2,brca_tnbc,DEGAS
0,0,1,1,0,0,0,0.447630375114364,lamb1=3| lamb2=3| lamb3=3,degas_arg_samples2_part2,brca_tnbc,DEGAS
0,0,1,1,0,0,0,0.447630375114364,scbatch_sz=350| patbatch_sz=30| hidden_feats=90| do_prc=0.7,degas_arg_samples2_part3,brca_tnbc,DEGAS
0,0,1,1,0,0,0,0.447630375114364,scbatch_sz=190| patbatch_sz=25| hidden_feats=90| do_prc=0.5,degas_arg_samples2_part3,brca_tnbc,DEGAS
0,0,1,1,0,0,0,0.447630375114364,scbatch_sz=180| patbatch_sz=65| hidden_feats=100| do_prc=0.6,degas_arg_samples2_part3,brca_tnbc,DEGAS
0,0,1,1,0,0,0,0.447630375114364,scbatch_sz=70| patbatch_sz=75| hidden_feats=35| do_prc=0.8,degas_arg_samples2_part3,brca_tnbc,DEGAS
0,0,1,1,0,0,0,0.447630375114364,scbatch_sz=460| patbatch_sz=65| hidden_feats=90| do_prc=0.5,degas_arg_samples2_part3,brca_tnbc,DEGAS
0,0,1,1,0,0,0,0.447630375114364,scbatch_sz=470| patbatch_sz=50| hidden_feats=85| do_prc=0.7,degas_arg_samples2_part3,brca_tnbc,DEGAS
0,0,1,1,0,0,0,0.447630375114364,scbatch_sz=410| patbatch_sz=45| hidden_feats=100| do_prc=0.4,degas_arg_samples2_part3,brca_tnbc,DEGAS
0,0,1,1,0,0,0,0.447630375114364,scbatch_sz=180| patbatch_sz=95| hidden_feats=55| do_prc=0.3,degas_arg_samples2_part3,brca_tnbc,DEGAS
0,0,1,1,0,0,0,0.447630375114364,scbatch_sz=290| patbatch_sz=65| hidden_feats=35| do_prc=0.9,degas_arg_samples2_part3,brca_tnbc,DEGAS
0,0,1,1,0,0,0,0.447630375114364,scbatch_sz=300| patbatch_sz=95| hidden_feats=55| do_prc=0.7,degas_arg_samples2_part3,brca_tnbc,DEGAS
0,0,1,1,0,0,0,0.447630375114364,scbatch_sz=310| patbatch_sz=70| hidden_feats=50| do_prc=0.6,degas_arg_samples2_part3,brca_tnbc,DEGAS
0,0,1,1,0,0,0,0.447630375114364,scbatch_sz=90| patbatch_sz=80| hidden_feats=70| do_prc=0.9,degas_arg_samples2_part3,brca_tnbc,DEGAS
0,0,1,1,0,0,0,0.447630375114364,scbatch_sz=310| patbatch_sz=95| hidden_feats=95| do_prc=0.7,degas_arg_samples2_part3,brca_tnbc,DEGAS
0,0,1,1,0,0,0,0.447630375114364,scbatch_sz=320| patbatch_sz=100| hidden_feats=45| do_prc=0.2,degas_arg_samples2_part3,brca_tnbc,DEGAS
0,0,1,1,0,0,0,0.447630375114364,scbatch_sz=130| patbatch_sz=40| hidden_feats=45| do_prc=0.3,degas_arg_samples2_part3,brca_tnbc,DEGAS
0,0,1,1,0,0,0,0.447630375114364,scbatch_sz=330| patbatch_sz=90| hidden_feats=60| do_prc=0.8,degas_arg_samples2_part3,brca_tnbc,DEGAS
0,0,1,1,0,0,0,0.447630375114364,scbatch_sz=390| patbatch_sz=50| hidden_feats=35| do_prc=0.4,degas_arg_samples2_part3,brca_tnbc,DEGAS
0,0,1,1,0,0,0,0.447630375114364,scbatch_sz=120| patbatch_sz=75| hidden_feats=70| do_prc=0.7,degas_arg_samples2_part3,brca_tnbc,DEGAS
0,0,1,1,0,0,0,0.447630375114364,scbatch_sz=300| patbatch_sz=60| hidden_feats=30| do_prc=0.4,degas_arg_samples2_part3,brca_tnbc,DEGAS
0,0,1,1,0,0,0,0.447630375114364,scbatch_sz=110| patbatch_sz=50| hidden_feats=70| do_prc=0.1,degas_arg_samples2_part3,brca_tnbc,DEGAS
0,0,1,1,0,0,0,0.447630375114364,scbatch_sz=460| patbatch_sz=50| hidden_feats=80| do_prc=0.8,degas_arg_samples2_part3,brca_tnbc,DEGAS
0,0,1,1,0,0,0,0.447630375114364,scbatch_sz=130| patbatch_sz=55| hidden_feats=30| do_prc=0.4,degas_arg_samples2_part3,brca_tnbc,DEGAS
0,0,1,1,0,0,0,0.447630375114364,scbatch_sz=230| patbatch_sz=95| hidden_feats=70| do_prc=0.9,degas_arg_samples2_part3,brca_tnbc,DEGAS
0,0,1,1,0,0,0,0.447630375114364,scbatch_sz=400| patbatch_sz=100| hidden_feats=50| do_prc=0.8,degas_arg_samples2_part3,brca_tnbc,DEGAS
0,0,1,1,0,0,0,0.447630375114364,scbatch_sz=180| patbatch_sz=25| hidden_feats=95| do_prc=0.6,degas_arg_samples2_part3,brca_tnbc,DEGAS
0,0,1,1,0,0,0,0.447630375114364,scbatch_sz=210| patbatch_sz=50| hidden_feats=80| do_prc=0.4,degas_arg_samples2_part3,brca_tnbc,DEGAS
0,0,1,1,0,0,0,0.447630375114364,scbatch_sz=470| patbatch_sz=30| hidden_feats=40| do_prc=0.8,degas_arg_samples2_part3,brca_tnbc,DEGAS
0,0,1,1,0,0,0,0.447630375114364,scbatch_sz=430| patbatch_sz=25| hidden_feats=90| do_prc=0.3,degas_arg_samples2_part3,brca_tnbc,DEGAS
0,0,1,1,0,0,0,0.447630375114364,scbatch_sz=160| patbatch_sz=30| hidden_feats=25| do_prc=0.4,degas_arg_samples2_part3,brca_tnbc,DEGAS
0,0,1,1,0,0,0,0.447630375114364,scbatch_sz=190| patbatch_sz=40| hidden_feats=90| do_prc=0.4,degas_arg_samples2_part3,brca_tnbc,DEGAS
0,0,1,1,0,0,0,0.447630375114364,scbatch_sz=360| patbatch_sz=85| hidden_feats=90| do_prc=0.6,degas_arg_samples2_part3,brca_tnbc,DEGAS
0,0,1,1,0,0,0,0.447630375114364,scbatch_sz=460| patbatch_sz=45| hidden_feats=50| do_prc=0.1,degas_arg_samples2_part3,brca_tnbc,DEGAS
0,0,1,1,0,0,0,0.447630375114364,scbatch_sz=490| patbatch_sz=50| hidden_feats=35| do_prc=0.4,degas_arg_samples2_part3,brca_tnbc,DEGAS
0,0,1,1,0,0,0,0.447630375114364,scbatch_sz=110| patbatch_sz=95| hidden_feats=60| do_prc=0.9,degas_arg_samples2_part3,brca_tnbc,DEGAS
0,0,1,1,0,0,0,0.447630375114364,scbatch_sz=130| patbatch_sz=35| hidden_feats=90| do_prc=0.7,degas_arg_samples2_part3,brca_tnbc,DEGAS
0,0,1,1,0,0,0,0.447630375114364,scbatch_sz=450| patbatch_sz=65| hidden_feats=35| do_prc=0.8,degas_arg_samples2_part3,brca_tnbc,DEGAS
0,0,1,1,0,0,0,0.447630375114364,scbatch_sz=140| patbatch_sz=40| hidden_feats=90| do_prc=0.5,degas_arg_samples2_part3,brca_tnbc,DEGAS
0,0,1,1,0,0,0,0.447630375114364,scbatch_sz=270| patbatch_sz=50| hidden_feats=95| do_prc=0.2,degas_arg_samples2_part3,brca_tnbc,DEGAS
0,0,1,1,0,0,0,0.447630375114364,scbatch_sz=310| patbatch_sz=65| hidden_feats=60| do_prc=0.6,degas_arg_samples2_part3,brca_tnbc,DEGAS
0,0,1,1,0,0,0,0.447630375114364,scbatch_sz=110| patbatch_sz=100| hidden_feats=25| do_prc=0.9,degas_arg_samples2_part3,brca_tnbc,DEGAS
0,0,1,1,0,0,0,0.447630375114364,scbatch_sz=310| patbatch_sz=90| hidden_feats=55| do_prc=0.8,degas_arg_samples2_part3,brca_tnbc,DEGAS
0,0,1,1,0,0,0,0.447630375114364,scbatch_sz=360| patbatch_sz=65| hidden_feats=75| do_prc=0.4,degas_arg_samples2_part3,brca_tnbc,DEGAS
0,0,1,1,0,0,0,0.447630375114364,scbatch_sz=420| patbatch_sz=55| hidden_feats=55| do_prc=0.5,degas_arg_samples2_part3,brca_tnbc,DEGAS
0,0,1,1,0,0,0,0.447630375114364,scbatch_sz=290| patbatch_sz=35| hidden_feats=85| do_prc=0.7,degas_arg_samples2_part3,brca_tnbc,DEGAS
0,0,1,1,0,0,0,0.447630375114364,scbatch_sz=380| patbatch_sz=60| hidden_feats=95| do_prc=0.1,degas_arg_samples2_part3,brca_tnbc,DEGAS
0,0,1,1,0,0,0,0.447630375114364,scbatch_sz=330| patbatch_sz=100| hidden_feats=55| do_prc=0.8,degas_arg_samples2_part3,brca_tnbc,DEGAS
0,0,1,1,0,0,0,0.447630375114364,scbatch_sz=90| patbatch_sz=90| hidden_feats=70| do_prc=0.8,degas_arg_samples2_part3,brca_tnbc,DEGAS
0,0,1,1,0,0,0,0.447630375114364,scbatch_sz=120| patbatch_sz=80| hidden_feats=50| do_prc=0.9,degas_arg_samples2_part3,brca_tnbc,DEGAS
0,0,1,1,0,0,0,0.447630375114364,scbatch_sz=160| patbatch_sz=95| hidden_feats=90| do_prc=0.8,degas_arg_samples2_part3,brca_tnbc,DEGAS
0,0,1,1,0,0,0,0.447630375114364,scbatch_sz=170| patbatch_sz=65| hidden_feats=95| do_prc=0.2,degas_arg_samples2_part3,brca_tnbc,DEGAS
0,0,1,1,0,0,0,0.447630375114364,scbatch_sz=200| patbatch_sz=50| hidden_feats=50| do_prc=0.5,degas_arg_samples2_part3,brca_tnbc,DEGAS
0.804783516083082,0.849323468094674,0.150676531905326,0.195216483916918,0.539016218854696,0.804783516083082,0.645619070397832,0.511985361390668,tred=1.5| repeat_times=15| alpha_samples=5e-04|0.001|0.005|0.01|0.05,scab_arg_samples1,brca_tnbc,scAB
0.804783516083082,0.849323468094674,0.150676531905326,0.195216483916918,0.539016218854696,0.804783516083082,0.645619070397832,0.511985361390668,tred=1.5| repeat_times=12| alpha_samples=5e-04|0.001|0.005|0.01|0.05,scab_arg_samples1,brca_tnbc,scAB
0.804783516083082,0.849323468094674,0.150676531905326,0.195216483916918,0.539016218854696,0.804783516083082,0.645619070397832,0.511985361390668,tred=5| repeat_times=10| alpha_samples=5e-04|0.001|0.005|0.01|0.05,scab_arg_samples1,brca_tnbc,scAB
0.804783516083082,0.849323468094674,0.150676531905326,0.195216483916918,0.539016218854696,0.804783516083082,0.645619070397832,0.511985361390668,tred=1| repeat_times=10| alpha_samples=5e-04|0.001|0.005|0.01|0.05,scab_arg_samples1,brca_tnbc,scAB
0.804783516083082,0.849323468094674,0.150676531905326,0.195216483916918,0.539016218854696,0.804783516083082,0.645619070397832,0.511985361390668,tred=3| repeat_times=11| alpha_samples=5e-04|0.001|0.005|0.01|0.05,scab_arg_samples1,brca_tnbc,scAB
0.804783516083082,0.849323468094674,0.150676531905326,0.195216483916918,0.539016218854696,0.804783516083082,0.645619070397832,0.511985361390668,tred=2.5| repeat_times=19| alpha_samples=5e-04|0.001|0.005|0.01|0.05,scab_arg_samples1,brca_tnbc,scAB
0.804783516083082,0.849323468094674,0.150676531905326,0.195216483916918,0.539016218854696,0.804783516083082,0.645619070397832,0.511985361390668,tred=2| repeat_times=20| alpha_samples=5e-04|0.001|0.005|0.01|0.05,scab_arg_samples1,brca_tnbc,scAB
0.804783516083082,0.849323468094674,0.150676531905326,0.195216483916918,0.539016218854696,0.804783516083082,0.645619070397832,0.511985361390668,tred=3| repeat_times=5| alpha_samples=5e-04|0.001|0.005|0.01|0.05,scab_arg_samples1,brca_tnbc,scAB
0.804783516083082,0.849323468094674,0.150676531905326,0.195216483916918,0.539016218854696,0.804783516083082,0.645619070397832,0.511985361390668,tred=4.5| repeat_times=10| alpha_samples=5e-04|0.001|0.005|0.01|0.05,scab_arg_samples1,brca_tnbc,scAB
0.804783516083082,0.849323468094674,0.150676531905326,0.195216483916918,0.539016218854696,0.804783516083082,0.645619070397832,0.511985361390668,tred=5| repeat_times=6| alpha_samples=5e-04|0.001|0.005|0.01|0.05,scab_arg_samples1,brca_tnbc,scAB
0.804783516083082,0.849323468094674,0.150676531905326,0.195216483916918,0.539016218854696,0.804783516083082,0.645619070397832,0.511985361390668,tred=2.5| repeat_times=5| alpha_samples=5e-04|0.001|0.005|0.01|0.05,scab_arg_samples1,brca_tnbc,scAB
0.804783516083082,0.849323468094674,0.150676531905326,0.195216483916918,0.539016218854696,0.804783516083082,0.645619070397832,0.511985361390668,tred=1.5| repeat_times=6| alpha_samples=5e-04|0.001|0.005|0.01|0.05,scab_arg_samples1,brca_tnbc,scAB
0.804783516083082,0.849323468094674,0.150676531905326,0.195216483916918,0.539016218854696,0.804783516083082,0.645619070397832,0.511985361390668,tred=4.5| repeat_times=8| alpha_samples=5e-04|0.001|0.005|0.01|0.05,scab_arg_samples1,brca_tnbc,scAB
0.804783516083082,0.849323468094674,0.150676531905326,0.195216483916918,0.539016218854696,0.804783516083082,0.645619070397832,0.511985361390668,tred=4.5| repeat_times=17| alpha_samples=5e-04|0.001|0.005|0.01|0.05,scab_arg_samples1,brca_tnbc,scAB
0.804783516083082,0.849323468094674,0.150676531905326,0.195216483916918,0.539016218854696,0.804783516083082,0.645619070397832,0.511985361390668,tred=4.5| repeat_times=9| alpha_samples=5e-04|0.001|0.005|0.01|0.05,scab_arg_samples1,brca_tnbc,scAB
0.804783516083082,0.849323468094674,0.150676531905326,0.195216483916918,0.539016218854696,0.804783516083082,0.645619070397832,0.511985361390668,tred=1.5| repeat_times=10| alpha_samples=5e-04|0.001|0.005|0.01|0.05,scab_arg_samples1,brca_tnbc,scAB
0.804783516083082,0.849323468094674,0.150676531905326,0.195216483916918,0.539016218854696,0.804783516083082,0.645619070397832,0.511985361390668,tred=4| repeat_times=19| alpha_samples=5e-04|0.001|0.005|0.01|0.05,scab_arg_samples1,brca_tnbc,scAB
0.581641103786398,0.920083391243919,0.0799166087560806,0.418358896213602,0.438226925572805,0.581641103786398,0.499850540190455,0.357053979871912,tred=5| repeat_times=7| alpha_samples=5e-04|0.001|0.005|0.01|0.05,scab_arg_samples1,brca_tnbc,scAB
0.804783516083082,0.849323468094674,0.150676531905326,0.195216483916918,0.539016218854696,0.804783516083082,0.645619070397832,0.511985361390668,tred=3.5| repeat_times=13| alpha_samples=5e-04|0.001|0.005|0.01|0.05,scab_arg_samples1,brca_tnbc,scAB
0.804783516083082,0.849323468094674,0.150676531905326,0.195216483916918,0.539016218854696,0.804783516083082,0.645619070397832,0.511985361390668,tred=5| repeat_times=8| alpha_samples=5e-04|0.001|0.005|0.01|0.05,scab_arg_samples1,brca_tnbc,scAB
0.804783516083082,0.849323468094674,0.150676531905326,0.195216483916918,0.539016218854696,0.804783516083082,0.645619070397832,0.511985361390668,tred=4.5| repeat_times=10| alpha_samples=5e-04|0.001|0.005|0.01|0.05,scab_arg_samples1,brca_tnbc,scAB
0.804783516083082,0.849323468094674,0.150676531905326,0.195216483916918,0.539016218854696,0.804783516083082,0.645619070397832,0.511985361390668,tred=1.5| repeat_times=13| alpha_samples=5e-04|0.001|0.005|0.01|0.05,scab_arg_samples1,brca_tnbc,scAB
0.804783516083082,0.849323468094674,0.150676531905326,0.195216483916918,0.539016218854696,0.804783516083082,0.645619070397832,0.511985361390668,tred=2| repeat_times=20| alpha_samples=5e-04|0.001|0.005|0.01|0.05,scab_arg_samples1,brca_tnbc,scAB
0.586146354390963,0.965253648366921,0.0347463516330785,0.413853645609037,0.428353547824824,0.586146354390963,0.494978599602764,0.33932296431839,tred=0.5| repeat_times=18| alpha_samples=5e-04|0.001|0.005|0.01|0.05,scab_arg_samples1,brca_tnbc,scAB
0.804783516083082,0.849323468094674,0.150676531905326,0.195216483916918,0.539016218854696,0.804783516083082,0.645619070397832,0.511985361390668,tred=3.5| repeat_times=13| alpha_samples=5e-04|0.001|0.005|0.01|0.05,scab_arg_samples1,brca_tnbc,scAB
0.999403716831749,0.990352777664228,0.00964722233577239,0.000596283168251234,0.554617986616663,0.999403716831749,0.713358476289562,0.556358645928637,tred=2.5| repeat_times=11| alpha_samples=5e-04|0.001|0.005|0.01|0.05,scab_arg_samples1,brca_tnbc,scAB
0.999403716831749,0.990352777664228,0.00964722233577239,0.000596283168251234,0.554617986616663,0.999403716831749,0.713358476289562,0.556358645928637,tred=5| repeat_times=7| alpha_samples=5e-04|0.001|0.005|0.01|0.05,scab_arg_samples1,brca_tnbc,scAB
0.971245900553218,0.905449045497282,0.0945509545027184,0.0287540994467817,0.569643863296353,0.971245900553218,0.718110120505536,0.578810612991766,tred=3.5| repeat_times=12| alpha_samples=5e-04|0.001|0.005|0.01|0.05,scab_arg_samples1,brca_tnbc,scAB
0.999403716831749,0.990352777664228,0.00964722233577239,0.000596283168251234,0.554617986616663,0.999403716831749,0.713358476289562,0.556358645928637,tred=4.5| repeat_times=20| alpha_samples=5e-04|0.001|0.005|0.01|0.05,scab_arg_samples1,brca_tnbc,scAB
0.971179646867857,0.898172750684708,0.101827249315292,0.028820353132143,0.571604047651543,0.971179646867857,0.71964750355933,0.582031107044831,tred=4.5| repeat_times=18| alpha_samples=5e-04|0.001|0.005|0.01|0.05,scab_arg_samples1,brca_tnbc,scAB
0.999403716831749,0.990352777664228,0.00964722233577239,0.000596283168251234,0.554617986616663,0.999403716831749,0.713358476289562,0.556358645928637,tred=5| repeat_times=16| alpha_samples=5e-04|0.001|0.005|0.01|0.05,scab_arg_samples1,brca_tnbc,scAB
0.971245900553218,0.905449045497282,0.0945509545027184,0.0287540994467817,0.569643863296353,0.971245900553218,0.718110120505536,0.578810612991766,tred=3.5| repeat_times=19| alpha_samples=5e-04|0.001|0.005|0.01|0.05,scab_arg_samples1,brca_tnbc,scAB
0.999403716831749,0.990352777664228,0.00964722233577239,0.000596283168251234,0.554617986616663,0.999403716831749,0.713358476289562,0.556358645928637,tred=2.5| repeat_times=13| alpha_samples=5e-04|0.001|0.005|0.01|0.05,scab_arg_samples1,brca_tnbc,scAB
0.999403716831749,0.990352777664228,0.00964722233577239,0.000596283168251234,0.554617986616663,0.999403716831749,0.713358476289562,0.556358645928637,tred=3.5| repeat_times=18| alpha_samples=5e-04|0.001|0.005|0.01|0.05,scab_arg_samples1,brca_tnbc,scAB
0.999403716831749,0.990352777664228,0.00964722233577239,0.000596283168251234,0.554617986616663,0.999403716831749,0.713358476289562,0.556358645928637,tred=2.5| repeat_times=18| alpha_samples=5e-04|0.001|0.005|0.01|0.05,scab_arg_samples1,brca_tnbc,scAB
0.971179646867857,0.900993336876099,0.0990066631239014,0.028820353132143,0.570836091748121,0.971179646867857,0.719038567662027,0.580768526989936,tred=3| repeat_times=20| alpha_samples=5e-04|0.001|0.005|0.01|0.05,scab_arg_samples1,brca_tnbc,scAB
0.999403716831749,0.990352777664228,0.00964722233577239,0.000596283168251234,0.554617986616663,0.999403716831749,0.713358476289562,0.556358645928637,tred=4.5| repeat_times=7| alpha_samples=5e-04|0.001|0.005|0.01|0.05,scab_arg_samples1,brca_tnbc,scAB
0.999403716831749,0.990352777664228,0.00964722233577239,0.000596283168251234,0.554617986616663,0.999403716831749,0.713358476289562,0.556358645928637,tred=1| repeat_times=18| alpha_samples=5e-04|0.001|0.005|0.01|0.05,scab_arg_samples1,brca_tnbc,scAB
0.971179646867857,0.897028164983853,0.102971835016147,0.028820353132143,0.571916271629504,0.971179646867857,0.719894902268932,0.582543458371455,tred=2.5| repeat_times=17| alpha_samples=5e-04|0.001|0.005|0.01|0.05,scab_arg_samples1,brca_tnbc,scAB
0.999403716831749,0.990352777664228,0.00964722233577239,0.000596283168251234,0.554617986616663,0.999403716831749,0.713358476289562,0.556358645928637,tred=4| repeat_times=20| alpha_samples=5e-04|0.001|0.005|0.01|0.05,scab_arg_samples1,brca_tnbc,scAB
0.971179646867857,0.897028164983853,0.102971835016147,0.028820353132143,0.571916271629504,0.971179646867857,0.719894902268932,0.582543458371455,tred=1| repeat_times=11| alpha_samples=5e-04|0.001|0.005|0.01|0.05,scab_arg_samples1,brca_tnbc,scAB
0.999403716831749,0.990352777664228,0.00964722233577239,0.000596283168251234,0.554617986616663,0.999403716831749,0.713358476289562,0.556358645928637,tred=0.5| repeat_times=7| alpha_samples=5e-04|0.001|0.005|0.01|0.05,scab_arg_samples1,brca_tnbc,scAB
0.971245900553218,0.905449045497282,0.0945509545027184,0.0287540994467817,0.569643863296353,0.971245900553218,0.718110120505536,0.578810612991766,tred=4.5| repeat_times=11| alpha_samples=5e-04|0.001|0.005|0.01|0.05,scab_arg_samples1,brca_tnbc,scAB
0.971179646867857,0.897028164983853,0.102971835016147,0.028820353132143,0.571916271629504,0.971179646867857,0.719894902268932,0.582543458371455,tred=4.5| repeat_times=10| alpha_samples=5e-04|0.001|0.005|0.01|0.05,scab_arg_samples1,brca_tnbc,scAB
0.999403716831749,0.990352777664228,0.00964722233577239,0.000596283168251234,0.554617986616663,0.999403716831749,0.713358476289562,0.556358645928637,tred=3| repeat_times=14| alpha_samples=5e-04|0.001|0.005|0.01|0.05,scab_arg_samples1,brca_tnbc,scAB
0.999403716831749,0.990352777664228,0.00964722233577239,0.000596283168251234,0.554617986616663,0.999403716831749,0.713358476289562,0.556358645928637,tred=2.5| repeat_times=19| alpha_samples=5e-04|0.001|0.005|0.01|0.05,scab_arg_samples1,brca_tnbc,scAB
0.971179646867857,0.898172750684708,0.101827249315292,0.028820353132143,0.571604047651543,0.971179646867857,0.71964750355933,0.582031107044831,tred=4.5| repeat_times=9| alpha_samples=5e-04|0.001|0.005|0.01|0.05,scab_arg_samples1,brca_tnbc,scAB
0.999403716831749,0.990352777664228,0.00964722233577239,0.000596283168251234,0.554617986616663,0.999403716831749,0.713358476289562,0.556358645928637,tred=5| repeat_times=9| alpha_samples=5e-04|0.001|0.005|0.01|0.05,scab_arg_samples1,brca_tnbc,scAB
0.999403716831749,0.990352777664228,0.00964722233577239,0.000596283168251234,0.554617986616663,0.999403716831749,0.713358476289562,0.556358645928637,tred=2| repeat_times=12| alpha_samples=5e-04|0.001|0.005|0.01|0.05,scab_arg_samples1,brca_tnbc,scAB
0.973001623215291,0.945550423087929,0.0544495769120713,0.0269983767847087,0.559434698969583,0.973001623215291,0.710412383601403,0.561829826166514,tred=3| repeat_times=7| alpha_samples=5e-04|0.001|0.005|0.01|0.05,scab_arg_samples1,brca_tnbc,scAB
0.999403716831749,0.990352777664228,0.00964722233577239,0.000596283168251234,0.554617986616663,0.999403716831749,0.713358476289562,0.556358645928637,tred=2| repeat_times=10| alpha_samples=5e-04|0.001|0.005|0.01|0.05,scab_arg_samples1,brca_tnbc,scAB
0.901116374598337,0.370518742590852,0.629481257409149,0.098883625401663,0.750068935090719,0.901116374598337,0.818683881841301,0.779524245196706,tred=1.5| repeat_times=15| alpha_samples=5e-04|0.001|0.005|0.01|0.05,scab_arg_samples2,brca_tnbc,scAB
0.901116374598337,0.370518742590852,0.629481257409149,0.098883625401663,0.750068935090719,0.901116374598337,0.818683881841301,0.779524245196706,tred=1.5| repeat_times=12| alpha_samples=5e-04|0.001|0.005|0.01|0.05,scab_arg_samples2,brca_tnbc,scAB
0.901116374598337,0.370518742590852,0.629481257409149,0.098883625401663,0.750068935090719,0.901116374598337,0.818683881841301,0.779524245196706,tred=5| repeat_times=10| alpha_samples=5e-04|0.001|0.005|0.01|0.05,scab_arg_samples2,brca_tnbc,scAB
0.901116374598337,0.370518742590852,0.629481257409149,0.098883625401663,0.750068935090719,0.901116374598337,0.818683881841301,0.779524245196706,tred=1| repeat_times=10| alpha_samples=5e-04|0.001|0.005|0.01|0.05,scab_arg_samples2,brca_tnbc,scAB
0.901116374598337,0.370518742590852,0.629481257409149,0.098883625401663,0.750068935090719,0.901116374598337,0.818683881841301,0.779524245196706,tred=3| repeat_times=11| alpha_samples=5e-04|0.001|0.005|0.01|0.05,scab_arg_samples2,brca_tnbc,scAB
0.901116374598337,0.370518742590852,0.629481257409149,0.098883625401663,0.750068935090719,0.901116374598337,0.818683881841301,0.779524245196706,tred=2.5| repeat_times=19| alpha_samples=5e-04|0.001|0.005|0.01|0.05,scab_arg_samples2,brca_tnbc,scAB
0.901116374598337,0.370518742590852,0.629481257409149,0.098883625401663,0.750068935090719,0.901116374598337,0.818683881841301,0.779524245196706,tred=2| repeat_times=20| alpha_samples=5e-04|0.001|0.005|0.01|0.05,scab_arg_samples2,brca_tnbc,scAB
0.901116374598337,0.370518742590852,0.629481257409149,0.098883625401663,0.750068935090719,0.901116374598337,0.818683881841301,0.779524245196706,tred=3| repeat_times=5| alpha_samples=5e-04|0.001|0.005|0.01|0.05,scab_arg_samples2,brca_tnbc,scAB
0.901116374598337,0.370518742590852,0.629481257409149,0.098883625401663,0.750068935090719,0.901116374598337,0.818683881841301,0.779524245196706,tred=4.5| repeat_times=10| alpha_samples=5e-04|0.001|0.005|0.01|0.05,scab_arg_samples2,brca_tnbc,scAB
0.901116374598337,0.370518742590852,0.629481257409149,0.098883625401663,0.750068935090719,0.901116374598337,0.818683881841301,0.779524245196706,tred=5| repeat_times=6| alpha_samples=5e-04|0.001|0.005|0.01|0.05,scab_arg_samples2,brca_tnbc,scAB
0.901116374598337,0.370518742590852,0.629481257409149,0.098883625401663,0.750068935090719,0.901116374598337,0.818683881841301,0.779524245196706,tred=2.5| repeat_times=5| alpha_samples=5e-04|0.001|0.005|0.01|0.05,scab_arg_samples2,brca_tnbc,scAB
0.901116374598337,0.370518742590852,0.629481257409149,0.098883625401663,0.750068935090719,0.901116374598337,0.818683881841301,0.779524245196706,tred=1.5| repeat_times=6| alpha_samples=5e-04|0.001|0.005|0.01|0.05,scab_arg_samples2,brca_tnbc,scAB
0.901116374598337,0.370518742590852,0.629481257409149,0.098883625401663,0.750068935090719,0.901116374598337,0.818683881841301,0.779524245196706,tred=4.5| repeat_times=8| alpha_samples=5e-04|0.001|0.005|0.01|0.05,scab_arg_samples2,brca_tnbc,scAB
0.901116374598337,0.370518742590852,0.629481257409149,0.098883625401663,0.750068935090719,0.901116374598337,0.818683881841301,0.779524245196706,tred=4.5| repeat_times=17| alpha_samples=5e-04|0.001|0.005|0.01|0.05,scab_arg_samples2,brca_tnbc,scAB
0.901116374598337,0.370518742590852,0.629481257409149,0.098883625401663,0.750068935090719,0.901116374598337,0.818683881841301,0.779524245196706,tred=4.5| repeat_times=9| alpha_samples=5e-04|0.001|0.005|0.01|0.05,scab_arg_samples2,brca_tnbc,scAB
0.901116374598337,0.370518742590852,0.629481257409149,0.098883625401663,0.750068935090719,0.901116374598337,0.818683881841301,0.779524245196706,tred=1.5| repeat_times=10| alpha_samples=5e-04|0.001|0.005|0.01|0.05,scab_arg_samples2,brca_tnbc,scAB
0.901116374598337,0.370518742590852,0.629481257409149,0.098883625401663,0.750068935090719,0.901116374598337,0.818683881841301,0.779524245196706,tred=4| repeat_times=19| alpha_samples=5e-04|0.001|0.005|0.01|0.05,scab_arg_samples2,brca_tnbc,scAB
0.901116374598337,0.370518742590852,0.629481257409149,0.098883625401663,0.750068935090719,0.901116374598337,0.818683881841301,0.779524245196706,tred=5| repeat_times=7| alpha_samples=5e-04|0.001|0.005|0.01|0.05,scab_arg_samples2,brca_tnbc,scAB
0.901116374598337,0.370518742590852,0.629481257409149,0.098883625401663,0.750068935090719,0.901116374598337,0.818683881841301,0.779524245196706,tred=3.5| repeat_times=13| alpha_samples=5e-04|0.001|0.005|0.01|0.05,scab_arg_samples2,brca_tnbc,scAB
0.901116374598337,0.370518742590852,0.629481257409149,0.098883625401663,0.750068935090719,0.901116374598337,0.818683881841301,0.779524245196706,tred=5| repeat_times=8| alpha_samples=5e-04|0.001|0.005|0.01|0.05,scab_arg_samples2,brca_tnbc,scAB
0.901116374598337,0.370518742590852,0.629481257409149,0.098883625401663,0.750068935090719,0.901116374598337,0.818683881841301,0.779524245196706,tred=4.5| repeat_times=10| alpha_samples=5e-04|0.001|0.005|0.01|0.05,scab_arg_samples2,brca_tnbc,scAB
0.901116374598337,0.370518742590852,0.629481257409149,0.098883625401663,0.750068935090719,0.901116374598337,0.818683881841301,0.779524245196706,tred=1.5| repeat_times=13| alpha_samples=5e-04|0.001|0.005|0.01|0.05,scab_arg_samples2,brca_tnbc,scAB
0.901116374598337,0.370518742590852,0.629481257409149,0.098883625401663,0.750068935090719,0.901116374598337,0.818683881841301,0.779524245196706,tred=2| repeat_times=20| alpha_samples=5e-04|0.001|0.005|0.01|0.05,scab_arg_samples2,brca_tnbc,scAB
0.901116374598337,0.370518742590852,0.629481257409149,0.098883625401663,0.750068935090719,0.901116374598337,0.818683881841301,0.779524245196706,tred=0.5| repeat_times=18| alpha_samples=5e-04|0.001|0.005|0.01|0.05,scab_arg_samples2,brca_tnbc,scAB
0.901116374598337,0.370518742590852,0.629481257409149,0.098883625401663,0.750068935090719,0.901116374598337,0.818683881841301,0.779524245196706,tred=3.5| repeat_times=13| alpha_samples=5e-04|0.001|0.005|0.01|0.05,scab_arg_samples2,brca_tnbc,scAB
0.901116374598337,0.370518742590852,0.629481257409149,0.098883625401663,0.750068935090719,0.901116374598337,0.818683881841301,0.779524245196706,tred=2.5| repeat_times=11| alpha_samples=5e-04|0.001|0.005|0.01|0.05,scab_arg_samples2,brca_tnbc,scAB
0.901116374598337,0.370518742590852,0.629481257409149,0.098883625401663,0.750068935090719,0.901116374598337,0.818683881841301,0.779524245196706,tred=5| repeat_times=7| alpha_samples=5e-04|0.001|0.005|0.01|0.05,scab_arg_samples2,brca_tnbc,scAB
0.901116374598337,0.370518742590852,0.629481257409149,0.098883625401663,0.750068935090719,0.901116374598337,0.818683881841301,0.779524245196706,tred=3.5| repeat_times=12| alpha_samples=5e-04|0.001|0.005|0.01|0.05,scab_arg_samples2,brca_tnbc,scAB
0.901116374598337,0.370518742590852,0.629481257409149,0.098883625401663,0.750068935090719,0.901116374598337,0.818683881841301,0.779524245196706,tred=4.5| repeat_times=20| alpha_samples=5e-04|0.001|0.005|0.01|0.05,scab_arg_samples2,brca_tnbc,scAB
0.901116374598337,0.370518742590852,0.629481257409149,0.098883625401663,0.750068935090719,0.901116374598337,0.818683881841301,0.779524245196706,tred=4.5| repeat_times=18| alpha_samples=5e-04|0.001|0.005|0.01|0.05,scab_arg_samples2,brca_tnbc,scAB
0.901116374598337,0.370518742590852,0.629481257409149,0.098883625401663,0.750068935090719,0.901116374598337,0.818683881841301,0.779524245196706,tred=5| repeat_times=16| alpha_samples=5e-04|0.001|0.005|0.01|0.05,scab_arg_samples2,brca_tnbc,scAB
0.901116374598337,0.370518742590852,0.629481257409149,0.098883625401663,0.750068935090719,0.901116374598337,0.818683881841301,0.779524245196706,tred=3.5| repeat_times=19| alpha_samples=5e-04|0.001|0.005|0.01|0.05,scab_arg_samples2,brca_tnbc,scAB
0.901116374598337,0.370518742590852,0.629481257409149,0.098883625401663,0.750068935090719,0.901116374598337,0.818683881841301,0.779524245196706,tred=2.5| repeat_times=13| alpha_samples=5e-04|0.001|0.005|0.01|0.05,scab_arg_samples2,brca_tnbc,scAB
0.901116374598337,0.370518742590852,0.629481257409149,0.098883625401663,0.750068935090719,0.901116374598337,0.818683881841301,0.779524245196706,tred=3.5| repeat_times=18| alpha_samples=5e-04|0.001|0.005|0.01|0.05,scab_arg_samples2,brca_tnbc,scAB
0.901116374598337,0.370518742590852,0.629481257409149,0.098883625401663,0.750068935090719,0.901116374598337,0.818683881841301,0.779524245196706,tred=2.5| repeat_times=18| alpha_samples=5e-04|0.001|0.005|0.01|0.05,scab_arg_samples2,brca_tnbc,scAB
0.901116374598337,0.370518742590852,0.629481257409149,0.098883625401663,0.750068935090719,0.901116374598337,0.818683881841301,0.779524245196706,tred=3| repeat_times=20| alpha_samples=5e-04|0.001|0.005|0.01|0.05,scab_arg_samples2,brca_tnbc,scAB
0.901116374598337,0.370518742590852,0.629481257409149,0.098883625401663,0.750068935090719,0.901116374598337,0.818683881841301,0.779524245196706,tred=4.5| repeat_times=7| alpha_samples=5e-04|0.001|0.005|0.01|0.05,scab_arg_samples2,brca_tnbc,scAB
0.901116374598337,0.370518742590852,0.629481257409149,0.098883625401663,0.750068935090719,0.901116374598337,0.818683881841301,0.779524245196706,tred=1| repeat_times=18| alpha_samples=5e-04|0.001|0.005|0.01|0.05,scab_arg_samples2,brca_tnbc,scAB
0.901116374598337,0.370518742590852,0.629481257409149,0.098883625401663,0.750068935090719,0.901116374598337,0.818683881841301,0.779524245196706,tred=2.5| repeat_times=17| alpha_samples=5e-04|0.001|0.005|0.01|0.05,scab_arg_samples2,brca_tnbc,scAB
0.901116374598337,0.370518742590852,0.629481257409149,0.098883625401663,0.750068935090719,0.901116374598337,0.818683881841301,0.779524245196706,tred=4| repeat_times=20| alpha_samples=5e-04|0.001|0.005|0.01|0.05,scab_arg_samples2,brca_tnbc,scAB
0.901116374598337,0.370518742590852,0.629481257409149,0.098883625401663,0.750068935090719,0.901116374598337,0.818683881841301,0.779524245196706,tred=1| repeat_times=11| alpha_samples=5e-04|0.001|0.005|0.01|0.05,scab_arg_samples2,brca_tnbc,scAB
0.901116374598337,0.370518742590852,0.629481257409149,0.098883625401663,0.750068935090719,0.901116374598337,0.818683881841301,0.779524245196706,tred=0.5| repeat_times=7| alpha_samples=5e-04|0.001|0.005|0.01|0.05,scab_arg_samples2,brca_tnbc,scAB
0.901116374598337,0.370518742590852,0.629481257409149,0.098883625401663,0.750068935090719,0.901116374598337,0.818683881841301,0.779524245196706,tred=4.5| repeat_times=11| alpha_samples=5e-04|0.001|0.005|0.01|0.05,scab_arg_samples2,brca_tnbc,scAB
0.901116374598337,0.370518742590852,0.629481257409149,0.098883625401663,0.750068935090719,0.901116374598337,0.818683881841301,0.779524245196706,tred=4.5| repeat_times=10| alpha_samples=5e-04|0.001|0.005|0.01|0.05,scab_arg_samples2,brca_tnbc,scAB
0.901116374598337,0.370518742590852,0.629481257409149,0.098883625401663,0.750068935090719,0.901116374598337,0.818683881841301,0.779524245196706,tred=3| repeat_times=14| alpha_samples=5e-04|0.001|0.005|0.01|0.05,scab_arg_samples2,brca_tnbc,scAB
0.901116374598337,0.370518742590852,0.629481257409149,0.098883625401663,0.750068935090719,0.901116374598337,0.818683881841301,0.779524245196706,tred=2.5| repeat_times=19| alpha_samples=5e-04|0.001|0.005|0.01|0.05,scab_arg_samples2,brca_tnbc,scAB
0.901116374598337,0.370518742590852,0.629481257409149,0.098883625401663,0.750068935090719,0.901116374598337,0.818683881841301,0.779524245196706,tred=4.5| repeat_times=9| alpha_samples=5e-04|0.001|0.005|0.01|0.05,scab_arg_samples2,brca_tnbc,scAB
0.901116374598337,0.370518742590852,0.629481257409149,0.098883625401663,0.750068935090719,0.901116374598337,0.818683881841301,0.779524245196706,tred=5| repeat_times=9| alpha_samples=5e-04|0.001|0.005|0.01|0.05,scab_arg_samples2,brca_tnbc,scAB
0.901116374598337,0.370518742590852,0.629481257409149,0.098883625401663,0.750068935090719,0.901116374598337,0.818683881841301,0.779524245196706,tred=2| repeat_times=12| alpha_samples=5e-04|0.001|0.005|0.01|0.05,scab_arg_samples2,brca_tnbc,scAB
0.901116374598337,0.370518742590852,0.629481257409149,0.098883625401663,0.750068935090719,0.901116374598337,0.818683881841301,0.779524245196706,tred=3| repeat_times=7| alpha_samples=5e-04|0.001|0.005|0.01|0.05,scab_arg_samples2,brca_tnbc,scAB
0.901116374598337,0.370518742590852,0.629481257409149,0.098883625401663,0.750068935090719,0.901116374598337,0.818683881841301,0.779524245196706,tred=2| repeat_times=10| alpha_samples=5e-04|0.001|0.005|0.01|0.05,scab_arg_samples2,brca_tnbc,scAB
0.000397522112167489,0.0915259780076033,0.908474021992397,0.999602477887833,0.00533096401599289,0.000397522112167489,0.000739872988470313,0.406880146386093,n_pc=30| resolution=2.3| ela_net_alpha=0.9,scipac_arg_samples1_part1,brca_tnbc,SCIPAC
0.000695663696293106,0.0362588398806361,0.963741160119364,0.999304336303707,0.0231277533039648,0.000695663696293106,0.00135069946936807,0.431784080512351,n_pc=100| resolution=3.1| ela_net_alpha=0.4,scipac_arg_samples1_part1,brca_tnbc,SCIPAC
0.00122569317918309,0.233209336549074,0.766790663450926,0.998774306820817,0.00644374782305817,0.00122569317918309,0.00205961757911436,0.34391582799634,n_pc=80| resolution=2.6| ela_net_alpha=0.8,scipac_arg_samples1_part1,brca_tnbc,SCIPAC
0,0,1,1,0,0,0,0.447630375114364,n_pc=100| resolution=0.7| ela_net_alpha=0.2,scipac_arg_samples1_part1,brca_tnbc,SCIPAC
0.000761917381654355,0.126435841883661,0.873564158116339,0.999238082618346,0.00738125802310655,0.000761917381654355,0.00138125694381888,0.391454711802379,n_pc=80| resolution=1.5| ela_net_alpha=0.4,scipac_arg_samples1_part1,brca_tnbc,SCIPAC
0.00738728591777918,4.08780607447983e-05,0.999959121939255,0.992612714082221,0.995535714285714,0.00738728591777918,0.0146657459471902,0.451692589204026,n_pc=20| resolution=3.7| ela_net_alpha=0.5,scipac_arg_samples1_part1,brca_tnbc,SCIPAC
0.000265014741444993,0.0273065445775252,0.972693455422475,0.999734985258555,0.0118343195266272,0.000265014741444993,0.00051842011470045,0.435553522415371,n_pc=60| resolution=2.3| ela_net_alpha=0.5,scipac_arg_samples1_part1,brca_tnbc,SCIPAC
0.00238513267300494,0.369006254343294,0.630993745656706,0.997614867326995,0.00791295746785361,0.00238513267300494,0.00366542788779718,0.283769441903019,n_pc=60| resolution=1.2| ela_net_alpha=0.8,scipac_arg_samples1_part1,brca_tnbc,SCIPAC
0.000496902640209362,0.0949597351101664,0.905040264889834,0.999503097359791,0.00641573994867408,0.000496902640209362,0.000922367409684858,0.405397987191217,n_pc=70| resolution=2.6| ela_net_alpha=0.3,scipac_arg_samples1_part1,brca_tnbc,SCIPAC
0,0,1,1,0,0,0,0.447630375114364,n_pc=100| resolution=2.4| ela_net_alpha=0.7,scipac_arg_samples1_part1,brca_tnbc,SCIPAC
0.0102693212309935,0.569881044843233,0.430118955156767,0.989730678769007,0.0217528594484598,0.0102693212309935,0.0139520230433413,0.198206770356816,n_pc=10| resolution=3.5| ela_net_alpha=0.8,scipac_arg_samples1_part1,brca_tnbc,SCIPAC
0,0,1,1,0,0,0,0.447630375114364,n_pc=80| resolution=0.5| ela_net_alpha=0.5,scipac_arg_samples1_part1,brca_tnbc,SCIPAC
0,0,1,1,0,0,0,0.447630375114364,n_pc=70| resolution=0.4| ela_net_alpha=0.4,scipac_arg_samples1_part1,brca_tnbc,SCIPAC
0.000231887898764369,0.062420798757307,0.937579201242693,0.999768112101236,0.0045632333767927,0.000231887898764369,0.000441348002900287,0.419817017383349,n_pc=60| resolution=1.1| ela_net_alpha=0.9,scipac_arg_samples1_part1,brca_tnbc,SCIPAC
0.00483651903137112,0.741364509667661,0.258635490332339,0.995163480968629,0.00798599715567225,0.00483651903137112,0.00602446924838557,0.118444647758463,n_pc=10| resolution=0.3| ela_net_alpha=0.8,scipac_arg_samples1_part1,brca_tnbc,SCIPAC
0.0164309139695896,0.337857172055758,0.662142827944242,0.98356908603041,0.0566145417189819,0.0164309139695896,0.0254698572455582,0.305471180237877,n_pc=40| resolution=1| ela_net_alpha=0.8,scipac_arg_samples1_part1,brca_tnbc,SCIPAC
0.000761917381654355,0.126435841883661,0.873564158116339,0.999238082618346,0.00738125802310655,0.000761917381654355,0.00138125694381888,0.391454711802379,n_pc=80| resolution=1.5| ela_net_alpha=0.4,scipac_arg_samples1_part1,brca_tnbc,SCIPAC
0.00304766952661742,0.319094142173895,0.680905857826105,0.996952330473383,0.0116485186123069,0.00304766952661742,0.00483129841144808,0.30647758462946,n_pc=100| resolution=0.7| ela_net_alpha=0.5,scipac_arg_samples1_part1,brca_tnbc,SCIPAC
0,0,1,1,0,0,0,0.447630375114364,n_pc=30| resolution=2.6| ela_net_alpha=0.5,scipac_arg_samples1_part1,brca_tnbc,SCIPAC
0.00344519163878491,0.456934963005355,0.543065036994645,0.996554808361215,0.00921822371919872,0.00344519163878491,0.00501579493115339,0.244995425434584,n_pc=90| resolution=0.4| ela_net_alpha=0.9,scipac_arg_samples1_part1,brca_tnbc,SCIPAC
0.0162321529135058,0.20982708580305,0.79017291419695,0.983767847086494,0.0871420949670994,0.0162321529135058,0.0273666573582798,0.362671546203111,n_pc=40| resolution=2.8| ela_net_alpha=0.4,scipac_arg_samples1_part1,brca_tnbc,SCIPAC
0.00377646006559115,0.457589011977272,0.542410988022728,0.996223539934409,0.0100813583303856,0.00377646006559115,0.00549463790818171,0.244885635864593,n_pc=100| resolution=0.4| ela_net_alpha=1,scipac_arg_samples1_part1,brca_tnbc,SCIPAC
0.000198761056083745,0.0675714344111515,0.932428565588848,0.999801238943916,0.00361663652802893,0.000198761056083745,0.000376813414557558,0.417493138151876,n_pc=70| resolution=3.2| ela_net_alpha=0.7,scipac_arg_samples1_part1,brca_tnbc,SCIPAC
0.00738728591777918,4.08780607447983e-05,0.999959121939255,0.992612714082221,0.995535714285714,0.00738728591777918,0.0146657459471902,0.451692589204026,n_pc=20| resolution=1.8| ela_net_alpha=1,scipac_arg_samples1_part1,brca_tnbc,SCIPAC
0.00361082585218803,0.522135469893308,0.477864530106692,0.996389174147812,0.00846141903431144,0.00361082585218803,0.00506164526689731,0.215901189387008,n_pc=40| resolution=0.1| ela_net_alpha=0.2,scipac_arg_samples1_part1,brca_tnbc,SCIPAC
0.000596283168251234,0.101745493193803,0.898254506806197,0.999403716831749,0.00717989629038692,0.000596283168251234,0.00110111947146265,0.402415370539799,n_pc=90| resolution=2.8| ela_net_alpha=0.2,scipac_arg_samples1_part1,brca_tnbc,SCIPAC
0.00125882002186372,0.180476638188284,0.819523361811716,0.998741179978136,0.00853357287222097,0.00125882002186372,0.00219399538106236,0.367538883806038,n_pc=90| resolution=0.9| ela_net_alpha=0.1,scipac_arg_samples1_part1,brca_tnbc,SCIPAC
0.000927551595057475,0.138004333074439,0.861995666925561,0.999072448404942,0.0082256169212691,0.000927551595057475,0.00166711321484922,0.386367795059469,n_pc=40| resolution=2.2| ela_net_alpha=0.2,scipac_arg_samples1_part1,brca_tnbc,SCIPAC
0.000761917381654355,0.127539549523771,0.872460450476229,0.999238082618346,0.00731784918867324,0.000761917381654355,0.00138013801380138,0.39096065873742,n_pc=80| resolution=1.7| ela_net_alpha=0.9,scipac_arg_samples1_part1,brca_tnbc,SCIPAC
0,0,1,1,0,0,0,0.447630375114364,n_pc=60| resolution=0.3| ela_net_alpha=0.5,scipac_arg_samples1_part1,brca_tnbc,SCIPAC
0.00268327425713055,0.350324980582921,0.649675019417079,0.99731672574287,0.00936307941278465,0.00268327425713055,0.00417117256295381,0.292296431838975,n_pc=90| resolution=1.8| ela_net_alpha=0.7,scipac_arg_samples1_part1,brca_tnbc,SCIPAC
0.00228575214496306,0.378816988922046,0.621183011077955,0.997714247855037,0.00739074550128535,0.00228575214496306,0.00349163778053285,0.27932296431839,n_pc=50| resolution=0.5| ela_net_alpha=0.2,scipac_arg_samples1_part1,brca_tnbc,SCIPAC
0,0,1,1,0,0,0,0.447630375114364,n_pc=30| resolution=1| ela_net_alpha=0.5,scipac_arg_samples1_part1,brca_tnbc,SCIPAC
0.00354457216682678,0.592854514981809,0.407145485018191,0.996455427833173,0.00732375085557837,0.00354457216682678,0.00477710560975065,0.184208600182983,n_pc=10| resolution=0.7| ela_net_alpha=0.1,scipac_arg_samples1_part1,brca_tnbc,SCIPAC
0.0100043064895485,0.484200629522136,0.515799370477865,0.989995693510451,0.0248621058697621,0.0100043064895485,0.014267491850522,0.236413540713632,n_pc=10| resolution=3.1| ela_net_alpha=0.7,scipac_arg_samples1_part1,brca_tnbc,SCIPAC
0.00702289064829231,0.629072476801701,0.370927523198299,0.992977109351708,0.0135888725081726,0.00702289064829231,0.00926006814012405,0.169917657822507,n_pc=50| resolution=1| ela_net_alpha=1,scipac_arg_samples1_part1,brca_tnbc,SCIPAC
0.00182197634743433,0.285369742059437,0.714630257940563,0.998178023652566,0.00781694144400227,0.00182197634743433,0.00295516213094055,0.320896614821592,n_pc=100| resolution=2| ela_net_alpha=1,scipac_arg_samples1_part1,brca_tnbc,SCIPAC
0.00185510319011495,0.23811470383845,0.76188529616155,0.998144896809885,0.00952219010372386,0.00185510319011495,0.00310524564711101,0.342067703568161,n_pc=100| resolution=1.2| ela_net_alpha=0.5,scipac_arg_samples1_part1,brca_tnbc,SCIPAC
0,0,1,1,0,0,0,0.447630375114364,n_pc=30| resolution=3.4| ela_net_alpha=0.3,scipac_arg_samples1_part1,brca_tnbc,SCIPAC
0.00235200583032431,0.484118873400646,0.515881126599354,0.997647994169676,0.00595937552459292,0.00235200583032431,0.0033728415002019,0.232223238792315,n_pc=30| resolution=0.4| ela_net_alpha=0.8,scipac_arg_samples1_part1,brca_tnbc,SCIPAC
0,0,1,1,0,0,0,0.447630375114364,n_pc=30| resolution=3.5| ela_net_alpha=0.6,scipac_arg_samples1_part1,brca_tnbc,SCIPAC
0.00314705005465929,0.515635858234885,0.484364141765115,0.996852949945341,0.0074750177039893,0.00314705005465929,0.00442931741887355,0.218554437328454,n_pc=10| resolution=0.6| ela_net_alpha=0.2,scipac_arg_samples1_part1,brca_tnbc,SCIPAC
0.00102693212309935,0.185913420267343,0.814086579732658,0.998973067876901,0.00677003712601005,0.00102693212309935,0.0017833515503653,0.364977127172919,n_pc=100| resolution=2.3| ela_net_alpha=0.1,scipac_arg_samples1_part1,brca_tnbc,SCIPAC
0,0,1,1,0,0,0,0.447630375114364,n_pc=80| resolution=0.4| ela_net_alpha=0.5,scipac_arg_samples1_part1,brca_tnbc,SCIPAC
0.000331268426806241,0.0599681151126191,0.940031884887381,0.999668731573194,0.00677048070412999,0.000331268426806241,0.000631632137443153,0.420969807868253,n_pc=90| resolution=3| ela_net_alpha=0.1,scipac_arg_samples1_part1,brca_tnbc,SCIPAC
0.000198761056083745,0.0911580754609001,0.9088419245391,0.999801238943916,0.00268336314847943,0.000198761056083745,0.000370107639638528,0.406935041171089,n_pc=80| resolution=3.1| ela_net_alpha=0.6,scipac_arg_samples1_part1,brca_tnbc,SCIPAC
0.0179547487328983,0.488574582021829,0.511425417978171,0.982045251267102,0.0433808227949416,0.0179547487328983,0.0253977179541248,0.238847209515096,n_pc=40| resolution=3.5| ela_net_alpha=1,scipac_arg_samples1_part1,brca_tnbc,SCIPAC
0.00738728591777918,4.08780607447983e-05,0.999959121939255,0.992612714082221,0.995535714285714,0.00738728591777918,0.0146657459471902,0.451692589204026,n_pc=20| resolution=4| ela_net_alpha=0.6,scipac_arg_samples1_part1,brca_tnbc,SCIPAC
0.000198761056083745,0.0730490945509545,0.926950905449045,0.999801238943916,0.00334634690462911,0.000198761056083745,0.000375234521575985,0.415041171088747,n_pc=30| resolution=2.9| ela_net_alpha=0.8,scipac_arg_samples1_part1,brca_tnbc,SCIPAC
0.00159008844866996,0.296856477128725,0.703143522871275,0.99840991155133,0.00656634746922025,0.00159008844866996,0.00256020481638531,0.315626715462031,n_pc=60| resolution=2.5| ela_net_alpha=0.7,scipac_arg_samples1_part1,brca_tnbc,SCIPAC
0,0,1,1,0,0,0,0.447630375114364,n_pc=60| resolution=2| ela_net_alpha=0.4,scipac_arg_samples1_part1,brca_tnbc,SCIPAC
0,0,1,1,0,0,0,0.447630375114364,hvg=1500| bt_size=30| nfold=22,scipac_arg_samples1_part2,brca_tnbc,SCIPAC
0,0,1,1,0,0,0,0.447630375114364,hvg=5000| bt_size=70| nfold=28,scipac_arg_samples1_part2,brca_tnbc,SCIPAC
0,0,1,1,0,0,0,0.447630375114364,hvg=4000| bt_size=100| nfold=4,scipac_arg_samples1_part2,brca_tnbc,SCIPAC
0,0,1,1,0,0,0,0.447630375114364,hvg=5000| bt_size=70| nfold=30,scipac_arg_samples1_part2,brca_tnbc,SCIPAC
0,0,1,1,0,0,0,0.447630375114364,hvg=4000| bt_size=100| nfold=6,scipac_arg_samples1_part2,brca_tnbc,SCIPAC
0,0,1,1,0,0,0,0.447630375114364,hvg=1000| bt_size=70| nfold=16,scipac_arg_samples1_part2,brca_tnbc,SCIPAC
0.00056315632557061,0.0326615705350938,0.967338429464906,0.999436843674429,0.0208333333333333,0.00056315632557061,0.00109666806438087,0.433321134492223,hvg=3000| bt_size=70| nfold=26,scipac_arg_samples1_part2,brca_tnbc,SCIPAC
0,0,1,1,0,0,0,0.447630375114364,hvg=3000| bt_size=50| nfold=18,scipac_arg_samples1_part2,brca_tnbc,SCIPAC
0,0,1,1,0,0,0,0.447630375114364,hvg=3500| bt_size=70| nfold=18,scipac_arg_samples1_part2,brca_tnbc,SCIPAC
0,0,1,1,0,0,0,0.447630375114364,hvg=5000| bt_size=100| nfold=24,scipac_arg_samples1_part2,brca_tnbc,SCIPAC
0.00072879053897373,0.122102767444712,0.877897232555288,0.999271209461026,0.00731139913592556,0.00072879053897373,0.00132546089890348,0.393376029277219,hvg=500| bt_size=80| nfold=24,scipac_arg_samples1_part2,brca_tnbc,SCIPAC
0,0,1,1,0,0,0,0.447630375114364,hvg=4000| bt_size=30| nfold=24,scipac_arg_samples1_part2,brca_tnbc,SCIPAC
0.108192268194918,0.00110370764010955,0.99889629235989,0.891807731805082,0.991800789553599,0.108192268194918,0.195101553166069,0.506898444647758,hvg=3500| bt_size=50| nfold=8,scipac_arg_samples1_part2,brca_tnbc,SCIPAC
0.108192268194918,0.00110370764010955,0.99889629235989,0.891807731805082,0.991800789553599,0.108192268194918,0.195101553166069,0.506898444647758,hvg=3000| bt_size=40| nfold=16,scipac_arg_samples1_part2,brca_tnbc,SCIPAC
0,0,1,1,0,0,0,0.447630375114364,hvg=500| bt_size=90| nfold=28,scipac_arg_samples1_part2,brca_tnbc,SCIPAC
0,0,1,1,0,0,0,0.447630375114364,hvg=2000| bt_size=10| nfold=4,scipac_arg_samples1_part2,brca_tnbc,SCIPAC
0,0,1,1,0,0,0,0.447630375114364,hvg=4000| bt_size=30| nfold=8,scipac_arg_samples1_part2,brca_tnbc,SCIPAC
0,0,1,1,0,0,0,0.447630375114364,hvg=5000| bt_size=100| nfold=10,scipac_arg_samples1_part2,brca_tnbc,SCIPAC
0,0,1,1,0,0,0,0.447630375114364,hvg=1500| bt_size=70| nfold=10,scipac_arg_samples1_part2,brca_tnbc,SCIPAC
0,0,1,1,0,0,0,0.447630375114364,hvg=4500| bt_size=100| nfold=30,scipac_arg_samples1_part2,brca_tnbc,SCIPAC
0,0,1,1,0,0,0,0.447630375114364,hvg=2000| bt_size=100| nfold=26,scipac_arg_samples1_part2,brca_tnbc,SCIPAC
0,0,1,1,0,0,0,0.447630375114364,hvg=5000| bt_size=70| nfold=16,scipac_arg_samples1_part2,brca_tnbc,SCIPAC
0,0,1,1,0,0,0,0.447630375114364,hvg=3500| bt_size=40| nfold=22,scipac_arg_samples1_part2,brca_tnbc,SCIPAC
0.000960678437738099,0.148877897232555,0.851122102767445,0.999039321562262,0.00789975483519477,0.000960678437738099,0.0017130368007561,0.381518755718207,hvg=1000| bt_size=100| nfold=6,scipac_arg_samples1_part2,brca_tnbc,SCIPAC
0,0,1,1,0,0,0,0.447630375114364,hvg=2000| bt_size=40| nfold=14,scipac_arg_samples1_part2,brca_tnbc,SCIPAC
0,0,1,1,0,0,0,0.447630375114364,hvg=4500| bt_size=90| nfold=24,scipac_arg_samples1_part2,brca_tnbc,SCIPAC
0.130453506476298,0.00114458570085435,0.998855414299146,0.869546493523702,0.992939989914271,0.130453506476298,0.230609316897491,0.519176578225069,hvg=4500| bt_size=20| nfold=16,scipac_arg_samples1_part2,brca_tnbc,SCIPAC
0,0,1,1,0,0,0,0.447630375114364,hvg=2000| bt_size=80| nfold=30,scipac_arg_samples1_part2,brca_tnbc,SCIPAC
0.130453506476298,0.00114458570085435,0.998855414299146,0.869546493523702,0.992939989914271,0.130453506476298,0.230609316897491,0.519176578225069,hvg=4000| bt_size=100| nfold=10,scipac_arg_samples1_part2,brca_tnbc,SCIPAC
0.0946433895385431,0.00126721988308875,0.998732780116911,0.905356610461457,0.989265927977839,0.0946433895385431,0.17275888133031,0.499341262580055,hvg=3000| bt_size=10| nfold=8,scipac_arg_samples1_part2,brca_tnbc,SCIPAC
0,0,1,1,0,0,0,0.447630375114364,hvg=4500| bt_size=90| nfold=28,scipac_arg_samples1_part2,brca_tnbc,SCIPAC
0,0,1,1,0,0,0,0.447630375114364,hvg=2500| bt_size=60| nfold=18,scipac_arg_samples1_part2,brca_tnbc,SCIPAC
0.00162321529135058,0.300658136777991,0.699341863222009,0.998376784708649,0.00661804430037817,0.00162321529135058,0.00260700699635551,0.313943275388838,hvg=1500| bt_size=70| nfold=28,scipac_arg_samples1_part2,brca_tnbc,SCIPAC
0.108192268194918,0.00110370764010955,0.99889629235989,0.891807731805082,0.991800789553599,0.108192268194918,0.195101553166069,0.506898444647758,hvg=500| bt_size=10| nfold=16,scipac_arg_samples1_part2,brca_tnbc,SCIPAC
0,0,1,1,0,0,0,0.447630375114364,hvg=500| bt_size=30| nfold=26,scipac_arg_samples1_part2,brca_tnbc,SCIPAC
0.00072879053897373,0.122102767444712,0.877897232555288,0.999271209461026,0.00731139913592556,0.00072879053897373,0.00132546089890348,0.393376029277219,hvg=2500| bt_size=20| nfold=16,scipac_arg_samples1_part2,brca_tnbc,SCIPAC
0.130453506476298,0.00114458570085435,0.998855414299146,0.869546493523702,0.992939989914271,0.130453506476298,0.230609316897491,0.519176578225069,hvg=5000| bt_size=50| nfold=8,scipac_arg_samples1_part2,brca_tnbc,SCIPAC
0,0,1,1,0,0,0,0.447630375114364,hvg=5000| bt_size=100| nfold=10,scipac_arg_samples1_part2,brca_tnbc,SCIPAC
0,0,1,1,0,0,0,0.447630375114364,hvg=1500| bt_size=60| nfold=22,scipac_arg_samples1_part2,brca_tnbc,SCIPAC
0,0,1,1,0,0,0,0.447630375114364,hvg=1500| bt_size=70| nfold=10,scipac_arg_samples1_part2,brca_tnbc,SCIPAC
0,0,1,1,0,0,0,0.447630375114364,hvg=1500| bt_size=90| nfold=18,scipac_arg_samples1_part2,brca_tnbc,SCIPAC
0,0,1,1,0,0,0,0.447630375114364,hvg=500| bt_size=100| nfold=8,scipac_arg_samples1_part2,brca_tnbc,SCIPAC
0,0,1,1,0,0,0,0.447630375114364,hvg=5000| bt_size=40| nfold=20,scipac_arg_samples1_part2,brca_tnbc,SCIPAC
0.0572100573094378,0.00114458570085435,0.998855414299146,0.942789942690562,0.984045584045584,0.0572100573094378,0.108133491954167,0.47871912168344,hvg=4000| bt_size=20| nfold=14,scipac_arg_samples1_part2,brca_tnbc,SCIPAC
0,0,1,1,0,0,0,0.447630375114364,hvg=4500| bt_size=40| nfold=20,scipac_arg_samples1_part2,brca_tnbc,SCIPAC
0.000960678437738099,0.148877897232555,0.851122102767445,0.999039321562262,0.00789975483519477,0.000960678437738099,0.0017130368007561,0.381518755718207,hvg=4000| bt_size=30| nfold=26,scipac_arg_samples1_part2,brca_tnbc,SCIPAC
0.0578725941630503,0.00110370764010955,0.99889629235989,0.94212740583695,0.9847801578354,0.0578725941630503,0.109320734645349,0.479103385178408,hvg=2000| bt_size=60| nfold=4,scipac_arg_samples1_part2,brca_tnbc,SCIPAC
0.000993805280418723,0.103585005927319,0.896414994072681,0.999006194719581,0.0117004680187208,0.000993805280418723,0.00183200512961436,0.401811527904849,hvg=1000| bt_size=80| nfold=4,scipac_arg_samples1_part2,brca_tnbc,SCIPAC
0,0,1,1,0,0,0,0.447630375114364,hvg=1500| bt_size=70| nfold=28,scipac_arg_samples1_part2,brca_tnbc,SCIPAC
0,0,1,1,0,0,0,0.447630375114364,hvg=3000| bt_size=40| nfold=2,scipac_arg_samples1_part2,brca_tnbc,SCIPAC
0,0,1,1,0,0,0,0.447630375114364,hvg=1000| bt_size=50| nfold=10,scipac_arg_samples1_part2,brca_tnbc,SCIPAC
0.199390466094677,0.00535502595756857,0.994644974042432,0.800609533905324,0.97869918699187,0.199390466094677,0.331287668216969,0.555370539798719,n_pc=30| resolution=2.3| ela_net_alpha=0.9,scipac_arg_samples2_part1,brca_tnbc,SCIPAC
0,0,1,1,0,0,0,0.447630375114364,n_pc=100| resolution=3.1| ela_net_alpha=0.4,scipac_arg_samples2_part1,brca_tnbc,SCIPAC
0.11783217941498,0.0023709275231983,0.997629072476802,0.88216782058502,0.983955739972337,0.11783217941498,0.210460919472221,0.511655992680695,n_pc=80| resolution=2.6| ela_net_alpha=0.8,scipac_arg_samples2_part1,brca_tnbc,SCIPAC
0,0,1,1,0,0,0,0.447630375114364,n_pc=100| resolution=0.7| ela_net_alpha=0.2,scipac_arg_samples2_part1,brca_tnbc,SCIPAC
0.0881505283731408,0.00138985406532314,0.998610145934677,0.911849471626859,0.987384044526902,0.0881505283731408,0.161851468888754,0.495699908508692,n_pc=80| resolution=1.5| ela_net_alpha=0.4,scipac_arg_samples2_part1,brca_tnbc,SCIPAC
0.171166396130785,0.0274700568205044,0.972529943179496,0.828833603869215,0.884911799965748,0.171166396130785,0.286848387275856,0.529881061299177,n_pc=20| resolution=3.7| ela_net_alpha=0.5,scipac_arg_samples2_part1,brca_tnbc,SCIPAC
0.15761751747441,0.00171687855128153,0.998283121448718,0.84238248252559,0.99125,0.15761751747441,0.271986737931232,0.533924977127173,n_pc=60| resolution=2.3| ela_net_alpha=0.5,scipac_arg_samples2_part1,brca_tnbc,SCIPAC
0.128134627488654,0.00196214691575032,0.99803785308425,0.871865372511346,0.987742594484168,0.128134627488654,0.226842213295018,0.517529734675206,n_pc=60| resolution=1.2| ela_net_alpha=0.8,scipac_arg_samples2_part1,brca_tnbc,SCIPAC
0.146056249378872,0.00282058619139108,0.997179413808609,0.853943750621128,0.984591335417597,0.146056249378872,0.25437761430838,0.52704483074108,n_pc=70| resolution=2.6| ela_net_alpha=0.3,scipac_arg_samples2_part1,brca_tnbc,SCIPAC
0.00725477854705668,4.08780607447983e-05,0.999959121939255,0.992745221452943,0.995454545454546,0.00725477854705668,0.0144045778932483,0.451619396157365,n_pc=100| resolution=2.4| ela_net_alpha=0.7,scipac_arg_samples2_part1,brca_tnbc,SCIPAC
0.253685361248219,0.0432081102072518,0.956791889792748,0.746314638751781,0.878714859437751,0.253685361248219,0.393707264408,0.568417200365965,n_pc=10| resolution=3.5| ela_net_alpha=0.8,scipac_arg_samples2_part1,brca_tnbc,SCIPAC
0.0881505283731408,0.00130809794383354,0.998691902056166,0.911849471626859,0.988117341255106,0.0881505283731408,0.161861313868613,0.495736505032022,n_pc=80| resolution=0.5| ela_net_alpha=0.5,scipac_arg_samples2_part1,brca_tnbc,SCIPAC
0.124159406366979,0.00192126885500552,0.998078731144994,0.875840593633021,0.987615283267457,0.124159406366979,0.220587369784003,0.515352241537054,n_pc=70| resolution=0.4| ela_net_alpha=0.4,scipac_arg_samples2_part1,brca_tnbc,SCIPAC
0.128200881174015,0.00188039079426072,0.998119609205739,0.871799118825985,0.988253319713994,0.128200881174015,0.226959505028883,0.517602927721867,n_pc=60| resolution=1.1| ela_net_alpha=0.9,scipac_arg_samples2_part1,brca_tnbc,SCIPAC
0.29774406201345,0.00666312390140212,0.993336876098598,0.702255937986551,0.982187739044913,0.29774406201345,0.45696273323504,0.609112534309241,n_pc=10| resolution=0.3| ela_net_alpha=0.8,scipac_arg_samples2_part1,brca_tnbc,SCIPAC
0.30841090535661,0.0024526836446879,0.997547316355312,0.69158909464339,0.993596584845251,0.30841090535661,0.470713148115378,0.616889295516926,n_pc=40| resolution=1| ela_net_alpha=0.8,scipac_arg_samples2_part1,brca_tnbc,SCIPAC
0.0881505283731408,0.00138985406532314,0.998610145934677,0.911849471626859,0.987384044526902,0.0881505283731408,0.161851468888754,0.495699908508692,n_pc=80| resolution=1.5| ela_net_alpha=0.4,scipac_arg_samples2_part1,brca_tnbc,SCIPAC
0,0,1,1,0,0,0,0.447630375114364,n_pc=100| resolution=0.7| ela_net_alpha=0.5,scipac_arg_samples2_part1,brca_tnbc,SCIPAC
0.309537218007752,0.00392429383150063,0.996075706168499,0.690462781992248,0.989830508474576,0.309537218007752,0.471597648068236,0.616852698993596,n_pc=30| resolution=2.6| ela_net_alpha=0.5,scipac_arg_samples2_part1,brca_tnbc,SCIPAC
0.0888793189121145,0.00171687855128153,0.998283121448718,0.911120681087885,0.984587155963303,0.0888793189121145,0.163040836169178,0.495956084172004,n_pc=90| resolution=0.4| ela_net_alpha=0.9,scipac_arg_samples2_part1,brca_tnbc,SCIPAC
0.240898399973499,0.00249356170543269,0.997506438294567,0.759101600026502,0.991681440065457,0.240898399973499,0.387633262260128,0.579579139981702,n_pc=40| resolution=2.8| ela_net_alpha=0.4,scipac_arg_samples2_part1,brca_tnbc,SCIPAC
0,0,1,1,0,0,0,0.447630375114364,n_pc=100| resolution=0.4| ela_net_alpha=1,scipac_arg_samples2_part1,brca_tnbc,SCIPAC
0.153642296352735,0.00249356170543269,0.997506438294567,0.846357703647265,0.98701851457757,0.153642296352735,0.265894628217623,0.531381518755718,n_pc=70| resolution=3.2| ela_net_alpha=0.7,scipac_arg_samples2_part1,brca_tnbc,SCIPAC
0.0726140391559281,0.0416547438989494,0.958345256101051,0.927385960844072,0.682653379009654,0.0726140391559281,0.131265345230253,0.469094236047576,n_pc=20| resolution=1.8| ela_net_alpha=1,scipac_arg_samples2_part1,brca_tnbc,SCIPAC
0.300791731540067,0.00220741528021911,0.997792584719781,0.699208268459933,0.99408802277206,0.300791731540067,0.461839729406678,0.612790484903934,n_pc=40| resolution=0.1| ela_net_alpha=0.2,scipac_arg_samples2_part1,brca_tnbc,SCIPAC
0.0191804419120814,0,1,0.980819558087919,1,0.0191804419120814,0.0376389520899694,0.458225068618481,n_pc=90| resolution=2.8| ela_net_alpha=0.2,scipac_arg_samples2_part1,brca_tnbc,SCIPAC
0,0,1,1,0,0,0,0.447630375114364,n_pc=90| resolution=0.9| ela_net_alpha=0.1,scipac_arg_samples2_part1,brca_tnbc,SCIPAC
0.214165037930235,0.0022891714017087,0.997710828598291,0.785834962069765,0.991412360067474,0.214165037930235,0.352239293886891,0.564903934126258,n_pc=40| resolution=2.2| ela_net_alpha=0.2,scipac_arg_samples2_part1,brca_tnbc,SCIPAC
0.118262828369828,0.0023709275231983,0.997629072476802,0.881737171630172,0.984013230429989,0.118262828369828,0.211148898417862,0.511893870082342,n_pc=80| resolution=1.7| ela_net_alpha=0.9,scipac_arg_samples2_part1,brca_tnbc,SCIPAC
0.124921323748634,0.00175775661202633,0.998242243387974,0.875078676251366,0.988725747246985,0.124921323748634,0.221817005382195,0.515846294602013,n_pc=60| resolution=0.3| ela_net_alpha=0.5,scipac_arg_samples2_part1,brca_tnbc,SCIPAC
0.128598403286183,0.00171687855128153,0.998283121448718,0.871401596713817,0.989296636085627,0.128598403286183,0.227609861921374,0.517895699908509,n_pc=90| resolution=1.8| ela_net_alpha=0.7,scipac_arg_samples2_part1,brca_tnbc,SCIPAC
0.12422566005234,0.00175775661202633,0.998242243387974,0.87577433994766,0.98866332718165,0.12422566005234,0.220718069452619,0.515462031107045,n_pc=50| resolution=0.5| ela_net_alpha=0.2,scipac_arg_samples2_part1,brca_tnbc,SCIPAC
0.309934740119919,0.00363814740628705,0.996361852593713,0.690065259880081,0.990577024880889,0.309934740119919,0.472143722244651,0.617200365965233,n_pc=30| resolution=1| ela_net_alpha=0.5,scipac_arg_samples2_part1,brca_tnbc,SCIPAC
0.488090900056316,0.0790990475411847,0.920900952458815,0.511909099943684,0.883916251724759,0.488090900056316,0.628905583063002,0.681829826166514,n_pc=10| resolution=0.7| ela_net_alpha=0.1,scipac_arg_samples2_part1,brca_tnbc,SCIPAC
0.255076688640806,0.0515063565384458,0.948493643461554,0.744923311359194,0.859375,0.255076688640806,0.393389020870054,0.565471180237877,n_pc=10| resolution=3.1| ela_net_alpha=0.7,scipac_arg_samples2_part1,brca_tnbc,SCIPAC
0.125351972703482,0.00188039079426072,0.998119609205739,0.874648027296518,0.98798955613577,0.125351972703482,0.22247699679572,0.516029277218664,n_pc=50| resolution=1| ela_net_alpha=1,scipac_arg_samples2_part1,brca_tnbc,SCIPAC
0.00732103223241793,4.08780607447983e-05,0.999959121939255,0.992678967767582,0.995495495495495,0.00732103223241793,0.014535170508731,0.451655992680695,n_pc=100| resolution=2| ela_net_alpha=1,scipac_arg_samples2_part1,brca_tnbc,SCIPAC
0,0,1,1,0,0,0,0.447630375114364,n_pc=100| resolution=1.2| ela_net_alpha=0.5,scipac_arg_samples2_part1,brca_tnbc,SCIPAC
0.42783317322026,0.00327024485958386,0.996729755140416,0.57216682677974,0.993843786071566,0.42783317322026,0.598165902459358,0.682488563586459,n_pc=30| resolution=3.4| ela_net_alpha=0.3,scipac_arg_samples2_part1,brca_tnbc,SCIPAC
0.319905919766787,0.00376078158852144,0.996239218411479,0.680094080233213,0.99056313468048,0.319905919766787,0.483623798076923,0.622653247941446,n_pc=30| resolution=0.4| ela_net_alpha=0.8,scipac_arg_samples2_part1,brca_tnbc,SCIPAC
0.302812468943585,0.00331112292032866,0.996688877079671,0.697187531056415,0.991216655823032,0.302812468943585,0.463904184323378,0.613412625800549,n_pc=30| resolution=3.5| ela_net_alpha=0.6,scipac_arg_samples2_part1,brca_tnbc,SCIPAC
0.487428363202703,0.0768507542002207,0.923149245799779,0.512571636797297,0.886706038327106,0.487428363202703,0.629058805925483,0.682470265324794,n_pc=10| resolution=0.6| ela_net_alpha=0.2,scipac_arg_samples2_part1,brca_tnbc,SCIPAC
0,0,1,1,0,0,0,0.447630375114364,n_pc=100| resolution=2.3| ela_net_alpha=0.1,scipac_arg_samples2_part1,brca_tnbc,SCIPAC
0.088216782058502,0.00138985406532314,0.998610145934677,0.911783217941498,0.987393400074156,0.088216782058502,0.161963264809634,0.495736505032022,n_pc=80| resolution=0.4| ela_net_alpha=0.5,scipac_arg_samples2_part1,brca_tnbc,SCIPAC
0,0,1,1,0,0,0,0.447630375114364,n_pc=90| resolution=3| ela_net_alpha=0.1,scipac_arg_samples2_part1,brca_tnbc,SCIPAC
0.110577400867923,0.0023300494624535,0.997669950537546,0.889422599132077,0.98321060382916,0.110577400867923,0.19879697456971,0.507666971637694,n_pc=80| resolution=3.1| ela_net_alpha=0.6,scipac_arg_samples2_part1,brca_tnbc,SCIPAC
0.189684301189254,0.00220741528021911,0.997792584719781,0.810315698810747,0.990657439446367,0.189684301189254,0.318402980509912,0.551418115279049,n_pc=40| resolution=3.5| ela_net_alpha=1,scipac_arg_samples2_part1,brca_tnbc,SCIPAC
0.175307251465863,0.027551812941994,0.972448187058006,0.824692748534137,0.887026483405967,0.175307251465863,0.292755787901419,0.532131747483989,n_pc=20| resolution=4| ela_net_alpha=0.6,scipac_arg_samples2_part1,brca_tnbc,SCIPAC
0.218769669062842,0.00314761067734947,0.996852389322651,0.781230330937158,0.988474779224667,0.218769669062842,0.358251057827927,0.567063129002745,n_pc=30| resolution=2.9| ela_net_alpha=0.8,scipac_arg_samples2_part1,brca_tnbc,SCIPAC
0.0843078146221884,4.08780607447983e-05,0.999959121939255,0.915692185377812,0.999607227022781,0.0843078146221884,0.155500565178871,0.494181152790485,n_pc=60| resolution=2.5| ela_net_alpha=0.7,scipac_arg_samples2_part1,brca_tnbc,SCIPAC
0.15761751747441,0.00171687855128153,0.998283121448718,0.84238248252559,0.99125,0.15761751747441,0.271986737931232,0.533924977127173,n_pc=60| resolution=2| ela_net_alpha=0.4,scipac_arg_samples2_part1,brca_tnbc,SCIPAC
0.114320734090834,0.000531414789682378,0.999468585210318,0.885679265909166,0.996247113163972,0.114320734090834,0.205105346052123,0.510539798719122,hvg=1500| bt_size=30| nfold=22,scipac_arg_samples2_part2,brca_tnbc,SCIPAC
0.02388445357273,0,1,0.97611554642727,1,0.02388445357273,0.0466545878089815,0.460823421774931,hvg=5000| bt_size=70| nfold=28,scipac_arg_samples2_part2,brca_tnbc,SCIPAC
0.337893795342366,0.00286146425213588,0.997138535747864,0.662106204657634,0.993184031158715,0.337893795342366,0.504239068640779,0.632991765782251,hvg=4000| bt_size=100| nfold=4,scipac_arg_samples2_part2,brca_tnbc,SCIPAC
0.114320734090834,0.000531414789682378,0.999468585210318,0.885679265909166,0.996247113163972,0.114320734090834,0.205105346052123,0.510539798719122,hvg=5000| bt_size=70| nfold=30,scipac_arg_samples2_part2,brca_tnbc,SCIPAC
0.15761751747441,0.00171687855128153,0.998283121448718,0.84238248252559,0.99125,0.15761751747441,0.271986737931232,0.533924977127173,hvg=4000| bt_size=100| nfold=6,scipac_arg_samples2_part2,brca_tnbc,SCIPAC
0.0935502037300825,0.00094019539713036,0.99905980460287,0.906449796269917,0.991921320688444,0.0935502037300825,0.170975358721317,0.498883806038426,hvg=1000| bt_size=70| nfold=16,scipac_arg_samples2_part2,brca_tnbc,SCIPAC
0.02388445357273,0,1,0.97611554642727,1,0.02388445357273,0.0466545878089815,0.460823421774931,hvg=3000| bt_size=70| nfold=26,scipac_arg_samples2_part2,brca_tnbc,SCIPAC
0.138967105045218,0.000694927032661571,0.999305072967338,0.861032894954782,0.995963912630579,0.138967105045218,0.24390243902439,0.524080512351327,hvg=3000| bt_size=50| nfold=18,scipac_arg_samples2_part2,brca_tnbc,SCIPAC
0.138967105045218,0.000694927032661571,0.999305072967338,0.861032894954782,0.995963912630579,0.138967105045218,0.24390243902439,0.524080512351327,hvg=3500| bt_size=70| nfold=18,scipac_arg_samples2_part2,brca_tnbc,SCIPAC
0.115347666213933,0.000654048971916772,0.999345951028083,0.884652333786067,0.995425957690109,0.115347666213933,0.206738904556924,0.511052150045746,hvg=5000| bt_size=100| nfold=24,scipac_arg_samples2_part2,brca_tnbc,SCIPAC
0.117235896246729,0.000572292850427176,0.999427707149573,0.882764103753271,0.996059667886293,0.117235896246729,0.20978067575578,0.512131747483989,hvg=500| bt_size=80| nfold=24,scipac_arg_samples2_part2,brca_tnbc,SCIPAC
0.115347666213933,0.000654048971916772,0.999345951028083,0.884652333786067,0.995425957690109,0.115347666213933,0.206738904556924,0.511052150045746,hvg=4000| bt_size=30| nfold=24,scipac_arg_samples2_part2,brca_tnbc,SCIPAC
0.114320734090834,0.000531414789682378,0.999468585210318,0.885679265909166,0.996247113163972,0.114320734090834,0.205105346052123,0.510539798719122,hvg=3500| bt_size=50| nfold=8,scipac_arg_samples2_part2,brca_tnbc,SCIPAC
0.117169642561367,0.000654048971916772,0.999345951028083,0.882830357438633,0.995496763298621,0.117169642561367,0.209662122110255,0.512058554437329,hvg=3000| bt_size=40| nfold=16,scipac_arg_samples2_part2,brca_tnbc,SCIPAC
0.14648689833372,0.000735805093406369,0.999264194906594,0.85351310166628,0.995945945945946,0.14648689833372,0.255407629884194,0.528215919487649,hvg=500| bt_size=90| nfold=28,scipac_arg_samples2_part2,brca_tnbc,SCIPAC
0.14648689833372,0.000735805093406369,0.999264194906594,0.85351310166628,0.995945945945946,0.14648689833372,0.255407629884194,0.528215919487649,hvg=2000| bt_size=10| nfold=4,scipac_arg_samples2_part2,brca_tnbc,SCIPAC
0.117169642561367,0.000654048971916772,0.999345951028083,0.882830357438633,0.995496763298621,0.117169642561367,0.209662122110255,0.512058554437329,hvg=4000| bt_size=30| nfold=8,scipac_arg_samples2_part2,brca_tnbc,SCIPAC
0.117169642561367,0.000654048971916772,0.999345951028083,0.882830357438633,0.995496763298621,0.117169642561367,0.209662122110255,0.512058554437329,hvg=5000| bt_size=100| nfold=10,scipac_arg_samples2_part2,brca_tnbc,SCIPAC
0.138967105045218,0.000694927032661571,0.999305072967338,0.861032894954782,0.995963912630579,0.138967105045218,0.24390243902439,0.524080512351327,hvg=1500| bt_size=70| nfold=10,scipac_arg_samples2_part2,brca_tnbc,SCIPAC
0.138967105045218,0.000694927032661571,0.999305072967338,0.861032894954782,0.995963912630579,0.138967105045218,0.24390243902439,0.524080512351327,hvg=4500| bt_size=100| nfold=30,scipac_arg_samples2_part2,brca_tnbc,SCIPAC
0.337893795342366,0.00286146425213588,0.997138535747864,0.662106204657634,0.993184031158715,0.337893795342366,0.504239068640779,0.632991765782251,hvg=2000| bt_size=100| nfold=26,scipac_arg_samples2_part2,brca_tnbc,SCIPAC
0.115347666213933,0.000654048971916772,0.999345951028083,0.884652333786067,0.995425957690109,0.115347666213933,0.206738904556924,0.511052150045746,hvg=5000| bt_size=70| nfold=16,scipac_arg_samples2_part2,brca_tnbc,SCIPAC
0.117169642561367,0.000654048971916772,0.999345951028083,0.882830357438633,0.995496763298621,0.117169642561367,0.209662122110255,0.512058554437329,hvg=3500| bt_size=40| nfold=22,scipac_arg_samples2_part2,brca_tnbc,SCIPAC
0.02388445357273,0,1,0.97611554642727,1,0.02388445357273,0.0466545878089815,0.460823421774931,hvg=1000| bt_size=100| nfold=6,scipac_arg_samples2_part2,brca_tnbc,SCIPAC
0.0818233014211416,0.00094019539713036,0.99905980460287,0.918176698578858,0.990774167669475,0.0818233014211416,0.151162790697674,0.492406221408966,hvg=2000| bt_size=40| nfold=14,scipac_arg_samples2_part2,brca_tnbc,SCIPAC
0.0935502037300825,0.00094019539713036,0.99905980460287,0.906449796269917,0.991921320688444,0.0935502037300825,0.170975358721317,0.498883806038426,hvg=4500| bt_size=90| nfold=24,scipac_arg_samples2_part2,brca_tnbc,SCIPAC
0.117235896246729,0.000572292850427176,0.999427707149573,0.882764103753271,0.996059667886293,0.117235896246729,0.20978067575578,0.512131747483989,hvg=4500| bt_size=20| nfold=16,scipac_arg_samples2_part2,brca_tnbc,SCIPAC
0.115347666213933,0.000654048971916772,0.999345951028083,0.884652333786067,0.995425957690109,0.115347666213933,0.206738904556924,0.511052150045746,hvg=2000| bt_size=80| nfold=30,scipac_arg_samples2_part2,brca_tnbc,SCIPAC
0.115347666213933,0.000654048971916772,0.999345951028083,0.884652333786067,0.995425957690109,0.115347666213933,0.206738904556924,0.511052150045746,hvg=4000| bt_size=100| nfold=10,scipac_arg_samples2_part2,brca_tnbc,SCIPAC
0.0801338324444297,0.000572292850427176,0.999427707149573,0.91986616755557,0.994245787094122,0.0801338324444297,0.148313917841815,0.49163769441903,hvg=3000| bt_size=10| nfold=8,scipac_arg_samples2_part2,brca_tnbc,SCIPAC
0.0432305296982145,0.000122634182234395,0.999877365817766,0.956769470301785,0.997706422018349,0.0432305296982145,0.0828702968725195,0.471454711802379,hvg=4500| bt_size=90| nfold=28,scipac_arg_samples2_part2,brca_tnbc,SCIPAC
0.0432305296982145,0.000122634182234395,0.999877365817766,0.956769470301785,0.997706422018349,0.0432305296982145,0.0828702968725195,0.471454711802379,hvg=2500| bt_size=60| nfold=18,scipac_arg_samples2_part2,brca_tnbc,SCIPAC
0.115347666213933,0.000654048971916772,0.999345951028083,0.884652333786067,0.995425957690109,0.115347666213933,0.206738904556924,0.511052150045746,hvg=1500| bt_size=70| nfold=28,scipac_arg_samples2_part2,brca_tnbc,SCIPAC
0.117169642561367,0.000654048971916772,0.999345951028083,0.882830357438633,0.995496763298621,0.117169642561367,0.209662122110255,0.512058554437329,hvg=500| bt_size=10| nfold=16,scipac_arg_samples2_part2,brca_tnbc,SCIPAC
0.114320734090834,0.000531414789682378,0.999468585210318,0.885679265909166,0.996247113163972,0.114320734090834,0.205105346052123,0.510539798719122,hvg=500| bt_size=30| nfold=26,scipac_arg_samples2_part2,brca_tnbc,SCIPAC
0.117235896246729,0.000572292850427176,0.999427707149573,0.882764103753271,0.996059667886293,0.117235896246729,0.20978067575578,0.512131747483989,hvg=2500| bt_size=20| nfold=16,scipac_arg_samples2_part2,brca_tnbc,SCIPAC
0.117169642561367,0.000654048971916772,0.999345951028083,0.882830357438633,0.995496763298621,0.117169642561367,0.209662122110255,0.512058554437329,hvg=5000| bt_size=50| nfold=8,scipac_arg_samples2_part2,brca_tnbc,SCIPAC
0.1167721204492,0.000654048971916772,0.999345951028083,0.8832278795508,0.995481502400452,0.1167721204492,0.209025142314991,0.511838975297347,hvg=5000| bt_size=100| nfold=10,scipac_arg_samples2_part2,brca_tnbc,SCIPAC
0.117169642561367,0.000654048971916772,0.999345951028083,0.882830357438633,0.995496763298621,0.117169642561367,0.209662122110255,0.512058554437329,hvg=1500| bt_size=60| nfold=22,scipac_arg_samples2_part2,brca_tnbc,SCIPAC
0.114320734090834,0.000531414789682378,0.999468585210318,0.885679265909166,0.996247113163972,0.114320734090834,0.205105346052123,0.510539798719122,hvg=1500| bt_size=70| nfold=10,scipac_arg_samples2_part2,brca_tnbc,SCIPAC
0.1167721204492,0.000654048971916772,0.999345951028083,0.8832278795508,0.995481502400452,0.1167721204492,0.209025142314991,0.511838975297347,hvg=1500| bt_size=90| nfold=18,scipac_arg_samples2_part2,brca_tnbc,SCIPAC
0.117235896246729,0.000572292850427176,0.999427707149573,0.882764103753271,0.996059667886293,0.117235896246729,0.20978067575578,0.512131747483989,hvg=500| bt_size=100| nfold=8,scipac_arg_samples2_part2,brca_tnbc,SCIPAC
0.115347666213933,0.000654048971916772,0.999345951028083,0.884652333786067,0.995425957690109,0.115347666213933,0.206738904556924,0.511052150045746,hvg=5000| bt_size=40| nfold=20,scipac_arg_samples2_part2,brca_tnbc,SCIPAC
0.114320734090834,0.000531414789682378,0.999468585210318,0.885679265909166,0.996247113163972,0.114320734090834,0.205105346052123,0.510539798719122,hvg=4000| bt_size=20| nfold=14,scipac_arg_samples2_part2,brca_tnbc,SCIPAC
0.0935502037300825,0.00094019539713036,0.99905980460287,0.906449796269917,0.991921320688444,0.0935502037300825,0.170975358721317,0.498883806038426,hvg=4500| bt_size=40| nfold=20,scipac_arg_samples2_part2,brca_tnbc,SCIPAC
0.115347666213933,0.000654048971916772,0.999345951028083,0.884652333786067,0.995425957690109,0.115347666213933,0.206738904556924,0.511052150045746,hvg=4000| bt_size=30| nfold=26,scipac_arg_samples2_part2,brca_tnbc,SCIPAC
0.117235896246729,0.000572292850427176,0.999427707149573,0.882764103753271,0.996059667886293,0.117235896246729,0.20978067575578,0.512131747483989,hvg=2000| bt_size=60| nfold=4,scipac_arg_samples2_part2,brca_tnbc,SCIPAC
0.131811707026203,0.00155336630830233,0.998446633691698,0.868188292973797,0.990540204132437,0.131811707026203,0.232662846450708,0.519743824336688,hvg=1000| bt_size=80| nfold=4,scipac_arg_samples2_part2,brca_tnbc,SCIPAC
0.15761751747441,0.00171687855128153,0.998283121448718,0.84238248252559,0.99125,0.15761751747441,0.271986737931232,0.533924977127173,hvg=1500| bt_size=70| nfold=28,scipac_arg_samples2_part2,brca_tnbc,SCIPAC
0.188226720111306,0.00282058619139108,0.997179413808609,0.811773279888694,0.988002086593636,0.188226720111306,0.316211252713006,0.550338517840805,hvg=3000| bt_size=40| nfold=2,scipac_arg_samples2_part2,brca_tnbc,SCIPAC
0.15761751747441,0.00171687855128153,0.998283121448718,0.84238248252559,0.99125,0.15761751747441,0.271986737931232,0.533924977127173,hvg=1000| bt_size=50| nfold=10,scipac_arg_samples2_part2,brca_tnbc,SCIPAC
0.0300129194686454,0.033233863385521,0.966766136614479,0.969987080531354,0.527050610820244,0.0300129194686454,0.0567918259888422,0.449332113449222,alpha=0.5| cutoff=0.05,scissor_arg_samples1,brca_tnbc,scissor
0.0544274025242654,0.052691820300045,0.947308179699955,0.945572597475735,0.560368349249659,0.0544274025242654,0.0992179715571122,0.454107959743824,alpha=0.25| cutoff=0.1,scissor_arg_samples1,brca_tnbc,scissor
0.0798025640176235,0.076605485835752,0.923394514164248,0.920197435982377,0.562456222274107,0.0798025640176235,0.139773716275022,0.457419945105215,alpha=0.15| cutoff=0.15,scissor_arg_samples1,brca_tnbc,scissor
0.0798025640176235,0.076605485835752,0.923394514164248,0.920197435982377,0.562456222274107,0.0798025640176235,0.139773716275022,0.457419945105215,alpha=0.1| cutoff=0.2,scissor_arg_samples1,brca_tnbc,scissor
0.0798025640176235,0.076605485835752,0.923394514164248,0.920197435982377,0.562456222274107,0.0798025640176235,0.139773716275022,0.457419945105215,alpha=0.05| cutoff=0.25,scissor_arg_samples1,brca_tnbc,scissor
0.0798025640176235,0.076605485835752,0.923394514164248,0.920197435982377,0.562456222274107,0.0798025640176235,0.139773716275022,0.457419945105215,alpha=0.05| cutoff=0.3,scissor_arg_samples1,brca_tnbc,scissor
0.0798025640176235,0.076605485835752,0.923394514164248,0.920197435982377,0.562456222274107,0.0798025640176235,0.139773716275022,0.457419945105215,alpha=0.05| cutoff=0.35,scissor_arg_samples1,brca_tnbc,scissor
0.0798025640176235,0.076605485835752,0.923394514164248,0.920197435982377,0.562456222274107,0.0798025640176235,0.139773716275022,0.457419945105215,alpha=0.05| cutoff=0.4,scissor_arg_samples1,brca_tnbc,scissor
0.0798025640176235,0.076605485835752,0.923394514164248,0.920197435982377,0.562456222274107,0.0798025640176235,0.139773716275022,0.457419945105215,alpha=0.05| cutoff=0.45,scissor_arg_samples1,brca_tnbc,scissor
0.220194123298108,0.260188856640641,0.739811143359359,0.779805876701892,0.510836151245005,0.220194123298108,0.307738605060302,0.452790484903934,alpha=0.05| cutoff=0.5,scissor_arg_samples1,brca_tnbc,scissor
0.0240169609434525,0.0278788374279524,0.972121162572048,0.975983039056547,0.515280739161336,0.0240169609434525,0.0458947901500285,0.448417200365965,alpha=0.55| cutoff=0.05,scissor_arg_samples2,brca_tnbc,scissor
0.0403153675423195,0.0471324040387524,0.952867595961248,0.95968463245768,0.513502109704641,0.0403153675423195,0.0747611880701539,0.448801463860933,alpha=0.35| cutoff=0.1,scissor_arg_samples2,brca_tnbc,scissor
0.0631397621492696,0.079017291419695,0.920982708580305,0.93686023785073,0.496483459234176,0.0631397621492696,0.11203197554811,0.447136322049405,alpha=0.2| cutoff=0.15,scissor_arg_samples2,brca_tnbc,scissor
0.0631397621492696,0.079017291419695,0.920982708580305,0.93686023785073,0.496483459234176,0.0631397621492696,0.11203197554811,0.447136322049405,alpha=0.15| cutoff=0.2,scissor_arg_samples2,brca_tnbc,scissor
0.0851691125318846,0.118464620038425,0.881535379961575,0.914830887468115,0.470104223806912,0.0851691125318846,0.144211352927978,0.441646843549863,alpha=0.1| cutoff=0.25,scissor_arg_samples2,brca_tnbc,scissor
0.0851691125318846,0.118464620038425,0.881535379961575,0.914830887468115,0.470104223806912,0.0851691125318846,0.144211352927978,0.441646843549863,alpha=0.1| cutoff=0.3,scissor_arg_samples2,brca_tnbc,scissor
0.0851691125318846,0.118464620038425,0.881535379961575,0.914830887468115,0.470104223806912,0.0851691125318846,0.144211352927978,0.441646843549863,alpha=0.05| cutoff=0.35,scissor_arg_samples2,brca_tnbc,scissor
0.0851691125318846,0.118464620038425,0.881535379961575,0.914830887468115,0.470104223806912,0.0851691125318846,0.144211352927978,0.441646843549863,alpha=0.05| cutoff=0.4,scissor_arg_samples2,brca_tnbc,scissor
0.0851691125318846,0.118464620038425,0.881535379961575,0.914830887468115,0.470104223806912,0.0851691125318846,0.144211352927978,0.441646843549863,alpha=0.05| cutoff=0.45,scissor_arg_samples2,brca_tnbc,scissor
0.0851691125318846,0.118464620038425,0.881535379961575,0.914830887468115,0.470104223806912,0.0851691125318846,0.144211352927978,0.441646843549863,alpha=0.05| cutoff=0.5,scissor_arg_samples2,brca_tnbc,scissor
0,0,1,1,0,0,0,0.447630375114364,nfeature=3500| imputation=KNN| independent=FALSE,scpas_arg_samples1,brca_tnbc,scPAS
0,0.000163512242979193,0.999836487757021,1,0,0,0,0.447557182067704,nfeature=1900| imputation=None| independent=FALSE,scpas_arg_samples1,brca_tnbc,scPAS
0.00155696160598933,0.0022891714017087,0.997710828598291,0.998443038394011,0.456310679611651,0.00155696160598933,0.00310333443380654,0.447465690759378,nfeature=1800| imputation=None| independent=TRUE,scpas_arg_samples1,brca_tnbc,scPAS
0,0,1,1,0,0,0,0.447630375114364,nfeature=700| imputation=ALRA| independent=FALSE,scpas_arg_samples1,brca_tnbc,scPAS
0,0,1,1,0,0,0,0.447630375114364,nfeature=4600| imputation=None| independent=TRUE,scpas_arg_samples1,brca_tnbc,scPAS
0,0,1,1,0,0,0,0.447630375114364,nfeature=4700| imputation=KNN| independent=TRUE,scpas_arg_samples1,brca_tnbc,scPAS
0,0,1,1,0,0,0,0.447630375114364,nfeature=4100| imputation=None| independent=TRUE,scpas_arg_samples1,brca_tnbc,scPAS
0.000132507370722496,0.000449658668192781,0.999550341331807,0.999867492629278,0.266666666666667,0.000132507370722496,0.000264883120323157,0.447502287282708,nfeature=1800| imputation=ALRA| independent=TRUE,scpas_arg_samples1,brca_tnbc,scPAS
0,0,1,1,0,0,0,0.447630375114364,nfeature=2900| imputation=None| independent=TRUE,scpas_arg_samples1,brca_tnbc,scPAS
0,0,1,1,0,0,0,0.447630375114364,nfeature=3000| imputation=ALRA| independent=TRUE,scpas_arg_samples1,brca_tnbc,scPAS
0,0,1,1,0,0,0,0.447630375114364,nfeature=3100| imputation=KNN| independent=TRUE,scpas_arg_samples1,brca_tnbc,scPAS
0,0,1,1,0,0,0,0.447630375114364,nfeature=900| imputation=ALRA| independent=FALSE,scpas_arg_samples1,brca_tnbc,scPAS
0,0,1,1,0,0,0,0.447630375114364,nfeature=3100| imputation=KNN| independent=TRUE,scpas_arg_samples1,brca_tnbc,scPAS
0,0,1,1,0,0,0,0.447630375114364,nfeature=3200| imputation=KNN| independent=TRUE,scpas_arg_samples1,brca_tnbc,scPAS
0.00139132739258621,0.00102195151861996,0.99897804848138,0.998608672607414,0.626865671641791,0.00139132739258621,0.002776492364646,0.447941445562672,nfeature=1300| imputation=ALRA| independent=TRUE,scpas_arg_samples1,brca_tnbc,scPAS
0,0,1,1,0,0,0,0.447630375114364,nfeature=3300| imputation=KNN| independent=FALSE,scpas_arg_samples1,brca_tnbc,scPAS
0,0,1,1,0,0,0,0.447630375114364,nfeature=3900| imputation=KNN| independent=TRUE,scpas_arg_samples1,brca_tnbc,scPAS
0.00056315632557061,0.200179863467277,0.799820136532723,0.999436843674429,0.00345950345950346,0.00056315632557061,0.000968633372268596,0.358334858188472,nfeature=1200| imputation=ALRA| independent=TRUE,scpas_arg_samples1,brca_tnbc,scPAS
0,0,1,1,0,0,0,0.447630375114364,nfeature=3000| imputation=ALRA| independent=TRUE,scpas_arg_samples1,brca_tnbc,scPAS
0.000298141584125617,0.0293504476147652,0.970649552385235,0.999701858415874,0.0123796423658872,0.000298141584125617,0.00058226046451446,0.434656907593779,nfeature=1100| imputation=None| independent=FALSE,scpas_arg_samples1,brca_tnbc,scPAS
0,0,1,1,0,0,0,0.447630375114364,nfeature=4600| imputation=KNN| independent=TRUE,scpas_arg_samples1,brca_tnbc,scPAS
0.00129194686454434,0.000694927032661571,0.999305072967338,0.998708053135456,0.696428571428571,0.00129194686454434,0.00257910921535562,0.448032936870997,nfeature=1300| imputation=KNN| independent=TRUE,scpas_arg_samples1,brca_tnbc,scPAS
0,0.00322936679883906,0.996770633201161,1,0,0,0,0.446184812442818,nfeature=2300| imputation=None| independent=FALSE,scpas_arg_samples1,brca_tnbc,scPAS
0,0,1,1,0,0,0,0.447630375114364,nfeature=4000| imputation=KNN| independent=TRUE,scpas_arg_samples1,brca_tnbc,scPAS
0.00149070792062809,0.00380165964926624,0.996198340350734,0.998509292079372,0.326086956521739,0.00149070792062809,0.00296784830997527,0.446752058554437,nfeature=1800| imputation=None| independent=FALSE,scpas_arg_samples1,brca_tnbc,scPAS
0,0.00347463516330785,0.996525364836692,1,0,0,0,0.446075022872827,nfeature=2100| imputation=None| independent=TRUE,scpas_arg_samples1,brca_tnbc,scPAS
0,0,1,1,0,0,0,0.447630375114364,nfeature=4700| imputation=KNN| independent=FALSE,scpas_arg_samples1,brca_tnbc,scPAS
0,0,1,1,0,0,0,0.447630375114364,nfeature=4300| imputation=ALRA| independent=FALSE,scpas_arg_samples1,brca_tnbc,scPAS
3.31268426806241e-05,0.000122634182234395,0.999877365817766,0.999966873157319,0.25,3.31268426806241e-05,6.62449074227419e-05,0.447593778591034,nfeature=1600| imputation=ALRA| independent=FALSE,scpas_arg_samples1,brca_tnbc,scPAS
0,0.000163512242979193,0.999836487757021,1,0,0,0,0.447557182067704,nfeature=1900| imputation=None| independent=FALSE,scpas_arg_samples1,brca_tnbc,scPAS
0,0,1,1,0,0,0,0.447630375114364,nfeature=3600| imputation=KNN| independent=FALSE,scpas_arg_samples1,brca_tnbc,scPAS
0,0,1,1,0,0,0,0.447630375114364,nfeature=4600| imputation=None| independent=FALSE,scpas_arg_samples1,brca_tnbc,scPAS
0,0,1,1,0,0,0,0.447630375114364,nfeature=4900| imputation=KNN| independent=FALSE,scpas_arg_samples1,brca_tnbc,scPAS
0.000298141584125617,0.0250991292973061,0.974900870702694,0.999701858415874,0.014446227929374,0.000298141584125617,0.000584225900681597,0.436559926806953,nfeature=1100| imputation=None| independent=TRUE,scpas_arg_samples1,brca_tnbc,scPAS
0.00119256633650247,0.00110370764010955,0.99889629235989,0.998807433663498,0.571428571428571,0.00119256633650247,0.0023801652892562,0.44779505946935,nfeature=1300| imputation=ALRA| independent=TRUE,scpas_arg_samples1,brca_tnbc,scPAS
0,0,1,1,0,0,0,0.447630375114364,nfeature=4500| imputation=ALRA| independent=TRUE,scpas_arg_samples1,brca_tnbc,scPAS
0.000198761056083745,0.00110370764010955,0.99889629235989,0.999801238943916,0.181818181818182,0.000198761056083745,0.000397088021178028,0.447246111619396,nfeature=1400| imputation=KNN| independent=FALSE,scpas_arg_samples1,brca_tnbc,scPAS
0,0,1,1,0,0,0,0.447630375114364,nfeature=2700| imputation=ALRA| independent=TRUE,scpas_arg_samples1,brca_tnbc,scPAS
0,4.08780607447983e-05,0.999959121939255,1,0,0,0,0.447612076852699,nfeature=3100| imputation=None| independent=FALSE,scpas_arg_samples1,brca_tnbc,scPAS
0.000331268426806241,0.0538772840616441,0.946122715938356,0.999668731573194,0.00753012048192771,0.000331268426806241,0.000634618435665556,0.423696248856359,nfeature=1100| imputation=KNN| independent=FALSE,scpas_arg_samples1,brca_tnbc,scPAS
0,0,1,1,0,0,0,0.447630375114364,nfeature=3100| imputation=KNN| independent=TRUE,scpas_arg_samples1,brca_tnbc,scPAS
0,0,1,1,0,0,0,0.447630375114364,nfeature=3600| imputation=ALRA| independent=FALSE,scpas_arg_samples1,brca_tnbc,scPAS
0,0,1,1,0,0,0,0.447630375114364,nfeature=4200| imputation=KNN| independent=TRUE,scpas_arg_samples1,brca_tnbc,scPAS
0,0,1,1,0,0,0,0.447630375114364,nfeature=2900| imputation=None| independent=TRUE,scpas_arg_samples1,brca_tnbc,scPAS
0,0,1,1,0,0,0,0.447630375114364,nfeature=3800| imputation=ALRA| independent=TRUE,scpas_arg_samples1,brca_tnbc,scPAS
0,0,1,1,0,0,0,0.447630375114364,nfeature=3300| imputation=ALRA| independent=TRUE,scpas_arg_samples1,brca_tnbc,scPAS
0,0,1,1,0,0,0,0.447630375114364,nfeature=900| imputation=ALRA| independent=FALSE,scpas_arg_samples1,brca_tnbc,scPAS
0.000695663696293106,0.0683072395045579,0.931692760495442,0.999304336303707,0.0124113475177305,0.000695663696293106,0.00131748172778318,0.41743824336688,nfeature=1200| imputation=KNN| independent=FALSE,scpas_arg_samples1,brca_tnbc,scPAS
3.31268426806241e-05,8.17561214895965e-05,0.99991824387851,0.999966873157319,0.333333333333333,3.31268426806241e-05,6.62471016893011e-05,0.447612076852699,nfeature=1600| imputation=KNN| independent=FALSE,scpas_arg_samples1,brca_tnbc,scPAS
0.000662536853612482,0.000817561214895965,0.999182438785104,0.999337463146387,0.5,0.000662536853612482,0.00132332021040791,0.447630375114364,nfeature=1700| imputation=ALRA| independent=TRUE,scpas_arg_samples1,brca_tnbc,scPAS
0,0.00282058619139108,0.997179413808609,1,0,0,0,0.446367795059469,nfeature=2000| imputation=None| independent=TRUE,scpas_arg_samples1,brca_tnbc,scPAS
0,0,1,1,0,0,0,0.447630375114364,nfeature=700| imputation=KNN| independent=TRUE,scpas_arg_samples2,brca_tnbc,scPAS
0.00152383476330871,8.17561214895965e-05,0.99991824387851,0.998476165236691,0.958333333333333,0.00152383476330871,0.0030428311559451,0.44843549862763,nfeature=2500| imputation=ALRA| independent=TRUE,scpas_arg_samples2,brca_tnbc,scPAS
0,0,1,1,0,0,0,0.447630375114364,nfeature=2700| imputation=ALRA| independent=FALSE,scpas_arg_samples2,brca_tnbc,scPAS
0,0,1,1,0,0,0,0.447630375114364,nfeature=1300| imputation=KNN| independent=TRUE,scpas_arg_samples2,brca_tnbc,scPAS
0,0,1,1,0,0,0,0.447630375114364,nfeature=800| imputation=ALRA| independent=FALSE,scpas_arg_samples2,brca_tnbc,scPAS
0,0,1,1,0,0,0,0.447630375114364,nfeature=800| imputation=ALRA| independent=FALSE,scpas_arg_samples2,brca_tnbc,scPAS
0,0,1,1,0,0,0,0.447630375114364,nfeature=4200| imputation=None| independent=FALSE,scpas_arg_samples2,brca_tnbc,scPAS
0,0,1,1,0,0,0,0.447630375114364,nfeature=4900| imputation=None| independent=TRUE,scpas_arg_samples2,brca_tnbc,scPAS
0,0,1,1,0,0,0,0.447630375114364,nfeature=2700| imputation=ALRA| independent=FALSE,scpas_arg_samples2,brca_tnbc,scPAS
0,0,1,1,0,0,0,0.447630375114364,nfeature=1900| imputation=None| independent=FALSE,scpas_arg_samples2,brca_tnbc,scPAS
0,0,1,1,0,0,0,0.447630375114364,nfeature=3600| imputation=None| independent=TRUE,scpas_arg_samples2,brca_tnbc,scPAS
0.000828171067015603,0,1,0.999171828932984,1,0.000828171067015603,0.00165497153448961,0.448087831655993,nfeature=2600| imputation=ALRA| independent=TRUE,scpas_arg_samples2,brca_tnbc,scPAS
0,0,1,1,0,0,0,0.447630375114364,nfeature=1700| imputation=ALRA| independent=TRUE,scpas_arg_samples2,brca_tnbc,scPAS
0,0,1,1,0,0,0,0.447630375114364,nfeature=3900| imputation=None| independent=TRUE,scpas_arg_samples2,brca_tnbc,scPAS
0.000132507370722496,0,1,0.999867492629278,1,0.000132507370722496,0.000264979629690968,0.447703568161025,nfeature=2500| imputation=KNN| independent=TRUE,scpas_arg_samples2,brca_tnbc,scPAS
0,0,1,1,0,0,0,0.447630375114364,nfeature=1000| imputation=None| independent=FALSE,scpas_arg_samples2,brca_tnbc,scPAS
0,0,1,1,0,0,0,0.447630375114364,nfeature=1800| imputation=None| independent=TRUE,scpas_arg_samples2,brca_tnbc,scPAS
0,0,1,1,0,0,0,0.447630375114364,nfeature=2800| imputation=None| independent=TRUE,scpas_arg_samples2,brca_tnbc,scPAS
0,0,1,1,0,0,0,0.447630375114364,nfeature=500| imputation=KNN| independent=TRUE,scpas_arg_samples2,brca_tnbc,scPAS
0,0,1,1,0,0,0,0.447630375114364,nfeature=3500| imputation=KNN| independent=TRUE,scpas_arg_samples2,brca_tnbc,scPAS
0,0,1,1,0,0,0,0.447630375114364,nfeature=800| imputation=KNN| independent=FALSE,scpas_arg_samples2,brca_tnbc,scPAS
0,0,1,1,0,0,0,0.447630375114364,nfeature=2200| imputation=None| independent=TRUE,scpas_arg_samples2,brca_tnbc,scPAS
0,0,1,1,0,0,0,0.447630375114364,nfeature=800| imputation=None| independent=FALSE,scpas_arg_samples2,brca_tnbc,scPAS
0,0,1,1,0,0,0,0.447630375114364,nfeature=1700| imputation=KNN| independent=FALSE,scpas_arg_samples2,brca_tnbc,scPAS
0,0,1,1,0,0,0,0.447630375114364,nfeature=3000| imputation=ALRA| independent=TRUE,scpas_arg_samples2,brca_tnbc,scPAS
0,0,1,1,0,0,0,0.447630375114364,nfeature=4800| imputation=KNN| independent=TRUE,scpas_arg_samples2,brca_tnbc,scPAS
0,0,1,1,0,0,0,0.447630375114364,nfeature=1500| imputation=KNN| independent=FALSE,scpas_arg_samples2,brca_tnbc,scPAS
0,0,1,1,0,0,0,0.447630375114364,nfeature=1300| imputation=None| independent=TRUE,scpas_arg_samples2,brca_tnbc,scPAS
0,0,1,1,0,0,0,0.447630375114364,nfeature=3400| imputation=ALRA| independent=TRUE,scpas_arg_samples2,brca_tnbc,scPAS
0,0,1,1,0,0,0,0.447630375114364,nfeature=5000| imputation=ALRA| independent=FALSE,scpas_arg_samples2,brca_tnbc,scPAS
0,0,1,1,0,0,0,0.447630375114364,nfeature=4100| imputation=None| independent=FALSE,scpas_arg_samples2,brca_tnbc,scPAS
0,0,1,1,0,0,0,0.447630375114364,nfeature=1200| imputation=ALRA| independent=FALSE,scpas_arg_samples2,brca_tnbc,scPAS
0,0,1,1,0,0,0,0.447630375114364,nfeature=2200| imputation=None| independent=TRUE,scpas_arg_samples2,brca_tnbc,scPAS
0,0,1,1,0,0,0,0.447630375114364,nfeature=2800| imputation=ALRA| independent=FALSE,scpas_arg_samples2,brca_tnbc,scPAS
0,0,1,1,0,0,0,0.447630375114364,nfeature=1300| imputation=ALRA| independent=TRUE,scpas_arg_samples2,brca_tnbc,scPAS
0,0,1,1,0,0,0,0.447630375114364,nfeature=1400| imputation=None| independent=FALSE,scpas_arg_samples2,brca_tnbc,scPAS
0,0,1,1,0,0,0,0.447630375114364,nfeature=1400| imputation=KNN| independent=TRUE,scpas_arg_samples2,brca_tnbc,scPAS
0,0,1,1,0,0,0,0.447630375114364,nfeature=1100| imputation=KNN| independent=FALSE,scpas_arg_samples2,brca_tnbc,scPAS
0,0,1,1,0,0,0,0.447630375114364,nfeature=2000| imputation=None| independent=FALSE,scpas_arg_samples2,brca_tnbc,scPAS
0,0,1,1,0,0,0,0.447630375114364,nfeature=900| imputation=None| independent=TRUE,scpas_arg_samples2,brca_tnbc,scPAS
0,0,1,1,0,0,0,0.447630375114364,nfeature=3900| imputation=KNN| independent=FALSE,scpas_arg_samples2,brca_tnbc,scPAS
0,0,1,1,0,0,0,0.447630375114364,nfeature=4900| imputation=None| independent=FALSE,scpas_arg_samples2,brca_tnbc,scPAS
0,0,1,1,0,0,0,0.447630375114364,nfeature=4600| imputation=ALRA| independent=TRUE,scpas_arg_samples2,brca_tnbc,scPAS
0,0,1,1,0,0,0,0.447630375114364,nfeature=1700| imputation=KNN| independent=TRUE,scpas_arg_samples2,brca_tnbc,scPAS
0,0,1,1,0,0,0,0.447630375114364,nfeature=3900| imputation=ALRA| independent=TRUE,scpas_arg_samples2,brca_tnbc,scPAS
0,0,1,1,0,0,0,0.447630375114364,nfeature=2200| imputation=None| independent=FALSE,scpas_arg_samples2,brca_tnbc,scPAS
0,0,1,1,0,0,0,0.447630375114364,nfeature=2600| imputation=KNN| independent=FALSE,scpas_arg_samples2,brca_tnbc,scPAS
0,0,1,1,0,0,0,0.447630375114364,nfeature=700| imputation=None| independent=TRUE,scpas_arg_samples2,brca_tnbc,scPAS
0.00400834796435552,4.08780607447983e-05,0.999959121939255,0.995991652035644,0.991803278688525,0.00400834796435552,0.00798442706786763,0.449826166514181,nfeature=2100| imputation=ALRA| independent=TRUE,scpas_arg_samples2,brca_tnbc,scPAS
0,0,1,1,0,0,0,0.447630375114364,nfeature=1400| imputation=KNN| independent=TRUE,scpas_arg_samples2,brca_tnbc,scPAS
0,0,1,1,0,0,0,0.447630375114364,nfeature=2000| imputation=None| independent=TRUE,scpas_arg_samples2,brca_tnbc,scPAS
0,0,1,1,0,0,0,0.447630375114364,prob=0.13| Log2FC_cutoff=0.436,scpp_arg_samples,brca_tnbc,scPP
0,0,1,1,0,0,0,0.447630375114364,prob=0.5| Log2FC_cutoff=0.237,scpp_arg_samples,brca_tnbc,scPP
0,0,1,1,0,0,0,0.447630375114364,prob=0.15| Log2FC_cutoff=0.792,scpp_arg_samples,brca_tnbc,scPP
0,0,1,1,0,0,0,0.447630375114364,prob=0.25| Log2FC_cutoff=0.259,scpp_arg_samples,brca_tnbc,scPP
0,0,1,1,0,0,0,0.447630375114364,prob=0.27| Log2FC_cutoff=0.986,scpp_arg_samples,brca_tnbc,scPP
0,0,1,1,0,0,0,0.447630375114364,prob=0.23| Log2FC_cutoff=0.757,scpp_arg_samples,brca_tnbc,scPP
0,0,1,1,0,0,0,0.447630375114364,prob=0.28| Log2FC_cutoff=0.98,scpp_arg_samples,brca_tnbc,scPP
0,0,1,1,0,0,0,0.447630375114364,prob=0.1| Log2FC_cutoff=0.219,scpp_arg_samples,brca_tnbc,scPP
0,0,1,1,0,0,0,0.447630375114364,prob=0.31| Log2FC_cutoff=0.949,scpp_arg_samples,brca_tnbc,scPP
0,0,1,1,0,0,0,0.447630375114364,prob=0.23| Log2FC_cutoff=0.149,scpp_arg_samples,brca_tnbc,scPP
0,0,1,1,0,0,0,0.447630375114364,prob=0.01| Log2FC_cutoff=0.6,scpp_arg_samples,brca_tnbc,scPP
0,0,1,1,0,0,0,0.447630375114364,prob=0.21| Log2FC_cutoff=0.946,scpp_arg_samples,brca_tnbc,scPP
0,0,1,1,0,0,0,0.447630375114364,prob=0.1| Log2FC_cutoff=0.688,scpp_arg_samples,brca_tnbc,scPP
0,0,1,1,0,0,0,0.447630375114364,prob=0.37| Log2FC_cutoff=0.506,scpp_arg_samples,brca_tnbc,scPP
0,0,1,1,0,0,0,0.447630375114364,prob=0.38| Log2FC_cutoff=0.373,scpp_arg_samples,brca_tnbc,scPP
0,0,1,1,0,0,0,0.447630375114364,prob=0.29| Log2FC_cutoff=0.336,scpp_arg_samples,brca_tnbc,scPP
0,0,1,1,0,0,0,0.447630375114364,prob=0.09| Log2FC_cutoff=0.048,scpp_arg_samples,brca_tnbc,scPP
0,0,1,1,0,0,0,0.447630375114364,prob=0.16| Log2FC_cutoff=0.619,scpp_arg_samples,brca_tnbc,scPP
0,0,1,1,0,0,0,0.447630375114364,prob=0.31| Log2FC_cutoff=0.961,scpp_arg_samples,brca_tnbc,scPP
0,0,1,1,0,0,0,0.447630375114364,prob=0.39| Log2FC_cutoff=0.655,scpp_arg_samples,brca_tnbc,scPP
0,0,1,1,0,0,0,0.447630375114364,prob=0.38| Log2FC_cutoff=0.51,scpp_arg_samples,brca_tnbc,scPP
0,0,1,1,0,0,0,0.447630375114364,prob=0.37| Log2FC_cutoff=0.15,scpp_arg_samples,brca_tnbc,scPP
0,0,1,1,0,0,0,0.447630375114364,prob=0.29| Log2FC_cutoff=0.87,scpp_arg_samples,brca_tnbc,scPP
0,0,1,1,0,0,0,0.447630375114364,prob=0| Log2FC_cutoff=0.514,scpp_arg_samples,brca_tnbc,scPP
0,0,1,1,0,0,0,0.447630375114364,prob=0.11| Log2FC_cutoff=0.009,scpp_arg_samples,brca_tnbc,scPP
0,0,1,1,0,0,0,0.447630375114364,prob=0.19| Log2FC_cutoff=0.019,scpp_arg_samples,brca_tnbc,scPP
0,0,1,1,0,0,0,0.447630375114364,prob=0.07| Log2FC_cutoff=0.145,scpp_arg_samples,brca_tnbc,scPP
0,0,1,1,0,0,0,0.447630375114364,prob=0.11| Log2FC_cutoff=0.305,scpp_arg_samples,brca_tnbc,scPP
0,0,1,1,0,0,0,0.447630375114364,prob=0.02| Log2FC_cutoff=0.826,scpp_arg_samples,brca_tnbc,scPP
0,0,1,1,0,0,0,0.447630375114364,prob=0.08| Log2FC_cutoff=0.502,scpp_arg_samples,brca_tnbc,scPP
0,0,1,1,0,0,0,0.447630375114364,prob=0.13| Log2FC_cutoff=0.804,scpp_arg_samples,brca_tnbc,scPP
0,0,1,1,0,0,0,0.447630375114364,prob=0.12| Log2FC_cutoff=0.061,scpp_arg_samples,brca_tnbc,scPP
0,0,1,1,0,0,0,0.447630375114364,prob=0.19| Log2FC_cutoff=0.928,scpp_arg_samples,brca_tnbc,scPP
0,0,1,1,0,0,0,0.447630375114364,prob=0.41| Log2FC_cutoff=0.808,scpp_arg_samples,brca_tnbc,scPP
0,0,1,1,0,0,0,0.447630375114364,prob=0.15| Log2FC_cutoff=0.079,scpp_arg_samples,brca_tnbc,scPP
0,0,1,1,0,0,0,0.447630375114364,prob=0.15| Log2FC_cutoff=0.601,scpp_arg_samples,brca_tnbc,scPP
0,0,1,1,0,0,0,0.447630375114364,prob=0.31| Log2FC_cutoff=0.715,scpp_arg_samples,brca_tnbc,scPP
0,0,1,1,0,0,0,0.447630375114364,prob=0.33| Log2FC_cutoff=0.514,scpp_arg_samples,brca_tnbc,scPP
0,0,1,1,0,0,0,0.447630375114364,prob=0.4| Log2FC_cutoff=0.72,scpp_arg_samples,brca_tnbc,scPP
0,0,1,1,0,0,0,0.447630375114364,prob=0.31| Log2FC_cutoff=0.75,scpp_arg_samples,brca_tnbc,scPP
0,0,1,1,0,0,0,0.447630375114364,prob=0.24| Log2FC_cutoff=0.096,scpp_arg_samples,brca_tnbc,scPP
0,0,1,1,0,0,0,0.447630375114364,prob=0.35| Log2FC_cutoff=0.398,scpp_arg_samples,brca_tnbc,scPP
0,0,1,1,0,0,0,0.447630375114364,prob=0.39| Log2FC_cutoff=0.294,scpp_arg_samples,brca_tnbc,scPP
0,0,1,1,0,0,0,0.447630375114364,prob=0.1| Log2FC_cutoff=0.617,scpp_arg_samples,brca_tnbc,scPP
0,0,1,1,0,0,0,0.447630375114364,prob=0.37| Log2FC_cutoff=0.974,scpp_arg_samples,brca_tnbc,scPP
0,0,1,1,0,0,0,0.447630375114364,prob=0.08| Log2FC_cutoff=0.618,scpp_arg_samples,brca_tnbc,scPP
0,0,1,1,0,0,0,0.447630375114364,prob=0.04| Log2FC_cutoff=0.521,scpp_arg_samples,brca_tnbc,scPP
0,0,1,1,0,0,0,0.447630375114364,prob=0.14| Log2FC_cutoff=0.903,scpp_arg_samples,brca_tnbc,scPP
0,0,1,1,0,0,0,0.447630375114364,prob=0.18| Log2FC_cutoff=0.637,scpp_arg_samples,brca_tnbc,scPP
0,0,1,1,0,0,0,0.447630375114364,prob=0.16| Log2FC_cutoff=0.864,scpp_arg_samples,brca_tnbc,scPP
0,0,1,1,0,0,0,0.447630375114364,prob=0.2| Log2FC_cutoff=0.585,scpp_arg_samples,brca_tnbc,scPP
0.166959287110346,0.024526836446879,0.975473163553121,0.833040712889655,0.893617021276596,0.166959287110346,0.281352052920981,0.528874656907594,prob=0.13| Log2FC_cutoff=0.436,scpp_arg_samples1,brca_tnbc,scPP
0,0,1,1,0,0,0,0.447630375114364,prob=0.5| Log2FC_cutoff=0.237,scpp_arg_samples1,brca_tnbc,scPP
0.193957663895054,0.0286146425213588,0.971385357478641,0.806042336104946,0.893211289092296,0.193957663895054,0.318708834576234,0.54195791399817,prob=0.15| Log2FC_cutoff=0.792,scpp_arg_samples1,brca_tnbc,scPP
0.34233279226157,0.0548992355802641,0.945100764419736,0.657667207738431,0.884987582426993,0.34233279226157,0.493693865851328,0.612150045745654,prob=0.25| Log2FC_cutoff=0.259,scpp_arg_samples1,brca_tnbc,scPP
0.36568721635141,0.0634018722151821,0.936598127784818,0.634312783648591,0.876806989674345,0.36568721635141,0.516118474881362,0.62124428179323,prob=0.27| Log2FC_cutoff=0.986,scpp_arg_samples1,brca_tnbc,scPP
0.310133501176003,0.0477455749499244,0.952254425050076,0.689866498823997,0.889078822412156,0.310133501176003,0.459857062160768,0.597566331198536,prob=0.23| Log2FC_cutoff=0.757,scpp_arg_samples1,brca_tnbc,scPP
0.379269221850465,0.066672117074766,0.933327882925234,0.620730778149535,0.875305810397554,0.379269221850465,0.529225506737236,0.627282708142726,prob=0.28| Log2FC_cutoff=0.98,scpp_arg_samples1,brca_tnbc,scPP
0.125186338490079,0.0185586395781384,0.981441360421862,0.874813661509922,0.892747460429955,0.125186338490079,0.21958163858222,0.508472095150961,prob=0.1| Log2FC_cutoff=0.219,scpp_arg_samples1,brca_tnbc,scPP
0.421638453638984,0.0786902669337367,0.921309733066263,0.578361546361016,0.868627584794923,0.421638453638984,0.567707404103479,0.645306495882891,prob=0.31| Log2FC_cutoff=0.949,scpp_arg_samples1,brca_tnbc,scPP
0.312419253320966,0.0496259657441851,0.950374034255815,0.687580746679034,0.885955847815876,0.312419253320966,0.461941614420063,0.597987191216834,prob=0.23| Log2FC_cutoff=0.149,scpp_arg_samples1,brca_tnbc,scPP
0.00795044224334979,0.00269795200915669,0.997302047990843,0.99204955775665,0.784313725490196,0.00795044224334979,0.0157413176794674,0.450814272644099,prob=0.01| Log2FC_cutoff=0.6,scpp_arg_samples1,brca_tnbc,scPP
0.278431112730646,0.0436986469361893,0.956301353063811,0.721568887269354,0.887164872282035,0.278431112730646,0.423842061470966,0.581866422689845,prob=0.21| Log2FC_cutoff=0.946,scpp_arg_samples1,brca_tnbc,scPP
0.124159406366979,0.018436005395904,0.981563994604096,0.875840593633021,0.892593474636818,0.124159406366979,0.217995695922759,0.507959743824337,prob=0.1| Log2FC_cutoff=0.688,scpp_arg_samples1,brca_tnbc,scPP
0.508530161990261,0.104402567142215,0.895597432857785,0.491469838009739,0.857358279810109,0.508530161990261,0.6384013973218,0.681793229643184,prob=0.37| Log2FC_cutoff=0.506,scpp_arg_samples1,brca_tnbc,scPP
0.523304733825819,0.110697788496914,0.889302211503086,0.476695266174181,0.853661172656039,0.523304733825819,0.648854021194447,0.687136322049405,prob=0.38| Log2FC_cutoff=0.373,scpp_arg_samples1,brca_tnbc,scPP
0.399178454301521,0.0686342639905163,0.931365736009484,0.60082154569848,0.877704129943914,0.399178454301521,0.548774933964842,0.63740164684355,prob=0.29| Log2FC_cutoff=0.336,scpp_arg_samples1,brca_tnbc,scPP
0.109649849272866,0.017822834484732,0.982177165515268,0.890350150727134,0.883609183128671,0.109649849272866,0.195090325052309,0.500219579139982,prob=0.09| Log2FC_cutoff=0.048,scpp_arg_samples1,brca_tnbc,scPP
0.210090436280518,0.0304541552548747,0.969545844745125,0.789909563719482,0.894877945534077,0.210090436280518,0.340290819337876,0.550045745654163,prob=0.16| Log2FC_cutoff=0.619,scpp_arg_samples1,brca_tnbc,scPP
0.421539073110942,0.0786902669337367,0.921309733066263,0.578460926889058,0.868600682593857,0.421539073110942,0.567611570800901,0.645251601097896,prob=0.31| Log2FC_cutoff=0.961,scpp_arg_samples1,brca_tnbc,scPP
0.534468479809189,0.116625107304909,0.883374892695091,0.465531520190811,0.849739295307316,0.534468479809189,0.656200431122138,0.690649588289113,prob=0.39| Log2FC_cutoff=0.655,scpp_arg_samples1,brca_tnbc,scPP
0.522443435916123,0.110534276253935,0.889465723746065,0.477556564083877,0.853640054127199,0.522443435916123,0.648185442439686,0.686733760292772,prob=0.38| Log2FC_cutoff=0.51,scpp_arg_samples1,brca_tnbc,scPP
0.509159572001193,0.106896128847647,0.893103871152353,0.490840427998807,0.854601056435919,0.509159572001193,0.638130034044673,0.681024702653248,prob=0.37| Log2FC_cutoff=0.15,scpp_arg_samples1,brca_tnbc,scPP
0.395236360022526,0.0683072395045579,0.931692760495442,0.604763639977474,0.877150419056021,0.395236360022526,0.54493137545959,0.635370539798719,prob=0.29| Log2FC_cutoff=0.87,scpp_arg_samples1,brca_tnbc,scPP
0,0,1,1,0,0,0,0.447630375114364,prob=0| Log2FC_cutoff=0.514,scpp_arg_samples1,brca_tnbc,scPP
0.139861529797595,0.0209295671013367,0.979070432898663,0.860138470202405,0.891846218842417,0.139861529797595,0.241802926605767,0.51551692589204,prob=0.11| Log2FC_cutoff=0.009,scpp_arg_samples1,brca_tnbc,scPP
0.252857190181204,0.0385888893430896,0.96141111065691,0.747142809818796,0.889938206832226,0.252857190181204,0.393819007326385,0.570027447392498,prob=0.19| Log2FC_cutoff=0.019,scpp_arg_samples1,brca_tnbc,scPP
0.0815914135223772,0.014184687078445,0.985815312921555,0.918408586477623,0.876512455516014,0.0815914135223772,0.149286298754432,0.486349496797804,prob=0.07| Log2FC_cutoff=0.145,scpp_arg_samples1,brca_tnbc,scPP
0.139232119786663,0.0204799084331439,0.979520091566856,0.860767880213337,0.893494897959184,0.139232119786663,0.24092172766616,0.515370539798719,prob=0.11| Log2FC_cutoff=0.305,scpp_arg_samples1,brca_tnbc,scPP
0.0178222413621758,0.00519151371458938,0.994808486285411,0.982177758637824,0.809022556390977,0.0178222413621758,0.0348761830675483,0.455150960658737,prob=0.02| Log2FC_cutoff=0.826,scpp_arg_samples1,brca_tnbc,scPP
0.0950409116507106,0.0156154192045129,0.984384580795487,0.904959088349289,0.882497693017533,0.0950409116507106,0.171601172318919,0.493138151875572,prob=0.08| Log2FC_cutoff=0.502,scpp_arg_samples1,brca_tnbc,scPP
0.165402325504356,0.0242406900216654,0.975759309978335,0.834597674495644,0.893841747225206,0.165402325504356,0.279149078914265,0.528142726440988,prob=0.13| Log2FC_cutoff=0.804,scpp_arg_samples1,brca_tnbc,scPP
0.153244774240567,0.0232596165637902,0.97674038343621,0.846755225759433,0.890471607314726,0.153244774240567,0.261488892657283,0.521866422689845,prob=0.12| Log2FC_cutoff=0.061,scpp_arg_samples1,brca_tnbc,scPP
0.250074535396031,0.0387524015860688,0.961247598413931,0.749925464603969,0.888431211015653,0.250074535396031,0.390290559404405,0.568417200365965,prob=0.19| Log2FC_cutoff=0.928,scpp_arg_samples1,brca_tnbc,scPP
0.55785603074171,0.130237501532927,0.869762498467073,0.44214396925829,0.840906821132528,0.55785603074171,0.670742636369068,0.69747483989021,prob=0.41| Log2FC_cutoff=0.808,scpp_arg_samples1,brca_tnbc,scPP
0.196044654983933,0.0293504476147652,0.970649552385235,0.803955345016066,0.891802290536468,0.196044654983933,0.321429541319284,0.542781335773102,prob=0.15| Log2FC_cutoff=0.079,scpp_arg_samples1,brca_tnbc,scPP
0.194984596018154,0.0286146425213588,0.971385357478641,0.805015403981846,0.893713938657759,0.194984596018154,0.320126179533897,0.54252516010979,prob=0.15| Log2FC_cutoff=0.601,scpp_arg_samples1,brca_tnbc,scPP
0.424918011064365,0.0769733883824551,0.923026611617545,0.575081988935635,0.871991842284161,0.424918011064365,0.571396752566987,0.647886550777676,prob=0.31| Log2FC_cutoff=0.715,scpp_arg_samples1,brca_tnbc,scPP
0.453605856825786,0.0852307566529044,0.914769243347096,0.546394143174214,0.867853973887692,0.453605856825786,0.595801153051235,0.66003659652333,prob=0.33| Log2FC_cutoff=0.514,scpp_arg_samples1,brca_tnbc,scPP
0.546294762646172,0.123901402117484,0.876098597882517,0.453705237353828,0.84473926851757,0.546294762646172,0.663501579190891,0.693924977127173,prob=0.4| Log2FC_cutoff=0.72,scpp_arg_samples1,brca_tnbc,scPP
0.424918011064365,0.0766872419572416,0.923312758042758,0.575081988935635,0.872406991770387,0.424918011064365,0.571485854310537,0.648014638609332,prob=0.31| Log2FC_cutoff=0.75,scpp_arg_samples1,brca_tnbc,scPP
0.327922615695498,0.0528553325430242,0.947144667456976,0.672077384304502,0.884471050750536,0.327922615695498,0.47845525508108,0.605105215004575,prob=0.24| Log2FC_cutoff=0.096,scpp_arg_samples1,brca_tnbc,scPP
0.482194322059165,0.0952050034746352,0.904794996525365,0.517805677940836,0.862066923304708,0.482194322059165,0.618456832087016,0.671363220494053,prob=0.35| Log2FC_cutoff=0.398,scpp_arg_samples1,brca_tnbc,scPP
0.536721105111472,0.117033887912357,0.882966112087643,0.463278894888528,0.84982953055337,0.536721105111472,0.657922520912856,0.691710887465691,prob=0.39| Log2FC_cutoff=0.294,scpp_arg_samples1,brca_tnbc,scPP
0.124391294265744,0.0183542492744144,0.981645750725585,0.875608705734256,0.893196955280685,0.124391294265744,0.218371085458405,0.508124428179323,prob=0.1| Log2FC_cutoff=0.617,scpp_arg_samples1,brca_tnbc,scPP
0.503097359790638,0.107999836487757,0.892000163512243,0.496902640209362,0.851814459588311,0.503097359790638,0.632580806397867,0.677182067703568,prob=0.37| Log2FC_cutoff=0.974,scpp_arg_samples1,brca_tnbc,scPP
0.0947427700665849,0.0154519069615337,0.984548093038466,0.905257229933415,0.883261272390364,0.0947427700665849,0.171129394166043,0.493046660567246,prob=0.08| Log2FC_cutoff=0.618,scpp_arg_samples1,brca_tnbc,scPP
0.0416404412495445,0.00866614887789723,0.991333851122103,0.958359558750456,0.85568413886998,0.0416404412495445,0.0794162244124337,0.466752058554437,prob=0.04| Log2FC_cutoff=0.521,scpp_arg_samples1,brca_tnbc,scPP
0.178586808891245,0.0277153251849732,0.972284674815027,0.821413191108755,0.888284725654968,0.178586808891245,0.297385260370697,0.533870082342178,prob=0.14| Log2FC_cutoff=0.903,scpp_arg_samples1,brca_tnbc,scPP
0.238082618345646,0.0345828393900993,0.965417160609901,0.761917381654355,0.894684426739699,0.238082618345646,0.376085818942962,0.563659652333028,prob=0.18| Log2FC_cutoff=0.637,scpp_arg_samples1,brca_tnbc,scPP
0.208467220989168,0.0302088868904059,0.969791113109594,0.791532779010833,0.894908987485779,0.208467220989168,0.338160616889223,0.549258920402562,prob=0.16| Log2FC_cutoff=0.864,scpp_arg_samples1,brca_tnbc,scPP
0.267433000960678,0.0397334750439439,0.960266524956056,0.732566999039322,0.892537313432836,0.267433000960678,0.411551794453507,0.577566331198536,prob=0.2| Log2FC_cutoff=0.585,scpp_arg_samples1,brca_tnbc,scPP
0.0650611190247458,0.0164738584801537,0.983526141519846,0.934938880975254,0.829742289818335,0.0650611190247458,0.120661055477054,0.476193961573651,prob=0.13| Log2FC_cutoff=0.436,scpp_arg_samples2,brca_tnbc,scPP
0,0,1,1,0,0,0,0.447630375114364,prob=0.5| Log2FC_cutoff=0.237,scpp_arg_samples2,brca_tnbc,scPP
0.0479345413588631,0.0100560029432204,0.98994399705678,0.952065458641137,0.854695806261075,0.0479345413588631,0.0907779171894605,0.4696065873742,prob=0.15| Log2FC_cutoff=0.792,scpp_arg_samples2,brca_tnbc,scPP
0.170238844535727,0.0798757306953358,0.920124269304664,0.829761155464273,0.724517129564359,0.170238844535727,0.275697424892704,0.505910338517841,prob=0.25| Log2FC_cutoff=0.259,scpp_arg_samples2,brca_tnbc,scPP
0.145526219895982,0.0126721988308875,0.987327801169113,0.854473780104018,0.934084626833936,0.145526219895982,0.251820005732302,0.522342177493138,prob=0.27| Log2FC_cutoff=0.986,scpp_arg_samples2,brca_tnbc,scPP
0.116010203067546,0.024731226750603,0.975268773249397,0.883989796932454,0.852690528366204,0.116010203067546,0.204233976788943,0.50064043915828,prob=0.23| Log2FC_cutoff=0.757,scpp_arg_samples2,brca_tnbc,scPP
0.158246927485341,0.0136123942280178,0.986387605771982,0.841753072514659,0.934833659491194,0.158246927485341,0.270674561577471,0.528947849954254,prob=0.28| Log2FC_cutoff=0.98,scpp_arg_samples2,brca_tnbc,scPP
0.0502534203465068,0.0226464456526182,0.977353554347382,0.949746579653493,0.732496378561082,0.0502534203465068,0.0940541881083762,0.465251601097896,prob=0.1| Log2FC_cutoff=0.219,scpp_arg_samples2,brca_tnbc,scPP
0.181369463676417,0.019457956914524,0.980542043085476,0.818630536323583,0.920013443118803,0.181369463676417,0.303005146936743,0.539103385178408,prob=0.31| Log2FC_cutoff=0.949,scpp_arg_samples2,brca_tnbc,scPP
0.153443535296651,0.06687650737849,0.93312349262151,0.846556464703349,0.738991703892789,0.153443535296651,0.254121519681799,0.502451967063129,prob=0.23| Log2FC_cutoff=0.149,scpp_arg_samples2,brca_tnbc,scPP
0.00115943949382184,0.000122634182234395,0.999877365817766,0.998840560506178,0.921052631578947,0.00115943949382184,0.00231596360628619,0.448215919487649,prob=0.01| Log2FC_cutoff=0.6,scpp_arg_samples2,brca_tnbc,scPP
0.0829164872296022,0.00764419735927728,0.992355802640723,0.917083512770398,0.930483271375465,0.0829164872296022,0.152264501018949,0.490009149130833,prob=0.21| Log2FC_cutoff=0.946,scpp_arg_samples2,brca_tnbc,scPP
0.0320005300294829,0.00678575808363651,0.993214241916364,0.967999469970517,0.853356890459364,0.0320005300294829,0.0616877933522782,0.462268984446478,prob=0.1| Log2FC_cutoff=0.688,scpp_arg_samples2,brca_tnbc,scPP
0.292211879285785,0.0828598291297061,0.917140170870294,0.707788120714215,0.813145280235988,0.292211879285785,0.4299256732058,0.571948764867338,prob=0.37| Log2FC_cutoff=0.506,scpp_arg_samples2,brca_tnbc,scPP
0.305495743200716,0.129256428075052,0.870743571924948,0.694504256799285,0.744670542635659,0.305495743200716,0.43325268375185,0.558517840805124,prob=0.38| Log2FC_cutoff=0.373,scpp_arg_samples2,brca_tnbc,scPP
0.206910259383178,0.0965539794792135,0.903446020520786,0.793089740616822,0.725604089219331,0.206910259383178,0.322000257765176,0.518700823421775,prob=0.29| Log2FC_cutoff=0.336,scpp_arg_samples2,brca_tnbc,scPP
0.0427667539006857,0.0156154192045129,0.984384580795487,0.957233246099314,0.771667662881052,0.0427667539006857,0.0810420590081607,0.464263494967978,prob=0.09| Log2FC_cutoff=0.048,scpp_arg_samples2,brca_tnbc,scPP
0.0717196144035512,0.0127539549523771,0.987246045047623,0.928280385596449,0.874041178845378,0.0717196144035512,0.132561841783003,0.481537053979872,prob=0.16| Log2FC_cutoff=0.619,scpp_arg_samples2,brca_tnbc,scPP
0.179348726272899,0.0193762007930344,0.980623799206966,0.820651273727101,0.919497282608696,0.179348726272899,0.30015246015246,0.538023787740165,prob=0.31| Log2FC_cutoff=0.961,scpp_arg_samples2,brca_tnbc,scPP
0.312154238579521,0.0722315333360585,0.927768466663941,0.687845761420479,0.842091152815014,0.312154238579521,0.455470430432366,0.58772186642269,prob=0.39| Log2FC_cutoff=0.655,scpp_arg_samples2,brca_tnbc,scPP
0.308344651671249,0.0840452928913052,0.915954707108695,0.691655348328751,0.819077789510736,0.308344651671249,0.448027724964501,0.580329368709973,prob=0.38| Log2FC_cutoff=0.51,scpp_arg_samples2,brca_tnbc,scPP
0.293801967734455,0.142460041695622,0.857539958304378,0.706198032265545,0.717905131941072,0.293801967734455,0.416962459744717,0.546148215919488,prob=0.37| Log2FC_cutoff=0.15,scpp_arg_samples2,brca_tnbc,scPP
0.163580349156922,0.0250173731758165,0.974982626824183,0.836419650843078,0.88972972972973,0.163580349156922,0.276352239975376,0.526788655077768,prob=0.29| Log2FC_cutoff=0.87,scpp_arg_samples2,brca_tnbc,scPP
0,0,1,1,0,0,0,0.447630375114364,prob=0| Log2FC_cutoff=0.514,scpp_arg_samples2,brca_tnbc,scPP
0.0532017093450823,0.0203572742509095,0.97964272574909,0.946798290654918,0.763307984790874,0.0532017093450823,0.0994704406800657,0.467904849039341,prob=0.11| Log2FC_cutoff=0.009,scpp_arg_samples2,brca_tnbc,scPP
0.118130320999106,0.041736500020439,0.958263499979561,0.881869679000895,0.777414432090691,0.118130320999106,0.205095761200897,0.49419945105215,prob=0.19| Log2FC_cutoff=0.019,scpp_arg_samples2,brca_tnbc,scPP
0.0324974326696923,0.0128765891346115,0.987123410865389,0.967502567330308,0.756944444444445,0.0324974326696923,0.0623193469491472,0.459817017383349,prob=0.07| Log2FC_cutoff=0.145,scpp_arg_samples2,brca_tnbc,scPP
0.0567131546692285,0.0242406900216654,0.975759309978335,0.943286845330772,0.742733188720174,0.0567131546692285,0.105379785793426,0.468106129917658,prob=0.11| Log2FC_cutoff=0.305,scpp_arg_samples2,brca_tnbc,scPP
0.00155696160598933,0.000163512242979193,0.999836487757021,0.998443038394011,0.92156862745098,0.00155696160598933,0.00310867120841326,0.448417200365965,prob=0.02| Log2FC_cutoff=0.826,scpp_arg_samples2,brca_tnbc,scPP
0.0289197336601848,0.00592731880799575,0.994072681192004,0.971080266339815,0.857563850687623,0.0289197336601848,0.0559525717032527,0.460951509606587,prob=0.08| Log2FC_cutoff=0.502,scpp_arg_samples2,brca_tnbc,scPP
0.0379633617119952,0.0069901483873605,0.99300985161264,0.962036638288005,0.870159453302961,0.0379633617119952,0.0727526663280853,0.465471180237877,prob=0.13| Log2FC_cutoff=0.804,scpp_arg_samples2,brca_tnbc,scPP
0.0620134494981283,0.0234231288067694,0.976576871193231,0.937986550501872,0.765644171779141,0.0620134494981283,0.114734003432214,0.471399817017383,prob=0.12| Log2FC_cutoff=0.061,scpp_arg_samples2,brca_tnbc,scPP
0.0679762811806407,0.0071945386910845,0.992805461308916,0.932023718819359,0.921005385996409,0.0679762811806407,0.126608051827857,0.48195791399817,prob=0.19| Log2FC_cutoff=0.928,scpp_arg_samples2,brca_tnbc,scPP
0.318580846059562,0.0675305563504067,0.932469443649593,0.681419153940438,0.853403141361257,0.318580846059562,0.463961790814357,0.593376029277219,prob=0.41| Log2FC_cutoff=0.808,scpp_arg_samples2,brca_tnbc,scPP
0.0859972835989002,0.0316396190164739,0.968360380983526,0.9140027164011,0.770326409495549,0.0859972835989002,0.154721816610543,0.480969807868253,prob=0.15| Log2FC_cutoff=0.079,scpp_arg_samples2,brca_tnbc,scPP
0.0667505880014576,0.0123860524056739,0.987613947594326,0.933249411998542,0.869283865401208,0.0667505880014576,0.123980926011383,0.478956999085087,prob=0.15| Log2FC_cutoff=0.601,scpp_arg_samples2,brca_tnbc,scPP
0.201411203498195,0.0457016719126845,0.954298328087316,0.798588796501805,0.844679077521534,0.201411203498195,0.325264143373011,0.538426349496798,prob=0.31| Log2FC_cutoff=0.715,scpp_arg_samples2,brca_tnbc,scPP
0.250107662238712,0.0599681151126191,0.940031884887381,0.749892337761288,0.837307308417434,0.250107662238712,0.385164779104173,0.558938700823422,prob=0.33| Log2FC_cutoff=0.514,scpp_arg_samples2,brca_tnbc,scPP
0.311624209096631,0.0778318276580959,0.922168172341904,0.688375790903369,0.831668287507736,0.311624209096631,0.453371246807075,0.584922232387923,prob=0.4| Log2FC_cutoff=0.72,scpp_arg_samples2,brca_tnbc,scPP
0.192334448603704,0.0483178678003516,0.951682132199648,0.807665551396296,0.83085289066972,0.192334448603704,0.31236045729657,0.53224153705398,prob=0.31| Log2FC_cutoff=0.75,scpp_arg_samples2,brca_tnbc,scPP
0.16984132242356,0.0627478232432653,0.937252176756735,0.83015867757644,0.769588712098469,0.16984132242356,0.278270780753888,0.513357731015554,prob=0.24| Log2FC_cutoff=0.096,scpp_arg_samples2,brca_tnbc,scPP
0.26965249942028,0.102072517679761,0.897927482320239,0.73034750057972,0.765253360910031,0.26965249942028,0.398785028414658,0.550887465690759,prob=0.35| Log2FC_cutoff=0.398,scpp_arg_samples2,brca_tnbc,scPP
0.317288899195018,0.153701508400441,0.846298491599559,0.682711100804982,0.718098665467087,0.317288899195018,0.440114876507754,0.554089661482159,prob=0.39| Log2FC_cutoff=0.294,scpp_arg_samples2,brca_tnbc,scPP
0.0353463411402259,0.00551853820054777,0.994481461799452,0.964653658859774,0.887687188019967,0.0353463411402259,0.0679856000509733,0.464684354986276,prob=0.1| Log2FC_cutoff=0.617,scpp_arg_samples2,brca_tnbc,scPP
0.2738927352834,0.0258758124514573,0.974124187548543,0.7261072647166,0.928884395011796,0.2738927352834,0.423045435939419,0.587337602927722,prob=0.37| Log2FC_cutoff=0.974,scpp_arg_samples2,brca_tnbc,scPP
0.0243482293702587,0.00421044025671422,0.995789559743286,0.975651770629741,0.87708830548926,0.0243482293702587,0.0473811442385173,0.459194876486734,prob=0.08| Log2FC_cutoff=0.618,scpp_arg_samples2,brca_tnbc,scPP
0.010931858084606,0.00224829334096391,0.997751706659036,0.989068141915394,0.857142857142857,0.010931858084606,0.021588381525579,0.452662397072278,prob=0.04| Log2FC_cutoff=0.521,scpp_arg_samples2,brca_tnbc,scPP
0.0405803822837645,0.00531414789682378,0.994685852103176,0.959419617716236,0.904059040590406,0.0405803822837645,0.0776742121615624,0.467666971637694,prob=0.14| Log2FC_cutoff=0.903,scpp_arg_samples2,brca_tnbc,scPP
0.0833471361844503,0.0162694681764297,0.98373053182357,0.91665286381555,0.863417982155113,0.0833471361844503,0.152019576447841,0.486386093321134,prob=0.18| Log2FC_cutoff=0.637,scpp_arg_samples2,brca_tnbc,scPP
0.0551230662205585,0.00776683154151167,0.992233168458488,0.944876933779442,0.897518878101402,0.0551230662205585,0.103866920508099,0.474602012808783,prob=0.16| Log2FC_cutoff=0.864,scpp_arg_samples2,brca_tnbc,scPP
0.108159141352238,0.0215836160732535,0.978416383926747,0.891840858647762,0.860796203532824,0.108159141352238,0.192171865803414,0.497712717291857,prob=0.2| Log2FC_cutoff=0.585,scpp_arg_samples2,brca_tnbc,scPP
0.000543183052688756,6.58046260652124e-05,0.999934195373935,0.999456816947311,0.333333333333333,0.000543183052688756,0.00108459869848156,0.942855370106099,arch=DenseNet| ff_depth=6| bag_depth=4,degas_arg_samples1_part1,lung,DEGAS
0,0,1,1,0,0,0,0.942886393249364,arch=DenseNet| ff_depth=8| bag_depth=8,degas_arg_samples1_part1,lung,DEGAS
0,0,1,1,0,0,0,0.942886393249364,arch=DenseNet| ff_depth=6| bag_depth=9,degas_arg_samples1_part1,lung,DEGAS
0,0,1,1,0,0,0,0.942886393249364,arch=Standard| ff_depth=7| bag_depth=6,degas_arg_samples1_part1,lung,DEGAS
0,0,1,1,0,0,0,0.942886393249364,arch=DenseNet| ff_depth=10| bag_depth=6,degas_arg_samples1_part1,lung,DEGAS
0,0,1,1,0,0,0,0.942886393249364,arch=Standard| ff_depth=3| bag_depth=8,degas_arg_samples1_part1,lung,DEGAS
0,0,1,1,0,0,0,0.942886393249364,arch=Standard| ff_depth=6| bag_depth=3,degas_arg_samples1_part1,lung,DEGAS
0,0,1,1,0,0,0,0.942886393249364,arch=Standard| ff_depth=9| bag_depth=8,degas_arg_samples1_part1,lung,DEGAS
0,0,1,1,0,0,0,0.942886393249364,arch=DenseNet| ff_depth=3| bag_depth=8,degas_arg_samples1_part1,lung,DEGAS
0,0,1,1,0,0,0,0.942886393249364,arch=DenseNet| ff_depth=2| bag_depth=8,degas_arg_samples1_part1,lung,DEGAS
0,0,1,1,0,0,0,0.942886393249364,arch=Standard| ff_depth=10| bag_depth=5,degas_arg_samples1_part1,lung,DEGAS
0,0,1,1,0,0,0,0.942886393249364,arch=Standard| ff_depth=10| bag_depth=10,degas_arg_samples1_part1,lung,DEGAS
0,0,1,1,0,0,0,0.942886393249364,arch=Standard| ff_depth=7| bag_depth=8,degas_arg_samples1_part1,lung,DEGAS
0,9.87069390978186e-05,0.999901293060902,1,0,0,0,0.942793323819569,arch=DenseNet| ff_depth=6| bag_depth=5,degas_arg_samples1_part1,lung,DEGAS
0,0,1,1,0,0,0,0.942886393249364,arch=Standard| ff_depth=10| bag_depth=8,degas_arg_samples1_part1,lung,DEGAS
0,0,1,1,0,0,0,0.942886393249364,arch=DenseNet| ff_depth=5| bag_depth=9,degas_arg_samples1_part1,lung,DEGAS
0,0,1,1,0,0,0,0.942886393249364,arch=Standard| ff_depth=7| bag_depth=10,degas_arg_samples1_part1,lung,DEGAS
0,9.87069390978186e-05,0.999901293060902,1,0,0,0,0.942793323819569,arch=DenseNet| ff_depth=9| bag_depth=3,degas_arg_samples1_part1,lung,DEGAS
0,0,1,1,0,0,0,0.942886393249364,arch=DenseNet| ff_depth=7| bag_depth=9,degas_arg_samples1_part1,lung,DEGAS
0,0,1,1,0,0,0,0.942886393249364,arch=DenseNet| ff_depth=7| bag_depth=5,degas_arg_samples1_part1,lung,DEGAS
0,0,1,1,0,0,0,0.942886393249364,arch=DenseNet| ff_depth=8| bag_depth=9,degas_arg_samples1_part1,lung,DEGAS
0,0,1,1,0,0,0,0.942886393249364,arch=Standard| ff_depth=2| bag_depth=7,degas_arg_samples1_part1,lung,DEGAS
0,0,1,1,0,0,0,0.942886393249364,arch=DenseNet| ff_depth=7| bag_depth=9,degas_arg_samples1_part1,lung,DEGAS
0,0,1,1,0,0,0,0.942886393249364,arch=DenseNet| ff_depth=3| bag_depth=9,degas_arg_samples1_part1,lung,DEGAS
0,3.29023130326062e-05,0.999967097686967,1,0,0,0,0.942855370106099,arch=DenseNet| ff_depth=2| bag_depth=4,degas_arg_samples1_part1,lung,DEGAS
0,0,1,1,0,0,0,0.942886393249364,arch=DenseNet| ff_depth=3| bag_depth=8,degas_arg_samples1_part1,lung,DEGAS
0,0,1,1,0,0,0,0.942886393249364,arch=Standard| ff_depth=5| bag_depth=8,degas_arg_samples1_part1,lung,DEGAS
0,0,1,1,0,0,0,0.942886393249364,arch=Standard| ff_depth=6| bag_depth=9,degas_arg_samples1_part1,lung,DEGAS
0,0,1,1,0,0,0,0.942886393249364,arch=DenseNet| ff_depth=7| bag_depth=10,degas_arg_samples1_part1,lung,DEGAS
0,0,1,1,0,0,0,0.942886393249364,arch=Standard| ff_depth=4| bag_depth=9,degas_arg_samples1_part1,lung,DEGAS
0,0,1,1,0,0,0,0.942886393249364,arch=DenseNet| ff_depth=10| bag_depth=5,degas_arg_samples1_part1,lung,DEGAS
0.000543183052688756,6.58046260652124e-05,0.999934195373935,0.999456816947311,0.333333333333333,0.000543183052688756,0.00108459869848156,0.942855370106099,arch=Standard| ff_depth=5| bag_depth=4,degas_arg_samples1_part1,lung,DEGAS
0,0,1,1,0,0,0,0.942886393249364,arch=DenseNet| ff_depth=7| bag_depth=7,degas_arg_samples1_part1,lung,DEGAS
0,0,1,1,0,0,0,0.942886393249364,arch=Standard| ff_depth=10| bag_depth=8,degas_arg_samples1_part1,lung,DEGAS
0,0,1,1,0,0,0,0.942886393249364,arch=Standard| ff_depth=10| bag_depth=10,degas_arg_samples1_part1,lung,DEGAS
0,0,1,1,0,0,0,0.942886393249364,arch=DenseNet| ff_depth=8| bag_depth=10,degas_arg_samples1_part1,lung,DEGAS
0,0,1,1,0,0,0,0.942886393249364,arch=DenseNet| ff_depth=4| bag_depth=10,degas_arg_samples1_part1,lung,DEGAS
0,0,1,1,0,0,0,0.942886393249364,arch=DenseNet| ff_depth=9| bag_depth=7,degas_arg_samples1_part1,lung,DEGAS
0,0,1,1,0,0,0,0.942886393249364,arch=DenseNet| ff_depth=10| bag_depth=9,degas_arg_samples1_part1,lung,DEGAS
0,0,1,1,0,0,0,0.942886393249364,arch=Standard| ff_depth=4| bag_depth=5,degas_arg_samples1_part1,lung,DEGAS
0,3.29023130326062e-05,0.999967097686967,1,0,0,0,0.942855370106099,arch=DenseNet| ff_depth=8| bag_depth=6,degas_arg_samples1_part1,lung,DEGAS
0,0,1,1,0,0,0,0.942886393249364,arch=Standard| ff_depth=4| bag_depth=6,degas_arg_samples1_part1,lung,DEGAS
0,0,1,1,0,0,0,0.942886393249364,arch=Standard| ff_depth=8| bag_depth=8,degas_arg_samples1_part1,lung,DEGAS
0,0,1,1,0,0,0,0.942886393249364,arch=DenseNet| ff_depth=7| bag_depth=6,degas_arg_samples1_part1,lung,DEGAS
0,0,1,1,0,0,0,0.942886393249364,arch=DenseNet| ff_depth=6| bag_depth=7,degas_arg_samples1_part1,lung,DEGAS
0,9.87069390978186e-05,0.999901293060902,1,0,0,0,0.942793323819569,arch=DenseNet| ff_depth=6| bag_depth=5,degas_arg_samples1_part1,lung,DEGAS
0,9.87069390978186e-05,0.999901293060902,1,0,0,0,0.942793323819569,arch=DenseNet| ff_depth=9| bag_depth=3,degas_arg_samples1_part1,lung,DEGAS
0,0,1,1,0,0,0,0.942886393249364,arch=Standard| ff_depth=4| bag_depth=9,degas_arg_samples1_part1,lung,DEGAS
0,0,1,1,0,0,0,0.942886393249364,arch=DenseNet| ff_depth=3| bag_depth=8,degas_arg_samples1_part1,lung,DEGAS
0,3.29023130326062e-05,0.999967097686967,1,0,0,0,0.942855370106099,arch=DenseNet| ff_depth=3| bag_depth=4,degas_arg_samples1_part1,lung,DEGAS
0,0,1,1,0,0,0,0.942886393249364,arch=DenseNet| ff_depth=3| bag_depth=5,degas_arg_samples1_part1,lung,DEGAS
0,0,1,1,0,0,0,0.942886393249364,lamb1=4| lamb2=2| lamb3=10,degas_arg_samples1_part2,lung,DEGAS
0,0,1,1,0,0,0,0.942886393249364,lamb1=4| lamb2=3| lamb3=8,degas_arg_samples1_part2,lung,DEGAS
0,0,1,1,0,0,0,0.942886393249364,lamb1=3| lamb2=5| lamb3=3,degas_arg_samples1_part2,lung,DEGAS
0,0,1,1,0,0,0,0.942886393249364,lamb1=7| lamb2=6| lamb3=4,degas_arg_samples1_part2,lung,DEGAS
0,0,1,1,0,0,0,0.942886393249364,lamb1=6| lamb2=7| lamb3=9,degas_arg_samples1_part2,lung,DEGAS
0,0,1,1,0,0,0,0.942886393249364,lamb1=5| lamb2=4| lamb3=5,degas_arg_samples1_part2,lung,DEGAS
0,0,1,1,0,0,0,0.942886393249364,lamb1=7| lamb2=10| lamb3=8,degas_arg_samples1_part2,lung,DEGAS
0,0,1,1,0,0,0,0.942886393249364,lamb1=10| lamb2=5| lamb3=5,degas_arg_samples1_part2,lung,DEGAS
0,0,1,1,0,0,0,0.942886393249364,lamb1=6| lamb2=7| lamb3=2,degas_arg_samples1_part2,lung,DEGAS
0,0,1,1,0,0,0,0.942886393249364,lamb1=4| lamb2=10| lamb3=9,degas_arg_samples1_part2,lung,DEGAS
0,0,1,1,0,0,0,0.942886393249364,lamb1=10| lamb2=10| lamb3=5,degas_arg_samples1_part2,lung,DEGAS
0,0,1,1,0,0,0,0.942886393249364,lamb1=10| lamb2=8| lamb3=10,degas_arg_samples1_part2,lung,DEGAS
0,0,1,1,0,0,0,0.942886393249364,lamb1=10| lamb2=4| lamb3=9,degas_arg_samples1_part2,lung,DEGAS
0,0,1,1,0,0,0,0.942886393249364,lamb1=4| lamb2=9| lamb3=7,degas_arg_samples1_part2,lung,DEGAS
0,0,1,1,0,0,0,0.942886393249364,lamb1=9| lamb2=10| lamb3=5,degas_arg_samples1_part2,lung,DEGAS
0,0,1,1,0,0,0,0.942886393249364,lamb1=8| lamb2=4| lamb3=9,degas_arg_samples1_part2,lung,DEGAS
0,0,1,1,0,0,0,0.942886393249364,lamb1=10| lamb2=8| lamb3=4,degas_arg_samples1_part2,lung,DEGAS
0,0,1,1,0,0,0,0.942886393249364,lamb1=4| lamb2=4| lamb3=5,degas_arg_samples1_part2,lung,DEGAS
0,0,1,1,0,0,0,0.942886393249364,lamb1=5| lamb2=8| lamb3=5,degas_arg_samples1_part2,lung,DEGAS
0,0,1,1,0,0,0,0.942886393249364,lamb1=2| lamb2=7| lamb3=7,degas_arg_samples1_part2,lung,DEGAS
0,0,1,1,0,0,0,0.942886393249364,lamb1=8| lamb2=6| lamb3=2,degas_arg_samples1_part2,lung,DEGAS
0,0,1,1,0,0,0,0.942886393249364,lamb1=6| lamb2=6| lamb3=5,degas_arg_samples1_part2,lung,DEGAS
0,0,1,1,0,0,0,0.942886393249364,lamb1=8| lamb2=9| lamb3=10,degas_arg_samples1_part2,lung,DEGAS
0,0,1,1,0,0,0,0.942886393249364,lamb1=10| lamb2=4| lamb3=8,degas_arg_samples1_part2,lung,DEGAS
0,0,1,1,0,0,0,0.942886393249364,lamb1=10| lamb2=3| lamb3=9,degas_arg_samples1_part2,lung,DEGAS
0,0,1,1,0,0,0,0.942886393249364,lamb1=8| lamb2=3| lamb3=6,degas_arg_samples1_part2,lung,DEGAS
0,0,1,1,0,0,0,0.942886393249364,lamb1=6| lamb2=7| lamb3=3,degas_arg_samples1_part2,lung,DEGAS
0,0,1,1,0,0,0,0.942886393249364,lamb1=8| lamb2=5| lamb3=7,degas_arg_samples1_part2,lung,DEGAS
0,0,1,1,0,0,0,0.942886393249364,lamb1=6| lamb2=2| lamb3=10,degas_arg_samples1_part2,lung,DEGAS
0,0,1,1,0,0,0,0.942886393249364,lamb1=7| lamb2=7| lamb3=9,degas_arg_samples1_part2,lung,DEGAS
0,0,1,1,0,0,0,0.942886393249364,lamb1=10| lamb2=4| lamb3=5,degas_arg_samples1_part2,lung,DEGAS
0,0,1,1,0,0,0,0.942886393249364,lamb1=3| lamb2=9| lamb3=6,degas_arg_samples1_part2,lung,DEGAS
0,0,1,1,0,0,0,0.942886393249364,lamb1=6| lamb2=4| lamb3=8,degas_arg_samples1_part2,lung,DEGAS
0,0,1,1,0,0,0,0.942886393249364,lamb1=9| lamb2=9| lamb3=2,degas_arg_samples1_part2,lung,DEGAS
0,0,1,1,0,0,0,0.942886393249364,lamb1=3| lamb2=2| lamb3=9,degas_arg_samples1_part2,lung,DEGAS
0,0,1,1,0,0,0,0.942886393249364,lamb1=2| lamb2=8| lamb3=9,degas_arg_samples1_part2,lung,DEGAS
0,0,1,1,0,0,0,0.942886393249364,lamb1=10| lamb2=8| lamb3=10,degas_arg_samples1_part2,lung,DEGAS
0,0,1,1,0,0,0,0.942886393249364,lamb1=10| lamb2=8| lamb3=9,degas_arg_samples1_part2,lung,DEGAS
0,0,1,1,0,0,0,0.942886393249364,lamb1=7| lamb2=7| lamb3=3,degas_arg_samples1_part2,lung,DEGAS
0,0,1,1,0,0,0,0.942886393249364,lamb1=6| lamb2=8| lamb3=6,degas_arg_samples1_part2,lung,DEGAS
0,0,1,1,0,0,0,0.942886393249364,lamb1=10| lamb2=6| lamb3=10,degas_arg_samples1_part2,lung,DEGAS
0,0,1,1,0,0,0,0.942886393249364,lamb1=5| lamb2=7| lamb3=8,degas_arg_samples1_part2,lung,DEGAS
0,0,1,1,0,0,0,0.942886393249364,lamb1=7| lamb2=9| lamb3=8,degas_arg_samples1_part2,lung,DEGAS
0,0,1,1,0,0,0,0.942886393249364,lamb1=9| lamb2=6| lamb3=9,degas_arg_samples1_part2,lung,DEGAS
0,0,1,1,0,0,0,0.942886393249364,lamb1=7| lamb2=8| lamb3=7,degas_arg_samples1_part2,lung,DEGAS
0,0,1,1,0,0,0,0.942886393249364,lamb1=7| lamb2=5| lamb3=8,degas_arg_samples1_part2,lung,DEGAS
0,0,1,1,0,0,0,0.942886393249364,lamb1=8| lamb2=4| lamb3=2,degas_arg_samples1_part2,lung,DEGAS
0,0,1,1,0,0,0,0.942886393249364,lamb1=2| lamb2=10| lamb3=10,degas_arg_samples1_part2,lung,DEGAS
0,0,1,1,0,0,0,0.942886393249364,lamb1=7| lamb2=8| lamb3=4,degas_arg_samples1_part2,lung,DEGAS
0,0,1,1,0,0,0,0.942886393249364,lamb1=3| lamb2=7| lamb3=6,degas_arg_samples1_part2,lung,DEGAS
0,0,1,1,0,0,0,0.942886393249364,lamb1=3| lamb2=3| lamb3=3,degas_arg_samples1_part2,lung,DEGAS
0,0,1,1,0,0,0,0.942886393249364,scbatch_sz=350| patbatch_sz=30| hidden_feats=90| do_prc=0.7,degas_arg_samples1_part3,lung,DEGAS
0,0,1,1,0,0,0,0.942886393249364,scbatch_sz=190| patbatch_sz=25| hidden_feats=90| do_prc=0.5,degas_arg_samples1_part3,lung,DEGAS
0,0,1,1,0,0,0,0.942886393249364,scbatch_sz=180| patbatch_sz=65| hidden_feats=100| do_prc=0.6,degas_arg_samples1_part3,lung,DEGAS
0,0,1,1,0,0,0,0.942886393249364,scbatch_sz=70| patbatch_sz=75| hidden_feats=35| do_prc=0.8,degas_arg_samples1_part3,lung,DEGAS
0,0.000493534695489093,0.999506465304511,1,0,0,0,0.942421046100391,scbatch_sz=460| patbatch_sz=65| hidden_feats=90| do_prc=0.5,degas_arg_samples1_part3,lung,DEGAS
0,0,1,1,0,0,0,0.942886393249364,scbatch_sz=470| patbatch_sz=50| hidden_feats=85| do_prc=0.7,degas_arg_samples1_part3,lung,DEGAS
0,0.000296120817293456,0.999703879182707,1,0,0,0,0.94260718495998,scbatch_sz=410| patbatch_sz=45| hidden_feats=100| do_prc=0.4,degas_arg_samples1_part3,lung,DEGAS
0.00325909831613254,0.0021386503471194,0.997861349652881,0.996740901683867,0.0845070422535211,0.00325909831613254,0.00627615062761506,0.941056027796736,scbatch_sz=180| patbatch_sz=95| hidden_feats=55| do_prc=0.3,degas_arg_samples1_part3,lung,DEGAS
0,0,1,1,0,0,0,0.942886393249364,scbatch_sz=290| patbatch_sz=65| hidden_feats=35| do_prc=0.9,degas_arg_samples1_part3,lung,DEGAS
0.000543183052688756,3.29023130326062e-05,0.999967097686967,0.999456816947311,0.5,0.000543183052688756,0.0010851871947911,0.942886393249364,scbatch_sz=300| patbatch_sz=95| hidden_feats=55| do_prc=0.7,degas_arg_samples1_part3,lung,DEGAS
0,3.29023130326062e-05,0.999967097686967,1,0,0,0,0.942855370106099,scbatch_sz=310| patbatch_sz=70| hidden_feats=50| do_prc=0.6,degas_arg_samples1_part3,lung,DEGAS
0,0,1,1,0,0,0,0.942886393249364,scbatch_sz=90| patbatch_sz=80| hidden_feats=70| do_prc=0.9,degas_arg_samples1_part3,lung,DEGAS
0,0,1,1,0,0,0,0.942886393249364,scbatch_sz=310| patbatch_sz=95| hidden_feats=95| do_prc=0.7,degas_arg_samples1_part3,lung,DEGAS
0,0,1,1,0,0,0,0.942886393249364,scbatch_sz=320| patbatch_sz=100| hidden_feats=45| do_prc=0.2,degas_arg_samples1_part3,lung,DEGAS
0,3.29023130326062e-05,0.999967097686967,1,0,0,0,0.942855370106099,scbatch_sz=130| patbatch_sz=40| hidden_feats=45| do_prc=0.3,degas_arg_samples1_part3,lung,DEGAS
0,0,1,1,0,0,0,0.942886393249364,scbatch_sz=330| patbatch_sz=90| hidden_feats=60| do_prc=0.8,degas_arg_samples1_part3,lung,DEGAS
0,9.87069390978186e-05,0.999901293060902,1,0,0,0,0.942793323819569,scbatch_sz=390| patbatch_sz=50| hidden_feats=35| do_prc=0.4,degas_arg_samples1_part3,lung,DEGAS
0,0,1,1,0,0,0,0.942886393249364,scbatch_sz=120| patbatch_sz=75| hidden_feats=70| do_prc=0.7,degas_arg_samples1_part3,lung,DEGAS
0,0,1,1,0,0,0,0.942886393249364,scbatch_sz=300| patbatch_sz=60| hidden_feats=30| do_prc=0.4,degas_arg_samples1_part3,lung,DEGAS
0,0,1,1,0,0,0,0.942886393249364,scbatch_sz=110| patbatch_sz=50| hidden_feats=70| do_prc=0.1,degas_arg_samples1_part3,lung,DEGAS
0,0,1,1,0,0,0,0.942886393249364,scbatch_sz=460| patbatch_sz=50| hidden_feats=80| do_prc=0.8,degas_arg_samples1_part3,lung,DEGAS
0,0,1,1,0,0,0,0.942886393249364,scbatch_sz=130| patbatch_sz=55| hidden_feats=30| do_prc=0.4,degas_arg_samples1_part3,lung,DEGAS
0,0.000131609252130425,0.99986839074787,1,0,0,0,0.942762300676305,scbatch_sz=230| patbatch_sz=95| hidden_feats=70| do_prc=0.9,degas_arg_samples1_part3,lung,DEGAS
0,0.000329023130326062,0.999670976869674,1,0,0,0,0.942576161816715,scbatch_sz=400| patbatch_sz=100| hidden_feats=50| do_prc=0.8,degas_arg_samples1_part3,lung,DEGAS
0,0,1,1,0,0,0,0.942886393249364,scbatch_sz=180| patbatch_sz=25| hidden_feats=95| do_prc=0.6,degas_arg_samples1_part3,lung,DEGAS
0,0,1,1,0,0,0,0.942886393249364,scbatch_sz=210| patbatch_sz=50| hidden_feats=80| do_prc=0.4,degas_arg_samples1_part3,lung,DEGAS
0,0,1,1,0,0,0,0.942886393249364,scbatch_sz=470| patbatch_sz=30| hidden_feats=40| do_prc=0.8,degas_arg_samples1_part3,lung,DEGAS
0,0,1,1,0,0,0,0.942886393249364,scbatch_sz=430| patbatch_sz=25| hidden_feats=90| do_prc=0.3,degas_arg_samples1_part3,lung,DEGAS
0,0,1,1,0,0,0,0.942886393249364,scbatch_sz=160| patbatch_sz=30| hidden_feats=25| do_prc=0.4,degas_arg_samples1_part3,lung,DEGAS
0,0,1,1,0,0,0,0.942886393249364,scbatch_sz=190| patbatch_sz=40| hidden_feats=90| do_prc=0.4,degas_arg_samples1_part3,lung,DEGAS
0,0,1,1,0,0,0,0.942886393249364,scbatch_sz=360| patbatch_sz=85| hidden_feats=90| do_prc=0.6,degas_arg_samples1_part3,lung,DEGAS
0,9.87069390978186e-05,0.999901293060902,1,0,0,0,0.942793323819569,scbatch_sz=460| patbatch_sz=45| hidden_feats=50| do_prc=0.1,degas_arg_samples1_part3,lung,DEGAS
0,6.58046260652124e-05,0.999934195373935,1,0,0,0,0.942824346962834,scbatch_sz=490| patbatch_sz=50| hidden_feats=35| do_prc=0.4,degas_arg_samples1_part3,lung,DEGAS
0,0,1,1,0,0,0,0.942886393249364,scbatch_sz=110| patbatch_sz=95| hidden_feats=60| do_prc=0.9,degas_arg_samples1_part3,lung,DEGAS
0,3.29023130326062e-05,0.999967097686967,1,0,0,0,0.942855370106099,scbatch_sz=130| patbatch_sz=35| hidden_feats=90| do_prc=0.7,degas_arg_samples1_part3,lung,DEGAS
0,0,1,1,0,0,0,0.942886393249364,scbatch_sz=450| patbatch_sz=65| hidden_feats=35| do_prc=0.8,degas_arg_samples1_part3,lung,DEGAS
0.000543183052688756,0.001085776330076,0.998914223669924,0.999456816947311,0.0294117647058824,0.000543183052688756,0.00106666666666667,0.941893652664888,scbatch_sz=140| patbatch_sz=40| hidden_feats=90| do_prc=0.5,degas_arg_samples1_part3,lung,DEGAS
0,0,1,1,0,0,0,0.942886393249364,scbatch_sz=270| patbatch_sz=50| hidden_feats=95| do_prc=0.2,degas_arg_samples1_part3,lung,DEGAS
0,0,1,1,0,0,0,0.942886393249364,scbatch_sz=310| patbatch_sz=65| hidden_feats=60| do_prc=0.6,degas_arg_samples1_part3,lung,DEGAS
0,3.29023130326062e-05,0.999967097686967,1,0,0,0,0.942855370106099,scbatch_sz=110| patbatch_sz=100| hidden_feats=25| do_prc=0.9,degas_arg_samples1_part3,lung,DEGAS
0.0744160782183596,0.0193465600631724,0.980653439936827,0.92558392178164,0.188965517241379,0.0744160782183596,0.106780982073266,0.928894955636905,scbatch_sz=310| patbatch_sz=90| hidden_feats=55| do_prc=0.8,degas_arg_samples1_part3,lung,DEGAS
0,0,1,1,0,0,0,0.942886393249364,scbatch_sz=360| patbatch_sz=65| hidden_feats=75| do_prc=0.4,degas_arg_samples1_part3,lung,DEGAS
0,0,1,1,0,0,0,0.942886393249364,scbatch_sz=420| patbatch_sz=55| hidden_feats=55| do_prc=0.5,degas_arg_samples1_part3,lung,DEGAS
0.00108636610537751,3.29023130326062e-05,0.999967097686967,0.998913633894622,0.666666666666667,0.00108636610537751,0.00216919739696312,0.942917416392629,scbatch_sz=290| patbatch_sz=35| hidden_feats=85| do_prc=0.7,degas_arg_samples1_part3,lung,DEGAS
0,3.29023130326062e-05,0.999967097686967,1,0,0,0,0.942855370106099,scbatch_sz=380| patbatch_sz=60| hidden_feats=95| do_prc=0.1,degas_arg_samples1_part3,lung,DEGAS
0,0,1,1,0,0,0,0.942886393249364,scbatch_sz=330| patbatch_sz=100| hidden_feats=55| do_prc=0.8,degas_arg_samples1_part3,lung,DEGAS
0,0,1,1,0,0,0,0.942886393249364,scbatch_sz=90| patbatch_sz=90| hidden_feats=70| do_prc=0.8,degas_arg_samples1_part3,lung,DEGAS
0,0,1,1,0,0,0,0.942886393249364,scbatch_sz=120| patbatch_sz=80| hidden_feats=50| do_prc=0.9,degas_arg_samples1_part3,lung,DEGAS
0,0,1,1,0,0,0,0.942886393249364,scbatch_sz=160| patbatch_sz=95| hidden_feats=90| do_prc=0.8,degas_arg_samples1_part3,lung,DEGAS
0,0,1,1,0,0,0,0.942886393249364,scbatch_sz=170| patbatch_sz=65| hidden_feats=95| do_prc=0.2,degas_arg_samples1_part3,lung,DEGAS
0,0,1,1,0,0,0,0.942886393249364,scbatch_sz=200| patbatch_sz=50| hidden_feats=50| do_prc=0.5,degas_arg_samples1_part3,lung,DEGAS
0.979359043997827,0.994636922975685,0.00536307702431481,0.0206409560021727,0.056285705366341,0.979359043997827,0.106453327035484,0.0609914996587454,tred=1.5| repeat_times=15| alpha_samples=5e-04|0.001|0.005|0.01|0.05,scab_arg_samples1,lung,scAB
0.979359043997827,0.994636922975685,0.00536307702431481,0.0206409560021727,0.056285705366341,0.979359043997827,0.106453327035484,0.0609914996587454,tred=1.5| repeat_times=12| alpha_samples=5e-04|0.001|0.005|0.01|0.05,scab_arg_samples1,lung,scAB
0.950570342205323,0.994340802158392,0.00565919784160827,0.0494296577946768,0.0547371055018611,0.950570342205323,0.103513545486809,0.0596264813550909,tred=5| repeat_times=10| alpha_samples=5e-04|0.001|0.005|0.01|0.05,scab_arg_samples1,lung,scAB
0.98261814231396,0.99470272760175,0.0052972723982496,0.0173818576860402,0.0564589120189757,0.98261814231396,0.106782362316274,0.0611155922318049,tred=1| repeat_times=10| alpha_samples=5e-04|0.001|0.005|0.01|0.05,scab_arg_samples1,lung,scAB
0.96523628462792,0.994340802158392,0.00565919784160827,0.0347637153720804,0.0555347209200575,0.96523628462792,0.105026744289134,0.0604641062232425,tred=3| repeat_times=11| alpha_samples=5e-04|0.001|0.005|0.01|0.05,scab_arg_samples1,lung,scAB
0.973384030418251,0.994406606784457,0.00559339321554305,0.026615969581749,0.0559737622989224,0.973384030418251,0.10586011342155,0.0608674070856859,tred=2.5| repeat_times=19| alpha_samples=5e-04|0.001|0.005|0.01|0.05,scab_arg_samples1,lung,scAB
0.976643128734383,0.99457111834962,0.00542888165038002,0.0233568712656165,0.0561418847186661,0.976643128734383,0.106180057282901,0.0608984302289508,tred=2| repeat_times=20| alpha_samples=5e-04|0.001|0.005|0.01|0.05,scab_arg_samples1,lung,scAB
1,1,0,0,0.057113606750636,1,0.108055759354365,0.057113606750636,tred=3| repeat_times=5| alpha_samples=5e-04|0.001|0.005|0.01|0.05,scab_arg_samples1,lung,scAB
0.950570342205323,0.994340802158392,0.00565919784160827,0.0494296577946768,0.0547371055018611,0.950570342205323,0.103513545486809,0.0596264813550909,tred=4.5| repeat_times=10| alpha_samples=5e-04|0.001|0.005|0.01|0.05,scab_arg_samples1,lung,scAB
1,1,0,0,0.057113606750636,1,0.108055759354365,0.057113606750636,tred=5| repeat_times=6| alpha_samples=5e-04|0.001|0.005|0.01|0.05,scab_arg_samples1,lung,scAB
1,1,0,0,0.057113606750636,1,0.108055759354365,0.057113606750636,tred=2.5| repeat_times=5| alpha_samples=5e-04|0.001|0.005|0.01|0.05,scab_arg_samples1,lung,scAB
1,1,0,0,0.057113606750636,1,0.108055759354365,0.057113606750636,tred=1.5| repeat_times=6| alpha_samples=5e-04|0.001|0.005|0.01|0.05,scab_arg_samples1,lung,scAB
0.950570342205323,0.994340802158392,0.00565919784160827,0.0494296577946768,0.0547371055018611,0.950570342205323,0.103513545486809,0.0596264813550909,tred=4.5| repeat_times=8| alpha_samples=5e-04|0.001|0.005|0.01|0.05,scab_arg_samples1,lung,scAB
0.950570342205323,0.994340802158392,0.00565919784160827,0.0494296577946768,0.0547371055018611,0.950570342205323,0.103513545486809,0.0596264813550909,tred=4.5| repeat_times=17| alpha_samples=5e-04|0.001|0.005|0.01|0.05,scab_arg_samples1,lung,scAB
0.950570342205323,0.994340802158392,0.00565919784160827,0.0494296577946768,0.0547371055018611,0.950570342205323,0.103513545486809,0.0596264813550909,tred=4.5| repeat_times=9| alpha_samples=5e-04|0.001|0.005|0.01|0.05,scab_arg_samples1,lung,scAB
0.979359043997827,0.994636922975685,0.00536307702431481,0.0206409560021727,0.056285705366341,0.979359043997827,0.106453327035484,0.0609914996587454,tred=1.5| repeat_times=10| alpha_samples=5e-04|0.001|0.005|0.01|0.05,scab_arg_samples1,lung,scAB
0.953286257468767,0.994340802158392,0.00565919784160827,0.046713742531233,0.054884913685264,0.953286257468767,0.103793949788568,0.0597815970714153,tred=4| repeat_times=19| alpha_samples=5e-04|0.001|0.005|0.01|0.05,scab_arg_samples1,lung,scAB
0.950570342205323,0.994340802158392,0.00565919784160827,0.0494296577946768,0.0547371055018611,0.950570342205323,0.103513545486809,0.0596264813550909,tred=5| repeat_times=7| alpha_samples=5e-04|0.001|0.005|0.01|0.05,scab_arg_samples1,lung,scAB
1,1,0,0,0.057113606750636,1,0.108055759354365,0.057113606750636,tred=3.5| repeat_times=13| alpha_samples=5e-04|0.001|0.005|0.01|0.05,scab_arg_samples1,lung,scAB
0.950570342205323,0.994340802158392,0.00565919784160827,0.0494296577946768,0.0547371055018611,0.950570342205323,0.103513545486809,0.0596264813550909,tred=5| repeat_times=8| alpha_samples=5e-04|0.001|0.005|0.01|0.05,scab_arg_samples1,lung,scAB
0.950570342205323,0.994340802158392,0.00565919784160827,0.0494296577946768,0.0547371055018611,0.950570342205323,0.103513545486809,0.0596264813550909,tred=4.5| repeat_times=10| alpha_samples=5e-04|0.001|0.005|0.01|0.05,scab_arg_samples1,lung,scAB
1,1,0,0,0.057113606750636,1,0.108055759354365,0.057113606750636,tred=1.5| repeat_times=13| alpha_samples=5e-04|0.001|0.005|0.01|0.05,scab_arg_samples1,lung,scAB
0.976643128734383,0.99457111834962,0.00542888165038002,0.0233568712656165,0.0561418847186661,0.976643128734383,0.106180057282901,0.0608984302289508,tred=2| repeat_times=20| alpha_samples=5e-04|0.001|0.005|0.01|0.05,scab_arg_samples1,lung,scAB
0.985877240630092,0.994900141479946,0.00509985852005396,0.0141227593699077,0.0566249649018813,0.985877240630092,0.107098601522393,0.0611155922318049,tred=0.5| repeat_times=18| alpha_samples=5e-04|0.001|0.005|0.01|0.05,scab_arg_samples1,lung,scAB
1,1,0,0,0.057113606750636,1,0.108055759354365,0.057113606750636,tred=3.5| repeat_times=13| alpha_samples=5e-04|0.001|0.005|0.01|0.05,scab_arg_samples1,lung,scAB
0.973384030418251,0.994406606784457,0.00559339321554305,0.026615969581749,0.0559737622989224,0.973384030418251,0.10586011342155,0.0608674070856859,tred=2.5| repeat_times=11| alpha_samples=5e-04|0.001|0.005|0.01|0.05,scab_arg_samples1,lung,scAB
0.950570342205323,0.994340802158392,0.00565919784160827,0.0494296577946768,0.0547371055018611,0.950570342205323,0.103513545486809,0.0596264813550909,tred=5| repeat_times=7| alpha_samples=5e-04|0.001|0.005|0.01|0.05,scab_arg_samples1,lung,scAB
0.957088538837588,0.994340802158392,0.00565919784160827,0.0429114611624117,0.0550917675014852,0.957088538837588,0.10418637653737,0.0599987590742694,tred=3.5| repeat_times=12| alpha_samples=5e-04|0.001|0.005|0.01|0.05,scab_arg_samples1,lung,scAB
0.950570342205323,0.994340802158392,0.00565919784160827,0.0494296577946768,0.0547371055018611,0.950570342205323,0.103513545486809,0.0596264813550909,tred=4.5| repeat_times=20| alpha_samples=5e-04|0.001|0.005|0.01|0.05,scab_arg_samples1,lung,scAB
0.950570342205323,0.994340802158392,0.00565919784160827,0.0494296577946768,0.0547371055018611,0.950570342205323,0.103513545486809,0.0596264813550909,tred=4.5| repeat_times=18| alpha_samples=5e-04|0.001|0.005|0.01|0.05,scab_arg_samples1,lung,scAB
0.950570342205323,0.994340802158392,0.00565919784160827,0.0494296577946768,0.0547371055018611,0.950570342205323,0.103513545486809,0.0596264813550909,tred=5| repeat_times=16| alpha_samples=5e-04|0.001|0.005|0.01|0.05,scab_arg_samples1,lung,scAB
0.957088538837588,0.994340802158392,0.00565919784160827,0.0429114611624117,0.0550917675014852,0.957088538837588,0.10418637653737,0.0599987590742694,tred=3.5| repeat_times=19| alpha_samples=5e-04|0.001|0.005|0.01|0.05,scab_arg_samples1,lung,scAB
1,1,0,0,0.057113606750636,1,0.108055759354365,0.057113606750636,tred=2.5| repeat_times=13| alpha_samples=5e-04|0.001|0.005|0.01|0.05,scab_arg_samples1,lung,scAB
0.957088538837588,0.994340802158392,0.00565919784160827,0.0429114611624117,0.0550917675014852,0.957088538837588,0.10418637653737,0.0599987590742694,tred=3.5| repeat_times=18| alpha_samples=5e-04|0.001|0.005|0.01|0.05,scab_arg_samples1,lung,scAB
0.973384030418251,0.994406606784457,0.00559339321554305,0.026615969581749,0.0559737622989224,0.973384030418251,0.10586011342155,0.0608674070856859,tred=2.5| repeat_times=18| alpha_samples=5e-04|0.001|0.005|0.01|0.05,scab_arg_samples1,lung,scAB
0.96523628462792,0.994340802158392,0.00565919784160827,0.0347637153720804,0.0555347209200575,0.96523628462792,0.105026744289134,0.0604641062232425,tred=3| repeat_times=20| alpha_samples=5e-04|0.001|0.005|0.01|0.05,scab_arg_samples1,lung,scAB
0.950570342205323,0.994340802158392,0.00565919784160827,0.0494296577946768,0.0547371055018611,0.950570342205323,0.103513545486809,0.0596264813550909,tred=4.5| repeat_times=7| alpha_samples=5e-04|0.001|0.005|0.01|0.05,scab_arg_samples1,lung,scAB
0.98261814231396,0.99470272760175,0.0052972723982496,0.0173818576860402,0.0564589120189757,0.98261814231396,0.106782362316274,0.0611155922318049,tred=1| repeat_times=18| alpha_samples=5e-04|0.001|0.005|0.01|0.05,scab_arg_samples1,lung,scAB
0.973384030418251,0.994406606784457,0.00559339321554305,0.026615969581749,0.0559737622989224,0.973384030418251,0.10586011342155,0.0608674070856859,tred=2.5| repeat_times=17| alpha_samples=5e-04|0.001|0.005|0.01|0.05,scab_arg_samples1,lung,scAB
0.953286257468767,0.994340802158392,0.00565919784160827,0.046713742531233,0.054884913685264,0.953286257468767,0.103793949788568,0.0597815970714153,tred=4| repeat_times=20| alpha_samples=5e-04|0.001|0.005|0.01|0.05,scab_arg_samples1,lung,scAB
0.98261814231396,0.99470272760175,0.0052972723982496,0.0173818576860402,0.0564589120189757,0.98261814231396,0.106782362316274,0.0611155922318049,tred=1| repeat_times=11| alpha_samples=5e-04|0.001|0.005|0.01|0.05,scab_arg_samples1,lung,scAB
0.985877240630092,0.994900141479946,0.00509985852005396,0.0141227593699077,0.0566249649018813,0.985877240630092,0.107098601522393,0.0611155922318049,tred=0.5| repeat_times=7| alpha_samples=5e-04|0.001|0.005|0.01|0.05,scab_arg_samples1,lung,scAB
0.950570342205323,0.994340802158392,0.00565919784160827,0.0494296577946768,0.0547371055018611,0.950570342205323,0.103513545486809,0.0596264813550909,tred=4.5| repeat_times=11| alpha_samples=5e-04|0.001|0.005|0.01|0.05,scab_arg_samples1,lung,scAB
0.950570342205323,0.994340802158392,0.00565919784160827,0.0494296577946768,0.0547371055018611,0.950570342205323,0.103513545486809,0.0596264813550909,tred=4.5| repeat_times=10| alpha_samples=5e-04|0.001|0.005|0.01|0.05,scab_arg_samples1,lung,scAB
0.96523628462792,0.994340802158392,0.00565919784160827,0.0347637153720804,0.0555347209200575,0.96523628462792,0.105026744289134,0.0604641062232425,tred=3| repeat_times=14| alpha_samples=5e-04|0.001|0.005|0.01|0.05,scab_arg_samples1,lung,scAB
0.973384030418251,0.994406606784457,0.00559339321554305,0.026615969581749,0.0559737622989224,0.973384030418251,0.10586011342155,0.0608674070856859,tred=2.5| repeat_times=19| alpha_samples=5e-04|0.001|0.005|0.01|0.05,scab_arg_samples1,lung,scAB
0.950570342205323,0.994340802158392,0.00565919784160827,0.0494296577946768,0.0547371055018611,0.950570342205323,0.103513545486809,0.0596264813550909,tred=4.5| repeat_times=9| alpha_samples=5e-04|0.001|0.005|0.01|0.05,scab_arg_samples1,lung,scAB
0.950570342205323,0.994340802158392,0.00565919784160827,0.0494296577946768,0.0547371055018611,0.950570342205323,0.103513545486809,0.0596264813550909,tred=5| repeat_times=9| alpha_samples=5e-04|0.001|0.005|0.01|0.05,scab_arg_samples1,lung,scAB
0.976643128734383,0.99457111834962,0.00542888165038002,0.0233568712656165,0.0561418847186661,0.976643128734383,0.106180057282901,0.0608984302289508,tred=2| repeat_times=12| alpha_samples=5e-04|0.001|0.005|0.01|0.05,scab_arg_samples1,lung,scAB
0.96523628462792,0.994340802158392,0.00565919784160827,0.0347637153720804,0.0555347209200575,0.96523628462792,0.105026744289134,0.0604641062232425,tred=3| repeat_times=7| alpha_samples=5e-04|0.001|0.005|0.01|0.05,scab_arg_samples1,lung,scAB
0.976643128734383,0.99457111834962,0.00542888165038002,0.0233568712656165,0.0561418847186661,0.976643128734383,0.106180057282901,0.0608984302289508,tred=2| repeat_times=10| alpha_samples=5e-04|0.001|0.005|0.01|0.05,scab_arg_samples1,lung,scAB
0.876697447039652,0.0415556213601816,0.958444378639818,0.123302552960348,0.561001042752868,0.876697447039652,0.684188215345485,0.953775516535335,n_pc=30| resolution=2.3| ela_net_alpha=0.9,scipac_arg_samples1_part1,lung,SCIPAC
0,0,1,1,0,0,0,0.942886393249364,n_pc=100| resolution=3.1| ela_net_alpha=0.4,scipac_arg_samples1_part1,lung,SCIPAC
0.411189570885388,0.00121738558220643,0.998782614417794,0.588810429114612,0.953400503778338,0.411189570885388,0.574573055028463,0.965223056400074,n_pc=80| resolution=2.6| ela_net_alpha=0.8,scipac_arg_samples1_part1,lung,SCIPAC
0,0,1,1,0,0,0,0.942886393249364,n_pc=100| resolution=0.7| ela_net_alpha=0.2,scipac_arg_samples1_part1,lung,SCIPAC
0.900597501357958,0.0253018787220742,0.974698121277926,0.0994024986420424,0.683147919241862,0.900597501357958,0.776944704779756,0.970465967611838,n_pc=80| resolution=1.5| ela_net_alpha=0.4,scipac_arg_samples1_part1,lung,SCIPAC
0.525258011950027,0.0386931201263449,0.961306879873655,0.474741988049973,0.451236584227718,0.525258011950027,0.485441767068273,0.936402556307005,n_pc=20| resolution=3.7| ela_net_alpha=0.5,scipac_arg_samples1_part1,lung,SCIPAC
0.971211298207496,0.0357977165794755,0.964202283420524,0.0287887017925041,0.621696801112656,0.971211298207496,0.75810896756413,0.964602593534777,n_pc=60| resolution=2.3| ela_net_alpha=0.5,scipac_arg_samples1_part1,lung,SCIPAC
0.608365019011407,0.0332313361629323,0.966768663837068,0.391634980988593,0.525821596244132,0.608365019011407,0.564089649962226,0.9462989390085,n_pc=60| resolution=1.2| ela_net_alpha=0.8,scipac_arg_samples1_part1,lung,SCIPAC
0.519282998370451,0.0354686934491495,0.964531306550851,0.480717001629549,0.470009832841691,0.519282998370451,0.49341935483871,0.939101569771049,n_pc=70| resolution=2.6| ela_net_alpha=0.3,scipac_arg_samples1_part1,lung,SCIPAC
0,0,1,1,0,0,0,0.942886393249364,n_pc=100| resolution=2.4| ela_net_alpha=0.7,scipac_arg_samples1_part1,lung,SCIPAC
0.879413362303096,0.070180633698549,0.929819366301451,0.120586637696904,0.431503198294243,0.879413362303096,0.578937958161988,0.926940497611218,n_pc=10| resolution=3.5| ela_net_alpha=0.8,scipac_arg_samples1_part1,lung,SCIPAC
0.833785985877241,0.0229000098706939,0.977099990129306,0.166214014122759,0.688032272523532,0.833785985877241,0.753929273084479,0.968914810448595,n_pc=80| resolution=0.5| ela_net_alpha=0.5,scipac_arg_samples1_part1,lung,SCIPAC
0.533405757740359,0.0270786036258349,0.972921396374165,0.466594242259642,0.54404432132964,0.533405757740359,0.538672517827757,0.947819073028479,n_pc=70| resolution=0.4| ela_net_alpha=0.4,scipac_arg_samples1_part1,lung,SCIPAC
0.532319391634981,0.0214194057842266,0.978580594215773,0.467680608365019,0.600858369098713,0.532319391634981,0.564516129032258,0.953093007383508,n_pc=60| resolution=1.1| ela_net_alpha=0.9,scipac_arg_samples1_part1,lung,SCIPAC
0.848995111352526,0.0396143848912579,0.960385615108742,0.151004888647474,0.564871702204554,0.848995111352526,0.678385416666667,0.954023701681454,n_pc=10| resolution=0.3| ela_net_alpha=0.8,scipac_arg_samples1_part1,lung,SCIPAC
0.898424769147203,0.0367189813443885,0.963281018655611,0.101575230852797,0.597111913357401,0.898424769147203,0.717414877466927,0.959576844325867,n_pc=40| resolution=1| ela_net_alpha=0.8,scipac_arg_samples1_part1,lung,SCIPAC
0.900597501357958,0.0253018787220742,0.974698121277926,0.0994024986420424,0.683147919241862,0.900597501357958,0.776944704779756,0.970465967611838,n_pc=80| resolution=1.5| ela_net_alpha=0.4,scipac_arg_samples1_part1,lung,SCIPAC
0,0,1,1,0,0,0,0.942886393249364,n_pc=100| resolution=0.7| ela_net_alpha=0.5,scipac_arg_samples1_part1,lung,SCIPAC
0.877240630092341,0.0414898167341164,0.958510183265884,0.122759369907659,0.561543810848401,0.877240630092341,0.684757260970956,0.95386858596513,n_pc=30| resolution=2.6| ela_net_alpha=0.5,scipac_arg_samples1_part1,lung,SCIPAC
0,0,1,1,0,0,0,0.942886393249364,n_pc=90| resolution=0.4| ela_net_alpha=0.9,scipac_arg_samples1_part1,lung,SCIPAC
0.916349809885931,0.0412595005428882,0.958740499457112,0.0836501901140684,0.573614416865012,0.916349809885931,0.705562526139691,0.956319414283055,n_pc=40| resolution=2.8| ela_net_alpha=0.4,scipac_arg_samples1_part1,lung,SCIPAC
0,0,1,1,0,0,0,0.942886393249364,n_pc=100| resolution=0.4| ela_net_alpha=1,scipac_arg_samples1_part1,lung,SCIPAC
0.0325909831613254,0.0200375086368572,0.979962491363143,0.967409016838675,0.0896860986547085,0.0325909831613254,0.0478087649402391,0.925854687596947,n_pc=70| resolution=3.2| ela_net_alpha=0.7,scipac_arg_samples1_part1,lung,SCIPAC
0.517110266159696,0.0118777350047708,0.988122264995229,0.482889733840304,0.725057121096725,0.517110266159696,0.603677869372226,0.961221070918906,n_pc=20| resolution=1.8| ela_net_alpha=1,scipac_arg_samples1_part1,lung,SCIPAC
0.990222705051602,0.0367189813443885,0.963281018655611,0.00977729494839761,0.620279006464784,0.990222705051602,0.762761506276151,0.964819755537631,n_pc=40| resolution=0.1| ela_net_alpha=0.2,scipac_arg_samples1_part1,lung,SCIPAC
0.00651819663226507,0.0193465600631724,0.980653439936827,0.993481803367735,0.02,0.00651819663226507,0.00983203605079885,0.925017062728796,n_pc=90| resolution=2.8| ela_net_alpha=0.2,scipac_arg_samples1_part1,lung,SCIPAC
0.00380228136882129,0.0177672490376073,0.982232750962393,0.996197718631179,0.0127970749542962,0.00380228136882129,0.00586264656616415,0.926351057889185,n_pc=90| resolution=0.9| ela_net_alpha=0.1,scipac_arg_samples1_part1,lung,SCIPAC
0.967952199891363,0.0259270226696937,0.974072977330306,0.0320478001086366,0.693385214007782,0.967952199891363,0.807980049875312,0.97372339765465,n_pc=40| resolution=2.2| ela_net_alpha=0.2,scipac_arg_samples1_part1,lung,SCIPAC
0.384030418250951,0.0026650873556411,0.997334912644359,0.61596958174905,0.897208121827411,0.384030418250951,0.537847090148345,0.962306880933176,n_pc=80| resolution=1.7| ela_net_alpha=0.9,scipac_arg_samples1_part1,lung,SCIPAC
0.996740901683867,0.0461619451847465,0.953838054815253,0.00325909831613254,0.566707844348363,0.996740901683867,0.72258318566647,0.95628839113979,n_pc=60| resolution=0.3| ela_net_alpha=0.5,scipac_arg_samples1_part1,lung,SCIPAC
0,0,1,1,0,0,0,0.942886393249364,n_pc=90| resolution=1.8| ela_net_alpha=0.7,scipac_arg_samples1_part1,lung,SCIPAC
0.919608908202064,0.0413253051689534,0.958674694831047,0.0803910917979359,0.574092912851814,0.919608908202064,0.706889352818372,0.956443506856115,n_pc=50| resolution=0.5| ela_net_alpha=0.2,scipac_arg_samples1_part1,lung,SCIPAC
0.919065725149375,0.0457342151153226,0.954265784884677,0.0809342748506247,0.5489941596366,0.919065725149375,0.687385740402194,0.952255382515357,n_pc=30| resolution=1| ela_net_alpha=0.5,scipac_arg_samples1_part1,lung,SCIPAC
0.928843020097773,0.0628105155792452,0.937189484420755,0.0711569799022271,0.472506217187068,0.928843020097773,0.626373626373626,0.936712787739654,n_pc=10| resolution=0.7| ela_net_alpha=0.1,scipac_arg_samples1_part1,lung,SCIPAC
0.883215643671917,0.0705425591419077,0.929457440858092,0.116784356328083,0.431299734748011,0.883215643671917,0.579575833184816,0.926816405038158,n_pc=10| resolution=3.1| ela_net_alpha=0.7,scipac_arg_samples1_part1,lung,SCIPAC
0.47148288973384,0.0223735728621722,0.977626427137828,0.52851711026616,0.560723514211886,0.47148288973384,0.512245500147536,0.948718744183161,n_pc=50| resolution=1| ela_net_alpha=1,scipac_arg_samples1_part1,lung,SCIPAC
0,0,1,1,0,0,0,0.942886393249364,n_pc=100| resolution=2| ela_net_alpha=1,scipac_arg_samples1_part1,lung,SCIPAC
0,0,1,1,0,0,0,0.942886393249364,n_pc=100| resolution=1.2| ela_net_alpha=0.5,scipac_arg_samples1_part1,lung,SCIPAC
0.877240630092341,0.0414569144210838,0.958543085578916,0.122759369907659,0.561739130434783,0.877240630092341,0.68490245971162,0.953899609108395,n_pc=30| resolution=3.4| ela_net_alpha=0.3,scipac_arg_samples1_part1,lung,SCIPAC
0.919065725149375,0.0439245878985293,0.956075412101471,0.0809342748506247,0.558969276511397,0.919065725149375,0.695152013147083,0.953961655394925,n_pc=30| resolution=0.4| ela_net_alpha=0.8,scipac_arg_samples1_part1,lung,SCIPAC
0.907658881042912,0.044451024907051,0.955548975092949,0.0923411189570885,0.552945069490404,0.907658881042912,0.687230104873535,0.952813799094124,n_pc=30| resolution=3.5| ela_net_alpha=0.6,scipac_arg_samples1_part1,lung,SCIPAC
0.928843020097773,0.0636001710920278,0.936399828907972,0.0711569799022271,0.46939335712325,0.928843020097773,0.62363238512035,0.935968232301297,n_pc=10| resolution=0.6| ela_net_alpha=0.2,scipac_arg_samples1_part1,lung,SCIPAC
0,0,1,1,0,0,0,0.942886393249364,n_pc=100| resolution=2.3| ela_net_alpha=0.1,scipac_arg_samples1_part1,lung,SCIPAC
0.833785985877241,0.0229000098706939,0.977099990129306,0.166214014122759,0.688032272523532,0.833785985877241,0.753929273084479,0.968914810448595,n_pc=80| resolution=0.4| ela_net_alpha=0.5,scipac_arg_samples1_part1,lung,SCIPAC
0.00706137968495383,0.0258283157305959,0.974171684269404,0.992938620315046,0.0162907268170426,0.00706137968495383,0.00985221674876847,0.91893652664888,n_pc=90| resolution=3| ela_net_alpha=0.1,scipac_arg_samples1_part1,lung,SCIPAC
0.89951113525258,0.0195768762544007,0.980423123745599,0.10048886474742,0.735673034207019,0.89951113525258,0.809384164222874,0.975801948253397,n_pc=80| resolution=3.1| ela_net_alpha=0.6,scipac_arg_samples1_part1,lung,SCIPAC
0.566539923954373,0.0363899582140625,0.963610041785938,0.433460076045627,0.485342019543974,0.566539923954373,0.52280701754386,0.940931935223677,n_pc=40| resolution=3.5| ela_net_alpha=1,scipac_arg_samples1_part1,lung,SCIPAC
0.525258011950027,0.0387918270654427,0.961208172934557,0.474741988049973,0.450605778191985,0.525258011950027,0.485076498620517,0.93630948687721,n_pc=20| resolution=4| ela_net_alpha=0.6,scipac_arg_samples1_part1,lung,SCIPAC
0.906029331884845,0.0443523179679532,0.955647682032047,0.0939706681151548,0.553050397877984,0.906029331884845,0.686843730697962,0.952813799094124,n_pc=30| resolution=2.9| ela_net_alpha=0.8,scipac_arg_samples1_part1,lung,SCIPAC
0.973384030418251,0.0373112229789754,0.962688777021025,0.026615969581749,0.61244019138756,0.973384030418251,0.751835535976505,0.963299621517652,n_pc=60| resolution=2.5| ela_net_alpha=0.7,scipac_arg_samples1_part1,lung,SCIPAC
0.5893536121673,0.0345145263712039,0.965485473628796,0.4106463878327,0.508434864104967,0.5893536121673,0.545911949685535,0.9440032264069,n_pc=60| resolution=2| ela_net_alpha=0.4,scipac_arg_samples1_part1,lung,SCIPAC
0.974470396523629,0.0318165367025302,0.96818346329747,0.0255296034763715,0.649764578051431,0.974470396523629,0.779661016949153,0.968542532729416,hvg=1500| bt_size=30| nfold=22,scipac_arg_samples1_part2,lung,SCIPAC
0.0695274307441608,0.0513276083308657,0.948672391669134,0.930472569255839,0.0758293838862559,0.0695274307441608,0.07254179654293,0.898461252094062,hvg=5000| bt_size=70| nfold=28,scipac_arg_samples1_part2,lung,SCIPAC
0.992395437262357,0.0494850788010397,0.95051492119896,0.00760456273764259,0.54848393875713,0.992395437262357,0.706496519721578,0.952906868523919,hvg=4000| bt_size=100| nfold=4,scipac_arg_samples1_part2,lung,SCIPAC
0.974470396523629,0.0318165367025302,0.96818346329747,0.0255296034763715,0.649764578051431,0.974470396523629,0.779661016949153,0.968542532729416,hvg=5000| bt_size=70| nfold=30,scipac_arg_samples1_part2,lung,SCIPAC
0.97392721347094,0.0450103642286053,0.954989635771395,0.0260727865290603,0.567225561531161,0.97392721347094,0.716913234706118,0.956071229136936,hvg=4000| bt_size=100| nfold=6,scipac_arg_samples1_part2,lung,SCIPAC
0.595328625746877,0.0353699865100517,0.964630013489948,0.404671374253123,0.504836480884385,0.595328625746877,0.546360917248255,0.943537879257926,hvg=1000| bt_size=70| nfold=16,scipac_arg_samples1_part2,lung,SCIPAC
0.00434546442151005,0.0490573487316158,0.950942651268384,0.99565453557849,0.00533689126084056,0.00434546442151005,0.00479041916167665,0.896879071787554,hvg=3000| bt_size=70| nfold=26,scipac_arg_samples1_part2,lung,SCIPAC
0.993481803367735,0.0438916855854967,0.956108314414503,0.00651819663226507,0.578248498261145,0.993481803367735,0.73101518784972,0.958242849165477,hvg=3000| bt_size=50| nfold=18,scipac_arg_samples1_part2,lung,SCIPAC
0.993481803367735,0.0438916855854967,0.956108314414503,0.00651819663226507,0.578248498261145,0.993481803367735,0.73101518784972,0.958242849165477,hvg=3500| bt_size=70| nfold=18,scipac_arg_samples1_part2,lung,SCIPAC
0.904399782726779,0.0488599348534202,0.95114006514658,0.0956002172732211,0.528571428571429,0.904399782726779,0.667200961731116,0.948470559037042,hvg=5000| bt_size=100| nfold=24,scipac_arg_samples1_part2,lung,SCIPAC
0.974470396523629,0.039186654821834,0.960813345178166,0.0255296034763715,0.601005025125628,0.974470396523629,0.743472855366763,0.961593348638084,hvg=500| bt_size=80| nfold=24,scipac_arg_samples1_part2,lung,SCIPAC
0.904399782726779,0.0488599348534202,0.95114006514658,0.0956002172732211,0.528571428571429,0.904399782726779,0.667200961731116,0.948470559037042,hvg=4000| bt_size=30| nfold=24,scipac_arg_samples1_part2,lung,SCIPAC
0.976643128734383,0.039186654821834,0.960813345178166,0.0233568712656165,0.601538976246236,0.976643128734383,0.744513457556936,0.961717441211144,hvg=3500| bt_size=50| nfold=8,scipac_arg_samples1_part2,lung,SCIPAC
0.898424769147203,0.0472477215148225,0.952752278485178,0.101575230852797,0.535275080906149,0.898424769147203,0.6708578381667,0.949649438481107,hvg=3000| bt_size=40| nfold=16,scipac_arg_samples1_part2,lung,SCIPAC
0.993481803367735,0.0438916855854967,0.956108314414503,0.00651819663226507,0.578248498261145,0.993481803367735,0.73101518784972,0.958242849165477,hvg=500| bt_size=90| nfold=28,scipac_arg_samples1_part2,lung,SCIPAC
0.993481803367735,0.0438916855854967,0.956108314414503,0.00651819663226507,0.578248498261145,0.993481803367735,0.73101518784972,0.958242849165477,hvg=2000| bt_size=10| nfold=4,scipac_arg_samples1_part2,lung,SCIPAC
0.898424769147203,0.0472477215148225,0.952752278485178,0.101575230852797,0.535275080906149,0.898424769147203,0.6708578381667,0.949649438481107,hvg=4000| bt_size=30| nfold=8,scipac_arg_samples1_part2,lung,SCIPAC
0.972297664312874,0.047708353897279,0.952291646102721,0.0277023356871266,0.552469135802469,0.972297664312874,0.704585711474119,0.953434261959422,hvg=5000| bt_size=100| nfold=10,scipac_arg_samples1_part2,lung,SCIPAC
0.993481803367735,0.0438916855854967,0.956108314414503,0.00651819663226507,0.578248498261145,0.993481803367735,0.73101518784972,0.958242849165477,hvg=1500| bt_size=70| nfold=10,scipac_arg_samples1_part2,lung,SCIPAC
0.993481803367735,0.0438916855854967,0.956108314414503,0.00651819663226507,0.578248498261145,0.993481803367735,0.73101518784972,0.958242849165477,hvg=4500| bt_size=100| nfold=30,scipac_arg_samples1_part2,lung,SCIPAC
0.992395437262357,0.0494850788010397,0.95051492119896,0.00760456273764259,0.54848393875713,0.992395437262357,0.706496519721578,0.952906868523919,hvg=2000| bt_size=100| nfold=26,scipac_arg_samples1_part2,lung,SCIPAC
0.920152091254753,0.0534991609910177,0.946500839008982,0.0798479087452472,0.510240963855422,0.920152091254753,0.656461925983337,0.944995966991376,hvg=5000| bt_size=70| nfold=16,scipac_arg_samples1_part2,lung,SCIPAC
0.898424769147203,0.0472477215148225,0.952752278485178,0.101575230852797,0.535275080906149,0.898424769147203,0.6708578381667,0.949649438481107,hvg=3500| bt_size=40| nfold=22,scipac_arg_samples1_part2,lung,SCIPAC
0.0755024443237371,0.0643569242917777,0.935643075708222,0.924497555676263,0.0663484486873508,0.0755024443237371,0.070630081300813,0.886517341937085,hvg=1000| bt_size=100| nfold=6,scipac_arg_samples1_part2,lung,SCIPAC
0.99565453557849,0.0425755930641924,0.957424406935808,0.00434546442151005,0.586184841701311,0.99565453557849,0.73792270531401,0.959607867469132,hvg=2000| bt_size=40| nfold=14,scipac_arg_samples1_part2,lung,SCIPAC
0.977729494839761,0.0366860790313559,0.963313920968644,0.022270505160239,0.617495711835335,0.977729494839761,0.756938603868797,0.964137246385804,hvg=4500| bt_size=90| nfold=24,scipac_arg_samples1_part2,lung,SCIPAC
0.974470396523629,0.039186654821834,0.960813345178166,0.0255296034763715,0.601005025125628,0.974470396523629,0.743472855366763,0.961593348638084,hvg=4500| bt_size=20| nfold=16,scipac_arg_samples1_part2,lung,SCIPAC
0.980445410103205,0.0532688447997894,0.94673115520021,0.0195545898967952,0.527161214953271,0.980445410103205,0.685660018993352,0.948656697896631,hvg=2000| bt_size=80| nfold=30,scipac_arg_samples1_part2,lung,SCIPAC
0.920152091254753,0.0534991609910177,0.946500839008982,0.0798479087452472,0.510240963855422,0.920152091254753,0.656461925983337,0.944995966991376,hvg=4000| bt_size=100| nfold=10,scipac_arg_samples1_part2,lung,SCIPAC
0.974470396523629,0.039186654821834,0.960813345178166,0.0255296034763715,0.601005025125628,0.974470396523629,0.743472855366763,0.961593348638084,hvg=3000| bt_size=10| nfold=8,scipac_arg_samples1_part2,lung,SCIPAC
0.99565453557849,0.0425755930641924,0.957424406935808,0.00434546442151005,0.586184841701311,0.99565453557849,0.73792270531401,0.959607867469132,hvg=4500| bt_size=90| nfold=28,scipac_arg_samples1_part2,lung,SCIPAC
0.996197718631179,0.0523475800348765,0.947652419965124,0.00380228136882129,0.535474452554745,0.996197718631179,0.696543866312192,0.950425017062729,hvg=2500| bt_size=60| nfold=18,scipac_arg_samples1_part2,lung,SCIPAC
0.904399782726779,0.0488599348534202,0.95114006514658,0.0956002172732211,0.528571428571429,0.904399782726779,0.667200961731116,0.948470559037042,hvg=1500| bt_size=70| nfold=28,scipac_arg_samples1_part2,lung,SCIPAC
0.972297664312874,0.047708353897279,0.952291646102721,0.0277023356871266,0.552469135802469,0.972297664312874,0.704585711474119,0.953434261959422,hvg=500| bt_size=10| nfold=16,scipac_arg_samples1_part2,lung,SCIPAC
0.974470396523629,0.0318165367025302,0.96818346329747,0.0255296034763715,0.649764578051431,0.974470396523629,0.779661016949153,0.968542532729416,hvg=500| bt_size=30| nfold=26,scipac_arg_samples1_part2,lung,SCIPAC
0.974470396523629,0.039186654821834,0.960813345178166,0.0255296034763715,0.601005025125628,0.974470396523629,0.743472855366763,0.961593348638084,hvg=2500| bt_size=20| nfold=16,scipac_arg_samples1_part2,lung,SCIPAC
0.901140684410646,0.0488270325403876,0.951172967459612,0.0988593155893536,0.527839643652561,0.901140684410646,0.665730337078652,0.948315443320717,hvg=5000| bt_size=50| nfold=8,scipac_arg_samples1_part2,lung,SCIPAC
0.901683867463335,0.0387260224393775,0.961273977560623,0.0983161325366649,0.585125132181882,0.901683867463335,0.709705002137666,0.957870571446299,hvg=5000| bt_size=100| nfold=10,scipac_arg_samples1_part2,lung,SCIPAC
0.898424769147203,0.0472477215148225,0.952752278485178,0.101575230852797,0.535275080906149,0.898424769147203,0.6708578381667,0.949649438481107,hvg=1500| bt_size=60| nfold=22,scipac_arg_samples1_part2,lung,SCIPAC
0.974470396523629,0.0318165367025302,0.96818346329747,0.0255296034763715,0.649764578051431,0.974470396523629,0.779661016949153,0.968542532729416,hvg=1500| bt_size=70| nfold=10,scipac_arg_samples1_part2,lung,SCIPAC
0.975013579576317,0.039186654821834,0.960813345178166,0.0249864204236828,0.601138647019424,0.975013579576317,0.743733167598923,0.961624371781349,hvg=1500| bt_size=90| nfold=18,scipac_arg_samples1_part2,lung,SCIPAC
0.974470396523629,0.0413253051689534,0.958674694831047,0.0255296034763715,0.588196721311475,0.974470396523629,0.73359231241055,0.959576844325867,hvg=500| bt_size=100| nfold=8,scipac_arg_samples1_part2,lung,SCIPAC
0.904399782726779,0.0488599348534202,0.95114006514658,0.0956002172732211,0.528571428571429,0.904399782726779,0.667200961731116,0.948470559037042,hvg=5000| bt_size=40| nfold=20,scipac_arg_samples1_part2,lung,SCIPAC
0.974470396523629,0.0318165367025302,0.96818346329747,0.0255296034763715,0.649764578051431,0.974470396523629,0.779661016949153,0.968542532729416,hvg=4000| bt_size=20| nfold=14,scipac_arg_samples1_part2,lung,SCIPAC
0.59369907658881,0.0289869377817261,0.971013062218274,0.40630092341119,0.553698074974671,0.59369907658881,0.57300131061599,0.949463299621518,hvg=4500| bt_size=40| nfold=20,scipac_arg_samples1_part2,lung,SCIPAC
0.920152091254753,0.0534991609910177,0.946500839008982,0.0798479087452472,0.510240963855422,0.920152091254753,0.656461925983337,0.944995966991376,hvg=4000| bt_size=30| nfold=26,scipac_arg_samples1_part2,lung,SCIPAC
0.974470396523629,0.039186654821834,0.960813345178166,0.0255296034763715,0.601005025125628,0.974470396523629,0.743472855366763,0.961593348638084,hvg=2000| bt_size=60| nfold=4,scipac_arg_samples1_part2,lung,SCIPAC
0.975013579576317,0.0477412562103116,0.952258743789688,0.0249864204236828,0.552988293284042,0.975013579576317,0.705720463927659,0.953558354532481,hvg=1000| bt_size=80| nfold=4,scipac_arg_samples1_part2,lung,SCIPAC
0.97392721347094,0.0450103642286053,0.954989635771395,0.0260727865290603,0.567225561531161,0.97392721347094,0.716913234706118,0.956071229136936,hvg=1500| bt_size=70| nfold=28,scipac_arg_samples1_part2,lung,SCIPAC
0.97392721347094,0.037344125292008,0.962655874707992,0.0260727865290603,0.612363387978142,0.97392721347094,0.751939609981128,0.963299621517652,hvg=3000| bt_size=40| nfold=2,scipac_arg_samples1_part2,lung,SCIPAC
0.5893536121673,0.0345145263712039,0.965485473628796,0.4106463878327,0.508434864104967,0.5893536121673,0.545911949685535,0.9440032264069,hvg=1000| bt_size=50| nfold=10,scipac_arg_samples1_part2,lung,SCIPAC
0.191200434546442,0.00440890994636923,0.995591090053631,0.808799565453558,0.724279835390947,0.191200434546442,0.302535453373442,0.949649438481107,alpha=0.5| cutoff=0.05,scissor_arg_samples1,lung,scissor
0.191200434546442,0.00440890994636923,0.995591090053631,0.808799565453558,0.724279835390947,0.191200434546442,0.302535453373442,0.949649438481107,alpha=0.25| cutoff=0.1,scissor_arg_samples1,lung,scissor
0.523628462791961,0.0182278814200638,0.981772118579936,0.476371537208039,0.635046113306983,0.523628462791961,0.573980351295028,0.955605881987963,alpha=0.15| cutoff=0.15,scissor_arg_samples1,lung,scissor
0.523628462791961,0.0182278814200638,0.981772118579936,0.476371537208039,0.635046113306983,0.523628462791961,0.573980351295028,0.955605881987963,alpha=0.1| cutoff=0.2,scissor_arg_samples1,lung,scissor
0.523628462791961,0.0182278814200638,0.981772118579936,0.476371537208039,0.635046113306983,0.523628462791961,0.573980351295028,0.955605881987963,alpha=0.05| cutoff=0.25,scissor_arg_samples1,lung,scissor
0.523628462791961,0.0182278814200638,0.981772118579936,0.476371537208039,0.635046113306983,0.523628462791961,0.573980351295028,0.955605881987963,alpha=0.05| cutoff=0.3,scissor_arg_samples1,lung,scissor
0.523628462791961,0.0182278814200638,0.981772118579936,0.476371537208039,0.635046113306983,0.523628462791961,0.573980351295028,0.955605881987963,alpha=0.05| cutoff=0.35,scissor_arg_samples1,lung,scissor
0.523628462791961,0.0182278814200638,0.981772118579936,0.476371537208039,0.635046113306983,0.523628462791961,0.573980351295028,0.955605881987963,alpha=0.05| cutoff=0.4,scissor_arg_samples1,lung,scissor
0.523628462791961,0.0182278814200638,0.981772118579936,0.476371537208039,0.635046113306983,0.523628462791961,0.573980351295028,0.955605881987963,alpha=0.05| cutoff=0.45,scissor_arg_samples1,lung,scissor
0.523628462791961,0.0182278814200638,0.981772118579936,0.476371537208039,0.635046113306983,0.523628462791961,0.573980351295028,0.955605881987963,alpha=0.05| cutoff=0.5,scissor_arg_samples1,lung,scissor
0,0,1,1,0,0,0,0.942886393249364,nfeature=3500| imputation=KNN| independent=FALSE,scpas_arg_samples,lung,scPAS
0.00543183052688756,0.0084887967624124,0.991511203237588,0.994568169473112,0.0373134328358209,0.00543183052688756,0.00948316737790422,0.935192653719675,nfeature=1900| imputation=None| independent=FALSE,scpas_arg_samples,lung,scPAS
0,0,1,1,0,0,0,0.942886393249364,nfeature=1800| imputation=None| independent=TRUE,scpas_arg_samples,lung,scPAS
0,0,1,1,0,0,0,0.942886393249364,nfeature=700| imputation=ALRA| independent=FALSE,scpas_arg_samples,lung,scPAS
0,0,1,1,0,0,0,0.942886393249364,nfeature=4600| imputation=None| independent=TRUE,scpas_arg_samples,lung,scPAS
0.046713742531233,0.00707399730201033,0.99292600269799,0.953286257468767,0.285714285714286,0.046713742531233,0.0802987861811391,0.938884407768195,nfeature=4700| imputation=KNN| independent=TRUE,scpas_arg_samples,lung,scPAS
0,0,1,1,0,0,0,0.942886393249364,nfeature=4100| imputation=None| independent=TRUE,scpas_arg_samples,lung,scPAS
0,0,1,1,0,0,0,0.942886393249364,nfeature=1800| imputation=ALRA| independent=TRUE,scpas_arg_samples,lung,scPAS
0,0,1,1,0,0,0,0.942886393249364,nfeature=2900| imputation=None| independent=TRUE,scpas_arg_samples,lung,scPAS
0,6.58046260652124e-05,0.999934195373935,1,0,0,0,0.942824346962834,nfeature=3000| imputation=ALRA| independent=TRUE,scpas_arg_samples,lung,scPAS
0,0,1,1,0,0,0,0.942886393249364,nfeature=3100| imputation=KNN| independent=TRUE,scpas_arg_samples,lung,scPAS
0,0,1,1,0,0,0,0.942886393249364,nfeature=900| imputation=ALRA| independent=FALSE,scpas_arg_samples,lung,scPAS
0,0,1,1,0,0,0,0.942886393249364,nfeature=3100| imputation=KNN| independent=TRUE,scpas_arg_samples,lung,scPAS
0,0,1,1,0,0,0,0.942886393249364,nfeature=3200| imputation=KNN| independent=TRUE,scpas_arg_samples,lung,scPAS
0,0,1,1,0,0,0,0.942886393249364,nfeature=1300| imputation=ALRA| independent=TRUE,scpas_arg_samples,lung,scPAS
0,0,1,1,0,0,0,0.942886393249364,nfeature=3300| imputation=KNN| independent=FALSE,scpas_arg_samples,lung,scPAS
0,0,1,1,0,0,0,0.942886393249364,nfeature=3900| imputation=KNN| independent=TRUE,scpas_arg_samples,lung,scPAS
0,0,1,1,0,0,0,0.942886393249364,nfeature=1200| imputation=ALRA| independent=TRUE,scpas_arg_samples,lung,scPAS
0,9.87069390978186e-05,0.999901293060902,1,0,0,0,0.942793323819569,nfeature=3000| imputation=ALRA| independent=TRUE,scpas_arg_samples,lung,scPAS
0,0,1,1,0,0,0,0.942886393249364,nfeature=1100| imputation=None| independent=FALSE,scpas_arg_samples,lung,scPAS
0.0613796849538294,0.00792945744085809,0.992070542559142,0.938620315046171,0.319209039548023,0.0613796849538294,0.102961275626424,0.93891543091146,nfeature=4600| imputation=KNN| independent=TRUE,scpas_arg_samples,lung,scPAS
0,0,1,1,0,0,0,0.942886393249364,nfeature=1300| imputation=KNN| independent=TRUE,scpas_arg_samples,lung,scPAS
0.00217273221075502,0.00763333662356464,0.992366663376435,0.997827267789245,0.0169491525423729,0.00217273221075502,0.00385170919595571,0.935813116584972,nfeature=2300| imputation=None| independent=FALSE,scpas_arg_samples,lung,scPAS
0,0,1,1,0,0,0,0.942886393249364,nfeature=4000| imputation=KNN| independent=TRUE,scpas_arg_samples,lung,scPAS
0,0,1,1,0,0,0,0.942886393249364,nfeature=1800| imputation=None| independent=FALSE,scpas_arg_samples,lung,scPAS
0.00271591526344378,0.00855460138847761,0.991445398611522,0.997284084736556,0.0188679245283019,0.00271591526344378,0.00474833808167142,0.934975491716821,nfeature=2100| imputation=None| independent=TRUE,scpas_arg_samples,lung,scPAS
0,0,1,1,0,0,0,0.942886393249364,nfeature=4700| imputation=KNN| independent=FALSE,scpas_arg_samples,lung,scPAS
0,0,1,1,0,0,0,0.942886393249364,nfeature=4300| imputation=ALRA| independent=FALSE,scpas_arg_samples,lung,scPAS
0,0,1,1,0,0,0,0.942886393249364,nfeature=1600| imputation=ALRA| independent=FALSE,scpas_arg_samples,lung,scPAS
0.00543183052688756,0.0084887967624124,0.991511203237588,0.994568169473112,0.0373134328358209,0.00543183052688756,0.00948316737790422,0.935192653719675,nfeature=1900| imputation=None| independent=FALSE,scpas_arg_samples,lung,scPAS
0,0,1,1,0,0,0,0.942886393249364,nfeature=3600| imputation=KNN| independent=FALSE,scpas_arg_samples,lung,scPAS
0,0,1,1,0,0,0,0.942886393249364,nfeature=4600| imputation=None| independent=FALSE,scpas_arg_samples,lung,scPAS
0,0,1,1,0,0,0,0.942886393249364,nfeature=4900| imputation=KNN| independent=FALSE,scpas_arg_samples,lung,scPAS
0,0,1,1,0,0,0,0.942886393249364,nfeature=1100| imputation=None| independent=TRUE,scpas_arg_samples,lung,scPAS
0,0,1,1,0,0,0,0.942886393249364,nfeature=1300| imputation=ALRA| independent=TRUE,scpas_arg_samples,lung,scPAS
0.524714828897339,0.143125061691837,0.856874938308163,0.475285171102662,0.181715575620767,0.524714828897339,0.269945507894369,0.837904076441025,nfeature=4500| imputation=ALRA| independent=TRUE,scpas_arg_samples,lung,scPAS
0,0,1,1,0,0,0,0.942886393249364,nfeature=1400| imputation=KNN| independent=FALSE,scpas_arg_samples,lung,scPAS
0,6.58046260652124e-05,0.999934195373935,1,0,0,0,0.942824346962834,nfeature=2700| imputation=ALRA| independent=TRUE,scpas_arg_samples,lung,scPAS
0,0,1,1,0,0,0,0.942886393249364,nfeature=3100| imputation=None| independent=FALSE,scpas_arg_samples,lung,scPAS
0,0,1,1,0,0,0,0.942886393249364,nfeature=1100| imputation=KNN| independent=FALSE,scpas_arg_samples,lung,scPAS
0,0,1,1,0,0,0,0.942886393249364,nfeature=3100| imputation=KNN| independent=TRUE,scpas_arg_samples,lung,scPAS
0,0,1,1,0,0,0,0.942886393249364,nfeature=3600| imputation=ALRA| independent=FALSE,scpas_arg_samples,lung,scPAS
0,0,1,1,0,0,0,0.942886393249364,nfeature=4200| imputation=KNN| independent=TRUE,scpas_arg_samples,lung,scPAS
0,0,1,1,0,0,0,0.942886393249364,nfeature=2900| imputation=None| independent=TRUE,scpas_arg_samples,lung,scPAS
0.0141227593699077,0.00223735728621722,0.997762642713783,0.985877240630092,0.276595744680851,0.0141227593699077,0.0268733850129199,0.941583421232239,nfeature=3800| imputation=ALRA| independent=TRUE,scpas_arg_samples,lung,scPAS
0.00217273221075502,0.000493534695489093,0.999506465304511,0.997827267789245,0.210526315789474,0.00217273221075502,0.0043010752688172,0.94254513867345,nfeature=3300| imputation=ALRA| independent=TRUE,scpas_arg_samples,lung,scPAS
0,0,1,1,0,0,0,0.942886393249364,nfeature=900| imputation=ALRA| independent=FALSE,scpas_arg_samples,lung,scPAS
0,0,1,1,0,0,0,0.942886393249364,nfeature=1200| imputation=KNN| independent=FALSE,scpas_arg_samples,lung,scPAS
0,0,1,1,0,0,0,0.942886393249364,nfeature=1600| imputation=KNN| independent=FALSE,scpas_arg_samples,lung,scPAS
0,0,1,1,0,0,0,0.942886393249364,nfeature=1700| imputation=ALRA| independent=TRUE,scpas_arg_samples,lung,scPAS
0.00162954915806627,0.00829138288421676,0.991708617115783,0.998370450841934,0.0117647058823529,0.00162954915806627,0.00286259541984733,0.93516163057641,nfeature=2000| imputation=None| independent=TRUE,scpas_arg_samples,lung,scPAS
0.904942965779468,0.0621195670055605,0.937880432994439,0.0950570342205323,0.468767585818796,0.904942965779468,0.617608897126969,0.935999255444562,prob=0.13| Log2FC_cutoff=0.436,scpp_arg_samples1,lung,scPP
0,0,1,1,0,0,0,0.942886393249364,prob=0.5| Log2FC_cutoff=0.237,scpp_arg_samples1,lung,scPP
0.929386203150462,0.0755437107228638,0.924456289277136,0.0706137968495383,0.427002745195907,0.929386203150462,0.58515731874145,0.924737854439412,prob=0.15| Log2FC_cutoff=0.792,scpp_arg_samples1,lung,scPP
0.96958174904943,0.151449346889086,0.848550653110914,0.0304182509505703,0.279430181590482,0.96958174904943,0.43383157127233,0.855463175528945,prob=0.25| Log2FC_cutoff=0.259,scpp_arg_samples1,lung,scPP
0.970668115154807,0.165465732240977,0.834534267759024,0.0293318848451928,0.262177230046948,0.970668115154807,0.412845096453737,0.842309362784637,prob=0.27| Log2FC_cutoff=0.986,scpp_arg_samples1,lung,scPP
0.963063552417165,0.13394531635574,0.86605468364426,0.0369364475828354,0.303388090349076,0.963063552417165,0.461418347430059,0.87159521002668,prob=0.23| Log2FC_cutoff=0.757,scpp_arg_samples1,lung,scPP
0.972297664312874,0.173428091994867,0.826571908005133,0.0277023356871266,0.253505169239485,0.972297664312874,0.402156818692429,0.834894831544332,prob=0.28| Log2FC_cutoff=0.98,scpp_arg_samples1,lung,scPP
0.817490494296578,0.0446484387852466,0.955351561214753,0.182509505703422,0.525856044723969,0.817490494296578,0.640017010418882,0.947477818452566,prob=0.1| Log2FC_cutoff=0.219,scpp_arg_samples1,lung,scPP
0.975013579576317,0.199618333168822,0.800381666831178,0.0249864204236828,0.22831340625795,0.975013579576317,0.36998866330001,0.810355525221815,prob=0.31| Log2FC_cutoff=0.949,scpp_arg_samples1,lung,scPP
0.964149918522542,0.135327213503109,0.864672786496891,0.0358500814774579,0.301460597826087,0.964149918522542,0.459309095613922,0.870354284296085,prob=0.23| Log2FC_cutoff=0.149,scpp_arg_samples1,lung,scPP
0.0749592612710484,0.00332313361629323,0.996676866383707,0.925040738728952,0.577405857740586,0.0749592612710484,0.132692307692308,0.944034249550164,prob=0.01| Log2FC_cutoff=0.6,scpp_arg_samples1,lung,scPP
0.961434003259098,0.117362550587306,0.882637449412694,0.0385659967409017,0.331646992692524,0.961434003259098,0.493173585957091,0.887137804802383,prob=0.21| Log2FC_cutoff=0.946,scpp_arg_samples1,lung,scPP
0.816947311243889,0.0445497318461488,0.955450268153851,0.183052688756111,0.526242127361791,0.816947311243889,0.640136199191317,0.947539864739095,prob=0.1| Log2FC_cutoff=0.688,scpp_arg_samples1,lung,scPP
0.977186311787072,0.258381864245056,0.741618135754944,0.0228136882129278,0.186386241193535,0.977186311787072,0.313060123553467,0.755072283923807,prob=0.37| Log2FC_cutoff=0.506,scpp_arg_samples1,lung,scPP
0.977729494839761,0.267956437337545,0.732043562662455,0.022270505160239,0.181013676588898,0.977729494839761,0.305473058973271,0.746075572376993,prob=0.38| Log2FC_cutoff=0.373,scpp_arg_samples1,lung,scPP
0.972840847365562,0.184845194617182,0.815154805382818,0.0271591526344378,0.241733027399109,0.972840847365562,0.387243243243243,0.824160823974685,prob=0.29| Log2FC_cutoff=0.336,scpp_arg_samples1,lung,scPP
0.766431287343835,0.0398447010824861,0.960155298917514,0.233568712656165,0.53813882532418,0.766431287343835,0.632310105310329,0.949091021902339,prob=0.09| Log2FC_cutoff=0.048,scpp_arg_samples1,lung,scPP
0.940793047256926,0.0821570756424177,0.917842924357582,0.0592069527430744,0.409553085835895,0.940793047256926,0.570675453047776,0.919153688651734,prob=0.16| Log2FC_cutoff=0.619,scpp_arg_samples1,lung,scPP
0.975013579576317,0.199552528542757,0.800447471457244,0.0249864204236828,0.228371501272265,0.975013579576317,0.370064941758582,0.810417571508345,prob=0.31| Log2FC_cutoff=0.961,scpp_arg_samples1,lung,scPP
0.979359043997827,0.277037475734544,0.722962524265456,0.0206409560021727,0.176367015553164,0.979359043997827,0.298905835543767,0.737606254265682,prob=0.39| Log2FC_cutoff=0.655,scpp_arg_samples1,lung,scPP
0.97827267789245,0.26815385121574,0.73184614878426,0.0217273221075502,0.18098683549392,0.97827267789245,0.305461329715061,0.745920456660669,prob=0.38| Log2FC_cutoff=0.51,scpp_arg_samples1,lung,scPP
0.977729494839761,0.258743789688415,0.741256210311585,0.022270505160239,0.186258278145695,0.977729494839761,0.312907431551499,0.754762052491158,prob=0.37| Log2FC_cutoff=0.15,scpp_arg_samples1,lung,scPP
0.97392721347094,0.182640739643997,0.817359260356003,0.0260727865290603,0.244144880174292,0.97392721347094,0.390419161676647,0.826301420859961,prob=0.29| Log2FC_cutoff=0.87,scpp_arg_samples1,lung,scPP
0,0,1,1,0,0,0,0.942886393249364,prob=0| Log2FC_cutoff=0.514,scpp_arg_samples1,lung,scPP
0.859858772406301,0.0499786134965288,0.950021386503471,0.140141227593699,0.510315925209542,0.859858772406301,0.64050171960348,0.944871874418316,prob=0.11| Log2FC_cutoff=0.009,scpp_arg_samples1,lung,scPP
0.958174904942966,0.103444872174514,0.896555127825486,0.0418250950570342,0.359413202933985,0.958174904942966,0.522744110238554,0.900074455543836,prob=0.19| Log2FC_cutoff=0.019,scpp_arg_samples1,lung,scPP
0.605649103747963,0.0306978580594216,0.969302141940578,0.394350896252037,0.54443359375,0.605649103747963,0.573412188223194,0.948532605323571,prob=0.07| Log2FC_cutoff=0.145,scpp_arg_samples1,lung,scPP
0.859858772406301,0.0498141019313658,0.950185898068634,0.140141227593699,0.511139812721989,0.859858772406301,0.64115026326448,0.94502699013464,prob=0.11| Log2FC_cutoff=0.305,scpp_arg_samples1,lung,scPP
0.134166214014123,0.00878491757970585,0.991215082420294,0.865833785985877,0.480544747081712,0.134166214014123,0.209766454352442,0.942265930384066,prob=0.02| Log2FC_cutoff=0.826,scpp_arg_samples1,lung,scPP
0.690385659967409,0.0352054749448886,0.964794525055111,0.309614340032591,0.542930371636053,0.690385659967409,0.607843137254902,0.949122045045604,prob=0.08| Log2FC_cutoff=0.502,scpp_arg_samples1,lung,scPP
0.901140684410646,0.0613628138058106,0.938637186194189,0.0988593155893536,0.470771850170261,0.901140684410646,0.618452935694315,0.9364956257368,prob=0.13| Log2FC_cutoff=0.804,scpp_arg_samples1,lung,scPP
0.88647474198805,0.0560326390945284,0.943967360905472,0.11352525801195,0.489355322338831,0.88647474198805,0.630602782071097,0.940683750077558,prob=0.12| Log2FC_cutoff=0.061,scpp_arg_samples1,lung,scPP
0.9565453557849,0.101536538018623,0.898463461981377,0.0434546442151005,0.363317515989272,0.9565453557849,0.526614832535885,0.901780728423404,prob=0.19| Log2FC_cutoff=0.928,scpp_arg_samples1,lung,scPP
0.981531776208582,0.295199552528543,0.704800447471457,0.0184682237914177,0.167640783003989,0.981531776208582,0.286370839936609,0.72060557175653,prob=0.41| Log2FC_cutoff=0.808,scpp_arg_samples1,lung,scPP
0.934274850624661,0.0762675616095812,0.923732438390419,0.0657251493753395,0.425953442298167,0.934274850624661,0.585133526109883,0.924334553576968,prob=0.15| Log2FC_cutoff=0.079,scpp_arg_samples1,lung,scPP
0.931015752308528,0.0759056361662225,0.924094363833778,0.068984247691472,0.426262123849789,0.931015752308528,0.584783350392358,0.924489669293293,prob=0.15| Log2FC_cutoff=0.601,scpp_arg_samples1,lung,scPP
0.974470396523629,0.201197644194387,0.798802355805613,0.0255296034763715,0.226830193450499,0.974470396523629,0.368,0.808835391201837,prob=0.31| Log2FC_cutoff=0.715,scpp_arg_samples1,lung,scPP
0.975556762629006,0.220248083440266,0.779751916559734,0.024443237370994,0.211542991755006,0.975556762629006,0.347691414190301,0.790935037538003,prob=0.33| Log2FC_cutoff=0.514,scpp_arg_samples1,lung,scPP
0.979359043997827,0.285592077123022,0.714407922876978,0.0206409560021727,0.171992750166937,0.979359043997827,0.292599805258033,0.729540237016815,prob=0.4| Log2FC_cutoff=0.72,scpp_arg_samples1,lung,scPP
0.975013579576317,0.201066034942256,0.798933965057744,0.0249864204236828,0.227042752339995,0.975013579576317,0.368318456961116,0.808990506918161,prob=0.31| Log2FC_cutoff=0.75,scpp_arg_samples1,lung,scPP
0.967409016838675,0.143881814891587,0.856118185108413,0.0325909831613254,0.289405264868378,0.967409016838675,0.445528455284553,0.862474405906806,prob=0.24| Log2FC_cutoff=0.096,scpp_arg_samples1,lung,scPP
0.976099945681695,0.238772085677623,0.761227914322377,0.0239000543183053,0.198475811795891,0.976099945681695,0.329876089949518,0.773500031023143,prob=0.35| Log2FC_cutoff=0.398,scpp_arg_samples1,lung,scPP
0.979359043997827,0.277827131247327,0.722172868752673,0.0206409560021727,0.175953937737875,0.979359043997827,0.298312375909993,0.736861698827325,prob=0.39| Log2FC_cutoff=0.294,scpp_arg_samples1,lung,scPP
0.814231395980445,0.0446813410982792,0.955318658901721,0.185768604019555,0.524676233811691,0.814231395980445,0.638143891017454,0.947260656449711,prob=0.1| Log2FC_cutoff=0.617,scpp_arg_samples1,lung,scPP
0.977729494839761,0.254565195933274,0.745434804066726,0.022270505160239,0.188738597043095,0.977729494839761,0.316400070311127,0.758701991685798,prob=0.37| Log2FC_cutoff=0.974,scpp_arg_samples1,lung,scPP
0.690928843020098,0.0352383772579212,0.964761622742079,0.309071156979902,0.542893725992318,0.690928843020098,0.608030592734226,0.949122045045604,prob=0.08| Log2FC_cutoff=0.618,scpp_arg_samples1,lung,scPP
0.294405214557306,0.0183594906721943,0.981640509327806,0.705594785442694,0.492727272727273,0.294405214557306,0.368582114926896,0.942390022957126,prob=0.04| Log2FC_cutoff=0.521,scpp_arg_samples1,lung,scPP
0.913090711569799,0.0678774717862666,0.932122528213733,0.086909288430201,0.448985042735043,0.913090711569799,0.601969561324978,0.931035552522182,prob=0.14| Log2FC_cutoff=0.903,scpp_arg_samples1,lung,scPP
0.954372623574145,0.0953180008554601,0.90468199914454,0.0456273764258555,0.377524709926945,0.954372623574145,0.54103156274057,0.907520009927406,prob=0.18| Log2FC_cutoff=0.637,scpp_arg_samples1,lung,scPP
0.938620315046171,0.0815977363208634,0.918402263679137,0.0613796849538294,0.4106463878327,0.938620315046171,0.571334104810713,0.919556989514177,prob=0.16| Log2FC_cutoff=0.864,scpp_arg_samples1,lung,scPP
0.96089082020641,0.111209818050209,0.888790181949791,0.0391091797935904,0.343561856671198,0.96089082020641,0.506151645207439,0.892908109449649,prob=0.2| Log2FC_cutoff=0.585,scpp_arg_samples1,lung,scPP
