meta_column,label_value,score_group,mean_score,count,log_count,sample
scissor,Negative,Neg_ctrl_Sample_1,0.0133497314627753,2321,3.36586221540256,Sample_100_TCGA_LUAD
scissor,Negative,Neg_ctrl_Sample_2,0.0371056802444742,2321,3.36586221540256,Sample_100_TCGA_LUAD
scissor,Negative,Neg_ctrl_Sample_3,-0.123250338399685,2321,3.36586221540256,Sample_100_TCGA_LUAD
scissor,Negative,Neg_ctrl_Sample_4,-0.102395160199568,2321,3.36586221540256,Sample_100_TCGA_LUAD
scissor,Negative,Neg_ctrl_Sample_5,-0.169577562765232,2321,3.36586221540256,Sample_100_TCGA_LUAD
scissor,Negative,Neg_ctrl_Sample_6,0.0596768958129658,2321,3.36586221540256,Sample_100_TCGA_LUAD
scissor,Negative,Neg_ctrl_Sample_7,0.0696876741819488,2321,3.36586221540256,Sample_100_TCGA_LUAD
scissor,Negative,Neg_ctrl_Sample_8,0.0655698125830545,2321,3.36586221540256,Sample_100_TCGA_LUAD
scissor,Negative,Neg_ctrl_Sample_9,-0.058387910400056,2321,3.36586221540256,Sample_100_TCGA_LUAD
scissor,Negative,Neg_ctrl_Sample_10,0.118199963679311,2321,3.36586221540256,Sample_100_TCGA_LUAD
scissor,Negative,Neg_ctrl_Sample_11,-0.128220759044437,2321,3.36586221540256,Sample_100_TCGA_LUAD
scissor,Negative,Neg_ctrl_Sample_12,0.0326317862607558,2321,3.36586221540256,Sample_100_TCGA_LUAD
scissor,Negative,Neg_ctrl_Sample_13,0.0940068749579135,2321,3.36586221540256,Sample_100_TCGA_LUAD
scissor,Negative,Neg_ctrl_Sample_14,0.267640407289751,2321,3.36586221540256,Sample_100_TCGA_LUAD
scissor,Negative,Neg_ctrl_Sample_15,0.041262112235028,2321,3.36586221540256,Sample_100_TCGA_LUAD
scissor,Negative,Neg_ctrl_Sample_16,-0.00748421250073585,2321,3.36586221540256,Sample_100_TCGA_LUAD
scissor,Negative,Neg_ctrl_Sample_17,0.0498999304809975,2321,3.36586221540256,Sample_100_TCGA_LUAD
scissor,Negative,Neg_ctrl_Sample_18,0.0453558742907477,2321,3.36586221540256,Sample_100_TCGA_LUAD
scissor,Negative,Neg_ctrl_Sample_19,0.0901735124857732,2321,3.36586221540256,Sample_100_TCGA_LUAD
scissor,Negative,Neg_ctrl_Sample_20,-0.00370876292857642,2321,3.36586221540256,Sample_100_TCGA_LUAD
scissor,Negative,Neg_ctrl_Sample_21,0.0886006168833824,2321,3.36586221540256,Sample_100_TCGA_LUAD
scissor,Negative,Neg_ctrl_Sample_22,0.113655745973255,2321,3.36586221540256,Sample_100_TCGA_LUAD
scissor,Negative,Neg_ctrl_Sample_23,0.00141333043180344,2321,3.36586221540256,Sample_100_TCGA_LUAD
scissor,Negative,Neg_ctrl_Sample_24,0.0588017971313616,2321,3.36586221540256,Sample_100_TCGA_LUAD
scissor,Negative,Neg_ctrl_Sample_25,0.201511915877757,2321,3.36586221540256,Sample_100_TCGA_LUAD
scissor,Negative,Neg_ctrl_Sample_26,0.12686633837518,2321,3.36586221540256,Sample_100_TCGA_LUAD
scissor,Negative,Neg_ctrl_Sample_27,-0.0545226070562736,2321,3.36586221540256,Sample_100_TCGA_LUAD
scissor,Negative,Neg_ctrl_Sample_28,0.0835822322788495,2321,3.36586221540256,Sample_100_TCGA_LUAD
scissor,Negative,Neg_ctrl_Sample_29,0.0875834713401079,2321,3.36586221540256,Sample_100_TCGA_LUAD
scissor,Negative,Neg_ctrl_Sample_30,0.0120941411470905,2321,3.36586221540256,Sample_100_TCGA_LUAD
scissor,Negative,Neg_ctrl_Sample_31,0.135117956424234,2321,3.36586221540256,Sample_100_TCGA_LUAD
scissor,Negative,Neg_ctrl_Sample_32,-0.0174942757710469,2321,3.36586221540256,Sample_100_TCGA_LUAD
scissor,Negative,Neg_ctrl_Sample_33,-0.0824888588874848,2321,3.36586221540256,Sample_100_TCGA_LUAD
scissor,Negative,Neg_ctrl_Sample_34,-0.127925843372626,2321,3.36586221540256,Sample_100_TCGA_LUAD
scissor,Negative,Neg_ctrl_Sample_35,0.10380322912353,2321,3.36586221540256,Sample_100_TCGA_LUAD
scissor,Negative,Neg_ctrl_Sample_36,0.0525308285794013,2321,3.36586221540256,Sample_100_TCGA_LUAD
scissor,Negative,Neg_ctrl_Sample_37,0.10436139339667,2321,3.36586221540256,Sample_100_TCGA_LUAD
scissor,Negative,Neg_ctrl_Sample_38,-0.00394383458302449,2321,3.36586221540256,Sample_100_TCGA_LUAD
scissor,Negative,Neg_ctrl_Sample_39,0.0756009194533828,2321,3.36586221540256,Sample_100_TCGA_LUAD
scissor,Negative,Neg_ctrl_Sample_40,-0.112423107961872,2321,3.36586221540256,Sample_100_TCGA_LUAD
scissor,Negative,Neg_ctrl_Sample_41,-0.0470973807374131,2321,3.36586221540256,Sample_100_TCGA_LUAD
scissor,Negative,Neg_ctrl_Sample_42,-0.028915422643398,2321,3.36586221540256,Sample_100_TCGA_LUAD
scissor,Negative,Neg_ctrl_Sample_43,0.0587308696071948,2321,3.36586221540256,Sample_100_TCGA_LUAD
scissor,Negative,Neg_ctrl_Sample_44,0.0747671523806235,2321,3.36586221540256,Sample_100_TCGA_LUAD
scissor,Negative,Neg_ctrl_Sample_45,-0.040373318997646,2321,3.36586221540256,Sample_100_TCGA_LUAD
scissor,Negative,Neg_ctrl_Sample_46,0.0536032636242201,2321,3.36586221540256,Sample_100_TCGA_LUAD
scissor,Negative,Neg_ctrl_Sample_47,0.0502424684391671,2321,3.36586221540256,Sample_100_TCGA_LUAD
scissor,Negative,Neg_ctrl_Sample_48,0.0912127412913201,2321,3.36586221540256,Sample_100_TCGA_LUAD
scissor,Negative,Neg_ctrl_Sample_49,-0.0380945138489616,2321,3.36586221540256,Sample_100_TCGA_LUAD
scissor,Negative,Neg_ctrl_Sample_50,0.000825938451271184,2321,3.36586221540256,Sample_100_TCGA_LUAD
scissor,Negative,Neg_ctrl_Sample_51,-0.150879017812282,2321,3.36586221540256,Sample_100_TCGA_LUAD
scissor,Negative,Neg_ctrl_Sample_52,-0.0546647107665865,2321,3.36586221540256,Sample_100_TCGA_LUAD
scissor,Negative,Neg_ctrl_Sample_53,0.0810576352861273,2321,3.36586221540256,Sample_100_TCGA_LUAD
scissor,Negative,Neg_ctrl_Sample_54,-0.0442957536828943,2321,3.36586221540256,Sample_100_TCGA_LUAD
scissor,Negative,Neg_ctrl_Sample_55,0.0867172882068508,2321,3.36586221540256,Sample_100_TCGA_LUAD
scissor,Negative,Neg_ctrl_Sample_56,0.0877503016697196,2321,3.36586221540256,Sample_100_TCGA_LUAD
scissor,Negative,Neg_ctrl_Sample_57,0.102016895355658,2321,3.36586221540256,Sample_100_TCGA_LUAD
scissor,Negative,Neg_ctrl_Sample_58,-0.0119932122775805,2321,3.36586221540256,Sample_100_TCGA_LUAD
scissor,Negative,Neg_ctrl_Sample_59,0.0117434423505811,2321,3.36586221540256,Sample_100_TCGA_LUAD
scissor,Negative,Neg_ctrl_Sample_60,0.15086071866687,2321,3.36586221540256,Sample_100_TCGA_LUAD
scissor,Negative,Neg_ctrl_Sample_61,-0.0242131208506159,2321,3.36586221540256,Sample_100_TCGA_LUAD
scissor,Negative,Neg_ctrl_Sample_62,0.108331348515913,2321,3.36586221540256,Sample_100_TCGA_LUAD
scissor,Negative,Neg_ctrl_Sample_63,0.121827963246735,2321,3.36586221540256,Sample_100_TCGA_LUAD
scissor,Negative,Neg_ctrl_Sample_64,-0.0434531779283814,2321,3.36586221540256,Sample_100_TCGA_LUAD
scissor,Negative,Neg_ctrl_Sample_65,-0.0311024860426888,2321,3.36586221540256,Sample_100_TCGA_LUAD
scissor,Negative,Neg_ctrl_Sample_66,0.0277187845841482,2321,3.36586221540256,Sample_100_TCGA_LUAD
scissor,Negative,Neg_ctrl_Sample_67,-0.044666863276211,2321,3.36586221540256,Sample_100_TCGA_LUAD
scissor,Negative,Neg_ctrl_Sample_68,0.120351258676879,2321,3.36586221540256,Sample_100_TCGA_LUAD
scissor,Negative,Neg_ctrl_Sample_69,-0.0211678627260889,2321,3.36586221540256,Sample_100_TCGA_LUAD
scissor,Negative,Neg_ctrl_Sample_70,0.092557608982503,2321,3.36586221540256,Sample_100_TCGA_LUAD
scissor,Negative,Neg_ctrl_Sample_71,-0.00597360079137035,2321,3.36586221540256,Sample_100_TCGA_LUAD
scissor,Negative,Neg_ctrl_Sample_72,0.0790287555320245,2321,3.36586221540256,Sample_100_TCGA_LUAD
scissor,Negative,Neg_ctrl_Sample_73,-0.0659518515210119,2321,3.36586221540256,Sample_100_TCGA_LUAD
scissor,Negative,Neg_ctrl_Sample_74,-0.00141154786379576,2321,3.36586221540256,Sample_100_TCGA_LUAD
scissor,Negative,Neg_ctrl_Sample_75,-0.0256206853135098,2321,3.36586221540256,Sample_100_TCGA_LUAD
scissor,Negative,Neg_ctrl_Sample_76,-0.0285065835269513,2321,3.36586221540256,Sample_100_TCGA_LUAD
scissor,Negative,Neg_ctrl_Sample_77,0.0478334822057364,2321,3.36586221540256,Sample_100_TCGA_LUAD
scissor,Negative,Neg_ctrl_Sample_78,-0.0667094684826191,2321,3.36586221540256,Sample_100_TCGA_LUAD
scissor,Negative,Neg_ctrl_Sample_79,-0.113818065598135,2321,3.36586221540256,Sample_100_TCGA_LUAD
scissor,Negative,Neg_ctrl_Sample_80,0.0931683746224554,2321,3.36586221540256,Sample_100_TCGA_LUAD
scissor,Negative,Neg_ctrl_Sample_81,-0.0451866696162361,2321,3.36586221540256,Sample_100_TCGA_LUAD
scissor,Negative,Neg_ctrl_Sample_82,0.10422871963929,2321,3.36586221540256,Sample_100_TCGA_LUAD
scissor,Negative,Neg_ctrl_Sample_83,-0.112751047719368,2321,3.36586221540256,Sample_100_TCGA_LUAD
scissor,Negative,Neg_ctrl_Sample_84,-0.147981948867579,2321,3.36586221540256,Sample_100_TCGA_LUAD
scissor,Negative,Neg_ctrl_Sample_85,0.0225699473883413,2321,3.36586221540256,Sample_100_TCGA_LUAD
scissor,Negative,Neg_ctrl_Sample_86,0.11582978452492,2321,3.36586221540256,Sample_100_TCGA_LUAD
scissor,Negative,Neg_ctrl_Sample_87,0.0668308803601615,2321,3.36586221540256,Sample_100_TCGA_LUAD
scissor,Negative,Neg_ctrl_Sample_88,-0.0336017803816433,2321,3.36586221540256,Sample_100_TCGA_LUAD
scissor,Negative,Neg_ctrl_Sample_89,-0.0362155941650295,2321,3.36586221540256,Sample_100_TCGA_LUAD
scissor,Negative,Neg_ctrl_Sample_90,0.04324240681838,2321,3.36586221540256,Sample_100_TCGA_LUAD
scissor,Negative,Neg_ctrl_Sample_91,0.0187570275416876,2321,3.36586221540256,Sample_100_TCGA_LUAD
scissor,Negative,Neg_ctrl_Sample_92,0.16373242217058,2321,3.36586221540256,Sample_100_TCGA_LUAD
scissor,Negative,Neg_ctrl_Sample_93,0.0833014351712584,2321,3.36586221540256,Sample_100_TCGA_LUAD
scissor,Negative,Neg_ctrl_Sample_94,0.0172627836428405,2321,3.36586221540256,Sample_100_TCGA_LUAD
scissor,Negative,Neg_ctrl_Sample_95,0.0379717608916093,2321,3.36586221540256,Sample_100_TCGA_LUAD
scissor,Negative,Neg_ctrl_Sample_96,0.00955452281421481,2321,3.36586221540256,Sample_100_TCGA_LUAD
scissor,Negative,Neg_ctrl_Sample_97,0.0124898883173056,2321,3.36586221540256,Sample_100_TCGA_LUAD
scissor,Negative,Neg_ctrl_Sample_98,-0.109404609489351,2321,3.36586221540256,Sample_100_TCGA_LUAD
scissor,Negative,Neg_ctrl_Sample_99,0.0789125482259116,2321,3.36586221540256,Sample_100_TCGA_LUAD
scissor,Negative,Neg_ctrl_Sample_100,-0.0778033885798953,2321,3.36586221540256,Sample_100_TCGA_LUAD
scissor,Neutral,Neg_ctrl_Sample_1,0.0289763694579172,28052,4.44797931171617,Sample_100_TCGA_LUAD
scissor,Neutral,Neg_ctrl_Sample_2,-0.00695280531375658,28052,4.44797931171617,Sample_100_TCGA_LUAD
scissor,Neutral,Neg_ctrl_Sample_3,-0.147182689848118,28052,4.44797931171617,Sample_100_TCGA_LUAD
scissor,Neutral,Neg_ctrl_Sample_4,-0.0913897585757959,28052,4.44797931171617,Sample_100_TCGA_LUAD
scissor,Neutral,Neg_ctrl_Sample_5,-0.167705695709843,28052,4.44797931171617,Sample_100_TCGA_LUAD
scissor,Neutral,Neg_ctrl_Sample_6,0.0700787699508599,28052,4.44797931171617,Sample_100_TCGA_LUAD
scissor,Neutral,Neg_ctrl_Sample_7,0.0845607891750606,28052,4.44797931171617,Sample_100_TCGA_LUAD
scissor,Neutral,Neg_ctrl_Sample_8,0.06383323905361,28052,4.44797931171617,Sample_100_TCGA_LUAD
scissor,Neutral,Neg_ctrl_Sample_9,-0.0981586843308024,28052,4.44797931171617,Sample_100_TCGA_LUAD
scissor,Neutral,Neg_ctrl_Sample_10,0.117773724286727,28052,4.44797931171617,Sample_100_TCGA_LUAD
scissor,Neutral,Neg_ctrl_Sample_11,-0.143942426358522,28052,4.44797931171617,Sample_100_TCGA_LUAD
scissor,Neutral,Neg_ctrl_Sample_12,0.0500785215504707,28052,4.44797931171617,Sample_100_TCGA_LUAD
scissor,Neutral,Neg_ctrl_Sample_13,0.063866090270328,28052,4.44797931171617,Sample_100_TCGA_LUAD
scissor,Neutral,Neg_ctrl_Sample_14,0.251676973819681,28052,4.44797931171617,Sample_100_TCGA_LUAD
scissor,Neutral,Neg_ctrl_Sample_15,0.0548858070777883,28052,4.44797931171617,Sample_100_TCGA_LUAD
scissor,Neutral,Neg_ctrl_Sample_16,-0.0490636306852837,28052,4.44797931171617,Sample_100_TCGA_LUAD
scissor,Neutral,Neg_ctrl_Sample_17,0.0188616859130966,28052,4.44797931171617,Sample_100_TCGA_LUAD
scissor,Neutral,Neg_ctrl_Sample_18,0.0152805259878381,28052,4.44797931171617,Sample_100_TCGA_LUAD
scissor,Neutral,Neg_ctrl_Sample_19,0.0774340432763535,28052,4.44797931171617,Sample_100_TCGA_LUAD
scissor,Neutral,Neg_ctrl_Sample_20,-0.056701877853147,28052,4.44797931171617,Sample_100_TCGA_LUAD
scissor,Neutral,Neg_ctrl_Sample_21,0.0988662865546135,28052,4.44797931171617,Sample_100_TCGA_LUAD
scissor,Neutral,Neg_ctrl_Sample_22,0.133092051930999,28052,4.44797931171617,Sample_100_TCGA_LUAD
scissor,Neutral,Neg_ctrl_Sample_23,-0.0207350844194574,28052,4.44797931171617,Sample_100_TCGA_LUAD
scissor,Neutral,Neg_ctrl_Sample_24,0.0593123866650496,28052,4.44797931171617,Sample_100_TCGA_LUAD
scissor,Neutral,Neg_ctrl_Sample_25,0.20922140410685,28052,4.44797931171617,Sample_100_TCGA_LUAD
scissor,Neutral,Neg_ctrl_Sample_26,0.117757971428926,28052,4.44797931171617,Sample_100_TCGA_LUAD
scissor,Neutral,Neg_ctrl_Sample_27,-0.0750289480255466,28052,4.44797931171617,Sample_100_TCGA_LUAD
scissor,Neutral,Neg_ctrl_Sample_28,0.0685634018840094,28052,4.44797931171617,Sample_100_TCGA_LUAD
scissor,Neutral,Neg_ctrl_Sample_29,0.0942308181285028,28052,4.44797931171617,Sample_100_TCGA_LUAD
scissor,Neutral,Neg_ctrl_Sample_30,0.00128120831936917,28052,4.44797931171617,Sample_100_TCGA_LUAD
scissor,Neutral,Neg_ctrl_Sample_31,0.0992477340523665,28052,4.44797931171617,Sample_100_TCGA_LUAD
scissor,Neutral,Neg_ctrl_Sample_32,-0.0303232943365572,28052,4.44797931171617,Sample_100_TCGA_LUAD
scissor,Neutral,Neg_ctrl_Sample_33,-0.0961759590490998,28052,4.44797931171617,Sample_100_TCGA_LUAD
scissor,Neutral,Neg_ctrl_Sample_34,-0.152509300297427,28052,4.44797931171617,Sample_100_TCGA_LUAD
scissor,Neutral,Neg_ctrl_Sample_35,0.0936721738821604,28052,4.44797931171617,Sample_100_TCGA_LUAD
scissor,Neutral,Neg_ctrl_Sample_36,0.0444281863803861,28052,4.44797931171617,Sample_100_TCGA_LUAD
scissor,Neutral,Neg_ctrl_Sample_37,0.0681348396498132,28052,4.44797931171617,Sample_100_TCGA_LUAD
scissor,Neutral,Neg_ctrl_Sample_38,0.00498338800814142,28052,4.44797931171617,Sample_100_TCGA_LUAD
scissor,Neutral,Neg_ctrl_Sample_39,0.0312498026177082,28052,4.44797931171617,Sample_100_TCGA_LUAD
scissor,Neutral,Neg_ctrl_Sample_40,-0.12711642168038,28052,4.44797931171617,Sample_100_TCGA_LUAD
scissor,Neutral,Neg_ctrl_Sample_41,-0.0254719798412084,28052,4.44797931171617,Sample_100_TCGA_LUAD
scissor,Neutral,Neg_ctrl_Sample_42,-0.03184604010456,28052,4.44797931171617,Sample_100_TCGA_LUAD
scissor,Neutral,Neg_ctrl_Sample_43,0.0845072722089734,28052,4.44797931171617,Sample_100_TCGA_LUAD
scissor,Neutral,Neg_ctrl_Sample_44,0.0631490042201928,28052,4.44797931171617,Sample_100_TCGA_LUAD
scissor,Neutral,Neg_ctrl_Sample_45,-0.0478394855535311,28052,4.44797931171617,Sample_100_TCGA_LUAD
scissor,Neutral,Neg_ctrl_Sample_46,0.0368850284266789,28052,4.44797931171617,Sample_100_TCGA_LUAD
scissor,Neutral,Neg_ctrl_Sample_47,0.0506526180134439,28052,4.44797931171617,Sample_100_TCGA_LUAD
scissor,Neutral,Neg_ctrl_Sample_48,0.113493023279401,28052,4.44797931171617,Sample_100_TCGA_LUAD
scissor,Neutral,Neg_ctrl_Sample_49,-0.0549643764423648,28052,4.44797931171617,Sample_100_TCGA_LUAD
scissor,Neutral,Neg_ctrl_Sample_50,-0.0198245771825396,28052,4.44797931171617,Sample_100_TCGA_LUAD
scissor,Neutral,Neg_ctrl_Sample_51,-0.145447890313728,28052,4.44797931171617,Sample_100_TCGA_LUAD
scissor,Neutral,Neg_ctrl_Sample_52,-0.0374113531277089,28052,4.44797931171617,Sample_100_TCGA_LUAD
scissor,Neutral,Neg_ctrl_Sample_53,0.0286305337280551,28052,4.44797931171617,Sample_100_TCGA_LUAD
scissor,Neutral,Neg_ctrl_Sample_54,-0.0478601506467231,28052,4.44797931171617,Sample_100_TCGA_LUAD
scissor,Neutral,Neg_ctrl_Sample_55,0.081391667962188,28052,4.44797931171617,Sample_100_TCGA_LUAD
scissor,Neutral,Neg_ctrl_Sample_56,0.100681300109507,28052,4.44797931171617,Sample_100_TCGA_LUAD
scissor,Neutral,Neg_ctrl_Sample_57,0.0895837431318237,28052,4.44797931171617,Sample_100_TCGA_LUAD
scissor,Neutral,Neg_ctrl_Sample_58,-0.0182812532285482,28052,4.44797931171617,Sample_100_TCGA_LUAD
scissor,Neutral,Neg_ctrl_Sample_59,0.0140423503449355,28052,4.44797931171617,Sample_100_TCGA_LUAD
scissor,Neutral,Neg_ctrl_Sample_60,0.135393347280016,28052,4.44797931171617,Sample_100_TCGA_LUAD
scissor,Neutral,Neg_ctrl_Sample_61,-0.0629748841858307,28052,4.44797931171617,Sample_100_TCGA_LUAD
scissor,Neutral,Neg_ctrl_Sample_62,0.119806494177239,28052,4.44797931171617,Sample_100_TCGA_LUAD
scissor,Neutral,Neg_ctrl_Sample_63,0.108174341804477,28052,4.44797931171617,Sample_100_TCGA_LUAD
scissor,Neutral,Neg_ctrl_Sample_64,-0.00995360932557698,28052,4.44797931171617,Sample_100_TCGA_LUAD
scissor,Neutral,Neg_ctrl_Sample_65,-0.093235499187565,28052,4.44797931171617,Sample_100_TCGA_LUAD
scissor,Neutral,Neg_ctrl_Sample_66,0.0148662632290874,28052,4.44797931171617,Sample_100_TCGA_LUAD
scissor,Neutral,Neg_ctrl_Sample_67,-0.056351904296354,28052,4.44797931171617,Sample_100_TCGA_LUAD
scissor,Neutral,Neg_ctrl_Sample_68,0.0877377186598654,28052,4.44797931171617,Sample_100_TCGA_LUAD
scissor,Neutral,Neg_ctrl_Sample_69,-0.0408124664281611,28052,4.44797931171617,Sample_100_TCGA_LUAD
scissor,Neutral,Neg_ctrl_Sample_70,0.0811577034527343,28052,4.44797931171617,Sample_100_TCGA_LUAD
scissor,Neutral,Neg_ctrl_Sample_71,-0.00743223729115605,28052,4.44797931171617,Sample_100_TCGA_LUAD
scissor,Neutral,Neg_ctrl_Sample_72,0.0669393151111446,28052,4.44797931171617,Sample_100_TCGA_LUAD
scissor,Neutral,Neg_ctrl_Sample_73,-0.0611719624612469,28052,4.44797931171617,Sample_100_TCGA_LUAD
scissor,Neutral,Neg_ctrl_Sample_74,0.00339617059994537,28052,4.44797931171617,Sample_100_TCGA_LUAD
scissor,Neutral,Neg_ctrl_Sample_75,-0.0493078896438141,28052,4.44797931171617,Sample_100_TCGA_LUAD
scissor,Neutral,Neg_ctrl_Sample_76,-0.0199193634828613,28052,4.44797931171617,Sample_100_TCGA_LUAD
scissor,Neutral,Neg_ctrl_Sample_77,0.0337150920786056,28052,4.44797931171617,Sample_100_TCGA_LUAD
scissor,Neutral,Neg_ctrl_Sample_78,-0.0800707266946258,28052,4.44797931171617,Sample_100_TCGA_LUAD
scissor,Neutral,Neg_ctrl_Sample_79,-0.123700602361757,28052,4.44797931171617,Sample_100_TCGA_LUAD
scissor,Neutral,Neg_ctrl_Sample_80,0.0860907239138756,28052,4.44797931171617,Sample_100_TCGA_LUAD
scissor,Neutral,Neg_ctrl_Sample_81,-0.0684583815773096,28052,4.44797931171617,Sample_100_TCGA_LUAD
scissor,Neutral,Neg_ctrl_Sample_82,0.132392950639039,28052,4.44797931171617,Sample_100_TCGA_LUAD
scissor,Neutral,Neg_ctrl_Sample_83,-0.124016147864904,28052,4.44797931171617,Sample_100_TCGA_LUAD
scissor,Neutral,Neg_ctrl_Sample_84,-0.130295642082148,28052,4.44797931171617,Sample_100_TCGA_LUAD
scissor,Neutral,Neg_ctrl_Sample_85,-0.0158620523254958,28052,4.44797931171617,Sample_100_TCGA_LUAD
scissor,Neutral,Neg_ctrl_Sample_86,0.124185311773182,28052,4.44797931171617,Sample_100_TCGA_LUAD
scissor,Neutral,Neg_ctrl_Sample_87,0.0740303824042094,28052,4.44797931171617,Sample_100_TCGA_LUAD
scissor,Neutral,Neg_ctrl_Sample_88,-0.038629738201968,28052,4.44797931171617,Sample_100_TCGA_LUAD
scissor,Neutral,Neg_ctrl_Sample_89,-0.0543278641850179,28052,4.44797931171617,Sample_100_TCGA_LUAD
scissor,Neutral,Neg_ctrl_Sample_90,0.0327108148564682,28052,4.44797931171617,Sample_100_TCGA_LUAD
scissor,Neutral,Neg_ctrl_Sample_91,0.0227537334331936,28052,4.44797931171617,Sample_100_TCGA_LUAD
scissor,Neutral,Neg_ctrl_Sample_92,0.179314418544601,28052,4.44797931171617,Sample_100_TCGA_LUAD
scissor,Neutral,Neg_ctrl_Sample_93,0.0840806713643107,28052,4.44797931171617,Sample_100_TCGA_LUAD
scissor,Neutral,Neg_ctrl_Sample_94,0.0229897791289201,28052,4.44797931171617,Sample_100_TCGA_LUAD
scissor,Neutral,Neg_ctrl_Sample_95,0.0431881569020301,28052,4.44797931171617,Sample_100_TCGA_LUAD
scissor,Neutral,Neg_ctrl_Sample_96,-0.0230047531757287,28052,4.44797931171617,Sample_100_TCGA_LUAD
scissor,Neutral,Neg_ctrl_Sample_97,-0.0412931631582049,28052,4.44797931171617,Sample_100_TCGA_LUAD
scissor,Neutral,Neg_ctrl_Sample_98,-0.128338900537807,28052,4.44797931171617,Sample_100_TCGA_LUAD
scissor,Neutral,Neg_ctrl_Sample_99,0.0439062857649374,28052,4.44797931171617,Sample_100_TCGA_LUAD
scissor,Neutral,Neg_ctrl_Sample_100,-0.084909886188411,28052,4.44797931171617,Sample_100_TCGA_LUAD
scissor,Positive,Neg_ctrl_Sample_1,0.0147046680691042,1861,3.26997967664532,Sample_100_TCGA_LUAD
scissor,Positive,Neg_ctrl_Sample_2,0.0188043754141719,1861,3.26997967664532,Sample_100_TCGA_LUAD
scissor,Positive,Neg_ctrl_Sample_3,-0.127461301962987,1861,3.26997967664532,Sample_100_TCGA_LUAD
scissor,Positive,Neg_ctrl_Sample_4,-0.0838398409304859,1861,3.26997967664532,Sample_100_TCGA_LUAD
scissor,Positive,Neg_ctrl_Sample_5,-0.153040307046396,1861,3.26997967664532,Sample_100_TCGA_LUAD
scissor,Positive,Neg_ctrl_Sample_6,0.0466586836097629,1861,3.26997967664532,Sample_100_TCGA_LUAD
scissor,Positive,Neg_ctrl_Sample_7,0.0983313438106901,1861,3.26997967664532,Sample_100_TCGA_LUAD
scissor,Positive,Neg_ctrl_Sample_8,0.0779460188491695,1861,3.26997967664532,Sample_100_TCGA_LUAD
scissor,Positive,Neg_ctrl_Sample_9,-0.0745334019916473,1861,3.26997967664532,Sample_100_TCGA_LUAD
scissor,Positive,Neg_ctrl_Sample_10,0.12117956808785,1861,3.26997967664532,Sample_100_TCGA_LUAD
scissor,Positive,Neg_ctrl_Sample_11,-0.0996482392975556,1861,3.26997967664532,Sample_100_TCGA_LUAD
scissor,Positive,Neg_ctrl_Sample_12,0.0106105269921502,1861,3.26997967664532,Sample_100_TCGA_LUAD
scissor,Positive,Neg_ctrl_Sample_13,0.0777246436274418,1861,3.26997967664532,Sample_100_TCGA_LUAD
scissor,Positive,Neg_ctrl_Sample_14,0.254456557184099,1861,3.26997967664532,Sample_100_TCGA_LUAD
scissor,Positive,Neg_ctrl_Sample_15,0.046273403907007,1861,3.26997967664532,Sample_100_TCGA_LUAD
scissor,Positive,Neg_ctrl_Sample_16,-0.0147159025435445,1861,3.26997967664532,Sample_100_TCGA_LUAD
scissor,Positive,Neg_ctrl_Sample_17,0.0305764058252333,1861,3.26997967664532,Sample_100_TCGA_LUAD
scissor,Positive,Neg_ctrl_Sample_18,0.0533808970952705,1861,3.26997967664532,Sample_100_TCGA_LUAD
scissor,Positive,Neg_ctrl_Sample_19,0.0844149959040411,1861,3.26997967664532,Sample_100_TCGA_LUAD
scissor,Positive,Neg_ctrl_Sample_20,-0.00364698581962026,1861,3.26997967664532,Sample_100_TCGA_LUAD
scissor,Positive,Neg_ctrl_Sample_21,0.0774823011915946,1861,3.26997967664532,Sample_100_TCGA_LUAD
scissor,Positive,Neg_ctrl_Sample_22,0.122259506150836,1861,3.26997967664532,Sample_100_TCGA_LUAD
scissor,Positive,Neg_ctrl_Sample_23,-0.00588702937309512,1861,3.26997967664532,Sample_100_TCGA_LUAD
scissor,Positive,Neg_ctrl_Sample_24,0.0364575385450259,1861,3.26997967664532,Sample_100_TCGA_LUAD
scissor,Positive,Neg_ctrl_Sample_25,0.218302416153652,1861,3.26997967664532,Sample_100_TCGA_LUAD
scissor,Positive,Neg_ctrl_Sample_26,0.114587356693497,1861,3.26997967664532,Sample_100_TCGA_LUAD
scissor,Positive,Neg_ctrl_Sample_27,-0.0715399405077692,1861,3.26997967664532,Sample_100_TCGA_LUAD
scissor,Positive,Neg_ctrl_Sample_28,0.0670746494903635,1861,3.26997967664532,Sample_100_TCGA_LUAD
scissor,Positive,Neg_ctrl_Sample_29,0.069692344054417,1861,3.26997967664532,Sample_100_TCGA_LUAD
scissor,Positive,Neg_ctrl_Sample_30,0.0232138417583281,1861,3.26997967664532,Sample_100_TCGA_LUAD
scissor,Positive,Neg_ctrl_Sample_31,0.134280552348711,1861,3.26997967664532,Sample_100_TCGA_LUAD
scissor,Positive,Neg_ctrl_Sample_32,-0.00830553252798272,1861,3.26997967664532,Sample_100_TCGA_LUAD
scissor,Positive,Neg_ctrl_Sample_33,-0.0931556304060039,1861,3.26997967664532,Sample_100_TCGA_LUAD
scissor,Positive,Neg_ctrl_Sample_34,-0.154865292993807,1861,3.26997967664532,Sample_100_TCGA_LUAD
scissor,Positive,Neg_ctrl_Sample_35,0.0958123951834461,1861,3.26997967664532,Sample_100_TCGA_LUAD
scissor,Positive,Neg_ctrl_Sample_36,0.065612931590553,1861,3.26997967664532,Sample_100_TCGA_LUAD
scissor,Positive,Neg_ctrl_Sample_37,0.0982863976346838,1861,3.26997967664532,Sample_100_TCGA_LUAD
scissor,Positive,Neg_ctrl_Sample_38,0.0169602434859079,1861,3.26997967664532,Sample_100_TCGA_LUAD
scissor,Positive,Neg_ctrl_Sample_39,0.0695219843968822,1861,3.26997967664532,Sample_100_TCGA_LUAD
scissor,Positive,Neg_ctrl_Sample_40,-0.10668636417896,1861,3.26997967664532,Sample_100_TCGA_LUAD
scissor,Positive,Neg_ctrl_Sample_41,-0.0429760122261042,1861,3.26997967664532,Sample_100_TCGA_LUAD
scissor,Positive,Neg_ctrl_Sample_42,-0.037262131874583,1861,3.26997967664532,Sample_100_TCGA_LUAD
scissor,Positive,Neg_ctrl_Sample_43,0.0705883356689869,1861,3.26997967664532,Sample_100_TCGA_LUAD
scissor,Positive,Neg_ctrl_Sample_44,0.0708434003212501,1861,3.26997967664532,Sample_100_TCGA_LUAD
scissor,Positive,Neg_ctrl_Sample_45,-0.0318263584914523,1861,3.26997967664532,Sample_100_TCGA_LUAD
scissor,Positive,Neg_ctrl_Sample_46,0.0430412403043371,1861,3.26997967664532,Sample_100_TCGA_LUAD
scissor,Positive,Neg_ctrl_Sample_47,0.0409768514545048,1861,3.26997967664532,Sample_100_TCGA_LUAD
scissor,Positive,Neg_ctrl_Sample_48,0.0919137565166458,1861,3.26997967664532,Sample_100_TCGA_LUAD
scissor,Positive,Neg_ctrl_Sample_49,-0.0334380194543323,1861,3.26997967664532,Sample_100_TCGA_LUAD
scissor,Positive,Neg_ctrl_Sample_50,-0.00735466555383226,1861,3.26997967664532,Sample_100_TCGA_LUAD
scissor,Positive,Neg_ctrl_Sample_51,-0.153680831273954,1861,3.26997967664532,Sample_100_TCGA_LUAD
scissor,Positive,Neg_ctrl_Sample_52,-0.0616538661466794,1861,3.26997967664532,Sample_100_TCGA_LUAD
scissor,Positive,Neg_ctrl_Sample_53,0.0863230723110616,1861,3.26997967664532,Sample_100_TCGA_LUAD
scissor,Positive,Neg_ctrl_Sample_54,-0.0646062716325663,1861,3.26997967664532,Sample_100_TCGA_LUAD
scissor,Positive,Neg_ctrl_Sample_55,0.0915323665510116,1861,3.26997967664532,Sample_100_TCGA_LUAD
scissor,Positive,Neg_ctrl_Sample_56,0.0686038350422128,1861,3.26997967664532,Sample_100_TCGA_LUAD
scissor,Positive,Neg_ctrl_Sample_57,0.0938350334209523,1861,3.26997967664532,Sample_100_TCGA_LUAD
scissor,Positive,Neg_ctrl_Sample_58,-0.0168635437188499,1861,3.26997967664532,Sample_100_TCGA_LUAD
scissor,Positive,Neg_ctrl_Sample_59,0.0158927339101081,1861,3.26997967664532,Sample_100_TCGA_LUAD
scissor,Positive,Neg_ctrl_Sample_60,0.13805914343118,1861,3.26997967664532,Sample_100_TCGA_LUAD
scissor,Positive,Neg_ctrl_Sample_61,-0.03017678017706,1861,3.26997967664532,Sample_100_TCGA_LUAD
scissor,Positive,Neg_ctrl_Sample_62,0.128964447291985,1861,3.26997967664532,Sample_100_TCGA_LUAD
scissor,Positive,Neg_ctrl_Sample_63,0.115860344047307,1861,3.26997967664532,Sample_100_TCGA_LUAD
scissor,Positive,Neg_ctrl_Sample_64,-0.0509553368126522,1861,3.26997967664532,Sample_100_TCGA_LUAD
scissor,Positive,Neg_ctrl_Sample_65,-0.0729287988160196,1861,3.26997967664532,Sample_100_TCGA_LUAD
scissor,Positive,Neg_ctrl_Sample_66,0.0188491957995584,1861,3.26997967664532,Sample_100_TCGA_LUAD
scissor,Positive,Neg_ctrl_Sample_67,-0.0445080379055048,1861,3.26997967664532,Sample_100_TCGA_LUAD
scissor,Positive,Neg_ctrl_Sample_68,0.120664058374826,1861,3.26997967664532,Sample_100_TCGA_LUAD
scissor,Positive,Neg_ctrl_Sample_69,-0.0193312173326512,1861,3.26997967664532,Sample_100_TCGA_LUAD
scissor,Positive,Neg_ctrl_Sample_70,0.0871111496631503,1861,3.26997967664532,Sample_100_TCGA_LUAD
scissor,Positive,Neg_ctrl_Sample_71,-0.00709950558623683,1861,3.26997967664532,Sample_100_TCGA_LUAD
scissor,Positive,Neg_ctrl_Sample_72,0.0811493323369845,1861,3.26997967664532,Sample_100_TCGA_LUAD
scissor,Positive,Neg_ctrl_Sample_73,-0.0640363404430745,1861,3.26997967664532,Sample_100_TCGA_LUAD
scissor,Positive,Neg_ctrl_Sample_74,0.0101145572717471,1861,3.26997967664532,Sample_100_TCGA_LUAD
scissor,Positive,Neg_ctrl_Sample_75,-0.047478930102317,1861,3.26997967664532,Sample_100_TCGA_LUAD
scissor,Positive,Neg_ctrl_Sample_76,-0.017158261875139,1861,3.26997967664532,Sample_100_TCGA_LUAD
scissor,Positive,Neg_ctrl_Sample_77,0.0459013873501297,1861,3.26997967664532,Sample_100_TCGA_LUAD
scissor,Positive,Neg_ctrl_Sample_78,-0.0866411580458662,1861,3.26997967664532,Sample_100_TCGA_LUAD
scissor,Positive,Neg_ctrl_Sample_79,-0.117466091268416,1861,3.26997967664532,Sample_100_TCGA_LUAD
scissor,Positive,Neg_ctrl_Sample_80,0.104687927905843,1861,3.26997967664532,Sample_100_TCGA_LUAD
scissor,Positive,Neg_ctrl_Sample_81,-0.0549023924424138,1861,3.26997967664532,Sample_100_TCGA_LUAD
scissor,Positive,Neg_ctrl_Sample_82,0.0965590732280902,1861,3.26997967664532,Sample_100_TCGA_LUAD
scissor,Positive,Neg_ctrl_Sample_83,-0.0862360164635023,1861,3.26997967664532,Sample_100_TCGA_LUAD
scissor,Positive,Neg_ctrl_Sample_84,-0.138603687851041,1861,3.26997967664532,Sample_100_TCGA_LUAD
scissor,Positive,Neg_ctrl_Sample_85,-0.0148331974042917,1861,3.26997967664532,Sample_100_TCGA_LUAD
scissor,Positive,Neg_ctrl_Sample_86,0.101153508834973,1861,3.26997967664532,Sample_100_TCGA_LUAD
scissor,Positive,Neg_ctrl_Sample_87,0.0748906739224352,1861,3.26997967664532,Sample_100_TCGA_LUAD
scissor,Positive,Neg_ctrl_Sample_88,-0.0315593311807013,1861,3.26997967664532,Sample_100_TCGA_LUAD
scissor,Positive,Neg_ctrl_Sample_89,-0.0447123276228933,1861,3.26997967664532,Sample_100_TCGA_LUAD
scissor,Positive,Neg_ctrl_Sample_90,0.0449873689091889,1861,3.26997967664532,Sample_100_TCGA_LUAD
scissor,Positive,Neg_ctrl_Sample_91,0.0155666206952039,1861,3.26997967664532,Sample_100_TCGA_LUAD
scissor,Positive,Neg_ctrl_Sample_92,0.172400059868227,1861,3.26997967664532,Sample_100_TCGA_LUAD
scissor,Positive,Neg_ctrl_Sample_93,0.0882312592608988,1861,3.26997967664532,Sample_100_TCGA_LUAD
scissor,Positive,Neg_ctrl_Sample_94,0.0162506438721654,1861,3.26997967664532,Sample_100_TCGA_LUAD
scissor,Positive,Neg_ctrl_Sample_95,0.0342437234650761,1861,3.26997967664532,Sample_100_TCGA_LUAD
scissor,Positive,Neg_ctrl_Sample_96,0.0150920976598567,1861,3.26997967664532,Sample_100_TCGA_LUAD
scissor,Positive,Neg_ctrl_Sample_97,-0.0165175926507763,1861,3.26997967664532,Sample_100_TCGA_LUAD
scissor,Positive,Neg_ctrl_Sample_98,-0.108590284773667,1861,3.26997967664532,Sample_100_TCGA_LUAD
scissor,Positive,Neg_ctrl_Sample_99,0.0724801447780171,1861,3.26997967664532,Sample_100_TCGA_LUAD
scissor,Positive,Neg_ctrl_Sample_100,-0.0739871200741378,1861,3.26997967664532,Sample_100_TCGA_LUAD
scAB,Other,Neg_ctrl_Sample_1,0.0324205429095627,25374,4.40440605092127,Sample_100_TCGA_LUAD
scAB,Other,Neg_ctrl_Sample_2,-0.00989317893150812,25374,4.40440605092127,Sample_100_TCGA_LUAD
scAB,Other,Neg_ctrl_Sample_3,-0.150688309398278,25374,4.40440605092127,Sample_100_TCGA_LUAD
scAB,Other,Neg_ctrl_Sample_4,-0.0899667496227764,25374,4.40440605092127,Sample_100_TCGA_LUAD
scAB,Other,Neg_ctrl_Sample_5,-0.167718626288754,25374,4.40440605092127,Sample_100_TCGA_LUAD
scAB,Other,Neg_ctrl_Sample_6,0.0735052455136259,25374,4.40440605092127,Sample_100_TCGA_LUAD
scAB,Other,Neg_ctrl_Sample_7,0.0843655455989514,25374,4.40440605092127,Sample_100_TCGA_LUAD
scAB,Other,Neg_ctrl_Sample_8,0.0614331192445988,25374,4.40440605092127,Sample_100_TCGA_LUAD
scAB,Other,Neg_ctrl_Sample_9,-0.107444644144549,25374,4.40440605092127,Sample_100_TCGA_LUAD
scAB,Other,Neg_ctrl_Sample_10,0.118600957796959,25374,4.40440605092127,Sample_100_TCGA_LUAD
scAB,Other,Neg_ctrl_Sample_11,-0.155125665473621,25374,4.40440605092127,Sample_100_TCGA_LUAD
scAB,Other,Neg_ctrl_Sample_12,0.0501213538346021,25374,4.40440605092127,Sample_100_TCGA_LUAD
scAB,Other,Neg_ctrl_Sample_13,0.0575268900395973,25374,4.40440605092127,Sample_100_TCGA_LUAD
scAB,Other,Neg_ctrl_Sample_14,0.245219479122357,25374,4.40440605092127,Sample_100_TCGA_LUAD
scAB,Other,Neg_ctrl_Sample_15,0.0579099434828923,25374,4.40440605092127,Sample_100_TCGA_LUAD
scAB,Other,Neg_ctrl_Sample_16,-0.0581420556777491,25374,4.40440605092127,Sample_100_TCGA_LUAD
scAB,Other,Neg_ctrl_Sample_17,0.0166140713255621,25374,4.40440605092127,Sample_100_TCGA_LUAD
scAB,Other,Neg_ctrl_Sample_18,0.00773294335405591,25374,4.40440605092127,Sample_100_TCGA_LUAD
scAB,Other,Neg_ctrl_Sample_19,0.07493649033648,25374,4.40440605092127,Sample_100_TCGA_LUAD
scAB,Other,Neg_ctrl_Sample_20,-0.0626744359711057,25374,4.40440605092127,Sample_100_TCGA_LUAD
scAB,Other,Neg_ctrl_Sample_21,0.0992181818597807,25374,4.40440605092127,Sample_100_TCGA_LUAD
scAB,Other,Neg_ctrl_Sample_22,0.134377173588483,25374,4.40440605092127,Sample_100_TCGA_LUAD
scAB,Other,Neg_ctrl_Sample_23,-0.0194757673729583,25374,4.40440605092127,Sample_100_TCGA_LUAD
scAB,Other,Neg_ctrl_Sample_24,0.0585451124429779,25374,4.40440605092127,Sample_100_TCGA_LUAD
scAB,Other,Neg_ctrl_Sample_25,0.212395377157141,25374,4.40440605092127,Sample_100_TCGA_LUAD
scAB,Other,Neg_ctrl_Sample_26,0.120086303882771,25374,4.40440605092127,Sample_100_TCGA_LUAD
scAB,Other,Neg_ctrl_Sample_27,-0.0832985518122184,25374,4.40440605092127,Sample_100_TCGA_LUAD
scAB,Other,Neg_ctrl_Sample_28,0.0655445281392455,25374,4.40440605092127,Sample_100_TCGA_LUAD
scAB,Other,Neg_ctrl_Sample_29,0.0985190453958804,25374,4.40440605092127,Sample_100_TCGA_LUAD
scAB,Other,Neg_ctrl_Sample_30,0.000734309125733079,25374,4.40440605092127,Sample_100_TCGA_LUAD
scAB,Other,Neg_ctrl_Sample_31,0.0979370637527811,25374,4.40440605092127,Sample_100_TCGA_LUAD
scAB,Other,Neg_ctrl_Sample_32,-0.0347810262391152,25374,4.40440605092127,Sample_100_TCGA_LUAD
scAB,Other,Neg_ctrl_Sample_33,-0.0983787474200474,25374,4.40440605092127,Sample_100_TCGA_LUAD
scAB,Other,Neg_ctrl_Sample_34,-0.1591783015742,25374,4.40440605092127,Sample_100_TCGA_LUAD
scAB,Other,Neg_ctrl_Sample_35,0.0940329371464201,25374,4.40440605092127,Sample_100_TCGA_LUAD
scAB,Other,Neg_ctrl_Sample_36,0.042683751123754,25374,4.40440605092127,Sample_100_TCGA_LUAD
scAB,Other,Neg_ctrl_Sample_37,0.0614644299795509,25374,4.40440605092127,Sample_100_TCGA_LUAD
scAB,Other,Neg_ctrl_Sample_38,0.00359754043175291,25374,4.40440605092127,Sample_100_TCGA_LUAD
scAB,Other,Neg_ctrl_Sample_39,0.0242547794056551,25374,4.40440605092127,Sample_100_TCGA_LUAD
scAB,Other,Neg_ctrl_Sample_40,-0.131300022818492,25374,4.40440605092127,Sample_100_TCGA_LUAD
scAB,Other,Neg_ctrl_Sample_41,-0.024950018648815,25374,4.40440605092127,Sample_100_TCGA_LUAD
scAB,Other,Neg_ctrl_Sample_42,-0.0308951297711844,25374,4.40440605092127,Sample_100_TCGA_LUAD
scAB,Other,Neg_ctrl_Sample_43,0.088811417360383,25374,4.40440605092127,Sample_100_TCGA_LUAD
scAB,Other,Neg_ctrl_Sample_44,0.0579775219425855,25374,4.40440605092127,Sample_100_TCGA_LUAD
scAB,Other,Neg_ctrl_Sample_45,-0.0520260147067893,25374,4.40440605092127,Sample_100_TCGA_LUAD
scAB,Other,Neg_ctrl_Sample_46,0.0354146099810047,25374,4.40440605092127,Sample_100_TCGA_LUAD
scAB,Other,Neg_ctrl_Sample_47,0.0527895237017345,25374,4.40440605092127,Sample_100_TCGA_LUAD
scAB,Other,Neg_ctrl_Sample_48,0.117720766595517,25374,4.40440605092127,Sample_100_TCGA_LUAD
scAB,Other,Neg_ctrl_Sample_49,-0.0624618751211441,25374,4.40440605092127,Sample_100_TCGA_LUAD
scAB,Other,Neg_ctrl_Sample_50,-0.0234507662285329,25374,4.40440605092127,Sample_100_TCGA_LUAD
scAB,Other,Neg_ctrl_Sample_51,-0.143944056917887,25374,4.40440605092127,Sample_100_TCGA_LUAD
scAB,Other,Neg_ctrl_Sample_52,-0.0325777216426792,25374,4.40440605092127,Sample_100_TCGA_LUAD
scAB,Other,Neg_ctrl_Sample_53,0.0201350447353656,25374,4.40440605092127,Sample_100_TCGA_LUAD
scAB,Other,Neg_ctrl_Sample_54,-0.0523670125284871,25374,4.40440605092127,Sample_100_TCGA_LUAD
scAB,Other,Neg_ctrl_Sample_55,0.0805730950495845,25374,4.40440605092127,Sample_100_TCGA_LUAD
scAB,Other,Neg_ctrl_Sample_56,0.103368136369237,25374,4.40440605092127,Sample_100_TCGA_LUAD
scAB,Other,Neg_ctrl_Sample_57,0.0920052543110696,25374,4.40440605092127,Sample_100_TCGA_LUAD
scAB,Other,Neg_ctrl_Sample_58,-0.0155916844696858,25374,4.40440605092127,Sample_100_TCGA_LUAD
scAB,Other,Neg_ctrl_Sample_59,0.0159966465391404,25374,4.40440605092127,Sample_100_TCGA_LUAD
scAB,Other,Neg_ctrl_Sample_60,0.131546668374852,25374,4.40440605092127,Sample_100_TCGA_LUAD
scAB,Other,Neg_ctrl_Sample_61,-0.0705684428748848,25374,4.40440605092127,Sample_100_TCGA_LUAD
scAB,Other,Neg_ctrl_Sample_62,0.120713684441561,25374,4.40440605092127,Sample_100_TCGA_LUAD
scAB,Other,Neg_ctrl_Sample_63,0.105862174394232,25374,4.40440605092127,Sample_100_TCGA_LUAD
scAB,Other,Neg_ctrl_Sample_64,-0.00452611371645351,25374,4.40440605092127,Sample_100_TCGA_LUAD
scAB,Other,Neg_ctrl_Sample_65,-0.100025683790591,25374,4.40440605092127,Sample_100_TCGA_LUAD
scAB,Other,Neg_ctrl_Sample_66,0.0166566583469783,25374,4.40440605092127,Sample_100_TCGA_LUAD
scAB,Other,Neg_ctrl_Sample_67,-0.0589132346969226,25374,4.40440605092127,Sample_100_TCGA_LUAD
scAB,Other,Neg_ctrl_Sample_68,0.0815406048147059,25374,4.40440605092127,Sample_100_TCGA_LUAD
scAB,Other,Neg_ctrl_Sample_69,-0.0481319783813794,25374,4.40440605092127,Sample_100_TCGA_LUAD
scAB,Other,Neg_ctrl_Sample_70,0.077681478800442,25374,4.40440605092127,Sample_100_TCGA_LUAD
scAB,Other,Neg_ctrl_Sample_71,-0.00537498539312224,25374,4.40440605092127,Sample_100_TCGA_LUAD
scAB,Other,Neg_ctrl_Sample_72,0.0624754050038581,25374,4.40440605092127,Sample_100_TCGA_LUAD
scAB,Other,Neg_ctrl_Sample_73,-0.0596329655594159,25374,4.40440605092127,Sample_100_TCGA_LUAD
scAB,Other,Neg_ctrl_Sample_74,0.000866288984740297,25374,4.40440605092127,Sample_100_TCGA_LUAD
scAB,Other,Neg_ctrl_Sample_75,-0.0533080498164173,25374,4.40440605092127,Sample_100_TCGA_LUAD
scAB,Other,Neg_ctrl_Sample_76,-0.0197610237983029,25374,4.40440605092127,Sample_100_TCGA_LUAD
scAB,Other,Neg_ctrl_Sample_77,0.0327630526814814,25374,4.40440605092127,Sample_100_TCGA_LUAD
scAB,Other,Neg_ctrl_Sample_78,-0.0863868111707836,25374,4.40440605092127,Sample_100_TCGA_LUAD
scAB,Other,Neg_ctrl_Sample_79,-0.123422585297042,25374,4.40440605092127,Sample_100_TCGA_LUAD
scAB,Other,Neg_ctrl_Sample_80,0.0819312692259461,25374,4.40440605092127,Sample_100_TCGA_LUAD
scAB,Other,Neg_ctrl_Sample_81,-0.0718057012597517,25374,4.40440605092127,Sample_100_TCGA_LUAD
scAB,Other,Neg_ctrl_Sample_82,0.133477271780222,25374,4.40440605092127,Sample_100_TCGA_LUAD
scAB,Other,Neg_ctrl_Sample_83,-0.130339379812096,25374,4.40440605092127,Sample_100_TCGA_LUAD
scAB,Other,Neg_ctrl_Sample_84,-0.130069993880627,25374,4.40440605092127,Sample_100_TCGA_LUAD
scAB,Other,Neg_ctrl_Sample_85,-0.0212542437211063,25374,4.40440605092127,Sample_100_TCGA_LUAD
scAB,Other,Neg_ctrl_Sample_86,0.124949979574272,25374,4.40440605092127,Sample_100_TCGA_LUAD
scAB,Other,Neg_ctrl_Sample_87,0.0726042001639244,25374,4.40440605092127,Sample_100_TCGA_LUAD
scAB,Other,Neg_ctrl_Sample_88,-0.0338112409364232,25374,4.40440605092127,Sample_100_TCGA_LUAD
scAB,Other,Neg_ctrl_Sample_89,-0.0568768777912427,25374,4.40440605092127,Sample_100_TCGA_LUAD
scAB,Other,Neg_ctrl_Sample_90,0.0303504681303682,25374,4.40440605092127,Sample_100_TCGA_LUAD
scAB,Other,Neg_ctrl_Sample_91,0.0220983659640335,25374,4.40440605092127,Sample_100_TCGA_LUAD
scAB,Other,Neg_ctrl_Sample_92,0.173950130134996,25374,4.40440605092127,Sample_100_TCGA_LUAD
scAB,Other,Neg_ctrl_Sample_93,0.0830101130703512,25374,4.40440605092127,Sample_100_TCGA_LUAD
scAB,Other,Neg_ctrl_Sample_94,0.0218597708492754,25374,4.40440605092127,Sample_100_TCGA_LUAD
scAB,Other,Neg_ctrl_Sample_95,0.0455118349929049,25374,4.40440605092127,Sample_100_TCGA_LUAD
scAB,Other,Neg_ctrl_Sample_96,-0.0270387608302224,25374,4.40440605092127,Sample_100_TCGA_LUAD
scAB,Other,Neg_ctrl_Sample_97,-0.0529296015698056,25374,4.40440605092127,Sample_100_TCGA_LUAD
scAB,Other,Neg_ctrl_Sample_98,-0.128116057682764,25374,4.40440605092127,Sample_100_TCGA_LUAD
scAB,Other,Neg_ctrl_Sample_99,0.0391790820127606,25374,4.40440605092127,Sample_100_TCGA_LUAD
scAB,Other,Neg_ctrl_Sample_100,-0.0816242711453445,25374,4.40440605092127,Sample_100_TCGA_LUAD
scAB,Positive,Neg_ctrl_Sample_1,0.0070781886658825,6860,3.83638741932641,Sample_100_TCGA_LUAD
scAB,Positive,Neg_ctrl_Sample_2,0.0258172965072572,6860,3.83638741932641,Sample_100_TCGA_LUAD
scAB,Positive,Neg_ctrl_Sample_3,-0.120768683866805,6860,3.83638741932641,Sample_100_TCGA_LUAD
scAB,Positive,Neg_ctrl_Sample_4,-0.0983286171187644,6860,3.83638741932641,Sample_100_TCGA_LUAD
scAB,Positive,Neg_ctrl_Sample_5,-0.164312724080628,6860,3.83638741932641,Sample_100_TCGA_LUAD
scAB,Positive,Neg_ctrl_Sample_6,0.0475319883933581,6860,3.83638741932641,Sample_100_TCGA_LUAD
scAB,Positive,Neg_ctrl_Sample_7,0.0839865344779865,6860,3.83638741932641,Sample_100_TCGA_LUAD
scAB,Positive,Neg_ctrl_Sample_8,0.0771269869246343,6860,3.83638741932641,Sample_100_TCGA_LUAD
scAB,Positive,Neg_ctrl_Sample_9,-0.0439463576485222,6860,3.83638741932641,Sample_100_TCGA_LUAD
scAB,Positive,Neg_ctrl_Sample_10,0.115782084907053,6860,3.83638741932641,Sample_100_TCGA_LUAD
scAB,Positive,Neg_ctrl_Sample_11,-0.0852419917720812,6860,3.83638741932641,Sample_100_TCGA_LUAD
scAB,Positive,Neg_ctrl_Sample_12,0.0333102071396808,6860,3.83638741932641,Sample_100_TCGA_LUAD
scAB,Positive,Neg_ctrl_Sample_13,0.101271104222519,6860,3.83638741932641,Sample_100_TCGA_LUAD
scAB,Positive,Neg_ctrl_Sample_14,0.281717265973487,6860,3.83638741932641,Sample_100_TCGA_LUAD
scAB,Positive,Neg_ctrl_Sample_15,0.0367542159445562,6860,3.83638741932641,Sample_100_TCGA_LUAD
scAB,Positive,Neg_ctrl_Sample_16,0.00790180771660031,6860,3.83638741932641,Sample_100_TCGA_LUAD
scAB,Positive,Neg_ctrl_Sample_17,0.0408546643303975,6860,3.83638741932641,Sample_100_TCGA_LUAD
scAB,Positive,Neg_ctrl_Sample_18,0.0637093941790297,6860,3.83638741932641,Sample_100_TCGA_LUAD
scAB,Positive,Neg_ctrl_Sample_19,0.0928761379077732,6860,3.83638741932641,Sample_100_TCGA_LUAD
scAB,Positive,Neg_ctrl_Sample_20,-0.0022879035820981,6860,3.83638741932641,Sample_100_TCGA_LUAD
scAB,Positive,Neg_ctrl_Sample_21,0.088290308778985,6860,3.83638741932641,Sample_100_TCGA_LUAD
scAB,Positive,Neg_ctrl_Sample_22,0.11882387251966,6860,3.83638741932641,Sample_100_TCGA_LUAD
scAB,Positive,Neg_ctrl_Sample_23,-0.013871412324241,6860,3.83638741932641,Sample_100_TCGA_LUAD
scAB,Positive,Neg_ctrl_Sample_24,0.0557775274014625,6860,3.83638741932641,Sample_100_TCGA_LUAD
scAB,Positive,Neg_ctrl_Sample_25,0.197336513299457,6860,3.83638741932641,Sample_100_TCGA_LUAD
scAB,Positive,Neg_ctrl_Sample_26,0.111367431775244,6860,3.83638741932641,Sample_100_TCGA_LUAD
scAB,Positive,Neg_ctrl_Sample_27,-0.0365564718064088,6860,3.83638741932641,Sample_100_TCGA_LUAD
scAB,Positive,Neg_ctrl_Sample_28,0.0844072851990935,6860,3.83638741932641,Sample_100_TCGA_LUAD
scAB,Positive,Neg_ctrl_Sample_29,0.0694634608646297,6860,3.83638741932641,Sample_100_TCGA_LUAD
scAB,Positive,Neg_ctrl_Sample_30,0.0129124718853117,6860,3.83638741932641,Sample_100_TCGA_LUAD
scAB,Positive,Neg_ctrl_Sample_31,0.125735752879815,6860,3.83638741932641,Sample_100_TCGA_LUAD
scAB,Positive,Neg_ctrl_Sample_32,-0.00352129781880014,6860,3.83638741932641,Sample_100_TCGA_LUAD
scAB,Positive,Neg_ctrl_Sample_33,-0.0825779789901589,6860,3.83638741932641,Sample_100_TCGA_LUAD
scAB,Positive,Neg_ctrl_Sample_34,-0.120163390747673,6860,3.83638741932641,Sample_100_TCGA_LUAD
scAB,Positive,Neg_ctrl_Sample_35,0.0963460986619826,6860,3.83638741932641,Sample_100_TCGA_LUAD
scAB,Positive,Neg_ctrl_Sample_36,0.0593690527917313,6860,3.83638741932641,Sample_100_TCGA_LUAD
scAB,Positive,Neg_ctrl_Sample_37,0.113244002278025,6860,3.83638741932641,Sample_100_TCGA_LUAD
scAB,Positive,Neg_ctrl_Sample_38,0.0103381024124138,6860,3.83638741932641,Sample_100_TCGA_LUAD
scAB,Positive,Neg_ctrl_Sample_39,0.0825114923333462,6860,3.83638741932641,Sample_100_TCGA_LUAD
scAB,Positive,Neg_ctrl_Sample_40,-0.101128343921015,6860,3.83638741932641,Sample_100_TCGA_LUAD
scAB,Positive,Neg_ctrl_Sample_41,-0.0394678694977932,6860,3.83638741932641,Sample_100_TCGA_LUAD
scAB,Positive,Neg_ctrl_Sample_42,-0.0358410521243455,6860,3.83638741932641,Sample_100_TCGA_LUAD
scAB,Positive,Neg_ctrl_Sample_43,0.0560898450352844,6860,3.83638741932641,Sample_100_TCGA_LUAD
scAB,Positive,Neg_ctrl_Sample_44,0.0882956783217121,6860,3.83638741932641,Sample_100_TCGA_LUAD
scAB,Positive,Neg_ctrl_Sample_45,-0.0254840347119118,6860,3.83638741932641,Sample_100_TCGA_LUAD
scAB,Positive,Neg_ctrl_Sample_46,0.0496503537675465,6860,3.83638741932641,Sample_100_TCGA_LUAD
scAB,Positive,Neg_ctrl_Sample_47,0.0399849206865098,6860,3.83638741932641,Sample_100_TCGA_LUAD
scAB,Positive,Neg_ctrl_Sample_48,0.0844629491040439,6860,3.83638741932641,Sample_100_TCGA_LUAD
scAB,Positive,Neg_ctrl_Sample_49,-0.0156849255809414,6860,3.83638741932641,Sample_100_TCGA_LUAD
scAB,Positive,Neg_ctrl_Sample_50,0.00395782415567196,6860,3.83638741932641,Sample_100_TCGA_LUAD
scAB,Positive,Neg_ctrl_Sample_51,-0.155081333263757,6860,3.83638741932641,Sample_100_TCGA_LUAD
scAB,Positive,Neg_ctrl_Sample_52,-0.0677041993535521,6860,3.83638741932641,Sample_100_TCGA_LUAD
scAB,Positive,Neg_ctrl_Sample_53,0.0934430198388069,6860,3.83638741932641,Sample_100_TCGA_LUAD
scAB,Positive,Neg_ctrl_Sample_54,-0.0345269804446423,6860,3.83638741932641,Sample_100_TCGA_LUAD
scAB,Positive,Neg_ctrl_Sample_55,0.08897229095724,6860,3.83638741932641,Sample_100_TCGA_LUAD
scAB,Positive,Neg_ctrl_Sample_56,0.0776660241440019,6860,3.83638741932641,Sample_100_TCGA_LUAD
scAB,Positive,Neg_ctrl_Sample_57,0.0859868878661401,6860,3.83638741932641,Sample_100_TCGA_LUAD
scAB,Positive,Neg_ctrl_Sample_58,-0.0257174365000687,6860,3.83638741932641,Sample_100_TCGA_LUAD
scAB,Positive,Neg_ctrl_Sample_59,0.00653790234612132,6860,3.83638741932641,Sample_100_TCGA_LUAD
scAB,Positive,Neg_ctrl_Sample_60,0.15557796042372,6860,3.83638741932641,Sample_100_TCGA_LUAD
scAB,Positive,Neg_ctrl_Sample_61,-0.0128754261045747,6860,3.83638741932641,Sample_100_TCGA_LUAD
scAB,Positive,Neg_ctrl_Sample_62,0.115052863258829,6860,3.83638741932641,Sample_100_TCGA_LUAD
scAB,Positive,Neg_ctrl_Sample_63,0.123431286616274,6860,3.83638741932641,Sample_100_TCGA_LUAD
scAB,Positive,Neg_ctrl_Sample_64,-0.052486260516022,6860,3.83638741932641,Sample_100_TCGA_LUAD
scAB,Positive,Neg_ctrl_Sample_65,-0.0415889048700895,6860,3.83638741932641,Sample_100_TCGA_LUAD
scAB,Positive,Neg_ctrl_Sample_66,0.0136728891558188,6860,3.83638741932641,Sample_100_TCGA_LUAD
scAB,Positive,Neg_ctrl_Sample_67,-0.0397114359078479,6860,3.83638741932641,Sample_100_TCGA_LUAD
scAB,Positive,Neg_ctrl_Sample_68,0.130626568703031,6860,3.83638741932641,Sample_100_TCGA_LUAD
scAB,Positive,Neg_ctrl_Sample_69,-0.00126479499081144,6860,3.83638741932641,Sample_100_TCGA_LUAD
scAB,Positive,Neg_ctrl_Sample_70,0.0994877717412839,6860,3.83638741932641,Sample_100_TCGA_LUAD
scAB,Positive,Neg_ctrl_Sample_71,-0.0144578933613971,6860,3.83638741932641,Sample_100_TCGA_LUAD
scAB,Positive,Neg_ctrl_Sample_72,0.0913958294459025,6860,3.83638741932641,Sample_100_TCGA_LUAD
scAB,Positive,Neg_ctrl_Sample_73,-0.0692587317497237,6860,3.83638741932641,Sample_100_TCGA_LUAD
scAB,Positive,Neg_ctrl_Sample_74,0.0129497302422331,6860,3.83638741932641,Sample_100_TCGA_LUAD
scAB,Positive,Neg_ctrl_Sample_75,-0.0260015107550388,6860,3.83638741932641,Sample_100_TCGA_LUAD
scAB,Positive,Neg_ctrl_Sample_76,-0.0226613807986557,6860,3.83638741932641,Sample_100_TCGA_LUAD
scAB,Positive,Neg_ctrl_Sample_77,0.0453192504821056,6860,3.83638741932641,Sample_100_TCGA_LUAD
scAB,Positive,Neg_ctrl_Sample_78,-0.0539704008836275,6860,3.83638741932641,Sample_100_TCGA_LUAD
scAB,Positive,Neg_ctrl_Sample_79,-0.11969398603916,6860,3.83638741932641,Sample_100_TCGA_LUAD
scAB,Positive,Neg_ctrl_Sample_80,0.108915596679938,6860,3.83638741932641,Sample_100_TCGA_LUAD
scAB,Positive,Neg_ctrl_Sample_81,-0.0445259866991776,6860,3.83638741932641,Sample_100_TCGA_LUAD
scAB,Positive,Neg_ctrl_Sample_82,0.109132077366654,6860,3.83638741932641,Sample_100_TCGA_LUAD
scAB,Positive,Neg_ctrl_Sample_83,-0.0865670502841652,6860,3.83638741932641,Sample_100_TCGA_LUAD
scAB,Positive,Neg_ctrl_Sample_84,-0.139368060258578,6860,3.83638741932641,Sample_100_TCGA_LUAD
scAB,Positive,Neg_ctrl_Sample_85,0.017364891525291,6860,3.83638741932641,Sample_100_TCGA_LUAD
scAB,Positive,Neg_ctrl_Sample_86,0.112281806700868,6860,3.83638741932641,Sample_100_TCGA_LUAD
scAB,Positive,Neg_ctrl_Sample_87,0.0771031092899487,6860,3.83638741932641,Sample_100_TCGA_LUAD
scAB,Positive,Neg_ctrl_Sample_88,-0.0528333288795746,6860,3.83638741932641,Sample_100_TCGA_LUAD
scAB,Positive,Neg_ctrl_Sample_89,-0.0361628840825613,6860,3.83638741932641,Sample_100_TCGA_LUAD
scAB,Positive,Neg_ctrl_Sample_90,0.0483350028832575,6860,3.83638741932641,Sample_100_TCGA_LUAD
scAB,Positive,Neg_ctrl_Sample_91,0.021875850486092,6860,3.83638741932641,Sample_100_TCGA_LUAD
scAB,Positive,Neg_ctrl_Sample_92,0.192008298868871,6860,3.83638741932641,Sample_100_TCGA_LUAD
scAB,Positive,Neg_ctrl_Sample_93,0.0889028263238449,6860,3.83638741932641,Sample_100_TCGA_LUAD
scAB,Positive,Neg_ctrl_Sample_94,0.0234036191947647,6860,3.83638741932641,Sample_100_TCGA_LUAD
scAB,Positive,Neg_ctrl_Sample_95,0.0304018808605989,6860,3.83638741932641,Sample_100_TCGA_LUAD
scAB,Positive,Neg_ctrl_Sample_96,0.0132674376701613,6860,3.83638741932641,Sample_100_TCGA_LUAD
scAB,Positive,Neg_ctrl_Sample_97,0.0266661353031567,6860,3.83638741932641,Sample_100_TCGA_LUAD
scAB,Positive,Neg_ctrl_Sample_98,-0.117399505660743,6860,3.83638741932641,Sample_100_TCGA_LUAD
scAB,Positive,Neg_ctrl_Sample_99,0.0809869788849085,6860,3.83638741932641,Sample_100_TCGA_LUAD
scAB,Positive,Neg_ctrl_Sample_100,-0.0916952721089254,6860,3.83638741932641,Sample_100_TCGA_LUAD
scPAS,Negative,Neg_ctrl_Sample_1,-0.0112071889049701,685,2.83632411570675,Sample_100_TCGA_LUAD
scPAS,Negative,Neg_ctrl_Sample_2,0.0131083826422164,685,2.83632411570675,Sample_100_TCGA_LUAD
scPAS,Negative,Neg_ctrl_Sample_3,-0.13815559416774,685,2.83632411570675,Sample_100_TCGA_LUAD
scPAS,Negative,Neg_ctrl_Sample_4,-0.115295792073706,685,2.83632411570675,Sample_100_TCGA_LUAD
scPAS,Negative,Neg_ctrl_Sample_5,-0.17685974055534,685,2.83632411570675,Sample_100_TCGA_LUAD
scPAS,Negative,Neg_ctrl_Sample_6,0.0378921762163983,685,2.83632411570675,Sample_100_TCGA_LUAD
scPAS,Negative,Neg_ctrl_Sample_7,0.0750736416998109,685,2.83632411570675,Sample_100_TCGA_LUAD
scPAS,Negative,Neg_ctrl_Sample_8,0.0742448191867928,685,2.83632411570675,Sample_100_TCGA_LUAD
scPAS,Negative,Neg_ctrl_Sample_9,-0.00470917111184492,685,2.83632411570675,Sample_100_TCGA_LUAD
scPAS,Negative,Neg_ctrl_Sample_10,0.119953391158948,685,2.83632411570675,Sample_100_TCGA_LUAD
scPAS,Negative,Neg_ctrl_Sample_11,-0.0703832103582585,685,2.83632411570675,Sample_100_TCGA_LUAD
scPAS,Negative,Neg_ctrl_Sample_12,0.0489202410746496,685,2.83632411570675,Sample_100_TCGA_LUAD
scPAS,Negative,Neg_ctrl_Sample_13,0.130547644596086,685,2.83632411570675,Sample_100_TCGA_LUAD
scPAS,Negative,Neg_ctrl_Sample_14,0.332652211188508,685,2.83632411570675,Sample_100_TCGA_LUAD
scPAS,Negative,Neg_ctrl_Sample_15,0.0476411931874078,685,2.83632411570675,Sample_100_TCGA_LUAD
scPAS,Negative,Neg_ctrl_Sample_16,0.0502565397716159,685,2.83632411570675,Sample_100_TCGA_LUAD
scPAS,Negative,Neg_ctrl_Sample_17,0.0388369816480403,685,2.83632411570675,Sample_100_TCGA_LUAD
scPAS,Negative,Neg_ctrl_Sample_18,0.0905675814134318,685,2.83632411570675,Sample_100_TCGA_LUAD
scPAS,Negative,Neg_ctrl_Sample_19,0.0726491902277917,685,2.83632411570675,Sample_100_TCGA_LUAD
scPAS,Negative,Neg_ctrl_Sample_20,-0.0160991360614309,685,2.83632411570675,Sample_100_TCGA_LUAD
scPAS,Negative,Neg_ctrl_Sample_21,0.0869905154291259,685,2.83632411570675,Sample_100_TCGA_LUAD
scPAS,Negative,Neg_ctrl_Sample_22,0.114235084033875,685,2.83632411570675,Sample_100_TCGA_LUAD
scPAS,Negative,Neg_ctrl_Sample_23,-0.0158209292165055,685,2.83632411570675,Sample_100_TCGA_LUAD
scPAS,Negative,Neg_ctrl_Sample_24,0.0943826976363772,685,2.83632411570675,Sample_100_TCGA_LUAD
scPAS,Negative,Neg_ctrl_Sample_25,0.176211088717284,685,2.83632411570675,Sample_100_TCGA_LUAD
scPAS,Negative,Neg_ctrl_Sample_26,0.0997936187664241,685,2.83632411570675,Sample_100_TCGA_LUAD
scPAS,Negative,Neg_ctrl_Sample_27,0.00614933715296696,685,2.83632411570675,Sample_100_TCGA_LUAD
scPAS,Negative,Neg_ctrl_Sample_28,0.105624333155824,685,2.83632411570675,Sample_100_TCGA_LUAD
scPAS,Negative,Neg_ctrl_Sample_29,0.0785641271246313,685,2.83632411570675,Sample_100_TCGA_LUAD
scPAS,Negative,Neg_ctrl_Sample_30,-0.0065007268617616,685,2.83632411570675,Sample_100_TCGA_LUAD
scPAS,Negative,Neg_ctrl_Sample_31,0.101705148796608,685,2.83632411570675,Sample_100_TCGA_LUAD
scPAS,Negative,Neg_ctrl_Sample_32,-0.0227051880301499,685,2.83632411570675,Sample_100_TCGA_LUAD
scPAS,Negative,Neg_ctrl_Sample_33,-0.0751147522644706,685,2.83632411570675,Sample_100_TCGA_LUAD
scPAS,Negative,Neg_ctrl_Sample_34,-0.103462864442927,685,2.83632411570675,Sample_100_TCGA_LUAD
scPAS,Negative,Neg_ctrl_Sample_35,0.0992433975363285,685,2.83632411570675,Sample_100_TCGA_LUAD
scPAS,Negative,Neg_ctrl_Sample_36,0.0466698601394045,685,2.83632411570675,Sample_100_TCGA_LUAD
scPAS,Negative,Neg_ctrl_Sample_37,0.148075142671962,685,2.83632411570675,Sample_100_TCGA_LUAD
scPAS,Negative,Neg_ctrl_Sample_38,0.00273611144081909,685,2.83632411570675,Sample_100_TCGA_LUAD
scPAS,Negative,Neg_ctrl_Sample_39,0.0717929725261575,685,2.83632411570675,Sample_100_TCGA_LUAD
scPAS,Negative,Neg_ctrl_Sample_40,-0.0767163297040701,685,2.83632411570675,Sample_100_TCGA_LUAD
scPAS,Negative,Neg_ctrl_Sample_41,-0.0419986027384533,685,2.83632411570675,Sample_100_TCGA_LUAD
scPAS,Negative,Neg_ctrl_Sample_42,-0.0650386123115946,685,2.83632411570675,Sample_100_TCGA_LUAD
scPAS,Negative,Neg_ctrl_Sample_43,0.0450767528801003,685,2.83632411570675,Sample_100_TCGA_LUAD
scPAS,Negative,Neg_ctrl_Sample_44,0.103382564613268,685,2.83632411570675,Sample_100_TCGA_LUAD
scPAS,Negative,Neg_ctrl_Sample_45,-0.022086316224771,685,2.83632411570675,Sample_100_TCGA_LUAD
scPAS,Negative,Neg_ctrl_Sample_46,0.0520619313804088,685,2.83632411570675,Sample_100_TCGA_LUAD
scPAS,Negative,Neg_ctrl_Sample_47,0.029025811781798,685,2.83632411570675,Sample_100_TCGA_LUAD
scPAS,Negative,Neg_ctrl_Sample_48,0.0818968814891746,685,2.83632411570675,Sample_100_TCGA_LUAD
scPAS,Negative,Neg_ctrl_Sample_49,0.000229058109539624,685,2.83632411570675,Sample_100_TCGA_LUAD
scPAS,Negative,Neg_ctrl_Sample_50,0.00351319954648866,685,2.83632411570675,Sample_100_TCGA_LUAD
scPAS,Negative,Neg_ctrl_Sample_51,-0.178472824077491,685,2.83632411570675,Sample_100_TCGA_LUAD
scPAS,Negative,Neg_ctrl_Sample_52,-0.0811376212089055,685,2.83632411570675,Sample_100_TCGA_LUAD
scPAS,Negative,Neg_ctrl_Sample_53,0.105465676138528,685,2.83632411570675,Sample_100_TCGA_LUAD
scPAS,Negative,Neg_ctrl_Sample_54,0.0173390928119031,685,2.83632411570675,Sample_100_TCGA_LUAD
scPAS,Negative,Neg_ctrl_Sample_55,0.0769001515029913,685,2.83632411570675,Sample_100_TCGA_LUAD
scPAS,Negative,Neg_ctrl_Sample_56,0.0703355737127437,685,2.83632411570675,Sample_100_TCGA_LUAD
scPAS,Negative,Neg_ctrl_Sample_57,0.0676529175617397,685,2.83632411570675,Sample_100_TCGA_LUAD
scPAS,Negative,Neg_ctrl_Sample_58,-0.0495313048332295,685,2.83632411570675,Sample_100_TCGA_LUAD
scPAS,Negative,Neg_ctrl_Sample_59,0.00388548232054523,685,2.83632411570675,Sample_100_TCGA_LUAD
scPAS,Negative,Neg_ctrl_Sample_60,0.161977469830308,685,2.83632411570675,Sample_100_TCGA_LUAD
scPAS,Negative,Neg_ctrl_Sample_61,0.00184870998514387,685,2.83632411570675,Sample_100_TCGA_LUAD
scPAS,Negative,Neg_ctrl_Sample_62,0.1005945135576,685,2.83632411570675,Sample_100_TCGA_LUAD
scPAS,Negative,Neg_ctrl_Sample_63,0.111422452387485,685,2.83632411570675,Sample_100_TCGA_LUAD
scPAS,Negative,Neg_ctrl_Sample_64,-0.068049197993526,685,2.83632411570675,Sample_100_TCGA_LUAD
scPAS,Negative,Neg_ctrl_Sample_65,0.00826429193404514,685,2.83632411570675,Sample_100_TCGA_LUAD
scPAS,Negative,Neg_ctrl_Sample_66,-0.00919184516298776,685,2.83632411570675,Sample_100_TCGA_LUAD
scPAS,Negative,Neg_ctrl_Sample_67,-0.0498204808550826,685,2.83632411570675,Sample_100_TCGA_LUAD
scPAS,Negative,Neg_ctrl_Sample_68,0.12824111114316,685,2.83632411570675,Sample_100_TCGA_LUAD
scPAS,Negative,Neg_ctrl_Sample_69,0.0437934619456175,685,2.83632411570675,Sample_100_TCGA_LUAD
scPAS,Negative,Neg_ctrl_Sample_70,0.117224443143307,685,2.83632411570675,Sample_100_TCGA_LUAD
scPAS,Negative,Neg_ctrl_Sample_71,-0.0319880619654463,685,2.83632411570675,Sample_100_TCGA_LUAD
scPAS,Negative,Neg_ctrl_Sample_72,0.125379200289553,685,2.83632411570675,Sample_100_TCGA_LUAD
scPAS,Negative,Neg_ctrl_Sample_73,-0.0654071073773966,685,2.83632411570675,Sample_100_TCGA_LUAD
scPAS,Negative,Neg_ctrl_Sample_74,0.0327357315899666,685,2.83632411570675,Sample_100_TCGA_LUAD
scPAS,Negative,Neg_ctrl_Sample_75,-0.025833023137984,685,2.83632411570675,Sample_100_TCGA_LUAD
scPAS,Negative,Neg_ctrl_Sample_76,-0.018091274758096,685,2.83632411570675,Sample_100_TCGA_LUAD
scPAS,Negative,Neg_ctrl_Sample_77,0.0300257253166326,685,2.83632411570675,Sample_100_TCGA_LUAD
scPAS,Negative,Neg_ctrl_Sample_78,-0.0277676492925095,685,2.83632411570675,Sample_100_TCGA_LUAD
scPAS,Negative,Neg_ctrl_Sample_79,-0.126510305784416,685,2.83632411570675,Sample_100_TCGA_LUAD
scPAS,Negative,Neg_ctrl_Sample_80,0.100539365994167,685,2.83632411570675,Sample_100_TCGA_LUAD
scPAS,Negative,Neg_ctrl_Sample_81,-0.0538354112576212,685,2.83632411570675,Sample_100_TCGA_LUAD
scPAS,Negative,Neg_ctrl_Sample_82,0.116002866070302,685,2.83632411570675,Sample_100_TCGA_LUAD
scPAS,Negative,Neg_ctrl_Sample_83,-0.0744902030543544,685,2.83632411570675,Sample_100_TCGA_LUAD
scPAS,Negative,Neg_ctrl_Sample_84,-0.146654050391481,685,2.83632411570675,Sample_100_TCGA_LUAD
scPAS,Negative,Neg_ctrl_Sample_85,0.0388039279888145,685,2.83632411570675,Sample_100_TCGA_LUAD
scPAS,Negative,Neg_ctrl_Sample_86,0.118911088015576,685,2.83632411570675,Sample_100_TCGA_LUAD
scPAS,Negative,Neg_ctrl_Sample_87,0.0696539985846879,685,2.83632411570675,Sample_100_TCGA_LUAD
scPAS,Negative,Neg_ctrl_Sample_88,-0.0849997762522375,685,2.83632411570675,Sample_100_TCGA_LUAD
scPAS,Negative,Neg_ctrl_Sample_89,-0.0353708010257236,685,2.83632411570675,Sample_100_TCGA_LUAD
scPAS,Negative,Neg_ctrl_Sample_90,0.0499822521378257,685,2.83632411570675,Sample_100_TCGA_LUAD
scPAS,Negative,Neg_ctrl_Sample_91,0.0316231032261149,685,2.83632411570675,Sample_100_TCGA_LUAD
scPAS,Negative,Neg_ctrl_Sample_92,0.227670971808489,685,2.83632411570675,Sample_100_TCGA_LUAD
scPAS,Negative,Neg_ctrl_Sample_93,0.0788569514696533,685,2.83632411570675,Sample_100_TCGA_LUAD
scPAS,Negative,Neg_ctrl_Sample_94,0.0262934694119029,685,2.83632411570675,Sample_100_TCGA_LUAD
scPAS,Negative,Neg_ctrl_Sample_95,0.00489749280893454,685,2.83632411570675,Sample_100_TCGA_LUAD
scPAS,Negative,Neg_ctrl_Sample_96,-0.0114810603139256,685,2.83632411570675,Sample_100_TCGA_LUAD
scPAS,Negative,Neg_ctrl_Sample_97,0.0557970505930422,685,2.83632411570675,Sample_100_TCGA_LUAD
scPAS,Negative,Neg_ctrl_Sample_98,-0.138186037386882,685,2.83632411570675,Sample_100_TCGA_LUAD
scPAS,Negative,Neg_ctrl_Sample_99,0.0999816777361107,685,2.83632411570675,Sample_100_TCGA_LUAD
scPAS,Negative,Neg_ctrl_Sample_100,-0.125630043390552,685,2.83632411570675,Sample_100_TCGA_LUAD
scPAS,Neutral,Neg_ctrl_Sample_1,0.027861800238486,30929,4.49037992000318,Sample_100_TCGA_LUAD
scPAS,Neutral,Neg_ctrl_Sample_2,-0.00245444775099744,30929,4.49037992000318,Sample_100_TCGA_LUAD
scPAS,Neutral,Neg_ctrl_Sample_3,-0.144367788288612,30929,4.49037992000318,Sample_100_TCGA_LUAD
scPAS,Neutral,Neg_ctrl_Sample_4,-0.0915237491311539,30929,4.49037992000318,Sample_100_TCGA_LUAD
scPAS,Neutral,Neg_ctrl_Sample_5,-0.167153278223393,30929,4.49037992000318,Sample_100_TCGA_LUAD
scPAS,Neutral,Neg_ctrl_Sample_6,0.06856991751351,30929,4.49037992000318,Sample_100_TCGA_LUAD
scPAS,Neutral,Neg_ctrl_Sample_7,0.0845886081651337,30929,4.49037992000318,Sample_100_TCGA_LUAD
scPAS,Neutral,Neg_ctrl_Sample_8,0.0644696016480965,30929,4.49037992000318,Sample_100_TCGA_LUAD
scPAS,Neutral,Neg_ctrl_Sample_9,-0.0959609376749703,30929,4.49037992000318,Sample_100_TCGA_LUAD
scPAS,Neutral,Neg_ctrl_Sample_10,0.117996041334862,30929,4.49037992000318,Sample_100_TCGA_LUAD
scPAS,Neutral,Neg_ctrl_Sample_11,-0.141591719242604,30929,4.49037992000318,Sample_100_TCGA_LUAD
scPAS,Neutral,Neg_ctrl_Sample_12,0.0464323073063795,30929,4.49037992000318,Sample_100_TCGA_LUAD
scPAS,Neutral,Neg_ctrl_Sample_13,0.06541665407996,30929,4.49037992000318,Sample_100_TCGA_LUAD
scPAS,Neutral,Neg_ctrl_Sample_14,0.251124467148746,30929,4.49037992000318,Sample_100_TCGA_LUAD
scPAS,Neutral,Neg_ctrl_Sample_15,0.0535826001977951,30929,4.49037992000318,Sample_100_TCGA_LUAD
scPAS,Neutral,Neg_ctrl_Sample_16,-0.0461531171643855,30929,4.49037992000318,Sample_100_TCGA_LUAD
scPAS,Neutral,Neg_ctrl_Sample_17,0.0215280577473713,30929,4.49037992000318,Sample_100_TCGA_LUAD
scPAS,Neutral,Neg_ctrl_Sample_18,0.0179969565997448,30929,4.49037992000318,Sample_100_TCGA_LUAD
scPAS,Neutral,Neg_ctrl_Sample_19,0.07893173763684,30929,4.49037992000318,Sample_100_TCGA_LUAD
scPAS,Neutral,Neg_ctrl_Sample_20,-0.0507147448531446,30929,4.49037992000318,Sample_100_TCGA_LUAD
scPAS,Neutral,Neg_ctrl_Sample_21,0.0970492451613202,30929,4.49037992000318,Sample_100_TCGA_LUAD
scPAS,Neutral,Neg_ctrl_Sample_22,0.131574439988989,30929,4.49037992000318,Sample_100_TCGA_LUAD
scPAS,Neutral,Neg_ctrl_Sample_23,-0.0185421714400276,30929,4.49037992000318,Sample_100_TCGA_LUAD
scPAS,Neutral,Neg_ctrl_Sample_24,0.0569676051259149,30929,4.49037992000318,Sample_100_TCGA_LUAD
scPAS,Neutral,Neg_ctrl_Sample_25,0.21011425029446,30929,4.49037992000318,Sample_100_TCGA_LUAD
scPAS,Neutral,Neg_ctrl_Sample_26,0.118639540455665,30929,4.49037992000318,Sample_100_TCGA_LUAD
scPAS,Neutral,Neg_ctrl_Sample_27,-0.0750246361791692,30929,4.49037992000318,Sample_100_TCGA_LUAD
scPAS,Neutral,Neg_ctrl_Sample_28,0.0688260873372929,30929,4.49037992000318,Sample_100_TCGA_LUAD
scPAS,Neutral,Neg_ctrl_Sample_29,0.0925461938585097,30929,4.49037992000318,Sample_100_TCGA_LUAD
scPAS,Neutral,Neg_ctrl_Sample_30,0.00350925169223221,30929,4.49037992000318,Sample_100_TCGA_LUAD
scPAS,Neutral,Neg_ctrl_Sample_31,0.103903108264436,30929,4.49037992000318,Sample_100_TCGA_LUAD
scPAS,Neutral,Neg_ctrl_Sample_32,-0.0279294295626715,30929,4.49037992000318,Sample_100_TCGA_LUAD
scPAS,Neutral,Neg_ctrl_Sample_33,-0.0955229753598935,30929,4.49037992000318,Sample_100_TCGA_LUAD
scPAS,Neutral,Neg_ctrl_Sample_34,-0.152031796732818,30929,4.49037992000318,Sample_100_TCGA_LUAD
scPAS,Neutral,Neg_ctrl_Sample_35,0.0943907741025046,30929,4.49037992000318,Sample_100_TCGA_LUAD
scPAS,Neutral,Neg_ctrl_Sample_36,0.0463250341465361,30929,4.49037992000318,Sample_100_TCGA_LUAD
scPAS,Neutral,Neg_ctrl_Sample_37,0.0710505459194078,30929,4.49037992000318,Sample_100_TCGA_LUAD
scPAS,Neutral,Neg_ctrl_Sample_38,0.00497316611490986,30929,4.49037992000318,Sample_100_TCGA_LUAD
scPAS,Neutral,Neg_ctrl_Sample_39,0.0361651754186335,30929,4.49037992000318,Sample_100_TCGA_LUAD
scPAS,Neutral,Neg_ctrl_Sample_40,-0.125985975260969,30929,4.49037992000318,Sample_100_TCGA_LUAD
scPAS,Neutral,Neg_ctrl_Sample_41,-0.0278585940867572,30929,4.49037992000318,Sample_100_TCGA_LUAD
scPAS,Neutral,Neg_ctrl_Sample_42,-0.0310384509642685,30929,4.49037992000318,Sample_100_TCGA_LUAD
scPAS,Neutral,Neg_ctrl_Sample_43,0.0825938759037316,30929,4.49037992000318,Sample_100_TCGA_LUAD
scPAS,Neutral,Neg_ctrl_Sample_44,0.0634696720466637,30929,4.49037992000318,Sample_100_TCGA_LUAD
scPAS,Neutral,Neg_ctrl_Sample_45,-0.0468789642402658,30929,4.49037992000318,Sample_100_TCGA_LUAD
scPAS,Neutral,Neg_ctrl_Sample_46,0.0381595121202113,30929,4.49037992000318,Sample_100_TCGA_LUAD
scPAS,Neutral,Neg_ctrl_Sample_47,0.0505646332480271,30929,4.49037992000318,Sample_100_TCGA_LUAD
scPAS,Neutral,Neg_ctrl_Sample_48,0.111199901200428,30929,4.49037992000318,Sample_100_TCGA_LUAD
scPAS,Neutral,Neg_ctrl_Sample_49,-0.0534181981194703,30929,4.49037992000318,Sample_100_TCGA_LUAD
scPAS,Neutral,Neg_ctrl_Sample_50,-0.0182085494312965,30929,4.49037992000318,Sample_100_TCGA_LUAD
scPAS,Neutral,Neg_ctrl_Sample_51,-0.145594299032766,30929,4.49037992000318,Sample_100_TCGA_LUAD
scPAS,Neutral,Neg_ctrl_Sample_52,-0.0394090671852626,30929,4.49037992000318,Sample_100_TCGA_LUAD
scPAS,Neutral,Neg_ctrl_Sample_53,0.0344825910781131,30929,4.49037992000318,Sample_100_TCGA_LUAD
scPAS,Neutral,Neg_ctrl_Sample_54,-0.0500463597290595,30929,4.49037992000318,Sample_100_TCGA_LUAD
scPAS,Neutral,Neg_ctrl_Sample_55,0.0826299701647707,30929,4.49037992000318,Sample_100_TCGA_LUAD
scPAS,Neutral,Neg_ctrl_Sample_56,0.0985599524382377,30929,4.49037992000318,Sample_100_TCGA_LUAD
scPAS,Neutral,Neg_ctrl_Sample_57,0.0914787380294464,30929,4.49037992000318,Sample_100_TCGA_LUAD
scPAS,Neutral,Neg_ctrl_Sample_58,-0.0173299809568815,30929,4.49037992000318,Sample_100_TCGA_LUAD
scPAS,Neutral,Neg_ctrl_Sample_59,0.0140470869994566,30929,4.49037992000318,Sample_100_TCGA_LUAD
scPAS,Neutral,Neg_ctrl_Sample_60,0.13623290965522,30929,4.49037992000318,Sample_100_TCGA_LUAD
scPAS,Neutral,Neg_ctrl_Sample_61,-0.0594428767462851,30929,4.49037992000318,Sample_100_TCGA_LUAD
scPAS,Neutral,Neg_ctrl_Sample_62,0.119796385193619,30929,4.49037992000318,Sample_100_TCGA_LUAD
scPAS,Neutral,Neg_ctrl_Sample_63,0.109778256876101,30929,4.49037992000318,Sample_100_TCGA_LUAD
scPAS,Neutral,Neg_ctrl_Sample_64,-0.0138832201148107,30929,4.49037992000318,Sample_100_TCGA_LUAD
scPAS,Neutral,Neg_ctrl_Sample_65,-0.0898177728284371,30929,4.49037992000318,Sample_100_TCGA_LUAD
scPAS,Neutral,Neg_ctrl_Sample_66,0.0165518724048138,30929,4.49037992000318,Sample_100_TCGA_LUAD
scPAS,Neutral,Neg_ctrl_Sample_67,-0.0549464798723019,30929,4.49037992000318,Sample_100_TCGA_LUAD
scPAS,Neutral,Neg_ctrl_Sample_68,0.0912111534693572,30929,4.49037992000318,Sample_100_TCGA_LUAD
scPAS,Neutral,Neg_ctrl_Sample_69,-0.0402085276507035,30929,4.49037992000318,Sample_100_TCGA_LUAD
scPAS,Neutral,Neg_ctrl_Sample_70,0.0815207362171766,30929,4.49037992000318,Sample_100_TCGA_LUAD
scPAS,Neutral,Neg_ctrl_Sample_71,-0.00681892452705942,30929,4.49037992000318,Sample_100_TCGA_LUAD
scPAS,Neutral,Neg_ctrl_Sample_72,0.0675012822256068,30929,4.49037992000318,Sample_100_TCGA_LUAD
scPAS,Neutral,Neg_ctrl_Sample_73,-0.0615214705369059,30929,4.49037992000318,Sample_100_TCGA_LUAD
scPAS,Neutral,Neg_ctrl_Sample_74,0.00290117263507466,30929,4.49037992000318,Sample_100_TCGA_LUAD
scPAS,Neutral,Neg_ctrl_Sample_75,-0.048093493019105,30929,4.49037992000318,Sample_100_TCGA_LUAD
scPAS,Neutral,Neg_ctrl_Sample_76,-0.0204531572213812,30929,4.49037992000318,Sample_100_TCGA_LUAD
scPAS,Neutral,Neg_ctrl_Sample_77,0.0354711830135891,30929,4.49037992000318,Sample_100_TCGA_LUAD
scPAS,Neutral,Neg_ctrl_Sample_78,-0.0806216657768253,30929,4.49037992000318,Sample_100_TCGA_LUAD
scPAS,Neutral,Neg_ctrl_Sample_79,-0.122500976134937,30929,4.49037992000318,Sample_100_TCGA_LUAD
scPAS,Neutral,Neg_ctrl_Sample_80,0.0876372823059959,30929,4.49037992000318,Sample_100_TCGA_LUAD
scPAS,Neutral,Neg_ctrl_Sample_81,-0.0660804042663112,30929,4.49037992000318,Sample_100_TCGA_LUAD
scPAS,Neutral,Neg_ctrl_Sample_82,0.12837825979511,30929,4.49037992000318,Sample_100_TCGA_LUAD
scPAS,Neutral,Neg_ctrl_Sample_83,-0.122039269222137,30929,4.49037992000318,Sample_100_TCGA_LUAD
scPAS,Neutral,Neg_ctrl_Sample_84,-0.13205445241327,30929,4.49037992000318,Sample_100_TCGA_LUAD
scPAS,Neutral,Neg_ctrl_Sample_85,-0.0141726202772146,30929,4.49037992000318,Sample_100_TCGA_LUAD
scPAS,Neutral,Neg_ctrl_Sample_86,0.122219710078896,30929,4.49037992000318,Sample_100_TCGA_LUAD
scPAS,Neutral,Neg_ctrl_Sample_87,0.0737947807493114,30929,4.49037992000318,Sample_100_TCGA_LUAD
scPAS,Neutral,Neg_ctrl_Sample_88,-0.0368885125283115,30929,4.49037992000318,Sample_100_TCGA_LUAD
scPAS,Neutral,Neg_ctrl_Sample_89,-0.0526432240472532,30929,4.49037992000318,Sample_100_TCGA_LUAD
scPAS,Neutral,Neg_ctrl_Sample_90,0.0337924062236333,30929,4.49037992000318,Sample_100_TCGA_LUAD
scPAS,Neutral,Neg_ctrl_Sample_91,0.0220453882546305,30929,4.49037992000318,Sample_100_TCGA_LUAD
scPAS,Neutral,Neg_ctrl_Sample_92,0.176789785228804,30929,4.49037992000318,Sample_100_TCGA_LUAD
scPAS,Neutral,Neg_ctrl_Sample_93,0.0843072728800729,30929,4.49037992000318,Sample_100_TCGA_LUAD
scPAS,Neutral,Neg_ctrl_Sample_94,0.0219857911810954,30929,4.49037992000318,Sample_100_TCGA_LUAD
scPAS,Neutral,Neg_ctrl_Sample_95,0.0430596107070543,30929,4.49037992000318,Sample_100_TCGA_LUAD
scPAS,Neutral,Neg_ctrl_Sample_96,-0.0184872672826395,30929,4.49037992000318,Sample_100_TCGA_LUAD
scPAS,Neutral,Neg_ctrl_Sample_97,-0.0377863760992051,30929,4.49037992000318,Sample_100_TCGA_LUAD
scPAS,Neutral,Neg_ctrl_Sample_98,-0.125783361785433,30929,4.49037992000318,Sample_100_TCGA_LUAD
scPAS,Neutral,Neg_ctrl_Sample_99,0.0470800160802639,30929,4.49037992000318,Sample_100_TCGA_LUAD
scPAS,Neutral,Neg_ctrl_Sample_100,-0.082735925085333,30929,4.49037992000318,Sample_100_TCGA_LUAD
scPAS,Positive,Neg_ctrl_Sample_1,0.0276363465467275,620,2.79309160017658,Sample_100_TCGA_LUAD
scPAS,Positive,Neg_ctrl_Sample_2,-0.0112717673993847,620,2.79309160017658,Sample_100_TCGA_LUAD
scPAS,Positive,Neg_ctrl_Sample_3,-0.148791012927127,620,2.79309160017658,Sample_100_TCGA_LUAD
scPAS,Positive,Neg_ctrl_Sample_4,-0.0768305869598737,620,2.79309160017658,Sample_100_TCGA_LUAD
scPAS,Positive,Neg_ctrl_Sample_5,-0.148137171277826,620,2.79309160017658,Sample_100_TCGA_LUAD
scPAS,Positive,Neg_ctrl_Sample_6,0.0716716460606406,620,2.79309160017658,Sample_100_TCGA_LUAD
scPAS,Positive,Neg_ctrl_Sample_7,0.0793104420048639,620,2.79309160017658,Sample_100_TCGA_LUAD
scPAS,Positive,Neg_ctrl_Sample_8,0.069446915320178,620,2.79309160017658,Sample_100_TCGA_LUAD
scPAS,Positive,Neg_ctrl_Sample_9,-0.0912432103740028,620,2.79309160017658,Sample_100_TCGA_LUAD
scPAS,Positive,Neg_ctrl_Sample_10,0.116093822923533,620,2.79309160017658,Sample_100_TCGA_LUAD
scPAS,Positive,Neg_ctrl_Sample_11,-0.150670831829429,620,2.79309160017658,Sample_100_TCGA_LUAD
scPAS,Positive,Neg_ctrl_Sample_12,0.049471057035906,620,2.79309160017658,Sample_100_TCGA_LUAD
scPAS,Positive,Neg_ctrl_Sample_13,0.0672746003932656,620,2.79309160017658,Sample_100_TCGA_LUAD
scPAS,Positive,Neg_ctrl_Sample_14,0.257877578582388,620,2.79309160017658,Sample_100_TCGA_LUAD
scPAS,Positive,Neg_ctrl_Sample_15,0.0510489813928699,620,2.79309160017658,Sample_100_TCGA_LUAD
scPAS,Positive,Neg_ctrl_Sample_16,-0.0452356270929124,620,2.79309160017658,Sample_100_TCGA_LUAD
scPAS,Positive,Neg_ctrl_Sample_17,0.015135181651589,620,2.79309160017658,Sample_100_TCGA_LUAD
scPAS,Positive,Neg_ctrl_Sample_18,0.0235411045036304,620,2.79309160017658,Sample_100_TCGA_LUAD
scPAS,Positive,Neg_ctrl_Sample_19,0.0766522631762902,620,2.79309160017658,Sample_100_TCGA_LUAD
scPAS,Positive,Neg_ctrl_Sample_20,-0.0425998469984368,620,2.79309160017658,Sample_100_TCGA_LUAD
scPAS,Positive,Neg_ctrl_Sample_21,0.100014609791103,620,2.79309160017658,Sample_100_TCGA_LUAD
scPAS,Positive,Neg_ctrl_Sample_22,0.124356905058661,620,2.79309160017658,Sample_100_TCGA_LUAD
scPAS,Positive,Neg_ctrl_Sample_23,-0.00807718207067125,620,2.79309160017658,Sample_100_TCGA_LUAD
scPAS,Positive,Neg_ctrl_Sample_24,0.0670230875513091,620,2.79309160017658,Sample_100_TCGA_LUAD
scPAS,Positive,Neg_ctrl_Sample_25,0.199549254985349,620,2.79309160017658,Sample_100_TCGA_LUAD
scPAS,Positive,Neg_ctrl_Sample_26,0.118208840469925,620,2.79309160017658,Sample_100_TCGA_LUAD
scPAS,Positive,Neg_ctrl_Sample_27,-0.0776938287733381,620,2.79309160017658,Sample_100_TCGA_LUAD
scPAS,Positive,Neg_ctrl_Sample_28,0.0662679193614922,620,2.79309160017658,Sample_100_TCGA_LUAD
scPAS,Positive,Neg_ctrl_Sample_29,0.0970386168971192,620,2.79309160017658,Sample_100_TCGA_LUAD
scPAS,Positive,Neg_ctrl_Sample_30,0.00504398258201125,620,2.79309160017658,Sample_100_TCGA_LUAD
scPAS,Positive,Neg_ctrl_Sample_31,0.103733964487384,620,2.79309160017658,Sample_100_TCGA_LUAD
scPAS,Positive,Neg_ctrl_Sample_32,-0.0440443259415487,620,2.79309160017658,Sample_100_TCGA_LUAD
scPAS,Positive,Neg_ctrl_Sample_33,-0.0917154237120436,620,2.79309160017658,Sample_100_TCGA_LUAD
scPAS,Positive,Neg_ctrl_Sample_34,-0.145560615129139,620,2.79309160017658,Sample_100_TCGA_LUAD
scPAS,Positive,Neg_ctrl_Sample_35,0.096019362009231,620,2.79309160017658,Sample_100_TCGA_LUAD
scPAS,Positive,Neg_ctrl_Sample_36,0.041247367502738,620,2.79309160017658,Sample_100_TCGA_LUAD
scPAS,Positive,Neg_ctrl_Sample_37,0.0604814426721141,620,2.79309160017658,Sample_100_TCGA_LUAD
scPAS,Positive,Neg_ctrl_Sample_38,0.0105065844507256,620,2.79309160017658,Sample_100_TCGA_LUAD
scPAS,Positive,Neg_ctrl_Sample_39,0.0221592150685762,620,2.79309160017658,Sample_100_TCGA_LUAD
scPAS,Positive,Neg_ctrl_Sample_40,-0.122865005807687,620,2.79309160017658,Sample_100_TCGA_LUAD
scPAS,Positive,Neg_ctrl_Sample_41,-0.0216513847818352,620,2.79309160017658,Sample_100_TCGA_LUAD
scPAS,Positive,Neg_ctrl_Sample_42,-0.0407466791608726,620,2.79309160017658,Sample_100_TCGA_LUAD
scPAS,Positive,Neg_ctrl_Sample_43,0.0852478669274515,620,2.79309160017658,Sample_100_TCGA_LUAD
scPAS,Positive,Neg_ctrl_Sample_44,0.0692894380109271,620,2.79309160017658,Sample_100_TCGA_LUAD
scPAS,Positive,Neg_ctrl_Sample_45,-0.0481934898268169,620,2.79309160017658,Sample_100_TCGA_LUAD
scPAS,Positive,Neg_ctrl_Sample_46,0.0376028502286905,620,2.79309160017658,Sample_100_TCGA_LUAD
scPAS,Positive,Neg_ctrl_Sample_47,0.0483575927717744,620,2.79309160017658,Sample_100_TCGA_LUAD
scPAS,Positive,Neg_ctrl_Sample_48,0.114615249032713,620,2.79309160017658,Sample_100_TCGA_LUAD
scPAS,Positive,Neg_ctrl_Sample_49,-0.0653091354469495,620,2.79309160017658,Sample_100_TCGA_LUAD
scPAS,Positive,Neg_ctrl_Sample_50,-0.0114893304897777,620,2.79309160017658,Sample_100_TCGA_LUAD
scPAS,Positive,Neg_ctrl_Sample_51,-0.146700785719856,620,2.79309160017658,Sample_100_TCGA_LUAD
scPAS,Positive,Neg_ctrl_Sample_52,-0.0267993661703572,620,2.79309160017658,Sample_100_TCGA_LUAD
scPAS,Positive,Neg_ctrl_Sample_53,0.0212414412895813,620,2.79309160017658,Sample_100_TCGA_LUAD
scPAS,Positive,Neg_ctrl_Sample_54,-0.047756581071223,620,2.79309160017658,Sample_100_TCGA_LUAD
scPAS,Positive,Neg_ctrl_Sample_55,0.0749559334662667,620,2.79309160017658,Sample_100_TCGA_LUAD
scPAS,Positive,Neg_ctrl_Sample_56,0.0953409369441648,620,2.79309160017658,Sample_100_TCGA_LUAD
scPAS,Positive,Neg_ctrl_Sample_57,0.0785858654971886,620,2.79309160017658,Sample_100_TCGA_LUAD
scPAS,Positive,Neg_ctrl_Sample_58,-0.00341466338408209,620,2.79309160017658,Sample_100_TCGA_LUAD
scPAS,Positive,Neg_ctrl_Sample_59,0.02197582287544,620,2.79309160017658,Sample_100_TCGA_LUAD
scPAS,Positive,Neg_ctrl_Sample_60,0.130044745629355,620,2.79309160017658,Sample_100_TCGA_LUAD
scPAS,Positive,Neg_ctrl_Sample_61,-0.067236651675285,620,2.79309160017658,Sample_100_TCGA_LUAD
scPAS,Positive,Neg_ctrl_Sample_62,0.126067792798916,620,2.79309160017658,Sample_100_TCGA_LUAD
scPAS,Positive,Neg_ctrl_Sample_63,0.0987570200976335,620,2.79309160017658,Sample_100_TCGA_LUAD
scPAS,Positive,Neg_ctrl_Sample_64,0.00178461125055168,620,2.79309160017658,Sample_100_TCGA_LUAD
scPAS,Positive,Neg_ctrl_Sample_65,-0.0823205356054263,620,2.79309160017658,Sample_100_TCGA_LUAD
scPAS,Positive,Neg_ctrl_Sample_66,0.0174284206988792,620,2.79309160017658,Sample_100_TCGA_LUAD
scPAS,Positive,Neg_ctrl_Sample_67,-0.0543841325345062,620,2.79309160017658,Sample_100_TCGA_LUAD
scPAS,Positive,Neg_ctrl_Sample_68,0.0906365178779095,620,2.79309160017658,Sample_100_TCGA_LUAD
scPAS,Positive,Neg_ctrl_Sample_69,-0.0263972303390787,620,2.79309160017658,Sample_100_TCGA_LUAD
scPAS,Positive,Neg_ctrl_Sample_70,0.0837457471183612,620,2.79309160017658,Sample_100_TCGA_LUAD
scPAS,Positive,Neg_ctrl_Sample_71,-0.00443820754921817,620,2.79309160017658,Sample_100_TCGA_LUAD
scPAS,Positive,Neg_ctrl_Sample_72,0.0622490426010514,620,2.79309160017658,Sample_100_TCGA_LUAD
scPAS,Positive,Neg_ctrl_Sample_73,-0.0655489308358724,620,2.79309160017658,Sample_100_TCGA_LUAD
scPAS,Positive,Neg_ctrl_Sample_74,-0.00215802969166493,620,2.79309160017658,Sample_100_TCGA_LUAD
scPAS,Positive,Neg_ctrl_Sample_75,-0.0416605699740643,620,2.79309160017658,Sample_100_TCGA_LUAD
scPAS,Positive,Neg_ctrl_Sample_76,-0.0191694632701984,620,2.79309160017658,Sample_100_TCGA_LUAD
scPAS,Positive,Neg_ctrl_Sample_77,0.0396192189967183,620,2.79309160017658,Sample_100_TCGA_LUAD
scPAS,Positive,Neg_ctrl_Sample_78,-0.0800767034392834,620,2.79309160017658,Sample_100_TCGA_LUAD
scPAS,Positive,Neg_ctrl_Sample_79,-0.124730924541938,620,2.79309160017658,Sample_100_TCGA_LUAD
scPAS,Positive,Neg_ctrl_Sample_80,0.0752936264763999,620,2.79309160017658,Sample_100_TCGA_LUAD
scPAS,Positive,Neg_ctrl_Sample_81,-0.0754323423501583,620,2.79309160017658,Sample_100_TCGA_LUAD
scPAS,Positive,Neg_ctrl_Sample_82,0.137782555524997,620,2.79309160017658,Sample_100_TCGA_LUAD
scPAS,Positive,Neg_ctrl_Sample_83,-0.12177909909321,620,2.79309160017658,Sample_100_TCGA_LUAD
scPAS,Positive,Neg_ctrl_Sample_84,-0.115630217568849,620,2.79309160017658,Sample_100_TCGA_LUAD
scPAS,Positive,Neg_ctrl_Sample_85,-0.013577003926168,620,2.79309160017658,Sample_100_TCGA_LUAD
scPAS,Positive,Neg_ctrl_Sample_86,0.127655592523658,620,2.79309160017658,Sample_100_TCGA_LUAD
scPAS,Positive,Neg_ctrl_Sample_87,0.0662492610685497,620,2.79309160017658,Sample_100_TCGA_LUAD
scPAS,Positive,Neg_ctrl_Sample_88,-0.0342151821189624,620,2.79309160017658,Sample_100_TCGA_LUAD
scPAS,Positive,Neg_ctrl_Sample_89,-0.0626451719697451,620,2.79309160017658,Sample_100_TCGA_LUAD
scPAS,Positive,Neg_ctrl_Sample_90,0.0359479408289391,620,2.79309160017658,Sample_100_TCGA_LUAD
scPAS,Positive,Neg_ctrl_Sample_91,0.0117558601106795,620,2.79309160017658,Sample_100_TCGA_LUAD
scPAS,Positive,Neg_ctrl_Sample_92,0.172744595573102,620,2.79309160017658,Sample_100_TCGA_LUAD
scPAS,Positive,Neg_ctrl_Sample_93,0.0880892628454415,620,2.79309160017658,Sample_100_TCGA_LUAD
scPAS,Positive,Neg_ctrl_Sample_94,0.0277565987392671,620,2.79309160017658,Sample_100_TCGA_LUAD
scPAS,Positive,Neg_ctrl_Sample_95,0.0455301962598026,620,2.79309160017658,Sample_100_TCGA_LUAD
scPAS,Positive,Neg_ctrl_Sample_96,-0.0248543206273578,620,2.79309160017658,Sample_100_TCGA_LUAD
scPAS,Positive,Neg_ctrl_Sample_97,-0.0477938311879211,620,2.79309160017658,Sample_100_TCGA_LUAD
scPAS,Positive,Neg_ctrl_Sample_98,-0.114784555166848,620,2.79309160017658,Sample_100_TCGA_LUAD
scPAS,Positive,Neg_ctrl_Sample_99,0.0404442508815211,620,2.79309160017658,Sample_100_TCGA_LUAD
scPAS,Positive,Neg_ctrl_Sample_100,-0.0889803484232604,620,2.79309160017658,Sample_100_TCGA_LUAD
scPP,Negative,Neg_ctrl_Sample_1,0.0384523089668573,1749,3.24303804868629,Sample_100_TCGA_LUAD
scPP,Negative,Neg_ctrl_Sample_2,-0.0172825979109275,1749,3.24303804868629,Sample_100_TCGA_LUAD
scPP,Negative,Neg_ctrl_Sample_3,-0.162774219220857,1749,3.24303804868629,Sample_100_TCGA_LUAD
scPP,Negative,Neg_ctrl_Sample_4,-0.098012148482336,1749,3.24303804868629,Sample_100_TCGA_LUAD
scPP,Negative,Neg_ctrl_Sample_5,-0.160576745393401,1749,3.24303804868629,Sample_100_TCGA_LUAD
scPP,Negative,Neg_ctrl_Sample_6,0.0767538922744877,1749,3.24303804868629,Sample_100_TCGA_LUAD
scPP,Negative,Neg_ctrl_Sample_7,0.0849091397110229,1749,3.24303804868629,Sample_100_TCGA_LUAD
scPP,Negative,Neg_ctrl_Sample_8,0.0550835892786487,1749,3.24303804868629,Sample_100_TCGA_LUAD
scPP,Negative,Neg_ctrl_Sample_9,-0.155657156793933,1749,3.24303804868629,Sample_100_TCGA_LUAD
scPP,Negative,Neg_ctrl_Sample_10,0.122111782081292,1749,3.24303804868629,Sample_100_TCGA_LUAD
scPP,Negative,Neg_ctrl_Sample_11,-0.170629197486616,1749,3.24303804868629,Sample_100_TCGA_LUAD
scPP,Negative,Neg_ctrl_Sample_12,0.043133710929799,1749,3.24303804868629,Sample_100_TCGA_LUAD
scPP,Negative,Neg_ctrl_Sample_13,0.0373091181198845,1749,3.24303804868629,Sample_100_TCGA_LUAD
scPP,Negative,Neg_ctrl_Sample_14,0.219841240381572,1749,3.24303804868629,Sample_100_TCGA_LUAD
scPP,Negative,Neg_ctrl_Sample_15,0.0694714920912743,1749,3.24303804868629,Sample_100_TCGA_LUAD
scPP,Negative,Neg_ctrl_Sample_16,-0.0958554458814439,1749,3.24303804868629,Sample_100_TCGA_LUAD
scPP,Negative,Neg_ctrl_Sample_17,0.00920143940156404,1749,3.24303804868629,Sample_100_TCGA_LUAD
scPP,Negative,Neg_ctrl_Sample_18,-0.0285709289583107,1749,3.24303804868629,Sample_100_TCGA_LUAD
scPP,Negative,Neg_ctrl_Sample_19,0.0759003045222355,1749,3.24303804868629,Sample_100_TCGA_LUAD
scPP,Negative,Neg_ctrl_Sample_20,-0.0878935945173428,1749,3.24303804868629,Sample_100_TCGA_LUAD
scPP,Negative,Neg_ctrl_Sample_21,0.0997910057723763,1749,3.24303804868629,Sample_100_TCGA_LUAD
scPP,Negative,Neg_ctrl_Sample_22,0.143078042733874,1749,3.24303804868629,Sample_100_TCGA_LUAD
scPP,Negative,Neg_ctrl_Sample_23,-0.0410774932590071,1749,3.24303804868629,Sample_100_TCGA_LUAD
scPP,Negative,Neg_ctrl_Sample_24,0.0435891196570931,1749,3.24303804868629,Sample_100_TCGA_LUAD
scPP,Negative,Neg_ctrl_Sample_25,0.213110010233619,1749,3.24303804868629,Sample_100_TCGA_LUAD
scPP,Negative,Neg_ctrl_Sample_26,0.109314632755717,1749,3.24303804868629,Sample_100_TCGA_LUAD
scPP,Negative,Neg_ctrl_Sample_27,-0.0980070141842169,1749,3.24303804868629,Sample_100_TCGA_LUAD
scPP,Negative,Neg_ctrl_Sample_28,0.0488255276473461,1749,3.24303804868629,Sample_100_TCGA_LUAD
scPP,Negative,Neg_ctrl_Sample_29,0.105306703107164,1749,3.24303804868629,Sample_100_TCGA_LUAD
scPP,Negative,Neg_ctrl_Sample_30,-0.00301465787308074,1749,3.24303804868629,Sample_100_TCGA_LUAD
scPP,Negative,Neg_ctrl_Sample_31,0.0730330372852211,1749,3.24303804868629,Sample_100_TCGA_LUAD
scPP,Negative,Neg_ctrl_Sample_32,-0.0320346730419091,1749,3.24303804868629,Sample_100_TCGA_LUAD
scPP,Negative,Neg_ctrl_Sample_33,-0.110443026076373,1749,3.24303804868629,Sample_100_TCGA_LUAD
scPP,Negative,Neg_ctrl_Sample_34,-0.182341904672006,1749,3.24303804868629,Sample_100_TCGA_LUAD
scPP,Negative,Neg_ctrl_Sample_35,0.0916703855847673,1749,3.24303804868629,Sample_100_TCGA_LUAD
scPP,Negative,Neg_ctrl_Sample_36,0.0436963611958186,1749,3.24303804868629,Sample_100_TCGA_LUAD
scPP,Negative,Neg_ctrl_Sample_37,0.0332935614194083,1749,3.24303804868629,Sample_100_TCGA_LUAD
scPP,Negative,Neg_ctrl_Sample_38,0.00877809474388665,1749,3.24303804868629,Sample_100_TCGA_LUAD
scPP,Negative,Neg_ctrl_Sample_39,0.010375524721347,1749,3.24303804868629,Sample_100_TCGA_LUAD
scPP,Negative,Neg_ctrl_Sample_40,-0.152496986772892,1749,3.24303804868629,Sample_100_TCGA_LUAD
scPP,Negative,Neg_ctrl_Sample_41,-0.0375546444391326,1749,3.24303804868629,Sample_100_TCGA_LUAD
scPP,Negative,Neg_ctrl_Sample_42,-0.0243292646436427,1749,3.24303804868629,Sample_100_TCGA_LUAD
scPP,Negative,Neg_ctrl_Sample_43,0.0953260460946524,1749,3.24303804868629,Sample_100_TCGA_LUAD
scPP,Negative,Neg_ctrl_Sample_44,0.0599925500308527,1749,3.24303804868629,Sample_100_TCGA_LUAD
scPP,Negative,Neg_ctrl_Sample_45,-0.0606188759484692,1749,3.24303804868629,Sample_100_TCGA_LUAD
scPP,Negative,Neg_ctrl_Sample_46,0.0310813843556176,1749,3.24303804868629,Sample_100_TCGA_LUAD
scPP,Negative,Neg_ctrl_Sample_47,0.0529814410311801,1749,3.24303804868629,Sample_100_TCGA_LUAD
scPP,Negative,Neg_ctrl_Sample_48,0.12752779942687,1749,3.24303804868629,Sample_100_TCGA_LUAD
scPP,Negative,Neg_ctrl_Sample_49,-0.0769105372838536,1749,3.24303804868629,Sample_100_TCGA_LUAD
scPP,Negative,Neg_ctrl_Sample_50,-0.0414377427695144,1749,3.24303804868629,Sample_100_TCGA_LUAD
scPP,Negative,Neg_ctrl_Sample_51,-0.134023347895839,1749,3.24303804868629,Sample_100_TCGA_LUAD
scPP,Negative,Neg_ctrl_Sample_52,-0.0139384243588697,1749,3.24303804868629,Sample_100_TCGA_LUAD
scPP,Negative,Neg_ctrl_Sample_53,-0.0105454356258046,1749,3.24303804868629,Sample_100_TCGA_LUAD
scPP,Negative,Neg_ctrl_Sample_54,-0.0598660023621302,1749,3.24303804868629,Sample_100_TCGA_LUAD
scPP,Negative,Neg_ctrl_Sample_55,0.0747257641246596,1749,3.24303804868629,Sample_100_TCGA_LUAD
scPP,Negative,Neg_ctrl_Sample_56,0.111028961232243,1749,3.24303804868629,Sample_100_TCGA_LUAD
scPP,Negative,Neg_ctrl_Sample_57,0.0971490630998254,1749,3.24303804868629,Sample_100_TCGA_LUAD
scPP,Negative,Neg_ctrl_Sample_58,-0.0129981689473138,1749,3.24303804868629,Sample_100_TCGA_LUAD
scPP,Negative,Neg_ctrl_Sample_59,0.0206107900305865,1749,3.24303804868629,Sample_100_TCGA_LUAD
scPP,Negative,Neg_ctrl_Sample_60,0.111276213386724,1749,3.24303804868629,Sample_100_TCGA_LUAD
scPP,Negative,Neg_ctrl_Sample_61,-0.0967217659793669,1749,3.24303804868629,Sample_100_TCGA_LUAD
scPP,Negative,Neg_ctrl_Sample_62,0.113931395017113,1749,3.24303804868629,Sample_100_TCGA_LUAD
scPP,Negative,Neg_ctrl_Sample_63,0.113558181889271,1749,3.24303804868629,Sample_100_TCGA_LUAD
scPP,Negative,Neg_ctrl_Sample_64,0.00272043351453097,1749,3.24303804868629,Sample_100_TCGA_LUAD
scPP,Negative,Neg_ctrl_Sample_65,-0.133587133105339,1749,3.24303804868629,Sample_100_TCGA_LUAD
scPP,Negative,Neg_ctrl_Sample_66,0.0220293983774443,1749,3.24303804868629,Sample_100_TCGA_LUAD
scPP,Negative,Neg_ctrl_Sample_67,-0.059823985961412,1749,3.24303804868629,Sample_100_TCGA_LUAD
scPP,Negative,Neg_ctrl_Sample_68,0.0641834436601552,1749,3.24303804868629,Sample_100_TCGA_LUAD
scPP,Negative,Neg_ctrl_Sample_69,-0.0647904629705887,1749,3.24303804868629,Sample_100_TCGA_LUAD
scPP,Negative,Neg_ctrl_Sample_70,0.0767612423550984,1749,3.24303804868629,Sample_100_TCGA_LUAD
scPP,Negative,Neg_ctrl_Sample_71,-0.00365330455644283,1749,3.24303804868629,Sample_100_TCGA_LUAD
scPP,Negative,Neg_ctrl_Sample_72,0.0490615160152337,1749,3.24303804868629,Sample_100_TCGA_LUAD
scPP,Negative,Neg_ctrl_Sample_73,-0.0544164533858065,1749,3.24303804868629,Sample_100_TCGA_LUAD
scPP,Negative,Neg_ctrl_Sample_74,-0.00789290184622988,1749,3.24303804868629,Sample_100_TCGA_LUAD
scPP,Negative,Neg_ctrl_Sample_75,-0.0705068231532952,1749,3.24303804868629,Sample_100_TCGA_LUAD
scPP,Negative,Neg_ctrl_Sample_76,-0.0162502060512842,1749,3.24303804868629,Sample_100_TCGA_LUAD
scPP,Negative,Neg_ctrl_Sample_77,0.0308979589939477,1749,3.24303804868629,Sample_100_TCGA_LUAD
scPP,Negative,Neg_ctrl_Sample_78,-0.107153803843904,1749,3.24303804868629,Sample_100_TCGA_LUAD
scPP,Negative,Neg_ctrl_Sample_79,-0.120498560193715,1749,3.24303804868629,Sample_100_TCGA_LUAD
scPP,Negative,Neg_ctrl_Sample_80,0.0726380402866195,1749,3.24303804868629,Sample_100_TCGA_LUAD
scPP,Negative,Neg_ctrl_Sample_81,-0.074058843372649,1749,3.24303804868629,Sample_100_TCGA_LUAD
scPP,Negative,Neg_ctrl_Sample_82,0.125345428399478,1749,3.24303804868629,Sample_100_TCGA_LUAD
scPP,Negative,Neg_ctrl_Sample_83,-0.154889275246007,1749,3.24303804868629,Sample_100_TCGA_LUAD
scPP,Negative,Neg_ctrl_Sample_84,-0.129893897976533,1749,3.24303804868629,Sample_100_TCGA_LUAD
scPP,Negative,Neg_ctrl_Sample_85,-0.029623105665004,1749,3.24303804868629,Sample_100_TCGA_LUAD
scPP,Negative,Neg_ctrl_Sample_86,0.11862129149867,1749,3.24303804868629,Sample_100_TCGA_LUAD
scPP,Negative,Neg_ctrl_Sample_87,0.0845596854043023,1749,3.24303804868629,Sample_100_TCGA_LUAD
scPP,Negative,Neg_ctrl_Sample_88,-0.0257781552427862,1749,3.24303804868629,Sample_100_TCGA_LUAD
scPP,Negative,Neg_ctrl_Sample_89,-0.0630345722307235,1749,3.24303804868629,Sample_100_TCGA_LUAD
scPP,Negative,Neg_ctrl_Sample_90,0.016086999546118,1749,3.24303804868629,Sample_100_TCGA_LUAD
scPP,Negative,Neg_ctrl_Sample_91,0.0221889411508324,1749,3.24303804868629,Sample_100_TCGA_LUAD
scPP,Negative,Neg_ctrl_Sample_92,0.175693793082476,1749,3.24303804868629,Sample_100_TCGA_LUAD
scPP,Negative,Neg_ctrl_Sample_93,0.0790273503508689,1749,3.24303804868629,Sample_100_TCGA_LUAD
scPP,Negative,Neg_ctrl_Sample_94,0.00657616918190586,1749,3.24303804868629,Sample_100_TCGA_LUAD
scPP,Negative,Neg_ctrl_Sample_95,0.0495255687854056,1749,3.24303804868629,Sample_100_TCGA_LUAD
scPP,Negative,Neg_ctrl_Sample_96,-0.0445261432718047,1749,3.24303804868629,Sample_100_TCGA_LUAD
scPP,Negative,Neg_ctrl_Sample_97,-0.0892736627533618,1749,3.24303804868629,Sample_100_TCGA_LUAD
scPP,Negative,Neg_ctrl_Sample_98,-0.132307004670153,1749,3.24303804868629,Sample_100_TCGA_LUAD
scPP,Negative,Neg_ctrl_Sample_99,0.0134899389533025,1749,3.24303804868629,Sample_100_TCGA_LUAD
scPP,Negative,Neg_ctrl_Sample_100,-0.0790201379168048,1749,3.24303804868629,Sample_100_TCGA_LUAD
scPP,Neutral,Neg_ctrl_Sample_1,0.0297944641263752,24751,4.39361029635529,Sample_100_TCGA_LUAD
scPP,Neutral,Neg_ctrl_Sample_2,-0.00817437867764784,24751,4.39361029635529,Sample_100_TCGA_LUAD
scPP,Neutral,Neg_ctrl_Sample_3,-0.150998322095445,24751,4.39361029635529,Sample_100_TCGA_LUAD
scPP,Neutral,Neg_ctrl_Sample_4,-0.0902356201299387,24751,4.39361029635529,Sample_100_TCGA_LUAD
scPP,Neutral,Neg_ctrl_Sample_5,-0.168206992558755,24751,4.39361029635529,Sample_100_TCGA_LUAD
scPP,Neutral,Neg_ctrl_Sample_6,0.072473685576405,24751,4.39361029635529,Sample_100_TCGA_LUAD
scPP,Neutral,Neg_ctrl_Sample_7,0.0848619292656295,24751,4.39361029635529,Sample_100_TCGA_LUAD
scPP,Neutral,Neg_ctrl_Sample_8,0.0622278008405915,24751,4.39361029635529,Sample_100_TCGA_LUAD
scPP,Neutral,Neg_ctrl_Sample_9,-0.11172441605519,24751,4.39361029635529,Sample_100_TCGA_LUAD
scPP,Neutral,Neg_ctrl_Sample_10,0.117986042882966,24751,4.39361029635529,Sample_100_TCGA_LUAD
scPP,Neutral,Neg_ctrl_Sample_11,-0.1532160282668,24751,4.39361029635529,Sample_100_TCGA_LUAD
scPP,Neutral,Neg_ctrl_Sample_12,0.0490203557438322,24751,4.39361029635529,Sample_100_TCGA_LUAD
scPP,Neutral,Neg_ctrl_Sample_13,0.0574989070386081,24751,4.39361029635529,Sample_100_TCGA_LUAD
scPP,Neutral,Neg_ctrl_Sample_14,0.243020200284961,24751,4.39361029635529,Sample_100_TCGA_LUAD
scPP,Neutral,Neg_ctrl_Sample_15,0.0583149386128764,24751,4.39361029635529,Sample_100_TCGA_LUAD
scPP,Neutral,Neg_ctrl_Sample_16,-0.0598749488664478,24751,4.39361029635529,Sample_100_TCGA_LUAD
scPP,Neutral,Neg_ctrl_Sample_17,0.0173835351877037,24751,4.39361029635529,Sample_100_TCGA_LUAD
scPP,Neutral,Neg_ctrl_Sample_18,0.00752495422962019,24751,4.39361029635529,Sample_100_TCGA_LUAD
scPP,Neutral,Neg_ctrl_Sample_19,0.0773966958712257,24751,4.39361029635529,Sample_100_TCGA_LUAD
scPP,Neutral,Neg_ctrl_Sample_20,-0.0618123779238783,24751,4.39361029635529,Sample_100_TCGA_LUAD
scPP,Neutral,Neg_ctrl_Sample_21,0.0979303385701417,24751,4.39361029635529,Sample_100_TCGA_LUAD
scPP,Neutral,Neg_ctrl_Sample_22,0.134221976482397,24751,4.39361029635529,Sample_100_TCGA_LUAD
scPP,Neutral,Neg_ctrl_Sample_23,-0.0231019579344847,24751,4.39361029635529,Sample_100_TCGA_LUAD
scPP,Neutral,Neg_ctrl_Sample_24,0.0548083101318935,24751,4.39361029635529,Sample_100_TCGA_LUAD
scPP,Neutral,Neg_ctrl_Sample_25,0.211826183917477,24751,4.39361029635529,Sample_100_TCGA_LUAD
scPP,Neutral,Neg_ctrl_Sample_26,0.117720465228062,24751,4.39361029635529,Sample_100_TCGA_LUAD
scPP,Neutral,Neg_ctrl_Sample_27,-0.082568245762731,24751,4.39361029635529,Sample_100_TCGA_LUAD
scPP,Neutral,Neg_ctrl_Sample_28,0.064882225784541,24751,4.39361029635529,Sample_100_TCGA_LUAD
scPP,Neutral,Neg_ctrl_Sample_29,0.0974456664879482,24751,4.39361029635529,Sample_100_TCGA_LUAD
scPP,Neutral,Neg_ctrl_Sample_30,-3.66800317042456e-06,24751,4.39361029635529,Sample_100_TCGA_LUAD
scPP,Neutral,Neg_ctrl_Sample_31,0.0958510558221638,24751,4.39361029635529,Sample_100_TCGA_LUAD
scPP,Neutral,Neg_ctrl_Sample_32,-0.0307665741312865,24751,4.39361029635529,Sample_100_TCGA_LUAD
scPP,Neutral,Neg_ctrl_Sample_33,-0.100431492053664,24751,4.39361029635529,Sample_100_TCGA_LUAD
scPP,Neutral,Neg_ctrl_Sample_34,-0.159150440012472,24751,4.39361029635529,Sample_100_TCGA_LUAD
scPP,Neutral,Neg_ctrl_Sample_35,0.0955345582686483,24751,4.39361029635529,Sample_100_TCGA_LUAD
scPP,Neutral,Neg_ctrl_Sample_36,0.0435684593349454,24751,4.39361029635529,Sample_100_TCGA_LUAD
scPP,Neutral,Neg_ctrl_Sample_37,0.0611375755274152,24751,4.39361029635529,Sample_100_TCGA_LUAD
scPP,Neutral,Neg_ctrl_Sample_38,0.00365443619121551,24751,4.39361029635529,Sample_100_TCGA_LUAD
scPP,Neutral,Neg_ctrl_Sample_39,0.0278384691128869,24751,4.39361029635529,Sample_100_TCGA_LUAD
scPP,Neutral,Neg_ctrl_Sample_40,-0.133028296446147,24751,4.39361029635529,Sample_100_TCGA_LUAD
scPP,Neutral,Neg_ctrl_Sample_41,-0.0278513418004059,24751,4.39361029635529,Sample_100_TCGA_LUAD
scPP,Neutral,Neg_ctrl_Sample_42,-0.0270598340925845,24751,4.39361029635529,Sample_100_TCGA_LUAD
scPP,Neutral,Neg_ctrl_Sample_43,0.0880633231766562,24751,4.39361029635529,Sample_100_TCGA_LUAD
scPP,Neutral,Neg_ctrl_Sample_44,0.0609691146223418,24751,4.39361029635529,Sample_100_TCGA_LUAD
scPP,Neutral,Neg_ctrl_Sample_45,-0.0520066301473199,24751,4.39361029635529,Sample_100_TCGA_LUAD
scPP,Neutral,Neg_ctrl_Sample_46,0.0359691294846138,24751,4.39361029635529,Sample_100_TCGA_LUAD
scPP,Neutral,Neg_ctrl_Sample_47,0.0521348127680559,24751,4.39361029635529,Sample_100_TCGA_LUAD
scPP,Neutral,Neg_ctrl_Sample_48,0.11658230843414,24751,4.39361029635529,Sample_100_TCGA_LUAD
scPP,Neutral,Neg_ctrl_Sample_49,-0.0601244400269856,24751,4.39361029635529,Sample_100_TCGA_LUAD
scPP,Neutral,Neg_ctrl_Sample_50,-0.0249395127015406,24751,4.39361029635529,Sample_100_TCGA_LUAD
scPP,Neutral,Neg_ctrl_Sample_51,-0.144195296213659,24751,4.39361029635529,Sample_100_TCGA_LUAD
scPP,Neutral,Neg_ctrl_Sample_52,-0.0332855345193274,24751,4.39361029635529,Sample_100_TCGA_LUAD
scPP,Neutral,Neg_ctrl_Sample_53,0.0192440817407272,24751,4.39361029635529,Sample_100_TCGA_LUAD
scPP,Neutral,Neg_ctrl_Sample_54,-0.0513694204196893,24751,4.39361029635529,Sample_100_TCGA_LUAD
scPP,Neutral,Neg_ctrl_Sample_55,0.0820188553177547,24751,4.39361029635529,Sample_100_TCGA_LUAD
scPP,Neutral,Neg_ctrl_Sample_56,0.104153444390359,24751,4.39361029635529,Sample_100_TCGA_LUAD
scPP,Neutral,Neg_ctrl_Sample_57,0.0936065713536602,24751,4.39361029635529,Sample_100_TCGA_LUAD
scPP,Neutral,Neg_ctrl_Sample_58,-0.0168208683563307,24751,4.39361029635529,Sample_100_TCGA_LUAD
scPP,Neutral,Neg_ctrl_Sample_59,0.0160065535568566,24751,4.39361029635529,Sample_100_TCGA_LUAD
scPP,Neutral,Neg_ctrl_Sample_60,0.130964022736785,24751,4.39361029635529,Sample_100_TCGA_LUAD
scPP,Neutral,Neg_ctrl_Sample_61,-0.0701081251116158,24751,4.39361029635529,Sample_100_TCGA_LUAD
scPP,Neutral,Neg_ctrl_Sample_62,0.117225992233159,24751,4.39361029635529,Sample_100_TCGA_LUAD
scPP,Neutral,Neg_ctrl_Sample_63,0.109902770041641,24751,4.39361029635529,Sample_100_TCGA_LUAD
scPP,Neutral,Neg_ctrl_Sample_64,-0.00900914398118169,24751,4.39361029635529,Sample_100_TCGA_LUAD
scPP,Neutral,Neg_ctrl_Sample_65,-0.104051916207429,24751,4.39361029635529,Sample_100_TCGA_LUAD
scPP,Neutral,Neg_ctrl_Sample_66,0.0165345021191764,24751,4.39361029635529,Sample_100_TCGA_LUAD
scPP,Neutral,Neg_ctrl_Sample_67,-0.0594523952014941,24751,4.39361029635529,Sample_100_TCGA_LUAD
scPP,Neutral,Neg_ctrl_Sample_68,0.0826517551300373,24751,4.39361029635529,Sample_100_TCGA_LUAD
scPP,Neutral,Neg_ctrl_Sample_69,-0.0494247815870585,24751,4.39361029635529,Sample_100_TCGA_LUAD
scPP,Neutral,Neg_ctrl_Sample_70,0.0791509144425684,24751,4.39361029635529,Sample_100_TCGA_LUAD
scPP,Neutral,Neg_ctrl_Sample_71,-0.00765848894213969,24751,4.39361029635529,Sample_100_TCGA_LUAD
scPP,Neutral,Neg_ctrl_Sample_72,0.0630938139342147,24751,4.39361029635529,Sample_100_TCGA_LUAD
scPP,Neutral,Neg_ctrl_Sample_73,-0.061135994204034,24751,4.39361029635529,Sample_100_TCGA_LUAD
scPP,Neutral,Neg_ctrl_Sample_74,0.00211451647518991,24751,4.39361029635529,Sample_100_TCGA_LUAD
scPP,Neutral,Neg_ctrl_Sample_75,-0.0545789196366304,24751,4.39361029635529,Sample_100_TCGA_LUAD
scPP,Neutral,Neg_ctrl_Sample_76,-0.0199388091130516,24751,4.39361029635529,Sample_100_TCGA_LUAD
scPP,Neutral,Neg_ctrl_Sample_77,0.0321399493421677,24751,4.39361029635529,Sample_100_TCGA_LUAD
scPP,Neutral,Neg_ctrl_Sample_78,-0.0884990602596461,24751,4.39361029635529,Sample_100_TCGA_LUAD
scPP,Neutral,Neg_ctrl_Sample_79,-0.122259380114987,24751,4.39361029635529,Sample_100_TCGA_LUAD
scPP,Neutral,Neg_ctrl_Sample_80,0.0824565651936274,24751,4.39361029635529,Sample_100_TCGA_LUAD
scPP,Neutral,Neg_ctrl_Sample_81,-0.0686726390966827,24751,4.39361029635529,Sample_100_TCGA_LUAD
scPP,Neutral,Neg_ctrl_Sample_82,0.13177860242812,24751,4.39361029635529,Sample_100_TCGA_LUAD
scPP,Neutral,Neg_ctrl_Sample_83,-0.132510262575152,24751,4.39361029635529,Sample_100_TCGA_LUAD
scPP,Neutral,Neg_ctrl_Sample_84,-0.13141876600167,24751,4.39361029635529,Sample_100_TCGA_LUAD
scPP,Neutral,Neg_ctrl_Sample_85,-0.0207369517650634,24751,4.39361029635529,Sample_100_TCGA_LUAD
scPP,Neutral,Neg_ctrl_Sample_86,0.122107960513511,24751,4.39361029635529,Sample_100_TCGA_LUAD
scPP,Neutral,Neg_ctrl_Sample_87,0.0745119268435093,24751,4.39361029635529,Sample_100_TCGA_LUAD
scPP,Neutral,Neg_ctrl_Sample_88,-0.0334085082507221,24751,4.39361029635529,Sample_100_TCGA_LUAD
scPP,Neutral,Neg_ctrl_Sample_89,-0.0568877544716959,24751,4.39361029635529,Sample_100_TCGA_LUAD
scPP,Neutral,Neg_ctrl_Sample_90,0.0303061700300827,24751,4.39361029635529,Sample_100_TCGA_LUAD
scPP,Neutral,Neg_ctrl_Sample_91,0.0221307861845766,24751,4.39361029635529,Sample_100_TCGA_LUAD
scPP,Neutral,Neg_ctrl_Sample_92,0.175907034441969,24751,4.39361029635529,Sample_100_TCGA_LUAD
scPP,Neutral,Neg_ctrl_Sample_93,0.0834956427508825,24751,4.39361029635529,Sample_100_TCGA_LUAD
scPP,Neutral,Neg_ctrl_Sample_94,0.0185826496468976,24751,4.39361029635529,Sample_100_TCGA_LUAD
scPP,Neutral,Neg_ctrl_Sample_95,0.0435967387864683,24751,4.39361029635529,Sample_100_TCGA_LUAD
scPP,Neutral,Neg_ctrl_Sample_96,-0.0266296852341924,24751,4.39361029635529,Sample_100_TCGA_LUAD
scPP,Neutral,Neg_ctrl_Sample_97,-0.0513760564589951,24751,4.39361029635529,Sample_100_TCGA_LUAD
scPP,Neutral,Neg_ctrl_Sample_98,-0.129105238255377,24751,4.39361029635529,Sample_100_TCGA_LUAD
scPP,Neutral,Neg_ctrl_Sample_99,0.0386174508633787,24751,4.39361029635529,Sample_100_TCGA_LUAD
scPP,Neutral,Neg_ctrl_Sample_100,-0.0807755850802156,24751,4.39361029635529,Sample_100_TCGA_LUAD
scPP,Positive,Neg_ctrl_Sample_1,0.0115973770596882,5734,3.75853342223729,Sample_100_TCGA_LUAD
scPP,Positive,Neg_ctrl_Sample_2,0.0276645347450947,5734,3.75853342223729,Sample_100_TCGA_LUAD
scPP,Positive,Neg_ctrl_Sample_3,-0.109868635227865,5734,3.75853342223729,Sample_100_TCGA_LUAD
scPP,Positive,Neg_ctrl_Sample_4,-0.096356040605394,5734,3.75853342223729,Sample_100_TCGA_LUAD
scPP,Positive,Neg_ctrl_Sample_5,-0.163714284989384,5734,3.75853342223729,Sample_100_TCGA_LUAD
scPP,Positive,Neg_ctrl_Sample_6,0.0458934061303609,5734,3.75853342223729,Sample_100_TCGA_LUAD
scPP,Positive,Neg_ctrl_Sample_7,0.0816036421239289,5734,3.75853342223729,Sample_100_TCGA_LUAD
scPP,Positive,Neg_ctrl_Sample_8,0.0787153124802241,5734,3.75853342223729,Sample_100_TCGA_LUAD
scPP,Positive,Neg_ctrl_Sample_9,0.00170264649842405,5734,3.75853342223729,Sample_100_TCGA_LUAD
scPP,Positive,Neg_ctrl_Sample_10,0.116811955239961,5734,3.75853342223729,Sample_100_TCGA_LUAD
scPP,Positive,Neg_ctrl_Sample_11,-0.075032842212852,5734,3.75853342223729,Sample_100_TCGA_LUAD
scPP,Positive,Neg_ctrl_Sample_12,0.0368928440435292,5734,3.75853342223729,Sample_100_TCGA_LUAD
scPP,Positive,Neg_ctrl_Sample_13,0.116148933925174,5734,3.75853342223729,Sample_100_TCGA_LUAD
scPP,Positive,Neg_ctrl_Sample_14,0.306118625941464,5734,3.75853342223729,Sample_100_TCGA_LUAD
scPP,Positive,Neg_ctrl_Sample_15,0.0273251032507176,5734,3.75853342223729,Sample_100_TCGA_LUAD
scPP,Positive,Neg_ctrl_Sample_16,0.0398545368693356,5734,3.75853342223729,Sample_100_TCGA_LUAD
scPP,Positive,Neg_ctrl_Sample_17,0.0445544552105248,5734,3.75853342223729,Sample_100_TCGA_LUAD
scPP,Positive,Neg_ctrl_Sample_18,0.0866729266384225,5734,3.75853342223729,Sample_100_TCGA_LUAD
scPP,Positive,Neg_ctrl_Sample_19,0.0854854481560983,5734,3.75853342223729,Sample_100_TCGA_LUAD
scPP,Positive,Neg_ctrl_Sample_20,0.0135416647891038,5734,3.75853342223729,Sample_100_TCGA_LUAD
scPP,Positive,Neg_ctrl_Sample_21,0.0915286685888489,5734,3.75853342223729,Sample_100_TCGA_LUAD
scPP,Positive,Neg_ctrl_Sample_22,0.113785582745319,5734,3.75853342223729,Sample_100_TCGA_LUAD
scPP,Positive,Neg_ctrl_Sample_23,0.00947071619823838,5734,3.75853342223729,Sample_100_TCGA_LUAD
scPP,Positive,Neg_ctrl_Sample_24,0.0759259969911754,5734,3.75853342223729,Sample_100_TCGA_LUAD
scPP,Positive,Neg_ctrl_Sample_25,0.196618328423346,5734,3.75853342223729,Sample_100_TCGA_LUAD
scPP,Positive,Neg_ctrl_Sample_26,0.123153109373927,5734,3.75853342223729,Sample_100_TCGA_LUAD
scPP,Positive,Neg_ctrl_Sample_27,-0.0260435876514918,5734,3.75853342223729,Sample_100_TCGA_LUAD
scPP,Positive,Neg_ctrl_Sample_28,0.0960699363834346,5734,3.75853342223729,Sample_100_TCGA_LUAD
scPP,Positive,Neg_ctrl_Sample_29,0.0663206286063492,5734,3.75853342223729,Sample_100_TCGA_LUAD
scPP,Positive,Neg_ctrl_Sample_30,0.0196329508643319,5734,3.75853342223729,Sample_100_TCGA_LUAD
scPP,Positive,Neg_ctrl_Sample_31,0.147795266053779,5734,3.75853342223729,Sample_100_TCGA_LUAD
scPP,Positive,Neg_ctrl_Sample_32,-0.0155489611709987,5734,3.75853342223729,Sample_100_TCGA_LUAD
scPP,Positive,Neg_ctrl_Sample_33,-0.0669345239764468,5734,3.75853342223729,Sample_100_TCGA_LUAD
scPP,Positive,Neg_ctrl_Sample_34,-0.105556775837595,5734,3.75853342223729,Sample_100_TCGA_LUAD
scPP,Positive,Neg_ctrl_Sample_35,0.0910391747260888,5734,3.75853342223729,Sample_100_TCGA_LUAD
scPP,Positive,Neg_ctrl_Sample_36,0.0585178462564843,5734,3.75853342223729,Sample_100_TCGA_LUAD
scPP,Positive,Neg_ctrl_Sample_37,0.133415718717611,5734,3.75853342223729,Sample_100_TCGA_LUAD
scPP,Positive,Neg_ctrl_Sample_38,0.00983598458120417,5734,3.75853342223729,Sample_100_TCGA_LUAD
scPP,Positive,Neg_ctrl_Sample_39,0.082715882158205,5734,3.75853342223729,Sample_100_TCGA_LUAD
scPP,Positive,Neg_ctrl_Sample_40,-0.0812777508005227,5734,3.75853342223729,Sample_100_TCGA_LUAD
scPP,Positive,Neg_ctrl_Sample_41,-0.0259504227282886,5734,3.75853342223729,Sample_100_TCGA_LUAD
scPP,Positive,Neg_ctrl_Sample_42,-0.055370213271669,5734,3.75853342223729,Sample_100_TCGA_LUAD
scPP,Positive,Neg_ctrl_Sample_43,0.0509062913288176,5734,3.75853342223729,Sample_100_TCGA_LUAD
scPP,Positive,Neg_ctrl_Sample_44,0.0807213932746027,5734,3.75853342223729,Sample_100_TCGA_LUAD
scPP,Positive,Neg_ctrl_Sample_45,-0.0177345759476103,5734,3.75853342223729,Sample_100_TCGA_LUAD
scPP,Positive,Neg_ctrl_Sample_46,0.051373992917986,5734,3.75853342223729,Sample_100_TCGA_LUAD
scPP,Positive,Neg_ctrl_Sample_47,0.0402379907798367,5734,3.75853342223729,Sample_100_TCGA_LUAD
scPP,Positive,Neg_ctrl_Sample_48,0.079854852667841,5734,3.75853342223729,Sample_100_TCGA_LUAD
scPP,Positive,Neg_ctrl_Sample_49,-0.012181664456189,5734,3.75853342223729,Sample_100_TCGA_LUAD
scPP,Positive,Neg_ctrl_Sample_50,0.0212527768407444,5734,3.75853342223729,Sample_100_TCGA_LUAD
scPP,Positive,Neg_ctrl_Sample_51,-0.159209946698593,5734,3.75853342223729,Sample_100_TCGA_LUAD
scPP,Positive,Neg_ctrl_Sample_52,-0.0772321847637204,5734,3.75853342223729,Sample_100_TCGA_LUAD
scPP,Positive,Neg_ctrl_Sample_53,0.121042804491485,5734,3.75853342223729,Sample_100_TCGA_LUAD
scPP,Positive,Neg_ctrl_Sample_54,-0.0330424657846148,5734,3.75853342223729,Sample_100_TCGA_LUAD
scPP,Positive,Neg_ctrl_Sample_55,0.08616455882997,5734,3.75853342223729,Sample_100_TCGA_LUAD
scPP,Positive,Neg_ctrl_Sample_56,0.0668923025043414,5734,3.75853342223729,Sample_100_TCGA_LUAD
scPP,Positive,Neg_ctrl_Sample_57,0.076323930016525,5734,3.75853342223729,Sample_100_TCGA_LUAD
scPP,Positive,Neg_ctrl_Sample_58,-0.0231911241625194,5734,3.75853342223729,Sample_100_TCGA_LUAD
scPP,Positive,Neg_ctrl_Sample_59,0.00323028261759471,5734,3.75853342223729,Sample_100_TCGA_LUAD
scPP,Positive,Neg_ctrl_Sample_60,0.168995003118012,5734,3.75853342223729,Sample_100_TCGA_LUAD
scPP,Positive,Neg_ctrl_Sample_61,0.00444427637788878,5734,3.75853342223729,Sample_100_TCGA_LUAD
scPP,Positive,Neg_ctrl_Sample_62,0.131064723984634,5734,3.75853342223729,Sample_100_TCGA_LUAD
scPP,Positive,Neg_ctrl_Sample_63,0.107092556303087,5734,3.75853342223729,Sample_100_TCGA_LUAD
scPP,Positive,Neg_ctrl_Sample_64,-0.0447635284478357,5734,3.75853342223729,Sample_100_TCGA_LUAD
scPP,Positive,Neg_ctrl_Sample_65,-0.0024971597593225,5734,3.75853342223729,Sample_100_TCGA_LUAD
scPP,Positive,Neg_ctrl_Sample_66,0.0119754427609454,5734,3.75853342223729,Sample_100_TCGA_LUAD
scPP,Positive,Neg_ctrl_Sample_67,-0.0333356265170661,5734,3.75853342223729,Sample_100_TCGA_LUAD
scPP,Positive,Neg_ctrl_Sample_68,0.140763713583183,5734,3.75853342223729,Sample_100_TCGA_LUAD
scPP,Positive,Neg_ctrl_Sample_69,0.018600274801318,5734,3.75853342223729,Sample_100_TCGA_LUAD
scPP,Positive,Neg_ctrl_Sample_70,0.0977077539205674,5734,3.75853342223729,Sample_100_TCGA_LUAD
scPP,Positive,Neg_ctrl_Sample_71,-0.00690986019325929,5734,3.75853342223729,Sample_100_TCGA_LUAD
scPP,Positive,Neg_ctrl_Sample_72,0.0984971636502252,5734,3.75853342223729,Sample_100_TCGA_LUAD
scPP,Positive,Neg_ctrl_Sample_73,-0.0662522494579521,5734,3.75853342223729,Sample_100_TCGA_LUAD
scPP,Positive,Neg_ctrl_Sample_74,0.0126063226739013,5734,3.75853342223729,Sample_100_TCGA_LUAD
scPP,Positive,Neg_ctrl_Sample_75,-0.00990748974537638,5734,3.75853342223729,Sample_100_TCGA_LUAD
scPP,Positive,Neg_ctrl_Sample_76,-0.0235343940348937,5734,3.75853342223729,Sample_100_TCGA_LUAD
scPP,Positive,Neg_ctrl_Sample_77,0.0510434845829694,5734,3.75853342223729,Sample_100_TCGA_LUAD
scPP,Positive,Neg_ctrl_Sample_78,-0.0321527124694231,5734,3.75853342223729,Sample_100_TCGA_LUAD
scPP,Positive,Neg_ctrl_Sample_79,-0.124874699084572,5734,3.75853342223729,Sample_100_TCGA_LUAD
scPP,Positive,Neg_ctrl_Sample_80,0.114781765084542,5734,3.75853342223729,Sample_100_TCGA_LUAD
scPP,Positive,Neg_ctrl_Sample_81,-0.0520057072166969,5734,3.75853342223729,Sample_100_TCGA_LUAD
scPP,Positive,Neg_ctrl_Sample_82,0.114164109158964,5734,3.75853342223729,Sample_100_TCGA_LUAD
scPP,Positive,Neg_ctrl_Sample_83,-0.0611124061560254,5734,3.75853342223729,Sample_100_TCGA_LUAD
scPP,Positive,Neg_ctrl_Sample_84,-0.135425638861629,5734,3.75853342223729,Sample_100_TCGA_LUAD
scPP,Positive,Neg_ctrl_Sample_85,0.0252684130849881,5734,3.75853342223729,Sample_100_TCGA_LUAD
scPP,Positive,Neg_ctrl_Sample_86,0.123992188033561,5734,3.75853342223729,Sample_100_TCGA_LUAD
scPP,Positive,Neg_ctrl_Sample_87,0.0661051122449678,5734,3.75853342223729,Sample_100_TCGA_LUAD
scPP,Positive,Neg_ctrl_Sample_88,-0.0607574262995166,5734,3.75853342223729,Sample_100_TCGA_LUAD
scPP,Positive,Neg_ctrl_Sample_89,-0.0301700390863064,5734,3.75853342223729,Sample_100_TCGA_LUAD
scPP,Positive,Neg_ctrl_Sample_90,0.0564085667070753,5734,3.75853342223729,Sample_100_TCGA_LUAD
scPP,Positive,Neg_ctrl_Sample_91,0.0216645841260409,5734,3.75853342223729,Sample_100_TCGA_LUAD
scPP,Positive,Neg_ctrl_Sample_92,0.186575528202197,5734,3.75853342223729,Sample_100_TCGA_LUAD
scPP,Positive,Neg_ctrl_Sample_93,0.0891790213006471,5734,3.75853342223729,Sample_100_TCGA_LUAD
scPP,Positive,Neg_ctrl_Sample_94,0.0425144352800985,5734,3.75853342223729,Sample_100_TCGA_LUAD
scPP,Positive,Neg_ctrl_Sample_95,0.034476997262668,5734,3.75853342223729,Sample_100_TCGA_LUAD
scPP,Positive,Neg_ctrl_Sample_96,0.0247507270535617,5734,3.75853342223729,Sample_100_TCGA_LUAD
scPP,Positive,Neg_ctrl_Sample_97,0.0466763842901339,5734,3.75853342223729,Sample_100_TCGA_LUAD
scPP,Positive,Neg_ctrl_Sample_98,-0.109746904996197,5734,3.75853342223729,Sample_100_TCGA_LUAD
scPP,Positive,Neg_ctrl_Sample_99,0.0994569711533747,5734,3.75853342223729,Sample_100_TCGA_LUAD
scPP,Positive,Neg_ctrl_Sample_100,-0.0981306409438939,5734,3.75853342223729,Sample_100_TCGA_LUAD
DEGAS,Other,Neg_ctrl_Sample_1,0.0271269619513027,30622,4.48604773435783,Sample_100_TCGA_LUAD
DEGAS,Other,Neg_ctrl_Sample_2,-0.00189533134933036,30622,4.48604773435783,Sample_100_TCGA_LUAD
DEGAS,Other,Neg_ctrl_Sample_3,-0.143780489798157,30622,4.48604773435783,Sample_100_TCGA_LUAD
DEGAS,Other,Neg_ctrl_Sample_4,-0.0919240233549867,30622,4.48604773435783,Sample_100_TCGA_LUAD
DEGAS,Other,Neg_ctrl_Sample_5,-0.16685128919636,30622,4.48604773435783,Sample_100_TCGA_LUAD
DEGAS,Other,Neg_ctrl_Sample_6,0.0679097130201629,30622,4.48604773435783,Sample_100_TCGA_LUAD
DEGAS,Other,Neg_ctrl_Sample_7,0.0843608036828759,30622,4.48604773435783,Sample_100_TCGA_LUAD
DEGAS,Other,Neg_ctrl_Sample_8,0.0647217104736111,30622,4.48604773435783,Sample_100_TCGA_LUAD
DEGAS,Other,Neg_ctrl_Sample_9,-0.0940578590665435,30622,4.48604773435783,Sample_100_TCGA_LUAD
DEGAS,Other,Neg_ctrl_Sample_10,0.117864359749115,30622,4.48604773435783,Sample_100_TCGA_LUAD
DEGAS,Other,Neg_ctrl_Sample_11,-0.140179966430236,30622,4.48604773435783,Sample_100_TCGA_LUAD
DEGAS,Other,Neg_ctrl_Sample_12,0.0460266416683705,30622,4.48604773435783,Sample_100_TCGA_LUAD
DEGAS,Other,Neg_ctrl_Sample_13,0.0666066851188925,30622,4.48604773435783,Sample_100_TCGA_LUAD
DEGAS,Other,Neg_ctrl_Sample_14,0.25265334315314,30622,4.48604773435783,Sample_100_TCGA_LUAD
DEGAS,Other,Neg_ctrl_Sample_15,0.0532503284129741,30622,4.48604773435783,Sample_100_TCGA_LUAD
DEGAS,Other,Neg_ctrl_Sample_16,-0.044327889371651,30622,4.48604773435783,Sample_100_TCGA_LUAD
DEGAS,Other,Neg_ctrl_Sample_17,0.0221305192090372,30622,4.48604773435783,Sample_100_TCGA_LUAD
DEGAS,Other,Neg_ctrl_Sample_18,0.0194015488128275,30622,4.48604773435783,Sample_100_TCGA_LUAD
DEGAS,Other,Neg_ctrl_Sample_19,0.0792210081078975,30622,4.48604773435783,Sample_100_TCGA_LUAD
DEGAS,Other,Neg_ctrl_Sample_20,-0.0495425285154492,30622,4.48604773435783,Sample_100_TCGA_LUAD
DEGAS,Other,Neg_ctrl_Sample_21,0.0968541161229778,30622,4.48604773435783,Sample_100_TCGA_LUAD
DEGAS,Other,Neg_ctrl_Sample_22,0.131240341900468,30622,4.48604773435783,Sample_100_TCGA_LUAD
DEGAS,Other,Neg_ctrl_Sample_23,-0.0181662407844197,30622,4.48604773435783,Sample_100_TCGA_LUAD
DEGAS,Other,Neg_ctrl_Sample_24,0.0574932448442553,30622,4.48604773435783,Sample_100_TCGA_LUAD
DEGAS,Other,Neg_ctrl_Sample_25,0.209532095987239,30622,4.48604773435783,Sample_100_TCGA_LUAD
DEGAS,Other,Neg_ctrl_Sample_26,0.118607416586499,30622,4.48604773435783,Sample_100_TCGA_LUAD
DEGAS,Other,Neg_ctrl_Sample_27,-0.073333476173553,30622,4.48604773435783,Sample_100_TCGA_LUAD
DEGAS,Other,Neg_ctrl_Sample_28,0.0694410368659881,30622,4.48604773435783,Sample_100_TCGA_LUAD
DEGAS,Other,Neg_ctrl_Sample_29,0.0922326603316038,30622,4.48604773435783,Sample_100_TCGA_LUAD
DEGAS,Other,Neg_ctrl_Sample_30,0.0036101722639747,30622,4.48604773435783,Sample_100_TCGA_LUAD
DEGAS,Other,Neg_ctrl_Sample_31,0.104095236439065,30622,4.48604773435783,Sample_100_TCGA_LUAD
DEGAS,Other,Neg_ctrl_Sample_32,-0.0278564085167684,30622,4.48604773435783,Sample_100_TCGA_LUAD
DEGAS,Other,Neg_ctrl_Sample_33,-0.0947192770351671,30622,4.48604773435783,Sample_100_TCGA_LUAD
DEGAS,Other,Neg_ctrl_Sample_34,-0.150767829881331,30622,4.48604773435783,Sample_100_TCGA_LUAD
DEGAS,Other,Neg_ctrl_Sample_35,0.0945560911415991,30622,4.48604773435783,Sample_100_TCGA_LUAD
DEGAS,Other,Neg_ctrl_Sample_36,0.0462461128501552,30622,4.48604773435783,Sample_100_TCGA_LUAD
DEGAS,Other,Neg_ctrl_Sample_37,0.0724523624835991,30622,4.48604773435783,Sample_100_TCGA_LUAD
DEGAS,Other,Neg_ctrl_Sample_38,0.00511581744665386,30622,4.48604773435783,Sample_100_TCGA_LUAD
DEGAS,Other,Neg_ctrl_Sample_39,0.0369419846950601,30622,4.48604773435783,Sample_100_TCGA_LUAD
DEGAS,Other,Neg_ctrl_Sample_40,-0.125099894094675,30622,4.48604773435783,Sample_100_TCGA_LUAD
DEGAS,Other,Neg_ctrl_Sample_41,-0.0283079559046029,30622,4.48604773435783,Sample_100_TCGA_LUAD
DEGAS,Other,Neg_ctrl_Sample_42,-0.0317717776928824,30622,4.48604773435783,Sample_100_TCGA_LUAD
DEGAS,Other,Neg_ctrl_Sample_43,0.0817973832265276,30622,4.48604773435783,Sample_100_TCGA_LUAD
DEGAS,Other,Neg_ctrl_Sample_44,0.0643760024382594,30622,4.48604773435783,Sample_100_TCGA_LUAD
DEGAS,Other,Neg_ctrl_Sample_45,-0.0463462132889147,30622,4.48604773435783,Sample_100_TCGA_LUAD
DEGAS,Other,Neg_ctrl_Sample_46,0.0383301499026257,30622,4.48604773435783,Sample_100_TCGA_LUAD
DEGAS,Other,Neg_ctrl_Sample_47,0.0499002962014584,30622,4.48604773435783,Sample_100_TCGA_LUAD
DEGAS,Other,Neg_ctrl_Sample_48,0.110674992415513,30622,4.48604773435783,Sample_100_TCGA_LUAD
DEGAS,Other,Neg_ctrl_Sample_49,-0.0523337314188999,30622,4.48604773435783,Sample_100_TCGA_LUAD
DEGAS,Other,Neg_ctrl_Sample_50,-0.0175646066363462,30622,4.48604773435783,Sample_100_TCGA_LUAD
DEGAS,Other,Neg_ctrl_Sample_51,-0.1463348166753,30622,4.48604773435783,Sample_100_TCGA_LUAD
DEGAS,Other,Neg_ctrl_Sample_52,-0.0401318941017737,30622,4.48604773435783,Sample_100_TCGA_LUAD
DEGAS,Other,Neg_ctrl_Sample_53,0.0360466029178779,30622,4.48604773435783,Sample_100_TCGA_LUAD
DEGAS,Other,Neg_ctrl_Sample_54,-0.049167921334807,30622,4.48604773435783,Sample_100_TCGA_LUAD
DEGAS,Other,Neg_ctrl_Sample_55,0.0825579703077368,30622,4.48604773435783,Sample_100_TCGA_LUAD
DEGAS,Other,Neg_ctrl_Sample_56,0.0981159312734605,30622,4.48604773435783,Sample_100_TCGA_LUAD
DEGAS,Other,Neg_ctrl_Sample_57,0.0911269772081824,30622,4.48604773435783,Sample_100_TCGA_LUAD
DEGAS,Other,Neg_ctrl_Sample_58,-0.0175667692144632,30622,4.48604773435783,Sample_100_TCGA_LUAD
DEGAS,Other,Neg_ctrl_Sample_59,0.0141328993337933,30622,4.48604773435783,Sample_100_TCGA_LUAD
DEGAS,Other,Neg_ctrl_Sample_60,0.136760235055485,30622,4.48604773435783,Sample_100_TCGA_LUAD
DEGAS,Other,Neg_ctrl_Sample_61,-0.0583976036782905,30622,4.48604773435783,Sample_100_TCGA_LUAD
DEGAS,Other,Neg_ctrl_Sample_62,0.119451239648136,30622,4.48604773435783,Sample_100_TCGA_LUAD
DEGAS,Other,Neg_ctrl_Sample_63,0.109668089913988,30622,4.48604773435783,Sample_100_TCGA_LUAD
DEGAS,Other,Neg_ctrl_Sample_64,-0.0151575671957357,30622,4.48604773435783,Sample_100_TCGA_LUAD
DEGAS,Other,Neg_ctrl_Sample_65,-0.0878059931901031,30622,4.48604773435783,Sample_100_TCGA_LUAD
DEGAS,Other,Neg_ctrl_Sample_66,0.0160410528206765,30622,4.48604773435783,Sample_100_TCGA_LUAD
DEGAS,Other,Neg_ctrl_Sample_67,-0.0545568987313068,30622,4.48604773435783,Sample_100_TCGA_LUAD
DEGAS,Other,Neg_ctrl_Sample_68,0.0921580259779273,30622,4.48604773435783,Sample_100_TCGA_LUAD
DEGAS,Other,Neg_ctrl_Sample_69,-0.0386180340441037,30622,4.48604773435783,Sample_100_TCGA_LUAD
DEGAS,Other,Neg_ctrl_Sample_70,0.0824555792953795,30622,4.48604773435783,Sample_100_TCGA_LUAD
DEGAS,Other,Neg_ctrl_Sample_71,-0.00710857742293982,30622,4.48604773435783,Sample_100_TCGA_LUAD
DEGAS,Other,Neg_ctrl_Sample_72,0.0680115846399086,30622,4.48604773435783,Sample_100_TCGA_LUAD
DEGAS,Other,Neg_ctrl_Sample_73,-0.0616166687787429,30622,4.48604773435783,Sample_100_TCGA_LUAD
DEGAS,Other,Neg_ctrl_Sample_74,0.00336651101329202,30622,4.48604773435783,Sample_100_TCGA_LUAD
DEGAS,Other,Neg_ctrl_Sample_75,-0.0474890688506545,30622,4.48604773435783,Sample_100_TCGA_LUAD
DEGAS,Other,Neg_ctrl_Sample_76,-0.0206612427805194,30622,4.48604773435783,Sample_100_TCGA_LUAD
DEGAS,Other,Neg_ctrl_Sample_77,0.0355993234723735,30622,4.48604773435783,Sample_100_TCGA_LUAD
DEGAS,Other,Neg_ctrl_Sample_78,-0.0793743734044307,30622,4.48604773435783,Sample_100_TCGA_LUAD
DEGAS,Other,Neg_ctrl_Sample_79,-0.122471600493231,30622,4.48604773435783,Sample_100_TCGA_LUAD
DEGAS,Other,Neg_ctrl_Sample_80,0.0880035513426611,30622,4.48604773435783,Sample_100_TCGA_LUAD
DEGAS,Other,Neg_ctrl_Sample_81,-0.0654118106240598,30622,4.48604773435783,Sample_100_TCGA_LUAD
DEGAS,Other,Neg_ctrl_Sample_82,0.127941761909955,30622,4.48604773435783,Sample_100_TCGA_LUAD
DEGAS,Other,Neg_ctrl_Sample_83,-0.121063973370968,30622,4.48604773435783,Sample_100_TCGA_LUAD
DEGAS,Other,Neg_ctrl_Sample_84,-0.132146169431616,30622,4.48604773435783,Sample_100_TCGA_LUAD
DEGAS,Other,Neg_ctrl_Sample_85,-0.0130138642746034,30622,4.48604773435783,Sample_100_TCGA_LUAD
DEGAS,Other,Neg_ctrl_Sample_86,0.122183442275751,30622,4.48604773435783,Sample_100_TCGA_LUAD
DEGAS,Other,Neg_ctrl_Sample_87,0.0735969548151209,30622,4.48604773435783,Sample_100_TCGA_LUAD
DEGAS,Other,Neg_ctrl_Sample_88,-0.0377252078721804,30622,4.48604773435783,Sample_100_TCGA_LUAD
DEGAS,Other,Neg_ctrl_Sample_89,-0.0522984302697667,30622,4.48604773435783,Sample_100_TCGA_LUAD
DEGAS,Other,Neg_ctrl_Sample_90,0.0340285233236748,30622,4.48604773435783,Sample_100_TCGA_LUAD
DEGAS,Other,Neg_ctrl_Sample_91,0.0221446904999795,30622,4.48604773435783,Sample_100_TCGA_LUAD
DEGAS,Other,Neg_ctrl_Sample_92,0.1774628123588,30622,4.48604773435783,Sample_100_TCGA_LUAD
DEGAS,Other,Neg_ctrl_Sample_93,0.0843123839147168,30622,4.48604773435783,Sample_100_TCGA_LUAD
DEGAS,Other,Neg_ctrl_Sample_94,0.0221949320506706,30622,4.48604773435783,Sample_100_TCGA_LUAD
DEGAS,Other,Neg_ctrl_Sample_95,0.042658148907648,30622,4.48604773435783,Sample_100_TCGA_LUAD
DEGAS,Other,Neg_ctrl_Sample_96,-0.0180078778426338,30622,4.48604773435783,Sample_100_TCGA_LUAD
DEGAS,Other,Neg_ctrl_Sample_97,-0.0360582872588256,30622,4.48604773435783,Sample_100_TCGA_LUAD
DEGAS,Other,Neg_ctrl_Sample_98,-0.125611687173732,30622,4.48604773435783,Sample_100_TCGA_LUAD
DEGAS,Other,Neg_ctrl_Sample_99,0.0478391337067399,30622,4.48604773435783,Sample_100_TCGA_LUAD
DEGAS,Other,Neg_ctrl_Sample_100,-0.0832644869920142,30622,4.48604773435783,Sample_100_TCGA_LUAD
DEGAS,Positive,Neg_ctrl_Sample_1,0.0251323828550914,1612,3.20763436738896,Sample_100_TCGA_LUAD
DEGAS,Positive,Neg_ctrl_Sample_2,-0.00985361761110789,1612,3.20763436738896,Sample_100_TCGA_LUAD
DEGAS,Positive,Neg_ctrl_Sample_3,-0.154585716748774,1612,3.20763436738896,Sample_100_TCGA_LUAD
DEGAS,Positive,Neg_ctrl_Sample_4,-0.0883704560711311,1612,3.20763436738896,Sample_100_TCGA_LUAD
DEGAS,Positive,Neg_ctrl_Sample_5,-0.169700702774838,1612,3.20763436738896,Sample_100_TCGA_LUAD
DEGAS,Positive,Neg_ctrl_Sample_6,0.0692681811028192,1612,3.20763436738896,Sample_100_TCGA_LUAD
DEGAS,Positive,Neg_ctrl_Sample_7,0.0828427110234352,1612,3.20763436738896,Sample_100_TCGA_LUAD
DEGAS,Positive,Neg_ctrl_Sample_8,0.065748684796853,1612,3.20763436738896,Sample_100_TCGA_LUAD
DEGAS,Positive,Neg_ctrl_Sample_9,-0.0915214973058027,1612,3.20763436738896,Sample_100_TCGA_LUAD
DEGAS,Positive,Neg_ctrl_Sample_10,0.120597631119737,1612,3.20763436738896,Sample_100_TCGA_LUAD
DEGAS,Positive,Neg_ctrl_Sample_11,-0.141642535519511,1612,3.20763436738896,Sample_100_TCGA_LUAD
DEGAS,Positive,Neg_ctrl_Sample_12,0.0563644119159817,1612,3.20763436738896,Sample_100_TCGA_LUAD
DEGAS,Positive,Neg_ctrl_Sample_13,0.0712017190573841,1612,3.20763436738896,Sample_100_TCGA_LUAD
DEGAS,Positive,Neg_ctrl_Sample_14,0.259323097886681,1612,3.20763436738896,Sample_100_TCGA_LUAD
DEGAS,Positive,Neg_ctrl_Sample_15,0.0563953291888716,1612,3.20763436738896,Sample_100_TCGA_LUAD
DEGAS,Positive,Neg_ctrl_Sample_16,-0.0395046473279343,1612,3.20763436738896,Sample_100_TCGA_LUAD
DEGAS,Positive,Neg_ctrl_Sample_17,0.0149799527929315,1612,3.20763436738896,Sample_100_TCGA_LUAD
DEGAS,Positive,Neg_ctrl_Sample_18,0.0242853107863273,1612,3.20763436738896,Sample_100_TCGA_LUAD
DEGAS,Positive,Neg_ctrl_Sample_19,0.0698902615168238,1612,3.20763436738896,Sample_100_TCGA_LUAD
DEGAS,Positive,Neg_ctrl_Sample_20,-0.0551518912555446,1612,3.20763436738896,Sample_100_TCGA_LUAD
DEGAS,Positive,Neg_ctrl_Sample_21,0.0976221593151862,1612,3.20763436738896,Sample_100_TCGA_LUAD
DEGAS,Positive,Neg_ctrl_Sample_22,0.127776934517912,1612,3.20763436738896,Sample_100_TCGA_LUAD
DEGAS,Positive,Neg_ctrl_Sample_23,-0.0205020996062254,1612,3.20763436738896,Sample_100_TCGA_LUAD
DEGAS,Positive,Neg_ctrl_Sample_24,0.0667489934747931,1612,3.20763436738896,Sample_100_TCGA_LUAD
DEGAS,Positive,Neg_ctrl_Sample_25,0.202702815073412,1612,3.20763436738896,Sample_100_TCGA_LUAD
DEGAS,Positive,Neg_ctrl_Sample_26,0.111075772945302,1612,3.20763436738896,Sample_100_TCGA_LUAD
DEGAS,Positive,Neg_ctrl_Sample_27,-0.0736830911219989,1612,3.20763436738896,Sample_100_TCGA_LUAD
DEGAS,Positive,Neg_ctrl_Sample_28,0.0717973961294742,1612,3.20763436738896,Sample_100_TCGA_LUAD
DEGAS,Positive,Neg_ctrl_Sample_29,0.0942885078983015,1612,3.20763436738896,Sample_100_TCGA_LUAD
DEGAS,Positive,Neg_ctrl_Sample_30,-0.00207120234357506,1612,3.20763436738896,Sample_100_TCGA_LUAD
DEGAS,Positive,Neg_ctrl_Sample_31,0.0992543363409057,1612,3.20763436738896,Sample_100_TCGA_LUAD
DEGAS,Positive,Neg_ctrl_Sample_32,-0.0332946161462778,1612,3.20763436738896,Sample_100_TCGA_LUAD
DEGAS,Positive,Neg_ctrl_Sample_33,-0.100653580358491,1612,3.20763436738896,Sample_100_TCGA_LUAD
DEGAS,Positive,Neg_ctrl_Sample_34,-0.152914763056243,1612,3.20763436738896,Sample_100_TCGA_LUAD
DEGAS,Positive,Neg_ctrl_Sample_35,0.0939388095759458,1612,3.20763436738896,Sample_100_TCGA_LUAD
DEGAS,Positive,Neg_ctrl_Sample_36,0.0460178259726756,1612,3.20763436738896,Sample_100_TCGA_LUAD
DEGAS,Positive,Neg_ctrl_Sample_37,0.0730868845878378,1612,3.20763436738896,Sample_100_TCGA_LUAD
DEGAS,Positive,Neg_ctrl_Sample_38,0.00344095013214857,1612,3.20763436738896,Sample_100_TCGA_LUAD
DEGAS,Positive,Neg_ctrl_Sample_39,0.0311613862988353,1612,3.20763436738896,Sample_100_TCGA_LUAD
DEGAS,Positive,Neg_ctrl_Sample_40,-0.120681303553008,1612,3.20763436738896,Sample_100_TCGA_LUAD
DEGAS,Positive,Neg_ctrl_Sample_41,-0.0229436304213036,1612,3.20763436738896,Sample_100_TCGA_LUAD
DEGAS,Positive,Neg_ctrl_Sample_42,-0.0352898659277886,1612,3.20763436738896,Sample_100_TCGA_LUAD
DEGAS,Positive,Neg_ctrl_Sample_43,0.0828025880159264,1612,3.20763436738896,Sample_100_TCGA_LUAD
DEGAS,Positive,Neg_ctrl_Sample_44,0.0654516429241596,1612,3.20763436738896,Sample_100_TCGA_LUAD
DEGAS,Positive,Neg_ctrl_Sample_45,-0.0469694987348833,1612,3.20763436738896,Sample_100_TCGA_LUAD
DEGAS,Positive,Neg_ctrl_Sample_46,0.0406115944076772,1612,3.20763436738896,Sample_100_TCGA_LUAD
DEGAS,Positive,Neg_ctrl_Sample_47,0.0531830397246921,1612,3.20763436738896,Sample_100_TCGA_LUAD
DEGAS,Positive,Neg_ctrl_Sample_48,0.11003284410704,1612,3.20763436738896,Sample_100_TCGA_LUAD
DEGAS,Positive,Neg_ctrl_Sample_49,-0.0557957104836325,1612,3.20763436738896,Sample_100_TCGA_LUAD
DEGAS,Positive,Neg_ctrl_Sample_50,-0.0186263549359131,1612,3.20763436738896,Sample_100_TCGA_LUAD
DEGAS,Positive,Neg_ctrl_Sample_51,-0.14592412542976,1612,3.20763436738896,Sample_100_TCGA_LUAD
DEGAS,Positive,Neg_ctrl_Sample_52,-0.0385602080286584,1612,3.20763436738896,Sample_100_TCGA_LUAD
DEGAS,Positive,Neg_ctrl_Sample_53,0.0298428453214226,1612,3.20763436738896,Sample_100_TCGA_LUAD
DEGAS,Positive,Neg_ctrl_Sample_54,-0.0372180984079541,1612,3.20763436738896,Sample_100_TCGA_LUAD
DEGAS,Positive,Neg_ctrl_Sample_55,0.0786113293990757,1612,3.20763436738896,Sample_100_TCGA_LUAD
DEGAS,Positive,Neg_ctrl_Sample_56,0.0937630089360741,1612,3.20763436738896,Sample_100_TCGA_LUAD
DEGAS,Positive,Neg_ctrl_Sample_57,0.0830775915520068,1612,3.20763436738896,Sample_100_TCGA_LUAD
DEGAS,Positive,Neg_ctrl_Sample_58,-0.0211634052351054,1612,3.20763436738896,Sample_100_TCGA_LUAD
DEGAS,Positive,Neg_ctrl_Sample_59,0.0111484342302262,1612,3.20763436738896,Sample_100_TCGA_LUAD
DEGAS,Positive,Neg_ctrl_Sample_60,0.134775467730264,1612,3.20763436738896,Sample_100_TCGA_LUAD
DEGAS,Positive,Neg_ctrl_Sample_61,-0.0562516580323182,1612,3.20763436738896,Sample_100_TCGA_LUAD
DEGAS,Positive,Neg_ctrl_Sample_62,0.120605341482938,1612,3.20763436738896,Sample_100_TCGA_LUAD
DEGAS,Positive,Neg_ctrl_Sample_63,0.108330762978141,1612,3.20763436738896,Sample_100_TCGA_LUAD
DEGAS,Positive,Neg_ctrl_Sample_64,-0.00666646024403373,1612,3.20763436738896,Sample_100_TCGA_LUAD
DEGAS,Positive,Neg_ctrl_Sample_65,-0.0834717521364354,1612,3.20763436738896,Sample_100_TCGA_LUAD
DEGAS,Positive,Neg_ctrl_Sample_66,0.015653194187585,1612,3.20763436738896,Sample_100_TCGA_LUAD
DEGAS,Positive,Neg_ctrl_Sample_67,-0.0599525524674179,1612,3.20763436738896,Sample_100_TCGA_LUAD
DEGAS,Positive,Neg_ctrl_Sample_68,0.0887385213244566,1612,3.20763436738896,Sample_100_TCGA_LUAD
DEGAS,Positive,Neg_ctrl_Sample_69,-0.0294143142602629,1612,3.20763436738896,Sample_100_TCGA_LUAD
DEGAS,Positive,Neg_ctrl_Sample_70,0.0797898312931102,1612,3.20763436738896,Sample_100_TCGA_LUAD
DEGAS,Positive,Neg_ctrl_Sample_71,-0.0110962592921857,1612,3.20763436738896,Sample_100_TCGA_LUAD
DEGAS,Positive,Neg_ctrl_Sample_72,0.0803818683148302,1612,3.20763436738896,Sample_100_TCGA_LUAD
DEGAS,Positive,Neg_ctrl_Sample_73,-0.0629132360825432,1612,3.20763436738896,Sample_100_TCGA_LUAD
DEGAS,Positive,Neg_ctrl_Sample_74,0.0047934652056396,1612,3.20763436738896,Sample_100_TCGA_LUAD
DEGAS,Positive,Neg_ctrl_Sample_75,-0.0476417825537202,1612,3.20763436738896,Sample_100_TCGA_LUAD
DEGAS,Positive,Neg_ctrl_Sample_76,-0.015002924138864,1612,3.20763436738896,Sample_100_TCGA_LUAD
DEGAS,Positive,Neg_ctrl_Sample_77,0.0323184079876764,1612,3.20763436738896,Sample_100_TCGA_LUAD
DEGAS,Positive,Neg_ctrl_Sample_78,-0.0816462992051383,1612,3.20763436738896,Sample_100_TCGA_LUAD
DEGAS,Positive,Neg_ctrl_Sample_79,-0.125620392836271,1612,3.20763436738896,Sample_100_TCGA_LUAD
DEGAS,Positive,Neg_ctrl_Sample_80,0.0814145591492276,1612,3.20763436738896,Sample_100_TCGA_LUAD
DEGAS,Positive,Neg_ctrl_Sample_81,-0.0771747317564171,1612,3.20763436738896,Sample_100_TCGA_LUAD
DEGAS,Positive,Neg_ctrl_Sample_82,0.13502835712156,1612,3.20763436738896,Sample_100_TCGA_LUAD
DEGAS,Positive,Neg_ctrl_Sample_83,-0.120260791399343,1612,3.20763436738896,Sample_100_TCGA_LUAD
DEGAS,Positive,Neg_ctrl_Sample_84,-0.130199080499943,1612,3.20763436738896,Sample_100_TCGA_LUAD
DEGAS,Positive,Neg_ctrl_Sample_85,-0.0134438415005909,1612,3.20763436738896,Sample_100_TCGA_LUAD
DEGAS,Positive,Neg_ctrl_Sample_86,0.123593428236656,1612,3.20763436738896,Sample_100_TCGA_LUAD
DEGAS,Positive,Neg_ctrl_Sample_87,0.072891038672359,1612,3.20763436738896,Sample_100_TCGA_LUAD
DEGAS,Positive,Neg_ctrl_Sample_88,-0.0404105137548257,1612,3.20763436738896,Sample_100_TCGA_LUAD
DEGAS,Positive,Neg_ctrl_Sample_89,-0.055700217221192,1612,3.20763436738896,Sample_100_TCGA_LUAD
DEGAS,Positive,Neg_ctrl_Sample_90,0.0370157921225427,1612,3.20763436738896,Sample_100_TCGA_LUAD
DEGAS,Positive,Neg_ctrl_Sample_91,0.020271439091567,1612,3.20763436738896,Sample_100_TCGA_LUAD
DEGAS,Positive,Neg_ctrl_Sample_92,0.184070280542582,1612,3.20763436738896,Sample_100_TCGA_LUAD
DEGAS,Positive,Neg_ctrl_Sample_93,0.0833487452805252,1612,3.20763436738896,Sample_100_TCGA_LUAD
DEGAS,Positive,Neg_ctrl_Sample_94,0.0220629304900513,1612,3.20763436738896,Sample_100_TCGA_LUAD
DEGAS,Positive,Neg_ctrl_Sample_95,0.0354195831040197,1612,3.20763436738896,Sample_100_TCGA_LUAD
DEGAS,Positive,Neg_ctrl_Sample_96,-0.0270655456523722,1612,3.20763436738896,Sample_100_TCGA_LUAD
DEGAS,Positive,Neg_ctrl_Sample_97,-0.0346955022412131,1612,3.20763436738896,Sample_100_TCGA_LUAD
DEGAS,Positive,Neg_ctrl_Sample_98,-0.130084597916318,1612,3.20763436738896,Sample_100_TCGA_LUAD
DEGAS,Positive,Neg_ctrl_Sample_99,0.0525873137558748,1612,3.20763436738896,Sample_100_TCGA_LUAD
DEGAS,Positive,Neg_ctrl_Sample_100,-0.0933242568484818,1612,3.20763436738896,Sample_100_TCGA_LUAD
LP_SGL,Negative,Neg_ctrl_Sample_1,0.00523217742182871,739,2.86923171973098,Sample_100_TCGA_LUAD
LP_SGL,Negative,Neg_ctrl_Sample_2,0.0624748994962313,739,2.86923171973098,Sample_100_TCGA_LUAD
LP_SGL,Negative,Neg_ctrl_Sample_3,-0.0965943012811174,739,2.86923171973098,Sample_100_TCGA_LUAD
LP_SGL,Negative,Neg_ctrl_Sample_4,-0.0877209679967616,739,2.86923171973098,Sample_100_TCGA_LUAD
LP_SGL,Negative,Neg_ctrl_Sample_5,-0.159268469587496,739,2.86923171973098,Sample_100_TCGA_LUAD
LP_SGL,Negative,Neg_ctrl_Sample_6,0.0536435379182427,739,2.86923171973098,Sample_100_TCGA_LUAD
LP_SGL,Negative,Neg_ctrl_Sample_7,0.0960475947178938,739,2.86923171973098,Sample_100_TCGA_LUAD
LP_SGL,Negative,Neg_ctrl_Sample_8,0.0714903566607733,739,2.86923171973098,Sample_100_TCGA_LUAD
LP_SGL,Negative,Neg_ctrl_Sample_9,-0.0612724505348821,739,2.86923171973098,Sample_100_TCGA_LUAD
LP_SGL,Negative,Neg_ctrl_Sample_10,0.108384890562177,739,2.86923171973098,Sample_100_TCGA_LUAD
LP_SGL,Negative,Neg_ctrl_Sample_11,-0.0776086827090458,739,2.86923171973098,Sample_100_TCGA_LUAD
LP_SGL,Negative,Neg_ctrl_Sample_12,-0.000752476525588055,739,2.86923171973098,Sample_100_TCGA_LUAD
LP_SGL,Negative,Neg_ctrl_Sample_13,0.097597994584042,739,2.86923171973098,Sample_100_TCGA_LUAD
LP_SGL,Negative,Neg_ctrl_Sample_14,0.234565574564357,739,2.86923171973098,Sample_100_TCGA_LUAD
LP_SGL,Negative,Neg_ctrl_Sample_15,0.00342189696776825,739,2.86923171973098,Sample_100_TCGA_LUAD
LP_SGL,Negative,Neg_ctrl_Sample_16,-0.0261314062060091,739,2.86923171973098,Sample_100_TCGA_LUAD
LP_SGL,Negative,Neg_ctrl_Sample_17,0.0648084741016484,739,2.86923171973098,Sample_100_TCGA_LUAD
LP_SGL,Negative,Neg_ctrl_Sample_18,0.0664415623189414,739,2.86923171973098,Sample_100_TCGA_LUAD
LP_SGL,Negative,Neg_ctrl_Sample_19,0.130882810509718,739,2.86923171973098,Sample_100_TCGA_LUAD
LP_SGL,Negative,Neg_ctrl_Sample_20,0.0677622202168417,739,2.86923171973098,Sample_100_TCGA_LUAD
LP_SGL,Negative,Neg_ctrl_Sample_21,0.0770078045146402,739,2.86923171973098,Sample_100_TCGA_LUAD
LP_SGL,Negative,Neg_ctrl_Sample_22,0.112472587475989,739,2.86923171973098,Sample_100_TCGA_LUAD
LP_SGL,Negative,Neg_ctrl_Sample_23,-0.00625255675947045,739,2.86923171973098,Sample_100_TCGA_LUAD
LP_SGL,Negative,Neg_ctrl_Sample_24,0.0119408654573398,739,2.86923171973098,Sample_100_TCGA_LUAD
LP_SGL,Negative,Neg_ctrl_Sample_25,0.232005617541537,739,2.86923171973098,Sample_100_TCGA_LUAD
LP_SGL,Negative,Neg_ctrl_Sample_26,0.110210494822088,739,2.86923171973098,Sample_100_TCGA_LUAD
LP_SGL,Negative,Neg_ctrl_Sample_27,-0.0862307783312571,739,2.86923171973098,Sample_100_TCGA_LUAD
LP_SGL,Negative,Neg_ctrl_Sample_28,0.06770248891544,739,2.86923171973098,Sample_100_TCGA_LUAD
LP_SGL,Negative,Neg_ctrl_Sample_29,0.0446814445776486,739,2.86923171973098,Sample_100_TCGA_LUAD
LP_SGL,Negative,Neg_ctrl_Sample_30,0.0167089197160727,739,2.86923171973098,Sample_100_TCGA_LUAD
LP_SGL,Negative,Neg_ctrl_Sample_31,0.150587330306662,739,2.86923171973098,Sample_100_TCGA_LUAD
LP_SGL,Negative,Neg_ctrl_Sample_32,0.057635497799581,739,2.86923171973098,Sample_100_TCGA_LUAD
LP_SGL,Negative,Neg_ctrl_Sample_33,-0.10048388234076,739,2.86923171973098,Sample_100_TCGA_LUAD
LP_SGL,Negative,Neg_ctrl_Sample_34,-0.123542482325916,739,2.86923171973098,Sample_100_TCGA_LUAD
LP_SGL,Negative,Neg_ctrl_Sample_35,0.100928791477048,739,2.86923171973098,Sample_100_TCGA_LUAD
LP_SGL,Negative,Neg_ctrl_Sample_36,0.0967916960514525,739,2.86923171973098,Sample_100_TCGA_LUAD
LP_SGL,Negative,Neg_ctrl_Sample_37,0.101921031923259,739,2.86923171973098,Sample_100_TCGA_LUAD
LP_SGL,Negative,Neg_ctrl_Sample_38,-0.00579995101827713,739,2.86923171973098,Sample_100_TCGA_LUAD
LP_SGL,Negative,Neg_ctrl_Sample_39,0.112633555690467,739,2.86923171973098,Sample_100_TCGA_LUAD
LP_SGL,Negative,Neg_ctrl_Sample_40,-0.12138044223219,739,2.86923171973098,Sample_100_TCGA_LUAD
LP_SGL,Negative,Neg_ctrl_Sample_41,-0.0302944524822815,739,2.86923171973098,Sample_100_TCGA_LUAD
LP_SGL,Negative,Neg_ctrl_Sample_42,0.00846940579453349,739,2.86923171973098,Sample_100_TCGA_LUAD
LP_SGL,Negative,Neg_ctrl_Sample_43,0.049811596301314,739,2.86923171973098,Sample_100_TCGA_LUAD
LP_SGL,Negative,Neg_ctrl_Sample_44,0.0945025448665438,739,2.86923171973098,Sample_100_TCGA_LUAD
LP_SGL,Negative,Neg_ctrl_Sample_45,-0.0179393937177233,739,2.86923171973098,Sample_100_TCGA_LUAD
LP_SGL,Negative,Neg_ctrl_Sample_46,0.0717538553664643,739,2.86923171973098,Sample_100_TCGA_LUAD
LP_SGL,Negative,Neg_ctrl_Sample_47,0.0428963539962673,739,2.86923171973098,Sample_100_TCGA_LUAD
LP_SGL,Negative,Neg_ctrl_Sample_48,0.0935987167186266,739,2.86923171973098,Sample_100_TCGA_LUAD
LP_SGL,Negative,Neg_ctrl_Sample_49,-0.0116808451676707,739,2.86923171973098,Sample_100_TCGA_LUAD
LP_SGL,Negative,Neg_ctrl_Sample_50,0.0208659931204292,739,2.86923171973098,Sample_100_TCGA_LUAD
LP_SGL,Negative,Neg_ctrl_Sample_51,-0.155258517459158,739,2.86923171973098,Sample_100_TCGA_LUAD
LP_SGL,Negative,Neg_ctrl_Sample_52,-0.0534136733704028,739,2.86923171973098,Sample_100_TCGA_LUAD
LP_SGL,Negative,Neg_ctrl_Sample_53,0.12579785066796,739,2.86923171973098,Sample_100_TCGA_LUAD
LP_SGL,Negative,Neg_ctrl_Sample_54,-0.0797090919478526,739,2.86923171973098,Sample_100_TCGA_LUAD
LP_SGL,Negative,Neg_ctrl_Sample_55,0.0970332068160522,739,2.86923171973098,Sample_100_TCGA_LUAD
LP_SGL,Negative,Neg_ctrl_Sample_56,0.0857680991623704,739,2.86923171973098,Sample_100_TCGA_LUAD
LP_SGL,Negative,Neg_ctrl_Sample_57,0.112582611131769,739,2.86923171973098,Sample_100_TCGA_LUAD
LP_SGL,Negative,Neg_ctrl_Sample_58,-0.00531582278696464,739,2.86923171973098,Sample_100_TCGA_LUAD
LP_SGL,Negative,Neg_ctrl_Sample_59,0.0126749154044879,739,2.86923171973098,Sample_100_TCGA_LUAD
LP_SGL,Negative,Neg_ctrl_Sample_60,0.158199186178661,739,2.86923171973098,Sample_100_TCGA_LUAD
LP_SGL,Negative,Neg_ctrl_Sample_61,-0.0126821052119817,739,2.86923171973098,Sample_100_TCGA_LUAD
LP_SGL,Negative,Neg_ctrl_Sample_62,0.101908468138911,739,2.86923171973098,Sample_100_TCGA_LUAD
LP_SGL,Negative,Neg_ctrl_Sample_63,0.146192366070124,739,2.86923171973098,Sample_100_TCGA_LUAD
LP_SGL,Negative,Neg_ctrl_Sample_64,-0.0591411935783422,739,2.86923171973098,Sample_100_TCGA_LUAD
LP_SGL,Negative,Neg_ctrl_Sample_65,-0.0662115050965906,739,2.86923171973098,Sample_100_TCGA_LUAD
LP_SGL,Negative,Neg_ctrl_Sample_66,0.0283324875979104,739,2.86923171973098,Sample_100_TCGA_LUAD
LP_SGL,Negative,Neg_ctrl_Sample_67,-0.0327866667050237,739,2.86923171973098,Sample_100_TCGA_LUAD
LP_SGL,Negative,Neg_ctrl_Sample_68,0.144586825372314,739,2.86923171973098,Sample_100_TCGA_LUAD
LP_SGL,Negative,Neg_ctrl_Sample_69,-0.0546580066307276,739,2.86923171973098,Sample_100_TCGA_LUAD
LP_SGL,Negative,Neg_ctrl_Sample_70,0.0902597384640722,739,2.86923171973098,Sample_100_TCGA_LUAD
LP_SGL,Negative,Neg_ctrl_Sample_71,-0.0234846987052858,739,2.86923171973098,Sample_100_TCGA_LUAD
LP_SGL,Negative,Neg_ctrl_Sample_72,0.0618045373405944,739,2.86923171973098,Sample_100_TCGA_LUAD
LP_SGL,Negative,Neg_ctrl_Sample_73,-0.0852240495844998,739,2.86923171973098,Sample_100_TCGA_LUAD
LP_SGL,Negative,Neg_ctrl_Sample_74,-0.0044470281620269,739,2.86923171973098,Sample_100_TCGA_LUAD
LP_SGL,Negative,Neg_ctrl_Sample_75,-0.0450098559462832,739,2.86923171973098,Sample_100_TCGA_LUAD
LP_SGL,Negative,Neg_ctrl_Sample_76,-0.0249181530344676,739,2.86923171973098,Sample_100_TCGA_LUAD
LP_SGL,Negative,Neg_ctrl_Sample_77,0.0635456435414067,739,2.86923171973098,Sample_100_TCGA_LUAD
LP_SGL,Negative,Neg_ctrl_Sample_78,-0.0881123665368879,739,2.86923171973098,Sample_100_TCGA_LUAD
LP_SGL,Negative,Neg_ctrl_Sample_79,-0.0874821444286373,739,2.86923171973098,Sample_100_TCGA_LUAD
LP_SGL,Negative,Neg_ctrl_Sample_80,0.0999717295944837,739,2.86923171973098,Sample_100_TCGA_LUAD
LP_SGL,Negative,Neg_ctrl_Sample_81,0.020024106810521,739,2.86923171973098,Sample_100_TCGA_LUAD
LP_SGL,Negative,Neg_ctrl_Sample_82,0.0925720652006398,739,2.86923171973098,Sample_100_TCGA_LUAD
LP_SGL,Negative,Neg_ctrl_Sample_83,-0.0858182499517166,739,2.86923171973098,Sample_100_TCGA_LUAD
LP_SGL,Negative,Neg_ctrl_Sample_84,-0.143492788295626,739,2.86923171973098,Sample_100_TCGA_LUAD
LP_SGL,Negative,Neg_ctrl_Sample_85,0.00569108149507734,739,2.86923171973098,Sample_100_TCGA_LUAD
LP_SGL,Negative,Neg_ctrl_Sample_86,0.113062965101164,739,2.86923171973098,Sample_100_TCGA_LUAD
LP_SGL,Negative,Neg_ctrl_Sample_87,0.0772888644825274,739,2.86923171973098,Sample_100_TCGA_LUAD
LP_SGL,Negative,Neg_ctrl_Sample_88,-0.0282552478810927,739,2.86923171973098,Sample_100_TCGA_LUAD
LP_SGL,Negative,Neg_ctrl_Sample_89,-0.0417909960435727,739,2.86923171973098,Sample_100_TCGA_LUAD
LP_SGL,Negative,Neg_ctrl_Sample_90,0.0510992538445099,739,2.86923171973098,Sample_100_TCGA_LUAD
LP_SGL,Negative,Neg_ctrl_Sample_91,0.0190135617810689,739,2.86923171973098,Sample_100_TCGA_LUAD
LP_SGL,Negative,Neg_ctrl_Sample_92,0.149649183991699,739,2.86923171973098,Sample_100_TCGA_LUAD
LP_SGL,Negative,Neg_ctrl_Sample_93,0.100166709246697,739,2.86923171973098,Sample_100_TCGA_LUAD
LP_SGL,Negative,Neg_ctrl_Sample_94,0.00980584044488204,739,2.86923171973098,Sample_100_TCGA_LUAD
LP_SGL,Negative,Neg_ctrl_Sample_95,0.0776247438183993,739,2.86923171973098,Sample_100_TCGA_LUAD
LP_SGL,Negative,Neg_ctrl_Sample_96,0.070718607226862,739,2.86923171973098,Sample_100_TCGA_LUAD
LP_SGL,Negative,Neg_ctrl_Sample_97,0.014710726956178,739,2.86923171973098,Sample_100_TCGA_LUAD
LP_SGL,Negative,Neg_ctrl_Sample_98,-0.0880686727494343,739,2.86923171973098,Sample_100_TCGA_LUAD
LP_SGL,Negative,Neg_ctrl_Sample_99,0.0810214005343384,739,2.86923171973098,Sample_100_TCGA_LUAD
LP_SGL,Negative,Neg_ctrl_Sample_100,-0.0470158024246569,739,2.86923171973098,Sample_100_TCGA_LUAD
LP_SGL,Neutral,Neg_ctrl_Sample_1,0.0280529833010056,30477,4.48398646471933,Sample_100_TCGA_LUAD
LP_SGL,Neutral,Neg_ctrl_Sample_2,-0.00504719370857426,30477,4.48398646471933,Sample_100_TCGA_LUAD
LP_SGL,Neutral,Neg_ctrl_Sample_3,-0.146624397700231,30477,4.48398646471933,Sample_100_TCGA_LUAD
LP_SGL,Neutral,Neg_ctrl_Sample_4,-0.0922496390510301,30477,4.48398646471933,Sample_100_TCGA_LUAD
LP_SGL,Neutral,Neg_ctrl_Sample_5,-0.168157313490051,30477,4.48398646471933,Sample_100_TCGA_LUAD
LP_SGL,Neutral,Neg_ctrl_Sample_6,0.0694759076086442,30477,4.48398646471933,Sample_100_TCGA_LUAD
LP_SGL,Neutral,Neg_ctrl_Sample_7,0.0835988897008683,30477,4.48398646471933,Sample_100_TCGA_LUAD
LP_SGL,Neutral,Neg_ctrl_Sample_8,0.0643721405058738,30477,4.48398646471933,Sample_100_TCGA_LUAD
LP_SGL,Neutral,Neg_ctrl_Sample_9,-0.0953354770661595,30477,4.48398646471933,Sample_100_TCGA_LUAD
LP_SGL,Neutral,Neg_ctrl_Sample_10,0.117615277916229,30477,4.48398646471933,Sample_100_TCGA_LUAD
LP_SGL,Neutral,Neg_ctrl_Sample_11,-0.143826490244952,30477,4.48398646471933,Sample_100_TCGA_LUAD
LP_SGL,Neutral,Neg_ctrl_Sample_12,0.0495616052729414,30477,4.48398646471933,Sample_100_TCGA_LUAD
LP_SGL,Neutral,Neg_ctrl_Sample_13,0.0661538129217696,30477,4.48398646471933,Sample_100_TCGA_LUAD
LP_SGL,Neutral,Neg_ctrl_Sample_14,0.254166889517164,30477,4.48398646471933,Sample_100_TCGA_LUAD
LP_SGL,Neutral,Neg_ctrl_Sample_15,0.0552941540816769,30477,4.48398646471933,Sample_100_TCGA_LUAD
LP_SGL,Neutral,Neg_ctrl_Sample_16,-0.0455927777375692,30477,4.48398646471933,Sample_100_TCGA_LUAD
LP_SGL,Neutral,Neg_ctrl_Sample_17,0.020608209309679,30477,4.48398646471933,Sample_100_TCGA_LUAD
LP_SGL,Neutral,Neg_ctrl_Sample_18,0.0170997834575029,30477,4.48398646471933,Sample_100_TCGA_LUAD
LP_SGL,Neutral,Neg_ctrl_Sample_19,0.0770959449119565,30477,4.48398646471933,Sample_100_TCGA_LUAD
LP_SGL,Neutral,Neg_ctrl_Sample_20,-0.0541932098154126,30477,4.48398646471933,Sample_100_TCGA_LUAD
LP_SGL,Neutral,Neg_ctrl_Sample_21,0.098429335862412,30477,4.48398646471933,Sample_100_TCGA_LUAD
LP_SGL,Neutral,Neg_ctrl_Sample_22,0.13179488046708,30477,4.48398646471933,Sample_100_TCGA_LUAD
LP_SGL,Neutral,Neg_ctrl_Sample_23,-0.0203346111961741,30477,4.48398646471933,Sample_100_TCGA_LUAD
LP_SGL,Neutral,Neg_ctrl_Sample_24,0.0607180092620658,30477,4.48398646471933,Sample_100_TCGA_LUAD
LP_SGL,Neutral,Neg_ctrl_Sample_25,0.2071793225473,30477,4.48398646471933,Sample_100_TCGA_LUAD
LP_SGL,Neutral,Neg_ctrl_Sample_26,0.118189569089611,30477,4.48398646471933,Sample_100_TCGA_LUAD
LP_SGL,Neutral,Neg_ctrl_Sample_27,-0.0731221148445278,30477,4.48398646471933,Sample_100_TCGA_LUAD
LP_SGL,Neutral,Neg_ctrl_Sample_28,0.0702619310708622,30477,4.48398646471933,Sample_100_TCGA_LUAD
LP_SGL,Neutral,Neg_ctrl_Sample_29,0.0944940220195823,30477,4.48398646471933,Sample_100_TCGA_LUAD
LP_SGL,Neutral,Neg_ctrl_Sample_30,0.00234701357634715,30477,4.48398646471933,Sample_100_TCGA_LUAD
LP_SGL,Neutral,Neg_ctrl_Sample_31,0.101330476468626,30477,4.48398646471933,Sample_100_TCGA_LUAD
LP_SGL,Neutral,Neg_ctrl_Sample_32,-0.0309782766149751,30477,4.48398646471933,Sample_100_TCGA_LUAD
LP_SGL,Neutral,Neg_ctrl_Sample_33,-0.0950183126958633,30477,4.48398646471933,Sample_100_TCGA_LUAD
LP_SGL,Neutral,Neg_ctrl_Sample_34,-0.150675858515059,30477,4.48398646471933,Sample_100_TCGA_LUAD
LP_SGL,Neutral,Neg_ctrl_Sample_35,0.0941701173267748,30477,4.48398646471933,Sample_100_TCGA_LUAD
LP_SGL,Neutral,Neg_ctrl_Sample_36,0.0440485991705389,30477,4.48398646471933,Sample_100_TCGA_LUAD
LP_SGL,Neutral,Neg_ctrl_Sample_37,0.0706880636256913,30477,4.48398646471933,Sample_100_TCGA_LUAD
LP_SGL,Neutral,Neg_ctrl_Sample_38,0.00413840683867438,30477,4.48398646471933,Sample_100_TCGA_LUAD
LP_SGL,Neutral,Neg_ctrl_Sample_39,0.0331340246073946,30477,4.48398646471933,Sample_100_TCGA_LUAD
LP_SGL,Neutral,Neg_ctrl_Sample_40,-0.125646499516974,30477,4.48398646471933,Sample_100_TCGA_LUAD
LP_SGL,Neutral,Neg_ctrl_Sample_41,-0.0278207883616015,30477,4.48398646471933,Sample_100_TCGA_LUAD
LP_SGL,Neutral,Neg_ctrl_Sample_42,-0.0326534658515457,30477,4.48398646471933,Sample_100_TCGA_LUAD
LP_SGL,Neutral,Neg_ctrl_Sample_43,0.0832334906217292,30477,4.48398646471933,Sample_100_TCGA_LUAD
LP_SGL,Neutral,Neg_ctrl_Sample_44,0.0638221131026669,30477,4.48398646471933,Sample_100_TCGA_LUAD
LP_SGL,Neutral,Neg_ctrl_Sample_45,-0.0477452174311706,30477,4.48398646471933,Sample_100_TCGA_LUAD
LP_SGL,Neutral,Neg_ctrl_Sample_46,0.0378324363762326,30477,4.48398646471933,Sample_100_TCGA_LUAD
LP_SGL,Neutral,Neg_ctrl_Sample_47,0.0503101473487202,30477,4.48398646471933,Sample_100_TCGA_LUAD
LP_SGL,Neutral,Neg_ctrl_Sample_48,0.111559425178091,30477,4.48398646471933,Sample_100_TCGA_LUAD
LP_SGL,Neutral,Neg_ctrl_Sample_49,-0.0547609789777579,30477,4.48398646471933,Sample_100_TCGA_LUAD
LP_SGL,Neutral,Neg_ctrl_Sample_50,-0.0192659681049338,30477,4.48398646471933,Sample_100_TCGA_LUAD
LP_SGL,Neutral,Neg_ctrl_Sample_51,-0.145635278043863,30477,4.48398646471933,Sample_100_TCGA_LUAD
LP_SGL,Neutral,Neg_ctrl_Sample_52,-0.0388300376455453,30477,4.48398646471933,Sample_100_TCGA_LUAD
LP_SGL,Neutral,Neg_ctrl_Sample_53,0.0300442135524745,30477,4.48398646471933,Sample_100_TCGA_LUAD
LP_SGL,Neutral,Neg_ctrl_Sample_54,-0.0465627611392397,30477,4.48398646471933,Sample_100_TCGA_LUAD
LP_SGL,Neutral,Neg_ctrl_Sample_55,0.0818646214804566,30477,4.48398646471933,Sample_100_TCGA_LUAD
LP_SGL,Neutral,Neg_ctrl_Sample_56,0.0994802178780916,30477,4.48398646471933,Sample_100_TCGA_LUAD
LP_SGL,Neutral,Neg_ctrl_Sample_57,0.0889593170291127,30477,4.48398646471933,Sample_100_TCGA_LUAD
LP_SGL,Neutral,Neg_ctrl_Sample_58,-0.0181351454072373,30477,4.48398646471933,Sample_100_TCGA_LUAD
LP_SGL,Neutral,Neg_ctrl_Sample_59,0.014094791725787,30477,4.48398646471933,Sample_100_TCGA_LUAD
LP_SGL,Neutral,Neg_ctrl_Sample_60,0.135627438914842,30477,4.48398646471933,Sample_100_TCGA_LUAD
LP_SGL,Neutral,Neg_ctrl_Sample_61,-0.0606371042406993,30477,4.48398646471933,Sample_100_TCGA_LUAD
LP_SGL,Neutral,Neg_ctrl_Sample_62,0.119542880886704,30477,4.48398646471933,Sample_100_TCGA_LUAD
LP_SGL,Neutral,Neg_ctrl_Sample_63,0.108745766947113,30477,4.48398646471933,Sample_100_TCGA_LUAD
LP_SGL,Neutral,Neg_ctrl_Sample_64,-0.011697087667297,30477,4.48398646471933,Sample_100_TCGA_LUAD
LP_SGL,Neutral,Neg_ctrl_Sample_65,-0.0880410792922354,30477,4.48398646471933,Sample_100_TCGA_LUAD
LP_SGL,Neutral,Neg_ctrl_Sample_66,0.0152399558586537,30477,4.48398646471933,Sample_100_TCGA_LUAD
LP_SGL,Neutral,Neg_ctrl_Sample_67,-0.0554634879490165,30477,4.48398646471933,Sample_100_TCGA_LUAD
LP_SGL,Neutral,Neg_ctrl_Sample_68,0.0893929782912692,30477,4.48398646471933,Sample_100_TCGA_LUAD
LP_SGL,Neutral,Neg_ctrl_Sample_69,-0.0377974574904099,30477,4.48398646471933,Sample_100_TCGA_LUAD
LP_SGL,Neutral,Neg_ctrl_Sample_70,0.0820095655830985,30477,4.48398646471933,Sample_100_TCGA_LUAD
LP_SGL,Neutral,Neg_ctrl_Sample_71,-0.00718922192874472,30477,4.48398646471933,Sample_100_TCGA_LUAD
LP_SGL,Neutral,Neg_ctrl_Sample_72,0.0683910150404143,30477,4.48398646471933,Sample_100_TCGA_LUAD
LP_SGL,Neutral,Neg_ctrl_Sample_73,-0.060772179411347,30477,4.48398646471933,Sample_100_TCGA_LUAD
LP_SGL,Neutral,Neg_ctrl_Sample_74,0.0029912710561076,30477,4.48398646471933,Sample_100_TCGA_LUAD
LP_SGL,Neutral,Neg_ctrl_Sample_75,-0.0476174135921301,30477,4.48398646471933,Sample_100_TCGA_LUAD
LP_SGL,Neutral,Neg_ctrl_Sample_76,-0.0203556386346592,30477,4.48398646471933,Sample_100_TCGA_LUAD
LP_SGL,Neutral,Neg_ctrl_Sample_77,0.034393544581417,30477,4.48398646471933,Sample_100_TCGA_LUAD
LP_SGL,Neutral,Neg_ctrl_Sample_78,-0.079018887767191,30477,4.48398646471933,Sample_100_TCGA_LUAD
LP_SGL,Neutral,Neg_ctrl_Sample_79,-0.123485591028523,30477,4.48398646471933,Sample_100_TCGA_LUAD
LP_SGL,Neutral,Neg_ctrl_Sample_80,0.0866423075710238,30477,4.48398646471933,Sample_100_TCGA_LUAD
LP_SGL,Neutral,Neg_ctrl_Sample_81,-0.0689571779422423,30477,4.48398646471933,Sample_100_TCGA_LUAD
LP_SGL,Neutral,Neg_ctrl_Sample_82,0.130672481798865,30477,4.48398646471933,Sample_100_TCGA_LUAD
LP_SGL,Neutral,Neg_ctrl_Sample_83,-0.123899586615828,30477,4.48398646471933,Sample_100_TCGA_LUAD
LP_SGL,Neutral,Neg_ctrl_Sample_84,-0.13158435715163,30477,4.48398646471933,Sample_100_TCGA_LUAD
LP_SGL,Neutral,Neg_ctrl_Sample_85,-0.0129824016567109,30477,4.48398646471933,Sample_100_TCGA_LUAD
LP_SGL,Neutral,Neg_ctrl_Sample_86,0.122593405337541,30477,4.48398646471933,Sample_100_TCGA_LUAD
LP_SGL,Neutral,Neg_ctrl_Sample_87,0.0729731577612106,30477,4.48398646471933,Sample_100_TCGA_LUAD
LP_SGL,Neutral,Neg_ctrl_Sample_88,-0.0382440850360416,30477,4.48398646471933,Sample_100_TCGA_LUAD
LP_SGL,Neutral,Neg_ctrl_Sample_89,-0.0526973507203477,30477,4.48398646471933,Sample_100_TCGA_LUAD
LP_SGL,Neutral,Neg_ctrl_Sample_90,0.033756833767392,30477,4.48398646471933,Sample_100_TCGA_LUAD
LP_SGL,Neutral,Neg_ctrl_Sample_91,0.0221449877791621,30477,4.48398646471933,Sample_100_TCGA_LUAD
LP_SGL,Neutral,Neg_ctrl_Sample_92,0.179060543898454,30477,4.48398646471933,Sample_100_TCGA_LUAD
LP_SGL,Neutral,Neg_ctrl_Sample_93,0.0831508555247786,30477,4.48398646471933,Sample_100_TCGA_LUAD
LP_SGL,Neutral,Neg_ctrl_Sample_94,0.0224699920646842,30477,4.48398646471933,Sample_100_TCGA_LUAD
LP_SGL,Neutral,Neg_ctrl_Sample_95,0.041411584685079,30477,4.48398646471933,Sample_100_TCGA_LUAD
LP_SGL,Neutral,Neg_ctrl_Sample_96,-0.0221282866112495,30477,4.48398646471933,Sample_100_TCGA_LUAD
LP_SGL,Neutral,Neg_ctrl_Sample_97,-0.0375928934267193,30477,4.48398646471933,Sample_100_TCGA_LUAD
LP_SGL,Neutral,Neg_ctrl_Sample_98,-0.128101836818886,30477,4.48398646471933,Sample_100_TCGA_LUAD
LP_SGL,Neutral,Neg_ctrl_Sample_99,0.0455478786887538,30477,4.48398646471933,Sample_100_TCGA_LUAD
LP_SGL,Neutral,Neg_ctrl_Sample_100,-0.0863617440759013,30477,4.48398646471933,Sample_100_TCGA_LUAD
LP_SGL,Positive,Neg_ctrl_Sample_1,0.0121393701922579,1018,3.00817418400643,Sample_100_TCGA_LUAD
LP_SGL,Positive,Neg_ctrl_Sample_2,0.0331350724559935,1018,3.00817418400643,Sample_100_TCGA_LUAD
LP_SGL,Positive,Neg_ctrl_Sample_3,-0.110003316936668,1018,3.00817418400643,Sample_100_TCGA_LUAD
LP_SGL,Positive,Neg_ctrl_Sample_4,-0.0795997776573758,1018,3.00817418400643,Sample_100_TCGA_LUAD
LP_SGL,Positive,Neg_ctrl_Sample_5,-0.137768043597764,1018,3.00817418400643,Sample_100_TCGA_LUAD
LP_SGL,Positive,Neg_ctrl_Sample_6,0.0335282213467099,1018,3.00817418400643,Sample_100_TCGA_LUAD
LP_SGL,Positive,Neg_ctrl_Sample_7,0.0962833464016851,1018,3.00817418400643,Sample_100_TCGA_LUAD
LP_SGL,Positive,Neg_ctrl_Sample_8,0.0718998018129819,1018,3.00817418400643,Sample_100_TCGA_LUAD
LP_SGL,Positive,Neg_ctrl_Sample_9,-0.0755920810432548,1018,3.00817418400643,Sample_100_TCGA_LUAD
LP_SGL,Positive,Neg_ctrl_Sample_10,0.136530988628757,1018,3.00817418400643,Sample_100_TCGA_LUAD
LP_SGL,Positive,Neg_ctrl_Sample_11,-0.0787484671579194,1018,3.00817418400643,Sample_100_TCGA_LUAD
LP_SGL,Positive,Neg_ctrl_Sample_12,-0.00947515773439338,1018,3.00817418400643,Sample_100_TCGA_LUAD
LP_SGL,Positive,Neg_ctrl_Sample_13,0.0649434267356065,1018,3.00817418400643,Sample_100_TCGA_LUAD
LP_SGL,Positive,Neg_ctrl_Sample_14,0.2310326683803,1018,3.00817418400643,Sample_100_TCGA_LUAD
LP_SGL,Positive,Neg_ctrl_Sample_15,0.0332142549195582,1018,3.00817418400643,Sample_100_TCGA_LUAD
LP_SGL,Positive,Neg_ctrl_Sample_16,-0.0120313590738585,1018,3.00817418400643,Sample_100_TCGA_LUAD
LP_SGL,Positive,Neg_ctrl_Sample_17,0.0254013611288169,1018,3.00817418400643,Sample_100_TCGA_LUAD
LP_SGL,Positive,Neg_ctrl_Sample_18,0.0618975773535804,1018,3.00817418400643,Sample_100_TCGA_LUAD
LP_SGL,Positive,Neg_ctrl_Sample_19,0.0905631648298449,1018,3.00817418400643,Sample_100_TCGA_LUAD
LP_SGL,Positive,Neg_ctrl_Sample_20,-0.00434772308442046,1018,3.00817418400643,Sample_100_TCGA_LUAD
LP_SGL,Positive,Neg_ctrl_Sample_21,0.0653182987415061,1018,3.00817418400643,Sample_100_TCGA_LUAD
LP_SGL,Positive,Neg_ctrl_Sample_22,0.122778343790835,1018,3.00817418400643,Sample_100_TCGA_LUAD
LP_SGL,Positive,Neg_ctrl_Sample_23,0.0344033153293859,1018,3.00817418400643,Sample_100_TCGA_LUAD
LP_SGL,Positive,Neg_ctrl_Sample_24,0.00867431556895639,1018,3.00817418400643,Sample_100_TCGA_LUAD
LP_SGL,Positive,Neg_ctrl_Sample_25,0.252841273656505,1018,3.00817418400643,Sample_100_TCGA_LUAD
LP_SGL,Positive,Neg_ctrl_Sample_26,0.125286251357561,1018,3.00817418400643,Sample_100_TCGA_LUAD
LP_SGL,Positive,Neg_ctrl_Sample_27,-0.0708522701097588,1018,3.00817418400643,Sample_100_TCGA_LUAD
LP_SGL,Positive,Neg_ctrl_Sample_28,0.0498583702512987,1018,3.00817418400643,Sample_100_TCGA_LUAD
LP_SGL,Positive,Neg_ctrl_Sample_29,0.0623061913288232,1018,3.00817418400643,Sample_100_TCGA_LUAD
LP_SGL,Positive,Neg_ctrl_Sample_30,0.0229215053566606,1018,3.00817418400643,Sample_100_TCGA_LUAD
LP_SGL,Positive,Neg_ctrl_Sample_31,0.145451229850338,1018,3.00817418400643,Sample_100_TCGA_LUAD
LP_SGL,Positive,Neg_ctrl_Sample_32,-0.00506636474220803,1018,3.00817418400643,Sample_100_TCGA_LUAD
LP_SGL,Positive,Neg_ctrl_Sample_33,-0.0909789467849939,1018,3.00817418400643,Sample_100_TCGA_LUAD
LP_SGL,Positive,Neg_ctrl_Sample_34,-0.176684725216586,1018,3.00817418400643,Sample_100_TCGA_LUAD
LP_SGL,Positive,Neg_ctrl_Sample_35,0.100507800888823,1018,3.00817418400643,Sample_100_TCGA_LUAD
LP_SGL,Positive,Neg_ctrl_Sample_36,0.0749813191187307,1018,3.00817418400643,Sample_100_TCGA_LUAD
LP_SGL,Positive,Neg_ctrl_Sample_37,0.104884621038198,1018,3.00817418400643,Sample_100_TCGA_LUAD
LP_SGL,Positive,Neg_ctrl_Sample_38,0.0396496189044059,1018,3.00817418400643,Sample_100_TCGA_LUAD
LP_SGL,Positive,Neg_ctrl_Sample_39,0.0868445426630927,1018,3.00817418400643,Sample_100_TCGA_LUAD
LP_SGL,Positive,Neg_ctrl_Sample_40,-0.104438807176978,1018,3.00817418400643,Sample_100_TCGA_LUAD
LP_SGL,Positive,Neg_ctrl_Sample_41,-0.0329563759027081,1018,3.00817418400643,Sample_100_TCGA_LUAD
LP_SGL,Positive,Neg_ctrl_Sample_42,-0.0401589906794156,1018,3.00817418400643,Sample_100_TCGA_LUAD
LP_SGL,Positive,Neg_ctrl_Sample_43,0.063614319940363,1018,3.00817418400643,Sample_100_TCGA_LUAD
LP_SGL,Positive,Neg_ctrl_Sample_44,0.0607918206009503,1018,3.00817418400643,Sample_100_TCGA_LUAD
LP_SGL,Positive,Neg_ctrl_Sample_45,-0.0260710920300497,1018,3.00817418400643,Sample_100_TCGA_LUAD
LP_SGL,Positive,Neg_ctrl_Sample_46,0.0325800372781184,1018,3.00817418400643,Sample_100_TCGA_LUAD
LP_SGL,Positive,Neg_ctrl_Sample_47,0.0479127347417241,1018,3.00817418400643,Sample_100_TCGA_LUAD
LP_SGL,Positive,Neg_ctrl_Sample_48,0.0955761391362095,1018,3.00817418400643,Sample_100_TCGA_LUAD
LP_SGL,Positive,Neg_ctrl_Sample_49,-0.0146598309677138,1018,3.00817418400643,Sample_100_TCGA_LUAD
LP_SGL,Positive,Neg_ctrl_Sample_50,0.00379162322513212,1018,3.00817418400643,Sample_100_TCGA_LUAD
LP_SGL,Positive,Neg_ctrl_Sample_51,-0.160149344871022,1018,3.00817418400643,Sample_100_TCGA_LUAD
LP_SGL,Positive,Neg_ctrl_Sample_52,-0.0669765762109012,1018,3.00817418400643,Sample_100_TCGA_LUAD
LP_SGL,Positive,Neg_ctrl_Sample_53,0.140769777138509,1018,3.00817418400643,Sample_100_TCGA_LUAD
LP_SGL,Positive,Neg_ctrl_Sample_54,-0.0860681449489284,1018,3.00817418400643,Sample_100_TCGA_LUAD
LP_SGL,Positive,Neg_ctrl_Sample_55,0.0865579774635497,1018,3.00817418400643,Sample_100_TCGA_LUAD
LP_SGL,Positive,Neg_ctrl_Sample_56,0.0593426250582224,1018,3.00817418400643,Sample_100_TCGA_LUAD
LP_SGL,Positive,Neg_ctrl_Sample_57,0.127701099143566,1018,3.00817418400643,Sample_100_TCGA_LUAD
LP_SGL,Positive,Neg_ctrl_Sample_58,-0.0151392893009232,1018,3.00817418400643,Sample_100_TCGA_LUAD
LP_SGL,Positive,Neg_ctrl_Sample_59,0.0116062764909776,1018,3.00817418400643,Sample_100_TCGA_LUAD
LP_SGL,Positive,Neg_ctrl_Sample_60,0.151967895340444,1018,3.00817418400643,Sample_100_TCGA_LUAD
LP_SGL,Positive,Neg_ctrl_Sample_61,-0.0211394802448536,1018,3.00817418400643,Sample_100_TCGA_LUAD
LP_SGL,Positive,Neg_ctrl_Sample_62,0.131270070959731,1018,3.00817418400643,Sample_100_TCGA_LUAD
LP_SGL,Positive,Neg_ctrl_Sample_63,0.1086488619783,1018,3.00817418400643,Sample_100_TCGA_LUAD
LP_SGL,Positive,Neg_ctrl_Sample_64,-0.0733829800497023,1018,3.00817418400643,Sample_100_TCGA_LUAD
LP_SGL,Positive,Neg_ctrl_Sample_65,-0.0895808566359779,1018,3.00817418400643,Sample_100_TCGA_LUAD
LP_SGL,Positive,Neg_ctrl_Sample_66,0.0304874513419457,1018,3.00817418400643,Sample_100_TCGA_LUAD
LP_SGL,Positive,Neg_ctrl_Sample_67,-0.0517630634679431,1018,3.00817418400643,Sample_100_TCGA_LUAD
LP_SGL,Positive,Neg_ctrl_Sample_68,0.131463756913524,1018,3.00817418400643,Sample_100_TCGA_LUAD
LP_SGL,Positive,Neg_ctrl_Sample_69,-0.0369665365920993,1018,3.00817418400643,Sample_100_TCGA_LUAD
LP_SGL,Positive,Neg_ctrl_Sample_70,0.0859218862736348,1018,3.00817418400643,Sample_100_TCGA_LUAD
LP_SGL,Positive,Neg_ctrl_Sample_71,0.000879254657457624,1018,3.00817418400643,Sample_100_TCGA_LUAD
LP_SGL,Positive,Neg_ctrl_Sample_72,0.0807463635416328,1018,3.00817418400643,Sample_100_TCGA_LUAD
LP_SGL,Positive,Neg_ctrl_Sample_73,-0.0718148166455323,1018,3.00817418400643,Sample_100_TCGA_LUAD
LP_SGL,Positive,Neg_ctrl_Sample_74,0.0225321728833652,1018,3.00817418400643,Sample_100_TCGA_LUAD
LP_SGL,Positive,Neg_ctrl_Sample_75,-0.0456882340173723,1018,3.00817418400643,Sample_100_TCGA_LUAD
LP_SGL,Positive,Neg_ctrl_Sample_76,-0.0177602911354989,1018,3.00817418400643,Sample_100_TCGA_LUAD
LP_SGL,Positive,Neg_ctrl_Sample_77,0.0462155876838992,1018,3.00817418400643,Sample_100_TCGA_LUAD
LP_SGL,Positive,Neg_ctrl_Sample_78,-0.0872713313926585,1018,3.00817418400643,Sample_100_TCGA_LUAD
LP_SGL,Positive,Neg_ctrl_Sample_79,-0.122500747590112,1018,3.00817418400643,Sample_100_TCGA_LUAD
LP_SGL,Positive,Neg_ctrl_Sample_80,0.109634874804628,1018,3.00817418400643,Sample_100_TCGA_LUAD
LP_SGL,Positive,Neg_ctrl_Sample_81,-0.0399175199494694,1018,3.00817418400643,Sample_100_TCGA_LUAD
LP_SGL,Positive,Neg_ctrl_Sample_82,0.0830867985455097,1018,3.00817418400643,Sample_100_TCGA_LUAD
LP_SGL,Positive,Neg_ctrl_Sample_83,-0.0604852655173111,1018,3.00817418400643,Sample_100_TCGA_LUAD
LP_SGL,Positive,Neg_ctrl_Sample_84,-0.137645672534536,1018,3.00817418400643,Sample_100_TCGA_LUAD
LP_SGL,Positive,Neg_ctrl_Sample_85,-0.0282152045669381,1018,3.00817418400643,Sample_100_TCGA_LUAD
LP_SGL,Positive,Neg_ctrl_Sample_86,0.118763487233324,1018,3.00817418400643,Sample_100_TCGA_LUAD
LP_SGL,Positive,Neg_ctrl_Sample_87,0.0884743661566465,1018,3.00817418400643,Sample_100_TCGA_LUAD
LP_SGL,Positive,Neg_ctrl_Sample_88,-0.0333177365492327,1018,3.00817418400643,Sample_100_TCGA_LUAD
LP_SGL,Positive,Neg_ctrl_Sample_89,-0.0533699193527717,1018,3.00817418400643,Sample_100_TCGA_LUAD
LP_SGL,Positive,Neg_ctrl_Sample_90,0.0345005174844887,1018,3.00817418400643,Sample_100_TCGA_LUAD
LP_SGL,Positive,Neg_ctrl_Sample_91,0.0214424927350128,1018,3.00817418400643,Sample_100_TCGA_LUAD
LP_SGL,Positive,Neg_ctrl_Sample_92,0.160283486171685,1018,3.00817418400643,Sample_100_TCGA_LUAD
LP_SGL,Positive,Neg_ctrl_Sample_93,0.106051253110682,1018,3.00817418400643,Sample_100_TCGA_LUAD
LP_SGL,Positive,Neg_ctrl_Sample_94,0.0227447828697954,1018,3.00817418400643,Sample_100_TCGA_LUAD
LP_SGL,Positive,Neg_ctrl_Sample_95,0.0431322708101466,1018,3.00817418400643,Sample_100_TCGA_LUAD
LP_SGL,Positive,Neg_ctrl_Sample_96,0.0265970976636989,1018,3.00817418400643,Sample_100_TCGA_LUAD
LP_SGL,Positive,Neg_ctrl_Sample_97,-0.0248120199480203,1018,3.00817418400643,Sample_100_TCGA_LUAD
LP_SGL,Positive,Neg_ctrl_Sample_98,-0.0853978650138678,1018,3.00817418400643,Sample_100_TCGA_LUAD
LP_SGL,Positive,Neg_ctrl_Sample_99,0.0998656074167358,1018,3.00817418400643,Sample_100_TCGA_LUAD
LP_SGL,Positive,Neg_ctrl_Sample_100,-0.0327821910767651,1018,3.00817418400643,Sample_100_TCGA_LUAD
PIPET,Neutral,Neg_ctrl_Sample_1,0.0270272144330582,32234,4.50832767454712,Sample_100_TCGA_LUAD
PIPET,Neutral,Neg_ctrl_Sample_2,-0.0022933197297357,32234,4.50832767454712,Sample_100_TCGA_LUAD
PIPET,Neutral,Neg_ctrl_Sample_3,-0.144320851709319,32234,4.50832767454712,Sample_100_TCGA_LUAD
PIPET,Neutral,Neg_ctrl_Sample_4,-0.0917463119179462,32234,4.50832767454712,Sample_100_TCGA_LUAD
PIPET,Neutral,Neg_ctrl_Sample_5,-0.166993786394614,32234,4.50832767454712,Sample_100_TCGA_LUAD
PIPET,Neutral,Neg_ctrl_Sample_6,0.0679776490674806,32234,4.50832767454712,Sample_100_TCGA_LUAD
PIPET,Neutral,Neg_ctrl_Sample_7,0.0842848849211021,32234,4.50832767454712,Sample_100_TCGA_LUAD
PIPET,Neutral,Neg_ctrl_Sample_8,0.0647730687477646,32234,4.50832767454712,Sample_100_TCGA_LUAD
PIPET,Neutral,Neg_ctrl_Sample_9,-0.0939310173727323,32234,4.50832767454712,Sample_100_TCGA_LUAD
PIPET,Neutral,Neg_ctrl_Sample_10,0.118001048756047,32234,4.50832767454712,Sample_100_TCGA_LUAD
PIPET,Neutral,Neg_ctrl_Sample_11,-0.140253108496747,32234,4.50832767454712,Sample_100_TCGA_LUAD
PIPET,Neutral,Neg_ctrl_Sample_12,0.0465436263937895,32234,4.50832767454712,Sample_100_TCGA_LUAD
PIPET,Neutral,Neg_ctrl_Sample_13,0.0668364795815356,32234,4.50832767454712,Sample_100_TCGA_LUAD
PIPET,Neutral,Neg_ctrl_Sample_14,0.252986892964845,32234,4.50832767454712,Sample_100_TCGA_LUAD
PIPET,Neutral,Neg_ctrl_Sample_15,0.0534076077221121,32234,4.50832767454712,Sample_100_TCGA_LUAD
PIPET,Neutral,Neg_ctrl_Sample_16,-0.0440866823798264,32234,4.50832767454712,Sample_100_TCGA_LUAD
PIPET,Neutral,Neg_ctrl_Sample_17,0.021772924338318,32234,4.50832767454712,Sample_100_TCGA_LUAD
PIPET,Neutral,Neg_ctrl_Sample_18,0.0196457823643967,32234,4.50832767454712,Sample_100_TCGA_LUAD
PIPET,Neutral,Neg_ctrl_Sample_19,0.0787543839376174,32234,4.50832767454712,Sample_100_TCGA_LUAD
PIPET,Neutral,Neg_ctrl_Sample_20,-0.0498230488584731,32234,4.50832767454712,Sample_100_TCGA_LUAD
PIPET,Neutral,Neg_ctrl_Sample_21,0.0968925254307223,32234,4.50832767454712,Sample_100_TCGA_LUAD
PIPET,Neutral,Neg_ctrl_Sample_22,0.131067139297605,32234,4.50832767454712,Sample_100_TCGA_LUAD
PIPET,Neutral,Neg_ctrl_Sample_23,-0.0182830554652147,32234,4.50832767454712,Sample_100_TCGA_LUAD
PIPET,Neutral,Neg_ctrl_Sample_24,0.0579561184185068,32234,4.50832767454712,Sample_100_TCGA_LUAD
PIPET,Neutral,Neg_ctrl_Sample_25,0.20919056838182,32234,4.50832767454712,Sample_100_TCGA_LUAD
PIPET,Neutral,Neg_ctrl_Sample_26,0.118230764307862,32234,4.50832767454712,Sample_100_TCGA_LUAD
PIPET,Neutral,Neg_ctrl_Sample_27,-0.073350960174822,32234,4.50832767454712,Sample_100_TCGA_LUAD
PIPET,Neutral,Neg_ctrl_Sample_28,0.0695588767596633,32234,4.50832767454712,Sample_100_TCGA_LUAD
PIPET,Neutral,Neg_ctrl_Sample_29,0.0923354718435948,32234,4.50832767454712,Sample_100_TCGA_LUAD
PIPET,Neutral,Neg_ctrl_Sample_30,0.00332605065736769,32234,4.50832767454712,Sample_100_TCGA_LUAD
PIPET,Neutral,Neg_ctrl_Sample_31,0.103853146380176,32234,4.50832767454712,Sample_100_TCGA_LUAD
PIPET,Neutral,Neg_ctrl_Sample_32,-0.028128369511332,32234,4.50832767454712,Sample_100_TCGA_LUAD
PIPET,Neutral,Neg_ctrl_Sample_33,-0.0950160474315558,32234,4.50832767454712,Sample_100_TCGA_LUAD
PIPET,Neutral,Neg_ctrl_Sample_34,-0.150875196521461,32234,4.50832767454712,Sample_100_TCGA_LUAD
PIPET,Neutral,Neg_ctrl_Sample_35,0.0945252213183124,32234,4.50832767454712,Sample_100_TCGA_LUAD
PIPET,Neutral,Neg_ctrl_Sample_36,0.0462346963816282,32234,4.50832767454712,Sample_100_TCGA_LUAD
PIPET,Neutral,Neg_ctrl_Sample_37,0.0724840944942719,32234,4.50832767454712,Sample_100_TCGA_LUAD
PIPET,Neutral,Neg_ctrl_Sample_38,0.00503205849303401,32234,4.50832767454712,Sample_100_TCGA_LUAD
PIPET,Neutral,Neg_ctrl_Sample_39,0.0366529009755491,32234,4.50832767454712,Sample_100_TCGA_LUAD
PIPET,Neutral,Neg_ctrl_Sample_40,-0.124878923444021,32234,4.50832767454712,Sample_100_TCGA_LUAD
PIPET,Neutral,Neg_ctrl_Sample_41,-0.0280396897049666,32234,4.50832767454712,Sample_100_TCGA_LUAD
PIPET,Neutral,Neg_ctrl_Sample_42,-0.0319477148472744,32234,4.50832767454712,Sample_100_TCGA_LUAD
PIPET,Neutral,Neg_ctrl_Sample_43,0.0818476528213813,32234,4.50832767454712,Sample_100_TCGA_LUAD
PIPET,Neutral,Neg_ctrl_Sample_44,0.0644297944734791,32234,4.50832767454712,Sample_100_TCGA_LUAD
PIPET,Neutral,Neg_ctrl_Sample_45,-0.0463773833620952,32234,4.50832767454712,Sample_100_TCGA_LUAD
PIPET,Neutral,Neg_ctrl_Sample_46,0.0384442433611524,32234,4.50832767454712,Sample_100_TCGA_LUAD
PIPET,Neutral,Neg_ctrl_Sample_47,0.0500644639299268,32234,4.50832767454712,Sample_100_TCGA_LUAD
PIPET,Neutral,Neg_ctrl_Sample_48,0.110642879023652,32234,4.50832767454712,Sample_100_TCGA_LUAD
PIPET,Neutral,Neg_ctrl_Sample_49,-0.0525068625925782,32234,4.50832767454712,Sample_100_TCGA_LUAD
PIPET,Neutral,Neg_ctrl_Sample_50,-0.0176177039329554,32234,4.50832767454712,Sample_100_TCGA_LUAD
PIPET,Neutral,Neg_ctrl_Sample_51,-0.146314278290743,32234,4.50832767454712,Sample_100_TCGA_LUAD
PIPET,Neutral,Neg_ctrl_Sample_52,-0.0400532951705253,32234,4.50832767454712,Sample_100_TCGA_LUAD
PIPET,Neutral,Neg_ctrl_Sample_53,0.035736357300037,32234,4.50832767454712,Sample_100_TCGA_LUAD
PIPET,Neutral,Neg_ctrl_Sample_54,-0.0485703189721438,32234,4.50832767454712,Sample_100_TCGA_LUAD
PIPET,Neutral,Neg_ctrl_Sample_55,0.0823606015311422,32234,4.50832767454712,Sample_100_TCGA_LUAD
PIPET,Neutral,Neg_ctrl_Sample_56,0.0978982446441913,32234,4.50832767454712,Sample_100_TCGA_LUAD
PIPET,Neutral,Neg_ctrl_Sample_57,0.0907244330102006,32234,4.50832767454712,Sample_100_TCGA_LUAD
PIPET,Neutral,Neg_ctrl_Sample_58,-0.0177466344891815,32234,4.50832767454712,Sample_100_TCGA_LUAD
PIPET,Neutral,Neg_ctrl_Sample_59,0.0139836483023683,32234,4.50832767454712,Sample_100_TCGA_LUAD
PIPET,Neutral,Neg_ctrl_Sample_60,0.136660978217108,32234,4.50832767454712,Sample_100_TCGA_LUAD
PIPET,Neutral,Neg_ctrl_Sample_61,-0.0582902864237981,32234,4.50832767454712,Sample_100_TCGA_LUAD
PIPET,Neutral,Neg_ctrl_Sample_62,0.119508955481036,32234,4.50832767454712,Sample_100_TCGA_LUAD
PIPET,Neutral,Neg_ctrl_Sample_63,0.10960121112077,32234,4.50832767454712,Sample_100_TCGA_LUAD
PIPET,Neutral,Neg_ctrl_Sample_64,-0.0147329328219024,32234,4.50832767454712,Sample_100_TCGA_LUAD
PIPET,Neutral,Neg_ctrl_Sample_65,-0.0875892407988852,32234,4.50832767454712,Sample_100_TCGA_LUAD
PIPET,Neutral,Neg_ctrl_Sample_66,0.0160216562792438,32234,4.50832767454712,Sample_100_TCGA_LUAD
PIPET,Neutral,Neg_ctrl_Sample_67,-0.0548267316351538,32234,4.50832767454712,Sample_100_TCGA_LUAD
PIPET,Neutral,Neg_ctrl_Sample_68,0.091987018920119,32234,4.50832767454712,Sample_100_TCGA_LUAD
PIPET,Neutral,Neg_ctrl_Sample_69,-0.0381577623964164,32234,4.50832767454712,Sample_100_TCGA_LUAD
PIPET,Neutral,Neg_ctrl_Sample_70,0.0823222670853013,32234,4.50832767454712,Sample_100_TCGA_LUAD
PIPET,Neutral,Neg_ctrl_Sample_71,-0.0073079986295299,32234,4.50832767454712,Sample_100_TCGA_LUAD
PIPET,Neutral,Neg_ctrl_Sample_72,0.0686302139531795,32234,4.50832767454712,Sample_100_TCGA_LUAD
PIPET,Neutral,Neg_ctrl_Sample_73,-0.0616815092110108,32234,4.50832767454712,Sample_100_TCGA_LUAD
PIPET,Neutral,Neg_ctrl_Sample_74,0.00343787200349072,32234,4.50832767454712,Sample_100_TCGA_LUAD
PIPET,Neutral,Neg_ctrl_Sample_75,-0.0474967059571057,32234,4.50832767454712,Sample_100_TCGA_LUAD
PIPET,Neutral,Neg_ctrl_Sample_76,-0.0203782741867878,32234,4.50832767454712,Sample_100_TCGA_LUAD
PIPET,Neutral,Neg_ctrl_Sample_77,0.0354352471628452,32234,4.50832767454712,Sample_100_TCGA_LUAD
PIPET,Neutral,Neg_ctrl_Sample_78,-0.0794879908391498,32234,4.50832767454712,Sample_100_TCGA_LUAD
PIPET,Neutral,Neg_ctrl_Sample_79,-0.122629069416014,32234,4.50832767454712,Sample_100_TCGA_LUAD
PIPET,Neutral,Neg_ctrl_Sample_80,0.0876740404096152,32234,4.50832767454712,Sample_100_TCGA_LUAD
PIPET,Neutral,Neg_ctrl_Sample_81,-0.066000066157514,32234,4.50832767454712,Sample_100_TCGA_LUAD
PIPET,Neutral,Neg_ctrl_Sample_82,0.128296157625073,32234,4.50832767454712,Sample_100_TCGA_LUAD
PIPET,Neutral,Neg_ctrl_Sample_83,-0.121023806797218,32234,4.50832767454712,Sample_100_TCGA_LUAD
PIPET,Neutral,Neg_ctrl_Sample_84,-0.132048796863587,32234,4.50832767454712,Sample_100_TCGA_LUAD
PIPET,Neutral,Neg_ctrl_Sample_85,-0.0130353671376763,32234,4.50832767454712,Sample_100_TCGA_LUAD
PIPET,Neutral,Neg_ctrl_Sample_86,0.122253954696455,32234,4.50832767454712,Sample_100_TCGA_LUAD
PIPET,Neutral,Neg_ctrl_Sample_87,0.073561652438061,32234,4.50832767454712,Sample_100_TCGA_LUAD
PIPET,Neutral,Neg_ctrl_Sample_88,-0.0378594981583014,32234,4.50832767454712,Sample_100_TCGA_LUAD
PIPET,Neutral,Neg_ctrl_Sample_89,-0.0524685512775751,32234,4.50832767454712,Sample_100_TCGA_LUAD
PIPET,Neutral,Neg_ctrl_Sample_90,0.0341779145659585,32234,4.50832767454712,Sample_100_TCGA_LUAD
PIPET,Neutral,Neg_ctrl_Sample_91,0.0220510104953148,32234,4.50832767454712,Sample_100_TCGA_LUAD
PIPET,Neutral,Neg_ctrl_Sample_92,0.177793247263318,32234,4.50832767454712,Sample_100_TCGA_LUAD
PIPET,Neutral,Neg_ctrl_Sample_93,0.0842641930144774,32234,4.50832767454712,Sample_100_TCGA_LUAD
PIPET,Neutral,Neg_ctrl_Sample_94,0.0221883307441086,32234,4.50832767454712,Sample_100_TCGA_LUAD
PIPET,Neutral,Neg_ctrl_Sample_95,0.0422961532485475,32234,4.50832767454712,Sample_100_TCGA_LUAD
PIPET,Neutral,Neg_ctrl_Sample_96,-0.0184608455323186,32234,4.50832767454712,Sample_100_TCGA_LUAD
PIPET,Neutral,Neg_ctrl_Sample_97,-0.0359901353245825,32234,4.50832767454712,Sample_100_TCGA_LUAD
PIPET,Neutral,Neg_ctrl_Sample_98,-0.125835374339987,32234,4.50832767454712,Sample_100_TCGA_LUAD
PIPET,Neutral,Neg_ctrl_Sample_99,0.0480765869002377,32234,4.50832767454712,Sample_100_TCGA_LUAD
PIPET,Neutral,Neg_ctrl_Sample_100,-0.0837675691105421,32234,4.50832767454712,Sample_100_TCGA_LUAD
