meta_column,label_value,score_group,mean_score,count,log_count,sample
scissor,Negative,Neg_ctrl_Sample_1,-0.00156344707334612,2325,3.36660971039243,Sample_100_TCGA_LUAD
scissor,Negative,Neg_ctrl_Sample_2,0.0237452205589722,2325,3.36660971039243,Sample_100_TCGA_LUAD
scissor,Negative,Neg_ctrl_Sample_3,-0.125280679823279,2325,3.36660971039243,Sample_100_TCGA_LUAD
scissor,Negative,Neg_ctrl_Sample_4,-0.104452709268439,2325,3.36660971039243,Sample_100_TCGA_LUAD
scissor,Negative,Neg_ctrl_Sample_5,-0.166945435213171,2325,3.36660971039243,Sample_100_TCGA_LUAD
scissor,Negative,Neg_ctrl_Sample_6,0.0380130439558775,2325,3.36660971039243,Sample_100_TCGA_LUAD
scissor,Negative,Neg_ctrl_Sample_7,0.0828066123032608,2325,3.36660971039243,Sample_100_TCGA_LUAD
scissor,Negative,Neg_ctrl_Sample_8,0.0770887763150554,2325,3.36660971039243,Sample_100_TCGA_LUAD
scissor,Negative,Neg_ctrl_Sample_9,-0.0354971774779054,2325,3.36660971039243,Sample_100_TCGA_LUAD
scissor,Negative,Neg_ctrl_Sample_10,0.119433942128439,2325,3.36660971039243,Sample_100_TCGA_LUAD
scissor,Negative,Neg_ctrl_Sample_11,-0.0734466520658203,2325,3.36660971039243,Sample_100_TCGA_LUAD
scissor,Negative,Neg_ctrl_Sample_12,0.0363425424832143,2325,3.36660971039243,Sample_100_TCGA_LUAD
scissor,Negative,Neg_ctrl_Sample_13,0.116737571127138,2325,3.36660971039243,Sample_100_TCGA_LUAD
scissor,Negative,Neg_ctrl_Sample_14,0.297855868911509,2325,3.36660971039243,Sample_100_TCGA_LUAD
scissor,Negative,Neg_ctrl_Sample_15,0.0385836526131975,2325,3.36660971039243,Sample_100_TCGA_LUAD
scissor,Negative,Neg_ctrl_Sample_16,0.019380248806923,2325,3.36660971039243,Sample_100_TCGA_LUAD
scissor,Negative,Neg_ctrl_Sample_17,0.0364048724253071,2325,3.36660971039243,Sample_100_TCGA_LUAD
scissor,Negative,Neg_ctrl_Sample_18,0.0685839135155892,2325,3.36660971039243,Sample_100_TCGA_LUAD
scissor,Negative,Neg_ctrl_Sample_19,0.0907780728452981,2325,3.36660971039243,Sample_100_TCGA_LUAD
scissor,Negative,Neg_ctrl_Sample_20,-0.00639261982741052,2325,3.36660971039243,Sample_100_TCGA_LUAD
scissor,Negative,Neg_ctrl_Sample_21,0.0912663085844394,2325,3.36660971039243,Sample_100_TCGA_LUAD
scissor,Negative,Neg_ctrl_Sample_22,0.115399463558532,2325,3.36660971039243,Sample_100_TCGA_LUAD
scissor,Negative,Neg_ctrl_Sample_23,-0.0104665846546662,2325,3.36660971039243,Sample_100_TCGA_LUAD
scissor,Negative,Neg_ctrl_Sample_24,0.0679603127322952,2325,3.36660971039243,Sample_100_TCGA_LUAD
scissor,Negative,Neg_ctrl_Sample_25,0.189342809583417,2325,3.36660971039243,Sample_100_TCGA_LUAD
scissor,Negative,Neg_ctrl_Sample_26,0.105244365384383,2325,3.36660971039243,Sample_100_TCGA_LUAD
scissor,Negative,Neg_ctrl_Sample_27,-0.0156759957012177,2325,3.36660971039243,Sample_100_TCGA_LUAD
scissor,Negative,Neg_ctrl_Sample_28,0.0980772633927039,2325,3.36660971039243,Sample_100_TCGA_LUAD
scissor,Negative,Neg_ctrl_Sample_29,0.0730309788546039,2325,3.36660971039243,Sample_100_TCGA_LUAD
scissor,Negative,Neg_ctrl_Sample_30,-0.00399481726439948,2325,3.36660971039243,Sample_100_TCGA_LUAD
scissor,Negative,Neg_ctrl_Sample_31,0.111462589316547,2325,3.36660971039243,Sample_100_TCGA_LUAD
scissor,Negative,Neg_ctrl_Sample_32,-0.00328224507800202,2325,3.36660971039243,Sample_100_TCGA_LUAD
scissor,Negative,Neg_ctrl_Sample_33,-0.0855792899819549,2325,3.36660971039243,Sample_100_TCGA_LUAD
scissor,Negative,Neg_ctrl_Sample_34,-0.112664140925042,2325,3.36660971039243,Sample_100_TCGA_LUAD
scissor,Negative,Neg_ctrl_Sample_35,0.0985295614226169,2325,3.36660971039243,Sample_100_TCGA_LUAD
scissor,Negative,Neg_ctrl_Sample_36,0.060950674649724,2325,3.36660971039243,Sample_100_TCGA_LUAD
scissor,Negative,Neg_ctrl_Sample_37,0.123158700534911,2325,3.36660971039243,Sample_100_TCGA_LUAD
scissor,Negative,Neg_ctrl_Sample_38,0.00730826752360535,2325,3.36660971039243,Sample_100_TCGA_LUAD
scissor,Negative,Neg_ctrl_Sample_39,0.0830375790964952,2325,3.36660971039243,Sample_100_TCGA_LUAD
scissor,Negative,Neg_ctrl_Sample_40,-0.0886655107843877,2325,3.36660971039243,Sample_100_TCGA_LUAD
scissor,Negative,Neg_ctrl_Sample_41,-0.0376048028668016,2325,3.36660971039243,Sample_100_TCGA_LUAD
scissor,Negative,Neg_ctrl_Sample_42,-0.0500471939800911,2325,3.36660971039243,Sample_100_TCGA_LUAD
scissor,Negative,Neg_ctrl_Sample_43,0.0448599685432162,2325,3.36660971039243,Sample_100_TCGA_LUAD
scissor,Negative,Neg_ctrl_Sample_44,0.0972866363726313,2325,3.36660971039243,Sample_100_TCGA_LUAD
scissor,Negative,Neg_ctrl_Sample_45,-0.0296614540443485,2325,3.36660971039243,Sample_100_TCGA_LUAD
scissor,Negative,Neg_ctrl_Sample_46,0.0581085289399076,2325,3.36660971039243,Sample_100_TCGA_LUAD
scissor,Negative,Neg_ctrl_Sample_47,0.0341051223857013,2325,3.36660971039243,Sample_100_TCGA_LUAD
scissor,Negative,Neg_ctrl_Sample_48,0.0862094978204961,2325,3.36660971039243,Sample_100_TCGA_LUAD
scissor,Negative,Neg_ctrl_Sample_49,-0.00457632066079386,2325,3.36660971039243,Sample_100_TCGA_LUAD
scissor,Negative,Neg_ctrl_Sample_50,0.00227272461195924,2325,3.36660971039243,Sample_100_TCGA_LUAD
scissor,Negative,Neg_ctrl_Sample_51,-0.163999558039022,2325,3.36660971039243,Sample_100_TCGA_LUAD
scissor,Negative,Neg_ctrl_Sample_52,-0.0661980850243946,2325,3.36660971039243,Sample_100_TCGA_LUAD
scissor,Negative,Neg_ctrl_Sample_53,0.0878327403374185,2325,3.36660971039243,Sample_100_TCGA_LUAD
scissor,Negative,Neg_ctrl_Sample_54,-0.00890143518654308,2325,3.36660971039243,Sample_100_TCGA_LUAD
scissor,Negative,Neg_ctrl_Sample_55,0.0815546421711463,2325,3.36660971039243,Sample_100_TCGA_LUAD
scissor,Negative,Neg_ctrl_Sample_56,0.083491972700804,2325,3.36660971039243,Sample_100_TCGA_LUAD
scissor,Negative,Neg_ctrl_Sample_57,0.0811108747425869,2325,3.36660971039243,Sample_100_TCGA_LUAD
scissor,Negative,Neg_ctrl_Sample_58,-0.0345701228992402,2325,3.36660971039243,Sample_100_TCGA_LUAD
scissor,Negative,Neg_ctrl_Sample_59,0.0018546683422329,2325,3.36660971039243,Sample_100_TCGA_LUAD
scissor,Negative,Neg_ctrl_Sample_60,0.155274823749542,2325,3.36660971039243,Sample_100_TCGA_LUAD
scissor,Negative,Neg_ctrl_Sample_61,-0.0139256908602869,2325,3.36660971039243,Sample_100_TCGA_LUAD
scissor,Negative,Neg_ctrl_Sample_62,0.102850521925171,2325,3.36660971039243,Sample_100_TCGA_LUAD
scissor,Negative,Neg_ctrl_Sample_63,0.126707697675081,2325,3.36660971039243,Sample_100_TCGA_LUAD
scissor,Negative,Neg_ctrl_Sample_64,-0.0643613781756309,2325,3.36660971039243,Sample_100_TCGA_LUAD
scissor,Negative,Neg_ctrl_Sample_65,-0.0264477054051166,2325,3.36660971039243,Sample_100_TCGA_LUAD
scissor,Negative,Neg_ctrl_Sample_66,0.00169888128758909,2325,3.36660971039243,Sample_100_TCGA_LUAD
scissor,Negative,Neg_ctrl_Sample_67,-0.0479680670122162,2325,3.36660971039243,Sample_100_TCGA_LUAD
scissor,Negative,Neg_ctrl_Sample_68,0.133306327118893,2325,3.36660971039243,Sample_100_TCGA_LUAD
scissor,Negative,Neg_ctrl_Sample_69,0.0150115110211642,2325,3.36660971039243,Sample_100_TCGA_LUAD
scissor,Negative,Neg_ctrl_Sample_70,0.11083286307488,2325,3.36660971039243,Sample_100_TCGA_LUAD
scissor,Negative,Neg_ctrl_Sample_71,-0.0273919158663513,2325,3.36660971039243,Sample_100_TCGA_LUAD
scissor,Negative,Neg_ctrl_Sample_72,0.0949082869939509,2325,3.36660971039243,Sample_100_TCGA_LUAD
scissor,Negative,Neg_ctrl_Sample_73,-0.0683414479204452,2325,3.36660971039243,Sample_100_TCGA_LUAD
scissor,Negative,Neg_ctrl_Sample_74,0.0211134726130889,2325,3.36660971039243,Sample_100_TCGA_LUAD
scissor,Negative,Neg_ctrl_Sample_75,-0.0333698322542145,2325,3.36660971039243,Sample_100_TCGA_LUAD
scissor,Negative,Neg_ctrl_Sample_76,-0.0169097493784789,2325,3.36660971039243,Sample_100_TCGA_LUAD
scissor,Negative,Neg_ctrl_Sample_77,0.0401856921758283,2325,3.36660971039243,Sample_100_TCGA_LUAD
scissor,Negative,Neg_ctrl_Sample_78,-0.0458322725960918,2325,3.36660971039243,Sample_100_TCGA_LUAD
scissor,Negative,Neg_ctrl_Sample_79,-0.125926582090469,2325,3.36660971039243,Sample_100_TCGA_LUAD
scissor,Negative,Neg_ctrl_Sample_80,0.104227533476493,2325,3.36660971039243,Sample_100_TCGA_LUAD
scissor,Negative,Neg_ctrl_Sample_81,-0.0366617131710632,2325,3.36660971039243,Sample_100_TCGA_LUAD
scissor,Negative,Neg_ctrl_Sample_82,0.10513574581885,2325,3.36660971039243,Sample_100_TCGA_LUAD
scissor,Negative,Neg_ctrl_Sample_83,-0.0816622468733127,2325,3.36660971039243,Sample_100_TCGA_LUAD
scissor,Negative,Neg_ctrl_Sample_84,-0.136872352434529,2325,3.36660971039243,Sample_100_TCGA_LUAD
scissor,Negative,Neg_ctrl_Sample_85,0.0351976550696973,2325,3.36660971039243,Sample_100_TCGA_LUAD
scissor,Negative,Neg_ctrl_Sample_86,0.117899330580484,2325,3.36660971039243,Sample_100_TCGA_LUAD
scissor,Negative,Neg_ctrl_Sample_87,0.0795041833375045,2325,3.36660971039243,Sample_100_TCGA_LUAD
scissor,Negative,Neg_ctrl_Sample_88,-0.0648206311304626,2325,3.36660971039243,Sample_100_TCGA_LUAD
scissor,Negative,Neg_ctrl_Sample_89,-0.034592062129101,2325,3.36660971039243,Sample_100_TCGA_LUAD
scissor,Negative,Neg_ctrl_Sample_90,0.0525271074932839,2325,3.36660971039243,Sample_100_TCGA_LUAD
scissor,Negative,Neg_ctrl_Sample_91,0.023451389715281,2325,3.36660971039243,Sample_100_TCGA_LUAD
scissor,Negative,Neg_ctrl_Sample_92,0.20495531606756,2325,3.36660971039243,Sample_100_TCGA_LUAD
scissor,Negative,Neg_ctrl_Sample_93,0.0917016664963369,2325,3.36660971039243,Sample_100_TCGA_LUAD
scissor,Negative,Neg_ctrl_Sample_94,0.0224702214650283,2325,3.36660971039243,Sample_100_TCGA_LUAD
scissor,Negative,Neg_ctrl_Sample_95,0.0296448299634825,2325,3.36660971039243,Sample_100_TCGA_LUAD
scissor,Negative,Neg_ctrl_Sample_96,0.00820977448985242,2325,3.36660971039243,Sample_100_TCGA_LUAD
scissor,Negative,Neg_ctrl_Sample_97,0.031657207157297,2325,3.36660971039243,Sample_100_TCGA_LUAD
scissor,Negative,Neg_ctrl_Sample_98,-0.129385688771398,2325,3.36660971039243,Sample_100_TCGA_LUAD
scissor,Negative,Neg_ctrl_Sample_99,0.0874831757759776,2325,3.36660971039243,Sample_100_TCGA_LUAD
scissor,Negative,Neg_ctrl_Sample_100,-0.100469216176506,2325,3.36660971039243,Sample_100_TCGA_LUAD
scissor,Neutral,Neg_ctrl_Sample_1,0.0281800565976165,28727,4.45830539211802,Sample_100_TCGA_LUAD
scissor,Neutral,Neg_ctrl_Sample_2,-0.00615165917317655,28727,4.45830539211802,Sample_100_TCGA_LUAD
scissor,Neutral,Neg_ctrl_Sample_3,-0.149832796822839,28727,4.45830539211802,Sample_100_TCGA_LUAD
scissor,Neutral,Neg_ctrl_Sample_4,-0.0906771089022187,28727,4.45830539211802,Sample_100_TCGA_LUAD
scissor,Neutral,Neg_ctrl_Sample_5,-0.167690132465462,28727,4.45830539211802,Sample_100_TCGA_LUAD
scissor,Neutral,Neg_ctrl_Sample_6,0.0707056777708332,28727,4.45830539211802,Sample_100_TCGA_LUAD
scissor,Neutral,Neg_ctrl_Sample_7,0.0843634922816516,28727,4.45830539211802,Sample_100_TCGA_LUAD
scissor,Neutral,Neg_ctrl_Sample_8,0.0627073567882936,28727,4.45830539211802,Sample_100_TCGA_LUAD
scissor,Neutral,Neg_ctrl_Sample_9,-0.103162088138173,28727,4.45830539211802,Sample_100_TCGA_LUAD
scissor,Neutral,Neg_ctrl_Sample_10,0.119063777466368,28727,4.45830539211802,Sample_100_TCGA_LUAD
scissor,Neutral,Neg_ctrl_Sample_11,-0.149275205570118,28727,4.45830539211802,Sample_100_TCGA_LUAD
scissor,Neutral,Neg_ctrl_Sample_12,0.0479668086984551,28727,4.45830539211802,Sample_100_TCGA_LUAD
scissor,Neutral,Neg_ctrl_Sample_13,0.0615607684490296,28727,4.45830539211802,Sample_100_TCGA_LUAD
scissor,Neutral,Neg_ctrl_Sample_14,0.249066846285421,28727,4.45830539211802,Sample_100_TCGA_LUAD
scissor,Neutral,Neg_ctrl_Sample_15,0.0573695743217332,28727,4.45830539211802,Sample_100_TCGA_LUAD
scissor,Neutral,Neg_ctrl_Sample_16,-0.051509119575542,28727,4.45830539211802,Sample_100_TCGA_LUAD
scissor,Neutral,Neg_ctrl_Sample_17,0.018608743351595,28727,4.45830539211802,Sample_100_TCGA_LUAD
scissor,Neutral,Neg_ctrl_Sample_18,0.0125567589750776,28727,4.45830539211802,Sample_100_TCGA_LUAD
scissor,Neutral,Neg_ctrl_Sample_19,0.0754228289477748,28727,4.45830539211802,Sample_100_TCGA_LUAD
scissor,Neutral,Neg_ctrl_Sample_20,-0.0569237923871486,28727,4.45830539211802,Sample_100_TCGA_LUAD
scissor,Neutral,Neg_ctrl_Sample_21,0.0976880945080555,28727,4.45830539211802,Sample_100_TCGA_LUAD
scissor,Neutral,Neg_ctrl_Sample_22,0.132169650345284,28727,4.45830539211802,Sample_100_TCGA_LUAD
scissor,Neutral,Neg_ctrl_Sample_23,-0.0190542961057938,28727,4.45830539211802,Sample_100_TCGA_LUAD
scissor,Neutral,Neg_ctrl_Sample_24,0.0583915384932311,28727,4.45830539211802,Sample_100_TCGA_LUAD
scissor,Neutral,Neg_ctrl_Sample_25,0.209861491962245,28727,4.45830539211802,Sample_100_TCGA_LUAD
scissor,Neutral,Neg_ctrl_Sample_26,0.118084864944344,28727,4.45830539211802,Sample_100_TCGA_LUAD
scissor,Neutral,Neg_ctrl_Sample_27,-0.0793644131398855,28727,4.45830539211802,Sample_100_TCGA_LUAD
scissor,Neutral,Neg_ctrl_Sample_28,0.0678440680913202,28727,4.45830539211802,Sample_100_TCGA_LUAD
scissor,Neutral,Neg_ctrl_Sample_29,0.0967738575480663,28727,4.45830539211802,Sample_100_TCGA_LUAD
scissor,Neutral,Neg_ctrl_Sample_30,0.000420874298184446,28727,4.45830539211802,Sample_100_TCGA_LUAD
scissor,Neutral,Neg_ctrl_Sample_31,0.100205252730689,28727,4.45830539211802,Sample_100_TCGA_LUAD
scissor,Neutral,Neg_ctrl_Sample_32,-0.0332707438575097,28727,4.45830539211802,Sample_100_TCGA_LUAD
scissor,Neutral,Neg_ctrl_Sample_33,-0.098564552959002,28727,4.45830539211802,Sample_100_TCGA_LUAD
scissor,Neutral,Neg_ctrl_Sample_34,-0.156663567682943,28727,4.45830539211802,Sample_100_TCGA_LUAD
scissor,Neutral,Neg_ctrl_Sample_35,0.0954760241998712,28727,4.45830539211802,Sample_100_TCGA_LUAD
scissor,Neutral,Neg_ctrl_Sample_36,0.0430893282280115,28727,4.45830539211802,Sample_100_TCGA_LUAD
scissor,Neutral,Neg_ctrl_Sample_37,0.0664652687986286,28727,4.45830539211802,Sample_100_TCGA_LUAD
scissor,Neutral,Neg_ctrl_Sample_38,0.00281357049137823,28727,4.45830539211802,Sample_100_TCGA_LUAD
scissor,Neutral,Neg_ctrl_Sample_39,0.0292046194318787,28727,4.45830539211802,Sample_100_TCGA_LUAD
scissor,Neutral,Neg_ctrl_Sample_40,-0.128358161804693,28727,4.45830539211802,Sample_100_TCGA_LUAD
scissor,Neutral,Neg_ctrl_Sample_41,-0.0282003354726441,28727,4.45830539211802,Sample_100_TCGA_LUAD
scissor,Neutral,Neg_ctrl_Sample_42,-0.0299719059244824,28727,4.45830539211802,Sample_100_TCGA_LUAD
scissor,Neutral,Neg_ctrl_Sample_43,0.0868327412425717,28727,4.45830539211802,Sample_100_TCGA_LUAD
scissor,Neutral,Neg_ctrl_Sample_44,0.0613472900009062,28727,4.45830539211802,Sample_100_TCGA_LUAD
scissor,Neutral,Neg_ctrl_Sample_45,-0.0498004419668984,28727,4.45830539211802,Sample_100_TCGA_LUAD
scissor,Neutral,Neg_ctrl_Sample_46,0.0368971907412171,28727,4.45830539211802,Sample_100_TCGA_LUAD
scissor,Neutral,Neg_ctrl_Sample_47,0.0523808356008274,28727,4.45830539211802,Sample_100_TCGA_LUAD
scissor,Neutral,Neg_ctrl_Sample_48,0.114243647233335,28727,4.45830539211802,Sample_100_TCGA_LUAD
scissor,Neutral,Neg_ctrl_Sample_49,-0.0577573298571803,28727,4.45830539211802,Sample_100_TCGA_LUAD
scissor,Neutral,Neg_ctrl_Sample_50,-0.0217350964408146,28727,4.45830539211802,Sample_100_TCGA_LUAD
scissor,Neutral,Neg_ctrl_Sample_51,-0.146759538268342,28727,4.45830539211802,Sample_100_TCGA_LUAD
scissor,Neutral,Neg_ctrl_Sample_52,-0.0366721982090423,28727,4.45830539211802,Sample_100_TCGA_LUAD
scissor,Neutral,Neg_ctrl_Sample_53,0.0259623866683684,28727,4.45830539211802,Sample_100_TCGA_LUAD
scissor,Neutral,Neg_ctrl_Sample_54,-0.0494358007153311,28727,4.45830539211802,Sample_100_TCGA_LUAD
scissor,Neutral,Neg_ctrl_Sample_55,0.0808316884448908,28727,4.45830539211802,Sample_100_TCGA_LUAD
scissor,Neutral,Neg_ctrl_Sample_56,0.10117742567402,28727,4.45830539211802,Sample_100_TCGA_LUAD
scissor,Neutral,Neg_ctrl_Sample_57,0.0914639333895965,28727,4.45830539211802,Sample_100_TCGA_LUAD
scissor,Neutral,Neg_ctrl_Sample_58,-0.0171155092892378,28727,4.45830539211802,Sample_100_TCGA_LUAD
scissor,Neutral,Neg_ctrl_Sample_59,0.0164083109664647,28727,4.45830539211802,Sample_100_TCGA_LUAD
scissor,Neutral,Neg_ctrl_Sample_60,0.133246234867985,28727,4.45830539211802,Sample_100_TCGA_LUAD
scissor,Neutral,Neg_ctrl_Sample_61,-0.0656275616859258,28727,4.45830539211802,Sample_100_TCGA_LUAD
scissor,Neutral,Neg_ctrl_Sample_62,0.118377786146171,28727,4.45830539211802,Sample_100_TCGA_LUAD
scissor,Neutral,Neg_ctrl_Sample_63,0.106857543722174,28727,4.45830539211802,Sample_100_TCGA_LUAD
scissor,Neutral,Neg_ctrl_Sample_64,-0.010483493471267,28727,4.45830539211802,Sample_100_TCGA_LUAD
scissor,Neutral,Neg_ctrl_Sample_65,-0.0946460271074129,28727,4.45830539211802,Sample_100_TCGA_LUAD
scissor,Neutral,Neg_ctrl_Sample_66,0.0164733132446418,28727,4.45830539211802,Sample_100_TCGA_LUAD
scissor,Neutral,Neg_ctrl_Sample_67,-0.0579995754084491,28727,4.45830539211802,Sample_100_TCGA_LUAD
scissor,Neutral,Neg_ctrl_Sample_68,0.0859887903711004,28727,4.45830539211802,Sample_100_TCGA_LUAD
scissor,Neutral,Neg_ctrl_Sample_69,-0.0425748552537577,28727,4.45830539211802,Sample_100_TCGA_LUAD
scissor,Neutral,Neg_ctrl_Sample_70,0.080816065346712,28727,4.45830539211802,Sample_100_TCGA_LUAD
scissor,Neutral,Neg_ctrl_Sample_71,-0.00714420446429094,28727,4.45830539211802,Sample_100_TCGA_LUAD
scissor,Neutral,Neg_ctrl_Sample_72,0.0667804534116673,28727,4.45830539211802,Sample_100_TCGA_LUAD
scissor,Neutral,Neg_ctrl_Sample_73,-0.0610744395807201,28727,4.45830539211802,Sample_100_TCGA_LUAD
scissor,Neutral,Neg_ctrl_Sample_74,0.00229506355559325,28727,4.45830539211802,Sample_100_TCGA_LUAD
scissor,Neutral,Neg_ctrl_Sample_75,-0.0509347154202736,28727,4.45830539211802,Sample_100_TCGA_LUAD
scissor,Neutral,Neg_ctrl_Sample_76,-0.0201113106129599,28727,4.45830539211802,Sample_100_TCGA_LUAD
scissor,Neutral,Neg_ctrl_Sample_77,0.0328789660438421,28727,4.45830539211802,Sample_100_TCGA_LUAD
scissor,Neutral,Neg_ctrl_Sample_78,-0.0851735980719823,28727,4.45830539211802,Sample_100_TCGA_LUAD
scissor,Neutral,Neg_ctrl_Sample_79,-0.122796577192625,28727,4.45830539211802,Sample_100_TCGA_LUAD
scissor,Neutral,Neg_ctrl_Sample_80,0.0826626789149171,28727,4.45830539211802,Sample_100_TCGA_LUAD
scissor,Neutral,Neg_ctrl_Sample_81,-0.0701698965737511,28727,4.45830539211802,Sample_100_TCGA_LUAD
scissor,Neutral,Neg_ctrl_Sample_82,0.132079060345123,28727,4.45830539211802,Sample_100_TCGA_LUAD
scissor,Neutral,Neg_ctrl_Sample_83,-0.12860748798508,28727,4.45830539211802,Sample_100_TCGA_LUAD
scissor,Neutral,Neg_ctrl_Sample_84,-0.131621363900826,28727,4.45830539211802,Sample_100_TCGA_LUAD
scissor,Neutral,Neg_ctrl_Sample_85,-0.0175962010938614,28727,4.45830539211802,Sample_100_TCGA_LUAD
scissor,Neutral,Neg_ctrl_Sample_86,0.123271442504002,28727,4.45830539211802,Sample_100_TCGA_LUAD
scissor,Neutral,Neg_ctrl_Sample_87,0.0731179971894152,28727,4.45830539211802,Sample_100_TCGA_LUAD
scissor,Neutral,Neg_ctrl_Sample_88,-0.0340930673682377,28727,4.45830539211802,Sample_100_TCGA_LUAD
scissor,Neutral,Neg_ctrl_Sample_89,-0.0552228316086038,28727,4.45830539211802,Sample_100_TCGA_LUAD
scissor,Neutral,Neg_ctrl_Sample_90,0.0315058413443582,28727,4.45830539211802,Sample_100_TCGA_LUAD
scissor,Neutral,Neg_ctrl_Sample_91,0.021266180769863,28727,4.45830539211802,Sample_100_TCGA_LUAD
scissor,Neutral,Neg_ctrl_Sample_92,0.17628981546046,28727,4.45830539211802,Sample_100_TCGA_LUAD
scissor,Neutral,Neg_ctrl_Sample_93,0.0829474034771984,28727,4.45830539211802,Sample_100_TCGA_LUAD
scissor,Neutral,Neg_ctrl_Sample_94,0.0197127998155735,28727,4.45830539211802,Sample_100_TCGA_LUAD
scissor,Neutral,Neg_ctrl_Sample_95,0.0408116018593591,28727,4.45830539211802,Sample_100_TCGA_LUAD
scissor,Neutral,Neg_ctrl_Sample_96,-0.0251871216081157,28727,4.45830539211802,Sample_100_TCGA_LUAD
scissor,Neutral,Neg_ctrl_Sample_97,-0.0460831750003407,28727,4.45830539211802,Sample_100_TCGA_LUAD
scissor,Neutral,Neg_ctrl_Sample_98,-0.126722519725029,28727,4.45830539211802,Sample_100_TCGA_LUAD
scissor,Neutral,Neg_ctrl_Sample_99,0.0425016580252041,28727,4.45830539211802,Sample_100_TCGA_LUAD
scissor,Neutral,Neg_ctrl_Sample_100,-0.082687225554686,28727,4.45830539211802,Sample_100_TCGA_LUAD
scissor,Positive,Neg_ctrl_Sample_1,0.0552468346878174,1182,3.07298474462793,Sample_100_TCGA_LUAD
scissor,Positive,Neg_ctrl_Sample_2,0.0402607505075561,1182,3.07298474462793,Sample_100_TCGA_LUAD
scissor,Positive,Neg_ctrl_Sample_3,-0.0478121819622481,1182,3.07298474462793,Sample_100_TCGA_LUAD
scissor,Positive,Neg_ctrl_Sample_4,-0.0927383772249648,1182,3.07298474462793,Sample_100_TCGA_LUAD
scissor,Positive,Neg_ctrl_Sample_5,-0.150165091741106,1182,3.07298474462793,Sample_100_TCGA_LUAD
scissor,Positive,Neg_ctrl_Sample_6,0.0606169268367466,1182,3.07298474462793,Sample_100_TCGA_LUAD
scissor,Positive,Neg_ctrl_Sample_7,0.0852822031867273,1182,3.07298474462793,Sample_100_TCGA_LUAD
scissor,Positive,Neg_ctrl_Sample_8,0.0907524996832721,1182,3.07298474462793,Sample_100_TCGA_LUAD
scissor,Positive,Neg_ctrl_Sample_9,0.0154787052358573,1182,3.07298474462793,Sample_100_TCGA_LUAD
scissor,Positive,Neg_ctrl_Sample_10,0.089354276546066,1182,3.07298474462793,Sample_100_TCGA_LUAD
scissor,Positive,Neg_ctrl_Sample_11,-0.0523912037380183,1182,3.07298474462793,Sample_100_TCGA_LUAD
scissor,Positive,Neg_ctrl_Sample_12,0.0320205824225142,1182,3.07298474462793,Sample_100_TCGA_LUAD
scissor,Positive,Neg_ctrl_Sample_13,0.0969001985832118,1182,3.07298474462793,Sample_100_TCGA_LUAD
scissor,Positive,Neg_ctrl_Sample_14,0.260001116216778,1182,3.07298474462793,Sample_100_TCGA_LUAD
scissor,Positive,Neg_ctrl_Sample_15,-0.0137241341383673,1182,3.07298474462793,Sample_100_TCGA_LUAD
scissor,Positive,Neg_ctrl_Sample_16,0.0114663957184188,1182,3.07298474462793,Sample_100_TCGA_LUAD
scissor,Positive,Neg_ctrl_Sample_17,0.069893184831837,1182,3.07298474462793,Sample_100_TCGA_LUAD
scissor,Positive,Neg_ctrl_Sample_18,0.0956738872530931,1182,3.07298474462793,Sample_100_TCGA_LUAD
scissor,Positive,Neg_ctrl_Sample_19,0.136072914802978,1182,3.07298474462793,Sample_100_TCGA_LUAD
scissor,Positive,Neg_ctrl_Sample_20,0.0373235770730307,1182,3.07298474462793,Sample_100_TCGA_LUAD
scissor,Positive,Neg_ctrl_Sample_21,0.0886240324383895,1182,3.07298474462793,Sample_100_TCGA_LUAD
scissor,Positive,Neg_ctrl_Sample_22,0.135090414447084,1182,3.07298474462793,Sample_100_TCGA_LUAD
scissor,Positive,Neg_ctrl_Sample_23,-0.0149140747144675,1182,3.07298474462793,Sample_100_TCGA_LUAD
scissor,Positive,Neg_ctrl_Sample_24,0.0276954887517055,1182,3.07298474462793,Sample_100_TCGA_LUAD
scissor,Positive,Neg_ctrl_Sample_25,0.231925270168124,1182,3.07298474462793,Sample_100_TCGA_LUAD
scissor,Positive,Neg_ctrl_Sample_26,0.147320974555622,1182,3.07298474462793,Sample_100_TCGA_LUAD
scissor,Positive,Neg_ctrl_Sample_27,-0.0406486159055624,1182,3.07298474462793,Sample_100_TCGA_LUAD
scissor,Positive,Neg_ctrl_Sample_28,0.0551392995123658,1182,3.07298474462793,Sample_100_TCGA_LUAD
scissor,Positive,Neg_ctrl_Sample_29,0.0224382130170732,1182,3.07298474462793,Sample_100_TCGA_LUAD
scissor,Positive,Neg_ctrl_Sample_30,0.088332835080689,1182,3.07298474462793,Sample_100_TCGA_LUAD
scissor,Positive,Neg_ctrl_Sample_31,0.177542728479795,1182,3.07298474462793,Sample_100_TCGA_LUAD
scissor,Positive,Neg_ctrl_Sample_32,0.0479780167282204,1182,3.07298474462793,Sample_100_TCGA_LUAD
scissor,Positive,Neg_ctrl_Sample_33,-0.0273363035934718,1182,3.07298474462793,Sample_100_TCGA_LUAD
scissor,Positive,Neg_ctrl_Sample_34,-0.0853575703842463,1182,3.07298474462793,Sample_100_TCGA_LUAD
scissor,Positive,Neg_ctrl_Sample_35,0.0635406146169062,1182,3.07298474462793,Sample_100_TCGA_LUAD
scissor,Positive,Neg_ctrl_Sample_36,0.0937324472070324,1182,3.07298474462793,Sample_100_TCGA_LUAD
scissor,Positive,Neg_ctrl_Sample_37,0.119086756689083,1182,3.07298474462793,Sample_100_TCGA_LUAD
scissor,Positive,Neg_ctrl_Sample_38,0.0544722605467454,1182,3.07298474462793,Sample_100_TCGA_LUAD
scissor,Positive,Neg_ctrl_Sample_39,0.126434971427175,1182,3.07298474462793,Sample_100_TCGA_LUAD
scissor,Positive,Neg_ctrl_Sample_40,-0.111552446326106,1182,3.07298474462793,Sample_100_TCGA_LUAD
scissor,Positive,Neg_ctrl_Sample_41,-0.00532077340265093,1182,3.07298474462793,Sample_100_TCGA_LUAD
scissor,Positive,Neg_ctrl_Sample_42,-0.0443654592984148,1182,3.07298474462793,Sample_100_TCGA_LUAD
scissor,Positive,Neg_ctrl_Sample_43,0.0334464099036152,1182,3.07298474462793,Sample_100_TCGA_LUAD
scissor,Positive,Neg_ctrl_Sample_44,0.074716552991301,1182,3.07298474462793,Sample_100_TCGA_LUAD
scissor,Positive,Neg_ctrl_Sample_45,0.00393536526431656,1182,3.07298474462793,Sample_100_TCGA_LUAD
scissor,Positive,Neg_ctrl_Sample_46,0.0373636313833787,1182,3.07298474462793,Sample_100_TCGA_LUAD
scissor,Positive,Neg_ctrl_Sample_47,0.0251601154530811,1182,3.07298474462793,Sample_100_TCGA_LUAD
scissor,Positive,Neg_ctrl_Sample_48,0.0711913925073916,1182,3.07298474462793,Sample_100_TCGA_LUAD
scissor,Positive,Neg_ctrl_Sample_49,-0.0191805824582068,1182,3.07298474462793,Sample_100_TCGA_LUAD
scissor,Positive,Neg_ctrl_Sample_50,0.0433256871045621,1182,3.07298474462793,Sample_100_TCGA_LUAD
scissor,Positive,Neg_ctrl_Sample_51,-0.100705768315106,1182,3.07298474462793,Sample_100_TCGA_LUAD
scissor,Positive,Neg_ctrl_Sample_52,-0.0707996031250659,1182,3.07298474462793,Sample_100_TCGA_LUAD
scissor,Positive,Neg_ctrl_Sample_53,0.170806377413429,1182,3.07298474462793,Sample_100_TCGA_LUAD
scissor,Positive,Neg_ctrl_Sample_54,-0.105564786624408,1182,3.07298474462793,Sample_100_TCGA_LUAD
scissor,Positive,Neg_ctrl_Sample_55,0.12110420706475,1182,3.07298474462793,Sample_100_TCGA_LUAD
scissor,Positive,Neg_ctrl_Sample_56,0.0465391488950114,1182,3.07298474462793,Sample_100_TCGA_LUAD
scissor,Positive,Neg_ctrl_Sample_57,0.0916617389097675,1182,3.07298474462793,Sample_100_TCGA_LUAD
scissor,Positive,Neg_ctrl_Sample_58,6.56088696276369e-06,1182,3.07298474462793,Sample_100_TCGA_LUAD
scissor,Positive,Neg_ctrl_Sample_59,-0.0210869151021844,1182,3.07298474462793,Sample_100_TCGA_LUAD
scissor,Positive,Neg_ctrl_Sample_60,0.183038424348509,1182,3.07298474462793,Sample_100_TCGA_LUAD
scissor,Positive,Neg_ctrl_Sample_61,0.0327674308096918,1182,3.07298474462793,Sample_100_TCGA_LUAD
scissor,Positive,Neg_ctrl_Sample_62,0.179767804465858,1182,3.07298474462793,Sample_100_TCGA_LUAD
scissor,Positive,Neg_ctrl_Sample_63,0.142633996332865,1182,3.07298474462793,Sample_100_TCGA_LUAD
scissor,Positive,Neg_ctrl_Sample_64,-0.0203907236664759,1182,3.07298474462793,Sample_100_TCGA_LUAD
scissor,Positive,Neg_ctrl_Sample_65,-0.0363487750674554,1182,3.07298474462793,Sample_100_TCGA_LUAD
scissor,Positive,Neg_ctrl_Sample_66,0.0332176818381329,1182,3.07298474462793,Sample_100_TCGA_LUAD
scissor,Positive,Neg_ctrl_Sample_67,0.00879415485140591,1182,3.07298474462793,Sample_100_TCGA_LUAD
scissor,Positive,Neg_ctrl_Sample_68,0.156491012122758,1182,3.07298474462793,Sample_100_TCGA_LUAD
scissor,Positive,Neg_ctrl_Sample_69,-0.0353901940233471,1182,3.07298474462793,Sample_100_TCGA_LUAD
scissor,Positive,Neg_ctrl_Sample_70,0.0628480891400287,1182,3.07298474462793,Sample_100_TCGA_LUAD
scissor,Positive,Neg_ctrl_Sample_71,0.0282163605843371,1182,3.07298474462793,Sample_100_TCGA_LUAD
scissor,Positive,Neg_ctrl_Sample_72,0.0618971777909366,1182,3.07298474462793,Sample_100_TCGA_LUAD
scissor,Positive,Neg_ctrl_Sample_73,-0.0633354277980872,1182,3.07298474462793,Sample_100_TCGA_LUAD
scissor,Positive,Neg_ctrl_Sample_74,-0.00355562472625941,1182,3.07298474462793,Sample_100_TCGA_LUAD
scissor,Positive,Neg_ctrl_Sample_75,0.00827208971904546,1182,3.07298474462793,Sample_100_TCGA_LUAD
scissor,Positive,Neg_ctrl_Sample_76,-0.0336890887085062,1182,3.07298474462793,Sample_100_TCGA_LUAD
scissor,Positive,Neg_ctrl_Sample_77,0.0882182446674269,1182,3.07298474462793,Sample_100_TCGA_LUAD
scissor,Positive,Neg_ctrl_Sample_78,-0.00750753900966099,1182,3.07298474462793,Sample_100_TCGA_LUAD
scissor,Positive,Neg_ctrl_Sample_79,-0.112071782726653,1182,3.07298474462793,Sample_100_TCGA_LUAD
scissor,Positive,Neg_ctrl_Sample_80,0.176907974654701,1182,3.07298474462793,Sample_100_TCGA_LUAD
scissor,Positive,Neg_ctrl_Sample_81,-0.0223663540815821,1182,3.07298474462793,Sample_100_TCGA_LUAD
scissor,Positive,Neg_ctrl_Sample_82,0.0819141872448501,1182,3.07298474462793,Sample_100_TCGA_LUAD
scissor,Positive,Neg_ctrl_Sample_83,-0.0141365118220643,1182,3.07298474462793,Sample_100_TCGA_LUAD
scissor,Positive,Neg_ctrl_Sample_84,-0.132949050686594,1182,3.07298474462793,Sample_100_TCGA_LUAD
scissor,Positive,Neg_ctrl_Sample_85,0.00293527620173961,1182,3.07298474462793,Sample_100_TCGA_LUAD
scissor,Positive,Neg_ctrl_Sample_86,0.106090781111196,1182,3.07298474462793,Sample_100_TCGA_LUAD
scissor,Positive,Neg_ctrl_Sample_87,0.0726551380443606,1182,3.07298474462793,Sample_100_TCGA_LUAD
scissor,Positive,Neg_ctrl_Sample_88,-0.0763651014966102,1182,3.07298474462793,Sample_100_TCGA_LUAD
scissor,Positive,Neg_ctrl_Sample_89,-0.0206924313120467,1182,3.07298474462793,Sample_100_TCGA_LUAD
scissor,Positive,Neg_ctrl_Sample_90,0.0630262850235582,1182,3.07298474462793,Sample_100_TCGA_LUAD
scissor,Positive,Neg_ctrl_Sample_91,0.0383707413215706,1182,3.07298474462793,Sample_100_TCGA_LUAD
scissor,Positive,Neg_ctrl_Sample_92,0.160904309387595,1182,3.07298474462793,Sample_100_TCGA_LUAD
scissor,Positive,Neg_ctrl_Sample_93,0.101637532432487,1182,3.07298474462793,Sample_100_TCGA_LUAD
scissor,Positive,Neg_ctrl_Sample_94,0.0817984670029017,1182,3.07298474462793,Sample_100_TCGA_LUAD
scissor,Positive,Neg_ctrl_Sample_95,0.103261495376286,1182,3.07298474462793,Sample_100_TCGA_LUAD
scissor,Positive,Neg_ctrl_Sample_96,0.0925514567332298,1182,3.07298474462793,Sample_100_TCGA_LUAD
scissor,Positive,Neg_ctrl_Sample_97,0.0762456341298528,1182,3.07298474462793,Sample_100_TCGA_LUAD
scissor,Positive,Neg_ctrl_Sample_98,-0.0972909525725396,1182,3.07298474462793,Sample_100_TCGA_LUAD
scissor,Positive,Neg_ctrl_Sample_99,0.10605515090785,1182,3.07298474462793,Sample_100_TCGA_LUAD
scissor,Positive,Neg_ctrl_Sample_100,-0.077171714542609,1182,3.07298474462793,Sample_100_TCGA_LUAD
scAB,Other,Neg_ctrl_Sample_1,0.0115077206595181,3236,3.51014269940257,Sample_100_TCGA_LUAD
scAB,Other,Neg_ctrl_Sample_2,0.0312928847312359,3236,3.51014269940257,Sample_100_TCGA_LUAD
scAB,Other,Neg_ctrl_Sample_3,-0.12122244283408,3236,3.51014269940257,Sample_100_TCGA_LUAD
scAB,Other,Neg_ctrl_Sample_4,-0.0930670765430342,3236,3.51014269940257,Sample_100_TCGA_LUAD
scAB,Other,Neg_ctrl_Sample_5,-0.162209349965275,3236,3.51014269940257,Sample_100_TCGA_LUAD
scAB,Other,Neg_ctrl_Sample_6,0.0519184585988458,3236,3.51014269940257,Sample_100_TCGA_LUAD
scAB,Other,Neg_ctrl_Sample_7,0.0871651205080711,3236,3.51014269940257,Sample_100_TCGA_LUAD
scAB,Other,Neg_ctrl_Sample_8,0.0826233955536453,3236,3.51014269940257,Sample_100_TCGA_LUAD
scAB,Other,Neg_ctrl_Sample_9,-0.0498658768538061,3236,3.51014269940257,Sample_100_TCGA_LUAD
scAB,Other,Neg_ctrl_Sample_10,0.119064170029021,3236,3.51014269940257,Sample_100_TCGA_LUAD
scAB,Other,Neg_ctrl_Sample_11,-0.0961051146598808,3236,3.51014269940257,Sample_100_TCGA_LUAD
scAB,Other,Neg_ctrl_Sample_12,0.0220161660461358,3236,3.51014269940257,Sample_100_TCGA_LUAD
scAB,Other,Neg_ctrl_Sample_13,0.0926499428528444,3236,3.51014269940257,Sample_100_TCGA_LUAD
scAB,Other,Neg_ctrl_Sample_14,0.276853605612913,3236,3.51014269940257,Sample_100_TCGA_LUAD
scAB,Other,Neg_ctrl_Sample_15,0.0441167608959879,3236,3.51014269940257,Sample_100_TCGA_LUAD
scAB,Other,Neg_ctrl_Sample_16,-0.000336267188479555,3236,3.51014269940257,Sample_100_TCGA_LUAD
scAB,Other,Neg_ctrl_Sample_17,0.0347162829191488,3236,3.51014269940257,Sample_100_TCGA_LUAD
scAB,Other,Neg_ctrl_Sample_18,0.0573694707651943,3236,3.51014269940257,Sample_100_TCGA_LUAD
scAB,Other,Neg_ctrl_Sample_19,0.0856333639315866,3236,3.51014269940257,Sample_100_TCGA_LUAD
scAB,Other,Neg_ctrl_Sample_20,-0.00766162313700508,3236,3.51014269940257,Sample_100_TCGA_LUAD
scAB,Other,Neg_ctrl_Sample_21,0.0867586119015333,3236,3.51014269940257,Sample_100_TCGA_LUAD
scAB,Other,Neg_ctrl_Sample_22,0.119821100554533,3236,3.51014269940257,Sample_100_TCGA_LUAD
scAB,Other,Neg_ctrl_Sample_23,-0.00901642150122758,3236,3.51014269940257,Sample_100_TCGA_LUAD
scAB,Other,Neg_ctrl_Sample_24,0.058515283815139,3236,3.51014269940257,Sample_100_TCGA_LUAD
scAB,Other,Neg_ctrl_Sample_25,0.202002319885503,3236,3.51014269940257,Sample_100_TCGA_LUAD
scAB,Other,Neg_ctrl_Sample_26,0.109380153306422,3236,3.51014269940257,Sample_100_TCGA_LUAD
scAB,Other,Neg_ctrl_Sample_27,-0.051081479517536,3236,3.51014269940257,Sample_100_TCGA_LUAD
scAB,Other,Neg_ctrl_Sample_28,0.0741831945146844,3236,3.51014269940257,Sample_100_TCGA_LUAD
scAB,Other,Neg_ctrl_Sample_29,0.0761597600385532,3236,3.51014269940257,Sample_100_TCGA_LUAD
scAB,Other,Neg_ctrl_Sample_30,0.017265888005086,3236,3.51014269940257,Sample_100_TCGA_LUAD
scAB,Other,Neg_ctrl_Sample_31,0.130008133092275,3236,3.51014269940257,Sample_100_TCGA_LUAD
scAB,Other,Neg_ctrl_Sample_32,-0.0116670524566746,3236,3.51014269940257,Sample_100_TCGA_LUAD
scAB,Other,Neg_ctrl_Sample_33,-0.0791577391285811,3236,3.51014269940257,Sample_100_TCGA_LUAD
scAB,Other,Neg_ctrl_Sample_34,-0.130534885335749,3236,3.51014269940257,Sample_100_TCGA_LUAD
scAB,Other,Neg_ctrl_Sample_35,0.0931936188258253,3236,3.51014269940257,Sample_100_TCGA_LUAD
scAB,Other,Neg_ctrl_Sample_36,0.0582939930635021,3236,3.51014269940257,Sample_100_TCGA_LUAD
scAB,Other,Neg_ctrl_Sample_37,0.117761121737446,3236,3.51014269940257,Sample_100_TCGA_LUAD
scAB,Other,Neg_ctrl_Sample_38,0.00517148258080838,3236,3.51014269940257,Sample_100_TCGA_LUAD
scAB,Other,Neg_ctrl_Sample_39,0.0808121027382791,3236,3.51014269940257,Sample_100_TCGA_LUAD
scAB,Other,Neg_ctrl_Sample_40,-0.104596329669498,3236,3.51014269940257,Sample_100_TCGA_LUAD
scAB,Other,Neg_ctrl_Sample_41,-0.0442757306898981,3236,3.51014269940257,Sample_100_TCGA_LUAD
scAB,Other,Neg_ctrl_Sample_42,-0.0374048285460059,3236,3.51014269940257,Sample_100_TCGA_LUAD
scAB,Other,Neg_ctrl_Sample_43,0.0633935236036809,3236,3.51014269940257,Sample_100_TCGA_LUAD
scAB,Other,Neg_ctrl_Sample_44,0.082755263493117,3236,3.51014269940257,Sample_100_TCGA_LUAD
scAB,Other,Neg_ctrl_Sample_45,-0.0311538796587964,3236,3.51014269940257,Sample_100_TCGA_LUAD
scAB,Other,Neg_ctrl_Sample_46,0.0478544344205889,3236,3.51014269940257,Sample_100_TCGA_LUAD
scAB,Other,Neg_ctrl_Sample_47,0.0381928338976531,3236,3.51014269940257,Sample_100_TCGA_LUAD
scAB,Other,Neg_ctrl_Sample_48,0.0881301922552448,3236,3.51014269940257,Sample_100_TCGA_LUAD
scAB,Other,Neg_ctrl_Sample_49,-0.0247684961264922,3236,3.51014269940257,Sample_100_TCGA_LUAD
scAB,Other,Neg_ctrl_Sample_50,0.0031723675997423,3236,3.51014269940257,Sample_100_TCGA_LUAD
scAB,Other,Neg_ctrl_Sample_51,-0.157055406325517,3236,3.51014269940257,Sample_100_TCGA_LUAD
scAB,Other,Neg_ctrl_Sample_52,-0.0680991706660976,3236,3.51014269940257,Sample_100_TCGA_LUAD
scAB,Other,Neg_ctrl_Sample_53,0.100283544749456,3236,3.51014269940257,Sample_100_TCGA_LUAD
scAB,Other,Neg_ctrl_Sample_54,-0.046820241957565,3236,3.51014269940257,Sample_100_TCGA_LUAD
scAB,Other,Neg_ctrl_Sample_55,0.093735534121251,3236,3.51014269940257,Sample_100_TCGA_LUAD
scAB,Other,Neg_ctrl_Sample_56,0.0747148689145679,3236,3.51014269940257,Sample_100_TCGA_LUAD
scAB,Other,Neg_ctrl_Sample_57,0.0864319031122186,3236,3.51014269940257,Sample_100_TCGA_LUAD
scAB,Other,Neg_ctrl_Sample_58,-0.0251788088305877,3236,3.51014269940257,Sample_100_TCGA_LUAD
scAB,Other,Neg_ctrl_Sample_59,0.0024116411970312,3236,3.51014269940257,Sample_100_TCGA_LUAD
scAB,Other,Neg_ctrl_Sample_60,0.152878736258011,3236,3.51014269940257,Sample_100_TCGA_LUAD
scAB,Other,Neg_ctrl_Sample_61,-0.01944136672584,3236,3.51014269940257,Sample_100_TCGA_LUAD
scAB,Other,Neg_ctrl_Sample_62,0.114402393630322,3236,3.51014269940257,Sample_100_TCGA_LUAD
scAB,Other,Neg_ctrl_Sample_63,0.119593162840333,3236,3.51014269940257,Sample_100_TCGA_LUAD
scAB,Other,Neg_ctrl_Sample_64,-0.0485732417654129,3236,3.51014269940257,Sample_100_TCGA_LUAD
scAB,Other,Neg_ctrl_Sample_65,-0.0439816356017626,3236,3.51014269940257,Sample_100_TCGA_LUAD
scAB,Other,Neg_ctrl_Sample_66,0.0226388615569157,3236,3.51014269940257,Sample_100_TCGA_LUAD
scAB,Other,Neg_ctrl_Sample_67,-0.0399448882357417,3236,3.51014269940257,Sample_100_TCGA_LUAD
scAB,Other,Neg_ctrl_Sample_68,0.121270447178223,3236,3.51014269940257,Sample_100_TCGA_LUAD
scAB,Other,Neg_ctrl_Sample_69,-0.00378642480995911,3236,3.51014269940257,Sample_100_TCGA_LUAD
scAB,Other,Neg_ctrl_Sample_70,0.0944418354392937,3236,3.51014269940257,Sample_100_TCGA_LUAD
scAB,Other,Neg_ctrl_Sample_71,-0.00551510995245666,3236,3.51014269940257,Sample_100_TCGA_LUAD
scAB,Other,Neg_ctrl_Sample_72,0.0873536284706231,3236,3.51014269940257,Sample_100_TCGA_LUAD
scAB,Other,Neg_ctrl_Sample_73,-0.067910572201973,3236,3.51014269940257,Sample_100_TCGA_LUAD
scAB,Other,Neg_ctrl_Sample_74,0.0125747444487708,3236,3.51014269940257,Sample_100_TCGA_LUAD
scAB,Other,Neg_ctrl_Sample_75,-0.0311957171389477,3236,3.51014269940257,Sample_100_TCGA_LUAD
scAB,Other,Neg_ctrl_Sample_76,-0.0263249461304402,3236,3.51014269940257,Sample_100_TCGA_LUAD
scAB,Other,Neg_ctrl_Sample_77,0.0490720681788243,3236,3.51014269940257,Sample_100_TCGA_LUAD
scAB,Other,Neg_ctrl_Sample_78,-0.0571016871660125,3236,3.51014269940257,Sample_100_TCGA_LUAD
scAB,Other,Neg_ctrl_Sample_79,-0.114794771975394,3236,3.51014269940257,Sample_100_TCGA_LUAD
scAB,Other,Neg_ctrl_Sample_80,0.107350983122279,3236,3.51014269940257,Sample_100_TCGA_LUAD
scAB,Other,Neg_ctrl_Sample_81,-0.0454099798597519,3236,3.51014269940257,Sample_100_TCGA_LUAD
scAB,Other,Neg_ctrl_Sample_82,0.100188739064418,3236,3.51014269940257,Sample_100_TCGA_LUAD
scAB,Other,Neg_ctrl_Sample_83,-0.0906100329968985,3236,3.51014269940257,Sample_100_TCGA_LUAD
scAB,Other,Neg_ctrl_Sample_84,-0.144889321529315,3236,3.51014269940257,Sample_100_TCGA_LUAD
scAB,Other,Neg_ctrl_Sample_85,-0.00243557928331183,3236,3.51014269940257,Sample_100_TCGA_LUAD
scAB,Other,Neg_ctrl_Sample_86,0.102159334356842,3236,3.51014269940257,Sample_100_TCGA_LUAD
scAB,Other,Neg_ctrl_Sample_87,0.067570500254022,3236,3.51014269940257,Sample_100_TCGA_LUAD
scAB,Other,Neg_ctrl_Sample_88,-0.0450633927028515,3236,3.51014269940257,Sample_100_TCGA_LUAD
scAB,Other,Neg_ctrl_Sample_89,-0.0379470771051044,3236,3.51014269940257,Sample_100_TCGA_LUAD
scAB,Other,Neg_ctrl_Sample_90,0.0559011638902274,3236,3.51014269940257,Sample_100_TCGA_LUAD
scAB,Other,Neg_ctrl_Sample_91,0.0179780542118456,3236,3.51014269940257,Sample_100_TCGA_LUAD
scAB,Other,Neg_ctrl_Sample_92,0.184100070259795,3236,3.51014269940257,Sample_100_TCGA_LUAD
scAB,Other,Neg_ctrl_Sample_93,0.0780860877454229,3236,3.51014269940257,Sample_100_TCGA_LUAD
scAB,Other,Neg_ctrl_Sample_94,0.0168700783982631,3236,3.51014269940257,Sample_100_TCGA_LUAD
scAB,Other,Neg_ctrl_Sample_95,0.0299887379797867,3236,3.51014269940257,Sample_100_TCGA_LUAD
scAB,Other,Neg_ctrl_Sample_96,0.0125273585371359,3236,3.51014269940257,Sample_100_TCGA_LUAD
scAB,Other,Neg_ctrl_Sample_97,0.0246441306699764,3236,3.51014269940257,Sample_100_TCGA_LUAD
scAB,Other,Neg_ctrl_Sample_98,-0.118971751488932,3236,3.51014269940257,Sample_100_TCGA_LUAD
scAB,Other,Neg_ctrl_Sample_99,0.0756245756423691,3236,3.51014269940257,Sample_100_TCGA_LUAD
scAB,Other,Neg_ctrl_Sample_100,-0.0835064827669413,3236,3.51014269940257,Sample_100_TCGA_LUAD
scAB,Positive,Neg_ctrl_Sample_1,0.0287590953162631,28998,4.46238302196896,Sample_100_TCGA_LUAD
scAB,Positive,Neg_ctrl_Sample_2,-0.0060413353734251,28998,4.46238302196896,Sample_100_TCGA_LUAD
scAB,Positive,Neg_ctrl_Sample_3,-0.14689849330944,28998,4.46238302196896,Sample_100_TCGA_LUAD
scAB,Positive,Neg_ctrl_Sample_4,-0.0915989226384511,28998,4.46238302196896,Sample_100_TCGA_LUAD
scAB,Positive,Neg_ctrl_Sample_5,-0.167527700329551,28998,4.46238302196896,Sample_100_TCGA_LUAD
scAB,Positive,Neg_ctrl_Sample_6,0.0697697568113426,28998,4.46238302196896,Sample_100_TCGA_LUAD
scAB,Positive,Neg_ctrl_Sample_7,0.0839634681903126,28998,4.46238302196896,Sample_100_TCGA_LUAD
scAB,Positive,Neg_ctrl_Sample_8,0.0627810811091747,28998,4.46238302196896,Sample_100_TCGA_LUAD
scAB,Positive,Neg_ctrl_Sample_9,-0.0988484183907076,28998,4.46238302196896,Sample_100_TCGA_LUAD
scAB,Positive,Neg_ctrl_Sample_10,0.117882410903804,28998,4.46238302196896,Sample_100_TCGA_LUAD
scAB,Positive,Neg_ctrl_Sample_11,-0.145179755439851,28998,4.46238302196896,Sample_100_TCGA_LUAD
scAB,Positive,Neg_ctrl_Sample_12,0.0492807414253436,28998,4.46238302196896,Sample_100_TCGA_LUAD
scAB,Positive,Neg_ctrl_Sample_13,0.063955854464426,28998,4.46238302196896,Sample_100_TCGA_LUAD
scAB,Positive,Neg_ctrl_Sample_14,0.250323513348004,28998,4.46238302196896,Sample_100_TCGA_LUAD
scAB,Positive,Neg_ctrl_Sample_15,0.0544444095818725,28998,4.46238302196896,Sample_100_TCGA_LUAD
scAB,Positive,Neg_ctrl_Sample_16,-0.0489689619701153,28998,4.46238302196896,Sample_100_TCGA_LUAD
scAB,Positive,Neg_ctrl_Sample_17,0.0203285244359947,28998,4.46238302196896,Sample_100_TCGA_LUAD
scAB,Positive,Neg_ctrl_Sample_18,0.0154360487391472,28998,4.46238302196896,Sample_100_TCGA_LUAD
scAB,Positive,Neg_ctrl_Sample_19,0.0779867317112402,28998,4.46238302196896,Sample_100_TCGA_LUAD
scAB,Positive,Neg_ctrl_Sample_20,-0.0545280069119482,28998,4.46238302196896,Sample_100_TCGA_LUAD
scAB,Positive,Neg_ctrl_Sample_21,0.0980234083943908,28998,4.46238302196896,Sample_100_TCGA_LUAD
scAB,Positive,Neg_ctrl_Sample_22,0.132322128654547,28998,4.46238302196896,Sample_100_TCGA_LUAD
scAB,Positive,Neg_ctrl_Sample_23,-0.0193171553171862,28998,4.46238302196896,Sample_100_TCGA_LUAD
scAB,Positive,Neg_ctrl_Sample_24,0.0578937189694586,28998,4.46238302196896,Sample_100_TCGA_LUAD
scAB,Positive,Neg_ctrl_Sample_25,0.209992733087458,28998,4.46238302196896,Sample_100_TCGA_LUAD
scAB,Positive,Neg_ctrl_Sample_26,0.119218438533693,28998,4.46238302196896,Sample_100_TCGA_LUAD
scAB,Positive,Neg_ctrl_Sample_27,-0.0758360984397702,28998,4.46238302196896,Sample_100_TCGA_LUAD
scAB,Positive,Neg_ctrl_Sample_28,0.0690428310925406,28998,4.46238302196896,Sample_100_TCGA_LUAD
scAB,Positive,Neg_ctrl_Sample_29,0.0941405826581722,28998,4.46238302196896,Sample_100_TCGA_LUAD
scAB,Positive,Neg_ctrl_Sample_30,0.00177044980016318,28998,4.46238302196896,Sample_100_TCGA_LUAD
scAB,Positive,Neg_ctrl_Sample_31,0.100934409329332,28998,4.46238302196896,Sample_100_TCGA_LUAD
scAB,Positive,Neg_ctrl_Sample_32,-0.0299653521304393,28998,4.46238302196896,Sample_100_TCGA_LUAD
scAB,Positive,Neg_ctrl_Sample_33,-0.0967857379505028,28998,4.46238302196896,Sample_100_TCGA_LUAD
scAB,Positive,Neg_ctrl_Sample_34,-0.153145051235476,28998,4.46238302196896,Sample_100_TCGA_LUAD
scAB,Positive,Neg_ctrl_Sample_35,0.0946738200377301,28998,4.46238302196896,Sample_100_TCGA_LUAD
scAB,Positive,Neg_ctrl_Sample_36,0.0448889523971277,28998,4.46238302196896,Sample_100_TCGA_LUAD
scAB,Positive,Neg_ctrl_Sample_37,0.0674314543067106,28998,4.46238302196896,Sample_100_TCGA_LUAD
scAB,Positive,Neg_ctrl_Sample_38,0.00501649961490316,28998,4.46238302196896,Sample_100_TCGA_LUAD
scAB,Positive,Neg_ctrl_Sample_39,0.0317250032962542,28998,4.46238302196896,Sample_100_TCGA_LUAD
scAB,Positive,Neg_ctrl_Sample_40,-0.127142337246847,28998,4.46238302196896,Sample_100_TCGA_LUAD
scAB,Positive,Neg_ctrl_Sample_41,-0.0262278465217388,28998,4.46238302196896,Sample_100_TCGA_LUAD
scAB,Positive,Neg_ctrl_Sample_42,-0.0313387342303665,28998,4.46238302196896,Sample_100_TCGA_LUAD
scAB,Positive,Neg_ctrl_Sample_43,0.083907021127764,28998,4.46238302196896,Sample_100_TCGA_LUAD
scAB,Positive,Neg_ctrl_Sample_44,0.0623847838607625,28998,4.46238302196896,Sample_100_TCGA_LUAD
scAB,Positive,Neg_ctrl_Sample_45,-0.0480762335581045,28998,4.46238302196896,Sample_100_TCGA_LUAD
scAB,Positive,Neg_ctrl_Sample_46,0.0373941234125926,28998,4.46238302196896,Sample_100_TCGA_LUAD
scAB,Positive,Neg_ctrl_Sample_47,0.0513892654605304,28998,4.46238302196896,Sample_100_TCGA_LUAD
scAB,Positive,Neg_ctrl_Sample_48,0.113155157607781,28998,4.46238302196896,Sample_100_TCGA_LUAD
scAB,Positive,Neg_ctrl_Sample_49,-0.0556022951701441,28998,4.46238302196896,Sample_100_TCGA_LUAD
scAB,Positive,Neg_ctrl_Sample_50,-0.0199377491595162,28998,4.46238302196896,Sample_100_TCGA_LUAD
scAB,Positive,Neg_ctrl_Sample_51,-0.145115633890421,28998,4.46238302196896,Sample_100_TCGA_LUAD
scAB,Positive,Neg_ctrl_Sample_52,-0.0369235464601425,28998,4.46238302196896,Sample_100_TCGA_LUAD
scAB,Positive,Neg_ctrl_Sample_53,0.0285332847230894,28998,4.46238302196896,Sample_100_TCGA_LUAD
scAB,Positive,Neg_ctrl_Sample_54,-0.0487656168967997,28998,4.46238302196896,Sample_100_TCGA_LUAD
scAB,Positive,Neg_ctrl_Sample_55,0.0810912284067339,28998,4.46238302196896,Sample_100_TCGA_LUAD
scAB,Positive,Neg_ctrl_Sample_56,0.10048536802722,28998,4.46238302196896,Sample_100_TCGA_LUAD
scAB,Positive,Neg_ctrl_Sample_57,0.0912034531753793,28998,4.46238302196896,Sample_100_TCGA_LUAD
scAB,Positive,Neg_ctrl_Sample_58,-0.0169172491464411,28998,4.46238302196896,Sample_100_TCGA_LUAD
scAB,Positive,Neg_ctrl_Sample_59,0.0152750137411183,28998,4.46238302196896,Sample_100_TCGA_LUAD
scAB,Positive,Neg_ctrl_Sample_60,0.134851175298962,28998,4.46238302196896,Sample_100_TCGA_LUAD
scAB,Positive,Neg_ctrl_Sample_61,-0.0626255890013066,28998,4.46238302196896,Sample_100_TCGA_LUAD
scAB,Positive,Neg_ctrl_Sample_62,0.12007881664901,28998,4.46238302196896,Sample_100_TCGA_LUAD
scAB,Positive,Neg_ctrl_Sample_63,0.108486170229519,28998,4.46238302196896,Sample_100_TCGA_LUAD
scAB,Positive,Neg_ctrl_Sample_64,-0.0109565606672297,28998,4.46238302196896,Sample_100_TCGA_LUAD
scAB,Positive,Neg_ctrl_Sample_65,-0.0924555836645275,28998,4.46238302196896,Sample_100_TCGA_LUAD
scAB,Positive,Neg_ctrl_Sample_66,0.0152832165151723,28998,4.46238302196896,Sample_100_TCGA_LUAD
scAB,Positive,Neg_ctrl_Sample_67,-0.0564874546243429,28998,4.46238302196896,Sample_100_TCGA_LUAD
scAB,Positive,Neg_ctrl_Sample_68,0.0887191668667628,28998,4.46238302196896,Sample_100_TCGA_LUAD
scAB,Positive,Neg_ctrl_Sample_69,-0.0419933941099752,28998,4.46238302196896,Sample_100_TCGA_LUAD
scAB,Positive,Neg_ctrl_Sample_70,0.0809697971496675,28998,4.46238302196896,Sample_100_TCGA_LUAD
scAB,Positive,Neg_ctrl_Sample_71,-0.00750807407469886,28998,4.46238302196896,Sample_100_TCGA_LUAD
scAB,Positive,Neg_ctrl_Sample_72,0.0665407950491706,28998,4.46238302196896,Sample_100_TCGA_LUAD
scAB,Positive,Neg_ctrl_Sample_73,-0.0609863837596433,28998,4.46238302196896,Sample_100_TCGA_LUAD
scAB,Positive,Neg_ctrl_Sample_74,0.00241825274585478,28998,4.46238302196896,Sample_100_TCGA_LUAD
scAB,Positive,Neg_ctrl_Sample_75,-0.0493157969225361,28998,4.46238302196896,Sample_100_TCGA_LUAD
scAB,Positive,Neg_ctrl_Sample_76,-0.0197146618545696,28998,4.46238302196896,Sample_100_TCGA_LUAD
scAB,Positive,Neg_ctrl_Sample_77,0.0339134610807806,28998,4.46238302196896,Sample_100_TCGA_LUAD
scAB,Positive,Neg_ctrl_Sample_78,-0.081986165840401,28998,4.46238302196896,Sample_100_TCGA_LUAD
scAB,Positive,Neg_ctrl_Sample_79,-0.123503329244893,28998,4.46238302196896,Sample_100_TCGA_LUAD
scAB,Positive,Neg_ctrl_Sample_80,0.0854782135726545,28998,4.46238302196896,Sample_100_TCGA_LUAD
scAB,Positive,Neg_ctrl_Sample_81,-0.0682977942511605,28998,4.46238302196896,Sample_100_TCGA_LUAD
scAB,Positive,Neg_ctrl_Sample_82,0.131432774166292,28998,4.46238302196896,Sample_100_TCGA_LUAD
scAB,Positive,Neg_ctrl_Sample_83,-0.1244177985214,28998,4.46238302196896,Sample_100_TCGA_LUAD
scAB,Positive,Neg_ctrl_Sample_84,-0.130615872599214,28998,4.46238302196896,Sample_100_TCGA_LUAD
scAB,Positive,Neg_ctrl_Sample_85,-0.0142182388356114,28998,4.46238302196896,Sample_100_TCGA_LUAD
scAB,Positive,Neg_ctrl_Sample_86,0.124496391810014,28998,4.46238302196896,Sample_100_TCGA_LUAD
scAB,Positive,Neg_ctrl_Sample_87,0.0742302284939118,28998,4.46238302196896,Sample_100_TCGA_LUAD
scAB,Positive,Neg_ctrl_Sample_88,-0.0370555874490745,28998,4.46238302196896,Sample_100_TCGA_LUAD
scAB,Positive,Neg_ctrl_Sample_89,-0.0540890592581985,28998,4.46238302196896,Sample_100_TCGA_LUAD
scAB,Positive,Neg_ctrl_Sample_90,0.0317537323874174,28998,4.46238302196896,Sample_100_TCGA_LUAD
scAB,Positive,Neg_ctrl_Sample_91,0.0225055275838487,28998,4.46238302196896,Sample_100_TCGA_LUAD
scAB,Positive,Neg_ctrl_Sample_92,0.177089444269437,28998,4.46238302196896,Sample_100_TCGA_LUAD
scAB,Positive,Neg_ctrl_Sample_93,0.0849536318947678,28998,4.46238302196896,Sample_100_TCGA_LUAD
scAB,Positive,Neg_ctrl_Sample_94,0.0227818152806684,28998,4.46238302196896,Sample_100_TCGA_LUAD
scAB,Positive,Neg_ctrl_Sample_95,0.0436695857545723,28998,4.46238302196896,Sample_100_TCGA_LUAD
scAB,Positive,Neg_ctrl_Sample_96,-0.0219189401722508,28998,4.46238302196896,Sample_100_TCGA_LUAD
scAB,Positive,Neg_ctrl_Sample_97,-0.0427565497241408,28998,4.46238302196896,Sample_100_TCGA_LUAD
scAB,Positive,Neg_ctrl_Sample_98,-0.126601312802847,28998,4.46238302196896,Sample_100_TCGA_LUAD
scAB,Positive,Neg_ctrl_Sample_99,0.0450023993159374,28998,4.46238302196896,Sample_100_TCGA_LUAD
scAB,Positive,Neg_ctrl_Sample_100,-0.0837967047546518,28998,4.46238302196896,Sample_100_TCGA_LUAD
SCIPAC,Negative,Neg_ctrl_Sample_1,0.00677747888193799,3600,3.55642312137129,Sample_100_TCGA_LUAD
SCIPAC,Negative,Neg_ctrl_Sample_2,0.00993714200656573,3600,3.55642312137129,Sample_100_TCGA_LUAD
SCIPAC,Negative,Neg_ctrl_Sample_3,-0.145048075565136,3600,3.55642312137129,Sample_100_TCGA_LUAD
SCIPAC,Negative,Neg_ctrl_Sample_4,-0.0965738239884302,3600,3.55642312137129,Sample_100_TCGA_LUAD
SCIPAC,Negative,Neg_ctrl_Sample_5,-0.179376197926802,3600,3.55642312137129,Sample_100_TCGA_LUAD
SCIPAC,Negative,Neg_ctrl_Sample_6,0.0526041836999546,3600,3.55642312137129,Sample_100_TCGA_LUAD
SCIPAC,Negative,Neg_ctrl_Sample_7,0.0811137534139984,3600,3.55642312137129,Sample_100_TCGA_LUAD
SCIPAC,Negative,Neg_ctrl_Sample_8,0.0659358230686356,3600,3.55642312137129,Sample_100_TCGA_LUAD
SCIPAC,Negative,Neg_ctrl_Sample_9,-0.0397651271522147,3600,3.55642312137129,Sample_100_TCGA_LUAD
SCIPAC,Negative,Neg_ctrl_Sample_10,0.119170703418305,3600,3.55642312137129,Sample_100_TCGA_LUAD
SCIPAC,Negative,Neg_ctrl_Sample_11,-0.102082262265349,3600,3.55642312137129,Sample_100_TCGA_LUAD
SCIPAC,Negative,Neg_ctrl_Sample_12,0.052421050255076,3600,3.55642312137129,Sample_100_TCGA_LUAD
SCIPAC,Negative,Neg_ctrl_Sample_13,0.0984500829313781,3600,3.55642312137129,Sample_100_TCGA_LUAD
SCIPAC,Negative,Neg_ctrl_Sample_14,0.307270006767767,3600,3.55642312137129,Sample_100_TCGA_LUAD
SCIPAC,Negative,Neg_ctrl_Sample_15,0.0506750136291809,3600,3.55642312137129,Sample_100_TCGA_LUAD
SCIPAC,Negative,Neg_ctrl_Sample_16,0.0110463249972384,3600,3.55642312137129,Sample_100_TCGA_LUAD
SCIPAC,Negative,Neg_ctrl_Sample_17,0.0351078875896892,3600,3.55642312137129,Sample_100_TCGA_LUAD
SCIPAC,Negative,Neg_ctrl_Sample_18,0.0579953328945526,3600,3.55642312137129,Sample_100_TCGA_LUAD
SCIPAC,Negative,Neg_ctrl_Sample_19,0.0682103801739874,3600,3.55642312137129,Sample_100_TCGA_LUAD
SCIPAC,Negative,Neg_ctrl_Sample_20,-0.0295122912754967,3600,3.55642312137129,Sample_100_TCGA_LUAD
SCIPAC,Negative,Neg_ctrl_Sample_21,0.091431478641811,3600,3.55642312137129,Sample_100_TCGA_LUAD
SCIPAC,Negative,Neg_ctrl_Sample_22,0.120235160740015,3600,3.55642312137129,Sample_100_TCGA_LUAD
SCIPAC,Negative,Neg_ctrl_Sample_23,-0.0100058546196889,3600,3.55642312137129,Sample_100_TCGA_LUAD
SCIPAC,Negative,Neg_ctrl_Sample_24,0.0782940457867855,3600,3.55642312137129,Sample_100_TCGA_LUAD
SCIPAC,Negative,Neg_ctrl_Sample_25,0.193199264178227,3600,3.55642312137129,Sample_100_TCGA_LUAD
SCIPAC,Negative,Neg_ctrl_Sample_26,0.109221597738714,3600,3.55642312137129,Sample_100_TCGA_LUAD
SCIPAC,Negative,Neg_ctrl_Sample_27,-0.0380177061902001,3600,3.55642312137129,Sample_100_TCGA_LUAD
SCIPAC,Negative,Neg_ctrl_Sample_28,0.0964784482781706,3600,3.55642312137129,Sample_100_TCGA_LUAD
SCIPAC,Negative,Neg_ctrl_Sample_29,0.101259160075739,3600,3.55642312137129,Sample_100_TCGA_LUAD
SCIPAC,Negative,Neg_ctrl_Sample_30,-0.0106730098289191,3600,3.55642312137129,Sample_100_TCGA_LUAD
SCIPAC,Negative,Neg_ctrl_Sample_31,0.109898528651329,3600,3.55642312137129,Sample_100_TCGA_LUAD
SCIPAC,Negative,Neg_ctrl_Sample_32,-0.0356321215757692,3600,3.55642312137129,Sample_100_TCGA_LUAD
SCIPAC,Negative,Neg_ctrl_Sample_33,-0.104840460268823,3600,3.55642312137129,Sample_100_TCGA_LUAD
SCIPAC,Negative,Neg_ctrl_Sample_34,-0.126800651728791,3600,3.55642312137129,Sample_100_TCGA_LUAD
SCIPAC,Negative,Neg_ctrl_Sample_35,0.0928915476049427,3600,3.55642312137129,Sample_100_TCGA_LUAD
SCIPAC,Negative,Neg_ctrl_Sample_36,0.0391839242041577,3600,3.55642312137129,Sample_100_TCGA_LUAD
SCIPAC,Negative,Neg_ctrl_Sample_37,0.128387478179703,3600,3.55642312137129,Sample_100_TCGA_LUAD
SCIPAC,Negative,Neg_ctrl_Sample_38,-0.00853171842170482,3600,3.55642312137129,Sample_100_TCGA_LUAD
SCIPAC,Negative,Neg_ctrl_Sample_39,0.0475012956835451,3600,3.55642312137129,Sample_100_TCGA_LUAD
SCIPAC,Negative,Neg_ctrl_Sample_40,-0.095015117232174,3600,3.55642312137129,Sample_100_TCGA_LUAD
SCIPAC,Negative,Neg_ctrl_Sample_41,-0.0473428250142772,3600,3.55642312137129,Sample_100_TCGA_LUAD
SCIPAC,Negative,Neg_ctrl_Sample_42,-0.0537759343545174,3600,3.55642312137129,Sample_100_TCGA_LUAD
SCIPAC,Negative,Neg_ctrl_Sample_43,0.0595565559532209,3600,3.55642312137129,Sample_100_TCGA_LUAD
SCIPAC,Negative,Neg_ctrl_Sample_44,0.0778264493686433,3600,3.55642312137129,Sample_100_TCGA_LUAD
SCIPAC,Negative,Neg_ctrl_Sample_45,-0.0319407551922073,3600,3.55642312137129,Sample_100_TCGA_LUAD
SCIPAC,Negative,Neg_ctrl_Sample_46,0.0531102370196556,3600,3.55642312137129,Sample_100_TCGA_LUAD
SCIPAC,Negative,Neg_ctrl_Sample_47,0.0496401943834175,3600,3.55642312137129,Sample_100_TCGA_LUAD
SCIPAC,Negative,Neg_ctrl_Sample_48,0.089236045952634,3600,3.55642312137129,Sample_100_TCGA_LUAD
SCIPAC,Negative,Neg_ctrl_Sample_49,-0.0109250480608965,3600,3.55642312137129,Sample_100_TCGA_LUAD
SCIPAC,Negative,Neg_ctrl_Sample_50,-0.0113681871992287,3600,3.55642312137129,Sample_100_TCGA_LUAD
SCIPAC,Negative,Neg_ctrl_Sample_51,-0.168813960857768,3600,3.55642312137129,Sample_100_TCGA_LUAD
SCIPAC,Negative,Neg_ctrl_Sample_52,-0.0642876153968977,3600,3.55642312137129,Sample_100_TCGA_LUAD
SCIPAC,Negative,Neg_ctrl_Sample_53,0.0634709241667752,3600,3.55642312137129,Sample_100_TCGA_LUAD
SCIPAC,Negative,Neg_ctrl_Sample_54,-0.00618425781021597,3600,3.55642312137129,Sample_100_TCGA_LUAD
SCIPAC,Negative,Neg_ctrl_Sample_55,0.08123368292651,3600,3.55642312137129,Sample_100_TCGA_LUAD
SCIPAC,Negative,Neg_ctrl_Sample_56,0.078910010159721,3600,3.55642312137129,Sample_100_TCGA_LUAD
SCIPAC,Negative,Neg_ctrl_Sample_57,0.0727654289050356,3600,3.55642312137129,Sample_100_TCGA_LUAD
SCIPAC,Negative,Neg_ctrl_Sample_58,-0.0388539223315812,3600,3.55642312137129,Sample_100_TCGA_LUAD
SCIPAC,Negative,Neg_ctrl_Sample_59,0.00255483400668326,3600,3.55642312137129,Sample_100_TCGA_LUAD
SCIPAC,Negative,Neg_ctrl_Sample_60,0.155394095880931,3600,3.55642312137129,Sample_100_TCGA_LUAD
SCIPAC,Negative,Neg_ctrl_Sample_61,-0.0232201064366678,3600,3.55642312137129,Sample_100_TCGA_LUAD
SCIPAC,Negative,Neg_ctrl_Sample_62,0.0936035715595276,3600,3.55642312137129,Sample_100_TCGA_LUAD
SCIPAC,Negative,Neg_ctrl_Sample_63,0.113604136873892,3600,3.55642312137129,Sample_100_TCGA_LUAD
SCIPAC,Negative,Neg_ctrl_Sample_64,-0.0432434256661998,3600,3.55642312137129,Sample_100_TCGA_LUAD
SCIPAC,Negative,Neg_ctrl_Sample_65,-0.0380537781374767,3600,3.55642312137129,Sample_100_TCGA_LUAD
SCIPAC,Negative,Neg_ctrl_Sample_66,0.00610630233041986,3600,3.55642312137129,Sample_100_TCGA_LUAD
SCIPAC,Negative,Neg_ctrl_Sample_67,-0.0552656623304331,3600,3.55642312137129,Sample_100_TCGA_LUAD
SCIPAC,Negative,Neg_ctrl_Sample_68,0.113569839929627,3600,3.55642312137129,Sample_100_TCGA_LUAD
SCIPAC,Negative,Neg_ctrl_Sample_69,0.0136257261978419,3600,3.55642312137129,Sample_100_TCGA_LUAD
SCIPAC,Negative,Neg_ctrl_Sample_70,0.0965349867301324,3600,3.55642312137129,Sample_100_TCGA_LUAD
SCIPAC,Negative,Neg_ctrl_Sample_71,-0.0212358378331321,3600,3.55642312137129,Sample_100_TCGA_LUAD
SCIPAC,Negative,Neg_ctrl_Sample_72,0.107577673925272,3600,3.55642312137129,Sample_100_TCGA_LUAD
SCIPAC,Negative,Neg_ctrl_Sample_73,-0.0725351549064577,3600,3.55642312137129,Sample_100_TCGA_LUAD
SCIPAC,Negative,Neg_ctrl_Sample_74,0.0212577821010379,3600,3.55642312137129,Sample_100_TCGA_LUAD
SCIPAC,Negative,Neg_ctrl_Sample_75,-0.0423125604562663,3600,3.55642312137129,Sample_100_TCGA_LUAD
SCIPAC,Negative,Neg_ctrl_Sample_76,-0.0322306853645721,3600,3.55642312137129,Sample_100_TCGA_LUAD
SCIPAC,Negative,Neg_ctrl_Sample_77,0.0271790259173162,3600,3.55642312137129,Sample_100_TCGA_LUAD
SCIPAC,Negative,Neg_ctrl_Sample_78,-0.0541014478347344,3600,3.55642312137129,Sample_100_TCGA_LUAD
SCIPAC,Negative,Neg_ctrl_Sample_79,-0.121331721629383,3600,3.55642312137129,Sample_100_TCGA_LUAD
SCIPAC,Negative,Neg_ctrl_Sample_80,0.086302951708721,3600,3.55642312137129,Sample_100_TCGA_LUAD
SCIPAC,Negative,Neg_ctrl_Sample_81,-0.0724100702329281,3600,3.55642312137129,Sample_100_TCGA_LUAD
SCIPAC,Negative,Neg_ctrl_Sample_82,0.133490153006164,3600,3.55642312137129,Sample_100_TCGA_LUAD
SCIPAC,Negative,Neg_ctrl_Sample_83,-0.100371553614997,3600,3.55642312137129,Sample_100_TCGA_LUAD
SCIPAC,Negative,Neg_ctrl_Sample_84,-0.145798433642947,3600,3.55642312137129,Sample_100_TCGA_LUAD
SCIPAC,Negative,Neg_ctrl_Sample_85,-0.00620617420975552,3600,3.55642312137129,Sample_100_TCGA_LUAD
SCIPAC,Negative,Neg_ctrl_Sample_86,0.131235976678285,3600,3.55642312137129,Sample_100_TCGA_LUAD
SCIPAC,Negative,Neg_ctrl_Sample_87,0.0604524508723577,3600,3.55642312137129,Sample_100_TCGA_LUAD
SCIPAC,Negative,Neg_ctrl_Sample_88,-0.0538715667073568,3600,3.55642312137129,Sample_100_TCGA_LUAD
SCIPAC,Negative,Neg_ctrl_Sample_89,-0.0529891875616863,3600,3.55642312137129,Sample_100_TCGA_LUAD
SCIPAC,Negative,Neg_ctrl_Sample_90,0.0553777241277702,3600,3.55642312137129,Sample_100_TCGA_LUAD
SCIPAC,Negative,Neg_ctrl_Sample_91,0.0291233922558699,3600,3.55642312137129,Sample_100_TCGA_LUAD
SCIPAC,Negative,Neg_ctrl_Sample_92,0.219392512707212,3600,3.55642312137129,Sample_100_TCGA_LUAD
SCIPAC,Negative,Neg_ctrl_Sample_93,0.0839745892472036,3600,3.55642312137129,Sample_100_TCGA_LUAD
SCIPAC,Negative,Neg_ctrl_Sample_94,0.0363566043418735,3600,3.55642312137129,Sample_100_TCGA_LUAD
SCIPAC,Negative,Neg_ctrl_Sample_95,0.00795297351040949,3600,3.55642312137129,Sample_100_TCGA_LUAD
SCIPAC,Negative,Neg_ctrl_Sample_96,-0.0295917232247257,3600,3.55642312137129,Sample_100_TCGA_LUAD
SCIPAC,Negative,Neg_ctrl_Sample_97,0.0149506225676122,3600,3.55642312137129,Sample_100_TCGA_LUAD
SCIPAC,Negative,Neg_ctrl_Sample_98,-0.135790687792371,3600,3.55642312137129,Sample_100_TCGA_LUAD
SCIPAC,Negative,Neg_ctrl_Sample_99,0.0809009125224712,3600,3.55642312137129,Sample_100_TCGA_LUAD
SCIPAC,Negative,Neg_ctrl_Sample_100,-0.118069736996344,3600,3.55642312137129,Sample_100_TCGA_LUAD
SCIPAC,Neutral,Neg_ctrl_Sample_1,0.030903934922142,26500,4.42326226209861,Sample_100_TCGA_LUAD
SCIPAC,Neutral,Neg_ctrl_Sample_2,-0.00977287860655237,26500,4.42326226209861,Sample_100_TCGA_LUAD
SCIPAC,Neutral,Neg_ctrl_Sample_3,-0.148402477900444,26500,4.42326226209861,Sample_100_TCGA_LUAD
SCIPAC,Neutral,Neg_ctrl_Sample_4,-0.0918209379728874,26500,4.42326226209861,Sample_100_TCGA_LUAD
SCIPAC,Neutral,Neg_ctrl_Sample_5,-0.166641729670083,26500,4.42326226209861,Sample_100_TCGA_LUAD
SCIPAC,Neutral,Neg_ctrl_Sample_6,0.0716008220842107,26500,4.42326226209861,Sample_100_TCGA_LUAD
SCIPAC,Neutral,Neg_ctrl_Sample_7,0.0846144567884075,26500,4.42326226209861,Sample_100_TCGA_LUAD
SCIPAC,Neutral,Neg_ctrl_Sample_8,0.0614563518789968,26500,4.42326226209861,Sample_100_TCGA_LUAD
SCIPAC,Neutral,Neg_ctrl_Sample_9,-0.105261401124847,26500,4.42326226209861,Sample_100_TCGA_LUAD
SCIPAC,Neutral,Neg_ctrl_Sample_10,0.117427932081153,26500,4.42326226209861,Sample_100_TCGA_LUAD
SCIPAC,Neutral,Neg_ctrl_Sample_11,-0.150331582100959,26500,4.42326226209861,Sample_100_TCGA_LUAD
SCIPAC,Neutral,Neg_ctrl_Sample_12,0.0483371265635586,26500,4.42326226209861,Sample_100_TCGA_LUAD
SCIPAC,Neutral,Neg_ctrl_Sample_13,0.0606400074152437,26500,4.42326226209861,Sample_100_TCGA_LUAD
SCIPAC,Neutral,Neg_ctrl_Sample_14,0.247550249061282,26500,4.42326226209861,Sample_100_TCGA_LUAD
SCIPAC,Neutral,Neg_ctrl_Sample_15,0.0561837996135505,26500,4.42326226209861,Sample_100_TCGA_LUAD
SCIPAC,Neutral,Neg_ctrl_Sample_16,-0.0536055369786089,26500,4.42326226209861,Sample_100_TCGA_LUAD
SCIPAC,Neutral,Neg_ctrl_Sample_17,0.0170059717398978,26500,4.42326226209861,Sample_100_TCGA_LUAD
SCIPAC,Neutral,Neg_ctrl_Sample_18,0.0108896415600896,26500,4.42326226209861,Sample_100_TCGA_LUAD
SCIPAC,Neutral,Neg_ctrl_Sample_19,0.0769947046514525,26500,4.42326226209861,Sample_100_TCGA_LUAD
SCIPAC,Neutral,Neg_ctrl_Sample_20,-0.0610535995379939,26500,4.42326226209861,Sample_100_TCGA_LUAD
SCIPAC,Neutral,Neg_ctrl_Sample_21,0.0979598011746781,26500,4.42326226209861,Sample_100_TCGA_LUAD
SCIPAC,Neutral,Neg_ctrl_Sample_22,0.134401090188014,26500,4.42326226209861,Sample_100_TCGA_LUAD
SCIPAC,Neutral,Neg_ctrl_Sample_23,-0.0210261118023652,26500,4.42326226209861,Sample_100_TCGA_LUAD
SCIPAC,Neutral,Neg_ctrl_Sample_24,0.0602346082285432,26500,4.42326226209861,Sample_100_TCGA_LUAD
SCIPAC,Neutral,Neg_ctrl_Sample_25,0.210614761794123,26500,4.42326226209861,Sample_100_TCGA_LUAD
SCIPAC,Neutral,Neg_ctrl_Sample_26,0.117359438000459,26500,4.42326226209861,Sample_100_TCGA_LUAD
SCIPAC,Neutral,Neg_ctrl_Sample_27,-0.077805908673185,26500,4.42326226209861,Sample_100_TCGA_LUAD
SCIPAC,Neutral,Neg_ctrl_Sample_28,0.0661303331207536,26500,4.42326226209861,Sample_100_TCGA_LUAD
SCIPAC,Neutral,Neg_ctrl_Sample_29,0.0956488156570621,26500,4.42326226209861,Sample_100_TCGA_LUAD
SCIPAC,Neutral,Neg_ctrl_Sample_30,0.00289729060951835,26500,4.42326226209861,Sample_100_TCGA_LUAD
SCIPAC,Neutral,Neg_ctrl_Sample_31,0.0955654855838726,26500,4.42326226209861,Sample_100_TCGA_LUAD
SCIPAC,Neutral,Neg_ctrl_Sample_32,-0.0322690450208917,26500,4.42326226209861,Sample_100_TCGA_LUAD
SCIPAC,Neutral,Neg_ctrl_Sample_33,-0.0947089966156948,26500,4.42326226209861,Sample_100_TCGA_LUAD
SCIPAC,Neutral,Neg_ctrl_Sample_34,-0.157307041990993,26500,4.42326226209861,Sample_100_TCGA_LUAD
SCIPAC,Neutral,Neg_ctrl_Sample_35,0.0939982003840588,26500,4.42326226209861,Sample_100_TCGA_LUAD
SCIPAC,Neutral,Neg_ctrl_Sample_36,0.0434488881825086,26500,4.42326226209861,Sample_100_TCGA_LUAD
SCIPAC,Neutral,Neg_ctrl_Sample_37,0.0625156958121147,26500,4.42326226209861,Sample_100_TCGA_LUAD
SCIPAC,Neutral,Neg_ctrl_Sample_38,0.00818907944811824,26500,4.42326226209861,Sample_100_TCGA_LUAD
SCIPAC,Neutral,Neg_ctrl_Sample_39,0.0246438912914736,26500,4.42326226209861,Sample_100_TCGA_LUAD
SCIPAC,Neutral,Neg_ctrl_Sample_40,-0.129174361362633,26500,4.42326226209861,Sample_100_TCGA_LUAD
SCIPAC,Neutral,Neg_ctrl_Sample_41,-0.024652853270927,26500,4.42326226209861,Sample_100_TCGA_LUAD
SCIPAC,Neutral,Neg_ctrl_Sample_42,-0.0347226398772108,26500,4.42326226209861,Sample_100_TCGA_LUAD
SCIPAC,Neutral,Neg_ctrl_Sample_43,0.0855480522033256,26500,4.42326226209861,Sample_100_TCGA_LUAD
SCIPAC,Neutral,Neg_ctrl_Sample_44,0.0615705770463832,26500,4.42326226209861,Sample_100_TCGA_LUAD
SCIPAC,Neutral,Neg_ctrl_Sample_45,-0.0512821607420328,26500,4.42326226209861,Sample_100_TCGA_LUAD
SCIPAC,Neutral,Neg_ctrl_Sample_46,0.0343965243221867,26500,4.42326226209861,Sample_100_TCGA_LUAD
SCIPAC,Neutral,Neg_ctrl_Sample_47,0.0493837781360757,26500,4.42326226209861,Sample_100_TCGA_LUAD
SCIPAC,Neutral,Neg_ctrl_Sample_48,0.116657523982982,26500,4.42326226209861,Sample_100_TCGA_LUAD
SCIPAC,Neutral,Neg_ctrl_Sample_49,-0.0625066972457036,26500,4.42326226209861,Sample_100_TCGA_LUAD
SCIPAC,Neutral,Neg_ctrl_Sample_50,-0.0226721632320622,26500,4.42326226209861,Sample_100_TCGA_LUAD
SCIPAC,Neutral,Neg_ctrl_Sample_51,-0.142360219765575,26500,4.42326226209861,Sample_100_TCGA_LUAD
SCIPAC,Neutral,Neg_ctrl_Sample_52,-0.0331329184202735,26500,4.42326226209861,Sample_100_TCGA_LUAD
SCIPAC,Neutral,Neg_ctrl_Sample_53,0.0250128958238346,26500,4.42326226209861,Sample_100_TCGA_LUAD
SCIPAC,Neutral,Neg_ctrl_Sample_54,-0.0493834017703382,26500,4.42326226209861,Sample_100_TCGA_LUAD
SCIPAC,Neutral,Neg_ctrl_Sample_55,0.0793288698181601,26500,4.42326226209861,Sample_100_TCGA_LUAD
SCIPAC,Neutral,Neg_ctrl_Sample_56,0.102363254453029,26500,4.42326226209861,Sample_100_TCGA_LUAD
SCIPAC,Neutral,Neg_ctrl_Sample_57,0.0928407591349032,26500,4.42326226209861,Sample_100_TCGA_LUAD
SCIPAC,Neutral,Neg_ctrl_Sample_58,-0.0156887931011556,26500,4.42326226209861,Sample_100_TCGA_LUAD
SCIPAC,Neutral,Neg_ctrl_Sample_59,0.0151233809489606,26500,4.42326226209861,Sample_100_TCGA_LUAD
SCIPAC,Neutral,Neg_ctrl_Sample_60,0.131757702769855,26500,4.42326226209861,Sample_100_TCGA_LUAD
SCIPAC,Neutral,Neg_ctrl_Sample_61,-0.0672139227854538,26500,4.42326226209861,Sample_100_TCGA_LUAD
SCIPAC,Neutral,Neg_ctrl_Sample_62,0.122656198323432,26500,4.42326226209861,Sample_100_TCGA_LUAD
SCIPAC,Neutral,Neg_ctrl_Sample_63,0.106361064840768,26500,4.42326226209861,Sample_100_TCGA_LUAD
SCIPAC,Neutral,Neg_ctrl_Sample_64,-0.0072399060326325,26500,4.42326226209861,Sample_100_TCGA_LUAD
SCIPAC,Neutral,Neg_ctrl_Sample_65,-0.0942929249220217,26500,4.42326226209861,Sample_100_TCGA_LUAD
SCIPAC,Neutral,Neg_ctrl_Sample_66,0.014293048422853,26500,4.42326226209861,Sample_100_TCGA_LUAD
SCIPAC,Neutral,Neg_ctrl_Sample_67,-0.0579606059345903,26500,4.42326226209861,Sample_100_TCGA_LUAD
SCIPAC,Neutral,Neg_ctrl_Sample_68,0.08326442029622,26500,4.42326226209861,Sample_100_TCGA_LUAD
SCIPAC,Neutral,Neg_ctrl_Sample_69,-0.0444835042667607,26500,4.42326226209861,Sample_100_TCGA_LUAD
SCIPAC,Neutral,Neg_ctrl_Sample_70,0.0800541849184342,26500,4.42326226209861,Sample_100_TCGA_LUAD
SCIPAC,Neutral,Neg_ctrl_Sample_71,-0.005446160208034,26500,4.42326226209861,Sample_100_TCGA_LUAD
SCIPAC,Neutral,Neg_ctrl_Sample_72,0.0640826159770701,26500,4.42326226209861,Sample_100_TCGA_LUAD
SCIPAC,Neutral,Neg_ctrl_Sample_73,-0.0580367845959179,26500,4.42326226209861,Sample_100_TCGA_LUAD
SCIPAC,Neutral,Neg_ctrl_Sample_74,0.00167112302915801,26500,4.42326226209861,Sample_100_TCGA_LUAD
SCIPAC,Neutral,Neg_ctrl_Sample_75,-0.0515156363918239,26500,4.42326226209861,Sample_100_TCGA_LUAD
SCIPAC,Neutral,Neg_ctrl_Sample_76,-0.0178327986596467,26500,4.42326226209861,Sample_100_TCGA_LUAD
SCIPAC,Neutral,Neg_ctrl_Sample_77,0.0334438613860935,26500,4.42326226209861,Sample_100_TCGA_LUAD
SCIPAC,Neutral,Neg_ctrl_Sample_78,-0.0836939349319141,26500,4.42326226209861,Sample_100_TCGA_LUAD
SCIPAC,Neutral,Neg_ctrl_Sample_79,-0.125071540339399,26500,4.42326226209861,Sample_100_TCGA_LUAD
SCIPAC,Neutral,Neg_ctrl_Sample_80,0.0842278211155547,26500,4.42326226209861,Sample_100_TCGA_LUAD
SCIPAC,Neutral,Neg_ctrl_Sample_81,-0.0710698407001486,26500,4.42326226209861,Sample_100_TCGA_LUAD
SCIPAC,Neutral,Neg_ctrl_Sample_82,0.129504009240011,26500,4.42326226209861,Sample_100_TCGA_LUAD
SCIPAC,Neutral,Neg_ctrl_Sample_83,-0.127172441693603,26500,4.42326226209861,Sample_100_TCGA_LUAD
SCIPAC,Neutral,Neg_ctrl_Sample_84,-0.130801049102259,26500,4.42326226209861,Sample_100_TCGA_LUAD
SCIPAC,Neutral,Neg_ctrl_Sample_85,-0.01669779014306,26500,4.42326226209861,Sample_100_TCGA_LUAD
SCIPAC,Neutral,Neg_ctrl_Sample_86,0.122272766484015,26500,4.42326226209861,Sample_100_TCGA_LUAD
SCIPAC,Neutral,Neg_ctrl_Sample_87,0.074783094560715,26500,4.42326226209861,Sample_100_TCGA_LUAD
SCIPAC,Neutral,Neg_ctrl_Sample_88,-0.0375405129925459,26500,4.42326226209861,Sample_100_TCGA_LUAD
SCIPAC,Neutral,Neg_ctrl_Sample_89,-0.0550249758754243,26500,4.42326226209861,Sample_100_TCGA_LUAD
SCIPAC,Neutral,Neg_ctrl_Sample_90,0.0302692816032914,26500,4.42326226209861,Sample_100_TCGA_LUAD
SCIPAC,Neutral,Neg_ctrl_Sample_91,0.0218920209629301,26500,4.42326226209861,Sample_100_TCGA_LUAD
SCIPAC,Neutral,Neg_ctrl_Sample_92,0.174540148609906,26500,4.42326226209861,Sample_100_TCGA_LUAD
SCIPAC,Neutral,Neg_ctrl_Sample_93,0.0821381632556507,26500,4.42326226209861,Sample_100_TCGA_LUAD
SCIPAC,Neutral,Neg_ctrl_Sample_94,0.0223765720627613,26500,4.42326226209861,Sample_100_TCGA_LUAD
SCIPAC,Neutral,Neg_ctrl_Sample_95,0.0471072200635973,26500,4.42326226209861,Sample_100_TCGA_LUAD
SCIPAC,Neutral,Neg_ctrl_Sample_96,-0.024569341345501,26500,4.42326226209861,Sample_100_TCGA_LUAD
SCIPAC,Neutral,Neg_ctrl_Sample_97,-0.0487840289098029,26500,4.42326226209861,Sample_100_TCGA_LUAD
SCIPAC,Neutral,Neg_ctrl_Sample_98,-0.128807417557301,26500,4.42326226209861,Sample_100_TCGA_LUAD
SCIPAC,Neutral,Neg_ctrl_Sample_99,0.0424886913296825,26500,4.42326226209861,Sample_100_TCGA_LUAD
SCIPAC,Neutral,Neg_ctrl_Sample_100,-0.08397293832688,26500,4.42326226209861,Sample_100_TCGA_LUAD
SCIPAC,Positive,Neg_ctrl_Sample_1,0.0130468747063996,2134,3.32939787936104,Sample_100_TCGA_LUAD
SCIPAC,Positive,Neg_ctrl_Sample_2,0.0699553438058573,2134,3.32939787936104,Sample_100_TCGA_LUAD
SCIPAC,Positive,Neg_ctrl_Sample_3,-0.0924084337403707,2134,3.32939787936104,Sample_100_TCGA_LUAD
SCIPAC,Positive,Neg_ctrl_Sample_4,-0.082675724331392,2134,3.32939787936104,Sample_100_TCGA_LUAD
SCIPAC,Positive,Neg_ctrl_Sample_5,-0.150476833106974,2134,3.32939787936104,Sample_100_TCGA_LUAD
SCIPAC,Positive,Neg_ctrl_Sample_6,0.0489197251592122,2134,3.32939787936104,Sample_100_TCGA_LUAD
SCIPAC,Positive,Neg_ctrl_Sample_7,0.0855418759904335,2134,3.32939787936104,Sample_100_TCGA_LUAD
SCIPAC,Positive,Neg_ctrl_Sample_8,0.103998505236618,2134,3.32939787936104,Sample_100_TCGA_LUAD
SCIPAC,Positive,Neg_ctrl_Sample_9,-0.0446067602793966,2134,3.32939787936104,Sample_100_TCGA_LUAD
SCIPAC,Positive,Neg_ctrl_Sample_10,0.123144832776929,2134,3.32939787936104,Sample_100_TCGA_LUAD
SCIPAC,Positive,Neg_ctrl_Sample_11,-0.0794918601000291,2134,3.32939787936104,Sample_100_TCGA_LUAD
SCIPAC,Positive,Neg_ctrl_Sample_12,0.0143568970594336,2134,3.32939787936104,Sample_100_TCGA_LUAD
SCIPAC,Positive,Neg_ctrl_Sample_13,0.0904529464734316,2134,3.32939787936104,Sample_100_TCGA_LUAD
SCIPAC,Positive,Neg_ctrl_Sample_14,0.22892496876329,2134,3.32939787936104,Sample_100_TCGA_LUAD
SCIPAC,Positive,Neg_ctrl_Sample_15,0.0235426843910117,2134,3.32939787936104,Sample_100_TCGA_LUAD
SCIPAC,Positive,Neg_ctrl_Sample_16,-0.0188894844837138,2134,3.32939787936104,Sample_100_TCGA_LUAD
SCIPAC,Positive,Neg_ctrl_Sample_17,0.0584731943257575,2134,3.32939787936104,Sample_100_TCGA_LUAD
SCIPAC,Positive,Neg_ctrl_Sample_18,0.0636848401926873,2134,3.32939787936104,Sample_100_TCGA_LUAD
SCIPAC,Positive,Neg_ctrl_Sample_19,0.11839351919181,2134,3.32939787936104,Sample_100_TCGA_LUAD
SCIPAC,Positive,Neg_ctrl_Sample_20,0.0553741703114348,2134,3.32939787936104,Sample_100_TCGA_LUAD
SCIPAC,Positive,Neg_ctrl_Sample_21,0.0928517387509008,2134,3.32939787936104,Sample_100_TCGA_LUAD
SCIPAC,Positive,Neg_ctrl_Sample_22,0.107939409312373,2134,3.32939787936104,Sample_100_TCGA_LUAD
SCIPAC,Positive,Neg_ctrl_Sample_23,0.00181678984433996,2134,3.32939787936104,Sample_100_TCGA_LUAD
SCIPAC,Positive,Neg_ctrl_Sample_24,-0.00464768593564783,2134,3.32939787936104,Sample_100_TCGA_LUAD
SCIPAC,Positive,Neg_ctrl_Sample_25,0.218481838160117,2134,3.32939787936104,Sample_100_TCGA_LUAD
SCIPAC,Positive,Neg_ctrl_Sample_26,0.144249108635465,2134,3.32939787936104,Sample_100_TCGA_LUAD
SCIPAC,Positive,Neg_ctrl_Sample_27,-0.0776356739227232,2134,3.32939787936104,Sample_100_TCGA_LUAD
SCIPAC,Positive,Neg_ctrl_Sample_28,0.066721926883608,2134,3.32939787936104,Sample_100_TCGA_LUAD
SCIPAC,Positive,Neg_ctrl_Sample_29,0.0361363674890479,2134,3.32939787936104,Sample_100_TCGA_LUAD
SCIPAC,Positive,Neg_ctrl_Sample_30,0.032266425080348,2134,3.32939787936104,Sample_100_TCGA_LUAD
SCIPAC,Positive,Neg_ctrl_Sample_31,0.196570875961199,2134,3.32939787936104,Sample_100_TCGA_LUAD
SCIPAC,Positive,Neg_ctrl_Sample_32,0.0359491414705344,2134,3.32939787936104,Sample_100_TCGA_LUAD
SCIPAC,Positive,Neg_ctrl_Sample_33,-0.0822554852976022,2134,3.32939787936104,Sample_100_TCGA_LUAD
SCIPAC,Positive,Neg_ctrl_Sample_34,-0.111617678391671,2134,3.32939787936104,Sample_100_TCGA_LUAD
SCIPAC,Positive,Neg_ctrl_Sample_35,0.103825727469128,2134,3.32939787936104,Sample_100_TCGA_LUAD
SCIPAC,Positive,Neg_ctrl_Sample_36,0.0927233079634298,2134,3.32939787936104,Sample_100_TCGA_LUAD
SCIPAC,Positive,Neg_ctrl_Sample_37,0.101964124395694,2134,3.32939787936104,Sample_100_TCGA_LUAD
SCIPAC,Positive,Neg_ctrl_Sample_38,-0.0112900869693245,2134,3.32939787936104,Sample_100_TCGA_LUAD
SCIPAC,Positive,Neg_ctrl_Sample_39,0.167479768679024,2134,3.32939787936104,Sample_100_TCGA_LUAD
SCIPAC,Positive,Neg_ctrl_Sample_40,-0.121917628935791,2134,3.32939787936104,Sample_100_TCGA_LUAD
SCIPAC,Positive,Neg_ctrl_Sample_41,-0.037533540871103,2134,3.32939787936104,Sample_100_TCGA_LUAD
SCIPAC,Positive,Neg_ctrl_Sample_42,0.0393349016097974,2134,3.32939787936104,Sample_100_TCGA_LUAD
SCIPAC,Positive,Neg_ctrl_Sample_43,0.07350058867136,2134,3.32939787936104,Sample_100_TCGA_LUAD
SCIPAC,Positive,Neg_ctrl_Sample_44,0.0773357477047071,2134,3.32939787936104,Sample_100_TCGA_LUAD
SCIPAC,Positive,Neg_ctrl_Sample_45,-0.00982408478817488,2134,3.32939787936104,Sample_100_TCGA_LUAD
SCIPAC,Positive,Neg_ctrl_Sample_46,0.0639676629309632,2134,3.32939787936104,Sample_100_TCGA_LUAD
SCIPAC,Positive,Neg_ctrl_Sample_47,0.0592329474840483,2134,3.32939787936104,Sample_100_TCGA_LUAD
SCIPAC,Positive,Neg_ctrl_Sample_48,0.0720657973148528,2134,3.32939787936104,Sample_100_TCGA_LUAD
SCIPAC,Positive,Neg_ctrl_Sample_49,0.00152363693589688,2134,3.32939787936104,Sample_100_TCGA_LUAD
SCIPAC,Positive,Neg_ctrl_Sample_50,0.0346057783467607,2134,3.32939787936104,Sample_100_TCGA_LUAD
SCIPAC,Positive,Neg_ctrl_Sample_51,-0.157459401850108,2134,3.32939787936104,Sample_100_TCGA_LUAD
SCIPAC,Positive,Neg_ctrl_Sample_52,-0.0851078551830495,2134,3.32939787936104,Sample_100_TCGA_LUAD
SCIPAC,Positive,Neg_ctrl_Sample_53,0.122112781104673,2134,3.32939787936104,Sample_100_TCGA_LUAD
SCIPAC,Positive,Neg_ctrl_Sample_54,-0.109977594525463,2134,3.32939787936104,Sample_100_TCGA_LUAD
SCIPAC,Positive,Neg_ctrl_Sample_55,0.121909709952269,2134,3.32939787936104,Sample_100_TCGA_LUAD
SCIPAC,Positive,Neg_ctrl_Sample_56,0.074484413439829,2134,3.32939787936104,Sample_100_TCGA_LUAD
SCIPAC,Positive,Neg_ctrl_Sample_57,0.0947402589117748,2134,3.32939787936104,Sample_100_TCGA_LUAD
SCIPAC,Positive,Neg_ctrl_Sample_58,-0.00769347635893324,2134,3.32939787936104,Sample_100_TCGA_LUAD
SCIPAC,Positive,Neg_ctrl_Sample_59,0.0191105537989811,2134,3.32939787936104,Sample_100_TCGA_LUAD
SCIPAC,Positive,Neg_ctrl_Sample_60,0.165947564797424,2134,3.32939787936104,Sample_100_TCGA_LUAD
SCIPAC,Positive,Neg_ctrl_Sample_61,-0.00663906073016866,2134,3.32939787936104,Sample_100_TCGA_LUAD
SCIPAC,Positive,Neg_ctrl_Sample_62,0.124128190154874,2134,3.32939787936104,Sample_100_TCGA_LUAD
SCIPAC,Positive,Neg_ctrl_Sample_63,0.143084502455729,2134,3.32939787936104,Sample_100_TCGA_LUAD
SCIPAC,Positive,Neg_ctrl_Sample_64,-0.05968487081449,2134,3.32939787936104,Sample_100_TCGA_LUAD
SCIPAC,Positive,Neg_ctrl_Sample_65,-0.0879079082393484,2134,3.32939787936104,Sample_100_TCGA_LUAD
SCIPAC,Positive,Neg_ctrl_Sample_66,0.0542144315417184,2134,3.32939787936104,Sample_100_TCGA_LUAD
SCIPAC,Positive,Neg_ctrl_Sample_67,-0.0151698340540536,2134,3.32939787936104,Sample_100_TCGA_LUAD
SCIPAC,Positive,Neg_ctrl_Sample_68,0.163894567139012,2134,3.32939787936104,Sample_100_TCGA_LUAD
SCIPAC,Positive,Neg_ctrl_Sample_69,-0.0469620732564001,2134,3.32939787936104,Sample_100_TCGA_LUAD
SCIPAC,Positive,Neg_ctrl_Sample_70,0.0865108269262584,2134,3.32939787936104,Sample_100_TCGA_LUAD
SCIPAC,Positive,Neg_ctrl_Sample_71,-0.00693241148645292,2134,3.32939787936104,Sample_100_TCGA_LUAD
SCIPAC,Positive,Neg_ctrl_Sample_72,0.059398953628605,2134,3.32939787936104,Sample_100_TCGA_LUAD
SCIPAC,Positive,Neg_ctrl_Sample_73,-0.0886318736891533,2134,3.32939787936104,Sample_100_TCGA_LUAD
SCIPAC,Positive,Neg_ctrl_Sample_74,-0.00468435317521323,2134,3.32939787936104,Sample_100_TCGA_LUAD
SCIPAC,Positive,Neg_ctrl_Sample_75,-0.00633516297818612,2134,3.32939787936104,Sample_100_TCGA_LUAD
SCIPAC,Positive,Neg_ctrl_Sample_76,-0.0319932794488364,2134,3.32939787936104,Sample_100_TCGA_LUAD
SCIPAC,Positive,Neg_ctrl_Sample_77,0.074092285385818,2134,3.32939787936104,Sample_100_TCGA_LUAD
SCIPAC,Positive,Neg_ctrl_Sample_78,-0.0700850088136784,2134,3.32939787936104,Sample_100_TCGA_LUAD
SCIPAC,Positive,Neg_ctrl_Sample_79,-0.0944870696794467,2134,3.32939787936104,Sample_100_TCGA_LUAD
SCIPAC,Positive,Neg_ctrl_Sample_80,0.132782161597905,2134,3.32939787936104,Sample_100_TCGA_LUAD
SCIPAC,Positive,Neg_ctrl_Sample_81,0.00776986826203215,2134,3.32939787936104,Sample_100_TCGA_LUAD
SCIPAC,Positive,Neg_ctrl_Sample_82,0.104534934022542,2134,3.32939787936104,Sample_100_TCGA_LUAD
SCIPAC,Positive,Neg_ctrl_Sample_83,-0.07950988303984,2134,3.32939787936104,Sample_100_TCGA_LUAD
SCIPAC,Positive,Neg_ctrl_Sample_84,-0.124348058002059,2134,3.32939787936104,Sample_100_TCGA_LUAD
SCIPAC,Positive,Neg_ctrl_Sample_85,0.0209239182897633,2134,3.32939787936104,Sample_100_TCGA_LUAD
SCIPAC,Positive,Neg_ctrl_Sample_86,0.106867923063393,2134,3.32939787936104,Sample_100_TCGA_LUAD
SCIPAC,Positive,Neg_ctrl_Sample_87,0.0805086577736816,2134,3.32939787936104,Sample_100_TCGA_LUAD
SCIPAC,Positive,Neg_ctrl_Sample_88,-0.0148087297027795,2134,3.32939787936104,Sample_100_TCGA_LUAD
SCIPAC,Positive,Neg_ctrl_Sample_89,-0.0198445857359631,2134,3.32939787936104,Sample_100_TCGA_LUAD
SCIPAC,Positive,Neg_ctrl_Sample_90,0.0469517941761548,2134,3.32939787936104,Sample_100_TCGA_LUAD
SCIPAC,Positive,Neg_ctrl_Sample_91,0.0120944258046858,2134,3.32939787936104,Sample_100_TCGA_LUAD
SCIPAC,Positive,Neg_ctrl_Sample_92,0.148013377871301,2134,3.32939787936104,Sample_100_TCGA_LUAD
SCIPAC,Positive,Neg_ctrl_Sample_93,0.111153772288654,2134,3.32939787936104,Sample_100_TCGA_LUAD
SCIPAC,Positive,Neg_ctrl_Sample_94,-0.00405074137222093,2134,3.32939787936104,Sample_100_TCGA_LUAD
SCIPAC,Positive,Neg_ctrl_Sample_95,0.0404883633977876,2134,3.32939787936104,Sample_100_TCGA_LUAD
SCIPAC,Positive,Neg_ctrl_Sample_96,0.0761719092671192,2134,3.32939787936104,Sample_100_TCGA_LUAD
SCIPAC,Positive,Neg_ctrl_Sample_97,0.0369486892285787,2134,3.32939787936104,Sample_100_TCGA_LUAD
SCIPAC,Positive,Neg_ctrl_Sample_98,-0.0721342151612508,2134,3.32939787936104,Sample_100_TCGA_LUAD
SCIPAC,Positive,Neg_ctrl_Sample_99,0.062093297481151,2134,3.32939787936104,Sample_100_TCGA_LUAD
SCIPAC,Positive,Neg_ctrl_Sample_100,-0.0233504704123933,2134,3.32939787936104,Sample_100_TCGA_LUAD
scPAS,Negative,Neg_ctrl_Sample_1,0.0339944793663763,1349,3.13033376849501,Sample_100_TCGA_LUAD
scPAS,Negative,Neg_ctrl_Sample_2,-0.0103156013486719,1349,3.13033376849501,Sample_100_TCGA_LUAD
scPAS,Negative,Neg_ctrl_Sample_3,-0.15296528949255,1349,3.13033376849501,Sample_100_TCGA_LUAD
scPAS,Negative,Neg_ctrl_Sample_4,-0.098115226833398,1349,3.13033376849501,Sample_100_TCGA_LUAD
scPAS,Negative,Neg_ctrl_Sample_5,-0.171514352835247,1349,3.13033376849501,Sample_100_TCGA_LUAD
scPAS,Negative,Neg_ctrl_Sample_6,0.0728688821397104,1349,3.13033376849501,Sample_100_TCGA_LUAD
scPAS,Negative,Neg_ctrl_Sample_7,0.0811971565146939,1349,3.13033376849501,Sample_100_TCGA_LUAD
scPAS,Negative,Neg_ctrl_Sample_8,0.057181220706127,1349,3.13033376849501,Sample_100_TCGA_LUAD
scPAS,Negative,Neg_ctrl_Sample_9,-0.111756365121698,1349,3.13033376849501,Sample_100_TCGA_LUAD
scPAS,Negative,Neg_ctrl_Sample_10,0.121529628513364,1349,3.13033376849501,Sample_100_TCGA_LUAD
scPAS,Negative,Neg_ctrl_Sample_11,-0.162487691465696,1349,3.13033376849501,Sample_100_TCGA_LUAD
scPAS,Negative,Neg_ctrl_Sample_12,0.0567060169863823,1349,3.13033376849501,Sample_100_TCGA_LUAD
scPAS,Negative,Neg_ctrl_Sample_13,0.0546444786994272,1349,3.13033376849501,Sample_100_TCGA_LUAD
scPAS,Negative,Neg_ctrl_Sample_14,0.239554156038615,1349,3.13033376849501,Sample_100_TCGA_LUAD
scPAS,Negative,Neg_ctrl_Sample_15,0.0635788847739394,1349,3.13033376849501,Sample_100_TCGA_LUAD
scPAS,Negative,Neg_ctrl_Sample_16,-0.0595965149710327,1349,3.13033376849501,Sample_100_TCGA_LUAD
scPAS,Negative,Neg_ctrl_Sample_17,0.0154827043851987,1349,3.13033376849501,Sample_100_TCGA_LUAD
scPAS,Negative,Neg_ctrl_Sample_18,0.00288587489096394,1349,3.13033376849501,Sample_100_TCGA_LUAD
scPAS,Negative,Neg_ctrl_Sample_19,0.0690011469579755,1349,3.13033376849501,Sample_100_TCGA_LUAD
scPAS,Negative,Neg_ctrl_Sample_20,-0.0686219899967,1349,3.13033376849501,Sample_100_TCGA_LUAD
scPAS,Negative,Neg_ctrl_Sample_21,0.0966948642634547,1349,3.13033376849501,Sample_100_TCGA_LUAD
scPAS,Negative,Neg_ctrl_Sample_22,0.131561542697139,1349,3.13033376849501,Sample_100_TCGA_LUAD
scPAS,Negative,Neg_ctrl_Sample_23,-0.0180318567016828,1349,3.13033376849501,Sample_100_TCGA_LUAD
scPAS,Negative,Neg_ctrl_Sample_24,0.0457389665762219,1349,3.13033376849501,Sample_100_TCGA_LUAD
scPAS,Negative,Neg_ctrl_Sample_25,0.216548716154806,1349,3.13033376849501,Sample_100_TCGA_LUAD
scPAS,Negative,Neg_ctrl_Sample_26,0.125504412287368,1349,3.13033376849501,Sample_100_TCGA_LUAD
scPAS,Negative,Neg_ctrl_Sample_27,-0.0775827913208914,1349,3.13033376849501,Sample_100_TCGA_LUAD
scPAS,Negative,Neg_ctrl_Sample_28,0.071635606285443,1349,3.13033376849501,Sample_100_TCGA_LUAD
scPAS,Negative,Neg_ctrl_Sample_29,0.116581942888549,1349,3.13033376849501,Sample_100_TCGA_LUAD
scPAS,Negative,Neg_ctrl_Sample_30,-0.000772463403255988,1349,3.13033376849501,Sample_100_TCGA_LUAD
scPAS,Negative,Neg_ctrl_Sample_31,0.0900439239435226,1349,3.13033376849501,Sample_100_TCGA_LUAD
scPAS,Negative,Neg_ctrl_Sample_32,-0.0346280046924462,1349,3.13033376849501,Sample_100_TCGA_LUAD
scPAS,Negative,Neg_ctrl_Sample_33,-0.104518480220167,1349,3.13033376849501,Sample_100_TCGA_LUAD
scPAS,Negative,Neg_ctrl_Sample_34,-0.155894673365382,1349,3.13033376849501,Sample_100_TCGA_LUAD
scPAS,Negative,Neg_ctrl_Sample_35,0.0906911607102873,1349,3.13033376849501,Sample_100_TCGA_LUAD
scPAS,Negative,Neg_ctrl_Sample_36,0.0301210905117388,1349,3.13033376849501,Sample_100_TCGA_LUAD
scPAS,Negative,Neg_ctrl_Sample_37,0.0649256314058983,1349,3.13033376849501,Sample_100_TCGA_LUAD
scPAS,Negative,Neg_ctrl_Sample_38,-0.00511530770219644,1349,3.13033376849501,Sample_100_TCGA_LUAD
scPAS,Negative,Neg_ctrl_Sample_39,0.0142095134792191,1349,3.13033376849501,Sample_100_TCGA_LUAD
scPAS,Negative,Neg_ctrl_Sample_40,-0.13966044434375,1349,3.13033376849501,Sample_100_TCGA_LUAD
scPAS,Negative,Neg_ctrl_Sample_41,-0.0440205256669977,1349,3.13033376849501,Sample_100_TCGA_LUAD
scPAS,Negative,Neg_ctrl_Sample_42,-0.0301890597736698,1349,3.13033376849501,Sample_100_TCGA_LUAD
scPAS,Negative,Neg_ctrl_Sample_43,0.0874967783598175,1349,3.13033376849501,Sample_100_TCGA_LUAD
scPAS,Negative,Neg_ctrl_Sample_44,0.0495248396725469,1349,3.13033376849501,Sample_100_TCGA_LUAD
scPAS,Negative,Neg_ctrl_Sample_45,-0.0578555651125785,1349,3.13033376849501,Sample_100_TCGA_LUAD
scPAS,Negative,Neg_ctrl_Sample_46,0.0390309879178559,1349,3.13033376849501,Sample_100_TCGA_LUAD
scPAS,Negative,Neg_ctrl_Sample_47,0.0541754025985245,1349,3.13033376849501,Sample_100_TCGA_LUAD
scPAS,Negative,Neg_ctrl_Sample_48,0.117845201819775,1349,3.13033376849501,Sample_100_TCGA_LUAD
scPAS,Negative,Neg_ctrl_Sample_49,-0.057197398375235,1349,3.13033376849501,Sample_100_TCGA_LUAD
scPAS,Negative,Neg_ctrl_Sample_50,-0.0288245523981492,1349,3.13033376849501,Sample_100_TCGA_LUAD
scPAS,Negative,Neg_ctrl_Sample_51,-0.153491861275585,1349,3.13033376849501,Sample_100_TCGA_LUAD
scPAS,Negative,Neg_ctrl_Sample_52,-0.0393614527797054,1349,3.13033376849501,Sample_100_TCGA_LUAD
scPAS,Negative,Neg_ctrl_Sample_53,0.016229975767906,1349,3.13033376849501,Sample_100_TCGA_LUAD
scPAS,Negative,Neg_ctrl_Sample_54,-0.0540501739454441,1349,3.13033376849501,Sample_100_TCGA_LUAD
scPAS,Negative,Neg_ctrl_Sample_55,0.0818498295969257,1349,3.13033376849501,Sample_100_TCGA_LUAD
scPAS,Negative,Neg_ctrl_Sample_56,0.107893106144032,1349,3.13033376849501,Sample_100_TCGA_LUAD
scPAS,Negative,Neg_ctrl_Sample_57,0.101079700207721,1349,3.13033376849501,Sample_100_TCGA_LUAD
scPAS,Negative,Neg_ctrl_Sample_58,-0.0159499197711669,1349,3.13033376849501,Sample_100_TCGA_LUAD
scPAS,Negative,Neg_ctrl_Sample_59,0.0150612022426184,1349,3.13033376849501,Sample_100_TCGA_LUAD
scPAS,Negative,Neg_ctrl_Sample_60,0.133824089158966,1349,3.13033376849501,Sample_100_TCGA_LUAD
scPAS,Negative,Neg_ctrl_Sample_61,-0.0675310852305144,1349,3.13033376849501,Sample_100_TCGA_LUAD
scPAS,Negative,Neg_ctrl_Sample_62,0.124322196907893,1349,3.13033376849501,Sample_100_TCGA_LUAD
scPAS,Negative,Neg_ctrl_Sample_63,0.112338900549458,1349,3.13033376849501,Sample_100_TCGA_LUAD
scPAS,Negative,Neg_ctrl_Sample_64,-0.0275598041969602,1349,3.13033376849501,Sample_100_TCGA_LUAD
scPAS,Negative,Neg_ctrl_Sample_65,-0.0977118821721011,1349,3.13033376849501,Sample_100_TCGA_LUAD
scPAS,Negative,Neg_ctrl_Sample_66,0.0128270973434853,1349,3.13033376849501,Sample_100_TCGA_LUAD
scPAS,Negative,Neg_ctrl_Sample_67,-0.0618570238391774,1349,3.13033376849501,Sample_100_TCGA_LUAD
scPAS,Negative,Neg_ctrl_Sample_68,0.0801564609182841,1349,3.13033376849501,Sample_100_TCGA_LUAD
scPAS,Negative,Neg_ctrl_Sample_69,-0.0522540822088188,1349,3.13033376849501,Sample_100_TCGA_LUAD
scPAS,Negative,Neg_ctrl_Sample_70,0.0790105389389503,1349,3.13033376849501,Sample_100_TCGA_LUAD
scPAS,Negative,Neg_ctrl_Sample_71,-0.00408027102754022,1349,3.13033376849501,Sample_100_TCGA_LUAD
scPAS,Negative,Neg_ctrl_Sample_72,0.0668842347625241,1349,3.13033376849501,Sample_100_TCGA_LUAD
scPAS,Negative,Neg_ctrl_Sample_73,-0.0632246979278032,1349,3.13033376849501,Sample_100_TCGA_LUAD
scPAS,Negative,Neg_ctrl_Sample_74,0.00280414403963615,1349,3.13033376849501,Sample_100_TCGA_LUAD
scPAS,Negative,Neg_ctrl_Sample_75,-0.0607079975812335,1349,3.13033376849501,Sample_100_TCGA_LUAD
scPAS,Negative,Neg_ctrl_Sample_76,-0.0201057529754729,1349,3.13033376849501,Sample_100_TCGA_LUAD
scPAS,Negative,Neg_ctrl_Sample_77,0.030530735163175,1349,3.13033376849501,Sample_100_TCGA_LUAD
scPAS,Negative,Neg_ctrl_Sample_78,-0.0880103263331192,1349,3.13033376849501,Sample_100_TCGA_LUAD
scPAS,Negative,Neg_ctrl_Sample_79,-0.11436683907004,1349,3.13033376849501,Sample_100_TCGA_LUAD
scPAS,Negative,Neg_ctrl_Sample_80,0.0783610725191459,1349,3.13033376849501,Sample_100_TCGA_LUAD
scPAS,Negative,Neg_ctrl_Sample_81,-0.0648880432333242,1349,3.13033376849501,Sample_100_TCGA_LUAD
scPAS,Negative,Neg_ctrl_Sample_82,0.11946730022868,1349,3.13033376849501,Sample_100_TCGA_LUAD
scPAS,Negative,Neg_ctrl_Sample_83,-0.140929846757089,1349,3.13033376849501,Sample_100_TCGA_LUAD
scPAS,Negative,Neg_ctrl_Sample_84,-0.144561669953926,1349,3.13033376849501,Sample_100_TCGA_LUAD
scPAS,Negative,Neg_ctrl_Sample_85,-0.0349968511669607,1349,3.13033376849501,Sample_100_TCGA_LUAD
scPAS,Negative,Neg_ctrl_Sample_86,0.120863368615154,1349,3.13033376849501,Sample_100_TCGA_LUAD
scPAS,Negative,Neg_ctrl_Sample_87,0.0660280014472415,1349,3.13033376849501,Sample_100_TCGA_LUAD
scPAS,Negative,Neg_ctrl_Sample_88,-0.0330169394169252,1349,3.13033376849501,Sample_100_TCGA_LUAD
scPAS,Negative,Neg_ctrl_Sample_89,-0.0613923802601928,1349,3.13033376849501,Sample_100_TCGA_LUAD
scPAS,Negative,Neg_ctrl_Sample_90,0.0317202199028243,1349,3.13033376849501,Sample_100_TCGA_LUAD
scPAS,Negative,Neg_ctrl_Sample_91,0.0266099806689976,1349,3.13033376849501,Sample_100_TCGA_LUAD
scPAS,Negative,Neg_ctrl_Sample_92,0.179772171358302,1349,3.13033376849501,Sample_100_TCGA_LUAD
scPAS,Negative,Neg_ctrl_Sample_93,0.0848854023063643,1349,3.13033376849501,Sample_100_TCGA_LUAD
scPAS,Negative,Neg_ctrl_Sample_94,0.0162712116715358,1349,3.13033376849501,Sample_100_TCGA_LUAD
scPAS,Negative,Neg_ctrl_Sample_95,0.0417186607820425,1349,3.13033376849501,Sample_100_TCGA_LUAD
scPAS,Negative,Neg_ctrl_Sample_96,-0.0374966561764943,1349,3.13033376849501,Sample_100_TCGA_LUAD
scPAS,Negative,Neg_ctrl_Sample_97,-0.0605467712875937,1349,3.13033376849501,Sample_100_TCGA_LUAD
scPAS,Negative,Neg_ctrl_Sample_98,-0.140544986251517,1349,3.13033376849501,Sample_100_TCGA_LUAD
scPAS,Negative,Neg_ctrl_Sample_99,0.027705179387716,1349,3.13033376849501,Sample_100_TCGA_LUAD
scPAS,Negative,Neg_ctrl_Sample_100,-0.0846085039495021,1349,3.13033376849501,Sample_100_TCGA_LUAD
scPAS,Neutral,Neg_ctrl_Sample_1,0.0267228971141317,30885,4.48976166710972,Sample_100_TCGA_LUAD
scPAS,Neutral,Neg_ctrl_Sample_2,-0.00194292122224192,30885,4.48976166710972,Sample_100_TCGA_LUAD
scPAS,Neutral,Neg_ctrl_Sample_3,-0.143943278564764,30885,4.48976166710972,Sample_100_TCGA_LUAD
scPAS,Neutral,Neg_ctrl_Sample_4,-0.091468129427386,30885,4.48976166710972,Sample_100_TCGA_LUAD
scPAS,Neutral,Neg_ctrl_Sample_5,-0.166796336366172,30885,4.48976166710972,Sample_100_TCGA_LUAD
scPAS,Neutral,Neg_ctrl_Sample_6,0.0677640090022569,30885,4.48976166710972,Sample_100_TCGA_LUAD
scPAS,Neutral,Neg_ctrl_Sample_7,0.0844197512193132,30885,4.48976166710972,Sample_100_TCGA_LUAD
scPAS,Neutral,Neg_ctrl_Sample_8,0.065104666708204,30885,4.48976166710972,Sample_100_TCGA_LUAD
scPAS,Neutral,Neg_ctrl_Sample_9,-0.0931524389653062,30885,4.48976166710972,Sample_100_TCGA_LUAD
scPAS,Neutral,Neg_ctrl_Sample_10,0.11784692688159,30885,4.48976166710972,Sample_100_TCGA_LUAD
scPAS,Neutral,Neg_ctrl_Sample_11,-0.139281942803851,30885,4.48976166710972,Sample_100_TCGA_LUAD
scPAS,Neutral,Neg_ctrl_Sample_12,0.0460997518621589,30885,4.48976166710972,Sample_100_TCGA_LUAD
scPAS,Neutral,Neg_ctrl_Sample_13,0.0673690037579958,30885,4.48976166710972,Sample_100_TCGA_LUAD
scPAS,Neutral,Neg_ctrl_Sample_14,0.253573610209898,30885,4.48976166710972,Sample_100_TCGA_LUAD
scPAS,Neutral,Neg_ctrl_Sample_15,0.0529633450462851,30885,4.48976166710972,Sample_100_TCGA_LUAD
scPAS,Neutral,Neg_ctrl_Sample_16,-0.0434092414160727,30885,4.48976166710972,Sample_100_TCGA_LUAD
scPAS,Neutral,Neg_ctrl_Sample_17,0.0220476695776497,30885,4.48976166710972,Sample_100_TCGA_LUAD
scPAS,Neutral,Neg_ctrl_Sample_18,0.0203778243000179,30885,4.48976166710972,Sample_100_TCGA_LUAD
scPAS,Neutral,Neg_ctrl_Sample_19,0.0791803873919006,30885,4.48976166710972,Sample_100_TCGA_LUAD
scPAS,Neutral,Neg_ctrl_Sample_20,-0.0490019456823207,30885,4.48976166710972,Sample_100_TCGA_LUAD
scPAS,Neutral,Neg_ctrl_Sample_21,0.0969011589069935,30885,4.48976166710972,Sample_100_TCGA_LUAD
scPAS,Neutral,Neg_ctrl_Sample_22,0.131045544666361,30885,4.48976166710972,Sample_100_TCGA_LUAD
scPAS,Neutral,Neg_ctrl_Sample_23,-0.0182940273652312,30885,4.48976166710972,Sample_100_TCGA_LUAD
scPAS,Neutral,Neg_ctrl_Sample_24,0.0584897411426525,30885,4.48976166710972,Sample_100_TCGA_LUAD
scPAS,Neutral,Neg_ctrl_Sample_25,0.208869178019322,30885,4.48976166710972,Sample_100_TCGA_LUAD
scPAS,Neutral,Neg_ctrl_Sample_26,0.117913064740941,30885,4.48976166710972,Sample_100_TCGA_LUAD
scPAS,Neutral,Neg_ctrl_Sample_27,-0.0731661215730394,30885,4.48976166710972,Sample_100_TCGA_LUAD
scPAS,Neutral,Neg_ctrl_Sample_28,0.0694681690332501,30885,4.48976166710972,Sample_100_TCGA_LUAD
scPAS,Neutral,Neg_ctrl_Sample_29,0.0912764305795624,30885,4.48976166710972,Sample_100_TCGA_LUAD
scPAS,Neutral,Neg_ctrl_Sample_30,0.00350506621403861,30885,4.48976166710972,Sample_100_TCGA_LUAD
scPAS,Neutral,Neg_ctrl_Sample_31,0.104456307819938,30885,4.48976166710972,Sample_100_TCGA_LUAD
scPAS,Neutral,Neg_ctrl_Sample_32,-0.0278444773999731,30885,4.48976166710972,Sample_100_TCGA_LUAD
scPAS,Neutral,Neg_ctrl_Sample_33,-0.0946009986430879,30885,4.48976166710972,Sample_100_TCGA_LUAD
scPAS,Neutral,Neg_ctrl_Sample_34,-0.150655955004141,30885,4.48976166710972,Sample_100_TCGA_LUAD
scPAS,Neutral,Neg_ctrl_Sample_35,0.0946926860345248,30885,4.48976166710972,Sample_100_TCGA_LUAD
scPAS,Neutral,Neg_ctrl_Sample_36,0.0469385090518073,30885,4.48976166710972,Sample_100_TCGA_LUAD
scPAS,Neutral,Neg_ctrl_Sample_37,0.0728142342613504,30885,4.48976166710972,Sample_100_TCGA_LUAD
scPAS,Neutral,Neg_ctrl_Sample_38,0.00547527678661879,30885,4.48976166710972,Sample_100_TCGA_LUAD
scPAS,Neutral,Neg_ctrl_Sample_39,0.0376331868661934,30885,4.48976166710972,Sample_100_TCGA_LUAD
scPAS,Neutral,Neg_ctrl_Sample_40,-0.124233293795527,30885,4.48976166710972,Sample_100_TCGA_LUAD
scPAS,Neutral,Neg_ctrl_Sample_41,-0.0273416761801882,30885,4.48976166710972,Sample_100_TCGA_LUAD
scPAS,Neutral,Neg_ctrl_Sample_42,-0.0320245296665813,30885,4.48976166710972,Sample_100_TCGA_LUAD
scPAS,Neutral,Neg_ctrl_Sample_43,0.0816009094070588,30885,4.48976166710972,Sample_100_TCGA_LUAD
scPAS,Neutral,Neg_ctrl_Sample_44,0.0650808154877727,30885,4.48976166710972,Sample_100_TCGA_LUAD
scPAS,Neutral,Neg_ctrl_Sample_45,-0.0458760374925339,30885,4.48976166710972,Sample_100_TCGA_LUAD
scPAS,Neutral,Neg_ctrl_Sample_46,0.0384186154379861,30885,4.48976166710972,Sample_100_TCGA_LUAD
scPAS,Neutral,Neg_ctrl_Sample_47,0.0498849056892294,30885,4.48976166710972,Sample_100_TCGA_LUAD
scPAS,Neutral,Neg_ctrl_Sample_48,0.110328294809569,30885,4.48976166710972,Sample_100_TCGA_LUAD
scPAS,Neutral,Neg_ctrl_Sample_49,-0.0523019886158645,30885,4.48976166710972,Sample_100_TCGA_LUAD
scPAS,Neutral,Neg_ctrl_Sample_50,-0.0171282094022917,30885,4.48976166710972,Sample_100_TCGA_LUAD
scPAS,Neutral,Neg_ctrl_Sample_51,-0.146000774666118,30885,4.48976166710972,Sample_100_TCGA_LUAD
scPAS,Neutral,Neg_ctrl_Sample_52,-0.0400835135738025,30885,4.48976166710972,Sample_100_TCGA_LUAD
scPAS,Neutral,Neg_ctrl_Sample_53,0.0365883601715553,30885,4.48976166710972,Sample_100_TCGA_LUAD
scPAS,Neutral,Neg_ctrl_Sample_54,-0.0483309689848043,30885,4.48976166710972,Sample_100_TCGA_LUAD
scPAS,Neutral,Neg_ctrl_Sample_55,0.0823829111098779,30885,4.48976166710972,Sample_100_TCGA_LUAD
scPAS,Neutral,Neg_ctrl_Sample_56,0.0974616874752328,30885,4.48976166710972,Sample_100_TCGA_LUAD
scPAS,Neutral,Neg_ctrl_Sample_57,0.0902721339831821,30885,4.48976166710972,Sample_100_TCGA_LUAD
scPAS,Neutral,Neg_ctrl_Sample_58,-0.0178251116837616,30885,4.48976166710972,Sample_100_TCGA_LUAD
scPAS,Neutral,Neg_ctrl_Sample_59,0.0139365827279666,30885,4.48976166710972,Sample_100_TCGA_LUAD
scPAS,Neutral,Neg_ctrl_Sample_60,0.1367848883139,30885,4.48976166710972,Sample_100_TCGA_LUAD
scPAS,Neutral,Neg_ctrl_Sample_61,-0.0578866653264932,30885,4.48976166710972,Sample_100_TCGA_LUAD
scPAS,Neutral,Neg_ctrl_Sample_62,0.119298721947449,30885,4.48976166710972,Sample_100_TCGA_LUAD
scPAS,Neutral,Neg_ctrl_Sample_63,0.109481633881357,30885,4.48976166710972,Sample_100_TCGA_LUAD
scPAS,Neutral,Neg_ctrl_Sample_64,-0.0141726786698884,30885,4.48976166710972,Sample_100_TCGA_LUAD
scPAS,Neutral,Neg_ctrl_Sample_65,-0.0871471024400552,30885,4.48976166710972,Sample_100_TCGA_LUAD
scPAS,Neutral,Neg_ctrl_Sample_66,0.0161611887385068,30885,4.48976166710972,Sample_100_TCGA_LUAD
scPAS,Neutral,Neg_ctrl_Sample_67,-0.0545196614009553,30885,4.48976166710972,Sample_100_TCGA_LUAD
scPAS,Neutral,Neg_ctrl_Sample_68,0.0925037559362911,30885,4.48976166710972,Sample_100_TCGA_LUAD
scPAS,Neutral,Neg_ctrl_Sample_69,-0.037542061071277,30885,4.48976166710972,Sample_100_TCGA_LUAD
scPAS,Neutral,Neg_ctrl_Sample_70,0.0824669172801994,30885,4.48976166710972,Sample_100_TCGA_LUAD
scPAS,Neutral,Neg_ctrl_Sample_71,-0.00744897983513403,30885,4.48976166710972,Sample_100_TCGA_LUAD
scPAS,Neutral,Neg_ctrl_Sample_72,0.068706475113231,30885,4.48976166710972,Sample_100_TCGA_LUAD
scPAS,Neutral,Neg_ctrl_Sample_73,-0.0616141055659096,30885,4.48976166710972,Sample_100_TCGA_LUAD
scPAS,Neutral,Neg_ctrl_Sample_74,0.00346555207547516,30885,4.48976166710972,Sample_100_TCGA_LUAD
scPAS,Neutral,Neg_ctrl_Sample_75,-0.0469196610355918,30885,4.48976166710972,Sample_100_TCGA_LUAD
scPAS,Neutral,Neg_ctrl_Sample_76,-0.0203901774121095,30885,4.48976166710972,Sample_100_TCGA_LUAD
scPAS,Neutral,Neg_ctrl_Sample_77,0.0356494672271987,30885,4.48976166710972,Sample_100_TCGA_LUAD
scPAS,Neutral,Neg_ctrl_Sample_78,-0.0791157508980342,30885,4.48976166710972,Sample_100_TCGA_LUAD
scPAS,Neutral,Neg_ctrl_Sample_79,-0.12298994844262,30885,4.48976166710972,Sample_100_TCGA_LUAD
scPAS,Neutral,Neg_ctrl_Sample_80,0.0880808137197734,30885,4.48976166710972,Sample_100_TCGA_LUAD
scPAS,Neutral,Neg_ctrl_Sample_81,-0.066048637273743,30885,4.48976166710972,Sample_100_TCGA_LUAD
scPAS,Neutral,Neg_ctrl_Sample_82,0.128681785879168,30885,4.48976166710972,Sample_100_TCGA_LUAD
scPAS,Neutral,Neg_ctrl_Sample_83,-0.12015434758058,30885,4.48976166710972,Sample_100_TCGA_LUAD
scPAS,Neutral,Neg_ctrl_Sample_84,-0.131502257579182,30885,4.48976166710972,Sample_100_TCGA_LUAD
scPAS,Neutral,Neg_ctrl_Sample_85,-0.0120761299042133,30885,4.48976166710972,Sample_100_TCGA_LUAD
scPAS,Neutral,Neg_ctrl_Sample_86,0.122314692939086,30885,4.48976166710972,Sample_100_TCGA_LUAD
scPAS,Neutral,Neg_ctrl_Sample_87,0.0738907084583499,30885,4.48976166710972,Sample_100_TCGA_LUAD
scPAS,Neutral,Neg_ctrl_Sample_88,-0.0380710122182696,30885,4.48976166710972,Sample_100_TCGA_LUAD
scPAS,Neutral,Neg_ctrl_Sample_89,-0.0520787748392539,30885,4.48976166710972,Sample_100_TCGA_LUAD
scPAS,Neutral,Neg_ctrl_Sample_90,0.0342852621489461,30885,4.48976166710972,Sample_100_TCGA_LUAD
scPAS,Neutral,Neg_ctrl_Sample_91,0.0218518830624413,30885,4.48976166710972,Sample_100_TCGA_LUAD
scPAS,Neutral,Neg_ctrl_Sample_92,0.17770681149825,30885,4.48976166710972,Sample_100_TCGA_LUAD
scPAS,Neutral,Neg_ctrl_Sample_93,0.0842370597350615,30885,4.48976166710972,Sample_100_TCGA_LUAD
scPAS,Neutral,Neg_ctrl_Sample_94,0.0224467796231406,30885,4.48976166710972,Sample_100_TCGA_LUAD
scPAS,Neutral,Neg_ctrl_Sample_95,0.0423213770574292,30885,4.48976166710972,Sample_100_TCGA_LUAD
scPAS,Neutral,Neg_ctrl_Sample_96,-0.0176293963317684,30885,4.48976166710972,Sample_100_TCGA_LUAD
scPAS,Neutral,Neg_ctrl_Sample_97,-0.0349175466273475,30885,4.48976166710972,Sample_100_TCGA_LUAD
scPAS,Neutral,Neg_ctrl_Sample_98,-0.125192885543851,30885,4.48976166710972,Sample_100_TCGA_LUAD
scPAS,Neutral,Neg_ctrl_Sample_99,0.0489663725157272,30885,4.48976166710972,Sample_100_TCGA_LUAD
scPAS,Neutral,Neg_ctrl_Sample_100,-0.0837308386233231,30885,4.48976166710972,Sample_100_TCGA_LUAD
scPP,Negative,Neg_ctrl_Sample_1,0.00120978638314499,5266,3.72156331835748,Sample_100_TCGA_LUAD
scPP,Negative,Neg_ctrl_Sample_2,0.0196051235287716,5266,3.72156331835748,Sample_100_TCGA_LUAD
scPP,Negative,Neg_ctrl_Sample_3,-0.131505643138884,5266,3.72156331835748,Sample_100_TCGA_LUAD
scPP,Negative,Neg_ctrl_Sample_4,-0.10478025912652,5266,3.72156331835748,Sample_100_TCGA_LUAD
scPP,Negative,Neg_ctrl_Sample_5,-0.17567918749966,5266,3.72156331835748,Sample_100_TCGA_LUAD
scPP,Negative,Neg_ctrl_Sample_6,0.0433347989144634,5266,3.72156331835748,Sample_100_TCGA_LUAD
scPP,Negative,Neg_ctrl_Sample_7,0.0787304224931735,5266,3.72156331835748,Sample_100_TCGA_LUAD
scPP,Negative,Neg_ctrl_Sample_8,0.0695823366234152,5266,3.72156331835748,Sample_100_TCGA_LUAD
scPP,Negative,Neg_ctrl_Sample_9,-0.0302112028252362,5266,3.72156331835748,Sample_100_TCGA_LUAD
scPP,Negative,Neg_ctrl_Sample_10,0.121650062381073,5266,3.72156331835748,Sample_100_TCGA_LUAD
scPP,Negative,Neg_ctrl_Sample_11,-0.0889509170073381,5266,3.72156331835748,Sample_100_TCGA_LUAD
scPP,Negative,Neg_ctrl_Sample_12,0.0462156461859511,5266,3.72156331835748,Sample_100_TCGA_LUAD
scPP,Negative,Neg_ctrl_Sample_13,0.118019718268327,5266,3.72156331835748,Sample_100_TCGA_LUAD
scPP,Negative,Neg_ctrl_Sample_14,0.312682038765384,5266,3.72156331835748,Sample_100_TCGA_LUAD
scPP,Negative,Neg_ctrl_Sample_15,0.0478711453212431,5266,3.72156331835748,Sample_100_TCGA_LUAD
scPP,Negative,Neg_ctrl_Sample_16,0.0291068555251977,5266,3.72156331835748,Sample_100_TCGA_LUAD
scPP,Negative,Neg_ctrl_Sample_17,0.0410148760929253,5266,3.72156331835748,Sample_100_TCGA_LUAD
scPP,Negative,Neg_ctrl_Sample_18,0.0694003853809578,5266,3.72156331835748,Sample_100_TCGA_LUAD
scPP,Negative,Neg_ctrl_Sample_19,0.0711644525176359,5266,3.72156331835748,Sample_100_TCGA_LUAD
scPP,Negative,Neg_ctrl_Sample_20,-0.0187600058606876,5266,3.72156331835748,Sample_100_TCGA_LUAD
scPP,Negative,Neg_ctrl_Sample_21,0.0950937875695874,5266,3.72156331835748,Sample_100_TCGA_LUAD
scPP,Negative,Neg_ctrl_Sample_22,0.113492380051167,5266,3.72156331835748,Sample_100_TCGA_LUAD
scPP,Negative,Neg_ctrl_Sample_23,-0.00320748459850918,5266,3.72156331835748,Sample_100_TCGA_LUAD
scPP,Negative,Neg_ctrl_Sample_24,0.0845902497412918,5266,3.72156331835748,Sample_100_TCGA_LUAD
scPP,Negative,Neg_ctrl_Sample_25,0.185759146186478,5266,3.72156331835748,Sample_100_TCGA_LUAD
scPP,Negative,Neg_ctrl_Sample_26,0.110989542742068,5266,3.72156331835748,Sample_100_TCGA_LUAD
scPP,Negative,Neg_ctrl_Sample_27,-0.0118434264167513,5266,3.72156331835748,Sample_100_TCGA_LUAD
scPP,Negative,Neg_ctrl_Sample_28,0.107100376361297,5266,3.72156331835748,Sample_100_TCGA_LUAD
scPP,Negative,Neg_ctrl_Sample_29,0.093494353761009,5266,3.72156331835748,Sample_100_TCGA_LUAD
scPP,Negative,Neg_ctrl_Sample_30,-0.00808269953404945,5266,3.72156331835748,Sample_100_TCGA_LUAD
scPP,Negative,Neg_ctrl_Sample_31,0.116139867189646,5266,3.72156331835748,Sample_100_TCGA_LUAD
scPP,Negative,Neg_ctrl_Sample_32,-0.0286588123424687,5266,3.72156331835748,Sample_100_TCGA_LUAD
scPP,Negative,Neg_ctrl_Sample_33,-0.0895342912057991,5266,3.72156331835748,Sample_100_TCGA_LUAD
scPP,Negative,Neg_ctrl_Sample_34,-0.115312243259735,5266,3.72156331835748,Sample_100_TCGA_LUAD
scPP,Negative,Neg_ctrl_Sample_35,0.0991406705640379,5266,3.72156331835748,Sample_100_TCGA_LUAD
scPP,Negative,Neg_ctrl_Sample_36,0.0455517434062873,5266,3.72156331835748,Sample_100_TCGA_LUAD
scPP,Negative,Neg_ctrl_Sample_37,0.133915627365403,5266,3.72156331835748,Sample_100_TCGA_LUAD
scPP,Negative,Neg_ctrl_Sample_38,0.000740911233528536,5266,3.72156331835748,Sample_100_TCGA_LUAD
scPP,Negative,Neg_ctrl_Sample_39,0.066194896492289,5266,3.72156331835748,Sample_100_TCGA_LUAD
scPP,Negative,Neg_ctrl_Sample_40,-0.0801652112323729,5266,3.72156331835748,Sample_100_TCGA_LUAD
scPP,Negative,Neg_ctrl_Sample_41,-0.0468078121440385,5266,3.72156331835748,Sample_100_TCGA_LUAD
scPP,Negative,Neg_ctrl_Sample_42,-0.0594007778072955,5266,3.72156331835748,Sample_100_TCGA_LUAD
scPP,Negative,Neg_ctrl_Sample_43,0.0451502872435504,5266,3.72156331835748,Sample_100_TCGA_LUAD
scPP,Negative,Neg_ctrl_Sample_44,0.0821109968662254,5266,3.72156331835748,Sample_100_TCGA_LUAD
scPP,Negative,Neg_ctrl_Sample_45,-0.0309320761920502,5266,3.72156331835748,Sample_100_TCGA_LUAD
scPP,Negative,Neg_ctrl_Sample_46,0.0598074366886407,5266,3.72156331835748,Sample_100_TCGA_LUAD
scPP,Negative,Neg_ctrl_Sample_47,0.0421887147869141,5266,3.72156331835748,Sample_100_TCGA_LUAD
scPP,Negative,Neg_ctrl_Sample_48,0.083449580883967,5266,3.72156331835748,Sample_100_TCGA_LUAD
scPP,Negative,Neg_ctrl_Sample_49,-0.00579499343909516,5266,3.72156331835748,Sample_100_TCGA_LUAD
scPP,Negative,Neg_ctrl_Sample_50,-0.00741797622874895,5266,3.72156331835748,Sample_100_TCGA_LUAD
scPP,Negative,Neg_ctrl_Sample_51,-0.161885835872401,5266,3.72156331835748,Sample_100_TCGA_LUAD
scPP,Negative,Neg_ctrl_Sample_52,-0.0666283424904312,5266,3.72156331835748,Sample_100_TCGA_LUAD
scPP,Negative,Neg_ctrl_Sample_53,0.0844659239902332,5266,3.72156331835748,Sample_100_TCGA_LUAD
scPP,Negative,Neg_ctrl_Sample_54,0.00347355712230147,5266,3.72156331835748,Sample_100_TCGA_LUAD
scPP,Negative,Neg_ctrl_Sample_55,0.075764694376028,5266,3.72156331835748,Sample_100_TCGA_LUAD
scPP,Negative,Neg_ctrl_Sample_56,0.0805331553909995,5266,3.72156331835748,Sample_100_TCGA_LUAD
scPP,Negative,Neg_ctrl_Sample_57,0.0767598439630491,5266,3.72156331835748,Sample_100_TCGA_LUAD
scPP,Negative,Neg_ctrl_Sample_58,-0.0364227374965492,5266,3.72156331835748,Sample_100_TCGA_LUAD
scPP,Negative,Neg_ctrl_Sample_59,0.000621771434769876,5266,3.72156331835748,Sample_100_TCGA_LUAD
scPP,Negative,Neg_ctrl_Sample_60,0.156719650015995,5266,3.72156331835748,Sample_100_TCGA_LUAD
scPP,Negative,Neg_ctrl_Sample_61,-0.00887842424002604,5266,3.72156331835748,Sample_100_TCGA_LUAD
scPP,Negative,Neg_ctrl_Sample_62,0.0954355081865504,5266,3.72156331835748,Sample_100_TCGA_LUAD
scPP,Negative,Neg_ctrl_Sample_63,0.113382709709256,5266,3.72156331835748,Sample_100_TCGA_LUAD
scPP,Negative,Neg_ctrl_Sample_64,-0.0570333675906057,5266,3.72156331835748,Sample_100_TCGA_LUAD
scPP,Negative,Neg_ctrl_Sample_65,-0.0122725382001664,5266,3.72156331835748,Sample_100_TCGA_LUAD
scPP,Negative,Neg_ctrl_Sample_66,0.00271976673656641,5266,3.72156331835748,Sample_100_TCGA_LUAD
scPP,Negative,Neg_ctrl_Sample_67,-0.0495029074690523,5266,3.72156331835748,Sample_100_TCGA_LUAD
scPP,Negative,Neg_ctrl_Sample_68,0.126701846069452,5266,3.72156331835748,Sample_100_TCGA_LUAD
scPP,Negative,Neg_ctrl_Sample_69,0.0242721448292846,5266,3.72156331835748,Sample_100_TCGA_LUAD
scPP,Negative,Neg_ctrl_Sample_70,0.105757514194415,5266,3.72156331835748,Sample_100_TCGA_LUAD
scPP,Negative,Neg_ctrl_Sample_71,-0.0240992831075691,5266,3.72156331835748,Sample_100_TCGA_LUAD
scPP,Negative,Neg_ctrl_Sample_72,0.107546561590441,5266,3.72156331835748,Sample_100_TCGA_LUAD
scPP,Negative,Neg_ctrl_Sample_73,-0.0640512968977046,5266,3.72156331835748,Sample_100_TCGA_LUAD
scPP,Negative,Neg_ctrl_Sample_74,0.0254827443762859,5266,3.72156331835748,Sample_100_TCGA_LUAD
scPP,Negative,Neg_ctrl_Sample_75,-0.0238831008504458,5266,3.72156331835748,Sample_100_TCGA_LUAD
scPP,Negative,Neg_ctrl_Sample_76,-0.0240885534529301,5266,3.72156331835748,Sample_100_TCGA_LUAD
scPP,Negative,Neg_ctrl_Sample_77,0.0350278962568181,5266,3.72156331835748,Sample_100_TCGA_LUAD
scPP,Negative,Neg_ctrl_Sample_78,-0.0414451040407939,5266,3.72156331835748,Sample_100_TCGA_LUAD
scPP,Negative,Neg_ctrl_Sample_79,-0.125649751092598,5266,3.72156331835748,Sample_100_TCGA_LUAD
scPP,Negative,Neg_ctrl_Sample_80,0.0997957111851598,5266,3.72156331835748,Sample_100_TCGA_LUAD
scPP,Negative,Neg_ctrl_Sample_81,-0.0601207628165995,5266,3.72156331835748,Sample_100_TCGA_LUAD
scPP,Negative,Neg_ctrl_Sample_82,0.118164379969756,5266,3.72156331835748,Sample_100_TCGA_LUAD
scPP,Negative,Neg_ctrl_Sample_83,-0.0901315104158027,5266,3.72156331835748,Sample_100_TCGA_LUAD
scPP,Negative,Neg_ctrl_Sample_84,-0.148342174099682,5266,3.72156331835748,Sample_100_TCGA_LUAD
scPP,Negative,Neg_ctrl_Sample_85,0.03120752531931,5266,3.72156331835748,Sample_100_TCGA_LUAD
scPP,Negative,Neg_ctrl_Sample_86,0.125038299614181,5266,3.72156331835748,Sample_100_TCGA_LUAD
scPP,Negative,Neg_ctrl_Sample_87,0.0694259918863955,5266,3.72156331835748,Sample_100_TCGA_LUAD
scPP,Negative,Neg_ctrl_Sample_88,-0.057180272409715,5266,3.72156331835748,Sample_100_TCGA_LUAD
scPP,Negative,Neg_ctrl_Sample_89,-0.0346687179105653,5266,3.72156331835748,Sample_100_TCGA_LUAD
scPP,Negative,Neg_ctrl_Sample_90,0.0553246577438848,5266,3.72156331835748,Sample_100_TCGA_LUAD
scPP,Negative,Neg_ctrl_Sample_91,0.0218179564618552,5266,3.72156331835748,Sample_100_TCGA_LUAD
scPP,Negative,Neg_ctrl_Sample_92,0.212751759264877,5266,3.72156331835748,Sample_100_TCGA_LUAD
scPP,Negative,Neg_ctrl_Sample_93,0.0867712283156502,5266,3.72156331835748,Sample_100_TCGA_LUAD
scPP,Negative,Neg_ctrl_Sample_94,0.0321925717453745,5266,3.72156331835748,Sample_100_TCGA_LUAD
scPP,Negative,Neg_ctrl_Sample_95,0.0127153979819607,5266,3.72156331835748,Sample_100_TCGA_LUAD
scPP,Negative,Neg_ctrl_Sample_96,-0.0144035541721518,5266,3.72156331835748,Sample_100_TCGA_LUAD
scPP,Negative,Neg_ctrl_Sample_97,0.0371179788775258,5266,3.72156331835748,Sample_100_TCGA_LUAD
scPP,Negative,Neg_ctrl_Sample_98,-0.129752366515007,5266,3.72156331835748,Sample_100_TCGA_LUAD
scPP,Negative,Neg_ctrl_Sample_99,0.0952822382223864,5266,3.72156331835748,Sample_100_TCGA_LUAD
scPP,Negative,Neg_ctrl_Sample_100,-0.111016331510116,5266,3.72156331835748,Sample_100_TCGA_LUAD
scPP,Neutral,Neg_ctrl_Sample_1,0.0328840942130293,21819,4.33885474625232,Sample_100_TCGA_LUAD
scPP,Neutral,Neg_ctrl_Sample_2,-0.0145317780163382,21819,4.33885474625232,Sample_100_TCGA_LUAD
scPP,Neutral,Neg_ctrl_Sample_3,-0.155860314575388,21819,4.33885474625232,Sample_100_TCGA_LUAD
scPP,Neutral,Neg_ctrl_Sample_4,-0.0902199069069252,21819,4.33885474625232,Sample_100_TCGA_LUAD
scPP,Neutral,Neg_ctrl_Sample_5,-0.168436834467191,21819,4.33885474625232,Sample_100_TCGA_LUAD
scPP,Neutral,Neg_ctrl_Sample_6,0.0766498724253103,21819,4.33885474625232,Sample_100_TCGA_LUAD
scPP,Neutral,Neg_ctrl_Sample_7,0.0852055048860051,21819,4.33885474625232,Sample_100_TCGA_LUAD
scPP,Neutral,Neg_ctrl_Sample_8,0.0587010256700272,21819,4.33885474625232,Sample_100_TCGA_LUAD
scPP,Neutral,Neg_ctrl_Sample_9,-0.117341050722137,21819,4.33885474625232,Sample_100_TCGA_LUAD
scPP,Neutral,Neg_ctrl_Sample_10,0.118002089227737,21819,4.33885474625232,Sample_100_TCGA_LUAD
scPP,Neutral,Neg_ctrl_Sample_11,-0.16198415564543,21819,4.33885474625232,Sample_100_TCGA_LUAD
scPP,Neutral,Neg_ctrl_Sample_12,0.050079158923245,21819,4.33885474625232,Sample_100_TCGA_LUAD
scPP,Neutral,Neg_ctrl_Sample_13,0.0517197081298316,21819,4.33885474625232,Sample_100_TCGA_LUAD
scPP,Neutral,Neg_ctrl_Sample_14,0.241087888589467,21819,4.33885474625232,Sample_100_TCGA_LUAD
scPP,Neutral,Neg_ctrl_Sample_15,0.0606027094562472,21819,4.33885474625232,Sample_100_TCGA_LUAD
scPP,Neutral,Neg_ctrl_Sample_16,-0.065812864295755,21819,4.33885474625232,Sample_100_TCGA_LUAD
scPP,Neutral,Neg_ctrl_Sample_17,0.0131911883438831,21819,4.33885474625232,Sample_100_TCGA_LUAD
scPP,Neutral,Neg_ctrl_Sample_18,0.000490472863273357,21819,4.33885474625232,Sample_100_TCGA_LUAD
scPP,Neutral,Neg_ctrl_Sample_19,0.0744597170763306,21819,4.33885474625232,Sample_100_TCGA_LUAD
scPP,Neutral,Neg_ctrl_Sample_20,-0.0700342657166654,21819,4.33885474625232,Sample_100_TCGA_LUAD
scPP,Neutral,Neg_ctrl_Sample_21,0.0982834140854,21819,4.33885474625232,Sample_100_TCGA_LUAD
scPP,Neutral,Neg_ctrl_Sample_22,0.136842339927191,21819,4.33885474625232,Sample_100_TCGA_LUAD
scPP,Neutral,Neg_ctrl_Sample_23,-0.0232881813067041,21819,4.33885474625232,Sample_100_TCGA_LUAD
scPP,Neutral,Neg_ctrl_Sample_24,0.0593207047266786,21819,4.33885474625232,Sample_100_TCGA_LUAD
scPP,Neutral,Neg_ctrl_Sample_25,0.212181504672109,21819,4.33885474625232,Sample_100_TCGA_LUAD
scPP,Neutral,Neg_ctrl_Sample_26,0.117336242472261,21819,4.33885474625232,Sample_100_TCGA_LUAD
scPP,Neutral,Neg_ctrl_Sample_27,-0.0887377263509043,21819,4.33885474625232,Sample_100_TCGA_LUAD
scPP,Neutral,Neg_ctrl_Sample_28,0.0626215154991851,21819,4.33885474625232,Sample_100_TCGA_LUAD
scPP,Neutral,Neg_ctrl_Sample_29,0.100040682558281,21819,4.33885474625232,Sample_100_TCGA_LUAD
scPP,Neutral,Neg_ctrl_Sample_30,-0.00236938653734091,21819,4.33885474625232,Sample_100_TCGA_LUAD
scPP,Neutral,Neg_ctrl_Sample_31,0.0898461659242316,21819,4.33885474625232,Sample_100_TCGA_LUAD
scPP,Neutral,Neg_ctrl_Sample_32,-0.0366053720004806,21819,4.33885474625232,Sample_100_TCGA_LUAD
scPP,Neutral,Neg_ctrl_Sample_33,-0.102877055947193,21819,4.33885474625232,Sample_100_TCGA_LUAD
scPP,Neutral,Neg_ctrl_Sample_34,-0.16503383305451,21819,4.33885474625232,Sample_100_TCGA_LUAD
scPP,Neutral,Neg_ctrl_Sample_35,0.0945915816118997,21819,4.33885474625232,Sample_100_TCGA_LUAD
scPP,Neutral,Neg_ctrl_Sample_36,0.0408377617792221,21819,4.33885474625232,Sample_100_TCGA_LUAD
scPP,Neutral,Neg_ctrl_Sample_37,0.053337675978982,21819,4.33885474625232,Sample_100_TCGA_LUAD
scPP,Neutral,Neg_ctrl_Sample_38,0.00417681273953445,21819,4.33885474625232,Sample_100_TCGA_LUAD
scPP,Neutral,Neg_ctrl_Sample_39,0.0155407208330921,21819,4.33885474625232,Sample_100_TCGA_LUAD
scPP,Neutral,Neg_ctrl_Sample_40,-0.135624569665911,21819,4.33885474625232,Sample_100_TCGA_LUAD
scPP,Neutral,Neg_ctrl_Sample_41,-0.0242785799728019,21819,4.33885474625232,Sample_100_TCGA_LUAD
scPP,Neutral,Neg_ctrl_Sample_42,-0.0295267150841041,21819,4.33885474625232,Sample_100_TCGA_LUAD
scPP,Neutral,Neg_ctrl_Sample_43,0.0922728810698601,21819,4.33885474625232,Sample_100_TCGA_LUAD
scPP,Neutral,Neg_ctrl_Sample_44,0.058762496726484,21819,4.33885474625232,Sample_100_TCGA_LUAD
scPP,Neutral,Neg_ctrl_Sample_45,-0.0550225702717352,21819,4.33885474625232,Sample_100_TCGA_LUAD
scPP,Neutral,Neg_ctrl_Sample_46,0.0327417048254988,21819,4.33885474625232,Sample_100_TCGA_LUAD
scPP,Neutral,Neg_ctrl_Sample_47,0.0539106409314943,21819,4.33885474625232,Sample_100_TCGA_LUAD
scPP,Neutral,Neg_ctrl_Sample_48,0.121967816081352,21819,4.33885474625232,Sample_100_TCGA_LUAD
scPP,Neutral,Neg_ctrl_Sample_49,-0.0679730897794905,21819,4.33885474625232,Sample_100_TCGA_LUAD
scPP,Neutral,Neg_ctrl_Sample_50,-0.0278772594417192,21819,4.33885474625232,Sample_100_TCGA_LUAD
scPP,Neutral,Neg_ctrl_Sample_51,-0.143686786785407,21819,4.33885474625232,Sample_100_TCGA_LUAD
scPP,Neutral,Neg_ctrl_Sample_52,-0.0276860826549416,21819,4.33885474625232,Sample_100_TCGA_LUAD
scPP,Neutral,Neg_ctrl_Sample_53,0.00909821867970548,21819,4.33885474625232,Sample_100_TCGA_LUAD
scPP,Neutral,Neg_ctrl_Sample_54,-0.0515378902822657,21819,4.33885474625232,Sample_100_TCGA_LUAD
scPP,Neutral,Neg_ctrl_Sample_55,0.0788482029574971,21819,4.33885474625232,Sample_100_TCGA_LUAD
scPP,Neutral,Neg_ctrl_Sample_56,0.107569697262125,21819,4.33885474625232,Sample_100_TCGA_LUAD
scPP,Neutral,Neg_ctrl_Sample_57,0.0936933211260304,21819,4.33885474625232,Sample_100_TCGA_LUAD
scPP,Neutral,Neg_ctrl_Sample_58,-0.0155974061160898,21819,4.33885474625232,Sample_100_TCGA_LUAD
scPP,Neutral,Neg_ctrl_Sample_59,0.0182581240776212,21819,4.33885474625232,Sample_100_TCGA_LUAD
scPP,Neutral,Neg_ctrl_Sample_60,0.127138606377206,21819,4.33885474625232,Sample_100_TCGA_LUAD
scPP,Neutral,Neg_ctrl_Sample_61,-0.0782652583444847,21819,4.33885474625232,Sample_100_TCGA_LUAD
scPP,Neutral,Neg_ctrl_Sample_62,0.119560722190628,21819,4.33885474625232,Sample_100_TCGA_LUAD
scPP,Neutral,Neg_ctrl_Sample_63,0.104830106408754,21819,4.33885474625232,Sample_100_TCGA_LUAD
scPP,Neutral,Neg_ctrl_Sample_64,-2.3453988492369e-05,21819,4.33885474625232,Sample_100_TCGA_LUAD
scPP,Neutral,Neg_ctrl_Sample_65,-0.107350060009333,21819,4.33885474625232,Sample_100_TCGA_LUAD
scPP,Neutral,Neg_ctrl_Sample_66,0.0156807993074897,21819,4.33885474625232,Sample_100_TCGA_LUAD
scPP,Neutral,Neg_ctrl_Sample_67,-0.0625118138496539,21819,4.33885474625232,Sample_100_TCGA_LUAD
scPP,Neutral,Neg_ctrl_Sample_68,0.0750658044665071,21819,4.33885474625232,Sample_100_TCGA_LUAD
scPP,Neutral,Neg_ctrl_Sample_69,-0.0527051385558071,21819,4.33885474625232,Sample_100_TCGA_LUAD
scPP,Neutral,Neg_ctrl_Sample_70,0.0778869219411468,21819,4.33885474625232,Sample_100_TCGA_LUAD
scPP,Neutral,Neg_ctrl_Sample_71,-0.006594958385261,21819,4.33885474625232,Sample_100_TCGA_LUAD
scPP,Neutral,Neg_ctrl_Sample_72,0.0615141521766579,21819,4.33885474625232,Sample_100_TCGA_LUAD
scPP,Neutral,Neg_ctrl_Sample_73,-0.0591914580761036,21819,4.33885474625232,Sample_100_TCGA_LUAD
scPP,Neutral,Neg_ctrl_Sample_74,-0.000819612009187527,21819,4.33885474625232,Sample_100_TCGA_LUAD
scPP,Neutral,Neg_ctrl_Sample_75,-0.0584494599698957,21819,4.33885474625232,Sample_100_TCGA_LUAD
scPP,Neutral,Neg_ctrl_Sample_76,-0.0182484240974349,21819,4.33885474625232,Sample_100_TCGA_LUAD
scPP,Neutral,Neg_ctrl_Sample_77,0.0291321920189426,21819,4.33885474625232,Sample_100_TCGA_LUAD
scPP,Neutral,Neg_ctrl_Sample_78,-0.0927375567864967,21819,4.33885474625232,Sample_100_TCGA_LUAD
scPP,Neutral,Neg_ctrl_Sample_79,-0.124781633355115,21819,4.33885474625232,Sample_100_TCGA_LUAD
scPP,Neutral,Neg_ctrl_Sample_80,0.0768314317181249,21819,4.33885474625232,Sample_100_TCGA_LUAD
scPP,Neutral,Neg_ctrl_Sample_81,-0.0747032285007533,21819,4.33885474625232,Sample_100_TCGA_LUAD
scPP,Neutral,Neg_ctrl_Sample_82,0.13625738235077,21819,4.33885474625232,Sample_100_TCGA_LUAD
scPP,Neutral,Neg_ctrl_Sample_83,-0.137657779798376,21819,4.33885474625232,Sample_100_TCGA_LUAD
scPP,Neutral,Neg_ctrl_Sample_84,-0.129612563938806,21819,4.33885474625232,Sample_100_TCGA_LUAD
scPP,Neutral,Neg_ctrl_Sample_85,-0.0255160441624593,21819,4.33885474625232,Sample_100_TCGA_LUAD
scPP,Neutral,Neg_ctrl_Sample_86,0.125896122556909,21819,4.33885474625232,Sample_100_TCGA_LUAD
scPP,Neutral,Neg_ctrl_Sample_87,0.0746359596574001,21819,4.33885474625232,Sample_100_TCGA_LUAD
scPP,Neutral,Neg_ctrl_Sample_88,-0.0326911522868131,21819,4.33885474625232,Sample_100_TCGA_LUAD
scPP,Neutral,Neg_ctrl_Sample_89,-0.0597862732950097,21819,4.33885474625232,Sample_100_TCGA_LUAD
scPP,Neutral,Neg_ctrl_Sample_90,0.0271595474173708,21819,4.33885474625232,Sample_100_TCGA_LUAD
scPP,Neutral,Neg_ctrl_Sample_91,0.0220689959189889,21819,4.33885474625232,Sample_100_TCGA_LUAD
scPP,Neutral,Neg_ctrl_Sample_92,0.17328711567847,21819,4.33885474625232,Sample_100_TCGA_LUAD
scPP,Neutral,Neg_ctrl_Sample_93,0.0812956252334871,21819,4.33885474625232,Sample_100_TCGA_LUAD
scPP,Neutral,Neg_ctrl_Sample_94,0.0187745978092938,21819,4.33885474625232,Sample_100_TCGA_LUAD
scPP,Neutral,Neg_ctrl_Sample_95,0.0463238517266974,21819,4.33885474625232,Sample_100_TCGA_LUAD
scPP,Neutral,Neg_ctrl_Sample_96,-0.0332539175930146,21819,4.33885474625232,Sample_100_TCGA_LUAD
scPP,Neutral,Neg_ctrl_Sample_97,-0.0632425873234128,21819,4.33885474625232,Sample_100_TCGA_LUAD
scPP,Neutral,Neg_ctrl_Sample_98,-0.130438910778201,21819,4.33885474625232,Sample_100_TCGA_LUAD
scPP,Neutral,Neg_ctrl_Sample_99,0.033871818576767,21819,4.33885474625232,Sample_100_TCGA_LUAD
scPP,Neutral,Neg_ctrl_Sample_100,-0.0830601987024565,21819,4.33885474625232,Sample_100_TCGA_LUAD
scPP,Positive,Neg_ctrl_Sample_1,0.0286126322212999,5149,3.71180722904119,Sample_100_TCGA_LUAD
scPP,Positive,Neg_ctrl_Sample_2,0.0271713761638515,5149,3.71180722904119,Sample_100_TCGA_LUAD
scPP,Positive,Neg_ctrl_Sample_3,-0.108528532435122,5149,3.71180722904119,Sample_100_TCGA_LUAD
scPP,Positive,Neg_ctrl_Sample_4,-0.0848843707517164,5149,3.71180722904119,Sample_100_TCGA_LUAD
scPP,Positive,Neg_ctrl_Sample_5,-0.151996080410006,5149,3.71180722904119,Sample_100_TCGA_LUAD
scPP,Positive,Neg_ctrl_Sample_6,0.0564317192677738,5149,3.71180722904119,Sample_100_TCGA_LUAD
scPP,Positive,Neg_ctrl_Sample_7,0.086064413398715,5149,3.71180722904119,Sample_100_TCGA_LUAD
scPP,Positive,Neg_ctrl_Sample_8,0.085584935766597,5149,3.71180722904119,Sample_100_TCGA_LUAD
scPP,Positive,Neg_ctrl_Sample_9,-0.0598982004677895,5149,3.71180722904119,Sample_100_TCGA_LUAD
scPP,Positive,Neg_ctrl_Sample_10,0.114264710088111,5149,3.71180722904119,Sample_100_TCGA_LUAD
scPP,Positive,Neg_ctrl_Sample_11,-0.100635245347806,5149,3.71180722904119,Sample_100_TCGA_LUAD
scPP,Positive,Neg_ctrl_Sample_12,0.0318971629085072,5149,3.71180722904119,Sample_100_TCGA_LUAD
scPP,Positive,Neg_ctrl_Sample_13,0.078547860700218,5149,3.71180722904119,Sample_100_TCGA_LUAD
scPP,Positive,Neg_ctrl_Sample_14,0.24235759381563,5149,3.71180722904119,Sample_100_TCGA_LUAD
scPP,Positive,Neg_ctrl_Sample_15,0.028580473572935,5149,3.71180722904119,Sample_100_TCGA_LUAD
scPP,Positive,Neg_ctrl_Sample_16,-0.0268782161503083,5149,3.71180722904119,Sample_100_TCGA_LUAD
scPP,Positive,Neg_ctrl_Sample_17,0.0384590342087418,5149,3.71180722904119,Sample_100_TCGA_LUAD
scPP,Positive,Neg_ctrl_Sample_18,0.0499316550619681,5149,3.71180722904119,Sample_100_TCGA_LUAD
scPP,Positive,Neg_ctrl_Sample_19,0.104715524956076,5149,3.71180722904119,Sample_100_TCGA_LUAD
scPP,Positive,Neg_ctrl_Sample_20,0.00405354003307059,5149,3.71180722904119,Sample_100_TCGA_LUAD
scPP,Positive,Neg_ctrl_Sample_21,0.0928382146947246,5149,3.71180722904119,Sample_100_TCGA_LUAD
scPP,Positive,Neg_ctrl_Sample_22,0.124568708467311,5149,3.71180722904119,Sample_100_TCGA_LUAD
scPP,Positive,Neg_ctrl_Sample_23,-0.0124918562903502,5149,3.71180722904119,Sample_100_TCGA_LUAD
scPP,Positive,Neg_ctrl_Sample_24,0.0249343191946206,5149,3.71180722904119,Sample_100_TCGA_LUAD
scPP,Positive,Neg_ctrl_Sample_25,0.220480261596582,5149,3.71180722904119,Sample_100_TCGA_LUAD
scPP,Positive,Neg_ctrl_Sample_26,0.129427082951569,5149,3.71180722904119,Sample_100_TCGA_LUAD
scPP,Positive,Neg_ctrl_Sample_27,-0.0710543630829687,5149,3.71180722904119,Sample_100_TCGA_LUAD
scPP,Positive,Neg_ctrl_Sample_28,0.0605615468781673,5149,3.71180722904119,Sample_100_TCGA_LUAD
scPP,Positive,Neg_ctrl_Sample_29,0.0584992580621134,5149,3.71180722904119,Sample_100_TCGA_LUAD
scPP,Positive,Neg_ctrl_Sample_30,0.0391285798201856,5149,3.71180722904119,Sample_100_TCGA_LUAD
scPP,Positive,Neg_ctrl_Sample_31,0.150642121867762,5149,3.71180722904119,Sample_100_TCGA_LUAD
scPP,Positive,Neg_ctrl_Sample_32,0.00833560975833119,5149,3.71180722904119,Sample_100_TCGA_LUAD
scPP,Positive,Neg_ctrl_Sample_33,-0.0673111694906236,5149,3.71180722904119,Sample_100_TCGA_LUAD
scPP,Positive,Neg_ctrl_Sample_34,-0.127248710089467,5149,3.71180722904119,Sample_100_TCGA_LUAD
scPP,Positive,Neg_ctrl_Sample_35,0.0895236926770642,5149,3.71180722904119,Sample_100_TCGA_LUAD
scPP,Positive,Neg_ctrl_Sample_36,0.0698027962957963,5149,3.71180722904119,Sample_100_TCGA_LUAD
scPP,Positive,Neg_ctrl_Sample_37,0.0907900283621585,5149,3.71180722904119,Sample_100_TCGA_LUAD
scPP,Positive,Neg_ctrl_Sample_38,0.0130448354524752,5149,3.71180722904119,Sample_100_TCGA_LUAD
scPP,Positive,Neg_ctrl_Sample_39,0.0959029514974206,5149,3.71180722904119,Sample_100_TCGA_LUAD
scPP,Positive,Neg_ctrl_Sample_40,-0.125073748379175,5149,3.71180722904119,Sample_100_TCGA_LUAD
scPP,Positive,Neg_ctrl_Sample_41,-0.024782886535797,5149,3.71180722904119,Sample_100_TCGA_LUAD
scPP,Positive,Neg_ctrl_Sample_42,-0.0141298792064008,5149,3.71180722904119,Sample_100_TCGA_LUAD
scPP,Positive,Neg_ctrl_Sample_43,0.0752017549731176,5149,3.71180722904119,Sample_100_TCGA_LUAD
scPP,Positive,Neg_ctrl_Sample_44,0.0703621226423417,5149,3.71180722904119,Sample_100_TCGA_LUAD
scPP,Positive,Neg_ctrl_Sample_45,-0.0255394836487575,5149,3.71180722904119,Sample_100_TCGA_LUAD
scPP,Positive,Neg_ctrl_Sample_46,0.0407602488470463,5149,3.71180722904119,Sample_100_TCGA_LUAD
scPP,Positive,Neg_ctrl_Sample_47,0.0418209135298307,5149,3.71180722904119,Sample_100_TCGA_LUAD
scPP,Positive,Neg_ctrl_Sample_48,0.0904644184180254,5149,3.71180722904119,Sample_100_TCGA_LUAD
scPP,Positive,Neg_ctrl_Sample_49,-0.0347416833288394,5149,3.71180722904119,Sample_100_TCGA_LUAD
scPP,Positive,Neg_ctrl_Sample_50,0.0154258920187572,5149,3.71180722904119,Sample_100_TCGA_LUAD
scPP,Positive,Neg_ctrl_Sample_51,-0.141522943066414,5149,3.71180722904119,Sample_100_TCGA_LUAD
scPP,Positive,Neg_ctrl_Sample_52,-0.0652807200473731,5149,3.71180722904119,Sample_100_TCGA_LUAD
scPP,Positive,Neg_ctrl_Sample_53,0.0987792099639376,5149,3.71180722904119,Sample_100_TCGA_LUAD
scPP,Positive,Neg_ctrl_Sample_54,-0.0892216324500604,5149,3.71180722904119,Sample_100_TCGA_LUAD
scPP,Positive,Neg_ctrl_Sample_55,0.103990252251123,5149,3.71180722904119,Sample_100_TCGA_LUAD
scPP,Positive,Neg_ctrl_Sample_56,0.0746749265895419,5149,3.71180722904119,Sample_100_TCGA_LUAD
scPP,Positive,Neg_ctrl_Sample_57,0.0924256091847966,5149,3.71180722904119,Sample_100_TCGA_LUAD
scPP,Positive,Neg_ctrl_Sample_58,-0.00775355921936059,5149,3.71180722904119,Sample_100_TCGA_LUAD
scPP,Positive,Neg_ctrl_Sample_59,0.00953596072119339,5149,3.71180722904119,Sample_100_TCGA_LUAD
scPP,Positive,Neg_ctrl_Sample_60,0.156497774776024,5149,3.71180722904119,Sample_100_TCGA_LUAD
scPP,Positive,Neg_ctrl_Sample_61,-0.0241805474302629,5149,3.71180722904119,Sample_100_TCGA_LUAD
scPP,Positive,Neg_ctrl_Sample_62,0.143910057756464,5149,3.71180722904119,Sample_100_TCGA_LUAD
scPP,Positive,Neg_ctrl_Sample_63,0.125951446534345,5149,3.71180722904119,Sample_100_TCGA_LUAD
scPP,Positive,Neg_ctrl_Sample_64,-0.0338030491889997,5149,3.71180722904119,Sample_100_TCGA_LUAD
scPP,Positive,Neg_ctrl_Sample_65,-0.0808804510401166,5149,3.71180722904119,Sample_100_TCGA_LUAD
scPP,Positive,Neg_ctrl_Sample_66,0.0310701916450311,5149,3.71180722904119,Sample_100_TCGA_LUAD
scPP,Positive,Neg_ctrl_Sample_67,-0.0277058245115426,5149,3.71180722904119,Sample_100_TCGA_LUAD
scPP,Positive,Neg_ctrl_Sample_68,0.128187387612098,5149,3.71180722904119,Sample_100_TCGA_LUAD
scPP,Positive,Neg_ctrl_Sample_69,-0.0403614312697499,5149,3.71180722904119,Sample_100_TCGA_LUAD
scPP,Positive,Neg_ctrl_Sample_70,0.0771493761207888,5149,3.71180722904119,Sample_100_TCGA_LUAD
scPP,Positive,Neg_ctrl_Sample_71,0.00684330822066447,5149,3.71180722904119,Sample_100_TCGA_LUAD
scPP,Positive,Neg_ctrl_Sample_72,0.0589840428994017,5149,3.71180722904119,Sample_100_TCGA_LUAD
scPP,Positive,Neg_ctrl_Sample_73,-0.0698095192623642,5149,3.71180722904119,Sample_100_TCGA_LUAD
scPP,Positive,Neg_ctrl_Sample_74,-0.001066741366584,5149,3.71180722904119,Sample_100_TCGA_LUAD
scPP,Positive,Neg_ctrl_Sample_75,-0.0252343452436855,5149,3.71180722904119,Sample_100_TCGA_LUAD
scPP,Positive,Neg_ctrl_Sample_76,-0.0256089730572641,5149,3.71180722904119,Sample_100_TCGA_LUAD
scPP,Positive,Neg_ctrl_Sample_77,0.0625611881331211,5149,3.71180722904119,Sample_100_TCGA_LUAD
scPP,Positive,Neg_ctrl_Sample_78,-0.0622499955924959,5149,3.71180722904119,Sample_100_TCGA_LUAD
scPP,Positive,Neg_ctrl_Sample_79,-0.110418212493088,5149,3.71180722904119,Sample_100_TCGA_LUAD
scPP,Positive,Neg_ctrl_Sample_80,0.121222721849817,5149,3.71180722904119,Sample_100_TCGA_LUAD
scPP,Positive,Neg_ctrl_Sample_81,-0.0351331234941039,5149,3.71180722904119,Sample_100_TCGA_LUAD
scPP,Positive,Neg_ctrl_Sample_82,0.104922294514352,5149,3.71180722904119,Sample_100_TCGA_LUAD
scPP,Positive,Neg_ctrl_Sample_83,-0.0821312404410761,5149,3.71180722904119,Sample_100_TCGA_LUAD
scPP,Positive,Neg_ctrl_Sample_84,-0.125708777764836,5149,3.71180722904119,Sample_100_TCGA_LUAD
scPP,Positive,Neg_ctrl_Sample_85,-0.00539644301158293,5149,3.71180722904119,Sample_100_TCGA_LUAD
scPP,Positive,Neg_ctrl_Sample_86,0.103972575616244,5149,3.71180722904119,Sample_100_TCGA_LUAD
scPP,Positive,Neg_ctrl_Sample_87,0.0732388867061367,5149,3.71180722904119,Sample_100_TCGA_LUAD
scPP,Positive,Neg_ctrl_Sample_88,-0.0400006792346376,5149,3.71180722904119,Sample_100_TCGA_LUAD
scPP,Positive,Neg_ctrl_Sample_89,-0.0396638408119063,5149,3.71180722904119,Sample_100_TCGA_LUAD
scPP,Positive,Neg_ctrl_Sample_90,0.0422911410643222,5149,3.71180722904119,Sample_100_TCGA_LUAD
scPP,Positive,Neg_ctrl_Sample_91,0.0222131465568904,5149,3.71180722904119,Sample_100_TCGA_LUAD
scPP,Positive,Neg_ctrl_Sample_92,0.161135208974261,5149,3.71180722904119,Sample_100_TCGA_LUAD
scPP,Positive,Neg_ctrl_Sample_93,0.0942795615360271,5149,3.71180722904119,Sample_100_TCGA_LUAD
scPP,Positive,Neg_ctrl_Sample_94,0.0264225326846911,5149,3.71180722904119,Sample_100_TCGA_LUAD
scPP,Positive,Neg_ctrl_Sample_95,0.0554816075385261,5149,3.71180722904119,Sample_100_TCGA_LUAD
scPP,Positive,Neg_ctrl_Sample_96,0.0400756359183881,5149,3.71180722904119,Sample_100_TCGA_LUAD
scPP,Positive,Neg_ctrl_Sample_97,0.0047233858978256,5149,3.71180722904119,Sample_100_TCGA_LUAD
scPP,Positive,Neg_ctrl_Sample_98,-0.102321790665675,5149,3.71180722904119,Sample_100_TCGA_LUAD
scPP,Positive,Neg_ctrl_Sample_99,0.0599913043574864,5149,3.71180722904119,Sample_100_TCGA_LUAD
scPP,Positive,Neg_ctrl_Sample_100,-0.0588971344898103,5149,3.71180722904119,Sample_100_TCGA_LUAD
DEGAS,Other,Neg_ctrl_Sample_1,0.0270272144330582,32234,4.50832767454712,Sample_100_TCGA_LUAD
DEGAS,Other,Neg_ctrl_Sample_2,-0.0022933197297357,32234,4.50832767454712,Sample_100_TCGA_LUAD
DEGAS,Other,Neg_ctrl_Sample_3,-0.144320851709319,32234,4.50832767454712,Sample_100_TCGA_LUAD
DEGAS,Other,Neg_ctrl_Sample_4,-0.0917463119179462,32234,4.50832767454712,Sample_100_TCGA_LUAD
DEGAS,Other,Neg_ctrl_Sample_5,-0.166993786394614,32234,4.50832767454712,Sample_100_TCGA_LUAD
DEGAS,Other,Neg_ctrl_Sample_6,0.0679776490674806,32234,4.50832767454712,Sample_100_TCGA_LUAD
DEGAS,Other,Neg_ctrl_Sample_7,0.0842848849211021,32234,4.50832767454712,Sample_100_TCGA_LUAD
DEGAS,Other,Neg_ctrl_Sample_8,0.0647730687477646,32234,4.50832767454712,Sample_100_TCGA_LUAD
DEGAS,Other,Neg_ctrl_Sample_9,-0.0939310173727323,32234,4.50832767454712,Sample_100_TCGA_LUAD
DEGAS,Other,Neg_ctrl_Sample_10,0.118001048756047,32234,4.50832767454712,Sample_100_TCGA_LUAD
DEGAS,Other,Neg_ctrl_Sample_11,-0.140253108496747,32234,4.50832767454712,Sample_100_TCGA_LUAD
DEGAS,Other,Neg_ctrl_Sample_12,0.0465436263937895,32234,4.50832767454712,Sample_100_TCGA_LUAD
DEGAS,Other,Neg_ctrl_Sample_13,0.0668364795815356,32234,4.50832767454712,Sample_100_TCGA_LUAD
DEGAS,Other,Neg_ctrl_Sample_14,0.252986892964845,32234,4.50832767454712,Sample_100_TCGA_LUAD
DEGAS,Other,Neg_ctrl_Sample_15,0.0534076077221121,32234,4.50832767454712,Sample_100_TCGA_LUAD
DEGAS,Other,Neg_ctrl_Sample_16,-0.0440866823798264,32234,4.50832767454712,Sample_100_TCGA_LUAD
DEGAS,Other,Neg_ctrl_Sample_17,0.021772924338318,32234,4.50832767454712,Sample_100_TCGA_LUAD
DEGAS,Other,Neg_ctrl_Sample_18,0.0196457823643967,32234,4.50832767454712,Sample_100_TCGA_LUAD
DEGAS,Other,Neg_ctrl_Sample_19,0.0787543839376174,32234,4.50832767454712,Sample_100_TCGA_LUAD
DEGAS,Other,Neg_ctrl_Sample_20,-0.0498230488584731,32234,4.50832767454712,Sample_100_TCGA_LUAD
DEGAS,Other,Neg_ctrl_Sample_21,0.0968925254307223,32234,4.50832767454712,Sample_100_TCGA_LUAD
DEGAS,Other,Neg_ctrl_Sample_22,0.131067139297605,32234,4.50832767454712,Sample_100_TCGA_LUAD
DEGAS,Other,Neg_ctrl_Sample_23,-0.0182830554652147,32234,4.50832767454712,Sample_100_TCGA_LUAD
DEGAS,Other,Neg_ctrl_Sample_24,0.0579561184185068,32234,4.50832767454712,Sample_100_TCGA_LUAD
DEGAS,Other,Neg_ctrl_Sample_25,0.20919056838182,32234,4.50832767454712,Sample_100_TCGA_LUAD
DEGAS,Other,Neg_ctrl_Sample_26,0.118230764307862,32234,4.50832767454712,Sample_100_TCGA_LUAD
DEGAS,Other,Neg_ctrl_Sample_27,-0.073350960174822,32234,4.50832767454712,Sample_100_TCGA_LUAD
DEGAS,Other,Neg_ctrl_Sample_28,0.0695588767596633,32234,4.50832767454712,Sample_100_TCGA_LUAD
DEGAS,Other,Neg_ctrl_Sample_29,0.0923354718435948,32234,4.50832767454712,Sample_100_TCGA_LUAD
DEGAS,Other,Neg_ctrl_Sample_30,0.00332605065736769,32234,4.50832767454712,Sample_100_TCGA_LUAD
DEGAS,Other,Neg_ctrl_Sample_31,0.103853146380176,32234,4.50832767454712,Sample_100_TCGA_LUAD
DEGAS,Other,Neg_ctrl_Sample_32,-0.028128369511332,32234,4.50832767454712,Sample_100_TCGA_LUAD
DEGAS,Other,Neg_ctrl_Sample_33,-0.0950160474315558,32234,4.50832767454712,Sample_100_TCGA_LUAD
DEGAS,Other,Neg_ctrl_Sample_34,-0.150875196521461,32234,4.50832767454712,Sample_100_TCGA_LUAD
DEGAS,Other,Neg_ctrl_Sample_35,0.0945252213183124,32234,4.50832767454712,Sample_100_TCGA_LUAD
DEGAS,Other,Neg_ctrl_Sample_36,0.0462346963816282,32234,4.50832767454712,Sample_100_TCGA_LUAD
DEGAS,Other,Neg_ctrl_Sample_37,0.0724840944942719,32234,4.50832767454712,Sample_100_TCGA_LUAD
DEGAS,Other,Neg_ctrl_Sample_38,0.00503205849303401,32234,4.50832767454712,Sample_100_TCGA_LUAD
DEGAS,Other,Neg_ctrl_Sample_39,0.0366529009755491,32234,4.50832767454712,Sample_100_TCGA_LUAD
DEGAS,Other,Neg_ctrl_Sample_40,-0.124878923444021,32234,4.50832767454712,Sample_100_TCGA_LUAD
DEGAS,Other,Neg_ctrl_Sample_41,-0.0280396897049666,32234,4.50832767454712,Sample_100_TCGA_LUAD
DEGAS,Other,Neg_ctrl_Sample_42,-0.0319477148472744,32234,4.50832767454712,Sample_100_TCGA_LUAD
DEGAS,Other,Neg_ctrl_Sample_43,0.0818476528213813,32234,4.50832767454712,Sample_100_TCGA_LUAD
DEGAS,Other,Neg_ctrl_Sample_44,0.0644297944734791,32234,4.50832767454712,Sample_100_TCGA_LUAD
DEGAS,Other,Neg_ctrl_Sample_45,-0.0463773833620952,32234,4.50832767454712,Sample_100_TCGA_LUAD
DEGAS,Other,Neg_ctrl_Sample_46,0.0384442433611524,32234,4.50832767454712,Sample_100_TCGA_LUAD
DEGAS,Other,Neg_ctrl_Sample_47,0.0500644639299268,32234,4.50832767454712,Sample_100_TCGA_LUAD
DEGAS,Other,Neg_ctrl_Sample_48,0.110642879023652,32234,4.50832767454712,Sample_100_TCGA_LUAD
DEGAS,Other,Neg_ctrl_Sample_49,-0.0525068625925782,32234,4.50832767454712,Sample_100_TCGA_LUAD
DEGAS,Other,Neg_ctrl_Sample_50,-0.0176177039329554,32234,4.50832767454712,Sample_100_TCGA_LUAD
DEGAS,Other,Neg_ctrl_Sample_51,-0.146314278290743,32234,4.50832767454712,Sample_100_TCGA_LUAD
DEGAS,Other,Neg_ctrl_Sample_52,-0.0400532951705253,32234,4.50832767454712,Sample_100_TCGA_LUAD
DEGAS,Other,Neg_ctrl_Sample_53,0.035736357300037,32234,4.50832767454712,Sample_100_TCGA_LUAD
DEGAS,Other,Neg_ctrl_Sample_54,-0.0485703189721438,32234,4.50832767454712,Sample_100_TCGA_LUAD
DEGAS,Other,Neg_ctrl_Sample_55,0.0823606015311422,32234,4.50832767454712,Sample_100_TCGA_LUAD
DEGAS,Other,Neg_ctrl_Sample_56,0.0978982446441913,32234,4.50832767454712,Sample_100_TCGA_LUAD
DEGAS,Other,Neg_ctrl_Sample_57,0.0907244330102006,32234,4.50832767454712,Sample_100_TCGA_LUAD
DEGAS,Other,Neg_ctrl_Sample_58,-0.0177466344891815,32234,4.50832767454712,Sample_100_TCGA_LUAD
DEGAS,Other,Neg_ctrl_Sample_59,0.0139836483023683,32234,4.50832767454712,Sample_100_TCGA_LUAD
DEGAS,Other,Neg_ctrl_Sample_60,0.136660978217108,32234,4.50832767454712,Sample_100_TCGA_LUAD
DEGAS,Other,Neg_ctrl_Sample_61,-0.0582902864237981,32234,4.50832767454712,Sample_100_TCGA_LUAD
DEGAS,Other,Neg_ctrl_Sample_62,0.119508955481036,32234,4.50832767454712,Sample_100_TCGA_LUAD
DEGAS,Other,Neg_ctrl_Sample_63,0.10960121112077,32234,4.50832767454712,Sample_100_TCGA_LUAD
DEGAS,Other,Neg_ctrl_Sample_64,-0.0147329328219024,32234,4.50832767454712,Sample_100_TCGA_LUAD
DEGAS,Other,Neg_ctrl_Sample_65,-0.0875892407988852,32234,4.50832767454712,Sample_100_TCGA_LUAD
DEGAS,Other,Neg_ctrl_Sample_66,0.0160216562792438,32234,4.50832767454712,Sample_100_TCGA_LUAD
DEGAS,Other,Neg_ctrl_Sample_67,-0.0548267316351538,32234,4.50832767454712,Sample_100_TCGA_LUAD
DEGAS,Other,Neg_ctrl_Sample_68,0.091987018920119,32234,4.50832767454712,Sample_100_TCGA_LUAD
DEGAS,Other,Neg_ctrl_Sample_69,-0.0381577623964164,32234,4.50832767454712,Sample_100_TCGA_LUAD
DEGAS,Other,Neg_ctrl_Sample_70,0.0823222670853013,32234,4.50832767454712,Sample_100_TCGA_LUAD
DEGAS,Other,Neg_ctrl_Sample_71,-0.0073079986295299,32234,4.50832767454712,Sample_100_TCGA_LUAD
DEGAS,Other,Neg_ctrl_Sample_72,0.0686302139531795,32234,4.50832767454712,Sample_100_TCGA_LUAD
DEGAS,Other,Neg_ctrl_Sample_73,-0.0616815092110108,32234,4.50832767454712,Sample_100_TCGA_LUAD
DEGAS,Other,Neg_ctrl_Sample_74,0.00343787200349072,32234,4.50832767454712,Sample_100_TCGA_LUAD
DEGAS,Other,Neg_ctrl_Sample_75,-0.0474967059571057,32234,4.50832767454712,Sample_100_TCGA_LUAD
DEGAS,Other,Neg_ctrl_Sample_76,-0.0203782741867878,32234,4.50832767454712,Sample_100_TCGA_LUAD
DEGAS,Other,Neg_ctrl_Sample_77,0.0354352471628452,32234,4.50832767454712,Sample_100_TCGA_LUAD
DEGAS,Other,Neg_ctrl_Sample_78,-0.0794879908391498,32234,4.50832767454712,Sample_100_TCGA_LUAD
DEGAS,Other,Neg_ctrl_Sample_79,-0.122629069416014,32234,4.50832767454712,Sample_100_TCGA_LUAD
DEGAS,Other,Neg_ctrl_Sample_80,0.0876740404096152,32234,4.50832767454712,Sample_100_TCGA_LUAD
DEGAS,Other,Neg_ctrl_Sample_81,-0.066000066157514,32234,4.50832767454712,Sample_100_TCGA_LUAD
DEGAS,Other,Neg_ctrl_Sample_82,0.128296157625073,32234,4.50832767454712,Sample_100_TCGA_LUAD
DEGAS,Other,Neg_ctrl_Sample_83,-0.121023806797218,32234,4.50832767454712,Sample_100_TCGA_LUAD
DEGAS,Other,Neg_ctrl_Sample_84,-0.132048796863587,32234,4.50832767454712,Sample_100_TCGA_LUAD
DEGAS,Other,Neg_ctrl_Sample_85,-0.0130353671376763,32234,4.50832767454712,Sample_100_TCGA_LUAD
DEGAS,Other,Neg_ctrl_Sample_86,0.122253954696455,32234,4.50832767454712,Sample_100_TCGA_LUAD
DEGAS,Other,Neg_ctrl_Sample_87,0.073561652438061,32234,4.50832767454712,Sample_100_TCGA_LUAD
DEGAS,Other,Neg_ctrl_Sample_88,-0.0378594981583014,32234,4.50832767454712,Sample_100_TCGA_LUAD
DEGAS,Other,Neg_ctrl_Sample_89,-0.0524685512775751,32234,4.50832767454712,Sample_100_TCGA_LUAD
DEGAS,Other,Neg_ctrl_Sample_90,0.0341779145659585,32234,4.50832767454712,Sample_100_TCGA_LUAD
DEGAS,Other,Neg_ctrl_Sample_91,0.0220510104953148,32234,4.50832767454712,Sample_100_TCGA_LUAD
DEGAS,Other,Neg_ctrl_Sample_92,0.177793247263318,32234,4.50832767454712,Sample_100_TCGA_LUAD
DEGAS,Other,Neg_ctrl_Sample_93,0.0842641930144774,32234,4.50832767454712,Sample_100_TCGA_LUAD
DEGAS,Other,Neg_ctrl_Sample_94,0.0221883307441086,32234,4.50832767454712,Sample_100_TCGA_LUAD
DEGAS,Other,Neg_ctrl_Sample_95,0.0422961532485475,32234,4.50832767454712,Sample_100_TCGA_LUAD
DEGAS,Other,Neg_ctrl_Sample_96,-0.0184608455323186,32234,4.50832767454712,Sample_100_TCGA_LUAD
DEGAS,Other,Neg_ctrl_Sample_97,-0.0359901353245825,32234,4.50832767454712,Sample_100_TCGA_LUAD
DEGAS,Other,Neg_ctrl_Sample_98,-0.125835374339987,32234,4.50832767454712,Sample_100_TCGA_LUAD
DEGAS,Other,Neg_ctrl_Sample_99,0.0480765869002377,32234,4.50832767454712,Sample_100_TCGA_LUAD
DEGAS,Other,Neg_ctrl_Sample_100,-0.0837675691105421,32234,4.50832767454712,Sample_100_TCGA_LUAD
LP_SGL,Negative,Neg_ctrl_Sample_1,-0.00622638573105118,308,2.48995847942483,Sample_100_TCGA_LUAD
LP_SGL,Negative,Neg_ctrl_Sample_2,0.065328915387823,308,2.48995847942483,Sample_100_TCGA_LUAD
LP_SGL,Negative,Neg_ctrl_Sample_3,-0.108543235200718,308,2.48995847942483,Sample_100_TCGA_LUAD
LP_SGL,Negative,Neg_ctrl_Sample_4,-0.0940167457699882,308,2.48995847942483,Sample_100_TCGA_LUAD
LP_SGL,Negative,Neg_ctrl_Sample_5,-0.160924825438789,308,2.48995847942483,Sample_100_TCGA_LUAD
LP_SGL,Negative,Neg_ctrl_Sample_6,0.0678162575205302,308,2.48995847942483,Sample_100_TCGA_LUAD
LP_SGL,Negative,Neg_ctrl_Sample_7,0.123294513268876,308,2.48995847942483,Sample_100_TCGA_LUAD
LP_SGL,Negative,Neg_ctrl_Sample_8,0.0818262452320511,308,2.48995847942483,Sample_100_TCGA_LUAD
LP_SGL,Negative,Neg_ctrl_Sample_9,-0.0616658576601869,308,2.48995847942483,Sample_100_TCGA_LUAD
LP_SGL,Negative,Neg_ctrl_Sample_10,0.101982332254129,308,2.48995847942483,Sample_100_TCGA_LUAD
LP_SGL,Negative,Neg_ctrl_Sample_11,-0.103573750673128,308,2.48995847942483,Sample_100_TCGA_LUAD
LP_SGL,Negative,Neg_ctrl_Sample_12,-0.013397109822465,308,2.48995847942483,Sample_100_TCGA_LUAD
LP_SGL,Negative,Neg_ctrl_Sample_13,0.0960300700217402,308,2.48995847942483,Sample_100_TCGA_LUAD
LP_SGL,Negative,Neg_ctrl_Sample_14,0.221003321875321,308,2.48995847942483,Sample_100_TCGA_LUAD
LP_SGL,Negative,Neg_ctrl_Sample_15,0.00873385296147136,308,2.48995847942483,Sample_100_TCGA_LUAD
LP_SGL,Negative,Neg_ctrl_Sample_16,-0.0436876841042744,308,2.48995847942483,Sample_100_TCGA_LUAD
LP_SGL,Negative,Neg_ctrl_Sample_17,0.0562485629726171,308,2.48995847942483,Sample_100_TCGA_LUAD
LP_SGL,Negative,Neg_ctrl_Sample_18,0.0417253447373754,308,2.48995847942483,Sample_100_TCGA_LUAD
LP_SGL,Negative,Neg_ctrl_Sample_19,0.125265768365735,308,2.48995847942483,Sample_100_TCGA_LUAD
LP_SGL,Negative,Neg_ctrl_Sample_20,0.0310686166340591,308,2.48995847942483,Sample_100_TCGA_LUAD
LP_SGL,Negative,Neg_ctrl_Sample_21,0.0779478131225718,308,2.48995847942483,Sample_100_TCGA_LUAD
LP_SGL,Negative,Neg_ctrl_Sample_22,0.124050643282093,308,2.48995847942483,Sample_100_TCGA_LUAD
LP_SGL,Negative,Neg_ctrl_Sample_23,-0.0153294221279974,308,2.48995847942483,Sample_100_TCGA_LUAD
LP_SGL,Negative,Neg_ctrl_Sample_24,0.00120436809598506,308,2.48995847942483,Sample_100_TCGA_LUAD
LP_SGL,Negative,Neg_ctrl_Sample_25,0.226415331642097,308,2.48995847942483,Sample_100_TCGA_LUAD
LP_SGL,Negative,Neg_ctrl_Sample_26,0.102249411773143,308,2.48995847942483,Sample_100_TCGA_LUAD
LP_SGL,Negative,Neg_ctrl_Sample_27,-0.088716547454944,308,2.48995847942483,Sample_100_TCGA_LUAD
LP_SGL,Negative,Neg_ctrl_Sample_28,0.0494849341069758,308,2.48995847942483,Sample_100_TCGA_LUAD
LP_SGL,Negative,Neg_ctrl_Sample_29,0.0656337823731762,308,2.48995847942483,Sample_100_TCGA_LUAD
LP_SGL,Negative,Neg_ctrl_Sample_30,0.0143787685214207,308,2.48995847942483,Sample_100_TCGA_LUAD
LP_SGL,Negative,Neg_ctrl_Sample_31,0.140453280726187,308,2.48995847942483,Sample_100_TCGA_LUAD
LP_SGL,Negative,Neg_ctrl_Sample_32,0.0584613387159527,308,2.48995847942483,Sample_100_TCGA_LUAD
LP_SGL,Negative,Neg_ctrl_Sample_33,-0.120550271747011,308,2.48995847942483,Sample_100_TCGA_LUAD
LP_SGL,Negative,Neg_ctrl_Sample_34,-0.136510285859375,308,2.48995847942483,Sample_100_TCGA_LUAD
LP_SGL,Negative,Neg_ctrl_Sample_35,0.102686464461217,308,2.48995847942483,Sample_100_TCGA_LUAD
LP_SGL,Negative,Neg_ctrl_Sample_36,0.0897507283712647,308,2.48995847942483,Sample_100_TCGA_LUAD
LP_SGL,Negative,Neg_ctrl_Sample_37,0.103984041265193,308,2.48995847942483,Sample_100_TCGA_LUAD
LP_SGL,Negative,Neg_ctrl_Sample_38,-0.00272473382363736,308,2.48995847942483,Sample_100_TCGA_LUAD
LP_SGL,Negative,Neg_ctrl_Sample_39,0.0995692708043618,308,2.48995847942483,Sample_100_TCGA_LUAD
LP_SGL,Negative,Neg_ctrl_Sample_40,-0.138761303146774,308,2.48995847942483,Sample_100_TCGA_LUAD
LP_SGL,Negative,Neg_ctrl_Sample_41,-0.0267726545216297,308,2.48995847942483,Sample_100_TCGA_LUAD
LP_SGL,Negative,Neg_ctrl_Sample_42,-0.00636729081455938,308,2.48995847942483,Sample_100_TCGA_LUAD
LP_SGL,Negative,Neg_ctrl_Sample_43,0.0534863023260925,308,2.48995847942483,Sample_100_TCGA_LUAD
LP_SGL,Negative,Neg_ctrl_Sample_44,0.0888969481873177,308,2.48995847942483,Sample_100_TCGA_LUAD
LP_SGL,Negative,Neg_ctrl_Sample_45,-0.0323254730683295,308,2.48995847942483,Sample_100_TCGA_LUAD
LP_SGL,Negative,Neg_ctrl_Sample_46,0.0512765854432958,308,2.48995847942483,Sample_100_TCGA_LUAD
LP_SGL,Negative,Neg_ctrl_Sample_47,0.039198159511358,308,2.48995847942483,Sample_100_TCGA_LUAD
LP_SGL,Negative,Neg_ctrl_Sample_48,0.089664119811905,308,2.48995847942483,Sample_100_TCGA_LUAD
LP_SGL,Negative,Neg_ctrl_Sample_49,-0.0180751141081071,308,2.48995847942483,Sample_100_TCGA_LUAD
LP_SGL,Negative,Neg_ctrl_Sample_50,-0.0247508268385367,308,2.48995847942483,Sample_100_TCGA_LUAD
LP_SGL,Negative,Neg_ctrl_Sample_51,-0.142479174576718,308,2.48995847942483,Sample_100_TCGA_LUAD
LP_SGL,Negative,Neg_ctrl_Sample_52,-0.0444636662890924,308,2.48995847942483,Sample_100_TCGA_LUAD
LP_SGL,Negative,Neg_ctrl_Sample_53,0.0708424450308338,308,2.48995847942483,Sample_100_TCGA_LUAD
LP_SGL,Negative,Neg_ctrl_Sample_54,-0.0794368214982048,308,2.48995847942483,Sample_100_TCGA_LUAD
LP_SGL,Negative,Neg_ctrl_Sample_55,0.111958092085871,308,2.48995847942483,Sample_100_TCGA_LUAD
LP_SGL,Negative,Neg_ctrl_Sample_56,0.117458803458301,308,2.48995847942483,Sample_100_TCGA_LUAD
LP_SGL,Negative,Neg_ctrl_Sample_57,0.106811911098804,308,2.48995847942483,Sample_100_TCGA_LUAD
LP_SGL,Negative,Neg_ctrl_Sample_58,-0.0289393919434984,308,2.48995847942483,Sample_100_TCGA_LUAD
LP_SGL,Negative,Neg_ctrl_Sample_59,0.0101561301474405,308,2.48995847942483,Sample_100_TCGA_LUAD
LP_SGL,Negative,Neg_ctrl_Sample_60,0.147787697658165,308,2.48995847942483,Sample_100_TCGA_LUAD
LP_SGL,Negative,Neg_ctrl_Sample_61,-0.0527952397018918,308,2.48995847942483,Sample_100_TCGA_LUAD
LP_SGL,Negative,Neg_ctrl_Sample_62,0.0992474428984142,308,2.48995847942483,Sample_100_TCGA_LUAD
LP_SGL,Negative,Neg_ctrl_Sample_63,0.152659309569007,308,2.48995847942483,Sample_100_TCGA_LUAD
LP_SGL,Negative,Neg_ctrl_Sample_64,-0.0575421545240248,308,2.48995847942483,Sample_100_TCGA_LUAD
LP_SGL,Negative,Neg_ctrl_Sample_65,-0.0991072833278916,308,2.48995847942483,Sample_100_TCGA_LUAD
LP_SGL,Negative,Neg_ctrl_Sample_66,0.0290454947554501,308,2.48995847942483,Sample_100_TCGA_LUAD
LP_SGL,Negative,Neg_ctrl_Sample_67,-0.0498985936124482,308,2.48995847942483,Sample_100_TCGA_LUAD
LP_SGL,Negative,Neg_ctrl_Sample_68,0.128670098570882,308,2.48995847942483,Sample_100_TCGA_LUAD
LP_SGL,Negative,Neg_ctrl_Sample_69,-0.0511350770774836,308,2.48995847942483,Sample_100_TCGA_LUAD
LP_SGL,Negative,Neg_ctrl_Sample_70,0.113968980252122,308,2.48995847942483,Sample_100_TCGA_LUAD
LP_SGL,Negative,Neg_ctrl_Sample_71,-0.0255341553879922,308,2.48995847942483,Sample_100_TCGA_LUAD
LP_SGL,Negative,Neg_ctrl_Sample_72,0.0578471062377051,308,2.48995847942483,Sample_100_TCGA_LUAD
LP_SGL,Negative,Neg_ctrl_Sample_73,-0.0789261240952596,308,2.48995847942483,Sample_100_TCGA_LUAD
LP_SGL,Negative,Neg_ctrl_Sample_74,0.00847309719916582,308,2.48995847942483,Sample_100_TCGA_LUAD
LP_SGL,Negative,Neg_ctrl_Sample_75,-0.0685775230639434,308,2.48995847942483,Sample_100_TCGA_LUAD
LP_SGL,Negative,Neg_ctrl_Sample_76,-0.0158424307086462,308,2.48995847942483,Sample_100_TCGA_LUAD
LP_SGL,Negative,Neg_ctrl_Sample_77,0.0425012201330396,308,2.48995847942483,Sample_100_TCGA_LUAD
LP_SGL,Negative,Neg_ctrl_Sample_78,-0.102471261759226,308,2.48995847942483,Sample_100_TCGA_LUAD
LP_SGL,Negative,Neg_ctrl_Sample_79,-0.107225350313665,308,2.48995847942483,Sample_100_TCGA_LUAD
LP_SGL,Negative,Neg_ctrl_Sample_80,0.114223158607779,308,2.48995847942483,Sample_100_TCGA_LUAD
LP_SGL,Negative,Neg_ctrl_Sample_81,0.0247986610655584,308,2.48995847942483,Sample_100_TCGA_LUAD
LP_SGL,Negative,Neg_ctrl_Sample_82,0.0624779613207368,308,2.48995847942483,Sample_100_TCGA_LUAD
LP_SGL,Negative,Neg_ctrl_Sample_83,-0.118988359053283,308,2.48995847942483,Sample_100_TCGA_LUAD
LP_SGL,Negative,Neg_ctrl_Sample_84,-0.151768877190311,308,2.48995847942483,Sample_100_TCGA_LUAD
LP_SGL,Negative,Neg_ctrl_Sample_85,-0.0250689934727616,308,2.48995847942483,Sample_100_TCGA_LUAD
LP_SGL,Negative,Neg_ctrl_Sample_86,0.064462981472072,308,2.48995847942483,Sample_100_TCGA_LUAD
LP_SGL,Negative,Neg_ctrl_Sample_87,0.0810022782606973,308,2.48995847942483,Sample_100_TCGA_LUAD
LP_SGL,Negative,Neg_ctrl_Sample_88,-0.0260477881286468,308,2.48995847942483,Sample_100_TCGA_LUAD
LP_SGL,Negative,Neg_ctrl_Sample_89,-0.0358886055932688,308,2.48995847942483,Sample_100_TCGA_LUAD
LP_SGL,Negative,Neg_ctrl_Sample_90,0.0639583370070904,308,2.48995847942483,Sample_100_TCGA_LUAD
LP_SGL,Negative,Neg_ctrl_Sample_91,0.0237673740137931,308,2.48995847942483,Sample_100_TCGA_LUAD
LP_SGL,Negative,Neg_ctrl_Sample_92,0.154794235254884,308,2.48995847942483,Sample_100_TCGA_LUAD
LP_SGL,Negative,Neg_ctrl_Sample_93,0.0830781017274804,308,2.48995847942483,Sample_100_TCGA_LUAD
LP_SGL,Negative,Neg_ctrl_Sample_94,0.0127569893554702,308,2.48995847942483,Sample_100_TCGA_LUAD
LP_SGL,Negative,Neg_ctrl_Sample_95,0.0830816922187769,308,2.48995847942483,Sample_100_TCGA_LUAD
LP_SGL,Negative,Neg_ctrl_Sample_96,0.0543737454203515,308,2.48995847942483,Sample_100_TCGA_LUAD
LP_SGL,Negative,Neg_ctrl_Sample_97,-0.0140188916156097,308,2.48995847942483,Sample_100_TCGA_LUAD
LP_SGL,Negative,Neg_ctrl_Sample_98,-0.107644523384989,308,2.48995847942483,Sample_100_TCGA_LUAD
LP_SGL,Negative,Neg_ctrl_Sample_99,0.0788560857095232,308,2.48995847942483,Sample_100_TCGA_LUAD
LP_SGL,Negative,Neg_ctrl_Sample_100,-0.0646898290002818,308,2.48995847942483,Sample_100_TCGA_LUAD
LP_SGL,Neutral,Neg_ctrl_Sample_1,0.0276153095070423,31273,4.49518343182908,Sample_100_TCGA_LUAD
LP_SGL,Neutral,Neg_ctrl_Sample_2,-0.0036215802279267,31273,4.49518343182908,Sample_100_TCGA_LUAD
LP_SGL,Neutral,Neg_ctrl_Sample_3,-0.144851591277756,31273,4.49518343182908,Sample_100_TCGA_LUAD
LP_SGL,Neutral,Neg_ctrl_Sample_4,-0.0917446228232053,31273,4.49518343182908,Sample_100_TCGA_LUAD
LP_SGL,Neutral,Neg_ctrl_Sample_5,-0.167272666357163,31273,4.49518343182908,Sample_100_TCGA_LUAD
LP_SGL,Neutral,Neg_ctrl_Sample_6,0.0685187363538549,31273,4.49518343182908,Sample_100_TCGA_LUAD
LP_SGL,Neutral,Neg_ctrl_Sample_7,0.0841325574262993,31273,4.49518343182908,Sample_100_TCGA_LUAD
LP_SGL,Neutral,Neg_ctrl_Sample_8,0.0644447230462497,31273,4.49518343182908,Sample_100_TCGA_LUAD
LP_SGL,Neutral,Neg_ctrl_Sample_9,-0.0944323907646533,31273,4.49518343182908,Sample_100_TCGA_LUAD
LP_SGL,Neutral,Neg_ctrl_Sample_10,0.118276552220504,31273,4.49518343182908,Sample_100_TCGA_LUAD
LP_SGL,Neutral,Neg_ctrl_Sample_11,-0.141354776498944,31273,4.49518343182908,Sample_100_TCGA_LUAD
LP_SGL,Neutral,Neg_ctrl_Sample_12,0.0473980258604646,31273,4.49518343182908,Sample_100_TCGA_LUAD
LP_SGL,Neutral,Neg_ctrl_Sample_13,0.0663737157628897,31273,4.49518343182908,Sample_100_TCGA_LUAD
LP_SGL,Neutral,Neg_ctrl_Sample_14,0.253840106232064,31273,4.49518343182908,Sample_100_TCGA_LUAD
LP_SGL,Neutral,Neg_ctrl_Sample_15,0.0541881806242885,31273,4.49518343182908,Sample_100_TCGA_LUAD
LP_SGL,Neutral,Neg_ctrl_Sample_16,-0.0445979780921584,31273,4.49518343182908,Sample_100_TCGA_LUAD
LP_SGL,Neutral,Neg_ctrl_Sample_17,0.0208159703694752,31273,4.49518343182908,Sample_100_TCGA_LUAD
LP_SGL,Neutral,Neg_ctrl_Sample_18,0.0188391793291992,31273,4.49518343182908,Sample_100_TCGA_LUAD
LP_SGL,Neutral,Neg_ctrl_Sample_19,0.0777767786757792,31273,4.49518343182908,Sample_100_TCGA_LUAD
LP_SGL,Neutral,Neg_ctrl_Sample_20,-0.0512860177352785,31273,4.49518343182908,Sample_100_TCGA_LUAD
LP_SGL,Neutral,Neg_ctrl_Sample_21,0.0975464896890127,31273,4.49518343182908,Sample_100_TCGA_LUAD
LP_SGL,Neutral,Neg_ctrl_Sample_22,0.131377494253759,31273,4.49518343182908,Sample_100_TCGA_LUAD
LP_SGL,Neutral,Neg_ctrl_Sample_23,-0.0180854970130616,31273,4.49518343182908,Sample_100_TCGA_LUAD
LP_SGL,Neutral,Neg_ctrl_Sample_24,0.0593791849888019,31273,4.49518343182908,Sample_100_TCGA_LUAD
LP_SGL,Neutral,Neg_ctrl_Sample_25,0.208915279226963,31273,4.49518343182908,Sample_100_TCGA_LUAD
LP_SGL,Neutral,Neg_ctrl_Sample_26,0.118572065145967,31273,4.49518343182908,Sample_100_TCGA_LUAD
LP_SGL,Neutral,Neg_ctrl_Sample_27,-0.0735039140526756,31273,4.49518343182908,Sample_100_TCGA_LUAD
LP_SGL,Neutral,Neg_ctrl_Sample_28,0.0697247572279141,31273,4.49518343182908,Sample_100_TCGA_LUAD
LP_SGL,Neutral,Neg_ctrl_Sample_29,0.0929515284716439,31273,4.49518343182908,Sample_100_TCGA_LUAD
LP_SGL,Neutral,Neg_ctrl_Sample_30,0.00248376181830885,31273,4.49518343182908,Sample_100_TCGA_LUAD
LP_SGL,Neutral,Neg_ctrl_Sample_31,0.103329332026404,31273,4.49518343182908,Sample_100_TCGA_LUAD
LP_SGL,Neutral,Neg_ctrl_Sample_32,-0.0296324171082405,31273,4.49518343182908,Sample_100_TCGA_LUAD
LP_SGL,Neutral,Neg_ctrl_Sample_33,-0.0952520276294632,31273,4.49518343182908,Sample_100_TCGA_LUAD
LP_SGL,Neutral,Neg_ctrl_Sample_34,-0.151464910386051,31273,4.49518343182908,Sample_100_TCGA_LUAD
LP_SGL,Neutral,Neg_ctrl_Sample_35,0.0944653797157185,31273,4.49518343182908,Sample_100_TCGA_LUAD
LP_SGL,Neutral,Neg_ctrl_Sample_36,0.0457362158473266,31273,4.49518343182908,Sample_100_TCGA_LUAD
LP_SGL,Neutral,Neg_ctrl_Sample_37,0.0720591853424197,31273,4.49518343182908,Sample_100_TCGA_LUAD
LP_SGL,Neutral,Neg_ctrl_Sample_38,0.00514639772444048,31273,4.49518343182908,Sample_100_TCGA_LUAD
LP_SGL,Neutral,Neg_ctrl_Sample_39,0.0353033326115518,31273,4.49518343182908,Sample_100_TCGA_LUAD
LP_SGL,Neutral,Neg_ctrl_Sample_40,-0.124962478092308,31273,4.49518343182908,Sample_100_TCGA_LUAD
LP_SGL,Neutral,Neg_ctrl_Sample_41,-0.0275306627599943,31273,4.49518343182908,Sample_100_TCGA_LUAD
LP_SGL,Neutral,Neg_ctrl_Sample_42,-0.0322748956753535,31273,4.49518343182908,Sample_100_TCGA_LUAD
LP_SGL,Neutral,Neg_ctrl_Sample_43,0.0822276032395523,31273,4.49518343182908,Sample_100_TCGA_LUAD
LP_SGL,Neutral,Neg_ctrl_Sample_44,0.0636491768410805,31273,4.49518343182908,Sample_100_TCGA_LUAD
LP_SGL,Neutral,Neg_ctrl_Sample_45,-0.0468159307787253,31273,4.49518343182908,Sample_100_TCGA_LUAD
LP_SGL,Neutral,Neg_ctrl_Sample_46,0.038454385931927,31273,4.49518343182908,Sample_100_TCGA_LUAD
LP_SGL,Neutral,Neg_ctrl_Sample_47,0.0503266147017137,31273,4.49518343182908,Sample_100_TCGA_LUAD
LP_SGL,Neutral,Neg_ctrl_Sample_48,0.111223857508702,31273,4.49518343182908,Sample_100_TCGA_LUAD
LP_SGL,Neutral,Neg_ctrl_Sample_49,-0.0529663523274701,31273,4.49518343182908,Sample_100_TCGA_LUAD
LP_SGL,Neutral,Neg_ctrl_Sample_50,-0.018068916737704,31273,4.49518343182908,Sample_100_TCGA_LUAD
LP_SGL,Neutral,Neg_ctrl_Sample_51,-0.14628433404437,31273,4.49518343182908,Sample_100_TCGA_LUAD
LP_SGL,Neutral,Neg_ctrl_Sample_52,-0.0394771715930936,31273,4.49518343182908,Sample_100_TCGA_LUAD
LP_SGL,Neutral,Neg_ctrl_Sample_53,0.0336677491890318,31273,4.49518343182908,Sample_100_TCGA_LUAD
LP_SGL,Neutral,Neg_ctrl_Sample_54,-0.0477519768442093,31273,4.49518343182908,Sample_100_TCGA_LUAD
LP_SGL,Neutral,Neg_ctrl_Sample_55,0.0818265742602856,31273,4.49518343182908,Sample_100_TCGA_LUAD
LP_SGL,Neutral,Neg_ctrl_Sample_56,0.0984216974620912,31273,4.49518343182908,Sample_100_TCGA_LUAD
LP_SGL,Neutral,Neg_ctrl_Sample_57,0.0898574714227553,31273,4.49518343182908,Sample_100_TCGA_LUAD
LP_SGL,Neutral,Neg_ctrl_Sample_58,-0.0179937001187195,31273,4.49518343182908,Sample_100_TCGA_LUAD
LP_SGL,Neutral,Neg_ctrl_Sample_59,0.01405296893086,31273,4.49518343182908,Sample_100_TCGA_LUAD
LP_SGL,Neutral,Neg_ctrl_Sample_60,0.136284474807162,31273,4.49518343182908,Sample_100_TCGA_LUAD
LP_SGL,Neutral,Neg_ctrl_Sample_61,-0.0593490023632059,31273,4.49518343182908,Sample_100_TCGA_LUAD
LP_SGL,Neutral,Neg_ctrl_Sample_62,0.119477173028198,31273,4.49518343182908,Sample_100_TCGA_LUAD
LP_SGL,Neutral,Neg_ctrl_Sample_63,0.108814560684568,31273,4.49518343182908,Sample_100_TCGA_LUAD
LP_SGL,Neutral,Neg_ctrl_Sample_64,-0.0136665958881248,31273,4.49518343182908,Sample_100_TCGA_LUAD
LP_SGL,Neutral,Neg_ctrl_Sample_65,-0.0873596484547259,31273,4.49518343182908,Sample_100_TCGA_LUAD
LP_SGL,Neutral,Neg_ctrl_Sample_66,0.0158404646688978,31273,4.49518343182908,Sample_100_TCGA_LUAD
LP_SGL,Neutral,Neg_ctrl_Sample_67,-0.0552754961947757,31273,4.49518343182908,Sample_100_TCGA_LUAD
LP_SGL,Neutral,Neg_ctrl_Sample_68,0.0908614123559712,31273,4.49518343182908,Sample_100_TCGA_LUAD
LP_SGL,Neutral,Neg_ctrl_Sample_69,-0.0379259654238965,31273,4.49518343182908,Sample_100_TCGA_LUAD
LP_SGL,Neutral,Neg_ctrl_Sample_70,0.0821942537915429,31273,4.49518343182908,Sample_100_TCGA_LUAD
LP_SGL,Neutral,Neg_ctrl_Sample_71,-0.00770676629638044,31273,4.49518343182908,Sample_100_TCGA_LUAD
LP_SGL,Neutral,Neg_ctrl_Sample_72,0.0687425070807566,31273,4.49518343182908,Sample_100_TCGA_LUAD
LP_SGL,Neutral,Neg_ctrl_Sample_73,-0.0614064911934982,31273,4.49518343182908,Sample_100_TCGA_LUAD
LP_SGL,Neutral,Neg_ctrl_Sample_74,0.00358485230987204,31273,4.49518343182908,Sample_100_TCGA_LUAD
LP_SGL,Neutral,Neg_ctrl_Sample_75,-0.0476844287899475,31273,4.49518343182908,Sample_100_TCGA_LUAD
LP_SGL,Neutral,Neg_ctrl_Sample_76,-0.0201684408241752,31273,4.49518343182908,Sample_100_TCGA_LUAD
LP_SGL,Neutral,Neg_ctrl_Sample_77,0.0348930180601747,31273,4.49518343182908,Sample_100_TCGA_LUAD
LP_SGL,Neutral,Neg_ctrl_Sample_78,-0.0792670631064642,31273,4.49518343182908,Sample_100_TCGA_LUAD
LP_SGL,Neutral,Neg_ctrl_Sample_79,-0.123059468773151,31273,4.49518343182908,Sample_100_TCGA_LUAD
LP_SGL,Neutral,Neg_ctrl_Sample_80,0.0872408777654725,31273,4.49518343182908,Sample_100_TCGA_LUAD
LP_SGL,Neutral,Neg_ctrl_Sample_81,-0.0675901490616003,31273,4.49518343182908,Sample_100_TCGA_LUAD
LP_SGL,Neutral,Neg_ctrl_Sample_82,0.129388910003602,31273,4.49518343182908,Sample_100_TCGA_LUAD
LP_SGL,Neutral,Neg_ctrl_Sample_83,-0.121583673015589,31273,4.49518343182908,Sample_100_TCGA_LUAD
LP_SGL,Neutral,Neg_ctrl_Sample_84,-0.131379919689084,31273,4.49518343182908,Sample_100_TCGA_LUAD
LP_SGL,Neutral,Neg_ctrl_Sample_85,-0.012963261269305,31273,4.49518343182908,Sample_100_TCGA_LUAD
LP_SGL,Neutral,Neg_ctrl_Sample_86,0.123481431692787,31273,4.49518343182908,Sample_100_TCGA_LUAD
LP_SGL,Neutral,Neg_ctrl_Sample_87,0.0735897685982041,31273,4.49518343182908,Sample_100_TCGA_LUAD
LP_SGL,Neutral,Neg_ctrl_Sample_88,-0.0379030785089333,31273,4.49518343182908,Sample_100_TCGA_LUAD
LP_SGL,Neutral,Neg_ctrl_Sample_89,-0.0524669289016999,31273,4.49518343182908,Sample_100_TCGA_LUAD
LP_SGL,Neutral,Neg_ctrl_Sample_90,0.0341542553789038,31273,4.49518343182908,Sample_100_TCGA_LUAD
LP_SGL,Neutral,Neg_ctrl_Sample_91,0.0223988892148663,31273,4.49518343182908,Sample_100_TCGA_LUAD
LP_SGL,Neutral,Neg_ctrl_Sample_92,0.178217613423987,31273,4.49518343182908,Sample_100_TCGA_LUAD
LP_SGL,Neutral,Neg_ctrl_Sample_93,0.0843803411285065,31273,4.49518343182908,Sample_100_TCGA_LUAD
LP_SGL,Neutral,Neg_ctrl_Sample_94,0.022324400160921,31273,4.49518343182908,Sample_100_TCGA_LUAD
LP_SGL,Neutral,Neg_ctrl_Sample_95,0.0419874892586264,31273,4.49518343182908,Sample_100_TCGA_LUAD
LP_SGL,Neutral,Neg_ctrl_Sample_96,-0.0197345781964495,31273,4.49518343182908,Sample_100_TCGA_LUAD
LP_SGL,Neutral,Neg_ctrl_Sample_97,-0.0369466904105757,31273,4.49518343182908,Sample_100_TCGA_LUAD
LP_SGL,Neutral,Neg_ctrl_Sample_98,-0.12649469563188,31273,4.49518343182908,Sample_100_TCGA_LUAD
LP_SGL,Neutral,Neg_ctrl_Sample_99,0.0473937489328578,31273,4.49518343182908,Sample_100_TCGA_LUAD
LP_SGL,Neutral,Neg_ctrl_Sample_100,-0.0844927261062046,31273,4.49518343182908,Sample_100_TCGA_LUAD
LP_SGL,Positive,Neg_ctrl_Sample_1,0.0145472934557888,653,2.81557774832427,Sample_100_TCGA_LUAD
LP_SGL,Positive,Neg_ctrl_Sample_2,0.029423436998777,653,2.81557774832427,Sample_100_TCGA_LUAD
LP_SGL,Positive,Neg_ctrl_Sample_3,-0.135778259612734,653,2.81557774832427,Sample_100_TCGA_LUAD
LP_SGL,Positive,Neg_ctrl_Sample_4,-0.0907563110502547,653,2.81557774832427,Sample_100_TCGA_LUAD
LP_SGL,Positive,Neg_ctrl_Sample_5,-0.15650041259001,653,2.81557774832427,Sample_100_TCGA_LUAD
LP_SGL,Positive,Neg_ctrl_Sample_6,0.0421404145953212,653,2.81557774832427,Sample_100_TCGA_LUAD
LP_SGL,Positive,Neg_ctrl_Sample_7,0.0731804013282249,653,2.81557774832427,Sample_100_TCGA_LUAD
LP_SGL,Positive,Neg_ctrl_Sample_8,0.0724545033056698,653,2.81557774832427,Sample_100_TCGA_LUAD
LP_SGL,Positive,Neg_ctrl_Sample_9,-0.0851380910418242,653,2.81557774832427,Sample_100_TCGA_LUAD
LP_SGL,Positive,Neg_ctrl_Sample_10,0.112362373164339,653,2.81557774832427,Sample_100_TCGA_LUAD
LP_SGL,Positive,Neg_ctrl_Sample_11,-0.104793351646814,653,2.81557774832427,Sample_100_TCGA_LUAD
LP_SGL,Positive,Neg_ctrl_Sample_12,0.0338975501813485,653,2.81557774832427,Sample_100_TCGA_LUAD
LP_SGL,Positive,Neg_ctrl_Sample_13,0.075229109053105,653,2.81557774832427,Sample_100_TCGA_LUAD
LP_SGL,Positive,Neg_ctrl_Sample_14,0.227211091111574,653,2.81557774832427,Sample_100_TCGA_LUAD
LP_SGL,Positive,Neg_ctrl_Sample_15,0.0370962143017667,653,2.81557774832427,Sample_100_TCGA_LUAD
LP_SGL,Positive,Neg_ctrl_Sample_16,-0.0197882760354344,653,2.81557774832427,Sample_100_TCGA_LUAD
LP_SGL,Positive,Neg_ctrl_Sample_17,0.0513415687001181,653,2.81557774832427,Sample_100_TCGA_LUAD
LP_SGL,Positive,Neg_ctrl_Sample_18,0.0478607770180797,653,2.81557774832427,Sample_100_TCGA_LUAD
LP_SGL,Positive,Neg_ctrl_Sample_19,0.103635154151403,653,2.81557774832427,Sample_100_TCGA_LUAD
LP_SGL,Positive,Neg_ctrl_Sample_20,-0.017913718517532,653,2.81557774832427,Sample_100_TCGA_LUAD
LP_SGL,Positive,Neg_ctrl_Sample_21,0.0745089835339314,653,2.81557774832427,Sample_100_TCGA_LUAD
LP_SGL,Positive,Neg_ctrl_Sample_22,0.119513311164383,653,2.81557774832427,Sample_100_TCGA_LUAD
LP_SGL,Positive,Neg_ctrl_Sample_23,-0.0291375187761601,653,2.81557774832427,Sample_100_TCGA_LUAD
LP_SGL,Positive,Neg_ctrl_Sample_24,0.0165717053197319,653,2.81557774832427,Sample_100_TCGA_LUAD
LP_SGL,Positive,Neg_ctrl_Sample_25,0.214250125281781,653,2.81557774832427,Sample_100_TCGA_LUAD
LP_SGL,Positive,Neg_ctrl_Sample_26,0.10942334542674,653,2.81557774832427,Sample_100_TCGA_LUAD
LP_SGL,Positive,Neg_ctrl_Sample_27,-0.058778329999633,653,2.81557774832427,Sample_100_TCGA_LUAD
LP_SGL,Positive,Neg_ctrl_Sample_28,0.0710829111446965,653,2.81557774832427,Sample_100_TCGA_LUAD
LP_SGL,Positive,Neg_ctrl_Sample_29,0.0754261019016396,653,2.81557774832427,Sample_100_TCGA_LUAD
LP_SGL,Positive,Neg_ctrl_Sample_30,0.0384511069540882,653,2.81557774832427,Sample_100_TCGA_LUAD
LP_SGL,Positive,Neg_ctrl_Sample_31,0.111676124798126,653,2.81557774832427,Sample_100_TCGA_LUAD
LP_SGL,Positive,Neg_ctrl_Sample_32,0.0030606815822611,653,2.81557774832427,Sample_100_TCGA_LUAD
LP_SGL,Positive,Neg_ctrl_Sample_33,-0.071670948169204,653,2.81557774832427,Sample_100_TCGA_LUAD
LP_SGL,Positive,Neg_ctrl_Sample_34,-0.129408536179389,653,2.81557774832427,Sample_100_TCGA_LUAD
LP_SGL,Positive,Neg_ctrl_Sample_35,0.0935417045494038,653,2.81557774832427,Sample_100_TCGA_LUAD
LP_SGL,Positive,Neg_ctrl_Sample_36,0.049582389944273,653,2.81557774832427,Sample_100_TCGA_LUAD
LP_SGL,Positive,Neg_ctrl_Sample_37,0.0779759785684342,653,2.81557774832427,Sample_100_TCGA_LUAD
LP_SGL,Positive,Neg_ctrl_Sample_38,0.00321484754320266,653,2.81557774832427,Sample_100_TCGA_LUAD
LP_SGL,Positive,Neg_ctrl_Sample_39,0.0716097302864441,653,2.81557774832427,Sample_100_TCGA_LUAD
LP_SGL,Positive,Neg_ctrl_Sample_40,-0.114329493942743,653,2.81557774832427,Sample_100_TCGA_LUAD
LP_SGL,Positive,Neg_ctrl_Sample_41,-0.0530152585971308,653,2.81557774832427,Sample_100_TCGA_LUAD
LP_SGL,Positive,Neg_ctrl_Sample_42,-0.0283441077501224,653,2.81557774832427,Sample_100_TCGA_LUAD
LP_SGL,Positive,Neg_ctrl_Sample_43,0.0770285203942663,653,2.81557774832427,Sample_100_TCGA_LUAD
LP_SGL,Positive,Neg_ctrl_Sample_44,0.0902741618151885,653,2.81557774832427,Sample_100_TCGA_LUAD
LP_SGL,Positive,Neg_ctrl_Sample_45,-0.0320026437146351,653,2.81557774832427,Sample_100_TCGA_LUAD
LP_SGL,Positive,Neg_ctrl_Sample_46,0.0319058819872897,653,2.81557774832427,Sample_100_TCGA_LUAD
LP_SGL,Positive,Neg_ctrl_Sample_47,0.0426350315789732,653,2.81557774832427,Sample_100_TCGA_LUAD
LP_SGL,Positive,Neg_ctrl_Sample_48,0.0927141158907779,653,2.81557774832427,Sample_100_TCGA_LUAD
LP_SGL,Positive,Neg_ctrl_Sample_49,-0.0467417110672237,653,2.81557774832427,Sample_100_TCGA_LUAD
LP_SGL,Positive,Neg_ctrl_Sample_50,0.00735592531333122,653,2.81557774832427,Sample_100_TCGA_LUAD
LP_SGL,Positive,Neg_ctrl_Sample_51,-0.149557246683922,653,2.81557774832427,Sample_100_TCGA_LUAD
LP_SGL,Positive,Neg_ctrl_Sample_52,-0.065564349278495,653,2.81557774832427,Sample_100_TCGA_LUAD
LP_SGL,Positive,Neg_ctrl_Sample_53,0.11824616807244,653,2.81557774832427,Sample_100_TCGA_LUAD
LP_SGL,Positive,Neg_ctrl_Sample_54,-0.0732029844987425,653,2.81557774832427,Sample_100_TCGA_LUAD
LP_SGL,Positive,Neg_ctrl_Sample_55,0.0939756210573745,653,2.81557774832427,Sample_100_TCGA_LUAD
LP_SGL,Positive,Neg_ctrl_Sample_56,0.0636033103579219,653,2.81557774832427,Sample_100_TCGA_LUAD
LP_SGL,Positive,Neg_ctrl_Sample_57,0.124656357164687,653,2.81557774832427,Sample_100_TCGA_LUAD
LP_SGL,Positive,Neg_ctrl_Sample_58,-0.000635068289383476,653,2.81557774832427,Sample_100_TCGA_LUAD
LP_SGL,Positive,Neg_ctrl_Sample_59,0.012469117792257,653,2.81557774832427,Sample_100_TCGA_LUAD
LP_SGL,Positive,Neg_ctrl_Sample_60,0.149444074007894,653,2.81557774832427,Sample_100_TCGA_LUAD
LP_SGL,Positive,Neg_ctrl_Sample_61,-0.0101788787932357,653,2.81557774832427,Sample_100_TCGA_LUAD
LP_SGL,Positive,Neg_ctrl_Sample_62,0.130587789360132,653,2.81557774832427,Sample_100_TCGA_LUAD
LP_SGL,Positive,Neg_ctrl_Sample_63,0.126965720721506,653,2.81557774832427,Sample_100_TCGA_LUAD
LP_SGL,Positive,Neg_ctrl_Sample_64,-0.045609371789397,653,2.81557774832427,Sample_100_TCGA_LUAD
LP_SGL,Positive,Neg_ctrl_Sample_65,-0.0931520038616353,653,2.81557774832427,Sample_100_TCGA_LUAD
LP_SGL,Positive,Neg_ctrl_Sample_66,0.018556209081203,653,2.81557774832427,Sample_100_TCGA_LUAD
LP_SGL,Positive,Neg_ctrl_Sample_67,-0.0356592774819268,653,2.81557774832427,Sample_100_TCGA_LUAD
LP_SGL,Positive,Neg_ctrl_Sample_68,0.128591468457878,653,2.81557774832427,Sample_100_TCGA_LUAD
LP_SGL,Positive,Neg_ctrl_Sample_69,-0.0431378141572877,653,2.81557774832427,Sample_100_TCGA_LUAD
LP_SGL,Positive,Neg_ctrl_Sample_70,0.0735262059525575,653,2.81557774832427,Sample_100_TCGA_LUAD
LP_SGL,Positive,Neg_ctrl_Sample_71,0.0203862089156818,653,2.81557774832427,Sample_100_TCGA_LUAD
LP_SGL,Positive,Neg_ctrl_Sample_72,0.068338413337014,653,2.81557774832427,Sample_100_TCGA_LUAD
LP_SGL,Positive,Neg_ctrl_Sample_73,-0.0667187175989474,653,2.81557774832427,Sample_100_TCGA_LUAD
LP_SGL,Positive,Neg_ctrl_Sample_74,-0.00597616242488793,653,2.81557774832427,Sample_100_TCGA_LUAD
LP_SGL,Positive,Neg_ctrl_Sample_75,-0.0285632483455108,653,2.81557774832427,Sample_100_TCGA_LUAD
LP_SGL,Positive,Neg_ctrl_Sample_76,-0.03256687838319,653,2.81557774832427,Sample_100_TCGA_LUAD
LP_SGL,Positive,Neg_ctrl_Sample_77,0.058070486141402,653,2.81557774832427,Sample_100_TCGA_LUAD
LP_SGL,Positive,Neg_ctrl_Sample_78,-0.0792279993244433,653,2.81557774832427,Sample_100_TCGA_LUAD
LP_SGL,Positive,Neg_ctrl_Sample_79,-0.109282157299271,653,2.81557774832427,Sample_100_TCGA_LUAD
LP_SGL,Positive,Neg_ctrl_Sample_80,0.0958963481664806,653,2.81557774832427,Sample_100_TCGA_LUAD
LP_SGL,Positive,Neg_ctrl_Sample_81,-0.0326759395498763,653,2.81557774832427,Sample_100_TCGA_LUAD
LP_SGL,Positive,Neg_ctrl_Sample_82,0.107007274513291,653,2.81557774832427,Sample_100_TCGA_LUAD
LP_SGL,Positive,Neg_ctrl_Sample_83,-0.0951711600254115,653,2.81557774832427,Sample_100_TCGA_LUAD
LP_SGL,Positive,Neg_ctrl_Sample_84,-0.154780820045222,653,2.81557774832427,Sample_100_TCGA_LUAD
LP_SGL,Positive,Neg_ctrl_Sample_85,-0.0108127176895383,653,2.81557774832427,Sample_100_TCGA_LUAD
LP_SGL,Positive,Neg_ctrl_Sample_86,0.0907267443546782,653,2.81557774832427,Sample_100_TCGA_LUAD
LP_SGL,Positive,Neg_ctrl_Sample_87,0.0687056196210354,653,2.81557774832427,Sample_100_TCGA_LUAD
LP_SGL,Positive,Neg_ctrl_Sample_88,-0.0413435998180532,653,2.81557774832427,Sample_100_TCGA_LUAD
LP_SGL,Positive,Neg_ctrl_Sample_89,-0.0603664989521807,653,2.81557774832427,Sample_100_TCGA_LUAD
LP_SGL,Positive,Neg_ctrl_Sample_90,0.0212644745122011,653,2.81557774832427,Sample_100_TCGA_LUAD
LP_SGL,Positive,Neg_ctrl_Sample_91,0.00458110060216492,653,2.81557774832427,Sample_100_TCGA_LUAD
LP_SGL,Positive,Neg_ctrl_Sample_92,0.168317738466998,653,2.81557774832427,Sample_100_TCGA_LUAD
LP_SGL,Positive,Neg_ctrl_Sample_93,0.0792611549537761,653,2.81557774832427,Sample_100_TCGA_LUAD
LP_SGL,Positive,Neg_ctrl_Sample_94,0.0201202668478269,653,2.81557774832427,Sample_100_TCGA_LUAD
LP_SGL,Positive,Neg_ctrl_Sample_95,0.037841180743141,653,2.81557774832427,Sample_100_TCGA_LUAD
LP_SGL,Positive,Neg_ctrl_Sample_96,0.00818599610924738,653,2.81557774832427,Sample_100_TCGA_LUAD
LP_SGL,Positive,Neg_ctrl_Sample_97,-0.000542655781085731,653,2.81557774832427,Sample_100_TCGA_LUAD
LP_SGL,Positive,Neg_ctrl_Sample_98,-0.102839704099186,653,2.81557774832427,Sample_100_TCGA_LUAD
LP_SGL,Positive,Neg_ctrl_Sample_99,0.0662608229195549,653,2.81557774832427,Sample_100_TCGA_LUAD
LP_SGL,Positive,Neg_ctrl_Sample_100,-0.058037261650515,653,2.81557774832427,Sample_100_TCGA_LUAD
PIPET,Negative,Neg_ctrl_Sample_1,0.0272057371743859,4507,3.65398390737407,Sample_100_TCGA_LUAD
PIPET,Negative,Neg_ctrl_Sample_2,0.0306947605848451,4507,3.65398390737407,Sample_100_TCGA_LUAD
PIPET,Negative,Neg_ctrl_Sample_3,-0.0997224901822307,4507,3.65398390737407,Sample_100_TCGA_LUAD
PIPET,Negative,Neg_ctrl_Sample_4,-0.0781212571141298,4507,3.65398390737407,Sample_100_TCGA_LUAD
PIPET,Negative,Neg_ctrl_Sample_5,-0.151161477785456,4507,3.65398390737407,Sample_100_TCGA_LUAD
PIPET,Negative,Neg_ctrl_Sample_6,0.0578558525032013,4507,3.65398390737407,Sample_100_TCGA_LUAD
PIPET,Negative,Neg_ctrl_Sample_7,0.0891888832263362,4507,3.65398390737407,Sample_100_TCGA_LUAD
PIPET,Negative,Neg_ctrl_Sample_8,0.0911610035435745,4507,3.65398390737407,Sample_100_TCGA_LUAD
PIPET,Negative,Neg_ctrl_Sample_9,-0.0322607375642104,4507,3.65398390737407,Sample_100_TCGA_LUAD
PIPET,Negative,Neg_ctrl_Sample_10,0.115604021740963,4507,3.65398390737407,Sample_100_TCGA_LUAD
PIPET,Negative,Neg_ctrl_Sample_11,-0.0893678935603693,4507,3.65398390737407,Sample_100_TCGA_LUAD
PIPET,Negative,Neg_ctrl_Sample_12,0.0335167917434823,4507,3.65398390737407,Sample_100_TCGA_LUAD
PIPET,Negative,Neg_ctrl_Sample_13,0.0914727969560706,4507,3.65398390737407,Sample_100_TCGA_LUAD
PIPET,Negative,Neg_ctrl_Sample_14,0.255350726318695,4507,3.65398390737407,Sample_100_TCGA_LUAD
PIPET,Negative,Neg_ctrl_Sample_15,0.0211942642729685,4507,3.65398390737407,Sample_100_TCGA_LUAD
PIPET,Negative,Neg_ctrl_Sample_16,-0.00963111965166841,4507,3.65398390737407,Sample_100_TCGA_LUAD
PIPET,Negative,Neg_ctrl_Sample_17,0.0394297670433261,4507,3.65398390737407,Sample_100_TCGA_LUAD
PIPET,Negative,Neg_ctrl_Sample_18,0.0687425885015338,4507,3.65398390737407,Sample_100_TCGA_LUAD
PIPET,Negative,Neg_ctrl_Sample_19,0.104952359789942,4507,3.65398390737407,Sample_100_TCGA_LUAD
PIPET,Negative,Neg_ctrl_Sample_20,0.0261392500048725,4507,3.65398390737407,Sample_100_TCGA_LUAD
PIPET,Negative,Neg_ctrl_Sample_21,0.0971612366553116,4507,3.65398390737407,Sample_100_TCGA_LUAD
PIPET,Negative,Neg_ctrl_Sample_22,0.119423533581766,4507,3.65398390737407,Sample_100_TCGA_LUAD
PIPET,Negative,Neg_ctrl_Sample_23,0.00140927463790796,4507,3.65398390737407,Sample_100_TCGA_LUAD
PIPET,Negative,Neg_ctrl_Sample_24,0.0337355328310176,4507,3.65398390737407,Sample_100_TCGA_LUAD
PIPET,Negative,Neg_ctrl_Sample_25,0.215851042572804,4507,3.65398390737407,Sample_100_TCGA_LUAD
PIPET,Negative,Neg_ctrl_Sample_26,0.136799118054908,4507,3.65398390737407,Sample_100_TCGA_LUAD
PIPET,Negative,Neg_ctrl_Sample_27,-0.0686673941442141,4507,3.65398390737407,Sample_100_TCGA_LUAD
PIPET,Negative,Neg_ctrl_Sample_28,0.0655676801494156,4507,3.65398390737407,Sample_100_TCGA_LUAD
PIPET,Negative,Neg_ctrl_Sample_29,0.0479315659006173,4507,3.65398390737407,Sample_100_TCGA_LUAD
PIPET,Negative,Neg_ctrl_Sample_30,0.0412842299840389,4507,3.65398390737407,Sample_100_TCGA_LUAD
PIPET,Negative,Neg_ctrl_Sample_31,0.170635014402267,4507,3.65398390737407,Sample_100_TCGA_LUAD
PIPET,Negative,Neg_ctrl_Sample_32,0.00749775050542051,4507,3.65398390737407,Sample_100_TCGA_LUAD
PIPET,Negative,Neg_ctrl_Sample_33,-0.056592274457905,4507,3.65398390737407,Sample_100_TCGA_LUAD
PIPET,Negative,Neg_ctrl_Sample_34,-0.11480013535219,4507,3.65398390737407,Sample_100_TCGA_LUAD
PIPET,Negative,Neg_ctrl_Sample_35,0.0873948225250247,4507,3.65398390737407,Sample_100_TCGA_LUAD
PIPET,Negative,Neg_ctrl_Sample_36,0.0765959484137603,4507,3.65398390737407,Sample_100_TCGA_LUAD
PIPET,Negative,Neg_ctrl_Sample_37,0.098610198820099,4507,3.65398390737407,Sample_100_TCGA_LUAD
PIPET,Negative,Neg_ctrl_Sample_38,0.0130097145669192,4507,3.65398390737407,Sample_100_TCGA_LUAD
PIPET,Negative,Neg_ctrl_Sample_39,0.107160759566907,4507,3.65398390737407,Sample_100_TCGA_LUAD
PIPET,Negative,Neg_ctrl_Sample_40,-0.111400863744787,4507,3.65398390737407,Sample_100_TCGA_LUAD
PIPET,Negative,Neg_ctrl_Sample_41,-0.0103856132053795,4507,3.65398390737407,Sample_100_TCGA_LUAD
PIPET,Negative,Neg_ctrl_Sample_42,-0.0154580397248488,4507,3.65398390737407,Sample_100_TCGA_LUAD
PIPET,Negative,Neg_ctrl_Sample_43,0.0734760039298815,4507,3.65398390737407,Sample_100_TCGA_LUAD
PIPET,Negative,Neg_ctrl_Sample_44,0.0708012432749743,4507,3.65398390737407,Sample_100_TCGA_LUAD
PIPET,Negative,Neg_ctrl_Sample_45,-0.0166866740871662,4507,3.65398390737407,Sample_100_TCGA_LUAD
PIPET,Negative,Neg_ctrl_Sample_46,0.0461817156660927,4507,3.65398390737407,Sample_100_TCGA_LUAD
PIPET,Negative,Neg_ctrl_Sample_47,0.044455450029799,4507,3.65398390737407,Sample_100_TCGA_LUAD
PIPET,Negative,Neg_ctrl_Sample_48,0.0860152815758119,4507,3.65398390737407,Sample_100_TCGA_LUAD
PIPET,Negative,Neg_ctrl_Sample_49,-0.0290881605015737,4507,3.65398390737407,Sample_100_TCGA_LUAD
PIPET,Negative,Neg_ctrl_Sample_50,0.028128565442549,4507,3.65398390737407,Sample_100_TCGA_LUAD
PIPET,Negative,Neg_ctrl_Sample_51,-0.142082846859827,4507,3.65398390737407,Sample_100_TCGA_LUAD
PIPET,Negative,Neg_ctrl_Sample_52,-0.0674223448611103,4507,3.65398390737407,Sample_100_TCGA_LUAD
PIPET,Negative,Neg_ctrl_Sample_53,0.109254653325523,4507,3.65398390737407,Sample_100_TCGA_LUAD
PIPET,Negative,Neg_ctrl_Sample_54,-0.0877458990965192,4507,3.65398390737407,Sample_100_TCGA_LUAD
PIPET,Negative,Neg_ctrl_Sample_55,0.104109468846505,4507,3.65398390737407,Sample_100_TCGA_LUAD
PIPET,Negative,Neg_ctrl_Sample_56,0.0709320414019684,4507,3.65398390737407,Sample_100_TCGA_LUAD
PIPET,Negative,Neg_ctrl_Sample_57,0.0816391655655611,4507,3.65398390737407,Sample_100_TCGA_LUAD
PIPET,Negative,Neg_ctrl_Sample_58,-0.00689519101053137,4507,3.65398390737407,Sample_100_TCGA_LUAD
PIPET,Negative,Neg_ctrl_Sample_59,0.0106969904327337,4507,3.65398390737407,Sample_100_TCGA_LUAD
PIPET,Negative,Neg_ctrl_Sample_60,0.160757950226934,4507,3.65398390737407,Sample_100_TCGA_LUAD
PIPET,Negative,Neg_ctrl_Sample_61,-0.0140192094771995,4507,3.65398390737407,Sample_100_TCGA_LUAD
PIPET,Negative,Neg_ctrl_Sample_62,0.152183294035302,4507,3.65398390737407,Sample_100_TCGA_LUAD
PIPET,Negative,Neg_ctrl_Sample_63,0.120371557353093,4507,3.65398390737407,Sample_100_TCGA_LUAD
PIPET,Negative,Neg_ctrl_Sample_64,-0.0248600662852323,4507,3.65398390737407,Sample_100_TCGA_LUAD
PIPET,Negative,Neg_ctrl_Sample_65,-0.064285569234544,4507,3.65398390737407,Sample_100_TCGA_LUAD
PIPET,Negative,Neg_ctrl_Sample_66,0.0323565197082544,4507,3.65398390737407,Sample_100_TCGA_LUAD
PIPET,Negative,Neg_ctrl_Sample_67,-0.0218306826287739,4507,3.65398390737407,Sample_100_TCGA_LUAD
PIPET,Negative,Neg_ctrl_Sample_68,0.137814651139686,4507,3.65398390737407,Sample_100_TCGA_LUAD
PIPET,Negative,Neg_ctrl_Sample_69,-0.0317477511133109,4507,3.65398390737407,Sample_100_TCGA_LUAD
PIPET,Negative,Neg_ctrl_Sample_70,0.0767430958041096,4507,3.65398390737407,Sample_100_TCGA_LUAD
PIPET,Negative,Neg_ctrl_Sample_71,0.00472003780953162,4507,3.65398390737407,Sample_100_TCGA_LUAD
PIPET,Negative,Neg_ctrl_Sample_72,0.0625206741355884,4507,3.65398390737407,Sample_100_TCGA_LUAD
PIPET,Negative,Neg_ctrl_Sample_73,-0.0727115447470092,4507,3.65398390737407,Sample_100_TCGA_LUAD
PIPET,Negative,Neg_ctrl_Sample_74,-0.00274017780570313,4507,3.65398390737407,Sample_100_TCGA_LUAD
PIPET,Negative,Neg_ctrl_Sample_75,-0.011665174613213,4507,3.65398390737407,Sample_100_TCGA_LUAD
PIPET,Negative,Neg_ctrl_Sample_76,-0.0250020638937657,4507,3.65398390737407,Sample_100_TCGA_LUAD
PIPET,Negative,Neg_ctrl_Sample_77,0.0677974178192121,4507,3.65398390737407,Sample_100_TCGA_LUAD
PIPET,Negative,Neg_ctrl_Sample_78,-0.0526190985121765,4507,3.65398390737407,Sample_100_TCGA_LUAD
PIPET,Negative,Neg_ctrl_Sample_79,-0.114030430368802,4507,3.65398390737407,Sample_100_TCGA_LUAD
PIPET,Negative,Neg_ctrl_Sample_80,0.127082596404686,4507,3.65398390737407,Sample_100_TCGA_LUAD
PIPET,Negative,Neg_ctrl_Sample_81,-0.0331793230777233,4507,3.65398390737407,Sample_100_TCGA_LUAD
PIPET,Negative,Neg_ctrl_Sample_82,0.110977282011553,4507,3.65398390737407,Sample_100_TCGA_LUAD
PIPET,Negative,Neg_ctrl_Sample_83,-0.0666555968586263,4507,3.65398390737407,Sample_100_TCGA_LUAD
PIPET,Negative,Neg_ctrl_Sample_84,-0.113738730362038,4507,3.65398390737407,Sample_100_TCGA_LUAD
PIPET,Negative,Neg_ctrl_Sample_85,0.00327075306647456,4507,3.65398390737407,Sample_100_TCGA_LUAD
PIPET,Negative,Neg_ctrl_Sample_86,0.113940594567507,4507,3.65398390737407,Sample_100_TCGA_LUAD
PIPET,Negative,Neg_ctrl_Sample_87,0.0690040968635611,4507,3.65398390737407,Sample_100_TCGA_LUAD
PIPET,Negative,Neg_ctrl_Sample_88,-0.042747778945009,4507,3.65398390737407,Sample_100_TCGA_LUAD
PIPET,Negative,Neg_ctrl_Sample_89,-0.0336562399117018,4507,3.65398390737407,Sample_100_TCGA_LUAD
PIPET,Negative,Neg_ctrl_Sample_90,0.0506888065893967,4507,3.65398390737407,Sample_100_TCGA_LUAD
PIPET,Negative,Neg_ctrl_Sample_91,0.0209957737232678,4507,3.65398390737407,Sample_100_TCGA_LUAD
PIPET,Negative,Neg_ctrl_Sample_92,0.157119383687171,4507,3.65398390737407,Sample_100_TCGA_LUAD
PIPET,Negative,Neg_ctrl_Sample_93,0.0999223580859672,4507,3.65398390737407,Sample_100_TCGA_LUAD
PIPET,Negative,Neg_ctrl_Sample_94,0.0341211028416714,4507,3.65398390737407,Sample_100_TCGA_LUAD
PIPET,Negative,Neg_ctrl_Sample_95,0.0583541062713211,4507,3.65398390737407,Sample_100_TCGA_LUAD
PIPET,Negative,Neg_ctrl_Sample_96,0.0555228683931747,4507,3.65398390737407,Sample_100_TCGA_LUAD
PIPET,Negative,Neg_ctrl_Sample_97,0.0207512239790146,4507,3.65398390737407,Sample_100_TCGA_LUAD
PIPET,Negative,Neg_ctrl_Sample_98,-0.092954316759208,4507,3.65398390737407,Sample_100_TCGA_LUAD
PIPET,Negative,Neg_ctrl_Sample_99,0.0717589548804702,4507,3.65398390737407,Sample_100_TCGA_LUAD
PIPET,Negative,Neg_ctrl_Sample_100,-0.0622945833283535,4507,3.65398390737407,Sample_100_TCGA_LUAD
PIPET,Neutral,Neg_ctrl_Sample_1,0.0269517800128791,27624,4.44130228669317,Sample_100_TCGA_LUAD
PIPET,Neutral,Neg_ctrl_Sample_2,-0.00761740625882055,27624,4.44130228669317,Sample_100_TCGA_LUAD
PIPET,Neutral,Neg_ctrl_Sample_3,-0.151489233614723,27624,4.44130228669317,Sample_100_TCGA_LUAD
PIPET,Neutral,Neg_ctrl_Sample_4,-0.0939730667997047,27624,4.44130228669317,Sample_100_TCGA_LUAD
PIPET,Neutral,Neg_ctrl_Sample_5,-0.169588381706779,27624,4.44130228669317,Sample_100_TCGA_LUAD
PIPET,Neutral,Neg_ctrl_Sample_6,0.0696121179828884,27624,4.44130228669317,Sample_100_TCGA_LUAD
PIPET,Neutral,Neg_ctrl_Sample_7,0.0835185142674818,27624,4.44130228669317,Sample_100_TCGA_LUAD
PIPET,Neutral,Neg_ctrl_Sample_8,0.0605114230769957,27624,4.44130228669317,Sample_100_TCGA_LUAD
PIPET,Neutral,Neg_ctrl_Sample_9,-0.103731418240592,27624,4.44130228669317,Sample_100_TCGA_LUAD
PIPET,Neutral,Neg_ctrl_Sample_10,0.118431676187211,27624,4.44130228669317,Sample_100_TCGA_LUAD
PIPET,Neutral,Neg_ctrl_Sample_11,-0.148423976157974,27624,4.44130228669317,Sample_100_TCGA_LUAD
PIPET,Neutral,Neg_ctrl_Sample_12,0.0486326205989756,27624,4.44130228669317,Sample_100_TCGA_LUAD
PIPET,Neutral,Neg_ctrl_Sample_13,0.0629308426807494,27624,4.44130228669317,Sample_100_TCGA_LUAD
PIPET,Neutral,Neg_ctrl_Sample_14,0.252683429911984,27624,4.44130228669317,Sample_100_TCGA_LUAD
PIPET,Neutral,Neg_ctrl_Sample_15,0.0586375546339725,27624,4.44130228669317,Sample_100_TCGA_LUAD
PIPET,Neutral,Neg_ctrl_Sample_16,-0.0495403096908949,27624,4.44130228669317,Sample_100_TCGA_LUAD
PIPET,Neutral,Neg_ctrl_Sample_17,0.0189476752537773,27624,4.44130228669317,Sample_100_TCGA_LUAD
PIPET,Neutral,Neg_ctrl_Sample_18,0.0116647526944723,27624,4.44130228669317,Sample_100_TCGA_LUAD
PIPET,Neutral,Neg_ctrl_Sample_19,0.0745075441055194,27624,4.44130228669317,Sample_100_TCGA_LUAD
PIPET,Neutral,Neg_ctrl_Sample_20,-0.062133232948456,27624,4.44130228669317,Sample_100_TCGA_LUAD
PIPET,Neutral,Neg_ctrl_Sample_21,0.0968035886969539,27624,4.44130228669317,Sample_100_TCGA_LUAD
PIPET,Neutral,Neg_ctrl_Sample_22,0.132959404630974,27624,4.44130228669317,Sample_100_TCGA_LUAD
PIPET,Neutral,Neg_ctrl_Sample_23,-0.0214369797066631,27624,4.44130228669317,Sample_100_TCGA_LUAD
PIPET,Neutral,Neg_ctrl_Sample_24,0.0619557617959114,27624,4.44130228669317,Sample_100_TCGA_LUAD
PIPET,Neutral,Neg_ctrl_Sample_25,0.208074550153704,27624,4.44130228669317,Sample_100_TCGA_LUAD
PIPET,Neutral,Neg_ctrl_Sample_26,0.115233599404475,27624,4.44130228669317,Sample_100_TCGA_LUAD
PIPET,Neutral,Neg_ctrl_Sample_27,-0.0740302803824572,27624,4.44130228669317,Sample_100_TCGA_LUAD
PIPET,Neutral,Neg_ctrl_Sample_28,0.0702953825171528,27624,4.44130228669317,Sample_100_TCGA_LUAD
PIPET,Neutral,Neg_ctrl_Sample_29,0.099505272174095,27624,4.44130228669317,Sample_100_TCGA_LUAD
PIPET,Neutral,Neg_ctrl_Sample_30,-0.0028397474302549,27624,4.44130228669317,Sample_100_TCGA_LUAD
PIPET,Neutral,Neg_ctrl_Sample_31,0.093069886807469,27624,4.44130228669317,Sample_100_TCGA_LUAD
PIPET,Neutral,Neg_ctrl_Sample_32,-0.0338787388903038,27624,4.44130228669317,Sample_100_TCGA_LUAD
PIPET,Neutral,Neg_ctrl_Sample_33,-0.101274267802591,27624,4.44130228669317,Sample_100_TCGA_LUAD
PIPET,Neutral,Neg_ctrl_Sample_34,-0.156724937833507,27624,4.44130228669317,Sample_100_TCGA_LUAD
PIPET,Neutral,Neg_ctrl_Sample_35,0.0957289365676735,27624,4.44130228669317,Sample_100_TCGA_LUAD
PIPET,Neutral,Neg_ctrl_Sample_36,0.0412959813315505,27624,4.44130228669317,Sample_100_TCGA_LUAD
PIPET,Neutral,Neg_ctrl_Sample_37,0.0682734789594398,27624,4.44130228669317,Sample_100_TCGA_LUAD
PIPET,Neutral,Neg_ctrl_Sample_38,0.00375996695303607,27624,4.44130228669317,Sample_100_TCGA_LUAD
PIPET,Neutral,Neg_ctrl_Sample_39,0.0252729475193308,27624,4.44130228669317,Sample_100_TCGA_LUAD
PIPET,Neutral,Neg_ctrl_Sample_40,-0.126972662581097,27624,4.44130228669317,Sample_100_TCGA_LUAD
PIPET,Neutral,Neg_ctrl_Sample_41,-0.0309331565873447,27624,4.44130228669317,Sample_100_TCGA_LUAD
PIPET,Neutral,Neg_ctrl_Sample_42,-0.0347022617581659,27624,4.44130228669317,Sample_100_TCGA_LUAD
PIPET,Neutral,Neg_ctrl_Sample_43,0.0832245847218663,27624,4.44130228669317,Sample_100_TCGA_LUAD
PIPET,Neutral,Neg_ctrl_Sample_44,0.0634539474080038,27624,4.44130228669317,Sample_100_TCGA_LUAD
PIPET,Neutral,Neg_ctrl_Sample_45,-0.0511796455936431,27624,4.44130228669317,Sample_100_TCGA_LUAD
PIPET,Neutral,Neg_ctrl_Sample_46,0.0371978320280493,27624,4.44130228669317,Sample_100_TCGA_LUAD
PIPET,Neutral,Neg_ctrl_Sample_47,0.0510005757039488,27624,4.44130228669317,Sample_100_TCGA_LUAD
PIPET,Neutral,Neg_ctrl_Sample_48,0.114554301497394,27624,4.44130228669317,Sample_100_TCGA_LUAD
PIPET,Neutral,Neg_ctrl_Sample_49,-0.0562312631486309,27624,4.44130228669317,Sample_100_TCGA_LUAD
PIPET,Neutral,Neg_ctrl_Sample_50,-0.025050948323601,27624,4.44130228669317,Sample_100_TCGA_LUAD
PIPET,Neutral,Neg_ctrl_Sample_51,-0.147037496131677,27624,4.44130228669317,Sample_100_TCGA_LUAD
PIPET,Neutral,Neg_ctrl_Sample_52,-0.0356591891154174,27624,4.44130228669317,Sample_100_TCGA_LUAD
PIPET,Neutral,Neg_ctrl_Sample_53,0.0239540231141019,27624,4.44130228669317,Sample_100_TCGA_LUAD
PIPET,Neutral,Neg_ctrl_Sample_54,-0.042213750138163,27624,4.44130228669317,Sample_100_TCGA_LUAD
PIPET,Neutral,Neg_ctrl_Sample_55,0.0788360990692598,27624,4.44130228669317,Sample_100_TCGA_LUAD
PIPET,Neutral,Neg_ctrl_Sample_56,0.102240114760834,27624,4.44130228669317,Sample_100_TCGA_LUAD
PIPET,Neutral,Neg_ctrl_Sample_57,0.0922056939376355,27624,4.44130228669317,Sample_100_TCGA_LUAD
PIPET,Neutral,Neg_ctrl_Sample_58,-0.0195301049166732,27624,4.44130228669317,Sample_100_TCGA_LUAD
PIPET,Neutral,Neg_ctrl_Sample_59,0.0144930102444303,27624,4.44130228669317,Sample_100_TCGA_LUAD
PIPET,Neutral,Neg_ctrl_Sample_60,0.132765788182753,27624,4.44130228669317,Sample_100_TCGA_LUAD
PIPET,Neutral,Neg_ctrl_Sample_61,-0.0653825648065113,27624,4.44130228669317,Sample_100_TCGA_LUAD
PIPET,Neutral,Neg_ctrl_Sample_62,0.114158995977151,27624,4.44130228669317,Sample_100_TCGA_LUAD
PIPET,Neutral,Neg_ctrl_Sample_63,0.107867750447034,27624,4.44130228669317,Sample_100_TCGA_LUAD
PIPET,Neutral,Neg_ctrl_Sample_64,-0.0131579281069416,27624,4.44130228669317,Sample_100_TCGA_LUAD
PIPET,Neutral,Neg_ctrl_Sample_65,-0.0912911708408409,27624,4.44130228669317,Sample_100_TCGA_LUAD
PIPET,Neutral,Neg_ctrl_Sample_66,0.0133468348480731,27624,4.44130228669317,Sample_100_TCGA_LUAD
PIPET,Neutral,Neg_ctrl_Sample_67,-0.060162840388844,27624,4.44130228669317,Sample_100_TCGA_LUAD
PIPET,Neutral,Neg_ctrl_Sample_68,0.0846462248656228,27624,4.44130228669317,Sample_100_TCGA_LUAD
PIPET,Neutral,Neg_ctrl_Sample_69,-0.0391112811347914,27624,4.44130228669317,Sample_100_TCGA_LUAD
PIPET,Neutral,Neg_ctrl_Sample_70,0.0832646860197831,27624,4.44130228669317,Sample_100_TCGA_LUAD
PIPET,Neutral,Neg_ctrl_Sample_71,-0.0093228177361472,27624,4.44130228669317,Sample_100_TCGA_LUAD
PIPET,Neutral,Neg_ctrl_Sample_72,0.069740262450368,27624,4.44130228669317,Sample_100_TCGA_LUAD
PIPET,Neutral,Neg_ctrl_Sample_73,-0.0598996751207113,27624,4.44130228669317,Sample_100_TCGA_LUAD
PIPET,Neutral,Neg_ctrl_Sample_74,0.00444954183513189,27624,4.44130228669317,Sample_100_TCGA_LUAD
PIPET,Neutral,Neg_ctrl_Sample_75,-0.0532853072488577,27624,4.44130228669317,Sample_100_TCGA_LUAD
PIPET,Neutral,Neg_ctrl_Sample_76,-0.0196263381998981,27624,4.44130228669317,Sample_100_TCGA_LUAD
PIPET,Neutral,Neg_ctrl_Sample_77,0.0302040617893335,27624,4.44130228669317,Sample_100_TCGA_LUAD
PIPET,Neutral,Neg_ctrl_Sample_78,-0.0838485565761408,27624,4.44130228669317,Sample_100_TCGA_LUAD
PIPET,Neutral,Neg_ctrl_Sample_79,-0.124050215449599,27624,4.44130228669317,Sample_100_TCGA_LUAD
PIPET,Neutral,Neg_ctrl_Sample_80,0.0813461154968689,27624,4.44130228669317,Sample_100_TCGA_LUAD
PIPET,Neutral,Neg_ctrl_Sample_81,-0.0713605110784685,27624,4.44130228669317,Sample_100_TCGA_LUAD
PIPET,Neutral,Neg_ctrl_Sample_82,0.131060378491404,27624,4.44130228669317,Sample_100_TCGA_LUAD
PIPET,Neutral,Neg_ctrl_Sample_83,-0.129803596999752,27624,4.44130228669317,Sample_100_TCGA_LUAD
PIPET,Neutral,Neg_ctrl_Sample_84,-0.135056408134872,27624,4.44130228669317,Sample_100_TCGA_LUAD
PIPET,Neutral,Neg_ctrl_Sample_85,-0.0156336433187836,27624,4.44130228669317,Sample_100_TCGA_LUAD
PIPET,Neutral,Neg_ctrl_Sample_86,0.123608129477743,27624,4.44130228669317,Sample_100_TCGA_LUAD
PIPET,Neutral,Neg_ctrl_Sample_87,0.074275074032429,27624,4.44130228669317,Sample_100_TCGA_LUAD
PIPET,Neutral,Neg_ctrl_Sample_88,-0.0370824584288432,27624,4.44130228669317,Sample_100_TCGA_LUAD
PIPET,Neutral,Neg_ctrl_Sample_89,-0.0554671418628154,27624,4.44130228669317,Sample_100_TCGA_LUAD
PIPET,Neutral,Neg_ctrl_Sample_90,0.031577743665083,27624,4.44130228669317,Sample_100_TCGA_LUAD
PIPET,Neutral,Neg_ctrl_Sample_91,0.022182103775935,27624,4.44130228669317,Sample_100_TCGA_LUAD
PIPET,Neutral,Neg_ctrl_Sample_92,0.181203460401087,27624,4.44130228669317,Sample_100_TCGA_LUAD
PIPET,Neutral,Neg_ctrl_Sample_93,0.0816969902867251,27624,4.44130228669317,Sample_100_TCGA_LUAD
PIPET,Neutral,Neg_ctrl_Sample_94,0.0202220743036015,27624,4.44130228669317,Sample_100_TCGA_LUAD
PIPET,Neutral,Neg_ctrl_Sample_95,0.0396357980473341,27624,4.44130228669317,Sample_100_TCGA_LUAD
PIPET,Neutral,Neg_ctrl_Sample_96,-0.0304526269626674,27624,4.44130228669317,Sample_100_TCGA_LUAD
PIPET,Neutral,Neg_ctrl_Sample_97,-0.0450735322278884,27624,4.44130228669317,Sample_100_TCGA_LUAD
PIPET,Neutral,Neg_ctrl_Sample_98,-0.131185233670839,27624,4.44130228669317,Sample_100_TCGA_LUAD
PIPET,Neutral,Neg_ctrl_Sample_99,0.0443449354395028,27624,4.44130228669317,Sample_100_TCGA_LUAD
PIPET,Neutral,Neg_ctrl_Sample_100,-0.0872614763123195,27624,4.44130228669317,Sample_100_TCGA_LUAD
PIPET,Positive,Neg_ctrl_Sample_1,0.0394466166453123,103,2.01703333929878,Sample_100_TCGA_LUAD
PIPET,Positive,Neg_ctrl_Sample_2,-0.0178730449566899,103,2.01703333929878,Sample_100_TCGA_LUAD
PIPET,Positive,Neg_ctrl_Sample_3,-0.173305644405934,103,2.01703333929878,Sample_100_TCGA_LUAD
PIPET,Positive,Neg_ctrl_Sample_4,-0.0907389832488587,103,2.01703333929878,Sample_100_TCGA_LUAD
PIPET,Positive,Neg_ctrl_Sample_5,-0.163917223270471,103,2.01703333929878,Sample_100_TCGA_LUAD
PIPET,Positive,Neg_ctrl_Sample_6,0.0725249092226545,103,2.01703333929878,Sample_100_TCGA_LUAD
PIPET,Positive,Neg_ctrl_Sample_7,0.0752353953472994,103,2.01703333929878,Sample_100_TCGA_LUAD
PIPET,Positive,Neg_ctrl_Sample_8,0.0530573200545669,103,2.01703333929878,Sample_100_TCGA_LUAD
PIPET,Positive,Neg_ctrl_Sample_9,-0.164044391384796,103,2.01703333929878,Sample_100_TCGA_LUAD
PIPET,Positive,Neg_ctrl_Sample_10,0.107396666217418,103,2.01703333929878,Sample_100_TCGA_LUAD
PIPET,Positive,Neg_ctrl_Sample_11,-0.175472675919292,103,2.01703333929878,Sample_100_TCGA_LUAD
PIPET,Positive,Neg_ctrl_Sample_12,0.0563064210041205,103,2.01703333929878,Sample_100_TCGA_LUAD
PIPET,Positive,Neg_ctrl_Sample_13,0.0362872692930965,103,2.01703333929878,Sample_100_TCGA_LUAD
PIPET,Positive,Neg_ctrl_Sample_14,0.230938994386413,103,2.01703333929878,Sample_100_TCGA_LUAD
PIPET,Positive,Neg_ctrl_Sample_15,0.0603346507517913,103,2.01703333929878,Sample_100_TCGA_LUAD
PIPET,Positive,Neg_ctrl_Sample_16,-0.0891373656308164,103,2.01703333929878,Sample_100_TCGA_LUAD
PIPET,Positive,Neg_ctrl_Sample_17,0.00687283346335528,103,2.01703333929878,Sample_100_TCGA_LUAD
PIPET,Positive,Neg_ctrl_Sample_18,0.0117686788877935,103,2.01703333929878,Sample_100_TCGA_LUAD
PIPET,Positive,Neg_ctrl_Sample_19,0.0713798825342273,103,2.01703333929878,Sample_100_TCGA_LUAD
PIPET,Positive,Neg_ctrl_Sample_20,-0.0722070845420534,103,2.01703333929878,Sample_100_TCGA_LUAD
PIPET,Positive,Neg_ctrl_Sample_21,0.108986766638414,103,2.01703333929878,Sample_100_TCGA_LUAD
PIPET,Positive,Neg_ctrl_Sample_22,0.133065133397631,103,2.01703333929878,Sample_100_TCGA_LUAD
PIPET,Positive,Neg_ctrl_Sample_23,-0.0341017790477909,103,2.01703333929878,Sample_100_TCGA_LUAD
PIPET,Positive,Neg_ctrl_Sample_24,0.0451020464319828,103,2.01703333929878,Sample_100_TCGA_LUAD
PIPET,Positive,Neg_ctrl_Sample_25,0.21705591163143,103,2.01703333929878,Sample_100_TCGA_LUAD
PIPET,Positive,Neg_ctrl_Sample_26,0.109552249290573,103,2.01703333929878,Sample_100_TCGA_LUAD
PIPET,Positive,Neg_ctrl_Sample_27,-0.096101355167326,103,2.01703333929878,Sample_100_TCGA_LUAD
PIPET,Positive,Neg_ctrl_Sample_28,0.0466762367355367,103,2.01703333929878,Sample_100_TCGA_LUAD
PIPET,Positive,Neg_ctrl_Sample_29,0.112431003448105,103,2.01703333929878,Sample_100_TCGA_LUAD
PIPET,Positive,Neg_ctrl_Sample_30,-0.00398955956419417,103,2.01703333929878,Sample_100_TCGA_LUAD
PIPET,Positive,Neg_ctrl_Sample_31,0.0736675469714237,103,2.01703333929878,Sample_100_TCGA_LUAD
PIPET,Positive,Neg_ctrl_Sample_32,-0.0448149635966505,103,2.01703333929878,Sample_100_TCGA_LUAD
PIPET,Positive,Neg_ctrl_Sample_33,-0.0979176519244368,103,2.01703333929878,Sample_100_TCGA_LUAD
PIPET,Positive,Neg_ctrl_Sample_34,-0.160555261433784,103,2.01703333929878,Sample_100_TCGA_LUAD
PIPET,Positive,Neg_ctrl_Sample_35,0.0837026709589642,103,2.01703333929878,Sample_100_TCGA_LUAD
PIPET,Positive,Neg_ctrl_Sample_36,0.0422434501149445,103,2.01703333929878,Sample_100_TCGA_LUAD
PIPET,Positive,Neg_ctrl_Sample_37,0.0585393502001749,103,2.01703333929878,Sample_100_TCGA_LUAD
PIPET,Positive,Neg_ctrl_Sample_38,-0.00288094368267148,103,2.01703333929878,Sample_100_TCGA_LUAD
PIPET,Positive,Neg_ctrl_Sample_39,0.00345790683302421,103,2.01703333929878,Sample_100_TCGA_LUAD
PIPET,Positive,Neg_ctrl_Sample_40,-0.153113536471824,103,2.01703333929878,Sample_100_TCGA_LUAD
PIPET,Positive,Neg_ctrl_Sample_41,-0.0245231229556938,103,2.01703333929878,Sample_100_TCGA_LUAD
PIPET,Positive,Neg_ctrl_Sample_42,-0.0147376363065131,103,2.01703333929878,Sample_100_TCGA_LUAD
PIPET,Positive,Neg_ctrl_Sample_43,0.0788831356852953,103,2.01703333929878,Sample_100_TCGA_LUAD
PIPET,Positive,Neg_ctrl_Sample_44,0.0473490137777639,103,2.01703333929878,Sample_100_TCGA_LUAD
PIPET,Positive,Neg_ctrl_Sample_45,-0.0576233524672388,103,2.01703333929878,Sample_100_TCGA_LUAD
PIPET,Positive,Neg_ctrl_Sample_46,0.0341537480919497,103,2.01703333929878,Sample_100_TCGA_LUAD
PIPET,Positive,Neg_ctrl_Sample_47,0.0444399396804216,103,2.01703333929878,Sample_100_TCGA_LUAD
PIPET,Positive,Neg_ctrl_Sample_48,0.13925887206004,103,2.01703333929878,Sample_100_TCGA_LUAD
PIPET,Positive,Neg_ctrl_Sample_49,-0.0783830700077336,103,2.01703333929878,Sample_100_TCGA_LUAD
PIPET,Positive,Neg_ctrl_Sample_50,-0.0257972478960595,103,2.01703333929878,Sample_100_TCGA_LUAD
PIPET,Positive,Neg_ctrl_Sample_51,-0.137507402768219,103,2.01703333929878,Sample_100_TCGA_LUAD
PIPET,Positive,Neg_ctrl_Sample_52,-0.0209317292562467,103,2.01703333929878,Sample_100_TCGA_LUAD
PIPET,Positive,Neg_ctrl_Sample_53,-0.0212710275019099,103,2.01703333929878,Sample_100_TCGA_LUAD
PIPET,Positive,Neg_ctrl_Sample_54,-0.039148162169457,103,2.01703333929878,Sample_100_TCGA_LUAD
PIPET,Positive,Neg_ctrl_Sample_55,0.0759403201398429,103,2.01703333929878,Sample_100_TCGA_LUAD
PIPET,Positive,Neg_ctrl_Sample_56,0.113401719504021,103,2.01703333929878,Sample_100_TCGA_LUAD
PIPET,Positive,Neg_ctrl_Sample_57,0.0910054865394274,103,2.01703333929878,Sample_100_TCGA_LUAD
PIPET,Positive,Neg_ctrl_Sample_58,-0.0142599225401306,103,2.01703333929878,Sample_100_TCGA_LUAD
PIPET,Positive,Neg_ctrl_Sample_59,0.0211909563695842,103,2.01703333929878,Sample_100_TCGA_LUAD
PIPET,Positive,Neg_ctrl_Sample_60,0.126910266185087,103,2.01703333929878,Sample_100_TCGA_LUAD
PIPET,Positive,Neg_ctrl_Sample_61,-0.0933645170475637,103,2.01703333929878,Sample_100_TCGA_LUAD
PIPET,Positive,Neg_ctrl_Sample_62,0.12459669792048,103,2.01703333929878,Sample_100_TCGA_LUAD
PIPET,Positive,Neg_ctrl_Sample_63,0.103224193472175,103,2.01703333929878,Sample_100_TCGA_LUAD
PIPET,Positive,Neg_ctrl_Sample_64,0.00599580769411818,103,2.01703333929878,Sample_100_TCGA_LUAD
PIPET,Positive,Neg_ctrl_Sample_65,-0.114458486056125,103,2.01703333929878,Sample_100_TCGA_LUAD
PIPET,Positive,Neg_ctrl_Sample_66,0.0186239644356153,103,2.01703333929878,Sample_100_TCGA_LUAD
PIPET,Positive,Neg_ctrl_Sample_67,-0.0675308545461034,103,2.01703333929878,Sample_100_TCGA_LUAD
PIPET,Positive,Neg_ctrl_Sample_68,0.0554526164719786,103,2.01703333929878,Sample_100_TCGA_LUAD
PIPET,Positive,Neg_ctrl_Sample_69,-0.0629142597176531,103,2.01703333929878,Sample_100_TCGA_LUAD
PIPET,Positive,Neg_ctrl_Sample_70,0.0737003672620697,103,2.01703333929878,Sample_100_TCGA_LUAD
PIPET,Positive,Neg_ctrl_Sample_71,0.00674057195633988,103,2.01703333929878,Sample_100_TCGA_LUAD
PIPET,Positive,Neg_ctrl_Sample_72,0.0382585272691678,103,2.01703333929878,Sample_100_TCGA_LUAD
PIPET,Positive,Neg_ctrl_Sample_73,-0.0569146621205934,103,2.01703333929878,Sample_100_TCGA_LUAD
PIPET,Positive,Neg_ctrl_Sample_74,0.0024485813314606,103,2.01703333929878,Sample_100_TCGA_LUAD
PIPET,Positive,Neg_ctrl_Sample_75,-0.0629179650207607,103,2.01703333929878,Sample_100_TCGA_LUAD
PIPET,Positive,Neg_ctrl_Sample_76,-0.0197186576089959,103,2.01703333929878,Sample_100_TCGA_LUAD
PIPET,Positive,Neg_ctrl_Sample_77,0.0223280783244437,103,2.01703333929878,Sample_100_TCGA_LUAD
PIPET,Positive,Neg_ctrl_Sample_78,-0.0857193481114179,103,2.01703333929878,Sample_100_TCGA_LUAD
PIPET,Positive,Neg_ctrl_Sample_79,-0.117739051493806,103,2.01703333929878,Sample_100_TCGA_LUAD
PIPET,Positive,Neg_ctrl_Sample_80,0.0603753600203155,103,2.01703333929878,Sample_100_TCGA_LUAD
PIPET,Positive,Neg_ctrl_Sample_81,-0.0645064599843841,103,2.01703333929878,Sample_100_TCGA_LUAD
PIPET,Positive,Neg_ctrl_Sample_82,0.144775139941643,103,2.01703333929878,Sample_100_TCGA_LUAD
PIPET,Positive,Neg_ctrl_Sample_83,-0.145340288723637,103,2.01703333929878,Sample_100_TCGA_LUAD
PIPET,Positive,Neg_ctrl_Sample_84,-0.126623709140379,103,2.01703333929878,Sample_100_TCGA_LUAD
PIPET,Positive,Neg_ctrl_Sample_85,-0.0297043237706641,103,2.01703333929878,Sample_100_TCGA_LUAD
PIPET,Positive,Neg_ctrl_Sample_86,0.122842206568998,103,2.01703333929878,Sample_100_TCGA_LUAD
PIPET,Positive,Neg_ctrl_Sample_87,0.0816523791512941,103,2.01703333929878,Sample_100_TCGA_LUAD
PIPET,Positive,Neg_ctrl_Sample_88,-0.0323591484579261,103,2.01703333929878,Sample_100_TCGA_LUAD
PIPET,Positive,Neg_ctrl_Sample_89,-0.0714396289408451,103,2.01703333929878,Sample_100_TCGA_LUAD
PIPET,Positive,Neg_ctrl_Sample_90,0.00905685258685728,103,2.01703333929878,Sample_100_TCGA_LUAD
PIPET,Positive,Neg_ctrl_Sample_91,0.033066848823113,103,2.01703333929878,Sample_100_TCGA_LUAD
PIPET,Positive,Neg_ctrl_Sample_92,0.167826018331492,103,2.01703333929878,Sample_100_TCGA_LUAD
PIPET,Positive,Neg_ctrl_Sample_93,0.0876142723759285,103,2.01703333929878,Sample_100_TCGA_LUAD
PIPET,Positive,Neg_ctrl_Sample_94,0.0273811857815507,103,2.01703333929878,Sample_100_TCGA_LUAD
PIPET,Positive,Neg_ctrl_Sample_95,0.0531355494105097,103,2.01703333929878,Sample_100_TCGA_LUAD
PIPET,Positive,Neg_ctrl_Sample_96,-0.0396611215541326,103,2.01703333929878,Sample_100_TCGA_LUAD
PIPET,Positive,Neg_ctrl_Sample_97,-0.0827236336196083,103,2.01703333929878,Sample_100_TCGA_LUAD
PIPET,Positive,Neg_ctrl_Sample_98,-0.129819960370101,103,2.01703333929878,Sample_100_TCGA_LUAD
PIPET,Positive,Neg_ctrl_Sample_99,0.0126077273316057,103,2.01703333929878,Sample_100_TCGA_LUAD
PIPET,Positive,Neg_ctrl_Sample_100,-0.0863214951146679,103,2.01703333929878,Sample_100_TCGA_LUAD
