gene,logFC,logCPM,F,PValue,FDR
EPB41L3,2.10521916190213,4.36774562868304,66.9151828258608,1.02005024623298e-09,1.61647362520541e-05
IFFO2,1.29714342120598,2.8417751862778,57.7422214661802,5.56072588807196e-09,4.40604115741381e-05
AJUBA,1.52725821265309,1.75895164975762,51.7584428401722,1.86973123226552e-08,9.87654361257054e-05
PHYKPL,0.75219675816235,4.93813017082688,49.6024628320184,2.8998136560221e-08,0.000107348835750085
RUNX1,3.11152311941144,3.63750005264335,48.6040774312977,3.6568895961937e-08,0.000107348835750085
CDKN1A,4.14257704874207,4.64935008114736,48.1166778193736,4.06444762100403e-08,0.000107348835750085
TNC,4.14927964577033,5.31162116057266,46.0772608391665,6.35578256150869e-08,0.000143885837503183
THBS1,3.53360558305999,4.48862244052215,44.3890528687967,9.30775413943104e-08,0.000174409179234166
FLNB,1.13374141251483,6.35235856177342,44.0873699503159,9.90523514297657e-08,0.000174409179234166
GALNT6,2.73078203194595,0.126174997514428,41.372388246063,1.77154964711678e-07,0.000255801864668228
ACTN1,2.03507336478968,5.94889333925424,41.5606372631078,1.79224649080011e-07,0.000255801864668228
DEK,-0.901154025887921,6.37661189769076,41.1113302806136,1.97778013026124e-07,0.000255801864668228
SLC35F2,2.16285003408554,1.20472662472157,40.9552237969717,2.09845664206914e-07,0.000255801864668228
CYFIP1,0.70431532601384,5.45902647161738,40.0580567936963,2.54042770955676e-07,0.000287558270809614
FP565260.3,1.27434472147346,1.69528927688451,39.4717016956546,2.95876993843282e-07,0.000312584181428966
TNFRSF10B,1.19079438230077,4.29893506127561,38.7944948444487,3.49314906778062e-07,0.000345974582981997
COL12A1,2.03585581561625,5.93512848493888,38.2047800383953,4.0403302400625e-07,0.000376630078319238
HGF,2.49468374512701,1.87824007656907,37.7602717465055,4.55766561407534e-07,0.000397849179825146
TPM4,1.65916766283613,6.857945579659,37.5380291228532,4.77007283187845e-07,0.000397849179825146
NAB2,1.39821950002117,3.45394724703203,37.1555222829846,5.25288438734396e-07,0.000407518091118398
ICOSLG,1.34713925466182,2.50324345465423,37.0509247673754,5.40031546253951e-07,0.000407518091118398
LOXL2,2.25512209618961,3.80070483214223,36.372433159417,6.40604002938239e-07,0.000424683204621312
BTBD19,1.6870176576764,1.55529772807126,36.2778853961272,6.60515120024771e-07,0.000424683204621312
FGF18,2.80758723600443,0.602712345323373,36.1344960920898,6.71773143489092e-07,0.000424683204621312
DCLK1,2.92748861066396,4.31441238235607,36.1386705084145,6.80023740547815e-07,0.000424683204621312
CMKLR1,2.03138947234457,3.61827045568455,35.8438809049343,7.33183785900621e-07,0.000424683204621312
MYOF,2.30401601255929,5.16634274552007,35.8382872236812,7.33771565729789e-07,0.000424683204621312
SERPINI1,1.06174680807394,2.51966580334256,35.6149088078186,7.75177511696502e-07,0.000424683204621312
KLHL29,1.21313904063277,3.06829441615656,35.5229148528818,7.96208249365514e-07,0.000424683204621312
CCN2,3.05113991218878,6.15673313487964,35.4828855968688,8.03968961862773e-07,0.000424683204621312
FAM225A,2.23025303813606,1.32654539606143,34.9009409866876,9.45023525448053e-07,0.000467312372928631
SETBP1,-1.02777050718571,4.63209880660544,34.7746645074294,9.6586785789807e-07,0.000467312372928631
TEF,-0.891734359046178,5.56629749770513,34.7458759890656,9.73137395509864e-07,0.000467312372928631
PAMR1,3.08994626307687,3.148078222246,34.6391684138805,1.00516130196854e-06,0.000468493857420452
SRSF12,2.30671895041037,-1.69124939929053,32.9867650408138,1.04959769847501e-06,0.000475227849363816
SLC2A3,1.72304262171651,3.46876797386848,34.1298641659888,1.14408749862709e-06,0.000488262872381637
GDF15,3.87687650752288,-1.32068025701116,31.3348095658632,1.25707416296543e-06,0.000488262872381637
CEP170B,1.16707934530135,3.61970770857794,33.7320414358992,1.27024876901485e-06,0.000488262872381637
AKAP12,1.31989235744561,5.03577671218412,33.5717502490529,1.32510273510421e-06,0.000488262872381637
FOSL1,3.71543586847905,-0.388396952637634,32.101381295958,1.33108642562584e-06,0.000488262872381637
SRPX2,2.70569153010639,2.26507066491193,33.504269112738,1.3589687893741e-06,0.000488262872381637
SEMA7A,1.1742197363527,1.08035291408845,33.4089753120759,1.38284935654721e-06,0.000488262872381637
EMP1,2.00796212671819,6.57395863569828,33.4058397273883,1.38475753432837e-06,0.000488262872381637
AP002026.1,2.14364565828364,0.239455466450526,33.2867953775474,1.43442593588288e-06,0.000488262872381637
ITGA3,1.62386717221929,4.25630527332214,33.2739107289591,1.43449366596286e-06,0.000488262872381637
GPR161,1.37249073888745,2.20561090716767,33.1257508783307,1.49543451884308e-06,0.000488262872381637
IL4R,2.23106800888409,4.2217007698627,33.0386008223466,1.52776606478159e-06,0.000488262872381637
NFKB2,1.47748454095525,4.22577123021826,33.0090239177264,1.53960926137475e-06,0.000488262872381637
AC108488.1,-0.850625582343131,1.1186376402094,32.8753363284231,1.58953942395627e-06,0.000488262872381637
COMP,10.0999270844328,5.74669942706475,31.2236446966008,1.62364629081133e-06,0.000488262872381637
CORO1C,1.09420741429279,5.44815129383606,32.770234628419,1.64111007605391e-06,0.000488262872381637
ARHGEF2,1.10091660793756,5.17973093619131,32.7116888442116,1.66714396392056e-06,0.000488262872381637
SERP2,1.91769027079319,0.401011519080654,32.7046920318361,1.68926567966742e-06,0.000488262872381637
AC147651.4,1.94907305946414,-0.34271983109861,32.5961876533088,1.69949146421735e-06,0.000488262872381637
NAP1L5,0.732521687044634,1.71919903213609,32.5630590207452,1.72541937611988e-06,0.000488262872381637
CREB3L2,0.747675620759629,4.46536365018554,32.3630092672193,1.82194535823407e-06,0.000497799449860953
OSMR,1.68443331722882,3.84828978711976,32.1776771519976,1.92606422019326e-06,0.000500730174862857
F2R,1.53133687053443,3.77547720540936,32.1772569966141,1.92620716010099e-06,0.000500730174862857
WDR91,0.808016956134887,3.59019070509909,32.1469955985014,1.93359937287559e-06,0.000500730174862857
CCND2,1.9449081021024,3.01999985737925,32.0600368885493,1.99066075701142e-06,0.000500730174862857
GEM,2.96110830483814,2.86548829995741,31.9561000573941,2.05509619599361e-06,0.000501302827127117
LGI2,3.14318736149312,0.955918392518224,31.8751783492659,2.06932671105907e-06,0.000501302827127117
BOC,1.37790560159035,3.81554514398932,31.8803990610876,2.087839123518e-06,0.000501302827127117
AVPI1,1.86150731843006,2.103169797938,31.8219518920594,2.12931887133131e-06,0.000503631584387871
TUBB6,2.34127732342896,5.36950567525173,31.6574902079447,2.21840227367863e-06,0.000511594149103852
HOTAIR,2.21362631729689,1.02455282269993,31.5866516924507,2.28520100385532e-06,0.000511594149103852
FAM225B,2.14292300163873,1.32582594447168,31.5784922763537,2.28831511307214e-06,0.000511594149103852
F13A1,3.54552562609418,5.52128276157509,31.5382786092145,2.29244738140571e-06,0.000511594149103852
NPNT,2.28727714698803,3.60181362157723,31.4589698690284,2.34399796134291e-06,0.000511594149103852
AC025171.5,3.07749049929064,-1.51510677398621,29.6701840128366,2.35668409696354e-06,0.000511594149103852
GPRC5A,4.09477863647322,0.801974171633253,30.8255477965375,2.42797604816688e-06,0.000519947789666224
MYH9,1.37966138864921,8.80716354191511,31.1715863578935,2.52394262211284e-06,0.000523089954107078
PFKP,1.62025213349978,4.31161666370361,31.1715984331704,2.53479788643593e-06,0.000523089954107078
CMTM7,2.90577125175226,1.77276648638103,31.1498478488948,2.57313327497705e-06,0.000523089954107078
CILP,2.06549268746147,6.40592864825072,31.0599950747194,2.6135700996881e-06,0.000523089954107078
MIR34AHG,2.58238017980239,1.49813232814773,31.0779972364333,2.62504787769367e-06,0.000523089954107078
YEATS2,0.698665746983448,3.77336871314264,30.9361626009239,2.68425027070632e-06,0.000523089954107078
MSN,1.04215664198308,7.09763936427107,30.9404290475368,2.69217808303193e-06,0.000523089954107078
PLXNB2,2.16415592013743,5.19946775986554,30.9333246351151,2.70671901538338e-06,0.000523089954107078
DGKI,4.48482550261719,-1.64267369796137,28.989760145163,2.77675693912121e-06,0.000530159845954866
HAND2,3.70633852968522,-0.838532988192149,28.9907949338656,2.94350181317169e-06,0.00053954015994852
CDKN2A,6.08711827123896,-0.403724477602098,29.1331623420094,2.95422998819496e-06,0.00053954015994852
HAS3,-1.15630107880344,1.05547511544029,30.6274666380524,2.96046985614707e-06,0.00053954015994852
MFSD2A,4.69906685676147,-1.21761702013964,28.5126976794056,2.96207445671239e-06,0.00053954015994852
CNTNAP1,0.946910542394408,3.23627141148729,30.3221520200053,3.20792165176724e-06,0.000577681072904039
ABCC3,3.75496589493918,0.682834125211168,29.9314378361572,3.25270068228103e-06,0.00057916345743941
DACT1,1.95986800960955,2.50396777045936,30.2317700292243,3.29752046593613e-06,0.00057941203195697
DYRK3,1.3503520768248,0.841239167765124,30.1652067061074,3.37349483854271e-06,0.00057941203195697
TGFBI,2.20170429022194,6.08114357359534,30.1264776000183,3.38740935330981e-06,0.00057941203195697
AHNAK2,3.37456633750787,3.95132051260634,30.1200291178516,3.40034826604393e-06,0.00057941203195697
ABCA7,1.18589525828838,3.82950610421282,29.9295249461418,3.58024990117119e-06,0.000601681921062835
EFEMP1,3.16973864693323,5.65340129543025,29.8934426216009,3.61670351989669e-06,0.000601681921062835
LACC1,1.36803609791675,1.2111060998395,29.8886004099455,3.64494632561571e-06,0.000601681921062835
ACTN4,1.18763725735771,7.22912713368535,29.7567909029319,3.75775066746585e-06,0.000601763996932392
NR1D2,-1.13936360611676,6.21933497365821,29.716232053799,3.80092362923334e-06,0.000601763996932392
RRBP1,1.56137059804455,5.66219876740075,29.7063980201183,3.8115530639129e-06,0.000601763996932392
PTGS1,1.83970292775542,2.65759135066523,29.7039572240115,3.82085830257954e-06,0.000601763996932392
ADAMTS4,1.63003347605989,1.07821669825834,29.6082434213144,3.9516270017064e-06,0.000601763996932392
PNPLA3,3.96479996069795,-1.16509505030585,27.673325666358,3.95495825780496e-06,0.000601763996932392
CCL2,2.26390792438318,2.47710470541392,29.567194864327,3.97802320913242e-06,0.000601763996932392
COL8A2,4.12018711885116,2.56002103811443,29.5635542629941,3.99424102260494e-06,0.000601763996932392
LZTR1,0.790344514681117,5.05672845360946,29.5076207819167,4.02517723700597e-06,0.000601763996932392
SERPINE1,2.89526512445205,2.73096400796445,29.3854954017289,4.19338313506954e-06,0.000616338143033127
CD163,2.99109828740934,4.27543327310967,29.3651425931573,4.20044926153705e-06,0.000616338143033127
IL1R1,1.11925354539279,4.89489026799308,29.2261065681344,4.36625902060907e-06,0.000619044403300133
HAPLN3,2.23994654910158,2.81643131642768,29.1979469261651,4.41114606786234e-06,0.000619044403300133
SARDH,1.78741346495353,0.196022668490987,29.2014617847847,4.4415100777304e-06,0.000619044403300133
CSRP1,1.96648248384889,6.97109657486724,29.154187897597,4.45630619073453e-06,0.000619044403300133
TUBA1B,1.12104952968571,5.61900730353015,29.1466137031276,4.4659179892958e-06,0.000619044403300133
AC008105.3,2.18238824545518,1.58333630992207,29.1604978220818,4.48140360467438e-06,0.000619044403300133
CNTN3,3.12997064034051,-0.798799772778853,28.1437804401927,4.49233964659022e-06,0.000619044403300133
SYNGAP1,1.56453079689387,2.65593563469986,29.0730888968172,4.56653294424149e-06,0.000619869525411426
PPP1R13L,1.12908095383622,2.93445584408413,29.0396171742331,4.60682373044815e-06,0.000619869525411426
SLC37A2,2.58348380400982,1.91483326438149,29.0530949250072,4.6200372334714e-06,0.000619869525411426
TMEM176B,3.07877657574305,3.81791283332789,29.0063919138284,4.65479103451503e-06,0.000619869525411426
CDCP1,2.17839868642361,-1.01761749938801,28.5312096775793,4.76693685714874e-06,0.000624527101415525
ADGRL3,2.32265701875877,2.43413643893335,28.9296382326666,4.76858580622696e-06,0.000624527101415525
MSR1,2.5029239516321,1.92566167469785,28.8385669826026,4.90957520497107e-06,0.000630866969034738
CNKSR3,1.10943732694773,2.02769906587315,28.8144736954824,4.91891338562593e-06,0.000630866969034738
SERPINF2,2.63058002254495,0.329052256536899,28.7473102357128,4.93642356031473e-06,0.000630866969034738
C17orf82,3.03336985263947,-1.56702642668949,27.2024408635382,5.0544471100326e-06,0.000640782586821492
PTGIR,2.64729308445485,1.71090808612825,28.7089758573567,5.10150837258314e-06,0.000641615898256548
RGS6,1.48465261420724,1.55971404939506,28.5413024292176,5.33366541402765e-06,0.000663531539102448
ABHD17B,-0.613259439204358,3.2182007898468,28.4856811566864,5.35950255601145e-06,0.000663531539102448
SYNE3,2.00290049281384,4.6459642151878,28.4700279100105,5.4199230062457e-06,0.000665271883257211
ANXA1,2.3076867381949,6.66547453539617,28.4455461301164,5.45752160178188e-06,0.000665271883257211
CCL26,3.60553872782293,-1.72366192549282,26.5297618000274,5.5831567598186e-06,0.000673719843336449
KLF9,-1.03336557717764,6.49141010151484,28.30224895629,5.68740967413819e-06,0.000673719843336449
COL4A2,1.25529613286647,7.53743366411414,28.2416923379349,5.78764244977613e-06,0.000673719843336449
CRMP1,1.99507489066945,1.78933938144586,28.2341378176423,5.83124153749055e-06,0.000673719843336449
SRC,2.31683711240514,2.43793641488592,28.2086972947198,5.86414660939244e-06,0.000673719843336449
HSF2,-1.29932330613584,5.22403468281803,28.170241849841,5.90832297076203e-06,0.000673719843336449
AZIN2,1.30432889419659,2.10337508791152,28.1761564446959,5.90992234328037e-06,0.000673719843336449
MYADM,1.54501721952734,6.04792611845359,28.1500485280926,5.94290607763052e-06,0.000673719843336449
PHLDA1,2.16769792670261,2.88128038053703,28.1098257092937,6.02319717694549e-06,0.000673719843336449
LRRC37A3,0.811447810019963,2.71541253476075,28.0633586435418,6.06191502303448e-06,0.000673719843336449
KYNU,3.57135891584896,-0.384009634296629,27.1491295612505,6.07098099935616e-06,0.000673719843336449
UAP1L1,2.04319019997559,2.99587547657266,28.0297737319694,6.16153413518558e-06,0.000673719843336449
C1QA,3.53073743924429,4.83581686868126,28.0266651426646,6.16308797293972e-06,0.000673719843336449
PRG4,5.36097369115677,4.89592221359542,28.0289718940697,6.18814635339649e-06,0.000673719843336449
SLC23A3,1.86512591633856,-1.08329258274371,27.7104055311455,6.30054679369012e-06,0.000673719843336449
BDKRB2,3.49629872276834,2.36507301109949,27.9626350211136,6.32277488777167e-06,0.000673719843336449
ENO2,1.95883938652164,3.49983119167536,27.922908147082,6.35049620278129e-06,0.000673719843336449
WWC3,0.619323092027994,4.433930782927,27.8703514030574,6.40238909213936e-06,0.000673719843336449
FAM20A,2.31702692739081,2.92438368808414,27.8997393520416,6.40264042312132e-06,0.000673719843336449
RAI14,1.56947282972863,2.88525870709954,27.8644606067906,6.46147379215942e-06,0.000673719843336449
MCAM,1.84489090718713,7.03009069622531,27.8452224072007,6.49180921046539e-06,0.000673719843336449
TUBA1A,1.80085059298895,7.11006134908893,27.8195581654136,6.54040903753927e-06,0.000673719843336449
AC005034.4,-0.667181974251116,1.96391501180421,27.7868748772159,6.56546434882922e-06,0.000673719843336449
SVEP1,1.63201474085277,4.88722943537369,27.7883525048961,6.60025977996868e-06,0.000673719843336449
PHOSPHO1,2.2192491044535,2.63051358057781,27.7805947032095,6.6321887777173e-06,0.000673719843336449
CDCA7L,-1.08210796477769,1.44672401563362,27.6621732354757,6.86300817418203e-06,0.000688862024523994
MAN2B2,1.67262103071922,3.91979396144488,27.6091493088627,6.95505738973982e-06,0.000688862024523994
ADAMTS2,4.11387020145229,4.44125835991235,27.6127966477249,6.96298623560356e-06,0.000688862024523994
MYC,1.86174840246855,3.33598358756686,27.5883538594854,7.00016113673493e-06,0.000688862024523994
TRPV2,1.38206104757031,3.03669080465407,27.5698468707561,7.03825216653304e-06,0.000688862024523994
LHFPL2,1.66673933644352,3.42086947283076,27.567342094433,7.04206777136916e-06,0.000688862024523994
B3GNT9,1.90744072540937,1.50558626438276,27.5171349817954,7.18716058349118e-06,0.000698741924948373
HOXA9,-0.780241418463584,3.28995566477406,27.4426013601439,7.301683720019e-06,0.000704539872900034
PDLIM4,1.92519514906844,3.00214163321799,27.42196405472,7.35291265429042e-06,0.000704539872900034
NFKBID,2.49309469828005,1.10248221529043,27.4221096056555,7.40115061530941e-06,0.000704539872900034
LOXL3,1.81181384978129,2.23341902839651,27.3940777292095,7.4246329762293e-06,0.000704539872900034
MEDAG,2.68303155155736,4.01784747518989,27.3194548677698,7.57337050190728e-06,0.000714376204426932
TUBA1C,1.16657192046889,5.90246863812662,27.2770366458191,7.66314716612184e-06,0.000718370009769158
LPIN2,1.39167396368437,3.35480235589566,27.2004589554,7.83994517826555e-06,0.000718370009769158
LNPK,-0.875222590622091,5.22329580078767,27.1955559947238,7.84865284523897e-06,0.000718370009769158
ZNF148,-0.687704462330716,4.60305121388868,27.1772300798055,7.88120540241661e-06,0.000718370009769158
ARHGEF10,0.913495182636297,4.26043744254578,27.1714967635608,7.904610756915e-06,0.000718370009769158
VWA1,1.54789423417712,4.12128858873652,27.1709909671675,7.90673626809191e-06,0.000718370009769158
PTGFRN,2.2511248545734,4.18549042040831,27.1334768242145,7.99550185568269e-06,0.000718370009769158
PLK3,1.65880254788409,2.66797007804722,27.1156739034462,8.04591712933819e-06,0.000718370009769158
MAST3,1.650836635736,2.72482072640329,27.0774864636822,8.1359757440556e-06,0.000718370009769158
TNXB,2.12106277323983,7.94038708268799,27.048412679759,8.195778119722e-06,0.000718370009769158
CD163L1,2.58490751505534,1.5297386158566,27.0618657383335,8.22714805034927e-06,0.000718370009769158
MYO1D,1.83686150404911,4.13617263225914,27.0360618769706,8.22716597076743e-06,0.000718370009769158
LRP1,1.78738249033002,7.73753497976697,27.030716946115,8.23860607556311e-06,0.000718370009769158
CBX6,1.12031899726548,4.51209657194236,27.0242777659665,8.2545378689615e-06,0.000718370009769158
AC245100.4,2.20239000612529,-1.97709818747326,25.8700897694337,8.30346933940136e-06,0.000718370009769158
PLVAP,2.72553319027969,5.81925750549587,26.9889522808737,8.3410160785969e-06,0.000718370009769158
XG,2.68265736464387,2.50396848550663,26.9361631433734,8.50915490314312e-06,0.00072464386063623
CDC14B,1.56626329301758,2.94373945346656,26.8593449572971,8.67282972461848e-06,0.00072464386063623
SHROOM1,1.13266339279824,2.47626069895164,26.8178503341712,8.78113504318091e-06,0.00072464386063623
SPATA2L,2.42029130276513,0.77290755270914,26.8200145923757,8.81853739239551e-06,0.00072464386063623
AC009506.2,-0.75453697942841,1.68213189139017,26.7514963646139,8.90342049191457e-06,0.00072464386063623
KIAA0895L,1.06497106111778,3.60319916411715,26.716829530892,9.04038197338848e-06,0.00072464386063623
PLEKHO2,1.90892315717501,3.89747632538462,26.6831272214799,9.13219339432979e-06,0.00072464386063623
FNDC1,3.76516565539806,5.22428311131695,26.683680146579,9.13285944465578e-06,0.00072464386063623
RAB31,1.8515432803454,4.28956452808727,26.677145463812,9.14726846577174e-06,0.00072464386063623
BAIAP2-DT,2.11749011964302,1.8874859543698,26.691533567376,9.15217928828648e-06,0.00072464386063623
TPBG,1.54222503589664,2.53425219320445,26.6720847765054,9.17203246477742e-06,0.00072464386063623
PLEKHG2,1.16910671807955,4.25780402020465,26.6671594057457,9.17349031798357e-06,0.00072464386063623
RTL5,1.4089918893964,1.98920129387494,26.6731284535609,9.17895914004387e-06,0.00072464386063623
MC1R,1.92707745144595,0.910808786412247,26.6674864894412,9.25320532508334e-06,0.00072464386063623
TIMP1,3.36375624209296,5.39949691915533,26.6224484310681,9.29753650705481e-06,0.00072464386063623
TAGLN,2.65606348917168,7.72926609700012,26.6186145170518,9.3059715542038e-06,0.00072464386063623
CDR2L,1.33636467512486,2.63131827424367,26.6063431978531,9.34877921000331e-06,0.00072464386063623
VAMP1,0.893524044881162,3.38835146515002,26.6034994634481,9.34946930880093e-06,0.00072464386063623
PTPRE,1.63948254916156,2.84680451160173,26.6051138200141,9.35246672790127e-06,0.00072464386063623
LINC02035,-1.14264127011284,4.45911695676208,26.5958067644343,9.36919279046047e-06,0.00072464386063623
MGAT5,1.13216307537947,3.59956554942815,26.5945484018128,9.37413967504431e-06,0.00072464386063623
PPP1R18,1.87800500246291,4.50212106258005,26.5665565241833,9.45206760045447e-06,0.000727120947885446
CCL13,4.74508471835034,1.23176571347341,26.0398745335393,9.53698874047094e-06,0.000727201390816532
SERPINH1,1.84960725380341,5.68339226916244,26.5192123420844,9.5849055697602e-06,0.000727201390816532
CKMT2-AS1,1.43865119788921,1.03803594925011,26.5123744840995,9.6710632050874e-06,0.000727201390816532
PTPRH,5.00125309824643,-1.20451682405149,25.0518541649157,9.70505860424909e-06,0.000727201390816532
FLNA,1.9204091875072,8.75004793182101,26.474805718853,9.71208706308029e-06,0.000727201390816532
ADAP2,1.91501084099329,2.13813925993468,26.4797088396138,9.72844669988672e-06,0.000727201390816532
RBP5,3.40399683434736,-0.031642624735148,25.9734707134079,9.81894671367221e-06,0.000728972492376384
KIFC2,1.23706746254764,2.35049745458496,26.3948028515995,9.95863262037798e-06,0.000728972492376384
VASP,1.41435805272623,4.65797395127064,26.3649061000894,1.00354132645113e-05,0.000728972492376384
FAM107B,1.88984569818451,3.82414205989507,26.3589784654558,1.00557294487343e-05,0.000728972492376384
XRN1,-0.781218635487037,4.87962772602924,26.3571427060612,1.00583264852226e-05,0.000728972492376384
CLIC1,2.3779252576314,5.6690767008351,26.3519565072664,1.00741971045755e-05,0.000728972492376384
RGL1,1.91829875306167,3.58044823627879,26.3533131449487,1.00743266793269e-05,0.000728972492376384
SPTAN1,1.0120355532038,7.00297449868651,26.3320620434051,1.01337844355581e-05,0.000728972492376384
TTC7A,1.77086487223774,3.8064332558452,26.3222496736223,1.01661463251834e-05,0.000728972492376384
CA12,6.21988466023336,1.19335170216123,24.7761370188422,1.03149700778351e-05,0.000736312301006541
TDO2,4.72968238029129,-0.0235873673816043,24.8602296725491,1.04521121763937e-05,0.000742756150938615
PNP,1.43035556100553,2.57389454836213,26.1839114301305,1.06040586243779e-05,0.000748129117386671
ADAM12,5.61745226550126,2.12467581459519,25.7116544145852,1.06221399262953e-05,0.000748129117386671
SDC3,0.866827405991551,4.53593436847863,26.1539168066981,1.06876387097716e-05,0.000749411551476775
COL14A1,3.49875272315559,5.97083846282977,26.0801097646026,1.09276761535953e-05,0.000755921315788018
NDRG1,1.25476841206022,6.31749348022954,26.0739138042284,1.09463736247308e-05,0.000755921315788018
HDC,3.55125559191899,1.60270354971125,26.0591066632723,1.09909536482949e-05,0.000755921315788018
KLHL4,2.52106468969104,0.0665855160132637,25.9676936958116,1.10765295290997e-05,0.000755921315788018
CD14,3.18810118327957,4.76985191683709,25.995277445769,1.12123698394393e-05,0.000755921315788018
ARHGEF17,0.926646785305344,5.48836969489164,25.9827875743988,1.12494510783559e-05,0.000755921315788018
STAT6,1.79740296529885,5.786983629079,25.9774778822338,1.12675783394306e-05,0.000755921315788018
CELSR1,3.46934906230135,0.563520164774019,25.7806890973983,1.12773102548523e-05,0.000755921315788018
MICAL1,1.831856271047,4.59378236306691,25.9666779605158,1.13049588492312e-05,0.000755921315788018
VGLL3,1.42718430923112,3.54649932589307,25.9597144143089,1.133023566459e-05,0.000755921315788018
NEDD1,-1.49173971426561,5.28558232919175,25.9306234646467,1.14269243597149e-05,0.000755921315788018
SEPTIN5,1.86183750306179,3.61479555800009,25.9246162066101,1.14519112163165e-05,0.000755921315788018
SLC22A18,2.54748017227998,1.85448335639254,25.9257894570266,1.15172439330342e-05,0.000755921315788018
HRH1,2.40661684223856,2.2994434340237,25.9155375252008,1.15250957663443e-05,0.000755921315788018
TMEM140,0.80930626226309,4.50039899510085,25.8999248740097,1.15329782079399e-05,0.000755921315788018
PLXNA3,1.28543515856779,3.6530536877891,25.897009916339,1.15448567152988e-05,0.000755921315788018
PEA15,0.923259444002215,6.28622145606823,25.8750947002844,1.16190933210072e-05,0.000755921315788018
DSEL,1.33430302010944,1.94305545204718,25.8770348806119,1.16390989494716e-05,0.000755921315788018
CYP27B1,1.99057054759726,-2.22441237388771,24.693604782096,1.16870872085471e-05,0.000755939881607532
FAT1,1.79751578037237,4.29052704873737,25.8298053353435,1.17800929284607e-05,0.000758858262753321
GALNT10,1.14726687980383,4.07725596704684,25.8136757082784,1.18363168446111e-05,0.000759393170188468
PIEZO1,1.90601193240905,5.03538675108526,25.7740285824372,1.19782265280847e-05,0.000762514825816399
RAB20,1.71977028372235,1.05941560308204,25.7799796214866,1.20447150061088e-05,0.000762514825816399
PNMA1,1.32628410098482,3.97930575431779,25.7550502897045,1.20478217043403e-05,0.000762514825816399
ICAM1,1.40894011522311,3.18670874277542,25.7384898848356,1.21114896404195e-05,0.000762514825816399
KCTD10,0.881821666894564,4.86292167969126,25.7333492363048,1.21255591661345e-05,0.000762514825816399
C3,2.69886060743948,7.65428650915755,25.6744714218016,1.23424213140237e-05,0.000772082384118315
PPP1R3G,1.95561993406297,0.828369259708619,25.6662753834427,1.24788170554311e-05,0.000772082384118315
DAB2,1.5135560708535,5.45978699469936,25.6306741978908,1.25068014765169e-05,0.000772082384118315
PAPLN,2.0364605670462,2.98356136761512,25.6279724854037,1.25316880469842e-05,0.000772082384118315
CMTM3,2.61458628051825,4.08902770137121,25.6246161659698,1.25357348253613e-05,0.000772082384118315
AEBP1,3.57833889962117,6.70164491780594,25.6140116998434,1.2570029349563e-05,0.000772082384118315
SOCS3,2.77845888181943,2.79562908640683,25.5755075747924,1.27594917818011e-05,0.000775437345513009
P2RX7,2.18257468540634,1.30651138746694,25.5882032108425,1.27611859109105e-05,0.000775437345513009
SPON1,5.38672901435528,2.92557620183445,25.4983397056655,1.27714486766514e-05,0.000775437345513009
H6PD,-0.623678526524684,6.53758241450269,25.4818207057567,1.30056799112857e-05,0.000784664085683926
PCGF6,-0.674710048669605,2.90960360229032,25.4694364483879,1.30619737116578e-05,0.000784664085683926
ABI3BP,1.94036996469302,5.05023546084032,25.4610794436247,1.31649046699335e-05,0.000784664085683926
GXYLT2,2.91191228059687,1.28803508218058,25.4711480305979,1.31910233414552e-05,0.000784664085683926
AC110995.1,3.66677685952165,-1.79829806428361,23.9027714735877,1.32340202128655e-05,0.000784664085683926
TMEM176A,2.99988652762654,3.19708500801457,25.4513027364842,1.32379837546286e-05,0.000784664085683926
DPT,2.37776171377034,6.57461324716175,25.4276911199023,1.32982072687489e-05,0.000784664085683926
LIF,3.18193452027291,0.0356450542385714,25.1388308989934,1.33195329746309e-05,0.000784664085683926
LTBP2,1.17803539534303,5.83464357585779,25.3900777143904,1.34504972589152e-05,0.000786977549192619
MCUR1,-0.641128709565736,4.35586445566959,25.3796929262762,1.34581255651669e-05,0.000786977549192619
VCAN,2.50878105606426,5.17440423230861,25.3751453989699,1.35130884187635e-05,0.00078726474979312
KIFC1,2.43546355404865,-1.09244770091261,24.8646034439834,1.35818004036128e-05,0.00078726474979312
KCNK6,2.04008412848502,2.27371322710939,25.3601656043365,1.36120743007077e-05,0.00078726474979312
DNM1,3.17191792724602,4.19509463546093,25.3388131456962,1.36736900744905e-05,0.000787952605856187
MVP,1.74628696450755,5.89910698699497,25.3085071862775,1.37876225972874e-05,0.000791639330794251
NR3C2,-1.06860589679729,4.23019716857905,25.2941824588624,1.38475182242088e-05,0.000792208019130096
PLEKHA7,1.11929910987478,2.27956878812345,25.2839834758282,1.3906720269773e-05,0.000792733079550695
KIAA0556,0.949943687069439,2.73666572633408,25.2533125451577,1.40287137892809e-05,0.000793375255711027
PLAU,1.44224314140044,4.2092125355855,25.2354352529147,1.40984182291037e-05,0.000793375255711027
LAMA4,1.30845296583005,5.95615651737558,25.2245257544372,1.41435859068472e-05,0.000793375255711027
COL6A1,2.06086178923024,8.52700172868605,25.2105823349076,1.42036498614682e-05,0.000793375255711027
CSF1R,2.5119700780929,4.65736242551317,25.2107394018829,1.42055380335504e-05,0.000793375255711027
FIBIN,1.8480991049167,2.76050187470941,25.2114071317669,1.42183739901516e-05,0.000793375255711027
MASP1,-1.46657883065035,4.81295570869812,25.1723971069695,1.43695898770934e-05,0.000798999616779997
DYNLL1,1.32588176623005,5.29963682999371,25.1384219232486,1.45191610722043e-05,0.000802044832245557
CNN2,2.56268928718334,3.93300626049238,25.111193505492,1.46480801153153e-05,0.000802044832245557
COLGALT1,1.24065652113417,5.07098788814263,25.1030616853598,1.4676345135313e-05,0.000802044832245557
CCND1,1.20974540465558,4.37422200144838,25.0990208327152,1.46947906010262e-05,0.000802044832245557
NCS1,2.87502422895389,2.92759600047374,25.0886820714368,1.47866219350393e-05,0.000802044832245557
NRP2,1.39974244236311,3.41934488424143,25.0712277433374,1.48231244191513e-05,0.000802044832245557
CLSTN3,2.17364841597828,3.53506639280626,25.0412563322937,1.49638940922971e-05,0.000802044832245557
KANK2,1.29053674708373,6.10702724956313,25.0337452975037,1.49894325466453e-05,0.000802044832245557
TSNAXIP1,1.84497331079809,-0.567455092454001,24.9850490242203,1.50197016373464e-05,0.000802044832245557
SLC17A9,2.27005466990733,1.02012343074551,25.047476334897,1.503965260661e-05,0.000802044832245557
CLCF1,2.28941947581619,0.813998530643378,25.0281434511391,1.51189199552832e-05,0.000802044832245557
MMP19,2.9705992601586,2.00544674807595,25.0268744339064,1.51206428501507e-05,0.000802044832245557
NPHP4,1.26138124207111,2.21124520311562,25.0020818151135,1.51559424014044e-05,0.000802044832245557
SHOX2,2.06420443152405,2.34457369591541,25.0003166962711,1.51835331402579e-05,0.000802044832245557
RGS16,1.39269231493097,1.59642087640254,24.9643202455685,1.53630546451943e-05,0.000806652258942045
PKD2,1.06902844844468,4.43589284829613,24.9430069554098,1.54108442764641e-05,0.000806652258942045
ARPC1B,2.27800826871003,4.8840161489703,24.9406031143372,1.54234640284874e-05,0.000806652258942045
PSTPIP1,3.02583443185406,1.75009675282263,24.9257050862384,1.55956572296932e-05,0.000811734509755882
HABP4,0.750375907821492,3.65575463737279,24.8882885191858,1.5651878143481e-05,0.000811734509755882
TP53I11,1.30409614028668,4.48118920694759,24.8875760859827,1.56743080700006e-05,0.000811734509755882
CLIP2,1.21869501562081,2.80666092341783,24.8126652373245,1.60473672542209e-05,0.000825865962859619
ATP8B4,2.19612601393829,2.28944897883254,24.8201416520263,1.60514114066235e-05,0.000825865962859619
KIFC3,1.5448779675872,3.74461143091144,24.7964390692693,1.61201155551936e-05,0.000826716735285283
GPR153,2.41734460270138,2.09881557075952,24.7465577008911,1.64402637568034e-05,0.000837713375414995
FJX1,1.66756439113529,0.26726482900637,24.727025270915,1.66204249864336e-05,0.000840344697201139
SLC7A4,2.97239619951089,-1.58602566646224,23.5490922128644,1.6658806888239e-05,0.000840344697201139
CMIP,1.79980824603566,3.31356960101891,24.6813715358023,1.67040184021177e-05,0.000840344697201139
IRF5,2.8848160610768,1.83001743043983,24.6693577109377,1.68703634239348e-05,0.000841512998219731
POGLUT1,0.691518831974763,2.57413946082034,24.6119603953513,1.69697567984688e-05,0.000841512998219731
MGP,2.85706303279478,6.98874459209833,24.6261773302157,1.69812355528363e-05,0.000841512998219731
PPP6C,-1.02889810496942,6.39321298366455,24.6072175659798,1.70801600408701e-05,0.000841512998219731
PTGFR,2.44794978947765,2.76403378291279,24.5979105498439,1.71699877241966e-05,0.000841512998219731
TNFAIP6,2.81807638095685,1.33871671779297,24.6060338436507,1.71878330907529e-05,0.000841512998219731
ENSG00000261295,2.17573476873803,-0.808261546485996,24.387484566243,1.71919452909885e-05,0.000841512998219731
PRRX2,4.48292955473767,1.51021999545662,24.3875129243878,1.72317114430869e-05,0.000841512998219731
GLIPR2,2.43739917666663,4.18742175330711,24.5773433125918,1.72434207538449e-05,0.000841512998219731
ACOT7,1.64772870375717,1.64312311379638,24.5802271290162,1.72903805910195e-05,0.000841512998219731
ZYX,1.26940507205669,6.11814344657204,24.5634805690291,1.73113672884226e-05,0.000841512998219731
SCPEP1,1.02758656934493,4.43606605636207,24.5309955435448,1.7485759690789e-05,0.000843662153300072
PGAP4,-0.719061557238425,2.82179611907497,24.5168939120275,1.7513378065716e-05,0.000843662153300072
ANXA2,2.10581027447457,7.74048801812495,24.525411588802,1.7515293016705e-05,0.000843662153300072
SLC25A22,1.82595507950151,1.18129440185914,24.5178165180713,1.7672570181064e-05,0.0008484416880534
ORAI2,1.95659953984955,2.85028357149676,24.4852344386421,1.7754953581813e-05,0.0008484416880534
C11orf96,2.56052692440149,3.93240240370424,24.4793574213893,1.77751398014595e-05,0.0008484416880534
MFAP4,2.39520494957079,6.41134329509138,24.4515656345006,1.79184667211573e-05,0.000849778077706515
MICALL2,1.86746644284196,3.08510453665197,24.4510863409449,1.79342751775276e-05,0.000849778077706515
AFAP1,1.25626352899959,3.35920225689002,24.4440633070323,1.79640093413064e-05,0.000849778077706515
CEP85L,-1.2316272459822,4.14045155733269,24.4218856612683,1.80829281732072e-05,0.000851078038667019
KIRREL1,1.32463962875977,4.41773179186365,24.3967905184685,1.82242381503215e-05,0.000851078038667019
CPT1A,1.00509548193305,4.45302884481414,24.3947371751367,1.82352406101924e-05,0.000851078038667019
HOXD9,2.47649470596996,0.780025507962606,24.4049233325692,1.82600197606352e-05,0.000851078038667019
SERPINB8,1.57088710709242,1.49393112185375,24.3791605589132,1.84006308409475e-05,0.000855116706558637
MAP3K12,1.72412558775048,3.36501676100711,24.2712088065273,1.89520086458668e-05,0.000870434934651711
CCDC80,3.35065141228648,7.13442107348721,24.2656167705102,1.89770085002619e-05,0.000870434934651711
MAPK11,1.56384889318408,3.77627736285675,24.2616511480526,1.90032661214347e-05,0.000870434934651711
CEROX1,2.043733136175,1.85909163948009,24.2608813287043,1.90853611255667e-05,0.000870434934651711
DLL1,1.06649760735141,2.60159733705519,24.2469110985715,1.91003515500912e-05,0.000870434934651711
PYGB,1.16720661310931,4.88243955319334,24.2422356172891,1.91147445736603e-05,0.000870434934651711
MIR4435-2HG,1.94650289605916,2.64299260602207,24.1723168744299,1.95635569174476e-05,0.000887179103377659
C1R,3.03632488991561,6.97367818545864,24.1602251856052,1.9606161839119e-05,0.000887179103377659
VIM,2.81854759035537,9.23660100338979,24.148923483632,1.96746005451752e-05,0.000887179103377659
SNAI1,2.45809693585082,0.0228386728143974,24.0891882375449,1.97063825575147e-05,0.000887179103377659
ELN,3.27315028172617,6.1321214511552,24.1251043962677,1.98213425298072e-05,0.000889826671585989
LINC02384,3.7553870548674,-1.90659517400434,22.7056825348916,1.99387273150766e-05,0.000892567829836213
ARNTL2,2.49454760788039,0.82646320147802,24.0850763917566,2.01629867912766e-05,0.000895415627066575
GALNT16,1.9093890900786,4.10371059657899,24.0689410240237,2.01720280358032e-05,0.000895415627066575
IER5L,2.29581205539425,2.23791073817271,24.0742606552434,2.0206452285074e-05,0.000895415627066575
SLC12A7,1.36357155946289,4.19302366327769,24.0596500578116,2.0228358332166e-05,0.000895415627066575
TRIB3,1.43471795335906,0.837370705948047,24.0603367210755,2.03696497697509e-05,0.000896041630644384
TRAF4,2.35591354788986,1.20353754663504,24.0544843739339,2.04019942548708e-05,0.000896041630644384
KLF16,1.51936964055831,1.51289351832121,24.0304985884209,2.04911364246057e-05,0.000896041630644384
SLC25A40,-0.802045663444034,3.15923316320096,24.0118481709729,2.0533325450973e-05,0.000896041630644384
LINC00475,4.95452945020117,-1.49021257228358,23.1356701088631,2.054771985998e-05,0.000896041630644384
AEN,0.972706963973823,2.47044902887043,24.0043015594289,2.05927026148168e-05,0.000896041630644384
EXT1,1.08041295440135,3.67246473525499,23.9830751536168,2.07163993273191e-05,0.000896041630644384
NIBAN2,1.3188052926655,5.29206775413796,23.9677286394982,2.08129977233025e-05,0.000896041630644384
POSTN,3.8097412656283,5.15352115535569,23.9683998100768,2.08191730106751e-05,0.000896041630644384
ARHGEF5,1.71481807677872,0.938721580496516,23.9789071216017,2.08924396163262e-05,0.000896041630644384
ARHGEF28,2.13123492774418,1.84917567802478,23.9623198327161,2.0941379318164e-05,0.000896041630644384
ATP8B2,1.73489092623062,4.13857715882275,23.9450646749535,2.09626408510333e-05,0.000896041630644384
ACTA2,2.02454426669925,7.82408996561255,23.9423437095846,2.09775632592331e-05,0.000896041630644384
PLA2R1,1.7341823647749,1.80162163878064,23.9091318291379,2.12684751304878e-05,0.000901769723724328
SFRP2,7.13070139535062,6.11884750358105,23.9142274679093,2.12871701590413e-05,0.000901769723724328
C2,4.31677282378024,2.32794933087381,23.8896974096071,2.13018702073226e-05,0.000901769723724328
DLG3,1.34617407143891,2.21123963353066,23.8848032091967,2.13860805398891e-05,0.000901769723724328
EPHB2,3.9801293496816,0.772908035697596,23.5978369074789,2.14654194222506e-05,0.000901769723724328
TGFB1I1,1.79093988185032,4.43255355315974,23.8535000973028,2.15680946809357e-05,0.000901769723724328
P4HA3,5.3338519887,0.677576007091208,22.7446675637748,2.1657415120385e-05,0.000901769723724328
TAGLN2,1.72088932554603,7.05669172488849,23.8353696315317,2.1687890152736e-05,0.000901769723724328
PRELID3A,1.87622802370793,-0.37586313935193,23.8132512262154,2.17225472145834e-05,0.000901769723724328
DOK4,1.82231838500123,2.70518412244308,23.825709926963,2.17801735229319e-05,0.000901769723724328
PARVA,1.37135076999905,4.50790054003735,23.8143683456161,2.18313516724023e-05,0.000901769723724328
SLC7A1,1.24945932010548,2.47076616026127,23.8102682798495,2.18789389246391e-05,0.000901769723724328
CAPG,3.25862534552934,3.37187827176669,23.8128755768869,2.18969478737653e-05,0.000901769723724328
NTN4,0.673862768844853,4.59435298229202,23.7953927880176,2.19083324057466e-05,0.000901769723724328
CYP27A1,-0.619962478617239,4.79880013865364,23.7867938863146,2.19668266878356e-05,0.000901834980627281
PLTP,3.38612097661403,5.30089697432035,23.7843188223701,2.20410068799986e-05,0.000902542211956946
THY1,4.21349458714652,5.26029018555241,23.7694824449208,2.21548575562178e-05,0.000904866050756143
APOBEC3C,1.99183745593425,2.73447454592425,23.7572463172954,2.22548219073727e-05,0.000906612243614744
AC099792.1,-1.90990253190832,-2.05118698937091,23.4477526576682,2.23980857201353e-05,0.000910108883094831
HAGLR,2.02773893583891,1.11896584754562,23.7305061026659,2.25644704538343e-05,0.000912525939425331
FOXF1,2.97459733186324,-1.43829234072379,22.7303973306184,2.25727373165097e-05,0.000912525939425331
PLAUR,2.59965465368158,1.59980404445015,23.6158935734863,2.33756513380962e-05,0.000937542865961523
PLOD3,1.26136578391616,4.01204047979543,23.5896478210336,2.34202227114422e-05,0.000937542865961523
PLXNB1,1.95451951349175,3.62061797560282,23.5899328883942,2.3424601157448e-05,0.000937542865961523
ODF2,1.27313301421607,3.28051357538375,23.5868568720465,2.34443713244219e-05,0.000937542865961523
ARHGEF35,2.03673222592226,-0.250797110864428,23.5550383188807,2.34873804371001e-05,0.000937542865961523
VAV2,1.49557217504256,3.05962510945351,23.5642733091802,2.36165664699624e-05,0.000938356555341921
SFXN3,1.74857430311342,4.38664841450157,23.5616788427928,2.36261920604169e-05,0.000938356555341921
NGFR,3.3884503584692,3.31694079473879,23.5397783757194,2.38597306375728e-05,0.000943575119260005
DDAH2,2.51830980600913,5.09154633572936,23.5280099666136,2.38766721034431e-05,0.000943575119260005
CLDN15,1.95518719954258,1.86603497350104,23.5130824606964,2.40767363680442e-05,0.000944882884805387
HAVCR2,2.21936352634948,1.32799140617351,23.5078614843556,2.41832781819071e-05,0.000944882884805387
SYT11,0.81121947343436,3.44684567204267,23.4867634321113,2.41881906432075e-05,0.000944882884805387
SNCA,3.07904671573515,0.82101619903151,23.4551060468016,2.42027519528445e-05,0.000944882884805387
NUMBL,1.69767326369048,3.43020510188006,23.4848520783555,2.42078911611653e-05,0.000944882884805387
JOSD1,0.584791194647673,4.61953824739481,23.4579434446068,2.42776729544465e-05,0.000945278337368829
IQGAP1,0.749631745257806,6.29050666327316,23.4347637839901,2.44999583710723e-05,0.000951595196829371
PDE4A,-0.689423821071795,4.96944856952218,23.4144851313878,2.47396094454172e-05,0.000958554011935271
TTC39C,2.36416700826811,1.28070317408518,23.4253965945951,2.48210029594485e-05,0.00095936203389849
CCNA1,6.12073044147088,0.884112293553273,22.0960191829407,2.49229466362325e-05,0.000960958480156635
EPS8L2,3.74821603685135,2.32021673472912,23.3910853187083,2.50590335676194e-05,0.000963860448898216
S100A4,3.11158372333244,7.14291662560416,23.3274218595426,2.54261893346742e-05,0.000972791448019167
S1PR2,2.08833125105466,1.49549056521954,23.3357817397298,2.54989708076146e-05,0.000972791448019167
IKZF2,-1.37064129337317,2.66794119692648,23.2958310499338,2.56895257664174e-05,0.000972791448019167
CXCL16,2.22169749928234,2.23804513990779,23.3035125200432,2.569873634283e-05,0.000972791448019167
TLCD1,3.59830090302135,-1.87459749259952,21.9700517484698,2.57365206638686e-05,0.000972791448019167
Z84492.1,2.02063575749642,-2.2462397817859,22.3057173962322,2.57647300390912e-05,0.000972791448019167
SIM1,-2.93385534669933,3.48355576067262,23.2811575690444,2.58083524356018e-05,0.000972791448019167
IGFBP2,1.54381500373692,4.18101355635076,23.272515572974,2.58716510431279e-05,0.000972791448019167
TIAM1,2.26233572901568,1.23597039455179,23.2832506144758,2.5955147077715e-05,0.000972791448019167
PLEKHG5,1.16416842577226,4.05709317972365,23.2607826018789,2.59664783562887e-05,0.000972791448019167
C1GALT1,-0.598449362668677,3.75145904950161,23.1984168565361,2.63777640230624e-05,0.00098336337128885
KERA,6.40929713930016,-0.130119953168204,22.325045359472,2.64441578943693e-05,0.00098336337128885
MEOX1,1.22883469740128,4.61357109072936,23.1975546867,2.64878071114419e-05,0.00098336337128885
AF117829.1,1.54071681299221,0.188004715592478,23.2225705707974,2.65281423192135e-05,0.00098336337128885
SOGA1,0.903895176159028,4.4541931384612,23.1822069527115,2.66160380026157e-05,0.00098336337128885
IGFBP7-AS1,3.59701052578155,-2.61610198321983,22.2330141030076,2.66209936444069e-05,0.00098336337128885
GNPDA2,-0.768061721247541,3.69467602423795,23.1712653715553,2.67085485759364e-05,0.000984303184378753
EFNA5,3.51025537298432,0.866352768685286,23.0572715631812,2.69094988681082e-05,0.000985463362726711
FOXD2-AS1,2.19032273064454,-0.689877928163784,23.0002378465402,2.69135273911239e-05,0.000985463362726711
EEF2K,-0.637041623210382,5.88017999904698,23.1330907038584,2.69265877491428e-05,0.000985463362726711
AQP3,1.78141167647824,1.4543327423115,23.1461019081218,2.7048683042905e-05,0.000987650875992892
DUSP18,1.36978084711494,0.299263590080006,23.1366045395439,2.72645890363307e-05,0.000989605906153986
CEP126,1.63065069143683,2.16118591836835,23.1059381192074,2.73167638704471e-05,0.000989605906153986
FOSB,4.08478061518332,1.30063849760357,22.971379473481,2.73672526460937e-05,0.000989605906153986
LAIR1,2.60545887500961,2.85275570007307,23.0990527758922,2.73864769505284e-05,0.000989605906153986
LINC00632,3.81837690400376,-1.83654243295803,21.7884718401588,2.74323450009154e-05,0.000989605906153986
ROBO3,2.73459159995622,3.27148222105861,23.0811527517497,2.75210709743134e-05,0.000989605906153986
TSPAN11,3.3449162338803,2.07776935573574,23.0927163775108,2.75393578982715e-05,0.000989605906153986
RGS11,1.87811827870158,2.72209259884888,23.0609538760227,2.76878865533384e-05,0.000992692167897631
MAN1A1,1.45799475447849,4.69092514160309,23.0280619684275,2.7943974732003e-05,0.000997795668661905
DMRT3,2.08528042609996,0.958567341874539,23.048954380923,2.79561605910195e-05,0.000997795668661905
FN1,1.89193461824355,8.17569243939779,22.9920510083485,2.82633234837133e-05,0.00100649188145259
ANKRD12,-0.606845370021651,5.05092651452922,22.9598529286298,2.84782016134991e-05,0.00100978567691486
SH3GLB2,0.660900613347866,5.43974450361875,22.9507512280924,2.85506922520634e-05,0.00100978567691486
EDA2R,2.19884415320798,1.62995272743953,22.9678756242942,2.8630874706162e-05,0.00100978567691486
MOK,1.51569221541764,1.97321712865314,22.9572247040418,2.86403263536031e-05,0.00100978567691486
NMNAT2,1.53182903153894,1.48338662027915,22.9478432251655,2.87727390356269e-05,0.00100978567691486
CHEK2,2.1626028974447,0.502093865270014,22.9481609008853,2.88106878225247e-05,0.00100978567691486
CD28,2.83392544353429,0.578569901641143,22.8910876834443,2.89310635675496e-05,0.00100978567691486
MEG9,2.02794248748735,1.15183542680618,22.9366068296115,2.89519984931858e-05,0.00100978567691486
ZC3HAV1,1.03147790691461,3.69098526070357,22.8976122200556,2.91251460731092e-05,0.00100978567691486
ARID5A,1.42752744084988,4.65241157205293,22.892480706145,2.91697354389896e-05,0.00100978567691486
PTPRF,3.26560311798179,4.15107584468264,22.8924932563609,2.91959385052681e-05,0.00100978567691486
LPIN3,1.58513122367681,2.7664326362434,22.8895029734254,2.92218624449534e-05,0.00100978567691486
EPHB3,3.101040518532,1.6842754045253,22.9014520335071,2.92477645911657e-05,0.00100978567691486
CEP164,1.3104294859887,3.59567770272294,22.8809699117058,2.92801248098257e-05,0.00100978567691486
TNFRSF10D,1.06173952676399,2.08570056635177,22.8810322411434,2.93116306796765e-05,0.00100978567691486
CDT1,2.66731386343426,-1.7525145866909,21.9311220107179,2.93916139733478e-05,0.0010103446998604
PLA2G4A,2.42861423979447,1.00738204692842,22.8665896015631,2.95876826200179e-05,0.00101413473878795
DLC1,0.714000601212477,5.08454899160654,22.8398271722169,2.96604048660416e-05,0.00101413473878795
AXL,1.57276600380835,4.88048586561637,22.8338204337743,2.97175675543511e-05,0.00101413473878795
AGPAT4,1.57631139672197,2.4011888256744,22.8279853651036,2.9811380865007e-05,0.00101413473878795
GPR37,2.16365197623597,-1.13963366365116,22.5165896406637,2.98218456663839e-05,0.00101413473878795
SLC22A17,1.79079431406771,2.79612023882571,22.8034221879027,3.0035760849813e-05,0.00101540195348579
ZSCAN4,5.40582293272204,-0.557827561494996,21.5284054986525,3.00513356587893e-05,0.00101540195348579
MYEF2,0.824279479460292,1.83733425554967,22.7797849527863,3.01230138454566e-05,0.00101565829874245
AK4,1.33387730066348,2.9654334668536,22.7721309352258,3.03202632905387e-05,0.00102013845512774
EFS,2.09604368390828,3.08457501650141,22.7619729761613,3.04304635646488e-05,0.00102167702565464
LPAR4,2.6577606295797,-2.19502841920849,21.5991483675755,3.05158103673926e-05,0.00102237642049063
CYBC1,1.62363673688775,4.93816337872377,22.7133503985247,3.08771322472363e-05,0.00103207842039901
MMP14,2.97373574290383,5.47112356390044,22.7069465912899,3.09429993055742e-05,0.00103207842039901
ZNF365,2.78493342792383,-1.35078950540471,21.9449271484885,3.10007779459789e-05,0.00103207842039901
IMPDH1,1.9376337810677,3.73659907049208,22.6688552716654,3.13251703799029e-05,0.00104069177151011
CCDC144NL-AS1,2.40155176714314,-1.18125511773275,22.2179386040341,3.14971770564607e-05,0.00104385906740297
P2RX4,1.89939532812845,2.21330033490692,22.633961854764,3.17394520405495e-05,0.00104540158506542
TTLL3,1.03916242996714,4.39251350154725,22.6229589529018,3.17786186782342e-05,0.00104540158506542
CLIC4,0.857156480207129,6.67792000161496,22.6176324927753,3.17967794536211e-05,0.00104540158506542
FEZ1,1.89228370724304,2.57041441177407,22.6110753832752,3.19464436165516e-05,0.00104606789593905
PCDH18,1.91729627351975,3.54923266166169,22.6072668272095,3.19490668034645e-05,0.00104606789593905
KCTD17,1.92138129880857,1.42829470958315,22.5984217003643,3.21916066979227e-05,0.00105148597132698
UBXN11,1.36611141205651,3.51902263466122,22.5775387136151,3.22472507140096e-05,0.00105148597132698
FST,2.91334543487339,3.011293090674,22.5344646158628,3.27699975076886e-05,0.00106633706469064
PXDC1,1.57947785926219,3.75728229890086,22.506491888737,3.29863417025523e-05,0.00107117737082038
BCR,1.49719128715702,3.97658123536123,22.492306877611,3.31343077218262e-05,0.00107142356961085
CBX4,1.28431754179834,2.19180846547209,22.4888126906977,3.3208464227363e-05,0.00107142356961085
SNX33,1.26558212366468,4.37332276415925,22.4819792278661,3.32412016810175e-05,0.00107142356961085
ANTXR1,1.60827500560906,5.55670302297481,22.4776391728156,3.32863446535989e-05,0.00107142356961085
BEGAIN,1.23333232707029,0.065100048782707,22.4929628404201,3.33935298078275e-05,0.00107142356961085
TCAF2,1.43268995288206,0.755539254326351,22.4890208660615,3.33995862553015e-05,0.00107142356961085
MIAT,2.78608665567741,2.05965145402648,22.4719977793307,3.35201410367034e-05,0.00107311853537099
TNKS1BP1,1.04223618231715,6.00548909925937,22.4366969788417,3.37242834444067e-05,0.00107622170738529
TBC1D2B,1.28247347337855,4.67888106993201,22.4135440001251,3.39755146097259e-05,0.00107622170738529
C1S,2.29769312623212,7.52973704386495,22.4112627448798,3.39997161608706e-05,0.00107622170738529
GDI1,0.710022704980849,5.85558024435176,22.4023905713085,3.40101564430328e-05,0.00107622170738529
ANKRD13B,1.18232533805849,2.34535736626936,22.4128916990256,3.40145413188372e-05,0.00107622170738529
C2orf88,-1.17926199286394,3.9602978957385,22.4090205753785,3.40245519909152e-05,0.00107622170738529
SPACA9,1.51798138704756,1.05962313008234,22.3839781283042,3.4490977921205e-05,0.00108875863175345
CHST15,1.0741780247034,4.30139856178728,22.3557481088749,3.46105059300122e-05,0.00108875863175345
NADSYN1,1.01210250050036,4.23948911512083,22.3528691266121,3.46424363672594e-05,0.00108875863175345
GREB1,-0.909187515396609,3.24461170499542,22.3425084182297,3.47621894565705e-05,0.00108875863175345
DEGS2,2.78296359924377,-1.34809271234519,21.6050176241058,3.48441648284434e-05,0.00108875863175345
EMB,2.30522142010847,3.17995773347216,22.3375576784112,3.48452372253348e-05,0.00108875863175345
G6PD,2.17313937625568,2.8976534134759,22.3335031131932,3.49018353587904e-05,0.00108875863175345
CDH11,2.38904291025778,3.15636675974359,22.3258275373395,3.49807449958815e-05,0.0010890763574651
SRPX,2.90359952187985,3.46165858502472,22.2962440783141,3.53254325432016e-05,0.00109579272392997
THBS2,3.40635207929203,4.18468971581359,22.294112306075,3.53347688476188e-05,0.00109579272392997
PERP,2.30072923618268,3.09043338592073,22.2795421409827,3.55025669107276e-05,0.0010964481085482
PGM2,1.16530254913152,2.26102863396566,22.2759424635496,3.5543033142056e-05,0.0010964481085482
DCUN1D3,0.815224267567103,2.70775567221882,22.2689645324375,3.55634711802722e-05,0.0010964481085482
CCN1,2.51785147549869,5.45677295492851,22.252442137519,3.57759993671774e-05,0.00110058290212454
CALHM2,2.0822682023623,3.93792313787717,22.2478107222759,3.58364849811487e-05,0.00110058290212454
SPP1,6.68486557070872,1.72337962988589,21.1153600262044,3.63803089617136e-05,0.00111297057165304
SH3PXD2B,2.24614025356577,3.69491056034359,22.1783072132892,3.66520334712433e-05,0.00111311639028102
ZBTB6,-0.760815140450658,3.36007928646845,22.1654178497818,3.67929652499151e-05,0.00111311639028102
TRIM47,1.77081083615118,3.68462142099689,22.1635491762612,3.68190739093457e-05,0.00111311639028102
EGR2,3.46779594668261,0.852478206064984,22.0823620153894,3.68317404599273e-05,0.00111311639028102
WASF1,2.06433956510512,0.414802282426431,22.1719428598442,3.69121931293096e-05,0.00111311639028102
COL18A1,2.13733220179523,6.67708515103518,22.1549120012964,3.69126855691126e-05,0.00111311639028102
CD248,3.09822361955089,5.88179563413719,22.1545456582308,3.69191506272533e-05,0.00111311639028102
NEK8,1.78225973417381,-0.0200939578942449,22.1658222727199,3.69792676177235e-05,0.00111311639028102
NDC80,1.95561354197169,-0.461198378252243,22.106877540991,3.70457082039178e-05,0.00111311639028102
SLC2A14,1.76307141332316,-0.0557447476478191,22.152180532195,3.71394497603117e-05,0.00111311639028102
ID2,1.04620065924405,3.89974749352519,22.1345404852848,3.71577314607596e-05,0.00111311639028102
RIC8B,-0.595985507046872,3.69762576076117,22.1174284725197,3.7253958682254e-05,0.00111389336459939
FOXO3,-0.930369880671911,6.12141189278605,22.0970562569572,3.76059437117844e-05,0.00111624067152295
LASP1,1.18470020176879,5.81070523444231,22.0960099140863,3.76186278162282e-05,0.00111624067152295
CERS5,1.25687193335529,3.52697051972309,22.0959131350772,3.76254597236203e-05,0.00111624067152295
AC010969.2,1.88053560412348,0.342970897420229,22.1081593758221,3.77279635032901e-05,0.00111624067152295
FHAD1,5.32133660999789,-2.37256135723908,23.0994505540652,3.78215868543617e-05,0.00111624067152295
FSTL3,2.28471884395731,4.027769062695,22.0743186582516,3.78931602448319e-05,0.00111624067152295
LIMK2,0.619588369174535,3.89702944555656,22.0607583761265,3.79080497091148e-05,0.00111624067152295
MXRA5,2.82781457045002,4.67365804579982,22.0497028675908,3.81925795374249e-05,0.00111624067152295
CD44,2.17226978877595,6.51845071573234,22.0439002333002,3.8255337245521e-05,0.00111624067152295
YEATS4,-0.653129687773712,2.71566702748601,22.0262577054355,3.8320095754339e-05,0.00111624067152295
SEPTIN8,0.963332777197225,4.46818769547752,22.0386654642891,3.83202833022058e-05,0.00111624067152295
MTHFD1L,2.49059036276747,1.17275004602858,22.0454869819697,3.84628809863017e-05,0.00111624067152295
HTRA1,2.69728897758641,5.94817940512668,22.0265611099159,3.84703321821096e-05,0.00111624067152295
RBBP8,1.18197602485071,1.25104147598691,22.0250216514514,3.86312814702599e-05,0.00111624067152295
CNN3,1.52522606112323,5.55736498330722,22.0135662252917,3.8631354900597e-05,0.00111624067152295
SCARA3,2.86248875437775,3.65151457299782,22.01363881679,3.86682025527588e-05,0.00111624067152295
SH3TC1,1.75786078541468,2.92624178316224,22.0064113915325,3.87502995156956e-05,0.00111624067152295
ALDH3A1,3.51732738200996,-1.0916165879577,21.0574935377328,3.8799175090129e-05,0.00111624067152295
FAM83H,2.86549876559319,-0.710299541531063,21.582317478001,3.8997673529287e-05,0.00111624067152295
BEST1,2.04491794137672,1.05465634932341,22.0025744490977,3.90173200541844e-05,0.00111624067152295
STX2,1.03902236405404,3.40021193954501,21.9762154620059,3.91050254632847e-05,0.00111624067152295
GLIPR1,1.99144724208852,2.69280990624502,21.9776757268742,3.91333860722636e-05,0.00111624067152295
INSYN2A,3.60044134895009,-2.18684786418595,20.8198322891654,3.914745990696e-05,0.00111624067152295
JAM3,1.3708850005495,4.23728318424675,21.9724049876429,3.91494472265122e-05,0.00111624067152295
RPP25,2.5521066453401,1.13460297371256,21.988392069723,3.91638678214654e-05,0.00111624067152295
PTMS,1.97717008637953,5.56587342276151,21.9530680081169,3.93924754173892e-05,0.00112074067852669
LRRK1,1.45931331396764,2.83128164822774,21.9437655904442,3.95357532255308e-05,0.00112182865972042
MYL4,5.47249376434322,2.99351154798129,21.8866635082474,3.95956784530819e-05,0.00112182865972042
HCLS1,2.04296197858065,4.08610015850072,21.9339550713085,3.96430901396754e-05,0.00112182865972042
PTK6,2.20178657699538,-1.48263129383935,21.4554515730534,3.980036881482e-05,0.00112387081850184
SPINT2,2.56608077514119,0.976918354554788,21.9280832524102,3.9895018844854e-05,0.00112387081850184
ROR2,3.39224758383827,-0.313481385315575,21.4342001552834,4.01611966420767e-05,0.00112698965794602
BAX,1.36834933580928,3.12351363779841,21.8927552002506,4.01810536214742e-05,0.00112698965794602
CD276,2.25898394004341,4.58693831976016,21.8855978931613,4.02641776685601e-05,0.00112732583659659
FAM102A,1.49336265471923,3.17013907820231,21.878988814437,4.03608550339217e-05,0.00112803962914031
SH3BP5,1.34764016623534,2.68872564646253,21.8690510870059,4.05031600068601e-05,0.00113002390251534
VASH1,0.940295602383184,4.30379891084165,21.8452251434829,4.07892626686184e-05,0.00113600605537715
TBC1D9,0.865232324132652,3.38484024556036,21.8258428999048,4.10502221425991e-05,0.00114091639783843
CNN1,3.0378459022686,4.841312939143,21.821698489873,4.11095641550921e-05,0.00114091639783843
ZNF396,1.44031355334727,-0.319081457817907,21.8342569770967,4.12713400308707e-05,0.00114340371585526
XXYLT1,1.35004344067559,1.95738856400006,21.8061707296867,4.13819689164366e-05,0.00114358803850564
MEIS3,2.27168991491043,1.73759474483192,21.8121158408833,4.14223218339267e-05,0.00114358803850564
CCN5,3.70516469700757,6.51350866508651,21.7854402643188,4.15865254164132e-05,0.00114534435529858
CDC42EP1,1.3879554943009,4.20896105672721,21.7822447866949,4.16304883354569e-05,0.00114534435529858
VCAM1,2.15090674658247,2.65219437182439,21.7737688112507,4.18131429621774e-05,0.00114837586918826
GRB10,-0.950913527976218,6.14938674564809,21.7606776875125,4.19194860385699e-05,0.00114930466306785
TMED3,2.61911524941673,3.17562310692738,21.7574565321165,4.20225341665386e-05,0.00115014006724894
LINC01503,3.65798565959657,-1.0821111744484,20.7686548244428,4.21862464254613e-05,0.00115263008121428
C2CD2,1.38893079320296,3.92000999494825,21.7217273322065,4.24567581029535e-05,0.00115802451920397
SERTAD4,1.51169144301383,1.89676550308974,21.7200806434295,4.25698338952567e-05,0.00115889792499625
ARAP2,1.31350841597026,1.40127968361078,21.7172366442186,4.26588134275887e-05,0.00115889792499625
KRT8,3.62170404864714,0.506401471124236,21.5019580009859,4.27081711489752e-05,0.00115889792499625
NECTIN2,0.90260793492833,4.14979360698542,21.6873642719892,4.29289203524994e-05,0.00116167725438991
RNF112,1.59184241789481,1.48404368058164,21.6966696914895,4.29572077410542e-05,0.00116167725438991
FES,1.55771614767236,3.69077616687861,21.6693750850741,4.3186244185026e-05,0.00116435226925707
EMP3,2.84926110971655,4.44260775045304,21.6686978786045,4.320307530278e-05,0.00116435226925707
C11orf45,2.09204459530691,-1.42633698652996,21.2706483739205,4.35700635136615e-05,0.00116946693186005
KIF23,2.42682035261986,-0.473693488759509,21.4990978603787,4.3660712421824e-05,0.00116946693186005
GASAL1,1.74468103425184,-1.72825637859444,21.2500231702394,4.37205379128979e-05,0.00116946693186005
TRIM38,1.19571186400173,4.61365769346581,21.6303219255449,4.37300540078838e-05,0.00116946693186005
DMAC2L,-0.772786357630387,4.81177893027731,21.6280356783976,4.37618407643723e-05,0.00116946693186005
UNC45A,1.08001378652923,4.47814802501505,21.6074995232036,4.40557298082593e-05,0.00117533863682068
HOXA13,-1.45666851602013,1.27730900843245,21.594951962342,4.43478739673423e-05,0.00118114413237054
ARSJ,1.54870676149546,-0.0962185024738835,21.5988842006302,4.45279960737409e-05,0.00118214700455272
TMEM43,0.859211832102277,5.72286937506201,21.5740641901216,4.45357958993434e-05,0.00118214700455272
GNA15,2.90899893713342,0.542140545796369,21.522935176835,4.47298488336154e-05,0.00118214700455272
ACVRL1,0.908243557962045,5.1053156680654,21.5553975501071,4.48074753093599e-05,0.00118214700455272
TBX19,1.85259038911325,0.304001154878791,21.5756948968912,4.48085293830741e-05,0.00118214700455272
CCDC24,1.93636159380942,0.3972492616332,21.5731014205045,4.48331135064166e-05,0.00118214700455272
TLCD5,1.14552185016001,2.044115990872,21.5463238154648,4.49968279908385e-05,0.00118449291224388
IKBKE,2.91744103899609,0.304157343505596,21.4547422163404,4.51997036103633e-05,0.00118653655724972
MAP1B,1.36127296633596,5.09471034870043,21.5269332504486,4.52242115592119e-05,0.00118653655724972
THSD4,-1.33061889415852,2.95328948888508,21.5101126835404,4.5481607588589e-05,0.00118951748108825
DDX59,-0.820195609635032,4.17300890994857,21.5087919455617,4.54913907851863e-05,0.00118951748108825
GSN,1.83238845234288,9.97719861144937,21.5039466318214,4.55630157771545e-05,0.00118951748108825
ANGPTL8,4.92625590578178,0.181354915868263,20.5366615855992,4.58291811033533e-05,0.0011923189116421
TOX2,2.48916143542624,0.0244183420261822,21.4318504950668,4.59104694681941e-05,0.0011923189116421
RAB32,2.15816933096249,2.66519477225455,21.4811696783745,4.59777628941708e-05,0.0011923189116421
FGD2,2.356724641341,2.39577722778671,21.475028568789,4.61186168238075e-05,0.0011923189116421
ZC3H6,-0.835653522537133,4.31225197401569,21.4650753620864,4.61434120387268e-05,0.0011923189116421
NECAP2,1.29494169380839,4.00399668430529,21.460011575177,4.62238593633635e-05,0.0011923189116421
CYTOR,2.64162336268286,2.07679666176064,21.4702119022573,4.62722364270771e-05,0.0011923189116421
CCDC3,2.10520747297609,5.2961448071968,21.449124590879,4.63848261381277e-05,0.00119327977242031
ZBTB7C,1.52981592728148,1.8610576954751,21.4491156850294,4.64919320552164e-05,0.00119409667306161
ING2,-0.903614358428012,2.52386709012859,21.4210458516154,4.68249997654609e-05,0.00120070513152631
FADS3,1.1384097285451,5.45103708495004,21.4108464667848,4.69662575663861e-05,0.00120203591219532
MRC2,1.97810695967287,6.05425455668876,21.4027349431585,4.7090940130244e-05,0.00120203591219532
TACSTD2,2.54182349404532,-0.861085450866068,21.0915498022606,4.71480635473453e-05,0.00120203591219532
GPC6,2.31539129115598,2.2909364808178,21.4045607954962,4.71979884410405e-05,0.00120203591219532
ALG10,-0.604049782929363,-0.00715630774112664,21.4092859260144,4.73004662017757e-05,0.00120203591219532
DPP4,3.28903098647007,3.37436663060653,21.394060607948,4.73320129494466e-05,0.00120203591219532
LINC01116,1.82243424629436,0.744217361810754,21.3993834902224,4.74692172023192e-05,0.00120311886877406
SEC14L2,2.16002643425752,0.00384069669115054,21.3642733117093,4.75264978767315e-05,0.00120311886877406
PPP2R2B,2.60314495577418,0.100363471222916,21.2935227285716,4.79417364100662e-05,0.00121169489137212
IL4I1,3.82248772727532,-0.624428840238528,20.5220054632886,4.80883266663282e-05,0.0012117311191259
GPR176,1.77811239214392,2.96899903912584,21.3389751816292,4.81147679437044e-05,0.0012117311191259
NBPF1,0.849183149132804,5.21722578912853,21.3286593207149,4.82427385079175e-05,0.0012117311191259
KLF6,0.87504148794096,5.96014312159702,21.3225963424454,4.83380001402883e-05,0.0012117311191259
AC005747.1,1.52151934943239,4.8835250970074,21.3148742254397,4.84612467441394e-05,0.0012117311191259
PTPRO,1.95372056581699,-0.10792665154519,21.311474861828,4.85131853824898e-05,0.0012117311191259
DOC2B,1.28221728918689,3.23757681681481,21.3106842161794,4.8538209385372e-05,0.0012117311191259
PEX2,-0.733176175641284,5.05284527407349,21.3088914323794,4.85548848769451e-05,0.0012117311191259
MRGPRF,2.76660942228963,3.56211930656448,21.3009584612597,4.87268830819783e-05,0.00121411150345929
ITPKA,3.93614112891562,-1.20436058428415,20.2253598661706,4.88314839913592e-05,0.00121480773439728
PRELP,2.48703962410729,5.62771566310602,21.2794648686126,4.90251866498318e-05,0.00121771494175531
TP53I3,2.27099381232255,2.90851034538273,21.2701001900696,4.92408426825887e-05,0.00122115748668386
CLU,2.53819703721871,6.75360368855978,21.2574737730682,4.93780235156967e-05,0.0012226461541457
RABL2B,0.952778902318557,3.37093806877279,21.243380475937,4.96131171577564e-05,0.00122514368054137
FAM153B,1.67761376360076,0.0625650931958788,21.2631664563119,4.96335106270942e-05,0.00122514368054137
ENSG00000256164,3.47849360155139,-2.72114767574068,20.3903010275654,4.98055011069331e-05,0.00122747710115329
VAT1,1.79001603289449,6.04424038782925,21.2240009231699,4.99216163114667e-05,0.00122822911577912
SCRN1,1.77134197815772,3.23917912393567,21.2167251972079,5.00617468941712e-05,0.00122822911577912
CYSLTR1,1.93025187061608,0.890326071304854,21.2348820568519,5.00685308760845e-05,0.00122822911577912
IL20RB,1.71576229872641,-0.116247620705083,21.2252974715354,5.0151299074397e-05,0.0012283580161236
BTG3,1.40898796005156,1.75129871591131,21.2016858824946,5.0405739776649e-05,0.00123268481209962
AC005005.3,1.14482847447359,-2.02622971188546,20.8884528105392,5.06557057773921e-05,0.00123361849821904
PLS3,0.842982318971337,6.54676060607977,21.1708511145011,5.07974498576248e-05,0.00123361849821904
ZBTB41,-0.65626650496434,3.44809783988289,21.1656520447603,5.08520111180829e-05,0.00123361849821904
TLCD3A,1.33174759100129,1.50163283723222,21.1753415968388,5.08702649293815e-05,0.00123361849821904
L1CAM,2.21008229197625,2.07685655917923,21.1730239603093,5.09238620181629e-05,0.00123361849821904
NRSN2,1.97929862958108,2.31329075070256,21.1671233610811,5.09622899810838e-05,0.00123361849821904
INO80E,0.754621722619459,4.5885939641,21.1594173106092,5.09888380345474e-05,0.00123361849821904
DSP,1.69327573424449,0.419786225265671,21.1757624482928,5.10999863439624e-05,0.00123442299328167
HUNK,3.50848921253615,0.748628197878484,21.0450735461542,5.12534124904604e-05,0.00123533689386255
NOVA1,1.91795909150619,3.42127382830242,21.142394511803,5.12937260151169e-05,0.00123533689386255
EPS15,-0.844548716469865,6.34759611564523,21.135260809999,5.13932582133865e-05,0.00123585578589914
FAM180B,3.4543780304195,2.20277908477101,21.1327641263643,5.17037383764008e-05,0.00123853893385444
NPTXR,1.78417454262031,1.55712694837861,21.1196112268188,5.18547133249108e-05,0.00123853893385444
PPM1M,1.84840855559403,3.39635657051368,21.1074953218818,5.18830761182897e-05,0.00123853893385444
SNX7,2.45284987800926,3.32577742845408,21.1082818328633,5.18956175982423e-05,0.00123853893385444
TRIM14,2.40012545783178,1.819370528208,21.0933674250734,5.2342989882866e-05,0.00124593589316216
C1RL,1.66410663429511,3.63389628467896,21.0789108826679,5.23628008358678e-05,0.00124593589316216
PCOLCE,3.06091082241453,5.66912467229356,21.073361055948,5.24519812350671e-05,0.00124618672658487
TTYH3,1.7169075397404,3.76942947567685,21.060889831216,5.26719358527683e-05,0.00124953917284254
SLC16A2,1.27784371523053,2.86251343786494,21.0315209620553,5.31989570150782e-05,0.00125896328476088
GAP43,4.53299657770201,-1.39904553731015,19.9596549101927,5.3228081074638e-05,0.00125896328476088
KLHL42,0.673923320256627,3.24276751738146,21.0118299072203,5.33957453186358e-05,0.00126083924433071
MAML2,1.14088269251349,2.80197016632799,21.0162413878345,5.34665218773418e-05,0.00126083924433071
LSP1,1.77306964532984,5.84858017943786,21.0005275031789,5.37174350356035e-05,0.00126487398664073
GLIS2,1.69115170846362,3.13401115482276,20.9930711718269,5.38733574693372e-05,0.00126666334690888
TSHZ3,1.07174899227388,2.39068787691216,20.9779294742226,5.41560027402692e-05,0.00127142248211118
FCHSD1,1.91995962048314,2.85077451558718,20.9579517763514,5.45258133529229e-05,0.00127810327434882
MAFF,2.68156224120378,3.344198212605,20.9542626841003,5.46018752277499e-05,0.00127810327434882
GPR34,2.3727170292073,1.61728602031878,20.9439214604145,5.50033482884033e-05,0.00128560185888839
MAP7,1.60092276332812,0.235934719827781,20.9464061981765,5.51134088066627e-05,0.00128627715664092
CCNG1,-1.18425255969187,6.98597476277875,20.9025779847604,5.54755106645003e-05,0.0012890328702351
AGRN,1.25417108388632,4.65881081513612,20.8758784426521,5.59663449359021e-05,0.00129416949401445
AC027031.2,2.22947497745106,-0.929234275044138,20.6696789503038,5.60232392814987e-05,0.00129416949401445
RGS19,2.46625184104446,2.07486589510385,20.8753284220417,5.61905596224059e-05,0.00129463662998771
ECM1,2.55872553504081,4.3744517113234,20.8635048779726,5.62068531224548e-05,0.00129463662998771
LLGL2,1.49266545454733,1.74011665211767,20.8417114607814,5.67404841187668e-05,0.00130118736244897
SYNDIG1,5.60341487014062,-0.429489767286413,19.7629961583053,5.67701568249451e-05,0.00130118736244897
RNF150,-1.14941216344682,4.76782909079164,20.8313974255034,5.67919488024461e-05,0.00130118736244897
SPON2,2.0689550202946,4.84790983539379,20.8275753365587,5.68668960596678e-05,0.00130118736244897
DUSP4,2.88046878989751,2.91215002622274,20.8329739832994,5.69025421946907e-05,0.00130118736244897
ESR1,-0.889469277505715,3.10158053936082,20.8216753173706,5.69839104902874e-05,0.00130118736244897
ISLR,2.13652829578334,5.66781571483963,20.8008618831869,5.73675038145061e-05,0.0013080616301417
KIF7,1.85285348858453,2.15825347952631,20.7830626716104,5.78245633754862e-05,0.00131658887329214
SRGAP1,1.3782186556164,1.76975159002374,20.7775979503219,5.79352414687277e-05,0.0013172163149999
SLC1A5,2.45608296272112,3.45062728808354,20.7533006424972,5.83181199810683e-05,0.00132402184432663
AC093673.1,2.04001267002637,0.214089438342035,20.7464264285302,5.86004924139931e-05,0.0013285293323098
PLCB2,2.37208816263813,3.36238945522077,20.7258937442591,5.88491879066998e-05,0.00133226154393925
CSF1,1.77447864572098,4.57378687563522,20.7121204971859,5.90759100042511e-05,0.00133548637066671
FBLN1,2.86988218085118,6.67451811816046,20.6990148836202,5.93295975144718e-05,0.00133749846881297
ID4,2.65026564246081,3.17955144080089,20.7028726153646,5.93337176484834e-05,0.00133749846881297
PRMT2,0.951780373524647,5.08295474451835,20.6930067028148,5.94475521962156e-05,0.00133816102223498
PTPRA,1.09694368610222,4.7322588513846,20.6793972644489,5.97157259178608e-05,0.00134229093421325
SLIT3,2.00201705561947,5.39007114312695,20.6614457502603,6.00713209951064e-05,0.00134837142182642
NRBP2,0.982232681751406,4.89855776442592,20.6528219469452,6.02428839188314e-05,0.00134837332809526
A1BG-AS1,1.75494401422335,-0.940596651313642,20.5776576213507,6.0276990318834e-05,0.00134837332809526
RBP4,5.99887898555779,4.67297596761435,20.6631134930195,6.03266668530029e-05,0.00134837332809526
MCUB,2.16108806458529,2.28490675154746,20.6447024149497,6.05489843045221e-05,0.00135143627362502
MYLK4,-2.51916348518949,4.98353885539028,20.6268559529399,6.07620702437839e-05,0.00135265035847432
FNDC4,2.73942469377357,1.79410431445974,20.6406236589923,6.07988461009214e-05,0.00135265035847432
NOTCH2,1.31486729912425,5.41068496441957,20.6184176187441,6.09326943636608e-05,0.00135265035847432
CABP4,1.22503032434394,0.29268708580063,20.6411596475507,6.0944806963505e-05,0.00135265035847432
MR1,1.31191537884023,2.48452111075719,20.6099565470851,6.11522413214465e-05,0.00135474459873057
DGKQ,1.00987729644924,2.82838855895906,20.6059225230877,6.12101427835609e-05,0.00135474459873057
MYMX,3.66234683251625,-0.645089644381304,19.8921734586123,6.13790028624688e-05,0.00135561451962542
KRT18,3.41551455996466,1.45264450597981,20.5923444952592,6.14205354383198e-05,0.00135561451962542
EGR3,2.59387511723218,1.43869781430504,20.6033092812678,6.15681768732666e-05,0.00135698316955585
RASSF7,1.94669620753731,1.07044467623449,20.5979643080814,6.16971216390703e-05,0.00135793650918659
ANTXR2,1.3635604897002,4.65167189970992,20.5746235424352,6.1823613961339e-05,0.00135883330158854
PLPPR4,1.97060947095749,2.62341396971155,20.5629822596155,6.21444206563308e-05,0.00136268372342376
MRNIP,0.663983738050584,4.0554106325465,20.5535919857779,6.22032305749043e-05,0.00136268372342376
SQLE,1.51996455137407,1.03741243435048,20.5668892152787,6.22966766444081e-05,0.00136268372342376
GNA12,0.684221599122814,4.48275255616847,20.5479670484618,6.23716643801409e-05,0.00136268372342376
NRIP3,1.67842412396321,-1.15048064038266,20.4427161343036,6.25128915401192e-05,0.00136268372342376
ASNS,1.08680330505292,2.55536609063365,20.5428018960719,6.25147388735452e-05,0.00136268372342376
S100A10,2.55063496098637,6.42966438514201,20.5321855745659,6.26987902691602e-05,0.00136433078817694
CRABP2,3.95962207405248,3.19049336549406,20.536282048755,6.28889846692331e-05,0.0013643962540808
EVC,1.42684092626605,2.59811186485251,20.5230262286672,6.29376955722259e-05,0.0013643962540808
FBXO17,2.01052206360254,2.47514774037422,20.5081878002392,6.33036597246883e-05,0.00137045504871193
TWIST1,4.49232858222149,0.900158271964634,20.1395589966862,6.36791946709734e-05,0.00137670422639961
MPV17,0.647929090560139,3.61174123255129,20.4543480804883,6.41993848724673e-05,0.00138436218995657
PDIK1L,-0.729800420194917,3.04318867077483,20.4583695387895,6.42640416640097e-05,0.00138436218995657
CCDC74A,2.54342959923377,-0.0870895599901285,20.3785825257637,6.44833159492566e-05,0.00138436218995657
NLGN2,1.22219567801834,4.08053415491248,20.4401568037562,6.46465563101802e-05,0.00138436218995657
FGFR1,1.200664359599,5.94416336479577,20.4384660774658,6.46790458003957e-05,0.00138436218995657
ARMC9,1.06843504973536,0.660152032205162,20.447679160947,6.47191586887323e-05,0.00138436218995657
TIMP2,2.25400815195108,7.26527633732337,20.4359891208014,6.47322763146224e-05,0.00138436218995657
LRP11,1.14620251945584,2.99983457039593,20.4156389864318,6.51946929792249e-05,0.0013914401584437
HSD17B14,3.16473730935786,0.439686608614821,20.3250146382652,6.5238848849856e-05,0.0013914401584437
EMILIN2,3.49832691782894,3.53085471075338,20.4002489416938,6.56537062622981e-05,0.00139806209489578
NRCAM,3.24838850274301,0.131121873433718,20.2059773788772,6.57257689592576e-05,0.00139806209489578
MUC1,2.98018340084522,0.965300141239494,20.3758138318338,6.59486311780206e-05,0.00140048877390563
TLNRD1,1.36767599564389,2.77549094705099,20.3690923426424,6.62266638027384e-05,0.00140048877390563
XPNPEP2,3.71503861132418,1.42333616021679,20.3394576851074,6.62820241458022e-05,0.00140048877390563
IFFO1,1.26556680129849,5.00132524982545,20.3648120191175,6.62833677149962e-05,0.00140048877390563
RCC2,0.919908664825759,3.743773373684,20.3629912184557,6.63284927200627e-05,0.00140048877390563
GRIN2D,4.03662086257736,-0.825417038519306,19.4562836291289,6.64129200086769e-05,0.00140048877390563
MYRF,2.50021688970936,-1.01260799653345,20.0243315705113,6.65730347281264e-05,0.00140048877390563
EPS15L1,-0.762438258920274,5.23872290547846,20.3495175719448,6.66206695081635e-05,0.00140048877390563
MROH6,1.67972767952189,0.407784651322047,20.3705216834919,6.66352328847632e-05,0.00140048877390563
PER3,-0.867845761779484,5.30169504783312,20.3413030213473,6.68030659627614e-05,0.00140215653816143
FBXL2,1.43038357577147,1.00747250672064,20.3376138309227,6.72173394590149e-05,0.00140898568572356
ITIH5,0.926236580815967,6.06980240697684,20.3125272019168,6.74461795358652e-05,0.00141191493673032
ASGR1,3.48966830814794,-0.648537507611016,19.676429014413,6.80192210181319e-05,0.00141765277027406
GNB5,1.40373623596394,2.07214931289828,20.2863856109626,6.81368177150222e-05,0.00141765277027406
SAT1,1.50914089758184,5.28473913659092,20.2766491039811,6.82581691118235e-05,0.00141765277027406
CADPS,4.34176604594732,-0.583824734569736,19.3551575064108,6.82824936925736e-05,0.00141765277027406
ADGRL1,1.60443426821339,3.18600701969118,20.2758694029295,6.82999137880907e-05,0.00141765277027406
PRR5,3.58617914050278,2.02886307190012,20.2861645435727,6.83061929176372e-05,0.00141765277027406
VEZF1,-0.709937873424202,5.66307746031718,20.2727293422636,6.83464830245084e-05,0.00141765277027406
PIP4K2A,1.4308728876813,3.28123160442859,20.26383422473,6.85664060569119e-05,0.00142034521789077
SEC24D,1.32250110290905,3.39788945611485,20.2597705544474,6.86555459648093e-05,0.00142034521789077
TULP3,0.900314681945051,3.42985386305056,20.2364174413087,6.91869977455515e-05,0.00142821390013364
CDH24,3.42301043363489,2.10254175584865,20.2491842069198,6.92161466083571e-05,0.00142821390013364
MEOX2,1.08545101451545,4.40133263128216,20.2110613601362,6.97684107817655e-05,0.0014377373285548
GPBAR1,3.97482132219419,0.585090653723926,19.9306853287052,7.01651535432871e-05,0.00144403530935126
RICTOR,-0.777248367919493,5.08339990618173,20.1849010711921,7.03787074550825e-05,0.00144467794953457
ALPK1,1.3566862638868,2.70554635951082,20.1641621893099,7.09110592129022e-05,0.00145372258130254
LAMB2,0.8479427350545,7.9064582336207,20.1400088157793,7.11409941646876e-05,0.0014547881322184
PTGDR2,-1.52863260616249,2.15487863150144,20.1543285725982,7.11466398983567e-05,0.0014547881322184
CAP1,1.06502964721348,5.96865805178806,20.1265759739453,7.17635114339197e-05,0.00146551078053264
MYCL,2.62522211491251,0.158083437564707,20.0689041889358,7.20997374374417e-05,0.00147048203239529
GULP1,-0.783546463665029,3.45165733609097,20.081368942048,7.28638269112584e-05,0.00148415561062045
BGN,2.85538265999021,6.07657409154988,20.0717879078298,7.30922937114749e-05,0.0014866178584991
TNFAIP8L3,2.90525486411358,2.03669931517069,20.0787053659524,7.32661416979743e-05,0.0014866178584991
CATSPERG,1.8231396680225,-0.320299698113396,20.0548998766312,7.34242099313401e-05,0.00148792001890275
NDOR1,0.95722210214832,2.03889877305796,20.0508951586133,7.36800848615166e-05,0.00149119834584988
THBS3,1.85902161523812,4.27725039428874,20.036100455495,7.39768040454245e-05,0.00149302017232621
NFIL3,1.07349674452038,4.12762694194913,20.0353776702726,7.39898865038868e-05,0.00149302017232621
LEP,5.94295736098673,3.34437403990025,19.9747609282513,7.40527453428664e-05,0.00149302017232621
ADAMTS18,3.93909282779952,-1.09579711823349,19.0883114975627,7.45169484341709e-05,0.00150047024375642
CYS1,2.23166618014,2.38848716133102,20.0078567426271,7.48359473863194e-05,0.00150050091236939
RNF215,1.02510616066046,2.42577849098028,20.001691911172,7.48734237465776e-05,0.00150050091236939
DBH-AS1,1.98727378755941,-0.210077825326763,19.9895896119704,7.48845979822859e-05,0.00150050091236939
STING1,1.79721185335587,4.93036544172156,19.9923090117633,7.50646498460058e-05,0.00150050091236939
JAZF1,1.20297791004787,3.10218332640245,19.990650989447,7.51248448280418e-05,0.00150050091236939
SCARA5,2.06551207981409,5.83182669033259,19.9859044896816,7.52246232633534e-05,0.00150050091236939
FKBP10,2.3310022095238,4.49399330037222,19.9842181348202,7.52759655034812e-05,0.00150050091236939
RIN1,1.42456332623933,2.11480854871816,19.980315844234,7.54685830968503e-05,0.00150245054816054
DCHS1,0.928636310751291,4.89869843835269,19.9703841203979,7.56170895478945e-05,0.00150351821589145
PRXL2B,1.50429433074718,2.45483030005813,19.9665385812882,7.57861144857653e-05,0.0015049906719999
EFHD2,2.1388237168426,4.16502575166219,19.9493189896594,7.61649403336076e-05,0.00151018517993747
SLC9A9,1.59318691841919,2.48863762091509,19.9434448978031,7.63777801582056e-05,0.00151018517993747
EBF1,1.80627242306687,3.99910700525853,19.9405530709161,7.63865000007735e-05,0.00151018517993747
SNCG,2.5397907705578,4.07516923291828,19.9395027017666,7.6428883341317e-05,0.00151018517993747
COL6A2,2.25066730659845,9.00485926270599,19.9127953896001,7.70912995640693e-05,0.00152137711605455
NAGK,0.877574707527225,4.80697986016236,19.8947274707099,7.75614595863157e-05,0.0015263710541086
LINC01915,2.01648967357142,-1.38174725362362,19.6206502632344,7.76088489801693e-05,0.0015263710541086
AC090204.1,-1.55312984169877,-1.41029729717105,19.9748306203781,7.76333103812413e-05,0.0015263710541086
FBLIM1,1.9992556680966,3.33055729323999,19.8883661661691,7.77614344321319e-05,0.00152699560278314
TGIF2,1.34282125068454,2.08665321616324,19.8808575945518,7.80249811400324e-05,0.00153027459916596
CPLANE2,1.3486381017255,-0.640983038108414,19.8806902129585,7.82474060846491e-05,0.00153166321050568
RNF125,0.937271125569369,2.69611243573393,19.864632401909,7.83836366646004e-05,0.00153166321050568
TRAM2,1.08177210641632,4.19905726673894,19.8633312873197,7.83857426465643e-05,0.00153166321050568
MYO15B,1.19316849164079,5.94304186934873,19.8554094229957,7.85917440945123e-05,0.00153222822429749
CHRD,1.37065010735209,3.74159850238788,19.8551474552975,7.8608035991283e-05,0.00153222822429749
CLMP,2.40065282333658,3.46983043429537,19.8518791172406,7.87347093849621e-05,0.00153281196513943
COL19A1,3.90083943563083,0.21161630090046,19.4695441237518,7.88864722816323e-05,0.00153379437992283
GATA6,1.88663713094311,0.255500356054958,19.8567563585985,7.89787476504721e-05,0.00153379437992283
CGAS,1.54311048772382,0.38020098008771,19.8505504907414,7.92995886115173e-05,0.00153498676727778
MKX,3.86374461698764,-0.392609341322327,19.1957034782321,7.93307353063988e-05,0.00153498676727778
CILP2,7.62252790691282,1.57719004259862,18.809127650855,7.9773459019941e-05,0.00154089196955088
ZNF521,1.49524163989408,3.12770050201591,19.8099680882672,7.98303973623573e-05,0.00154089196955088
FANCD2,1.42500289999569,0.535798999974243,19.824464282393,7.99611493854206e-05,0.00154153811959947
PICART1,2.28170240815359,-1.88182643183325,19.1695151022326,8.01883435111346e-05,0.00154403970792339
RAB34,1.97229412170948,4.00545569738925,19.7898154514024,8.0358075223488e-05,0.00154543011901288
ZCCHC4,-0.658602474062504,2.91201111299442,19.766730638725,8.08379736317774e-05,0.00155148586301745
COL4A1,0.960820430394282,7.42719179897007,19.770499035532,8.08687652459401e-05,0.00155148586301745
DGKA,2.01567238272963,2.81920558800719,19.7526804336539,8.14353761499787e-05,0.00155628486520181
LCAT,1.21962557150476,3.64243255259612,19.7417384719251,8.1664369228344e-05,0.00155628486520181
RABL2A,1.03308175113768,3.05874614062802,19.7386665963496,8.17627568574327e-05,0.00155628486520181
RTCA,-0.625917712104998,4.7332063833338,19.7355043549015,8.18275789130162e-05,0.00155628486520181
ITGAM,2.48336729258094,3.17842798508452,19.7372319361322,8.18634979366535e-05,0.00155628486520181
EHD3,0.97619610209136,2.10685114410902,19.7340066998544,8.1946089396508e-05,0.00155628486520181
DOK1,2.39530295017095,2.48091013063363,19.7358942360006,8.20033718777299e-05,0.00155628486520181
SERTAD4-AS1,2.44337113285971,0.252077624304989,19.7088356500932,8.21857795772281e-05,0.00155628486520181
LINC02202,1.73162774824739,1.14955683704384,19.7326033801588,8.2299698439945e-05,0.00155628486520181
TUFT1,0.779449287130512,1.67126521351286,19.7089638834901,8.23392489922388e-05,0.00155628486520181
CLIP3,1.73814417453979,2.34483746222823,19.7167511829261,8.24605726431958e-05,0.00155628486520181
COL16A1,2.17901888190461,5.29656920327508,19.7091751893062,8.25592128461684e-05,0.00155628486520181
ITGB3,1.71187238078403,0.968815479059823,19.7197571119035,8.27118285791208e-05,0.00155628486520181
SMOX,0.828212783895594,1.53758532918132,19.6962769676613,8.27403468765862e-05,0.00155628486520181
CD151,1.31959390786398,6.4847376656116,19.7008614443005,8.27884231315154e-05,0.00155628486520181
CALD1,1.06316966789016,7.25264543387202,19.6880883291071,8.3145719448336e-05,0.00156023623105245
GLI2,1.18231454984311,1.45536301025439,19.6936382746128,8.31981252041307e-05,0.00156023623105245
LAMB1,0.966665471861222,6.22157444061782,19.6828057774524,8.32939894914096e-05,0.00156023623105245
RHPN1,3.55132349864425,1.57388041408214,19.6757198067481,8.34273366107455e-05,0.0015608890239321
LPAR1,2.1251058655761,3.55681947843287,19.6735879615266,8.35859774245047e-05,0.00156100409616634
ARHGAP33,1.1788469432541,2.61997800642186,19.6725239894062,8.36304964753721e-05,0.00156100409616634
CALML4,1.43347390706825,0.19175893418425,19.6869978024712,8.38351298665412e-05,0.00156298270940598
CCDC159,1.13941725474357,2.58846556416282,19.6540508241549,8.41532445387092e-05,0.00156706987803164
AC103691.1,2.6523457986416,-2.28851940151199,18.7139109299966,8.4574410566021e-05,0.00157306418337997
SPHK1,2.66288817998838,2.72147996845209,19.6405117468311,8.46831523679219e-05,0.00157324022927838
RUNX2,1.61896621140111,0.92749109519482,19.6423395168026,8.48975478894288e-05,0.0015752197950956
ESPL1,2.10671603817243,-1.51454314633689,19.2581128223646,8.50747798216162e-05,0.0015752197950956
PRKCD,2.31855558860838,3.49491614901651,19.6212393933197,8.50879121980079e-05,0.0015752197950956
CTSZ,1.25483242073004,5.85054091148918,19.6160564458048,8.5191605833543e-05,0.00157529915711103
ADAMTS7,1.80186215417863,2.59902086273416,19.6107171699279,8.54359645601177e-05,0.00157797637573914
AL139274.2,-0.992521165977678,-0.778790287985775,19.6567924209082,8.57823322526779e-05,0.00158252924238438
RIPK2,1.44235904659504,1.58397273071468,19.5925816162665,8.60915445450618e-05,0.00158638686791348
PABPC1L,1.61661767513327,1.47024243489844,19.5840129127764,8.64054862957255e-05,0.00159032257994003
TENM4,1.15481940069556,1.39724517557768,19.5722700738693,8.66894724789264e-05,0.00159369845750991
ITGA5,1.28113365183634,5.65979001743624,19.5551578194642,8.69633530522426e-05,0.00159520816671511
ITIH3,2.11272779082983,2.29768635761546,19.5593548883058,8.70219251131006e-05,0.00159520816671511
EGR1,3.56059658600104,5.32286928466908,19.5520175208808,8.70735826470984e-05,0.00159520816671511
MGST1,4.2051854081758,4.51543393994849,19.5500037963594,8.72471958600012e-05,0.00159654308636656
DOCK10,1.65918620551907,2.45118912779683,19.5348112126996,8.76588793335391e-05,0.00160222636770311
MIA2,-1.11693334952389,2.06860263724775,19.5290286793857,8.77834329864363e-05,0.00160256738804123
LINC01140,1.74525883749548,0.954035558768639,19.540353207503,8.78797917718073e-05,0.00160256738804123
PLEKHA5,1.36225425271087,2.54545106251079,19.5190744334334,8.80943209474201e-05,0.00160463299316525
MYD88,1.62775237710559,3.46640459688284,19.5062058117369,8.84342348792876e-05,0.0016055803163718
TNFRSF18,3.2040538368011,-0.986780755244245,18.9096745677013,8.85680569364924e-05,0.0016055803163718
TMEM198,1.8430201276309,-0.0181318440656359,19.5094765364475,8.86231031902607e-05,0.0016055803163718
ADTRP,3.93311966568761,-2.14073631117233,18.6808366015424,8.86731528925924e-05,0.0016055803163718
EHD4,1.41205191451512,4.38971396584731,19.4949970550399,8.8754234690585e-05,0.0016055803163718
ADIPOR2,-0.755635848417117,5.9143269606103,19.4869856012438,8.89919764720609e-05,0.00160701435207362
TBC1D16,1.2683726928982,4.53689440100613,19.4849362281697,8.90557506381686e-05,0.00160701435207362
LINC01013,4.72014609020677,-1.96268526757664,19.2305206583954,8.91998494544541e-05,0.00160701435207362
TP53,1.09647129016204,2.93929184522658,19.4778076167609,8.92997638346788e-05,0.00160701435207362
N4BP2,-0.786539569311936,1.62238030672054,19.4721907191332,8.93405467392475e-05,0.00160701435207362
PAQR8,1.18986005664563,1.4232958272797,19.4710324007309,8.97072358566079e-05,0.00160990804646559
NEGR1,1.20498472594458,4.00178160359742,19.4623155133257,8.97454789695098e-05,0.00160990804646559
TRAF1,0.979319561386248,3.11067048864136,19.4607515154506,8.98061912712554e-05,0.00160990804646559
MPPED2,-1.15542877080144,2.62280813581276,19.4375830738762,9.05183599320478e-05,0.00162084118626346
MMP23B,4.18018370822514,1.54141885368332,19.3530324106929,9.11465716041903e-05,0.0016255307851587
WHRN,2.47264028058499,0.731024303533303,19.424269460008,9.11677715381109e-05,0.0016255307851587
FSTL1,2.5328750359399,7.9597700751109,19.4150687663317,9.11870660474601e-05,0.0016255307851587
SH3BP4,0.888292208560827,3.74400365557589,19.4151400847247,9.11905640188104e-05,0.0016255307851587
AC234582.1,1.69117220927727,-0.289624676231938,19.4177162622572,9.13614398397794e-05,0.00162674689566403
NT5E,2.65635317037848,3.59377599128208,19.405445140152,9.15507717482477e-05,0.00162828852962344
CCDC78,2.48678393305844,-1.18800409287866,19.0315665172599,9.17282327978686e-05,0.00162961581294599
UBE3D,-0.59375029379038,1.10258784411571,19.3877492769849,9.18616733167187e-05,0.001630158944065
S100A11,2.46169741729544,5.36594228202184,19.3874308181175,9.2049183124109e-05,0.00163029974142057
LINC01088,2.1055468555639,0.00414289660045071,19.3819918339133,9.20753624390367e-05,0.00163029974142057
ARF3,1.20554490092709,4.46292471499448,19.3797430822346,9.22883326527215e-05,0.00163224688342375
ARL4C,2.64762591007724,2.36735920746229,19.382063653547,9.24988356703179e-05,0.00163414609684228
FMOD,2.53473793806903,5.4603131233241,19.369293769525,9.26173991379265e-05,0.0016344186237625
ENSG00000279508,3.4668427840161,1.4550921915335,19.355850238338,9.29121960176873e-05,0.00163732357690928
MYL9,2.13052412633759,7.52244950935144,19.3543137481524,9.30861804824781e-05,0.00163732357690928
MEIS2,2.41821091191409,0.589877402092318,19.3604305691795,9.30919759446749e-05,0.00163732357690928
SLC4A8,1.50403023914811,-0.77197570831245,19.3339296078421,9.35620664457861e-05,0.00164120312606251
SLPI,3.02813549589489,2.34329293119338,19.3502095794573,9.35948125438314e-05,0.00164120312606251
TBXAS1,2.53007096437646,1.91302094857704,19.3493881300645,9.36232489405256e-05,0.00164120312606251
PCBP3,3.89249757859859,-0.399643300587649,18.710892837764,9.3855268860297e-05,0.00164194218906615
HAND2-AS1,2.79339309575443,-0.348016861618954,19.1518213338264,9.39861505380659e-05,0.00164194218906615
MYO1E,1.05284621008907,4.04336665153952,19.3214060946009,9.41358315437647e-05,0.00164194218906615
SCAMP5,2.45547526519379,0.8155317222636,19.3314014328221,9.41629405472162e-05,0.00164194218906615
CDO1,2.63071677475842,3.34789263246199,19.322602588329,9.41834700486611e-05,0.00164194218906615
PRRT2,1.85874976277503,2.36964200113784,19.3100502456739,9.46359348374901e-05,0.00164397054150702
RBPMS,1.56606563295445,4.99458659896932,19.3037719688185,9.46992848048053e-05,0.00164397054150702
PCSK1N,3.70827856713668,-1.96463543769685,18.3626850671223,9.47109725846154e-05,0.00164397054150702
SLFN11,0.833373031915021,4.25326479223033,19.303315521347,9.47147790998869e-05,0.00164397054150702
MACO1,-0.718244506313688,4.96549687304223,19.2947461834607,9.49889816223415e-05,0.00164692603038211
EML3,1.63694550385179,4.49795151369321,19.2858640875442,9.52807334832764e-05,0.00164856315139027
VASN,2.38738774487479,3.94419668831849,19.2863135490776,9.52914650516492e-05,0.00164856315139027
LINC02593,4.50721149171313,1.38197738308864,19.114768023877,9.56510798824648e-05,0.00165298000315967
NHLH2,5.00010596537834,-0.481031966540986,18.3048155041221,9.59938227877838e-05,0.00165687777684735
RIMS3,1.34418119775725,0.784103139359612,19.2710403383907,9.62760319919441e-05,0.00165687777684735
FKBP11,1.7338632062839,2.18807635175049,19.2540018518509,9.64686045886381e-05,0.00165687777684735
MFAP2,3.9823929665536,2.40246339563292,19.2594937150193,9.64724098034336e-05,0.00165687777684735
ACTG2,3.75648250753397,3.9601487800292,19.2540605691933,9.64766115803041e-05,0.00165687777684735
ELOVL1,1.35109063245818,4.07384690608036,19.248451637394,9.65039558295013e-05,0.00165687777684735
PLAC9,3.02532001764775,4.77342320767829,19.2369098937018,9.68965137142401e-05,0.00166181715674195
ARC,2.86984781959824,-0.867318950350798,18.8529820737801,9.7054817576904e-05,0.00166273264231481
RENBP,2.36300780012372,1.88807153128066,19.2385605961183,9.7184435672885e-05,0.00166315523985768
CAMK1,1.82062432884652,1.31630706169666,19.2183277913517,9.79066435245437e-05,0.0016737072059692
EVC2,1.75968559821024,1.42355348705578,19.2046825748858,9.83096948492582e-05,0.00167878635159073
BMI1,-0.584535226290981,4.97292904356481,19.1676377582789,9.91020042222174e-05,0.00168762516345812
SORBS2,1.44270179952229,4.54343718035914,19.1693496116865,9.91338473950266e-05,0.00168762516345812
KIAA1109,-0.939088127570222,6.32483699309381,19.1688627067326,9.91467802851967e-05,0.00168762516345812
CHD3,1.55450895284479,5.43952684583086,19.1498164348787,9.97937149643747e-05,0.00169681437879876
DNASE1,0.721248462836876,2.83353355948741,19.1376400430029,0.000100078646725094,0.00169795128116904
TGFB3,1.06785644503955,4.63821136466559,19.1366560262716,0.000100242619852279,0.00169795128116904
FMNL1,2.21884736716957,4.04437501350713,19.1344207767298,0.000100338162770096,0.00169795128116904
LACTB2,-1.00170047752562,3.53613467260677,19.1314434048055,0.000100428700447497,0.00169795128116904
PYCR1,1.34137184431963,2.5275954183195,19.1310580076409,0.000100503458177356,0.00169795128116904
SLC2A10,1.6495772594183,1.97661627214214,19.1274444609148,0.000100750312825441,0.00170030906000507
FMO2,-1.12542113578509,5.03870456207546,19.1166881732141,0.000100926304926591,0.00170146718528903
PDIA4,1.14222597153237,4.1133660131416,19.109553523672,0.000101175915169955,0.00170386262242112
MFHAS1,0.849332907415565,2.68570138071845,19.1072930011465,0.000101289927197543,0.00170397184320537
DACT3,2.10288627570601,1.9617533176763,19.1108677107042,0.000101417454565761,0.00170424260806621
KLHL35,2.39908800631331,-1.02481015542684,18.8381000662548,0.000101625968611772,0.00170424260806621
KLHL2,0.990735891984855,2.57820324344226,19.0956521184386,0.000101701962963783,0.00170424260806621
GFPT2,2.65687167381253,3.67240429885773,19.0951220793326,0.000101736196581727,0.00170424260806621
IER2,1.59032090623629,4.09187070807229,19.0846852793622,0.000102044300440584,0.00170745577769845
EEF1A1,1.90149264035575,10.9926043483341,19.0800318135414,0.000102196609793647,0.00170745577769845
MARVELD1,2.10157171669493,4.40269104706636,19.0767589054106,0.000102322342277476,0.00170745577769845
ZFPM2,-0.882545431041038,4.2342903681833,19.0753893581924,0.000102358994687545,0.00170745577769845
SYTL4,1.28010423865794,2.95885183977533,19.0698860452331,0.000102591081277442,0.00170952772345282
FANK1,2.1400946908262,-1.77158571827527,18.5895926920537,0.000102847791594604,0.00171036917189802
PLEKHA4,1.50355006681339,4.80662840645402,19.0612176977709,0.000102857438052553,0.00171036917189802
ENSG00000116883,1.42417784890601,1.06761900740927,19.0691274064821,0.000103014508012432,0.00171118543865095
IFI27L2,2.71571355448584,2.65913488618035,19.0601797472145,0.000103142823680044,0.00171152285534833
CYP1B1,1.73830472414963,3.30096095622615,19.0410968818469,0.000103599309607362,0.00171570564184856
KAZN,1.4030393428653,1.83215204412674,19.0451446689378,0.000103611427983156,0.00171570564184856
LYVE1,2.97659765581851,5.10266331931321,19.033779899733,0.000103836440401114,0.00171586980020846
LUM,2.93740461739071,6.92192941631766,19.0334173298502,0.000103837896030789,0.00171586980020846
H2AW,2.94150856452699,-0.819762549619717,18.6414167498119,0.000104085220048532,0.00171816508553031
TMEM200A,2.50485506053143,1.34206633271415,19.0328769508179,0.000104369118186496,0.00172024125220878
MYCN,1.68206928510796,0.0571094260516728,19.0341837858774,0.000104428098985603,0.00172024125220878
AL118508.1,2.76969634425596,-1.66811639067351,18.3373467574984,0.000104565432560264,0.00172071485958724
CRIP2,1.70552680083021,6.18724007851154,19.006855470362,0.000104783708823786,0.00172251808478271
MAPK8IP3,0.634997227885812,5.63662586465069,18.9936815994825,0.000105045828164874,0.00172503755329405
THBS4,2.4871149555618,8.17810911517204,18.9932325266069,0.000105272884969729,0.00172697661295579
SLC38A10,1.31883791580103,5.14766891740735,18.9844412365162,0.000105591210390995,0.0017304073537395
TMEM44,1.27938218799236,2.91747489273509,18.9740454178821,0.000106008327142509,0.00173223620895624
ITGB2-AS1,3.09918749552305,1.09762501282222,18.9665846381185,0.000106109778196911,0.00173223620895624
PYCARD,2.6392735773935,1.77473232949066,18.9823504629041,0.000106140049151039,0.00173223620895624
ANKRD13D,1.78015297604838,3.85812739450545,18.9643226636415,0.000106335319676659,0.00173363766555145
COL1A1,5.18936419478081,9.55302950529055,18.9607925223256,0.000106447701615672,0.00173368625642708
SHISA5,1.50036479702493,4.90053518488491,18.9575861420591,0.000106565986488465,0.0017338307883806
PCDH10,3.69853432898377,-1.41827172287763,18.0707705361845,0.000107727316702627,0.00174635635719282
COL5A2,2.03544317439107,5.97437180312873,18.9224807763273,0.000107854260015466,0.00174635635719282
CDC25B,1.74832334607776,4.16674152155851,18.9208767968489,0.000107922646826943,0.00174635635719282
IL17RD,1.45406198078604,2.63859490068525,18.9213159142508,0.000107969817902551,0.00174635635719282
PTGES,3.96090183916591,1.90692837013491,18.9131661518027,0.000107987347709913,0.00174635635719282
GABBR1,1.09412074234068,4.75551268638552,18.9167312874972,0.000108066987243089,0.00174635635719282
TMEM262,1.03677275398445,-0.27101668551309,18.933809823903,0.000108140917667018,0.00174635635719282
MDFI,4.4231105779841,2.09233794586422,18.8845429279055,0.000108331495048942,0.00174635635719282
IL18BP,0.848292919647789,2.22787881189293,18.9111110427715,0.000108341329723657,0.00174635635719282
KCTD13,0.956421301026776,2.27901960160342,18.9056358914584,0.000108546080712152,0.00174635635719282
BCAM,1.23037515453033,6.24527759461407,18.9024364147838,0.000108596072064672,0.00174635635719282
NRXN2,1.4487191931204,1.43790275897588,18.9073574605608,0.000108728922782519,0.00174635635719282
MSC,1.78901485042056,2.06542887094067,18.9033918162668,0.00010876845614623,0.00174635635719282
BCL2L1,0.781794426494716,4.55442120381838,18.8922411045195,0.000108977520869954,0.00174794207816412
INF2,1.07722650881782,5.56543640912656,18.8722856406926,0.000109724085658043,0.00175392192317098
CSPG4,1.26929894921612,5.52661847747177,18.8700545375453,0.000109809248557864,0.00175392192317098
AC090409.1,3.06066701056352,-2.09308178442526,17.9911981567867,0.000110033375910371,0.00175392192317098
LINC00294,0.766071030397764,2.26430193496716,18.8597982560643,0.000110039089693279,0.00175392192317098
SPATA33,1.18038084439761,1.18478201693875,18.8715080900969,0.000110104932203507,0.00175392192317098
TWIST2,4.5292349198813,1.35000662193873,18.6944506631072,0.000110125090777758,0.00175392192317098
DBP,-0.65888870380386,3.70899853065834,18.8552413104041,0.000110370218237657,0.00175606109278328
SLC26A11,0.770689473726081,2.75158673134168,18.852233648577,0.000110516942718301,0.00175663188691767
FERMT3,1.97618388270373,3.34476238081269,18.8462924060157,0.000110751108293145,0.00175685396333605
SLC25A43,1.28843150313715,2.13776805607304,18.8452222822031,0.000110863504974825,0.00175685396333605
LRIG1,-0.630298840234467,5.88048012444045,18.8323084764476,0.000111144468045475,0.00175816636885667
SIRT7,1.06072347616869,3.05117460175889,18.8349236815638,0.000111168214904675,0.00175816636885667
MYEOV,4.70748087874074,-0.513020146544379,17.9542694966253,0.000111390125995172,0.00175816666000547
ITGA11,2.27668708954621,3.88715467153295,18.8177455055318,0.00011182834433384,0.0017619907770777
CORO7,1.96297842454491,2.23748611097734,18.8181690754326,0.000111985370190563,0.0017619907770777
LINC01426,3.01641187778273,-1.29794050814239,18.2042380881774,0.000112083624784693,0.0017619907770777
ZNF600,1.440507278281,1.79217762754558,18.812205526296,0.000112227663569676,0.0017619907770777
PTGER3,3.44943271381126,2.46835185925722,18.8167402895315,0.000112324546513192,0.0017619907770777
ELF4,1.63789341082701,3.07445502286525,18.8016973736987,0.000112461181400797,0.0017619907770777
DMGDH,-1.00982705724817,1.80225425674616,18.801151931866,0.000112521907389577,0.0017619907770777
LINC02381,1.96174717291017,1.97979203748792,18.8016095581751,0.000112692854306342,0.0017629256290154
UGDH,1.41123087204502,2.92752176046884,18.7783217753207,0.000113368257055157,0.00176813269886305
SOD3,2.73397655953504,4.5246022081222,18.7734996407567,0.000113530151933532,0.00176813269886305
ERF,1.42216924437642,3.82814793400384,18.7703831063219,0.000113640060649849,0.00176813269886305
CCDC189,2.28697515823387,-1.95573198681078,18.1592079810225,0.00011370924173682,0.00176813269886305
STK11IP,0.882485608548289,3.27658144795266,18.7678391914913,0.000113742896098826,0.00176813269886305
COTL1,2.17165033971068,4.40764271579148,18.76616726137,0.000113806736470014,0.00176813269886305
ABRACL,1.71434730380962,1.23526662468836,18.7659811482741,0.000114274287762027,0.00177306349168608
SH3BGRL3,1.8016545083735,4.83733762132927,18.7521301947592,0.000114347882154551,0.00177306349168608
KCNK1,3.63913937181341,-1.04334848309776,18.0199637803555,0.000114601880569877,0.00177526490849545
IRF3,1.3013970401335,4.48176007188646,18.7388376291785,0.000114870884442746,0.00177769424391034
AL365205.1,0.859573274509809,2.1907345633456,18.736606569401,0.000115030754994449,0.00177843158477759
IL17RE,2.18764288818132,1.48532558960188,18.7275864133995,0.000115807328300347,0.00178869272083392
AC099489.1,1.43795260551915,1.3147348538399,18.7056696244956,0.000116567721865076,0.00179868421460162
AOC3,1.90338949121805,6.45689361600033,18.6905675035001,0.000116790537459115,0.0018003693065317
NTNG1,3.16389008660845,-1.57587368101909,17.9390025209679,0.00011702311480435,0.00180117665116675
IFT122,1.15311566613878,3.60195258222661,18.6838968264008,0.000117070231002824,0.00180117665116675
ALCAM,1.42214437514859,1.77802433392154,18.6781058867108,0.000117518880690856,0.00180625124837602
SLC29A3,1.72830521044823,0.683406340837274,18.6866967257652,0.000117636115046795,0.00180625124837602
PCDHB10,1.16683554430184,0.90914638206024,18.6793744233014,0.000117742004137845,0.00180625124837602
SDC2,1.59924154217382,5.53866854605893,18.661538781295,0.000117964687772419,0.00180698104820896
IFT81,-0.860377753138175,3.36117521953111,18.6605114333189,0.000118017630144272,0.00180698104820896
MARCO,5.34738593216109,3.05938997695125,18.6347733085594,0.000118242590153998,0.00180867792101391
ENSG00000261685,2.2454913145014,0.58899233386051,18.6557349919853,0.000118646809653976,0.00181311088966882
YPEL4,2.2696924702542,0.598048327188873,18.6505739941854,0.000118843015554594,0.00181435960259505
SNAI2,1.47298019442676,2.77233220517119,18.6314994906845,0.000119256279621569,0.00181832497467295
LINC01106,1.58542097498518,2.1541982722388,18.6306223807397,0.000119390474680247,0.00181832497467295
SLC41A2,2.00476491033438,0.593690930224935,18.6406888996879,0.000119446980414876,0.00181832497467295
ARSD,1.52576172776757,2.40410014977676,18.6145369163563,0.000120000187382377,0.00182499325282968
ATP10A,2.3598012829571,2.10699695480915,18.6048278684754,0.000120642975569599,0.00183250569033377
GGH,0.921133625065722,1.43537935527851,18.5805464977095,0.000121373458085432,0.00183827527510863
TRPV4,2.98772641317288,-1.18934828574359,18.0377325666068,0.000121444893920209,0.00183827527510863
GPC3,3.13083996065148,3.72134126393376,18.576739273573,0.000121587619482794,0.00183827527510863
SSC5D,2.77749212584275,3.82309740882443,18.5730623510592,0.000121685540707323,0.00183827527510863
AC005498.2,3.24321533380499,-2.64926739524969,17.7166949668078,0.00012240661281895,0.00184740723175419
PRPS2,1.59234862951802,1.75125170084596,18.5558577061665,0.000122616564544552,0.00184881512686729
RNF24,1.19828507308624,3.1831728590303,18.5444883177176,0.000122845226858913,0.00185050219584904
LINC00205,1.78811202432259,0.00397030560327236,18.5368381601899,0.000123667507276828,0.00185979097845388
GTF3C3,-0.598756427679583,4.28650483223013,18.5239045151084,0.000123696579244677,0.00185979097845388
PCED1B,2.16630569045437,1.17592424606442,18.5252929560337,0.000124241896731361,0.00186445202414951
CCDC8,2.39153275176032,2.87432404398825,18.5004191104018,0.000124867939551613,0.00186927500759017
NFATC4,2.05661739970536,4.47029238432778,18.4939880823405,0.000124992655007824,0.00186927500759017
ZDHHC1,1.34107825589311,2.68804580247992,18.4936823317765,0.000125061988889561,0.00186927500759017
PCDHB14,1.15030179013487,1.91584374645933,18.4918245352489,0.000125232993106399,0.00186927500759017
SWAP70,0.733069152059524,4.6959961637945,18.4871305963268,0.000125279098218181,0.00186927500759017
CCDC74B,2.12627697363638,-0.772156463078002,18.3843894538637,0.000125388990538799,0.00186927500759017
JAK3,2.83116251503733,2.4348818470173,18.4889282616805,0.000125594009035448,0.00187057167404581
SYTL2,1.17824506284952,4.29667064589382,18.4706135842272,0.000125999029034974,0.00187484189025093
CFL1,1.08439120146754,6.85851733954579,18.4623898141476,0.000126353442128269,0.00187835177993122
BIRC3,1.1463105556393,2.62952878546392,18.4489519401513,0.000127005349601916,0.00188627345374092
RTN4R,0.938685967828312,-0.615469674719286,18.4652208497377,0.00012725727443761,0.00188824534458128
GLB1L,1.91855392847361,1.06251588655318,18.4422246326184,0.000127859549545376,0.00189405264190363
AC080038.2,1.61606773134237,1.05775344675169,18.4403926728816,0.000127887696525328,0.00189405264190363
DOCK11,1.8702055635573,3.63750364671136,18.4248054300643,0.000128036517683961,0.00189448617715941
FAM102B,1.19619955088152,3.04408030474012,18.4127557982351,0.000128579398666454,0.00189891566077688
TEX41,3.632069019697,-0.273142710357108,18.000032460579,0.000128582510485159,0.00189891566077688
PAQR7,1.23666974432744,1.65717631656951,18.4146627041465,0.000128695363139671,0.00189891566077688
RHOC,1.29760576342472,5.57711644567655,18.4046411053419,0.000128904442826697,0.00189951219749993
GPSM1,1.84339890951751,2.46576987773586,18.4065101672167,0.000128975523727515,0.00189951219749993
LGALS9,1.52402549851121,3.33703134427082,18.3991421079385,0.000129179019199243,0.001900742727252
FBXL7,1.26277198409224,3.09387639536718,18.3941098798523,0.000129409180520887,0.00190124757094546
LGALS12,5.708235331834,2.58495017560278,18.248422742687,0.00012954413035035,0.00190124757094546
HEPH,2.05208577075398,2.1554314491452,18.3934883639139,0.00012967408202928,0.00190124757094546
MLKL,1.54079451572351,2.55187248892384,18.3883098604473,0.000129737108506474,0.00190124757094546
STEAP1,2.77821888763211,0.551923680813835,18.368760203876,0.000129813205765318,0.00190124757094546
SDCBP2,1.53483320785625,0.789245167222534,18.3957027897194,0.000129990208639002,0.00190208202797992
FAM98C,1.38105815616119,2.24797439863537,18.3728019572116,0.000130455938583173,0.00190338841129087
C6orf132,4.80610961978369,0.865147880217665,17.9543503511759,0.000130491844732617,0.00190338841129087
RASSF2,1.92425904012582,3.84508930655893,18.3683371897586,0.000130556860361358,0.00190338841129087
S100A3,2.94837460196366,-0.830054020913235,18.0013310005548,0.00013055992951809,0.00190338841129087
TMEM106A,1.62239264593055,0.918561378783715,18.3714997907816,0.000131040195403925,0.00190863416963787
LYPD5,1.62192263100163,-1.65091002016233,18.1456528235644,0.000131327741400107,0.00191106585671947
TGIF1,1.19352205228502,2.78805722242329,18.3410796457902,0.000131828583148919,0.00191169442986536
CHST11,2.01786901862806,1.50045194484789,18.3504699713043,0.000131841070198703,0.00191169442986536
DPY19L1,0.734226047258026,2.86907811836021,18.336986188614,0.000131952625718102,0.00191169442986536
RAB8B,1.00751529493086,3.48204921905984,18.3361836819757,0.000132009406579754,0.00191169442986536
SYDE1,1.23271161717066,3.59236289544871,18.3343447063883,0.000132094743528906,0.00191169442986536
ZNF311,1.86603609929848,-1.09552725142028,18.2152734255909,0.00013250527698195,0.00191419522444842
MPZL1,1.07929725888305,5.04507669669965,18.3250290171329,0.000132509128618661,0.00191419522444842
LDOC1,1.82308737683753,2.17469116075001,18.3246910676916,0.000132742417638901,0.00191581884546781
OSTF1,1.2357043613915,3.10486180510078,18.3090067063097,0.00013327917731172,0.00191802777136023
TMEM98,2.06924867501556,3.09410369681549,18.3071424789216,0.000133418682264567,0.00191802777136023
FAM180A,3.23189384215783,-0.200537976174798,18.0678542306241,0.000133422499354044,0.00191802777136023
GLI3,1.72580014032696,2.5377646673985,18.306722201007,0.000133478896906734,0.00191802777136023
IMPA1,-0.80520556094677,3.72947181920193,18.303575569718,0.000133500639351949,0.00191802777136023
TMEM119,3.49945802373192,3.40283699678732,18.3021984598949,0.000133856082551885,0.00192063240244897
PLA2G5,4.22851371067954,-0.0449784437361513,17.7455129934748,0.000133924326667894,0.00192063240244897
PRDM8,1.14631556170958,1.75608126552302,18.2960621500261,0.000134052331655034,0.00192069255415783
NTM,3.28291486897658,1.81814799115182,18.3001578859388,0.000134170925566525,0.00192069255415783
RIMBP3C,2.95370073820912,-1.85045858672936,17.5429406276705,0.000134494768835669,0.00192359079579318
CTSK,3.25892914913767,5.14399670823917,18.2741873270486,0.000134888081647105,0.00192747649221071
TICRR,1.60432635357459,-0.587240550622994,18.26790625536,0.000135097904643267,0.00192873558097465
TMEM200B,1.79878454142078,2.12208782654208,18.2626727088715,0.000135637164787666,0.0019344986630953
RC3H1,-0.692810215573051,5.23762540496667,18.2554442826436,0.00013574572558604,0.0019344986630953
MMP24,1.72408526007231,-1.2025561287788,18.1414414451899,0.000136206233825494,0.00193931732922966
ARPC5,1.44638662536943,5.06332198703985,18.2411301908626,0.00013642377391448,0.0019401303240952
SUSD2,2.15621881389345,2.7329251319702,18.2427802083979,0.000136508191542004,0.0019401303240952
LPCAT4,0.959999117919076,4.1812913575857,18.2304759703021,0.000136931757481509,0.00194440641649594
PCSK5,1.11438608557119,2.81429472227366,18.2255797902086,0.000137214982002274,0.00194668381359896
TRAF5,1.37400002429147,3.87910405089359,18.1944021625423,0.000138667943960209,0.00196378097224078
TYMS,1.50539318282727,-0.328123149208584,18.2047755313835,0.000138899490263313,0.0019649297042022
PPP1R32,1.52194965920629,0.508767476523095,18.2050840663288,0.000138997046659347,0.0019649297042022
CNPY4,1.58991491715455,2.50046526103142,18.1834363542076,0.000139303827926227,0.00196751137357123
PLEKHH2,1.50409494666253,3.53393568163384,18.1713652186695,0.000139793245442605,0.00197081590653801
IL21R,4.05589220052471,0.153273511784597,17.7671984547661,0.000139952008227079,0.00197081590653801
LTK,4.67822631839661,1.83682299123999,18.0787307804336,0.000140088358912733,0.00197081590653801
MTA2,0.758707950273171,4.6027333227506,18.1609189565605,0.000140281046551104,0.00197081590653801
RCN3,2.5575429774149,4.13945936512812,18.1605467993191,0.000140336440654033,0.00197081590653801
CHRDL1,2.28375479992893,5.00157110976662,18.1593764116001,0.00014036419667048,0.00197081590653801
CHST2,1.25451210090107,2.06722569039494,18.158196149453,0.000140565923773286,0.00197081590653801
CNTROB,0.706402482015036,3.80966264083108,18.1547867234636,0.000140583833496933,0.00197081590653801
IGSF1,2.98723954593833,1.64228445150714,18.1636953647876,0.000140731090132945,0.00197081590653801
XYLT1,1.38614744738954,2.52870419221081,18.1496660922383,0.000140926225996851,0.00197081590653801
TDP1,1.06545494929014,1.20469686590527,18.1545354697963,0.000140979228863512,0.00197081590653801
MFAP5,2.38708902048624,6.55907869991574,18.1451225556868,0.00014105400707572,0.00197081590653801
LPCAT1,1.37965761589226,3.66372438914104,18.1433646268884,0.000141154543694115,0.00197081590653801
OPRL1,2.35498100524505,-0.35251981995754,18.0702044361537,0.000141512222138778,0.00197407058471234
PROCA1,1.36651846384218,0.414102460148028,18.1505008163243,0.000141708451702524,0.00197441788821985
AFF2,3.70562665474388,-1.54312438050746,17.3134039846387,0.000141946164730688,0.00197441788821985
SFI1,1.39689215101782,3.01846841907873,18.1276908336089,0.000141962339232334,0.00197441788821985
POP5,0.670345285016537,2.97609576389308,18.1182372252267,0.00014218031485373,0.00197441788821985
ARID3A,1.31623051359037,1.80830281373184,18.1251676379758,0.000142267507311906,0.00197441788821985
KCNK5,3.58578881074192,0.0600250287521282,17.8564507960873,0.000142353272770922,0.00197441788821985
HHEX,1.35167774830594,2.65385108069404,18.1181839779356,0.000142459907982887,0.00197441788821985
FNIP1,-0.752568282647057,4.63880990463079,18.1151148828155,0.000142533859034739,0.00197441788821985
GPX8,1.9415463308183,2.80140948052369,18.1104393799086,0.000142885557345499,0.00197514307720436
COL11A1,4.43103632836606,1.7741649117146,18.0495327563664,0.000142947289641741,0.00197514307720436
CNPY3,1.68589139457409,3.56067026819092,18.107076301995,0.000142960125547637,0.00197514307720436
TRIM29,3.97867191172668,-0.201523071258022,17.587492033416,0.00014369018845293,0.0019835003627296
SLC35D2,1.25727455355296,2.06262324271572,18.0873772741139,0.000144075206741981,0.0019870842482508
LDLRAD3,1.08169729576048,1.90237098901421,18.0761611912719,0.000144649300971474,0.0019888879730411
STAMBPL1,1.05077684034461,1.12688147934612,18.0786933743685,0.000144786155059286,0.0019888879730411
FCER1G,2.74863151371236,2.69323765716356,18.0758317872735,0.00014482364801392,0.0019888879730411
TMSB4X,1.89584077842277,8.82064860559261,18.0691707018097,0.000144833515548017,0.0019888879730411
AFDN,-0.68875996482052,5.99574133861153,18.0628001215947,0.000145155532569552,0.00199158417716856
AC245884.8,1.89810759776525,-1.07444084272361,17.9494579772285,0.000145365217181819,0.00199177353323855
A4GALT,1.41607906529279,4.08332430022206,18.0577788797627,0.000145420709153594,0.00199177353323855
COL6A3,1.69301980556872,8.10648222667628,18.0519867263757,0.000145703787438753,0.00199392739165969
KIAA1522,1.10373752144673,2.91120482309269,18.0437007054004,0.00014617267087083,0.00199861804597933
KIAA1614,0.822298789918887,1.74896858497822,18.0362177669075,0.000146399894428052,0.00199999924741495
GM2A,0.678267499941571,3.97849427648324,18.0300108383081,0.000146828955528723,0.00200413303898679
FAM43A,1.08944578750341,3.68152628266077,18.0262876236653,0.00014702890676988,0.00200513518552692
RAB4B,1.57248557403861,1.04838437837386,18.029380801264,0.000147485273788866,0.00200962952169575
SBNO2,0.893857807374964,4.3437349682711,18.0141621999856,0.000147640964451988,0.00201002264920159
FAM72A,1.86734998299579,-0.624108647614786,17.972369691946,0.000148195172483722,0.00201583596424853
TSHZ2,1.68544429773544,2.93664804553836,18.0014198434428,0.000148372929567783,0.0020165229973076
CATSPERE,-0.712842566282598,-0.286951259265824,18.018967123946,0.000148713980809961,0.00201769730641734
ADRA2A,3.60204262235284,3.1576831315999,17.9954187257146,0.000149048067426173,0.00202050019204668
SOX8,1.55444968412668,1.40385917466437,17.9821195094574,0.000149756127605718,0.00202836355057078
SEMA6B,1.26304577021087,3.56237523375943,17.9697132691311,0.000149964488998639,0.00202945111627791
PLEKHG6,5.22277585150415,0.213019066431571,17.2038068223309,0.000150352152135582,0.00203162361842309
NABP1,1.50529417203347,2.88485874563205,17.9627910067784,0.00015038142893988,0.00203162361842309
PCYOX1L,1.16133160185264,2.02673136996607,17.957256877,0.000150760581059504,0.002033964828415
NAALADL1,1.98457569455914,1.51773011857219,17.9590459417398,0.000151042193781668,0.00203534493610382
GABRE,2.09767478835706,3.98195173203707,17.9458574142465,0.00015122956864879,0.00203613846591111
DNER,3.70260089793151,0.0548990800862716,17.63165894714,0.000151853020408283,0.00204077148787771
CHI3L2,5.01379010585868,0.99969562533532,17.5104026628363,0.00015194383227292,0.00204077148787771
FCRLB,1.66333737423006,-1.53204824218827,17.7651530232302,0.000151960014873206,0.00204077148787771
KIF3C,0.647224253035825,1.90352662823532,17.9187382548364,0.000152226388721119,0.00204261776635358
ACTG1,1.27086750817161,8.94061979075648,17.9194888172782,0.000152603073508639,0.00204489518526738
EMILIN1,1.6841524798383,4.47523304198611,17.9186713599608,0.000152654193485916,0.00204489518526738
MEX3A,2.622258642537,-1.07980311366407,17.5885674937862,0.000152825136990309,0.0020454560353762
TLE3,1.19387328707418,3.81112669169719,17.9025440288297,0.000153523647571633,0.00205134000258656
RFX2,2.1393314978846,2.73652812656079,17.9007096712634,0.00015378480928803,0.00205309846064651
MYMK,6.06598866340823,-0.138637228934716,17.1369541309195,0.000154224716564767,0.00205594030387519
TNFAIP3,0.859079379145551,3.52570872279304,17.8889377555004,0.000154257147807636,0.00205594030387519
MYO9B,1.09076582178165,5.04683936645358,17.8806066554368,0.000154694580210311,0.00206003782570823
KCND1,1.71057667114667,0.103608222469486,17.8896874556931,0.000155035472636749,0.00206284394196017
AL390066.2,1.92463395247851,-1.19969464711633,17.7191125821364,0.000155495195570844,0.00206443944384262
GSC,2.34377858980849,0.287566560425282,17.86250455236,0.000155506462290561,0.00206443944384262
ATE1-AS1,1.55163434799662,-2.33867895912631,17.3467878253764,0.000155817256318759,0.00206582365397277
TMEM45A,2.98366087980275,1.37449944105043,17.8653553012717,0.000156002514809776,0.00206582365397277
SOWAHC,0.999602204229508,1.90889515191194,17.8513293203609,0.000156448150525494,0.00206582365397277
OLFML2B,1.91135146367134,4.5489325939831,17.8477678520624,0.000156492752650165,0.00206582365397277
TNFRSF25,1.44120576052204,3.45653256846136,17.8462883726646,0.000156588774865218,0.00206582365397277
COL1A2,3.60383533117609,9.73681040792642,17.8440513142984,0.000156685165734133,0.00206582365397277
AC040970.1,2.79976739763673,-2.40365405127035,17.0093941881071,0.00015668681410636,0.00206582365397277
CD70,5.9504810661057,-0.297417779509554,17.1115326087146,0.000156693382474618,0.00206582365397277
ARHGEF1,1.40991284685758,5.44407473337949,17.8386227914324,0.000156985082736937,0.00206794896602846
BAZ2B,-0.60463037404877,4.52236676324224,17.8181705228457,0.000158112416036265,0.00207791303790277
NPDC1,1.62853463870681,5.33080024930721,17.8155658569211,0.000158258381745019,0.00207791303790277
ODF3L1,3.55384757709836,-2.24196899242191,17.0206744464406,0.000158286175780322,0.00207791303790277
CHSY1,0.783778284238675,3.5366991845489,17.8142100304405,0.00015834451145581,0.00207791303790277
APBB3,0.608806913004646,4.22971859659458,17.8110939237909,0.000158397106694425,0.00207791303790277
PPP1R10,0.623527975426569,4.31383519257834,17.8102900009436,0.000158551443224892,0.00207821730420585
CFB,2.50086190626515,0.350640692243897,17.7923861012604,0.000159039415814638,0.00208289059703684
ASPRV1,1.02795861598967,1.48031110225238,17.8032206072316,0.000159240088430059,0.00208315347891189
CKS2,1.14132414037184,0.377160561865064,17.813807683618,0.00015937589639328,0.00208315347891189
RUSC1,0.985467191898785,4.12711938311734,17.794155174041,0.000159453850566045,0.00208315347891189
SMAD6,1.10908764561878,1.99643261931914,17.7865229762901,0.000160038777069763,0.0020889795702423
CDC42BPG,1.76067672424116,-0.837290768982875,17.740614681803,0.000160163449097267,0.0020889795702423
COLEC12,1.6382107415663,4.08878226859689,17.7780857608064,0.000160363731502173,0.00208987175420636
ARHGEF19,1.64787946990255,0.741956052644829,17.7844819166697,0.000160843579164171,0.00209440279294545
CYBRD1,1.681303927678,6.59570599335502,17.7530009625711,0.000161766873741203,0.0021043677048038
SLC43A3,1.25441492375396,3.65268295588282,17.747574266281,0.000162089797977504,0.0021043677048038
PEX1,-0.711072003605787,4.62116284352413,17.7471487647561,0.000162099592913559,0.0021043677048038
PHETA2,1.806508221911,2.37311512613998,17.7467435140035,0.000162323150785842,0.0021043677048038
CTXN1,3.8870213654585,-0.858828010230781,17.0669682042774,0.000162348886634929,0.0021043677048038
OTULINL,2.01772128760343,1.38358765098,17.7507641464721,0.000162531301314967,0.0021043677048038
RAB27A,1.11359608943876,2.62955818495279,17.7407582159056,0.000162538402895176,0.0021043677048038
TMEM87B,0.65210552538184,3.03518788681153,17.7315480720353,0.000162723977379309,0.0021047735870468
TMEM26,-1.48499674233041,-0.590636508927284,17.7924756128193,0.000162835389519744,0.0021047735870468
DLGAP1-AS1,1.97156094560653,0.559704098856546,17.7444269692208,0.000163071482763427,0.00210610740615488
IGFBP7,1.35643301308978,7.99069007895469,17.7254823545319,0.000163336845669485,0.00210781676980808
IGFBP6,3.18919743210042,6.08486803512253,17.7217106087126,0.000163558474186092,0.00210895943077868
FOS,3.66434209825531,5.62141284534038,17.7187129052843,0.000163748703050237,0.00210969568881065
APPL1,-1.07903006674991,6.33048273473928,17.7110317328013,0.000164167776162711,0.00211001813831719
PKP3,1.65984235728405,-1.29299346376884,17.610423059254,0.00016427057812827,0.00211001813831719
ENSG00000269936,1.78843678934837,5.77551854330885,17.7066526284574,0.000164422232407747,0.00211001813831719
SPECC1,0.831129541263336,3.44113680234547,17.706132681849,0.000164466017906628,0.00211001813831719
AGER,1.45452225945206,1.71961662266467,17.7107410348614,0.000164508967711211,0.00211001813831719
ATP11C,0.951604253567584,2.81654415929555,17.704954325857,0.000164572626930021,0.00211001813831719
CALHM5,0.630858377226769,3.63355055417229,17.6945261360284,0.000165000104181162,0.00211378872349142
TKT,2.20466720199543,4.94424469566222,17.6906630830597,0.00016535449468829,0.00211661767150673
IGF2,1.29392834050747,6.92349064240733,17.6858253255493,0.00016562788888342,0.00211840609776881
GFOD2,0.700932152980132,3.4649886360517,17.6815211549324,0.00016589186268017,0.00211976025930893
TUSC3,1.00612611502991,3.15701819714359,17.6799286328027,0.000166001292471911,0.00211976025930893
CHN1,1.40081261512076,1.77868343122098,17.6707905134844,0.000166797001881532,0.00212763144299913
TWSG1,0.828824362341671,3.77901683336114,17.6638731083647,0.000166918083691058,0.00212763144299913
FRMD4A,0.891827096500802,3.31819549577173,17.6608214837345,0.000167108947252672,0.00212763144299913
STMN3,2.09169592151505,3.61268146439582,17.660552301889,0.00016715473884861,0.00212763144299913
E2F2,2.67846656445773,-1.65066046260604,17.1005204170123,0.000167579357524153,0.00213132430071047
BACE2,1.39240454716702,4.16655441929076,17.6474331607417,0.000167890280532024,0.00213257116132468
ADCY6,0.798412976266852,5.55739206176061,17.64627914687,0.000167946539366012,0.00213257116132468
EGFL8,1.0368722338326,1.32087973283955,17.6466280197361,0.000168309856088739,0.00213501735682579
ARHGAP22,1.39505405208188,1.8329169223117,17.6431060535348,0.000168408638608711,0.00213501735682579
BATF3,1.89472412563105,0.0304962105789168,17.6436531865549,0.000168569914013933,0.00213535365897585
FBN1,2.43453846843081,7.25193384366001,17.6327647461853,0.000168746704937488,0.00213588580922075
MARCKSL1,1.10212188361403,3.13602022203395,17.6296647213662,0.000168965023050533,0.00213694231467023
PCDHB15,0.973683776030042,1.53035173678628,17.6285205154259,0.000169281556275258,0.00213923829529028
NPL,1.19892738695025,1.94214422678834,17.6175692962005,0.000169856811869177,0.00214479752804051
BIVM,-0.61434346332955,4.46810800418439,17.6061953723543,0.000170331972187784,0.00214767441231819
PAX6,-0.68447574800676,0.675651450644541,17.6056360187999,0.000170355697373885,0.00214767441231819
AIRE,3.92980685393579,-2.07113765437616,16.902361233707,0.000170539790962729,0.00214828622208773
HAAO,1.65778430858341,1.45228316208037,17.6040090904956,0.000170974345242276,0.0021520496021083
TTC25,-1.13261268382279,-0.267854361266287,17.6272827436571,0.000171291361655101,0.0021543287366257
SH2D4A,1.51616625255663,0.563881919036292,17.5988943232036,0.000171749137957528,0.00215837318732193
VIT,1.31365689463559,4.11669951277409,17.5799481480977,0.000171922164522542,0.00215883561108456
C3orf70,0.984801832987338,1.39158743694493,17.5801821443594,0.000172248799325257,0.00215965555986973
DAP,1.87714030443712,4.14662741784049,17.5725652585657,0.000172378393932961,0.00215965555986973
MFSD10,1.43875270697396,4.20380732747917,17.5721783524903,0.000172396307391633,0.00215965555986973
HOXA10,-0.932670890925511,5.00983497436519,17.5674754258428,0.000172670036882803,0.00216137604619414
OSER1,-0.665906309903004,5.19364504668532,17.5432435931758,0.000174150595322045,0.0021757624980943
PRCP,1.17186507583252,4.85864203976144,17.5419614853748,0.000174231249452998,0.0021757624980943
GYG2,5.8510218228672,3.28208947383005,17.4967380767094,0.000174416853807415,0.0021763652616426
NMB,2.77157194375936,1.7054080663887,17.5414722465578,0.000174994205728897,0.00218013614637251
ZFP36L1,1.04326201546081,6.31600400421732,17.5264872401431,0.000175182233101135,0.00218038716135894
RAB6B,0.762099861195731,2.50726867439409,17.5244895627022,0.000175289533891039,0.00218038716135894
CBR4,-0.686744782809066,4.50438005284252,17.5198590478686,0.000175592367079935,0.00218244097342411
EBAG9,-0.715214517532094,4.30856641107956,17.5069027114782,0.000176396624999951,0.00218683419823373
SH3GL1,1.45146437739586,4.24662449593268,17.5053709723956,0.000176500880150128,0.00218683419823373
PITPNM3,1.23041193264112,1.38670886730331,17.5098489800712,0.000176635815847743,0.00218683419823373
CPT1C,2.00800873076191,0.47166843443385,17.5069305851532,0.000177197878146336,0.00219208023027712
SMPD2,1.40093545338594,0.745202288241686,17.4893413797845,0.000178371450655995,0.00220487705034754
SPAG5,1.15575372938014,0.297026503679089,17.488310010934,0.000178736111590207,0.00220749981480818
ADAM33,1.91746308334418,5.16423889120137,17.4672970192805,0.000178882144176462,0.00220749981480818
CAPN5,1.42332201771568,2.64502294582224,17.4629506717798,0.000179259751829989,0.00220749981480818
ELAVL2,3.41767402625712,-0.623749455678142,17.0333589409265,0.000179287621881631,0.00220749981480818
SLC12A9,1.55824309490524,3.75431319767979,17.4572537652175,0.000179536027799109,0.00220749981480818
CD99,1.70926198282085,6.76907861678134,17.4561897922654,0.000179581657088379,0.00220749981480818
FBLN5,1.24366697381409,5.34971708039187,17.4549642514392,0.000179661268622845,0.00220749981480818
C3orf14,1.95144403605361,-0.0645683816100882,17.4545140550562,0.000179803533497209,0.00220749981480818
SLC8B1,0.771121294425135,4.27492577857257,17.4466031131741,0.0001801929265626,0.00221015271458013
SHC2,1.85416716355034,3.76184074700664,17.4405748859014,0.00018060508857621,0.00221349484815715
ATP10D,0.838052536085099,2.58944981495633,17.4349214172872,0.000181004276633265,0.00221540925901696
DDB2,1.10422335631005,3.46712630850948,17.4326205735591,0.000181102343837529,0.00221540925901696
EMID1,2.33534033095922,1.09296381322669,17.4422327984049,0.000181270604803439,0.00221540925901696
EHD2,0.965910773477709,6.49678220342904,17.4289071909453,0.00018132049024705,0.00221540925901696
C11orf80,1.97390061983504,0.708377442050733,17.4359375702958,0.000181778882401322,0.00221728449708721
MXRA8,2.04938960221683,6.17200921711416,17.4202257145539,0.000181879403463504,0.00221728449708721
ARHGEF25,1.56990977522756,3.98702570343808,17.4202175533338,0.000181893724125284,0.00221728449708721
ACER3,0.861473581365112,3.13773297333309,17.4103937048799,0.000182541026168183,0.00222328538714986
DENND6B,2.1847334020388,1.70691238661125,17.4146945917231,0.0001828427988253,0.00222328538714986
SAMD11,3.92833328705047,1.05542159726709,17.3177531362606,0.000182911092898811,0.00222328538714986
BBC3,1.38026897701303,1.83394280361693,17.4081044410072,0.000182947191572122,0.00222328538714986
KCNK3,2.98277605800341,-0.238259845766965,17.2364316305324,0.000183237291104006,0.00222510448438711
PLPP5,0.887194641845648,2.93520279084935,17.3904985580006,0.000183843783374683,0.00223075990439403
TGFBR2,1.23106728227038,6.53095712854708,17.3796191586088,0.000184507265248294,0.00223709765293781
ANKDD1A,1.65698745367882,1.94479289959186,17.3803755234923,0.000184782040122093,0.0022383835681484
THEMIS2,2.3103530366918,2.93551076412358,17.3753245979337,0.000184975572817327,0.0022383835681484
C2orf69,-0.912451393623986,4.14212335681585,17.3715198009724,0.000185037071639705,0.0022383835681484
NSMF,1.03031947727255,3.86760771510684,17.368412079688,0.000185249901318404,0.00223924880716456
MMP2,3.14446789381308,7.73180834392276,17.3628191405374,0.000185607046339204,0.00223961545627992
UNC93B1,2.19283143580861,3.0848920468929,17.3631228729962,0.000185713746129789,0.00223961545627992
OAF,1.86892552382247,4.76284262437217,17.3590859768381,0.000185858166867803,0.00223961545627992
LINC00330,-1.96802892655688,-2.04121934061922,17.189980884523,0.00018597875359872,0.00223961545627992
ZNF836,0.83737854329831,0.811734814902544,17.3578108864669,0.000185986870730383,0.00223961545627992
TMC6,1.46587528083996,3.48627406886639,17.3528619705447,0.000186290883434321,0.00224157299148343
ALDH18A1,0.944276982397996,3.04953400150668,17.345722046669,0.000186773748455613,0.00224567799072542
CARD9,2.19066821482217,0.490945151575489,17.3487696050659,0.000187132900606847,0.00224609582716318
TMEM231,0.83308365225413,1.77163851634494,17.3374086070859,0.000187233709073172,0.00224609582716318
SMIM10,1.49549054640237,2.24067487819173,17.3334489483309,0.000187735537143508,0.00225041229736245
BTN2A2,1.11542459361928,2.13818239546091,17.3241816123722,0.000188315187616142,0.00225536006466057
ASL,0.981623515250533,2.67871077761799,17.3180787575247,0.00018864205676848,0.00225536006466057
CLDN11,1.95580696539714,1.09254662886882,17.3271463678165,0.000188801098100149,0.00225536006466057
CORO1B,1.44988679668504,4.32452167292313,17.3123792248744,0.000188958678105364,0.00225536006466057
GAL3ST4,1.80004247560446,1.57884118140262,17.3177349953635,0.000189129494605678,0.00225536006466057
BASP1,3.81209282403705,2.94153326992643,17.3186929111293,0.000189220283502461,0.00225536006466057
VEPH1,2.23406017647794,-2.08006337749799,16.7442192307075,0.000189288868180751,0.00225536006466057
PPP1R12C,1.09913598272505,5.70754479388686,17.3069758175145,0.000189312878019724,0.00225536006466057
PIP5KL1,2.491158204061,-1.47882663712242,16.8998446065724,0.000189429181931168,0.00225536006466057
PROSER3,1.0042350736959,1.458500786325,17.3018756585292,0.000190005503470037,0.00226052343355081
GNAI2,1.12316890123287,6.83096881764661,17.2751040266112,0.000191462914089319,0.00227582805295454
C15orf39,1.5343438931135,2.88931075820741,17.2726933515773,0.000191713034955509,0.00227582805295454
TMEM107,1.72025409217348,0.564613388441157,17.2855418523089,0.000191798015162139,0.00227582805295454
CCIN,4.65366554530338,-2.41169442226111,17.451440287638,0.000191988253302037,0.00227582805295454
PPIA,1.22700696634429,7.01073526100423,17.2637979320163,0.000192231847432951,0.00227582805295454
PLSCR1,0.903998755144376,3.4613726445812,17.2607318068505,0.000192458521137744,0.00227582805295454
PGAM1,0.739008848370897,5.6276180197844,17.2583308181069,0.000192604918132611,0.00227582805295454
KIAA1549L,2.18213382331192,-0.61895139769608,17.1830030738271,0.000192802213775674,0.00227582805295454
SLC27A3,1.7076405447295,4.00671640062587,17.255152876175,0.000192841232457787,0.00227582805295454
PCDHGA5,1.24262834636922,-0.289416784312658,17.2762187982173,0.000192912413482926,0.00227582805295454
CTTN,0.713661309320335,6.42065357239136,17.2502210103185,0.000193015264918969,0.00227582805295454
CACNB3,1.55881976426365,2.59398130988178,17.2468691236129,0.000193526546509088,0.00228015998701079
SCARF2,2.20608210295099,2.71748497032254,17.2345328433699,0.000194469193373315,0.00228734315565144
TRADD,1.61215656739274,2.76575510587809,17.231026624961,0.000194593661270463,0.00228734315565144
IQGAP3,2.02882091964716,-1.53631900977836,16.961776855137,0.000194683019395902,0.00228734315565144
C3orf52,1.97854082375579,-1.16942540514167,17.0876366695467,0.000194713568307806,0.00228734315565144
ADAP1,2.78220247150804,0.0749686893989522,17.1569965031849,0.000195305488101458,0.00229240181654521
C4orf48,3.55329071329517,-1.47527864136644,16.5126318587863,0.000195596067378084,0.00229240181654521
RARRES2,3.29457775750024,4.65851339783656,17.2144441127838,0.000195690584438051,0.00229240181654521
TMEM170B,-0.836566597366551,4.17878630129632,17.2130711005344,0.000195722828155844,0.00229240181654521
LTBR,1.20589417812014,4.45587095678434,17.2085059044688,0.000196043502514576,0.00229307013497903
FGD1,1.07545842563894,1.86973935311481,17.211271820112,0.000196069289638202,0.00229307013497903
GCFC2,-0.939806878152794,4.60742300418034,17.2037068490231,0.000196374277470507,0.00229494334445068
CEBPG,-0.697100392146803,5.91739572968144,17.1978762835456,0.000196780951941653,0.00229800128623388
GSDMD,1.58996527048959,4.45364392407662,17.1925061297388,0.0001971645967957,0.00230078598337368
RPL3,1.98294635825371,8.83136708420727,17.1833480515826,0.000197798734537577,0.0023037452749983
CREB5,1.05088725650053,4.35613046855802,17.1816021716483,0.000197925214727731,0.0023037452749983
TMSB10,2.21260991598997,7.41294242784524,17.180489495751,0.000197999688556047,0.0023037452749983
TSKU,2.83793258443284,3.99133236461076,17.1757144461593,0.000198422492808446,0.00230697083164743
NAP1L3,1.2669392060412,0.680810434510762,17.1850242179765,0.000198647671235673,0.00230789563494993
TM4SF19-AS1,2.42445460641539,-1.72374356242595,16.6932678264911,0.000198820440411427,0.00230821063677647
PDXK,1.0408929769498,5.02828770637648,17.1644334817912,0.000199134376187491,0.00231016285464361
EEF1AKMT3,1.32075864286468,1.47453752769122,17.1670482737057,0.00019938773406908,0.00231140996473497
TMEM234,1.07450150174635,1.7493697076424,17.160169385775,0.000199701200983379,0.00231335155846754
CDC42EP2,1.5488252633507,3.12319829995634,17.1506792832874,0.000200169313785335,0.00231566530793365
TES,1.08578722701783,3.45228584052472,17.1497776058413,0.000200193189365123,0.00231566530793365
ATL1,1.32552217446959,0.605945872319724,17.1486774388342,0.000201298753048153,0.00232675517108248
SERPING1,1.85026311296949,7.33853639165929,17.1291378638936,0.000201646182092507,0.00232907219214282
SHTN1,1.68051777477624,1.73388781200385,17.1300133356235,0.0002020290659285,0.00232983412599596
ZNF439,1.15088376312267,1.09109413425223,17.1281931605386,0.000202332880483631,0.00232983412599596
ITGA10,1.7424927748565,2.47604008323778,17.1186499892799,0.00020259214524502,0.00232983412599596
S100A6,2.29732315039745,7.97033716129749,17.1150091200808,0.000202661906882887,0.00232983412599596
RAB35,0.699725466872577,4.22651021323264,17.1141698690944,0.000202724959093582,0.00232983412599596
RAC3,3.98415266498975,-0.116946185926288,16.683682094443,0.000202954802818591,0.00232983412599596
LAMP1,0.846696229538273,6.41272312876743,17.1109360859306,0.000202955745796223,0.00232983412599596
MEST,2.21311911320939,3.76057303835013,17.1081574831387,0.000203211270092977,0.00232983412599596
NACAD,1.71755403067303,2.18203029600464,17.1095303089862,0.000203329374408558,0.00232983412599596
GBA,1.19168943243857,3.66235840863995,17.0968649175961,0.000203991543792923,0.00233573265497576
AP1G2,1.45439775697332,2.68435376938072,17.088870352499,0.000204668288419565,0.00233958945445704
FKBP1B,1.81280114612963,-0.280919777342539,17.0858058148746,0.000204790458243138,0.00233958945445704
FBXO48,-0.713165046656342,1.88782006333451,17.0812406895424,0.000204918922369305,0.00233958945445704
ARHGAP1,1.33991489214264,5.38709009304441,17.0778691858946,0.000205360030008609,0.00234293764978145
SIRPA,1.32691441563223,4.26665104303546,17.0738243102863,0.000205660248512227,0.00234412918018145
CDK2AP2,0.799309502611322,3.39474289379709,17.0694855794763,0.000205991319668994,0.00234412918018145
LINC02551,-1.717046582589,-2.14800862334245,16.9015340378068,0.000206065158432091,0.00234412918018145
CRYBB1,2.79213079989684,-2.00982339174669,16.4091192999904,0.000206111308116364,0.00234412918018145
ZNF83,1.10308216062057,4.45568150897096,17.0663709957274,0.00020620408135123,0.00234412918018145
PECAM1,1.12343046957029,7.47799965884304,17.0540345306407,0.000207108075351647,0.00235271804308068
CCDC7,-0.617133960210132,0.451947116949809,17.0490998505789,0.00020770367684619,0.00235779381588938
PTK2B,1.47602590052188,3.59345364208169,17.0414921500953,0.000208062346644026,0.00236017466518818
ARHGAP4,2.12443130669011,4.04524947078646,17.030134302379,0.000208911648737035,0.00236811366061216
SEC23B,0.787688612467917,2.79707468175238,17.0266068366125,0.000209197952127034,0.00236966400811802
AC147651.1,1.82799257034832,0.140034062757859,17.0287126608199,0.000209866335020709,0.00237553700790941
LINC01123,1.10482679268276,0.486270915698488,17.0264725980042,0.000210295978047278,0.00237592193713354
PCNX2,2.09074592817863,1.64453628615358,17.0195866080344,0.000210336366644735,0.00237592193713354
FBXW9,1.39184173285416,0.861224825817595,17.0223733333433,0.00021035757680728,0.00237592193713354
AC087854.1,-0.805906966726911,1.25390379907661,17.0089114206321,0.000210500056776393,0.00237592193713354
PPP1R1B,6.47204188104137,2.48900079563597,16.6377749086186,0.000210738026102472,0.00237691494636717
CDKL1,1.3813806780995,-0.880026173252151,17.0018814059777,0.000210978493810391,0.0023779347022854
TBC1D30,1.30762658910708,-0.443703415112416,17.0151100965029,0.000211430362941236,0.00238133401672336
CD2,2.79669403803292,1.05940360864937,16.9971876226934,0.000211790824415435,0.00238322916209787
PAPSS1,1.18363171976766,3.30440663720548,16.9902664069674,0.000211899406158636,0.00238322916209787
MUC12,2.7707817382923,-1.24023029364732,16.5839288986371,0.000212082244697041,0.00238359385227944
MYLK,1.36127699865923,5.54912783707909,16.9810640574004,0.000212567484537326,0.00238696005331813
METRNL,2.62247639455755,3.50451910159961,16.9756830870414,0.000213107685956364,0.0023900336159593
CEP19,1.57651691864391,-0.0350631545641695,16.9864397744074,0.00021334172148824,0.00239096623792372
CBR3,2.13597311234871,1.64429462494468,16.9736876374349,0.000213823651774349,0.00239467378775131
TPPP3,2.54817110841931,6.29358627980426,16.9617637617131,0.000214036348771714,0.00239536300775802
CCDC170,2.45959659742108,0.219861914689679,16.9437198339568,0.00021439187078742,0.00239764853660426
NXNL2,3.10871361164498,-2.31933373020756,16.1898504852304,0.000214572530574816,0.00239797665163548
PCOLCE2,3.26714761704376,4.30049368931468,16.9494713224884,0.000215082852160229,0.00240198587609806
LOX,2.84911252947825,3.39504380673931,16.9441268923013,0.000215595952666305,0.00240602046612883
TIGD3,2.99123383674327,-1.82043990545808,16.293060577511,0.000215950718989904,0.002408283633943
PARD6G-AS1,2.02900376360297,-1.46955087428778,16.6947430683071,0.000216419129135477,0.00240914254164938
ATP1B3,0.935566413069167,4.48550680140825,16.9278074693449,0.000216646980376725,0.00240914254164938
OPCML,1.97690650573112,-0.554071132809324,16.8913229558671,0.000216846406365079,0.00240914254164938
TMTC4,-0.775041414410506,3.29861740289755,16.925096746524,0.000216874483701081,0.00240914254164938
DPEP2,1.94683052904877,1.71706119689939,16.9323925159797,0.000216877936447773,0.00240914254164938
AICDA,2.84718344330321,-2.65701888136598,16.1133516851989,0.000216939888113439,0.00240914254164938
SH2D2A,2.31974857518822,-0.657319936995573,16.8201650298458,0.000217278665420017,0.00241121499363516
DNM3OS,1.97545443733382,3.05640424585398,16.916543016164,0.000217639369385952,0.00241352770235072
MRVI1,1.07425271071837,5.02444873985982,16.9031010343537,0.00021856716820269,0.00242212161853708
DZIP1L,1.8361223092411,1.36149032495346,16.9039923890004,0.000219246948699961,0.00242795695041808
TRAPPC13,-0.637734347862796,3.9524852733946,16.8841390248212,0.000220053763439887,0.00243518993661445
LINC00921,1.14713785159459,0.49433875070334,16.8910419496619,0.000220700378228682,0.00244015865509255
LRRC1,2.12913273074719,1.34128293650073,16.8855858516228,0.000220810721991716,0.00244015865509255
RTKN2,2.51062808138288,-1.79914706219999,16.356772980686,0.000221563161894089,0.00244456579556104
TONSL,1.24806222873425,1.10316559552136,16.8723143756563,0.000221672306949026,0.00244456579556104
EPHA1,1.80360678348838,0.0650647771129711,16.8714641012313,0.000221920042834182,0.00244559591014831
PTER,-0.904072760086728,3.40665005722305,16.8564670569979,0.000222258416164456,0.00244762273867834
ADGRE5,1.15643199474286,5.22933787738953,16.850076790206,0.000222749967863031,0.00244862188621943
STYK1,3.70427266296431,-2.29845205215412,16.2002956937506,0.000223094357655125,0.00244862188621943
SYPL1,-0.731461910370326,6.56803570961288,16.8449274625461,0.00022315839982259,0.00244862188621943
LDLRAD2,1.16448018926535,1.07456481783187,16.8517709418192,0.0002232987159629,0.00244862188621943
LGMN,1.27487099396644,5.83113762280165,16.8423599103363,0.000223363590237432,0.00244862188621943
STMP1,-0.695088640181913,5.6175031597097,16.8415188822928,0.000223430759605811,0.00244862188621943
CRIP1,2.93460830705397,1.50275122978722,16.8303183387299,0.000225124724067611,0.002459861822841
IFT140,0.966668488388366,2.67226287667083,16.8212683178541,0.000225138061949462,0.002459861822841
MANF,1.17696842989844,2.98483281549659,16.8205319830992,0.000225179107605142,0.002459861822841
KHDC1L,6.85127164524702,-0.0170609424520079,16.5941368898697,0.000225290353329272,0.002459861822841
LRRN4CL,1.56791925670787,3.70933910542017,16.8120706260805,0.000225825571902651,0.002459861822841
CCN3,2.01843800033305,4.38191684701039,16.8117797059071,0.000225839914338572,0.002459861822841
COL3A1,3.41528547149943,9.76913256755488,16.8102087596915,0.000225948557166176,0.002459861822841
PIM1,1.27447724420372,3.87783455644226,16.8096911484772,0.00022600863343576,0.002459861822841
LGALS3BP,1.79886553830854,5.94341856895134,16.8053247938662,0.000226346255467949,0.00246184564886793
FBLN7,1.81491993020824,1.4579572148337,16.8077445260655,0.000226840993533446,0.00246553444754768
TK2,0.721713748540484,3.90888558532692,16.7933920735755,0.00022732024963179,0.00246905003147017
FOSL2,0.730602839609607,5.43257865264117,16.78678636596,0.000227851915445195,0.00247312966031507
CASP4,1.42674804460623,3.92446187899926,16.7760536743425,0.000228748098187563,0.0024748050899356
MEX3D,1.39324648750974,1.54874065632111,16.7809234245585,0.000228799757298518,0.0024748050899356
ARL14EP,-0.658091970404318,4.45657720817694,16.7721053487466,0.000229053740937641,0.0024748050899356
SLC9B2,0.883335816335359,1.63340014654136,16.7733462417458,0.000229239321858977,0.0024748050899356
CBLL1,-0.766311850617585,4.46938784091519,16.7688837799004,0.000229318314292549,0.0024748050899356
FHIT,-0.720629273257279,1.4389692023346,16.7609214319043,0.000229639440027481,0.0024748050899356
DNAAF3,2.17051067597601,-2.33801683774682,16.1412446296996,0.000229854450972403,0.0024748050899356
SCIN,2.69720123761018,-1.15287563204706,16.4221606954124,0.000229997536281886,0.0024748050899356
NRGN,2.994603095738,2.66047320550068,16.7673211074051,0.000230036467310856,0.0024748050899356
SH3BP1,2.28688982040859,1.43738267428874,16.7676258334057,0.000230314094758792,0.00247611089527991
DZIP1,1.05304036479387,2.60211604220332,16.7517601481861,0.000230823228843609,0.00247638302137789
AC012368.1,2.18853207740607,1.04272647945253,16.7607220947878,0.00023098930055726,0.00247638302137789
PALM,2.09583180329724,4.69162768250084,16.7476617974844,0.000231084290186935,0.00247638302137789
RBPMS2,1.31551408149743,2.29893582085832,16.7491446540111,0.000231120747688389,0.00247638302137789
BCL3,1.50291535483087,3.26962903551584,16.7411459597998,0.000231660788553408,0.00247892583490254
FAM214A,-0.844640251457558,5.74374216868724,16.7376276003217,0.000231901825370009,0.00247892583490254
IQCH-AS1,-0.987427356141024,3.49792406165613,16.7374663444505,0.000231933790256668,0.00247892583490254
SGCE,1.20964978222339,3.70995423769576,16.736869056573,0.000231983783249856,0.00247892583490254
CIDEC,6.31716234962973,5.25459480873574,16.7446189489875,0.000232157809742476,0.00247911375403573
COL5A1,2.40224565368281,6.27562543933684,16.7322971509497,0.000232347828014802,0.00247947207444482
CDHR3,1.41969668705828,0.514282628793479,16.7390811107696,0.000233049608030742,0.00248528744176525
PASK,1.37938846977712,1.42043734796985,16.7182983285754,0.000234072010356022,0.00249294884103876
RASL11B,2.33902946573183,-0.000141577514531074,16.6898011860244,0.000234279759663932,0.00249337229777994
ARHGDIA,0.982165442225688,5.31654840076017,16.6984268056908,0.000235187314865979,0.00250135126085984
CAVIN1,1.15190791484159,8.40414340660462,16.693364668964,0.000235613748940047,0.00250252753314539
PI16,2.24533456685684,5.313506195931,16.6869876986559,0.0002361604532744,0.00250665418823806
P3H3,2.35072357004959,3.37248968065566,16.67617496537,0.00023719874015855,0.00251598958185579
AC018653.3,1.96157663471373,-1.36298282064151,16.4898756802318,0.000238062588288931,0.00252116745495296
PPIB,1.92678809916392,4.61120206748361,16.6622778104904,0.000238273990058754,0.00252116745495296
GMFG,2.31953892999094,3.15122279702275,16.6612426425937,0.000238506236218014,0.00252116745495296
CD180,2.73108902554155,-0.100392290119822,16.5830559623789,0.000238573443530158,0.00252116745495296
IGF2-AS,1.95930930274295,-0.635691329953561,16.6181916752077,0.000238692357657497,0.00252116745495296
CCDC88B,2.18125449352367,3.31637202240806,16.6557719618271,0.000238925750814448,0.00252116745495296
COL10A1,4.07719224854974,-1.08291548961989,15.9663648055894,0.000239020659721742,0.00252116745495296
CDKAL1,-0.666291295925831,3.55026180138788,16.6501325171418,0.000239308401361402,0.00252116745495296
SCD,5.02043816273342,7.35796967561792,16.6499341265871,0.000239336112137097,0.00252116745495296
LINC00924,1.22417333981963,0.984946834555483,16.6581081652811,0.000239440320586971,0.00252116745495296
TCIRG1,1.90329176519738,5.00673054240369,16.6477254938774,0.000239512973143902,0.00252116745495296
FNDC11,2.24876986325464,-2.05552596359897,16.1204981548064,0.000240404340362568,0.00252631802501699
USP53,-0.97825192896617,5.6310576486645,16.6299100479542,0.000241045587703229,0.00253034097390491
PBX4,3.001008224792,-0.797030585693659,16.3176809537342,0.00024110651041815,0.00253034097390491
NAT9,0.730086978747455,3.69463666513017,16.6070103080803,0.000243048130194159,0.00254902959575568
CHPF2,1.03548055618238,3.78982783101762,16.6047649623714,0.000243250755945708,0.00254946741367172
WNT10B,3.28807788803556,0.409549786572364,16.5151455677388,0.000243974639936899,0.00255318962425747
RUNDC3A,3.16037514391608,-1.36028627962534,16.0510806358855,0.000244089245961385,0.00255318962425747
ENSG00000250588,1.0875453366271,0.193264455409741,16.6065838028722,0.000244509991954215,0.00255590359003855
DFFB,0.617327595385634,1.7759749557766,16.5648266690118,0.000246183124686513,0.00256752121380722
APOBEC3D,1.85537616107458,0.478586077472558,16.5847158178346,0.000246192681119417,0.00256752121380722
IDUA,1.71472077039512,2.66974951296708,16.5727847257269,0.000246222196349594,0.00256752121380722
PNMA8B,1.67236278036028,1.07203539472093,16.5809936514268,0.000246269467090741,0.00256752121380722
DNMT1,0.633013682837432,3.96454451044281,16.559277194748,0.000247253011924918,0.00257608052595278
RAB5C,1.14815984853863,4.31473367083947,16.5562009838736,0.000247528328295393,0.00257623210228799
PDCD1,3.50034946685517,-1.14259724993043,15.9838689073067,0.000247615868769351,0.00257623210228799
C1QTNF7,1.83841027731286,1.51476544100139,16.5609409119043,0.000247813296468423,0.00257623210228799
GNG2,1.26760152430474,3.54644515252742,16.550245677713,0.000248078186088856,0.00257623210228799
MLF1,-1.42035520289163,5.27568947058544,16.5491330058771,0.000248153110551872,0.00257623210228799
PYGL,1.95819748394058,3.65146307985155,16.5483809536628,0.000248274842435647,0.00257623210228799
RELB,1.22527584388524,2.36545557161272,16.548087888686,0.000248405543780908,0.00257623210228799
AC015712.2,1.33075861757857,0.00292616757894084,16.5618323984508,0.000248700897459457,0.00257760832049706
SOCS1,2.04567162905025,-0.85692129734725,16.4425529506465,0.000250502889285076,0.00259289306760327
HNMT,1.53466176042437,3.39906324222558,16.5075728654137,0.000251939988780585,0.00260216961455143
ALOX5AP,2.42522189050163,2.30911327383426,16.5129177598403,0.000251953011134148,0.00260216961455143
GPR137B,1.92660032044936,1.32564374747359,16.5157172363631,0.000252055932248151,0.00260216961455143
CDR2,0.862980563702744,2.92690810857197,16.4969976364204,0.000252914992244,0.00260764078210194
FRMD8,0.966579643516583,3.53924884068137,16.4940650381904,0.000253145780035914,0.00260832326152739
CKAP4,0.793798026587241,4.41445713097682,16.4860849659152,0.000253857706035852,0.00261395910821972
NAPSA,1.80076071451242,-1.27972338467219,16.3684723905084,0.000254178559887061,0.00261538887523062
SIGMAR1,0.865465326690531,3.30525274818508,16.4812202489596,0.000254326639536214,0.00261538887523062
FCGR2A,2.4192414014785,3.5829720016944,16.4760983225718,0.000254876884309175,0.00261934759121109
DBN1,1.49242976790007,5.57718010365973,16.4710636660854,0.000255236175194198,0.00262134003130425
PLSCR4,1.30908578742916,3.96465174717535,16.4689149332029,0.000255448399036446,0.00262182045306383
P2RX1,3.21820891374923,1.25085572591902,16.4636726891708,0.000255797824878172,0.00262370752805462
CDCA4,0.975207713892221,0.97597373725866,16.4662345650438,0.000256382423739249,0.00262800276131687
LMAN1,-0.649005019358797,6.0570558653504,16.4522647985078,0.000256970551907578,0.00263106399937818
ARL4D,2.06987555095045,1.65264389457264,16.4584926346962,0.000257160831201982,0.00263106399937818
ARMH1,2.7661337011448,-0.422349901710692,16.3084514335557,0.000257389332822145,0.00263106399937818
GLT8D2,1.46186531274435,2.54040446232175,16.4483751672676,0.000257494441028257,0.00263106399937818
SLC44A3,2.12979253266661,-1.13977195245891,16.2914016948176,0.000257511217456652,0.00263106399937818
CSDC2,1.77207320612272,2.18659555629561,16.4425404431594,0.000258217003459122,0.00263541790110854
LINC01410,2.56016237115966,-0.455418929039396,16.3341438901104,0.000258366489933047,0.00263541790110854
HAUS5,0.679963281574031,2.94152512980447,16.4357120775959,0.000258436260385099,0.00263541790110854
KCNN4,2.80245366256925,0.593339090736922,16.4172896207321,0.000259111119518139,0.00263782080011991
TRIP6,1.67346619819004,4.06556819708266,16.4294326327569,0.000259117387956609,0.00263782080011991
LRRC17,2.26898102833093,2.59356172284067,16.4324266496484,0.000259171261802656,0.00263782080011991
APOBEC3H,3.25640642060508,-2.06657316997723,15.7243608570031,0.000259669682672184,0.00263992409859514
ZNF707,0.785282947862666,2.25111244636082,16.4242034979884,0.000259711091670967,0.00263992409859514
SCG2,4.05962667717617,-0.371931991717631,15.9155367892392,0.000259962878153671,0.0026407895705777
CAMKK2,0.782651532530135,4.78163782282645,16.4167421381497,0.000260289459717307,0.00264241324032041
GEMIN7-AS1,1.22170313813823,-2.56723393741078,15.9238834150273,0.000260569370359139,0.00264356133936062
PEG10,1.31755680374261,2.68672347621255,16.4062306419322,0.000261393889709907,0.00264591028029539
NGF,1.78224148307626,-1.32480466583327,16.284457059666,0.000261610386853409,0.00264591028029539
EXOC8,-0.743354024080135,3.72112022896722,16.4016981249621,0.000261710870674856,0.00264591028029539
SLC6A12,2.2561686198837,-1.83307467583626,15.9828099625564,0.000261732800364626,0.00264591028029539
MT1A,3.29050011943789,-1.62216069401451,15.7755756057234,0.000261799024537457,0.00264591028029539
CPNE2,1.02825615307109,4.14684313634292,16.3972993591775,0.000262128700004732,0.00264591028029539
PODN,2.20275920115703,5.65016969307167,16.3969426920415,0.000262157663376597,0.00264591028029539
TDRD9,-2.49843014255063,-0.137455356564733,16.4430028792163,0.00026243336807252,0.00264591028029539
APP,0.715206608889718,7.45008371126562,16.3848081223249,0.000262527091002344,0.00264591028029539
PTK7,2.96290990242645,1.81574688799887,16.4031453078135,0.000262558461833584,0.00264591028029539
GNL1,0.590605610136278,5.10619475492983,16.3897009748355,0.000262711841782072,0.00264591028029539
MAP6,1.38028042036021,1.07394135258025,16.3992867238148,0.000262804491776674,0.00264591028029539
STXBP2,2.92265604179992,1.57323110804044,16.3832557520944,0.000264408039175295,0.0026586765208191
AC091152.2,-1.30115710018557,-1.24602961042786,16.4223689621647,0.000266200977136283,0.00267500753625788
PIEZO2,4.61823439628885,1.39978329810756,16.2145881321119,0.00026655880166827,0.00267588912117578
IFT43,0.756189611935416,2.68422592287046,16.3490613722017,0.000266806303161792,0.00267599967481324
FADS2,0.840000357325955,4.4909688892023,16.3397925518234,0.000267630162042418,0.00268127524704108
NOL4L,1.06004256241172,2.81238203939831,16.3402419415944,0.000267670691034202,0.00268127524704108
TGFB1,1.75725704400512,4.02034519786276,16.3365878358025,0.000267962829053251,0.00268250597094559
STT3B,-0.614146185673847,6.50927949851034,16.3300919714485,0.000268135568036189,0.00268254062289741
PDGFB,0.736480408455809,5.02550540763221,16.3240518820211,0.000269158235613467,0.0026910729083701
AOC2,1.40589472690097,0.398916168843124,16.3369680633115,0.000269412093761862,0.00269191264176811
ATP2C2,2.35973647166932,-2.9861616308888,15.4426050073475,0.000269744604033812,0.00269343853111247
TTC21A,1.49192786316288,1.0569556457558,16.3258719219648,0.000269931918471472,0.00269343853111247
PTGS2,2.39491731903235,-0.839106201416041,16.167287153302,0.000270074703473069,0.00269343853111247
CA4,-1.12992936115475,2.98246767195943,16.3119409034802,0.000270374102085808,0.00269472855078855
AC090152.1,2.77150672372335,-2.55456906821216,15.5649019984572,0.000270934733690053,0.00269692382210193
ETV7,2.92211741962241,-0.972415104526434,15.9649986332358,0.000271762508795107,0.00270346545943255
AC007098.1,1.70506902539308,-1.05633648223245,16.2393877300378,0.000272150855795266,0.00270475854519362
GAS6-AS1,1.58602059326465,1.32374890402669,16.30071589407,0.000272233853699995,0.00270475854519362
RBM47,2.28432503770226,1.22703146334147,16.3006046554089,0.00027255023787918,0.00270591244583697
WWP2,0.623479332530521,4.72089586977084,16.2880254713168,0.00027269149845407,0.00270591244583697
NT5DC2,1.56977655868604,3.47801849566363,16.284812190125,0.00027304923294835,0.00270740130797991
TMEM54,1.65692267961675,1.81200261972027,16.288145558268,0.000273183232880664,0.00270740130797991
CH25H,2.68661630782637,-1.47576417548946,15.8519655896544,0.000273640827728999,0.0027102413731384
AC092535.5,1.9916723793369,0.0489799034196529,16.2767890959909,0.00027416107551795,0.00271369804105744
DCN,1.76395548464271,9.58062954397652,16.2649478690547,0.000274977781107446,0.00271655900877948
CNTNAP4,2.22736338726264,-1.43076605743496,16.0023531756473,0.000274999310652275,0.00271655900877948
SEMA4B,0.874875852359998,3.14261708979485,16.2637811792357,0.000275135811768225,0.00271655900877948
GBGT1,1.08865983670344,1.22935863782752,16.2675928050851,0.000275354289133239,0.0027170233000588
DOCK2,2.28479482689056,2.65862639388787,16.2610508786711,0.000275716592377992,0.00271890531388553
PRSS27,2.40220645973709,-0.884220027237897,16.0887555301895,0.000276751594082185,0.00272704103888083
FBLN2,1.39054177077692,7.46183009118774,16.2458672523639,0.000276885784789503,0.00272704103888083
GMIP,2.22991577977827,2.262127864897,16.238156850508,0.000278175716596973,0.00273804383907592
IQGAP2,1.85214326184096,2.07138817410925,16.2349970844819,0.000278427175030254,0.00273881777945651
PPM1L,-0.752752601272615,4.93156566382337,16.2287567800407,0.000278608921738606,0.00273890544838194
TMEM106B,-0.782533209400791,5.27292608445684,16.2269435095386,0.000278792088287815,0.00273900695790267
SLC25A1,1.78691655998487,3.6800429475792,16.2252818200288,0.00027900330534858,0.00273938375455945
ZSWIM4,0.91667157138646,1.47988359640928,16.226355027017,0.000279281259205886,0.00274041493166296
NTN1,1.0851071222936,3.00967687931078,16.2208441163338,0.000279474207541536,0.0027406112419002
NES,1.3111895839473,7.84268844758036,16.2177308362369,0.000279724976753405,0.00274137396821967
LINC01133,4.92435027296808,1.15098752877186,15.9376244660032,0.000280147854762985,0.00274142365464194
HMOX1,1.68303900861962,4.09129911548497,16.2135175130946,0.000280174492733205,0.00274142365464194
CGNL1,1.71059986149243,1.69203757589133,16.2186065109176,0.000280249026346939,0.00274142365464194
AC010680.2,1.47066164804971,-1.89284725543355,15.9950375961938,0.000281080652392396,0.0027478624913401
DBNL,0.858700630256129,5.15956712167562,16.1984121058381,0.000281694953404767,0.00275217011504645
GDPD3,1.72740544195929,2.1367373633324,16.1911728514983,0.000282805421884133,0.00276131701823651
LINC00342,1.08452169830706,2.98875225236536,16.1839716046143,0.000283239028618088,0.00276384783652146
TCN2,1.44908586139989,3.29495904562746,16.1784288427486,0.000283793622688054,0.00276671936102856
ACTB,1.23804657453263,9.50925410142216,16.176938785303,0.00028389620340956,0.00276671936102856
PSORS1C1,4.0898497918203,-1.05383733936481,15.5208257128684,0.000284519859962412,0.00276671936102856
TMEM130,3.05564829677249,-1.60344949562234,15.612956854248,0.000284580839179438,0.00276671936102856
BCORL1,0.666386408459606,2.49276171089747,16.1620519846407,0.000285054970106306,0.00276688614693473
PROCR,2.37181461248128,3.26590062097624,16.1666724197657,0.000285126337962539,0.00276688614693473
CRISPLD1,3.16757316809651,1.64498580046294,16.1718812039152,0.000285284058818308,0.00276688614693473
QPCTL,1.13883271114174,0.878466496442704,16.1730851356859,0.000285296394528387,0.00276688614693473
ARL4A,1.72000889848744,1.9333131661472,16.1603190284059,0.00028609829720552,0.00277111724730415
MEN1,0.64782483937695,3.21777361810862,16.1526858621677,0.000286315005125207,0.00277111724730415
FXYD5,1.96484617782539,4.14886996819737,16.1537407157501,0.000286325356317363,0.00277111724730415
PDIA2,2.80387530671451,-0.751757820054658,15.9218263622444,0.000286521527822491,0.00277111724730415
CERKL,2.31974074657358,1.05375612662389,16.1613543958716,0.000286643137889089,0.00277111724730415
CLDN23,1.72049879517652,-0.341445633500267,16.1518415815988,0.000286781869475535,0.00277111724730415
PSMB8,1.87422853767211,4.26256097770137,16.1453344886236,0.00028719534598435,0.00277173242863215
NOD2,1.75871167215352,0.44646428325202,16.1530793620239,0.000287789787003312,0.00277368095964376
LINC01852,1.81411103318784,-1.63671036093573,15.9322134913417,0.000287823430101986,0.00277368095964376
C7,4.25805017855501,4.64315708153021,16.1410640241025,0.000287922330953113,0.00277368095964376
LAPTM5,2.44738016246408,4.744057677126,16.1367199128464,0.000288098515161792,0.00277369208369922
KIAA1755,2.127234341057,2.10950573554703,16.139199347904,0.000288376327369828,0.00277468103207629
EFNA4,1.86965088217671,-0.14985138130773,16.1229531329623,0.000289772257358215,0.00278084936221506
MEAK7,0.601798756321536,2.24471217139539,16.1124444270924,0.000289858078832087,0.00278084936221506
RARA,0.779958630606281,4.33350360547377,16.1164845926242,0.000290203098118483,0.00278084936221506
EIF5,-0.855629566520018,7.97294037335552,16.1161055377733,0.000290239804807867,0.00278084936221506
IQCN,1.9019575533686,2.66199217581567,16.1183265877445,0.000290245778071794,0.00278084936221506
DAPK1,1.07239400873233,2.92447468237964,16.1150283406244,0.000290429119461554,0.00278092462604667
GALNS,0.89583344946033,2.71621563629585,16.1092748671384,0.000291049644060443,0.00278518339941174
MANSC1,1.07881183708451,2.67683426475937,16.1059637712299,0.000291418843393345,0.00278703344070871
ELMO1,1.09539180147642,3.23089171462926,16.0944511549467,0.000292573075160147,0.00279560499011803
AKAP7,-1.03979650203932,3.67883362209348,16.0932816341565,0.000292667929488597,0.00279560499011803
TNFRSF14,1.7763448073805,4.94008722088411,16.076238151929,0.000294485243037604,0.00280758823713042
LAMA5,1.02412916941185,6.33209457308793,16.0755904266793,0.000294548026696594,0.00280758823713042
PRELID1,1.24098585399943,3.10310023675639,16.0753874585838,0.000294631112409156,0.00280758823713042
BNC2,0.763101723806385,2.9053063844141,16.072471126362,0.000294946448554221,0.0028081162509495
RHBDL1,1.8557369417564,-0.952015624399378,16.0082291174839,0.000295259205344452,0.0028081162509495
ARRB2,1.62458031969928,4.03701329135528,16.0679060533125,0.000295395329736406,0.0028081162509495
NTRK1,1.86231148197345,0.0662574349618305,16.0676148808572,0.000296302125610673,0.00281211626417591
FRMD4B,1.31057862084199,2.79906410258697,16.059900441877,0.000296348467291839,0.00281211626417591
ZNF860,1.70710694841824,-1.95794346133382,15.7709937124876,0.000296583221997058,0.00281265967623422
CHPF,1.28059210062893,3.9187064721848,16.051267152992,0.000297189181411741,0.00281672066855972
SARM1,0.755012619304502,1.52661250942572,16.0437567568442,0.000297628002847893,0.00281778322734783
CD81,1.53219515078569,7.35827293554566,16.0467419041274,0.000297656914405267,0.00281778322734783
ITPRIP,0.746752542558953,3.44428585690738,16.0423179091187,0.000298160949903494,0.00282020129380749
USP16,-0.674701245064414,5.51495546327997,16.0392206261214,0.000298473250990818,0.00282020129380749
LAG3,2.52882879321707,-0.39267990760148,15.9468676542353,0.000299407580301081,0.00282591538119787
CNRIP1,1.26493300156222,3.5070158023669,16.0205803173168,0.000300535606334508,0.00283487366284699
RAD51B,0.897799121143248,0.269408249531837,16.0242674516389,0.000300969271596717,0.00283596187824378
LINC02802,1.96186270978343,1.64923488359249,16.0233637527122,0.000301008889960626,0.00283596187824378
AR,-0.802449414417768,4.99982760612173,16.0053821959366,0.000302175211995114,0.00284091617514096
SOX12,1.66367910986009,1.5129990837921,16.0115627849116,0.000302233014314354,0.00284091617514096
C1RL-AS1,1.4419525601887,0.440784568166228,16.0156040331994,0.000302655324925966,0.00284110768884608
EDIL3,3.04682377902142,3.07110500918888,16.005180057064,0.000302694289967088,0.00284110768884608
CPNE5,3.37035644295114,0.526940847299947,15.9281235262251,0.000302810051521488,0.00284110768884608
NOX4,2.05615869822108,1.13705569171429,16.0029386412078,0.000303637379181331,0.00284718434786187
HOXA11-AS,-0.951786176510057,1.75813904412853,15.991474772355,0.000303906768153638,0.00284802516554151
BDKRB1,4.49102705973003,-1.25413359127627,15.306048673966,0.000304164343050461,0.00284875434061505
TMEM255B,1.92865465695474,2.72305284588057,15.9801009016093,0.000305208201377106,0.00285684250869639
FBP1,2.44066326350478,0.267283957907003,15.9581117918166,0.000306499062583074,0.00286723178556905
TMED9,0.742565770231301,5.22834606631672,15.9520641381917,0.000308108578858768,0.00288058799361351
SOX4,1.04602899288429,3.40929668017552,15.9487946233775,0.000308504336174763,0.00288135331854263
EZR,0.794442664622568,4.91079069591391,15.9481167815228,0.000308554084783671,0.00288135331854263
SMIM29,0.803217335541317,3.08419262379512,15.9404663322692,0.000309465091839647,0.00288815860446577
LGALSL,-1.18671667384281,6.00644827652746,15.9383841648563,0.000309648946392742,0.00288817354531241
PRKD2,1.47586113923006,4.14737825366085,15.9356133032262,0.000309981457380432,0.00288842355223826
TCEAL6,1.09452736702339,-1.23676660668974,15.9276808271915,0.000310040289162446,0.00288842355223826
CABLES1,1.70761286244049,2.13680961098114,15.9365703841912,0.00031024414671891,0.0028886245552612
CDC7,1.81154085545086,-0.383541937119852,15.9245201893616,0.000310715809232048,0.00289113963603912
SPATA18,1.19635253412242,0.793430013383201,15.9380787343679,0.000310879153140068,0.00289113963603912
PTPRD-AS1,2.24734425865772,-1.44124928898322,15.6603175842357,0.000311280280280648,0.00289317220035626
TMEM91,1.89540486246554,1.8127733775321,15.9282098715449,0.000311473250851552,0.00289326881960407
CEBPA,2.60033426815393,3.50786463770944,15.9221837681854,0.00031165920164754,0.00289330015729851
HPX,1.94129328057478,-0.665289367694605,15.8800700869769,0.000312112812059242,0.00289581483179321
CFD,2.65599262057364,8.12671250730016,15.9031032770758,0.000313663249847803,0.00290849708621307
RAB33A,3.12023562167831,-1.95067901797555,15.278704467548,0.000313993132811157,0.00290964949391234
SFRP1,2.18446952348795,4.09663027544849,15.8982905513243,0.000314259731909313,0.00290964949391234
TNFAIP8,1.73481113360396,2.34878472220436,15.8990830825141,0.000314441312374642,0.00290964949391234
LRRC49,0.9803555465147,1.23016203714779,15.8836312925258,0.0003165648962965,0.00292009704995082
PTMA,1.28832899030511,7.52376923844025,15.8670658857563,0.00031782070155127,0.00292896001793753
TCF7L1,1.08043447253248,3.73436428523651,15.8665590858829,0.000317903150807885,0.00292896001793753
TNFSF15,1.43111252171454,-1.11122305156577,15.8400239423482,0.00031831427130471,0.00293104372885865
ITGB4,2.20722771875038,4.25879642670582,15.8591639800334,0.000318777128151797,0.00293360113230054
CHST14,1.07267937164756,2.76719474296248,15.8467256928892,0.000320296735712111,0.00294416610836997
DDX39A,0.922308430013038,3.78851559786685,15.8408910486335,0.000320890564278874,0.00294701312801639
ASIC1,1.82249717843192,0.294526322490246,15.8500064539093,0.000321221470081879,0.00294701312801639
MYO15A,1.48619002097117,-0.103179548532158,15.8513231246791,0.000321427799686622,0.00294701312801639
IFI16,1.43099439444275,5.11968738227627,15.8361987032204,0.000321431381744786,0.00294701312801639
JHY,2.05777449474267,-0.441474065245524,15.8078048742497,0.000321536296986201,0.00294701312801639
RAB36,1.84091364553723,-0.63182533206467,15.8095475559702,0.000321842720473137,0.00294811652678486
LYL1,1.8694939747896,2.28150768629506,15.8285262239782,0.000322731666331475,0.00295284567918873
FRY,-0.591441894715273,5.84176451185402,15.8192074541755,0.000323432568959195,0.00295755102152127
MEG3,0.997479114338657,7.28296086939436,15.8152431380513,0.000323902058291533,0.00295980946619089
NBPF11,0.8005872331618,5.23820121636652,15.8139825696348,0.000324053096727531,0.00295980946619089
BANK1,3.38594545852398,0.368519420131445,15.7160489513576,0.000324318589888234,0.00296052804951547
FLVCR1,0.682950428106135,1.70975178074564,15.8019273886518,0.000324806282565644,0.00296245101809074
CAPS2,-0.810421080454614,2.04694994693006,15.8078559364918,0.000324903128001622,0.00296245101809074
SEMA3F,0.696340192053344,3.48871045008327,15.803061747388,0.000325371400736582,0.00296432740719078
SLC25A36,-1.04955852226115,6.44297992478276,15.8019398648437,0.000325483037074018,0.00296432740719078
EBF2,0.871241894110052,4.14949949961414,15.799996769922,0.00032572028810288,0.00296478426511565
KCNMB1,2.68938322089086,1.5591733887021,15.8027196831112,0.000326579463638063,0.00297089825503582
NBPF9,0.771360246136001,6.08592932996598,15.7901790758823,0.000326887552426539,0.00297199486133297
MPP2,0.997723004818626,1.37705803727484,15.7888434898186,0.000327629489007599,0.00297703240384371
CYTL1,3.64914924017532,-0.858878163293025,15.2861207141159,0.000328204902229808,0.0029787795553368
SSH3,1.05669455118952,3.3127626332281,15.7752779645505,0.000328711013899996,0.0029787795553368
AK8,2.55325244885527,-2.11271097978091,15.2200654636901,0.000328868825063063,0.0029787795553368
SINHCAF,0.874312835986065,1.87921613134381,15.7757850145656,0.000328889254415551,0.0029787795553368
SHFL,1.47880472802696,3.05589039945543,15.7738027982034,0.00032894959436104,0.0029787795553368
CENPT,0.925223274439201,4.81542093057754,15.7635566809911,0.000330093769478431,0.0029872515049175
DLG4,0.990784176212169,2.86161915441887,15.762861024529,0.000330262171806365,0.0029872515049175
HACD4,1.71048148054425,2.01686309469005,15.7627881748396,0.000330663138056094,0.00298746792974625
DUSP5,1.44489594530884,0.606165684075709,15.7668265580828,0.000331256456624016,0.00298950216066025
ZNF513,0.745481019820667,2.81250887447404,15.754492013378,0.000331265589330434,0.00298950216066025
KDM7A,-0.711511668498735,4.95483761662212,15.7374060012648,0.000333269520857542,0.00300587484179253
PCK2,1.99205561742817,2.05218520481422,15.7395666366501,0.00033360023671196,0.00300714616107761
PLEKHA2,0.891363779615017,3.68424310736481,15.7305341205317,0.000334130591182603,0.00301021459833468
C1orf159,1.40804310371951,2.35929286193275,15.7296550109708,0.000334448602012096,0.00301136761141232
SCOC,-0.694786614599116,5.05685027920353,15.7225518857628,0.000335089529083759,0.00301542519442949
AL513320.1,1.8155627134532,-1.80099198656522,15.4664231992436,0.00033571352652441,0.00301692612272047
POFUT2,0.73238315387693,3.90365570005587,15.7166277769725,0.000335827455069029,0.00301692612272047
MID1,1.17847246409553,1.75976426583187,15.7138644242471,0.000336577998809208,0.00302183464223534
KCNK15,3.44154423809516,-1.15116923043314,15.2026717283076,0.000336755220432108,0.00302183464223534
MYSM1,-0.837620050028976,5.02465131750914,15.7058831884468,0.00033714449002731,0.00302200150041909
DEF6,2.38147407235704,2.15234925292136,15.7107811904251,0.000337290853728777,0.00302200150041909
TSPAN9,0.814584870635416,5.15380385720669,15.6889043860501,0.000339254268626962,0.00303401738888968
ASPN,2.14191518008664,5.30367514261647,15.6888650592666,0.000339261615013094,0.00303401738888968
PLCB3,0.874074833334685,3.62935442992331,15.6867844754843,0.000339536264429359,0.00303476096018728
TNF,2.06482165991122,-0.859381096572247,15.6037487328042,0.000340230366314473,0.00303800761105298
CYP26B1,2.82718037955709,3.76000012959494,15.682062233771,0.000340282924819779,0.00303800761105298
TDRD3,-0.638599661807294,4.43576488568016,15.6753041290762,0.000340949455496713,0.00303908591554301
B3GAT3,1.35926209477133,3.32499271047594,15.6733000779354,0.000341252020927533,0.00303908591554301
GADD45A,1.49846841456404,3.9089537518339,15.6724428606308,0.000341332597796724,0.00303908591554301
CNOT7,-0.825854159619359,6.17294350213719,15.6717569173556,0.000341393275773032,0.00303908591554301
ELMO3,1.15777428592951,0.797131641226712,15.6806803095695,0.000341538640734099,0.00303908591554301
UNC13D,1.15823587468069,3.58248719810764,15.6693985375091,0.000341714707974869,0.00303908591554301
ACTA2-AS1,2.03256241039051,2.67273233111815,15.6714297392254,0.000341746141319975,0.00303908591554301
ACKR1,2.73175112659595,4.99785141298682,15.6597439446256,0.000342931201134066,0.00304285101174452
PNKP,0.630669786147391,3.61841620436756,15.6574210713014,0.000343207982161496,0.00304285101174452
SKIL,-0.904590261470383,4.96358210381128,15.6564532806865,0.00034331732775108,0.00304285101174452
TNFRSF11A,1.66170388735855,0.0454632407474609,15.6668996846778,0.000343572104155045,0.00304285101174452
SULF2,1.37003800784522,5.12796946541023,15.6543902927936,0.000343580605289037,0.00304285101174452
MDGA1,1.45323217374767,2.25545772804642,15.6556158381811,0.0003437056421419,0.00304285101174452
ZNF503,1.44694275664768,2.73023355199634,15.6488418431806,0.000344429162146785,0.00304755384284763
ANXA4,1.04840603577527,4.48908182343514,15.6416767861521,0.000345189292677216,0.00305118775878236
ABCD3,-0.665694397423017,4.9236060608125,15.6413683073313,0.000345224941723782,0.00305118775878236
AC004846.1,1.8950052278501,-1.00725114413293,15.5664606428013,0.00034555973564392,0.00305186791161138
CASP8,1.57369853650606,2.60043417477042,15.6383975253684,0.000345815358862369,0.00305186791161138
JUNB,1.8567560196929,4.39847069720726,15.6351749131005,0.000346035935496916,0.00305186791161138
PUS1,0.639254909837409,2.68209061421989,15.6306042455683,0.000346130123983975,0.00305186791161138
PSRC1,1.45790927323427,0.0587457537916605,15.6487415950396,0.000346264813849767,0.00305186791161138
ASF1A,-0.740988347895855,4.09098282664563,15.627794465429,0.000346953085196032,0.00305323480882065
VILL,1.70838420120581,2.06255767838978,15.6303891079216,0.000347087846624183,0.00305323480882065
STX1B,1.9207397593678,0.629302203907316,15.6375341736626,0.000347226154737631,0.00305323480882065
GABBR2,-1.87863862625227,-1.941812519516,15.5427144600252,0.000347383249845625,0.00305323480882065
BOK,2.3640454871791,3.70841035778502,15.6232877119053,0.00034763063345781,0.0030537154370321
VASH2,1.99632816070939,1.32270779770054,15.6266902030462,0.000348274076108549,0.00305767273356908
TCHH,4.06574869093885,-2.8537264099393,15.6039385388383,0.00034905543567573,0.00306178987131489
SPRY4,0.670919285400674,3.93132322123281,15.6105697098065,0.00034916247271861,0.00306178987131489
SLC22A15,1.21155797066818,0.265388068873007,15.6247525168085,0.000349332992822822,0.00306178987131489
RAB42,1.95467498224428,-0.319678960595996,15.5974618181289,0.000349547630415117,0.00306178987131489
AP1S1,0.696169118353524,2.24810120460333,15.6021242062423,0.000349861884322538,0.00306178987131489
FAM189A1,1.47625000120045,-2.24815346943927,15.2636184508636,0.000349902281627518,0.00306178987131489
CEP350,-0.967188976222501,5.76120988772548,15.6022748734473,0.000350220970630839,0.00306288726356893
APOL1,1.29588076478685,4.21775270157075,15.6006356497764,0.00035044174613971,0.00306312760677109
ARMC7,0.774665592899321,2.18053864719767,15.592860995454,0.00035160481449038,0.00306990715990581
ANXA2R,1.40617987835248,1.1473576209485,15.5927604558253,0.000352464954569478,0.00307402979365026
PPP1R14A,1.36027495227961,3.54947470129072,15.5810705663659,0.000353000559355633,0.00307700762602239
DMBT1,8.79442223734482,-0.277098404956821,16.4048321484863,0.000353513522713462,0.00307978493372196
CADM3,3.06092543537666,2.6851353250226,15.574761324728,0.000354623018387281,0.00308775328152925
LENG9,1.73916505193256,0.0239107548807999,15.5724269428699,0.000355456445964149,0.00309083297655132
TCEAL9,1.15108274761023,3.05719601997079,15.5623338785587,0.000355478141106225,0.00309083297655132
TUBB2B,0.719926072500089,4.42448490432717,15.5611611376345,0.000355561842383609,0.00309083297655132
PWWP3A,0.602300134294054,4.54441862793661,15.5584130777188,0.000355921484120656,0.00309226302569081
PPFIA2,1.91923311450916,-0.617897778279181,15.5262724626026,0.000356330542130568,0.00309412060336609
PRSS35,2.7174515584936,0.000832320217956111,15.4994940382549,0.000356900760032511,0.00309506774736019
ROCK2,-0.867542905499039,6.62742662912994,15.5484871032266,0.000357220856308563,0.00309506774736019
LINC01176,1.79157900978476,-0.222814632080944,15.5495334060973,0.000357507200703481,0.0030958560707913
PRAMEF6,7.72697589622139,0.410592448153619,15.6718273642396,0.000358255038191124,0.00310063767898129
TM4SF18,0.781049036948501,3.71926263121414,15.5377139431192,0.000358655329535643,0.0031007152248507
OXER1,1.73791947098932,0.32869363642196,15.54621475597,0.000359205394125101,0.00310342440575853
CLIC2,0.989293303117984,3.17858711470089,15.5326373626378,0.000359360370074266,0.00310342440575853
SLC25A30,-1.50880652531526,6.22209752886074,15.5262724780951,0.000360155093326645,0.00310859355334823
MPP3,1.78975547758049,1.20263451436363,15.5335562499758,0.000360388181470406,0.00310891209132363
TRIM21,1.04480288903835,2.77530426213544,15.511337281208,0.000362253127697113,0.00312226337620197
CCDC40,1.5473679872832,0.954024846880616,15.5158605216427,0.00036287677544005,0.00312375353159027
AMDHD2,1.05512601611708,2.65535771974879,15.5066289640268,0.000362897094191815,0.00312375353159027
CAV1,0.984547390114317,7.84141681092815,15.5030834444107,0.000363245251389477,0.00312505293092782
PDZRN3,-0.78731769161682,5.30556552785733,15.4919995968365,0.00036473238970673,0.00313473117636841
NAPRT,1.10914620729386,3.96071528773609,15.4918592801951,0.000364765841435184,0.00313473117636841
MAMDC2,1.38256082513212,4.12346442552087,15.4878195823072,0.000365316328275423,0.00313768313697881
FBXO3,-0.928163301574217,6.36205551532106,15.4783505300945,0.000366572268074326,0.00314513845813419
PCED1A,1.29729529995282,3.47336163402267,15.4765988519314,0.000366850394704824,0.0031458215394412
CSTB,0.631391558529683,5.20291538169618,15.4709898589671,0.00036756885121686,0.00314910616456931
ZNF138,-0.607102259461513,2.26393478668496,15.4646425299911,0.000367736106875073,0.00314910616456931
RAET1E,1.85985209168994,-1.74359642137137,15.2297695176946,0.000367987966637256,0.00314910616456931
WTIP,1.53493275311226,4.11681875549161,15.4657316947871,0.000368308182649412,0.00314910616456931
PRPH,3.17118943221341,-0.0369288191129161,15.3372739473667,0.000368421362544708,0.00314910616456931
BCAT1,1.68866318153303,2.26631855589774,15.4674481731239,0.000368425748035054,0.00314910616456931
PHGDH,3.06544780882641,3.24848007164069,15.4619404826922,0.000369280761399288,0.00315402723503853
EDN1,1.26224083098659,2.31406727300366,15.4578594794435,0.000369588427018821,0.00315402723503853
POLR2M,-0.715981845939694,4.96353346182418,15.4560605870764,0.000369598572314416,0.00315402723503853
AC007406.3,-1.41194640078973,-0.606485829483734,15.4885334245791,0.000371338212295792,0.00316409511710252
PLXND1,0.897090739602118,6.29746441398273,15.4418968668014,0.000371535005316095,0.00316409511710252
TLCD2,1.30305276953946,2.0586499504616,15.4440670193862,0.00037157798118105,0.00316409511710252
SHROOM3,2.06489803453491,0.22239324891927,15.4462362025608,0.00037168236903647,0.00316409511710252
TSKS,2.39621537587454,-1.15455071965966,15.2340883194161,0.000371776683791562,0.00316409511710252
ARHGDIB,1.23386640539781,5.62697740485895,15.4358643633167,0.000372364768208587,0.00316732267766162
PTPN6,2.43381768202918,3.21804413975842,15.4350740632109,0.000372703595139907,0.00316732267766162
LINC02256,-1.22456973919427,-0.874261997445223,15.4861279136603,0.000372755524316207,0.00316732267766162
AP001062.1,1.25145594668348,0.399185064648449,15.4433995852326,0.000373255409613914,0.00316817272423765
REEP4,1.33734881191356,2.05866621064286,15.4261236386334,0.000374060977903971,0.00317061349175786
OLFML3,1.87936606274587,4.59302226087987,15.4231022522437,0.000374143196162503,0.00317061349175786
TNFRSF12A,1.67321600330189,4.4506968257469,15.419909138842,0.000374577536296781,0.00317259765777397
NALT1,2.58345252012323,-1.548484681378,15.0405467119831,0.000375099163958553,0.00317531861712136
EPHA2,1.02300767090039,3.49445023860263,15.4075851427707,0.000376300556105666,0.00318332256780716
LAMP2,-0.840667551701413,6.98594318520128,15.4050835654116,0.000376619049505263,0.00318332256780716
MTUS1,-0.841436477943297,7.13038758791277,15.4048804384871,0.000376647303252251,0.00318332256780716
ADGRB1,2.18040859746094,-0.708027893826935,15.3281083639329,0.000377523309842873,0.00318732652694726
MTMR11,1.35694599407271,2.86043871852063,15.3916522319939,0.00037861775565279,0.00319486452280605
HCG27,1.33838348844864,0.874777834455904,15.3969814060723,0.000379102241588757,0.00319725025144068
SULF1,1.602044257745,4.1412451630171,15.3846536595775,0.000379499068619242,0.00319889454277081
NMRAL1,1.93113762901013,2.21570741039701,15.3855328248306,0.000379865190439052,0.00320027840132252
HK3,2.6972451335922,1.93105607213653,15.3871881813022,0.000380307357235311,0.00320092253987703
DCAKD,0.630266261059394,3.07725558377236,15.3751917308081,0.000380617728227168,0.00320092253987703
RAB8A,0.983995948987425,2.31637392665527,15.3726796184912,0.000381332423469165,0.00320092253987703
FAM156A,0.826356828772652,4.87399998536545,15.3695101334028,0.000381605619011516,0.00320092253987703
CDC42EP5,1.99735378931303,1.51647140556633,15.3762240537464,0.000381742643914531,0.00320092253987703
ANP32E,-0.682383090243481,5.05692090947969,15.3682375906778,0.000381781879281733,0.00320092253987703
CAVIN3,1.7086712072733,4.52155327315244,15.3672031670765,0.000381942571265917,0.00320092253987703
ARHGEF40,0.788424576102436,5.07275575747927,15.3667469827746,0.000381995469950722,0.00320092253987703
RASAL3,2.05145453055297,2.03539025220168,15.3708696445,0.000382116237820491,0.00320092253987703
AC147067.1,2.47635577707029,-1.37073582132531,15.0734326075852,0.000382196302283843,0.00320092253987703
KLF5,1.04414929121388,3.26485749093418,15.3624290696488,0.00038264639301244,0.0032015825713137
LY96,1.99203338382076,0.862060524716507,15.37094855729,0.00038296024203178,0.0032025176546056
GAB1,-0.736540321341389,4.60832046867455,15.356608111321,0.000383427087611509,0.00320473051549556
ETNK2,2.03914072976384,0.757216211738492,15.3637964278496,0.000383964915169288,0.00320740708310101
RNF175,3.0034936410372,-1.37902568485703,14.9153266311597,0.000384152119879202,0.00320740708310101
ZNF24,-0.646633977078451,5.69110627762197,15.3436546075359,0.000385267877874072,0.00321502899456052
COL5A3,1.00722708691987,5.76087399703592,15.3214064661408,0.00038845210710711,0.00323819071085027
CLEC3B,2.21189421866256,5.50714355194253,15.3186134462969,0.000388859590794291,0.00323988324674928
RAB3IL1,1.77108752826838,3.32353555637383,15.2936000511694,0.000392567351935604,0.00326481126530513
BEX4,1.3380303135413,2.44072483306961,15.2937310678043,0.000392675602427689,0.00326481126530513
MICB,1.64323811543566,0.659883532052649,15.2978441437872,0.000393602986394298,0.00326720759762402
GADD45G,-1.09019814265295,2.99730309017994,15.2841605798214,0.000393890819581358,0.00326720759762402
NBPF15,0.863610961822439,5.78505555748821,15.283647405517,0.000393920281662348,0.00326720759762402
CYTH2,0.818064109051341,4.34615395398609,15.2806178856775,0.000394366534496716,0.00326720759762402
CYP2D6,1.12109805089095,-0.00436151004861954,15.2980806143008,0.000394407025572963,0.00326720759762402
ZDHHC21,-0.615948416642711,4.02387324262737,15.2784961810697,0.000394676577017241,0.00326773234900325
ECM2,1.41681773039245,4.73774664981339,15.2768774191418,0.000394915331172033,0.00326800169873796
ANPEP,3.10359697896912,3.5863171178097,15.2760291204945,0.000395387294534216,0.00327019961194348
CEBPZOS,-0.778736831120531,5.35700001379904,15.2576128957579,0.000397738123181199,0.00328792698907275
GPNMB,2.08759729187129,6.07195667557076,15.2525340093686,0.000398490796109081,0.00329243151508895
CSTA,3.88673668001331,0.575589693020516,15.1053752186616,0.000399110717345854,0.00329583509003635
STAC,1.30729333602535,1.7926661223203,15.2463145345724,0.000399920526960344,0.00330045958268723
IGFBP4,2.10596054292865,7.6126989526262,15.2403204653643,0.000400295533408522,0.00330045958268723
SYCE2,1.28213941889566,-1.7328615424338,15.1336904662811,0.000400771707822866,0.0033011092424262
NRIP1,-1.16058604270263,5.22238655059489,15.2369855672632,0.000400790949859784,0.0033011092424262
AREG,4.77437338466158,-0.111345840278062,14.6871189063696,0.000401577975076433,0.00330415689046534
TRAC,2.88195113832991,2.40521204142661,15.2358577616791,0.00040196728741647,0.00330564380056502
HELLS,1.38515401049904,-0.181542470272867,15.2427331749529,0.000402246075920671,0.00330622072879402
DHX29,-0.636597672144243,4.93263291597856,15.2163549104268,0.000403869168317152,0.00331563437791202
PRKCZ,1.96392807311411,-1.48742308021487,15.0333222266575,0.000404203675024194,0.00331563437791202
PXDN,1.00159684304133,5.04188553544123,15.2135463251334,0.000404293493626914,0.00331563437791202
AC105020.1,1.85580666250778,0.426452254417693,15.2240130373248,0.0004044375119899,0.00331563437791202
BIN3,0.910392840268472,2.360077442535,15.2095625785911,0.00040505826203729,0.0033190063487616
CSAD,0.770644844325244,4.36103121200242,15.2036422829585,0.00040578229159768,0.00332258905275588
CIAO2A,-0.916847548403418,5.05852469250732,15.2027361431871,0.000405914836002738,0.00332258905275588
FYN,1.42056304148356,4.56424765618048,15.1825472408942,0.000408976153820611,0.00334591900340486
MIR155HG,2.00473958522369,-1.54123953841819,14.9700797491459,0.000410204478768799,0.00335250664004598
SOS1,-0.599080382176436,5.29545192574755,15.1725484647604,0.000410488612412355,0.00335309950561783
LMNA,1.08803206033965,7.87590720090788,15.1681976713835,0.000411152147517888,0.00335678932597422
RTN4,-0.882563981165145,9.10233058869695,15.1601998941875,0.000411752231224563,0.00335995757374647
AMPD2,1.53788387207741,3.30101501901091,15.1590838452361,0.000412625225604129,0.00336534840460558
AC010973.2,1.25224426937148,-0.719576396524326,15.1680110227552,0.000413150404380112,0.00336571406523324
LAMC2,1.23365736513499,0.536743062526615,15.1663396593837,0.000413307223508795,0.00336571406523324
SELPLG,2.53007751618318,3.00184182144137,15.1531031384197,0.000413861752946375,0.00336732025459509
C5orf38,3.46332560084158,-1.12117612888727,14.6775680238165,0.000413929441279184,0.00336732025459509
OSBPL10,1.13672118188584,2.47830682331365,15.1476193153331,0.000414483240268655,0.00336990683530796
ENO1,0.798761686214794,7.08106930773327,15.1427080719195,0.000415063499926465,0.00336990683530796
CYBB,1.9737765842204,4.10668425518758,15.1420805123613,0.00041520229562683,0.00336990683530796
B3GNT8,1.57586218415552,0.444496761499623,15.1540412886321,0.000415310661283299,0.00336990683530796
ADRA1B,2.24791610932895,-1.13218010598177,14.9745246577584,0.000416587549904817,0.00337517464684999
CHI3L1,3.98007489727283,2.15792559776471,15.135195367904,0.000416631151683861,0.00337517464684999
ZNF497,1.29123251815568,-1.10235751786134,15.1243794614932,0.000416775712517307,0.00337517464684999
CDK10,0.809707409335071,4.57630293032199,15.1308895484763,0.000416894411749061,0.00337517464684999
NBL1,2.85332996865674,4.13875261741487,15.1288671545212,0.000417327928832147,0.00337517464684999
FTL,1.75185389206236,9.28327025850542,15.1264028650723,0.000417586187146817,0.00337517464684999
MYH8,3.95588089525648,6.68498068068001,15.1260041339595,0.000417663752285784,0.00337517464684999
AL356417.2,3.34465054666514,-1.6074087566767,14.5725369531981,0.00041899064316604,0.00338248544938959
LRRC36,3.38804938301622,-1.57633187801739,14.5631953789674,0.000420195975449081,0.00338929806932448
ABRAXAS2,-0.68522294199464,4.27267478520376,15.1091950007038,0.000420266972059229,0.00338929806932448
MOV10,1.02764614616152,4.23070657583319,15.1018855532225,0.000421419169733548,0.00339686143579223
ADAM15,1.06791852564004,6.18138548618774,15.0956309985339,0.000422391696466305,0.00340227788152638
GPR183,1.98506551090925,0.607073275280096,15.105221663478,0.000422568815670799,0.00340227788152638
SLC49A3,1.47163572785467,2.00053698092891,15.0880143335788,0.00042407045433973,0.00341044135708677
GJC2,1.93650130305052,0.942107862127587,15.0934137670577,0.000424395176132713,0.00341044135708677
AC004151.1,2.03139849832036,4.00111209176502,15.0795545820895,0.000424978597381022,0.00341166962142708
CPNE8,0.93155263244061,2.48574555871214,15.0778777145762,0.000425342196135793,0.00341176752824083
NUPR1,1.60691846796646,5.46565683421143,15.0764437308261,0.000425421381700251,0.00341176752824083
PDGFRB,1.17772952979613,7.1262240369191,15.0646054703938,0.000427296120607266,0.00342506910635475
POC1A,0.992108153204602,-0.589363794999112,15.0703260971901,0.000428819386161351,0.00343449172065678
TBX18,1.61822646303254,2.00601220134489,15.057922070162,0.000428905099714758,0.00343449172065678
DNAJC1,0.825430867690134,2.90166322515512,15.0528762524386,0.000429253730948854,0.00343530966273792
ARPC4,1.0272106647782,4.58139672985233,15.0401444576049,0.000431209743383548,0.00344771988062517
CCDC58,-0.706933577744497,3.10933806999897,15.0305787821646,0.000432788591065652,0.00345638901145018
AL391422.4,1.86851129594194,0.553680396412179,15.041170298074,0.000432862964239292,0.00345638901145018
IL16,1.59633539739984,3.23025121299433,15.0299184507034,0.000432948330140002,0.00345638901145018
DRAM1,0.959441662944959,2.75272015107781,15.0282639220711,0.000433239912141348,0.0034569752707472
CARHSP1,1.2597722470142,3.86411233522573,15.0241073802685,0.000433818783820349,0.00345985217272323
AL117335.1,2.04928355660169,-2.3761373576937,14.5254256932939,0.000434436127456065,0.00346303285301623
SLC9A3R1,1.88095842469597,2.72752929142457,15.0090158561713,0.000436522148256495,0.00347791175637037
YTHDC2,-0.69600542102411,5.09394273566117,14.9986704934757,0.000437921183738384,0.00348730502447345
CDK20,1.06005763974349,0.759240668432972,15.0034069859063,0.000438671081450739,0.0034898919640417
SPI1,2.59318549761038,3.01460778344414,14.9953120595587,0.000438906713216073,0.0034898919640417
CCDC150,1.73615625437261,-0.157239960359283,14.9951936462592,0.000439579978899911,0.00349349244013384
MED13,-0.82795151224748,5.81449897818333,14.9862331968695,0.000439956443078203,0.00349473170599513
NLRP1,1.17036797991907,5.24571845779705,14.9809834716913,0.000440822310577217,0.00349813696466741
H2BC12,1.41070260726193,0.561736462043035,14.9925381629341,0.000440900531108139,0.00349813696466741
COBLL1,0.925719066487524,4.18100601493324,14.9789418203708,0.000441163599796455,0.00349813696466741
CMTM6,1.03864940019367,3.75166465802055,14.9784045414523,0.000441268113357112,0.00349813696466741
IFI35,1.52730278673277,3.12544655590623,14.9767472543084,0.00044162242759782,0.00349919530507133
CERCAM,1.98446058813408,4.42448872962726,14.9734806072994,0.000442083852305871,0.00350097201929952
CTTNBP2NL,0.722553108953503,2.98066224715307,14.9725095061968,0.000442288507770407,0.00350097201929952
PYCR3,1.12351891057261,1.28732542613373,14.9759338183416,0.000442524742868557,0.00350109316037844
DUSP6,1.12877179058478,3.87152627631919,14.9610172600386,0.000444139220048544,0.00350986126470653
MORN3,2.78168719482415,-1.78630731322859,14.4934667071907,0.000444490497740481,0.00350986126470653
TRIM6,1.57003250053047,-0.292594945361943,14.9680780280315,0.000444518934704739,0.00350986126470653
CBLB,0.765638919834747,3.85770283030614,14.9541850300735,0.000445259265189294,0.00351369970411434
OGG1,0.665390800994125,3.20823279901714,14.951973720171,0.000445660226605503,0.00351369970411434
UBE2E2,0.65817770269567,3.30881648030008,14.9509306217288,0.000445823696705141,0.00351369970411434
NREP,-0.957233245607997,6.1386685804834,14.9493229061882,0.000446056284721546,0.00351369970411434
SF3A3,-0.679504885504328,5.838801764627,14.9462680270288,0.00044656517504144,0.00351457759601333
CRLS1,-0.59467566126725,5.10688716580778,14.945647775608,0.000446668724576945,0.00351457759601333
PCDHB2,0.946437617522548,0.948063830366462,14.9501076426394,0.000447112440851288,0.00351499490030258
POR,0.772912308383811,4.40203846560141,14.9426955219541,0.000447165376349467,0.00351499490030258
WDR34,1.55056303418443,2.94047218023957,14.9370166004265,0.00044826619452148,0.00352015579017933
GPR173,1.5879246947205,1.01096422082287,14.9425648660803,0.000448682160733397,0.00352167716748001
MIR222HG,1.55145392174316,-0.00215735455960904,14.9315952412848,0.000451202715740366,0.00353348073497146
OTUD7A,0.897863449987491,0.438304969463717,14.9236172899317,0.000451641781515394,0.00353348073497146
CAB39L,1.32460829581574,3.81916406015028,14.9161079253474,0.000451653140029179,0.00353348073497146
VWA5A,1.22010304195917,3.46845133184596,14.914293734545,0.000451969801841809,0.00353348073497146
NR3C1,-0.584750015856299,6.52368038837096,14.9086514824213,0.000452214464835545,0.0035336502091957
IER3IP1,-0.677901907783694,4.99946651419991,14.9081346155359,0.000452969532790808,0.00353780590741052
COCH,1.54565310599123,0.862056994635241,14.9106247549479,0.000454228144858442,0.0035458883800846
NPC2,1.40846163552088,5.2614196621446,14.8962695213283,0.00045498570866933,0.00355005343440811
UCK2,0.620045928022848,3.56774582468626,14.8832498644124,0.000457220724645821,0.00356295261212067
AL359091.3,2.05615378856079,-1.90971620166758,14.5574826970485,0.000457276798874107,0.00356295261212067
LINC00877,3.1673489805191,-1.98702988224056,14.3161985778972,0.000457665908093814,0.00356295261212067
GNB4,0.915857550173158,3.26052605601114,14.8801982162725,0.00045776545101346,0.00356295261212067
PDIA5,1.77816937352053,2.99648793618243,14.8739431182457,0.00045897929482742,0.0035671627685778
TNFSF13B,2.11683921321335,1.28039115849258,14.8767070287943,0.000459872783717131,0.00357060460733237
UBE2C,2.32959390623894,-1.58029174657251,14.5694336620316,0.000460185880868937,0.00357128582474537
ACTC1,3.82540396937129,8.05296846226423,14.8639575901133,0.000460512460662996,0.00357207095649853
HMG20B,1.03317716298279,4.41998409297897,14.8604924534457,0.0004611146234535,0.0035749918971955
RXRA,-0.585148408994259,6.95519513926219,14.8500214466527,0.000461809838664162,0.00357863105785378
SCD5,1.64189285712066,1.52527263390439,14.8579462816703,0.000462526672807559,0.00357982644403984
AC254633.1,2.5466453478659,-2.13961300483238,14.3491908465352,0.000463040933449261,0.00357982644403984
NFKBIE,1.20052385832427,1.52211978002666,14.8529540670794,0.000463124005666206,0.00357982644403984
UBE2L6,1.39920394904069,3.85072308890929,14.8483680487609,0.000463235082583168,0.00357982644403984
SH3BGRL,1.17152853937144,5.08401821086941,14.8477217386668,0.000463319494965969,0.00357982644403984
CLPTM1L,0.604206708747744,4.48646616700865,14.8370915172373,0.000465166093769714,0.00359059283388634
ENTPD1,0.739628413168379,3.39242688144358,14.8345932870107,0.000465632702195914,0.0035906965604373
SIT1,3.26935005393477,-0.623282054095503,14.5536139141068,0.000466458136176895,0.00359142892392913
OLFM2,2.69859794899699,2.33102892083731,14.8351615081556,0.000466546377729995,0.00359142892392913
KLF4,1.53695935404086,4.12539275649784,14.828987471564,0.000466605564962653,0.00359142892392913
STAC2,1.89942503910542,-1.41398178043239,14.685710949938,0.000466634199177768,0.00359142892392913
SPAG1,1.20676549125328,0.0765285409655606,14.8382586300594,0.000467704542950943,0.00359617364975429
ZNF700,0.645663782822716,2.90074765610001,14.820244679808,0.000467940910632443,0.0035962461740021
ID3,1.17209622065263,5.02599813986198,14.8197170488728,0.00046820044293697,0.00359649656772766
B4GALNT4,3.23969980071728,-1.66905676789726,14.299668313195,0.000468644232455898,0.00359716615987648
ECE1,1.10425171498555,5.90163389494476,14.8166085388462,0.000468741599049974,0.00359716615987648
WDR19,0.700717502664161,3.13879185695575,14.812828578631,0.000469463144387092,0.0036009595591008
ABCC1,-0.730425276012148,5.1986182618665,14.8064435200531,0.000470528983490759,0.00360672680477007
GALNT13,6.0450909580246,-1.20669910613655,14.9583191399618,0.000470670223529028,0.00360672680477007
WDR46,0.690560628073611,4.15886177014699,14.8017315027941,0.000471364658520893,0.00360920744703518
ADGRA2,1.33717851285411,4.81723204605222,14.8003933889203,0.000471600494962032,0.00360920744703518
GAS1,1.25179350401429,3.80750382184985,14.8001133723008,0.000471677202171381,0.00360920744703518
ERICH1,0.664545721995436,2.84739049984232,14.792900289686,0.000473012589079544,0.00361655317473837
MOB4,-0.706303729503308,4.70758675811152,14.7912767420622,0.000473209459366943,0.00361655317473837
MITF,-0.899037403811919,5.50711796731589,14.7906410895142,0.000473321845422311,0.00361655317473837
MILR1,2.18749777634462,0.0298489175697944,14.7824024700221,0.000473819772721244,0.00361861298231978
DOCK1,0.822322881927102,4.50565543552918,14.7852511901201,0.000474282837163615,0.00362040468233709
KIF3B,0.776579942575021,3.36356659843161,14.782510169907,0.000474802319211966,0.00362262510955803
B4GALT6,-0.739925998591858,1.71661224488762,14.7801970285076,0.000475455099451198,0.0036228803152594
MAFG-DT,2.60763956409543,-1.70519405287476,14.3765154394136,0.000475514492032093,0.0036228803152594
HLTF,-0.768241040525055,4.64792053835114,14.7721542401989,0.000476611931893536,0.00362769898401387
REM1,1.7054406411546,2.73739362222766,14.7698811357934,0.000477280018599818,0.00363007209935126
TOP1MT,1.30844368007629,2.17914885739844,14.7694725424896,0.000477424674948281,0.00363007209935126
HCST,2.95677386592657,0.349511934311076,14.7284325060603,0.000477789087896815,0.00363007209935126
CELSR3,1.01616839530539,-0.0780541998668879,14.7794947362713,0.000477907971588626,0.00363007209935126
RAB12,-0.944145567528566,6.36223540367101,14.7628406878281,0.000478278015246283,0.00363007209935126
FAM83G,1.20464090132635,0.939792569303139,14.7707497315941,0.000478298134880131,0.00363007209935126
FSD1L,-1.06812875695397,4.05041537264775,14.7555048562856,0.000479596230109608,0.00363818164602535
TRAF2,0.725475185354256,2.82486300846383,14.7533835171166,0.000480075687614909,0.00364001189594415
MRTFA,0.755586359641659,4.16618954437256,14.7516449420881,0.00048029689369718,0.00364001189594415
MZF1,0.636394680632672,3.84025678548521,14.7498657524321,0.000480622193567316,0.00364073609056466
LTBP4,1.41503363305853,7.55081798834999,14.7462612219797,0.00048125999657649,0.00364382568836486
SDC1,4.703570034859,0.65465775224068,14.434415641657,0.000482254065318768,0.0036487729000301
RASGRP4,1.88955286136343,1.86959748972189,14.7449646339082,0.000482373902035909,0.0036487729000301
PTBP1,0.763174885976988,5.5906549858642,14.7383921882074,0.000482682413040075,0.00364936459897236
PRICKLE3,-0.616965340778176,3.06810954359123,14.736112572078,0.000483145309732613,0.00365112242409763
PVT1,1.9431303658832,-0.485484816075569,14.7143984078556,0.000483693636403398,0.0036535238589536
TUBB2A,0.724014283440552,4.76517901521198,14.7311581115698,0.000483997870395209,0.00365408015824339
GPSM3,2.22272895137008,2.85488183598771,14.7243078854217,0.000485629347782799,0.00366465155919715
TCTN2,1.30065519156932,1.53382014854739,14.7183143574739,0.000487117394275489,0.00367251869926928
MTRF1,-0.783152711162583,3.14639270792125,14.7141734184774,0.000487135376150945,0.00367251869926928
TPT1-AS1,0.96891883996642,3.22846570975995,14.7122803827586,0.000487486991084028,0.00367342194375111
CTTNBP2,1.74201359954568,0.510121337440988,14.7149189414678,0.000489060472171502,0.00368352723502937
C5AR2,2.59212678420933,0.731710515958831,14.6988033871992,0.000490366127393465,0.00368973771858538
PRXL2C,0.776013180219245,3.19181983662602,14.6932113755462,0.000490988890828127,0.00368973771858538
AC027237.5,4.63663165815285,-2.4146537516706,14.8240273502297,0.000491176922128572,0.00368973771858538
LOXL1,1.97107095459505,3.58164978955965,14.6921528308381,0.000491231324476844,0.00368973771858538
LEPR,1.38705390146983,3.3763771791609,14.6916772496675,0.000491282046205285,0.00368973771858538
LAMA1,6.05113755761991,-1.76770318766028,15.2021341277012,0.000492343464292611,0.00369499029004928
CD109,1.33315659175814,3.70957364804659,14.6852226586648,0.000492447749894874,0.00369499029004928
C8orf58,0.820757874682387,2.45150268595804,14.6806251866847,0.000493425079385159,0.00369616091448135
AC022098.1,1.33647281759415,0.424897841908487,14.6919653661605,0.000493501460747965,0.00369616091448135
PTPN18,1.12329837545242,4.50363365757189,14.679174256842,0.000493536725881399,0.00369616091448135
GRIN2C,1.34162927743313,1.06859465627572,14.6808534630771,0.000494592761376997,0.00370232002340164
COX6A1,1.48377294471612,4.07473368618677,14.6685168561516,0.000495541343687099,0.00370766934533024
NUDT12,-0.882190955650399,4.09271447324648,14.6553478173063,0.000497967708238009,0.00372287409555533
SIPA1,1.10740168746743,4.28448783134186,14.6495294240813,0.000499066743473066,0.00372757854328742
IFITM2,1.68641754570107,5.83914065138282,14.649089139237,0.000499143160778438,0.00372757854328742
MOXD1,1.79860457146537,-0.218369768275147,14.6503681347107,0.000499447040664178,0.00372809102845277
TRIOBP,0.79260793504209,5.30550771431769,14.6433414862113,0.000500218816810755,0.003730249977831
FAM227A,1.23401659883462,-1.2893028690143,14.6236078826515,0.000500268568175282,0.003730249977831
MARCHF6,-0.651964823268149,6.78494609533718,14.6407593468012,0.000500588173326735,0.003730249977831
COL8A1,1.36774431178157,3.17962222278569,14.6410973537194,0.000500731251296439,0.003730249977831
CES1,2.20176633482362,3.41935473574274,14.6404923742506,0.000500913229811596,0.003730249977831
BTBD11,1.77746030488396,-0.165628339639682,14.6410680714349,0.000501583915181934,0.00373349004409962
ZNF841,0.641243421032009,2.46922298080353,14.6305312787897,0.000502058467931198,0.00373477244589275
AP001042.1,3.54893427020229,-2.05706074470884,14.0576343816956,0.000502329038546182,0.00373477244589275
NR2C1,-0.601585145148302,5.14115287577976,14.6314319770577,0.000502463233081551,0.00373477244589275
TSHR,-1.54762585376205,-1.47515461416219,14.671655700315,0.00050346097675887,0.00373682553489569
DNAH1,0.663679281284109,3.47857103750445,14.6256728101925,0.000503582572999218,0.00373682553489569
PTPN7,2.24115247068545,0.864933163512186,14.6343356641757,0.000503653798867366,0.00373682553489569
TMEM161B,-0.590764424603636,2.96386611486863,14.6230500921138,0.000503918480978866,0.00373682553489569
EFCAB2,-0.700647427949332,3.28981125761265,14.615831714318,0.000505457225231192,0.00374648299730528
TRAF3IP1,-0.664510253395991,3.98643231194886,14.6046365932734,0.000507557091245342,0.00376028855772087
CDCA3,1.14061465669097,0.0761483402787832,14.6155194482561,0.0005084430359819,0.00376509195850709
RASL11A,2.1087930876559,2.65134319105028,14.5996842297309,0.000508963294832128,0.00376718418178642
MAP10,-0.97412473038507,1.71834115214138,14.5891407726252,0.000510824588651313,0.00377887639670588
SAA1,4.72743711392936,3.35688405185703,14.5940724136033,0.000511019885034436,0.00377887639670588
RTL3,3.44970911715677,-2.72707942961055,14.1434786556591,0.000513041289986349,0.00379205472127503
PDGFRL,1.74245524278383,4.577844952657,14.5742786979021,0.000513402358099369,0.00379295439104927
GALNT7,0.77416933793182,1.83274607896519,14.5726845163449,0.000513855627528508,0.00379327677081988
JAG1,0.88909574028344,5.3043192524938,14.5714141676618,0.000513940106672572,0.00379327677081988
APOBEC3B,2.70881466571995,-0.559359068702635,14.4446889829581,0.000514164100695469,0.00379327677081988
PARP12,1.15806021059583,3.70128071772314,14.5653740859736,0.000515142104492999,0.00379872355974898
FDXR,1.466707695288,2.19304713557549,14.561335205812,0.000516311715830419,0.00380227487473256
GRN,1.10922265624331,6.22799348761553,14.5590128987999,0.000516343505422129,0.00380227487473256
RRAS,1.30983789658634,4.70042841395082,14.5534346008007,0.000517434303125549,0.00380853757623343
DCLK2,1.08711250228593,1.71572248711056,14.5548128124342,0.000517726617678562,0.00380866428608658
GSG1,1.85265114445878,-2.59279548810622,14.0282820715494,0.000517947352958223,0.00380866428608658
RAD17,-0.581715752446324,4.4444836486915,14.5487431900475,0.000518345185203585,0.00380866428608658
RILPL2,1.42345928959544,3.01886445803826,14.5474528672402,0.000518735372891123,0.00380866428608658
POLD1,0.60760197877062,2.46162214595662,14.5414064349428,0.000518864216018808,0.00380866428608658
OSBPL9,-0.581177251433775,6.03334798799141,14.5451382365471,0.000518929799755869,0.00380866428608658
BGLAP,1.96747372326346,-0.461741951774574,14.5233384993111,0.000519732832056246,0.00381129393317692
GLYCTK,0.980524598418844,1.27867539775096,14.538159571195,0.000521317371114261,0.00381937881648067
WIPF1,1.32013031186617,4.33206468724756,14.5295170679457,0.000522125698653995,0.00382353324702859
RNH1,0.669147004057587,6.46168503030769,14.5259066956651,0.000522631348043732,0.00382546834755151
SLC6A9,1.55839432213365,0.525255232473998,14.5362678380512,0.000523074440088346,0.00382694397602955
FOXC1,1.18259865872626,2.2663363982599,14.5175357282598,0.000524775289011344,0.003837616061358
TRIM43,6.49895827024214,-0.360536661169055,14.347477819645,0.00052565400830596,0.00384226894355376
SIK1,1.59672713967685,3.32745192245117,14.5042276224801,0.000527211549549251,0.00384836980672981
CLEC11A,2.22697309431234,2.6318294727318,14.5064840711361,0.000527217192554453,0.00384836980672981
SELENOM,1.81525821916922,4.81162935621027,14.4945732424662,0.000529049543578809,0.00385996690473913
APOL4,2.0089363618867,2.12416145092382,14.4938179406143,0.000529968831081331,0.0038623419257423
HLA-DRA,1.44186763615259,6.96803974606397,14.487149169726,0.000530520591918284,0.0038623419257423
S100A16,1.29169758407348,4.76885784590991,14.4868082716422,0.000530593700532656,0.0038623419257423
SCN9A,1.62839243082611,0.952525318258816,14.4931159366758,0.000531143175946702,0.00386408127366354
NEPRO,-0.637077785358348,5.51406476917011,14.4831568345773,0.000531320319007564,0.00386408127366354
GSN-AS1,1.44990772450637,-0.616187037607722,14.4838331814209,0.000532360154818222,0.00386454733196022
RAP2C-AS1,-0.97963209099206,1.47886243342343,14.4789842446482,0.000532619398874299,0.00386454733196022
RPS6KA1,2.01762748318633,2.36107154936234,14.4774515366421,0.000533076954151218,0.00386454733196022
RNASET2,1.6462344203753,3.47562868326678,14.4746613379548,0.000533102323664997,0.00386454733196022
IFITM3,1.64167031953788,7.0479002424526,14.4741311077057,0.000533132708087611,0.00386454733196022
HOXA11,-0.687901555992961,1.93299269860045,14.473637897069,0.00053316009722213,0.00386454733196022
AL135999.1,1.43723088351894,0.365433013504191,14.4859736908759,0.000533285715626273,0.00386454733196022
TLR4,0.853601999672585,3.56565534644245,14.4732708758777,0.000533335332554868,0.00386454733196022
LTA,2.68831212603849,-2.21088704326921,13.9498691144918,0.000534915426557611,0.00387390890596951
CIDEA,5.89746179784749,3.15801690652361,14.4197386159489,0.000535116210965309,0.00387390890596951
OMG,2.07064775420781,-1.68351513255401,14.2103604476746,0.000536780746124421,0.00388389016310376
PSD4,2.1776242746784,2.35714607824427,14.4586219315348,0.00053698512951097,0.00388389016310376
OS9,0.926766314539089,6.01506859430297,14.4411815903055,0.000539805418709149,0.00390072798462557
ZNF302,-0.653402623040515,5.33761877671025,14.4332486108698,0.000541425215053434,0.00390741903260307
CFI,1.00700678739663,3.22353998923616,14.4321093802678,0.000541717650951533,0.00390741903260307
ADM,1.38034592600991,3.20856207733602,14.4304656078824,0.000542084131397566,0.00390828354424806
AL365203.2,1.04882547918333,0.440407342207931,14.4348757447463,0.000543484429557242,0.00391481716145164
BRD3OS,1.02676828470878,2.00183407598183,14.4227994834857,0.000543948910330459,0.00391530856876939
STX11,1.48953892873728,1.53160282273752,14.4242973258774,0.000544243100050563,0.00391530856876939
PLAT,1.23733887467474,4.51032414387384,14.4192982846906,0.000544293858585156,0.00391530856876939
SHKBP1,1.41598073383134,3.6755197945479,14.4166678775337,0.000544871120553523,0.00391706648252329
ZNF619,-0.619545942146097,1.6524893232159,14.4085683684425,0.000545406789904988,0.00391714706583826
ZNF808,-0.722168011411496,2.6685633543178,14.4135675058673,0.000545541155168373,0.00391714706583826
KRT7,2.4671538944401,-0.435950904159372,14.3460015076785,0.000545785367663967,0.00391714706583826
CAPN11,3.04776906505706,-0.600493644506868,14.2027670638607,0.000547262931409345,0.00392597359621724
PCYT1B,2.41373469618264,-2.42238475894223,13.8662752378645,0.000548121179309859,0.00392952470447306
PHLDA2,1.94691250497333,-1.11052257990388,14.3131153154679,0.000548253872757615,0.00392952470447306
WFDC1,2.14265404959085,1.01042475307339,14.406541293325,0.000548849997511126,0.00393070734920317
PDP1,-1.36345070784651,5.87043550903862,14.3968902720564,0.000548914959537239,0.00393070734920317
MCOLN3,1.56462389074811,1.01828020761704,14.4024525421539,0.000549477310040733,0.00393295706062127
TSPAN4,1.66357788080617,4.99398164971156,14.3882667262232,0.000550715133554292,0.00394003734602025
ATF5,0.743353829893372,4.1167229632167,14.3817246834939,0.000552079695099393,0.00394617529099869
FUOM,1.71745333428599,0.500697045186941,14.3898780180191,0.000552705688795296,0.00394617529099869
LILRB3,2.45590801708637,2.10385247000479,14.3838766844556,0.000552818145138959,0.00394617529099869
SNHG12,0.990277751841701,2.51063450687772,14.3712287542475,0.000554459950467496,0.00395611293789213
LURAP1L,1.14393107549931,1.82493196096737,14.3686121005743,0.000555366342422778,0.00395941990129671
TFR2,3.08622179938617,-2.59334931982336,13.7893763019715,0.000555430213153657,0.00395941990129671
ZNF33A,-0.594740101672804,5.20867658685439,14.3628551470208,0.000556026100691017,0.00396015533377553
PLK2,0.74837522619702,4.33919734065524,14.3597267427261,0.000556689638645643,0.00396310004654875
FAM117A,1.26809580598869,2.75753249603838,14.353521886283,0.000558177685546827,0.0039719091975126
DENND2A,0.890969403398832,3.31158339777556,14.3492217954457,0.00055894888648977,0.00397561176131211
HDAC7,1.08944682293481,6.02084283144024,14.3390858670681,0.000561050150149568,0.00398725670844014
NGEF,1.7621406595591,0.407588869252141,14.3498403700019,0.000561089320364833,0.00398725670844014
RND2,2.133865582451,-0.141532681953689,14.3265295010696,0.00056154747290708,0.00398872380240183
ZMIZ1-AS1,1.64831095079982,-1.02781734476724,14.3001385173232,0.000562168372019144,0.00399134506782588
EHMT2,0.869142113614525,4.03744202880978,14.320365002687,0.000565054472762072,0.00400824450754725
LINC01638,5.29003648404917,-1.88576603145617,14.4805804708185,0.000565393635917849,0.00400885590531998
PIK3AP1,1.81357631560683,2.01254726110282,14.3194508658777,0.000566023392400868,0.00401152625195732
ROBO1,0.987696913910589,3.83325987510987,14.3131383399287,0.000566612259863201,0.00401390455165496
PGGHG,1.51145661400291,4.72455932522133,14.3075017772316,0.000567808888369562,0.00402058420643094
ADGRG2,3.73122750337153,1.10052318070627,14.2648553502437,0.000569156916280947,0.00402556311006652
PTPN4,-1.01210601666692,4.80347477280652,14.3006634007705,0.000569274116846032,0.00402556311006652
P3H1,1.39053888952961,3.65100156568315,14.2957955101688,0.000570370207054712,0.00402782435658911
CD72,1.88453773519928,0.0542001880657582,14.3007684368283,0.000570565090598262,0.00402782435658911
AC027097.1,1.41325902962135,-1.2956532957848,14.2593293382219,0.000570791823651132,0.00402782435658911
AC040160.1,2.31792673188723,3.01798574273376,14.2908187238496,0.000571781822291,0.00403249957180484
STEAP2,1.52970225230703,1.81731983811286,14.2844938399893,0.000573552162811113,0.00404138778304478
NDN,1.14369162766295,4.30868877267342,14.2753299118593,0.000574777091483046,0.00404648928413483
SLFN12,0.871507609237788,0.8663222343395,14.2749537465137,0.000575711365930529,0.00405119805324205
PCDH7,1.65734196157458,0.799446009350332,14.2763044831884,0.000576691789878465,0.00405614999839803
TAF1B,0.714998503631099,1.39323600439657,14.2619982816347,0.000577005558434155,0.00405614999839803
C1orf220,1.57871290913714,-1.62737042640512,14.1499892122564,0.00057718295238137,0.00405614999839803
SLC12A2,-0.886681421746694,4.52064519856207,14.2612772288539,0.000577837257992576,0.00405732377086903
SEMA4C,0.701464616293377,4.17932421328239,14.2611868687385,0.000577862040187506,0.00405732377086903
ATAD1,-0.836917618041613,5.64270395089944,14.2563155512335,0.000578925075737543,0.00406118887791626
KDELR3,1.98495686174543,2.37076758243796,14.2558927252151,0.000579637266082319,0.00406438573256925
DLGAP1-AS2,1.86802497890725,-0.31653892130888,14.2415945543338,0.000581395052072106,0.00407490817787999
HAGHL,2.34474449145759,0.0596528425513861,14.2290418525682,0.00058242222286411,0.00408030281420316
KLHL17,0.994433726397945,1.63134770067156,14.2419643952122,0.000582713276843297,0.00408053791344928
WDR54,2.01234450764647,1.33704354371582,14.2441838997161,0.000583322300302299,0.00408299845092338
CA5B,1.04477258350718,2.06045874761047,14.2352573259839,0.000583945486275001,0.00408324561283067
SRRM3,2.51484556961789,0.358781979580796,14.2264502770888,0.000584068177069599,0.00408324561283067
AC010719.1,2.41105742683319,-1.82010337276466,13.8768946180427,0.000584130611742736,0.00408324561283067
DHRS1,1.18658368339605,2.96138188913298,14.2146250426161,0.000588290323248771,0.00410870415127968
SNAPC2,1.18788399510562,2.56416985398786,14.2093128712319,0.000589562057379203,0.00411576648603006
OLFML2A,1.23291042251475,4.60761268988234,14.2047850787454,0.000590366393284706,0.00411883002606573
CBARP,1.3527154793195,-1.33188035126151,14.1714225437452,0.000590520718067857,0.00411883002606573
PML,1.06679574642195,4.82370546711242,14.2013364931557,0.000591136835036152,0.0041196541252029
FLI1,0.800762714467189,4.50424740659875,14.2012396535514,0.00059115879855565,0.0041196541252029
UST,1.32599765720809,1.81121886370234,14.2012210333573,0.000591831635871507,0.00412071877577143
LRRN3,1.98350526459713,1.59470423222464,14.2027524177068,0.000592219376501776,0.00412098444192304
ELOVL3,2.77784409136814,-1.5870961087242,13.8184280381061,0.000592389888224944,0.00412098444192304
HSD11B2,2.06758247842287,0.95401145548773,14.2037643362674,0.000592674616829879,0.00412115605656125
RCSD1,-1.02624802457711,6.52548061289051,14.1912326821487,0.000593404732984279,0.0041244231594745
ATL3,0.981002950491493,4.96236716119266,14.1891458781545,0.000593880151276703,0.00412591791200434
MFSD12,0.87201276449745,3.18834217526021,14.181839359631,0.000595588441405974,0.00413597284441738
AC144831.1,2.53786415633903,1.1013177697881,14.1869125346338,0.000596125934663815,0.00413614278563334
GLB1,0.683282423973655,3.37380480231247,14.179183574513,0.000596170258883264,0.00413614278563334
SPRYD3,0.839549631719523,4.59599072441097,14.1774749597876,0.000596519711431099,0.00413614278563334
SNHG18,2.31481573237768,0.684410363175273,14.1825101531575,0.000596911474828045,0.00413614278563334
EXOC3L4,2.32292107397367,-0.0686152370456344,14.158341605053,0.000596917937195901,0.00413614278563334
PLD2,1.24567685567981,3.63333724179793,14.1738180209697,0.000597387864249944,0.0041375898097766
NKX3-2,4.52613019670105,-1.41626522104768,13.6451713000651,0.000598338443520698,0.00414236317801332
COQ8B,0.691607840883907,3.62925118123024,14.1680100968769,0.000598685622780631,0.00414295679659592
IFITM1,1.5451139525188,5.57157463671313,14.1659863363951,0.000599129390903456,0.00414379235328675
PCDHGC3,1.06461563807477,3.01466491206467,14.16557888701,0.000599329341435807,0.00414379235328675
ARHGAP21,-0.64066528987423,6.34732294235361,14.1638017914218,0.000599622412271953,0.00414392900523873
PDCD4,1.01068815452277,4.29061478824385,14.1606372345707,0.000600352848346432,0.00414510996074325
EFNA3,1.70193617593832,-1.25721124355319,14.0912271863617,0.000600620208894192,0.00414510996074325
MKKS,-0.64271249219142,5.4525570381199,14.1585196308077,0.000600827764234697,0.00414510996074325
ZNF286A,0.594163742070275,1.33247907001968,14.1533649541496,0.000601221067016621,0.00414560058864262
CYB5R3,0.708989004884289,7.43025933411943,14.1523290600205,0.000601422083251681,0.00414560058864262
KCP,1.40984324291073,1.10477118459961,14.1602599847757,0.00060200027425834,0.00414778188963996
RABGAP1L,0.818410408504681,3.58224995688144,14.151040931202,0.000602570500992098,0.00414990644468569
GRK5,0.892833512570469,4.42492172550932,14.1479841145669,0.000603244700721759,0.0041511158997814
TCTEX1D2,1.36887507142612,-1.2588016140781,14.1222432943371,0.000603270014336882,0.0041511158997814
TEKT3,2.46423727793905,-1.8051873151809,13.776327917515,0.000605244778104241,0.00416289670078902
STK26,1.34495328530772,1.00420163125614,14.1389703686839,0.000607017800162101,0.00417328029465024
AIFM3,1.73274908332067,-1.23455630898266,14.0563254451682,0.000608626838568643,0.00418252797519396
CCL19,9.21815279947241,0.120461442423958,14.8057122922127,0.000609215693764818,0.00418342505973916
SMCO4,1.16804731453841,1.10005367451162,14.1278306710102,0.000609285356084936,0.00418342505973916
SDCBP,0.774663705305486,6.25982489662043,14.1186582090343,0.000610006141536393,0.00418656012339854
HMGN3-AS1,-0.60233088449027,1.18645530561567,14.1138653495,0.000610299913487373,0.00418676308616208
PPM1F,0.737108616493557,5.07085618456306,14.1037164605447,0.000613489596436992,0.00420682372770965
PCDHB11,1.08503293372742,0.694953125562945,14.1012027799529,0.000616164916028354,0.00422334144649711
AK7,2.18455310295594,-1.90091608573487,13.7706221046786,0.000616650880254036,0.00422363692540703
GCH1,1.07564267187139,1.55507866735581,14.0930737205171,0.000616741076884701,0.00422363692540703
RIPK3,1.63253737621791,1.79485880511265,14.0914507961152,0.000617275378334138,0.00422399323432712
NUDT11,1.93536336317155,-0.978197689894569,14.0258236445958,0.000617537999729394,0.00422399323432712
LAT,1.53899091492796,-0.806022888305625,14.0794590641468,0.000617592750926733,0.00422399323432712
DHRS9,3.0009025872,-0.320976690736205,13.9565317717488,0.000618367986125666,0.00422504458762876
NRROS,1.4392473544846,2.09401783994344,14.0846465024558,0.000618491592776079,0.00422504458762876
LINC01943,2.51000180316575,-1.54706153504257,13.7797327436249,0.000618546314337019,0.00422504458762876
AC060766.4,1.71770919572944,-1.52798389901716,13.9617254282101,0.000619365139454484,0.0042254778153161
PTHLH,3.15988486525089,0.227346255605671,14.0111118914371,0.000619371340549313,0.0042254778153161
CD74,1.50438277548725,8.64273902127585,14.0784744021996,0.000619409665235016,0.0042254778153161
ERICH6-AS1,2.19424187561227,-2.66538583046591,13.5186735905526,0.0006212228301163,0.00423602331706239
DKK3,1.75450618528673,4.80742848657694,14.0666479683386,0.000622220489773302,0.0042402948832824
YWHAQ,0.729093258537228,6.04314878220439,14.0638883557113,0.000622861128119559,0.0042402948832824
BMF,1.15218712435344,2.37539060094738,14.064842726176,0.000622919573943424,0.0042402948832824
LRBA,-0.753384280212762,4.48729207188689,14.0583536133955,0.000624176733969635,0.00424702821091318
RBM15B,0.732388775054004,3.94265405022771,14.0519231636362,0.000625722050812158,0.00425571559623187
LPAR2,2.62753337848188,1.669648123893,14.0536463518965,0.000627175998922767,0.00426377436933895
FANCA,1.6836683107266,-0.649714361885924,14.035610234248,0.000627667801223917,0.00426528801286253
ISYNA1,1.48041245077151,4.60663279679969,14.0356118544458,0.000629624217822793,0.004276748812618
AC009237.14,1.64955684538939,-1.32191502246833,13.962067421862,0.000630898865784517,0.00428357083379916
CD9,0.904089534029948,5.70161721904038,14.0236882541661,0.000632479531468563,0.00429062634211572
HAP1,2.7274583397433,-1.90247431702565,13.5858621030972,0.000633663886872018,0.00429545961546024
NINJ1,1.19504295440763,4.3306517935962,14.0185511152856,0.000633734118820347,0.00429545961546024
RB1CC1,-0.868539148941462,6.05703928304089,14.015160730631,0.000634539899480159,0.00429908242285681
TCF7L2,0.835487931380199,3.34274056197306,14.0121558280454,0.000635313353536379,0.00430248321089359
AGAP2-AS1,1.86592806561154,0.536289603135962,14.0200438885077,0.000635773337578029,0.0043037591117467
GUK1,0.823178686828585,6.45540151490842,14.0084995815661,0.000636154386729826,0.00430449981490502
USP18,0.616491445237063,2.05737328011845,14.0013086823482,0.0006366107761037,0.00430510388883713
HSD3B7,2.38118216696547,2.78884382694442,14.0082578806841,0.000636822852108854,0.00430510388883713
MAP4K1,1.78437305030055,1.51250595245867,14.0104966928413,0.000637058662164642,0.00430510388883713
ANO9,2.51237962824567,0.461377602655123,13.9999478075376,0.000637665471570371,0.00430650848102313
SLC25A46,-0.905970721856625,6.28592995409474,14.0016872951598,0.000637810021137205,0.00430650848102313
KCNQ1,1.43097667252701,1.34080783453967,14.0055217561538,0.000638204990015524,0.00430734006677002
CD200,1.21767910029262,1.41521371699019,13.9995155640214,0.00063939415920275,0.00431352883818049
CAPN7,-0.645167205718484,4.7203351644939,13.9931311979638,0.000639896453365528,0.00431508046658874
LINC01315,2.30543629371291,-1.19953960441879,13.8129228218144,0.000644446410042146,0.00434206728738856
VPS13C,-0.623048457208955,5.85008369076252,13.9702647282852,0.000645506429776586,0.00434578382214283
KCNE4,1.08564702383594,2.0995580651423,13.9717184754946,0.000645546483077189,0.00434578382214283
TPMT,-0.714409569275403,4.25074384278039,13.9656104422116,0.000646655735414866,0.00434866909585966
KLB,4.39671075247731,1.58502624656909,13.9129834324196,0.000647233734732487,0.00434866909585966
MYH10,0.741415514250005,4.75553756122912,13.9628292234799,0.000647347157009714,0.00434866909585966
TMEM243,1.50188688267271,2.15602345174675,13.9616579500277,0.000648170212316322,0.00435235311634608
ZFP36L2,1.12808437555569,5.96552234472161,13.9545667048773,0.000649388347843884,0.00435868578919188
MIR497HG,1.32592553679854,0.177285423672426,13.9663709759727,0.00064969507111026,0.00435889830308395
PTPRN2,1.01081613987348,1.91509827445978,13.9514965918055,0.000650619790392924,0.00436235460551535
GGT5,2.25682349564086,4.90215159414156,13.9491711696586,0.000650760793048419,0.00436235460551535
AC011337.1,1.24104458413892,-1.3076372699217,13.9268610393456,0.000651283899721542,0.0043640152046035
TLR2,2.18021445243999,2.06956508990899,13.9496587328275,0.000651722314416277,0.00436510714985407
MYO5B,2.40715349465106,-0.122273843212673,13.9144651733947,0.000653008462551728,0.00437002749411201
USP24,-0.930334678054704,6.92220923767034,13.9356896926559,0.000654088985905253,0.00437541078921087
ADAMTS16,3.39615804773121,0.619098521220256,13.8811635479335,0.00065571497811714,0.00438258762472472
LINC00163,4.57777161887771,-1.14920289731836,13.3870274983174,0.000657979599629218,0.0043921662659327
AC021752.1,2.2493199097301,-2.60861949052682,13.3774048148047,0.000659817568480044,0.00440258063482242
S1PR3,0.907661786172753,2.61996051738186,13.9093229243865,0.000660898596158091,0.00440491066195845
OAS1,2.04600142152301,2.5034956994369,13.9106636716687,0.000661000666002221,0.00440491066195845
APMAP,1.07358927887988,4.69943045712992,13.9060472660458,0.000661549374409174,0.00440526821225793
AC110048.2,1.17299945944226,-1.31664553009825,13.8904021698764,0.00066161029501949,0.00440526821225793
MYPOP,-0.61282583698514,2.94365637408491,13.9031999336757,0.000662334201719066,0.00440823607502816
LY6E,1.51373020562842,4.95056551105867,13.8946732916919,0.000664433830236987,0.00441965327644746
PPP1R26-AS1,1.62356348697503,-0.989389672382526,13.861012830189,0.000666366152787233,0.00442949011041077
KBTBD2,-0.66882401640052,5.96936144295539,13.8839929763334,0.000667148764129068,0.00443138651379543
ADCY3,1.22167544653453,3.87911681056067,13.8835412571037,0.0006672982754334,0.00443138651379543
CENPV,-0.833713712473209,3.45066959719383,13.8799296054866,0.000668225067871642,0.00443238514134669
VANGL1,0.7138002687506,2.21987258505269,13.8787638617143,0.000668732467224176,0.00443238514134669
ADM5,2.49325367127211,0.738022351027931,13.8820865267805,0.000668759567928311,0.00443238514134669
LTB4R,1.18645424606242,2.65219239338356,13.87342162219,0.000670075260527791,0.00443739350337815
EML4,0.659875680625421,3.61759440600422,13.8683433110189,0.000671179978148955,0.00444285259554156
C20orf96,1.00044092085183,1.15217817457431,13.8709916223333,0.000671752884140129,0.00444478829017479
CHTF18,1.1381069438071,2.84799515566481,13.8641389592742,0.000672410168364133,0.0044460858233221
PPM1N,1.87416718937334,-1.01336843539555,13.8073544161403,0.000672510110336536,0.0044460858233221
LINC00623,1.75876712216784,0.5059396576884,13.8685224589224,0.000673762312688149,0.00445250682617561
UBE2D1,-1.26925223402179,6.48792645067926,13.8537276606425,0.00067492272795808,0.00445831616088024
TLR6,2.23091576148136,0.569306322835819,13.8532340123591,0.000676692349382351,0.00446549599998158
GSDMB,1.19799446412889,2.87868201876202,13.8464030681979,0.000676986869445289,0.00446549599998158
CEP55,2.60778622687601,-1.97322214595645,13.4261472585433,0.000677361364804597,0.00446549599998158
FHDC1,1.14319886020523,0.39646391703339,13.8554511432188,0.000677418589257002,0.00446549599998158
TREX2,2.25425465087503,-1.57549142635068,13.6022856244984,0.000678505694266729,0.00447078639311243
VPS72,-0.58017195815916,5.24526103441586,13.8388280475894,0.00067878538914801,0.00447078639311243
MAP1A,1.4981201518115,5.09004482727218,13.8374417501814,0.00067915131065626,0.00447133810551298
CD27,2.67776989775082,-0.156374664902482,13.7789051803749,0.00068035213647775,0.00447738384832346
OSCAR,2.77170846996417,0.578102448480744,13.8164615673197,0.000682517470121124,0.00448976934371501
PCDHB7,1.41375384167054,0.725141255276391,13.8297588558206,0.000683575314361045,0.00449486224343547
PGA5,5.24961195052361,1.00909394170523,13.4971609903826,0.0006849069323733,0.00450175037632505
NEFH,1.22176986462795,-0.669542892917533,13.8269840440471,0.000685234705526531,0.00450203747034782
CHIT1,3.38702421630355,-1.15353644887543,13.4163339842793,0.00068630101649312,0.00450717455796373
RELL2,2.20205789707874,-1.18466851839309,13.6725851085956,0.000686602686349371,0.00450728780885604
HELB,1.1008657859482,0.725153802703572,13.8135898139333,0.000687586798972046,0.00451178856135506
ITGA9,0.791596824690455,3.68477544819887,13.8035011051555,0.000688061000510165,0.00451178856135506
MINK1,0.644786915361995,5.10416238449689,13.8020588321292,0.000688420498754342,0.00451178856135506
TBC1D10A,1.38597213149258,2.16010969804518,13.8038929882156,0.000688427130772799,0.00451178856135506
M1AP,2.56996574560362,-1.52611933662967,13.4978841817726,0.000689855042630063,0.00451927774309988
ENSG00000154537,1.8474608271858,-2.40692337371624,13.3926209740798,0.000690940913755075,0.00452394416493972
PGLS,1.52965301383363,3.58027246772684,13.7920485285292,0.00069113831156175,0.00452394416493972
TNFSF9,1.96375837330744,-0.294798990643161,13.7811355005588,0.000691950142797708,0.00452738807304512
LIMA1,0.941039136326288,6.01944340741541,13.7777366816096,0.000694869361683972,0.00453938861649526
PLCG2,1.21416903411669,3.15906743109609,13.7780255950515,0.000694888904916284,0.00453938861649526
NHSL2,1.09653045237567,3.65829303172413,13.7755191953917,0.000695502969700921,0.00453938861649526
LGALS1,1.15945050622459,8.13488293632376,13.766774477586,0.000697797931660428,0.00455249231083689
SIK1B,1.55916650981335,3.43107468724364,13.7632008319452,0.000698847701370162,0.0045574138279768
SUMF1,1.12538974475617,2.90443793309238,13.7623909211436,0.000699127469919328,0.0045574138279768
NUCKS1,-0.719304555820865,7.92531057859857,13.7556458002368,0.0007000319723366,0.00456076601344639
WNT2,4.37625810773964,-0.199827665038994,13.3634107265542,0.000700217309946051,0.00456076601344639
CCDC102A,1.27755867197681,1.59387900400099,13.7589330999235,0.00070083587764078,0.00456104564803838
MIR503HG,3.32133702498119,0.493566989411017,13.6920907800107,0.000703766394249987,0.00457312015384498
ATP6V1FNB,1.28916046835297,1.72487358438656,13.7473660833771,0.000703845526296958,0.00457312015384498
GRASP,1.40385242694402,3.29975648002762,13.7422084409111,0.000704503582245315,0.00457551978190226
CD83,1.145830151215,0.988566137059242,13.7441475735421,0.00070563439528574,0.00457850183622774
SLC4A4,-1.04022095637069,2.25475343211236,13.7372458879576,0.000705953196394908,0.00457850183622774
UBA6-AS1,0.84311359156418,0.568655921809531,13.7402297218386,0.000706260388101167,0.00457850183622774
PCNX1,-0.749460145805878,5.94151671280746,13.7342590841197,0.000706562441299568,0.00457850183622774
SFXN2,0.977817467958215,0.577005130153375,13.743018673315,0.000706696251114598,0.00457850183622774
CLSTN2,1.18163608618452,4.24854699867566,13.7284749186546,0.000708149460659868,0.00458522335836432
SCNN1A,2.46788289665386,-0.882279407370015,13.5999482846058,0.000708312411262438,0.00458522335836432
HYAL2,0.936305990036542,4.23790656909183,13.7229947324018,0.000709635708781645,0.00459042417589284
MRAP2,1.69310282776782,0.791600137296205,13.7319586218312,0.000709695161919446,0.00459042417589284
ZDHHC2,-0.949681451489194,4.79507822447921,13.7204926634097,0.000710308770634109,0.0045925185998526
STX1A,0.888546136859142,0.364287331728979,13.7247393516258,0.00071124613069776,0.00459291079675676
HYI,0.866739891631362,2.60463364435053,13.7160642553911,0.00071170812640173,0.00459291079675676
NFKBIZ,0.84251314342367,2.71110014604777,13.7153206427628,0.000711888951557005,0.00459291079675676
SPOCD1,2.75933153772976,-1.50030725131832,13.3790577451821,0.000712022947002577,0.00459291079675676
ITM2A,0.792641717897421,5.55783994054517,13.7134162142332,0.000712242204914701,0.00459291079675676
ETS2,0.680703507739551,5.91880900835341,13.7122138455693,0.000712571196078747,0.00459291079675676
PFN1,0.906330420962426,6.7539847688651,13.7117866868093,0.000712688057627618,0.00459291079675676
MMP3,6.56095360351532,-0.692854523682981,13.8209762285137,0.000713423955217911,0.00459578431639766
ITGB2,2.43679712087533,4.41115587559247,13.7051275212181,0.000714588838103274,0.00460077852417272
LAT2,1.73042264580004,1.85934007634991,13.7038350253611,0.000715904898506554,0.00460241173494254
PHYHIP,2.63314233817174,1.04747167054487,13.6988241058152,0.000717901617436043,0.00461116813771126
TMEM131,-0.682843086414513,5.95803099013836,13.6920154403086,0.000718124150295341,0.00461116813771126
PIK3R1,-0.940557531697026,5.9318326712763,13.6892052103728,0.000718900394377908,0.00461353128227491
SAMD5,0.982707515163156,-0.274249786707918,13.7026284231109,0.000719090191658928,0.00461353128227491
ARAP1,0.85872453774993,5.4059150470475,13.6831872136842,0.000720565923026947,0.00461925897338513
C17orf67,1.03073885684459,-0.203247213764467,13.6962034465418,0.000721131049194597,0.00462063191513198
AIMP1,-0.604855578364819,5.52858780173535,13.6798857384276,0.000721481055117974,0.00462063191513198
AC098798.1,-1.85813705272003,-1.9316225266635,13.6202577673874,0.000721654823622871,0.00462063191513198
ARMCX2,0.750697762284277,3.32958498869315,13.6783318327225,0.000721961983881316,0.00462073164724039
RBL1,-1.03972749632933,3.83881422902548,13.6766451793011,0.00072239047743853,0.00462160754782736
RASSF5,1.6296784149667,2.90712312010695,13.6688025090783,0.000724805851315293,0.00463518899345983
SDK1,1.68295902277767,2.58646486614373,13.6497728292136,0.000730293699703472,0.0046626335846775
APOBEC3F,1.46697076036803,0.272992528253269,13.6591033694901,0.000730530701038166,0.0046626335846775
DSTN,1.08968443387413,7.00664863500402,13.6473467004136,0.000730568510806729,0.0046626335846775
PROS1,1.0768010101374,4.38038954248574,13.6441981596527,0.000731464180615935,0.00466459270431417
EPOR,1.06721366830498,1.769078985653,13.6411641270718,0.000732981986757845,0.00467239161068044
RORB,3.85426359061194,-0.776109014874998,13.2389748405216,0.000733432724381077,0.00467338495507315
SULT1A2,0.961023496090263,0.992068565182417,13.6405432546774,0.000734124922697551,0.00467591545417528
IFI30,3.73626707910144,-2.24445769536299,13.1840268871224,0.000734482785840446,0.00467631527007374
CDON,1.39012261378425,2.54080003354192,13.6311762601445,0.00073545821163019,0.0046788827692458
PLCD1,1.17659050699352,3.03373483506849,13.6304412935327,0.000735476555700844,0.0046788827692458
APEX2,0.596945125050753,2.60796310297032,13.620714641919,0.000737298502477985,0.00468671053701109
AC005726.1,0.793008730416735,0.145918132713139,13.6265282653333,0.000738417540124025,0.00469194176357074
AP5M1,-0.796916958366831,5.0419728707987,13.6143375193837,0.000739912161731118,0.00469955431942005
LRFN4,1.04446633796557,2.9547032088221,13.6133362441863,0.000740332044736905,0.00470033730486608
ITGB5,1.20681371815357,5.73502537195888,13.6100402885603,0.000741137731905896,0.00470313883238064
BPI,3.10060506580217,-1.86715229491414,13.1548856291434,0.000741366870908489,0.00470313883238064
PID1,0.846837164176362,2.99508316669904,13.6052315096116,0.000742623967913487,0.00470816984320469
TRIM62,0.717289827878146,1.46942692369107,13.6029205589941,0.00074275412431449,0.00470816984320469
GLYATL2,1.8920510168683,-2.09019848250764,13.3116027646145,0.000743067704176069,0.00470827425352986
LST1,2.57615598524611,2.42786593791736,13.6035682365744,0.000744208385715045,0.00471035101609978
AC007292.2,1.34452834899353,-2.03465130339817,13.4344628666218,0.000744539671751141,0.00471035101609978
NR2C2AP,1.00063620212675,1.92699409793949,13.5997696330561,0.000744584419469297,0.00471035101609978
MAIP1,-0.647949100033193,3.44121209263577,13.5906693535376,0.000746725059462741,0.00472200798775182
BST1,1.65409411945027,1.79622245767544,13.5864937801982,0.000748965843408246,0.00473293207238051
BAIAP2L2,1.04537768233982,-0.222037019623007,13.5968991929124,0.000749240844198959,0.00473293207238051
SEMA3A,3.03080830557176,-0.299104783745069,13.4591932826592,0.000749796128961861,0.00473293207238051
LINC00857,2.30232328741211,-1.53385893509793,13.3493031242951,0.000750081011994348,0.00473293207238051
CMAS,-0.581563483868521,4.79459698332692,13.577897174145,0.000750374468285295,0.00473293207238051
ARMC2,0.830491887387314,0.490289875123082,13.5825539508451,0.000750383587201718,0.00473293207238051
AL159141.1,1.36481170483886,3.15244831011075,13.5777514045254,0.00075054321309347,0.00473293207238051
RHOH,2.68557838543613,-0.25214386387546,13.5120708861761,0.000751070050990149,0.0047343703651714
C17orf49,1.07550553585567,-0.528594531699888,13.5858284272435,0.000752618990566699,0.00474199656669636
AC012358.4,-0.649431237273914,-0.0211182826936212,13.5778862823872,0.000753047203750744,0.00474199656669636
FCHO1,2.55765294000695,0.288177794858345,13.5575624379721,0.00075317759565689,0.00474199656669636
SMAP2,1.3397353585108,3.96356774394329,13.5668359775358,0.000753624580977163,0.00474292642364778
FOXP1,0.829261196980117,4.04198527009456,13.5648646951874,0.000754167676755771,0.00474429028548388
NAGLU,1.37793796020098,3.68118533847705,13.5640661946673,0.000754440052970239,0.00474429028548388
GADD45B,1.11946285358988,3.35704133666609,13.5598598400589,0.000755680728905138,0.00474977182467907
PRDM10,-0.740202046043567,3.47011313103271,13.5589521889883,0.000755911184567465,0.00474977182467907
MDK,2.39472013909517,3.11966076946131,13.5525527246135,0.000758177015861052,0.00476212095535081
TPP2,-0.719896704440354,5.5526967764859,13.5363166524311,0.000762504385796921,0.00478550772345497
RDH11,0.604283698227902,3.50994992853958,13.5339322531335,0.000763237564208636,0.00478821285827959
TSPAN15,0.909327525167802,4.08764541759155,13.5315715584383,0.000763918323787678,0.00479058712982324
AC020916.1,1.08035925887696,4.25681554920662,13.5244784899283,0.000766009667272037,0.00479800600682212
ADORA1,1.61363787959273,0.927046503240693,13.5300804003187,0.000766745505939672,0.00480071751585381
TRIM5,0.85650794551857,2.29343917508499,13.5203808723028,0.000767484108317607,0.00480259176747059
LINC00869,1.3786649930392,2.01494007495505,13.5201039092962,0.000767951752702592,0.00480259176747059
GLMP,1.24083911384591,2.54906246262067,13.5183764314847,0.000768079242770359,0.00480259176747059
MT1M,2.3268018630083,1.28448096949189,13.5243602729682,0.000768358968860134,0.00480259176747059
TTLL1,0.744146030506588,1.23502197170454,13.5137892347168,0.000769018317111036,0.00480284554932884
SCYL2,-0.687035741096575,4.89201359335857,13.513642992296,0.000769206916400365,0.00480284554932884
RGS2,2.29296489397969,3.71571228821048,13.5043589403013,0.000772142344372201,0.00481737784695522
MBNL3,1.4249600258932,2.07738274568749,13.5044399781622,0.000772578971168062,0.00481820502011031
CCDC188,1.62434882224183,-0.356493708698268,13.5009281807858,0.000774487983297218,0.00482631186445577
PLEKHG3,0.67623234664454,4.0001784764399,13.4948512632078,0.000774819462348771,0.00482647956754755
KRR1,-0.802156968666449,5.21870406538792,13.4904456192622,0.00077612861789413,0.00483273485570463
LPAR6,0.822350775612741,4.13470543840352,13.4851288048435,0.000777734765428495,0.00484083378937367
PDE1A,1.10371004930727,2.9776363639633,13.4837386464072,0.000778287986303643,0.00484237523319742
UGGT2,0.663864611006587,2.86670921687779,13.4825509338489,0.00077862810825722,0.00484259012227322
GAS2L1,1.12907583661176,3.45818136279946,13.476227822627,0.000780462341017247,0.00485192994519708
FANCI,1.04479213618999,0.99710015298298,13.4805881817209,0.000780856867253902,0.00485192994519708
AC009093.1,4.01744186673381,-2.25956296669573,13.1402113967303,0.000781208820657562,0.00485192994519708
PARD6G,1.09745339792477,0.989407897429995,13.4791425275871,0.000781354528941942,0.00485192994519708
FBLL1,3.17427912325924,-2.40287084105944,12.9623407865755,0.000782152293345528,0.00485498135238801
SLIT2,0.96685319865066,2.71091481526613,13.4698689025486,0.000782520796344703,0.00485536689885455
F2RL2,4.84846460188522,-1.52977768265935,13.1450963308385,0.000783260895177862,0.00485805691032625
SHC1,0.58420519565469,5.27701079887945,13.4636973165952,0.000784192387239755,0.00486193143997981
AL137026.1,1.55732321296519,-0.410167259737006,13.4678945347927,0.000784766897659669,0.00486359054642658
PTPRS,0.701491709742561,5.05968984635604,13.4595451995106,0.000785457393116326,0.00486596689160063
SEMA3D,2.75497474082378,-0.208098249653174,13.3935670342755,0.000785862429764667,0.00486657363207529
TIMELESS,0.589002553423849,2.19007357802709,13.4466177781184,0.000787817781672458,0.0048767767133451
WAS,2.48378234077741,1.95937787654924,13.4519615477506,0.000789538773038493,0.0048855216463651
KCTD1,0.625081199755379,1.04742275685069,13.4434889904883,0.000789852606033076,0.00488555591249264
AP1S2,-0.882711080180795,6.54028124763723,13.4424517666242,0.000790660299529471,0.00488864368577586
ABTB1,0.803281780805035,5.56308535582944,13.4391210227091,0.000791679736568702,0.00489192394408173
BMP1,1.28615755423119,4.41201390259902,13.4387553085522,0.000791808223422076,0.00489192394408173
NBPF12,0.665756575045873,5.59250134736309,13.4370009721165,0.000792329144087939,0.00489323458548775
DICER1,-0.613013538711621,5.71247464326531,13.4353632464889,0.000792831118284508,0.00489442724248329
TRERF1,1.16351753575695,2.24715646395522,13.4316757794224,0.000794367037141208,0.00490105664142177
AGTPBP1,-0.803419710148318,4.87553603161913,13.4239853807384,0.000796328978497727,0.00490945868756916
SLC34A2,7.10350032166059,-0.789588023677578,13.8226341431639,0.000798330454010361,0.0049187957638811
RRP15,-0.697332202942497,4.54286474376036,13.4159386412252,0.000798812694214986,0.00491985416448693
PLAGL1,0.87648493558402,4.60944920435616,13.4145012801399,0.000799262769559929,0.00492071371764421
VAV3,0.958232913457685,0.922157276630577,13.4169621598297,0.000800366149650983,0.00492368104562078
AMER1,-0.891865888092856,2.98727922235064,13.4079650792946,0.000801353798945699,0.00492784386957411
KLF13,-0.598224731745478,6.47349247922901,13.4003874420654,0.000803471547703245,0.00493703513627504
AC245452.1,0.873472420845928,1.83045379763233,13.3963040470843,0.000805463940923408,0.00494735933016017
HAS1,5.84986135310929,-0.969146850461096,13.2590128280839,0.000805811926886547,0.00494757907995781
HLX,1.02788777752945,2.91180259517405,13.3873387875838,0.000807858699700059,0.00495495574713486
F10,1.72745967462976,2.98890824756735,13.387376245104,0.000807951388313024,0.00495495574713486
DDR2,1.10454251194778,5.41941017773662,13.3837566528796,0.000808829706741803,0.0049565059407337
ZNF487,0.956101893327406,0.625476292794127,13.3907059208841,0.000809263888633865,0.00495724964947076
LMBR1L,0.711086174496882,4.48197572171044,13.3811556741318,0.000809648372740219,0.00495768847094832
AC040162.1,0.992643154911125,0.548698493612518,13.3875975141948,0.000810472414668594,0.00496061456106258
RFPL4B,6.13081671803611,-1.6573859643078,13.8057431416376,0.000811074644360108,0.00496061456106258
RAB3D,0.762239910684928,2.24299707599238,13.3765299190027,0.000811378364502696,0.00496061456106258
PCMTD2,-0.606593715024413,5.80891784162756,13.3726358507919,0.000812318382666251,0.00496253254052123
C5AR1,2.71533635566684,2.17987296389598,13.3695998030703,0.00081505711175816,0.00497542760016624
KRT80,3.52694030553331,0.236695432024672,13.2439834954494,0.000818198047865085,0.00498949943149742
PROM2,0.603461063203777,0.216586254528982,13.3592303420332,0.000818306873380563,0.00498949943149742
MVB12B,-0.596955019732637,4.64400119192083,13.3503665353829,0.00081935921266749,0.00499228132377891
ZNF101,0.858092355364225,1.61776689067488,13.3525545632314,0.000819393179980371,0.00499228132377891
JUND,0.96195129839296,5.56276643251306,13.3406011787592,0.000822466503687842,0.00500675778758601
ATF7-NPFF,1.33171871616863,1.15213293346001,13.3454494905343,0.000822717061833404,0.00500675778758601
MT-ND2,-0.971579074430229,13.3462576053373,13.3327359250197,0.0008230761282079,0.00500702011658756
ABCB7,-0.682415750962306,4.6531105129286,13.3364184756194,0.000823801780148803,0.00500951143899389
FCGBP,2.15914114425394,0.594872799241451,13.3408555436006,0.00082464839943107,0.00501273616639209
DTX4,0.972600946799274,2.58350056906787,13.3302722940055,0.000825996476373021,0.00501768299804588
RASD1,2.43136738491745,2.89753967738352,13.331379571498,0.000826095471818116,0.00501768299804588
RAP2B,1.18064243984105,2.64739917208432,13.3275057140404,0.000826911202914877,0.00502071334582071
NUDT18,1.65249389176155,0.965956411421268,13.333401005669,0.000827257814229342,0.00502089413331765
CRYBG1,1.45880147924059,2.92930616235258,13.3247969943137,0.000827751145023496,0.00502196492924477
TMEM14A,1.21187995665591,1.6390024091497,13.3253008497461,0.000828312618118407,0.0050234481665987
UNC119,0.788271024693893,2.90756432544905,13.3184507663263,0.00082969952127969,0.00502668037785297
ACKR2,2.44410006425501,-0.56090593821589,13.2473370641744,0.000829797177286764,0.00502668037785297
TFE3,0.586773601858028,4.74409365178901,13.3131188656295,0.000831285574145319,0.00503377244687844
NIPAL2,1.16500958337732,2.92203594682323,13.3119841386264,0.0008318262314977,0.00503512234168986
EVI2A,2.51895589961522,0.90906666828681,13.3087929927692,0.000834526007948657,0.00504936730704319
RRM2,2.5116406648946,-1.27271019850193,13.09267101399,0.000834816832488998,0.00504936730704319
POU2F2,1.90763062700123,1.20303602488885,13.3029274205457,0.000836897018477495,0.00506001795185535
CRTAC1,2.71670690014108,1.01952813696601,13.294954432436,0.000838543010721303,0.00506800605381873
SLC66A3,0.991651898541048,3.48139925940389,13.289234617719,0.000839072660412656,0.00506800605381873
LRP10,0.828233637201162,5.89211801535105,13.2866162366128,0.000839873748790456,0.0050685218715173
RPRM,2.97869196686673,-2.67048276908952,12.774027810047,0.000839905389425057,0.0050685218715173
QRSL1,-0.902316151435188,4.86236847415163,13.2849242492602,0.000840425990791336,0.0050685218715173
PINLYP,1.81808207624724,0.0974070014391235,13.291428630093,0.000840640840677759,0.0050685218715173
HTR2B,2.48203229311675,-1.95928563299459,12.9225238820789,0.000840862245233733,0.0050685218715173
CHST8,1.87891947577357,-2.48335519417798,12.878059361432,0.00084154200403949,0.00506947423346921
CERS4,1.5808992153769,2.30706783105999,13.2809988279439,0.000842287305792343,0.00506967692922272
SLA,2.24878263057083,2.0321947515927,13.2836045742441,0.000842333523988353,0.00506967692922272
VDR,1.27386634450739,0.661944907705248,13.2838486770457,0.000843642661699942,0.0050721009553563
SLC30A9,-0.707291445495976,5.92015127160514,13.2749199915842,0.000843696479984805,0.0050721009553563
GPR68,1.76073039219768,0.875408173939001,13.2806353878229,0.000844575383081782,0.00507545927026811
PPM1E,1.86080927478102,-1.65218794667106,13.1077597344955,0.000847165443025018,0.00508909430463133
TSPYL2,0.824812542263319,4.70892170123293,13.2624258330075,0.000847806897411681,0.00509101777312729
SESN1,-1.18438562613618,6.86650153478233,13.2593642189652,0.000848809335581629,0.00509510664430382
MANBA,0.795526612298271,3.29596536710301,13.2551151716505,0.000850268227353795,0.0051019313134705
ARHGAP27,1.24893046188083,3.9467840093651,13.2538423537425,0.000850672606230797,0.00510242573464778
IREB2,-0.653232248433472,5.23578236413712,13.2495496377436,0.000852052468658763,0.00510850646423066
RAI2,0.780130949440728,3.38125376492597,13.2454069143303,0.000853480733711989,0.00511153030503926
NEK10,-1.94654194322335,3.56120100233613,13.2443809533377,0.000853834111835915,0.00511171483576266
PRR5L,1.82981374697614,0.895982085580262,13.247869326476,0.000855380355607704,0.00511670358134777
NXT1,0.943725188667784,1.85251733243895,13.2405813074514,0.000855617586026476,0.00511670358134777
ZDHHC12,1.05654214816747,2.19021293702028,13.2288189455174,0.000859361112114142,0.00513316831649936
PLGRKT,-0.696830337887003,4.3035028003171,13.2264357189167,0.000859742590175388,0.00513351199190255
AMIGO2,1.59677040676449,2.19704272135458,13.223764629904,0.00086132267230306,0.00513805446239536
ARSA,0.889560489149108,3.59283605865749,13.2213761431057,0.000861476033734112,0.00513805446239536
CARMIL1,1.89060855925418,1.20350628294388,13.2227944343564,0.00086331684827174,0.00514709634859378
METAP2,-0.602651760116359,5.97919760590404,13.2127052205961,0.000864344058221458,0.00515128254630893
ENSG00000186354,1.6193743065973,-2.26165178069483,12.9240990421425,0.000864791521469613,0.00515201174463495
ALDH16A1,1.14525948343184,3.79196099253634,13.2008478887484,0.000868388554357157,0.00516596748412918
A2M,0.772952220402265,9.10927126967399,13.1943915462307,0.000868547776457464,0.00516596748412918
FANCM,-0.674853132511686,2.04411490565274,13.1985373131151,0.000869378540264303,0.00516596748412918
RHBDF1,0.5811153500554,4.79695687111993,13.19716121528,0.000869592393233788,0.00516596748412918
MAN1B1,0.747651374204431,4.86575010906837,13.1967191420598,0.000869741985716959,0.00516596748412918
TRANK1,1.41154331976564,3.28374431166366,13.1949549593239,0.000870445578911907,0.00516820947509066
BHLHE41,-1.05269595058429,5.8902377808093,13.1886626364783,0.000872466564652428,0.00517576433342473
AC010542.6,1.94444826932716,-1.45304957454735,13.0612429098396,0.000872662381416353,0.00517576433342473
ANGPT2,1.20065608701143,3.03530630528564,13.1884498072836,0.000872697816552716,0.00517576433342473
CASC18,-1.52725615166633,-2.508684151997,12.9564073977833,0.000875817888799065,0.00519038372617756
ETV2,2.55261097479095,-2.10974229498728,12.7732365075103,0.000877964442750343,0.00520115982215502
LBX2,2.67240045925151,-2.21609103519777,12.7313847211676,0.000880636246656222,0.00521235728974222
ABCB4,-1.03185911570272,2.93215890006953,13.1643717452041,0.000880841346748891,0.00521235728974222
AP000696.1,-2.02926559441212,-2.3615969220857,12.9018371339601,0.000881663530570876,0.00521527509106259
KLHDC10,-0.626734942188848,5.28017221672959,13.1592018818825,0.000882530456289124,0.00521845527642304
CYP1B1-AS1,1.73350158169254,-1.04327356918054,13.1133659462924,0.000885287311540566,0.00523093508826543
ZDHHC18,0.904182028010519,3.78946727380115,13.1497749106282,0.000885804688993956,0.00523093508826543
SECTM1,2.55748219217303,2.13708990892626,13.1541869665877,0.000886008049102634,0.00523093508826543
CCDC142,0.625212770070632,1.30395656668219,13.146114049708,0.000886066286047621,0.00523093508826543
DOCK8-AS1,1.67764323097539,-1.77080974654681,12.9902450537825,0.000889441400029304,0.00524561885607159
SDHAF3,-0.676217393519802,3.05413301352652,13.1338002227769,0.000891387685683336,0.00524975322243669
STK10,1.04495062613961,4.13758671097065,13.1334695071951,0.000891439958263819,0.00524975322243669
B9D2,1.66458468632014,0.0320138729414801,13.1422801092701,0.000891467528338306,0.00524975322243669
CD84,1.67951960641409,1.76118618046173,13.1320145783642,0.000893222466332132,0.00525813388705992
FAM174C,1.29231028003889,2.40742204441355,13.1280278251117,0.000893721746794659,0.00525911939155401
RPS6KB1,-0.694850377965217,5.07743742744284,13.120660920402,0.000895882779830613,0.00526792371501882
CTRC,2.711320602139,-2.73298784064584,12.5913761282598,0.000896796532770997,0.00526971035379186
EPHB4,0.927901611488488,4.51760214896803,13.1172054484669,0.000897097151037155,0.00526971035379186
HDAC9,-0.688339754170086,3.921227245973,13.1165422840442,0.00089732966092869,0.00526971035379186
MYBL2,2.6636355414503,-1.66864791482007,12.7907913031193,0.000897516769412774,0.00526971035379186
MSX1,1.53752681786292,2.03290655294421,13.1155046085533,0.000898516579166312,0.00527362675186983
MELTF,1.71103975036463,1.55498630404303,13.1160605291876,0.000899111595283922,0.005275165290805
MYO7A,1.14024627182057,2.06235233032592,13.1055947162448,0.000901708775140299,0.00528844521082469
DEFB1,6.48997433312509,-0.363640477021943,12.9577192734837,0.000902121569552479,0.00528890880972924
RERG,1.20987486644064,3.49724952469702,13.0985844308078,0.000903690618622454,0.00529614838509986
DPYSL2,0.742602920486047,5.65629503494192,13.0960780766054,0.000904511225033836,0.00529899792351616
SKI,0.618008950903842,5.3260972778756,13.0918491953901,0.000906004580402239,0.00530382511475223
EVA1B,1.87799044062995,2.25185163023372,13.0899878169644,0.000907548426522259,0.00531090100262121
CALR,0.817388556786331,6.72941368571131,13.0823821934861,0.000909356558106523,0.00531646613916154
SYT17,1.37469085489154,-0.225803300542047,13.0939491088467,0.000909431904312712,0.00531646613916154
ZC4H2,1.00246177337954,1.32999367894676,13.0856024121429,0.000909505881445506,0.00531646613916154
SLC24A1,0.915550256199137,1.5154453496626,13.0822618750385,0.000910348282874596,0.00531915382828488
PIK3CD,1.86509972173168,3.15277086150551,13.0794490759691,0.000910636987198643,0.00531915382828488
PARP10,0.915471359596928,4.82838801297063,13.0759563993399,0.000911646158634607,0.00532112584747058
TINAGL1,0.840959755044866,6.39073722985737,13.0745816618819,0.000912128727818951,0.00532198230844879
SPARC,1.56736960751325,9.43237325361131,13.0716726345598,0.000913164719171483,0.00532606599363655
LCA5,0.605302896628421,1.466585921979,13.0658026476376,0.000914051448838342,0.00532927642006667
NEK3,0.992545156385944,2.9335250367369,13.0663317533823,0.000915227377063557,0.00533220891335522
OXCT2,2.2834945432554,-1.04445493204816,12.9465798422084,0.000916584678896509,0.00533621245188945
SMIM8,-0.602318281246893,2.58484674424257,13.0624272048589,0.000916588016283404,0.00533621245188945
MZB1,4.3237592133533,0.387212791992722,12.8324796771648,0.000918753787345165,0.0053468568740576
DIP2C,-0.784480500540157,5.79122933402421,13.0541914968688,0.000919417495505119,0.00534875515832218
SLC35G2,1.16119350813551,1.59370476787476,13.0545564886806,0.000920318364618991,0.00535203123820813
DOK3,1.65177809014891,2.27085852027165,13.0507495446322,0.000921356524603779,0.0053524446158967
STARD9,0.996247765829707,5.26598268138968,13.0465906657194,0.000922156524341825,0.00535486055010806
SHISAL1,3.13516043063264,-0.762845703446641,12.8231037794659,0.000922893399071671,0.00535569580227595
ENSG00000269226,1.67195691807798,-0.303391958966714,13.048338513864,0.000923125771755917,0.00535569580227595
ADAMTSL1,2.47585947556873,1.54914169027908,13.0502484420605,0.000923314250761526,0.00535569580227595
JDP2,1.02693521769925,4.14476273160038,13.041310060481,0.000924072972905998,0.00535813552932358
FAM72B,1.71839404911266,-0.611080566005942,13.0321694269305,0.000924759388804431,0.00535819452811108
CXXC1,0.728001210556904,4.65692786220761,13.0379133272782,0.000925287529177861,0.00535929512970817
TNFRSF1B,1.18776157132556,5.030958561394,13.0360738727356,0.000925952432508087,0.00535989837926638
MAPK13,1.41173796673102,1.46286528704085,13.0398123470399,0.000926068136709242,0.00535989837926638
PPL,1.88007285827722,4.55601959648672,13.0325839087379,0.00092725105980471,0.00536478552198804
PDE6B,1.36790653110864,-1.4006333342387,12.9959416965749,0.000927794912289764,0.00536597298359704
ANLN,2.98385751447445,-0.137260783240905,12.9466691313139,0.000928764129804953,0.00536961881248416
SEC31B,-0.698915995830173,4.86217432907152,13.0260157976616,0.000929591748953271,0.00537244363445022
TRIQK,1.05254636560019,2.20431373593329,13.0103924129723,0.000935716151640874,0.00540389717749742
TNFRSF1A,0.9148967103947,5.50715134439305,13.0021393315371,0.000938306698407415,0.0054168838796584
TMEM245,-0.866953643498035,6.52961341858252,13.0006018492625,0.000938870515715363,0.00541816499000049
CACNB4,1.95940995296586,0.137857621409718,12.9981115067028,0.000941564191933262,0.00543173198018435
OSR1,2.07902734343659,1.9406027786761,12.9921143334395,0.000943532112645952,0.00544110385338443
HOXB5,1.63886753432535,-0.599071168180483,12.9830826216158,0.000944267576156808,0.00544336423403308
TBCB,0.6604853665388,4.89943695140788,12.9848462147834,0.000944679319462498,0.00544375751837171
BAALC-AS1,1.36850211498374,-1.46205722484922,12.9334252288513,0.000948171633559883,0.0054564156734179
EDEM2,1.16930945096167,2.49183648341427,12.9750538559185,0.000948622435413595,0.0054564156734179
AC015912.3,2.37371385152974,-2.37288190888906,12.5534199053146,0.00094864394282638,0.0054564156734179
PRAMEF15,9.32985434112352,0.23756461992508,13.543268216369,0.000953451875826044,0.00547837268898307
OLFML1,1.37986853824054,3.34733106774073,12.9526785100593,0.00095674692709608,0.00549531299517636
EIF1AX,-0.855144419280642,6.66315416408487,12.9514002470093,0.00095711637863689,0.00549544320734015
CCDC61,1.12366162672772,1.90950987573322,12.9345875640931,0.000964146405183362,0.00552979662791919
PRAMEF5,9.42920183864764,0.333491338522666,13.5092625567266,0.000964952850218831,0.00553241961556361
AL355297.3,1.16871166073201,-2.25235229320339,12.7400501984563,0.000966180580756146,0.00553659723054607
DENND1B,-0.945636346484591,3.90391070542387,12.9264454795656,0.000966523000591393,0.00553659723054607
RUBCNL,1.9484874710282,0.983370774421105,12.9336298714558,0.000966729635698932,0.00553659723054607
PRAMEF4,9.10052667998366,0.0159660586205984,13.4979554891751,0.000969998150282594,0.00555308833475497
AC046143.1,1.3384051955935,-2.03975250553656,12.7645200577597,0.000970621724212146,0.00555308833475497
MYBPH,4.26835245461435,5.85110880775305,12.915913022168,0.000970660357624237,0.00555308833475497
CNTD2,2.81463897439907,-2.18179435672494,12.4841383935671,0.00097168106605251,0.00555692163613646
NEFL,5.47464702705315,-0.541825234024171,12.4588310549937,0.000972475212302261,0.00555945695864139
TMEM74B,1.34934359361638,2.23118900525562,12.9056018157829,0.00097498416495615,0.00557179014138482
AC010997.4,1.8723343337561,-2.045619992653,12.6370195583666,0.000982707478911636,0.00561390245793536
TCF3,0.639210762366621,4.14450958569854,12.874062108669,0.000986570918369062,0.00563204386500782
WDR76,0.995656928600723,0.370969197436296,12.8839492821969,0.000986593914889992,0.00563204386500782
ACTR3C,-0.792154879468874,0.0478944394067251,12.8806662364346,0.000987929203526516,0.00563725464968902
TMEM39B,0.681592008353723,2.5001261216257,12.8703985003531,0.000988218174849252,0.00563725464968902
RWDD4,-0.852124948051207,5.27472395247853,12.8670682009739,0.000989272939706325,0.00564082402482171
LMNB1,1.64851565590873,0.908464267692537,12.8739385581214,0.000989555801666204,0.00564082402482171
ITPR1,0.82711195790553,3.67109431347029,12.8614728295569,0.000991491539978088,0.00564982611795497
ZNF776,-0.718716829860263,3.58081414404405,12.8568947104434,0.000993248540365433,0.00565577061414697
ACLY,0.700757978106847,4.75480230563717,12.8533111586039,0.000994633402063012,0.0056597241540942
CD53,2.30153440518277,3.13203832326222,12.8543180371783,0.00099468611583317,0.0056597241540942
MED21,-0.66760670654243,4.17009336698729,12.851742344927,0.000995243435935276,0.0056597241540942
ZDHHC13,0.928462550630947,1.32444950073679,12.8547903395057,0.000995371440490978,0.0056597241540942
KIF18B,1.05073898453302,-1.71676574045217,12.8066782015741,0.000995773533399031,0.00565997962115296
SLC38A2,-0.712438770849587,7.36397831598162,12.8439423225114,0.000998289939460818,0.00567223266339326
PRAMEF9,8.97695014704065,-0.102283252621002,13.4191397704398,0.000998645114587443,0.00567223266339326
KLHDC1,-0.593132332791004,2.7119401618285,12.8421160543083,0.000999116493234011,0.0056722850868597
COX11,-0.731416566579651,5.4931618462146,12.8398243865321,0.000999905013636125,0.0056722850868597
PPP1CB,-1.07162227225239,8.69150662920355,12.8389613494463,0.00100024354249828,0.0056722850868597
CBLN3,1.52155075324363,0.877760313804576,12.8453329526873,0.00100065234270981,0.0056722850868597
OSBP,-0.668859910457785,5.89059688806863,12.836937209825,0.00100103875120164,0.0056722850868597
ARL5A,-0.878259819729486,5.54173589945651,12.8362255674472,0.0010013185409017,0.0056722850868597
TYRO3,1.85620196622026,2.54587328139254,12.8357702419455,0.00100214730173505,0.00567382218313516
ANG,2.2160453072136,1.10169386809534,12.8400952773872,0.00100268686989992,0.00567421412893917
GNG12,0.729756549890893,4.96665002439384,12.8286302058684,0.00100431546141392,0.00567421412893917
LGALS3,1.36451681429141,6.38181891698424,12.8281752159128,0.00100448817664116,0.00567421412893917
MT-CYB,-1.09480245885004,13.7478501461988,12.8223752644687,0.0010045895705701,0.00567421412893917
NRM,1.45200724327472,2.23928758338789,12.8292415096247,0.00100469214634416,0.00567421412893917
TRIM59,1.73653487673471,-0.487105695295793,12.8233684404817,0.00100513822376804,0.005674537026025
SDF2L1,1.17123707913909,1.9226313236758,12.8257194848957,0.00100621619220328,0.0056785997143324
CHAC2,-0.755094350016006,0.993725218087523,12.8252448435713,0.0010067304785103,0.0056794794919732
TCEAL7,1.25832288279107,1.70831336853396,12.8232924995459,0.00100747406000615,0.00568165175406313
CIART,-1.25468989635062,3.58360074493149,12.81971482149,0.00100788833019751,0.00568196597959442
WWTR1,0.781800946499141,4.82893589788181,12.8183619198679,0.00100837338267868,0.00568267887457647
DNAJC28,-0.976402155875922,1.49253950637169,12.8171081919332,0.00100957504331613,0.00568742826570592
AL162586.1,0.6820969281057,2.46253242660724,12.8131838469553,0.00101067067617952,0.005689840257574
AC012313.1,0.673439919733331,1.04825552373885,12.8110315715429,0.00101072129267816,0.005689840257574
RNF212,2.08684142003431,0.143357143443202,12.8087436844923,0.00101296555257705,0.00570044925841213
AC100793.4,2.1938453681454,-1.15040501607551,12.6908263173374,0.00101531247982486,0.00571162828107367
NNMT,2.55572126572784,5.57678936894411,12.7991938302211,0.00101600720839537,0.00571278821409412
GMPPA,0.61783949638346,3.86605214191055,12.7978365543636,0.00101654719925726,0.00571278821409412
FMO1,3.68592121987607,0.327312852764268,12.6877352542174,0.00101660016178112,0.00571278821409412
FOPNL,-0.761502101853607,5.12740038635926,12.7962062269179,0.00101718143105117,0.00571402840761001
HOXC12,2.29105364017009,-1.98027127118989,12.4824838100434,0.00101883765474072,0.0057190953519866
NFU1,-0.683005552238754,5.36687437171156,12.7917446768611,0.00101896623934698,0.0057190953519866
GPC2,1.42502335907023,-0.199728667556859,12.8008847966474,0.00101958133507576,0.0057190953519866
FOXF2,1.14912677337714,-0.0130950546457988,12.80220438624,0.00101988789453613,0.0057190953519866
SERBP1,-0.719978349015538,8.12526166647505,12.784962152838,0.00102079154666374,0.00572213782807934
GALNT17,2.04050240104586,1.99980255055581,12.7839885788524,0.0010235567186422,0.00573473318344474
TRIM11,1.08170921454706,2.47669058790105,12.7797414058616,0.00102411070304684,0.00573473318344474
AHR,1.39137420377955,4.09856620341148,12.7790116395443,0.00102412411870692,0.00573473318344474
ANGPT1,-0.833624799891245,4.67837863152505,12.7773933934739,0.00102473093224072,0.00573610423285718
AOX1,2.18909049702174,3.65614862599523,12.7752125572523,0.00102580504937445,0.00574008920107235
OR2A1-AS1,1.93615078756348,-0.140434717537931,12.7701655825965,0.00102746553679061,0.0057453233456319
ZFHX4-AS1,-0.882831194314178,0.748234252755241,12.7729081719736,0.00102862874507552,0.00574838347108429
EMX2OS,1.0573398681906,3.05853364203576,12.7663895400215,0.00102932437726513,0.00574838347108429
ZNF579,-0.672252471591903,3.73642632786916,12.765659551962,0.00102948483275241,0.00574838347108429
STX10,0.894434179292799,3.99473046995707,12.7648277025693,0.00102982650813456,0.00574838347108429
AC116667.1,1.13307623984926,-0.299452636536177,12.772562629099,0.00103240239932761,0.00576038230268824
HLA-DPB1,1.53480574967218,5.56503594822277,12.7561887367547,0.00103331740944351,0.00576038230268824
TYMP,1.9202721649238,4.4778467890126,12.7555228485362,0.00103363559180093,0.00576038230268824
KRT5,6.18496716098035,-2.61239561186358,13.2882397513343,0.00103367676116759,0.00576038230268824
CROCC,0.98717636204615,4.67675026358163,12.7545851285089,0.00103397015762709,0.00576038230268824
KCNAB2,1.30263352737782,3.17955427503584,12.7544313373985,0.00103415710551827,0.00576038230268824
PTGIS,1.60570309402561,4.2823268336323,12.7499504095442,0.00103589522845494,0.00576245426097278
CKS1B,1.23188891928452,2.71240213883845,12.7456933250805,0.0010378797287069,0.00576956859156131
ZDHHC15,0.964791590818183,0.276099388186858,12.7552287481654,0.00103799079034147,0.00576956859156131
C3orf80,2.04087012141585,-0.931636389761212,12.6822531336911,0.00103900324958882,0.00577067638053926
TFB2M,-0.634336188560607,3.32560111725336,12.7416608861055,0.00103929302250905,0.00577067638053926
AKNA,1.76639250421028,3.70054128529864,12.7408908085942,0.00103965595442552,0.00577067638053926
LBH,1.05201481966595,5.19090138629906,12.7389281444279,0.00104035830985978,0.00577067638053926
OSBPL5,0.906140256419566,3.94130830590629,12.7389225561822,0.00104037498701336,0.00577067638053926
LHX6,0.864940349430322,2.97281409325831,12.7369741255959,0.0010413024340325,0.00577205411990774
ZNF117,1.0620661376458,3.60335608544028,12.7366237365973,0.00104135184759363,0.00577205411990774
EXTL3,-0.609386072547449,5.22101690893907,12.7347619117729,0.00104205876093273,0.00577395286171361
SLC2A6,1.0246974278212,1.26307863815303,12.7355504433426,0.00104328919515945,0.00577688727657653
TINCR,1.90058476555728,-1.91509886813696,12.514576839541,0.00104331743456566,0.00577688727657653
RTL8A,0.962768054305688,3.53141922541892,12.7235204679864,0.00104673642525213,0.00579379396820487
EMX2,1.39736085697024,1.78252034425823,12.7208661040435,0.00104888971153556,0.00580348500461767
TBC1D10C,2.14522474543182,2.36873656117228,12.7176092976418,0.00105022818532257,0.00580377228533712
SATB2,0.651867532973465,1.55909681062656,12.7105341978742,0.00105072797714055,0.00580377228533712
LRP8,1.29742373949719,-0.171488506370752,12.7258740211106,0.00105073658652314,0.00580377228533712
GPR162,1.39863809882673,1.3637710766241,12.7159810385086,0.0010515894626084,0.00580645930799837
TNFAIP2,1.10288644410024,6.26747977516115,12.7084917784037,0.00105289147222381,0.0058116235319856
NANS,0.7393699112516,2.85609824452013,12.7070601044552,0.00105365656611407,0.00581382158886133
FAM167A,3.84408522691195,-1.8446632057509,12.2608987954566,0.00105493052013066,0.0058173848206757
MYL6,1.08462177457555,8.17765713082509,12.7033236390125,0.00105503653528251,0.0058173848206757
MYL5,1.93691858429076,3.8920532572248,12.6994249116078,0.00105676264345356,0.00582487569071604
CYP19A1,2.31458138623394,-0.979831760139154,12.5885496411665,0.00105983940907728,0.00583980358680378
TMEM139,1.59426056849138,-2.21333886320118,12.4472261652335,0.00106239798657138,0.00585186683809406
CA13,0.923192806858196,-0.757781987391378,12.6921139917493,0.0010647984149273,0.00586101440825041
TRIM58,2.4048407200575,-0.616381299605648,12.610662176253,0.00106643686461139,0.0058679947894086
GRK3,1.84769016394392,3.45292477832199,12.6738291356822,0.00106754782984462,0.00587206888564656
TTC33,-0.982570036357115,4.23756523390403,12.6708912375196,0.00106860705535459,0.00587499160772975
HIPK3,-0.896198745264211,7.65462298925536,12.6703802800755,0.00106882064776203,0.00587499160772975
FAM153A,1.27013120562032,-0.233057499400849,12.6786867595802,0.00107055001528022,0.00588080244046786
GNB1,0.605992776455735,6.48754342518311,12.6629343670065,0.00107110873806555,0.00588080244046786
CHCHD4,-0.747909997945662,3.8305757682587,12.6648319981126,0.00107117361754681,0.00588080244046786
UGCG,0.651437539020474,3.33819696638677,12.6645100093399,0.00107136219130629,0.00588080244046786
MAGED2,0.688855938994798,6.83937978293839,12.6591508179178,0.00107356297799745,0.00589084228266122
LRRC8A,0.58610257579607,4.25345738884533,12.6525968561604,0.00107634949829014,0.00590293024813342
ZNF181,-0.806580905411629,4.40443058051573,12.6521996956859,0.00107651091166186,0.00590293024813342
DPY19L2,1.82598921813912,2.42187957719389,12.6493334242109,0.00107850363599587,0.00591181152529457
SLC45A1,0.933841771565511,0.650252492208258,12.6396135916313,0.00108497495829307,0.00594150205865959
EMP2,0.606917413677845,4.89483803925111,12.6322954004314,0.00108500245950471,0.00594150205865959
PAGR1,0.769347611311822,2.31095983692372,12.6329484404005,0.00108504492697424,0.00594150205865959
PTBP3,0.596125119125791,4.1414802448007,12.625825065597,0.00108777774090051,0.00595440893265986
CDC42SE1,0.587610993265342,5.09100069129058,12.6242077205909,0.00108846723924637,0.00595612580812752
PHF21B,2.37563249174244,-1.60557942926054,12.3850697629938,0.00108961050951995,0.00596032369498193
BEND6,1.89590748563856,0.0262854722432341,12.618793927182,0.00109262011939681,0.0059726633432498
LINC01485,4.13373610761613,-1.95252367803516,12.2348014923879,0.00109516343542546,0.00598049758319825
PABPC1,1.09480941462272,6.98047315192194,12.6086100632317,0.00109518546011493,0.00598049758319825
VMP1,0.918589372866632,4.90222993474144,12.606747921279,0.00109599841198236,0.00598287524446589
AL445183.2,2.29072047323597,-2.42850610604009,12.2032158311758,0.00109707324313984,0.00598561705920577
CAPN10,0.714650306749702,3.20063789117644,12.6021652088951,0.00109806210824883,0.00598795259099077
BAIAP2,1.37789420068768,2.47046364363741,12.601768212696,0.00109861819711435,0.00598892417257349
MIER3,-0.639845029386039,3.89135327227261,12.5996873178101,0.00109905968535376,0.00598927057558492
NBDY,0.956980581060284,2.65997472238363,12.5962337169465,0.00110081314926231,0.0059967638282433
CSRNP3,1.43840943718365,0.371899368633055,12.5995396333829,0.0011033444510296,0.00600754184861
LFNG,1.79783702351057,3.65318521316442,12.5896234200058,0.0011035498404306,0.00600754184861
EIF6,0.724179112655053,4.2535500770582,12.5851378864993,0.00110539321643641,0.0060155104055178
LRTM1,4.27865837848179,-0.986672770438697,12.1549698567869,0.00110735112346084,0.00602344404752185
ATP6AP2,0.780893043650701,4.99328733473158,12.5783862551035,0.00110834416229929,0.00602344404752185
C20orf204,1.07294811377257,0.0611065720778369,12.5888857416825,0.00110903457921579,0.00602344404752185
AC008622.2,4.0327805958912,-2.5148940727272,12.423940671694,0.0011091026745568,0.00602344404752185
PHF10,-0.806397686390332,6.40041631007376,12.5765718538506,0.00110913167985541,0.00602344404752185
FKBP2,1.10997387362527,3.91707119656285,12.5742875172487,0.00111017818832884,0.00602706192204424
AFF1,-0.66253537595642,6.65513813522803,12.572900507888,0.00111074181107068,0.00602805667124556
AC105942.1,1.91406942059945,0.749597364328241,12.5790948886816,0.00111150105342565,0.00603011201425409
CCDC153,1.69323392675887,-0.337603575560045,12.5717017254674,0.00111239568415234,0.00603290020765304
EPB42,2.82674909622937,-1.45452554894791,12.2777992313181,0.00111489206459798,0.00603714642343404
C10orf55,1.38748913640248,-0.881472492277939,12.5627025217557,0.00111493371609169,0.00603714642343404
DPYSL5,3.01559980686799,-0.652758111930884,12.3979749749698,0.00111527423437629,0.00603714642343404
TMEM63C,1.6629405036576,-0.313488760629557,12.5650979026745,0.00111593359367679,0.00603714642343404
PRAP1,2.57520477598646,-2.71576071367841,12.0758227379955,0.00111597042057995,0.00603714642343404
AP4M1,0.638728119851425,2.98499061774356,12.5607354135242,0.00111622635329474,0.00603714642343404
STXBP1,0.625342227096999,3.70572226906887,12.5512230396839,0.00112032285147948,0.0060502133972081
AFF3,0.970495503347784,2.46642372262593,12.5510643040042,0.00112069971370158,0.0060502133972081
TEPSIN,0.819209576054955,2.80196680035335,12.5493661306417,0.00112131696918593,0.00605022472274069
SNX10,1.59983201791542,1.39505021675945,12.5468821256968,0.00112431105964319,0.00606431496329667
LRRCC1,0.880141069883461,1.78394091602634,12.5362704798812,0.00112770942583522,0.00607644041863678
CPNE1,0.750999099855644,5.03101274106255,12.5323161525615,0.00112871502220107,0.00607979162366428
BNIP3L,1.04548611451514,5.21340185826996,12.5313615781808,0.00112914128014017,0.00608002102153628
CCNG2,0.761484275781148,3.96829974098118,12.5290640170442,0.00113018269333906,0.00608356152898917
LAMA3,1.2821542742646,3.71214774137129,12.5271987892954,0.00113105526202431,0.00608473499172636
GRB7,2.23542556477661,-1.61036885094956,12.3239905089058,0.00113116863037962,0.00608473499172636
CYTIP,2.23361275251309,1.32568300699214,12.5317806880479,0.00113193464669549,0.0060850649001585
CORO1A,2.60626784220649,4.34652667174671,12.5252734663586,0.00113199793813765,0.0060850649001585
FBXL19,1.00372292178793,2.28834438820049,12.523576110172,0.00113303618456245,0.0060861659942879
RASSF1,0.94109630729819,4.33598987843929,12.5223912257159,0.00113316143906792,0.0060861659942879
CDC20,1.88021275602003,-1.08427057216345,12.4661406436014,0.0011333549472546,0.0060861659942879
SIM2,-1.56996112280016,1.98909218881202,12.5219239527384,0.0011338211458111,0.00608642288078519
MPZL3,1.88688008493354,0.584700416566433,12.5281411481284,0.00113417093247673,0.00608642288078519
RGS10,1.53646050843568,2.94969513109214,12.5169982757708,0.00113586663916609,0.00609345925215474
SS18,0.608239073302563,4.33493745437524,12.5087550990955,0.00113928777611157,0.00610974395534353
KBTBD11,-0.857758362802767,1.81271103428993,12.5074396897786,0.00114033871637484,0.00611331110906364
ARHGAP9,2.36639222204367,2.92732519456575,12.5068924142307,0.00114088489204627,0.0061141707420552
ANGPTL4,3.08330147900493,3.21280124555133,12.5053680199439,0.00114196125876962,0.00611787020545036
CD58,0.629328204694261,2.32005279280384,12.4992332987053,0.001142917411165,0.00611792781411137
AC087239.1,2.02129566429648,-2.07458807941493,12.2272088030637,0.00114313019862332,0.00611792781411137
GPR88,3.00222219479919,-1.81459814279021,12.1254226293202,0.0011442579435971,0.00612117462959217
PIWIL4,1.24133516232023,0.435324155863216,12.5064613240441,0.00114450939783439,0.00612117462959217
RARA-AS1,1.24404065675243,0.416274473937886,12.5052877135772,0.00114509640929109,0.00612224790756946
GPRC5B,-0.684349369139519,6.36932285637337,12.4895977909568,0.00114795257736584,0.00613408322713655
TNFRSF10A,0.822459982114719,1.03951266798341,12.4914147838498,0.00114863243017395,0.00613408322713655
ADPGK,0.782053525496479,3.98678355000215,12.4881472715535,0.00114863440066524,0.00613408322713655
LRRC45,1.23002366608966,2.06946398730126,12.4891403745052,0.00114885839705568,0.00613408322713655
AC131934.1,-1.02778298975044,-2.28039334185057,12.4109723447745,0.00115045414100923,0.00613992775693538
AMFR,-0.634973119877162,6.64244710608962,12.4835001415556,0.00115072792567035,0.00613992775693538
CCL28,2.10822593045245,-0.633658631850059,12.4484475573473,0.00115127754401587,0.00614079274319066
SRP9,-0.584648800223064,7.08476466500599,12.4782475143417,0.00115182327686345,0.00614156426876747
UTS2R,2.98094633074315,-0.63235585019262,12.3281281448715,0.00115219729734623,0.00614156426876747
TAP1,1.19109705580812,4.44521613321823,12.4750955440236,0.00115457872755061,0.00614988156806203
ZFX,-0.808998262912204,4.9996597428016,12.4709723338821,0.00115645297080926,0.00615361230204806
PTPRJ,1.0715797801753,3.06217731037051,12.4680233760943,0.00115796954820515,0.00615576767205871
ROM1,1.25230964663774,0.747111646207505,12.4719342087195,0.0011593175863835,0.00615694307108216
RMI1,-0.751101675538523,2.11239557888392,12.4644445597483,0.00115974475087905,0.00615694307108216
DCUN1D1,-0.689750109275471,4.88320877378832,12.4612031667512,0.00116093805227338,0.00616121410394382
ADD3,1.03783825048033,5.1470990413201,12.4584577464455,0.00116220875439485,0.00616306222780709
COL25A1,2.14931898363162,0.638480101020225,12.464624777415,0.00116238657521052,0.00616306222780709
ATP8B3,1.91618756704447,-0.74859091194255,12.4304950850828,0.00116258195549688,0.00616306222780709
AHCTF1,-0.639967353110157,5.28816908810538,12.4570676572357,0.00116284192977492,0.00616306222780709
BRCA2,1.39503261613837,-1.20290390588547,12.4342313495481,0.00116533060356887,0.00617418725334535
CNIH2,1.7914408802226,-2.19884502344567,12.1815807748421,0.00116997183409404,0.0061937108194175
KCTD16,2.49841306092609,-1.95827962230455,12.1183512208215,0.00117052014970202,0.0061937108194175
HAT1,-0.634938453814374,5.09321405351166,12.440338409203,0.00117057890478674,0.0061937108194175
NR2F1-AS1,2.70806125355731,-0.565028107368115,12.3432287219167,0.00117174075686372,0.00619716402007631
GTSE1,1.39177845758658,-1.63471355544196,12.3717480998154,0.00117237522109258,0.00619716402007631
PDCD4-AS1,2.00706594795819,-1.47747800070724,12.3061383840398,0.00117307814169063,0.00619716402007631
KIF5C,0.960029642322334,0.376963138181466,12.4439485491051,0.00117320213804019,0.00619716402007631
HAS2,1.67161421376755,0.972468481588214,12.4404454465694,0.00117371361183189,0.00619716402007631
TRAFD1,0.714870348364567,3.93309480524483,12.4305805199886,0.00117513924849431,0.00619716402007631
IQCC,0.977237421505525,1.46401324919557,12.4329645921319,0.00117530280545084,0.00619716402007631
MROH8,-0.766813396133833,2.52525538412578,12.4305007055854,0.00117531835135245,0.00619716402007631
MBTPS2,-0.648270961687588,3.73309490881477,12.4297242597781,0.00117553322675266,0.00619716402007631
LETM2,1.04592449425383,-0.410089585745857,12.4428310126407,0.00117605826264781,0.00619759287262426
HYDIN,1.3217035375303,-0.793878318779105,12.4327609944717,0.00117639675401362,0.00619759287262426
VWCE,1.37034867190481,0.841063935380052,12.4311261624654,0.00117805322746209,0.00620388645031681
TTPAL,0.657065246747884,2.29472267611247,12.4234899586107,0.00117837434312195,0.00620388645031681
MYOCD,1.59045185426277,2.28969156350014,12.4227489875363,0.00117954285067896,0.00620797593979059
AP2A2,0.669441979316447,5.139407291526,12.4136576038423,0.00118303523142839,0.00622428928036043
PLCL2,-0.817918947735369,5.29097788856468,12.4095553334062,0.00118495865456368,0.00623027199697101
MAPK7,0.89269641881561,2.79947891086606,12.406628880383,0.00118654680654235,0.00623655298284465
SAMD9L,0.800591251075256,3.88052002677137,12.4044826097146,0.0011873693807971,0.00623880722065372
HLA-B,1.4106414708471,8.38106893334579,12.4016173477246,0.00118869678147599,0.00624371159961883
PDZK1IP1,3.19714728372541,-0.581090332461335,12.2208957750965,0.00119035620431757,0.0062485971295719
IGSF8,0.724366294265366,3.65660478535554,12.3980510780672,0.0011904155192893,0.0062485971295719
TNFRSF9,2.07586961919734,-1.87783926706726,12.1621248713622,0.00119309816013755,0.00626060481579462
ADRA1D,1.00723438445477,-0.22750254293873,12.3999700362475,0.00119611299622937,0.00627361593202827
ARRB1,0.867245187146096,3.65338400773488,12.3772509221632,0.00120030300169098,0.0062921606575577
STMN2,6.64257199979912,-0.649651391671726,12.474347051532,0.00120119284522687,0.00629474306161051
ZBTB18,-0.98552053293451,6.17143631696244,12.3714689589437,0.00120301046020879,0.00630010137571997
TM4SF1,0.801363936265631,6.42156266751494,12.3658527553054,0.00120569707324212,0.00631208507422128
GATA6-AS1,1.76061803418474,-2.08860886871861,12.1415580829838,0.00120678991490707,0.00631571987501069
ATP8A1,-1.24203072499287,6.51226658281645,12.3615756515458,0.00120774734368619,0.00631845991277881
TXNDC5,1.29728803329612,0.20663133174401,12.3711801362835,0.00120811090652614,0.00631845991277881
AP006333.1,1.02659442884373,-1.35680067286971,12.3504099840401,0.00120954696722388,0.00632388346736946
SDR42E1,2.13090461479045,-1.99493763309479,12.0882281639695,0.00121024395694832,0.00632544062854882
STK19,1.02113518451185,3.02186196296933,12.3555765178984,0.0012108071377307,0.0063262976299434
IGLC2,5.71231931073908,4.84166354312849,12.3554912163811,0.00121328649317763,0.00633507448348796
CBX2,0.981976319427896,1.5661585400543,12.3488114041795,0.00121502263890342,0.00634048775643476
ACD,0.921029196556072,2.87217032874869,12.3466734352185,0.0012151234502614,0.00634048775643476
LINC02580,1.09490168144009,-1.14184362528774,12.3462774219188,0.00121596961059686,0.00634105386347169
JAML,2.35128922730847,3.58399711259,12.3449717060979,0.0012160322263577,0.00634105386347169
LINC02798,1.65895096881728,-0.681199827582915,12.3322568403211,0.00121880901636523,0.00634399881615846
WASF2,0.743797185596275,5.74322834814899,12.337565246508,0.00121932648849372,0.00634399881615846
MX2,1.51721410359967,3.27291346541524,12.3374497600591,0.00121955543659186,0.00634399881615846
PATL2,1.81674991287709,-0.425775273668774,12.3327429774567,0.00121962237919398,0.00634399881615846
RHOG,0.899891235445812,4.08549447437569,12.336636380056,0.00121979960830661,0.00634399881615846
CD101,2.19852935956986,-1.18347150334935,12.2195858783062,0.00122286409745827,0.00635785018124054
CBX8,0.783240719667161,0.992662290233278,12.3315247630221,0.00122327819200523,0.00635791718881828
INTS6L,0.771626610770711,2.7875419652495,12.3274516578676,0.00122444572739735,0.00636189883346418
IL17RA,1.34067893090844,3.47103665840034,12.3225979356447,0.00122670626151323,0.00636738097811991
SRGAP2,0.732357409665588,4.39613107429268,12.3134210315143,0.00123109786733226,0.00638184299529037
NOD1,0.595523770045217,3.01625376579649,12.3136632685232,0.00123110330261896,0.00638184299529037
ZNF329,0.687086175847411,2.11036168550393,12.3129070721663,0.00123178672528078,0.00638329765713688
TRAF3IP2,0.590155065534195,2.67253429045789,12.3036000430621,0.0012350954263231,0.00639702683633368
GUSB,0.817932846792047,4.51445419656524,12.3039205076254,0.00123575922605156,0.00639702683633368
ASF1B,1.64592651567868,-1.28108896611848,12.2552278303156,0.00123605074606258,0.00639702683633368
CLEC4A,1.48746212516471,0.67719217835134,12.3066892144099,0.00123826492320554,0.00640542238675107
PPARG,2.26016030339618,3.45638849144082,12.2989961381376,0.00123848136511676,0.00640542238675107
NTN5,1.8580900836576,-1.27592190683025,12.2212502162805,0.00124070363615598,0.00641335727653963
CDK9,0.843903739547756,4.72494593929952,12.2936384631255,0.00124082497695908,0.00641335727653963
PGM2L1,-1.11207751285844,4.12736360534665,12.2922731401133,0.00124149313934971,0.00641380105774169
SGK2,1.86961435565154,-0.151727415173552,12.2931982999379,0.00124172030322152,0.00641380105774169
INPP5D,1.2770443870449,3.58843028558873,12.2880218233821,0.00124367055178327,0.00641895231430305
UBA7,1.11963769524617,4.8378115827313,12.2868830840124,0.00124416563081359,0.00641895231430305
VSTM4,0.746243887550846,4.07404644760837,12.286548189865,0.0012443378247958,0.00641895231430305
CST3,1.37626630390464,7.58095427506322,12.2835225526069,0.00124582242104611,0.00642451933170116
PANO1,2.0058608872958,-2.26956773012378,11.9685900027074,0.00124640807757552,0.00642544853784623
HLA-F,1.47292569498653,4.86914799618824,12.2810547658925,0.00124705596095773,0.0064266978254625
FAAP24,1.85065384712129,-0.983265696401629,12.2373294469081,0.00124886281563933,0.00643000251714523
ZNF653,0.857614177345504,0.803924697936471,12.2641947860255,0.00125804708734609,0.00647071476571683
ETV6,1.07803475752197,3.70130071767792,12.2557497507858,0.00125974041388117,0.00647522099862953
CDK5RAP3,0.755250680515101,5.74468024222743,12.2517043847666,0.00126170857079229,0.00647735142533411
ZNF25,-0.731197430124331,5.28434070392059,12.251542858344,0.00126178985612459,0.00647735142533411
KIAA0040,0.757060375750693,4.2510854811397,12.247867451995,0.00126364816420704,0.00648479030381766
PKN3,1.00750340717868,3.40547014139735,12.2453793490503,0.00126497584206446,0.00648813659593697
TNNT2,3.79225681060328,4.55633462199785,12.2459788120471,0.00126511908130531,0.00648813659593697
PNMA6A,2.19687279740805,0.385960622189178,12.2466355595921,0.00126604580928692,0.00649078872202195
CLEC2B,0.957699061198312,3.49922468648387,12.2409065220346,0.00126721758649466,0.00649469504954103
NECAB1,1.13685535246302,0.154606173115045,12.2502771353615,0.00126784204957391,0.00649527689236471
TSPAN1,1.37762796840818,-0.809955903843877,12.2412052686685,0.0012681508616758,0.00649527689236471
C1D,-0.661933826309608,4.15652527281214,12.2362826803501,0.00126949083655984,0.00650003918803355
MEI1,1.72766445344843,-0.100305375679666,12.2404341260174,0.00127026510040145,0.0065019027926556
VSIG10L,1.54783238212786,-0.353375356509205,12.2372569039658,0.00127215457356435,0.00650723668365681
ECSCR,1.45966853246537,2.24383806205379,12.2306083905427,0.00127309733292412,0.00650799143059632
TFPI,0.606597375649355,4.38435122902438,12.228184297868,0.00127359877562163,0.00650845527161431
IL1RL1,1.96537101049061,-1.71051690072666,12.0578156971321,0.00127444112293626,0.0065106603723955
MPV17L,-0.902777122716457,3.32572835459915,12.223149300844,0.00127622980270712,0.00651725680327158
C1QTNF1,1.39251674639185,5.09021786332106,12.2223677129138,0.00127655487583486,0.00651725680327158
MT-ND3,-0.848969453514757,11.6488386314314,12.2121040414001,0.00127919306885685,0.0065265204643189
CTNND2,3.07670172494687,-2.60320691089517,11.7837455942403,0.00128085578027335,0.00653290040231471
NCF2,2.35127693053876,3.42541832453729,12.2111658832696,0.00128265641395372,0.00653674081554681
TCEAL3,0.718086229940557,3.04502819740432,12.2105523076499,0.00128271531798831,0.00653674081554681
MYO1G,2.31111166953356,2.24088811855786,12.2128781045311,0.00128308865023655,0.00653674081554681
SPA17,1.11938016323124,-0.575013461467486,12.2224348663727,0.00128325870367679,0.00653674081554681
FKBP5,-1.32671376560021,7.60242233136311,12.2045778367446,0.00128563445739741,0.00654640668509054
AC027801.1,1.5583869973665,-1.71223971964608,12.1060931771739,0.00128613643966136,0.00654640668509054
PDGFRA,0.946313048256647,5.18458361191386,12.2031097799961,0.001286395558615,0.00654640668509054
USP15,-0.737022117412575,6.27496978250237,12.2002654749627,0.0012878479185347,0.00655169372873816
AC103746.1,1.72545337929581,-2.39911045204946,11.8990671982928,0.00128883094239821,0.00655459048272929
C5,1.05358154517966,0.873479500496575,12.2026498740336,0.00128950567348209,0.006555918000536
HIP1,0.645969209682496,4.49029030153705,12.1915486252192,0.00129234325237495,0.00656554915876566
PIANP,2.15920973373161,-1.66464814099069,11.9956480098453,0.00129485931360024,0.00657469898834446
SESN3,1.10594240778209,4.72903206575704,12.1832258560437,0.00129664244120001,0.00658164406332369
FASN,2.89913766025892,5.84578583569452,12.1822996726366,0.00129713615618128,0.00658204184021926
ATXN7L1,0.683551903005595,1.35414971976854,12.1796447176113,0.0012977714650888,0.00658315762076254
AC016027.1,-1.15772147124608,-0.897885473868515,12.1983150819943,0.00130676014334529,0.00662451311311351
VTA1,-0.715043349224529,5.35876114594988,12.1618632763126,0.00130773840040609,0.00662653607558992
BHMT2,-0.792789197923398,3.19831402896082,12.1592900316983,0.00130917430935009,0.00662827005759454
SGSH,0.7066243739918,3.77480108575304,12.1509347296898,0.00131348353578452,0.00664584086576542
STARD5,1.53449194692523,-0.0474924395360415,12.1579347509362,0.00131448547663298,0.00664701898310292
ZNF680,-0.77312482274998,3.73348575032858,12.1488725442535,0.00131455944552933,0.00664701898310292
BTNL8,2.10070675501786,-1.15274642825899,12.0597759493795,0.00131497472783667,0.00664701898310292
SLC4A3,1.60714205477877,1.36084623137486,12.150023947952,0.00131636271999273,0.00665191327287142
STK32B,1.7030770217648,1.48036562052341,12.1457813197655,0.0013184195984908,0.00666018341641179
PER2,-0.672642895588899,4.3028563768246,12.1383039640592,0.00132010367982869,0.00666177685165337
GNAL,-0.650670081018389,3.97408643886704,12.1374991977408,0.00132053655297999,0.00666177685165337
ACRBP,2.19809992405468,-0.403383491786992,12.1136333406405,0.00132068587070493,0.00666177685165337
AC009093.2,2.93304375677727,-1.26619631428847,11.8828251613063,0.00132090190587356,0.00666177685165337
INAFM1,1.35712838455527,2.89876848368275,12.1366769198243,0.00132125731335562,0.00666177685165337
WDFY2,1.01472705305805,3.2259031571762,12.1212750691554,0.00132922513598722,0.00669768862638775
APLP2,0.61348884578727,6.93137836245611,12.1156091738755,0.00133075679357033,0.00670327492298445
IL17B,3.57483003144958,-0.00983976764447461,11.9797241829189,0.00133180770364786,0.00670643682227759
CTSS,2.16988713818676,4.69633304886244,12.1147952566845,0.00133262845581374,0.00670843810015256
TPRKB,-0.618650461614593,3.91337336140549,12.1133897002135,0.00133332285140502,0.00670980223125287
CD34,1.22052581602871,7.377181619278,12.108999702649,0.00133565493028967,0.00671453406607619
SLC2A1,1.5837955028852,1.79181906200466,12.1112946080018,0.00133595093160048,0.00671453406607619
PITX3,-1.49801678299778,2.02525551759274,12.1093706871695,0.00133595796745998,0.00671453406607619
MT-ND6,-0.878035375801431,11.9130987903448,12.1014874818229,0.00133700531267746,0.00671766746670884
ISCA1,-0.837767906070562,6.31698776110097,12.1037428129047,0.001338465578389,0.00671915616427171
RNF6,-0.620115187030255,4.7085210785211,12.1035425450944,0.00133857361081629,0.00671915616427171
ACCS,1.02641450484222,3.9091358323929,12.0988271818432,0.00134113673850418,0.0067298904037605
ME1,-0.797131755275802,5.38429258966675,12.0972673363356,0.00134193661919191,0.0067307733321482
HLA-A,1.39569973139916,7.83004892374683,12.095869670203,0.00134268665770536,0.0067307733321482
OXA1L,-0.606178131439619,7.2825909259987,12.0933125323523,0.0013428724156719,0.0067307733321482
NHLRC2,-0.692891222076356,5.13136597170107,12.0952655634803,0.00134301162846297,0.0067307733321482
LHFPL6,1.1335617101436,5.70832154669855,12.0932461154965,0.0013440968564134,0.0067333545754872
KPNA5,-0.632024648655506,4.0841480608116,12.0927363538676,0.00134437646727087,0.0067333545754872
CRACR2A,0.695512444001848,0.801343245869263,12.0920935896541,0.00134480195489588,0.00673335752898418
DENND2D,2.10827340732431,1.34783383192289,12.0924477737973,0.00134773405352962,0.00674590699503596
TNKS2,-0.975128945067115,6.65433344573834,12.0855157755142,0.0013482594703742,0.00674640600790022
NLGN3,1.48923059571381,-0.369268317706645,12.0854519810951,0.00135219844482059,0.00676184561535876
MMP17,2.0945018780363,0.91754151415547,12.0779871578686,0.00135608281123284,0.00677725198140327
EFHC1,0.849266866109227,2.92801929492392,12.0713108036273,0.00135613466479648,0.00677725198140327
SMAP1,-0.6238527574565,3.21471540475544,12.0697066326273,0.00135690137367692,0.00677894579718101
EGLN2,0.886106456806106,3.50340356081124,12.0687138754721,0.00135742735770087,0.00677943628663276
LINC00863,-0.637569942576411,2.79748486738011,12.0647072891547,0.00135966505901032,0.00678714068409568
PDIA3,0.844208899941714,6.185191593638,12.0641696346571,0.00135982657108625,0.00678714068409568
COL9A2,2.11773895609306,0.234053873965454,12.064431610899,0.00136113057606241,0.00679151015077487
ZMIZ2,0.650871877822826,5.28510257288334,12.0517506987047,0.0013666050619613,0.00681024855877382
PRAMEF11,9.07379732344219,-0.00923160272341429,12.5594568831492,0.00136823290671179,0.00681621718725615
ARNTL,0.968303723478775,2.56579503515163,12.047976243012,0.0013690026289463,0.0068168222803213
PPOX,0.68549152750022,3.22933812644237,12.0471450280812,0.00136921469794048,0.0068168222803213
BRSK1,1.7277280380635,0.114851989551325,12.0524590137422,0.00137023944031786,0.00681978153602923
TOR4A,0.832511491831812,2.30921158933829,12.044829520135,0.00137080027976864,0.00682043077974681
PTPN9,0.620267547143037,3.29096316600748,12.0433508016213,0.00137128723522991,0.00682071212074338
PDCD1LG2,0.975434641010182,1.08849511040527,12.0464836422039,0.00137174475484387,0.00682084691873576
ST3GAL4,0.973288772451777,2.58960314729993,12.0402623443941,0.00137323266820648,0.00682610354236764
CARM1,-0.820025504079055,5.7766783748989,12.0359211498391,0.00137529641920334,0.00683377301512775
RCHY1,-0.730283192006605,4.60115576056321,12.035302813707,0.00137563803358727,0.00683377301512775
BDP1,-0.639477913864336,4.23280512585462,12.0255610821962,0.00138101843096674,0.00685620271789783
ZNF488,1.35800534740682,-1.99897383630632,11.8962559184049,0.00138490333332045,0.00687333639935144
AL133467.1,1.77717727382248,-1.15485190803517,11.9694119409288,0.00138609002600633,0.00687707221105894
ELOVL5,1.35458636062396,4.80282014411898,12.0129013421958,0.00138805089393253,0.00688144471984383
CNNM2,0.671328945606107,2.60696013504418,12.0129191376559,0.00138828374961849,0.00688144471984383
IRF4,2.35053723836893,0.40037019150291,12.0114080700526,0.00138924305367284,0.0068819426919517
IL33,1.12556954567545,4.01107538241698,12.0076395897751,0.00139100999108058,0.0068852751977984
ANKAR,-0.629958550485871,0.975272704263385,12.0058667845127,0.00139101460307529,0.0068852751977984
PEF1,0.639948129039584,4.58239018814901,12.007212689175,0.00139121923287376,0.0068852751977984
MARC2,-0.601791711332399,4.27909660530786,12.00386743337,0.00139307879403645,0.00689232583487219
FABP4,2.52871971326183,7.65280864892846,11.9976764870048,0.00139653955280252,0.00690519067798673
TMEM126A,-0.744873157895705,4.43854030818068,11.9972925926925,0.00139675582888073,0.00690519067798673
CCDC117,-0.584918699887282,4.39783762230868,11.9968812927673,0.00139698626324386,0.00690519067798673
HLA-DPA1,1.32942593524627,6.03201139808717,11.9947530142477,0.00139817793752554,0.00690892602930065
SLC15A3,1.17458341491526,3.15809096043732,11.9924536337211,0.00139962460313899,0.00691391866768815
LINC00839,2.41271166690928,-2.00499647978264,11.6858177663168,0.00140469826011518,0.00693681936056255
RCE1,0.896951890509055,2.09700288281404,11.9806933687496,0.00140667989915211,0.00694444123422538
MNT,0.671046513466158,3.08954511797118,11.9717555365291,0.00141127227460974,0.00696494292611043
KCNIP3,1.46945203634554,1.38575736493932,11.9740058601047,0.00141213665418337,0.00696514211820555
VSIG10,-0.748925660133841,4.57363489309425,11.9690893205505,0.00141264748327586,0.00696522236075684
AC027559.1,1.67611035590705,-1.17542696956996,11.923188960285,0.0014171266466212,0.00698513404945758
GEMIN8,0.699329533658428,2.23643625316704,11.9602527943528,0.00141807545620728,0.00698763736147908
SLC25A5,0.836804594400761,4.84536270372764,11.9564578780488,0.00141983516466522,0.0069941336196611
MRPL34,-0.798448033865195,5.90518932933097,11.9543801229873,0.0014210110313298,0.00699452706514224
PPP1R9B,0.724676216752785,4.74444508801362,11.9543668277739,0.00142102756203342,0.00699452706514224
PELI1,0.703886321794998,3.99724659272281,11.9534542443261,0.00142156082993312,0.00699452706514224
TBC1D2,0.764707036348911,2.04972074805048,11.953493050664,0.00142210959918524,0.00699452706514224
MAP3K8,1.0042358668544,2.80277709405101,11.9528446931149,0.00142215878158197,0.00699452706514224
FAAP20,0.803627165572129,4.13574360989516,11.9516886336866,0.00142256330731075,0.00699452706514224
KANSL2,-0.630781272371633,4.87557662527103,11.9326536252259,0.00143346323312411,0.00703735503161074
PRTFDC1,1.29584500427385,0.931545511216127,11.9382772602442,0.00143349416558588,0.00703735503161074
IRF7,1.31055025735036,3.23596906438422,11.9309389907227,0.00143460296247074,0.00703848033617834
CST7,2.55166093446407,0.610247039785837,11.9310514463039,0.0014346116921724,0.00703848033617834
AP002807.1,1.80529286863503,-1.28308883146923,11.8578006416409,0.00143954300902694,0.00705612065080418
UBAP2,-0.868238688983815,5.47927763773193,11.9202671004689,0.00144061354955213,0.00705918457629951
SH3GLB1,-0.653942406669471,7.34809723787663,11.9187102452686,0.00144151467547641,0.00706141671167689
MAP3K11,0.847350688565465,5.27598099498491,11.912924356407,0.00144487473264416,0.00707350320920977
RORA,-0.815317346590937,5.4895694937611,11.9102066167428,0.00144644940483788,0.00707683967843961
MAN2B1,1.1299026816752,4.30570917876303,11.9050317029645,0.00144948238649628,0.00708947432408611
RAC2,2.43671558438242,3.03647935297764,11.9056646255796,0.00144992656555582,0.00708947432408611
FOXC2,2.05549955898331,-0.709699948633984,11.8655610260884,0.00145286669377279,0.00710165900561919
AP5Z1,0.955312447563253,3.859166747345,11.898322125564,0.00145341502978649,0.00710214862072971
ADAMTS10,1.29114643968161,3.67089435210133,11.8961130067037,0.00145474879236511,0.00710607982231086
B3GALNT1,1.02901082537587,1.55736421253121,11.897641200283,0.00145511636419504,0.00710607982231086
TNFRSF11B,2.24824162717107,0.0593734741794902,11.8812564438976,0.00146067061549118,0.00713027860254989
AL139220.2,2.72591429267969,-2.59917747714127,11.4619938257128,0.00146097145342838,0.00713027860254989
RETREG2,0.668407060871418,4.62073891510509,11.8809007435071,0.00146360215160096,0.00714091850259248
LIN37,0.804842187305293,1.20303191147695,11.8798088448992,0.00146607908752804,0.00715080187751827
PARP8,1.24056614234136,2.47712669666331,11.8752960324609,0.00146739466442154,0.00715501638371941
ETFRF1,-0.945077149987137,5.10020266683635,11.8707451805971,0.00146958448521783,0.00715913406892832
TM4SF19,3.0147116937921,-1.07072013966732,11.646570952583,0.00146987107829805,0.00715913406892832
CARD6,0.888169470493549,2.39622699423148,11.8704408626808,0.00147016664867731,0.00715913406892832
CFHR1,1.67988628234913,2.70685200585789,11.8704142856935,0.00147036492395344,0.00715913406892832
CCDC120,0.948972234350198,1.09099674894295,11.8731298440632,0.00147049797402421,0.00715913406892832
IFI6,1.67705557880975,4.24615071598242,11.8684611196774,0.00147100470528931,0.00715940158621611
HM13,0.841547659582077,4.82623132218761,11.8530630754319,0.00148008710036313,0.00719256064994005
GHDC,0.853269434002892,3.28561973656164,11.8494918700486,0.00148230047589069,0.00719918660915503
CPQ,1.12718590704787,4.29124502436953,11.8489763784859,0.00148254049659021,0.00719918660915503
SUPV3L1,-0.628028072454843,4.86867958353062,11.8446520578451,0.00148509825024237,0.00720807104796043
CBL,0.591077963114718,3.68736419686832,11.8410786189832,0.00148726364221381,0.00721637077102336
DARS2,-0.642325189836453,3.07743840245777,11.8389808927394,0.00148860345866554,0.00722066085383314
AC000403.1,1.24910360072824,-1.1832342931058,11.8270594869093,0.00149229312201726,0.00723359993532753
FAM184A,0.977860678066292,0.598157618592499,11.8374270809457,0.00149354898998917,0.00723359993532753
BMP8B,2.14302927015977,1.54770429797962,11.8348531023104,0.00149400975505313,0.00723359993532753
COPS2,-0.677091330942464,6.24193070738113,11.8158003496129,0.00150245444162803,0.00726410839886879
GGT1,1.2932987122175,1.28170946425551,11.8194315321752,0.00150260284795178,0.00726410839886879
RPAP3,-0.708143686311652,4.61904894233194,11.8144547442307,0.00150327024095477,0.00726511848380918
PXYLP1,0.748914263726252,2.05013712346055,11.813626507837,0.0015043808817002,0.00726826946106799
BCAP31,0.750365178499633,5.69812577422849,11.8053380449378,0.00150880196203679,0.00728518729201617
ZNF300,0.971302479307147,1.17951535711039,11.7974172619589,0.00151576488339596,0.00731453064287664
LRCOL1,2.2585913269677,-2.16385276505035,11.4929839457341,0.00151625834773134,0.00731453064287664
SCRG1,3.26330540214171,-0.0330893883659925,11.7046863222078,0.00151626384563954,0.00731453064287664
VKORC1,1.32321239101469,2.73680670887168,11.7894082579766,0.00151891576699442,0.00732139784322821
RHBDL3,1.37583570030282,-1.95256676318437,11.6782207159707,0.00151907339613393,0.00732139784322821
ALDOC,1.45019504778444,2.46641522666176,11.7846454690509,0.0015220690678141,0.00732914874434824
MCEE,-0.606203800506696,3.54648831287082,11.7784346225836,0.00152528153154104,0.00734015682670236
NMI,1.07922287936192,2.42979242375287,11.7741370802768,0.00152835241316889,0.00735270209213339
TSEN54,0.695347413098848,2.79456557849784,11.7720620442959,0.00152941029977419,0.00735555842807939
SCAMP2,0.662626789415152,4.60197631976049,11.7690187133963,0.00153106810055886,0.0073612973876081
SLC37A3,0.770391094886216,3.49592632961166,11.7652569453059,0.00153345042699998,0.00736903595490278
PPM1A,-0.865002807736518,6.84461895040653,11.7648944856013,0.00153360765944781,0.00736903595490278
OSGEPL1,-0.636650611606059,3.07285676758665,11.7612728266652,0.00153596371697768,0.00737811974020771
PCYOX1,-0.683734422414259,6.86339065568881,11.7580655006469,0.00153783888397889,0.00738082643644317
TOR2A,0.805992540989922,2.01487465395175,11.7590193797114,0.00153792445845493,0.00738082643644317
GNG11,0.994670691534428,5.85567544671248,11.7529378386734,0.00154102447114622,0.00739122723797038
MINDY4,2.05662369107655,0.237231953812031,11.7498121959163,0.00154521887317811,0.00740643326449921
NKILA,-0.942112125475131,0.284424430020553,11.754118877021,0.00154559694615377,0.00740643326449921
GPR1,1.9636899630521,0.861979502720117,11.7504987315718,0.00154676790292423,0.00740980379614275
BTG1,1.22611201492461,5.10212631075506,11.7394591974498,0.00154944003459082,0.00741771636212074
NID1,0.996033376388278,5.54581773464952,11.7367080820475,0.00155115285307725,0.00742183552618212
CFAP45,1.88264555661523,-1.05386917690319,11.6855388964689,0.00155427609734891,0.00743437008624808
DLGAP3,1.86277452856556,-2.72645408163233,11.3423851307019,0.00155579632272854,0.00743507368102508
TAB2,-0.811315595236175,6.43781429197623,11.7250741403749,0.00155845612261997,0.00744553939558598
BEST4,1.92905966600659,-2.08768614155019,11.4879700276041,0.00156135236935901,0.00745712808837621
MT-ND4,-1.09977416714104,14.486717143883,11.7138343069298,0.00156258016707631,0.00746074356964696
MXRA7,0.713878239006647,6.53543106433853,11.7154552677181,0.00156452250082602,0.00746711050663771
TROAP,1.78861202296297,-2.06437776111051,11.5147936152184,0.00156504256057169,0.00746711050663771
DCST1-AS1,2.17784124076667,-2.06286638559687,11.4531247485587,0.00156532726087275,0.00746711050663771
ANKDD1B,2.00497271774251,-2.49788334345805,11.3749168548279,0.00156687575140951,0.00747224797850933
TNFSF12,1.0553049436129,3.93139623637169,11.7097825625959,0.00156815338238547,0.00747395939540588
LBX2-AS1,1.50397578006796,0.856203344430834,11.7141913108056,0.00156932189601341,0.00747716298440305
EML1,-0.630716341829815,5.1739001440246,11.704394556919,0.00157152970655,0.00748318246986113
ZDHHC4,-0.595829109344961,4.74652776818444,11.7027035280649,0.00157260432855717,0.00748605010352822
LYN,1.67751801552761,3.18103183184451,11.6933011877038,0.00157886529739789,0.00751062458681864
CDKN2B,0.91158602537963,3.38071871491714,11.6924992329417,0.0015791885608178,0.00751062458681864
XPO6,0.70123513655834,4.8870705258749,11.6905974198611,0.00158032581935272,0.00751259600208979
AC009318.3,-0.841522499536927,-1.854130030881,11.7024258211175,0.00158100225323125,0.00751259600208979
IL2RG,2.24282927013676,2.23906344426594,11.692396892843,0.00158102528345866,0.00751259600208979
LIMD2,2.28528667806942,2.94706908659397,11.6881535097358,0.00158272234808291,0.00751615254721904
SLC4A7,-1.16427217020008,4.71394285682667,11.6794558301949,0.00158745152432598,0.00753505644429341
MYDGF,1.11133073237348,3.85403423899284,11.6792355560584,0.00158765403341299,0.00753505644429341
HPSE,2.32776356204653,-0.0602987840522291,11.6646865363907,0.00158923799083038,0.00753666742956928
CD37,2.22866866793053,2.87472539496916,11.6775995705006,0.00158952770854967,0.00753666742956928
CAMK2G,-0.783634416342526,6.93460768659273,11.6761210741997,0.00158959229751397,0.00753666742956928
AC245140.2,1.16996639819749,-1.39332423028607,11.6613619573518,0.00158989582993943,0.00753666742956928
CFP,2.4960578855759,1.97339318714769,11.6753312277297,0.00159298346456613,0.00754195628657778
PTAR1,-0.652331206605454,4.87017403180151,11.6702196490414,0.00159339115589464,0.00754195628657778
PATL1,-0.701588295857547,5.34065287487811,11.6677691377774,0.00159497069887418,0.00754717846075221
APC,-0.722984427344153,5.07216101760379,11.6642243920632,0.00159725930034012,0.00755101766927529
ZNF667,0.815076653655975,1.58054598702069,11.6652578470121,0.0015977804141431,0.00755101766927529
FZD1,1.06563411528436,3.34518239160782,11.6630435271632,0.00159812744270229,0.00755101766927529
NOTCH3,0.788339558126758,7.31769652413312,11.6602373845193,0.00159983678281918,0.00755488258351936
LRMP,1.84189732239299,1.75748599773124,11.6631781063297,0.00160014367597723,0.00755488258351936
LMBRD2,-0.829116232169876,4.22459095088365,11.6593508530034,0.00160041274896665,0.00755488258351936
MCRIP1,0.904756675784318,4.87072914949426,11.6585443017356,0.0016009427143435,0.00755513376837446
THAP9,-0.994108638515013,3.15303677127491,11.6534615917188,0.00160434418294406,0.00756890620952096
WFDC2,2.77829926796952,-1.55336059700236,11.3923157795066,0.00160481636044617,0.00756890620952096
NAA30,-0.926252032343294,5.42199192275573,11.6417715521124,0.00161183550197562,0.00759974924123999
RINT1,-0.630989798715335,3.86068088823546,11.6408699742574,0.00161243993089634,0.00760033777064674
TTC8,0.897829239023336,1.87545563752782,11.6378155597477,0.00161528594350789,0.00760922602460449
CASP1,1.52786740043382,2.82356100410835,11.632348218226,0.00161843095759967,0.00761673866091101
KCNE3,1.46426632166337,1.09692409872185,11.6364684705431,0.00161854655019121,0.00761673866091101
TRIM36,2.2019929714928,-0.53311480323584,11.5997882097816,0.00161899829961232,0.00761673866091101
FAM193B,0.740358887060422,5.37513608547994,11.6299405174363,0.00161957336626366,0.00761673866091101
SLC22A18AS,2.43821323199591,-2.13221051150124,11.3190662462694,0.0016216540101283,0.00762336134633732
PTPN14,-0.753113194226846,5.80690030366268,11.6246492883122,0.00162304630453243,0.00762579546142156
TIMM8A,-0.607139646338906,2.52193314431327,11.6248312906662,0.00162313422675427,0.00762579546142156
ANKRD1,3.45404712215159,7.50932058790608,11.6206387816697,0.00162569319980576,0.00763457442566823
OMD,1.68171720267938,1.81198733999018,11.6230063405225,0.00162596634609896,0.00763457442566823
HELZ2,0.96570531474533,3.77821916707087,11.6157372305828,0.00162897744263495,0.00764243074256576
HRK,-1.20566753145022,-1.03581088889133,11.6462628263457,0.00163141872005752,0.00764884392211584
AC008915.3,1.42274094857507,-2.19609258330453,11.430809330548,0.00163669916150378,0.00766287787584827
TTK,2.22666325875334,-2.72805726208393,11.190915088386,0.00163708441701369,0.00766287787584827
SCCPDH,-0.613802839568922,5.50859849643807,11.6030409913734,0.00163731333928329,0.00766287787584827
ADAMTS5,1.66746862495472,3.71599925170592,11.6007168741865,0.00163898686326376,0.00766844547450274
GNAI3,0.601676868656376,4.43209436257957,11.5960467066659,0.0016419702543361,0.00767334197005728
CLASP2,-0.891150886438305,6.32962965933133,11.593667321208,0.00164354356606488,0.00767843009770934
RNF182,2.35447712827191,-0.537927562913188,11.5482269556691,0.0016449070269224,0.00768059134415383
FADS1,1.37553512054866,3.09377017288969,11.5911577054921,0.00164547566363323,0.00768066357631689
ANGPTL2,1.12103766450574,6.59559844709076,11.5885014753473,0.00164698800952052,0.00768331898877426
SLC22A23,-0.633711224696399,3.21667636139367,11.5886080156926,0.00164701423644009,0.00768331898877426
FRMPD4,-1.29694669317594,-0.466988061862686,11.6072000704692,0.00164966176955299,0.00769114153048138
VEGFC,0.681698075544559,1.65423641405329,11.5831581062443,0.00165028110528375,0.0076917660810093
CD79A,3.38709638874055,0.823861543398236,11.558847188984,0.00165265249981581,0.0077005540031112
AL161431.1,2.27245193871716,-2.7952700732403,11.1516202109693,0.00165315245194627,0.00770061931393076
ERRFI1,0.687074035967853,4.32298400556343,11.5782852160143,0.00165383361769047,0.00770152845710871
C5orf34,0.82971890918077,-0.791825522091029,11.5868700711318,0.00165602781391138,0.00770866572909489
MYO1C,0.633528982752074,6.84177454032809,11.5735447295467,0.00165673453135,0.00770866572909489
PENK,1.99298181418217,1.8047503389816,11.5774025473041,0.00165682561199578,0.00770866572909489
ACTL10,1.69775657958177,-1.38613198687656,11.5050177613325,0.00166295162649031,0.00773262747212203
C1QTNF2,1.61083142515714,1.99854881497352,11.5623796978535,0.00166594681724255,0.00774428254996853
LINC02104,2.12738116385916,-2.61324345470737,11.1871308521325,0.00166820229052177,0.00775249316653916
MID1IP1,-0.822906689052321,6.16270172299505,11.5531303728658,0.00167077971655805,0.00776219471366035
AC040977.1,1.71859514940435,-1.25147909404417,11.499969565008,0.00167479534324847,0.00777629118208569
SAPCD2,2.02082177149355,-2.40995599750723,11.2321163953376,0.00167696732426852,0.00778181586754999
ADGRL2,0.65773664807942,3.93184342131022,11.5422045094141,0.00167822699626129,0.00778538150168404
ANXA5,1.03561180030005,6.77291546077892,11.5402684580046,0.00167952152728841,0.0077891067143516
BICDL1,2.27427446338284,-0.352645240520034,11.5157438136435,0.00168044840730767,0.00779112519327227
UHMK1,-0.721723098069307,5.76823495649383,11.5377185380479,0.00168126054698538,0.00779236869115294
SCP2,-0.668455557322493,6.75677700885037,11.5368328775143,0.00168186476711256,0.00779236869115294
BAG1,-0.722119522209826,6.51789138559489,11.5363538620432,0.00168219178976678,0.00779236869115294
GCK,2.26430980836296,-1.91292101488005,11.2973036764942,0.00168355253496291,0.00779462034570497
RNF141,-0.80157845794571,5.81443787290718,11.5342021874062,0.00168366160430038,0.00779462034570497
PRAMEF1,8.49687901204352,-0.557929063813888,12.0099110195992,0.0016858286761144,0.00780237354859372
RRN3,-0.60330780687895,5.22528296076083,11.5249089506026,0.00169002519301865,0.00781266897134379
C9orf16,1.13606046258241,3.72230769484579,11.5233839355982,0.00169114949419992,0.00781558647844449
DGAT2,3.16672916165256,4.57279160701542,11.5177054063537,0.00169525401735477,0.00782770699680099
OTOF,2.32910304208626,0.473128620402074,11.5101225840359,0.00170169261573603,0.00785286047803405
ZFAS1,1.33229613710109,4.11603500052443,11.5020149509419,0.00170587021851915,0.00786755685473602
AC140479.4,2.08324586148819,-1.63628049029885,11.3471193994324,0.00170700409532701,0.00787049575171579
TRIM49,7.58424379891063,-1.40244404711592,11.9972080189529,0.00170957198228913,0.00788004281656076
CARF,-0.636745298987183,3.19101150154514,11.4949503452808,0.0017108181818836,0.00788096301370808
HBQ1,3.60618662621447,-1.49991046595688,11.1489743342315,0.00171122828776995,0.00788096301370808
STYX,-0.648459008601426,4.39559098153937,11.4938523931178,0.0017114780183599,0.00788096301370808
PSMB9,1.52904095694498,3.39537597940618,11.4929473161511,0.00171227914408238,0.00788105942383777
GDF5,3.92685163133123,-2.37152650860361,11.2513612701626,0.00171362143074792,0.00788494739055234
NR1H3,1.26121232111015,3.54358435997752,11.4873581522845,0.00171609704394334,0.00789294086719247
SLC8A1,0.750571813554368,2.20224569310016,11.4834828193686,0.00171920510173574,0.00790375493101428
AC103974.1,2.00187366927685,-2.00657106677251,11.2597457546064,0.00172557479872088,0.0079284383401942
AC107294.2,3.49158831945656,-1.9457364375865,11.102323809025,0.00172765020638941,0.00793567328134868
MEGF6,1.79807145505167,4.23053866209858,11.4665840650675,0.00173062962043549,0.00794475306924716
RERGL,2.34414322472248,3.66023965307114,11.4644878832282,0.0017323642668746,0.00795041312978912
MRS2,-0.955388356331605,5.69493670448447,11.4598086993018,0.00173532515488655,0.00795939152807154
VNN1,1.99257371579143,-0.674249797404362,11.4344399454637,0.00173619716634949,0.00796027262856566
FAM124B,1.1346568795514,0.8173360865556,11.4620372296223,0.00173763178262425,0.00796027262856566
NTNG2,1.69776638503689,0.437444016458483,11.4639649644599,0.00173768565813892,0.00796027262856566
SLC16A13,1.15477572078861,-0.788545515492688,11.4657934828229,0.00173777210182511,0.00796027262856566
MT-ATP6,-1.01989012200846,13.6357702317043,11.4514749538154,0.00173802885687115,0.00796027262856566
TRIM46,2.3412465514157,-1.33947502857751,11.3113043060503,0.0017405625664198,0.00796878386570019
IL12RB1,2.51344105745872,-0.0684424998334786,11.4276584363868,0.00174317725824244,0.00797693618578342
MANBAL,0.828682905593475,3.6970047834968,11.4477246178848,0.00174392510021852,0.00797805457943501
PLAAT5,3.20591741355524,1.87236862078844,11.4468984814874,0.00174811542712423,0.00799260968656599
CHST7,1.1686619464924,1.90066519469334,11.4402689257344,0.00175030248444841,0.00799862616539291
LAPTM4B,-1.06798031167399,7.16408672532061,11.4363081435447,0.0017519940344536,0.00800341581550482
AP003419.3,2.43185775987833,-2.40783649030866,11.0878634995751,0.00175288487001558,0.00800507349649012
FBXO41,1.59868814657439,0.149033180687652,11.4422709929969,0.00175336720554788,0.00800507349649012
GDPD5,1.01362046832928,3.8175071751515,11.4326464553488,0.00175467300097044,0.00800872783593854
GPHN,-0.642570259970288,4.21747528281889,11.4267883931409,0.00175879713901555,0.0080229298393723
INKA2,0.784183648754946,3.87332675637285,11.4253773227377,0.00175983607042579,0.00802535890878778
UBE4A,-0.715591778262568,4.35575069298349,11.4207446546038,0.00176312900156914,0.00803575072990111
LGALS7B,6.59230842110094,-0.681437352525663,11.5039507938843,0.00176436743351026,0.00803908301289164
FOXN3-AS1,1.1886438162659,-0.642337024450613,11.427139000542,0.0017657411742647,0.00804302971789958
GRAP2,2.40564661548905,0.77244254947322,11.4170532768346,0.0017688886257212,0.00805273715938058
IL15RA,0.715337576580926,2.21895880465146,11.4043897267593,0.00177539715820765,0.00807804909622882
CCDC137,0.697292708273206,2.75595941847155,11.4030784842552,0.00177611773079713,0.00807804909622882
AL356481.1,1.23946484898111,-1.92903193870072,11.3192041847801,0.00177648773271644,0.00807804909622882
TMEM216,0.723486045326783,1.78892836387517,11.4008633246073,0.00177838806792142,0.00808426188879661
CARMN,1.13994115433584,3.45279978831887,11.3990540048741,0.00177887431098844,0.00808426188879661
SP100,0.695743301073713,4.47718718964863,11.3944800338902,0.00178209773570946,0.0080942685061014
IKBIP,1.12677307943015,2.33281641072734,11.3942420580455,0.00178286943747846,0.00809545328817225
AC099778.1,0.944214342837715,-0.349621044505755,11.4000928930273,0.00178629201929315,0.00810634869121953
BX322562.1,2.61926416814791,-1.27173953987564,11.2125353665158,0.00178838152536257,0.00811350759588337
IQCD,1.28800196908259,-1.63336398382413,11.3342991158376,0.00179433268736909,0.00813817690232912
HAS2-AS1,1.95000758645566,-2.22532612322033,11.1276517892268,0.00179512936227732,0.00813946065922996
AC009065.5,1.22023191324715,-1.00037317937101,11.3773068164321,0.00179664889733336,0.00814293339313214
RGS4,1.28155677639462,-0.475602081869343,11.3780005281798,0.00180096655915858,0.00815400905874386
CIP2A,-0.867931052514086,0.397795300478702,11.3747409410774,0.0018014252359855,0.00815400905874386
PLEK2,2.60848086262769,-2.6939685358551,10.9639758679238,0.00180282201188016,0.00815599224928019
PCNX3,0.596023488025642,4.11758438952091,11.3585228096587,0.00180840798970733,0.00817860770915868
APOE,2.22378285782288,5.09375050736942,11.3537006626956,0.00181198506039815,0.00818837976438298
MEA1,0.819436098289114,3.58428143488958,11.3535949784238,0.00181210220270448,0.00818837976438298
AC020915.3,0.848809408615996,0.302525690374957,11.3551058544481,0.00181570450051394,0.00819756957824627
CARD16,1.57786486385197,1.62840096373588,11.3383316266329,0.0018255828528893,0.00823747479206625
TMEM208,0.91856960442141,2.74651068385413,11.3341516733068,0.00182678575988782,0.00823821113743379
SMG9,0.678662937590133,3.45223664612776,11.332359475116,0.00182787871555748,0.00824079488063711
REPIN1,-0.78985186378376,6.88073088164968,11.3310083771374,0.00182880623697536,0.00824263152370551
ABHD15,1.24375088034253,2.48109592362353,11.3308918783522,0.00182947120430821,0.00824328409857042
SIGIRR,1.18777778611954,3.52285177417199,11.3260612925612,0.00183260196348049,0.00825504358023744
KCTD15,0.798692190964105,3.56553117604753,11.3166840267438,0.00183959935991472,0.0082818554137979
RCL1,-0.598454402853709,3.4968054641464,11.3130425973024,0.00184231714579654,0.00829173524834926
SNCB,-1.80862057130727,-0.679685421511504,11.3402328650154,0.00184406132533306,0.00829722879686342
ICAM3,2.94688422292175,0.205208891431138,11.2728937447543,0.00184896847255568,0.00831263679922796
PLK4,1.0825639250316,-0.779558151811354,11.3151560625797,0.00184905942558709,0.00831263679922796
MYH11,1.64456371686748,7.91116837503652,11.3018190126657,0.00185072814303926,0.00831612994185344
EIF4E3,-0.761212295367364,6.1737495474659,11.301194388382,0.00185120040935758,0.00831612994185344
LYPLA1,-0.822576898968953,5.62313672812122,11.2994912625349,0.00185248864589907,0.0083186136502019
USP25,-0.947116065860444,6.54723750225659,11.2973739695003,0.00185409101574807,0.008323450517439
PCGF2,0.786372298709562,3.03472017648813,11.293514440349,0.00185721495620342,0.00833511339874133
SYNE4,1.09050341827532,-1.4667189309275,11.277705126786,0.00185891345864553,0.00834037417303389
KCMF1,-0.782923418906035,6.34855613519496,11.2901320348871,0.00185958375366609,0.00834102002387391
DOCK8,1.39906814764501,3.39949085219965,11.2879973774301,0.00186136740422697,0.00834665796683212
CLBA1,0.994518119848983,1.22773278239711,11.2836909958277,0.00186684823472134,0.00836649999310776
DYNC2H1,1.00113239782763,2.08457045114342,11.2741882932198,0.00187253414728813,0.00838486822042243
AP000695.2,-1.13364290717799,-0.689083635105186,11.2975731648397,0.0018733966684498,0.00838636073585422
ITGA2B,2.29003925956833,0.285991447642571,11.2689465889775,0.00187560945339473,0.00839389522958099
ALDH1L2,1.05674641777996,2.44135705044414,11.2666692674998,0.00187800455069375,0.00840153395121709
LDAH,0.896274469727124,1.35910887480228,11.2662014837452,0.00187977963172171,0.00840543674489106
PSD2,2.08155515124119,-0.91126499922689,11.2124745786508,0.00188101821653387,0.00840860244778906
RAET1G,1.88685447442579,-2.43936838967233,10.9653199327779,0.00188805632653593,0.00843510604695937
NSMCE4A,0.641423805106227,3.86906828334293,11.2520263040803,0.00188880396891703,0.00843510604695937
EDA,0.759182310468319,1.83878565933336,11.2528379291713,0.00188907625169804,0.00843510604695937
TBXA2R,1.13926915941465,0.973496635004939,11.253586173516,0.00189108034558228,0.00843951169151444
LINC01550,2.36399321624831,-1.216935666048,11.1286786240048,0.00189122584747074,0.00843951169151444
AC087477.2,1.32972956343091,-0.00789123740892237,11.2576091621339,0.00189166060000374,0.00843951169151444
ZNF788P,0.680879043062651,0.553025672977225,11.2483070612977,0.00189290583186868,0.00844031477704641
C17orf75,-0.603653575154297,3.86959576766577,11.242796312023,0.00189592880652722,0.00845141597666297
TFAP2E,1.46740382310709,-0.578097920788802,11.245076865028,0.00189727612466623,0.00845504351731881
PRAMEF14,6.09845237820675,-1.13821331994885,11.3291722591842,0.00190036710253138,0.00846643729935755
FSCN1,1.36005359997778,4.20637930127378,11.2361781973105,0.00190110188735261,0.00846733041283776
AGBL2,1.27920868879332,-2.13584609423746,11.1042779249271,0.0019038670310351,0.00847303213290526
MBD3L2,9.00720264535619,-0.0750484386093804,11.680788598904,0.00190448361905102,0.00847303213290526
MYO1F,2.31826068233737,4.07635147113737,11.2312157509177,0.00190512009407329,0.00847303213290526
AC006001.3,0.617860758513992,2.36970272955488,11.2305612062404,0.00190536541828822,0.00847303213290526
TMEM44-AS1,0.731472663652824,0.580852981231537,11.2321990582109,0.00190590279987902,0.00847303213290526
NRG2,0.83626868890655,0.310174213050659,11.2358940269034,0.00190612479042136,0.00847303213290526
CKLF,1.0985091951271,0.24725703230684,11.2332907153798,0.00191003187912916,0.00848568682970345
AKR1A1,0.835403444050525,4.6761685458786,11.2246657253518,0.00191004258986257,0.00848568682970345
CD52,2.42017253073874,2.28103722886219,11.226349305313,0.00191107446223617,0.00848789153673111
CTHRC1,2.80105501499938,3.29493326170464,11.2236036177185,0.00191194151540491,0.00848936318145742
FAM78A,-0.867804738678441,5.19383525939096,11.2205587694427,0.00191324474811633,0.00849277017462172
TBX2,0.98384590064767,4.48608449483926,11.216421392059,0.00191649915992936,0.00850245301998898
UBE2V2,-0.650844938111595,5.31296924100317,11.2122649476648,0.00191975070841684,0.00851449467570154
TTC34,1.94758000999052,-1.41932027830608,11.1194633638937,0.00192142840548393,0.00851955118682256
ESAM,0.737697408057878,5.68048187891701,11.2075376532947,0.00192346951250556,0.00852383147781758
CPLX1,1.81044797784587,2.18912125637498,11.2084185395009,0.0019242607088969,0.00852495371928687
PRKRA,-0.7480622418219,6.16541816785375,11.2038276405028,0.00192639317987081,0.00853201585282634
TMEM179B,0.836405159340843,3.30716241263438,11.2010362414309,0.00192869575547068,0.00853982722462808
GABRD,2.00609725127041,-1.17198609710028,11.12965215292,0.00193008172621549,0.0085418842566779
LRRC29,0.924137667712721,0.318633276155492,11.2069577679529,0.00193023837465536,0.0085418842566779
SECISBP2L,-0.607901956709315,5.27024417309618,11.1934317583728,0.00193461211309661,0.00855884928984981
APOBEC3G,1.48721355170092,1.96679767066695,11.1920251696739,0.00193720063238543,0.00856790913240632
TMEM241,0.596584422527718,0.84860644271766,11.1881811337382,0.00193854817982869,0.00857147684312089
ZNF580,0.990071824204087,2.87727551616072,11.1776059190396,0.00194748699563743,0.0086085987224174
AP002761.3,1.92438882001529,-1.8154236611088,11.0216054918029,0.00194809047784919,0.00860886497559291
ISG20,1.92488960568888,1.55619677249241,11.1795730261671,0.00194882549491508,0.00860971218787825
ITPKC,0.683127093509242,3.38297448778978,11.1738690114455,0.0019502762534442,0.00861372011937856
BFSP1,0.997654197509105,-0.55312281229419,11.1836704890939,0.00195267105966211,0.00862189419962814
ZNF658,-0.79645068640794,2.94635711567277,11.163646254834,0.0019585080902796,0.00864338608125158
PPP1R2,-0.908740404934663,6.51485382015696,11.1628602901291,0.00195899738094755,0.00864338608125158
MT-ND1,-0.926687461223356,13.5173544373583,11.1583430515003,0.00195917478411407,0.00864338608125158
ARMC8,-0.65464875798569,5.5357880942683,11.1573321454201,0.00196344211825825,0.00865498393547661
AC093012.1,0.847659456298405,3.02971353660443,11.1554272481258,0.00196519032395589,0.00865998899180539
HLA-DRB1,1.70106369641663,5.88519554759226,11.1545396811643,0.00196570139681155,0.00865998899180539
EDNRA,0.836087323463078,3.68805089339081,11.1539702576841,0.00196621697434945,0.00865998899180539
CYP27C1,2.14044222975034,-0.150102720938343,11.1437005502645,0.00196902422852235,0.00866369630942531
RFESD,-0.888614790472912,1.05669661540877,11.1520771291921,0.00196976526643445,0.00866369630942531
GRIA3,1.42620124734012,0.225248236856089,11.157696774153,0.00196979225107966,0.00866369630942531
PTPRD,1.08696764836494,2.52857832327749,11.1473102086714,0.00197201107926894,0.00866864343222604
LINC00265,0.974342205470324,1.69781863460792,11.1432543524744,0.00197615673985099,0.00867964408437325
PHLDB1,0.597528287033485,6.55554942343748,11.1402498290859,0.00197724352923284,0.00868201114096779
RAB37,1.57766430273108,1.45418931440839,11.140288982702,0.00198003385069866,0.00869185496731902
TRIM49C,7.54724962082602,-1.43569288548965,11.6087504661068,0.00198082734104212,0.00869293017820397
BCKDK,-0.716148488722763,5.98246548427603,11.1310765381256,0.00198469781291154,0.00870750449645882
FRMD5,3.32690582990102,-1.90812399770531,10.7926409750857,0.0019865037104239,0.00870875795320503
ARMT1,-0.658927985722454,4.25287732609488,11.1287046652512,0.0019866321701796,0.00870875795320503
TRPC6,1.43431661559345,1.32723669776778,11.1297881469793,0.00198870828616306,0.0087154480671532
LINC01197,1.21073862076053,1.1464130383062,11.1279768104711,0.00199030359654911,0.00872002794982409
WDR90,0.744767179061644,3.42710217469526,11.1235244980936,0.00199095573662168,0.00872047417309114
CPE,0.766262958072831,6.0642289592216,11.1218063433347,0.0019922612546461,0.0087237811833039
KAT2B,-1.00378215869711,6.6334126119417,11.1197555725036,0.00199393839406996,0.00872871318531124
GBP2,1.05852967540509,5.61274897533487,11.1152763192318,0.0019976077936013,0.00873994773749304
RASIP1,0.784101353401616,3.96180933711723,11.1136335812313,0.00199898718968461,0.00874356886418216
TENT5A,1.12566816731066,3.18001810764135,11.1120635949428,0.00200042573101998,0.00874744662237132
AFAP1L2,0.981561785951179,3.23333355967256,11.1086523782215,0.00200318436964831,0.00875322740580294
CFH,1.34777593031807,6.16536155667579,11.107585392579,0.00200392373397952,0.00875322740580294
SLC26A7,-1.08233977437379,-1.32026311975695,11.1411316420442,0.00200411263552793,0.00875322740580294
ADCY4,0.975152747143738,5.44115385524966,11.1068282566652,0.00200455196802175,0.00875322740580294
ZFYVE28,0.767585565478388,2.38230908499377,11.1067181627374,0.00200509706139565,0.00875322740580294
ASPHD2,1.1577893487428,-0.34029774351922,11.1163599659437,0.0020056142304834,0.00875322740580294
SFRP4,3.0704954838761,5.99569399937394,11.1043249924344,0.00200663889103592,0.00875528813497969
SEPTIN1,1.94513639217306,1.56705404716794,11.104398705508,0.00200981481529499,0.00876484982476805
USP31,-0.605491385385512,3.56589041987075,11.100155453667,0.00201007205774021,0.00876484982476805
HILPDA,1.52417719697421,1.66711043610765,11.0975732007093,0.00201437345690877,0.00877936638383755
WDR27,0.636823451911935,3.01485637398866,11.0900430181922,0.00201859843840675,0.00879536141144673
MBD3L3,8.80057072334171,-0.272709412436379,11.5293689513134,0.00201963308213524,0.00879745064667322
TOGARAM2,-1.77848494200026,4.22432887759317,11.082626341846,0.00202457731142563,0.00881656407094311
SLC25A6,1.12318021629262,6.72979798719683,11.0797513926184,0.00202696072657792,0.00882451830606603
TNNI3K,-0.935293000752305,-1.28649604339372,11.1087463354078,0.00202999590228967,0.00883295970017782
CXCL12,0.762320355962199,7.54148985833892,11.0754580564397,0.0020305391098382,0.00883295970017782
MMP11,1.83272810158358,0.541092292571433,11.0820185376246,0.00203057185509862,0.00883295970017782
PLP2,0.961931066248753,4.67189945138883,11.0730781864317,0.00203253778835573,0.00883908516247893
CASS4,1.95002631135102,-0.145399306687802,11.0691487293198,0.00203510678724924,0.0088478291515881
MSTO1,0.634629481873403,4.07238109408483,11.0683872714581,0.00203646778734125,0.00884889087633584
CCRL2,0.926108407428986,0.0770988145614002,11.0763265191773,0.00203781024906102,0.00885229687962443
H1FX-AS1,1.76675186998667,1.24813778524647,11.0665468389728,0.00204189881959897,0.00886043351103075
HLA-DMA,1.31297283568354,4.62189966285431,11.0616557287465,0.00204210879396503,0.00886043351103075
CCDC115,0.646054459663972,3.82162608671415,11.0612314519027,0.00204247893076263,0.00886043351103075
DNAL4,0.701800186991037,2.0454741774316,11.0588698096342,0.0020451493092726,0.00886544231848444
HIC1,0.817504079773062,4.47493345360634,11.0578342523501,0.00204531186447776,0.00886544231848444
LMNTD2,1.78805318725582,-1.18177789882199,11.0125152270634,0.00204701766057386,0.00887040986248673
TMEM121B,-0.780837163947432,1.06758623418689,11.0570471677925,0.00204800315624802,0.00887225424195255
GFM1,-0.937252462939761,6.22415909216151,11.05369955767,0.00204877877043778,0.0088731886239758
PPT2-EGFL8,0.719864313424631,-0.508908031171074,11.0632608523781,0.00204960489645056,0.00887434120056064
LINC00562,-0.794756230909897,-1.53218485101657,11.0700771063645,0.00205814652585857,0.0089064576721138
LIN9,-0.723529754049812,1.72637846793331,11.0427379040077,0.00205879801823442,0.00890684471606904
TRIM73,0.893360350405522,1.24955491332029,11.0401775587678,0.00206251975565662,0.00891822743380875
LINC00926,1.56666966145415,1.5341672430987,11.0399248955675,0.00206303355091129,0.00891822743380875
C19orf81,3.08467587659401,-1.67730736777428,10.7455450766186,0.0020631174211108,0.00891822743380875
KIAA0753,0.669364280851045,2.18496644498881,11.0362464933104,0.00206409505387592,0.00892002026691347
LDLR,0.846847726773764,3.06808123290347,11.034823916086,0.00206494772842231,0.008921220742703
LRCH1,0.678944944180699,3.36488790254448,11.0340539897557,0.00206549876348693,0.008921220742703
MATN2,1.56743351138634,4.17250560216022,11.0266570889649,0.00207177891972813,0.00893849601493087
PDE9A,1.13855232985292,2.2313534582712,11.0271870576971,0.00207201712554715,0.00893849601493087
SMPD3,0.967415058499793,2.40848009937146,11.0264451616413,0.00207239501450228,0.00893849601493087
MIR4458HG,-0.712069125631642,3.43014546005292,11.0253576676465,0.00207288274467539,0.00893849601493087
MAPK6,-0.884819014709582,5.43631144214421,11.01950908463,0.00207779363610536,0.00895479895332111
EBI3,2.21229197657033,-1.60709475468837,10.8586346911052,0.00208258096735093,0.00897299091615284
FAM131B,-0.679575349548573,2.40041832401589,11.0129099663838,0.00208376288345547,0.0089735511436055
AC093297.2,-0.719482605265217,3.32958046517142,11.0125556456265,0.0020838435166573,0.0089735511436055
CSRP2,1.39481739337977,3.24117839417245,11.0111275415714,0.00208518381391667,0.00897688342818189
CECR7,1.03498829697595,0.659796466907501,11.0147600687742,0.00208683611198504,0.00898093486187304
RIDA,-0.716296198797207,3.8015762125968,11.0083088481889,0.0020874129431316,0.00898093486187304
TTC21B,-0.629742183481098,4.30237748002121,11.0034975592527,0.00209153327647576,0.00899366620076872
FCGRT,1.13871107060807,6.30606744012567,11.0030463819854,0.00209191983441872,0.00899366620076872
GUCD1,-0.664725389352992,6.6691142251797,10.9999343133759,0.00209460154102597,0.00900275308398118
NR2F2,0.85161519304033,5.5763235056418,10.9908198859212,0.0021024777649533,0.00902697125231268
UFL1,-0.625519348208579,5.13858875092762,10.9907772970459,0.00210251472785298,0.00902697125231268
LILRA2,2.80373303134572,1.01655974093009,10.9890469782823,0.00210578863911607,0.00903613121150076
FAM83D,1.54793855058891,-2.29228571124988,10.7833934760173,0.00210975239878966,0.0090482398548362
CACNA1H,0.92562177748133,4.10821558036375,10.9782907051326,0.00211338852799857,0.00905850749368237
USP6NL,0.683948553409751,1.7514401463455,10.9779000992425,0.00211443296643725,0.00905850749368237
STPG3-AS1,2.58626447629422,-1.60282956529826,10.7636380628762,0.00211588628199281,0.00906228375965948
NLRC5,1.15444970656517,4.63844546856151,10.9727548916813,0.00211819346724229,0.00906398445291872
MIF,0.851997709117853,2.07243520410434,10.9736479750841,0.00211820153028873,0.00906398445291872
TLR1,1.60936408192651,0.997017486369429,10.9776200629123,0.0021185128664257,0.00906398445291872
NCKAP1,-0.658946102451125,6.90273990884063,10.9723071330408,0.00211857123831709,0.00906398445291872
NAT14,1.46894680010056,1.40332097229235,10.974767058516,0.00211934207076444,0.00906483503249774
SYNJ2BP-COX16,-0.874859443595214,-2.16356660227342,10.9397704500824,0.00212229877909005,0.00907258396337739
MT-ND5,-1.17961197588599,13.2029459802475,10.9622632863944,0.00212371474194509,0.00907618865037859
MAP1LC3C,1.11074117817484,0.676406412719851,10.9633087989388,0.00213150382494293,0.00909542290312883
LGALS7,6.37259458238582,-0.885461300217943,11.0392622704483,0.00213165903087149,0.00909542290312883
EXD3,0.725011839882372,3.94335836209062,10.9551997242562,0.00213359433117579,0.00910122997742739
LEFTY2,3.38872220425889,2.08775388686087,10.9572365084042,0.00213592608253089,0.00910872460437757
CPTP,-0.703098207175786,5.44152649055196,10.9510743661025,0.00213719212445817,0.00911167166970369
HSP90B1,0.678102848290523,6.90821194228892,10.9488785852794,0.00213912729974171,0.00911655987139286
PRR14,0.728772699647441,3.99219968583885,10.9485006493436,0.00213948925107024,0.00911655987139286
RBPMS-AS1,3.17175379935064,-2.13628680533464,10.6080836063066,0.00214406870343592,0.00913361740412607
CPM,1.67824135318576,3.63916385543702,10.9427748737985,0.0021446903571611,0.00913381029022626
KCNJ15,2.73157388416678,1.13315898589964,10.9414792466548,0.00214904405867887,0.00914743518610909
ALKAL2,2.7115189429305,-0.963793173675153,10.8089636713297,0.00215018138362139,0.00914981857847695
EPOP,1.48278101094258,-0.742397115832339,10.933408881717,0.00215267560443437,0.00915488434887957
GMDS,0.97537471029055,1.88302120613938,10.9343218228092,0.00215310493899629,0.00915488434887957
AC106782.1,1.8427681141639,0.377668485808778,10.937763109926,0.0021544880034459,0.00915821350694606
PAIP1,-0.69218114391069,6.55854773019184,10.9302521848483,0.00215562165589126,0.00915821350694606
JMY,-0.589827600307943,4.26645324916629,10.9287567766066,0.00215695404449981,0.00915843368543248
ZNF296,1.95932711499215,-1.12154999236151,10.8744027350207,0.00215731620470894,0.00915843368543248
ZFAND2B,0.934634711968951,4.07310509082971,10.9276339234094,0.00215798519476272,0.00915843368543248
KCNAB1,1.38146490872334,3.0325692517795,10.9259107356325,0.00215983904709248,0.00916178711611941
APRT,0.799607954793727,4.42888763773573,10.9253887265075,0.00215996386122077,0.00916178711611941
VAMP8,1.04007071984652,2.92349220651284,10.9250985933117,0.00216050977806135,0.00916178711611941
C4orf47,1.53805773544486,-2.17101203666162,10.7585850104371,0.00216306844411193,0.00917018342264359
KCND3,-1.11319967533632,3.06687962726965,10.919589920856,0.00216526805464644,0.00917491997035282
LAMA5-AS1,2.24481098323632,-1.27519911694548,10.8012750863617,0.00217176678145318,0.00919721758035503
GZMK,2.93379239122827,-0.0854021934081601,10.8559590757041,0.00217763411023796,0.00921960132111701
PABPC3,1.02648681976643,0.843666398917243,10.908649290351,0.00217912257468618,0.00922343895327239
NNT-AS1,-1.13357644280518,5.75249011343786,10.9025936763331,0.00218036508867242,0.00922623379444374
MELTF-AS1,1.64087732103072,-0.809220776772389,10.8923307353425,0.00218133977789162,0.0092278941431523
NBEAL2,1.01831515475591,4.71365933710982,10.899733074701,0.00218295379842431,0.00923225749763278
MATN1-AS1,1.75195034398787,-1.60521837430112,10.813351177209,0.00218358307675358,0.00923245491390446
HMMR,-1.15996570191478,-0.722590676878716,10.9230110814797,0.00218428016282498,0.0092329388477694
ABHD12,0.876582052481712,3.52488112311797,10.8955269544627,0.00218683411929909,0.00924126941027536
EBF4,0.875190216867679,1.35794678731712,10.8936618163116,0.00219052147950711,0.00925198565337056
SOWAHD,2.75917678328313,-1.54960589147243,10.6658917206819,0.00219112148400957,0.00925198565337056
NHSL1,1.76905993899225,2.10112014554415,10.8888544335954,0.00219448966281628,0.00926373939441918
AC015813.1,-0.809302919806215,4.61956055223061,10.8859363359183,0.0021954137817445,0.00926470802223673
COPS3,-0.766249039974567,6.1165337064914,10.885411453877,0.00219588839095861,0.00926470802223673
RAB27B,2.01948340239129,-0.69466453841094,10.8560009469093,0.00220020384463546,0.00927898743283603
LTN1,-0.777912374169178,4.78481870530559,10.8797506917533,0.00220102945415729,0.00927898743283603
ALDH3B1,1.23963924013228,2.06744427283316,10.8779830568474,0.00220374280770528,0.00928795539194297
MTRF1L,-0.713234566909883,4.85945850606693,10.8710599040862,0.0022089456422312,0.00930303312619983
IFT52,1.09577747891137,2.8838901393756,10.8712894095037,0.0022090814446829,0.00930303312619983
ADAM8,2.12856539922744,2.55425867468798,10.8680045536646,0.00221321453081929,0.00931548756172463
MBD3L5,8.60733120580244,-0.456709034917531,11.2919853512658,0.00221458387972228,0.00931877608655311
RPS6KA5,-0.813069748354698,4.02659374910039,10.8576199254006,0.00222125543322319,0.00934188822990655
LYSMD3,-0.661130691522778,4.11530075137975,10.8555541117223,0.00222315232751703,0.00934320790541497
HOTAIRM1,1.03406476650456,1.64017109584422,10.8570257573531,0.00222341764021737,0.00934320790541497
BBS12,1.06623210943717,-0.111049632871176,10.8641734471778,0.00222456223759225,0.00934320790541497
CSF3,-1.69751454370575,0.174711977031894,10.8646481906022,0.00222523932171981,0.00934320790541497
MPP7,-1.12696882195137,4.32995969605466,10.8493155259017,0.00222888702607516,0.00934669825409185
SEPTIN4,1.02285981516022,3.64529051356115,10.8486761713778,0.00222956772470696,0.00934707929455851
BCYRN1,1.4802137999443,1.2725486239292,10.8508362921625,0.00223095463317437,0.00934810547416027
OGFR,0.841001780793941,4.72995293191222,10.8450435539821,0.00223283702680319,0.00935089015955344
OXR1,-0.793059317047359,5.61185296432937,10.8346713432406,0.00224242188264234,0.00938111393195175
CHKB,1.01987148545919,1.11784264121097,10.834312817271,0.00224587636854109,0.00939060760218225
CHMP4A,0.913241279652493,-0.132538121425839,10.8347293000419,0.00225173964176553,0.00941263996387716
ATG16L2,1.04489237444936,4.43211917593108,10.8230721014489,0.00225322714830327,0.00941389154209385
WNT10A,3.0378793234389,-2.13306128155588,10.5009173712466,0.00225423436963017,0.00941561730509468
ARRDC3,-0.666861491884118,5.27160519127786,10.8193172081463,0.0022567095622102,0.0094234720506838
CATSPER1,1.51472548308636,-2.35080951753118,10.6145893779084,0.00225756525341844,0.00942456179423656
TRIM56,0.616829982828004,5.0172907566541,10.8168668893016,0.00225900449122599,0.00942560404751403
ADAMTS1,0.965661093597308,5.37089364037386,10.8146368423935,0.00226108967771306,0.00943165901735524
PRAMEF2,8.54349281935696,-0.513991226330245,11.2382418792679,0.00226180764240345,0.00943165901735524
ACBD5,-0.7900441348525,5.08925836773321,10.8134006299416,0.00226224117656132,0.00943165901735524
GLIS1,2.69722950939376,-2.08399909017852,10.5238399140856,0.00226340184557349,0.0094340160564974
HDAC4-AS1,1.21431517234608,-1.43943685707711,10.7908297074465,0.0022677337666912,0.00944670788029074
LIFR,-0.63101995161517,5.94247956993371,10.8064223414486,0.00226878320413315,0.00944670788029074
GASK1A,1.37817094697712,0.92040693567052,10.8113286367523,0.00226883133668117,0.00944670788029074
MTMR10,-0.647380561171364,5.49184447694502,10.8049166735883,0.00227019772046748,0.00944740105012028
LINC01436,2.9207288991177,-2.05719754290372,10.4969256858365,0.00227074008129797,0.00944740105012028
PGF,1.37599296970159,3.14204492922461,10.8045847255384,0.00227078630655065,0.00944740105012028
SBSPON,1.49383089701199,1.29026344794054,10.8070319669345,0.00227169489786735,0.00944870053714013
PNPT1,-0.667530479283568,4.94859825670339,10.7998609189934,0.00227495409031961,0.00945007352287742
GBP3,1.03155061130037,2.62699583246533,10.8002937317277,0.00227500665676642,0.00945007352287742
POGLUT2,0.965241324169298,1.04551154258265,10.8014681600274,0.00227677619498563,0.00945479665033346
CASD1,-0.644789683157552,4.44578898246054,10.7973330543776,0.00227733696058073,0.00945479665033346
SLC36A1,0.677591231318032,3.20224556421435,10.7953800767874,0.00227931815117959,0.0094605434106189
CARMIL2,2.26022417083429,0.359543676753536,10.7954718352884,0.00228055446717318,0.00946126671888704
HSD17B6,2.35467258945445,-2.34315462512181,10.4953698823273,0.00228162977901254,0.00946126671888704
PLXDC1,0.828389523179905,4.63284449001242,10.7926699609761,0.00228174886653251,0.00946126671888704
ULK4,1.53173266395397,-0.314161594694194,10.7973937479745,0.00228262163245262,0.00946126671888704
MICU3,-0.695853856628093,2.4088466457158,10.7915400896151,0.00228314236593662,0.00946126671888704
OGN,2.32782643726625,3.9499956249682,10.7909215664963,0.0022836716854763,0.00946126671888704
MIR1915HG,0.840848136094699,-0.212363788724464,10.78981261341,0.00229307715772525,0.00949526880545388
SYP,1.18789524216029,1.13262855832744,10.7835967354893,0.00229372456346554,0.00949546843188047
CORO2A,1.76456976668398,0.414336042488427,10.7732052364431,0.00230637656984581,0.00953787826261653
YDJC,0.989161294753026,1.17501478583896,10.7670680996393,0.00230894619549161,0.00954601366030669
TMSB15B,1.69351571474406,-0.700637718464435,10.7555225646801,0.00231044718778558,0.00954972785207046
SETD7,-0.824078299607118,7.81932230062011,10.7584773597996,0.00231428354083611,0.00956309029247192
PEX11G,1.01538868627684,0.553445095710778,10.7578020304481,0.00232079576377539,0.00958500142521464
SEL1L3,0.773386942461366,2.79132848559807,10.749483534088,0.00232324477067016,0.00958958167268943
MBNL1,-0.610134838908626,8.03898508956386,10.7456261844656,0.00232372017562488,0.00958958167268943
FGFBP2,3.33865210244353,1.73309934069335,10.7494101146707,0.00232630233219465,0.00959305232761412
EML2,0.700358327414762,2.97860531829092,10.7461466162538,0.00232637723827987,0.00959305232761412
FAS,1.08810901558156,2.51176057958459,10.7451816509152,0.00232762179629926,0.00959568746252714
SAA2,3.92963637661972,0.535487412590693,10.6564595037789,0.00233136675144559,0.00960862650459251
SNX20,2.23671015906891,0.753393156638991,10.7376974071719,0.00233905564100723,0.00963374803989531
ZFHX4,-0.629562904637854,3.71204307908619,10.7307275014111,0.0023410905166524,0.00963867534876347
YAF2,-0.670909016279301,4.31848490085794,10.7262074237254,0.00234545772872822,0.00965414769536524
ZNF28,0.640565991236491,1.38938603871853,10.7170200867875,0.00235353714162519,0.00968469169996375
C8orf48,1.92837668851933,-1.26930997407511,10.6538315832801,0.00235483095113522,0.00968518195760182
PALM2AKAP2,1.75037341194221,-2.18138274572963,10.5229093611617,0.00235639769675838,0.00968911113142969
ZNF850,0.64064173148121,0.0624714450833413,10.7183935242902,0.00235799952867159,0.00969318249827723
REEP2,-0.998646839202572,3.40476697462765,10.7075731726897,0.00236376928808704,0.00970682868834291
LAMP5,2.95683947853274,-2.57584234047079,10.3558306697555,0.0023696053033809,0.00972096522851738
AC019205.1,0.69816048727812,-0.492437753791588,10.7113610836924,0.00236966546840176,0.00972096522851738
CAB39,-0.927894055988943,7.6779873886417,10.7000903577781,0.00237101146823078,0.00972364583385177
RHOJ,0.658405720807868,4.00357706556349,10.6995707741735,0.0023715461063821,0.00972364583385177
EFNB1,0.762523728096073,3.80810168947402,10.6969142023321,0.00237417754951498,0.00972566742768425
NRG1,2.95026901102585,-2.55837153066971,10.3519263383988,0.00237441746584912,0.00972566742768425
FDX1,-0.682078907969915,4.44913425257009,10.6965628354274,0.00237448788811578,0.00972566742768425
ERBB3,2.50348632769753,2.86782006522113,10.6981448482624,0.00237449405425067,0.00972566742768425
ZEB2-AS1,2.28966919469098,-1.65846378392972,10.5260740510772,0.00237540765295672,0.00972689536858015
ATP13A1,0.671159254402844,4.42318676289075,10.6919471077119,0.00237905424946166,0.00973931095097361
AKR1C3,1.05039193776583,2.59836954049008,10.6895703275618,0.00238188176689611,0.00974836786157092
KIF4A,1.72083073512098,-1.73185174055152,10.5840769276851,0.00238610862699123,0.00976062555806142
HYAL1,-0.703867358244013,3.57540371117697,10.6788752751764,0.00239202531589459,0.00978230327251138
USP45,-0.588448717669517,3.1397913962318,10.6625785912741,0.00240838430865031,0.00984412332710381
SLC35C1,0.706279186283861,3.07836832578353,10.6597439728575,0.00241127526190474,0.00984871895966452
ADCY7,1.26618561398285,2.3024282317681,10.6600005960046,0.00241170746889433,0.00984871895966452
FAM220A,-1.08856950094319,5.86937819514811,10.6586932608397,0.00241212986685971,0.00984871895966452
PARP1,-0.734357205404626,6.83544251871209,10.6581142568383,0.00241271009468856,0.00984871895966452
LRMDA,1.06121107120228,1.26385404740679,10.6576816085707,0.00241594757613753,0.00985724027781965
IL13RA2,2.56316812621965,-2.37754472575683,10.3406122299567,0.00242042307003996,0.00987295865918232
SNX13,-0.704833164183949,5.47779234762084,10.6483777882817,0.00242249389392588,0.00987886277329992
ZNF217,0.77791364204439,3.20677745511152,10.6468416642452,0.0024241908394007,0.00988323957601825
CALHM6,1.96780480222527,-0.268552980987852,10.6416009228796,0.00242546192145166,0.0098858783614312
SDHD,-0.860092801851321,7.1704564128781,10.6430252841922,0.00242788976475143,0.00989243018747916
UBASH3B,1.3800579383621,1.06154395015691,10.6468170187805,0.00242831787904928,0.00989243018747916
INKA1,1.13163329326115,2.09219894199128,10.6409476245902,0.00243101821157974,0.00990088553043028
GPN3,-0.73243020942263,4.64321033116583,10.6360034497817,0.00243499002714943,0.00991196685338735
SMIM5,1.36141122977908,-0.449821270192061,10.6420729286131,0.00243612775933907,0.00991405151572837
RGS13,1.94610256859323,-1.43040373350046,10.5495616956625,0.00243825777597217,0.00992017226593862
DMXL2,0.988484751611058,2.72877590985163,10.6307605523609,0.00244073212384117,0.00992760522017761
MBOAT7,1.06179563535828,3.6334049126593,10.6298404138441,0.00244133763759905,0.00992760522017761
TMEM30B,1.01066696331686,1.96663030035518,10.6299501949949,0.00244224334262535,0.00992874044396715
SLC30A3,4.02209899971931,-0.560114919433288,10.377757798372,0.00244430513473416,0.00993354228346401
MAP2K6,-1.11106305008178,3.82489392484299,10.6258752400721,0.00244528990620383,0.00993354228346401
RAB7B,1.17195910070207,2.4586460176613,10.6256825695923,0.0024461122792615,0.00993410440143401
AC078795.1,1.06551280890226,-2.0733693768077,10.5412790766275,0.00244794163251133,0.00993661143709196
IFI27,1.08280740448836,5.63108469361541,10.6216730510203,0.00244954536171373,0.00994057499284953
PIM2,1.47573427914467,1.92461514988119,10.6222823988733,0.00245071812949523,0.00994243792759462
GAB3,0.703051632444971,2.688857937707,10.61971609612,0.0024518866297116,0.00994243792759462
STC2,1.35166349211823,1.71801793826083,10.6128471226803,0.00246063023825468,0.00996769104949436
ST3GAL1,-0.961074406496283,6.53519187433123,10.6015809734434,0.00247010975762109,0.00999521583516574
KIAA2026,-0.700766142075194,4.63754875685948,10.6011263329528,0.00247057868532493,0.00999521583516574
CAPZA2,-0.701533814438797,7.42062876611843,10.592731749648,0.0024792255344429,0.0100177162267759
C1QTNF6,1.67580841164661,2.64141140133405,10.5916619972596,0.00248121450447241,0.0100228922386883
COL23A1,1.19347315323511,0.609288817284487,10.5921869741429,0.00248589475569591,0.0100356764971617
TRIP11,-0.677076561341097,5.04953467165797,10.5860049974376,0.00248617983241982,0.0100356764971617
PLOD2,0.805392074917053,3.29293153572632,10.586021891471,0.00248627916500641,0.0100356764971617
LINC01285,-1.35963266921886,-1.43680097219465,10.6082638772307,0.00249195723520807,0.0100509153235791
LINC00323,2.23148083239466,-1.73146415912871,10.411824467951,0.00249405574092343,0.0100560669603674
SERINC5,0.664306732896285,2.73096998016473,10.5761594356311,0.00249672771928622,0.0100624730843155
B3GNT4,1.33840616207484,-2.27871798154862,10.4220131712644,0.00249768735355047,0.0100637812081653
SMIM14,0.770017594658948,4.18521180431457,10.5739130163663,0.00249875394463111,0.0100655195120918
ITPA,0.655065923520424,3.73639633088492,10.5709686767023,0.0025018367910316,0.0100753767795369
PDZD7,1.9145019117478,-0.671493303373019,10.5491461532412,0.00250768583570154,0.0100906827423795
DPH3,-0.701086778319404,4.86408773089894,10.5652529395478,0.00250776285964553,0.0100906827423795
MRPL35,-0.844966350436988,5.78883006853613,10.5648486567136,0.00250818447164971,0.0100906827423795
ITM2C,0.742225980725201,4.62536934175734,10.5613010145073,0.00251190816656074,0.0101030482679042
NKD1,1.52270626529927,0.408854713281956,10.5674616385199,0.00251264099201168,0.0101030482679042
PSMB8-AS1,1.34757333159123,2.11152076052729,10.5612589308777,0.00251317071193781,0.0101030482679042
AC004067.1,1.93336461002841,-2.59543359232226,10.2601635169372,0.00251752289350557,0.0101144873660488
HAUS7,1.40917579107925,0.786896065844813,10.5609259877309,0.00251793100644049,0.0101144873660488
LMF2,0.993553871391733,4.95338478052561,10.5490741557514,0.00252473995147962,0.0101366997747904
SLC4A1,2.8229392162828,0.290514878041313,10.5265089865131,0.00253115103584844,0.0101572931033401
RRM1,-0.598250042951041,5.09986622385868,10.5419227819642,0.00253226541568511,0.0101591924157878
PDE5A,0.669883922340151,4.99480319335168,10.5406171722449,0.00253365613679123,0.0101621991393902
CPSF1,0.701075028791748,5.52569640384128,10.5369933408427,0.00253747507923987,0.010172720503439
AL355388.1,1.37872987063904,-1.00757744581342,10.5289156558367,0.00254217241734899,0.010185009953825
PMM1,1.02861361333876,3.21070690574857,10.532363497371,0.00254255691154994,0.010185009953825
FZD5,-0.595283261898565,1.97455113188008,10.5315458021693,0.00254381757729829,0.0101874847479014
MED13L,-0.597076044793206,6.10785595207299,10.5297138002589,0.00254518913817691,0.0101904022922409
PFN4,1.21255126409856,-1.43089295102282,10.5112963320079,0.00254829601252372,0.0101974918195169
EN2,2.1058838874613,-2.02605538557116,10.3223377125957,0.00254889033237248,0.0101974918195169
PRAF2,1.25449786648485,1.98835599435687,10.5268774592916,0.00254961299671584,0.0101978084702059
ZBED6,-1.76119772925984,1.14601482326915,10.513769161886,0.00256545160437978,0.010250809776754
IRF9,1.01751503380096,1.58824945430101,10.5101227304238,0.00256794363467496,0.0102581806853275
MMP16,1.4986931893845,0.490590664693693,10.5132557198907,0.00256974620430526,0.0102627943799459
ZC3H12C,-0.857848656847129,4.40687406186485,10.5049854312502,0.00257158459204953,0.010264762019901
AKR7A3,1.3580577030397,0.28762629776925,10.5117693851513,0.00257218211529166,0.010264762019901
AUNIP,-0.752673964433412,-0.540072381653106,10.5153589316667,0.00257701673807154,0.0102788784918751
NEDD9,0.60496791543853,4.84336199797271,10.4928393044626,0.00258466620406065,0.0103016109999369
ZCCHC18,1.43419930375273,-0.471075094980803,10.4976676490122,0.00258548293858084,0.0103022751138271
ISG15,1.8340187703496,3.38666229258968,10.4854891790585,0.00259294829574082,0.0103242340810565
GCSH,-0.753191708769625,5.22706558100292,10.483744154683,0.00259448759049461,0.0103277681101653
PTGER2,1.99742345947859,0.174633718952384,10.483800361212,0.00259779696216684,0.0103383446658609
PPP1R35,1.09962470386227,2.01806453420817,10.4809924248746,0.00259863052722489,0.0103390655196919
MXD3,1.02362794384323,1.89716989602632,10.4786955560667,0.00260123589695853,0.0103450379833673
KCNC4,0.788904660208926,3.72384156832156,10.4733010735957,0.00260588630206351,0.0103562693687371
DNAJB9,-0.618335791601598,4.58234254139908,10.4723271712198,0.00260688942836639,0.0103562693687371
OPA1,-0.902862659242627,6.42489865427885,10.4719679763917,0.00260727899653102,0.0103562693687371
P3H2,1.03228443141548,1.32523573497177,10.47416667568,0.00260758832894775,0.0103562693687371
MAN1C1,0.926226323587507,3.4542518025587,10.4712419824885,0.00260818268761468,0.0103562693687371
DUSP2,1.59859578847019,0.234298075775095,10.4759234629979,0.0026103408440901,0.0103564999912463
CFAP157,0.9583480041155,-1.69584129373894,10.4469533306147,0.00261048927312975,0.0103564999912463
FGF14,1.5489137734309,-0.38710092323837,10.4696004561004,0.00261455889735502,0.0103659001900171
CCNJL,1.47327718525722,-0.214632061363431,10.4713985636579,0.00261531048052812,0.0103659001900171
SLC38A5,1.79404757577439,-0.00115121348128601,10.465715447814,0.00261865058343736,0.0103720415201032
TLE6,1.4518651155182,-1.06345989096587,10.4518773705596,0.0026186999509013,0.0103720415201032
AC007566.1,-0.763972289659597,0.2964308431818,10.4634643300935,0.002623672475999,0.0103839504813077
SEPTIN11,0.637970739988146,5.04532502987765,10.453190228625,0.00262782285655215,0.0103925901691495
RAB29,0.644413845943849,3.08916668914571,10.452060038622,0.00262926218972518,0.0103956881039359
KCNAB3,1.05974258237166,-0.481897859226844,10.4600074753391,0.00263209776481352,0.0104043036365677
PDK3,0.973955401305535,0.481414652754799,10.4526101374694,0.00263521275324878,0.0104140190774896
IKZF3,2.14269916974267,1.52088699744204,10.4498346016279,0.00263602173629639,0.0104146189117649
FAM210A,-0.943542918219229,4.70660710582577,10.4441047055511,0.00263781586066282,0.0104191096570099
CC2D2A,0.646709459705046,2.47678322903905,10.4430343114066,0.00263945384914686,0.0104228037066764
MOCS2,-0.595868614428348,5.48230896362124,10.4420636575016,0.00264006651597142,0.0104228037066764
SPNS3,2.28913921647358,-1.61152660163655,10.28508519531,0.00264349738847184,0.01042618172412
RCN1,0.638533717927084,5.58092071501407,10.4386556142162,0.0026438310311273,0.01042618172412
CNTRL,0.681709274043752,2.61956017377337,10.438728617928,0.00264412850158198,0.01042618172412
AK5,1.66467934224108,-0.0880836423121537,10.4424205165881,0.00264540330447124,0.0104276772574321
DYM,-0.642192949086674,5.89067865886635,10.4367779793162,0.00264590712766673,0.0104276772574321
PCDHB13,0.64806544964021,0.843588418527438,10.4343371659227,0.00264842267770913,0.0104290812485561
ZBTB44,-0.942938721285367,6.43456434686194,10.4343042683264,0.00264864524014528,0.0104290812485561
TRMT2B,-0.70621396499302,4.04315365692186,10.4340866280392,0.00264889581784805,0.0104290812485561
AC015922.3,1.25039311500644,0.684833243938979,10.4386542792486,0.00264988891634557,0.0104303998155311
MARCHF7,-0.588558476087128,6.00572143192374,10.4324394699767,0.00265071156291783,0.01043104696736
LGR4,-0.698994563305168,4.49470650231078,10.4313067810488,0.00265196921098803,0.0104334051853345
C11orf74,-0.625646259660029,3.42045268203153,10.4204868279632,0.00266408802930299,0.0104651715610865
AC007114.2,-1.15187038919956,-1.08783949824754,10.4488379658773,0.00266451109846464,0.0104651715610865
PCDHB9,0.838766932967656,0.453928665711155,10.4220152874922,0.00266905015022179,0.0104750869665297
RARG,0.989097481499157,3.77353029781967,10.4159238519417,0.00266917405003136,0.0104750869665297
GOLGA4,-1.05182307182228,7.71935802035931,10.4143484011305,0.00267084599268645,0.0104784237487042
BRAT1,0.622835579098588,4.60063461969271,10.4134497729838,0.0026718645502035,0.0104784237487042
PPP5D1,1.01059634839671,-1.28122504214974,10.4123635418938,0.00267315012400016,0.0104784237487042
PCMTD1,-0.869998107476732,6.7499602351151,10.4109009765234,0.00267470138116197,0.0104784237487042
HPS1,0.821702464897996,4.20669954438848,10.4103751753483,0.00267531409650137,0.0104784237487042
ZNF215,1.68756659653865,-1.0514271984109,10.3831885932143,0.00268053963856871,0.0104962964300465
NADK,0.876114060126935,4.83405477884762,10.4006652297687,0.00268619707446247,0.0105158510471855
SPIRE2,1.34962230855384,-0.366630000065155,10.4073681601099,0.00268712316458502,0.0105168784364482
RAD9A,0.863131778675587,2.68801020483603,10.3875857664784,0.00270136091835725,0.0105612037225752
NIPSNAP1,0.668145355549504,2.33877528957629,10.3873176711955,0.00270178077183818,0.0105612037225752
KLF2,1.2651233219773,4.39146237096809,10.3843818976871,0.00270459611277605,0.0105684682576642
DIO3OS,1.15719925961725,3.52684883936574,10.3836611591342,0.00270550025444534,0.0105684682576642
RPL39L,1.89631368646076,-0.0417340007874706,10.3855494969116,0.00270563991426414,0.0105684682576642
RNFT2,1.11401654666647,-1.74253227615321,10.3456281348595,0.00270863088652454,0.0105775440263072
ITIH1,3.06825956675316,-3.01196200806962,10.0921294897469,0.00271104651556223,0.0105817621015061
AC006042.3,-1.21728698256241,-2.35602687460801,10.2899367079036,0.00272205678144074,0.0106145052641726
USF3,-0.878936497862343,5.35092076039299,10.3543025935713,0.00273885310747629,0.0106745216906485
DRD1,1.7362487477599,-1.16438776942313,10.3194185001306,0.00274111519150936,0.0106807111974056
PMP22,0.967614532614898,6.46871000127414,10.3498052998614,0.00274402005154928,0.0106894016118243
GSPT1,-0.688448860713606,6.86980370610344,10.3468840674272,0.00274738194619993,0.010696076390225
LENG8,0.591839074258539,7.28325046220688,10.344535705376,0.00274775837600844,0.010696076390225
LGI4,1.15445328250923,5.41864113740771,10.3426538612536,0.00275227144260984,0.010706708546804
RFLNA,-1.2271584513694,1.77696012972343,10.3432568170342,0.00275251660375337,0.010706708546804
SVOP,1.87749282905525,-0.990579707010828,10.3072473396858,0.00275554066946834,0.0107119068734613
LTBP3,0.727363027880625,6.56183281442093,10.3395165321305,0.00275588088111956,0.0107119068734613
AL049597.2,0.907122713952091,-0.519704118915215,10.3478544207815,0.0027583617764119,0.0107188275336401
GBP1,1.13073490076678,4.00336054611433,10.3368583063012,0.00275901416733248,0.0107188275336401
SLC23A2,0.624882565360335,3.84817107702015,10.3345297680256,0.00276168990106475,0.0107227987373236
ABCC4,-0.583207913201654,2.68547808708027,10.3341528589041,0.00276231830428643,0.0107227987373236
EPS8,0.701982486126556,5.42290855697653,10.3260671250458,0.0027714685508031,0.0107456668911243
ZBTB16,-1.26996589895249,5.1329381818778,10.3257223276335,0.00277186958562038,0.0107456668911243
PNPLA4,-1.0338381393448,4.96954868783995,10.3255884530143,0.00277202538341112,0.0107456668911243
SFT2D2,0.603592874455542,4.17453673322184,10.3243097854301,0.00277352777735271,0.0107475788860062
PLAGL2,-0.667112360733805,3.83701387017656,10.324017734704,0.00277387503273588,0.0107475788860062
TAPBP,0.799700961930746,5.3447511792057,10.3221430920145,0.00277603412472563,0.0107480871058722
PHTF2,-1.2101035521779,7.18807232677189,10.3221364645076,0.0027760409241077,0.0107480871058722
FUT8,0.801316386978525,2.46355371244596,10.3211735663725,0.0027776935784123,0.0107518588512701
METTL15,-0.614261011372063,3.82214773212744,10.3163899928529,0.0027827651570692,0.0107688594491027
ITGB8,1.83227663861549,0.639150688822254,10.3149018088135,0.0027911903501127,0.0107988265327725
CSGALNACT1,0.860851230997276,3.9050518809125,10.3066967009764,0.0027941240799433,0.0108075382706521
SNHG32,0.830927074559863,4.80027058235765,10.3038036135136,0.00279749116941485,0.0108152824010044
C5orf22,-0.751561230962473,4.3386318511768,10.3017248711515,0.00279992119203074,0.0108220368610027
AL021707.6,1.85014568690872,-0.591265776992406,10.2915362913048,0.00280087182904276,0.0108230714154695
ZNF467,1.36224297677092,1.88043937583402,10.3017218549204,0.00280178509192504,0.0108239610803842
RUNX3,1.84819106959599,1.18081977885021,10.2987838988118,0.00280862726631725,0.0108451063083162
RFX8,2.48620269711809,-0.806922927643607,10.218376041346,0.0028181454095239,0.0108699090253323
TSPAN14,0.615022717044104,5.29707130470635,10.2861278737366,0.00281831270631863,0.0108699090253323
SLC49A4,-0.883546054597217,4.58597107806692,10.2845682843207,0.00282015997011392,0.0108710958517138
SLC19A1,0.991242218618458,2.13268295924774,10.2845036537932,0.00282119145860729,0.0108724272968263
STARD4-AS1,-1.20932887499552,2.7314442784709,10.2815027572383,0.00282402538337626,0.010880702711005
GATA2-AS1,0.691076633077931,-0.274767949619438,10.2855932778647,0.00282778392031582,0.0108925356794469
MRPS36,-0.782410325567572,4.73296268434576,10.2700991950799,0.00283734998907074,0.0109213296917559
IL7,1.60278562757638,-1.5581794442374,10.2101904511672,0.00284234072512161,0.0109300105486538
SYTL1,2.24223304403319,1.43770177569997,10.2647800523484,0.00284890179008246,0.0109525828887523
C17orf107,1.56577169528958,-0.80474716530129,10.2528361865472,0.00285230732039046,0.0109630157909842
ACVR2B,-0.658799042373599,3.68476693712058,10.2509084666556,0.00286035366052573,0.010984425682223
GYPE,1.35523741649521,-1.21611535029389,10.2401329937116,0.00286065026759226,0.010984425682223
EFCAB7,0.829334872261095,2.13585158612447,10.2489559809867,0.0028635131621762,0.010990092778156
SLC2A9,0.711651920321096,0.0446715044367888,10.2484929803889,0.00286902622456768,0.011005920740916
ZBTB22,0.645490519592978,2.98726278823258,10.2391881680883,0.00287469689261558,0.0110223376862519
LARP1B,-0.585699378503751,3.86570840882508,10.2333622176436,0.00288151660660634,0.0110431423615213
C19orf33,1.24088148601899,-0.893957651043932,10.2344187361766,0.00288485119808895,0.0110505769727134
MCTP1,1.07450831091192,2.69396782603661,10.2292708324769,0.00288697978365034,0.0110535229086978
DPY19L3,0.643784229685525,3.02487765695393,10.2286741051482,0.00288742354359741,0.0110535229086978
DPP8,-0.845734792644805,6.08811451686424,10.2269758757432,0.00288924905792275,0.0110552656014819
LRRC75B,1.12469973201991,2.25710002192722,10.222434988802,0.00289569559123081,0.0110682601871092
TTC39B,0.712896574129708,2.16432681037128,10.2222339254653,0.00289575356444468,0.0110682601871092
UCHL5,-0.786510945722173,5.11321955593748,10.2200179446107,0.00289771832424275,0.0110730991763383
SLC35G1,-0.600444304086151,1.71024386939346,10.2193886599322,0.00289845613027154,0.011073248383899
TMEM158,1.32132823589296,0.109891769800583,10.2239324644378,0.00290219336508748,0.0110848537615187
LRRC37A,0.792956277560984,3.64178672846581,10.2154328016944,0.00290340569337295,0.0110868120537063
PHF20,-0.586535885716522,5.49850558956498,10.2137135909017,0.00290541391152129,0.0110918078188094
MATN3,1.69101162676375,-0.938357955567888,10.1966233538667,0.0029065606768904,0.0110935132578714
TACC3,0.856431988818673,2.47325642013471,10.2050971497447,0.00291653037311662,0.0111262053015838
SLC52A2,0.882408835311768,2.73759235467696,10.1992818981628,0.0029235469923752,0.0111449240289078
MOB3A,0.849113159565382,4.18027136947591,10.1976281358464,0.00292517456375042,0.0111484466839233
LY75,1.28340743903374,0.658185428905767,10.202215168409,0.00292614934149712,0.011149480311302
FCRLA,2.62893694592089,-1.12187937274706,10.068743817246,0.00293286331578947,0.0111696911716692
TRIL,0.74882154582572,3.30791479599391,10.1876361935334,0.00293760966902368,0.0111840051323954
GLA,0.584556451196174,2.60407648911189,10.1875027224866,0.00293803327861186,0.0111840051323954
BLOC1S3,0.72655795699761,1.90869879158233,10.1860591297566,0.00294054885422857,0.0111882059286819
DDX1,-0.685386777121313,6.97409613980203,10.184197640407,0.00294173603436461,0.0111900362305751
SCNN1D,0.771093324365193,2.35138911610477,10.1828824052573,0.00294397269807835,0.0111941469424421
NAAA,0.765516641476687,2.84801840448461,10.1811688445113,0.00294583880886601,0.0111975791806428
VPS37B,0.681661785856697,3.44777447068531,10.1791199388049,0.00294814355391812,0.0112036524937507
AL590617.2,1.75314755578493,-0.809397349017018,10.1640912687309,0.00294975943012403,0.0112071056555204
NUF2,1.28915013137926,-1.89770912762203,10.1108327842438,0.00295095316322341,0.0112078280623153
BEND7,-0.59343129001176,3.71710951037703,10.1755575713422,0.00295249273185558,0.0112078280623153
ADAMTS15,0.775034776660244,2.65208757477852,10.1756579725677,0.0029527785801834,0.0112078280623153
OLMALINC,0.910292151628138,0.480963598646197,10.1795832427392,0.00295461156361331,0.0112120999637405
AMPH,0.863314659139315,2.05903968421679,10.1708344200593,0.00295936601590809,0.0112274534963121
CCDC57,0.758045938804797,3.59060118670877,10.1629183929392,0.00296831787497556,0.0112514793548151
ENKD1,1.24173312045772,2.87980532526686,10.1622663961165,0.00296951344192002,0.0112524819498103
KIFBP,-0.605159135199608,4.94877774042567,10.1603220456403,0.00297147313267244,0.0112572160491179
IL34,1.38853110228748,2.06525195133745,10.1561141394203,0.0029783179022663,0.0112711448896686
TRBC2,2.39444515975796,2.078014580642,10.1578131837946,0.00297831831603325,0.0112711448896686
ZKSCAN2,-0.791115817856316,3.09398854116021,10.1545861493794,0.00297883812309921,0.0112711448896686
IL12RB2,-1.24226836918319,1.56319735674713,10.1555624120757,0.00297890595478261,0.0112711448896686
VRK2,-0.594228975311114,3.07662534829369,10.1517137851369,0.00298244771200627,0.0112787413741278
TMEM201,-0.752731802275399,4.73552711095712,10.1512422491158,0.00298286611272615,0.0112787413741278
LINC01011,0.760918256750611,0.510761556729744,10.154415025199,0.00298356053766289,0.0112787413741278
PRKX,0.609400848158901,2.66018112745222,10.1464929634249,0.00298922485113266,0.0112937098856434
FOXS1,1.24861020545917,1.26303758504186,10.1481687096707,0.00299037083865461,0.0112937098856434
CASTOR1,1.35456672833418,-0.864932746659657,10.1449758933412,0.0029923380276363,0.0112984466819043
LRRC4,1.28111507394495,0.594303852231053,10.1482389943392,0.0029937922875363,0.0113012449691729
ZNF135,0.617204816703752,1.62115751985988,10.1384689934122,0.0029979581440299,0.0113142754723605
MALL,0.698954766370651,3.45003238955674,10.13833520412,0.00299924403957433,0.0113164334036034
SOAT1,0.751512352231426,2.68053104245875,10.1366437406542,0.00300168822037418,0.0113203336352706
SMAD3,-0.74755667143622,6.58635637989509,10.1363063775398,0.0030017064387838,0.0113203336352706
ORMDL2,0.859335101208531,1.84871045029636,10.1352780217284,0.00300433047673537,0.0113248394540498
ORAI3,0.978847426249834,1.96057779273848,10.1309465844843,0.00300975681566749,0.0113384004428833
AMACR,-0.748537641573093,1.62735734102265,10.1305671307307,0.00301007450389412,0.0113384004428833
TSPAN2,0.731349398685486,2.77729487413309,10.1294134838614,0.00301081598393682,0.0113384983121309
CLDN7,1.9305218959637,0.400059894527991,10.1309528329008,0.00301475287737485,0.0113506269536135
POLR2H,0.593067162082368,3.80510452480321,10.1181311498107,0.00302484961177499,0.0113859362940138
TGM1,0.93150495669666,-0.827656896007253,10.1260271105307,0.00302688405907425,0.0113899608362376
ADGRV1,3.05601253370043,-1.09088228954903,9.94202192894936,0.00302735628461116,0.0113899608362376
F8,-0.633596158713187,5.39355511182169,10.113728318609,0.00303043097166634,0.0113988225986225
IRF1,1.10435039539159,4.16904347188995,10.110080109445,0.0030351418812891,0.0114138332683408
CORO2B,0.805463842965874,2.56511760364611,10.1072439604642,0.00303924109361169,0.0114238267577003
PCDHB6,1.04385452825893,-0.0814136562280048,10.1108551450618,0.00304543519117171,0.0114416812409905
ZNF660,0.857182241341502,0.633042582771856,10.0985118092448,0.00305609586583134,0.0114762917501965
PCLO,1.34559714127607,-1.20896336242027,10.0785758406357,0.00306272146576214,0.0114934980261592
PGD,0.857276830186628,4.61411779038081,10.0885276161812,0.00306285367353254,0.0114934980261592
GALNT18,0.679339533227669,3.14637916066944,10.086914111737,0.00306513408526686,0.0114966118908918
DDI2,-0.683630264298921,5.60734985455417,10.0866337997651,0.00306528852916127,0.0114966118908918
FANCG,0.868561232671385,2.00065455665017,10.0848749544988,0.00306869918114286,0.0115018154975333
F11R,0.845667636025143,3.08973219508613,10.0825704473892,0.00307081287295119,0.011507016220775
RANBP6,-0.77032075956812,4.84635532793854,10.0815139195567,0.00307192422132441,0.0115084593700539
ADCY1,-0.777802140195515,3.98985057551116,10.0767774435255,0.00307808544957968,0.0115209956327049
MSC-AS1,0.786033591830247,1.39519268210309,10.0782985686342,0.00307845639299273,0.0115209956327049
HOXC10,-0.762529074608319,5.29283786156695,10.0761388473755,0.00307890556600652,0.0115209956327049
LINC01480,1.7286272982341,-1.37838306921962,10.019980403088,0.00308800814741768,0.01155232887444
QRICH2,0.617494143301631,1.29859797073232,10.0627537252129,0.00309515186966054,0.0115708590890565
PRAMEF12,7.77998928627424,-1.22661776177659,10.4485380395777,0.00309710022608961,0.0115754120950099
MBOAT2,0.992974366911668,2.38095145284039,10.0616963421837,0.00309846216458593,0.011577771733599
AC090192.2,3.22008975774356,-2.18995042298043,9.76444635855114,0.00310176024557798,0.0115793110737367
ZDBF2,-1.07314899182657,3.8479251128721,10.0586267143045,0.00310179690212737,0.0115793110737367
AC005041.1,1.59981688497524,0.20486252153073,10.0614254170049,0.00310632502813891,0.0115934839191986
EEA1,-0.619892025190902,5.16204501977058,10.0538368273582,0.00310805649970915,0.0115972148224372
NUDT3,-0.922873017920532,4.9669526170587,10.0511447431472,0.00311159552469039,0.0116076869773467
RFPL4A,5.22497790062442,-2.4375813589884,10.2808358216969,0.00311372394129641,0.0116080336227683
YTHDF3,-0.694015854506561,5.97042232165834,10.0494033013471,0.00311388596771552,0.0116080336227683
PGAP3,0.710830298081562,3.63757282447182,10.0424201013731,0.00312315905451893,0.0116398639550709
HNRNPCL2,6.99987056188345,-1.91937107672449,10.4392951256944,0.00312436852916584,0.0116404986984629
PSMD12,-0.644779879050363,5.75422671188889,10.0411286079834,0.00312479847688907,0.0116404986984629
FAM111A,0.687106420085201,3.93882068154217,10.0357564982055,0.00313194156063732,0.0116484334956033
LGR6,1.96966342835579,0.277127025278495,10.0387534494479,0.00313319179948142,0.0116484334956033
PSD3,0.963670862475528,2.56564580986476,10.0350227293568,0.0031334462818274,0.0116484334956033
CD300LF,2.76072133232581,-0.103538967616231,10.0024381196237,0.00313387482211027,0.0116484334956033
C6orf136,-0.683722139615398,4.3754881096329,10.0305928389006,0.00313875409687938,0.0116623297006442
ARHGDIG,2.25296301072374,0.00450537410576621,10.023084373776,0.00314148189125737,0.0116697289101631
STRADB,-0.924111874644914,6.24224380250079,10.0248430569635,0.00314639459461097,0.0116797646148513
GALK1,0.911968185654883,2.57633774162743,10.0235111106007,0.00314871642898795,0.0116856461944197
HOXB8,1.98665211114309,-1.64866594242655,9.91248366463458,0.00315165323707359,0.0116938068011953
ALKBH6,0.596413915632,0.937162537567036,10.0196537446984,0.00315251992917751,0.0116942844844747
C17orf58,1.60753971272123,2.47597079020784,10.0201115919556,0.00315384056847328,0.0116955567504852
TATDN3,-0.695522665113626,4.20513351068154,10.0188846570801,0.00315433896331002,0.0116955567504852
FAM72D,1.41001559189605,-1.00910570683979,10.0100740948444,0.0031598855831122,0.011710642384373
KLF12,-0.605823187640146,4.39105807326772,10.01214048181,0.00316335245964325,0.011720749690897
AC092164.1,-0.817399202849447,1.34070776965376,10.0080803278442,0.00317063128768981,0.0117400166675025
ARHGAP25,1.21390226157462,3.07995664817778,10.0062342847667,0.00317160392918359,0.0117403427857445
TAX1BP3,1.16781140257997,2.4248101309463,10.0049468361234,0.00317381064501644,0.0117439416284017
AL590560.3,1.85492792629672,-0.718123392943444,9.99035427966136,0.00317405830721553,0.0117439416284017
INO80B,0.856666904358292,-0.140009478732361,10.0110896697575,0.00317559404786606,0.0117468811569873
CADPS2,0.83601100998662,2.48598271979662,10.0020672998151,0.00317743646592124,0.0117509534831864
CENPF,0.900893713227182,-0.0807455965217444,10.0071778140245,0.00318204048702609,0.0117590468940696
ALS2,-0.607206274145134,4.97531853272085,9.99403934542397,0.00318768131411003,0.0117751015815155
Z97989.1,0.750742622202545,0.47711635800672,9.99415878164566,0.00319230167098141,0.0117832238131341
BHLHB9,-0.591835878402616,2.26998368627623,9.99056221576472,0.00319286108350488,0.0117832238131341
HBA1,3.21160447207452,11.6454283861685,9.98931550702873,0.00319406243532404,0.0117832238131341
AC245297.2,1.66244473571082,-1.37691596798182,9.94290824529096,0.00320040023621117,0.0118000796982872
ACBD4,0.704857314883057,2.93914576911768,9.98367190725239,0.00320200275354594,0.0118017514465581
PGRMC1,0.912186422828433,4.3892279994216,9.98072576551605,0.00320572051358693,0.0118114515179754
GGTLC2,1.63890624460775,-0.97051253568947,9.96460372765356,0.00320862830436641,0.0118166704018811
RNF34,-0.687842882509059,5.05664450148854,9.977090508236,0.00321064380899005,0.0118185998701661
HBA2,3.21712595114189,11.7363606588052,9.9760093628331,0.00321211350278151,0.0118212639755175
NUDT19,-0.804433044621912,4.28483425159704,9.9713790959168,0.0032184235409535,0.0118383320691486
LVRN,1.68452810219097,1.47560625961936,9.97050464508872,0.00322367294667682,0.0118527947067256
EIF1B,-0.585884586274791,5.57179078740746,9.96478119420288,0.00322743082897835,0.011858357604178
IFITM10,2.58717934695579,1.79189935399886,9.96205628565391,0.00323654597825545,0.0118890922849824
RNFT1-DT,-0.764344481061125,0.150301604701753,9.96240534009068,0.00324057498667353,0.0118983762311899
ZFP69,0.797889984636676,0.549702457128436,9.95867250486568,0.00324222819896271,0.0119016887349924
LY6K,-1.00990838277641,0.273193802636602,9.9590679885371,0.003244154243192,0.0119060009939471
CD302,1.05045844100092,1.79547965030951,9.94918557068264,0.00325059516501117,0.0119236270214409
GTF2E2,0.596740081292931,2.75773627074715,9.94355853564538,0.00325697055389006,0.0119419741711004
STXBP5,-0.648641849657106,4.27703837316039,9.94124751436508,0.00325979028497022,0.0119467846082153
LARP6,0.608446318712057,3.87784986616579,9.93984612652205,0.00326176314135932,0.0119512509829182
PDE6G,-1.0118762958796,-1.54693900983657,9.95750364721008,0.00327245603286016,0.0119804951015153
DUSP15,1.94577765228351,-0.443903374072053,9.91755920704314,0.00328145767986171,0.0120039842688755
SUSD1,0.91275342351523,1.27477416179479,9.92481810248629,0.00328566736830384,0.0120166099204964
EFCC1,1.02674990093349,1.49061970497741,9.9199704466729,0.00329186507685153,0.0120337222313417
NBEA,-0.689512656141516,3.19586209195593,9.91212341869171,0.00330047232130679,0.0120540642718941
TSTD1,0.853651801013062,3.01962337249844,9.90546339329092,0.00330995753158315,0.0120803539850295
NOS3,0.680324501207898,2.77035407556874,9.90321068653335,0.00331320511677544,0.0120894224005389
AC004865.2,2.29689284964408,-2.46416038843981,9.63676857443753,0.0033139763389739,0.0120894528185358
HDAC10,0.707930094136136,2.45872938083285,9.9009101094181,0.00331662187978404,0.0120963192011364
FUT4,0.735857773913454,1.36662664310447,9.89453538591798,0.00332752735853377,0.0121277198828622
AP000708.1,0.785516174280424,0.926656830880972,9.89250684635479,0.00333239645998548,0.0121335190439469
RIOK3,-0.583030619132815,6.16703638766395,9.88851181505659,0.0033335591017142,0.0121335190439469
HBG2,3.53405134073004,1.47469028503769,9.88648266046898,0.00333363845560893,0.0121335190439469
FANCF,0.647754052057581,1.28861266194172,9.88836332965554,0.00333371249557295,0.0121335190439469
KLHL23,-0.69935221652865,3.3539093841494,9.88527944852019,0.0033382682293568,0.0121473103629431
HLA-DOB,1.93293724589967,-0.708609085726932,9.8602947130539,0.00334997109846,0.0121870964181119
PHLDB3,0.929525864131443,0.830323955278663,9.87133530825189,0.00336339058591615,0.01222541408937
DNAH7,1.79783694654833,-3.02195620181761,9.51257155887824,0.00336363118288245,0.01222541408937
CAMKK1,0.932414289006226,2.37880743632536,9.86736687117489,0.00336436113104957,0.01222541408937
SLA2,1.57321133616011,-0.317576379466853,9.86943267392485,0.00336659998674198,0.0122307450687529
FZD8,0.72034416028546,2.6108007162411,9.8646716094936,0.00336797392610949,0.0122329321125503
YJEFN3,0.602782727906937,1.98989606789683,9.85683232283311,0.00337786262835434,0.0122650467788647
CUZD1,1.26682269954412,-1.12897095715577,9.85427160646248,0.00337836367702053,0.0122650467788647
MT1F,2.08499684452487,-0.339599402215918,9.84665698692366,0.00338024482708859,0.0122680908457809
RPS6KA3,-0.810070078670135,6.84780319181516,9.85425143878255,0.0033824394728693,0.0122702549396675
PNMA2,1.06764803000016,0.226604984492958,9.86080851091124,0.00338289542698347,0.0122702549396675
UBE2G1,-0.986725222865122,7.15972894628168,9.8526143880431,0.00338479415951031,0.0122743325047506
PRAMEF7,7.86652464542094,-1.14681801398911,10.218389680422,0.0033899582760804,0.0122874356818495
EMSLR,-1.96655101241318,-2.13161141982669,9.75719113700473,0.00339721722625152,0.0123109310277631
RAD51D,0.733811707628806,1.92442100787388,9.83923224098342,0.00340530705642039,0.012332319215424
ACSL5,0.750014457175995,3.08855613002724,9.83847611271549,0.00340545395890044,0.012332319215424
OTUD4,-0.91190262867134,6.36494844285288,9.8352305477239,0.00340990727822251,0.0123428050794866
AIM2,2.44029265589351,-1.3112979969854,9.71450164505694,0.00341912241592682,0.0123728565287419
SOS2,-0.922535523710633,6.37488509589992,9.82763293007352,0.00342094534126665,0.0123742800326529
RDX,-0.784163999433436,6.81856235576658,9.8236172626284,0.00342679475310992,0.0123926098705004
DNASE2,0.745111508261514,4.09551608319285,9.82205518973393,0.00342910197783586,0.0123981243538136
ETFBKMT,-0.625435209693178,2.46943311297776,9.821530064643,0.00343021834496501,0.0123993316862821
SEC61B,0.903798673251943,3.61941579712829,9.81934373762447,0.00343313660776449,0.0124070503587785
LEUTX,5.96726335883626,-1.82325073180562,10.0647565307787,0.00343457021711004,0.0124094013293531
EPM2AIP1,-0.61710547189965,5.32270299280409,9.81548542464779,0.00343867354246221,0.0124213949458397
TBX1,-1.28096836407066,4.5209943545003,9.81074122167394,0.00344562568098341,0.0124408362193083
UBR2,-0.698100980848618,6.02186580321338,9.80672174451077,0.00345152339443102,0.0124592918522889
CDHR5,1.25736551709539,-1.57443701742346,9.77505609267423,0.00345880250676795,0.012479051769812
P2RY11,0.72680171675945,0.936848075616767,9.80363690408216,0.00345935977943989,0.012479051769812
AC083862.2,0.838892567559411,-1.11079577064714,9.80280591042767,0.00346796433368901,0.0125044402650109
NECTIN1,0.932995346453087,1.64627899639168,9.7968961511245,0.00346797595536839,0.0125044402650109
USP51,0.756564908508158,0.0390137044866031,9.79976259750594,0.00347014982399049,0.0125094322704225
PTCH2,1.4915933784517,2.74742341364893,9.79341245760905,0.0034718989854878,0.0125100462080548
PPFIA3,0.9356923192883,1.42980086977086,9.79077108772757,0.00347774258383583,0.0125282534044206
RHOBTB1,-1.16294851764769,6.77922736821805,9.78522778690277,0.00348325776232171,0.0125452694907982
MT-CO2,-0.937302343950004,13.636348697543,9.77881643264439,0.00348776792426954,0.0125586590083843
TPT1,-0.804952559867583,12.2770301067234,9.77766141703147,0.00348948548968275,0.0125619892219452
RFPL1S,1.16721436983406,-2.05325858126777,9.70388298783394,0.00349257288215314,0.0125673938382109
FASTKD2,-0.71188179004614,5.03756779956096,9.77799067990852,0.00349401394317646,0.0125697250754863
U62317.2,1.31395836667432,0.603636302682981,9.78269338458945,0.00349484911419039,0.0125698760582331
RHBDD2,0.721506639136119,3.84822998521294,9.76984674776142,0.00350620604954612,0.0125994988412365
TMEM92,4.17766473202045,-2.77948804462232,9.7783857340184,0.00351508462349011,0.0126254637417153
KRTCAP3,0.852130729793804,-0.353755927302661,9.76783911225296,0.00352227857450252,0.0126455705868014
MTRR,-0.727093287828357,4.95476121211732,9.74952368756499,0.00353666465505779,0.0126857231300817
AC053503.4,1.660500677549,-1.8946525487418,9.64580897304458,0.0035378316606009,0.0126870374124332
SMIM20,-0.679906651150604,5.01899752316055,9.74719878527333,0.00354017228996898,0.012689687916566
BMP7,3.05875551650151,0.192254071726572,9.71209907762974,0.00354828173376792,0.0127072589005695
SORBS3,0.897373263764735,6.11331439060994,9.73849726725837,0.00355333318862405,0.0127196004156597
SYCE1L,2.2511653455033,-0.133170244372475,9.72758662409164,0.00355732143849222,0.0127281266280845
DCTN4,-0.614845206090698,5.87003034479187,9.73378086515164,0.00356048883666242,0.0127365838813971
PRR15,2.13645383935252,-2.25334717802387,9.51748647412692,0.00356828557991237,0.0127587142565143
SNHG15,0.720977208823026,2.53395011887542,9.72341126681659,0.00357682217494651,0.0127805864726894
NDUFA4L2,0.825248859125655,4.84720488390336,9.71882760040154,0.00358329407435776,0.0128008253373191
PXMP2,-0.753928608305276,2.94943864995081,9.71773885773519,0.00358515221658149,0.0128030534855529
SNHG8,0.869257583567359,4.02740002085405,9.71684295738379,0.00358636135116784,0.0128031242018375
MRPL30,-0.622859972300342,4.96759450554731,9.71595220629933,0.00358767870900277,0.0128049424553079
TMEM121,1.95197672071045,-0.63945073620923,9.69947192588882,0.00359104739657443,0.0128140797328338
GAPT,2.29881349489155,-0.239701785066713,9.69595339909092,0.00359736840609326,0.012833745414534
RAB13,0.915724916480449,4.71506622623588,9.70873634036632,0.00359876204346794,0.0128358276171138
PSME2,0.67402993628828,5.09523377020003,9.7054490757283,0.00360380726943346,0.0128480390998227
RABAC1,0.947673218670944,4.93101679480902,9.70407087840014,0.00360593635701065,0.0128498478636267
NR4A2,2.20008068156473,2.29777834716935,9.70342505677364,0.00360980695701993,0.0128578581361868
TMEM50A,0.583408275954052,5.11370630010915,9.7002278204734,0.00361185000059387,0.0128622442605418
AC022007.1,1.58504146395337,1.0756983744961,9.7035154135715,0.00361273637468008,0.0128625102964626
RCOR3,-0.735942407904032,6.28885940570143,9.69885164281126,0.00361396472775555,0.0128639934952251
AC008764.8,0.668928921692243,-0.140408261441575,9.70332881216144,0.00361584558624489,0.0128675210431577
SLC47A1,-1.2208863044913,4.51948441397009,9.69715944072989,0.00361657971390321,0.0128675210431577
ZC3H8,-0.68521138289898,3.92531517526429,9.69412930238837,0.00362127969377543,0.0128756078695908
PAK3,1.4194766958828,0.070302676084992,9.69788845705225,0.00362571588174261,0.0128833502115281
SYT1,1.7309526780169,-0.691736581370802,9.68326793208429,0.00362716054064355,0.0128833502115281
SPATA6L,1.16678484020842,-1.1498662624091,9.68828073859556,0.00363102672610946,0.0128899821972797
SCML1,-0.637280999462193,4.49937891752324,9.68718987685765,0.0036320114171382,0.0128905901293144
GLDN,1.67804807476724,1.4115272481315,9.68775354474785,0.0036357700077086,0.0129010405983337
KCTD9,-0.60391148256273,5.23822113074551,9.68042230441011,0.00364252555910667,0.0129192261717017
P3H4,1.17166438990682,2.3771509732665,9.67901451016021,0.00364567078673577,0.0129252074782924
MT-ND4L,-1.24107280261077,11.1666267325147,9.67784914637305,0.0036465314872923,0.0129252074782924
CAV2,0.730665859737001,5.82571662653217,9.67776777361935,0.0036466588398716,0.0129252074782924
HVCN1,0.693401241027547,1.82096350340463,9.67809110175428,0.00364755573638979,0.0129254954728464
PEX12,-0.599076220933621,3.06547431318659,9.67497998758303,0.0036512050177567,0.0129355345218847
FRMD6-AS1,1.12399274639151,4.19356666482828,9.67197287617051,0.00365574738847306,0.0129429465739796
CD79B,1.08217649233039,1.80860135311414,9.66602118965382,0.0036669264001691,0.0129758265582336
SLC39A11,0.72989450801882,1.85733274184404,9.6653157774292,0.00366749082819009,0.0129758265582336
SP140L,0.689651643303073,2.82715508275809,9.6540498624556,0.00368420535600233,0.0130204286968263
HHAT,1.21405154592868,0.0623412239378355,9.66024712134991,0.00368539063716047,0.0130217135846337
IL10RB,0.668611383980748,3.52703836886453,9.65173711197396,0.00368757653406206,0.0130252707076394
HOXB7,1.15382724178156,1.24876100845361,9.65127200469444,0.00369214508625086,0.01303395481885
CMC2,-0.63760998564231,4.05621505882747,9.64434214664422,0.00369915079603851,0.0130557778763524
AASDHPPT,-0.684709851128771,4.97658896304214,9.63938662130554,0.00370698922002449,0.0130753661071094
NR2F1,2.66271330904109,0.166531063741734,9.62691414891182,0.00370717611656733,0.0130753661071094
PRRT1,1.07581312922987,0.834552632882687,9.63394578606296,0.00372173259819788,0.0131092012633122
RNF144B,-0.985358587894337,6.0543963537149,9.62761882316696,0.0037256984308678,0.0131197686259551
ARIH1,-0.582529379009042,6.03781778207218,9.62701031685716,0.00372666864522181,0.0131197686259551
AC145285.6,1.0407551567686,-1.17882511481931,9.63078164713356,0.00372721640399129,0.0131197686259551
ANXA8L1,1.96075585449594,-1.06686370453925,9.58232098150319,0.00373662678433977,0.0131469734106072
MAP7D2,-1.37064718071736,-0.835695935483585,9.64221030007663,0.00373801780171879,0.0131469734106072
LBHD1,0.945694096551437,-0.0636592818998745,9.62792240889033,0.00373826353178496,0.0131469734106072
C3orf33,-0.625326344781154,2.17813351241078,9.61765326096977,0.00374221739862666,0.0131549221178368
TLN2,-0.589030884654082,5.76128759682103,9.61626624860609,0.00374384418195518,0.0131549221178368
DHX58,1.0523927872905,2.7772560650967,9.6131464324947,0.00374940477863531,0.0131709552873184
CEP83-DT,0.771285187576198,-2.08913994018283,9.56475623572483,0.00375006942994765,0.0131709552873184
PSME1,0.606854060204827,5.92299090033335,9.61102841480968,0.00375224803258017,0.013175686809727
EPHX1,0.778816485996543,6.09410823248321,9.60703996789062,0.00375866073677092,0.0131923580721171
TMEM67,0.933450449474776,0.794339702436553,9.60819244225221,0.00376284793268212,0.0132041300241837
ERICD,1.03217600160646,-1.18549826332838,9.60462216810462,0.00376796374455817,0.0132081878298973
ITPR3,0.731093164072428,4.21607287265039,9.60115015347964,0.0037681717157169,0.0132081878298973
PPP3CC,-0.720130192344807,5.38498133815731,9.59954690761364,0.00377074033464868,0.0132104563436947
PAPPA2,1.72069470103226,-0.676449387831571,9.59271763546262,0.00377164008285414,0.0132104563436947
TMEM65,-0.810252515791818,5.55633513209708,9.59872165479437,0.00377207308085768,0.0132104563436947
SLC10A3,0.62511170175684,3.44702355322384,9.59875095923004,0.003772153401604,0.0132104563436947
VIM-AS1,1.33235130693503,0.0622259310269417,9.60484907989895,0.00377320370089971,0.0132112149907551
PABPC5,0.735637348536787,-0.225776615215291,9.6014740752142,0.00377775939209928,0.0132242441101386
KIRREL3,1.97530401141503,-2.05231369811477,9.42865567723975,0.00378926295740688,0.0132557284958117
TUBB,0.656710479242302,7.31076860721046,9.58721714758917,0.00379070636094962,0.0132578511811893
PLCH2,2.16146148265183,-0.361709912657025,9.57203497029736,0.00379553882243229,0.0132679143662737
LINC02076,1.88357772317512,-2.25069552149394,9.40306936398364,0.0037979370502152,0.013269492830941
TGFA,1.60091520649201,-1.17319440374056,9.56196016642802,0.00379822171269946,0.013269492830941
AL137802.2,1.7166960847901,-2.11191211988794,9.44255940175784,0.00380130017804625,0.0132743948703171
B3GALT4,1.02051984217674,1.85758925883998,9.58006052612231,0.00380407422325631,0.0132811553681302
LINC01679,1.17425121413835,-1.37887364498881,9.56915074000255,0.00380624010050413,0.0132857900600636
RTN1,1.32651248762228,1.27270538693827,9.57867959096592,0.00380902516938938,0.0132882281933195
UMAD1,-0.615086914972694,2.97248647571969,9.57483007232303,0.00381110564528502,0.0132910631956056
HNRNPCL1,7.12143783989142,-1.81073452550012,9.93672248452378,0.00381422429391374,0.0132990126261058
EGFL7,1.15612831530743,6.13383637334153,9.56804202641484,0.00382198360082677,0.0133202054370578
ARPC3,0.6855065982791,5.47289399150952,9.56331751364335,0.00382973245936165,0.0133419315638615
LZTS1,0.722898557506076,2.15912440186539,9.56375438424811,0.00382990134940406,0.0133419315638615
TRIM23,-0.718517531375547,4.13559191081363,9.56062812735868,0.00383416142786853,0.0133509022516881
CFAP36,0.634527514147727,3.53023509256252,9.55827284108336,0.00383811655610868,0.0133588385913733
AC092803.1,-0.681546389637428,0.280715287849734,9.56205522572399,0.00383812659219553,0.0133588385913733
CAPN12,1.73360238612409,-1.00873498570156,9.53250789857073,0.00384888984624328,0.0133933591114223
ERFE,1.65082889408773,1.76810049034804,9.54923936734275,0.00385625170586789,0.0134101428094993
SKA1,0.784006834706907,-0.708002481982959,9.55250647289189,0.00386178867142374,0.0134235062680526
MCM4,-0.606478708751287,4.0845174718175,9.539437338961,0.00386916600586705,0.0134423436929493
PPARA,-1.08897058878331,6.28780675162934,9.53907682216947,0.00386975275618316,0.0134423436929493
TRPM2,1.18656321643189,0.989430613705164,9.54049769521566,0.00387300484856479,0.013446252484938
CPEB3,-1.16556019802671,4.83526018577733,9.5366722285639,0.00387374857987024,0.013446252484938
MIPEP,-0.641534383719673,3.57173475484089,9.53661613156233,0.00387388883323664,0.013446252484938
BTNL3,2.30194732374612,-2.23844425841499,9.31847566174942,0.00387499301940451,0.013446252484938
PRKG1,-0.996349075849725,6.12961762940776,9.53584597802653,0.00387512053377369,0.013446252484938
C11orf71,-0.608855014173857,3.00114986454333,9.52843892697353,0.00388767463977812,0.0134775527072587
AC087482.1,6.43847805334904,-2.41350514295703,9.86736703031381,0.00388839344844997,0.0134775527072587
FBXL6,0.681550889060018,2.91060685955275,9.52387086205856,0.00389544069649599,0.0134990266165257
KBTBD4,-0.646831882189621,2.78788622709175,9.52263650377936,0.0038974114654613,0.0134999518017848
FAM72C,1.45658134351736,-1.01385951922976,9.51214293417184,0.00390415190799101,0.0135168103996771
MRPL39,-0.600805225072318,4.28543686740978,9.51804730324255,0.00390483738308334,0.0135168103996771
FOLR3,3.06410716133263,-1.95988883798322,9.27329953949403,0.00390927586593069,0.0135292191848447
ABCA4,1.17789378716066,-1.46355093354099,9.49949089028705,0.00391432163350635,0.0135378120746781
RNF227,0.624925230971432,0.563861648227285,9.50261725702507,0.00393256618625089,0.0135890484852852
DNM1L,-0.653353752156377,6.23085918191004,9.49764878753834,0.00393918789413814,0.0136045241467393
MAP4K3,-0.732543698862289,5.31754294791342,9.49733839651455,0.00393971372070463,0.0136045241467393
FAM153CP,1.19758766291702,-1.38661636559304,9.48695375552467,0.00394047869208894,0.0136045241467393
SCUBE3,1.87827400166372,1.20983781620168,9.49722569116114,0.00394635099494001,0.0136188641587139
LIPT2,-0.95400298834256,0.843469311564577,9.49458463819485,0.00394888636143976,0.0136216809250622
LRRC15,3.35395566553891,1.50490682388414,9.49163556196435,0.00395090422506429,0.0136256755722729
C7orf31,0.923603023550786,0.157451241642528,9.49564964155053,0.00395400259413015,0.0136333940620497
NUTM2B,-0.637208745246027,2.12843028983844,9.48586437237864,0.00395983195958597,0.0136505236161755
CHST6,2.27092764220668,-1.29509182504984,9.39192381109548,0.00397244148674391,0.0136880365819593
ADCY9,-0.828331721202632,6.09979441235466,9.47584076757357,0.00397627293043548,0.0136982602453502
AL354836.1,1.20330289733989,-0.219646826644714,9.48234637614532,0.00397829470189963,0.0137013433057241
ACVR1C,2.29244650237233,1.65012464598001,9.47772908857543,0.00397889707155564,0.0137013433057241
CELF2,0.666021598164764,4.94078496643965,9.47286374503991,0.00398138118254722,0.0137069188789541
STAP2,1.72067726974541,-0.172658116238567,9.47350041502975,0.00398540143555746,0.0137158007177866
AC025279.1,1.87682747742936,-1.65531693684986,9.38488802818695,0.00398569207455086,0.0137158007177866
AC073592.1,1.22465801281833,-2.55751171920759,9.28832553291701,0.00399027689578417,0.0137231531247791
CNST,-0.671597264021572,5.24193285349904,9.46763230415952,0.00399032871607709,0.0137231531247791
RHBDL2,1.36655905501174,-1.6496473335512,9.41511159104993,0.00401518300557988,0.0137935618062533
INCA1,-0.614441800087157,1.69878341839569,9.44965773512234,0.00402249333233551,0.0138124489355408
CDA,1.73139472590658,0.889495551523924,9.45214466099353,0.0040246951140078,0.0138170154834665
NPEPPS,-0.65306466385316,7.01433147201445,9.44678355590575,0.00402626591109666,0.0138194143151719
TMEM161B-AS1,-0.713815659108001,2.95105912539788,9.44469642381923,0.00403010754484291,0.0138266105787239
AC010226.1,-0.788151703732585,1.60077900325144,9.43190105216662,0.00405348998061928,0.0139038215850376
ARMCX6,0.589575444398783,3.56367985291347,9.42959031104242,0.00405625044855795,0.0139072945588792
GPATCH8,-0.78981008317698,6.39117756374382,9.42947430471684,0.00405636567166746,0.0139072945588792
RBM18,-0.708848350482145,5.26463057460412,9.42903394245306,0.00405713527769915,0.0139072945588792
GSTM5,1.23432558747772,3.13824416352863,9.42558951955504,0.00406349966591785,0.0139230873958487
NME1,0.82278939292857,2.20147472031895,9.4201800639965,0.00407353318202502,0.0139514329664038
LINC02352,1.90639961228201,-1.83745148221767,9.30531092279478,0.00407907162032183,0.0139673828796975
ANAPC16,-0.656021562792445,7.39533056572997,9.41310808181358,0.00408504658290444,0.0139848203066076
CLEC18A,1.480785526769,-0.498830862607873,9.41604944044761,0.00408607234890552,0.0139853106939753
TPRG1-AS1,2.22705298209897,-2.60399735914649,9.14942833932185,0.00408838341017024,0.0139899191889729
UCP2,0.733974251672138,5.68473803617216,9.41075744386384,0.00408918443133227,0.0139899191889729
DMKN,2.08716089932793,-1.68831051672721,9.29674698415824,0.00409142782115352,0.0139915530172248
CDKN2AIPNL,-0.694326063412817,4.75289380418872,9.406446132909,0.00409678515326524,0.0140038296643215
AL139246.5,1.69942667251178,-1.20448892902563,9.37568436715996,0.00410164322697888,0.0140174121669041
WFIKKN2,-1.13412546951915,0.863914402612454,9.40127709834172,0.00411071444169856,0.0140332812920287
AL590004.3,-1.53313792991369,0.722649243371209,9.39842794964607,0.00411796105342642,0.0140549922062564
PTPN13,1.06525067358849,2.53406428615129,9.3885581896132,0.00412924034760352,0.0140821667763216
ENPP4,-0.854490420555388,5.27621625840733,9.38730234401141,0.00413071205513748,0.0140833463721522
TRAPPC8,-0.624385339506265,4.99038108685393,9.38380169285076,0.00413694894122032,0.0141015766555213
GPR85,2.05418213682921,-1.70207348960958,9.27095227907014,0.00414155888351337,0.0141142545434487
ODF2L,0.782850252536776,3.42190878566951,9.37959240629588,0.00414461872255728,0.0141186098229504
STK17B,1.19445219345498,2.60487482969365,9.37492639071722,0.00415359479379152,0.0141330100859864
WBP4,-0.719191866653285,5.01583817941043,9.37411292810177,0.00415426220215272,0.0141330100859864
S100A2,2.43881036744697,0.102628117814055,9.3668297276074,0.00415484409133946,0.0141330100859864
ELANE,1.84362727045013,-0.121826885542352,9.37056554905661,0.00416349799474435,0.014152662591416
MPP5,-0.736395764791918,4.87690854594051,9.36893551630975,0.00416354597092077,0.014152662591416
GPR158,1.51146827189413,-2.17685368388254,9.24691928578286,0.00416494798829616,0.0141543921875465
HMGCS1,-0.605192666392061,4.25492072129948,9.36153499591293,0.00417685629029017,0.0141857354548282
GINS4,1.04507129949141,-1.23720381154669,9.36044698364964,0.0041823617560601,0.0142013323621679
TMEM51,0.893015341907925,1.17378436688144,9.35045554043255,0.00420086850560732,0.0142428676098329
PLD4,1.88988798144704,-0.983304399956012,9.32081798450259,0.00420272434883498,0.0142461118194627
SP140,1.4600153814388,0.632151287188687,9.3505578580644,0.00420551686399746,0.0142492891180315
MAP2K4,-0.624575015631514,5.13096018888304,9.34489307524046,0.00420694690069344,0.0142492891180315
AGPAT3,-0.750283281912634,6.54002819417426,9.3445607564748,0.00420754923518179,0.0142492891180315
AC008467.1,1.02287739871149,-1.02654792118466,9.35099459788401,0.00420815757382392,0.0142492891180315
NHS,1.0002705913585,1.40084741183941,9.34309729466177,0.00421349684622344,0.0142643205558861
CLIP4,-0.921497407471334,6.02985656328576,9.34054191743096,0.00421485239536329,0.0142643699831867
TRIM4,0.644035105540043,3.17339777780009,9.33995704938676,0.00421613374577671,0.0142643699831867
PRSS36,1.23810617987784,0.436072667086928,9.34475038266942,0.00421705127497014,0.0142643699831867
OSTC,0.663105623684483,3.85759178532858,9.33717129678935,0.00422104093570912,0.0142715672515857
CHSY3,1.30343119260212,1.0057662781998,9.33983025748747,0.00422230148450203,0.0142727840496808
MNAT1,-0.722879277412661,4.75656594005011,9.33236847383554,0.0042297484610137,0.0142918600984401
TSPO,0.785343047070922,5.23032341652633,9.33095327715083,0.004232340581822,0.0142945228474282
APLP1,1.10825684342399,-0.765860474715051,9.33106784975032,0.00424576628500451,0.0143276529638983
RTEL1-TNFRSF6B,0.674327648046331,1.5893275180475,9.3199666779719,0.00425445251197591,0.0143476383828765
AL590226.2,2.83089069966589,-1.24753017021038,9.1755279455166,0.00425531017855239,0.0143476383828765
FXYD3,1.93302531153935,-2.13173919306694,9.15821030288503,0.0042587616735865,0.0143562212808605
SPATA9,1.34409801325434,-1.63054565520617,9.28206570634874,0.00426060462033304,0.0143593792893274
MRPS35,-0.742060935120421,5.67820031593434,9.30689910158237,0.00427652203678751,0.0144007744829944
ENSG00000275149,2.24889406793116,-0.961562176134859,9.25245493217002,0.00428382636050535,0.0144192430617944
SWSAP1,0.587239906799601,0.431025573276572,9.2989400203978,0.0042943059130271,0.0144514473993928
MPC1,-0.860229481523597,6.57527489245362,9.29598047963116,0.00429674296390636,0.0144565787152917
SPTBN2,0.788543358360733,0.210350234566841,9.3003734373569,0.00429875917994686,0.0144602922361745
TMEM120A,-0.612842000490092,5.57144726111925,9.29177065504393,0.00430456729648753,0.0144731686122582
IGFBP3,1.34834631143462,5.02057014383787,9.2899584365611,0.00430795859566374,0.014478943767865
TMEM35A,2.12993243616104,0.862589444149235,9.29292617125284,0.00431032042214673,0.0144838099511788
RWDD2B,-0.621412304897747,4.96442869503779,9.28106928442965,0.00432452505744866,0.0145223031543524
FRAS1,-1.16693413270389,3.75606721152011,9.27967958360079,0.0043271657216296,0.0145280922014119
BLK,3.53126171677332,-0.658356521956476,9.12725975032267,0.0043288064029831,0.0145305221495601
TAPT1,-0.790155311508107,5.79031911076999,9.27347369460051,0.00433874910862499,0.0145594080824104
AC009275.1,2.16098957851846,-2.65155705192748,9.01410812257469,0.00433924934518989,0.0145594080824104
PHLDB2,0.912007849320928,4.73964564141044,9.26848176665524,0.00434814410011617,0.0145795720144532
BCL10,0.629702529488429,2.06543607685038,9.26867182710574,0.00434883256985794,0.0145795720144532
HLA-E,1.01696153164736,8.74863927980567,9.26794855039164,0.00434912756219952,0.0145795720144532
AC079610.1,-0.931383685672237,-0.22295574930553,9.27802097436255,0.00434985905750836,0.0145795720144532
ATP23,-0.798397641400256,3.19022460769442,9.26569534345418,0.00435356913315536,0.0145852960681285
C17orf80,-0.625333422535757,4.68425166187691,9.26553440436144,0.0043536729145867,0.0145852960681285
HCN3,0.753034514126342,0.684866188538671,9.26599374154685,0.00435977256022149,0.0146004471178846
KCTD14,1.54624175817594,-1.96742447716995,9.17133923292744,0.00436351150408696,0.0146098810068173
AC084032.1,-1.02287218907973,-2.61171152460942,9.14367367544358,0.0043652887258109,0.0146127440722276
LPIN1,-0.934898802648512,6.90227818404765,9.25418236061782,0.00437510287672365,0.0146375560294523
FAM229A,0.942870090141584,1.92655209684769,9.25434318033426,0.00437639556178109,0.0146375560294523
WDR47,-0.75603599417732,4.60935595635121,9.25121734315838,0.00438072148752418,0.0146489329843418
SNHG7,1.02118626573,3.60711639764673,9.24582027501925,0.00439110758385537,0.014677469285247
CARNMT1,-0.651407318862103,3.23376599001028,9.24470701974161,0.00439326125390996,0.0146784758782861
TRABD2A,1.51953868192803,-0.174481293438173,9.24712503370762,0.0043982720601308,0.0146921200119926
GALNT12,1.59453623601019,0.971918398520496,9.2426299735451,0.00440442588622998,0.0147095757679845
KMO,2.09305898019869,-2.35951564831005,9.03100228222657,0.00440833340181119,0.0147164228815045
NCOA4,-0.626189652845557,7.55606861273632,9.23315440867143,0.00441510086120252,0.0147297059678897
PAWR,0.92068269876319,3.0970781530681,9.22993283067062,0.00442158567258302,0.0147454311062992
CKAP2L,1.12998357006683,-2.53364084277605,9.07255436597309,0.00442260579593868,0.0147454311062992
RECK,0.730637797141725,3.35834081307021,9.22595377258889,0.00442905357447193,0.0147638224641684
XRCC4,1.06677084260444,1.15494393946294,9.22773064562268,0.00443014787308891,0.0147643645309863
SSPN,-0.688580137025358,6.5218691165207,9.2244473823149,0.00443177725126581,0.0147666892558472
KIF15,0.966308300349351,-1.7240273132831,9.19749702106874,0.0044466553237159,0.0148100350809008
TRNP1,1.06607839338453,1.22472891012037,9.21843945337788,0.00444767084708995,0.0148103046677525
AC016705.2,-1.17034606391982,0.38663377621179,9.21728110039662,0.00445542044746843,0.0148298777212838
SSR4,0.696796786024671,5.2870850345699,9.21039952854783,0.00445882591924668,0.0148380962499584
SNORC,1.42003797596335,-0.641010738567895,9.21076106404946,0.00446365925427637,0.0148479446268929
AC107375.1,0.629089879178345,1.42542683188357,9.19893590841304,0.00448126630925644,0.014903384512652
CACNA1A,1.42113844944041,0.636900538369464,9.19801268895467,0.00449194946217854,0.0149324720744122
FUCA2,0.91949052828881,3.41186651710507,9.19294871795888,0.00449283945546774,0.0149324720744122
TLE1,-0.712148081204596,5.21751065520458,9.18579351392613,0.00450662793661426,0.0149720194783074
ZNF813,0.667159702630925,0.531404503453559,9.18564090749366,0.00451056054047651,0.0149819435935718
ZWINT,0.908537421059646,-0.240833527050711,9.18311330821544,0.00452840386652889,0.0150286106958918
SLC26A9,-2.13812894634523,2.4888083671955,9.17388420297157,0.0045307503351197,0.0150332496986269
CEP70,-0.750242148609673,3.80792953694171,9.17185626124149,0.00453397874786927,0.0150388857071197
OSBPL1A,-0.771669387249475,6.73260384711529,9.17016122645095,0.00453728046204052,0.015045466307168
TENT5B,1.02896939516948,1.01165434035663,9.16653204776452,0.00455001580405943,0.0150728966533365
TSPAN10,1.12837699239504,-1.92329246864137,9.11633918304849,0.00455221072650144,0.0150728966533365
MMP25,2.41924664339591,2.32147504601569,9.16351956606141,0.00455432711926886,0.0150764076803694
MAP11,0.609535530854894,2.78089568739093,9.16095350742796,0.0045558904651994,0.0150764076803694
NEO1,-0.613983836497302,5.30445984603744,9.15732391402476,0.00456262072950098,0.0150819263917825
NME3,0.903123727240082,4.07010104699816,9.15700523138582,0.00456330568789098,0.0150819263917825
FKBP6,1.03197161734501,-0.613734416948407,9.16555740956113,0.00456350331599654,0.0150819263917825
UBE2B,-0.79658989726448,7.091966479695,9.15485924718218,0.00456750218022839,0.0150874910536801
ST3GAL3,-0.816691230698767,5.68890682471698,9.1515451932987,0.00457407630721643,0.0150993971786822
CTF1,-0.58376421259563,2.89568390787566,9.15113140212186,0.00457516105347476,0.0150993971786822
RAB11FIP4,1.70536626923934,0.525672901827956,9.15524695731644,0.00457641223254942,0.0150993971786822
RFPL4AL1,4.69795600693457,-2.84020796447543,9.27213234180465,0.00458277786911044,0.0151172524753941
MST1,0.828357703642434,2.24318323109817,9.14617583411847,0.00458568312830656,0.0151236879363734
COA7,-0.721652096382966,4.35654390773132,9.13947010871447,0.00459811669948514,0.0151615387716898
DTL,1.20381925073535,-0.916112729590901,9.14234649785961,0.00460023256063285,0.0151653599726126
SHANK1,1.73602318775927,-1.08024544267113,9.11602638084845,0.00460145497304212,0.0151662348081944
CEMIP,2.14729539599663,-0.62425432386936,9.11378448389505,0.00460756211788957,0.0151768939684465
LEF1,2.22939505402257,-0.0454079236873862,9.11996780338547,0.00462776755220438,0.0152339493975452
PSMG3,0.709176768072569,3.07265249913066,9.1231249301631,0.00463117672292012,0.0152420057171579
PLA2G6,0.64065581456418,3.35405318365796,9.12118080646291,0.00463494881217928,0.0152512528709728
ABCG2,0.988884670142073,0.321726253261234,9.12367273311568,0.00464086164884263,0.0152612024381011
AC132872.1,1.10117702188102,1.7289719876079,9.11760130524246,0.00464447815795521,0.0152637726831775
L2HGDH,-0.629534914359693,5.15498109967954,9.11634195762407,0.00464453283765266,0.0152637726831775
B2M,0.982531501464574,9.70271558612864,9.11065190728553,0.00465602835243051,0.0152983788722717
ENSG00000267194,-1.10774441137659,4.90533101779557,9.10210472237646,0.00467335683555857,0.0153425907961667
AL591848.4,-1.02258149712994,0.478530750470008,9.10017980031274,0.00468579623423975,0.0153770579672804
JCHAIN,4.00660766149357,3.83689413046782,9.09295827612161,0.0046958092113275,0.0154012343046178
TBC1D8B,0.720179391690452,1.10381579577276,9.09153882410918,0.00469918953981937,0.0154082467696084
AVPR2,1.01128514480791,2.34081179282966,9.07998012018798,0.00471950929171522,0.0154716722684756
CCDC122,0.918783929646786,2.24359975342741,9.07665959618475,0.0047263575807101,0.0154909180106542
IDE,-0.860907832972739,5.82909076282169,9.07564110401753,0.00472744070562669,0.0154912640326853
CYB561,1.19804521759101,3.62585174169471,9.06782914678472,0.00474368881711512,0.0155284521141961
AC239809.3,1.59491030528539,-1.41313334409042,9.03151585161145,0.00474981478009365,0.0155431892716708
FAM151B,1.08614405154968,-1.91874547582314,9.02171391089271,0.0047501524353317,0.0155431892716708
HHIPL1,1.03155653463694,0.664457183556513,9.06697911089547,0.00475357229255455,0.0155467711834455
TBX15,-0.911994459990295,6.86918616690055,9.06267194399222,0.00475419026661052,0.0155467711834455
C18orf54,0.737149188307014,0.37538471803817,9.06456588771633,0.00475804504293703,0.0155529578785939
CLUH,-0.765920504809142,7.05015192299437,9.0599908285909,0.00475974041967468,0.0155552910766312
AC002316.1,0.831561564956839,2.22717386973954,9.05918377182974,0.00476239488346882,0.0155607570553258
PLEKHA6,0.751114830528393,3.41928123915777,9.05318223504523,0.00477403880085337,0.0155955870701141
PMEL,1.45594119479665,-1.6528329348218,9.00792139586714,0.00478096631668262,0.0156085647343365
DDX11,0.590560981166811,4.01250006094469,9.04673319278626,0.00478732279079257,0.0156260976860329
GCNT1,0.878119145357009,1.3567142314472,9.04460424840198,0.00479518725717755,0.0156406913582851
CLN3,0.678120339486893,2.18990127690865,9.04298372686921,0.00479606641321801,0.0156406913582851
GNB2,0.613012227967725,5.94091585178002,9.042208140552,0.00479672871844927,0.0156406913582851
AC090825.1,1.3418150483853,-1.49072162026045,9.01674073849758,0.00480533062423125,0.0156622412338748
HLA-C,1.23351563377782,7.60170372360243,9.03762892255967,0.00480630271473045,0.0156622412338748
RNLS,-0.682244628552718,2.5461144089528,9.03475035667191,0.00481270877357119,0.0156798922563287
PEAR1,0.752341514948624,4.71260662676691,9.03248274306392,0.00481710721243443,0.0156877718856244
DTX3,0.713759541035214,4.22185258109732,9.02847609813249,0.0048255244025508,0.0157087274460194
HSD17B11,1.02867055796764,4.15890631475058,9.02766375354341,0.00482726561195397,0.0157111682383723
SAMD13,-0.76772190692608,0.454903210597509,9.0256693611205,0.00483978316404091,0.0157416841578335
MTIF2,-0.744182082049496,5.29143736902542,9.02169272773891,0.00483978342530117,0.0157416841578335
FLT3LG,1.19604972802218,0.0701789206995606,9.02767328951761,0.00484061506285876,0.0157416841578335
TRMT1L,-0.802850462844112,5.02696914855282,9.01821034563333,0.00484713306028856,0.0157531824459378
KY,-1.5519529227877,2.84209470740366,9.01398841329679,0.00485640971281095,0.0157671634335003
AC011450.1,1.14460326637027,-2.20962816900294,8.92538502493711,0.00486095061464743,0.0157786735744199
WNT3,1.44005288925449,-1.19105041409183,8.99472651420036,0.00487265488592572,0.0158111027373818
STIMATE,-0.881080784156595,2.07043929908509,9.00639973511061,0.00487293656650299,0.0158111027373818
CCDC71L,1.02801712378103,2.37990629828639,9.00463116741519,0.00487687185098947,0.0158206321847759
GALNT5,2.38737123444556,-0.766048140225805,8.9592920852989,0.00488136833905594,0.015830325419908
ZC3H12A,0.908857057811815,2.25289966763635,9.00204698663042,0.00488241751191125,0.015830325419908
ZNF665,1.11713347138419,-0.170343149744875,9.0086218872286,0.00488285673329402,0.015830325419908
TG,1.48605874323214,-2.2749854125274,8.87080890696585,0.00488495310370328,0.0158338825597026
CAPS,0.898032941373007,2.83486703381353,8.99875543781593,0.00488892919629832,0.0158435298514805
AC026801.2,2.16921383761452,-2.47708898418603,8.77826284598641,0.00489252337509923,0.0158519357851559
PTN,1.91004333629279,2.13118623586319,8.99546104519145,0.0048985934344693,0.0158683585764585
TRIM9,1.08598500831152,-0.429391679404421,9.00132052329524,0.00489980257425806,0.0158690315541115
ATOX1,0.790179269698473,3.22287671223515,8.99095779362527,0.00490528247427892,0.0158801253629765
IFNG-AS1,2.01687415217433,-1.97581631050162,8.85300579879911,0.00490623422585555,0.0158801253629765
AC005332.5,0.645372356306915,1.6611876237139,8.99007400533225,0.00490884607664347,0.0158847526635871
ATP8B1,0.89817546114107,3.48110202294859,8.9888818656787,0.00490966861527415,0.0158847526635871
ALKBH2,0.633477112424223,2.54543234317559,8.98403163221667,0.00492051693777794,0.0159134305268439
ZNF185,0.637443789275235,2.25327637496575,8.98412914302909,0.00492054076995867,0.0159134305268439
AC010761.1,0.875945845787036,-0.847678583037694,8.98410304253755,0.00493810815515969,0.0159669863160203
TGFBR3,1.06472925356989,5.14092190024426,8.97365441285136,0.0049422425550653,0.0159770946083476
PRR3,0.62899606485212,2.19870833820795,8.97237203888428,0.00494593183166514,0.0159857600930853
TRAP1,-0.647958807093237,6.28569856346115,8.96996600639337,0.0049501838836916,0.0159929794097576
ZNF529-AS1,0.700602411394622,-0.284708040261509,8.97244776305228,0.00495746488242434,0.0160132380741497
BCDIN3D,1.02791620239651,4.06374951943979,8.96484857053667,0.00496131023962589,0.0160196166371512
FAF1,-0.676742289665856,5.99339191655293,8.9647517840274,0.00496146137787204,0.0160196166371512
AP006623.1,0.914727868740551,0.575452339832604,8.96419953560242,0.00497165610433662,0.0160394613773254
PDK1,-0.645409553014405,3.70610247264116,8.95918006600344,0.00497358745294425,0.0160424262908218
HIBADH,-0.805679276899893,6.53081126005283,8.95723338369071,0.00497777047194231,0.0160493852835951
UNC5CL,0.961766643443634,-0.0958800085526441,8.96369820867052,0.00497955167993892,0.0160518623824231
SPEF2,0.692887149417817,1.06683006255952,8.95300925591354,0.00499105005267464,0.0160856559253071
C6orf141,1.79715405086739,1.76820518753987,8.95152633829592,0.00499454832266164,0.0160936574357908
MIGA1,-0.635735104099095,4.04867740689474,8.9441835926161,0.00500622916663042,0.016122786660565
HES4,0.973492942869925,2.04603873482065,8.94423684220057,0.00500765797585038,0.016122786660565
ABCB9,1.10713188023841,0.969859335088027,8.94061823439275,0.00502048750137354,0.0161575275049282
JAM2,0.702271721690959,4.8486282171762,8.93188766446646,0.00503319565850914,0.0161918496955733
GNB1L,0.676059218099279,0.93779262215456,8.93178673314558,0.00503626604568437,0.0161951517909822
CD96,1.24484132092518,0.697544542469259,8.9325427394136,0.00504070282214567,0.0162028433311445
BRMS1,0.708844284509196,3.75165452100597,8.92775586855787,0.00504233132337275,0.0162047910122669
PRDM16-DT,1.43703161356383,1.42271930674678,8.92898797755161,0.00504439873939727,0.0162081481798922
IBTK,-0.861407135803333,6.52371739281783,8.92554189077944,0.00504715040253229,0.0162132454600893
KLHDC3,-0.715852688175634,7.45418880814059,8.9251424223466,0.00504803136871841,0.0162132454600893
SPARCL1,0.582815372353198,8.67541371731528,8.92015970536134,0.00505273561696331,0.0162217790360651
ERMN,2.01482386702486,-1.16389338300744,8.87668049602156,0.00505831502612547,0.0162298275397875
IL18R1,1.1447061289098,0.528435563929192,8.92306678777325,0.00506268491484231,0.0162385531488618
STARD7,-0.74265685118602,7.49002365472673,8.91832949426649,0.00506308393440564,0.0162385531488618
GUF1,-0.854130497658396,5.73542511224158,8.91752796393721,0.0050648585103623,0.0162405428796565
CD63,0.707091290308249,7.87017734352373,8.9171232636261,0.00506575398839792,0.0162405428796565
ATF7IP,-0.581402056141498,5.49253193755279,8.91278539808396,0.0050753692712341,0.0162647880366525
AC073611.1,1.40414545336525,-1.78908553803967,8.8616569312157,0.00507718322678142,0.0162650181203573
AC017083.1,1.43660659500906,-2.4187027535663,8.76685110595395,0.00507784097076834,0.0162650181203573
ATP2A3,1.31909793518914,3.5072255704883,8.91147044976697,0.00507852020316325,0.0162650181203573
GLI4,0.723263066905482,2.66431520879954,8.91058149611307,0.00508082533915963,0.0162691127802915
ENPP2,1.42218177103403,4.46856819897575,8.90958673342393,0.00508252854139825,0.0162712787465734
ID1,0.887808526764288,5.20133145944082,8.89994986457599,0.0051039517135754,0.0163299662436966
ENTPD5,-0.665369259471854,4.2646460089669,8.89517295343869,0.00511461050203621,0.0163574636984395
CCDC154,0.94449315508159,-0.54096613195974,8.90318126489804,0.00511659797998461,0.0163605181979048
ADA2,1.02511945379432,3.63655554739891,8.88024811240521,0.00514827027706107,0.0164452003790741
LPXN,0.833901889866901,2.21203704118409,8.87778299819219,0.00515470992316181,0.0164561106821025
CNNM3,-0.696697462182408,4.91526400155502,8.87682839103707,0.00515582225908492,0.0164561106821025
GOLM1,0.680100935729216,3.84083396256431,8.86873665496999,0.00517417362921478,0.0164980139843394
MOB3B,-0.652180100019932,2.52958353137869,8.85965060433464,0.00519516381437675,0.0165546684892223
ZNF681,0.844991855193416,-0.854872506722622,8.86746189399463,0.00519612046856765,0.0165546684892223
SOCS2,1.1767182501301,2.52821541029329,8.85866780826078,0.00519792537659121,0.0165570901392645
TRMT10C,-0.601959952571615,4.41686624123194,8.85536039068463,0.00520450730831472,0.0165653576700722
ZADH2,-0.625592605830287,5.67005209769693,8.85506799052759,0.00520517099201829,0.0165653576700722
MMD,1.71595566382562,3.3397426036498,8.85429710476019,0.00520743836246479,0.0165653576700722
ANKS3,0.612184376838529,3.54646694835461,8.85230013247694,0.00521158618837626,0.0165706272727124
SHB,0.71898180126979,1.22966904600553,8.84994135178876,0.00522070591354784,0.0165936102036453
KLHL8,-0.710141945573688,3.99027162156015,8.84695649875583,0.00522371056939808,0.0165941376648275
TUT4,-0.693819390600794,5.33617396664704,8.84677697831721,0.00522410711031466,0.0165941376648275
LITAF,0.819107198425793,5.28703810754192,8.84411525430916,0.00523021143820345,0.0165990720079567
DOCK5,0.743391275337366,2.85527403893433,8.84430765799441,0.00523024896966376,0.0165990720079567
AKNAD1,1.79932628745019,-0.859008253418499,8.82990098304397,0.00523091137893127,0.0165990720079567
TXN,0.850428467267289,4.93730057417612,8.84175126978339,0.00523564083401354,0.0166057558862044
ACAN,2.05072008072316,2.02880223424401,8.84330770049494,0.00523625684125472,0.0166057558862044
CXCR4,1.40605009183898,2.20553222422405,8.84021276816801,0.00524097758008601,0.0166174013028457
DOCK6,0.625010119870607,5.43581585317924,8.83649360110992,0.00524769587027485,0.0166320472912491
RGL3,1.03598400358943,1.61335508813109,8.83656643365326,0.0052503962666133,0.0166372784717099
ROBO4,0.705858913394724,5.47817341301602,8.83478039973052,0.00525163676662463,0.016637882415174
GIN1,-0.669293647248014,3.05080577803609,8.83311772491736,0.00525572418479668,0.0166475037290572
ZNF518B,-0.622249384738668,3.87858245673576,8.82904887596814,0.00526486824083857,0.0166673973585636
F12,2.57857536256764,-2.6874936590199,8.57511543047059,0.00526726358122587,0.0166673973585636
C19orf48,0.815268437573536,2.69134184898755,8.81879708864036,0.00528918858685916,0.0167234181037424
LINC01504,1.5223976807685,-1.28718366066263,8.79515887346942,0.00529773490277356,0.0167437584771146
CCND3,0.834035129519193,4.08836361567803,8.81348639023364,0.00530093413203401,0.0167445355110824
NUDT10,1.30379619943386,-1.74927827382991,8.77280082438534,0.00530943566816951,0.0167673629002555
TBC1D4,-0.984993775234201,7.15297134671078,8.80887607085647,0.00531161144186712,0.0167708919145783
AMIGO1,-0.948320200684707,4.42424332043782,8.80718421507785,0.00531555752740772,0.0167766660300398
DST,-0.614995407297779,8.33367249036738,8.80482083439514,0.00531818135741209,0.016781604932479
SORCS2,1.14741684112606,1.57355915649926,8.80538014791532,0.00532307897468092,0.0167930038609763
TRAM1L1,0.879277547050194,-0.39328497875238,8.81217531810667,0.00532391313166812,0.0167930038609763
NCAPH,0.881096047938278,-1.59177519370272,8.79306448488138,0.00533287877567539,0.0168179363100752
ADAMTSL5,-0.78871716007873,3.67911982558817,8.79736684101776,0.00533854132791787,0.0168282620818898
LMTK3,2.23659211780793,-2.33784080021882,8.60209133125314,0.00533891546665827,0.0168282620818898
SLC47A2,1.756302710162,-0.161768610702075,8.7991927416335,0.00533933878637861,0.0168282620818898
PIAS2,-0.630718295963897,4.99173611909804,8.79502731474252,0.00534397699033908,0.0168383101114032
PF4,3.31834961613756,0.909433587053122,8.78323561927783,0.0053519912499854,0.0168531355843284
WFS1,0.676670608215656,4.49505799001415,8.7903039221314,0.00535508468999399,0.0168577725630383
AC009242.1,1.19419434536099,-1.68594293819376,8.76322414082681,0.00535983647985137,0.016862681893231
COQ6,-0.669498500496827,4.20237923735119,8.78585891920136,0.00536552243305106,0.0168772199278603
GSDMC,-2.02753756921227,3.30291090428116,8.78110601689897,0.00537700532747239,0.0169099828189035
AKR1C1,1.13113178958577,5.88015426947565,8.77825326117723,0.0053834596812846,0.0169207366120467
AP003352.1,0.858798310906362,0.181614640114337,8.78390412286979,0.00538362806827408,0.0169207366120467
LRIF1,-0.640872232696367,3.53398776317947,8.77711900250166,0.00538621021764646,0.0169238175153685
HPCAL4,-1.19066021276598,1.15865795572727,8.77812780422882,0.00538757052249373,0.0169238175153685
MZT1,-0.583539014167541,3.63670267694951,8.77627865359829,0.00538817576730631,0.0169238175153685
LINC02298,1.67641049032735,-2.27723229613532,8.62516351652175,0.00541607374627558,0.0169991128257535
VEZT,-0.67282215335372,6.00420231139394,8.7602173027172,0.00542626141626544,0.0170209747948453
MTHFD2L,-0.592914584204725,2.87189440430358,8.75972191939641,0.00542773517516692,0.0170222282447794
GLO1,-0.626398856347334,6.73587680512247,8.75870061140374,0.00542987709287215,0.017025576234813
SMAGP,0.835840330946488,1.42289758936205,8.75516830807492,0.0054416590265377,0.0170591435397711
AKAP9,-0.713493896670939,6.16532796337812,8.75235259063842,0.00544503951151208,0.0170654370663206
TWF1,0.621882824941083,3.74607136537246,8.75183308460787,0.00544634578445055,0.0170654370663206
RAB15,0.964330681518957,3.36978044768168,8.7492005835344,0.0054528007684143,0.0170805561923426
GORAB,0.580265565542838,1.91015630134662,8.74692811642361,0.00545820964815052,0.0170941202162532
GPATCH2L,-0.590468164225104,5.17942350440181,8.74258383212898,0.00546846168888173,0.017116079870375
USP47,-0.689026898483896,6.87242085516333,8.74111195103604,0.00547199887684064,0.0171237689970959
ATP6V1C2,0.921314311070964,0.100224426161823,8.74469441809577,0.00547803138841218,0.0171352867656118
RRM2B,-0.836858703279268,5.70669820326418,8.73823460884156,0.00547892333194643,0.0171352867656118
GID4,-0.649191911677115,4.58027975897209,8.7366623548652,0.00548271291588557,0.0171437552442854
SULT1A1,0.723280696869042,4.04631317290208,8.73565514672219,0.00548517698277675,0.0171480764738732
SLC2A11,-0.742662323224383,3.97217333919735,8.73294367009385,0.00549169506722099,0.0171616824551866
EPB41L4A-AS1,1.02547025329708,2.94932789048102,8.7301537464008,0.00549892101579569,0.0171741035351428
CD40,0.742780803243641,3.13415010575788,8.72850363554921,0.00550271663473297,0.0171825715291849
MET,-0.597153512000346,4.64588961410683,8.72357326799071,0.00551435191583905,0.0172155111919427
KCTD12,0.640189323345647,5.95633064970789,8.72105635931352,0.00552045625315803,0.0172311739696268
LINC01703,-0.779235805355223,-1.50174024610012,8.7365904828638,0.00552746862894867,0.0172496643093638
TMEM37,1.73954035088102,2.6399074650479,8.71740094445467,0.00553087478593922,0.0172568955961368
E2F6,-0.746011927571221,4.72464208691785,8.71549039061386,0.00553398741077151,0.01726123970973
NCAM1,1.5494338301883,5.00790480823748,8.71494250604734,0.00553534209946343,0.01726123970973
UQCRB,-0.789182211013726,8.5727370713063,8.71458184507754,0.00553619688791918,0.01726123970973
RAP1B,0.668194451964993,5.56128507115883,8.7144068309029,0.00553662405783793,0.01726123970973
SLAIN2,-0.707630710397819,6.2261222110323,8.70423700459383,0.00556144792433316,0.0173215930143293
HOXA2,0.684700296470515,-0.600719513679687,8.71102307435901,0.00556304277276366,0.0173231555944165
CLC,3.68789632670099,-0.548234777811722,8.56207841265881,0.00556724502944725,0.0173294307565607
NBPF14,0.609550859693293,7.39108784953187,8.69969323755058,0.00557257755644267,0.017342623043391
RFX3-AS1,-0.707710861310832,-0.5191847801174,8.70943658356358,0.00557529578193671,0.0173442701720359
UNC5C,1.40633934689455,-0.0100959968056447,8.69796263986384,0.00559042485329243,0.0173742817513483
BTD,0.618030058523524,3.2209893875959,8.68856153258228,0.00560018090206434,0.0174011895598066
CRTAP,0.752381440899274,6.63547762906341,8.68728504160174,0.00560309294550042,0.0174068249181229
FOLR1,6.87916602590873,-2.02568715434075,8.99011714595405,0.00560448952605783,0.0174077509838178
FREM1,0.854087165989363,2.30249340818227,8.68668037848772,0.00560559698100996,0.0174077788277611
TSPAN32,1.89471048735482,0.0911344688294009,8.68768609993364,0.00560858363024526,0.0174136412203167
EXOC6,-0.930143455824681,5.43905370964394,8.68254101618544,0.00561480773403512,0.0174262607468337
PARG,-0.63876660072967,4.21953450477851,8.68213392132145,0.00561581792645704,0.0174262607468337
TEAD1,-0.981647724155885,7.50684131942453,8.68207981107602,0.00561594709623776,0.0174262607468337
LIPG,1.74027729485882,-0.646069002561247,8.67129583904636,0.00562943775456598,0.0174578669464984
GCLM,-0.848270106651577,4.55236221675134,8.67502484958647,0.00563342279002176,0.0174668070736597
LMF1,0.755679303843746,2.75355103524524,8.67260175699339,0.00563999787624437,0.0174837727591636
SGCB,-0.760484912474158,7.11768018533984,8.67016665127267,0.00564548571235462,0.0174927790825812
DNAH9,2.91968229055676,-2.2226512520194,8.4544380161059,0.00564621474142756,0.0174927790825812
AC145098.1,1.67968858876471,-2.04383327756801,8.56441414952687,0.00565670904574994,0.0175123745822336
AC096677.1,0.807093941281648,-1.03323736717232,8.66701393721109,0.00567115749352936,0.0175528970312422
LINC00937,2.02433630432335,-0.918447130868148,8.63143011635969,0.0056750409190771,0.0175614867105282
BISPR,1.20598917970932,0.202707853088693,8.65940385020879,0.00568598889402473,0.017584957131736
CPSF2,-0.635824907898912,5.34985257534629,8.65351068904548,0.00568706413202165,0.017584957131736
NCOA7,0.670610693876151,3.40479754243041,8.65226541172443,0.00569035121406814,0.0175909774544391
TOMM70,-0.720195483485381,6.52580464669274,8.65184822658304,0.00569123123675833,0.0175909774544391
USP34,-0.831333975843892,5.26858453381348,8.64620166536755,0.00570541287472323,0.0176313724309163
KIF11,0.730829160373195,-0.400111187201351,8.64941263981498,0.00571413619564149,0.0176514456710196
AC100847.1,-0.917022396213018,-0.562338065235024,8.65310209956082,0.00572163452177926,0.0176642786414642
C1QTNF12,1.11734070824024,-0.59793228532664,8.64386211854573,0.00572892691220113,0.0176833472492504
PRKCSH,0.707070757513221,5.8128562232685,8.63402834940201,0.00573611325085238,0.0176981530740183
EXOC3L1,0.85904968737904,1.51307062527738,8.63485982467135,0.0057370740418522,0.0176981530740183
KCNG2,1.39318361911432,-2.7382218573904,8.42766427548058,0.00574302500005847,0.0177096161073996
TRPC1,0.594677802480423,2.2515293613943,8.62918670860249,0.0057492843394828,0.0177237696617011
CUL5,-0.937136710364186,6.69721498437881,8.62489086902648,0.00575927334936569,0.0177459079851056
AP4E1,-0.667284429804115,4.10349169052724,8.62294168193683,0.00576424183908793,0.0177577644681233
PHF11,0.753804134058165,3.60576548192444,8.62082964258965,0.00576974191278725,0.0177712536621845
PANX2,1.66799394102977,-0.662188822481691,8.61592883506009,0.0057729501457661,0.017772013044429
FBXL16,1.77331509268641,-1.9080371949406,8.52797053604047,0.00577335288399826,0.017772013044429
DUBR,0.650477621050053,1.22416132759263,8.61733455898399,0.00578110577812454,0.0177924224637676
ADAMTSL4-AS2,1.38018845552655,-2.35670538684332,8.49248744308414,0.00578506450771434,0.0178011489813105
MAGEH1,0.594626546366718,3.37881633639288,8.61312880031595,0.00578940174473951,0.0178078618372139
TSC22D1,-0.644716308967031,7.48417689145291,8.6130271795581,0.00578949354359349,0.0178078618372139
MTTP,-0.908235087209751,-0.562311935274692,8.62458013940176,0.00579362743415212,0.0178171189499338
DZIP3,-0.76863372343804,4.7363890068176,8.60892407509229,0.00579998716241174,0.0178332162519866
SPATC1L,0.913584053806377,1.72392911232494,8.60504827364133,0.00581236642092071,0.0178608824262809
CCN4,1.38145371565361,0.226585336554877,8.60819887235325,0.00581514611505955,0.0178659597683886
TEX22,1.13430815509466,-1.87101438550801,8.56366057960312,0.00582555613114177,0.0178840736168546
LINC01914,2.48798649899185,-1.85921617253022,8.44494146818244,0.00583002002044814,0.0178903933305388
ZNF672,-0.650334509694643,5.32476637884175,8.59684027079265,0.00583100154933001,0.0178903933305388
DISC1,1.02632089571711,1.80265954149937,8.59628908595339,0.0058348563021078,0.0178950494846971
PEX16,0.614958254719693,3.11962439913829,8.59523196546633,0.00583545063883619,0.0178950494846971
CAMK1D,1.18202979733066,3.42128247040512,8.59440695354551,0.00583750105624411,0.0178964749929001
TRIM49B,6.61537072705986,-2.24173363010685,8.88349445967532,0.00584068410433527,0.0179027700196133
RAB4A,-0.589272040849808,5.39237590193188,8.5910149550031,0.00584601680919913,0.0179156504303575
PFKL,0.77609757605766,5.69953813849967,8.589559363633,0.00584977520575267,0.0179202373256452
IKZF4,-0.652630889050771,3.86356809457242,8.58341454931153,0.00586570669901122,0.0179494906371493
EBPL,0.911964990202443,1.89436506177696,8.58399590185222,0.00586612052816283,0.0179494906371493
DUOX1,1.33826648813413,0.495478769560093,8.57803884385887,0.00589132620921706,0.0180196576794948
PKD1L1,-0.676240370918999,1.66170758253928,8.57190338571655,0.00589714697101839,0.0180300575725208
DNAJC27,-0.649764996774802,3.30645398431357,8.57098783364457,0.00589813961355134,0.0180300575725208
TENM3-AS1,2.30315157792947,-1.51155883891435,8.46959295267905,0.00590905145727196,0.0180599302687346
TMC4,1.13122603583102,1.76792822222604,8.56608682852187,0.0059135309316804,0.0180701358801271
ZNF525,0.834285355008911,0.865083883500682,8.56383698701064,0.00592364638833764,0.0180940679097892
LYST,0.658196659028763,3.89665660007584,8.56030681261477,0.00592591199086425,0.018097499965162
SIX5,0.649969524687973,2.00695837869405,8.55952610302503,0.00592930851147643,0.0181043838114387
AL391834.2,0.894254021494287,-0.79680964289412,8.56403004127568,0.00593876235998988,0.0181147959298292
CDCA8,0.93981997537791,-1.29269335975881,8.55725847733226,0.00593969347418814,0.0181147959298292
ELOVL4,1.25893297259879,-0.78803194514527,8.5585687677209,0.00594068376090346,0.0181147959298292
RANBP2,-0.621270651497209,6.63367989072335,8.55415748301734,0.0059419850963916,0.0181151669531585
BST2,0.982224316037301,5.05564085192098,8.5493128689951,0.00595474632446278,0.0181401124574705
RAMP2,0.970230829115734,4.72482102889689,8.54373284244482,0.00596945726471688,0.0181814317266901
FOXD1,1.96018912877625,-2.09721314338043,8.41069299720133,0.00597141414423141,0.0181838969914749
TBC1D8,-0.920091769586629,5.88685038108041,8.54229189670353,0.00597323885325371,0.0181859589063423
SLC5A3,0.620844506819324,2.77967372192802,8.54204007738891,0.00597443646397708,0.0181861111495668
TBX2-AS1,0.995994237403315,0.807585025194382,8.53364452995508,0.00600426125748978,0.0182469966569092
AC093627.4,-0.725283097967039,1.73936015809301,8.5309968432842,0.00600461451550198,0.0182469966569092
ODF3B,1.33169650889048,3.3298862489678,8.53050864837484,0.00600480138611608,0.0182469966569092
AC097634.1,1.5870482104468,-1.9437766275651,8.44121605085618,0.00603772638455064,0.0183259624623586
ANKRD26,-0.898252074302764,3.89669745642304,8.51485165166338,0.00604621976690616,0.0183467131160971
AL035071.1,0.837509753180886,1.71200134036944,8.51548327220076,0.00604687843789835,0.0183467131160971
RADIL,0.713878354960013,1.97686092488384,8.5132757340934,0.00605196834740807,0.0183586413478897
LTB,2.53508253440514,2.09884891599145,8.51451802523773,0.00605331654081252,0.0183592166932547
ESPNL,1.75149753102267,-0.509592676810671,8.50749440844017,0.00605990378845683,0.0183756784033057
MBP,-0.794555308131976,6.31344278869959,8.50013039116245,0.006085722318631,0.0184469092546567
FAM162B,0.813074988430356,1.81587671219082,8.49921314583803,0.0060902379098462,0.0184570663907693
LOXL4,1.30455544444764,3.20569156732394,8.49771494302319,0.00609262958765133,0.0184607841444571
BCAS1,2.61801422115324,0.0594778585447795,8.48343994224448,0.00609947765713647,0.0184731637508636
AL050309.1,1.54076744426653,-2.37122725587111,8.35882431532028,0.00610083659845293,0.0184731637508636
SNX22,1.34956683859984,-0.376369076264901,8.49950419187756,0.0061013781202764,0.0184731637508636
RAMP2-AS1,1.08703695044835,1.92369811621943,8.49280853460508,0.00610772058624159,0.0184888344088196
CTSO,0.646805034298983,3.95214616687802,8.4881520645594,0.00611814697911508,0.0185168592776999
AL117379.1,0.93526837427576,-0.401994932146461,8.49322932325432,0.00612555356109048,0.0185287905432086
CEP152,1.02852877439315,0.883975517945559,8.48790215038937,0.00612642464588967,0.0185287905432086
ZNF781,0.734529388143256,0.00174915284734123,8.48947488462503,0.00612784319575593,0.0185287905432086
EPHB1,-0.799460560906205,2.56211646913195,8.48467754629422,0.00612793533394059,0.0185287905432086
AGFG2,0.692849794775927,3.27414508799191,8.48273686145995,0.00613299042650434,0.0185345955287676
RNF135,0.8696915340982,2.99818113117605,8.48269619839527,0.00613336397758928,0.0185345955287676
AC135178.6,1.48346809498157,-1.93090858782114,8.41026148921855,0.00614637281742806,0.018563287600111
ZNF790-AS1,1.02865511211591,-1.21086291999775,8.47636917173564,0.00615815530257129,0.0185953290929587
PPBP,3.1902574415721,1.23806188380877,8.46557074594286,0.00617893181061296,0.0186461557802878
FAM155A,1.32081712608536,-1.62809287875843,8.43891330876823,0.00618085253501854,0.0186461557802878
FBXL13,1.24022881839334,-1.32569455793437,8.45801228938425,0.00618087059467733,0.0186461557802878
LRRC6,1.03079559770772,-1.1599157272989,8.46589474437483,0.00618856914283074,0.0186564038282918
AC024909.1,1.73261980228544,-1.50431648145846,8.41575888016016,0.00619481465635637,0.018670450334591
TMEM254,0.605347672498824,1.91110291050963,8.45815519112359,0.0062015701343768,0.0186837037869713
ANKRD24,0.651544579526895,0.563486851694201,8.45820159762817,0.00620516279615863,0.018690974117226
COL28A1,-1.14046215705856,1.8365679670824,8.45487606149367,0.00621042882958506,0.0186961750878485
UBE3C,-0.765803278818517,6.62636316390858,8.45326817149936,0.00621341539763335,0.0187016132585557
NDUFB6,-0.583537085366876,5.49835520587654,8.44984346306426,0.00622285980766054,0.0187264829798702
PTGER1,2.54128317280654,-2.47273659156374,8.23499401299806,0.00622997026707436,0.0187412399729274
ECSIT,-0.64962497143377,5.96252739151184,8.44613740957713,0.00623309631539554,0.018743050722974
PCOLCE-AS1,1.90002244376753,-2.26217549733257,8.29350415948959,0.00625046921034399,0.0187840064224474
SAMD3,1.83183550884451,-0.922804138609279,8.42297122628835,0.00625145768107451,0.0187840064224474
SUSD3,1.78835054809779,-0.634857011406545,8.42660043615186,0.00627169591822478,0.018824150906311
TNFRSF4,1.2371350294966,1.24457631400139,8.4342127226406,0.0062719452757823,0.018824150906311
YME1L1,-0.612289635021699,7.05667313005061,8.43127173801201,0.00627433978204151,0.0188277717337648
ZBP1,2.54866598402758,0.112560830337631,8.42230797402931,0.00627677899668774,0.0188315253238377
CFAP300,1.55714555269919,-1.53750823461034,8.39215051113963,0.00628563071146093,0.0188545125656864
TXNL1,-0.612955964334808,6.28020239798783,8.42648585856934,0.00628768021557951,0.0188570909114853
CD2BP2-DT,1.29595355579582,-2.11574622544293,8.34944427793185,0.0062947597937593,0.0188747508896317
DNAH14,1.5613646843877,-1.7456026399409,8.36928212234697,0.00630099777288057,0.0188877190655452
GSEC,1.23444338128038,-0.828632064019277,8.42491024940238,0.00630266034067034,0.0188877190655452
GORAB-AS1,1.78255835048549,-2.40009621310311,8.26182345796721,0.00631187907657343,0.0189046206249214
RHOB,0.651907070175613,6.17811503627957,8.41566175258617,0.0063179639172435,0.0189187903453502
LSM7,0.596725645199749,3.55779241243475,8.41466811860972,0.00632086568112176,0.0189208081693873
PRR7,1.22069392858447,-0.783911987407203,8.41804743031609,0.0063234936195067,0.018922411819054
EIF3J,-0.820103016425527,6.75468421491535,8.41343514599502,0.00632421253794375,0.018922411819054
TIMP3,0.855466292067994,8.5151345479124,8.40979865027826,0.00633443240155676,0.0189435904800629
TMED5,-0.70636308059575,5.70699851826615,8.40766840406055,0.0063404280790577,0.0189578799563825
ZGLP1,0.918891624882484,-0.232156004684562,8.41322308568453,0.00634490583255638,0.0189676896299794
ACPP,2.01634960610839,-2.06726498440286,8.27240981445317,0.0063571760477387,0.0190007862747105
H3C6,-1.27631619620219,0.908920260964066,8.39970476387997,0.00636909786292388,0.0190256538800669
LRPPRC,-0.845881732293089,7.5513424017752,8.39451681636691,0.0063775742951784,0.0190459024848111
FBXO2,2.03553965941805,-0.0523771943505577,8.39085626440085,0.00638621250667425,0.0190659965322658
DAG1,-0.601103098631753,7.14199937486143,8.388233428036,0.00639540409266043,0.0190849605065997
ICAM5,1.7833077173872,-1.60018913160217,8.33194237156717,0.00639617752574941,0.0190849605065997
LINC00672,1.18610297477862,-0.465958412901273,8.38754310707423,0.00641512774768652,0.0191306980462153
SFXN4,-0.745889218104469,4.8274908809997,8.37438212913776,0.00643489964097996,0.0191716214721958
PRR32,2.89052138865724,-1.2868909973685,8.243817674484,0.00644286275056526,0.0191881311798925
USP9X,-0.71768002292967,7.06543511054035,8.36948206208348,0.00644893132266685,0.0192025957666858
AC110597.1,1.18330592231362,-1.67869191742719,8.34333383689029,0.00646244221412541,0.0192392113032586
SEC24B-AS1,1.14298343397771,-1.72313496476095,8.34173936572852,0.00646478638332854,0.0192425750970337
WDR83,0.612064102375128,1.64749773395492,8.36295421496933,0.00646992171995116,0.0192496622005359
HECTD1,-0.892675829069811,7.94569508211532,8.36117344434169,0.00647280215080101,0.0192496622005359
SPSB2,0.78665491385295,1.46355629810217,8.36120246849973,0.00647614920603211,0.0192496622005359
PTGR1,0.720223680361354,3.35588453631621,8.35982801624862,0.00647688514250379,0.0192496622005359
FBF1,0.768965086913271,1.07348427842867,8.35803373071475,0.00648742369708822,0.0192701412048279
CAMK2N1,0.813419723716894,2.74448321130075,8.35028279021695,0.00650487200900298,0.0193147286353139
QKI,-0.855694860928536,8.22523024194611,8.34011616677123,0.00653372542478346,0.0193967678543543
RAB23,0.70378670246934,2.66308102051596,8.33229674747708,0.00655715445797399,0.0194505327580831
WNT5B,1.05532392529296,0.947372451252563,8.33454905365141,0.00655747926904166,0.0194505327580831
TM6SF2,1.74194586263509,-2.42492892459215,8.17862145123215,0.00655797289874665,0.0194505327580831
TTC37,-0.680370521302573,6.18027756775186,8.33049902285626,0.00656175439554948,0.0194581066441378
GTF2F2,-0.639487109784853,4.78747607609846,8.32958369073142,0.00656443077764098,0.0194624012223155
CLTA,0.676430109880794,4.95043843392875,8.3223133531587,0.00658573549744593,0.0195109647463125
TCF7,1.84814399046159,1.36439761218844,8.32257045936195,0.00659271743746898,0.0195243493237845
C16orf87,-0.785263662806448,3.65948860912521,8.31928327305855,0.00659465935192864,0.0195256439531462
HTR2A,-1.32758619729343,-0.277217814652116,8.32841233035379,0.00659759440188475,0.0195256439531462
ZC3H12D,1.55920144361815,-0.155799904014673,8.31718066187706,0.00661257572946602,0.0195594491208055
FAM171A2,1.60340776207071,-1.08319861014683,8.30031820460522,0.00661384428424402,0.0195594491208055
NDUFB5,-0.753289071147464,6.99764287962999,8.31253890586317,0.0066144436068907,0.0195594491208055
SDSL,1.07834541941975,0.876879286954583,8.30986620048993,0.0066306608967691,0.0196000901382391
ATRX,-0.664183051966548,5.69962414535272,8.30451185722246,0.0066381394994192,0.0196112223428964
AC138150.2,0.823014219744321,-1.5656045803859,8.29827563153458,0.00664653819452562,0.019628716132808
MARCKS,0.8118849011325,5.34572647276144,8.29807751398352,0.00665719998453332,0.0196528778231929
CUL2,-0.679036872304237,5.56760288652283,8.29510527802722,0.00666602310031729,0.0196715955438972
HIGD1A,-0.641483347204813,5.88786092000733,8.29246708386508,0.00667386560407694,0.0196874065949008
SMIM25,2.21811440776874,0.103845932937721,8.28825965568353,0.00668230582880687,0.0196976377360682
FBXO34,-0.744261287413899,4.87286454956083,8.28821463241458,0.00668652968197827,0.0197064228882852
ZNF582-AS1,0.907013108928341,-0.124610369468962,8.29361943721074,0.00668982456266248,0.0197124674311105
TTN-AS1,-0.752820759743257,3.37905073846134,8.28630991518259,0.00669240523433599,0.0197164056048564
HIP1R,0.850712579944585,4.11558632092445,8.28519182451007,0.00669560168637631,0.0197221561197036
B3GALT6,0.679638120102164,3.14293681943333,8.28380854603481,0.00670001139627492,0.0197278113334762
ERI2,-0.592229969788201,2.82220329985769,8.28262004855778,0.00670357160320893,0.0197320850132551
SGMS2,0.598089004960229,2.54263437458337,8.28193475556562,0.00670598988307368,0.0197320850132551
CCSER2,-0.867437855603165,6.778467497096,8.28154372837824,0.00670644348339699,0.0197320850132551
KRT19,2.11043845057699,-0.977416680617623,8.24707982968239,0.0067111787239406,0.0197402834509779
NCK1-DT,-0.621701038628341,1.03279714935064,8.27997140741398,0.00671554494313137,0.0197447984734826
AGTRAP,0.832664931981672,3.64959628179351,8.27091695330934,0.00673845678835317,0.0198005423187526
GVQW2,1.22576510715651,-2.45875520243061,8.14864318660303,0.00674613723444329,0.0198194358090884
SEPTIN6,0.707282272182527,3.13336358947578,8.26575813570317,0.00675416736954997,0.0198393494541721
SLC8A2,1.56416601858346,-2.54464588667422,8.10372665192759,0.00675913257361506,0.0198502546134318
TDRP,0.742140441487484,2.07970709103212,8.26142185380199,0.00676838674296229,0.0198737492524965
AC022167.2,0.883022430204137,-0.638784893187336,8.2649575640103,0.00678136078183133,0.0199044682922173
AC027796.4,0.677971411065617,-0.768438051124761,8.26319006206704,0.00678423484637766,0.0199092165945457
TFF3,2.4833472433203,-0.275724402596831,8.23650488510661,0.00678761850625716,0.0199145861876429
AL121917.1,1.45261745462983,-2.82068354227324,8.04601156577333,0.00680434533604465,0.0199510559434199
PMAIP1,1.12464772027286,-0.127059923059725,8.25498978737714,0.00680478686023757,0.0199510559434199
ZAP70,1.36544333881632,2.21572305486785,8.2438772943658,0.00682208182673509,0.0199943648434013
RTN4IP1,-0.884603472893264,3.78442953511861,8.24064230911709,0.00683000595023952,0.0200138876282259
PCDHB8,0.815887834280814,-0.300137062415139,8.24664146818794,0.00683415769098918,0.0200186500793171
ANKRD33B,-1.36081219656354,3.78654522121653,8.23726864326942,0.0068403171544311,0.0200292878688599
AL365181.3,0.791242563734549,-0.932637260891066,8.2429465689402,0.00684504943093673,0.0200394417757352
ARFGEF2,-0.636901996968735,5.0758052129602,8.23473415237706,0.0068479945781492,0.020044360930907
ENSG00000261428,-0.750539391282149,1.50384302727851,8.23253489856226,0.00685692452602796,0.0200667927911293
PRKAG2-AS1,1.56809095130687,-0.39717354126256,8.23066694813624,0.00686801394418878,0.0200918251751079
RPTN,6.45874767003167,-2.36654404814303,8.48544361266591,0.00687655340024081,0.0201034788733722
B3GNT2,0.646868276097264,2.63895766285257,8.22546066641832,0.00687707193617408,0.0201034788733722
RAF1,-0.596898259719331,7.37289884388412,8.224294658787,0.0068799962525528,0.0201078938855637
SLC16A4,0.777624124858259,0.745513416370788,8.22673709980505,0.00688111999377874,0.0201078938855637
FGD3,1.67332163339653,2.66126483317318,8.21977889905054,0.00689551565760735,0.0201368656001951
TMEM191C,1.50482970754542,-0.408365691407599,8.22179847549277,0.00689738792691734,0.0201368656001951
RASGRP2,0.735505491188653,4.2313393563834,8.21257418288992,0.00691614636246536,0.0201750651447725
NTHL1,0.761120850692967,2.61624250460728,8.20398276103359,0.00694348514187222,0.0202341686361252
ENSG00000182109,0.594167453825433,2.0643888478627,8.20077630734898,0.00695406591784093,0.0202471778095924
DPM2,0.674416400764627,2.94017319934078,8.20025016258052,0.00695480951721254,0.0202471778095924
KCNIP2,1.66725816847198,3.62849325482542,8.19797197434147,0.00696176368305122,0.0202572380880313
FAM171B,0.623668524113334,1.53967230193106,8.19564567371766,0.00697144219521676,0.020272853264812
MIOS,-0.676762273690214,5.07175086931373,8.19212976376937,0.00697961438292554,0.0202872247113391
EFCAB13,0.993268587710264,0.150607195358514,8.19600605043356,0.00698372369546796,0.0202954464335376
RNASE4,1.98056925489631,-0.74073052094778,8.1729619800868,0.00699371018663627,0.0203207417175697
CYP3A5,1.62846280349222,-0.654914644765586,8.18519061423554,0.0069958531968767,0.0203232420918249
CHCHD3,-1.0008276814695,7.26381350363874,8.18450652215547,0.00700344843447586,0.020341577591851
AP3S1,0.646437563402609,4.22582658874199,8.18299875769364,0.00700820166658491,0.0203500173127768
FASTKD1,-0.885462439615347,4.25017922847332,8.18180013248283,0.00701193674913645,0.0203550396892408
NTRK3,1.43694222582799,2.66691682379642,8.18096692124613,0.00701581322845277,0.0203625626797236
ACADSB,-1.03914557322351,6.57125747331852,8.17899585781139,0.00702073311703633,0.0203731107316745
SHCBP1,-0.71233202954224,1.08702136606212,8.17927846194097,0.00702406806363582,0.0203761800596734
MCM8,-0.692404188742074,3.44216888582514,8.16569178788317,0.00706281764476391,0.020476485769589
NTPCR,-0.620293024797572,5.30929718973667,8.1647725258282,0.00706555817285218,0.0204806841714265
SPESP1,-0.971848156476591,-0.106009776319218,8.16521064735869,0.00708714993425712,0.020532004571878
DHRS13,0.929914731612203,-0.885523622739345,8.16408377981568,0.00709167474528277,0.0205413580128854
SLCO3A1,0.789012845762317,3.74017483854786,8.15481442572286,0.00709721972367536,0.0205536624563383
SOWAHA,2.59017683238503,-2.61002419368707,7.94339096925407,0.00709901707249902,0.0205551111909176
PRDM1,1.04243410521287,0.842120529589477,8.15543194282893,0.00710395314485024,0.0205642048452652
DCX,1.79676397896642,-1.67900915163687,8.09051073374791,0.00710686498318339,0.0205642048452652
AL135910.1,1.52834283989486,-2.42165417161035,8.01807868351309,0.00710734839007494,0.0205642048452652
RMI2,1.41176038367037,-0.476441547549525,8.15057130575122,0.0071223146348873,0.020599985402274
DNAH17,1.08960755529862,1.18271029244955,8.14805608434542,0.00712473935239482,0.0206017103261354
ABAT,0.650011326486133,1.57066838174179,8.14676047324314,0.00712551109342765,0.0206017103261354
C10orf105,1.7427271729942,-2.4776237570044,7.98749885115493,0.00713489437935414,0.020621315197816
LYPD3,1.83796852643111,-1.83951900787093,8.06247849631031,0.00713645438131477,0.0206220628338248
ZNF559,0.804161967124351,2.35085350180221,8.13992610845267,0.0071456863574395,0.020644975698513
ACAP1,0.990741659636653,3.18728276083724,8.13822030982475,0.00715040456246242,0.0206548416152647
SLX1B,0.594937557611224,1.61339016240087,8.1380260714745,0.00715193717375138,0.020655503625376
MICU2,-0.607296313166485,5.6987766468472,8.13242492000742,0.00716864615081222,0.0206900844334132
UTP11,-0.693142344613646,6.45642565193566,8.13171635260065,0.00717092181029738,0.0206900844334132
AC112229.3,1.78833191129922,-2.70862217897124,7.93741316274193,0.00717174441804372,0.0206900844334132
SLC25A3,-0.69108777845082,9.30953627604453,8.12605196873798,0.00718570524560831,0.0207166735452847
POLR2D,-0.59212435313589,4.77701729612007,8.12697014459161,0.00718619009771125,0.0207166735452847
ADRA2C,1.01286683011961,1.51228195060884,8.12428825008066,0.00719872822886318,0.0207423211622755
CACNA1C,0.740606239022223,3.11207883017975,8.12225364808651,0.0072017684462205,0.020743975645031
DRD4,1.0857156303983,-0.973950989069771,8.12276092231303,0.00721449057738193,0.0207680349100402
PLEKHF1,-0.612721913494306,4.70264193557832,8.11538425013008,0.00722360269418424,0.0207867136180747
IDNK,0.911361334955188,0.962462190371916,8.11462594740502,0.00723335952502989,0.0208110109646239
COQ7,-0.704919145624516,5.01256491384489,8.10603463902001,0.00725394512600297,0.0208626621436967
POMC,-1.0787849125863,1.34930209093297,8.1052620430691,0.00725969313363542,0.0208712150894626
KIF13A,-0.755488265428189,7.14444605693853,8.10390621010734,0.00726087011978338,0.0208712150894626
AC025164.2,1.46027288679411,-1.73639217807269,8.06191119323273,0.00726522952554487,0.0208761726729482
WAKMAR2,1.25564216319444,0.352300939258346,8.10117858767798,0.00728423646992951,0.0209194083615391
ENSG00000166748,-1.77217197127737,2.93983534487464,8.09228510582993,0.00729926183029446,0.0209587610481385
FMN1,0.610667958509463,1.12680900554562,8.09130028714695,0.00730365301794761,0.0209675705390246
TCAIM,-0.801566655643742,5.18922393561347,8.08895423240472,0.00730973131453457,0.0209812193699383
ASAP2,0.818147193035012,2.9176619386758,8.08688244750856,0.00731709726606214,0.0209947565408812
VPS13A,-0.894842101824742,6.10162441214772,8.08058784273814,0.00733722359417011,0.0210334627888592
C1QTNF4,1.96401302948123,0.0948851777588732,8.07869546931891,0.00734904685774106,0.021059736989986
VPS8,-0.742125933018087,5.4453394588783,8.07141342717454,0.00736750035381748,0.0211040641583783
LRRFIP2,-0.64450006941486,6.77410565406251,8.07119720813346,0.00736821464931324,0.0211040641583783
GPER1,1.0982487689731,2.16964012884077,8.07124056922951,0.00736984177441478,0.0211040641583783
COL22A1,2.69539117093717,2.43214953747713,8.07082664050071,0.00737541163569631,0.0211161966017849
FAP,0.89099798723539,2.87849406781022,8.06371927795829,0.0073936205691156,0.021160683611843
AC093627.5,-0.919594720821831,-1.66942468202276,8.07724039040005,0.00739822740651678,0.0211662230928094
IPO5,-0.658943841698251,7.51612771908628,8.05899288191315,0.00740870169057482,0.0211885391969932
ECRG4,1.4418131364767,2.81440451464234,8.05837892431089,0.00741182495160729,0.0211936466994083
DTWD2,-1.06711968197724,3.99551907658725,8.05524031730568,0.00742121889414642,0.0212048875310409
CUL3,-0.733231233366469,6.32733817836714,8.05386965432739,0.00742576899575378,0.0212067329745378
H2AJ,0.92124738001825,4.50726058801641,8.0523680153155,0.00743080742958102,0.0212172982588415
EYA2,1.30902922213358,0.658237367570227,8.05337734076815,0.00743920743632866,0.0212336311677774
SAP30-DT,1.21396764822451,-0.338772688426586,8.05324861603372,0.00744687034633872,0.0212516755588744
SETD9,-0.591547748725753,2.13564646891368,8.04663947967336,0.00745087593069879,0.0212542692132148
AC009549.1,1.28768205483897,-2.3131710810698,7.95355131535139,0.00745096481674198,0.0212542692132148
RP2,0.655713853937691,2.12662031469356,8.04448334803537,0.00745850706088158,0.0212695629645115
ASB8,-0.929523556564652,7.11882846373742,8.04016849983229,0.00747161914610036,0.0212916403777765
AFG1L,-0.6013595163026,1.99750834079873,8.04034718441009,0.00747209878365268,0.0212916403777765
PAQR4,-0.734053702651067,3.27334212028579,8.03097200944537,0.00750280322316233,0.021370680429981
RPRD1A,-0.671984697320224,5.91080730031586,8.02806794524724,0.00751236615701974,0.0213846715448701
CPS1,0.692451918102735,0.620838178895447,8.02890596041362,0.0075181721608274,0.021397355286033
AL158151.1,2.00229204099225,-1.07247902343739,7.99459272115759,0.0075234612877192,0.0214047201124751
VWA8,-1.12741262986402,6.15037985824139,8.02350877731317,0.00752778005770904,0.0214131629105215
RHPN2,0.751830813030679,-0.633709506537118,8.02907604916523,0.0075320742398932,0.0214215327493876
NT5C3A,-0.649137553193537,5.34624714621802,8.02038862914202,0.00753834918928744,0.0214355319581263
QPCT,1.80454392207417,1.52890896143867,8.01852857877091,0.00755160877604436,0.0214693836157113
FBL,0.635813566839411,5.24156479795839,8.01260246220594,0.00756479225045902,0.021499150429165
CHRNA1,2.27253959853658,5.4256679446978,8.00894719509326,0.00757728244700094,0.0215302894813052
IFIH1,0.658964738487172,2.44013391121739,8.00885938720537,0.00757846625397364,0.0215302894813052
LINC00607,2.1171007516652,-2.32396164624978,7.84922455678239,0.00759269839240102,0.0215629912946916
ERP29,0.601674796924722,4.83538860131545,8.00172378145059,0.0076019274770299,0.0215814662716755
PTPRC,1.72672252998493,4.15220154124932,7.99800945089149,0.0076148177602157,0.0216141889747695
TADA2B,-0.60351292077051,5.50617834457241,7.99482336359937,0.00762554415880651,0.021640759005123
KLF15,-1.04289902903572,4.37407051992301,7.99098582228437,0.0076387299718834,0.0216635812572504
HSDL2,-0.954577256476496,7.5944876768891,7.98949425416107,0.00764385514711706,0.0216694405217109
ZNF845,0.663626773375,1.06470617568599,7.99043562070756,0.00764650872996999,0.0216724423329963
SCAMP1-AS1,0.958177862828635,0.620450661080853,7.99164744410551,0.00764764924125166,0.0216724423329963
CCDC191,0.76819466917524,1.41496655909514,7.98807762996543,0.00765268446898086,0.0216789579513657
TOGARAM1,-0.666592497859177,4.3461841056806,7.98108719650319,0.00767284408707627,0.0217282988291454
NDUFAF5,-0.688636844456058,4.4662890742417,7.97973619477363,0.00767751209655853,0.021734677373567
LCA5L,-0.7411697047734,0.667791866989906,7.98200030298444,0.00767783958712866,0.021734677373567
ADHFE1,-0.902308351787241,5.65386428306627,7.97064443415271,0.00770900709422182,0.0218073251378317
CLPX,-0.716223239181144,5.85505982791782,7.97000270937658,0.00771123534610457,0.0218097352364303
CLDND2,1.30390107998701,-1.16825588608629,7.96210523784942,0.00772533712909323,0.0218405116022306
AFG3L2,-0.823582848161577,6.49291615828656,7.96580501929285,0.00772582909204444,0.0218405116022306
MRPS30,-0.767440265365036,5.33061533102718,7.96156291690741,0.00774060867712293,0.0218654947783185
OXSM,-0.622928064012132,3.39824582333102,7.95889272232793,0.00775011466822867,0.0218874855821736
HMGA1,-0.67365062478577,5.08069042135281,7.95854082603694,0.00775115599717035,0.0218874855821736
PVALB,5.34515505193276,3.85896222288685,7.95974792256871,0.00775495542134143,0.021892646501312
CADM2,-1.09099692768529,3.05312535818492,7.95731656921619,0.00775574666866697,0.021892646501312
DNAJC24,-0.811400246822347,3.48532295084009,7.95633854970679,0.00775902520672986,0.0218980004365179
ASCL5,1.95719723385704,-0.151893264579096,7.92411829509834,0.00787010404377443,0.0221759492855074
MEFV,2.3630710129056,0.585655886695525,7.92438082768374,0.00787694013346926,0.0221912658302378
AC062004.1,2.26641989988455,-1.7280212332177,7.82049433549964,0.00788286694270916,0.0222000697425115
KIAA1324,1.73547359430697,0.191950391107644,7.92292484523221,0.00788922776164194,0.022214035596791
LINC00595,1.8184510413351,-2.55138110432276,7.75054063057432,0.00789189343277742,0.0222175937518607
PSMB10,0.6554474406278,2.93291593620525,7.90880004921073,0.0079275056685153,0.0222940873698247
SLC12A8,2.01563955507973,-1.22540869555114,7.86850544431116,0.00793348464312645,0.0222993985112258
INSYN1,0.798931032124179,1.56495704814607,7.9078695521226,0.00793361575101224,0.0222993985112258
SLC11A1,1.87186844321998,2.41312203819391,7.90618047124556,0.00793928682933773,0.0223113811641275
ELOVL6,1.13984857106285,0.963499565579768,7.90642547847206,0.00794410877694675,0.0223200859983669
ACSS1,-0.848118052889594,6.0561401610667,7.90371292989241,0.00794520130730028,0.0223200859983669
MMUT,-0.612976391605741,5.24978960465573,7.90318372261125,0.0079471003809718,0.0223214639732825
SNTG2-AS1,1.93034672159727,-2.47089729141563,7.74485022966537,0.0079506973789867,0.022327609669467
SIAE,-0.606331135041989,4.729331993446,7.89766696888146,0.0079669184878388,0.0223691986670414
MADCAM1,0.962035669409681,-1.23778079234476,7.89650738194163,0.00798205512633565,0.0223997923830425
ADGRB2,1.53972875856802,0.991547581562091,7.89448498341242,0.00798844753251641,0.0224097943083356
TMEM191B,1.81249195399943,-0.845700612293065,7.87815620049499,0.00799708611479148,0.0224300572851506
CRACR2B,1.15237723926247,2.98334104259913,7.8882757421081,0.00800147917153313,0.0224307005162043
KPNA4,-0.901735092065293,7.73863028964015,7.88805714671614,0.00800156181094862,0.0224307005162043
ICA1,0.955923474178156,2.64003031110599,7.88594674580817,0.00801013241706341,0.0224507549368949
DECR1,-0.631467316743283,6.47390161111073,7.88339313692893,0.00801843532094358,0.0224660793018021
PRR13,0.665655572904193,3.87414777959023,7.88217878193557,0.00802291222544202,0.022474649113767
EIF4EBP3,-0.61600349782899,1.63242361278349,7.88129300063778,0.00802796893306162,0.0224808665280487
SGO2,0.811792599201671,-0.189722915019477,7.8838129394556,0.00803986657847814,0.0224958965463894
DLX5,1.78486722356439,-0.59036034775244,7.87302062275164,0.00804108064672426,0.0224958965463894
STX5,0.608810622971636,3.92359927948096,7.87695523058637,0.00804185359596742,0.0224958965463894
AC010201.1,1.86937667223804,-2.29392441977586,7.74337747425458,0.00805266722817064,0.0225102518195132
HOXD3,1.26848746877151,-1.77589295945049,7.84173363337311,0.00805970431176386,0.0225219774693215
LYRM4,0.59448692494587,3.0545767419201,7.87022291879293,0.00806671809890957,0.0225376025587835
HK2,-1.29055535133202,6.28864377605548,7.86396615763641,0.00808912969025695,0.0225962344793763
HLA-G,0.925867307628187,1.30536926489868,7.86416856997291,0.008093512826196,0.0226044937886373
CLCN3,-0.611301681037251,5.30800296573942,7.85382931701312,0.0081262835821507,0.0226862272827202
SCAT8,1.84263967397095,-2.34230532273168,7.71765062515156,0.00812783927403992,0.0226862272827202
AC018553.1,1.65992844247967,-2.16691341204869,7.75149030520305,0.00813476813285263,0.022699713083521
IL12A,1.4744773024441,-1.82485770158254,7.80303309351818,0.0081399234920151,0.0227100999256978
SHROOM2,0.938595088048599,-0.862824388152385,7.85671132098923,0.00814153872920628,0.0227106080341017
CHCHD6,0.738948411451883,1.20076813482793,7.85021486111739,0.00814475913408949,0.0227155927486653
PHYH,-0.94761589858237,7.68244421457889,7.84775735154368,0.00814862469301862,0.0227223747158659
EFR3A,-0.65240326755334,5.8521549824041,7.84399455540627,0.00816250386741119,0.0227530692676983
MOSPD1,-0.680248989456316,3.72280869914926,7.84336873105048,0.00816487448542651,0.0227556746342867
HJURP,1.76731029006156,-2.00608954469603,7.75299800541442,0.00817419849591346,0.022773650415742
INPP5J,-1.05515023921759,2.21215985146652,7.8395884887226,0.00817977538731465,0.0227851820289638
AC024060.2,0.802602854979463,0.0261431197119455,7.84396203625744,0.00818223416961134,0.0227880254632392
AC012313.2,1.392933671183,-2.17712956679924,7.75500707293814,0.00819955585244964,0.0228282434282799
TRIP13,0.902919253391747,-0.818613265208322,7.83627393702138,0.00821873377341262,0.0228554398171792
OXNAD1,-0.813685472334522,3.76440291051719,7.82650249984182,0.00822741494784278,0.0228696447427582
EXPH5,1.02547610203866,-1.43749533135332,7.82282835571751,0.00823082293048782,0.0228751053980078
HERC1,-0.846214671312666,7.43096121797538,7.82480226686149,0.0082336876530752,0.0228763248398289
PODXL2,0.779745546953755,1.63237209434616,7.81982063517156,0.00825522060978305,0.0229187948499005
DNMT3A,-0.598731186837127,5.46008623488381,7.81681644846261,0.00826350414100836,0.0229377737121316
AC068870.2,1.39620012743925,-1.30340797412951,7.80439482499806,0.00826918271928772,0.0229495163839847
MLPH,1.17678174652142,2.83023897714302,7.80385176567397,0.00831307145476669,0.0230511361931212
PIK3IP1,0.868812543292196,4.2781362745294,7.80031316599651,0.00832553461912394,0.0230776188751543
PLA2G12A,-0.753484395926312,5.52257404665813,7.79406498544593,0.00834908527881681,0.0231379255842828
AC010201.2,1.53193551361689,-1.11670695069833,7.78399213368748,0.00835048482805973,0.0231379255842828
NDUFA5,-0.872807514073793,7.40940392415387,7.79338117608769,0.00835167125273537,0.0231379255842828
AP000345.2,1.21508789240229,-2.04843594816491,7.7408283387861,0.00836082213463062,0.0231592288703883
THRB,-0.689936495849956,4.69323267320256,7.79018020256342,0.00836379510879979,0.023163415080243
AC087672.2,1.32534032700041,-2.41652307937835,7.68357695569731,0.00836678069057317,0.0231676347376399
AC010245.2,0.923257408068921,-0.152009385910066,7.79049207862414,0.00838493958546208,0.0232098056962127
ZNF41,-0.871295654765819,4.26940220597794,7.77954402926965,0.00840420874381668,0.0232550193754606
SNTG2,1.68896077819039,-0.542142178118953,7.77696067833378,0.00840981945357406,0.0232664819973443
PI15,-0.893986479927256,-0.0276066579615329,7.78047397434289,0.00842314982308644,0.0232805251520699
NDUFB4,-0.719234318364875,7.10256668844958,7.77444385594645,0.00842365496097851,0.0232805251520699
IL6,1.8095417392986,-2.01315584429249,7.68002385604557,0.0084297495948215,0.0232890937637964
LINC002481,1.52204964577506,-2.14526047519323,7.68907638988736,0.00843373102142521,0.0232919720279758
HSPG2,0.609643775265539,7.98483562177898,7.76174375193032,0.00847042443922883,0.0233785732563805
SCRN3,-0.824369977645468,4.79526029423617,7.76208636293658,0.00847098931268612,0.0233785732563805
MEX3B,0.73927518928205,1.41253763484083,7.76219634115774,0.00847468314109727,0.0233826173377225
EIF2B3,-0.635818793280519,5.51919891962287,7.7558130442459,0.00849512482883297,0.0234329404982622
TMEM225B,1.83618742686069,-1.19590513808814,7.72897340822185,0.00849963013286624,0.0234412876288777
CXCL8,2.30113623585691,-1.78487700222827,7.64827314371945,0.00850192176981651,0.0234435278034248
COX6C,-0.694870990976497,7.61387516395201,7.75194688088143,0.00851003617250798,0.0234577392982665
ADAL,-0.809556351128536,4.36870437075841,7.74943855900716,0.00851973102452612,0.0234722144550879
NR2F2-AS1,0.81881921609178,0.59211075391319,7.75105970986132,0.00852519024398718,0.0234831722225734
REC8,1.03425210336518,2.09925516242573,7.74673972958878,0.00853221605122518,0.0234964703443565
WWC2-AS2,1.10567105846364,-1.7700712322051,7.72505662665593,0.00853384921000033,0.0234964703443565
GNB3,0.860831652902186,0.459246255470429,7.74876685451405,0.00853594874565914,0.0234964703443565
ZNF718,0.684293812239225,2.97255845618064,7.74145747146897,0.00855115365697427,0.0235301496791233
ADAMTS6,1.53878107499299,0.565116674008923,7.74424401666973,0.00855384835637873,0.0235334782818635
PPID,-0.633238281445791,5.36083571746037,7.73938363171661,0.0085586897094048,0.0235427106101263
PRRT3,0.756249205359447,0.557630506978402,7.73732116529363,0.00857871459476463,0.0235855118291525
VSIR,0.933548582134201,5.51319923619148,7.72887778755468,0.00859960437931509,0.0236347434268134
LAMTOR4,0.623585145942666,5.04566407770055,7.72564638492513,0.00861224390595793,0.0236612741292849
C14orf39,-0.871802785414765,1.19960630753324,7.72616022280607,0.00861439777479572,0.0236630891900135
COPS8,-0.591482430608227,6.10608633012393,7.72353321825941,0.00862049768776149,0.0236722778301741
HDAC11,-0.619737434201795,4.87703925396193,7.72347426047628,0.00862073044474885,0.0236722778301741
S100A13,1.22109968514881,5.38240064950521,7.72244194605969,0.0086247968788151,0.0236752392410502
TOX,1.71747297117577,-0.51283089885742,7.71583228280117,0.0086460137456215,0.0237252605760803
POLR2J2,0.63179337209138,1.88147586544058,7.71463881856288,0.00865746777625198,0.0237402477678258
RGS3,-0.634189156312669,5.80585555595698,7.71366735787083,0.00865921178831481,0.023740922008551
TIMM23B,-0.729467062654238,4.4905256530498,7.70942632980781,0.00867591453627289,0.0237620863329097
NID2,0.672658685009535,3.21833194678074,7.7094956829173,0.00867592803194395,0.0237620863329097
LARP4,-0.764442481767175,5.74510948342258,7.70413490053525,0.00869679484923117,0.0237904553729961
OCIAD2,0.718186910367669,1.95524415910773,7.69968612018615,0.00871637894570947,0.0238316868793406
OTUD6B-AS1,-0.653015679004107,4.95755139662584,7.69692102615533,0.00872535437151436,0.0238521115620818
MYOC,1.02678486822311,5.84529204771506,7.69623019143212,0.00872809350945864,0.0238554842780943
RAD23B,-0.631387546145408,7.46567613377135,7.68875024356942,0.00875782024320033,0.0239078686294566
FP325317.1,1.67388163878118,-1.35074801151985,7.66069605296536,0.00876790526215465,0.023927155965105
USP46,-0.709056007398723,4.54315928440731,7.68528713396311,0.00877162443784128,0.0239331839646127
TPSG1,1.36860708905837,-2.26528425020413,7.59926906082815,0.00877826693166566,0.0239451664228175
PSME4,-0.86134266190754,6.99086349580488,7.68298222364626,0.00878081861785769,0.0239459013314732
GNAZ,0.650281358859352,1.48543044774683,7.68187842560173,0.00878883986675868,0.0239593377336685
SEMA3E,1.10205039239608,2.9196554959844,7.67897928952958,0.00879758943507238,0.023975133237763
SP4,-0.70418732742073,3.22956130296554,7.6762423467234,0.00880806258291607,0.023991297310325
PCLAF,0.948141002556714,1.30734843345614,7.67395466940961,0.00882240065451695,0.0240239919999796
ABCC6,-1.1962102345881,2.75114564105793,7.67215498622174,0.00882461396048974,0.0240239919999796
PELI2,0.855508006417633,3.21560568738221,7.67019901157758,0.00883234380090773,0.0240409055673282
C18orf25,-0.702326178874786,4.93868166010974,7.6677201545626,0.00884198726507388,0.0240630211556974
LYRM7,-0.942028737796658,5.75117895632547,7.66544604929259,0.00885113893020537,0.0240796564166463
TSPAN12,0.805702532968281,2.36077046477342,7.66481016998123,0.00885492031628011,0.024081675347879
CCR7,1.79752380040314,0.251505585159417,7.66020045732954,0.00888523063036797,0.0241567170258803
SSR2,0.728005645115389,5.56406029856682,7.65691628043856,0.00888556215964261,0.0241567170258803
Z97200.1,1.7579786911338,1.00941454764138,7.65491932766015,0.00890505225736296,0.0242013999523977
MT-CO3,-0.843128969797859,14.2757486120845,7.6493002121441,0.00890768202916451,0.0242043959389866
SIPA1L1,0.5961607466543,3.27493388069552,7.64845344144268,0.00892011989258699,0.0242298834312352
METTL7B,1.48686652300845,1.60032465741056,7.64823170858562,0.00892643171708203,0.0242389936919291
THOC6,0.588056364649569,3.16364409022944,7.646766726963,0.00892707125985533,0.0242389936919291
HAR1A,1.80749089260603,-1.3216457202273,7.61581011805975,0.00892982613564958,0.0242389936919291
VPS37A,-0.617126514992832,5.00554047360874,7.64568143503306,0.00893112161085216,0.0242389936919291
MTX2,-0.663203285982989,5.19187201750933,7.64397120863837,0.00893807832735926,0.0242537204201476
SLC41A1,-1.15852914412123,7.00762744105248,7.63867685319053,0.00895965116291154,0.024303935634827
WFDC3,2.22249456125115,-1.72998780750224,7.54528546907248,0.00896285914442866,0.0243084766150541
PLAA,-0.635937940998352,5.15810589265937,7.63180867545096,0.00898772359875506,0.0243677254973341
RIF1,-0.706177357177992,6.11132706833697,7.63051504167734,0.00899302016018452,0.0243773061019065
MFNG,0.755585013394485,3.37953609402634,7.63024167192445,0.00899439065929497,0.0243773061019065
FAM161B,-0.586634006766357,3.11956320307592,7.62647681417583,0.00900990427554198,0.0244068295819682
COL13A1,1.00570216274122,0.651331212837844,7.62544167635776,0.00902592660053724,0.0244418760831705
ZFP3,-0.657227954396481,3.56694046514748,7.61800228301228,0.00904451675471843,0.0244796681489365
SPIN1,0.655076958902885,4.25206975081511,7.61153959474566,0.00907114876724373,0.0245391762571716
PPP1R12B,-0.712564788877464,8.32162697994674,7.60984863044433,0.00907811060059479,0.0245538178336961
MMP25-AS1,0.854685354482845,2.195271705039,7.60637327797634,0.00909399174980572,0.0245841841110835
AL513318.2,-0.833783338428433,-0.752549965939489,7.61606559364189,0.00910348072867462,0.0245972479296346
TNFRSF10C,2.34416487185107,1.49580637537737,7.60515599654608,0.00910802055864208,0.0246053190918515
AC064807.1,-0.903015438798928,2.63569776446876,7.599597328886,0.00912114303992724,0.0246323711236753
TRIM22,0.847591395851775,4.88884939488932,7.59826448777344,0.0091262131428543,0.0246418639759434
AL080250.1,-0.685341934822667,-1.55568739257267,7.60982646498522,0.00913501247174125,0.0246614212333362
PCDHB16,0.777002393892748,0.94882200451063,7.59707721832923,0.00913899621527541,0.0246679736030437
LIPA,0.618055795728708,4.44256500730912,7.59357632895806,0.00914574887976061,0.0246814806587874
OMA1,-0.705371698889318,3.93736747268698,7.59324951765945,0.00914711528422152,0.0246814806587874
PRKCQ,-1.31249441785694,6.61909037094614,7.58855334788414,0.00916669653715334,0.0247146414620886
TIMM21,-0.730404236893555,5.20912781510038,7.58816741232364,0.00916831183923589,0.0247146414620886
UPK3B,1.08851648950621,-1.0490499970299,7.59083789827342,0.00917105626087116,0.0247146414620886
CYBA,1.23227519411515,4.55953128289599,7.58739609878286,0.00917158638850938,0.0247146414620886
TMEM238,1.54563029704005,-2.08944847842465,7.51028420117813,0.00917481429573646,0.0247153142221994
FABP5,0.585869016968284,5.64938811814618,7.58632909599745,0.00917600343288541,0.0247153142221994
MN1,-1.1103979975658,6.8028698189737,7.5857636988321,0.0091783696723445,0.0247153142221994
MRPS33,-0.668470925381406,5.40731232917429,7.57740778891921,0.00921343142400229,0.0247930359666078
APOL3,0.803411188116785,5.04982715862388,7.57444420808182,0.00922592764906869,0.0248222878531055
ADH1C,1.08676433530047,3.87217598980155,7.5722268467557,0.00923542561116825,0.0248394076137446
AC124301.1,2.34109787708306,-1.77938682574525,7.46574907653158,0.00923823701078905,0.0248394127872652
MND1,-0.831580463878755,-1.35075827100456,7.58821699413749,0.00923856243883013,0.0248394127872652
EID3,1.05106563637301,-1.05265480178091,7.57313069884669,0.00924827530115284,0.0248570927234344
ZNF486,0.786490057849269,0.369100537546114,7.5696412833965,0.00926141517445832,0.0248832307134753
HIVEP2,-0.648305862740429,5.76974814185739,7.56575406927244,0.00926256954906416,0.0248832307134753
RGMA,-0.708949484823479,6.22938240963337,7.56501603251799,0.00926569065404457,0.024884416602769
TNFRSF19,0.909585548946407,2.30269804882788,7.56486631803961,0.00926772325526894,0.024884416602769
SULT1A3,0.929495002925017,-0.0483682075181435,7.56952416214181,0.00926868744843537,0.024884416602769
ANKRD29,0.899110124818763,3.65570765327709,7.55573750536192,0.00930521741447635,0.0249677921380303
SPTLC3,0.753310038577457,0.837885196445309,7.55605135368456,0.00931274231216752,0.0249772992163189
AGPAT2,1.59304447946454,5.25759471861892,7.54985416211488,0.00933009620421396,0.0250133707576009
ENOX1,0.894898531745162,0.66008756361724,7.55135433354747,0.00933541896146347,0.0250234073549242
NEFM,2.7195730872108,2.17511152468051,7.54884443506671,0.00934289101424578,0.0250307343876167
CCDC30,0.855823854688328,-0.287909556820455,7.54943390252281,0.00935822126108199,0.0250590963711332
TCP11L2,-0.744067001436207,3.23426660033752,7.53899145470861,0.00937678276722531,0.0251003169784155
POU5F1B,1.53442893293957,-1.97949514404847,7.47326539820524,0.00939279897393276,0.0251346986389586
CD247,1.53437274849762,1.03384947784201,7.52873094264141,0.00943119822845653,0.0252317921421877
AC008429.1,1.15516279157834,-1.577987446207,7.51364207447361,0.0094336873083338,0.0252317921421877
NARS2,-0.660130022394262,4.19010252382975,7.52359723955167,0.0094426975285832,0.025242649752945
CISD1,-0.943541612087542,5.64411276422307,7.51903765675994,0.00946239788146617,0.0252867823318034
AUH,-0.669507391820103,3.88147522405089,7.51821410881473,0.00946599629182696,0.0252921334069435
ADGRG5,1.7682901734955,-0.732175425937939,7.5113790713883,0.00946886055889298,0.0252937442630635
ITGB1BP1,0.655164545492781,5.77250516757372,7.51622250328942,0.0094745867975458,0.0253022879980971
PPP3CB,-0.84648336123014,7.74880193618863,7.51465221787132,0.00948139205829532,0.0253119305841991
IPP,-0.831823672016166,3.64458371588947,7.51215488428362,0.00949229484025673,0.0253268659800844
MAPK15,1.6582146388282,-1.39053497552418,7.48655335875744,0.00949304432959537,0.0253268659800844
RNF11,-0.603595071247503,6.86905468108159,7.51188954209795,0.00949337943596273,0.0253268659800844
APIP,-0.632412442636043,4.41386587530133,7.51044757446742,0.00949964725703748,0.0253316168642011
HGD,1.78573009231106,-2.47732808240545,7.37370716782139,0.00949995576600916,0.0253316168642011
TNFSF4,1.53908921710524,-0.323173553495463,7.51195557233854,0.00950540056779968,0.0253418712647917
GLIS3,0.626396200758622,0.828708703675948,7.50678055734834,0.00952076249753991,0.0253680972082151
USP28,-0.840293529165384,5.88923582346423,7.50532509670243,0.00952192847072528,0.0253680972082151
LINC00894,0.600666002995699,1.74928567072531,7.5051177122418,0.00952535107960135,0.0253680972082151
AC022893.1,-0.651418742255568,0.359961547244294,7.50737285786387,0.00952688395958586,0.0253680972082151
SSBP4,0.615466014385835,4.38739071958227,7.49728516725022,0.00955705116256647,0.0254325087780337
AP001816.1,1.04095066011028,1.33382399811774,7.48571065065608,0.00961369191275333,0.0255660640613194
RGCC,0.621851849872883,4.57916242127513,7.48301276244532,0.00961968597822355,0.0255752196810128
PLAAT4,1.40395972943733,3.05863323671685,7.48304651119715,0.00962036249880213,0.0255752196810128
RABEP1,-0.65200256586798,6.59678437944565,7.48222999182461,0.0096231035120326,0.0255782155912748
PCDHGA10,0.740988253158673,-0.0637893728104551,7.48378553437798,0.00963860911945882,0.0256108381482334
PTCHD4,0.915438553558681,2.68585670262883,7.47480147584357,0.00965687561690881,0.0256378803654136
C1QTNF3,1.65613399405939,2.84602215730458,7.47022450086755,0.00967764841957123,0.025680122991451
DENND3,0.680947251669993,4.55924091520713,7.4681148409349,0.00968553882759488,0.0256967577098436
NUBPL,-0.617885947351635,3.8407315262469,7.46504376462957,0.0096991930598367,0.0257243702793694
MMADHC,-0.637620347288022,6.51754843509372,7.46181237868899,0.00971351197528458,0.0257451119371692
SMG1,-0.661780309703127,7.04686569806977,7.46139471617615,0.0097153707351872,0.0257457324482461
ETV5,0.902543991063917,2.9892984945314,7.46109352779111,0.00971733376153382,0.0257466290117082
ENDOG,-0.904223230417071,4.38320208876811,7.46005889048304,0.00972132391382165,0.0257528953631447
MRO,-0.832077560197218,1.57698893137002,7.45708383022015,0.00973695635724577,0.0257750218203584
KPNA3,-0.945731346238169,7.30056485530192,7.45636002677344,0.00973780877380489,0.0257750218203584
SRGN,0.959524497691318,4.65717695290011,7.4484247659418,0.00977331865495217,0.0258491647166055
IL1R2,1.87320323421353,-0.607746200483203,7.44218937426535,0.00977397583024549,0.0258491647166055
CPVL,0.890917681131962,3.43582738158857,7.44544566425391,0.00978689158735125,0.0258737017673723
MSRB3,-0.609532054911916,6.75769867161024,7.44458345493209,0.00979051127504929,0.0258737017673723
CHD5,1.49926306525821,-2.01488055716874,7.38079923090181,0.00979083338499998,0.0258737017673723
DCLRE1B,0.656442100755433,1.42452005670321,7.4453336878203,0.0097913165940036,0.0258737017673723
TMEM217,1.33254645739606,-2.61698194043463,7.31454758451433,0.00979367630981193,0.0258737017673723
LINC00240,-0.824540190629667,-0.372848529519345,7.45175941899413,0.00979468270981675,0.0258737017673723
ENHO,1.60442150767584,-0.816518031035981,7.4381148971927,0.00980291895838226,0.0258903610569476
PDE2A,0.780706378350716,5.28402854526081,7.44029782474757,0.0098097812140607,0.0259006336053349
SLC6A16,1.09309829062396,0.615992866928958,7.43819733016659,0.00983264940616277,0.0259566875128205
GLRB,-0.597005725184726,1.59473340465359,7.42999372324588,0.00985855709320141,0.0260077500009926
MTRES1,-0.594589341113701,4.0653447569983,7.42380185282662,0.00988428300724349,0.0260582653162182
AC068888.1,0.83487961054477,3.21777539252382,7.42289877854784,0.00988869952172417,0.0260655724086432
AL683813.2,-0.726539239872711,2.07482393795106,7.42260681429149,0.00989087628423915,0.0260657576182181
COX5A,-0.964695140970978,8.01637956501969,7.42206442917904,0.00989214374259218,0.0260657576182181
KTN1,-0.84023836757943,8.62005837438647,7.42172058879169,0.00989370430198661,0.0260657576182181
PSPN,0.829596326974259,-0.443662036135957,7.42671371067575,0.0099009591255127,0.0260725881996681
CYB561D2,0.647260858735758,1.95144865610631,7.41881398885272,0.00990892812601041,0.0260876851477278
COQ3,-0.8685139947577,4.37672578633324,7.41158334853836,0.0099398384964564,0.0261481773992936
PRSS12,2.30494023215565,0.663041536404398,7.41122496011422,0.0099508659342651,0.0261684985828575
SLC39A8,0.704130990159261,1.44992907260871,7.40772871900769,0.00996161049565756,0.026192407752561
AC020915.1,1.2733153142155,-2.55944129832237,7.28798172990813,0.00996919209710604,0.0262079938889913
ALPL,1.54385499298574,1.73597287733944,7.40257662138804,0.00998649124095004,0.0262447639627422
DLAT,-0.994266821956936,6.62320068913651,7.39709339199046,0.0100061707433772,0.0262677355305661
TMEM154,1.70766715500611,1.60127103432082,7.39593568299863,0.0100186479222741,0.026294387814554
LINC02021,1.39776830206689,-1.83042661867611,7.35340521564763,0.010028063947418,0.0263147424034993
CTDNEP1,-0.597516540839993,7.17118407504739,7.38770453420944,0.0100494083812247,0.0263576588244402
ZFP36,0.946317463865007,4.65110129753166,7.38718105382952,0.0100518571781521,0.0263576588563844
PAXX,0.810001144179315,3.4421493709474,7.38703830346564,0.0100527349105816,0.0263576588563844
GPR82,2.70733133861287,-1.07767382284532,7.3136248469324,0.0100654894854416,0.0263867348016199
CDK16,-0.589360873797294,6.87284805293662,7.37358956510964,0.0101147894647644,0.0264940609335738
RAB21,-0.591305872351488,6.19412430383341,7.36948017748782,0.0101339103989292,0.0265309892766943
RSPO4,1.8515192137888,-1.99318979861078,7.28107581567315,0.0101599031421635,0.0265946457043055
OTUD6B,-0.612248248786638,3.39340056838608,7.3527335302512,0.0102124542045207,0.026708258815065
ANKRD46,-0.843920922977557,5.27355616203335,7.35248154586451,0.0102134188439007,0.026708258815065
LAMB3,0.753158791600559,3.11709819098552,7.34956991298368,0.0102275604015576,0.0267193505558435
AC010331.1,1.53414753655015,-1.71744184757485,7.31243893836792,0.010229462978627,0.0267193505558435
SRGAP3,-0.621016800390655,2.09902967570446,7.34796904032605,0.0102358330905218,0.0267315832210776
RECQL4,0.828667996954087,1.03575222705622,7.34475635310525,0.0102575807142607,0.0267839646694496
LMO7DN,1.63363723577414,-2.81100778107398,7.17277637951724,0.0102714802390586,0.0268058517217415
MRPS18B,-0.611544818860292,6.48866812131896,7.33997253051595,0.0102723540080098,0.0268058517217415
CORIN,1.54816982777704,-1.66503215491781,7.30266054611326,0.0102830603861293,0.0268283928118194
GLDC,-1.40090612757576,1.25154750164469,7.33746099127629,0.0102894701673086,0.0268318633768865
GZMM,2.03260903051377,-0.419918962842288,7.32737227046339,0.0103053157458196,0.0268643425931901
CRHBP,1.62497024463802,0.749158503517314,7.33340370046371,0.0103175510341232,0.0268873920798801
STAG1,-0.593613710185817,4.29116147428548,7.32851233750481,0.0103266756721795,0.0269067460337106
KIAA0232,-0.770767219690824,6.78627611456822,7.32666566048955,0.0103354511836789,0.0269251841045142
NDUFA10,-0.602844794270424,7.3616085751781,7.32219335550665,0.0103567509121291,0.0269762379527466
BEAN1,0.870732384799718,-0.656166149268859,7.32839348293374,0.0103594532627779,0.0269788423755533
PF4V1,3.11239138354792,-1.72234773773347,7.17966802339387,0.0103666865146492,0.0269888091338336
FAM240C,-1.72668049509422,1.07772082878669,7.32081040976344,0.0103713726599325,0.0269929548851519
ASCL2,2.22581578138613,-2.08687243386647,7.20014325241937,0.0103818693625896,0.0270105867327135
TMCO6,0.614705939099193,2.06509850988785,7.31275538709236,0.0104036025145557,0.0270538052261509
FBXL17,-0.83952976118259,6.0076380812974,7.30867682183221,0.0104214128063349,0.0270912284681741
SLCO4A1,0.828675293433142,2.32927576082854,7.30840345976396,0.0104241132461504,0.0270919637456899
C1orf54,0.688654288834439,2.42712013324343,7.3081422029395,0.0104251148432648,0.0270919637456899
STEAP4,0.824905436832353,6.00029418166203,7.30736619817204,0.010427706022393,0.0270942543592166
RALGAPA2,-0.58517621050138,6.09741694475006,7.30212546132051,0.0104529097151388,0.0271419400714084
APOOL,-0.837259237000338,5.09653472822595,7.29938684245744,0.0104661080642174,0.0271717585998777
MPDZ,-0.587348136603114,5.52457526940412,7.29341496075612,0.010494946470137,0.0272287846614704
PBK,1.57220432944851,-2.30983259584337,7.19389791680574,0.0105004844626743,0.0272386932853167
ZNF624,0.654161375300513,0.720819270402447,7.28767507641329,0.0105325756543744,0.0273129972827478
MCCC2,-0.668458531184857,5.38183841284662,7.28476803915494,0.0105368559518411,0.0273196263528838
IARS1,-0.59079285240329,6.4131657503261,7.27782225684461,0.0105706495893115,0.0273822791338896
SEMA4A,0.795122913553484,2.2565180986982,7.27810461457439,0.0105707371489786,0.0273822791338896
ADAMTS17,0.662862342585397,0.928856187428626,7.27867574265938,0.0105748358909312,0.0273822791338896
SMIM13,-0.716363017080043,4.1512890571754,7.27520374617195,0.0105834272924173,0.0273955524833285
MICAL2,0.63395207343517,4.28521098953175,7.27441087906765,0.0105873252011947,0.0274011664973595
FPR2,3.01095731633556,0.475563819400819,7.26401487548296,0.0105963385749058,0.0274155391667808
TMEM221,1.60525948446681,-1.72329650306031,7.22823986478922,0.0106129282284868,0.0274487497705128
STAU2,-0.861510619068118,6.27226347631291,7.26794189479239,0.0106189235464592,0.0274560420037102
PI4K2B,0.649610940922732,1.7773329242533,7.26238067797997,0.0106488678617142,0.027524483608642
ASXL2,-0.589865467437709,4.73649804691252,7.2596839275848,0.0106594554431841,0.0275473565571002
AC105219.1,1.3129979435983,-2.10888643746186,7.20378936534464,0.0106653534211401,0.0275539528132719
SPPL2A,-0.654051818215052,6.58439427742783,7.25713870455491,0.010671977599222,0.0275617387573127
EVA1C,0.793272249248246,2.88156355179787,7.25636182779731,0.0106765278221472,0.0275689972946987
STARD3,0.59451376431366,4.47902425683523,7.25312736467276,0.0106917827216518,0.0275964354637285
SLC27A5,0.735737932912133,0.951447175446718,7.25470660699447,0.0106923779735782,0.0275964354637285
ADA,0.752327913900565,3.12360260879708,7.25086033489828,0.0107033933896429,0.0276203672114754
OSBPL11,-0.969352002693686,5.91413266922328,7.24756525651303,0.0107192313511411,0.0276472128123308
SLC9A2,-1.43501134628691,3.39655069292784,7.24713904088031,0.0107216907609533,0.0276472128123308
CHM,-0.639654520451082,4.0268272017304,7.24655675309476,0.0107242438869668,0.0276472128123308
TNFRSF13C,1.61281019610831,0.0202468760793584,7.2497822805997,0.010724264350186,0.0276472128123308
H4C11,1.91880039177417,-2.48538156694082,7.10747933037033,0.0107373648429472,0.0276764835175967
ABHD18,-0.684529292821348,4.33322669312247,7.23860792523,0.0107636525685437,0.0277352198786524
UBR1,-0.598015922669163,4.88838212563229,7.23272532678549,0.0107929267643685,0.0277970925459042
ST8SIA2,1.86598250967439,0.808468900537035,7.22985990643351,0.0108214936800075,0.0278458712459616
GHR,-0.777220702942802,6.11774866275171,7.22681837963617,0.0108224093521725,0.0278458712459616
SYT12,1.1875662356495,-1.05822598006968,7.22260196700811,0.0108487680156039,0.027900101711015
SERPINA1,2.3479461402019,3.0784428400425,7.22057924977376,0.0108560274480705,0.0279142409491437
NUDT1,0.667031668898458,2.38856161303475,7.21795321509523,0.0108680224677686,0.027940550299599
ZNF608,0.599280475122438,2.52875440959629,7.2165296163986,0.0108749187950563,0.027953745035727
ARPP19,-0.644295007754205,7.54573479222702,7.21566900157592,0.0108782978830143,0.0279578959701796
LIAS,-0.670850111351446,4.18574825344091,7.20855356639761,0.0109141350832965,0.0280363589990272
PLPP3,0.808052533191203,5.85668334325909,7.20342929003048,0.0109400112103516,0.0280836841556091
FAIM2,1.04401413655509,0.792991011106199,7.20570403892404,0.0109402721586721,0.0280836841556091
GPR63,0.714299307526645,-0.640118847144328,7.2091537371,0.0109414189421803,0.0280836841556091
ENSG00000231595,-0.866810516521936,-1.32726915528982,7.21014130960215,0.010983520622462,0.0281734948695622
MKNK2,-0.819015724924918,8.56255036518412,7.19172822252864,0.0109993589360652,0.0282049904627549
IPO7,-0.826880587741241,7.48998718763806,7.18775568236901,0.0110195867506687,0.0282431491570189
TMSB4Y,2.48518881496898,-1.18599077844863,7.1205195682846,0.0110589750195585,0.0283257761653375
MX1,1.06411339069161,4.15098745979639,7.17947880027148,0.0110619517034443,0.0283288216943249
KIAA1257,1.10887454325835,-2.33157395684231,7.11000441353139,0.0110652592162127,0.028332497706618
SHPRH,-0.744081019759634,2.71479214920491,7.17788033083923,0.0110705644880436,0.0283371402749197
STAT4,1.20261897583526,1.62953364643854,7.17490315690534,0.0110902160175336,0.0283645340913259
PAFAH2,-0.622152279522571,3.83324668707435,7.17308748700947,0.0110946773559216,0.0283713655090028
SGCD,-0.891001494932746,6.91781418465274,7.16928371195374,0.0111141714216424,0.0284166302869905
LINC00707,-1.35809831787739,-1.62631059177001,7.17337439071852,0.0111444200688535,0.028484778198568
NDP,1.6950408104374,-2.46493007148764,7.04338612477953,0.0111521583462716,0.0284999602182497
PTCD3,-0.727332451838024,6.5867927709343,7.15953957437947,0.0111644174340608,0.0285174924367443
C20orf27,0.768827212706093,3.79736364789556,7.15742196608905,0.0111754650287546,0.0285411110895527
CRISPLD2,0.598631030571022,4.34560211074816,7.15681454711693,0.0111785479271285,0.0285443843057051
ORAI1,-0.592343342025609,5.09943378536648,7.15500651205742,0.0111878773216159,0.0285636043041158
ZCWPW2,-0.921765885430603,1.82139204609512,7.15133238983007,0.0112088595388744,0.0286033489714239
CDNF,-0.878915608558522,3.65166493925009,7.14755816133078,0.011226624201308,0.0286394581001493
FGF7,1.1180222356862,3.13446117298371,7.14359185692618,0.011247762942866,0.028679533283282
RASGEF1A,-0.673263241710028,0.191987015549283,7.13846037194799,0.011292944329312,0.0287740800639381
PDE7A,-0.756413872912796,6.02643004626968,7.13464100597295,0.0112939217516057,0.0287740800639381
ERMP1,-0.721298093794563,4.338379561587,7.13356883779712,0.0112995399290595,0.0287791400282556
SYBU,0.854663609591608,2.26962356345002,7.13282932310216,0.0113049497331271,0.0287882915669075
FOXP2,-0.852443470599394,2.28074196037688,7.13174057756146,0.0113101530779955,0.0287943378106789
LINC01686,1.07408808306696,-2.46947855754617,7.04696953563702,0.0113145921339747,0.0287943378106789
HOXA10-AS,-0.639951145401479,-0.370713652839846,7.13295210501379,0.0113362192548456,0.0288447441444346
ATG4A,-0.608766387015919,4.37426505784755,7.12178049228971,0.0113614500960297,0.0288956311138107
C15orf61,-0.746579651386581,4.78748768763926,7.12138864666923,0.0113635119013863,0.0288956311138107
ORC1,0.923586878100613,-1.53866486232687,7.1163714832728,0.0113760238047354,0.028918166383324
KCNH3,1.27185163614796,-0.976484234329637,7.11873930739595,0.011380537954023,0.0289207481598125
AC004982.1,-0.671108786959829,0.12414138643417,7.12086221302928,0.0113870342316697,0.0289275940155931
TRAF3IP3,1.49579123639674,1.80838567612284,7.11482215810968,0.0114033782776908,0.0289598294177188
LINC02600,1.03913576856213,-0.29560871378019,7.11781110865553,0.011409576264373,0.0289702204118486
RASSF9,-0.594482190033706,2.43416638875925,7.1125083046176,0.0114112030827982,0.0289702204118486
DLD,-0.917485346211385,7.78253351138933,7.11139132485267,0.0114163095795539,0.0289718797762298
TRDC,2.52419754323841,-0.181706591816356,7.0965284177132,0.0114322580357706,0.0289835979984807
ATOH8,0.681076776146004,4.9843521770555,7.10548929483867,0.0114476363732972,0.0290071464035243
CASC2,1.05454853911671,-1.63989147140452,7.09086547434838,0.0114741696288276,0.0290550830093026
NR4A3,2.52164442660746,5.80922099275614,7.09986725377138,0.0114775553504281,0.0290550830093026
SLC2A1-AS1,2.11617201408403,-2.73319551808228,6.93392373358527,0.0114871654512251,0.029066559925444
SH2B2,-0.83573106317596,3.93490112143725,7.09753014501515,0.0114899794294859,0.029066559925444
ENSG00000283013,0.784215301768869,1.94069437688645,7.09746228772185,0.0114927989027127,0.029066559925444
FH,-0.758948605992877,7.01500257113998,7.09694138621179,0.0114930942445152,0.029066559925444
DOP1B,-0.802324090272251,4.80168564099816,7.09520889079798,0.011502340745993,0.029080662699705
STK39,0.777139239985107,2.40424094797522,7.09327478700416,0.0115139483219799,0.0291053659368983
CKAP5,-0.616530176597677,6.13192759476494,7.09129237385409,0.0115232634905612,0.0291242673899398
MGAT5B,1.47803952676998,-1.95655985729745,7.03654254902698,0.0115548213621248,0.0291854086907224
AL590708.1,0.604060729289974,-0.812413574584288,7.08493865560933,0.0115903135550918,0.0292657264033682
TACO1,-0.606842338104688,4.75737358596638,7.0779940491561,0.011594623940701,0.0292719460870303
LRRC75A,1.25337382420938,0.088532757927856,7.08156880925679,0.0115968941293535,0.0292730139005837
ZMYND10,0.709864861436021,-0.474211387161435,7.08073895454924,0.0116093422163178,0.0292997684507068
SGIP1,0.628122347687397,2.68805108917351,7.07309187987905,0.0116218854926081,0.0293263359244289
FPR1,2.63424180669285,2.62720089751631,7.07374565989483,0.0116235701357568,0.0293263359244289
GINS3,0.664053927493814,1.18366717242207,7.07324370130002,0.0116264743131584,0.0293289937027413
SMAD9,0.703034065218722,3.55903985132608,7.06937366148758,0.0116413582178658,0.0293618659364189
NMNAT3,-0.790764767043287,3.74469066110922,7.06681213016729,0.0116550632195906,0.0293917547487033
MVB12A,0.692488541645484,3.45173045477779,7.06338448719875,0.0116737945346772,0.0294296248792602
MRPS15,-0.646296842447811,6.40458491137221,7.06228387227754,0.0116795339113961,0.029434470180451
PRC1-AS1,-0.779269888712639,-2.32926778851474,7.03612120127251,0.0116809336910728,0.029434470180451
ADGRG6,0.77106948420644,1.58382547323368,7.0587018170986,0.0117027964972056,0.0294792904293781
GHRL,1.06650969593689,-1.64919130510479,7.03582911817745,0.0117702472547118,0.0296209477918721
CD24,2.14954261633303,0.967814015533927,7.04645368421043,0.01177959904935,0.0296350700325526
ST20-AS1,0.666106282651231,0.255121886203782,7.04583642877129,0.0117843155551468,0.0296406492819826
NFIX,-0.608090476301735,7.87248349412343,7.03787238754949,0.0118128081055573,0.0296950460102738
ARMCX4,0.597657702460304,3.71932076531526,7.0329946250602,0.0118397328372963,0.0297461723712112
ALDH1A3,0.967882545959433,2.98832459650434,7.03273646271541,0.0118417762189232,0.0297461723712112
SPNS2,0.769038930326899,4.09070126662707,7.03233975621894,0.0118433003102326,0.0297461723712112
C1orf43,-0.667685480596326,7.89531967115575,7.03212765683705,0.0118444088888965,0.0297461723712112
SIRT5,-0.718456633596118,5.18595553278096,7.03140490111621,0.0118483929183256,0.0297514629340366
AMOTL2,0.630443874564462,5.33401287221127,7.02807431969407,0.0118667623987704,0.0297928681453286
GNMT,1.18070550125267,-1.41592010457059,7.0194094105542,0.0118798747393829,0.0298116191599368
TIMM23,-0.599230047844277,5.70066721913632,7.02519950589464,0.011882641465174,0.0298138409275828
ASB3,0.63111272646207,-0.529323812675587,7.02958758561866,0.0118854042838704,0.0298160521903583
CELSR2,-0.797004753724953,4.45105992910365,7.02339837837675,0.0118926067893599,0.0298293985107606
COA6,-0.659307539121509,4.15862178287645,7.02116328849568,0.0119049969374941,0.0298510263399476
SLC20A2,-0.85351404493083,7.10553244229105,7.02014304888538,0.0119106276943871,0.0298571577418045
TMEM145,-0.827005850466908,-1.9834016847334,7.01731630834844,0.0119305482863535,0.0298914464338094
DGKB,1.46778062104305,-0.221662410771703,7.01343350562218,0.0119660820212011,0.02996279514543
CYCS,-1.04311843253343,8.26906355418119,7.01004171345977,0.0119667502745375,0.02996279514543
PTGR2,-0.73114367348808,4.45409161973718,7.00608697564507,0.01198880537672,0.0300089399470672
MTUS2,1.36241476323321,-2.05839699592585,6.94965255684516,0.0120204374300337,0.0300786154987752
LINC01311,0.929269591772615,-0.761067948327978,7.00537023184099,0.0120258838756784,0.0300874931761724
SLC29A4,1.57270137443984,2.23648953197993,6.99963769019957,0.0120282202032033,0.0300885880915806
TPST1,0.983833012558414,2.36778572593103,6.99871996900588,0.0120315722505832,0.0300922230831743
PRKCZ-AS1,0.871762300520222,-0.739953383232934,7.00289702382719,0.0120419033564163,0.0301038969330642
RANBP3L,1.25816674562204,-0.644272760336252,7.0000525740487,0.0120419387050353,0.0301038969330642
KIAA0513,0.589618527204046,4.00625084333845,6.99238280730775,0.012065608185449,0.0301488005226758
GNPAT,-0.665158353680266,6.48791429181018,6.98988951135946,0.0120795681888074,0.0301646575934496
MFSD2B,1.28736526586251,-1.97375402906302,6.94791279244978,0.012097559266858,0.0301976056233973
RPL22L1,0.792739023332437,1.96843610236948,6.98471542144862,0.0121111983482896,0.0302245921614717
CTSH,0.880941152817174,4.74510677186999,6.98215426551672,0.0121232101787538,0.030249805023258
ADAMTS14,1.84924758614516,0.998747568208322,6.982603918364,0.0121344532087596,0.0302716127270516
CLEC18C,1.21553493462809,-0.875847366079027,6.97813561028239,0.0121603497267988,0.0303233772022943
PKHD1,2.07318181025939,-1.84794789926126,6.89601436001439,0.0121670589985546,0.0303280915143824
ENSG00000271941,1.03847637391076,-1.65068772964407,6.96477970458033,0.01216754327062,0.0303280915143824
OGFOD1,-0.685712835804903,5.80110816195174,6.97355864674905,0.0121718337103871,0.0303280915143824
HID1,0.801809232520944,3.7533367775535,6.97356197947411,0.0121719449546403,0.0303280915143824
THRSP,2.07328806610062,3.86509737843249,6.97334201032706,0.0121736266880842,0.0303280915143824
KLHL21,-0.608833517763413,6.47506390643969,6.97101963834127,0.0121862459876889,0.0303545174735785
CUL4A,-0.741939724157698,7.64765209834053,6.96730344438404,0.0122073739934733,0.0303975888866391
PACC1,0.583022383056968,0.790582920300664,6.96698252341235,0.0122140222405073,0.0304054291037487
BMP2,0.827707843714218,1.84328683912513,6.96343699866568,0.0122323510706046,0.0304333961255547
ACADL,-0.710064603578888,2.90412266522382,6.96249845884201,0.0122351969909705,0.0304333961255547
IER3,0.800680669100145,2.08725744079244,6.94167679592615,0.0123562705665414,0.0306719642337063
KLHL28,-0.58212344472871,3.5852060818799,6.93659937794682,0.0123835364121164,0.0307288634412147
EPSTI1,1.15307905360157,2.06883842497894,6.93150382212583,0.0124157356314138,0.0307761868529665
TARS3,-0.84286581439118,5.68895600684197,6.92438062242679,0.0124542912715677,0.0308476326634156
TAF1C,0.615391345923382,5.10063518584413,6.92169798809242,0.0124699174585826,0.0308749180184934
INSIG1,0.714138719623912,3.65943582697015,6.91823814693648,0.0124902119218545,0.0309124454670668
GNGT2,1.31875199757217,-0.94762348274137,6.91639640325754,0.0125015995727123,0.0309309677484421
NQO1,0.994768861896678,4.09049405841961,6.91561491933059,0.0125054718723938,0.0309357185079338
PLCD3,-0.690139439000032,6.69907301331037,6.91351104859111,0.0125176686153055,0.0309610573664346
LIPE,1.81446990178217,5.17338710313646,6.91313167937032,0.0125199238860822,0.0309612318883579
AKTIP,-0.649442343348922,6.15248456872174,6.90067135448642,0.0125929823033472,0.0311036728813863
CS,-0.825387417990928,8.82654827724821,6.90059738546639,0.0125934171050512,0.0311036728813863
DDX60L,0.745176591759185,3.29523963267824,6.89796468377533,0.0126092249666143,0.0311223739938673
AL450326.1,-1.04342820247939,1.4893831032153,6.8967137011387,0.0126197995722862,0.0311407604830301
FMC1,-0.610086265646036,3.4016713178785,6.89454438251321,0.0126293387221609,0.031154596938058
SRFBP1,-0.719332657403624,2.71962966477437,6.89294451206388,0.0126390965260994,0.0311689639976808
LINC02709,1.57989447096413,-1.88139942004694,6.84268803837587,0.0126522583579688,0.031191714094389
RAB3B,1.03167347516539,3.9131810415139,6.88682431603826,0.0126748991115909,0.0312329538518709
ABHD17C,0.795857238995058,-0.00151049692182719,6.889475586672,0.0126844955610604,0.0312420269126708
ASH1L,-0.632900367897791,5.96535679746248,6.88411342508705,0.0126908274127998,0.0312527648812182
SERHL2,0.707500285222417,-0.124251629419921,6.88561790075092,0.0127078453412566,0.0312898112372425
CLEC18B,1.21415653937342,-1.16646664818993,6.87868395249397,0.0127175238135669,0.03130877736113
MRPL1,-0.631670450070749,4.65879553869334,6.87783926704412,0.0127281200684452,0.031329996695348
CDH1,2.36225022379807,-1.57186570986961,6.80028212150488,0.0127525168516881,0.031375428434824
MEF2B,1.69492759873896,-1.86341785892569,6.81430398886286,0.012794850639947,0.0314649283195592
AC008758.4,1.05589458836536,-2.39824073809471,6.79549845051504,0.0128044458373221,0.0314748767888888
ADAMTS12,0.748767005787863,2.04437604596779,6.86508492582383,0.0128065283958943,0.0314748767888888
CCBE1,1.59349975220387,-0.364821140357332,6.86621693717789,0.0128079904013619,0.0314748767888888
NDFIP2,-0.633080892468546,4.82725370872109,6.85665019613162,0.0128549278597536,0.0315636879134668
SBDS,-0.617155675005992,7.53426855695881,6.85562709762087,0.0128610819743021,0.0315739064363695
CTSC,0.874607676441366,4.84533602266083,6.85363178463712,0.0128731340118587,0.0315937052324492
C8orf88,1.03071461161267,-1.1951208187314,6.85313876401162,0.0128890002037312,0.0316228497025125
RBMS3-AS3,-0.906258184975128,0.20142648639506,6.85332365796126,0.0128961715475537,0.0316355465192081
UQCRC2,-0.86194522927732,8.99343459753354,6.84392834126463,0.0129317138163997,0.0317080100338058
CSK,0.776530565698208,3.91806084709292,6.83801125031924,0.0129676983889204,0.0317814903138295
MIRLET7BHG,0.640650186255664,2.82529029256946,6.83567392787411,0.0129825672104028,0.0318031755423177
SUSD4,1.31759465730916,1.00429776088125,6.83023001452465,0.0130267804198227,0.0318718390668726
NDUFAF4,-0.732290201636829,4.6392728449015,6.82140256695546,0.0130688989554914,0.0319553836981441
SLC29A2,-1.00652237496001,5.9828717523641,6.82097367433949,0.0130715225382157,0.0319568678900192
SV2A,1.04242897369879,0.110762515639658,6.82112428276581,0.0130939881481311,0.0319855863362274
KCNQ5,-1.46606329407698,4.65993378321046,6.81210534346799,0.0131259762913248,0.0320306969954763
GHITM,-0.720977958804755,8.23946516702557,6.80945924954665,0.013142264601103,0.0320605706794458
LIMS2,0.732011844213399,5.78294950531292,6.80608319801549,0.0131630858882094,0.0321014807741543
ZNF709,0.892719851537201,-2.30275559125235,6.75565237314942,0.0131656622470804,0.0321028234542981
TP53I13,0.707616386819426,4.00231318326497,6.80469397208137,0.013171746168621,0.0321127171590979
RGS14,0.79262144658714,2.67136624152626,6.8029000657679,0.0131838006752176,0.0321322192095007
APOL5,-1.25778941548885,-0.0563427905391316,6.80208362979296,0.0132211436889568,0.0322133247292279
RMND5A,-0.767978882271508,6.70454905135123,6.79598773993112,0.0132255558310011,0.032219121176614
SLC50A1,0.745471793622755,2.54443727438495,6.79351158341343,0.0132421099258028,0.032251107514451
PRKAA2,-1.22450039836798,6.96736309866455,6.79321714329146,0.0132427561428998,0.032251107514451
ADGRL4,0.600039563266831,4.82115349988013,6.79208265694075,0.0132498405196548,0.0322584456467921
SHC3,1.08420002500833,0.764611644665386,6.79263509994491,0.0132599830369968,0.0322732224216386
FGF13,-0.61971964991892,4.15293690145733,6.78914622507063,0.013268095998204,0.0322780959907183
BRSK2,0.907208113452666,-1.28466202904978,6.79107653912553,0.0132746880588214,0.0322891760043196
IFNLR1,-0.923753623605448,2.26238482734047,6.78642169094053,0.0132862255614828,0.0323122799988978
ART5,-1.05019910928222,1.98890858304152,6.78511975363337,0.0132948394543705,0.0323233078909803
HSPA8,-0.682415483488713,10.0311378166256,6.78134231382613,0.013310889469213,0.0323418076414881
SLC37A4,-0.716788078655353,5.1895933441703,6.78199837938318,0.0133126529466414,0.0323418076414881
GRIA1,1.4351209618787,-1.21677782532754,6.77320764286929,0.0133207987308404,0.0323467204240926
PRRG1,-0.692246481274714,4.13723354309118,6.77768667520328,0.0133396430331225,0.032371682494053
AC245100.8,1.0123566563265,-0.0821596398129254,6.78171962269364,0.0133412922552319,0.032371682494053
APOBEC3A,1.86355573984587,1.66838845071601,6.77840697384896,0.0133439133811794,0.0323730856325093
TMEM108,-0.817662111473111,3.5712462132557,6.77401627477829,0.0133627723534821,0.0324089154401026
LINC01551,1.02529998847914,3.8987019688109,6.77250956285332,0.0133722305609017,0.0324219304924432
LYPD6,1.58510143480313,-1.91024066454023,6.72234152359749,0.0133859358248493,0.0324402699214539
UBR3,-1.01962950446599,7.7939026657883,6.76127735323921,0.0134427948155758,0.032548200067598
SRD5A3,0.616624449369523,2.24754799041579,6.76109372488058,0.013445433552037,0.0325496158721556
FXN,-0.65141134668693,3.51916567979988,6.76002291024014,0.0134508681297556,0.0325533879558226
AC109449.1,0.897044580113839,-2.59888558369902,6.67298219746821,0.0134511001662602,0.0325533879558226
NKIRAS1,-0.696980748966764,4.08264869270694,6.75878487777547,0.0134585660028091,0.0325664827372906
RND3,0.702565072564981,3.31005697185598,6.75682933816603,0.01347122311585,0.0325921332392175
URB2,-0.620514502583988,2.90572643989588,6.75430307958102,0.0134873898167561,0.0326262656733527
AOPEP,-0.692438789877217,6.78397955006615,6.75331026438103,0.0134931988789227,0.0326353361773943
PAQR6,0.827872448317935,0.455968181718083,6.75349723684616,0.0135093965047576,0.0326695263865243
AF001548.2,0.834202309010643,-0.929400368527799,6.75314417053111,0.0135328565775,0.0327079792239402
RAD23A,-0.803200005917264,7.88619461199243,6.74638657560123,0.0135371670329561,0.0327079792239402
FAT3,0.859228358165284,-0.156074058005799,6.75088932189985,0.0135378618840482,0.0327079792239402
COQ2,-0.8444354682171,4.59780471841096,6.74518484975928,0.0135448188304075,0.0327144220207866
CHEK1,0.613239290967622,0.571285228480869,6.7462728809499,0.0135474440409607,0.0327144220207866
SATB1,-0.906322936075991,6.50057094105161,6.74220696627692,0.0135637843503908,0.0327374567984997
PRDM6,1.13082925476197,-0.0666019335864199,6.74554616872912,0.0135684745537039,0.0327374567984997
SLC16A8,0.925164234954003,-0.884356617406977,6.74624699310013,0.0135723853207579,0.0327419074711601
KLHL6,0.855073736460101,1.39941095636165,6.74025087390182,0.0135820539466829,0.032760244884792
MT-ATP8,-0.934122308283017,10.8882053636255,6.7334413733124,0.0136197894423693,0.0328212900385077
MMP28,1.31122816374196,2.78043279334561,6.73308108175254,0.0136235163557667,0.0328252795636057
SMC2-AS1,-0.704316818302028,-2.07357069348467,6.72360468688298,0.0136575780351732,0.0328923463713359
SH2D1B,-1.3175681271623,1.91685856254914,6.72642943931631,0.0136669326675601,0.0329098741806449
NOCT,-0.747940835379513,2.1556163099258,6.7254256634514,0.0136725175109111,0.0329133199142349
SMIM30,-0.680426036035724,5.7727836907171,6.72254750265961,0.0136897415979329,0.032944773743727
MYLK-AS1,0.804577624346531,-1.73491136378439,6.70536702829567,0.0137555853491119,0.0330730937683776
KCNK2,1.36605293591676,0.834427367116743,6.71083893441845,0.0137797543437236,0.033116130889443
HERC3,-0.639422677452766,4.86280672228858,6.70296981494639,0.0138164309818392,0.0331791152855291
PHEX,1.7578287644873,-1.7895282533307,6.64351977601205,0.0138930464128125,0.0333428905806208
CYP2A6,1.8009674276869,-1.65106414057471,6.64620202076713,0.0139200084108286,0.0333974827080091
SGK1,-0.738696918756859,5.36483110883784,6.68467411748685,0.013935964290093,0.0334127214860673
NDUFV3,-0.61992000862621,6.17486984314608,6.68431869803566,0.0139382963519418,0.0334127214860673
AL139384.1,0.707604793568544,-0.255794107531635,6.6886051987881,0.0139390106483493,0.0334127214860673
LRP12,-0.694949268828323,3.82827701997798,6.683356327333,0.0139446767344768,0.033421248065828
NEK7,-0.590658838630682,6.03759706735704,6.68120550015594,0.013958751029453,0.0334468263135377
TBC1D32,0.783864091535193,0.121173782730695,6.68472039565794,0.0139595702175641,0.0334468263135377
DNALI1,0.663760785155718,1.40359164713288,6.67620949914539,0.013996846421117,0.0335158696336417
BTN3A2,0.829338720359602,4.35352558129844,6.67499543070915,0.0139996901688103,0.0335176144591534
RNF10,-0.586744055130929,7.92883239117673,6.67384155783689,0.0140072625824143,0.0335251153360381
TMEM273,0.765091033251905,3.55039372724664,6.67315799780491,0.0140120263987847,0.0335251153360381
LINC00920,1.19661639316789,-1.99385453276982,6.64035803807771,0.0140134008951799,0.0335251153360381
VAPB,-0.691497059328275,6.55235089046886,6.6708005375394,0.0140273494824055,0.0335534199619139
MRPL53,0.630656150015508,-0.0509566294111317,6.67220926288658,0.0140395893823804,0.0335654868848906
AC067838.1,0.900076150018387,-0.925088739706531,6.67304115274686,0.0140483224118183,0.0335782451372676
LMO3,1.8131982268436,1.48693792231078,6.66856557612781,0.0140523107612429,0.033582712808538
ENSG00000257151,-0.954745538817744,4.67627166107729,6.66553053537145,0.0140622367560698,0.0335963012020863
KANK3,0.641747680783297,4.129913479131,6.66422105779664,0.0140709577723291,0.0336120693123453
EPHB6,0.780224865703859,2.47070693412788,6.66326496567581,0.0140785940813425,0.0336252419603668
ANKH,-0.611205627988646,6.80642386848865,6.65997104880814,0.0140991333787783,0.0336641504676057
CCDC116,1.22201823382721,-1.75271559067663,6.63879199500575,0.0141120102351216,0.0336796726198754
LCOR,-0.653619037965752,3.91437167580804,6.65338531340943,0.0141430238642523,0.0337311978976173
ENSG00000227603,-0.590507127350535,-1.38759265570076,6.66451888843706,0.0141442424452368,0.0337311978976173
ZNF837,1.21993399302373,-0.653483302379773,6.6524345985897,0.0141724182915248,0.0337912073972545
SLC9B1,1.23801625284994,-2.0924195208087,6.60678530822588,0.0141747225621636,0.0337912073972545
WWP1,-0.938446038475805,7.58224122106144,6.6484700060744,0.0141758027877168,0.0337912073972545
TREM1,2.29120547630471,0.357655183985251,6.64307869535912,0.0142141164020563,0.0338468974640701
R3HDM1,-0.621493663648236,4.94237024478415,6.64023672473077,0.0142309673662524,0.0338768423994295
ANGPTL7,2.53828147581677,1.7396294574489,6.63832182167862,0.0142565221917451,0.0339172957772984
SOX5,1.06109328100437,1.13069062498752,6.63088939913415,0.0143030993777244,0.0340025826340831
DLGAP5,2.07277125946952,-2.64097938478808,6.48786290470825,0.0143365288179247,0.0340718314603559
DUSP23,0.620690325192106,3.12537671131383,6.62229156951438,0.0143525032129756,0.0341046811240103
HSPA9,-0.706341563475833,8.12497238039941,6.61874301782406,0.014376063684866,0.0341555444099057
DHTKD1,-0.823364403175778,5.19538658182607,6.61351659416281,0.0144115888658201,0.0342179020983457
HCCS,-0.736822149470758,5.10652303315555,6.61329367295557,0.0144131063612329,0.0342179020983457
CCDC89,0.976923617797963,-1.06883331229431,6.61619636677156,0.0144197041687272,0.0342241777991739
HOXC5,1.13516872904147,-1.80902300231308,6.59142442827609,0.0144378761106815,0.0342568771166422
MRPL19,-0.70170662649347,4.91956308685544,6.60961497773721,0.0144381701433743,0.0342568771166422
SLC7A2,-0.858548525995636,7.57393573206933,6.60754884154109,0.014452264524036,0.0342851850168261
GCA,1.09904274539743,2.81453780548465,6.60285997711307,0.0144855120799356,0.034342052893545
FOXM1,0.755511843169407,-0.280709726767611,6.60727762298861,0.0144878838571951,0.034342052893545
ZNF205,0.919505328029616,2.55186010396076,6.60233703407381,0.0144892386979392,0.034342052893545
MFAP3L,-1.18744131486219,3.10254483383236,6.60182905386925,0.0144918066551133,0.0343430028508421
ALDH6A1,-0.901209197944921,5.53556109325203,6.6002030380479,0.0145025067608323,0.0343632213873967
NIBAN3,2.21392613494362,-0.111518774376599,6.59351520274619,0.0145268340016092,0.0344021687052503
GPD2,-0.725587117229924,4.89617262243409,6.59654065024876,0.0145276274989294,0.0344021687052503
NHLRC4,1.16591100828926,-0.314632453079445,6.59937656391239,0.0145365683671967,0.0344117298996337
FAM24B,0.934641917808532,-1.80702082256568,6.57717267049507,0.0145788033904291,0.0344975806074555
LIPC,1.67292293962621,-2.1652406988849,6.51553411349496,0.0145990206738772,0.0345402628574099
LINC02541,-1.20924219269049,2.40899567344079,6.5806091210644,0.0146385001946887,0.0346233302366018
PLPP2,2.01167586774002,0.0341831062120012,6.57614675873754,0.0146718312787907,0.0346866343838574
STK33,-0.954357568008733,1.95589277184917,6.57188027311692,0.0146997070319142,0.0347470804220558
LRRC37A2,0.622430449481707,3.98576670501966,6.57134398076777,0.0147017842007878,0.0347470804220558
AGMO,1.13336103716668,-0.83751548357583,6.5728184132497,0.0147151285237439,0.0347648267829423
CNIH3,0.611544473300894,0.752198293203585,6.56678565667745,0.0147430463108173,0.0348082620511803
CLCN2,0.594910338143276,0.763869077659171,6.56563017743,0.0147489223295916,0.0348169480347144
PLEKHH1,-0.648965360114415,1.8949130975751,6.55347195004254,0.0148283367372851,0.034969544069025
SEMA3B,0.865539163973184,4.27089701672006,6.55305381340834,0.0148295643528647,0.034969544069025
KLF8,0.647096953643634,3.20553347397898,6.55201887437869,0.0148371867004944,0.0349732110133474
ARTN,1.1242067780316,-2.01128564262411,6.5197421404333,0.0148536563747955,0.0350068251890815
SUCLG1,-0.656309861497244,6.96600323792146,6.54861691538588,0.0148606782351516,0.0350169897264635
WDR86,1.07048144368147,-0.0999542655819374,6.55054142708831,0.0148752869268812,0.0350369607506372
VDAC3,-0.847421626148407,8.33380563870181,6.54269675582079,0.0149023896904602,0.0350903669278934
AL157895.2,2.22254824159025,-2.46639024430303,6.41521008105425,0.0149438826187472,0.0351671677842719
USP38,-0.903529362814374,5.97822054423852,6.53500092971192,0.0149568018074285,0.0351871196915556
SPATA6,0.600945478101225,1.67172365801378,6.53052048703923,0.0149919703831526,0.0352541556108947
CLVS1,1.30531066999232,-2.50221062553647,6.43931165850012,0.0150233426373072,0.0353122086581736
ENSG00000130489,0.63024444170293,2.48296051512554,6.52221075319601,0.0150489246953967,0.0353618489988066
FAM110A,0.931577668141714,1.00048448669599,6.51874643813155,0.0150828847648834,0.035418418671529
AC010491.1,0.839903771929238,-1.78236750062677,6.50668214619768,0.0150962856906595,0.0354363559976123
AC090061.1,-0.587640685659297,-2.31528335843816,6.49434963376747,0.0150998346888128,0.0354394372502394
AC008555.4,1.30638581443725,-1.90250168538809,6.48232092368721,0.0151172640092012,0.0354645866400905
SLITRK4,1.17323830445326,3.27515882182337,6.51207772240078,0.0151206849506639,0.0354673615176393
BMPER,0.789772018101968,2.09754076827037,6.51139212144086,0.0151273780966323,0.0354770110312768
SLC25A35,0.683901542631619,1.18407356048252,6.51180458495835,0.0151292762383649,0.0354770110312768
CDRT4,1.00029751987389,-1.31172695156725,6.50687704095585,0.0151634836403887,0.0355414473079781
MED14,-0.722098677677627,6.14716239755557,6.50520837652747,0.0151694732866081,0.0355502282124931
AL160191.1,-1.17838618440925,-2.29392586002127,6.47542090114621,0.015189117907605,0.0355804806329367
TIMM17A,-0.608918006977811,5.97488516472573,6.49461220995967,0.0152458984154264,0.0357020162956116
ZNF714,-0.67154768556705,1.5397218903115,6.49108335880397,0.0152745464277927,0.0357594529828972
CCDC163,1.17265575138713,-0.0783871356091265,6.48882273030856,0.0153151278375168,0.0358432114505402
ZNF454,0.897745626116135,-1.62614210316116,6.47840671263513,0.015333454420586,0.0358761630301234
AP000866.1,-0.823143108985349,0.369156715016658,6.470958138814,0.0154361991098996,0.0360845917236435
PUDP,-0.78027138207548,4.2109851350554,6.46776364720654,0.015441419174959,0.0360914704521497
THPO,0.580091000693239,-0.0235280029264758,6.46762898601593,0.0154598938353978,0.0361243713947165
RHEBL1,0.832405550019946,-0.8881669294882,6.46374384850504,0.0155126303368249,0.0362045144252819
SIDT1,0.871783733539284,0.0442140031718895,6.45905175295364,0.015532480102069,0.0362455031920905
RINL,0.672375156669637,1.77693858563218,6.45386254540546,0.0155469868142865,0.0362633353026198
LPCAT2,0.676342470686048,3.15737890020829,6.45126365588733,0.0155633596801594,0.0362961826124334
NAA15,-0.587371294814059,4.97767256038395,6.45026387050515,0.0155703045416229,0.0363070359139345
PFKFB1,-1.14648954115413,5.0032067967185,6.44846862865122,0.0155835928848414,0.0363326756578023
PTCD2,-0.612905745202904,3.99117009362242,6.44596317395531,0.0156021989720206,0.0363707041938233
EPM2A,-0.99904044879327,6.08172843359741,6.43928280718681,0.0156517740500177,0.036464813785744
AC008771.1,0.67682407550587,-0.974491457012118,6.4439245538991,0.0156560165907369,0.0364693363094821
SAMD9,0.750728141701858,2.26271294789763,6.43845378123572,0.0156596745221333,0.0364724959071497
TTC24,1.52610208571728,-0.911504623139825,6.43251390238067,0.0156791619432914,0.0364980122957601
PLEKHO1,0.714904060684391,5.17354096995595,6.43473793676038,0.015685647224111,0.0365021126221314
SLC16A12,-0.923277198615129,1.69129809204234,6.43499956442671,0.0156863620674994,0.0365021126221314
AC010864.1,0.729079358889015,-1.31435908739137,6.43759583270085,0.0156908178949933,0.0365021126221314
ITGBL1,1.13020920993605,1.7371708273041,6.43046910655076,0.0157224398178565,0.0365542112373198
SLMAP,-0.731015432033883,6.53860240183703,6.42895048581382,0.0157288527004052,0.0365637566001646
HOXA-AS3,-0.708330221119752,-0.495612252998132,6.4337685958482,0.015744869388687,0.0365902544658342
SLX1A,0.6589113452625,0.793667245570385,6.41897031317513,0.0158158301523998,0.0367336157738649
AC018816.1,1.63379062383501,-1.73453448960404,6.38042510481225,0.0158196872786829,0.036737189962674
KANSL1-AS1,0.926974067941075,2.03923849101963,6.41634545382006,0.0158263307877674,0.0367472328195972
CLDN5,1.23390524623945,5.56933657029987,6.41240084871586,0.0158531872745806,0.036798807490886
SLC24A4,1.12137448022031,0.51789676839636,6.41245072502111,0.0158717671039941,0.0368207213011254
FHL3,-1.18049236541254,9.1202635456748,6.40240082192843,0.0159287991250487,0.0369202398324772
ADAMTS8,2.46497590097206,1.78712977817877,6.40110071145142,0.0159513228266784,0.0369670390222833
SUCLA2,-0.960774150706147,7.40810214471739,6.3987924159675,0.0159561855394382,0.0369729013369612
LINC00853,1.42768101840713,-2.39751883185274,6.30706048416699,0.0160474710999029,0.0371464029389661
LINC01239,1.68787090736856,-0.842310250173978,6.38124456897123,0.0160531952313014,0.037154225913602
PAX3,-1.0409955392034,0.618487696920279,6.38569541783458,0.016070009508375,0.0371877103795588
COL9A3,1.20348855706793,0.735641603585553,6.37985680271442,0.016116863503946,0.0372743630979324
NIPSNAP3B,-0.938569819862271,4.99319669222421,6.36916616052941,0.0161829722861027,0.0373890598947178
WNT11,0.895681176215395,3.52128152602885,6.36880986747302,0.0161860361738601,0.0373906873538135
CES4A,0.671083857502351,1.02050731220751,6.36803324591077,0.0162010283158235,0.0374035104488425
MSI2,-0.822812059274539,6.48394390876084,6.36445625723443,0.0162193428285281,0.0374294343678004
CPA4,2.37331983792286,-0.954670581040689,6.32541962305174,0.0162801656454317,0.0375362784655419
PDE10A,0.810957314008999,1.05879921347904,6.35749229990276,0.0162827767266561,0.0375362784655419
AC016773.2,1.39869123346491,-1.17193088991329,6.35145159697819,0.0162843482158657,0.0375362784655419
LRRC3,0.74410675865704,0.42279244786305,6.35592089994103,0.0163046437629247,0.0375661078381895
GPD1L,-1.14900497773111,8.09062181550558,6.3524890175865,0.0163121598942924,0.0375762785044808
PPIF,-0.808632108670178,5.80225827942187,6.35227827149145,0.016313800473959,0.0375762785044808
PIK3R6,0.961169503552261,0.674980684807014,6.35282060859937,0.0163253506258724,0.0375974177253597
STAB2,1.97382448273756,-1.29420195022209,6.32141080859103,0.0163375500487864,0.0376200458621211
PRKN,-0.882234203155623,4.62985031328313,6.34175987376816,0.0163958676108092,0.0377378814856201
USO1,-0.861624374232446,8.13390875816583,6.3393220371063,0.0164149459823577,0.0377601559431712
GTPBP8,-0.718267285591477,4.06988501119344,6.33930886030907,0.0164150763105008,0.0377601559431712
PPP1R9A,-0.774709611960487,3.84672668630784,6.33702835177418,0.0164329890240526,0.0377958747553211
ZP1,1.24763252094911,-1.62412779017269,6.32227431631119,0.0164439959932019,0.03781021539528
AC023908.3,0.911585048885797,-1.11028093591531,6.33811346628298,0.016456446200288,0.0378333531025625
GBE1,-0.780060076452093,6.75191746634974,6.3313686653801,0.0164773719182828,0.0378704732108815
ENSG00000275542,1.10748515430773,-2.30079873096208,6.27733999779065,0.0164929830273549,0.037893551408846
GDNF-AS1,-1.30175992372439,0.63413780319407,6.33101720636605,0.0164953753649429,0.037893551408846
STK32C,0.721655875050164,2.12477416737172,6.32734682450445,0.0165111625113036,0.0379206365676272
NDUFA6,-0.631903237215727,6.49508648155932,6.31779196036841,0.0165845286319586,0.0380666359081572
CEACAM1,-0.69760187435452,1.46167825216346,6.31785148138943,0.0165878026343777,0.0380666359081572
AL592211.1,0.872647123751696,-2.5470711580073,6.24818127986038,0.0165891454270041,0.0380666359081572
NRIP2,0.649593885217111,2.57802077108476,6.31627581849733,0.0165976852809732,0.0380752053629969
DBT,-0.658106757607902,4.96818192112803,6.3125386900802,0.0166261955147886,0.0381269280931685
RILP,-0.585734860675843,5.1083878983035,6.31252205209345,0.0166263271045323,0.0381269280931685
ZYG11B,-0.982876734839982,7.41383458643401,6.312380377641,0.0166274499938087,0.0381269280931685
ANKRD44,0.625618405146989,2.76270050778351,6.31133666199116,0.0166366780984486,0.038140017703141
RSPH9,0.827041234929845,-1.16080718255239,6.3157367145275,0.0166379720061724,0.038140017703141
CACNA2D1,-0.98954905250787,7.70210812437029,6.30480436960748,0.0166877403704613,0.0382430400073319
WIPI1,-0.783607969585952,5.6903491540463,6.30322762272618,0.016700318961087,0.038255588298811
AL135905.1,-0.751444866879307,-1.82651624902712,6.30917232355971,0.0167004581214851,0.038255588298811
PROSER2,1.04990364325654,0.0717902397541807,6.30199665141801,0.0167372072274163,0.0383065457730886
BIRC5,1.61351199861364,-1.5431504994391,6.27225340373695,0.016760039424164,0.0383459146942842
CFAP54,1.61748326230981,-2.48011774976982,6.20444326261384,0.0167616678921756,0.0383459146942842
EFEMP2,0.688983587126243,5.23602444206381,6.29159479670352,0.0167934318555753,0.0384056032082326
C10orf25,0.673337509677018,-0.391801046109272,6.29291446970545,0.0168174098535043,0.0384456857975306
ATL2,-0.69859473520507,5.5029048720193,6.28240899457224,0.0168673515354089,0.0385431751667808
ST8SIA4,0.685032619019375,2.2685722529554,6.28229305862689,0.0168700045168175,0.0385436795816043
COQ10A,-1.09996087710962,7.36364276554684,6.27396972708572,0.0169355738608124,0.0386767601920008
COX4I2,0.912020831408197,2.37685034225996,6.27104892527722,0.0169610318422336,0.0387237388854453
ADGRE2,1.12965869458472,1.65835534767836,6.26913913673693,0.0169803443902369,0.0387622468383873
SMCO3,1.45494004663646,-2.25175934685542,6.18820266001751,0.017129415475696,0.0390372397930892
SOCS6,-0.61392585327371,4.77797830575353,6.2501383931421,0.0171298475492173,0.0390372397930892
VBP1,-0.638026609058527,5.93567917084666,6.2391851079981,0.0172199411321689,0.0392187995288129
AC116913.1,0.657726008745812,-0.464690255206358,6.24096268626427,0.0172413458196142,0.0392449881073579
AC008894.2,1.23744830066184,-2.56744383044445,6.14841615177367,0.0172764856478366,0.0393077459886787
MAL,1.02353283890728,0.472898643625566,6.22995653904426,0.0173164388628204,0.0393763246748622
CCDC141,-1.21232825891359,4.55110905838864,6.2261620485299,0.0173277356684089,0.0393963597040567
SYT13,-1.58164443774954,-0.80732107538148,6.23463838180022,0.0173429363253837,0.0394196087131893
TRPC4,0.874719613533401,-1.44032480671774,6.22347725377608,0.0173556316569193,0.039437151543906
ADGRD1,0.901794677378435,3.62181901714768,6.2200964170963,0.01737844264304,0.0394720052406844
GPR160,0.747651420452912,0.735202245327104,6.21847624830534,0.0174057290752819,0.0395283159438223
PARVB,-0.716622583378332,6.99596656944194,6.2112355001791,0.0174521713813813,0.0396281071615919
MIR210HG,0.661431998830083,1.27980473459205,6.21078385683197,0.0174626695399809,0.0396462642120454
MPHOSPH9,-0.78390200662664,3.28489316181722,6.20580218364831,0.0174980978183298,0.0397048103566759
OVGP1,0.661880913179729,1.42871966554647,6.20637006781224,0.0174985528097384,0.0397048103566759
HTR7,2.08075724981318,0.351163236950746,6.20574999190714,0.017509904465695,0.0397095585279013
DIS3L,-0.641136471311746,5.48599683805947,6.20426754329644,0.0175105947493516,0.0397095585279013
HIPK2,-0.870531427624538,6.56284518310385,6.19426578829864,0.0175948222162207,0.0398606358342314
ANKRD53,1.3433905802103,-1.0004549378103,6.19250451727765,0.0176032831617751,0.0398741035255359
AC016957.2,1.15174964815052,-1.20989529649324,6.18931555675247,0.0176333674783455,0.0399214765385065
CRYBG3,-0.843813382410218,4.2355032269725,6.18959989189302,0.0176342737281218,0.0399214765385065
PLCB1,-0.686256458954917,4.38899951799119,6.18036666681126,0.0177126069450643,0.0400644707762538
AL390726.4,1.63071431245525,-2.74949131582937,6.06300128069592,0.0177182149011838,0.0400708876349785
ANKLE1,0.65134490670962,-0.691525541541381,6.18410016283238,0.0177205010756565,0.0400708876349785
C14orf132,1.18965442530316,4.04152306773712,6.17660132974906,0.0177448266188441,0.040108724494198
PRR22,0.725417118803192,-0.387324524413566,6.18024993962345,0.017753970304224,0.0401236690546259
AC244453.2,1.41174931538125,-1.89898996707427,6.14124663542885,0.0177649957866251,0.0401371383277228
VSTM2L,1.52362158121219,-1.02441346451907,6.16544357073242,0.0178006436841588,0.0402062144331334
NAA50,-0.695048585669064,7.81192794597782,6.16715658398243,0.017825330245976,0.0402504999156428
ENSG00000277420,1.3377360579785,-1.93482547986647,6.13134477813012,0.0178632517477414,0.0403188933836289
UGP2,-0.683035582655259,8.54561698648152,6.15801161329192,0.0179038245943196,0.0403874602628018
UBFD1,-0.674845360426841,6.27064916354402,6.15389445126303,0.0179392860702383,0.040455936581054
NDUFB1,-0.590738029717913,5.9885626299624,6.15291248877088,0.0179477551351528,0.0404625681578873
ZNF253,-0.641869458850323,2.88841277256266,6.15135788755967,0.0179617280347006,0.0404835022281184
PRICKLE2,0.592915712761642,2.90973923984323,6.15007815202768,0.0179730342079968,0.0405032242739087
CNFN,1.56995826133538,-2.45293232288155,6.06651429348132,0.0179807983047777,0.0405149595813752
CIB2,1.14648528393422,2.67941532413427,6.14770471771111,0.0179943135821115,0.0405396484696789
AC005696.4,1.12789736223355,-1.42607255715681,6.14161639392861,0.0180141979926184,0.040572910117826
DLK2,1.32476026666872,-2.66657355582414,6.04571722485277,0.0180547431155207,0.0406526732241625
NLN,-0.69421631398376,4.87274196297676,6.13754965460494,0.0180808177421872,0.0406856146005117
PRELID2,0.747704099120204,-0.791176234423831,6.14172490440309,0.0180919553946496,0.0406937136171616
AC005261.4,0.709989968754814,0.82961860705565,6.1375416816007,0.0180935133556207,0.0406937136171616
MRPL15,-0.767374837386547,6.25022603470184,6.13520720953937,0.018101196582199,0.0407052167217407
MGAT2,0.734997431346009,-0.378413846177956,6.12491896980522,0.0182315395959317,0.0409576421855301
LINC00511,1.82878377033113,-2.33014402699674,6.03416073063997,0.0182587170333956,0.0410012595760551
SNTA1,-0.774353745978245,7.59286070473187,6.11573776699119,0.0182715669318037,0.0410126800521662
CDC45,1.48201456973151,-2.52093899008501,6.02450777557891,0.018300682830063,0.0410547736138178
AL035587.1,1.0841847359935,-1.91989001048298,6.09302658708343,0.0183033351894127,0.0410549119245042
CYP17A1,-0.780898954282031,0.0457459203242561,6.10600949727686,0.0183873067010892,0.0412140946665008
CENPE,0.977224689218062,-1.05148441204627,6.10512756094205,0.0183957585429632,0.041227207697686
AC104794.3,0.608604168044353,1.70170873275329,6.10085614481804,0.0184066399429489,0.0412399297576574
ACOT11,-1.30532607030101,3.72413764863383,6.09833594848138,0.0184255082816026,0.0412714966568886
MAPKAPK3,-0.751046724414948,6.78759519976842,6.09826562782588,0.0184259379597076,0.0412714966568886
PDZD4,0.901153881710062,2.93695720519206,6.0954194720757,0.0184521322483036,0.0413148013544771
PLS1,-0.773251463202614,-1.07455279415318,6.10555704357684,0.0184530929505262,0.0413148013544771
ATP5MPL,-0.590131349195541,6.34823019447794,6.09214426584804,0.0184803553473264,0.0413699945174574
SAMM50,-0.596361245557174,6.51985712783201,6.08811257769156,0.0185162908051448,0.0414255658847321
DCUN1D2,-0.774530193927843,6.12868369104918,6.08760012198499,0.0185208641568327,0.0414255658847321
AL359715.2,0.89364999489562,-1.26516921046233,6.08175814515919,0.0185991663627816,0.0415645940355331
AC126773.6,-0.721880555250463,-2.00885612474064,6.07845490885343,0.0186013820218339,0.0415645940355331
PTPRR,-0.824135873876615,0.0411742681242753,6.07893780409751,0.0186290356565274,0.0416029210892037
NPHP1,-0.998137001011743,5.93036901307199,6.07466053834803,0.0186367412660474,0.0416141347829604
LRIG3,0.599414970163232,3.70670727721136,6.07346037310438,0.0186476519526185,0.0416147890562712
DGLUCY,-0.693390526653993,7.02209152916173,6.07317365224223,0.0186501061322419,0.0416147890562712
ATP5F1C,-0.662443260395532,7.94684011315179,6.07184083382629,0.0186620954844472,0.0416240377173385
FGL2,0.920441292762423,4.67252350079133,6.07184174185925,0.0186621308753512,0.0416240377173385
FEM1C,-0.63472347306002,5.33919303040588,6.06954743478433,0.018682747310852,0.0416641565768465
SAR1B,-0.836676191190114,7.35566998036991,6.06329273234809,0.0187391893530568,0.0417665166916866
IMMT,-0.705823101450645,7.35745941936018,6.06026558085493,0.0187665732830827,0.0418040324454612
NTF3,0.692794646901868,0.302398230802533,6.0623701773632,0.0187705539530547,0.0418049213527019
ANKRD40,-0.699821490183543,6.55667022195293,6.05819189926888,0.0187853572586661,0.0418164849667204
FOXN3,-0.648027331578486,7.00851250443939,6.05485241064354,0.0188156495078083,0.0418662732027854
HINT3,-0.874194689901319,6.77299900962359,6.04835611994045,0.0188747288597568,0.0419740031574282
REPS2,0.716536629023731,0.829282333412504,6.04822102429469,0.0188888668103867,0.0419882162528426
ANKRD36B,0.596505384804326,2.91575386498621,6.0468809209826,0.0188890006730937,0.0419882162528426
TEDC1,1.05277884309237,2.65716410333061,6.04607335755921,0.018897073479993,0.0420002697668232
NEDD4,-0.883618240373305,6.23287201689413,6.04437548206972,0.0189110295082741,0.0420253940005077
ATP5PB,-0.649000648129376,7.74003389359489,6.043920263385,0.0189151850597475,0.042028734946974
DERL3,1.70186802231116,0.711976139848487,6.04312939097209,0.0189420430402622,0.0420766128481967
AURKB,1.57846137874424,-2.35007689547834,5.9686654879636,0.0189469595102452,0.0420816352289916
ST20,0.919989745849136,0.056623959208635,6.04097863514999,0.0189715901794654,0.0421186312095809
CSRNP1,0.934198656962103,3.74768221521157,6.03519731049691,0.0189952820279258,0.0421535127148215
DNAJC19,-0.615293483435734,5.71013952605138,6.03396441246658,0.0190063287914417,0.0421721215847069
AL603756.1,-0.756025448191339,-0.919837706483821,6.03832821783924,0.0190508691407868,0.0422472884514481
ARHGEF26,0.817491308421635,1.29947458432107,6.02917773495921,0.0190577369945698,0.0422566053103326
NRDC,-0.706184251634707,8.15969094729551,6.02586563160208,0.0190808201908484,0.0423018687135387
LINC01554,1.01025718765944,-1.68476703977764,6.01488728379043,0.0191135251599328,0.0423684477842292
CRNDE,-0.973174794866373,2.04889790942898,6.01570606261351,0.0191764323422823,0.0424544458407582
AP001029.2,0.950777864776811,-1.31299704745358,6.01493902814082,0.019196114821997,0.0424802166714407
AC136475.1,1.12135415085833,-0.597595334509514,6.00950256122681,0.019265826997159,0.042603516333113
OTUD1,1.60599798314096,5.81853265656378,6.00587442132088,0.0192660949886185,0.042603516333113
BTBD1,-0.90311531817432,8.37024998872655,6.00472011666155,0.0192768106255988,0.0426052465807343
MT-CO1,-0.904618890385284,15.774207340531,6.00101748380519,0.0192984198022346,0.0426470587931965
DNASE1L2,0.81302104561792,-1.61941187553533,5.98810000227348,0.019409353492006,0.0428378233168799
RNF157-AS1,-1.10775124159187,-2.04358987832456,5.98479943426219,0.0194192093937259,0.0428482611058723
F2RL1,1.90671529419027,-1.57699457894322,5.95365204058299,0.0194291326309728,0.0428604180656467
MIEF2,-0.671104190503774,5.30063256447705,5.98809214457763,0.0194324625315151,0.0428604180656467
VLDLR,-0.746565028561782,6.09778079722314,5.98805260191505,0.0194328329527148,0.0428604180656467
ECPAS,-0.673177979021133,7.78780518195064,5.9841257211085,0.0194697898789946,0.0429240067073493
OAS2,0.827895593035828,3.15246630189938,5.98235253657709,0.0194870802923154,0.04293823156178
PRKAR2A,-0.821804749956618,6.81804646685496,5.97880309190022,0.0195200051459545,0.0429928452464129
MRPL23-AS1,-0.839151175930842,3.13404804761691,5.97560405550276,0.019550731733879,0.0430425737408698
NDUFC1,-0.737525800786355,6.59593240981096,5.97454721764747,0.019560257174865,0.0430555973218686
CHAC1,1.00974130881885,-0.865373414814147,5.97810254018122,0.0195620811962803,0.0430555973218686
AC002070.1,-0.871733722164789,0.305358258040211,5.97493079737494,0.0195792138973525,0.043087321570802
CLDN12,-0.687532227774653,4.51224077632019,5.97060216450888,0.0195976554161435,0.04312191688137
IGSF22,1.39495842483358,-0.615427059174636,5.96762323752661,0.0196416228567538,0.043200665844688
TEX2,-0.757574164357436,6.08379201498586,5.96195933202515,0.0196798404921785,0.0432667081408925
KALRN,-0.763367005706955,5.85948838704971,5.96016013422328,0.0196969974250361,0.043292415838356
ARHGEF6,-0.613455258718163,6.79564484125054,5.9589653014941,0.0197083992885305,0.0433114690785387
MKI67,1.28794329213939,-0.275385900931067,5.96074863203471,0.0197205996603568,0.0433295786495289
SIX1,-0.801822086139437,6.31663001692426,5.95752979820656,0.0197221083359028,0.0433295786495289
MTHFD1,-0.580919266341324,5.95529629665231,5.95023711738611,0.0197919121010712,0.0434528167173282
IRX5,-1.29085618082689,1.29020728770683,5.95041606516338,0.0197967101371519,0.0434541490881806
LINC02367,0.98742574333736,-1.40464181716687,5.94912883093269,0.0197980031814643,0.0434541490881806
AC132872.2,1.3034198052578,-1.70640429229765,5.93119500604106,0.0198157359826615,0.0434773767618111
SUCLG2,-0.708842972785647,6.93578699118647,5.94657794398121,0.0198270368505482,0.0434937780967106
PLSCR3,0.619954772591999,-0.605907742420893,5.95027966742345,0.0198314865407697,0.0434975179531595
PDGFC,0.593939006671804,3.06964337936168,5.94162102358716,0.0198754041185879,0.0435692304367913
CCDC88C,0.682903136456129,3.10165657860912,5.94157739475494,0.0198757933913177,0.0435692304367913
AL359711.2,0.789453811072955,-2.54105575093088,5.88265967898582,0.0198806780645193,0.0435692304367913
Z93930.2,0.972552313459691,-1.82983489518294,5.92670728397599,0.0199055327587443,0.0436176683666787
NEK5,0.680548391170256,1.15855067828147,5.93602341791925,0.0199372713004073,0.0436595622603892
ENC1,0.636079287555406,3.1519956287697,5.93516870169614,0.0199375394779345,0.0436595622603892
FXR2,-0.597863388652963,6.24811963648974,5.93473524418329,0.0199411820307123,0.0436595622603892
BTN3A1,0.725217571212021,4.44599982131609,5.93394915452802,0.0199488297827448,0.0436702729060861
COL4A4,-0.895000267394834,4.15182391762364,5.93285279497674,0.0199594013580527,0.0436753152887409
CPA5,1.56457492121031,-2.44078042837488,5.84945811643484,0.0199978556550951,0.0437172049339623
KCNC3,0.639645257109521,0.176753275670233,5.92875308558546,0.0200258686869056,0.0437482686905698
RAB39B,1.26910773047774,-2.29522817814441,5.87082936585296,0.0200759508284076,0.0438274683534613
AL583785.1,1.41696780978254,-0.586099440889485,5.92090585072435,0.0200910779921655,0.0438544508184362
ATP1B1,-1.02410254289454,7.64965098107035,5.91497482588488,0.0201332287290198,0.0439248574486111
HOXB9,1.46529830467459,-2.0848108616683,5.86825360549916,0.0201511975888971,0.0439554064956988
IL1B,2.34307704275484,-0.798723579589805,5.88830799875142,0.0201984256420552,0.04404629849314
HAGLROS,1.48736099159998,-2.23025031732428,5.84801666610195,0.0202409740644988,0.0441269385059998
CLASP1,-0.629184251031809,6.54561110458943,5.90051708720769,0.0202750097476462,0.044176829296157
RBM38,-0.780699036379335,7.03262118263831,5.89797469853252,0.020300053331557,0.0442070832960263
RPL28,0.688467083760369,7.69534536968604,5.89683989248738,0.0203112424532775,0.0442132224116879
RNF169,-0.673734203744599,2.94472804480599,5.89649813138246,0.0203151805822845,0.0442157212865625
LINC01094,0.958496068769641,-2.01316175597084,5.87572548597624,0.0203206255468051,0.0442214986322741
STK32A,0.985955565569353,-0.227572957457335,5.89328336540624,0.020382333791011,0.0443436084000758
PCDHGA7,0.656505329055417,-0.592972633459336,5.8922839394784,0.0203993978927234,0.0443746408244322
ARMC12,0.956631582916984,-1.94754101062139,5.86906752466781,0.0204319220345161,0.0444347194223661
FBXO27,1.36943630845212,0.506867144061215,5.88627822330325,0.0204381446236404,0.0444406253911676
ART3,-1.33259228099516,6.39222368872393,5.87009302761664,0.0205769120499387,0.0446888826608767
AC116407.2,0.748763204034111,-0.735601541009328,5.87496180008378,0.0205789719665788,0.0446888826608767
MELK,1.61304438462303,-2.41044250842366,5.7897995077326,0.0206276339449044,0.0447416511417536
ATP5PO,-0.613943443234676,6.98168262992954,5.86466998169184,0.0206312351189446,0.0447416511417536
PLEC,-0.61203512433176,9.71099181554186,5.86377046443888,0.0206330527256853,0.0447416511417536
HHLA3,0.597757397946594,-0.0102554079459554,5.85888472441348,0.0207145173259008,0.044887591421243
NBEAL1,-0.698703677263352,1.52751547371628,5.85180042123369,0.0207644295881257,0.0449882508910897
SNAP91,1.57063331326287,-2.23631829454394,5.79083700924556,0.020766647016364,0.0449882508910897
S100P,2.56779474261065,-0.131600427211091,5.8336578555901,0.0208594896717395,0.0451585154136689
SLC26A1,0.608377682308904,0.0228965708006177,5.84332742866817,0.0208722502822796,0.0451799686140261
AC009061.2,0.612135434998973,-0.622537227426078,5.8436933012853,0.0208843498979451,0.0451999853636624
CYP1A1,3.77053169778905,1.18505101334358,5.83074208117038,0.0209093108597519,0.0452478286487079
MAPK8IP2,0.86775532842847,-0.71509755300553,5.83780726016847,0.0209488282184763,0.0453085957115046
NR1D1,-0.74061734975826,4.16610386051152,5.8320192673582,0.0209616151340866,0.045329501579746
LIN7A,0.603113635463677,1.82965123670036,5.83075235459237,0.0209780032120422,0.0453469399674305
PLP1,1.25970208777648,2.05174406885039,5.82215345663484,0.0210666872073147,0.0455262228520818
FAN1,-0.739825986467814,4.38549464341512,5.82107375326793,0.0210736424351,0.0455350438599713
UBE3A,-0.742760430363628,7.00465688629839,5.81781425648519,0.0211071221140479,0.0455887371052633
FASTKD5,-0.700331985620003,4.55577148525522,5.81547129061834,0.0211312343791045,0.0456035232474015
FAM167B,0.895387082341183,0.220492086158678,5.81764680888502,0.021135888739838,0.0456062363117171
MAP9,0.692752011375171,0.585729350317498,5.81202134069958,0.0211847019130952,0.0456629449424402
NIPSNAP2,-0.979951038177828,8.6080804723051,5.80384685649503,0.0212512733186091,0.0457536727385623
AC008543.1,0.8320043656132,-2.00426447020861,5.78825952542351,0.0212527787611887,0.0457536727385623
CEACAM16,1.66540867042555,-1.8773494336566,5.76342677401524,0.02126737510659,0.0457788771141174
AC079336.5,-0.705215758588204,1.03486291932867,5.80065456305466,0.0212923556195667,0.0458264239444891
CDC6,0.741918438814084,-0.711807354317845,5.80215172610863,0.0213202197532003,0.0458677060044753
AC004812.2,0.645742328400476,0.931936718501324,5.79654201331939,0.0213387053220684,0.0459012438222911
MTFR1L,-0.616871890891621,6.91132059078333,5.79423904462396,0.0213510510339267,0.0459215670106726
ADSL,-0.75185508918737,7.23705389557622,5.79000904384684,0.0213951406391708,0.0459976656775118
HOXA1,0.804096391824416,-1.73068324796847,5.78416950280441,0.0214102963801016,0.0460177630185095
RAPGEF3,1.00528460817199,5.85567295466707,5.78772388626997,0.021419001730494,0.0460262443839991
AC092683.1,0.741056124488955,3.38310788953744,5.78595468558427,0.0214378791205681,0.0460458214182221
MICAL3,-0.685809788940349,4.78855144582854,5.7838087192594,0.0214599498755204,0.0460807351866358
KIF17,0.601811713998193,1.48270854355746,5.78128528394624,0.0214918471952516,0.0461242283996685
MICA,0.662694261500862,3.43883331188921,5.77847199856975,0.0215162270076025,0.0461640467627236
RHOQ,-0.597942669950907,7.58926609959981,5.77680066969212,0.0215334493345619,0.0461941123786516
PDK2,-0.795983030718617,6.61342507897089,5.77610820282877,0.0215407273209149,0.046197848944991
AP001505.1,0.864816800077607,-0.268810618827883,5.77702941513988,0.0215705472201649,0.0462492845079088
ILRUN,-0.672807150126363,8.00304647623767,5.75489399386454,0.0217649830020896,0.0465716561752788
COX10,-0.845846756428458,5.15218502022417,5.75157994645869,0.0218002466560946,0.0466219310066305
PLCXD1,0.672088545661074,2.91644306620524,5.75122915000665,0.0218048763546416,0.0466255398181089
CDCA5,0.580197839554589,-0.512496731125897,5.75229598347155,0.0218292569600371,0.0466713754783739
AC074032.1,0.836473209749038,-0.679308868208,5.75056780881303,0.0218590740807613,0.0467288205797686
SCARB1,0.744492824359968,4.161507745528,5.74133340746361,0.0219097368104546,0.0468181768116605
IL7R,1.62816356691329,2.23135758535695,5.74129040421624,0.0219148906255983,0.0468228760609217
PRDX3,-0.688141253665381,7.81861058664439,5.73900733269154,0.0219345793711245,0.0468586248711525
ARL6IP4,0.799785759643473,0.117815154441283,5.73974184038053,0.0219565921747415,0.0468871146720613
AL050343.2,-0.638962255785309,-1.47488333946186,5.74581404946337,0.0219567916944132,0.0468871146720613
AC012603.1,-0.79072630651638,-1.75848275394945,5.74327653997391,0.0219643544206815,0.0468969448268042
AP001267.3,-0.616726022289937,-1.75996515466695,5.7414573962592,0.021972485837162,0.0469079864019272
MCMDC2,-0.80089247134624,1.37474798641854,5.73132314057845,0.022022275442438,0.0469938042272723
SLC66A1L,1.16861660238737,0.212212781248093,5.73213854745553,0.0220360755800701,0.0470120745446111
UBE2D4,-0.651949607898744,6.02331029520548,5.72893886152105,0.0220428068163875,0.0470172297690213
MPC2,-0.623448785699984,6.24321075011432,5.72838431352359,0.0220487842935762,0.0470201971067557
AC096733.3,0.780599155833582,-1.94613271416538,5.71573185778037,0.022062992368444,0.0470378366827301
PNMA8A,1.06419660842469,2.21179161043717,5.72655033215853,0.0220714283417584,0.0470470407005044
BDH1,-0.999113166814387,4.50935817601021,5.72584216336946,0.0220762159808765,0.0470470407005044
EPDR1,-0.641990605836828,6.38310132255224,5.72217953988351,0.0221157878803904,0.0471148664656092
GPR150,1.18761323986233,-2.67001421534312,5.63773803569438,0.0221687570325609,0.0472188565450259
AP006621.1,1.65696447388299,-2.46247554135287,5.63806857611381,0.022179292983542,0.0472222566048892
ZNF69,0.580489480079729,0.06382136321438,5.7161952358085,0.0222043074915581,0.0472537947066983
GRIN3B,1.13065274090576,-2.02343634248978,5.6893307654859,0.0222070092717793,0.0472537947066983
TMLHE,-0.739178750124613,4.63552788649244,5.71358067833212,0.0222090151432756,0.0472537947066983
OSR2,1.25650226902499,2.33448348149988,5.71084005934566,0.0222417648627656,0.047298074044585
AL356056.2,1.41771214555032,-2.34057680547063,5.65075156158488,0.0222641174089904,0.0473329042903503
NCKAP5,1.12725020533422,0.311109711210792,5.7092910172164,0.0222818016987901,0.0473570629670441
ZNF726,1.22526326897901,-2.43315605057626,5.64854668597284,0.022287334894521,0.0473570629670441
ATP5PD,-0.59008953913263,7.45673172059251,5.70637701828016,0.0222874345685754,0.0473570629670441
NNT,-1.10292438122297,8.87944997403214,5.70566178643357,0.0222952374452475,0.0473672915665421
MEGF11,1.4124326245301,-2.90836020550784,5.59059389488391,0.022321710333017,0.0474048303226123
GJA1,0.760614632574238,4.52819493527746,5.69803704445431,0.0223786536393833,0.0474935749595965
RARRES1,1.05716114449602,0.484078766715311,5.69945613351699,0.0223855749056058,0.0475019021865474
PCM1,-0.627244981986662,7.54137552988942,5.69678913895672,0.0223922823371052,0.0475044353091541
PPP1R12A-AS1,0.871277104154709,-1.05415881118368,5.70070677191582,0.0223927640411044,0.0475044353091541
TSFM,-0.581489604060227,4.47832443442899,5.69447027770704,0.0224177270090461,0.0475510266245956
PPP2R3A,-1.07427011922777,7.61495829708395,5.6939076869752,0.0224238968158078,0.0475546711388046
KIF20A,1.40591068311573,-1.92834560253965,5.66438689806857,0.0224254469249881,0.0475546711388046
FZD10,1.22598844911736,0.825497879568735,5.68930785916092,0.0224919125091967,0.0476764763955645
BEX3,0.860882747543072,3.54175092262792,5.68726476451372,0.0224973127267888,0.047681545376678
TMEM159,-0.712085373088907,6.70146552107699,5.68656044980846,0.0225047282669823,0.0476908837719803
AC022762.2,0.902570914448033,-0.5200329736662,5.68886635891016,0.0225236617043947,0.0477246245526866
AC027307.3,1.01326508994618,-2.19424221839284,5.65375988198744,0.0225313858723869,0.0477346085454164
BCAS4,0.758585668642811,0.519548351302083,5.68214389549937,0.0225737418241005,0.0477987822937628
PURG,1.09533401355755,-2.15511292221544,5.64706181052098,0.0226083321387674,0.0478276768570054
CCDC91,-0.624371069822274,4.5260413751978,5.67716912789975,0.0226085143772214,0.0478276768570054
SIX4,-0.923751189633903,4.81996526681843,5.67657635378586,0.0226150804631082,0.0478351815401596
DNAJA3,-0.642964569387519,6.12875506213974,5.67471607581017,0.0226357020237513,0.0478660221471027
WNK1,-0.589083321827379,7.58985870091441,5.674149663179,0.0226419854301777,0.0478683008990438
AC114811.2,-1.24612249246462,0.0748853029269277,5.6769468150005,0.0226472786538139,0.0478683008990438
CXCL1,1.42188122854472,-2.15216131222111,5.6254587770049,0.0227020119939252,0.0479678378756977
COX7C,-0.657627559923975,8.44402409608559,5.66828480217035,0.0227071638191287,0.0479708501000979
HOXC11,0.874665541263075,0.0544887891448881,5.67095662579478,0.0227094918565618,0.0479708501000979
CIITA,0.6593840948698,3.85828647453966,5.66510632103786,0.02274270407212,0.0480282024827939
MYCBPAP,0.706247545168202,-1.04103506314263,5.66552088643108,0.022788139478398,0.0480985144265015
NDUFB3,-0.772709947832835,6.46025102427349,5.6548352619666,0.0228574044263297,0.0481997721815098
NXPH4,1.24261761779221,-2.0392501494573,5.62362288412352,0.0228849730241441,0.0482514858320399
TMEM97,-0.621519659368552,2.77966135802489,5.64920473269769,0.0229213025184981,0.0483162283501519
HMCN1,0.672286891787448,4.31226930675574,5.646749850193,0.0229482935609753,0.0483528264939205
APBA2,1.40127535066786,-0.94371494383666,5.64412112850603,0.0229688576381348,0.048384085561876
AC008443.6,-0.756498911575925,-1.98731715939318,5.64575183261792,0.0229692355450238,0.048384085561876
FYTTD1,-0.618944167101724,6.91018722777613,5.64067370712178,0.0230167651037704,0.0484648786339955
C12orf57,0.656174123068754,4.84973084136846,5.63867237461362,0.0230394279037591,0.0485038655250927
HACD2,0.812174295716312,3.81115421322292,5.63598860766819,0.0230698884040897,0.0485380405655351
MRPS9,-0.59339478652535,5.3340685634455,5.62453221831777,0.0231998804765117,0.0487791569472312
KREMEN1,-0.647038158317425,6.04259446911408,5.62410200376552,0.0232047812481259,0.0487829886493832
FEZ2,-1.08706113799355,7.80981789828699,5.6196031381559,0.0232561101017039,0.0488644419410738
TIAM2,0.639915488407581,2.9690658775139,5.61711145576989,0.0232853835488842,0.0489070209541641
ZFAND2A,0.78691668097464,2.01906289660229,5.6166289094415,0.0232932683691136,0.0489170983097459
TRIB1,-0.6753434544624,5.29739860141436,5.60488908970934,0.0234248541855833,0.049160861379809
PDE8B,0.981755239157702,1.4593143218722,5.60086454571015,0.0234787619799664,0.0492348737722015
AL035530.2,1.01507916179638,-2.01079405724804,5.57889488915943,0.0235073290072773,0.0492817360468744
TMPRSS9,0.863025647055229,-1.29941975250658,5.59858531228247,0.023523901862691,0.0493013006469605
ASS1,0.679932390262236,5.80993619970651,5.59483869102773,0.0235408763109417,0.0493175877508948
CTSW,1.77363857622109,1.01442267155096,5.595999076062,0.0235459570877327,0.0493175877508948
MAP3K6,0.689760357477215,4.59395599300126,5.59416368148534,0.0235487373579777,0.0493175877508948
IMPA2,-0.79991419589297,6.34695249728597,5.59387479084714,0.0235520354180941,0.0493175877508948
AC022034.1,0.897974032031991,-0.242309962370455,5.59502727431832,0.023578619594246,0.0493626383395347
FAM86B2,0.692445108872216,-1.34015998882551,5.5936223095489,0.0235897436133486,0.049365066552306
NWD1,1.37363729247721,-2.02788686103373,5.54900352063118,0.0236878624087734,0.0495161001967856
HSD17B13,1.21104164711017,0.0202622681830341,5.58408650260978,0.023697278013124,0.0495292488359241
SETD3,-0.626606751428775,7.09428880847995,5.5713864240257,0.02381404478093,0.0497142889795017
PLN,-1.03248287727842,9.05184503085256,5.56997759222234,0.02383056381756,0.0497356703301558
REM2,1.22515097095002,-1.05457243495071,5.56483071745134,0.0238957576904775,0.0498651661997625
ABCA6,0.633656491018883,3.95934494492879,5.56183282080896,0.0239263946422935,0.0499159525929996
AC083843.3,-0.665495260096393,3.12865036511918,5.56065736577866,0.0239406625694806,0.0499391443646912
BOLA2,-0.764691018902005,-2.12606423802927,5.54616202997277,0.0240555108962699,0.0501523064298366
ARNT2,-0.742950743514899,3.27467851211769,5.54981674565082,0.024068777805905,0.0501594553873889
AL928654.1,-0.595252457448388,-0.0578685326463564,5.55289847492998,0.0240690681140151,0.0501594553873889
CD320,0.644468872849596,3.85040972699328,5.54235680758112,0.0241570924428908,0.0502849422608524
MYT1L,1.86961334033931,-1.65091585304542,5.50832506007454,0.0241579115513371,0.0502849422608524
HLCS,-0.614555984534819,4.09232549343273,5.54073237695081,0.0241763356785591,0.0503115418907586
GYS2,2.25711566442908,-0.61990443029626,5.52983052950893,0.0241810137803506,0.0503146698236892
LINC01089,0.644290563634711,3.26678974515291,5.53909587043563,0.0241962457893769,0.050333146104523
GALNT14,1.19722847520943,-1.19812537521771,5.53307740080722,0.0242583911606787,0.0504425567147717
TIGD4,2.08019480989313,-0.114310262439352,5.53220736400564,0.0242642041497924,0.0504480245554657
RAB40A,1.02245824295807,-1.78852765887009,5.51940522950907,0.0243098908839169,0.0505259938600169
SENP8,-0.798146245577972,2.17797292506751,5.5295776838485,0.0243112704728106,0.0505259938600169
FAM178B,1.31442137531179,-1.53766662194221,5.51832181628667,0.0243332034155265,0.0505649455187318
AAMDC,-0.77982626967173,6.33393073445419,5.52672487400013,0.0243438294337654,0.0505737631144312
KRT23,2.07117538418887,-0.701470392202079,5.515780674254,0.024373861440444,0.0506228810284031
F3,0.970620152459741,2.81353043271122,5.51644788980858,0.0244689038016778,0.0507886843742526
SOX11,1.80462643326677,-0.246901891139406,5.51656833776194,0.0244697169935899,0.0507886843742526
AKAP1,-0.747256738152712,7.44627344451406,5.51578171519616,0.0244755830940699,0.0507926443944275
AC099791.2,1.43558411788671,-2.48557943394696,5.44783355617971,0.0244780352899756,0.0507926443944275
VDAC1,-0.938583035775197,9.28648164438916,5.51152164945466,0.0245270829389603,0.0508744349913224
SAMHD1,0.647239108671057,5.37911452390715,5.50404321474881,0.0246177775662777,0.0510294160151758
GYG1,-0.871021742648324,8.23268218084746,5.504032788385,0.0246179015230655,0.0510294160151758
DMD,-0.914978215743391,7.62001293844804,5.50240963187861,0.0246376339912357,0.0510636392700906
AC091057.1,0.818173742564761,0.233164565737176,5.50385345618493,0.0246484522167375,0.0510793804470562
ASB14,-1.17823737540198,4.36469329378739,5.49702908874977,0.0247031766687454,0.0511779853264178
SERPINA5,-1.15578317917066,5.11945691044383,5.49482284788099,0.0247300965360981,0.0512217801343023
HMG20A,-0.657632976838366,4.36797569204394,5.4931295652973,0.0247507887279981,0.0512577530589047
MYORG,-0.988604745091621,6.48247993976401,5.49234688600641,0.0247603495589911,0.0512577530589047
AL117336.2,0.667573859895453,-0.299555692527605,5.49457226433109,0.0247776961893112,0.0512801556108155
HS3ST3A1,1.32443908019856,-2.15453948977382,5.45312107919516,0.0247816630887198,0.0512816681858112
ZBTB43,-0.662294645711606,5.01394326616857,5.48568710649436,0.0248419336805921,0.0513862469641128
MEG8,1.21180987802906,-2.44043346185074,5.43022169326912,0.0248451709622662,0.0513862469641128
DUSP1,0.823600825212742,5.85405984376995,5.48452622707892,0.0248561824295185,0.0514023127966306
PHKB,-0.703797676580026,7.44891901588903,5.48342278902334,0.0248697344879183,0.0514236276657152
UBQLNL,1.34311282808649,-1.83347311782058,5.45792316577229,0.0249342346215688,0.0515107036311305
IDH3A,-0.762676807218241,5.11135101567261,5.47746838513267,0.0249430143232574,0.0515107036311305
SPSB4,0.828070651485615,1.28690382764454,5.47572569783153,0.0249731600666205,0.0515634746027016
NDUFB10,-0.701317551507993,7.86060405289014,5.47074816959417,0.0250259947308456,0.0516389242838164
DYNLRB2,1.60163861946122,-2.86770267234175,5.36460511884352,0.0250357096889797,0.0516522446870538
AC144652.1,0.597861728828299,-0.289080395477916,5.46519443239735,0.0251322252154943,0.0518378723141922
ADAT3,0.767357957564851,-0.6330127387002,5.46102616245689,0.0251995107537285,0.0519631290714814
VTN,0.727671390822187,-1.10442922652486,5.45725747922157,0.0252463353546423,0.0520529113147302
AC005696.1,-0.670431439117858,-1.23008363856371,5.46091388653367,0.0252576435701109,0.0520694520171129
HDAC4,-0.699142645840248,5.97430757456476,5.45036554181108,0.0252795275950218,0.0520942358645397
HCG25,0.944620310726534,-2.34132260864068,5.41021433072494,0.0253128228655642,0.0521492854849969
LRRC46,0.787394557262699,-1.71900687867048,5.44293516760511,0.0253256268086414,0.0521688818453841
SLC24A2,2.03433654477431,-1.18042272051249,5.4263553508554,0.0253390261220344,0.052182917083285
ITGB1-DT,1.38345314818019,-2.45298340028058,5.38322449971871,0.0253450579321012,0.0521885567892422
RASL10A,0.698955133647431,-0.254560641414944,5.44269372358522,0.025419386221109,0.0523212122932737
KLHL24,-0.7203668444487,6.34137736075544,5.43706995223075,0.0254464102899359,0.0523685508094305
DENND2C,-0.922988222073442,5.62463504209598,5.43253631355907,0.0255035899866444,0.0524604608668683
NEK11,0.67216606580038,1.21861135945486,5.43239783286174,0.0255139261801484,0.0524712128512468
PCBD2,-0.789168647744118,4.64730978130202,5.42609069260816,0.0255851276903024,0.0525940483212119
AATK,1.02497893239327,1.42265238591365,5.41928191792719,0.0256800235076214,0.0527685856490244
LSMEM1,-0.936418324239381,5.31549958294287,5.41633477742587,0.0257090707924177,0.0528121076270011
A1BG,0.926905680272401,-2.58413566098751,5.35759477627077,0.0257234593843284,0.0528235921813466
MT2A,0.689544411441582,4.86531690584016,5.41303447364917,0.0257511926426319,0.052873691345917
NHLH1,0.803585400560499,-2.21419379973549,5.3872475007676,0.0257736773768755,0.0529061483667546
HTRA3,0.952214782260809,5.23894173070658,5.40870785149013,0.0258064668196801,0.0529597357797813
NKAIN3-IT1,-0.988395460879805,-1.04374851185799,5.40840252525079,0.0259179143025506,0.0531677913207144
SPIN4,0.726658126975552,0.307420975569167,5.39879215431037,0.0259600513234104,0.0532197843883679
ELMOD3,0.587749419615112,4.49257895020048,5.39499540820344,0.0259825129017175,0.0532589421748179
GLI1,1.23846442032826,1.25696450076062,5.39435805472424,0.026002440181147,0.0532928956997718
CFAP53,-0.582363643532174,-0.547738854230046,5.3976927620693,0.0260091643946192,0.0532997838046722
TLCD4-RWDD3,-0.741062793910014,-1.59422529582912,5.39886494818209,0.0260399684425752,0.0533314522232286
PTTG1,0.931964916822711,-0.462438400945543,5.39200289437464,0.0260664973544485,0.0533689642862979
SYNJ2BP,-0.650466259213086,5.98928693262455,5.38749465806829,0.0260793104498475,0.0533814043785498
RNF128,-1.17887296610982,2.89265413131971,5.38563924669963,0.026103994345784,0.0534099007890601
CACNG8,0.875765124660873,-0.00649245977956664,5.38729804594703,0.0261174743085603,0.0534224037751612
LINCMD1,1.72738297435658,2.67071247308693,5.38436515557895,0.0261231254734637,0.0534227860856857
ESRRA,-0.711770493560545,6.91946170597827,5.37579285948534,0.026231184701199,0.0535608277232187
TM6SF1,-0.761373273913113,4.18340214716459,5.36918612861596,0.0263173674889417,0.0537091207465885
SPIRE1,-0.660651457354666,4.03417243035514,5.36737567558727,0.026341058093212,0.0537436265743699
CABYR,0.766580774724742,-1.73405998559729,5.36274601037212,0.0263588746232782,0.0537730543454029
LINC00638,0.980259680266565,-1.65919074145352,5.36003678035651,0.0263717250451359,0.053787512060187
CAMK4,1.16642780322234,-0.33936641831407,5.36780144848036,0.0263728139030775,0.053787512060187
NXPE3,-0.924680888435027,7.05378350592661,5.36469243190718,0.0263761441420908,0.053787512060187
JMJD1C-AS1,0.76476353156557,-2.04854331618113,5.34723571993487,0.0264130800341013,0.0538397394067295
SLC16A1,-0.852528609146017,6.49695371374177,5.36170199356228,0.0264153451055292,0.0538397394067295
PSTPIP2,-0.791732169942146,4.52235409130699,5.36127362026388,0.0264209722131776,0.0538425332921008
AC108047.1,-0.762273635971822,-2.50366939474353,5.33170567703955,0.0264235111637955,0.0538425332921008
CLEC2D,0.643985188691092,2.90150142081438,5.35742428024206,0.0264725216497921,0.0539285320200868
CTNNA3,-1.11714342536725,5.37164521221993,5.35101321823438,0.0265559818890985,0.0540707497104644
NDUFA12,-0.628430813572592,6.04650264203442,5.34220598006992,0.0266724716545931,0.0542591345712885
CENPM,1.6549367696872,-1.29939037027787,5.32924373805646,0.0266904401621267,0.0542887184250059
MARCHF1,0.674912722383814,1.83716995063272,5.33921258503882,0.0267161164893543,0.054319749154593
NKAPL,-0.731617356262587,1.27902821105328,5.33861379269375,0.0267263384748772,0.0543268709352717
Z69706.1,1.38394235964011,-1.00052663455284,5.33654732917961,0.0267335540770857,0.0543345686109499
GPRIN1,0.768269758313413,-1.35606154974041,5.3376036643048,0.0267686030355517,0.0543988269177209
EFNB3,0.974315621497984,-0.139821051717617,5.33412704920733,0.0268185830671732,0.0544842555117537
CCDC84-DT,0.699934680116278,-1.83113814758453,5.32202499438075,0.0268741738049128,0.0545814988758718
DIO2,-0.954399656479658,3.89913278194233,5.32499233322655,0.0269018218164517,0.0546205215022818
EPS8L1,0.952142872881034,-0.138581626420929,5.32556799354306,0.0269331979558284,0.0546772211127354
AC103740.1,-0.815818089785009,-2.46755065582379,5.29238673195769,0.0270044787455119,0.0547834956371955
EDNRB,0.870567106414219,3.31065494938627,5.31723405768573,0.0270062893871251,0.0547834956371955
HOXD4,0.658144763058864,-0.977125102225595,5.31723803834712,0.0270616332541094,0.0548746899779746
FAM43B,1.11560521815009,0.966802420501271,5.31297015424441,0.0270787669202015,0.0548813428039946
ALDH5A1,-0.959100230583549,6.32574642502429,5.3098230352801,0.0271055986107675,0.0549216751291181
H3C10,1.53707212965786,-0.578598135844884,5.30981141513978,0.0271120459942711,0.0549277157851207
KRBOX1,0.820061677412926,-1.63038100215407,5.30363228879718,0.027169874663436,0.0550185225035413
DEXI,-0.606214571517574,3.01479905621215,5.30397517652359,0.0271852364346486,0.055033781525278
ZIC4,-0.631777329832301,0.611573394447327,5.30149129109434,0.0272343449165655,0.0551261545398919
CYGB,0.64337474796839,4.05740633795055,5.29945248978484,0.0272460070262961,0.0551370663696449
TCTEX1D4,1.54480704281262,-1.97720418774093,5.26485618719712,0.0272466944368454,0.0551370663696449
GJB2,1.66983307705617,-1.8462871835245,5.26648878407413,0.0272760777554674,0.055182433830064
AC027097.2,0.998353472184247,-2.22298976718248,5.26667025749568,0.0273121214538554,0.0552412493528076
ENPP5,-1.03993604295181,3.76117573974243,5.28962493672883,0.0273797339839781,0.0553356261247418
PYGO1,-0.891041084859056,4.96814446703119,5.28061458257385,0.0275028419882258,0.0555631740167535
LINC00960,1.0284954905948,-1.15638111278691,5.28175735712081,0.0275097758828653,0.055568989081708
TSGA10,0.620320823838843,-0.078005014594252,5.2821100213681,0.0275201906323292,0.0555769671148874
MARS2,-0.705816387379413,2.40893888868286,5.27752456560255,0.0275465714587703,0.0556208573559661
TMSB15A,1.01868386180301,-2.29811060253369,5.24404056034059,0.0275489436099563,0.0556208573559661
LINC01605,1.44984891750747,-2.6520927256215,5.19521500694574,0.0276356958957272,0.055753389288299
NPAS3,0.831568400707574,-0.712209910427168,5.27440088908004,0.0276418517048307,0.0557587097716971
FAM228A,1.2894243600661,-1.75142136096464,5.24958929443953,0.0277333135731478,0.0559218501327997
C4orf36,-0.611422923811065,2.69443970389624,5.2600556023015,0.0277870152456345,0.0560016317687359
TGFB2,0.682887907264551,3.24177686385578,5.25916342857538,0.0277991007179675,0.0560188643282848
NKAIN2,-0.746205352973704,1.27393568644825,5.25688897668843,0.0278365218326183,0.0560728818458754
AC132192.2,0.595041720285981,-0.157477816383366,5.25322908456597,0.0279164804533334,0.0562053698061204
SP110,0.627515615843268,1.27638067233734,5.25092765804312,0.0279211790734419,0.0562076886149433
MCHR1,1.26222643718817,-1.86231865176882,5.23138818545677,0.0279391322407256,0.0562366859670746
BCL7C,0.597560125649452,4.18718164568313,5.24664348021288,0.0279728994786478,0.0562903540365882
OGDH,-0.710846823183705,8.54962986640166,5.24107086449072,0.0280507733084684,0.0564112442410278
AC022075.1,0.88588827963843,-1.72852457672622,5.2318401771804,0.0281182829116285,0.056537704677935
AC130371.2,1.37151859650006,-1.31753878744455,5.22214895108334,0.0282475600385657,0.0567349916262548
AGL,-1.18083695673516,9.20508322484877,5.22531427193758,0.0282724064157529,0.0567690199631059
SCX,0.93470118869528,2.0607396514425,5.22453719573855,0.0282870498560055,0.0567824427885546
PNPO,-0.598694698706463,3.77704584590198,5.2224284672119,0.0283132902571681,0.0568237982149624
NEMF,-0.635255866720648,4.77596353088311,5.2210788137726,0.0283323122840789,0.0568547743150307
FKBPL,0.606851490113994,0.997957545665959,5.2212943301343,0.0283410755468433,0.0568651587985346
CCDC43,-0.643364206423468,5.36394002856771,5.21623636650577,0.0284009644645605,0.0569564773310416
KCND2,0.967489596249444,-0.227876245119971,5.21114066322527,0.0285150927235378,0.0571419669182983
KIF1B,-0.908850081003146,8.82208525578698,5.2071703379387,0.0285299858306372,0.0571645828117471
VDAC2,-0.58996081841139,8.04514171373877,5.20494983142885,0.0285616843514372,0.0572136281022911
DNAJB6,-0.582187162025102,7.78985807050674,5.20455102161986,0.0285673815833142,0.0572178078805334
BCL2,-0.641830275727278,5.1269274152744,5.20000061083019,0.0286324773031819,0.0573192101848817
SUGCT,-0.684186217324454,2.24139459884407,5.19695870574699,0.0286777459414358,0.0574025817776852
HR,0.777115032837496,1.53300588997623,5.19323251523806,0.0287360064430837,0.0574946114239573
CNR1,0.94336439263071,1.22856667871292,5.19298959777999,0.0287435936407138,0.0574980722575601
GNA14,0.753394017948239,0.305997906219034,5.18953796336628,0.0288106090990833,0.0576007110877126
CCDC65,0.930666598403788,-1.45997958465187,5.18685463884027,0.0288186479795326,0.0576021323644241
PCDH8,-1.29790705232197,-0.924950353031259,5.19016168527885,0.0288830164553231,0.0576968563932315
AP001107.4,0.926525511813137,-1.77944087725364,5.1740504108294,0.028912831783573,0.0577418582576285
CFAP58,-0.69797579917052,1.19917666550804,5.180394263701,0.0289219923990907,0.0577423963604112
KIAA1211L,0.583627865737292,1.18664406506455,5.17682383108112,0.0289756695786265,0.0578163479995585
SLC2A4,-0.996556172661427,7.73763948450885,5.17548455319164,0.0289859644048944,0.0578296081989629
AC092171.5,1.11291446777035,-1.78277615645322,5.16127332376651,0.0290373629098369,0.0579102806483999
SMIM3,0.765140612632029,3.72701714653037,5.17120353114159,0.0290483733658337,0.057924949380693
CD7,1.53813337648261,-0.0923384618311173,5.16850411856028,0.02911425495536,0.0580271158693988
AC090515.3,-0.671572233051406,-1.16166062190709,5.17430232433307,0.0291185948451431,0.0580284673680814
AF111167.2,-0.782644542974546,2.19390088596609,5.16579172359155,0.0291288176726046,0.0580415407591807
VPS37D,0.582645327647084,-0.0936953685966036,5.16742482171229,0.0291373606389289,0.058051264023775
RAB10,-0.72405286128736,7.68546685019425,5.16412935801587,0.0291513008746031,0.0580603822801009
AL390728.6,0.615784769662843,1.41805044161962,5.16383982584948,0.0291623822385829,0.0580719114519758
EFNA1,0.85932635129671,3.60010811919454,5.16137599638517,0.0291918721389994,0.0581233317988093
FANCB,0.855633959113515,-2.4795239791502,5.11696459926158,0.0292408205767968,0.0581788615973077
NDUFAB1,-0.659139580920182,6.78932760895772,5.15518696832704,0.0292822295938074,0.0582446959172921
AL645608.7,0.676649800416539,1.55195124003227,5.15413801806527,0.0293033875968639,0.0582794657690139
AC084036.1,0.837191481337827,0.12999983219334,5.15408000037263,0.029331835457736,0.0583214048304571
KPNA1,-0.591312472698545,6.36877451446473,5.15077627356252,0.0293470442098705,0.058344324375087
SSH2,-0.609349507698541,6.50413307025659,5.14771489849418,0.0293921224169087,0.0584046349768968
LSR,0.653028509011407,2.33397087903638,5.13989193712044,0.0295096321729508,0.058572036704002
ITGA4,1.15715207159529,1.1995367497784,5.13822217656744,0.0295449548046869,0.0586274604044419
CD274,-0.794516970048169,2.38979369905494,5.13424826985984,0.0295927605717011,0.0587076210290119
Z98884.1,0.980467904171838,-2.76348476876176,5.06256674957924,0.0296059425719847,0.0587264203202205
UHRF1BP1,-0.7008733681532,5.15554129561288,5.13107959666153,0.0296384005747543,0.0587687354739904
AL117190.1,0.942098614506931,-2.48373498655321,5.08509508228415,0.0296794700109458,0.0588354467429895
MTRNR2L8,-0.732999959826507,9.59381294751498,5.12401573135883,0.0297436535923565,0.0589331931080362
SULT1B1,1.99637103631272,-0.793862332254183,5.1155556197293,0.0297530054022403,0.0589390529086116
CHRNB1,-0.754847793952044,6.40333528298052,5.11566698571442,0.0298685814461298,0.0591437473668399
CCDC144A,-1.0811558473996,-1.10347415695377,5.11310913258445,0.030025202211129,0.0594093369259285
CUTC,-0.738119569979511,7.43034498649162,5.10273644714785,0.0300631993071918,0.0594622465577969
SPAG4,0.984959644206093,-0.972568667253899,5.10508181871892,0.0300691286761916,0.0594665521192573
HLA-DQB1,1.994297499748,3.66517456838085,5.09981775926295,0.0301084246030017,0.0595368361222571
FAM111B,1.4550456773275,-2.45054555209289,5.04226315723814,0.0301207944318644,0.0595538651730199
RNPC3,-0.608574770277007,4.55857104744463,5.09424589884496,0.0301917496278656,0.059649502101083
AIMP2,-0.641450749665321,4.98037753697211,5.09141994895755,0.0302346633115346,0.0597193954253882
AC048341.2,0.822699253219316,-0.607744714883499,5.09409273618963,0.0302484978105834,0.0597318311282635
SOX6,-0.846456543798591,4.16412348950932,5.08576099894622,0.0303208123442793,0.0598522562555798
SLAMF8,0.780939495412723,0.765919830490262,5.08515162798245,0.0303475930208515,0.0598902000748984
LINC02449,0.713563363421068,-1.70439357711251,5.07983039513047,0.0303848873928663,0.0599414055165882
PLAC8,1.56160303823759,0.0323600792088888,5.08276687157862,0.030394339259677,0.0599501592509312
PALM3,1.42155049760771,-2.22184389556595,5.03583896841668,0.030464831908026,0.0600688424347868
AL162231.2,0.77369744385029,-1.14511755907642,5.07836167809638,0.0304884930349571,0.0600934265080803
ST8SIA5,-1.053717744385,3.06387111902323,5.0714623899606,0.0305402602409678,0.0601655276030105
AC011445.2,1.12275793139385,-2.33938113040616,5.03326108653631,0.0305480045174041,0.0601733036155753
DRAXIN,1.70172323140233,-2.27775703254777,5.01617629150636,0.030579789201849,0.0602284264829357
DNM3,0.658825517965883,1.15879237034167,5.06365509668069,0.0306699640454055,0.0603581642214618
AC027702.2,0.667308443858777,-2.16386768099373,5.04652060392744,0.0306777224326454,0.0603581642214618
IGSF10,1.07652365866738,1.13869433279547,5.06083498461752,0.0307163909298922,0.0604104102737991
AC092140.2,1.27440577177419,-2.84621141385211,4.97545586128762,0.0307179331095017,0.0604104102737991
PIPOX,0.654013868270786,-0.964403374888167,5.06024983028703,0.0307730432984431,0.0604831905444081
CABP7,0.721905833209819,-1.94113824992212,5.04693943000643,0.030792297791178,0.0605116000864084
BX088651.4,1.09852014900022,-2.41079909049072,5.01187297854059,0.0308292895883657,0.0605692725151042
GREM1,-1.0197457954279,1.23429326466417,5.0497300518429,0.0308833197039727,0.0606603826659463
ENSG00000276995,0.805652658498453,-1.64373450383387,5.04641755708905,0.0309046477140564,0.0606797116001303
AC092807.4,0.895478994002828,-1.79734407916205,5.04016301862241,0.0309276015619347,0.0607172574271531
COX7B,-0.738460688197549,7.92053138716533,5.03283531575054,0.0311395223858858,0.0610576603871729
LINC01497,2.04420201016,0.239946445065535,5.03220435454015,0.0311622126093553,0.0610870340450833
ZNF543,0.670890819359462,3.15502521530044,5.03112863943145,0.031166960464119,0.061088784474322
FXR1,-0.807807228230827,8.80492616071659,5.02816383013013,0.0312129371001748,0.0611713349278345
ZNF559-ZNF177,0.82956557806357,-2.44669619088573,4.98935195796353,0.0312574539834461,0.0612510044856771
COMMD6,0.627783666641248,4.60785609177337,5.02139145997294,0.031319757162973,0.0613427501868289
AC008875.1,0.719726302142548,-1.77468643481869,5.01648212224779,0.0313436822883908,0.0613820233840989
GKAP1,-0.730204900013956,4.33036621173857,5.01547091822426,0.0314133778976782,0.061510910607254
PGM5-AS1,0.977190144637592,-0.139477590849668,5.01190439752562,0.0315112250669736,0.0616467135828131
AC011978.2,0.639493807525406,-1.76778837591798,5.00697430686225,0.0315133991405137,0.0616467135828131
DRAIC,1.29624978953176,-2.84538901120468,4.92550702999409,0.0315138528891506,0.0616467135828131
NAGS,1.08815171659521,-1.18216400109224,5.0087196466066,0.0315319365097751,0.0616668638615828
COX5B,-0.67041442664731,8.33971687421109,5.0075202930223,0.0315396303248927,0.0616718326649918
BTN3A3,0.653557938257946,3.74878373129406,4.9969270791567,0.031708874978003,0.0619288318679336
SEC14L5,-0.970968364241454,3.1797020992658,4.99565656134045,0.0317296522396832,0.0619565470913818
NDUFA8,-0.597643476667751,6.11795556797768,4.99513811898916,0.0317373740713274,0.0619565470913818
RASGRF1,1.51132692961937,-3.03451146761034,4.88910843864658,0.0318287144412613,0.0620948776342622
GIMAP2,0.778820702716198,2.15103685952497,4.98939804018468,0.0318322720373291,0.0620948776342622
MCRIP2,-0.616017430725951,5.49173830333309,4.97822302026351,0.0320096995702003,0.0624086748387013
FAM227B,-0.636206920615165,1.88199848747882,4.97373755093349,0.0320849100599407,0.0625476159084611
AL138976.2,0.853990925526231,-1.48198457247564,4.97281938108118,0.0321044300575663,0.0625704212074994
CCDC9B,-0.775894932668155,6.55872257054384,4.97237103434271,0.0321045052589246,0.0625704212074994
OPRD1,-1.07270670590158,-0.770656263099273,4.97732081323555,0.0321233539653249,0.0625994577334608
INAVA,1.25564977152302,-2.40686650453865,4.92532119856379,0.0321281977746032,0.0626011988361166
RSPO3,-0.776679702853284,4.5318956389526,4.97043954829589,0.0321358712000169,0.0626084522875175
SDHC,-0.675212217344233,7.58394466299464,4.96961499597674,0.0321492612557207,0.0626268399655079
PSMD6-AS2,-0.621539520130381,-0.36373824233658,4.97258809637613,0.0321612904796949,0.0626425725456889
MAP3K20,-0.849405806403201,8.97907669756043,4.96543492498871,0.0322172729904693,0.0627284832387231
ZFYVE9,-0.603436799849634,5.18140304638698,4.95459701843178,0.0323943469592966,0.0630267914381797
NFYC-AS1,-0.641155573854522,0.529337863726671,4.94632280327622,0.0325496961884356,0.0632650866229876
AP001065.3,1.352002527221,-2.53014498813798,4.88933884619588,0.0325684536709293,0.0632723164549732
FILIP1,-0.826074463349259,6.57062257216944,4.92817528373366,0.0328304967358418,0.0637103682911759
NKD2,1.42228620940682,-0.88714627692079,4.92673229294305,0.0328477446037415,0.0637289677687919
INHBB,1.18477287616782,1.77374493806891,4.92491695509382,0.0328914942384122,0.0637748084174867
AL365181.2,0.876992291478105,-1.79049360318716,4.91625701184546,0.0329415773861219,0.0638629190862279
LINC00954,0.833093374840877,-1.58709790088722,4.91126710511535,0.0331042235078932,0.0641323508471374
PCDHGB2,0.698113371536123,-0.342391097220848,4.91173072369527,0.033156677212418,0.0642025737762937
PCDHGA12,0.852882279598824,0.162113618281993,4.90985147114614,0.0331707094423823,0.0642218976827651
CDYL2,0.639922071822799,1.21173719732774,4.89949756872276,0.0333205879844765,0.0644805663438759
BCL11A,1.70145165529982,-2.03025434904358,4.8604133628085,0.0333641319706863,0.0645569474162961
AC011374.2,1.02770785879045,-1.95863694536983,4.88070110101429,0.0334116666977332,0.064641030662798
AC007336.1,0.985821434685873,-2.14629398672229,4.87108552949274,0.0334621451609925,0.0647149883288074
USP37,-0.861130763722514,1.93443264149694,4.88935350404043,0.0334855544167249,0.0647444583750413
MAP3K7CL,0.611362253454179,4.48341071503927,4.88037909591793,0.0336359310387695,0.0649876370606413
CYB5A,0.855818052778587,4.34275222523342,4.87817981619976,0.033673510271417,0.0650443828950689
CA2,-0.867576242548657,4.56103877295703,4.87027061597171,0.0338089641980429,0.0652742026859632
GABRB3,0.941833150052135,-1.16992486751474,4.86824029918751,0.0338786628534377,0.0653928343773967
ETFDH,-0.764198958933249,6.67498831985232,4.85474448149112,0.0340767019201453,0.0656870812952855
AFDN-DT,0.970135368743749,-1.95302458609277,4.83703406134377,0.0341905243049863,0.065890458307323
C9orf43,0.757671982768217,-1.95659876750764,4.8394262333936,0.0341981013766529,0.0658970467553282
ATP5F1B,-0.746087109653291,10.5879745587149,4.84672947299246,0.0342158251070578,0.0659186822252377
AL161421.1,0.809197891418565,-1.43522578974205,4.84745040646264,0.0342250395125165,0.0659249059383553
DARS-AS1,-0.613400457076663,-2.09211822751451,4.83947944491606,0.0343013016208861,0.0660076170960755
ETFA,-0.639229860742095,7.36069647723365,4.83935269985013,0.0343444193864118,0.0660745434037231
PABPC4,-0.612033688825485,8.29569576409724,4.83289895773568,0.0344573563621636,0.0662435674234146
PHKA1,-1.07134874791315,7.01640135810248,4.83164636735948,0.0344793232816097,0.066277757889819
ACADM,-0.966170482198745,8.12644946459839,4.83032717893263,0.0345024742604838,0.0663142158406169
MSANTD1,-0.884882440884263,0.000210634172929013,4.83185004791999,0.0345179624330617,0.0663157453197843
PNCK,1.08854968543324,0.122140527762655,4.82916438840912,0.0345587201777157,0.0663498956452945
PTP4A1,-0.917549727459638,8.50263549419259,4.82147162452021,0.03465832619335,0.0665008469773602
UNC5B-AS1,1.99757970523041,-0.786991399312522,4.81245151239394,0.0346924955306102,0.066534185728377
FNDC5,-1.04730362603117,7.83027976676479,4.81304568881276,0.0348073322845088,0.0666992275802213
LINC00852,0.763497223338381,-1.20269075333771,4.81174024531,0.0348864239985446,0.0668333125126857
LINC01238,0.911612089647859,-1.12438683571292,4.80684161651368,0.0349601604769726,0.0669341141812957
MYH15,1.74407354090132,0.656690390166849,4.80465613789588,0.034982328262317,0.0669684653265206
THNSL2,-0.644460302007904,4.98561674578103,4.79784397268066,0.0350779422684954,0.0671282357498167
BTG2,0.946529775072991,6.65811385220313,4.79781283335766,0.0350784956297237,0.0671282357498167
SLC38A3,-1.22820943022388,4.74914769918183,4.79753460233722,0.0350834757459139,0.0671296595201035
TAPT1-AS1,0.698369766935938,-0.664018124138824,4.79884537694938,0.0351235574025541,0.0671901272523267
L3MBTL4,0.727009992559628,0.534196251479737,4.79546584757897,0.035143987705308,0.0672129825206392
BZW2,-0.834114674708918,7.55893001764604,4.79020508456833,0.0352147865488367,0.0673091706800356
SLC1A3,-0.704152160213802,4.38114020593419,4.78966558258974,0.0352244828015446,0.0673091706800356
BAMBI,0.626347267788121,0.955354843298059,4.79032575564555,0.0352262462693301,0.0673091706800356
TC2N,0.672698027097159,2.40411020766509,4.78956572264269,0.0352282616028406,0.0673091706800356
TMEM86B,0.711346779430362,0.317721948177806,4.79055554088379,0.0352380108891594,0.0673196815624484
SPATA25,-0.605978208692538,0.502313868139796,4.78901004160124,0.035257066518367,0.067347966865545
PITX2,-1.18262802998217,4.94463503477445,4.78061552720969,0.0353874125901467,0.0675643767850668
SLC25A10,0.778199743778348,0.839232421793217,4.77967555845017,0.0354213605048858,0.0676047573071088
GPR156,0.780920167195328,-1.25574171208542,4.78084692636185,0.0354328018492758,0.0676184502535492
LINC02308,-0.754548606867203,0.840717519570777,4.77699822807541,0.0354661581320651,0.0676495194895083
AL022328.3,0.791951938536861,-1.2571134953606,4.7740169507361,0.0355552457113968,0.067787576841655
AL031123.2,-0.728539255347145,-1.74236016712072,4.77566499322465,0.0355744661612017,0.0678071403965074
RNF157,-1.07076274625556,5.64647556132846,4.7682747451664,0.0356109193065641,0.0678521387821475
GRSF1,-0.696693469591162,7.54891044645119,4.76705869152421,0.0356330256545322,0.0678697785513668
GPR61,-0.706226058647333,-0.669917256325351,4.76955698916218,0.0356749320926502,0.0679251049948609
ADAM23,-0.650229361076668,3.53353547275936,4.76304839759808,0.0357062188971347,0.0679520176369514
FKBP3,-0.763371092259502,7.31253565180672,4.75640343489789,0.0358273832935229,0.0681416878363488
TMEM169,0.868021482761982,-1.65333334639077,4.74251526210961,0.0360457555079909,0.0685076861999438
MED14OS,-0.628037494705125,0.559567018274802,4.74518152663232,0.0360526656210801,0.0685126024819831
NIPAL1,-1.05377046275162,1.27346299774319,4.74176336211013,0.0361041098037864,0.0685939129673424
HPDL,-0.681560669866784,-0.636229730079653,4.74558848529014,0.03611093995164,0.0685986652377893
CLIC3,1.28085796943779,-1.17622215029161,4.73922623248626,0.0361178307882711,0.0686035316435013
PTPN20,-1.13540883812667,2.71776567240266,4.73942925093634,0.0361402966735422,0.0686379771555158
SAMD4A,-0.674334310461758,7.12709491879831,4.73788277538525,0.0361679771662729,0.0686795854659586
DGCR6,-0.788896480757561,7.15887971368608,4.73755519186032,0.0361740332137688,0.0686795854659586
ZNF578,0.701137445424666,-1.06342183619666,4.73481258639226,0.0362925917187523,0.068877688738571
CMBL,-0.883440587107684,7.00143118608387,4.71844708489059,0.0365292141753985,0.0692272730252977
LACTB,-0.58045356407164,5.02742413549919,4.71114134992138,0.0366660240640918,0.0694284243450429
PLEKHM3,-0.824557587977565,0.609131538481051,4.71016876928882,0.0367031009295451,0.0694721099987445
AC119674.1,-0.895976584417212,0.543202889369243,4.71010111542155,0.0367066307199778,0.0694721099987445
LINC02615,0.937793886816599,-0.707622209397139,4.70822583610236,0.0367748315037227,0.069584567742029
BEX1,1.16435583531831,-2.30431475765501,4.67299942500867,0.0367950952253708,0.0696145981418876
UBE2T,-0.833677619384373,2.78206222757677,4.70238387104746,0.0368315794379609,0.0696586751824044
NAT1,0.652627405716412,-0.498074793406754,4.70449096500231,0.0368510033528133,0.0696621555686548
LINC02731,0.845720573363154,-1.63415270298447,4.69872169065136,0.0368729055562294,0.0696952450321526
ANOS1,-0.608412602806443,4.42860231706585,4.69398461674988,0.036989515272162,0.0698656553656676
ADCY2,-0.977042036405377,6.65556583140517,4.68900865016406,0.037083911437157,0.070018913921676
FBXO15,1.42848374959115,-2.72401594251952,4.61912653543281,0.0371411515628,0.0701019329223073
LBX1,-1.12638346432552,3.32307783300546,4.6807967588598,0.0372408730325028,0.0702399565515439
CFL2,-0.879895404517625,9.33073827819641,4.67588922512025,0.0373340815787789,0.070340410269755
TPGS1,0.584821208708057,1.64679078783546,4.67437211998019,0.0373682694018833,0.0703938006147073
AC004854.2,1.25894134225466,-2.82462072577511,4.60254894860257,0.0373777220357341,0.0703975233064272
SEZ6L2,0.59609872306717,0.158801420514381,4.67023242052699,0.0374775373998015,0.0705352179542345
AC109460.1,0.787245697789461,-2.22092114246845,4.64013181935534,0.0376650076997314,0.0708123593567023
ZNF581,0.589260261657302,2.57113913348016,4.65601196439396,0.0377181789067258,0.0708955024475014
MIR133A1HG,-1.26042078080942,7.84434747299349,4.646165803054,0.0379077366799872,0.071174130177604
ACSM5,-0.593270620459767,3.45349863795587,4.64599616926499,0.0379113291366918,0.071174130177604
KCNC1,-1.18252083989751,0.0870574804324708,4.63913888099884,0.0380875400463376,0.0714710772189831
NRG4,-1.03842344636707,2.79925292013044,4.62900371239497,0.0382441996957989,0.0717225837371983
BOLA3,-0.582360172399543,4.43637639075745,4.62720821923731,0.038278663555163,0.0717702296922229
AC073896.2,-1.02625372547881,-1.47976417936939,4.63345918134667,0.0382848897268023,0.0717734115107816
PRRT4,1.05869446382998,1.93718010132482,4.6268107074813,0.0382916440980571,0.0717775826853456
SLC16A3,-0.918550315396485,6.18470611768559,4.62450499830736,0.0383318693116791,0.0718444156755433
SPC24,0.935206405882897,-1.42037390046634,4.62349035433446,0.0383551797226883,0.0718626783004778
MYO5C,0.691218467979973,3.43452532789115,4.61616551921495,0.0384969648385844,0.0720686830238685
PPTC7,-0.765642101437195,6.8706969731307,4.6137808597978,0.0385437769457817,0.0721392740356446
DKK1,1.62357919317536,-1.20862797204835,4.60683708937942,0.0385594151515027,0.0721600203006452
ATP1A2,-0.968071457520188,10.0516455909445,4.60597627842463,0.0386988019561813,0.0723610518701598
OXTR,0.776963121747111,-1.17754779775775,4.6040163727853,0.0387952511697954,0.0724741145830369
ENSG00000261567,-0.863511370780072,-2.60254821552731,4.56636875189617,0.0388756733837907,0.0726146624366963
SSTR2,0.866533119829085,-0.12005820826863,4.59587923149518,0.0389453024210395,0.0726974450838458
MDH1,-0.759131353876866,8.75995885063929,4.59141494464217,0.0389898701164408,0.0727596283994535
CCNB2,0.853419850559936,-1.59049603113535,4.58532930453936,0.0390957700025967,0.0729216152888598
TMEM38A,-1.1262614809688,8.56970747437847,4.58594508090901,0.0390998274190346,0.0729216152888598
AL121583.1,1.68853698785439,-2.78458130592505,4.50998903577374,0.0391894884588583,0.0730544434310702
HGFAC,0.815095961085541,-2.24230827826046,4.56029777544274,0.0392283386088649,0.073118264165453
CHAF1B,-0.778245398682668,3.23838938561785,4.57917583000385,0.039236949241921,0.0731257126469154
CENPK,0.854945920142745,-1.56385017175994,4.57719411179116,0.0392677446198487,0.0731596477756098
AC104564.1,-1.01022127224032,-0.115169881934891,4.58017995897676,0.0392690076342107,0.0731596477756098
RPP14,-0.678109575867422,5.48035842074205,4.57475152570262,0.0393259082350639,0.0732484329808483
AC091563.1,-0.870257954753858,2.40831858068131,4.57121634726232,0.0393991224084486,0.0733589346500628
POLE2,0.674016013313495,-0.592319489227138,4.57147856357577,0.0394568646529801,0.0734491876137408
AC090587.1,-0.756675391668648,-1.64295746032069,4.57372784349636,0.0394645337787413,0.073454835188127
FBXO32,-0.931139793932802,8.44008097063374,4.56554491289239,0.0395129289892163,0.0735362754776406
PRUNE2,1.21577539889321,4.86091576873745,4.56464433662075,0.0395313346523394,0.0735618905866161
ROR1,0.722066910434877,1.18415087221781,4.55587563569028,0.0397213269411687,0.0738720652548644
CSMD2,1.17871712737758,-0.550883510536754,4.5478756903529,0.0399164091953454,0.0741739372090336
AC008649.1,1.44487620831903,-1.61149053295765,4.53353210603207,0.0399392180518794,0.074207619705491
AP000941.1,0.994978271100629,-1.6847837685343,4.52722809046759,0.0402140663565587,0.0746220502988743
AC008676.1,2.06401964436173,-1.90074594457343,4.49278620509688,0.0402337244441264,0.0746410479122068
APOO,-0.731974087899087,4.06738583396735,4.52982290156967,0.0402479170749803,0.0746498995654509
TMEM182,-1.04950279068595,6.78859765103128,4.52581425748761,0.0403312839840143,0.0747607740431249
RTN4RL1,0.799648165947761,1.0601997011096,4.52162290197825,0.0404324178738515,0.0748994137060292
SDHB,-0.66127705063863,7.50922389623204,4.51994983072113,0.0404536440765378,0.0749262386256305
TMEM100,0.863661859243085,1.88980141287283,4.51878608769345,0.0404827933228018,0.0749627045789251
SCN1B,-0.770766593213486,7.35757380766369,4.51569140754345,0.0405427507899,0.0750386558943641
TENM3,-0.626750336795343,3.3574610338149,4.50947422136189,0.0406736951857924,0.0752387951340535
TMEM52,-1.05645444247613,6.21665331563277,4.50932388286571,0.0406763928764738,0.0752387951340535
CRYBB2,1.05120292719275,-1.58065859950836,4.49886775786629,0.0408300446882943,0.0754646277321437
SNHG22,0.660880571933745,-1.2334780764561,4.50250738039853,0.0408816845864055,0.0755147692596111
ASPHD1,0.810871598045382,-2.38916965233538,4.47047692255301,0.0409286821513303,0.0755744642825518
PRR16,-0.726705379643535,3.48464450569948,4.49428582613393,0.0409942589779916,0.0756534321677224
ESM1,1.09811468254885,-0.0711807951609089,4.49387229014699,0.0410448767712431,0.0757211248374718
UBXN10,0.812013600220896,0.0360592782260062,4.49213320362706,0.0410807697900834,0.0757689663481671
EPHA7,0.850117138724513,-0.64166063600466,4.48742756649165,0.0412000574967403,0.0759447843609217
HROB,0.810263623761417,-0.710694427813704,4.48214653734001,0.041315586269343,0.076122322475326
TLL1,1.03412556464367,0.556669685122075,4.47883609697552,0.0413495427005168,0.0761583220798569
THSD7B,0.923303057378445,-0.692112784257956,4.47697335883249,0.0414200141316744,0.0762615271226495
SYN2,-0.958457894064875,0.690060987931355,4.47155635304202,0.0414972062983997,0.0763592926394264
NUAK2,0.83625401658637,0.970221727875832,4.46697263869131,0.0415934021687314,0.0765007711429766
CAPN3,-1.05692557912575,7.04423430433412,4.46420709088281,0.0416372724018365,0.0765548040088065
EFR3B,-0.763449837991999,3.46609073691636,4.46163403358224,0.0416932004822324,0.0766220744569102
SPRED3,0.82571302695959,-1.01302750347872,4.46152633412624,0.0417559189532012,0.076728437807442
ZNF770,-0.85436394553113,4.48812411547565,4.45458786043926,0.0418453553110923,0.0768304189103094
IGF1,0.887821704348204,0.968746564241686,4.4503602028047,0.0419533787575225,0.0770019913331549
IFI44,0.688692206959216,3.4865604979452,4.446199479036,0.0420281302744617,0.0770945457181843
PLPP7,-0.821893677311834,6.93852591229621,4.4400858414412,0.0421612036679928,0.0772760345277217
IFIT2,0.906461921713655,2.96549863591864,4.43945710647101,0.0421761793358995,0.0772856052192413
ATP5F1A,-0.703715283637505,10.1218338708556,4.43570911860237,0.0422570431408828,0.0774069312973726
MID2,-0.632413682564142,2.9592310245817,4.43489368235394,0.0422756802279663,0.0774321202696004
INHBA,0.776602359082038,0.90677087609558,4.4214930644259,0.0425866029260439,0.0779025622265979
HBS1L,-0.660788593552123,6.33502166724352,4.41871693612948,0.0426314073441394,0.077957525061456
IL2RB,1.23061169420162,1.37087006126263,4.41420718885086,0.0427438865440751,0.0781271476429018
SCN4A,-0.905823716066392,7.68125020591789,4.41186886459952,0.0427833093964711,0.0781667990427107
INSC,1.22044783956572,-2.27924826153192,4.38290132426047,0.042802615584883,0.0781803883326003
LRRC69,-0.739685615900176,-1.71593123704314,4.40801458344941,0.0429800527570682,0.078442558891818
FUNDC2,-0.588686653474192,7.5839511769153,4.40300544406182,0.0429808000793624,0.078442558891818
SOD2,-0.60729718875367,9.16538552204724,4.40169381057258,0.0430101102177624,0.0784689404352844
TACC2,-0.831880417600408,8.5602585273899,4.38365282934924,0.0434154982616532,0.0791174564112716
PPP1R3B,-0.828426553357827,7.55431761187889,4.37792666626544,0.0435450444194455,0.0793079322968569
MBNL1-AS1,-0.712135079576508,5.27324153991007,4.37705761769676,0.0435647452766539,0.0793280901923144
BTC,1.21152972112964,-0.424289327023343,4.37865789643447,0.0435711299951981,0.0793280901923144
NLGN1,0.920764553190154,-1.01291036512057,4.37796821995562,0.043596493732202,0.0793647598884489
AC104971.1,-0.771709951347374,-1.4221831978604,4.38013717327532,0.0436348720282725,0.079398532211739
SPEG,-0.753621829356068,8.67850486135599,4.37089319207452,0.0437047484318889,0.0795165497589142
ZRANB1,-0.623324749298363,5.11916539700406,4.3680720302465,0.0437689909929686,0.0795969855621438
AL359715.1,0.95298585474061,-1.99309221977434,4.35765260758538,0.0437690498004998,0.0795969855621438
C11orf65,-0.683214827064673,-2.17842844586545,4.36085303857147,0.0438282389907264,0.0796680549766049
SYT6,-1.09448268044606,-0.650569098291062,4.36936512224454,0.0438386351190546,0.0796778129064868
RPP25L,-0.58815845277389,5.03565754152122,4.36144113093892,0.0439203890279714,0.0797978808868907
PDHB,-0.589048040926127,7.01891484513904,4.35469202290949,0.0440750735793935,0.080034111494517
PPP1R1C,-1.11152363314943,2.24655575477972,4.35149177340941,0.0441507252751002,0.0801367053948426
TMEM143,-0.760961764937554,5.93590796878071,4.34700053462255,0.0442520930197229,0.0802819597119117
APOC1,0.955401233461651,2.0617578864939,4.34625450653943,0.0442736190774438,0.0803026257892014
OPTN,-0.738920660579225,9.2757816431778,4.34477879785441,0.0443033702962071,0.0803473917468521
ABHD1,-0.659326597633719,1.86410396749659,4.33763147407534,0.0444717405912506,0.0806250627101645
CASZ1,-0.639772621665861,4.62570897767053,4.33249435954096,0.0445880890837761,0.0808082625469579
ADAM32,0.71859746992554,-0.502191098450481,4.33147233857472,0.0446745518718561,0.0809378016371221
PTX3,1.48762620016719,-1.3763660008619,4.32141209697398,0.0447101469002833,0.0809924208880646
AL139393.3,0.726090633209093,-0.829531934045925,4.32186876052963,0.0449073282785943,0.0812402616083586
CLYBL,-0.655217424649552,3.99732282797396,4.31228843658884,0.0450608437804685,0.0814600948424691
HS3ST5,-1.0303487053491,2.06039705572349,4.3111581941053,0.0450897807939972,0.0814849402343027
AL022322.2,0.919662326994464,-2.28336323179941,4.28674661518772,0.0451633976843967,0.0815648902702635
GPR157,-0.832070164858647,5.23914009677557,4.30790666151397,0.0451640120622461,0.0815648902702635
KLHL31,-1.12093310709333,7.7805336457639,4.30141105223836,0.0453175219206561,0.0818121177804325
DTNA,-0.80084468628444,7.11400338295757,4.29684478991679,0.0454257818589386,0.0819608749992713
TMEM266,-0.919687726681544,2.97708425009705,4.29625483208713,0.0454404980952876,0.0819780935013687
CRB1,-0.700676426070954,-0.664678255338834,4.28645147752119,0.0457682783509176,0.082470174764611
PRDM16,0.735370078801132,1.4240749762629,4.28252703342302,0.0457757629779653,0.0824702723865185
AC026401.3,0.689797925991335,-0.27654057322374,4.28005499661466,0.0458813334746159,0.0825903998990906
AC026471.4,0.772612264856277,-1.5663288019223,4.27791794236707,0.0458841345814093,0.0825903998990906
AL121944.2,0.874974361377325,-1.6938784912512,4.27464748600878,0.0458975905465834,0.0825958570737801
TRHDE,-0.884742207152702,-0.211762969272124,4.27802937028038,0.0459344098061076,0.0826339643770447
GRHL1,0.591731297435331,0.149848083972719,4.27570400826742,0.0459683840161094,0.082666929358067
RGMB-AS1,0.671793841649036,-1.32218117912406,4.27501322639982,0.0460069342816038,0.082713213742173
DMRTA1,-0.725991085446066,1.16269689857591,4.27279275170159,0.0460097797145993,0.082713213742173
PRF1,1.35042820829423,2.06516711520619,4.25366473574219,0.0464697876070007,0.0834765373115049
RGS17,0.686580456887148,-0.592996182477018,4.25613055458404,0.0464712571566919,0.0834765373115049
AKR1C2,0.717087918211416,6.22752747812491,4.24373528737035,0.0467060741306755,0.0838223280576233
BMP8A,0.669773164659487,-0.814168677251009,4.24437887736775,0.0467654911271337,0.0839004571370642
KNL1,1.104101977104,-2.17686218208977,4.22017753823801,0.0468074033298817,0.0839661445062979
H2BC21,-0.660248156251621,5.04012970561501,4.23360190867325,0.0469548460499564,0.0841449107037949
SH3RF3-AS1,-0.623010335904249,-0.997175443777983,4.23808186430859,0.0469684795494641,0.0841595954859634
SLC25A11,-0.638566454626769,7.20556703343673,4.23059341135931,0.0470289799582616,0.0842301362340157
GRIP2,-0.607853718259507,5.91823906154114,4.22418475866771,0.0471873385056691,0.0844133800325377
FTCD,0.806529356679972,-1.13448740108274,4.22540788995947,0.0472169157364502,0.0844521968031068
AC142472.1,0.79610125912677,0.279790781743865,4.22266395555612,0.0472592429313592,0.084518363924303
ACHE,-0.951432953279175,6.57035160570327,4.22008778404071,0.0472888817749365,0.0845605316461581
LINC00337,1.86445943968057,-2.38404527432155,4.17267246627088,0.0472940587155868,0.0845605316461581
LRRC8C-DT,0.717106149253622,-1.04147851495384,4.21522545935561,0.0474830305388908,0.0848324997736165
KCNJ2,-0.768291165474543,4.12144507645172,4.20688289739931,0.0476178232916224,0.085015732954297
ARHGEF39,0.724912496907465,0.371792312413984,4.20781524855258,0.0476254270009935,0.0850197298281789
PANK1,-0.8094546567471,3.52431516135504,4.20002651448699,0.0477899029264052,0.0852606393204774
MAFA-AS1,1.04579486822285,-1.33379159760439,4.19914430036545,0.0478071695016632,0.0852769265075256
ENSG00000243444,-0.973696411425637,-0.635460308319349,4.1998128528113,0.0478928096556427,0.085410460793717
AL591895.1,0.601203963144364,0.470173852753288,4.1936577068621,0.0479768695302056,0.0855218730534498
PPP1R3A,-1.2804128294066,7.66744276864857,4.19106306387449,0.0480151974877489,0.0855709440607689
HADHB,-0.793545764896662,9.15052252297857,4.19076739243754,0.0480226592643267,0.0855746183921944
CALML6,-1.2145657721814,3.91428337968803,4.18974358507189,0.0480485864376794,0.0856111928578712
PPP1R3C,-1.04899784817903,9.19848899234499,4.18824150842203,0.0480864574112022,0.0856657807630159
AGTR1,0.811385164208487,3.22214682182498,4.18576580715073,0.0481497486518253,0.0857528733294533
BNIP3,-0.589008929589999,6.81244230332319,4.18472756485129,0.0481753675489603,0.0857792190503791
PLA1A,0.730885801612307,1.06015128043363,4.18485147708518,0.0481863328797483,0.0857891042742806
PPP1R36,0.791457385187577,-0.992634582642273,4.18104545647374,0.0483366563050365,0.0860470672282535
NDUFA4,-0.668935796603474,8.90813281467474,4.17588735473496,0.0483998449588104,0.0861305270142917
RBM41,-0.725842608610118,2.9332901227628,4.17544690385875,0.0484118165731652,0.0861364542236896
OCA2,0.995114787756302,-1.13583566451414,4.17531224270478,0.0484485093894382,0.0861784182618057
RAB17,0.597551932891053,0.794150297677505,4.17388119729107,0.0484695074200362,0.0862060924899343
AC109322.1,0.810722154564556,-0.626803491017668,4.16418699750864,0.0487641175688339,0.0866037174844011
ERV3-1,0.591658539146143,1.60717514104712,4.16042566487419,0.0488011750839376,0.0866598186413222
LCN8,1.34328216561931,0.164121295311362,4.16091029801694,0.0488200240046009,0.0866799422654177
AC092384.2,0.992827084188314,2.34391048737447,4.15445422198365,0.0489518574877132,0.0868495393649565
ARHGAP39,0.752047579874942,0.671651438279013,4.15134433677548,0.049051895690592,0.0870075432067173
AC105285.1,0.90059743608791,-2.52163425190689,4.1192612493761,0.0490794795554736,0.0870339696906662
AC107884.1,-0.595350246261437,-0.22946505162193,4.15162256887511,0.0490811785209195,0.0870339696906662
AC131097.2,-1.4078059792589,-1.51986451034697,4.15370460267615,0.0490849459411004,0.0870339696906662
MFN2,-0.720391608246089,8.56397396068254,4.14513894486533,0.0491896646244566,0.0871933574165284
NGRN,-0.601760002228393,6.71283771572683,4.14481451939489,0.0491980737981566,0.0871985097281497
ASPM,0.792733931737901,-1.78113347621224,4.13864075321757,0.0492896725962739,0.087321793363125
ENDOU,1.17253023514892,-0.77971866261473,4.14004660902561,0.0493598568999781,0.0874168140695075
DHCR24,-0.751518266502974,6.46564250979393,4.12527237068957,0.049707525495714,0.0879833750173774
LINC01956,0.91218261123018,-2.05294591710464,4.11199146369517,0.0497560114352597,0.0880593604215501
ENSG00000225302,0.804706541781169,-1.80453642329383,4.11467430410838,0.0499064152390233,0.0882467041165813
AC007611.1,1.27671193802137,-2.68957249581798,4.06917016085335,0.049959337280329,0.0883131319345138
COL4A3,-1.05108785574207,5.56866637628539,4.11564288017073,0.049960700939794,0.0883131319345138
