gene,logFC,logCPM,F,PValue,FDR
EPB41L3,1.92373435299861,4.15295269207232,40.8249380524994,9.46767727858786e-08,0.00148595194887437
TNFAIP6,2.11642936581525,0.713454515141288,36.3156651991724,3.26600906500298e-07,0.00208682272649263
CDKN2A,4.97916200932056,-1.26316865211116,33.3709668196986,5.19376303824348e-07,0.00208682272649263
AC147651.4,1.4445085707522,-0.757598903302498,33.5359797389473,7.09588112200346e-07,0.00208682272649263
DEGS2,2.46774983242796,-1.75935349236468,30.9781604330575,9.456696038181e-07,0.00208682272649263
FAM225A,2.06175672475697,1.13920620658441,32.5845217147959,9.48234499487522e-07,0.00208682272649263
CDKN1A,3.7459400275627,4.78140379894477,32.5064177633056,9.59557062219699e-07,0.00208682272649263
KLF13,-0.755977672072556,6.1983281065069,32.1007463534268,1.07794245228335e-06,0.00208682272649263
IFFO2,1.17486306577239,2.72372017812819,31.759120173605,1.19664890337264e-06,0.00208682272649263
GPR37,2.31503507084563,-1.15765910819321,30.5410900785791,1.39136880472069e-06,0.00218375333900912
GALNT6,2.37869487632584,-0.11906532150077,30.190320527701,1.85958245751856e-06,0.00221862809629722
AQP3,1.63265844250865,1.37811770035222,30.3121721227977,1.8601417505687e-06,0.00221862809629722
FAM225B,1.99842762275675,1.14423933008524,30.0069027462396,2.04769382277231e-06,0.00221862809629722
HDC,2.18507250220473,0.350816721275094,29.8047224478315,2.16788540388931e-06,0.00221862809629722
RUNX1,3.13213763745253,3.80361697388343,29.1772491478946,2.61697561818327e-06,0.00221862809629722
KYNU,3.54404535879502,-0.471052123712392,28.0209997922384,2.74368168129077e-06,0.00221862809629722
SPP1,6.62090931403661,2.26441333964281,27.6987157885641,2.82841245608893e-06,0.00221862809629722
SLC22A18,1.906070509267,1.42267702507249,28.620331659446,3.12905654930273e-06,0.00221862809629722
SPATA2L,1.73598254428526,0.31071568921927,28.5231116560138,3.24542248060212e-06,0.00221862809629722
FGF18,2.31376941604965,0.322863523343327,28.2776560304059,3.45537848059144e-06,0.00221862809629722
HAS3,-1.09934683267291,0.906706573737855,28.1150966245909,3.65778712592713e-06,0.00221862809629722
ITPKA,3.78424084906618,-1.47153676637539,26.6206300486723,3.6846339260754e-06,0.00221862809629722
DNAAF3,2.24004780463744,-2.28189791609309,26.2052293891735,4.00264222708302e-06,0.00221862809629722
ZDHHC12,0.967953081704178,2.06458704707047,27.7204140587855,4.11432901075497e-06,0.00221862809629722
SERP2,1.51135564766119,0.0117724635645802,27.532067556884,4.43024390142997e-06,0.00221862809629722
TNC,3.85609979046666,5.40718616804587,27.3422698668083,4.64025046081496e-06,0.00221862809629722
IKZF2,-1.11307696904754,2.61962856392494,27.2985840387019,4.70621627466305e-06,0.00221862809629722
CDCA7L,-0.956348094700559,1.33437469107389,27.1210252466547,4.98658253981198e-06,0.00221862809629722
PTER,-0.79468956367604,3.28504988289298,27.073783627114,5.04516072400941e-06,0.00221862809629722
IL4R,1.5676012596472,3.69404682853863,27.0532743594261,5.086010477739e-06,0.00221862809629722
SLC25A36,-0.990081179748991,6.31310860049523,27.0446652895005,5.09879854430781e-06,0.00221862809629722
CEP85L,-1.04680491115679,4.04671161222185,26.9287304594839,5.29110276634046e-06,0.00221862809629722
MAP7,1.58669572343619,0.155229390523484,26.949040562501,5.32588367673258e-06,0.00221862809629722
DARS2,-0.591717676241671,2.9251408813972,26.8698432596543,5.38309031219604e-06,0.00221862809629722
MEDAG,2.09426467492766,3.48125449661421,26.8699276003165,5.39390780509475e-06,0.00221862809629722
LGI2,3.04443585482118,0.813530386335021,26.8038642365556,5.43806308725058e-06,0.00221862809629722
HLTF,-0.68465106836533,4.53551072354973,26.7956391492279,5.51065437697068e-06,0.00221862809629722
CAPG,2.49097200445062,2.77290205352524,26.7436945718869,5.6271952911318e-06,0.00221862809629722
PHOSPHO1,1.93393150452569,2.52742611749737,26.726715949653,5.65435640980496e-06,0.00221862809629722
CCN2,2.35691431184846,5.83506328490038,26.4117124955363,6.24407921240969e-06,0.00230360631419853
MSR1,2.83439653391878,2.28690454994773,26.1073803769867,6.92738285028306e-06,0.00230360631419853
IFT81,-0.778052513671987,3.24968171090617,26.0697785101648,6.96347028095557e-06,0.00230360631419853
DUSP4,2.58798161432414,2.79821936243752,26.002977430914,7.14294636173489e-06,0.00230360631419853
NFKB2,1.06368424355734,3.94935482182858,25.8586741512681,7.46620185955046e-06,0.00230360631419853
BDKRB2,2.87765703188696,1.81038940859535,25.8633587551882,7.50999510622429e-06,0.00230360631419853
DEK,-0.696820777529573,6.32727984976612,25.7384249150525,7.74933385278076e-06,0.00230360631419853
TTC25,-1.26271543884127,-0.50096206690411,25.814554168601,7.79520387652695e-06,0.00230360631419853
NR3C2,-0.869503738052421,4.21678371563643,25.6663894124817,7.94717432813521e-06,0.00230360631419853
ZYX,0.909991265440534,5.85663605279479,25.4158062958404,8.6233746748532e-06,0.00230360631419853
AC245100.4,2.05160016478838,-2.14233074122331,24.2000988078976,8.77905851783121e-06,0.00230360631419853
THSD4,-1.22153713629022,2.90062494701576,25.2887796409985,8.99244860171555e-06,0.00230360631419853
SLC37A2,2.2441242725824,1.68428262537304,25.2902560077622,9.04096644061294e-06,0.00230360631419853
TDO2,5.33956379526894,0.402232419763109,24.0781024748183,9.08308886430049e-06,0.00230360631419853
COMP,8.47175240287518,4.62387083169732,24.4920808042967,9.43862739641303e-06,0.00230360631419853
LINC02035,-1.01454311424882,4.36262069538773,25.1305338186443,9.46812257556768e-06,0.00230360631419853
PRG4,5.3588994766549,4.92344306227736,25.0719177182415,9.69457541264301e-06,0.00230360631419853
AC093673.1,1.78847140334061,0.109469353064101,25.0662901791348,9.76631279527876e-06,0.00230360631419853
SLC35F2,1.82685816103441,1.04537717050655,25.0603319838897,9.77122905831751e-06,0.00230360631419853
SRC,1.98947490163953,2.16520825221108,24.9741492286196,9.99631702940694e-06,0.00230360631419853
CILP,1.72312315900689,6.0598936248374,24.9304967977712,1.01113480116166e-05,0.00230360631419853
DCLK1,2.94630688114082,4.38755700266001,24.8925382259586,1.02423287638768e-05,0.00230360631419853
MYL4,5.25318118337887,2.99752921660767,24.8290620174008,1.03275223942416e-05,0.00230360631419853
TNFAIP3,0.876910035166468,3.44845415420106,24.8269319960459,1.04637707414735e-05,0.00230360631419853
CCNA1,6.61472275566753,1.21777755788177,23.6195891672403,1.04651456438529e-05,0.00230360631419853
SOCS3,3.25423660464115,3.33112720637912,24.774502311793,1.0673110477535e-05,0.00230360631419853
VASP,1.08029513806512,4.44508829122648,24.7463902067371,1.07443667339068e-05,0.00230360631419853
ACTN1,1.63059325522312,5.66166395749273,24.6762294657146,1.09961530347927e-05,0.00230360631419853
GLIS2,1.16513676063851,2.67253644961739,24.6760897045058,1.10035185792212e-05,0.00230360631419853
GLIPR2,1.89489638475433,3.76223184080268,24.6661144081757,1.10358279103937e-05,0.00230360631419853
ABCC3,3.60105706166187,0.629222124519843,24.4422267406495,1.1083995148015e-05,0.00230360631419853
CMTM3,1.89012928194512,3.52690921744523,24.6254702282067,1.11860863967216e-05,0.00230360631419853
FNDC1,2.34362632723528,3.89912326081291,24.5807800413254,1.1352819319355e-05,0.00230360631419853
SLC25A30,-1.34368616852686,6.10358896605075,24.5379321099473,1.15110112832778e-05,0.00230360631419853
MVP,1.37129472190207,5.54686796247999,24.5299963488271,1.15414439095151e-05,0.00230360631419853
AZIN2,0.994649011784774,1.82309829812621,24.5290627106473,1.15489214638556e-05,0.00230360631419853
COL12A1,1.84362838596835,5.71598595366485,24.492574879164,1.16854980463674e-05,0.00230360631419853
FKBP5,-1.43786579560243,7.38791781434044,24.4572342995241,1.18231258757088e-05,0.00230360631419853
FHAD1,5.06465048048417,-2.54963878612226,24.9058192090239,1.18307859060598e-05,0.00230360631419853
E2F2,2.22288880907797,-1.93451243470663,23.4587495996317,1.18923401759476e-05,0.00230360631419853
EMB,2.17701289448275,3.07524109028191,24.4093251965352,1.2024445860032e-05,0.00230360631419853
FNDC4,2.71108568732455,1.74914621773357,24.4243353839323,1.20354073121554e-05,0.00230360631419853
SPON2,1.36358007020325,4.26879628429632,24.2613725901513,1.26189799149728e-05,0.00234602573612433
CYBC1,1.20102495858108,4.53851302902446,24.221617044772,1.27866668308133e-05,0.00234602573612433
AJUBA,1.41162997675566,1.60295844668349,24.1954417629101,1.29434560602703e-05,0.00234602573612433
CCL13,4.88834409874034,1.37766069518304,23.7478996491991,1.29753213262229e-05,0.00234602573612433
NFKBID,1.75352529519907,0.514037405537259,24.1632707387167,1.31772744106667e-05,0.00234602573612433
LOXL2,1.94959014443673,3.55408174229511,24.074021383179,1.34358959099792e-05,0.00234602573612433
ANGPT1,-0.807218813326895,4.51873811980457,24.0715856622471,1.34424803886859e-05,0.00234602573612433
AC025171.5,2.68869534496517,-1.81443140054917,23.0163130911468,1.35978477563902e-05,0.00234602573612433
KRT80,4.24040688164102,0.96328547276995,23.7192863253604,1.36023155136868e-05,0.00234602573612433
TMEM176A,2.65825489157785,2.91741995763233,23.9406204412252,1.40737414212997e-05,0.00237987693568357
IRF5,2.13114304050521,1.44368058027545,23.9479075437734,1.41018512276886e-05,0.00237987693568357
ZSCAN4,5.70993984807377,-0.212402185961653,22.8739373046796,1.43524269626981e-05,0.00238124742857894
TUBA1A,1.38821426391675,6.80420869196079,23.8421674657044,1.4514115349486e-05,0.00238124742857894
SLC17A9,1.6363032161671,0.413070394890598,23.8655258112069,1.45651324080012e-05,0.00238124742857894
F13A1,3.17274927653762,5.38355806023591,23.7701727620823,1.48704413242543e-05,0.00240609872767187
FST,2.5458494256868,2.61507650789911,23.6731953421043,1.54029672498643e-05,0.00241197433159229
EPS8L2,2.90444481493938,1.58360911027087,23.6627963133908,1.55134165304586e-05,0.00241197433159229
PLXNB2,1.69612716543817,4.79976724656338,23.6426071383097,1.55200065373304e-05,0.00241197433159229
MAST3,1.23306905370209,2.35792003077068,23.642614755645,1.55347149946539e-05,0.00241197433159229
RRM2,2.89376082580911,-0.849625682099827,23.0673145893946,1.56751437924443e-05,0.00241197433159229
CD28,2.72970717858242,0.58946210020163,23.5151877440892,1.61045424954393e-05,0.00242366104931803
PRXL2C,0.776217376408026,3.09005805905783,23.4821673241728,1.63598805020127e-05,0.00242366104931803
CNN2,1.83551522824377,3.42734278862023,23.4741025487183,1.64309838047988e-05,0.00242366104931803
SEPTIN5,1.26798812919189,3.11309302232753,23.4149139095541,1.67621318860208e-05,0.00242366104931803
PLEKHO2,1.51596889063658,3.58186757306948,23.3883156449484,1.69108988038749e-05,0.00242366104931803
TLCD1,3.01991194750385,-2.06802537733051,22.2415949324986,1.70059803893033e-05,0.00242366104931803
TMEM176B,2.53361454820036,3.52906718364476,23.3687164997486,1.70321292665585e-05,0.00242366104931803
IL4I1,4.46325093397226,0.114216946835505,22.5204412055811,1.70932014185654e-05,0.00242366104931803
VCAN,2.31082354690885,4.99268212574711,23.3030975354847,1.74023804310351e-05,0.00242366104931803
PTGIR,2.07906434727967,1.36747825617474,23.3221045794171,1.74037420898008e-05,0.00242366104931803
TIMP1,2.79470028684659,5.21051922993503,23.2504263268372,1.77153384243028e-05,0.00242366104931803
LINC00205,1.46764866423418,-0.273030566844299,23.2746100416019,1.77585868538753e-05,0.00242366104931803
HGF,2.58261304348469,1.93524099176276,23.1918480340886,1.81674983482572e-05,0.00243462181018648
CRABP2,2.89203592100527,2.23078453846538,23.1268908666777,1.85679968194158e-05,0.00243462181018648
ACOT7,1.32822802812153,1.38977323315418,23.1178770620934,1.86037563918739e-05,0.00243462181018648
CLIC1,1.75393257034444,5.23339106019944,23.0864993828705,1.87258539851065e-05,0.00243462181018648
DPT,1.56671696784981,5.89777625756147,23.0706718289812,1.88266278729257e-05,0.00243462181018648
TPM4,1.35599050842235,6.63743338022469,23.0512903820177,1.89506914648534e-05,0.00243462181018648
FOXO3,-0.841663790907761,6.06231473452081,23.0317723772165,1.90766856713653e-05,0.00243462181018648
PLAUR,1.92774144903884,1.11433621278004,23.0449860105442,1.91320340551757e-05,0.00243462181018648
CMTM7,2.38105479417346,1.52624984731439,23.019307902398,1.92816554418367e-05,0.00243462181018648
TUBB6,1.90840418949446,5.04486174141868,22.9838808500292,1.93901068030143e-05,0.00243462181018648
PLK3,1.21277028091226,2.27386235789052,22.9479245722356,1.96483551073905e-05,0.00244746772548011
NRCAM,3.69197718322775,0.471472978297778,22.6229771848677,1.99786503807755e-05,0.00246901510020686
SRPX2,2.38256075022371,2.06024507757447,22.80729841684,2.0676350954527e-05,0.00249702408821655
CD14,2.61873465081782,4.41224171174558,22.7782482846209,2.07998988302687e-05,0.00249702408821655
HAPLN3,1.82764211769541,2.42983752288729,22.7121500098441,2.1302013690436e-05,0.00249702408821655
ARL4C,2.38637447205958,2.16833507556129,22.7173661258645,2.1310416006397e-05,0.00249702408821655
THBS1,3.62049772084705,4.89557815916059,22.6542532972469,2.1703357524446e-05,0.00249702408821655
BAX,0.887093251554663,2.73014161959657,22.6494831853048,2.1713739467152e-05,0.00249702408821655
CD180,2.61902530561993,-0.0279841483777716,22.5585591783867,2.17316402115124e-05,0.00249702408821655
KLHL4,2.57580006736984,0.114434207049403,22.592301017354,2.17381487062115e-05,0.00249702408821655
FMO2,-1.02504976355477,4.89622264926373,22.6221792035836,2.19337250829127e-05,0.00249702408821655
PTGFR,2.55720125586406,2.81289684534849,22.6168582345809,2.2017872297647e-05,0.00249702408821655
NHLH2,5.17689733111583,-0.315263444236028,21.5827373857861,2.22318641558992e-05,0.00249702408821655
ADAM12,5.42941779269198,1.97466068385734,22.1810240967367,2.26477267848922e-05,0.00249702408821655
MICAL1,1.17591091392237,4.06522681938065,22.5167936461284,2.27406987157009e-05,0.00249702408821655
PTPRO,2.06780245313157,0.0326043590186028,22.5067322619682,2.28413206635415e-05,0.00249702408821655
GLIPR1,1.69489880178187,2.49907541149193,22.4934470487935,2.29489426871964e-05,0.00249702408821655
MYMK,6.12807835457782,0.535590930459881,21.4775280823118,2.30478076833656e-05,0.00249702408821655
PAMR1,2.513111186978,2.75983418104858,22.4341749612242,2.34397418603246e-05,0.00249702408821655
CNTN3,3.46470648745925,-0.596893873835208,21.7378373697646,2.36571759985952e-05,0.00249702408821655
KCTD17,1.40330432714881,0.977800550419937,22.3997657146624,2.38275587587126e-05,0.00249702408821655
GPRC5A,3.05124112689925,-0.20423250184301,22.0874624724025,2.39775707771922e-05,0.00249702408821655
HOXA13,-1.12293490576207,1.28802158251608,22.368259880636,2.40098292085609e-05,0.00249702408821655
S100A4,2.37199595926413,6.50626196118027,22.3379811266252,2.41774385150658e-05,0.00249702408821655
ASNS,0.870414705693673,2.33050561537352,22.3352744642985,2.41827117813899e-05,0.00249702408821655
DACT1,1.85836596833025,2.4568100997734,22.2872286850172,2.46388800219082e-05,0.00251761482376925
CEROX1,1.76294165993304,1.64225093037241,22.2866754705603,2.47029425205775e-05,0.00251761482376925
LACC1,1.6003334659019,1.30230353951805,22.2339033697085,2.51859437826346e-05,0.00253897713043644
EPHB2,3.12232199526042,0.0413811987232263,21.989953154818,2.53889585867898e-05,0.00253897713043644
MYADM,1.12869383257678,5.71725246133475,22.1888694226605,2.54495081358289e-05,0.00253897713043644
DYNLL1,1.10715097641614,5.12595812871248,22.1763609207996,2.55596296023547e-05,0.00253897713043644
KERA,5.16063716689421,-1.13683139890734,21.5823474222831,2.60097998164615e-05,0.00255251185076963
EGR2,3.25115293638976,0.881941338792911,22.0705907708923,2.60886117510958e-05,0.00255251185076963
MSC,1.61787540439914,1.83375480623128,22.0879223998486,2.64213525485685e-05,0.00255251185076963
CCND2,1.96678990119394,3.08297681295647,22.0501876061379,2.67134353653861e-05,0.00255251185076963
UAP1L1,1.40366361439648,2.48570231848327,22.0399768731053,2.68131801541234e-05,0.00255251185076963
AGPAT4,1.08413059931009,1.93871063244644,22.0368130715508,2.6859722500114e-05,0.00255251185076963
C2,3.65499230445218,1.80371330477964,22.0223685136775,2.69653308651583e-05,0.00255251185076963
GPR153,2.01237473328278,1.84186683056445,22.0284311427162,2.69969396131098e-05,0.00255251185076963
LINC01503,3.18436715556222,-1.37337784422497,21.1372555390177,2.74350451568427e-05,0.00255955059928723
PPP1R18,1.49665455820367,4.16656436199642,21.9697619946053,2.74502587807412e-05,0.00255955059928723
SETBP1,-0.869628349599379,4.5199461735489,21.9579674690173,2.75606276699294e-05,0.00255955059928723
GCH1,1.15264067332306,1.63170708272717,21.9244241141064,2.79492803411529e-05,0.00257692012328544
CHI3L2,3.87961949273261,0.210585022865009,21.4716537560483,2.80760332004976e-05,0.00257692012328544
NCS1,2.37155832553905,2.56003687198224,21.8882336128391,2.82948407211133e-05,0.00258190421580158
SERPINB8,1.57775069876567,1.45751486223986,21.8464821796203,2.87616496654342e-05,0.00258340480701683
LTK,4.46815979048492,1.50807176433824,21.6524294252649,2.89835734719298e-05,0.00258340480701683
IFFO1,0.915686627510767,4.64898669535422,21.8107117326864,2.90016673357782e-05,0.00258340480701683
RASSF7,1.34406960639445,0.58225845561588,21.8309901863064,2.90372203861881e-05,0.00258340480701683
NR1D2,-0.921453918688547,6.17371909775785,21.7077316477629,3.00559371143397e-05,0.00258340480701683
PIK3R1,-0.933478525591949,5.72138570591893,21.7058253560054,3.00758499296179e-05,0.00258340480701683
NAP1L5,0.771824878930747,1.68465832817127,21.6755622934111,3.04053151737886e-05,0.00258340480701683
PLOD3,0.896327824911923,3.66882335608208,21.63267025218,3.08532152298048e-05,0.00258340480701683
NRIP1,-0.938518344081282,5.12589124423523,21.6172603230602,3.10158847927825e-05,0.00258340480701683
RNF112,1.0167516276978,0.933361588251456,21.6145722850358,3.11774610782374e-05,0.00258340480701683
GRB10,-0.89302739640527,6.00684713582333,21.5826704562859,3.13911597818096e-05,0.00258340480701683
TRAF4,2.11324800463761,0.919105719675797,21.575927642045,3.16950466134639e-05,0.00258340480701683
XG,2.21717929074744,2.08016338735535,21.5501360927595,3.18524141179133e-05,0.00258340480701683
CCDC80,2.78827480051814,6.58605081960336,21.5367335559278,3.18974017633664e-05,0.00258340480701683
PTGFRN,1.84522043076214,3.78085161505062,21.5142343155467,3.21543733981466e-05,0.00258340480701683
FAM98C,0.898640722740373,1.81763858279854,21.5034030976144,3.22764034813298e-05,0.00258340480701683
ADAMTS2,3.15641618930848,3.59657290453108,21.4857327812677,3.25129942118637e-05,0.00258340480701683
CTNND2,3.41527261302722,-2.39919530850875,20.574332898395,3.25162500366696e-05,0.00258340480701683
KCNK6,1.30929420634836,1.72864944618415,21.4602032205519,3.28350809353055e-05,0.00258340480701683
PNPLA3,5.36210832311751,0.0282482842031893,20.5355175889628,3.28487290164775e-05,0.00258340480701683
SMIM29,0.626573590434619,2.96091299730679,21.439768299776,3.29575898094071e-05,0.00258340480701683
MYCL,2.95548445091806,0.564558566073972,21.3922075323231,3.30571482884123e-05,0.00258340480701683
C1QA,2.96834651836469,4.51680586901681,21.4324612339235,3.30862051406776e-05,0.00258340480701683
LINC02384,3.0002706773261,-2.32811132150992,20.3860065628488,3.32005281429944e-05,0.00258340480701683
EGR1,2.84889710957772,5.12356799630751,21.4156592121288,3.32749575479874e-05,0.00258340480701683
IL20RB,1.46214486296105,-0.331075922203358,21.4126921970442,3.36098533053337e-05,0.00258340480701683
UNC93B1,1.5826002158398,2.60510495942559,21.3751398290211,3.37738662530047e-05,0.00258340480701683
GAP43,3.53732547266755,-2.12779891462684,20.4768417005291,3.38101368102203e-05,0.00258340480701683
SEMA7A,1.07569952391638,1.01118621332722,21.3783675122833,3.38360935637742e-05,0.00258340480701683
CTXN1,2.68635858623935,-1.67809637215493,20.5734644801526,3.39240527980284e-05,0.00258340480701683
IRF7,0.885048843518987,2.79308970344214,21.3427808085006,3.41418140320836e-05,0.00258340480701683
MFSD2A,4.51469179803758,-0.734942007710408,20.4506363313607,3.41558665142565e-05,0.00258340480701683
CILP2,5.22094800432309,-0.685475019989937,20.5138237008336,3.44210995473835e-05,0.00258340480701683
STYK1,3.70744143532852,-2.34524185820069,20.5928064020388,3.46082837718839e-05,0.00258340480701683
MYMX,3.82585279624434,-0.365601106415728,20.6292301732447,3.48858306329419e-05,0.00258340480701683
APOBEC3C,1.69382647274264,2.42337975419035,21.2815736803659,3.49097012350524e-05,0.00258340480701683
FCHSD1,1.30301095889367,2.25784753212896,21.2678415305054,3.5072093814278e-05,0.00258340480701683
CD163L1,2.46157194801368,1.36730159217453,21.2631794888387,3.53097844294574e-05,0.00258340480701683
TMTC4,-0.713794893245678,3.18543573636174,21.2413937424887,3.5329581018914e-05,0.00258340480701683
SERTAD4-AS1,1.81546531138846,-0.221752754172882,21.2328776041779,3.55670041341525e-05,0.00258340480701683
FBP1,2.143569843407,0.0661783047962551,21.2171926994065,3.56395532010029e-05,0.00258340480701683
MFSD10,0.971268181021708,3.78089753971557,21.196593622191,3.59234633564911e-05,0.00258340480701683
RGS6,1.3209385976035,1.30351104441133,21.1927988419419,3.61124846884503e-05,0.00258340480701683
AC008105.3,1.74579692767989,1.23259968644893,21.1790541691931,3.63415792028857e-05,0.00258340480701683
NPNT,2.10150156030376,3.40173861192233,21.1560723129229,3.64497153398851e-05,0.00258340480701683
TDRD9,-2.45105700321495,-0.380561324757223,21.1660668615122,3.69725613290465e-05,0.00258340480701683
PTPRH,4.39803571645685,-1.80005837410314,20.5852364086406,3.70998140901585e-05,0.00258340480701683
MIR4435-2HG,1.61315877344623,2.38764706022155,21.0925888044545,3.72971088441804e-05,0.00258340480701683
CLIP3,1.47849554035761,2.06237529661912,21.0771815817425,3.75166905345868e-05,0.00258340480701683
ARNTL2,2.31312589995845,0.552537900186211,21.0710537148258,3.7685656397973e-05,0.00258340480701683
P4HA3,4.09801345115701,-0.495765474625428,20.2643932785278,3.80869957128293e-05,0.00258340480701683
LSP1,1.12694475632216,5.34087994519367,21.0174735021694,3.82498640123388e-05,0.00258340480701683
TUBA1C,1.0439998928373,5.83577535431818,21.0072697576021,3.83869126697001e-05,0.00258340480701683
TGFBI,1.83103600680458,5.80755774098456,21.0002042450465,3.84826681981883e-05,0.00258340480701683
STX2,0.938526205512074,3.25992507398686,20.9741520447735,3.88433506924505e-05,0.00258340480701683
C9orf16,0.984544023932848,3.51901160724103,20.9737113580417,3.88465278518752e-05,0.00258340480701683
VCAM1,2.28009017139253,2.71216299532839,20.976768929439,3.88594063222804e-05,0.00258340480701683
H2AW,2.17049545862148,-1.23811823793835,20.6124226677964,3.93660168187248e-05,0.00258340480701683
FAM107B,1.74562840902813,3.6823200953231,20.9203717874733,3.9585866281187e-05,0.00258340480701683
ORAI2,1.46157576747426,2.46180027402942,20.9082716543148,3.97812329217882e-05,0.00258340480701683
TRPV2,0.978047135204011,2.73086817358088,20.8881575615857,4.00453321102127e-05,0.00258340480701683
CMKLR1,1.65589890970428,3.33764943505792,20.8818683567064,4.0129301333144e-05,0.00258340480701683
GRIN2D,2.76882594048521,-1.78439790812459,20.0600498756945,4.03957030532003e-05,0.00258340480701683
PIP4K2A,1.19808186546968,3.0476477710238,20.8489424646608,4.05983050889525e-05,0.00258340480701683
ADAP2,1.7597228616959,2.01860208664259,20.8481494456812,4.06865455001765e-05,0.00258340480701683
TDP1,1.11532207432019,1.14809821362398,20.8361714959921,4.08998301387608e-05,0.00258340480701683
NRSN2,1.68951103451077,2.01739241543784,20.8278920643534,4.09723004504572e-05,0.00258340480701683
HAGHL,1.40655015424054,-0.803634500650342,20.8165642159797,4.10511127563138e-05,0.00258340480701683
ADGRE5,0.882241298270235,5.04152644433114,20.7985789752658,4.13135252453947e-05,0.00258340480701683
COL19A1,4.69596160807616,0.941727394307804,20.3676324187386,4.1411214700006e-05,0.00258340480701683
TAF7L,2.51557729029744,-2.39638687500998,19.7581809995447,4.15064058878005e-05,0.00258340480701683
TRIM14,2.20029402952733,1.56225779391612,20.7995187156019,4.15082026421221e-05,0.00258340480701683
MTUS1,-0.709847396213264,7.05271287406054,20.7717837795005,4.16525520803177e-05,0.00258340480701683
NDC80,1.76678951470379,-0.550326653434655,20.7477702393475,4.18397526490804e-05,0.00258340480701683
TRIM38,1.15608587790764,4.48895431791498,20.7263850185462,4.23802083575471e-05,0.00258340480701683
SFRP2,5.38138630734129,4.72746094017156,20.7257716377931,4.25596616417778e-05,0.00258340480701683
RUNX2,1.35113277103889,0.740090243279944,20.7265108194261,4.26921857636893e-05,0.00258340480701683
TRIB3,1.25713674880215,0.733031573466852,20.7201478272735,4.27394404000468e-05,0.00258340480701683
KIAA1109,-0.790342633380576,6.22577701367472,20.7001566110656,4.27735554170416e-05,0.00258340480701683
CYTOR,2.12451630596804,1.73362083125388,20.6790665307508,4.32728173768591e-05,0.00258340480701683
AVPI1,1.46108185396118,1.71748064690938,20.6678322160451,4.33737737135926e-05,0.00258340480701683
TTC7A,1.25495992848346,3.30038609797984,20.660462597095,4.33860643819608e-05,0.00258340480701683
S100A6,1.85704850406576,7.53866569395659,20.6457024941792,4.36047381319313e-05,0.00258340480701683
IKBKE,2.44645267519687,0.0160845470355968,20.5946613882428,4.37577061959989e-05,0.00258340480701683
SPON1,4.9365939172205,2.68200192118995,20.6074736233899,4.37822416107555e-05,0.00258340480701683
GPR183,2.14073253797477,0.801429466722044,20.6480905138712,4.38637500177638e-05,0.00258340480701683
SSC5D,1.9330845029936,3.04631443186816,20.5891470238754,4.45127454845894e-05,0.00258340480701683
MSN,0.961610138523591,7.00368143043654,20.5842900862611,4.4562518393571e-05,0.00258340480701683
TPBG,1.30553810670285,2.33718136748664,20.5818412940441,4.46402645809208e-05,0.00258340480701683
CSF1R,2.04941225944889,4.35549357931734,20.5788325013654,4.46526324327228e-05,0.00258340480701683
SHTN1,1.68762345939055,1.66086544382573,20.5796709629848,4.47779265816194e-05,0.00258340480701683
DLGAP1-AS1,1.95758709813327,0.454807014827638,20.5678583558105,4.51484392042769e-05,0.00258340480701683
JAZF1,1.01673449851505,2.90949879337559,20.5461903964679,4.51819177899109e-05,0.00258340480701683
SNX7,2.16877303235103,2.99656750537876,20.5348600253708,4.53881975131184e-05,0.00258340480701683
MORN3,2.20322886323203,-2.18626879290552,19.6703638914053,4.54430426140904e-05,0.00258340480701683
CD276,1.58813767463238,3.95769501469507,20.5191001463517,4.56079390457009e-05,0.00258340480701683
TCAF2,1.54314351861461,0.878510480640982,20.5346298419733,4.56622840812985e-05,0.00258340480701683
RNF215,0.639898042344267,2.02349427881885,20.5115267955547,4.57103941218071e-05,0.00258340480701683
PTMS,1.28002337329232,5.02376460268345,20.5119665874884,4.57193237254771e-05,0.00258340480701683
PHLDA1,2.47416251613669,3.27488679095403,20.5137408991969,4.57278012204137e-05,0.00258340480701683
ODF2,0.984524544460501,2.96809788739204,20.5055579604293,4.58355619749974e-05,0.00258340480701683
EMP3,2.15592967394664,3.87192213497631,20.5050570155899,4.58416144665157e-05,0.00258340480701683
ANKRD13B,0.769337987267605,1.93087352015083,20.4989604133915,4.59235387803566e-05,0.00258340480701683
P2RX7,1.97962125667997,1.21555901490401,20.4879303184951,4.63810160699509e-05,0.0025881708291419
RHPN1,2.38951833907199,0.524678109175867,20.4685739988158,4.65230243767068e-05,0.0025881708291419
F2R,1.24593564108811,3.56487958168441,20.4616200738736,4.65485316892014e-05,0.0025881708291419
GASAL1,1.48579616614431,-2.07470799566949,19.893519508728,4.68637682903945e-05,0.0025881708291419
TMEM140,0.676153403100432,4.36603335909686,20.4308943625602,4.70064906402551e-05,0.0025881708291419
LAMA1,5.38081493286829,-2.29903042884091,20.9807004774794,4.71961788208484e-05,0.0025881708291419
TP53I3,1.70361939639774,2.45517421425516,20.4236184862204,4.72262304279e-05,0.0025881708291419
CD163,2.71090012599388,4.26321976977147,20.4151752449502,4.73274946138085e-05,0.0025881708291419
GXYLT2,2.6509987453407,1.07050152548946,20.3766748174463,4.81786119584747e-05,0.00262556706488979
DAB2,1.41318855601638,5.31815211617935,20.3457208454494,4.84982973308352e-05,0.00263384351767286
GPR34,2.2042169036079,1.66008387288206,20.3217202885373,4.91357381224109e-05,0.00264268567950482
SLC6A12,2.04698947186539,-2.04845600191136,19.5911892757377,4.92112980904611e-05,0.00264268567950482
AF117829.1,1.39672567515879,-0.0693676479523432,20.3119716523301,4.96006589014746e-05,0.00264268567950482
LINC00475,4.20861537198287,-1.78820771618538,19.6300624556794,4.97216481970045e-05,0.00264268567950482
ACD,0.580144390886705,2.52980309343409,20.2665088172147,4.98429238236794e-05,0.00264268567950482
ADIPOR2,-0.648223468867843,5.81783496510112,20.2433662893126,5.02351075104065e-05,0.00264268567950482
CD99,1.29789073615868,6.33968897637651,20.2402525153073,5.03523282019992e-05,0.00264268567950482
SYNGAP1,1.16080334414353,2.2502747238759,20.2413874221058,5.03755564907334e-05,0.00264268567950482
FAM20A,1.94660527698684,2.52335571102363,20.2348976863416,5.05132656165305e-05,0.00264268567950482
CERS5,0.872162265779023,3.11508280765603,20.2098202564678,5.0911542260679e-05,0.00265467327502112
RIN1,1.31364313458395,1.99846697099735,20.1510648731528,5.2053441797214e-05,0.00268872950680451
TNFAIP8L3,2.72371335953073,1.85207765682059,20.1457973915885,5.23369817966641e-05,0.00268872950680451
AC027097.1,1.20505862091656,-1.5193456970599,19.9885290749278,5.26559447607579e-05,0.00268872950680451
VEZF1,-0.609911866519436,5.55365948958331,20.1113557439952,5.26565633536556e-05,0.00268872950680451
CBX4,1.02979325744508,1.94522075500544,20.109450366007,5.28221501489405e-05,0.00268872950680451
LHFPL2,1.56596950175069,3.25870590041221,20.0960225761097,5.3023918931674e-05,0.00268872950680451
C11orf45,2.02559436794059,-1.44072592005356,19.746191997564,5.32637368322804e-05,0.00268872950680451
FOSB,4.82337841895511,2.15260276364667,19.9881931502361,5.34841300672899e-05,0.00268872950680451
AC007406.3,-1.24440279556464,-0.713106189063234,20.1277838725361,5.35297335122535e-05,0.00268872950680451
PTGS1,1.43410557575562,2.42400212316329,20.0466929442685,5.39969845205315e-05,0.00268872950680451
EMP1,1.70764659642548,6.3185643977552,20.0339596255466,5.41980797929352e-05,0.00268872950680451
MIR34AHG,1.91284266147489,1.05073668558025,20.0475687099047,5.42727550132008e-05,0.00268872950680451
ENO2,1.34676081289344,3.03073714828303,20.0256150852609,5.43774176969122e-05,0.00268872950680451
SRSF12,2.56266784252483,-1.44558711170052,19.4766922186484,5.46097661635099e-05,0.00268872950680451
MC1R,1.5068860242707,0.424592085578204,20.0379606372317,5.4612447303316e-05,0.00268872950680451
AP002026.1,1.89867075980044,0.0911610023867958,20.0254012096152,5.46575940220128e-05,0.00268872950680451
ARPC1B,1.69628857530967,4.52526403024292,19.9958044144055,5.49450915122572e-05,0.00268872950680451
SLC2A3,1.52446098885108,3.34701473430023,19.9935941482607,5.49985578665796e-05,0.00268872950680451
EFEMP1,2.79278860941194,5.43773449962763,19.9885769729669,5.50878476821402e-05,0.00268872950680451
ECM1,1.90052979893915,3.82640970440939,19.9575587293928,5.5709419646335e-05,0.00268872950680451
EFHD2,1.58049276579154,3.79812649092001,19.9458736105281,5.59402435339768e-05,0.00268872950680451
PERP,2.18100384038895,2.95244798404348,19.9461856482651,5.59768111430949e-05,0.00268872950680451
PLAU,1.43035699226007,4.17089752792358,19.9416411285799,5.60219541446689e-05,0.00268872950680451
PFKP,1.12212636171669,3.92049736541386,19.9359020747563,5.61373421815141e-05,0.00268872950680451
P2RX4,1.47106023951434,1.83614840846078,19.9389577530058,5.61856515379368e-05,0.00268872950680451
SLC25A22,1.31632948419602,0.785292356235491,19.9479338410773,5.62652001786034e-05,0.00268872950680451
KLHL35,2.00340889136909,-1.39294701134096,19.625404402526,5.63613894704481e-05,0.00268872950680451
MCUB,1.89122162642085,2.09221534801979,19.9067610184156,5.68416811555798e-05,0.00269761722894079
DDAH2,1.66286345333599,4.35763261446431,19.8894515387681,5.70782637322771e-05,0.00269761722894079
FJX1,1.4701323807504,0.079377290506017,19.9164104697713,5.71152463004668e-05,0.00269761722894079
COL8A2,3.2059992823015,1.85795128627548,19.8946305164755,5.72352046662811e-05,0.00269761722894079
ITGAM,1.92182747383614,2.8325621854587,19.8335586162432,5.82750134442344e-05,0.00272738143731374
AC010969.2,1.26181564509924,-0.211499776662591,19.8602559850007,5.83326686738733e-05,0.00272738143731374
SCG2,3.79918870605772,-0.625611034874265,19.1760859767887,5.85066654774942e-05,0.00272738143731374
CEP170B,0.965333922402358,3.36694032835871,19.8180792600952,5.85618059493297e-05,0.00272738143731374
COL6A1,1.45017593741292,8.01779242934595,19.8042426627722,5.88457380035264e-05,0.00272957343468923
HSF2,-0.983844237203848,5.22943313546016,19.7990053628921,5.89566992264828e-05,0.00272957343468923
RAB20,1.42619754153862,0.895288823778238,19.7611366170859,6.01262442790811e-05,0.00276048786750417
KRT8,3.0263973062785,-0.162158095972047,19.5348808374062,6.03644619416126e-05,0.00276048786750417
AIRE,3.34224180623882,-2.00230487796135,18.9174809441455,6.04007739658963e-05,0.00276048786750417
FOXF1,2.64585684846071,-1.83080521180613,19.0123968068123,6.04141689965141e-05,0.00276048786750417
CDR2,0.769920437364505,2.75860477107085,19.7163936995219,6.06797269378107e-05,0.00276048786750417
IL21R,3.83025306195902,-0.0888460035726708,19.2510382733691,6.09343566807369e-05,0.00276357090796353
TSHR,-1.76488598099471,-1.70497708492568,19.447939259747,6.11721531003695e-05,0.00276357090796353
LINC02802,1.40835501127716,1.07569954932882,19.7054251302018,6.12757359650404e-05,0.00276357090796353
CDH11,2.12050176137664,2.9006702415748,19.6631623399379,6.19599263261037e-05,0.00278642132861948
MRC2,1.27239546080558,5.41645643951529,19.6320309943501,6.26039108208244e-05,0.0028073382295224
SPINT2,2.07840263702862,0.750951749002569,19.6420019928891,6.27869374702584e-05,0.00280752416978833
MASP1,-1.33295912941667,4.73571497573763,19.6076911598037,6.31556262545657e-05,0.00281041113744686
SERPINF2,2.20173766082034,0.0744795724803892,19.5996081975113,6.32096292780339e-05,0.00281041113744686
CDR2L,0.968876051940743,2.31947532771655,19.5927479675026,6.35364085174759e-05,0.00281696025898809
CERKL,2.20898105647089,0.89961376442302,19.5893727670798,6.39601970339602e-05,0.00282295969999159
PTPRE,1.45997762621449,2.72195862350014,19.5709358740858,6.40314528956358e-05,0.00282295969999159
C1R,2.38934638750996,6.49593926798537,19.5502741147829,6.44751955849736e-05,0.00282748722111147
ANXA1,1.91217495238146,6.3775058436812,19.5422886922994,6.46607781991601e-05,0.00282748722111147
AHNAK2,2.8051070182154,3.4294384426203,19.5443112236699,6.46746041655954e-05,0.00282748722111147
S100A10,2.02640369317728,6.01103486786212,19.523503008664,6.51006663325699e-05,0.00283820821691579
TLNRD1,1.09747084287671,2.52594400018403,19.5089277332655,6.54778168578646e-05,0.00284674331186755
EN2,2.33250729571431,-1.91070626214749,18.8284850364974,6.58832393302901e-05,0.0028496692269445
BATF3,1.64367946905208,-0.214234678358063,19.5057905909226,6.59577709395651e-05,0.0028496692269445
ADAMTS4,1.84306614518107,1.19783858672301,19.4962406950463,6.6089811953348e-05,0.0028496692269445
PLTP,2.87684632661886,4.99468721172851,19.4617011783569,6.65750471320754e-05,0.00286134697807045
CD44,2.0071750563897,6.34787599326307,19.4551994921959,6.67252624385973e-05,0.00286134697807045
TUBA1B,1.01822520338087,5.53898374043908,19.4380855724254,6.71388643610906e-05,0.00286150742926712
ALDH3A1,3.94319913439363,-0.696064798712076,18.7627436146371,6.72035166411457e-05,0.00286150742926712
RIPK2,1.385482742678,1.50025675634683,19.4297212303136,6.75338163904508e-05,0.00286150742926712
CLCF1,2.06421011923239,0.702907651555735,19.4298173877159,6.77758103300888e-05,0.00286150742926712
HRH1,2.04746662451905,1.99492562887411,19.4185401273748,6.77932111531503e-05,0.00286150742926712
S100A11,2.07248689777384,5.10475598959091,19.4100843997739,6.78229221846044e-05,0.00286150742926712
PRRX2,3.49040984367843,0.595019228797469,19.2721504927299,6.82462227530753e-05,0.00286520262687468
CHRD,1.02074733750578,3.38260766496679,19.3907129634317,6.83069060841084e-05,0.00286520262687468
OTULINL,1.87908686162565,1.30948044186033,19.3975682532557,6.84581704414149e-05,0.00286520262687468
SIT1,2.74904950524384,-0.83495853427771,19.0463320015887,6.86792231733767e-05,0.00286680959496316
RAI14,1.52189980437457,2.76307380505153,19.361112822167,6.90706029792933e-05,0.00287268782553547
SAT1,1.29742695104319,5.14159005448834,19.3377910650931,6.96186629746615e-05,0.00287268782553547
KLF16,1.3962838656885,1.38683810938281,19.3398340388536,6.97970434052181e-05,0.00287268782553547
TLCD3A,1.01431945125834,1.20562511635274,19.3349794817741,6.98418441075319e-05,0.00287268782553547
CORO1C,0.97275440067422,5.28053476898167,19.3232745416785,6.99853530317139e-05,0.00287268782553547
CCL2,2.42659875508855,2.72386124149767,19.3221263009144,7.01234774883399e-05,0.00287268782553547
SERPINH1,1.32512859092094,5.25449166310495,19.3126999902377,7.02538302261689e-05,0.00287268782553547
CH25H,2.72552980251394,-1.58323885598944,18.6906113047154,7.04034762240339e-05,0.00287268782553547
ITGA3,1.24303057209789,3.92362706031184,19.3045185574609,7.04673343632466e-05,0.00287268782553547
SMPD2,0.921291343312434,0.355303774849295,19.314347200644,7.07662868370604e-05,0.00287616363260991
POSTN,3.34630445251104,4.71574511551655,19.2802104854882,7.11047148486425e-05,0.00287616363260991
TACSTD2,2.50486066707607,-0.915114050546032,19.0054525115435,7.12347672098859e-05,0.00287616363260991
CBX6,0.807551103486406,4.19976144631137,19.2658157083998,7.14590237070463e-05,0.00287616363260991
SLC43A3,0.880349803869227,3.29614113667349,19.2605625546418,7.16022868221482e-05,0.00287616363260991
MIAT,2.54050281374703,1.82233231514311,19.2701977769724,7.16585739499826e-05,0.00287616363260991
DYRK3,1.09806445300805,0.516337794802985,19.2674198768374,7.18916008781245e-05,0.00287616363260991
B3GNT8,1.02303707930766,0.050583049364721,19.2735249524212,7.20186242507611e-05,0.00287616363260991
OSMR,1.8451067877872,3.96082569732507,19.2218186954971,7.26145362803482e-05,0.00288670815999417
CGAS,1.3326634539547,0.109538249276865,19.2463890555985,7.26505080087734e-05,0.00288670815999417
ANXA2,1.74199782589337,7.44715513276661,19.2091696645234,7.29391550391867e-05,0.00288687045493789
MARCKSL1,1.07180952441022,3.08521564664705,19.2066343258665,7.30224638808756e-05,0.00288687045493789
CHI3L1,4.10343582678142,2.48551441974865,19.1723980252809,7.41276247492067e-05,0.00289448228694244
AP001042.1,3.9626268860751,-1.81761070180547,18.4913903414774,7.4146531555736e-05,0.00289448228694244
NPHP4,0.924982538421477,1.84846220482905,19.1641708910631,7.41615217920435e-05,0.00289448228694244
LRFN4,0.802062157459309,2.67076455772333,19.1614283732723,7.4172517336124e-05,0.00289448228694244
SCPEP1,0.847964912175454,4.19155666613403,19.1432267626158,7.47086454953046e-05,0.00289448228694244
OPRL1,1.88261376653371,-0.673006058614713,19.0967003933778,7.47535745109711e-05,0.00289448228694244
KIF23,2.09787241240442,-0.592149002679341,19.05245746625,7.52871748700786e-05,0.00289448228694244
CLSTN3,1.83981931713362,3.25928484986815,19.1118871164607,7.5586191293358e-05,0.00289448228694244
TPPP3,2.00792062388193,5.86895286844943,19.1065272616199,7.57092980246832e-05,0.00289448228694244
MYOF,1.98897974122099,4.9742361479074,19.0965145795848,7.59867351305031e-05,0.00289448228694244
SHISA5,1.17690743288783,4.60567500671278,19.0897907172876,7.61718768544498e-05,0.00289448228694244
TTYH3,1.34407507504846,3.44650358117511,19.0888410222582,7.62086127533998e-05,0.00289448228694244
OSTF1,1.09456490896994,2.94985041362894,19.089072865522,7.62116570768146e-05,0.00289448228694244
RRBP1,0.980388084406764,5.13452367016867,19.0838789734344,7.6335160109868e-05,0.00289448228694244
ERFE,1.87379375055199,1.89678864112543,19.0831095561767,7.65457752846934e-05,0.00289448228694244
SEC24D,1.18295819543318,3.21774268047042,19.0720553426974,7.66782232167073e-05,0.00289448228694244
LIF,2.77008831095829,-0.23325189639944,18.9218112337994,7.69343741884515e-05,0.00289448228694244
THBS3,1.16267241217072,3.5918834719164,19.0548121346634,7.71533308375274e-05,0.00289448228694244
IER5L,1.56867410307231,1.76690496027728,19.0607223590479,7.71559777010358e-05,0.00289448228694244
FAM83H,2.68681836352318,-0.851692503470911,18.7492847165637,7.73563574048475e-05,0.00289448228694244
MAN2B2,1.29135907176402,3.58412197468344,19.0408773646893,7.75471698720636e-05,0.00289448228694244
TTC39C,2.12656035095796,0.987316987045482,19.053613120179,7.76410986175704e-05,0.00289448228694244
LPAR4,2.69818523504796,-2.16776523781703,18.2379584360268,7.79447130713555e-05,0.00289868377593403
TRMT2B,-0.698350094366122,3.88393328155581,19.015203179809,7.82691417337577e-05,0.00289868377593403
MMP19,2.44870763811117,1.55951534490491,19.0256432919233,7.83509818663733e-05,0.00289868377593403
AFDN,-0.628585646423539,5.86145629868619,19.0041960903411,7.84925520721224e-05,0.00289868377593403
SH3PXD2B,1.65942555880942,3.13094285955597,19.0002731775529,7.87189693191159e-05,0.00290022118183926
CD248,2.19706946103697,5.1465000892867,18.9840871559549,7.91597202377126e-05,0.00290962952958056
ABRACL,1.48328010783823,1.08522970976486,18.9734781757419,7.98465652819786e-05,0.00292801832266508
CNKSR3,0.979708998034971,1.94455818153353,18.944941140141,8.03796239116369e-05,0.00294069509858541
TAGLN2,1.23743297132742,6.70485121179646,18.9328070677148,8.06505031317914e-05,0.00294374336431039
DMAC2L,-0.628371907947719,4.72083192155379,18.9215180943086,8.09478874015122e-05,0.00294489952273618
DNM1,2.16455695320757,3.3192661842394,18.920247923685,8.10574446525665e-05,0.00294489952273618
CRMP1,1.66698268132981,1.42837712018718,18.9168998522321,8.14139391057766e-05,0.00295102026389183
PCOLCE,2.09813765345583,4.87960531018557,18.8901362382928,8.19187224532475e-05,0.0029624754583035
PIK3C2B,-0.597941720959275,4.94242482550448,18.8785530217393,8.21893583167835e-05,0.0029629711916753
BCL2L1,0.589957804387122,4.38156669387871,18.8740050210695,8.23099993354845e-05,0.0029629711916753
NFKBIE,1.12303545242534,1.48409242654024,18.86624542758,8.28269077909714e-05,0.00297475587592516
CCN5,2.60222150023115,5.61290495655352,18.8472513194278,8.32094471062049e-05,0.00298167185463901
SCAMP5,2.06024306192627,0.392114029391955,18.8471240157239,8.36413423365127e-05,0.00298352469993538
MEIS3,1.41606289511886,1.00524495811459,18.8363312493743,8.39625784754144e-05,0.00298819199358646
H6PD,-0.649765960620508,6.35984398606725,18.7763748131639,8.52973262224923e-05,0.00302450545209927
SERPINE1,2.58012861803623,2.89700156756981,18.7791389899905,8.54255763171335e-05,0.00302450545209927
ENSG00000279508,2.70276407204446,0.615020746594104,18.7502526719502,8.5957450719254e-05,0.00302450545209927
CCL26,3.19534107488301,-2.17936766436221,17.9695947345113,8.65281886199968e-05,0.00302450545209927
RAB34,1.37814862346977,3.4829527107069,18.7377831582631,8.66169749621288e-05,0.00302450545209927
ELAVL2,3.90938860987048,-0.265968498362105,18.2371075342662,8.66491926832754e-05,0.00302450545209927
PDIA2,2.18641314363097,-1.43819592871627,18.3907779913901,8.67172636791762e-05,0.00302450545209927
SCIN,2.60507267897019,-1.18780476962224,18.304189193369,8.7675567085298e-05,0.00302473206152815
SPHK1,2.01546123298306,2.09101423608843,18.7094482597427,8.76974307395043e-05,0.00302473206152815
KLF9,-0.818668348110915,6.45620361480872,18.6947437416622,8.79794223182389e-05,0.00302473206152815
MYH8,4.19084203251671,6.89362903164998,18.6938813848006,8.80106088497335e-05,0.00302473206152815
ASPRV1,0.71311390889935,1.193754985656,18.6983692215668,8.80122347408372e-05,0.00302473206152815
PAPLN,1.48893545985338,2.50213643456299,18.6937961076105,8.8072797204101e-05,0.00302473206152815
AL118508.1,2.73108662003477,-1.83842979374668,17.9962384656931,8.92178046900422e-05,0.00304543338059737
CXCL16,1.92247200689219,2.12941656801907,18.6459272330188,8.97352665468253e-05,0.00304543338059737
EDA2R,2.4205215133553,1.7069516112176,18.6424547982276,9.00686170777195e-05,0.00304543338059737
AREG,5.30302373232467,0.779859098395106,18.0226844816173,9.00929745264755e-05,0.00304543338059737
KHDC1L,6.87830980138829,-0.0689179260988617,18.6711697686871,9.04100212322074e-05,0.00304543338059737
CDC42EP2,1.05237758561972,2.67468837036755,18.6210027232555,9.0424151709336e-05,0.00304543338059737
PAQR8,1.11293258044296,1.30307643456845,18.6187960088096,9.07261935882786e-05,0.00304543338059737
RELL2,1.79740999557749,-1.62226674396191,18.2935650244342,9.08904389609697e-05,0.00304543338059737
CCDC74A,1.89604207686317,-0.632812828398644,18.5656175370278,9.09621919091359e-05,0.00304543338059737
JUNB,1.82725625766619,4.47951644818183,18.6011541398449,9.10542537756663e-05,0.00304543338059737
MGP,2.16259363475894,6.5256804208642,18.5997986182758,9.10949433406042e-05,0.00304543338059737
PPM1M,1.32265811782235,2.94090839466409,18.5975767926199,9.11980687404119e-05,0.00304543338059737
IFI27L2,1.76280223522322,1.9076262558195,18.5919777344632,9.15530509757355e-05,0.00305079646510439
MMP23B,2.59282980775891,0.201277155802686,18.5451408171221,9.18356126740762e-05,0.00305372868838904
AR,-0.655928979367212,4.91190880682975,18.5648997701597,9.22688280159605e-05,0.00306164747507505
AL591848.4,-0.998767193275708,0.307688828405915,18.5650685449104,9.30340468875792e-05,0.0030805260883978
USP53,-0.8024037940622,5.55207850303201,18.5104907574695,9.41305166280895e-05,0.00310435650992002
CHEK2,1.65165865560409,0.108077127315873,18.5315472748007,9.41493277299734e-05,0.00310435650992002
SLC9A3R1,1.47148176925806,2.39952977979014,18.4812234196693,9.52249183003942e-05,0.00312585284727003
ANLN,3.08675088491533,0.0419022085499385,18.335354909137,9.55139043462659e-05,0.00312585284727003
FCER1G,2.23602472475678,2.49532921808358,18.4514700169522,9.6348570518967e-05,0.00314384784676754
PCBP3,3.33355057245615,-0.934826729542951,17.9136024573459,9.67041090762126e-05,0.0031480851241545
FAM180B,2.40308981871828,1.26650724551489,18.4436600057247,9.69679004678452e-05,0.0031480851241545
RIMBP3C,2.6642252106499,-1.93074220541392,17.7573678899735,9.70944500650824e-05,0.0031480851241545
SOCS1,2.13909779201735,-0.784006602574634,18.3095261282018,9.73031175685188e-05,0.0031480851241545
RAB31,1.57431244048924,4.08382419414967,18.4101756162377,9.76744338874378e-05,0.0031480851241545
CALHM2,1.48509598157265,3.44041458843948,18.4102467501899,9.76819022276675e-05,0.0031480851241545
ZNF776,-0.59867147114241,3.47526559878939,18.3944403059834,9.81392477392455e-05,0.00315634322390873
PLEKHA4,1.3047980716477,4.6880331910508,18.3699712458543,9.91260224634612e-05,0.00318156016884258
DPP4,2.55396984548961,2.65524745500791,18.3678364388388,9.93823400684978e-05,0.00318327719872464
APPL1,-0.843409536682527,6.29601568274286,18.3555608427078,9.96518993938923e-05,0.00318541051117544
ARHGAP21,-0.634953323272622,6.19195076105158,18.3375227878474,0.000100210744531619,0.00319267433003027
VIM,2.21911687821881,8.75451639904095,18.3383267947548,0.000100286751974709,0.00319267433003027
CORO7,1.22424002933312,1.67068528830209,18.3378915272295,0.000100489399110223,0.00319267433003027
MMP24,1.73063476585554,-1.25734573919591,18.1851558347473,0.000100716496782948,0.00319342508486541
THBS2,2.90369082868669,3.70731008828539,18.3161687036254,0.000101176131932265,0.00320153102959052
PTPRD-AS1,1.91273506422535,-1.78528618195689,17.8829608938546,0.000101614447288413,0.00320893108690471
JAK3,2.26645283159069,2.11528234871822,18.2993461134603,0.00010200036954167,0.00321043192392475
GPR161,1.06032160037369,1.90189815543193,18.2937093774529,0.000102071075504202,0.00321043192392475
HAVCR2,2.07383871055822,1.32177429611431,18.2864902018304,0.000102707559054123,0.00321585460365068
SAA1,5.93616970047418,4.39600480281765,18.2805639038049,0.000102766363742408,0.00321585460365068
AC010542.6,1.6540788452081,-1.72879358579576,17.9723271989978,0.000102858172095103,0.00321585460365068
TNXB,1.41415853903135,7.29693206431262,18.2599066642283,0.000103229769373452,0.00322105612388933
FN1,1.60440510164187,7.88980508057007,18.2426487437159,0.000103889523780033,0.00322518501350007
STAT6,1.19330006862828,5.29434280793602,18.2410818609547,0.000103950459256991,0.00322518501350007
FRMPD3,2.72796189810816,-2.49657320367852,17.3798892056414,0.000104280615492733,0.00322518501350007
MYD88,1.27481369605463,3.20840468421701,18.2270663016787,0.00010451017921134,0.00322518501350007
MIR155HG,2.51235605493369,-1.10860034864804,17.9166777471107,0.000104746931427895,0.00322518501350007
SPACA9,1.09887314688899,0.653012598015522,18.226376836579,0.000105063101040397,0.00322518501350007
HSD17B14,1.86152802510479,-0.694597943306961,18.1684730073994,0.000105204125831925,0.00322518501350007
GALNT16,1.46897692716879,3.66558759570725,18.2087393512207,0.000105211514935459,0.00322518501350007
CYFIP1,0.657897200016638,5.32851120544444,18.1913696315113,0.000105786955436982,0.00323168935386548
KIAA1522,0.909002303627387,2.6462912047187,18.1719971810163,0.000106674959671855,0.00323168935386548
TTK,2.38119309348012,-2.59872830066051,17.2751162123008,0.000106884239094632,0.00323168935386548
C19orf81,2.80086223277831,-1.95914515408978,17.4953176113301,0.000106975028474523,0.00323168935386548
SRPX,2.45556177726033,3.17530505426364,18.1641137837743,0.000107031197118813,0.00323168935386548
EPS15,-0.724412992099621,6.25738360116203,18.1562567037989,0.0001072594942788,0.00323168935386548
ROBO3,1.67157146731758,2.36273596991503,18.1518840090938,0.000107542249820581,0.00323168935386548
ADTRP,3.49253523207023,-2.53816088646419,17.5389868759757,0.000107700740191065,0.00323168935386548
TMED3,1.94027449832665,2.65139674920859,18.1424945903925,0.000107904772699403,0.00323168935386548
VWA1,1.13069500639365,3.87948261967488,18.1400861427892,0.000107910821280641,0.00323168935386548
TNFRSF18,2.61741338740313,-1.19088364773937,17.7622551665132,0.000108100472174538,0.00323168935386548
RBP5,2.89069274885977,-0.299376840001757,17.9564975760745,0.000108505099851467,0.00323761890146154
ZBTB6,-0.62336250791681,3.25780791766804,18.0956856742161,0.000109589279694527,0.00325758285001061
SLC7A4,2.55595604337658,-1.7289154801743,17.5155895583432,0.000110063893855249,0.00326550626476018
ARHGEF5,1.50054272266916,0.662265084312667,18.0899341234175,0.000110658882222056,0.00327163050719017
C3,2.24692585669838,7.37983288509502,18.0712597430864,0.000110687212444599,0.00327163050719017
AEBP1,2.49174594458547,5.79305463887191,18.0584442743239,0.000111215461977557,0.0032810651799582
HTRA1,1.84672640166772,5.23038358676029,18.0121111746946,0.000113141595903474,0.00331675192745077
SYNDIG1,4.63032393004811,-1.21912289954242,17.4275886863358,0.000113486799813367,0.00331675192745077
ELN,2.24862675286805,5.21796951864608,18.0000620860814,0.00011364972184439,0.00331675192745077
PLVAP,2.36853175977734,5.51572446087263,17.9994891587425,0.000113673272545068,0.00331675192745077
HM13,0.626137046653343,4.60338589366792,17.9801364760071,0.000114396465157294,0.00333108074330932
PNMA1,1.22414599852658,3.83480355867661,17.9764158070298,0.00011465698165309,0.00333248393897267
TOX2,2.16125456039639,-0.218636999246663,17.9382325266138,0.000115235708365055,0.00334311357262391
LGMN,1.1566261411209,5.69206602257315,17.9517975357926,0.00011570087022837,0.00335041542109644
TP53,0.93745338894626,2.71362285938609,17.945436041018,0.000116011280546597,0.00335321739996103
CYSLTR1,1.8609254630861,0.853953269063725,17.9494014660281,0.000116486059190414,0.00335540682145411
MACO1,-0.624169553009853,4.87750187357909,17.9329247948223,0.000116514604504141,0.00335540682145411
RAB4B,0.988673470365892,0.522971394987299,17.9356070867524,0.000117076096010485,0.00336120183011817
COL1A1,3.52836739767023,7.98350997119388,17.9152156247671,0.000117283052315935,0.00336120183011817
BTBD11,1.60173937261528,-0.420128248363187,17.9209565283404,0.000117539866467284,0.00336120183011817
EPHB3,2.11375587425878,0.858520858953726,17.9180682477978,0.000117813396838756,0.00336120183011817
THBS4,2.1430678911448,7.97015048992857,17.900065741397,0.000117944991949325,0.00336120183011817
SHKBP1,1.0231649642936,3.32946866677082,17.8991274461833,0.000118000777852508,0.00336120183011817
TMEM198,1.48940355260154,-0.243578360648241,17.9151332966088,0.000118242275079561,0.00336197918002483
LAIR1,2.3785712367106,2.81260829858544,17.8806196271878,0.000118938841528034,0.00337566929074591
G6PD,1.55576496314147,2.49390613420299,17.8705642775675,0.000119333151424081,0.00337586406801208
GDF15,2.67933037990327,-1.62505222347113,17.3171965963963,0.000119375887718809,0.00337586406801208
AXL,1.320234471725,4.61203264008691,17.8578467273279,0.000119812995557105,0.00337615907090336
INSYN2A,3.61944133388508,-2.12853801261567,17.2250101909638,0.000119937471018157,0.00337615907090336
HMOX1,1.24642474369481,3.76015266229623,17.8373216003757,0.000120738373895793,0.00337838442576465
SARDH,1.51800896187478,0.0534335031753729,17.8565767052286,0.000120892496631497,0.00337838442576465
MTRF1,-0.663504335953111,3.045677862622,17.8318332729862,0.00012089474352818,0.00337838442576465
IGSF1,2.47533582235897,1.34030021017634,17.843888281434,0.000121009932568856,0.00337838442576465
COL6A2,1.51488525496646,8.39079800906752,17.825608851247,0.000121256004190013,0.00337838442576465
ABI3BP,1.69768326866388,4.74875203925439,17.8208887085208,0.000121471927204101,0.00337838442576465
FERMT3,1.46710510182493,3.02512160406881,17.8145525694217,0.000121792994659669,0.00337838442576465
ARHGEF2,0.78779942454704,4.89295303159824,17.8112757425023,0.00012190577794894,0.00337838442576465
LPIN2,1.0242607258364,3.05152376200944,17.8086577539614,0.000122048038828197,0.00337838442576465
NECTIN2,0.757349843211741,3.99376625614349,17.8023919283233,0.000122313462203454,0.00337977075578031
SH3BGRL3,1.48727420101324,4.59385794412436,17.7864830326709,0.000123037688729428,0.0033938076003662
MANF,0.90780727352747,2.75688333927251,17.7773705937552,0.000123488678521077,0.00340027159541807
NSMF,0.711249593851375,3.5599085341536,17.7645915672923,0.000124017241206012,0.00340545234609363
NEK10,-1.82283805394203,3.41230161482743,17.7588832551517,0.000124326621491057,0.00340545234609363
ESPL1,2.1391503386885,-1.60326837506808,17.3913039427144,0.000124354388268543,0.00340545234609363
CELSR1,3.14709691659611,0.221752738741623,17.644811683727,0.000124670557991353,0.00340545234609363
RGL1,1.60106631212418,3.31825175930524,17.7496354935149,0.000124761713858161,0.00340545234609363
COL14A1,2.91294205481946,5.50539513179355,17.7367982969622,0.000125339449733992,0.00340877986125289
UBE2C,2.53054986380722,-1.34610430588258,17.3501877360749,0.000125430785604656,0.00340877986125289
UBE2L6,1.25572479948747,3.67132601084385,17.711419895148,0.000126536034268997,0.00340877986125289
PTPRF,2.81038441595818,3.7804557891449,17.7079584462166,0.000126749659550729,0.00340877986125289
RAI2,0.748320397419307,3.25634256215791,17.7048556921992,0.00012685061849182,0.00340877986125289
SOCAR,3.44800592711598,-2.98763577206321,17.0732965150846,0.00012713000841097,0.00340877986125289
RHBDD2,0.652020097926753,3.70338464052875,17.6951956185442,0.000127197086482282,0.00340877986125289
C1S,1.87800898492253,7.1666541582058,17.6937826773371,0.000127359900237909,0.00340877986125289
ISLR,1.59101163175858,5.15270670063878,17.6933330790193,0.00012738234631616,0.00340877986125289
CMIP,1.61434697003223,3.10335532276892,17.688230335318,0.000127663042494041,0.00340877986125289
RGS19,1.7799096965949,1.70470849411231,17.6850169893043,0.000128112007034112,0.00341179563904849
NTRK1,1.61034354712704,-0.213586557047465,17.6897883507503,0.000128369086342452,0.00341179563904849
CYP27A1,-0.624352257645342,4.64780301917982,17.6682399364537,0.000128580895398796,0.00341179563904849
STING1,1.38955230469311,4.55440379085575,17.6660056040228,0.000128689583836681,0.00341179563904849
KCNK15,2.85986237136167,-1.61528133767869,17.0984991849578,0.000129112460228268,0.00341611989256459
B3GNT9,1.39473454434784,1.1436773465644,17.6561422671513,0.000129663186628888,0.00342001428936766
COLEC12,1.34271819873791,3.7763668002065,17.6416909449151,0.000129871202068374,0.00342001428936766
BTBD19,1.19297971272877,1.11201528593119,17.6334344449347,0.000130732299749597,0.00342987592267735
RCN3,1.47583740402354,3.25563846345218,17.6237027114001,0.000130762148148329,0.00342987592267735
BIRC3,1.2272108604578,2.6112841675871,17.6215182723108,0.000130901285612216,0.00342987592267735
ZDHHC13,0.9610732083828,1.28461510905615,17.6050191207472,0.000131850999300477,0.00343050987470952
WASF1,1.92679056698213,0.267374711748102,17.609721665989,0.000132120501846627,0.00343050987470952
LEAP2,-0.722396088497489,1.06393621591986,17.5998135774926,0.000132156014110141,0.00343050987470952
CHST11,1.73539771932802,1.30997555945262,17.6044733051381,0.000132189445576532,0.00343050987470952
MAP1B,1.2183374628211,4.93031098036186,17.5929459567876,0.000132247482360694,0.00343050987470952
GBA,0.839789161627526,3.28941345366451,17.582680306514,0.000132769458082075,0.0034306869177308
TGFB1I1,1.16799802236436,3.98245622670253,17.5799351177808,0.000132899499584602,0.0034306869177308
DNER,3.28462026832941,-0.375022349890852,17.2749836950161,0.000133584245127955,0.00344270070161455
CYBB,1.7399138113425,3.91553627118612,17.5315274282131,0.000135333351551316,0.00347348721753313
PGA5,4.25985240219208,-0.108193044332611,17.0293305453436,0.000135442763754716,0.00347348721753313
CADPS,3.89834161553964,-1.04465722633398,16.9231393864961,0.000135875331460489,0.00347482755742683
SLC45A1,0.846269027130565,0.467279239429099,17.5349403824109,0.000135937822252952,0.00347482755742683
CNST,-0.71684957183229,5.07070995753252,17.5120811047038,0.000136307663481941,0.00347861589975458
CCDC170,2.32363236047233,0.0161445954382472,17.484798429958,0.000136805735410973,0.00348052178710534
SLC26A9,-2.17025043089447,2.61960496074284,17.5035947992801,0.000136825864456451,0.00348052178710534
BOC,1.01516537256477,3.55024150344452,17.4791582839495,0.000138009047125858,0.00350063436608917
CDH24,2.61047516921559,1.29559029167802,17.4893512487627,0.000138079235905198,0.00350063436608917
PNP,1.09981914009722,2.39546520078238,17.4750359902356,0.000138285651925791,0.00350063436608917
FBXW9,1.01141613924728,0.516300318428708,17.4717606706368,0.000139166636899998,0.00351160830570012
SFXN3,1.22703707402683,3.88242902784613,17.4363844505098,0.000140237072614842,0.00353036726283302
COLGALT1,0.824895988382409,4.72701201994023,17.4338899857045,0.000140359934501931,0.00353036726283302
CCDC3,1.9188187087352,5.1664340510579,17.4212729227588,0.000141026218531742,0.0035414503997691
PENK,2.19496818654112,2.02021853890006,17.4199796156017,0.000141442265186716,0.0035431908190811
RUSC1,0.634987204180535,3.75849228841398,17.3934876860302,0.000142388871522898,0.0035431908190811
GFPT2,2.03856577453482,2.98887991927067,17.3878372013271,0.000142884129810465,0.0035431908190811
SLPI,2.39372573703407,1.87624727401602,17.3908781347158,0.000143115854237719,0.0035431908190811
LINC00863,-0.67006541234957,2.62491704074909,17.3777926249986,0.000143240801510923,0.0035431908190811
ELF4,1.27613908498682,2.73659636503343,17.3786532484843,0.000143349325323794,0.0035431908190811
MUC1,2.19244468011387,0.369374950845969,17.3847808552357,0.000143353053209079,0.0035431908190811
PPP1R3G,1.37452557261504,0.413995593591165,17.3837940132593,0.000144098421504528,0.00355601371936096
SHOX2,1.4687194214421,1.8821931156347,17.3585996677551,0.000144603793354524,0.00356288310313856
COCH,0.964170764705408,0.33939511678525,17.347290648595,0.000145988154603272,0.00358266515628978
LENG9,1.45993959031832,-0.175005249794832,17.3509267142805,0.000146014126603748,0.00358266515628978
ADAMTS1,1.02241699133267,5.32342435786245,17.3272187477744,0.000146091474993658,0.00358266515628978
ATP8B4,2.09668393052297,2.17341642806787,17.3206099203413,0.000146728576894994,0.00358794436287107
LYVE1,2.20145192195997,4.36040566964064,17.3152029232963,0.00014676395546118,0.00358794436287107
MT1A,3.01496296232993,-1.61643333535798,16.7327390321372,0.000147753534519606,0.00359967202726709
NAB2,1.13373927172127,3.26716599801117,17.2912563886001,0.00014809970484735,0.00359967202726709
GSN,1.23635305052292,9.49810734302239,17.283320051351,0.000148457850039583,0.00359967202726709
SNCA,2.77661966439106,0.740044129944553,17.278516266788,0.000148504322885129,0.00359967202726709
MMP14,1.87574522698449,4.49519730024164,17.2809830434737,0.00014865826004365,0.00359967202726709
PPP2R2B,2.5084221906844,0.066922461365287,17.2447534655055,0.000148849133207795,0.00359967202726709
TES,1.02588651800849,3.35105030017276,17.2661756619704,0.000149498062645509,0.0036098032203404
PRSS27,1.71007079764839,-1.48422979250831,17.0679921603622,0.000149994872267457,0.0036118481943037
DGKA,1.4193299216628,2.36369050440795,17.2565302400038,0.000150133361493066,0.0036118481943037
ID4,2.47646947804607,2.94771280167678,17.2508060166166,0.000150502630495397,0.0036118481943037
MEX3A,2.48737982955071,-1.31444752186515,16.9081682815509,0.00015050326340074,0.0036118481943037
GNA15,2.22856425175613,0.206942879003791,17.2380219870009,0.00015106579007235,0.00361981309188631
NOVA1,1.59368744081409,3.0654661869313,17.2256066609626,0.000151825602403165,0.00363055401253353
SAPCD2,2.24167979992977,-2.25839976485325,16.5707949321484,0.000151976679594427,0.00363055401253353
APOBEC3B,2.2484090423805,-1.06110770908757,17.0189305419449,0.000152775300324048,0.00363271082808726
BCL3,1.42157752426875,3.10567616967521,17.2087538105208,0.000152782788441864,0.00363271082808726
AC004069.1,1.80999506235468,-2.87888327682693,16.2207695823596,0.000152936086978738,0.00363271082808726
IMPDH1,1.31817326830837,3.28834249338604,17.2048860283477,0.000152992791166975,0.00363271082808726
HUNK,2.7566601435801,-0.0541631424438095,17.1211139408245,0.000153287693928971,0.00363396639907795
SH2D2A,2.22139712365895,-0.768508616635457,17.0891597560789,0.000153508743076692,0.00363396639907795
RPP25,1.89748896110265,0.647617840742464,17.2000462495224,0.000154157907712417,0.00364383789389515
THY1,3.18869097053744,4.80529135422719,17.150545738462,0.000156157694195567,0.00368131156441955
EMID1,1.99878413570235,0.848919951271979,17.1635705414778,0.000156212392602958,0.00368131156441955
LNPK,-0.629735431053236,5.17508552825041,17.134969743425,0.00015705134302831,0.00369530960589948
PLAC9,1.9838454160436,3.83848871760438,17.1305633803519,0.000157336130234288,0.00369530960589948
ING2,-0.746012652396526,2.48439323935693,17.1273645744827,0.000157512719104603,0.00369530960589948
MAFG-DT,2.32963188731164,-1.97045248665302,16.557393703435,0.00015820124046241,0.00369716835406643
PLAGL2,-0.623881575238468,3.68220198264725,17.1131012563313,0.000158298638670445,0.00369716835406643
ADGRL3,2.32351607963692,2.36909350103253,17.1073911973967,0.000158982107473841,0.00370137651227308
MRGPRF,2.30275999503126,3.10055714878697,17.1009205542633,0.000159186310658447,0.00370137651227308
FAM214A,-0.655620858923601,5.67046271236158,17.0924428812727,0.000159590139399313,0.00370527697910091
GAL3ST4,1.35844727484557,1.22649883865378,17.0907663806493,0.000160213743927526,0.00371426102059456
ZC3HAV1,0.970161367089022,3.55044653062465,17.0691059199565,0.000161014343145183,0.00371515448639282
DMBT1,8.92085213060982,0.968353809995026,17.6090360238334,0.000161366261169284,0.00371515448639282
FGD2,1.64601101696636,1.99025630241124,17.0625049428015,0.000161649091305288,0.00371515448639282
MXRA5,2.46358388062287,4.44111081865829,17.0562349686301,0.000161802839181356,0.00371515448639282
TNNT2,3.35780510873001,4.18181758458766,17.0556570135558,0.000161909249359203,0.00371515448639282
HAGLR,1.79441217557773,0.83359803242295,17.0593118242541,0.000162491728319977,0.00371809934686936
SEC14L2,1.83810231982909,-0.292141388566949,17.0453851586858,0.00016251138273032,0.00371809934686936
MXRA8,1.3399288009647,5.4841253686876,17.0258456934141,0.000163654612423971,0.00373337084592183
PLP2,0.953008354680606,4.58967154817612,17.0157550390711,0.000164280429381289,0.00373456032199153
ZDHHC1,0.917599465797756,2.31965484966627,17.0100015991902,0.000164719346469424,0.00373456032199153
CLDN15,1.51595049321525,1.40582373482715,17.0128271856358,0.000164937904620755,0.00373456032199153
CSRP1,1.52218614641083,6.63606111545238,17.0046488976415,0.000164969559593569,0.00373456032199153
PCED1B,1.75670578468365,0.834675421955802,17.0165922908425,0.000165134429019568,0.00373456032199153
ARHGDIA,0.686967083812958,5.05304228306451,16.9932454370664,0.000165683285508671,0.00374158153389724
SLC22A15,1.21240246849619,0.191544850501893,17.0085530014631,0.000166016414467097,0.00374371785209925
VAT1,1.2880375785895,5.59385258373064,16.969490703255,0.000167178017378541,0.00376450356206055
GPBAR1,3.50074878089271,0.273373947340711,16.7993152513323,0.000167836260085663,0.00377391132098062
EEF1A1,1.60203096793227,10.7592627168203,16.9439184159874,0.000168801948893682,0.00378831572535186
PPM1N,1.47347172479391,-1.30619066884569,16.8572110200391,0.000168959605463288,0.00378831572535186
FAM102A,1.2317006042636,2.92752992147996,16.9359843267906,0.000169354465421659,0.00379175226076026
SLC9B2,0.919874149397449,1.59229144535109,16.9287915283601,0.000169896760662238,0.00379847529714219
CA4,-1.09970658962891,2.80960190266019,16.9106983138029,0.000170974476905909,0.00381401846161356
VGLL3,1.61825002336625,3.63466895614651,16.9088746962304,0.000171077986427267,0.00381401846161356
COTL1,1.61929618859076,4.09364723101976,16.8994532154524,0.000171677747013674,0.00381442083819636
TNFRSF10B,0.90417754999303,3.98605790323959,16.8982051346236,0.000171756140259555,0.00381442083819636
JAM3,1.15379037968331,4.00166382517387,16.8971648593815,0.00017182513747084,0.00381442083819636
MFAP4,1.59697246267896,5.71231659454664,16.8835825275226,0.000172703395641922,0.00382850253474571
ASGR1,2.77142650457129,-1.1034746061787,16.5285025726459,0.000173215892676324,0.00383444772292652
TWIST1,3.54904084940327,0.0907937682736797,16.6573319576499,0.000173497403893436,0.00383527007620773
RAB32,1.64393338281219,2.28341719126253,16.8639625530347,0.0001741634713642,0.00384375685342452
SAA2,5.26115194964369,1.71564438783449,16.625941553111,0.000174371129636079,0.00384375685342452
PGM2L1,-0.90585870995792,4.02901208842051,16.8529727555716,0.000174722420678497,0.00384609872727772
CSF1,1.50729197232494,4.27392569306866,16.8130594772337,0.000177390014858494,0.00389389689958609
NT5E,2.19148220379856,3.17975556673441,16.7974970871862,0.000178517626050662,0.00390690900887193
LGALS9,1.17847478148545,3.08692932817326,16.7916388665261,0.000178864819711118,0.00390690900887193
SYNE3,1.65371080378781,4.2363268116391,16.7864452120919,0.000179191551210337,0.00390690900887193
C17orf82,2.42961264244632,-2.04027557637849,16.2198208805423,0.000179656884898023,0.00390690900887193
TRIM47,1.2144449262292,3.26373309383335,16.777265539414,0.000179833246212064,0.00390690900887193
CARD9,1.63336290726376,0.157233346822694,16.7911138491069,0.00018012218053153,0.00390690900887193
TRPV4,2.546179316338,-1.59384132822488,16.3323050439192,0.000180178344533484,0.00390690900887193
PSMB8,1.56119335884507,3.93600667054528,16.7707114183399,0.000180268660415552,0.00390690900887193
NINJ1,0.965699607754636,4.16140964489496,16.770472625683,0.000180277127708397,0.00390690900887193
EVC2,1.29869998146925,0.930398659946001,16.7790072875339,0.000180472063168662,0.00390690900887193
DNM3OS,1.37976392610418,2.47605298440453,16.7630526076872,0.000180882318188444,0.00391039667213171
PRR5,2.78540136856293,1.2790269577909,16.7393900038119,0.000183030689347624,0.00394858832528013
NABP1,1.44333892428319,2.91081560902096,16.7234632456379,0.000183576619624589,0.00394858832528013
MICB,1.32635011840207,0.332765601348563,16.7409241700743,0.000183682263496496,0.00394858832528013
EXT1,0.852337748181334,3.41543864690359,16.7159327824424,0.000184059955340377,0.00394858832528013
FKBP10,1.59395784756923,3.85816103972946,16.7157159726849,0.000184077262847979,0.00394858832528013
LYPD5,1.7279020941305,-1.59802610938792,16.4942113514772,0.000184513449293462,0.00394858832528013
S100A3,2.7656966185357,-0.979355342874336,16.4091395957339,0.000184627662207876,0.00394858832528013
DHRS9,2.69619467253128,-0.329443916160804,16.5947496323622,0.000184750826328024,0.00394858832528013
BAIAP2-DT,1.45076262936238,1.31573780583553,16.7089569502752,0.000185086391614325,0.00394858832528013
TEKT3,1.89070890511341,-2.26608160384958,16.1317352941352,0.000185164766320878,0.00394858832528013
CDC25B,1.2517037459851,3.63915837056888,16.6859417846123,0.000186171487880945,0.00395673317490213
PTGES3L-AARSD1,-1.15573942389983,-2.07845894230971,16.4189906309216,0.000186216611991037,0.00395673317490213
COL1A2,2.44763769190336,8.67591366460815,16.6838553233547,0.000186303014734162,0.00395673317490213
MEX3D,1.14767825239658,1.27352901629818,16.6868756001844,0.000186578503464013,0.00395722920522659
TEF,-0.881600507555976,5.42522370795632,16.67185019123,0.000187155757742955,0.00395830110141243
SNAI1,2.47724412048603,0.0621569663606943,16.6437412017143,0.000187315119760262,0.00395830110141243
TCEAL7,1.49601460819314,1.96347461897308,16.6721272207232,0.000187385646279034,0.00395830110141243
CCDC24,1.22874666705079,-0.0823583528759704,16.6835639937996,0.000187979110279257,0.00396221204487935
MYO1D,1.4527901975535,3.80850983916302,16.6591795038244,0.000188075691203257,0.00396221204487935
MFAP2,2.38885866382136,0.976996617021066,16.6455944881641,0.000189836756735071,0.00399395160449993
RNF125,0.887119228058552,2.56740976124111,16.6211728517326,0.000190864285796504,0.00400786105073636
LINC02593,3.09512503371644,0.143589856221087,16.5211010858522,0.000191163908713813,0.00400786105073636
AC005747.1,1.11355302698052,4.48210105639017,16.6148361442098,0.000191263964765947,0.00400786105073636
RIPK3,1.17593694589316,1.26926517765749,16.6142467529063,0.000191814419637546,0.00400855039836664
CNN3,1.37854899074125,5.43677039993007,16.6050040642515,0.000191979677786491,0.00400855039836664
LINC01285,-1.20192464654857,-1.49071165262814,16.5700563880822,0.000192063071014445,0.00400855039836664
MYO5B,2.34062952486876,-0.141253926994805,16.5666839075615,0.000192510050692624,0.00400883838535345
MAN1A1,1.34918800618008,4.50414092789877,16.5891789685653,0.00019314310307494,0.00400883838535345
CPNE5,2.61510508242252,-0.19143016268228,16.5165780945968,0.000193170722777763,0.00400883838535345
SLC2A14,1.73109284268596,-0.0660680574594388,16.5994885283451,0.000193378310134492,0.00400883838535345
LINC01315,1.38583254696186,-1.94606933173321,16.2949662843049,0.000193564757256861,0.00400883838535345
SH3TC1,1.26054809360193,2.53328067970115,16.5840403659353,0.0001936093976488,0.00400883838535345
ARL4A,1.59198392282425,1.69725400045266,16.5830512142979,0.000193988687806864,0.00400969813274813
MEIS2,2.05421696778877,0.168692756175993,16.5794726818988,0.000194349823365933,0.00400969813274813
ASIC1,1.27631596442089,-0.256246871790688,16.5948168108925,0.000194417348137708,0.00400969813274813
KRT5,6.0309918382431,-2.55687703887244,16.9454303681241,0.000194693575344184,0.00401012554465481
CRIP2,1.18187951243451,5.77192538181155,16.5600309624391,0.000195296608500537,0.00401129388268668
PRAMEF6,8.18238848490332,0.801260275693077,16.8328459703328,0.000195517032192119,0.00401129388268668
CHPF,0.811075551290021,3.53930078110079,16.5535966291625,0.00019579049654318,0.00401166036977181
CYS1,1.44881190365877,1.62648968823325,16.552464285788,0.000196253552334063,0.00401590548094278
LINC02551,-1.27524699073151,-1.9953995866845,16.3067727956305,0.000196963211181763,0.00402324010729818
MARCO,4.74861673168789,2.44603761287913,16.5142396917899,0.000197149003103725,0.00402324010729818
DOK4,1.16679008924585,2.09917387361194,16.5343366359165,0.000197381005582644,0.00402324010729818
C2orf88,-1.02267865405114,3.84904739135134,16.5242769204157,0.000197985533711653,0.00403032808249597
RASSF5,1.38204638646407,2.76398263241847,16.5164642781289,0.00019864281276989,0.00403847013785418
AMER1,-0.878344643571922,2.78727946256101,16.4809056115021,0.000201322226690492,0.00406377073494644
LUM,2.13746319630378,6.33614695123909,16.4747886200478,0.000201753270679239,0.00406377073494644
FAM153B,2.09358970758098,0.414417757341157,16.483376774731,0.000201910574360101,0.00406377073494644
KLF4,1.36457236549338,3.88705330813606,16.4728478685552,0.000201914823553337,0.00406377073494644
IRF3,0.675924923482712,3.93167393500474,16.4708241882923,0.000202065733324591,0.00406377073494644
MICALL2,1.61976012008155,2.8906186524549,16.4712249503172,0.00020210601178955,0.00406377073494644
ARHGAP1,1.11046999924057,5.14955458053588,16.4658072989311,0.000202446573755414,0.00406377073494644
AC004982.1,-0.90042985606516,-0.109918434581896,16.4935798754277,0.000202499001566801,0.00406377073494644
DDB2,0.783992804105286,3.09753284801006,16.464878713791,0.000202546768124572,0.00406377073494644
CD2,2.62763336696052,1.1103339766188,16.4674379071025,0.00020302318559979,0.00406377073494644
LPAR1,1.57625242125258,3.08141323369705,16.4563824105759,0.000203230828565758,0.00406377073494644
AC016027.1,-1.14039037404923,-1.01938338536667,16.4891709175615,0.000203272583429904,0.00406377073494644
ARAP2,1.52755732705003,1.48890566475562,16.4524528503606,0.000203986458181693,0.00406377073494644
KCND3,-0.903017745265594,3.05386612483888,16.4433896844927,0.000204216412724732,0.00406377073494644
CNPY3,1.07444562762143,3.09861110775223,16.4373584800833,0.000204692845351051,0.00406377073494644
TIMP2,1.66802147504398,6.71057223776312,16.435993373292,0.00020476405196979,0.00406377073494644
STMN3,1.37121880091315,3.01268809784356,16.4361751855409,0.000204800888712381,0.00406377073494644
ARID5A,1.21740674611423,4.58898853242464,16.4354867451401,0.000204806795243239,0.00406377073494644
PLA2G4A,2.01251985107299,0.706798453736286,16.4363526071006,0.000205802348934358,0.00407836851833933
FES,0.909793833333344,3.17049583256633,16.4032174655673,0.000207374625595306,0.00408916192869925
LOXL3,1.33329921767199,1.84128480821113,16.4044099841195,0.000207529288604592,0.00408916192869925
IER2,1.13674829993405,3.67469619773714,16.4010712080386,0.000207530369474539,0.00408916192869925
MYCN,1.31555879884709,-0.322984216050311,16.4203325453439,0.000207680937227503,0.00408916192869925
FANK1,1.87044691832695,-2.03816450795744,15.9472430513818,0.000208259200505251,0.00408916192869925
EMILIN2,2.57478236084617,2.79676170531019,16.3950927789505,0.000208262841757004,0.00408916192869925
CKAP4,0.595890332048346,4.1872194058336,16.3872877408601,0.000208431318442778,0.00408916192869925
AC015813.1,-0.785874891422378,4.45666931482832,16.367887652496,0.000210169894799623,0.00411812296988774
LRTM1,3.69123651809961,-1.53432511703945,15.8132694855305,0.000210713771019798,0.00411897034877569
THEMIS2,1.6591214419679,2.55025199888637,16.3565778388282,0.000211218325702913,0.00411897034877569
MOK,1.12994260610834,1.57330530617805,16.3586231188276,0.000211266565360067,0.00411897034877569
DGKI,4.42322175574784,-1.77045639813231,16.0227191682101,0.000211566252957627,0.00411897034877569
STOX1,-1.29801942651821,0.364887676367681,16.3692842544995,0.000211711053839105,0.00411897034877569
SLC25A43,1.20786400502121,2.03609606518122,16.3501826275785,0.000211787771357884,0.00411897034877569
ELOVL1,1.00932805337453,3.76792681056226,16.3399018355714,0.000212443958526113,0.00412201499616173
ATP8B2,1.26801768248116,3.68125046765909,16.3150823992814,0.000214474846875412,0.00415163058389952
CCDC8,1.88045716918513,2.38837732848978,16.3169552857355,0.00021452516110497,0.00415163058389952
ZNF365,2.30896424860845,-1.59469997198137,15.9439845165626,0.000215128253939973,0.00415492255698213
COL10A1,3.88624050215927,-1.37217698420173,15.7620911928887,0.000215331224920449,0.00415492255698213
LDOC1,1.44830255994637,1.82384348507706,16.3035419817916,0.0002157324127915,0.00415492255698213
MCAM,1.41787445017434,6.6881841313163,16.2948069987877,0.000216130451808269,0.00415706794256224
PPIA,1.06335038352839,6.83864142169991,16.2700725342048,0.000218189052250605,0.00419152653007741
RAET1E,2.08739159550093,-1.66071606072239,15.9429821144033,0.000219254852247521,0.00420425435128213
HAND2,3.22103975405015,-1.13631452759027,15.8028979819741,0.000219430074798958,0.00420425435128213
EML3,1.06616244861993,3.9435978573161,16.2465009168677,0.000220181459311426,0.00420425435128213
FMNL1,1.52996667968434,3.60235447441983,16.2465570210699,0.000220190957422995,0.00420425435128213
CLEC2B,0.939549439993672,3.50382936409837,16.2366493485461,0.000221019780925444,0.00421495195823189
KLHL2,1.06993928480875,2.56110724307555,16.2277235065262,0.00022184369307259,0.00422553005191056
FXYD5,1.57211916482989,3.80536633973264,16.2088514762876,0.000223394546311662,0.00424991200528671
CEP55,2.72392596643844,-1.56668818504922,15.7544366543911,0.000224734795449048,0.00425118081708739
TAGLN,1.93724755601115,7.24741765807848,16.1920807085126,0.000224816279431156,0.00425118081708739
GBP2,1.06753193165488,5.55901634690157,16.1869336907394,0.000225261570570668,0.00425118081708739
SIRPA,1.03284200387047,3.97521655336718,16.1843834163629,0.00022549215101634,0.00425118081708739
NIBAN2,0.996977042793714,4.98701833295871,16.1810805912581,0.000225769450689897,0.00425118081708739
CTSZ,0.933724111416514,5.57672708327795,16.179570545958,0.000225898999773869,0.00425118081708739
PDK3,0.941630016427016,0.324463018971083,16.1877159817786,0.000226615273427224,0.00425955295382069
SH3BP5,1.16905232894336,2.40996336366705,16.1671473794752,0.000227090917825093,0.00426338750629765
BRCA2,1.7258221769144,-1.02618408832298,16.10293141867,0.000227669805748545,0.00426914886645569
CTSK,2.23993227457648,4.21925445210965,16.1495588712879,0.000228541944053266,0.0042803887970358
EZR,0.819037582200972,4.82910607895318,16.1436358229494,0.000229041117569882,0.00428462495859273
FEZ1,1.53525957764818,2.26114376478255,16.1311045436443,0.000230342545996123,0.00429502213216837
TMSB10,1.52772141275412,6.86299847601831,16.1288259192465,0.000230346569079151,0.00429502213216837
ARPC4,0.705948802242603,4.30733292515218,16.1280688743429,0.00023041788055341,0.00429502213216837
MYL5,1.81387490728901,3.66805135593232,16.1200887750684,0.000231155448976386,0.00429856015602415
BCR,1.11998874960669,3.6125414499022,16.1021864328711,0.000232735646893945,0.00432237724280093
TGIF2,1.05293614584456,1.76358020491825,16.1022807125254,0.000232987011622146,0.00432237724280093
ICOSLG,1.09089551952115,2.30911216263978,16.091689059782,0.000233784940209649,0.00432659976288256
AL159141.1,1.04300385966841,2.87396795416691,16.0907388612884,0.000233799201412578,0.00432659976288256
CDCP1,2.20060665302589,-0.786472240048134,15.9873154418337,0.000234651008743122,0.00432659976288256
FBXO17,1.39924682027783,1.91570535115808,16.0834320936109,0.000234695423904802,0.00432659976288256
TGFB1,1.26165498162253,3.70566609637568,16.0787683441398,0.000234841915348619,0.00432659976288256
BANK1,2.81812272082265,-0.16833530286993,15.9809994109144,0.00023486862045084,0.00432659976288256
MPP7,-1.05613708039053,4.1740786793458,16.0733249369785,0.000235322837716574,0.004329885038642
CDC7,1.81116701777951,-0.382668855208451,16.0663776599899,0.000235773920253484,0.00433081348404262
SLC29A3,1.54509996652434,0.47743333430348,16.0829718579864,0.000235925169089292,0.00433081348404262
UTS2R,3.1265361994607,-0.508855324799737,15.8124334327284,0.00023748232849039,0.00435430507670172
TSNAXIP1,1.30242454516045,-1.0684591536545,16.0169876338004,0.00023922302448877,0.00437836015281938
PSTPIP1,2.09256566976947,1.26528859229317,16.0397299965283,0.000239352214789362,0.00437836015281938
DOCK10,1.52680447616745,2.31981637922347,16.0243012596075,0.000239986511002103,0.00438069111829519
TMEM200A,2.50941309383527,1.24622134101274,16.028956297098,0.000240333016543794,0.00438069111829519
ANTXR2,1.07911851655093,4.33334851331657,16.0171517015322,0.000240467636610614,0.00438069111829519
RPL3,1.46759877626638,8.38775800069831,16.0146746582325,0.000240691623879789,0.00438069111829519
C11orf96,2.14735316731252,3.73330378979864,16.0131936399645,0.000240875210900844,0.00438069111829519
TMEM98,1.50834815746756,2.59537502876356,16.0009136772901,0.000242095313920705,0.00439578257338681
GGH,0.889822128343688,1.36378725076754,16.0003901346779,0.000242265175277451,0.00439578257338681
NBPF1,0.72188415667127,4.99918599937238,15.9871912211039,0.000243256189391069,0.0044047764610945
SHC2,0.970848005815847,2.99782506379204,15.9853624759554,0.000243469345784749,0.0044047764610945
HLA-DRA,1.64947313502429,7.09929946404193,15.9834808788025,0.000243602801416376,0.0044047764610945
PRDM8,0.869013894989931,1.43131649470529,15.9774642065472,0.000244372248041487,0.00441165465169338
IGFBP6,2.08557825905323,5.10898384255752,15.9709500007402,0.000244786756975515,0.00441165465169338
FBLN1,1.90900779148073,5.97888136940112,15.9705011645021,0.000244826454388336,0.00441165465169338
PDIA4,0.900299267290452,3.85891980300688,15.9418359785281,0.000247559459391927,0.00445578637059208
ST3GAL1,-0.950398361982325,6.37913300400983,15.9345093292901,0.000248247968581506,0.0044596323884712
ARPC5,1.15022050531101,4.81745618258368,15.9335580749637,0.000248341427685494,0.0044596323884712
TGIF1,1.02124067805054,2.5936456271665,15.9224590727873,0.000249488294033897,0.00446388360995209
MTHFD1L,2.1628846537712,0.932275556844943,15.931027445539,0.000249715820932649,0.00446388360995209
CASP8,1.28234474360903,2.35874895770109,15.9093260488186,0.000250814960103518,0.00447843094291776
LINC01013,4.61096592159215,-2.11286309405835,15.8807441427103,0.000251671600567213,0.00448862019420728
NUPR1,1.04736050791075,4.93344580419099,15.8831149727487,0.000253224960290177,0.00450181449158682
MYEF2,0.869857861210107,1.80523634831299,15.883377538743,0.000253271882514888,0.00450181449158682
NEK8,1.17184050547862,-0.568147776371979,15.8923192525839,0.000254420794661684,0.00451294068519738
VPS8,-0.719611929366055,5.3692829497946,15.8684207542166,0.0002546650547161,0.00451294068519738
TEX41,3.0983838053576,-0.835581460424712,15.5434713855164,0.000254871031394229,0.00451294068519738
TRIM29,3.62093407917247,-0.48487180678277,15.4951970461238,0.000255753770265976,0.00451649713216978
CHN1,1.47685892498244,1.74126206387828,15.8606288307526,0.00025585680773028,0.00451649713216978
UNC45A,0.651599224517233,4.07067918097728,15.8513942528745,0.000256354072278574,0.00451649713216978
ACTG1,1.01621268674563,8.72752168586408,15.844701405516,0.000256834270092483,0.00451649713216978
PXDC1,1.18886737553806,3.4655288908864,15.8455457954293,0.000256951755794217,0.00451649713216978
TRAC,2.39312868743476,2.18072788270277,15.8506249157725,0.00025697559343916,0.00451649713216978
CLEC11A,1.48028224217442,1.9395903728884,15.813980407572,0.000260406479759126,0.00456147287926281
ANKRD13D,1.06824016851234,3.27860380084178,15.8040539492616,0.000261113113926399,0.00456875175370662
SAMD11,2.82443353313508,0.185420845476656,15.7516524747055,0.000261786891283961,0.00457164150278098
LRRK1,1.09320816620059,2.44407484025025,15.7972727131779,0.000261879448280394,0.00457164150278098
CD101,2.26302274527018,-1.17651984224949,15.5967660681361,0.000262152109111366,0.00457164150278098
E2F7,2.01858566554888,-2.56950548022151,15.1187609228339,0.000263175521123905,0.00458166651473589
MYBL2,2.50404511829757,-1.67569799371572,15.3734502768841,0.000263373896810661,0.00458166651473589
NDRG1,0.940494552145729,6.01901665459027,15.7749664675352,0.000264038170480823,0.00458166651473589
ZNF600,1.12200973810138,1.47140564642894,15.7781770910422,0.000264186568705701,0.00458166651473589
MFAP5,1.92117229221962,6.13639838149067,15.7640440942511,0.000265158505695002,0.00458271198073561
RBBP8,1.14139319713333,1.11046475927682,15.7709036726691,0.000265237171117272,0.00458271198073561
PTGS2,2.25206192682989,-0.88185666962582,15.6329998987841,0.000265414793914538,0.00458271198073561
ITGA11,1.43180850743539,3.00838717330646,15.73578227288,0.000268142160598028,0.00462471561602862
DLG3,0.972565324312025,1.85256831991289,15.7340486018072,0.000268512581188288,0.00462602081421534
CEP350,-0.734478049075482,5.72490126768982,15.7232982522231,0.000269375469025222,0.00462667597573177
HOTAIR,1.61283220632955,0.362398150432516,15.7366153493429,0.000269667580727568,0.00462667597573177
PAPSS1,1.11170949390414,3.17247788954904,15.7188738400313,0.000269877331059538,0.00462667597573177
RBM47,2.05499255795037,1.23248257714866,15.7270585586495,0.000270059512500668,0.00462667597573177
FRMD8,0.812377778801312,3.32358558342378,15.7115621935553,0.000270626444753968,0.00462667597573177
ACTA2,1.64304382790626,7.55488691818372,15.7085273913508,0.000270921918408966,0.00462667597573177
XPNPEP2,2.89410470157639,0.751564866157231,15.6981569340117,0.000271022636795557,0.00462667597573177
SDC2,1.33476834004363,5.2782381153197,15.7064995589611,0.000271136709722969,0.00462667597573177
MDFI,3.60069559218351,1.2491961617433,15.6828192287049,0.000271203688924704,0.00462667597573177
IQGAP1,0.765795091951033,6.22078846787108,15.7027083092939,0.000271533822512343,0.00462727833260719
CDC14B,1.35711025147827,2.6648967320156,15.6777424693007,0.000274283458323828,0.00466660766689056
FSTL3,1.36707839300437,3.29979678460395,15.6756610333727,0.000274436373146862,0.00466660766689056
APOBEC3H,2.78706210037028,-2.39962245674453,15.058508277596,0.000274934277413359,0.00466910611735413
SLC7A1,1.24694216049691,2.51306083916122,15.6694640040027,0.000275178283437564,0.00466910611735413
PIEZO1,1.27239851967344,4.4592989966185,15.6608521387498,0.000275982930805553,0.00467770205074855
PGM2,0.976844758842248,2.09297537406917,15.6475108996673,0.000277590072739663,0.00469266383409038
TMEM245,-0.665588031033525,6.50439498469917,15.6428109643988,0.000277730244430066,0.00469266383409038
TM4SF19-AS1,2.37074601215766,-1.78349551659157,15.2376661167008,0.000277762644273333,0.00469266383409038
MYH9,1.03084933810409,8.55123466657033,15.6377463813726,0.000278463635239699,0.00469944812374953
NMI,0.991036014180984,2.27893611498074,15.6269866914962,0.000279769625671029,0.00471166184470199
CYP26B1,1.9520124599056,2.99333393729428,15.6227845055429,0.000280207979670912,0.00471166184470199
SLC49A3,0.968574943747994,1.5034952162069,15.6254217475035,0.000280235036418711,0.00471166184470199
KAT2B,-0.805571042701374,6.57190861209245,15.6181973114569,0.000280585315256989,0.00471166184470199
LLGL2,1.0298553719345,1.28516232542157,15.6168179517728,0.000281350770660562,0.00471166184470199
PFN1,0.75945894635796,6.6262219122943,15.608146718794,0.000281589991281851,0.00471166184470199
DMRT3,1.71201088939565,0.651625318305252,15.6212578129681,0.000281757410107923,0.00471166184470199
SERPING1,1.4904260304409,6.98923569025277,15.6072533770013,0.000281780460927103,0.00471166184470199
PARD6G-AS1,1.50137554987202,-1.99136197474001,15.288996196186,0.000283335015766598,0.00473079050261357
FSTL1,2.02197051430826,7.46617724256299,15.5836668839602,0.000284374485444658,0.00474310047720925
COL18A1,1.52651214152044,6.18658358751411,15.5784085223669,0.000284956324678906,0.00474775957095057
GEM,2.91845084297452,3.07950486022854,15.5715186400741,0.000286077931475061,0.00476001799081578
C3orf14,1.73866692254461,-0.257456775596519,15.5733110044355,0.000286298629074871,0.00476001799081578
LINC02798,1.96855818327795,-0.499515885610041,15.5413278440541,0.000286685956582487,0.00476024557406254
CD84,1.85643886858354,1.91178183231439,15.563357853142,0.000287135548613727,0.00476024557406254
ROCK2,-0.674060159836279,6.58651412132775,15.5548119863708,0.000287390760597716,0.00476024557406254
LIN9,-0.64889958034327,1.58816799025588,15.5553324345931,0.000287591518397463,0.00476024557406254
SPOCD1,2.8467363967428,-1.36890106908878,15.1649867590386,0.000287828802152619,0.00476024557406254
ZNF808,-0.716747618396627,2.49522034106503,15.5453835874874,0.000288718996956647,0.00476492603284392
P3H3,1.41700696301076,2.54083477181131,15.5431285102405,0.000289032413612502,0.004765087953412
KLF2,0.965292762219729,4.0539024202796,15.5244656383912,0.000291006108157447,0.00478668498532712
VAMP1,0.658484256186602,3.08388402069638,15.5221011219858,0.000291107568068266,0.00478668498532712
KCND1,1.30469512789324,-0.25533929526407,15.543645568551,0.00029125735336014,0.00478668498532712
LINC01426,2.47552795142344,-1.57092110629429,15.1451570939785,0.000293321647387575,0.00481556825915062
CAP1,0.892156809839159,5.80990504436272,15.4939931851793,0.000294468402503114,0.00482795155078162
LTBP2,1.07565151904343,5.7100189822939,15.4880437941635,0.000295151313460929,0.00482795155078162
PCSK1,3.97751384442328,-2.38734094894224,15.2228003506214,0.000295288798873988,0.00482795155078162
MRAP2,1.70879197202614,0.812874931177823,15.499027365276,0.000295306370739111,0.00482795155078162
ZFAS1,0.998047624085219,3.74276533363869,15.480075273722,0.000296086874184212,0.00483351976703932
LTBR,0.890344840378881,4.1635254415367,15.4767048372894,0.00029646547951555,0.00483351976703932
MEST,2.12433744554724,3.62317918707243,15.4762462879584,0.000296570852861349,0.00483351976703932
LINC00921,0.8268852894933,0.121391019433954,15.4906804557556,0.00029698323534244,0.00483521979118215
CFB,2.17171790132701,0.0118825161324064,15.4632784786293,0.000297466270964028,0.00483678869280866
ETV7,2.68476450232887,-1.16819282753966,15.1774874991882,0.000297695946304757,0.00483678869280866
SLFN11,0.759295426578503,4.09895911541482,15.4583921011209,0.000298587821503764,0.00484626252171829
VEPH1,2.28557416330193,-1.93719010442378,15.0153877928367,0.000299092071296884,0.00484736477013356
ZC3H6,-0.69223964763855,4.20198497039925,15.4524927154568,0.000299273428624366,0.00484736477013356
MIA2,-0.82316140984214,2.09639234447522,15.4504562682941,0.000299657888302216,0.00484858820299308
LYL1,1.16229859490411,1.753306431718,15.4348288646727,0.000301704504241535,0.00485825481007547
ZFP36L1,0.91555039801766,6.13146104743994,15.4300758916953,0.000301892511441062,0.00485825481007547
PARP1,-0.653210250451703,6.74054185816696,15.4274213447275,0.00030199361109402,0.00485825481007547
GFM1,-0.761776622144829,6.15802891817352,15.4283162283422,0.000302099643847627,0.00485825481007547
ADAL,-0.722709486916028,4.27999030239978,15.4279860776711,0.000302144329648828,0.00485825481007547
COL3A1,2.55646054928932,8.91716163392849,15.4268864360177,0.000302267993493348,0.00485825481007547
PTPN4,-0.77779717681007,4.75688583306811,15.4217992274254,0.000302869215261654,0.00485825481007547
MMP2,1.69492209684836,6.41032339347123,15.4204651923512,0.000303025760822715,0.00485825481007547
PRAMEF15,8.49644128199159,0.554047619365147,15.8760643751194,0.000303041188854023,0.00485825481007547
FADS3,0.797440476844677,5.13815413020581,15.4111434047465,0.000304130906603666,0.00486672536603699
ATP1B3,0.927124441949683,4.4549858498657,15.4099377336735,0.000304275190874281,0.00486672536603699
EFNA4,1.25279367518782,-0.61743707757811,15.4243776186279,0.000304499796715408,0.00486672536603699
PPIB,1.35341500936817,4.10637526825584,15.3938876540474,0.000306197089677983,0.00488625822651271
SFTA1P,5.96045276711065,-2.61468382591969,15.6649032294549,0.000308061570645166,0.00488625822651271
CDT1,2.41057780107349,-2.03258987223,14.9040305551225,0.000308167786701197,0.00488625822651271
STX11,1.34081651266549,1.32442064058194,15.380222005044,0.000308574833540395,0.00488625822651271
TSHZ3,0.957459592605461,2.2650228756658,15.3728751391973,0.000308853699263326,0.00488625822651271
PDLIM4,1.28822801077797,2.66716450673471,15.3704363302814,0.000309108000460865,0.00488625822651271
PYCARD,1.88171349266999,1.28014065294237,15.3773422309318,0.000309245028311221,0.00488625822651271
DOCK2,1.79100617916999,2.39880381604048,15.3680851421304,0.000309543662548935,0.00488625822651271
ICAM1,1.3980682178516,3.16700074784175,15.3645217262354,0.000309769158036327,0.00488625822651271
EGR3,2.32133557074633,1.5517723342941,15.339158194942,0.000313863422696051,0.00494586989880976
SDR42E1,2.13313372368587,-2.03984349567262,14.881807720619,0.000314312872229623,0.00494798448309321
NPL,1.1205003239428,1.92376190492817,15.3235002320265,0.00031499904036345,0.00495381757365164
C1RL,1.23449391841638,3.244242260282,15.3181523945197,0.000315413711058316,0.0049553735686289
CATSPERE,-0.635494371350373,-0.423358059823177,15.3422944607639,0.000316338554329587,0.00495990883672868
LAPTM5,1.96535417261064,4.61543351287392,15.3092153421005,0.000316486819372382,0.00495990883672868
TTLL1,0.625914875659659,1.08584054943592,15.3093209826561,0.000316942669688685,0.00495990883672868
CLIP2,0.890075240459893,2.49500626518096,15.3060659908177,0.00031696645831404,0.00495990883672868
ATF5,0.636874794518626,3.95564192334985,15.2943805479765,0.00031832471419666,0.00497620158298465
CEBPZOS,-0.635747173934211,5.29057368906536,15.2894655147358,0.000318926485896182,0.00498064795635878
NEFH,1.31511699438724,-0.583745538424885,15.2963083864775,0.000319918239306854,0.00498263191926956
DPYSL5,3.10023290418701,-0.755458065428952,15.0088911522043,0.0003201101540187,0.00498263191926956
IL17B,3.00478384302771,-0.573018386467083,15.0697507235369,0.000320330724340233,0.00498263191926956
ADAP1,2.16315963640422,-0.2796928958516,15.2547556890788,0.000320331027306936,0.00498263191926956
LASP1,0.884352406269421,5.54315048066559,15.2757530176085,0.000320640856225694,0.00498263191926956
NUBPL,-0.592373845313084,3.65560971566074,15.2691475778314,0.00032138891580733,0.00498461796546463
TMEM63C,2.0358814573591,-0.0803275242116265,15.2661250941146,0.000321721439886312,0.00498461796546463
CRIP1,1.76991790965077,0.555657523156265,15.2749807576651,0.000322451046949347,0.00499099524839251
NAPSA,1.35274642840828,-1.68877402023776,15.0953299969704,0.000325140200297919,0.00502271205086205
CA12,4.17026589217786,0.057548769546031,14.8895992882959,0.000326546977740594,0.00503948359453159
IQGAP2,1.61877117513402,1.90743546076119,15.2275605320334,0.000327198826745998,0.00504458309015564
NBL1,1.58139593557128,2.9866454476861,15.2148184106756,0.000328467930101387,0.00505421976758948
KIAA1755,1.667557882364,1.61734911555113,15.2088535449834,0.000329835359332451,0.00507028987729952
TUFT1,0.641688730365034,1.46802511526349,15.2012592631855,0.000330303896147387,0.0050725241194063
PCMTD1,-0.753592383147069,6.62736525357993,15.1898784008125,0.000331599996769707,0.00508637303045849
OLFML2B,1.47325218616104,4.20788684126596,15.1880465634346,0.000331853837731092,0.00508637303045849
PRPS2,1.37536836308377,1.57770245994245,15.1756681299271,0.000334040696098237,0.00511182500884173
NTM,2.37211436253426,0.962488625390317,15.1796733617676,0.000334165814531483,0.00511182500884173
SCARF2,1.23513691886939,1.93412094203206,15.1588030002775,0.00033598823532519,0.00512930139886706
SQLE,1.40392761383501,0.859226495509971,15.1505196036445,0.000338157549359885,0.00513923985951341
FANCI,1.02483950293907,0.8416175565874,15.1444937292566,0.000338577988536839,0.00513923985951341
CFL1,0.867939726058777,6.70528479195652,15.1357325175681,0.000338712069273897,0.00513923985951341
ARF3,0.986910622817383,4.22684840642883,15.1343221349587,0.000338908505921777,0.00513923985951341
SCARA3,2.14271354957349,3.01322573925267,15.13321942788,0.00033921876902667,0.00513923985951341
SLC35D2,0.958752796875324,1.769416085948,15.134398830597,0.000339232398499898,0.00513923985951341
AC099792.1,-1.31756441296449,-1.95531763451314,14.9377325704957,0.000340218011605866,0.0051429055906939
RHOC,0.893482392173895,5.25150626191182,15.1226419555334,0.000340457401002292,0.0051429055906939
RFX2,1.3341648144745,2.02631678758057,15.1138434661159,0.000341944153868485,0.00515496050939485
EFNA5,2.81351488627302,0.242192944622397,15.0726437706258,0.000342131502620548,0.00515496050939485
SKIL,-0.758600331930049,4.82976265354596,15.1093184214587,0.000342240767810732,0.00515496050939485
S100A16,1.08600159193191,4.56111479090295,15.1016410682585,0.000343276067447425,0.00516516147154825
ARHGDIG,1.99974189746067,-0.282995472507383,15.0900774023294,0.000343576207473487,0.00516516147154825
VASH2,2.20775069099961,1.46695938445304,15.1021800981493,0.000344348270565148,0.0051668700827151
FOSL2,0.746080497149306,5.34667820541232,15.0797805350311,0.000346230976345917,0.00518520531846294
CNN1,2.79978508680284,4.78896236435865,15.0712892107187,0.00034741483286863,0.00518970579313248
CLIC4,1.02539321004294,6.74908501945679,15.070376927626,0.000347510837451593,0.00518970579313248
RENBP,1.60180777210431,1.27526847540512,15.0769429330232,0.000347639081058019,0.00518970579313248
MYO1E,0.832582218264369,3.75291948337472,15.0679918147354,0.00034785412515931,0.00518970579313248
TMEM43,0.687353404442166,5.57654618432264,15.0630960415892,0.000348506018062956,0.0051927367853406
CLASP2,-0.667845777740713,6.29504393401607,15.0615393079754,0.000348718991509971,0.0051927367853406
PLA2G5,2.8945169404043,-1.20071429325519,14.7193836511321,0.000349576863155492,0.00520057712533218
HCST,2.39929185581129,0.0184789211558856,15.0292082622776,0.000350394564831893,0.00520780558242099
NLGN2,0.771739652830847,3.65121598589107,15.0418096694683,0.000351450221244483,0.00521491222715098
ZFP36L2,0.973344252265428,5.77252628550739,15.0410488958529,0.000351537249845539,0.00521491222715098
PIEZO2,3.18109161916266,0.00112810540883712,14.9124564627447,0.000353189380554495,0.0052245694373538
KIAA0556,0.71874456556562,2.4411263742327,15.0271659568627,0.000353293162380997,0.0052245694373538
C11orf80,1.34461857195485,0.223497033545376,15.0433833500423,0.000353606865456933,0.0052245694373538
THAP9,-0.809859984883438,3.09600568178267,15.0251080421218,0.00035378513761798,0.0052245694373538
CD27,2.1886565152948,-0.58517272692049,14.9568475939659,0.000355842286419035,0.00524738039030632
CCNG1,-0.845455327660861,6.99092048856347,15.008476718388,0.000356066270511388,0.00524738039030632
TCTEX1D2,1.33483875971742,-1.34057041038458,14.9489825799076,0.000356955507177869,0.0052519407323368
PRKCD,1.53114020825697,2.90434035651755,15.0022614330247,0.000357044967276417,0.0052519407323368
LRP11,0.926522378199053,2.71094413358636,14.9943177822882,0.000358141201263302,0.00526313310283476
TBX19,1.54558155830826,-0.0480341417961263,15.0009183553347,0.000359374929438592,0.0052750099961519
MGAT5,0.952924525801968,3.36622994557719,14.9823075288361,0.000359779645262739,0.0052750099961519
WNT10A,2.9201313593664,-2.10828458629533,14.4769229304016,0.000360136648691607,0.0052750099961519
PLPPR1,3.5971313784365,-2.15359809982072,14.5196420647736,0.00036029376972761,0.0052750099961519
MEG9,1.49173787443922,0.638177685121689,14.987230105469,0.00036088429526193,0.0052787316068369
BGN,2.22159214609761,5.72268894728368,14.9693292998445,0.000361593435627241,0.00528386155334352
DGKQ,0.653091296843647,2.46606683788288,14.9658622727581,0.000361908325571474,0.00528386155334352
GNAL,-0.649863689027784,3.77546475584921,14.9644289417313,0.000362301824007221,0.00528469063921313
WDR34,0.949602534301451,2.41134371508216,14.9588518819981,0.000363217785312219,0.00529313197815717
CD72,1.79749176549589,-0.113964541533195,14.9570466081113,0.00036452589683143,0.00530131612062509
SLC41A2,1.86157531894435,0.439046291865382,14.9606869779208,0.000364613965189098,0.00530131612062509
MILR1,1.98580429481508,0.00299320889234413,14.9507443567281,0.000364792698966237,0.00530131612062509
PLPPR4,2.14034878800754,2.79752403077911,14.9291577847618,0.000367605160698418,0.00533724606582948
PDP1,-1.13825061480442,5.77613453499129,14.9222003962313,0.000368362433121589,0.00534329795549292
TLR2,1.85040021489371,2.03438105935711,14.9216385504417,0.000368965920992807,0.00534710999998348
GADD45A,1.96251701001377,4.35244243313067,14.9121051726707,0.000369847397348109,0.00534782297556749
TNFSF9,1.51391907117078,-0.693633502032548,14.9120993577423,0.000369905509997939,0.00534782297556749
STARD4-AS1,-1.14021738120608,2.52711657370319,14.9114124599361,0.000370037320896228,0.00534782297556749
EEF1AKMT3,1.12034190195532,1.21321040000363,14.9133136186226,0.000370527859623143,0.00534833171157314
GSG1,2.17490657041122,-2.31169452944434,14.3950462485662,0.000371228655298706,0.00534833171157314
CEP164,0.78535202342047,3.05664862462685,14.9015927439418,0.000371415218306959,0.00534833171157314
PARP12,0.845735812559628,3.35287513923144,14.9010130175099,0.000371477932498542,0.00534833171157314
SLC16A2,1.16339069377485,2.7004909875468,14.8994994414324,0.000371776355356884,0.00534833171157314
XXYLT1,1.03323185827193,1.59469089872034,14.897351619821,0.000372475015183509,0.00535347560742232
SVEP1,1.36987370319713,4.75437795731809,14.8873496138361,0.000373459209591783,0.00535457061943739
FKBP11,1.15622858203326,1.64889950322966,14.8888229538824,0.000373732054856183,0.00535457061943739
CASP4,1.17653212238018,3.643821844927,14.8830121554689,0.000374119020743777,0.00535457061943739
IFI16,1.37339145022826,4.99460613944793,14.8817890355015,0.000374277009211328,0.00535457061943739
NTNG1,3.05720538483053,-1.5856986320797,14.4425500281997,0.000375234662577898,0.00535457061943739
WIPF1,1.05150208609932,4.07925404512871,14.8742614300279,0.000375399392453827,0.00535457061943739
NUMBL,1.17966743237149,3.02461900439605,14.8648217908772,0.000376855514702477,0.00535457061943739
MZB1,2.42756614696064,-1.45663546822347,14.5782274142779,0.000377041996955616,0.00535457061943739
TRADD,1.06066711377741,2.29074819940767,14.8629359110139,0.000377246257147028,0.00535457061943739
ATP11C,1.03116778339102,2.73589598007658,14.8608500184074,0.000377468041668505,0.00535457061943739
SNHG18,1.66333058989649,0.11911890303414,14.8744691664539,0.000377470111510295,0.00535457061943739
SLC9A9,1.35291325894906,2.20877940444743,14.8619450308697,0.000377476066023866,0.00535457061943739
SLC1A5,1.82333429180908,2.98470697877747,14.8608874676218,0.000377506921796549,0.00535457061943739
PCYOX1,-0.593420841795981,6.74635147179213,14.8561040941161,0.00037779457407759,0.00535457061943739
PER3,-0.844904515081505,5.14250763045986,14.855219743542,0.000378216984659714,0.00535457061943739
RAP2B,1.10647314733028,2.56063275784795,14.8477595494047,0.00037945594257742,0.00535759078360182
CCL19,8.62608739399582,0.693038150207071,15.2692314682782,0.000379629682620772,0.00535759078360182
FLNA,1.36722514880066,8.27570365238659,14.8437931014754,0.000379924435179638,0.00535759078360182
RELB,0.928772899121486,2.27831619943584,14.8448936484988,0.000379929821099001,0.00535759078360182
DIP2C,-0.671985373569876,5.69127133503907,14.8376877831825,0.000380840816948218,0.00536427482162019
ANGPTL8,4.14285656014354,-0.171987458559237,14.4644996570572,0.000381087379809271,0.00536427482162019
FIBIN,1.25617903562741,2.32353453651232,14.8344746869097,0.000381522917853247,0.00536473798654738
CPA4,2.82597937576958,-0.61601259124086,14.6673994341508,0.000381803907675911,0.00536473798654738
SNHG12,0.633673535098303,2.12293788355676,14.8274882655286,0.00038226327530629,0.00536638828795369
MRO,-0.723467686537023,1.47641565917732,14.8187720001964,0.000383857991274205,0.00538019421588627
FBLIM1,1.8338776015305,3.16414534618312,14.8178938129451,0.000383932304669807,0.00538019421588627
HOXD9,1.93297384619621,0.254948546149471,14.8176077308354,0.00038540647585539,0.0053933368293486
TBC1D9,0.767907640817663,3.21379387179193,14.8047071272828,0.000385869029303027,0.0053933368293486
MAML2,1.06331682331066,2.63356222811857,14.8049855412314,0.000385901067815131,0.0053933368293486
COL5A2,1.63035758507658,5.54637109414172,14.8007287514987,0.000386438935797381,0.00539555287903539
M1AP,2.07038215946389,-1.79306021170144,14.4858985170613,0.000386747179924487,0.00539555287903539
DCN,1.23126496841212,9.04776912363444,14.7886040268029,0.000388291341837655,0.00540022492237235
SLC4A7,-0.93268013140765,4.69277855240584,14.7882807141294,0.000388344935336636,0.00540022492237235
DOK1,1.72179520808475,1.9648272947994,14.7909592091332,0.000388458358544656,0.00540022492237235
FOSL1,4.39653432824965,0.842395447193711,14.5891273849974,0.000389531539079484,0.00540643430151097
PRAMEF5,9.5763293137555,0.662788220720343,15.3539602429609,0.000389712677961592,0.00540643430151097
LRP10,0.624137153930591,5.66173077190255,14.7763312011236,0.000389938428117899,0.00540643430151097
SDCBP,0.793790114957206,6.23788966092588,14.7677551145231,0.000391502492590319,0.00542148245320391
SLC38A10,0.81285012360474,4.67182706754504,14.7621341342876,0.000392376206806062,0.00542585424301422
SATB2,0.837077251889565,1.63461134612642,14.7591042553206,0.000393030671041477,0.00542983821679489
ATP10A,1.60598794606214,1.41712319693367,14.7458853319694,0.000395867451080608,0.00545012249535978
SOX8,1.40374239809105,1.46502055028675,14.7364419211071,0.000397168452280898,0.0054632417691049
MAPK11,0.877539346807819,3.17360129748257,14.727076449492,0.000397894670997655,0.00546485540305624
RARA-AS1,1.01797052213607,0.261918925801349,14.7409744844541,0.000397982142446211,0.00546485540305624
CD83,1.24378875441569,1.00864727747734,14.7282858729185,0.000398915790088791,0.00546657007176503
GPC6,2.03899326947062,2.00022642288084,14.722882723998,0.000399195930722317,0.00546657007176503
RTKN2,2.5375872903945,-1.88462114919533,14.2996248257182,0.000399420603443476,0.00546657007176503
PTGES,3.13370989289944,1.07236495951092,14.7108453339659,0.00039950021486553,0.00546657007176503
IMPA1,-0.583337155230438,3.71436642129387,14.7061218688182,0.000401090191406131,0.00548295500830321
DLGAP5,2.58792206720922,-2.17147451811026,14.2147939199673,0.000401807708353736,0.00548380172401034
NACAD,1.10111173597069,1.65288385720097,14.6906326716155,0.00040412752426544,0.00550828278751367
GPSM1,1.1194798024833,1.78480233627373,14.6877952750123,0.000404506963114681,0.00550828278751367
BTG3,1.12762522320268,1.54752806476179,14.6712911348308,0.000407323129439854,0.00553980634017202
IFI35,1.05514569009222,2.71480899885489,14.6640059426132,0.000408003757599692,0.00554425885327027
TNFSF13B,1.8731482327603,1.10823285265009,14.6636648145424,0.000409468674660657,0.00554608387278534
LINC00163,4.04548261881631,-1.45423484452718,14.2104073078749,0.000409551526508965,0.00554608387278534
PRMT2,0.666886364169699,4.79040041652243,14.6428407590707,0.000411338708135987,0.00556441092843612
WDR19,0.662742867967647,2.95845307444159,14.639955423601,0.000411613959089795,0.00556441092843612
SH3GL1,0.969853943337417,3.80211522606125,14.6354067091468,0.000412570369278346,0.00557254040088093
ACTB,0.964525114012484,9.29721047815766,14.6262082722784,0.000413745437338582,0.00557584297080439
RHBDL1,1.24973092605977,-1.49998556821032,14.5608060213473,0.000413802256355396,0.00557584297080439
PCDHB14,1.14425213214306,1.81593808179827,14.6210202681009,0.000415327752478549,0.00558411641468008
YPEL4,1.51706254068476,-0.106089776841546,14.6330265125063,0.000415488369899861,0.00558411641468008
RHOG,0.705485876367698,3.92730781987551,14.6171237864646,0.000415562151790145,0.00558411641468008
PEA15,0.765838686004345,6.13236803490956,14.6117157551512,0.00041644011030022,0.00558732020460824
PPP6C,-0.684958561028339,6.44303002571639,14.6112765521833,0.000416512560649356,0.00558732020460824
CYB5R3,0.638924007617179,7.33487178288135,14.5953227304963,0.000418842909717522,0.00561230335102925
ADM5,2.34651932035368,0.557194384145702,14.6007280370635,0.000419090125989568,0.00561230335102925
IRF4,1.91793630486727,-0.130556865176581,14.5829650454996,0.000421593225086141,0.00564101079942624
VAV2,1.03029407494795,2.62988273045068,14.5750679658849,0.000422654888393356,0.00564554419235977
ARL4D,1.55741142280235,1.21869936399783,14.5801826192736,0.000422907082086149,0.00564554419235977
OXER1,1.16918028921687,-0.174922327647494,14.5905536953972,0.000423189129348136,0.00564554419235977
DAP,1.40119080031461,3.76300677939771,14.5702691747917,0.000423370851507324,0.00564554419235977
LRRN4CL,1.16307832110481,3.35911430545407,14.5659349182089,0.000424111006130118,0.00564662208770844
TNFAIP8,1.53820493081172,2.18243932967707,14.5524916898952,0.000426692657619014,0.00565876430802455
PRAMEF4,9.11787146526141,0.210164766721223,15.1141028081255,0.000426699676817092,0.00565876430802455
TRIM43,7.05041071322091,0.0808007594004607,14.5705243195884,0.000428636443464029,0.00565876430802455
PLEKHG2,0.825666575571028,3.93440796982837,14.5372542024051,0.000428938340911741,0.00565876430802455
ARHGAP4,1.39303443657298,3.4856710028079,14.5354754791464,0.000429270001092481,0.00565876430802455
GDF6,4.17997082958543,-2.43300261598623,14.415428653664,0.000429631910221054,0.00565876430802455
PPP1R3B,-1.05947224618402,7.21207273277682,14.5327982181824,0.000429683579802605,0.00565876430802455
SUSD4,1.88737690315348,1.34866420135329,14.5278136492457,0.000431827314134201,0.00565876430802455
NAT14,0.971002190912307,0.931149902035098,14.5256510142338,0.000431960752308463,0.00565876430802455
CAPS2,-0.603175043818119,2.00734929336959,14.5185477817243,0.000432019028271422,0.00565876430802455
ARRB2,1.12821432010564,3.69070797149713,14.518790601842,0.000432105439757415,0.00565876430802455
PARVA,1.28356386452368,4.37195267957898,14.5165397934583,0.000432474122158143,0.00565876430802455
TTC21B,-0.581416249558214,4.15762393422327,14.5159604480039,0.000432576576023975,0.00565876430802455
PCK2,1.54364183473062,1.60620023096105,14.5200169513172,0.000432648742130411,0.00565876430802455
RNASET2,1.12761622470137,3.09249173111924,14.5158297761402,0.000432654805328414,0.00565876430802455
AKAP12,1.00539165915766,4.77194212113028,14.504524580778,0.000434539070416297,0.00567452416697218
CPNE8,1.03806865669603,2.44403951689786,14.505152713432,0.000434582863886624,0.00567452416697218
NECAP2,0.883767918559071,3.63385476281159,14.498936195544,0.000435526367783148,0.00568211666031298
ACKR1,2.40774679218186,4.64963657839451,14.496607720586,0.000435929730198692,0.00568265541151866
KIAA1549L,1.88636585952571,-0.764443212095549,14.4585168906689,0.000436500768179724,0.00568537722537823
KRR1,-0.608241855499345,5.17501330645745,14.4752686731403,0.000439617903908577,0.0057164896452735
ADRA2A,3.56833651772699,3.09751369234724,14.4754945625141,0.000440508814528471,0.00572333265233804
RUBCNL,1.87260577172695,0.980307102605463,14.4745329367083,0.000441491556532644,0.00572951148002521
HACD4,1.31146180705469,1.72140388037332,14.4640212976611,0.000442157230888993,0.00572951148002521
IL10RB,0.73429272450833,3.51690252989575,14.4599122813049,0.000442336045948217,0.00572951148002521
YDJC,0.796971074110489,0.929531430208856,14.4644017651288,0.000442444594698347,0.00572951148002521
GAS1,0.992753765948352,3.48236238498733,14.4557326185777,0.000443074879733922,0.00573206892760479
NFATC4,1.21556475712095,3.70400092757033,14.4519595262225,0.000443737734758829,0.00573206892760479
ANTXR1,1.24008990879059,5.17689552135879,14.447669567979,0.000444470198648503,0.00573680901956271
PTK7,2.03270581114981,0.914503681347384,14.4553623357741,0.000444917797955071,0.00573786757510669
PCDH18,1.52043136135848,3.14390908108335,14.4288441495654,0.000447894628223652,0.00577014167787726
ARHGEF1,0.822865290490451,4.93504528250606,14.4269125286048,0.000448155635892474,0.00577014167787726
ZNF503,0.975633198695727,2.21924272170466,14.4241469423406,0.000448863693278702,0.00577452103771248
DPP8,-0.677660894930362,5.98917041612001,14.4161531785179,0.000450076070515655,0.00578537586137855
CPLANE2,1.06273352000369,-0.905017421909037,14.4266196262771,0.000450502855382339,0.00578612300754976
CD74,1.45172486042596,8.56642541697282,14.4018327861357,0.00045264878915733,0.00580893110860531
MANBA,0.657696234413276,3.11740291680741,14.3947402025206,0.000453709425634872,0.00581778548638833
ALOX5AP,1.76186775094086,1.94308477606148,14.3936520894587,0.000454758047573697,0.00582171905111678
CD70,4.49163170702318,-1.47911248759518,14.0470206954359,0.000455908770668896,0.00583169368838494
CMTM6,0.921939949559773,3.63806237877754,14.376994763447,0.000457174086029252,0.00584003567828352
INAFM1,0.711121232307294,2.34448452845434,14.3726996564973,0.000457748895387509,0.0058403432082339
SAMD9L,0.825942732008714,3.78374911322314,14.3720266921525,0.000458073430349534,0.0058403432082339
AC108488.1,-0.691306529027593,1.07507695584361,14.3688443894835,0.000459245301836467,0.00585053166584688
NPC2,1.18207207299413,5.06593448909345,14.3586388306261,0.000460506109389059,0.0058516634038406
TNFRSF1B,0.910890157187459,4.76351704252702,14.3540834371366,0.000461343739483737,0.0058516634038406
SERPINI1,0.874829927907375,2.37158880525731,14.354630795457,0.000461398523119221,0.0058516634038406
LRRC17,1.95301348471208,2.33804816658703,14.355391905826,0.000461551824538827,0.0058516634038406
HAP1,2.63313229749292,-1.89004265305467,13.934484007252,0.000464477843381634,0.00588048985084448
PYCR3,0.770799788513408,0.9278265049297,14.3405181600504,0.000464785074740983,0.00588048985084448
SCARA5,1.5195918141743,5.31112848583466,14.3336128939596,0.000465122420700677,0.00588048985084448
ZKSCAN2,-0.678014947298595,3.01936347300888,14.3283823928894,0.000466145764013761,0.00588048985084448
L1CAM,1.93364502594045,2.0243449277116,14.327704396937,0.000466892680599258,0.00588048985084448
NGFR,2.73708129699862,3.14451349575388,14.3232670652314,0.000467417331877139,0.00588048985084448
CD53,1.94424762871567,3.0263734363943,14.3215592743272,0.000467529579093867,0.00588048985084448
C18orf54,0.906839123315962,0.400711918647281,14.331976708198,0.000467615451291053,0.00588048985084448
NDN,0.896024803458707,4.03559177592932,14.3192994335976,0.000467795391337793,0.00588048985084448
CHPF2,0.757603945911113,3.51032358012643,14.3164417761863,0.00046834369412232,0.00588048985084448
SMAD3,-0.765614260269527,6.42677169125511,14.3153518506227,0.000468518995719974,0.00588048985084448
PEG10,1.68469597613893,2.93051760801479,14.3150849231448,0.000468715693112867,0.00588048985084448
BTN2A2,0.913168828599162,1.91204946133559,14.2985219321976,0.000472014955068201,0.00590304283295941
TOB2,-0.601232726618791,5.97550536876732,14.2948868476729,0.000472083569070078,0.00590304283295941
EVI2A,2.14864281199217,0.799946535118219,14.3023895474899,0.000472769980314111,0.00590304283295941
EIF5,-0.654082299003139,7.9568570863713,14.2824823499575,0.000474361381953843,0.00591820499981364
A4GALT,0.885438351476619,3.67862046082808,14.2667739299505,0.000477715845399309,0.00594320300400011
UBE2E2,0.644808848049459,3.23919033168214,14.2653605130959,0.00047772049878804,0.00594320300400011
LINC00877,2.36402633810479,-2.48080074155301,13.7211879978769,0.000478502234743297,0.00594320300400011
COL5A1,1.69408179289672,5.57260598301797,14.2618968150242,0.000478623034192855,0.00594320300400011
GRN,0.876515799629712,6.00495954264642,14.2618106491847,0.000478637056199818,0.00594320300400011
HYAL1,-0.764476161318944,3.42587247034607,14.2599541309359,0.0004790227068278,0.00594328963135361
KIFC3,1.073641857924,3.32553576571438,14.2555289563789,0.000479882804776067,0.00594925799443947
ADAMTS7,1.35732378798735,2.2415182013153,14.2544589586517,0.000480343373444479,0.00594967482460134
DSEL,1.34680772761468,1.95681615671218,14.2535003190561,0.000480674589206404,0.00594967482460134
LINC02381,1.42078429040987,1.43681805755517,14.2452681653004,0.000482770933487194,0.00596277811389428
FAT1,1.48953536834063,4.00565458596544,14.239869460789,0.000482872952071337,0.00596277811389428
LOXL1,1.53167304340997,3.20303521731293,14.2377308188549,0.000483346908167869,0.00596393846202414
FAN1,-0.73114196119868,4.21581732880019,14.2346426441141,0.00048386790669859,0.00596466556280464
P3H2,0.977057604330044,1.19728809401397,14.2382633938837,0.000484165908060727,0.00596466556280464
AC080038.2,0.745066471708619,0.308135184276011,14.2366204443974,0.000485938343861026,0.00598180573090103
TENM4,1.08691211818374,1.27954168767604,14.2223644318764,0.000487195885825161,0.00598650521729971
NOX4,1.91428182817671,1.01353593961872,14.2255502372642,0.000487464394247151,0.00598650521729971
CDO1,1.97774500725197,2.85047664056536,14.2048238135247,0.000489895243311744,0.00601165429536968
CNPY4,1.0233790386129,2.00719541701224,14.2010184202328,0.000490729129201302,0.00601212581563171
HPSE,2.0154767951824,-0.205352549130978,14.192178845209,0.000491098095080923,0.00601212581563171
CD151,1.04543714157883,6.30023540140923,14.1965564568248,0.000491280280382003,0.00601212581563171
KCNK5,2.78124290538947,-0.632913106581336,14.0453800292246,0.000491465907706625,0.00601212581563171
ALPK1,1.14459036613791,2.48204906605939,14.1912971940119,0.000492491211599782,0.00601997629755341
RAB27A,0.969894041765312,2.47938179823101,14.1836226648239,0.000493979298607375,0.00603346699738735
ZFPM2,-0.648967676340806,4.20558872494374,14.1800995982286,0.000494533966553347,0.00603554479397728
GPR137B,1.82058084510321,1.26471789952716,14.1829944273275,0.0004954506816665,0.00603892842571629
COL11A1,2.92811494491121,0.429631859392082,14.1480786963884,0.000495580746245466,0.00603892842571629
VASN,1.46701828122573,3.20931028903199,14.1647059432945,0.000497660039539173,0.00605041190506628
ERBB3,2.44778835773767,2.73962964498842,14.1637170144404,0.000498257301208077,0.00605041190506628
KIFC1,2.16651582727661,-1.2283773884042,14.0105638080168,0.000498387944932756,0.00605041190506628
ASPN,1.60824197596845,4.79481612452966,14.1550702964286,0.00049950836922039,0.00605041190506628
PDCD1,2.86533875893043,-1.26082915017186,13.8498539841375,0.000499826403436042,0.00605041190506628
PDE4A,-0.612996639559252,4.87256388635644,14.1529085256238,0.000499934464401263,0.00605041190506628
FBN1,2.09221563852665,6.88637724458681,14.1525676465164,0.000500001319361862,0.00605041190506628
SCRN3,-0.680782325053459,4.70118287623419,14.1522523811453,0.000500066728405377,0.00605041190506628
CDK20,0.937826199419121,0.537771116970223,14.1605698162571,0.000500378123783118,0.00605041190506628
DENND6B,1.26525840817671,0.764420929352513,14.1502279206326,0.000502461798773124,0.00606673346056621
AP001062.1,0.76020692892895,-0.0755289312858132,14.1590955693444,0.00050250101935241,0.00606673346056621
TP53I11,0.834623109332468,4.09235531997188,14.1362451854539,0.000503291682655612,0.00606741224637031
ATP8A1,-0.987800136405581,6.45653135437383,14.1342543724289,0.00050367986746438,0.00606741224637031
METRNL,1.76502543172564,2.80112734118985,14.1343486862104,0.000503862631508251,0.00606741224637031
IL6,2.67412878630931,-1.4393037440857,13.8255610396623,0.0005041035724286,0.00606741224637031
TWIST2,3.81993197878546,0.775174488294073,14.0406620702517,0.000504879134248669,0.00607209043067653
RTN4,-0.629248250416226,9.13596264829899,14.1202599866012,0.000506151437394215,0.00608273109487152
TLN2,-0.616596037889751,5.58562547795086,14.1180297419971,0.000506962917969321,0.00608306408993832
TIAM1,1.84547662325234,1.0279012040932,14.1221946256462,0.000507984134849373,0.00608306408993832
PGLS,1.01949689090827,3.16149821320772,14.1125288027608,0.000508142726283055,0.00608306408993832
CEBPA,2.13560620688692,3.10192328227802,14.1113992262724,0.000508508761999271,0.00608306408993832
NFIL3,1.33328963892549,4.34961896506063,14.1088014554336,0.000508850646048612,0.00608306408993832
POC1A,0.929561174440479,-0.620263897659699,14.1292651042443,0.000509279784273906,0.00608306408993832
IFI6,1.29264969192198,3.89941882017461,14.0966997517965,0.000511338810083548,0.00609911846889983
TMSB4X,1.40806689989866,8.4670270537835,14.0962689977896,0.000511401077099215,0.00609911846889983
TSKS,1.66340174711329,-1.76560898636837,13.8758648962382,0.000515263041368093,0.00612559253017613
B3GAT3,0.805670670241722,2.86297261703889,14.0770387687025,0.000515444234189502,0.00612559253017613
MGST1,3.83424662123936,4.47616019597355,14.07729357027,0.000515572330829096,0.00612559253017613
HTR2B,2.51647956702242,-2.02358842152669,13.6564971869157,0.000516383906613113,0.00613059411066021
AC018653.3,1.82190718360972,-1.50474035987782,13.9173250541271,0.000517381254948677,0.00613401619578859
CBLB,0.749628352807691,3.73557660494208,14.0664470991083,0.000517572006095983,0.00613401619578859
PLCB2,1.56900911874129,2.88629961912736,14.0641252513449,0.000518181666884754,0.00613401619578859
RGS16,1.44351241895988,1.59999547457692,14.0671431445125,0.000518235455598322,0.00613401619578859
LINC00924,1.29697861236776,1.01739016538842,14.0665714414527,0.000519077057780691,0.00613450441386258
LRP1,1.40749073224985,7.37087895450536,14.0575306871782,0.000519403897097849,0.00613450441386258
COA7,-0.623984535049357,4.27265214361593,14.0556559661322,0.000519803229724672,0.00613450441386258
TTC33,-0.75869880095372,4.18644727051244,14.0546155575117,0.000520022146413418,0.00613450441386258
SLC44A3,1.83846636387634,-1.34136661515594,13.9365525167413,0.000520599758177306,0.00613450441386258
PHF10,-0.687522554544915,6.29604761255107,14.0516905358239,0.00052062184640108,0.00613450441386258
OPA1,-0.697764225355436,6.37418495398808,14.0380999430986,0.000523467615451187,0.00616174250819764
TMEM106A,1.26682898756717,0.636750867969568,14.0480217936405,0.000523718668743909,0.00616174250819764
PBK,1.76433115903579,-2.18108755899718,13.6608674217581,0.000526333378600655,0.0061832353122285
PCYOX1L,0.858655425404732,1.70287823464736,14.0184641312304,0.000527936198769309,0.00619032859164054
SYTL2,1.25017315865849,4.26349423303933,14.0160638306367,0.000528130112139759,0.00619032859164054
CHST15,0.908755078647211,4.07371110217068,14.0107430117295,0.000529259504292054,0.00619032859164054
LAMP2,-0.614127697434009,6.9404947953733,14.0072244987629,0.000529623111914956,0.00619032859164054
NOTCH2,1.08365402253862,5.14116174317352,14.0086870765099,0.000529685487096838,0.00619032859164054
ZNF296,1.76720899482282,-1.35798558082243,13.891824046733,0.000532143392596423,0.00620965839910845
ENSG00000250588,0.836985535473849,0.0174453347583226,13.9998915895096,0.000535221513435431,0.00624093733534107
ENO1,0.742055724927519,6.99488306824141,13.9754104694751,0.000536504983190413,0.00625125887986156
KIF3C,0.611067566604865,1.82561252529218,13.9701607949805,0.000537929365000175,0.0062519467960954
CEP19,1.23714635802911,-0.252754047310601,13.9845074651067,0.000538902345062433,0.0062519467960954
MARVELD1,1.42828300600593,3.83632441839522,13.9655684654066,0.000538966056828699,0.0062519467960954
TM4SF19,2.93542415439298,-1.00184192937325,13.7122934517809,0.000539027429848954,0.0062519467960954
GULP1,-0.666377945699571,3.32145804531287,13.9633903019,0.000539442578840533,0.0062519467960954
PLSCR1,0.893326720748607,3.3501509481466,13.9611440004546,0.000539931317700509,0.0062519467960954
NPHP1,-1.09863962370536,5.68295757753099,13.9581328367467,0.000540547422892734,0.0062519467960954
ARHGAP22,0.877201363133148,1.48127234826648,13.9571506510358,0.000541144989083176,0.00625424933995614
MID1IP1,-0.796650156922922,6.04423104948906,13.9501696945721,0.000542279905164496,0.00626001047112905
HOXC13,2.49298244769344,-2.61562688898472,13.3945038040791,0.000542441174943326,0.00626001047112905
TNFRSF19,1.11048807168886,2.41015106284462,13.9301039519809,0.0005468775627241,0.00629387938997899
SLC22A17,1.14653348551419,2.25990884465767,13.930044754883,0.000546947844960106,0.00629387938997899
GPATCH8,-0.764722661580426,6.23564784001877,13.9266543112518,0.000547430553947463,0.00629387938997899
TYMS,1.52280872607645,-0.313710315976318,13.9331235494603,0.000548666000955774,0.00629387938997899
RMI2,1.61877165810126,-0.431604174934935,13.9263797427602,0.000548842747560916,0.00629387938997899
FGD1,0.829134668643567,1.55813900920731,13.9207027174478,0.000549041532978525,0.00629387938997899
RNF24,0.89216654495312,2.88458915712498,13.9181085272749,0.00054940529918768,0.00629387938997899
PTPN7,1.98449745441324,0.629560758037235,13.924349250174,0.000550180753832924,0.00629387938997899
TUBB3,4.80342311497971,-2.75025618364504,13.9454035850342,0.000550185130583148,0.00629387938997899
VMP1,0.929861201654706,4.85167272027534,13.9126845126929,0.000550518722248596,0.00629387938997899
PHLDB3,0.606310845037851,0.545008549587151,13.9204568775527,0.000550700249096777,0.00629387938997899
ADAMTS18,3.42582782884395,-1.37487237392919,13.5243759697946,0.000551170940839386,0.00629387938997899
KIF7,1.1283393662172,1.49265646050241,13.9122217963711,0.000551421742379958,0.00629387938997899
TMEM44,0.698789946920607,2.40265375277371,13.9063853577936,0.000551742543379095,0.00629387938997899
SLC12A9,0.973242677232985,3.271433456175,13.9042368354917,0.000552439913951873,0.00629387938997899
MELTF,1.31139669944072,1.07487149950108,13.9108013107581,0.000552461628903647,0.00629387938997899
SRRM3,1.53859556222386,-0.358644047647805,13.9091945844306,0.000553640936008828,0.00629666267439026
SERTAD4,1.31084194136917,1.61843616437032,13.898340412466,0.000554466240530109,0.00630077707519336
RASL11B,2.07303868349894,-0.188816370873976,13.8843766052904,0.000554805601651305,0.00630077707519336
AK4,1.13325630130327,2.80082157202849,13.8904304174939,0.000555587350672239,0.00630509289139608
OAS1,1.52997923461729,2.07215012428568,13.8883852499314,0.00055641974899771,0.00630997685008603
KCNK1,2.73442144281763,-1.93251740399596,13.4802028716573,0.000557130533853159,0.00631347561648038
GBP1,1.20616415334942,3.98065501543732,13.8765327005356,0.000558606364893815,0.00632210760102093
LINC01410,1.88260929511426,-0.831773118602168,13.8339135659591,0.000559254748411639,0.00632210760102093
GPX8,1.50005416318643,2.36619361711687,13.8744528441302,0.000559365257370069,0.00632210760102093
S100A13,0.972162431804332,5.0884387532061,13.8720618693556,0.000559590691705452,0.00632210760102093
PRAMEF11,9.12269317112743,0.214809389989612,14.3850726704081,0.00056014633622788,0.00632210760102093
PPP1R13L,0.630779490492851,2.48138681571304,13.8677678206397,0.000560309122205805,0.00632210760102093
WHRN,1.72157321214956,0.107170945563626,13.8747481185381,0.000561590789738465,0.00632910698904829
PROCA1,0.855910780567612,-0.056096686387452,13.8784106500048,0.000562188464504976,0.00632910698904829
TRAF5,1.01006915524228,3.49326065998016,13.856930366913,0.000563042577148104,0.00632910698904829
TAP1,1.09091025650802,4.29797181394992,13.8557209570076,0.000563293157552639,0.00632910698904829
SLC34A2,7.5395292821983,-0.391707998532558,14.2449134484029,0.000563317972408477,0.00632910698904829
MAP3K12,1.16939287034551,2.85664613860405,13.8543172458309,0.00056371462637797,0.00632910698904829
RAB5C,0.822964665699589,4.03243563840098,13.853715082666,0.000563752250442147,0.00632910698904829
PIK3AP1,1.57216636421926,1.89216950829035,13.8430276695267,0.000566838363221758,0.00634593973487388
KCNQ1,1.11891454150274,1.11029084142207,13.8413112948812,0.000567917593815089,0.00634593973487388
CDC20,1.85657907672996,-1.06106053007976,13.7697480426456,0.000568081894074406,0.00634593973487388
FP565260.3,1.11488874967083,1.60256022886415,13.8322596808328,0.000569331354555578,0.00635537383339246
CTTNBP2,1.39061117998561,0.125575020198058,13.8419837250844,0.000569904838184321,0.00635725404072702
PHETA2,1.1435028538795,1.79992116897751,13.822587017416,0.000571398734910091,0.00636443117601455
SFI1,0.779331838022995,2.4958478033614,13.8192554765752,0.000571764763184486,0.00636443117601455
CBR3,1.58147351433637,1.1862019906549,13.815551038861,0.00057408303376888,0.00637430435578342
OPCML,2.03447791877049,-0.551930786499388,13.7804117298581,0.000574293731075873,0.00637430435578342
ACRBP,1.85058140649015,-0.671521687175707,13.784364424637,0.000574582165385288,0.00637430435578342
REEP4,0.934167394496924,1.62946124636421,13.8084563781305,0.000574714673344572,0.00637430435578342
MATN1-AS1,1.48531129526489,-1.89892970367992,13.6007304691979,0.00057585749546565,0.00637430435578342
ARHGEF28,1.79600756109325,1.54500992213871,13.8049043449458,0.000576172551821238,0.00637430435578342
CHST8,1.60957833534463,-2.70011299875165,13.2392189503201,0.000576445423090226,0.00637430435578342
FBXO41,1.33540603101107,-0.0441709446408421,13.8137985890316,0.000576713105142559,0.00637430435578342
CNRIP1,1.01492843757404,3.22757251139317,13.7941816077275,0.000577486741195701,0.00637523193619837
MAP10,-0.78107145009539,1.64238203912434,13.7954837176373,0.00057760941785754,0.00637523193619837
PDXK,0.688730744173727,4.68035857622088,13.7834502943566,0.000579933960428947,0.00638036732051304
LMNA,0.663648348676249,7.47189190291388,13.7808152803743,0.00058015051024506,0.00638036732051304
PLEKHG6,4.1381767872309,-0.46584900107095,13.4222172502666,0.00058024333103923,0.00638036732051304
PNMA6A,1.60770384808929,-0.209201960395261,13.7925178907255,0.00058035047769502,0.00638036732051304
PRAF2,0.975564416968057,1.73246628898658,13.7832783282056,0.000580513828205965,0.00638036732051304
NRP2,1.14155978223108,3.10300400647173,13.7741712574934,0.000582185603061489,0.00639148415393482
MDK,1.67369605557988,2.37942773401997,13.7747795416617,0.000582339747698426,0.00639148415393482
NPDC1,0.967899851222058,4.76982611364295,13.7706291238066,0.000582941135494451,0.00639361364191852
GPR176,1.49824000408911,2.7680735031064,13.7657897089548,0.00058426104847444,0.00639914665443568
LINC02256,-1.14540656855761,-1.01583473387665,13.7671951598519,0.000589725097306244,0.00644531136508234
CSTB,0.612711343788656,5.18625954585097,13.738820032931,0.000590469878725672,0.00644531136508234
MROH6,1.1189003627623,0.0123934100015914,13.7543636256313,0.000590616337673732,0.00644531136508234
TBXAS1,1.67830261774294,1.59419535377755,13.7415228146538,0.000590925408009712,0.00644531136508234
PRAMEF2,8.46200184372236,-0.422661121678152,14.2544731825889,0.000591332904639606,0.00644531136508234
SNAI2,1.21597812803758,2.52604284936918,13.7359788746154,0.000591350644518546,0.00644531136508234
ETV6,0.860317907278774,3.42174126965205,13.72718993968,0.000593283602934038,0.00646101551344743
OTOF,2.60849244899677,0.559750271211985,13.7231494039593,0.000593614805376947,0.00646101551344743
KDELR3,1.47270601597295,1.87475713722166,13.7091717526584,0.000598236364979468,0.00650680509241355
TRIP6,1.06371511642418,3.53490610323951,13.6934040029619,0.000601436974177838,0.00652989835047709
CRISPLD1,2.56288911424975,1.14440653584676,13.7000005780805,0.000601554361461467,0.00652989835047709
SHFL,0.984097741422737,2.62246860392393,13.6931699007206,0.000601607710403942,0.00652989835047709
HCLS1,1.41961162769341,3.70112422379774,13.6900219173727,0.000602266471518293,0.00653020350897808
CST6,2.5967900278456,-2.05397874657742,13.2821020248005,0.000602467963109287,0.00653020350897808
MLKL,1.10410626397967,2.16631107091481,13.6825310513598,0.000604363401016137,0.00654622745269032
ELMO1,0.941690518592914,3.00940148489349,13.6790103858466,0.000604990436719809,0.00654849993401201
LOX,2.41297019768352,2.87556608420371,13.6587898221538,0.000610322433848978,0.00659387670721121
ZNF25,-0.603141507967796,5.19127887980307,13.6564933761913,0.000610442998125383,0.00659387670721121
FOLR1,6.88421863863518,-1.85443158812654,14.1529979347523,0.000611553070255586,0.0066002922269716
TMEM45A,2.51444378841309,0.99919878684495,13.6571684538926,0.000611954330454321,0.0066002922269716
BEND6,1.72582952749861,-0.221462805149105,13.6557988355633,0.00061236311313696,0.0066002922269716
FAM83G,1.81103184716381,1.47719750660885,13.6530145255825,0.000612719068155312,0.0066002922269716
ARID3A,0.888534231637843,1.43413028567798,13.6444608755743,0.000613959752599368,0.00660600033944724
HMG20B,0.654945107886018,4.05164173031451,13.641328747943,0.000614213663505678,0.00660600033944724
MIR222HG,1.5020630515439,-0.11854579764618,13.6539755015583,0.000614511659483464,0.00660600033944724
LGALS1,0.861050058099673,7.83511713518954,13.6378185653655,0.000615070460017118,0.00660748177273694
S1PR2,1.41405544391965,0.931223564863147,13.6406705958391,0.00061641398189232,0.00661676061264183
EHD4,1.06032185705763,4.04926698160462,13.6310460384836,0.000616777367078369,0.00661676061264183
TUT4,-0.646061360557067,5.18956102532034,13.6221604488821,0.000618981509223056,0.00663135265284115
AL390066.2,1.42766269626439,-1.70392665860566,13.485436043269,0.000618982582759623,0.00663135265284115
TCIRG1,1.03478545359582,4.31741430556985,13.6193723780639,0.000619691080223341,0.00663335257673913
AC124301.1,2.93675813842517,-1.29770503003517,13.3178895883603,0.000620014541578611,0.00663335257673913
AC027031.2,1.57106404822665,-1.31780013809156,13.5426147754454,0.000621043231204765,0.00663550351350315
MPP5,-0.58722149216104,4.80284334115743,13.6138754093333,0.000621061144398606,0.00663550351350315
AL162595.1,-1.0645846462639,-2.21244964200409,13.3702620337319,0.000622137683059803,0.0066379680051826
GREB1,-0.82423668383875,3.14568622229399,13.606971183096,0.000622853148806329,0.00663927267397232
BDKRB1,3.42679541553204,-2.26633599117703,13.2004226830785,0.000623105998646781,0.00663927267397232
FRMD4B,1.24081507693765,2.62785953178066,13.6009423773333,0.000624506009779655,0.00664589812427755
SLC4A3,1.32202901700016,1.04027235541375,13.6068679170574,0.000624574688328091,0.00664589812427755
SECTM1,1.95129239677428,1.77823776517519,13.600630131311,0.000625542430267381,0.00665168593702341
KCNN4,1.92284428064265,-0.147865743845329,13.5917234585203,0.000627000170371721,0.00665720294976931
PTGER3,3.20629589090086,2.30629399972901,13.5939138617844,0.000627744509396811,0.00665720294976931
LMNB1,1.41594696072147,0.789403080081771,13.5967051146078,0.000627757907974423,0.00665720294976931
CCDC74B,1.48243812494779,-1.35181827300874,13.5133014894098,0.000630493235925848,0.00668169570415678
FAM174C,0.847541648778739,2.02865078803143,13.5739744971844,0.00063151257293798,0.00668798234295654
ARSJ,1.4477884003934,-0.180562219724666,13.580250911879,0.00063326253331134,0.00668924417495585
RUNDC3A,2.20102572285356,-1.92499800197725,13.230996650057,0.000634084207361409,0.00668924417495585
BMF,0.831596410807731,2.02642315801546,13.5577397722403,0.000635675674892166,0.00668924417495585
GBGT1,0.868966929124348,1.05877835218266,13.5588716532775,0.000636039756889466,0.00668924417495585
EHD3,0.99467965190438,2.02632442969766,13.5559595747711,0.000636171483299909,0.00668924417495585
SPI1,1.79330510061023,2.6683795314395,13.5549608075687,0.000636362395947514,0.00668924417495585
RCSD1,-0.865474604945687,6.45926037816619,13.5526647047645,0.000636650800284474,0.00668924417495585
PKD2,0.965380577509801,4.2473879837675,13.5524146364015,0.000636728642500855,0.00668924417495585
APOBEC3D,1.46024981565133,0.0855174272445453,13.5648372936468,0.000637211907562082,0.00668924417495585
SOWAHC,0.864445568147434,1.70074417365674,13.5520752193212,0.000637364764151825,0.00668924417495585
GPR1,1.59066399554366,0.48036895124508,13.5569930620917,0.000638586963119524,0.00668924417495585
AL391422.4,1.3535831242794,0.0759588274293717,13.5601307366774,0.000638665940741238,0.00668924417495585
SSH3,0.733302111937054,2.9707696890883,13.5402534899075,0.000639943809217788,0.00668924417495585
AFAP1,1.03655793968099,3.10516830673255,13.5400917702554,0.000639983278971088,0.00668924417495585
FMO1,3.12794453885787,-0.27412865556319,13.4075052815126,0.000640168694714306,0.00668924417495585
JHY,1.87550297066905,-0.661459706800728,13.5163907443408,0.000640327064778226,0.00668924417495585
PRELP,1.9837357148999,5.19690080221484,13.5378105494931,0.00064050408575493,0.00668924417495585
PDK1,-0.588014163060731,3.57659360131965,13.537277594417,0.000640660212119286,0.00668924417495585
NOD2,1.49365662802921,0.360419211893724,13.5460880605615,0.000641670484806696,0.00668924417495585
FLNB,0.783289369483853,6.00867400450096,13.5322990872208,0.000641929319224628,0.00668924417495585
RAB42,1.60834040123568,-0.761365018410639,13.5238732136332,0.000641979381397705,0.00668924417495585
CSTA,3.36674454915646,0.283856522012896,13.4411353640614,0.000643554825613153,0.0066963668902795
CD81,1.21812991902374,7.09482619229531,13.5250312823609,0.000643823997287784,0.0066963668902795
IGF2-AS,1.33213733815114,-1.2657848834756,13.4889379778946,0.000645072556417447,0.00670267468741003
LINC00330,-1.73411615070001,-2.03765516476622,13.26226289504,0.000645284578061583,0.00670267468741003
LGALS3BP,1.37635122171504,5.59939836607929,13.515201343253,0.000646399181551453,0.00670537683704564
PRR7,1.3088521834087,-0.635601087219517,13.5058566065614,0.00065196480040697,0.00674972793033469
PABPC1L,1.18448988060685,1.12149109898992,13.4936464359456,0.000653607579860169,0.00676224528613427
PLEKHA5,1.16300024891859,2.29496903096187,13.4873205548169,0.000654035574664022,0.00676224528613427
IRF1,0.923907178050893,3.96286536066229,13.480715760399,0.000655526978886535,0.00676889795653653
NEGR1,0.998246756928633,3.74293831472449,13.4792305536261,0.00065593441109229,0.00676889795653653
SH2D4A,1.27435914703308,0.284266980486361,13.4927826401052,0.000655972844338455,0.00676889795653653
SLC47A2,2.57563026054342,0.412324698259229,13.4389017876672,0.000665021387189174,0.00684639207060434
LY96,1.74453966636703,0.853965269602603,13.4538087913734,0.000665227646235847,0.00684639207060434
CHRNA1,2.48036332315023,5.75183773641747,13.4407652216698,0.000666234570906343,0.0068522618547674
PLCL2,-0.729111955538835,5.16923177212151,13.4389009729292,0.000666734959091485,0.00685291760506932
GMIP,1.58694948311582,1.89593736191168,13.4360331298373,0.000668272120172217,0.0068642218102768
HNMT,1.44789675479858,3.27569224395795,13.4266515361926,0.000670146239330466,0.00687014971912351
KIAA0895L,0.629991710609982,3.15136423564148,13.4250362400941,0.000670204239994023,0.00687014971912351
PRKD2,0.822217455558831,3.56630839787591,13.4250584550847,0.000670530239045816,0.00687014971912351
CXCL13,6.79005714089297,-0.543093153019543,13.6260181548873,0.000670645625260179,0.00687014971912351
PVT1,1.77632930521029,-0.533480417498288,13.4163282423495,0.000671037879542297,0.00687014971912351
NRXN2,1.35927488367109,1.31028249900771,13.4187815392732,0.000673570854903186,0.00688752306320114
CATSPERG,1.26048127924288,-0.832946369452628,13.415313771228,0.000674935430526157,0.00688752306320114
ACTG2,3.91405352218535,4.29217461589822,13.4081971004578,0.000675577015036961,0.00688752306320114
PDGFRL,1.00301554148305,3.83793185915241,13.4065035378367,0.000675602403155409,0.00688752306320114
IL12RB1,1.96222265835719,-0.495520718982559,13.3886856805263,0.000675984248762495,0.00688752306320114
SLC25A46,-0.630909384790657,6.27860483405571,13.4046848879505,0.000676071405973663,0.00688752306320114
KCNK3,2.57332109304526,-0.726208901559407,13.2832431735215,0.000676750698311562,0.00688752306320114
CYP19A1,2.80556545386503,-0.731635994261939,13.2452985570731,0.000677170182131337,0.00688752306320114
TMC6,0.977526471350616,3.05975358784525,13.3986917683096,0.000677805560238058,0.00688752306320114
ZNF181,-0.59960045362802,4.37374568064521,13.3964073874281,0.000678359336408354,0.00688752306320114
DCUN1D3,0.725879742572367,2.57239895479398,13.3956920550351,0.000678698320431277,0.00688752306320114
NREP,-0.784172461300599,6.07842078401093,13.395124532401,0.000678705109818117,0.00688752306320114
ADAMTS16,2.59246520577861,-0.0803461639262501,13.3565131657501,0.000679231442828825,0.00688752306320114
IGFBP4,1.59488676699851,7.1085536792503,13.3904691958722,0.000679991357312004,0.00688752306320114
RABL2B,0.728947472564369,3.09027507219329,13.3887737582248,0.000680531687554281,0.00688752306320114
PRAMEF9,9.22328354368362,0.311521624393305,13.8686136129382,0.000680864540140063,0.00688752306320114
FOS,2.57387915759142,5.63507357492863,13.3860846284597,0.000681213628552898,0.00688752306320114
CLIC2,0.961962327158253,3.03543631501784,13.3852960755814,0.000681511520685019,0.00688752306320114
CREB3L2,0.692237224821843,4.29274089466741,13.3825610776315,0.000682191919862848,0.006889962794239
ESR1,-0.726435806521666,3.09202786217242,13.3806479311191,0.000682774643945698,0.00689141352844227
PAQR7,0.816399228549298,1.30640704804736,13.3783672267483,0.000683916950583672,0.00689760024243949
SLC12A7,0.95795576198092,3.79343233508125,13.3740603575046,0.000684577202704489,0.00689760024243949
UBE3C,-0.655915153648473,6.52230879695101,13.3702011707105,0.000685621754416905,0.00689760024243949
AP003352.1,0.593598709572233,-0.0855554810098527,13.3873699802161,0.00068570644386263,0.00689760024243949
DBN1,0.849498436794717,4.99911229275037,13.356459337378,0.000689470563070513,0.00692781081139034
FAM72A,1.61621000014977,-0.966910123758868,13.3314247663204,0.00069007875442701,0.00692948563706457
RCC2,0.74715155868309,3.53307290477658,13.345030969265,0.000692718745654096,0.00694910059641807
KRT7,2.34403068999813,-0.678340658314616,13.2719552226362,0.000692917644689027,0.00694910059641807
PIM1,1.0118827643842,3.68596107895111,13.3341729232476,0.000695786905602656,0.00697341984893594
TMEM119,2.58172739240562,2.68280017419614,13.3295827604209,0.000697826596697873,0.00698939912901922
QRSL1,-0.695539272558741,4.81007796192373,13.3219316173993,0.000699231447399419,0.00699454274501841
ZNF658,-0.65252018173185,2.84670354121085,13.3114048321297,0.00070232252768589,0.00700759826575337
TCEAL9,0.945728320924744,2.80660495499605,13.3022271702637,0.000704993091561673,0.00702603712446997
CALHM6,2.07823948778711,-0.21262846675904,13.2937391345625,0.000705065847151335,0.00702603712446997
PBX4,2.05915462412687,-1.42074159485232,13.1382777648475,0.000705530674773326,0.00702620808411634
AC144831.1,1.65863709566888,0.149904576296333,13.305644361551,0.000707263594303976,0.0070362542775934
ELOVL3,2.4732128700458,-1.75062218965266,12.9831664943562,0.000707436078371607,0.0070362542775934
PPP1R32,0.932582615223949,-0.00584225084045449,13.304179395208,0.000708820861174407,0.00703875764224675
ID3,0.896816245440407,4.77748333931333,13.2882238806226,0.000708905511512908,0.00703875764224675
ACTN4,0.743584154982456,6.85394208151868,13.2863874037541,0.000709431541842925,0.00703875764224675
MT1M,1.78132735246638,0.714041049789916,13.2961303361096,0.000709481655943572,0.00703875764224675
MAP4K1,1.36976789090401,1.2080905876599,13.2855068655106,0.000711307653007249,0.00705241542258292
TYMP,1.23439987957708,3.90649313034084,13.2776115747807,0.000712007081261445,0.00705477889832312
NTN4,0.670557036106243,4.51393325188687,13.2760096124467,0.000712445017766304,0.00705477889832312
FTL,1.3534775311648,8.97378654918735,13.2743337709377,0.000712926665080576,0.00705509710494303
ADA2,1.16716250515838,3.69278929484733,13.2680411047491,0.000714795036704016,0.00706912923822907
WDR47,-0.655164694053264,4.49747820497254,13.2620413204122,0.000716517294162657,0.00708169957927135
DLL1,0.791970222139048,2.32151208058371,13.2598248972996,0.00071738033403828,0.00708454228763749
NAP1L3,1.27852194750409,0.614654022587172,13.2679591686387,0.000717784578427271,0.00708454228763749
RBPMS,1.20940516391356,4.62345945435147,13.2564280753727,0.000718159081212567,0.00708454228763749
IGF2,0.904442613307515,6.65173884283895,13.2520454541941,0.000719437561871689,0.0070926963150604
GCFC2,-0.657214935067477,4.61815838716535,13.2473559436858,0.00072082161223069,0.00710188022847501
AC060766.4,1.35245920405507,-1.76174901805848,13.1113624083148,0.000721604976473379,0.00710189474980257
MYLK4,-1.93834283257452,4.94918568678936,13.2398810949785,0.000723024816474535,0.00710652362267976
C1orf159,0.764719088566708,1.72620380375041,13.2391971415928,0.000723317215327075,0.00710652362267976
PSMB9,1.20706701553387,3.05746147573499,13.238421334863,0.000723556849254046,0.00710652362267976
IL18BP,0.832510563915323,2.1127570151822,13.2366794379265,0.000724284823388752,0.00710922470486958
LYRM7,-0.860269336111492,5.60300736725033,13.2168637933902,0.000729842789457932,0.00715123215167877
COL6A3,1.33721284915134,7.73276806154881,13.216565140781,0.000729931437208626,0.00715123215167877
ABHD12,0.613929848724052,3.29577756337768,13.2126505096556,0.000730772128189159,0.00715500221580091
TMEM165,0.603029570519248,4.24132058566676,13.2078709477237,0.000732538583149932,0.00716100557960881
PTCD3,-0.692265448541013,6.4734108402032,13.2071137124602,0.000732754059308808,0.00716100557960881
AFF2,3.20109227654949,-1.72774990144422,12.8319524415997,0.000734338742734573,0.00716856803071585
OXR1,-0.592322864008172,5.54844191317844,13.195216714442,0.000736323570715992,0.00718247261801585
UBXN11,0.731298483407746,2.99742749253983,13.1797480876428,0.000741078164768445,0.0072155250670042
GLI3,1.35905925636667,2.14738332720162,13.1805990868113,0.00074120422767877,0.0072155250670042
DUSP6,0.959867311802927,3.72036903015269,13.1780832670524,0.00074153190651495,0.0072155250670042
TMEM91,1.20526400357473,1.25273654747555,13.179972161071,0.000742367198051451,0.0072155250670042
PAFAH2,-0.682030606583919,3.68484780585279,13.171581724561,0.000743491673584952,0.0072155250670042
RASSF2,1.35389990712869,3.51742837254132,13.1712107231259,0.000743641048297741,0.0072155250670042
CAPN5,1.07575984854247,2.3473391806806,13.1712272187092,0.000743849605505753,0.0072155250670042
CDC42EP1,0.905383048347689,3.84613169246539,13.1642740845949,0.00074572271155131,0.00722681673566972
CAVIN3,1.25323103992572,4.19501841022645,13.1635502566429,0.000745934572270465,0.00722681673566972
FAM111B,2.14442623490745,-2.04476141483759,12.8315876023643,0.000746518064521769,0.00722800803372558
MIR503HG,2.0844226851717,-0.610208307086429,13.1260206404038,0.000747309199882271,0.00723120708517401
RPS6KA1,1.38293001831898,1.98906840501984,13.1516162864562,0.00075016894407418,0.00725440639386584
LPIN1,-0.859028935810298,6.7423218731925,13.1473744827528,0.000750862449080102,0.00725664171078338
UCP2,0.705076398594598,5.59011475894461,13.1349569083753,0.000754685687245282,0.00727149075230372
CTSS,1.77435836643321,4.46974556029869,13.1349248866626,0.000754719558139914,0.00727149075230372
ARHGDIB,1.01699427478682,5.48846060000191,13.1326151418804,0.00075541093207056,0.00727149075230372
SNX20,1.89241710477646,0.46641557992808,13.1418211346188,0.000755541291045349,0.00727149075230372
ADORA1,1.3105991851762,0.853385563653307,13.1399767025218,0.000755619824112623,0.00727149075230372
MPZL1,0.844192727635787,4.79666586232546,13.1318761898234,0.000755642014463674,0.00727149075230372
DMXL2,1.06847555768077,2.67530766395847,13.1288394750794,0.000756750354920921,0.00727466330433926
C10orf55,1.21562147318892,-1.13826785257537,13.1141431112356,0.000758149501739153,0.00728018500572268
C6orf132,3.5281843318094,-0.295804796527641,12.9176284601586,0.000758605528145439,0.00728018500572268
PTMA,0.985353635730524,7.2417839408292,13.1214567996525,0.000758864776639841,0.00728018500572268
LPCAT1,0.95768530533478,3.26271834338738,13.1174013697761,0.000760192987718455,0.00728847216997016
PCDHB10,1.12735621589599,0.76169664963191,13.1179022879446,0.000762538640718936,0.00729814842623104
AGTRAP,0.731701883364286,3.54942935349833,13.1095909098308,0.000762597223257019,0.00729814842623104
LRRC49,0.780940830630041,1.01480718007927,13.1084381086321,0.000764072168018407,0.00730780784707429
NUTM2B,-0.756246881211203,1.88628508613962,13.101550889444,0.000765477267373863,0.0073119192189596
UGDH,1.14397749597728,2.64627678419639,13.0995189379458,0.000765899662056042,0.0073119192189596
NFKBIZ,0.895111700414723,2.65169567189856,13.0948998175513,0.000767321535273132,0.00732104042316827
ARMCX2,0.785552702952471,3.28711604918551,13.0918419867893,0.000768174871572752,0.00732472941028818
TMEM107,1.40432986263114,0.312006661225501,13.094442615237,0.000771268089697223,0.00734749766712474
PTPN6,1.54814892741906,2.66540124361824,13.081970310752,0.000771498958612398,0.00734749766712474
GABRD,1.68123758906206,-1.56347298971544,12.945316420516,0.000774837406100577,0.00736937657168446
PASK,1.05803472683644,1.0565604902496,13.0741938379377,0.000775451285036253,0.00736937657168446
MYEOV,4.63928657554346,-0.349695162550843,12.7057739159949,0.000777413098604457,0.00737485350560437
PRELID3A,1.51509584258081,-0.756109704660126,13.059832222408,0.000777743220857446,0.00737485350560437
ALCAM,1.32609369033131,1.70142010893398,13.0630275280996,0.000778130449524106,0.00737485350560437
MR1,1.06495490204293,2.28607141757194,13.0574933179867,0.000779309486782932,0.0073784668609405
DEF6,1.6016383006428,1.60433519706702,13.0599968158469,0.000779451930897697,0.0073784668609405
CLMP,2.09796334963913,3.17831776508441,13.0492807637701,0.000781857342699448,0.00738742269423602
CDKL1,1.30655812129909,-1.03936690393878,13.039717605076,0.00078228075933866,0.00738742269423602
RBPMS2,0.938743110359712,1.97027779396821,13.0427071205804,0.000784195228759457,0.00740104877653619
AL450326.1,-0.887087425701152,1.43014647803763,13.0408282699548,0.000785213848118073,0.00740620874171464
PCNX2,1.55841353090566,1.07512428933686,13.0428696926218,0.000785899992363342,0.00740822845654213
MYSM1,-0.621864099468518,4.95582753651159,13.034195163913,0.000786476750218773,0.00740921524290735
HLA-DPB1,1.46909016646679,5.45298939505514,13.0308114212386,0.00078757022214315,0.00741149926403818
CAMK2G,-0.704807862755339,6.8322653310142,13.0290489014662,0.000788135856749266,0.00741149926403818
UBAP2,-0.709730765522993,5.41686561281492,13.0261717861537,0.00078906651663302,0.00741580777158997
SUSD2,1.73048033067995,2.40510670978272,13.0233483712655,0.00079046540994117,0.00742450904190704
WNT10B,2.36549324154926,-0.512232152958634,12.9623410148511,0.000792623895791459,0.00742641968692462
REM1,1.17555999330438,2.29561014491783,13.0156822711114,0.000792798116901389,0.00742641968692462
LAMC2,1.31867958209804,0.554214028204244,13.0250762920659,0.000792844141230518,0.00742641968692462
LAG3,2.18647681404222,-0.473397625587056,12.982458742657,0.000793034685905426,0.00742641968692462
HLA-DPA1,1.47707192226721,6.1034515179683,13.0111967288078,0.000793926808391662,0.00743034064263991
VWA5A,0.976706871566974,3.20305074845155,13.0039756328638,0.000796359667207783,0.00744753790675771
SESN1,-0.98437993461821,6.83785518227713,13.0026540265601,0.000796713357467104,0.00744753790675771
MBD3L2,8.57967561871446,-0.316791615166457,13.4622620188512,0.000798748602296343,0.00745250686729104
HLA-B,1.16518196375861,8.11875115690399,12.9954685040241,0.000799065356131137,0.00745250686729104
FCGR2A,1.82653413587305,3.38070767774664,12.9956084882217,0.000799144253434267,0.00745250686729104
SOX4,0.80195776730818,3.1164735808536,12.9871816162115,0.000801867402814982,0.00746222079023684
CKAP2L,1.69436250923584,-2.14155956810149,12.6934316130237,0.000802265796801392,0.00746222079023684
GALNS,0.587517762356532,2.41771373210133,12.9826116500204,0.000802986939402172,0.00746222079023684
IFITM3,1.374114742132,6.83486364625006,12.982611329652,0.000803292310797469,0.00746222079023684
C7,3.83953964106387,4.11308095009754,12.98378763181,0.00080351405769355,0.00746222079023684
AP000866.1,-0.84388879897241,0.177370660069024,12.988953932649,0.000805553810068552,0.0074651862961777
TLR4,0.744669761714411,3.44658801886854,12.9749891684229,0.000805852823778856,0.0074651862961777
FMOD,1.91346417499098,4.85361621895234,12.9723761793613,0.000806687222575175,0.0074651862961777
TUBB2A,0.584445083591169,4.65084729870816,12.9649579627431,0.000809139749675996,0.00747466060692451
BEST1,1.32599524996965,0.570713961793639,12.9709994919328,0.000810552786630885,0.00748330940363044
GALNT7,0.874139156876157,1.81058127529214,12.957073081779,0.000812337229453917,0.00749330372375041
SOD3,1.97808002967373,4.03009327651765,12.9531523122661,0.000813124949744916,0.00749383211171254
ITGB2,1.78488131643643,4.10616384425672,12.9491425698038,0.000814447605923964,0.00750161688672337
SYT12,1.1341447003038,-1.19023669172372,12.9398596594177,0.000814933425208925,0.00750168921328685
PALM,1.30765072122147,3.98186704370257,12.9448486091908,0.000815878257526937,0.00750303513735891
ID2,0.843038972465138,3.67037822223272,12.9438042949857,0.000816229912617963,0.00750303513735891
TNFRSF14,1.00341470156863,4.23112302142807,12.9414252931183,0.00081700779736049,0.00750303513735891
HSD3B7,1.61400529528987,2.03898369795787,12.9414144238608,0.000817734140141416,0.00750303513735891
LPCAT4,0.703861463207309,3.89441499403956,12.9377674662935,0.000818242921106011,0.00750303513735891
CACNB4,1.74117958744009,-0.0997537346798595,12.9452187695551,0.000818389950547275,0.00750303513735891
DOCK11,1.63752956983058,3.37894934595938,12.9373733170433,0.000818456200477833,0.00750303513735891
BCAM,0.825122662274195,5.90171541235842,12.9346553303435,0.000819267231688025,0.00750303513735891
EVC,1.22514508678461,2.3045493529668,12.9353352130132,0.000819382110572359,0.00750303513735891
NUDT12,-0.648089553425029,4.06979153486697,12.9328656561731,0.000819887798780262,0.00750328804772957
PRELID1,0.847206323100153,2.82864854607842,12.9213680483678,0.000823882125403803,0.00753544869359714
TG,1.39845280037776,-2.31295204396692,12.5942003306795,0.000826041318088296,0.00753585120912479
IL17RD,1.01781631238785,2.13767870197924,12.9136487503189,0.00082675474873193,0.00753585120912479
IL1R1,1.22418353616441,4.89828746640844,12.9114509053905,0.000827120997855085,0.00753585120912479
TSTD1,0.774251317419924,2.91932820859374,12.9116319201696,0.000827161165986014,0.00753585120912479
C15orf39,1.04309716927411,2.47357662068811,12.9117520636286,0.000827250931627932,0.00753585120912479
ADCY1,-0.759151258884237,3.77272000388642,12.9110179614896,0.00082728713815368,0.00753585120912479
F12,2.27232256260931,-2.94272112395961,12.3115241537212,0.000829679328231432,0.00754766305218459
EPB41L4A-AS1,0.776291532927766,2.6801855314607,12.9037442756795,0.000829899252450593,0.00754766305218459
C5AR2,1.81540365409013,0.299159498290097,12.9111635673032,0.000830507428551946,0.00754766305218459
CORO1B,0.930333681942479,3.92042394513648,12.8950233686496,0.0008327477404087,0.00756005764494026
RNF141,-0.580754691422446,5.78119520350244,12.8946935925397,0.000832834639573221,0.00756005764494026
IBTK,-0.712787732262386,6.43874783195675,12.8829615037117,0.000836862425420648,0.00758665205698899
GPNMB,1.51850947068215,5.50885725276977,12.8819329419249,0.000837220267722306,0.00758665205698899
CPS1,0.72344385746941,0.536528723372423,12.8884206644802,0.00083765893467352,0.00758665205698899
KCTD10,0.741053256628894,4.6708715341175,12.8801987316077,0.000837819528883565,0.00758665205698899
USP24,-0.70251451417487,6.88942207365031,12.8791123198725,0.000838188370035046,0.00758665205698899
ADGRL1,1.19311776868925,2.75434421990932,12.8782546915003,0.000838664626879637,0.00758665205698899
DPEP2,1.35771578164376,1.33724565130347,12.8805339849823,0.000839251531393756,0.00758758800992224
TRBC2,2.14282694761602,1.99799536280809,12.8767601156989,0.000840285070525613,0.00759134241866492
BAALC-AS1,1.33308415083502,-1.48829113084073,12.8099457009655,0.000840786692789549,0.00759134241866492
KRT18,2.49537094916581,0.903752931287854,12.8759264683535,0.000841125711496915,0.00759134241866492
ITGA5,0.959013713049726,5.38167836091869,12.869244376373,0.000841601516946605,0.00759134241866492
LRRC1,1.8234672303016,1.04589753478617,12.8723415932777,0.000843171850702164,0.00760113853921337
TAB2,-0.611605005169534,6.39068948904853,12.8610274832557,0.000844259513827745,0.00760221059640072
FBXL7,0.947976723700596,2.72972372819801,12.8520732057776,0.000847724342235046,0.00762136903454289
ZDBF2,-0.841155454709626,3.7869472968414,12.8499529939453,0.000848329512796842,0.00762136903454289
CYP1B1,1.75120937711271,3.36033112598987,12.8441945621761,0.000850439743093828,0.00763595638893457
IFITM1,1.29859186797328,5.3775787650487,12.8234523210847,0.00085761597933827,0.00769319621524565
PRAMEF1,8.48347475794867,-0.397662453250533,13.2787736383291,0.000857959920205108,0.00769319621524565
KIRREL1,1.12332938778944,4.16412739443468,12.8216081659636,0.000858285222866845,0.00769319621524565
RFPL2,5.36862669609503,-2.31133622887165,13.0502410769503,0.000859542138742938,0.0076993867816696
AGPAT3,-0.664458515226079,6.44512615039704,12.8154386418416,0.000860447557505478,0.0076993867816696
CASS4,1.82991377552566,-0.228109215398856,12.8128459268828,0.000862266869858096,0.00771074759502838
RGS10,1.3041569716185,2.74241545790791,12.8096608499272,0.000862699762782404,0.00771074759502838
NMNAT2,1.26506275789298,1.27717481332345,12.7974385932898,0.000868473348905426,0.00775352059787865
SPATA18,1.23493054467864,0.789255252687149,12.7968834059335,0.000869888121177262,0.00775638391309635
DDX59,-0.631985348023906,4.11807844695072,12.7880753424396,0.000870222525585724,0.00775638391309635
ACADL,-0.751599858240841,2.66191929159686,12.7882493125705,0.000870276653135564,0.00775638391309635
HAND2-AS1,2.45133295124232,-0.69704833166376,12.6981665751956,0.000871226301666401,0.00776044086529748
PI16,1.7994356540337,4.98619485752586,12.7794325032562,0.000873319641939126,0.00777467486116539
USP18,0.620338842329074,2.0372976829461,12.7728735816188,0.000875517753827519,0.00778982491288147
CCDC78,1.81142231662217,-1.71353656004778,12.5812484520414,0.000880556187042057,0.00782373963892552
ANXA2R,0.886791365112917,0.664811132222575,12.7636554949308,0.000881423834164315,0.0078246306997788
ZNF41,-0.745990704909159,4.15455858170295,12.7514460810595,0.000883463464817226,0.00783830360673056
RAB23,0.799252627980805,2.5925486326265,12.7498874601457,0.000884199541759097,0.00784040215136104
CYP27B1,1.68782698629054,-2.48813212657119,12.3300680749404,0.000885102862051998,0.00784398047425528
TSKU,2.1503644195341,3.35563799543289,12.7452764323498,0.000885905482936447,0.00784666284124578
OAF,1.13382300337076,4.24468332608862,12.7417683580772,0.00088699818988806,0.00785191009040784
ABHD18,-0.657055451564288,4.17590843459536,12.7385999857489,0.000888157875343337,0.00785748893204896
CD79A,2.59559054237344,-0.0115424565776055,12.7072106778479,0.000889194000113097,0.00785748893204896
AC007098.1,1.52305139018518,-1.32215606137249,12.679634211077,0.000889270493968223,0.00785748893204896
PIWIL4,1.00418289608276,0.22506255378096,12.7465281741338,0.000889630954587512,0.00785748893204896
GNG2,1.16742039958892,3.40993370265615,12.7268274139118,0.000892532827053244,0.00787082218433951
RAB8B,0.934908337375658,3.35172722125107,12.7265001309405,0.000892645013579122,0.00787082218433951
TRIM21,0.750239546424687,2.44889390659304,12.7220756326163,0.000894431476748141,0.00787330455836347
MYL9,1.5752776640698,7.10608914649678,12.7169150254443,0.00089612557825211,0.00788035359076521
IL34,1.01255740286694,1.75140357294171,12.7185997410851,0.000896236454891106,0.00788035359076521
DZIP3,-0.617230922465026,4.66010102151282,12.7030373297993,0.000901279873681681,0.00791582966840178
ANPEP,2.23815590090687,2.95385287089602,12.6942758109697,0.000904976805395594,0.00793969971067888
CDHR3,0.913563573209387,-0.00779525032753418,12.706611812107,0.000905307389267078,0.00793969971067888
BACE2,1.17677777792962,3.94675526139603,12.690837564964,0.00090586276503894,0.00793969971067888
PLEKHA7,0.85635725947291,1.96018526989912,12.6912922523166,0.000906137205921902,0.00793969971067888
PRAMEF14,6.34514335321473,-0.978510505502286,12.8795994600206,0.00090703291374624,0.00793969971067888
RARA,0.591777506231553,4.10897443182485,12.6825510246968,0.0009089495861041,0.00794566528811668
FCGBP,1.6971034492666,0.362683082936263,12.6927225406619,0.000909023876874737,0.00794566528811668
IDUA,1.00223259463034,2.05384389617819,12.6829649484191,0.000909233186203094,0.00794566528811668
LRPPRC,-0.735678051709695,7.45357353406463,12.6765209663935,0.000911200924242316,0.00795267121948955
ENSG00000261295,2.03920701376657,-0.867049232849285,12.6242403682319,0.000911279566004197,0.00795267121948955
COL8A1,1.15437940235196,3.00738094013265,12.6759296123663,0.000911554987184562,0.00795267121948955
IQGAP3,2.3054846066663,-1.20971512128353,12.5293674834903,0.000912234176151187,0.00795329879937455
GALNT10,0.809440549786745,3.70371959445311,12.671492935042,0.000913131964040906,0.00795329879937455
KANK2,0.960840240097972,5.79311715080936,12.6700037728386,0.000913658505945261,0.00795329879937455
SP100,0.699733169227856,4.34272647299192,12.6624471513934,0.000916526462442542,0.00796299981731716
C4orf47,1.41941851007576,-2.32475738645108,12.3470783914214,0.000916797748957763,0.00796299981731716
TAPBP,0.599697748388908,5.1168384489483,12.6582469380721,0.000918111523556378,0.0079667066975651
BEX4,1.03126259649095,2.16305796230073,12.6589748118486,0.000918239720668701,0.0079667066975651
IGFBP7,1.21696493055466,7.91238371399804,12.6530113073349,0.000920097777676204,0.00797521751125239
RAB3IL1,1.14622972809772,2.82337347365379,12.6530934371572,0.000920236948893156,0.00797521751125239
MBD3L3,8.40177022402756,-0.487508936445327,13.0949010539784,0.000921882806115987,0.0079827834054074
SMAP2,0.908765451838424,3.7229163747237,12.643186058304,0.000923882336086154,0.00799048844965376
LRRN3,1.80543490869304,1.3923204328049,12.6480665206495,0.000924035459453429,0.00799048844965376
SEC23B,0.704876777474763,2.64268185320994,12.6385024882154,0.000925805445727766,0.00800138572174961
AC073611.1,1.07980586037089,-2.09086186340324,12.4499945573525,0.000927324869450871,0.00800884253589968
L2HGDH,-0.612512317448684,4.97956448728814,12.6318169843949,0.000928199080777414,0.00800884253589968
KLHL23,-0.618786179882759,3.20173313260826,12.6272576676213,0.000930012816786271,0.00801768654568195
TNFSF12,0.74781729945984,3.61871653515508,12.6261695057408,0.000930407609158461,0.00801768654568195
CSPG4,1.05354403792544,5.30177881570189,12.6209435575214,0.000932385278204571,0.00802639224855061
LINC01088,1.61755554338964,-0.425418074897256,12.6244758586584,0.000932991201589424,0.00802639224855061
SCNN1A,2.43274656109252,-0.865391321909985,12.5169199114873,0.000933767346653728,0.00802639224855061
FYN,1.0744736161235,4.20620528914084,12.6172848631833,0.000933812822290756,0.00802639224855061
CCNG2,0.820293145862932,3.91696401026753,12.6110155770666,0.0009362451377081,0.00804289405381972
ITPRIP,0.725078401428583,3.35786194137053,12.6092845657662,0.000936940788470237,0.00804446699947504
MITF,-0.664900987125089,5.47935124689945,12.6018654759224,0.000939771381914232,0.008055549884841
CDCA4,0.702712177211823,0.703509947536898,12.6034140043686,0.000941408391386621,0.00806517723952676
GPR68,1.57537723432197,0.65815368605103,12.6015679068613,0.000943524777032424,0.00807713064472539
GAS6-AS1,1.25388699352961,0.918307804793669,12.5981423119432,0.000943832915095659,0.00807713064472539
CELF2,0.645073071668734,4.80329443524277,12.586901726992,0.000945615961235931,0.0080879795703531
STEAP1,2.62467338390056,0.338212668476747,12.5678818534446,0.000948780476137937,0.0080978329393379
CAB39L,1.02708925738628,3.45260539156531,12.5788270558832,0.000948831779257242,0.0080978329393379
TSPAN11,2.47991912694131,1.55056401765334,12.5831540624941,0.000949567914503957,0.00809845057492914
PRDM10,-0.637505633885993,3.33879195963293,12.5760152663077,0.000949936126692867,0.00809845057492914
GAL,4.19280968823995,-1.99903889038368,12.3526481228142,0.000953454359018864,0.00812403157698212
UGCG,1.0710042723976,3.61778917624223,12.565547534931,0.000954054457817822,0.00812473397474265
APOL1,1.07490111594975,3.97701683701196,12.5631204458305,0.000955002035559694,0.00812839313888796
SPAG5,1.08764446109677,0.13852208118091,12.5736401515383,0.000956214672630126,0.00813430313654734
RABL2A,0.743173857878042,2.7559605650526,12.5567073247617,0.000957658527140375,0.00814063162299147
HLA-A,1.19597019623438,7.6304185358216,12.5515496130316,0.000959557868470149,0.00814766672911129
CCND1,1.08616598222655,4.25979064921018,12.5488800496569,0.000960638016117661,0.00814766672911129
ORMDL2,0.799100289263435,1.74846403708356,12.549327441099,0.000960668357852452,0.00814766672911129
TNFRSF1A,0.729268019676858,5.26266529351117,12.5481801594568,0.000960900357794521,0.00814766672911129
HEPH,1.73715696314513,1.80345438238871,12.5471979779001,0.000962556257647911,0.00815032291337191
LINC01106,0.922426520172705,1.48924102149181,12.5450269964058,0.000963210122505867,0.00815032291337191
IDH3A,-0.694317427850475,5.02911821367829,12.5421853250226,0.000963290793520541,0.00815032291337191
STK17B,1.22034930894225,2.55179804113773,12.5399448717467,0.000964463709269966,0.00815146368910005
AC006042.3,-1.1620881540548,-2.30303387929398,12.28503993026,0.000964464356206359,0.00815146368910005
IQCH-AS1,-0.782863442522314,3.45465079145486,12.533603588056,0.000966771727369327,0.00816474819570554
PYGL,1.69584588641891,3.4406752889346,12.53299793628,0.00096707657826165,0.00816474819570554
MBD3L5,8.22386167015479,-0.658295543217888,12.9726229317582,0.000968216873664427,0.00816998055492644
EMILIN1,1.14833304197249,4.03279921111261,12.5235059791065,0.000970807150521866,0.00817864639154089
CLU,1.97228323626321,6.3298112409738,12.5172048039712,0.000973318651031199,0.00819118157810883
BTG1,1.20170232901685,5.0215577702476,12.514665979021,0.000974345986184054,0.00819118157810883
LAMA4,1.03084850359158,5.63560457754065,12.513536634332,0.000974798172655281,0.00819118157810883
PLA2R1,1.41811100456767,1.51103927955904,12.5168189042034,0.000974904567563383,0.00819118157810883
IL16,1.08118653531812,2.77604602278553,12.5009816906945,0.000980066800256157,0.00821777944244738
MEOX1,0.764162111225424,4.32537328763474,12.4991897292026,0.000980626751066615,0.00821777944244738
ARHGEF35,1.65799404952539,-0.512434131464436,12.4891191080736,0.000984985210770993,0.00824498287096039
VAV3,0.865419324566343,0.868486177698274,12.490493355078,0.000986049078521622,0.00824509338699886
MRS2,-0.734078374750611,5.66155022849198,12.482552386886,0.000987408644674737,0.00825206532383919
COL4A2,0.947726809944507,7.30132763901722,12.4790063854095,0.000988862428520823,0.00825746694990859
TGFBR2,1.15111970904482,6.38541661832218,12.4767531042509,0.000989787793382026,0.00825875567098931
RABGAP1L,0.728929162838969,3.43493149430632,12.4724634869386,0.00099160206979918,0.00826532805586951
PRR5L,1.44633452406729,0.471650685090237,12.4810806196559,0.000992264485811614,0.00826532805586951
SLC2A10,1.35916715919952,1.73426755277029,12.4727413969054,0.000992476312556555,0.00826532805586951
NT5DC2,0.986191361743334,3.01712202683278,12.4663809417196,0.000994177815176515,0.00826532805586951
PLXNB1,1.29199261911888,3.00373931625819,12.4664401016877,0.000994187471220437,0.00826532805586951
SLC2A6,0.736693842258726,0.96298085862749,12.4690319359445,0.000994462771819899,0.00826532805586951
LINC01116,1.3180901595638,0.272659772560704,12.4756085162583,0.000995173022554236,0.00826532805586951
S100A2,2.44658143486969,0.0279112216744015,12.4473708708882,0.000995658831168826,0.00826532805586951
SBNO2,0.690497712675853,4.11713914326024,12.462108103245,0.000995841691854045,0.00826532805586951
SNCB,-1.52263692405223,-0.595152460775251,12.485066242046,0.000996560541005063,0.00826692266970109
TOGARAM2,-1.63710601462628,4.10189621697021,12.4585025301495,0.000997338071395359,0.00826900212918656
TMEM54,1.09750514771704,1.41989135104913,12.4579931016739,0.0009988605185956,0.00827329361234181
ST6GALNAC4,0.687596731247203,3.8245367569957,12.4492242138328,0.00100119434098876,0.00828784028576927
EXO1,2.50980314206223,-2.91415587792322,11.9045409339367,0.00101144421018605,0.00833407241687519
ARSD,1.18927376404944,2.07558449885261,12.4236827543581,0.0010124051083201,0.00833407241687519
OLFML3,1.29440745961801,4.0893638878328,12.4205720499045,0.00101318695269959,0.00833407241687519
PABPC1,0.899003370850289,6.74882407887565,12.4196887871905,0.0010135252615439,0.00833407241687519
COL16A1,1.21603074558333,4.46101254258855,12.4187870928146,0.00101391821615204,0.00833407241687519
HJURP,1.90128540766056,-1.91512991040812,12.1807843787977,0.00101703944042227,0.00833407241687519
SYDE1,0.853191436407258,3.20506089133445,12.4107784039586,0.00101737056398886,0.00833407241687519
AKAP7,-0.775570274883359,3.65410122777816,12.4097462959241,0.00101775452202532,0.00833407241687519
COQ7,-0.646966125080627,4.89239843717165,12.4092152977638,0.00101794917966424,0.00833407241687519
TNFSF15,1.53127695214847,-0.93105424759421,12.3947039546236,0.00101839297774655,0.00833407241687519
SETD7,-0.65036855025127,7.72489678729634,12.4066064956328,0.00101846135046617,0.00833407241687519
IGLC2,3.43984813733541,2.67078257620134,12.4062971817863,0.00102131946256734,0.00834417188501617
NMB,2.32371908010848,1.43092002527639,12.4073526212877,0.00102142824999477,0.00834417188501617
ROR2,2.19049980394121,-1.22519946526044,12.2687669302383,0.00102494721060172,0.00835532912198608
DLGAP1-AS2,1.4672865340258,-0.791993861254928,12.3913239497839,0.001025334621918,0.00835532912198608
VSTM2L,1.82711179398419,-0.835745067203261,12.3634036522619,0.00102569635290575,0.00835532912198608
EFS,1.25170249142547,2.36327820995815,12.3899178635151,0.00102653102654599,0.00835532912198608
TMEM234,0.633669955358402,1.2663395375768,12.3895324544465,0.00102705295299627,0.00835532912198608
AC009237.14,1.55379329758947,-1.41634214516976,12.3167208044776,0.00102728676250237,0.00835532912198608
CLDN11,1.7726336336245,0.844137628085342,12.3946547877599,0.00102758779409429,0.00835532912198608
ZBTB7C,1.36016089901875,1.66546701199092,12.3883439922198,0.00102797964540014,0.00835532912198608
PRCP,1.01932440806275,4.6659477766544,12.3781940147849,0.00103116950377521,0.00836841005124757
HSDL2,-0.810152186357577,7.51653646918889,12.3778784681926,0.00103129797221442,0.00836841005124757
GAB1,-0.600188568652661,4.51824752240448,12.3768186349276,0.00103176231993764,0.00836841005124757
SLC15A3,0.966373051255115,2.91183682936031,12.375984742456,0.00103225497669419,0.00836841005124757
TMEM255B,1.344720642353,2.13202372948655,12.3751115490143,0.00103308695644618,0.00837083106939739
PLCG2,0.972660956246862,2.86550439326947,12.3714904500378,0.00103419669427497,0.00837549902819694
PTPRA,0.724852835630955,4.33258865919813,12.3664077524331,0.00103624267530869,0.00837803200194117
SUSD1,0.89493325454163,1.1816516558847,12.3680199365793,0.0010370168588963,0.00837803200194117
SH3BP4,0.7586522071722,3.52143234178624,12.364327313439,0.00103717847593321,0.00837803200194117
SLC35G2,1.0821850812967,1.45443058926205,12.364133646135,0.00103850150144603,0.00838440384012113
KCNMB1,2.19676256715606,1.17530978919223,12.3661590123974,0.00103936854255677,0.00838708960176274
IFT122,0.715453374422655,3.1067156740522,12.3530950631292,0.00104208222719289,0.00840034954072545
SNX10,1.6817435050651,1.51364717761724,12.35419931403,0.00104333291713861,0.00840321470943587
PCOLCE2,3.06173558995472,4.16138117535366,12.3465834078362,0.00104505318849253,0.00840852741676833
ISG20,1.32284290478529,1.01221634309816,12.3507163308753,0.00104565944305234,0.00840852741676833
CKS2,1.45490869711921,0.667785720804595,12.350639662754,0.00104692359058938,0.00840914317006158
APOOL,-0.712269436454357,4.99234397548517,12.3391420451937,0.0010480598275954,0.0084118499231123
AC090409.1,2.76240607175235,-2.3950389876565,11.9398125596054,0.00104833249121425,0.0084118499231123
RPTN,5.74350620057048,-2.76720522741717,12.4232226160901,0.00105256452194626,0.0084285715162993
PHF21B,2.5989411950542,-1.5887941355183,12.0691610857815,0.00105569339768121,0.0084362195731176
ETNK2,1.45327802205843,0.183293154277271,12.3318929185062,0.00105637935734144,0.0084362195731176
DOC2B,1.02024833659547,3.03814177107023,12.3196033590338,0.00105674467542206,0.0084362195731176
LPAR6,0.723769082392481,3.96790014376686,12.3166007014737,0.00105796751770884,0.0084416879463346
OMG,1.99940978535132,-1.75880042679858,12.1144551270271,0.0010593645611871,0.00844854003446725
TSHZ2,1.45701070491,2.59677786009049,12.3092453706992,0.00106153376567888,0.0084601665186775
SEMA3A,2.76182096902749,-0.532028116403661,12.2076589863746,0.00106417665956031,0.0084601665186775
SINHCAF,0.82582722307969,1.77218758479075,12.3037450164942,0.00106433805895309,0.0084601665186775
FER1L6,2.09288483294129,-2.27107177567988,11.9571062192548,0.00106476082412114,0.0084601665186775
MOXD1,1.95142985534376,-0.0622836794658393,12.3028484371823,0.00106504982022023,0.0084601665186775
MEI1,1.1553222824891,-0.626417922505241,12.3093667824405,0.00106712902625228,0.00846743683874095
SAMD3,1.70783159458943,-1.02438503633196,12.248210737615,0.00107289089603058,0.00849597508234102
AP1G2,0.985409695173248,2.21350741797694,12.2806100391484,0.00107433826043418,0.00849608535774004
CLEC4A,1.27304758304496,0.525106007332687,12.2886901912171,0.00107461126372161,0.00849608535774004
OSBPL11,-0.855726723683458,5.79854706604301,12.2787297870002,0.00107477109032516,0.00849608535774004
CST7,2.18687617466842,0.430124368182347,12.2820064824509,0.00107540441335928,0.00849608535774004
APOE,1.81735333680868,4.82092980494926,12.2768877853521,0.00107561144350618,0.00849608535774004
SEMA6B,1.11733185553542,3.40873405037656,12.275067286647,0.00107648610388148,0.00849871700222326
PLS3,0.767406848119488,6.4133272680872,12.2695889277511,0.00107887493394592,0.00851311629250601
NRIP3,1.60417721382992,-1.208081978305,12.2232414961482,0.00107939480229927,0.00851311629250601
CENPM,1.57208123574225,-1.35705757227485,12.2039328818237,0.00108021267019722,0.0085152877241313
FBLN5,0.906124111881101,5.0808617805715,12.264560040397,0.0010811444443079,0.00851835444448419
HMGCL,-0.590746440921694,5.32277433994922,12.2591013270367,0.00108360453045718,0.00853085621940257
PRAMEF12,7.92807127688616,-0.927317809851992,12.6865254673425,0.0010852088870389,0.00853752054239373
ACSF2,-0.753806278544491,4.37392436334241,12.2502560776506,0.00108762251115442,0.00854793956563275
ZNF311,1.48489162356139,-1.45202314974379,12.18390582131,0.00108818006951507,0.0085480411366562
AGRN,0.88122469454932,4.32958304035094,12.2460271093453,0.00108954353237539,0.00855447010536853
TLE3,0.779486510805067,3.48244393346911,12.2431051384137,0.00109091266552524,0.00856093714270929
YWHAQ,0.709068712358883,5.95946532068175,12.2400664571428,0.00109224330090324,0.00856709575596018
SNAPC2,0.816136437542649,2.25828977074886,12.2379936177052,0.00109353783914572,0.0085696142817544
CEP126,1.33537035034794,1.85113061344124,12.2322139679629,0.00109675495426987,0.00858182161290947
LGALS3,1.07101169292173,6.08967189787405,12.2299500867705,0.00109686424034734,0.00858182161290947
AC092164.1,-0.981731009603793,1.25643396673107,12.2320338437501,0.00109740146397638,0.00858182161290947
TRIM6,1.4766435658663,-0.515984338906564,12.2346398666695,0.00109814321420997,0.0085832306587447
DAPK1,1.03857540613769,2.78524029161493,12.2168046173435,0.00110308722099065,0.00860759479304964
HSD11B2,1.46972873855484,0.386266930983334,12.2259416783163,0.00110350754286856,0.00860759479304964
ENSG00000261685,2.06374860238514,0.324601879640852,12.2165443737916,0.00110546007524301,0.00861051904761243
XRCC4,1.29558275622033,1.22225631374873,12.2040429702083,0.00111086772758206,0.00864834771051605
ST8SIA2,2.11888582048166,0.97679292642811,12.2004561106755,0.00111381627625922,0.00866222848330603
DPY19L1,0.683410034390003,2.73224284007323,12.1911527060316,0.00111494893182225,0.00866222848330603
MIOS,-0.624379764025771,4.97374130352693,12.1902776181162,0.00111518780332937,0.00866222848330603
LEP,4.94277792426283,3.14304739437883,12.1897257639759,0.00111593958646621,0.00866222848330603
ACADSB,-0.907411043271524,6.45903250574747,12.1874727953714,0.00111649294442661,0.00866222848330603
SIK1,2.09094796806162,3.87947341090409,12.1835465972287,0.00111843511923903,0.00867053825493063
CYBRD1,1.37271560097315,6.26420033582703,12.1827676925262,0.0011186900265202,0.00867053825493063
TMEM243,1.11937017337897,1.77312019246994,12.1807889242775,0.0011205142769137,0.00867845380964335
RGR,2.92806853339459,-2.28261264508768,11.8109335354863,0.00112098990661922,0.00867845380964335
P3H1,0.838049035301201,3.13848814248076,12.1770458427486,0.0011214668286038,0.00867845380964335
MCMDC2,-0.752320975987337,1.23453243436628,12.1751707415119,0.00112316376828779,0.00867845380964335
DOCK8,1.18273936935791,3.20120248132219,12.1689010519868,0.00112530647140742,0.00868322766408036
TULP3,0.641258465801923,3.10485578258555,12.1661108711222,0.00112659729585918,0.00868428265331635
SLC16A4,0.751011339799728,0.593245557564817,12.1707790783184,0.00112736246769263,0.00868428265331635
LGALS12,4.25671049316594,1.89468533717206,12.1476459429888,0.00112812130138609,0.00868428265331635
NAALADL1,1.22729756142947,0.93211358596432,12.168713633964,0.00112818182819324,0.00868428265331635
TRIM49,8.17497263780637,-0.702688132142037,12.5823795334391,0.00112820976936044,0.00868428265331635
FAM117A,0.980757592804979,2.42565102279756,12.1601390945692,0.00112961875939055,0.00868747223745707
HLA-DRB1,1.59095845673435,5.70371459935677,12.1592766002909,0.00112973117786874,0.00868747223745707
CXCR4,1.34000918347063,2.18545342506109,12.1584602574595,0.00113070203916394,0.00869067997290792
ITGB3,1.32520156621289,0.772731376371046,12.1593335516283,0.00113329867557457,0.00870637430892942
LY6E,1.0957559794451,4.64566440487458,12.1477533333405,0.00113519015873913,0.00871237630386828
ZNF101,0.739562470436833,1.4143214619881,12.1471460977577,0.0011360306413935,0.00871456545291838
GNAI3,0.580878510754816,4.3192417088114,12.1424594743218,0.00113771189260737,0.00872319890301546
C3orf70,0.950523138736866,1.35047838533547,12.1375206567211,0.00114152897898297,0.00874819205328991
LRRC37A3,0.631217364498952,2.53175806338809,12.1267047295345,0.00114479631998086,0.00876431798761016
LINC01909,1.12803329588287,-2.2515555421903,11.8945000937481,0.00114530845444973,0.00876431798761016
RND2,1.59905400949185,-0.448823787952221,12.1292189795639,0.00114620066221869,0.0087668710494748
PLCB1,-0.717120209952572,4.16866804343104,12.1206943855899,0.00114812391286037,0.00877730385403974
TBC1D30,1.16689924083937,-0.672684224897905,12.127159625105,0.00115093104864173,0.00879364272655901
CHIC2,0.693263450145541,1.82356829312657,12.1138898346458,0.00115138170137488,0.00879364272655901
CCRL2,0.913540993512215,0.00563678435998342,12.1171690855895,0.00115609864600731,0.00882090159341136
EBF1,1.48188379586171,3.60148569153516,12.1031696969144,0.00115663685754958,0.00882090159341136
SYT11,0.661885597743616,3.30900858311534,12.0897597970116,0.00116313555319886,0.00886615469036239
RASD1,2.03853154322055,2.47469497745404,12.0850946507611,0.00116614718216176,0.00888273742072571
CAPN11,2.48264536656302,-1.19400817689836,11.9275237876911,0.00116644293240622,0.00888273742072571
PICART1,1.96457353580832,-2.18683359846328,11.770589436647,0.0011731904176092,0.00892113546723663
PARP8,1.15392685649713,2.38362157889587,12.0671319211274,0.00117451980279337,0.0089269192759525
POGLUT1,0.624964672328612,2.41574254304561,12.0559103245967,0.00117927922506478,0.00895875480996699
SLC38A5,1.33517121669654,-0.400926677693466,12.0649971918448,0.00118123676510757,0.00896496703119531
ANO9,2.03120354077222,0.159856567650423,12.05686468998,0.00118123936416132,0.00896496703119531
RAET1G,2.0396190781652,-2.31149162090913,11.7042106765307,0.00118199290034574,0.00896538666400428
NRM,1.10747958436897,1.90189306067124,12.0518678244455,0.00118243710700789,0.00896538666400428
PYGB,0.769997623407607,4.50280233266113,12.0489849283694,0.00118311024122031,0.00896615897438572
RNF212,1.61373697893721,-0.228723035874795,12.0547754722682,0.00118423039858059,0.00897031665334087
SMIM10,1.10146644559999,1.86506423478741,12.0421572097793,0.00118729559457859,0.00898486227430618
IFITM10,1.96795954394314,1.2649787311209,12.0422282921075,0.00118940643999215,0.00898732416523226
FDXR,1.1576380138582,1.90576115600883,12.0369116040137,0.00118989186102492,0.00898732416523226
FGFR1,0.799949931627658,5.58618519275209,12.0331589823673,0.00119097753990268,0.00898732416523226
CNTNAP1,0.637796104812067,2.91402074408385,12.0321227480797,0.00119144537329618,0.00898732416523226
FOXP1,0.653486423162335,3.78604522135156,12.0313096384298,0.00119193409362392,0.00898732416523226
USP15,-0.595763982005746,6.20300053438759,12.0301464870719,0.00119248234722629,0.00898732416523226
GNB5,0.931383109282054,1.71861081852011,12.031344871834,0.00119277452922452,0.00898732416523226
GPSM3,1.54330708647822,2.49634866876049,12.0248855816913,0.0011955863499194,0.00899967396161741
TBC1D2B,0.990648328371049,4.36466325633672,12.0228811991906,0.00119613379317833,0.00899967396161741
PLCH2,2.02609351253644,-0.550848753422193,11.9964874792342,0.00119878227208717,0.00900539988656387
GLT8D2,1.05207999044616,2.12281810959225,12.0178851635659,0.00119915043279426,0.00900539988656387
TMEM26,-1.0262707813129,-0.56633085337654,12.035422766421,0.00120185606518748,0.00901679299384201
RGS11,1.34195938660993,2.14936511835775,12.0084776471485,0.00120401760228361,0.00902869386901162
MPP2,0.642445713863821,1.07383232215965,12.006314702206,0.00120576624183522,0.00903748861776682
NNT-AS1,-0.907202201701885,5.68481594037907,11.9998567881671,0.00120772878028996,0.00903837369336807
SUMF1,0.947300644946344,2.67284185882797,12.0002090262158,0.00120777300001043,0.00903837369336807
WDFY2,0.745138481136048,2.90153496757481,11.9992281373002,0.00120818783107271,0.00903837369336807
SDC1,2.70708350700086,-1.36130603342512,11.7852253850812,0.00120880033396258,0.00903864756624234
ETS2,0.623337136133609,5.7604641704152,11.995478199962,0.00120994961226201,0.00903972233112777
AL513318.2,-0.965149554739875,-1.02904326696816,12.0157128505349,0.00121046080134297,0.00903972233112777
AC004151.1,1.30122565856394,3.49211467302864,11.994218133536,0.00121067195540176,0.00903972233112777
CCDC189,1.67535618936003,-2.08476069709581,11.752706062979,0.0012117176933129,0.00904322833882354
SYTL4,0.99751968007719,2.71238657958648,11.9847340303471,0.0012156307767507,0.00906812026668356
USP46,-0.595669062120054,4.44447104924559,11.9786788499007,0.00121852116509545,0.00908536327134113
MANSC1,1.00827985353363,2.52179993186642,11.9637820587479,0.00122643751977618,0.00912668164156431
AC026801.2,2.27160255173938,-2.50779955566181,11.5724259048724,0.00122653533411947,0.00912668164156431
ASF1B,1.35763160262032,-1.42685226418381,11.9135112199037,0.00122756393314088,0.00912668164156431
LINC01133,3.48179461511455,-0.117744112653319,11.8222603583958,0.00122782868202268,0.00912668164156431
CARMIL1,1.47591818299509,0.778757217876886,11.9672550409635,0.00122828176047791,0.00912668164156431
TLR6,1.56413122809769,0.240739350304445,11.9673279858292,0.00122966854491403,0.00912944551202733
CAMK1,1.19624963470105,0.826460878765411,11.9568626864702,0.00123317683635432,0.00914632463500566
SCD,4.63241084495662,7.52501933480959,11.9492271777214,0.00123369029960542,0.00914632463500566
FBLN7,1.30111983938448,0.964442878940533,11.9526939596692,0.00123495943374948,0.00914790452374466
SCRN1,1.39020134368471,2.9208716463105,11.946548355649,0.00123528001717169,0.00914790452374466
MFSD12,0.613455830612458,2.92726878299477,11.9428775237349,0.00123655130941659,0.00914790452374466
TONSL,0.813683484570986,0.668723835357224,11.9477361103103,0.00123740052907996,0.00914790452374466
UBASH3B,1.47286806394375,1.19652927819054,11.940672865584,0.00124067907103121,0.00915493262036187
HAS1,4.31738821750618,-2.05308347942125,11.8130209064692,0.00124155089314943,0.00915493262036187
MELK,2.03575465532642,-2.13368601860821,11.6474736648057,0.00124201263873122,0.00915493262036187
FKBP1B,1.31522225725873,-0.636031701394848,11.9419584087698,0.00124225732940637,0.00915493262036187
MMP3,7.64943775149263,0.271357199232026,12.0840878860955,0.00124243430910295,0.00915493262036187
OLFM2,2.65684525719084,2.24827616309908,11.9348547752321,0.00124315438445322,0.00915593996433286
BBC3,0.941892651044307,1.50195356076122,11.9275397101662,0.00124621786595328,0.00917256594108954
LAT,1.04934658938604,-1.20360860299334,11.9190914235339,0.00124683924990482,0.00917256594108954
BCAT1,1.50571752944148,2.10596725423362,11.9249061313759,0.00124716506647245,0.00917256594108954
PODN,1.28318868144333,4.79681987235412,11.9026690000815,0.00125805898523782,0.00922336839959685
AMDHD2,0.584597811121658,2.19511583784905,11.8990324240459,0.00125966325162355,0.00922336839959685
MAMDC2,1.02608720138793,3.71688778940624,11.898490075319,0.00126031679352293,0.00922336839959685
TRIM49C,8.15734759344906,-0.718517857639788,12.3009503308927,0.00126074094575672,0.00922336839959685
PLAT,1.0176444521241,4.228267830839,11.897455634973,0.0012608355890289,0.00922336839959685
LGR4,-0.590298018147187,4.37020101304486,11.8967593445406,0.00126119450444456,0.00922336839959685
LIPG,2.22831033931479,-0.129290169449745,11.8845058732669,0.00126176267902344,0.00922336839959685
BST1,1.22392104236252,1.49255008860533,11.8976834687845,0.00126223123876813,0.00922336839959685
SFRP4,1.89348241700285,4.87022748133781,11.8946175367354,0.00126233608712445,0.00922336839959685
CACNB3,0.896160429154441,2.06005287003476,11.8950037099526,0.00126264556678697,0.00922336839959685
LRRC45,0.66392027077354,1.52798408927912,11.8936277483195,0.00126321713648189,0.00922336839959685
GLMP,1.00992828130447,2.27406741424414,11.8932328736342,0.00126347512323245,0.00922336839959685
HLA-F,1.05769022152309,4.44674739583266,11.8875594921035,0.00126608328160103,0.00923722961928379
GINS4,1.13074276869451,-1.23386367417228,11.8761889330457,0.00126655101246886,0.00923722961928379
MKX,3.84724284715878,-0.402614788306485,11.6426834607644,0.00126762832607675,0.00923940671605114
TRAF1,0.704412083360274,2.80193358043607,11.8697236303236,0.00127577117509301,0.00929117134631049
NPTXR,1.34637705484499,1.14196640939729,11.872212522397,0.00127689141359693,0.00929117134631049
AMIGO2,1.3264454922679,1.88187892520295,11.8691400137615,0.00127690707830467,0.00929117134631049
ENSG00000231595,-0.704538321528668,-1.31587794221083,11.8764221506888,0.00127829967393634,0.00929442416265985
VNN1,1.80034607134089,-0.747087360515961,11.8455151372102,0.00127918970641653,0.00929442416265985
FAM102B,1.06219416205913,2.88197256296981,11.8611363113423,0.00128041015564366,0.00929442416265985
SYNE4,0.864730789986057,-1.72711774940509,11.807325118066,0.00128075815825253,0.00929442416265985
GNAI2,0.793839328044535,6.53894128028374,11.8598735355134,0.00128090726115535,0.00929442416265985
TOP2A,1.6316588600764,0.011287101122122,11.8523704667305,0.00129008868067914,0.00934676379770788
STXBP2,1.79528157228359,0.996963947903404,11.8434228882062,0.00129348000180318,0.00936400766988049
LYPD1,3.71370758029238,-2.78422545180313,11.6246365292241,0.0012984797395823,0.00939153894596509
LAT2,1.12967890148234,1.52189849105951,11.8262713048038,0.00130058027476388,0.00940239862386874
COQ6,-0.609766739982525,4.12718568569629,11.8224816260571,0.0013012606815392,0.00940298637051463
SLC27A3,0.923428442382571,3.30278673919017,11.8192261134757,0.00130310541417808,0.0094098810174384
DOCK8-AS1,1.57092526066394,-1.85177918181894,11.6550012403836,0.00130341391092138,0.0094098810174384
KLB,3.92160998192031,1.37281341981499,11.790360140438,0.00130592088742562,0.00941750287965133
STK26,1.21024081999799,0.821311190273388,11.8191876720642,0.00130665239555209,0.00941750287965133
IER3,0.979059766609568,2.21981122156907,11.8132094199026,0.00130679501464479,0.00941750287965133
DNAJC24,-0.650584648546684,3.40590010462035,11.8115492408438,0.0013073063787512,0.00941750287965133
FRMPD4,-1.20831225553192,-0.50645023150569,11.832512837565,0.00130829340741257,0.00941911239877997
PDCD1LG2,1.09565601216607,1.1289664777737,11.8097244829867,0.00131060842930476,0.00942728596969842
SH3BP1,1.60561025435477,1.05983181764817,11.8113746765053,0.00131063000865766,0.00942728596969842
CUL5,-0.779363263642223,6.6095846064939,11.795895877884,0.0013158967109657,0.00945754606411081
HOXA-AS3,-0.806650191861989,-0.733787669043602,11.8188136134945,0.00131604209009353,0.00945754606411081
PCDHB11,0.964516564696479,0.499451193619568,11.8019807891866,0.00131677300646884,0.00945846788857134
SRGAP1,1.22818523633554,1.52018889173405,11.7900268320063,0.00132068200025301,0.00947556490009557
GATA6,1.52913612861262,-0.0612027823565777,11.7970843418879,0.00132096438365142,0.00947556490009557
RARRES2,2.08331473750704,3.69403179292551,11.7800477893423,0.00132487296496524,0.00949926047744606
ADAM15,0.702501882544852,5.81046659649319,11.7768095752694,0.00132652955104889,0.00950679511585041
TKT,1.59664514097541,4.51683900787353,11.7670901221611,0.00133200089155537,0.00951371880437146
ANXA4,0.867539241835716,4.26013233754293,11.7667074208681,0.00133221258714091,0.00951371880437146
TSPAN1,1.67329299428214,-0.482989205000266,11.7659780371751,0.00133304555125664,0.00951371880437146
HVCN1,0.615787609693848,1.68711180851005,11.7624142325003,0.00133473913741708,0.00951371880437146
BNIP3L,0.885306700455295,5.01428880317384,11.7612593724845,0.00133526439333183,0.00951371880437146
HNRNPCL1,7.60977565951975,-1.22391953002298,12.1624052774075,0.00133629187303028,0.00951371880437146
SESN3,1.33286878397634,4.82113819933536,11.758915553929,0.00133658808306079,0.00951371880437146
AC046143.1,1.38170914016317,-1.97044935570783,11.5931259040082,0.00133959792185953,0.00952186251130266
CDON,1.22526108399214,2.2509063308977,11.7541558232495,0.00133979638875497,0.00952186251130266
RAC3,2.76524893657667,-1.2404784290767,11.5509786668039,0.00134093176650309,0.00952186251130266
RCN1,0.615122533172938,5.46373016572767,11.7509381953095,0.00134108706775522,0.00952186251130266
TUSC3,0.841323155181535,3.01658302813096,11.7486016509017,0.00134254303060834,0.00952297230617886
SPATA33,0.705806011008656,0.750736433095793,11.7527058320588,0.00134274212893111,0.00952297230617886
SELPLG,1.75584158402906,2.7159706672924,11.7451494349151,0.00134482142246553,0.0095282570415543
PABPC3,0.966770927855741,0.715861216914799,11.7498240387125,0.00134553970570973,0.0095282570415543
RBP4,4.72391906279802,4.0322540254881,11.7472161897786,0.00134556465549905,0.0095282570415543
HPS1,0.613223386366981,3.9600071375854,11.7369046330187,0.00134908309662525,0.00953870628283436
KIAA0040,0.704393304640333,4.10157565850966,11.7366639312408,0.00134921490588673,0.00953870628283436
CYTL1,3.76946525672021,-0.811723908439769,11.4644778677176,0.00135335162360986,0.00956364418395172
MAP6,1.01439421035734,0.784384235501789,11.7204304440169,0.0013620967560556,0.00960709925528943
SLA,1.71643391114637,1.87181094067978,11.7164517712057,0.00136220341180448,0.00960709925528943
FOXF2,1.00359583140542,-0.262135087175411,11.7196217699671,0.00136729344658461,0.00963180908624122
ZBTB16,-1.24126630070837,4.96363274522121,11.7029607615036,0.00136853337383597,0.00963365361681843
RTL5,0.897578469352824,1.62324970594452,11.7014739877033,0.00137048663416371,0.00964132125647664
TLCD5,0.970931885350548,1.81986708044392,11.6974963944919,0.00137256806423842,0.00965163788898833
PTBP3,0.660365416696361,4.09801083823359,11.6935272611153,0.00137401883859598,0.00965544662478145
CHSY1,0.787960706630381,3.41865540783198,11.6918145893884,0.00137505445450232,0.00965544662478145
PTK2B,0.919301042582293,3.14566667996179,11.6875718110269,0.00137757866483257,0.00966090131570474
ECSCR,1.02983420532406,1.82877376796355,11.6836524057513,0.00138064171219966,0.00967084882828378
IL2RG,1.80973688828265,2.02856882104831,11.6834207071027,0.00138117153214898,0.00967084882828378
GMFG,1.46065671011865,2.6087998907652,11.6773740722691,0.00138381575620264,0.00967084882828378
ZNF860,1.83257549982702,-1.8244115642473,11.4974406375046,0.00138445949551006,0.00967084882828378
CST3,1.06528524103489,7.28115145603638,11.6744931712313,0.00138509367374574,0.00967084882828378
HRK,-1.21927005188546,-1.19858086766334,11.6843067248144,0.0013851588509705,0.00967084882828378
ABCC6,-1.17463198112591,2.54996359030471,11.6663229283974,0.00139015017222707,0.0096843443520358
PNPLA4,-0.816706390423203,4.95021020100245,11.6648897830805,0.00139073181735249,0.0096843443520358
SPECC1,0.585076162576097,3.17153519712159,11.6639298080387,0.00139079402163037,0.0096843443520358
SEPTIN8,0.757857080391581,4.23509608302617,11.6608485639505,0.00139312690579717,0.00969198882379722
MBNL3,1.24751018325469,1.85927163935641,11.6548475141478,0.00139765281852161,0.00970626851852877
TMEM87B,0.691101047436779,2.9357453526755,11.6533906478804,0.00139765319221886,0.00970626851852877
BICDL1,1.89893367066528,-0.58097414000813,11.6352585222369,0.00140054294661668,0.00971879627638892
RB1CC1,-0.617901031137506,6.0366251372383,11.6480052215145,0.00140069558312786,0.00971879627638892
SOAT1,0.762120407194743,2.58031300613121,11.6439150532055,0.00140337250238499,0.00973306735525073
AC147067.1,1.87162277647987,-1.84362685495546,11.4469384118123,0.00140578907555421,0.00974121834031932
FBXO34,-0.596591835586926,4.80043731291782,11.6380350571996,0.00140661902200611,0.00974266793927
RFPL4B,6.69914801020211,-1.17069284442648,11.928715535317,0.00140811730815222,0.00974503019858938
SIK1B,2.07676576823582,4.02424709414656,11.6334421994807,0.00140944781495169,0.0097493536604966
EIF1AX,-0.63861045347335,6.6626869612869,11.63074843573,0.00141095950857619,0.00975121509779981
RNF150,-0.861581591178155,4.77713908506395,11.6224666553016,0.00141591691446995,0.00977686580405008
AC105020.1,1.11037295347659,-0.309733535254299,11.6296410018952,0.00142046055357893,0.00980392629218174
CIDEC,4.87553067617464,4.53741576172788,11.6089145947918,0.00142587356737987,0.00983263868190996
ERF,0.892919896302623,3.38375074366105,11.6027951940533,0.00142782642260382,0.00983326950680289
UST,0.814640147552123,1.36227945355263,11.6022929220802,0.00142903033875477,0.00983326950680289
NME1,0.66651432511475,2.06388064219264,11.5996486546439,0.00142942635634943,0.00983326950680289
DHRS1,0.796587735927077,2.52704999851341,11.5988911579046,0.00143039098917911,0.00983326950680289
GGT5,1.58881403803666,4.32343745182295,11.5983962295571,0.00143045088609166,0.00983326950680289
ARHGEF25,0.816261328802239,3.28368972127759,11.5974528659903,0.00143107550657756,0.00983326950680289
VWA8,-0.943753761581019,6.07027957419677,11.5963355584416,0.00143166571470098,0.00983326950680289
OLFML1,1.0988584976266,3.04930332565762,11.5953335858482,0.00143243354106118,0.00983326950680289
LPXN,0.861519254304206,2.21021379801029,11.5951371385584,0.00143285679274025,0.00983326950680289
HAS2,1.53455325326064,0.818641168195456,11.5986946130581,0.0014344932345928,0.0098368366796256
ZSWIM4,0.798558078265353,1.34251930832028,11.5910958011628,0.00143585535296155,0.0098368366796256
NNMT,1.99430332376354,5.34273928735634,11.5891089435089,0.00143606278995431,0.0098368366796256
OR2A1-AS1,1.58495525141467,-0.417212733032725,11.5931932046906,0.00143674000166185,0.0098368366796256
TGFB3,0.772675377228961,4.3373783273769,11.5869534944238,0.00143738045829751,0.0098368366796256
PHEX,2.22056213228364,-1.54710615857501,11.4212388430303,0.0014377638319886,0.0098368366796256
TAF1B,0.679415138624349,1.24946384135029,11.5818686269779,0.00144146751171953,0.00985358562562635
CDCA3,0.980111006529033,-0.14245584161306,11.5921035667149,0.00144242322310966,0.0098558260717049
PDCD4-AS1,1.47468060832928,-1.7523689245953,11.4555202947807,0.00144856336146319,0.00989347343697333
BOK,1.83914564843144,3.25424555355006,11.5662278033798,0.00145026601726032,0.00990079388468928
LGALS7B,6.09337492165621,-1.22678788459751,11.7279157356995,0.00145111801903009,0.00990230317768574
F2RL2,4.70789870489977,-1.77653313198199,11.4707458931684,0.00145218791980896,0.0099052974365066
IL7,1.64935261865888,-1.58853955313951,11.462523704125,0.00145467678978985,0.0099146902475802
TBC1D4,-0.839769885701404,7.05001072319351,11.5557538095631,0.00145649602345297,0.00991724101390064
PGAM1,0.625204040108921,5.51282644209201,11.5547795776398,0.00145709829742306,0.00991724101390064
TSPAN15,0.860860648869174,3.91762345891084,11.5484232515147,0.00146106664611474,0.00993682046607876
SDCBP2,1.08771107651019,0.507636798312036,11.5565426805716,0.0014612412638235,0.00993682046607876
TMEM50A,0.597071160527447,5.05865367746267,11.5397454425076,0.00146642127067391,0.00995643139452931
PROCR,1.87589620838899,2.82501459891006,11.5401010602311,0.00146666259217278,0.00995643139452931
MKI67,1.80967771381796,0.0407672576316599,11.5391090601596,0.00147093346049587,0.00997748344281379
KLHL42,0.631861677433733,3.14425748121343,11.532101128863,0.00147128006618389,0.00997748344281379
HNRNPCL2,7.35256889147528,-1.45816571324157,11.9186640329199,0.00147177685442835,0.00997748344281379
EVA1B,1.18387062108276,1.68479781589324,11.5313272539979,0.00147294228333861,0.00997748344281379
PMAIP1,1.3871276114964,-0.0186316056372404,11.536635101499,0.00147546316280868,0.00998163549150099
CPT1C,1.45349278548095,-0.0230138516589626,11.5337330573067,0.00147693348640022,0.00998727749635998
SOS2,-0.735457341178954,6.31897343752634,11.5190490144648,0.00147934612467938,0.00999497952081053
KLHL29,0.939442640166632,2.85132696441794,11.5121667086106,0.00148387542552286,0.0100212671271865
MRPL35,-0.63669162522082,5.76641008693252,11.5106309911268,0.00148464001490836,0.0100221182941878
GHR,-0.673678992204158,5.98179614523455,11.5093859761922,0.00148542451556109,0.0100231030832895
DRAM1,0.798600099349492,2.57747222776625,11.5069534059694,0.00148722604378636,0.0100309466081766
DENND2D,1.70380314233978,1.11710370064446,11.505706711809,0.0014912979826572,0.0100540901365141
AC147651.1,1.2021600350989,-0.263457879367313,11.5116679959962,0.00149251483199381,0.0100579735028522
S1PR3,0.633713123384773,2.37939743426067,11.4948609167835,0.00149426408417187,0.0100654398287887
RNF175,2.31672525734461,-1.74929123756284,11.2725088918919,0.00149592335944102,0.0100697638869681
CKMT2-AS1,0.969083108422073,0.571430579590072,11.5000306554806,0.00149618919301749,0.0100697638869681
ZFX,-0.637684432005071,4.9369604262545,11.4891975719241,0.00149821145786886,0.0100783631083055
CTHRC1,1.94012030860678,2.38743579008532,11.4833995170087,0.00150286180385404,0.0100973527446444
Z97200.1,1.69289787927677,0.773682163878584,11.4851973627382,0.00150543946431781,0.0101070853112379
ATP10D,0.859252099265373,2.55492868621486,11.4755615877133,0.00150719413979966,0.0101117270565639
NR2C2AP,0.581375270585524,1.51366741094309,11.4751399357056,0.00150757829323731,0.0101117270565639
PDIA3,0.674054576403583,5.96977361088973,11.4708285580399,0.00150994169285725,0.0101232528275927
ASPM,1.57105155880943,-1.2281494663815,11.4240826385784,0.00151644462140906,0.0101538388792727
PCDHB2,0.835234176874457,0.830349942894395,11.4637090021074,0.00151717565630132,0.0101544016740508
NMRAL1,1.37858812019608,1.69655811524015,11.4604997118725,0.00151807089199575,0.0101547605936846
LYN,1.31445524638275,2.98042023846178,11.4578219633068,0.00151852329489504,0.0101547605936846
SOX12,1.2975761566006,1.15752456328438,11.4577989200696,0.00152112935635307,0.0101652528509005
CD200,1.25553654728816,1.33229002753752,11.4556037360771,0.00152193385899439,0.0101652528509005
PSD4,1.56974012087944,1.95980066058422,11.4533652070545,0.00152240506327141,0.0101652528509005
KLF6,0.893429612120599,5.93650427338913,11.4510508908642,0.00152268298518426,0.0101652528509005
NADSYN1,0.582619496936049,3.83520576125198,11.4497515825796,0.00152356075224047,0.0101667882680333
LINC01485,3.48536123968486,-1.85746403302899,11.1489403946073,0.00152746506083971,0.0101885100424476
SLIT3,1.68027307008291,5.0768151107892,11.4384815929464,0.00153084801322946,0.0102024032134337
ABHD17C,0.73680298218478,-0.124894768174985,11.4498732845509,0.00153214375016729,0.0102038823709584
PIP5KL1,1.88240494599002,-1.9447703986097,11.228407722557,0.00153237022926722,0.0102038823709584
DACT3,1.44566978503944,1.43221712465024,11.4355467674925,0.00153498715305477,0.0102096694402295
PSMB8-AS1,1.01003615461882,1.74733623129595,11.4328429852239,0.0015355790271601,0.0102096694402295
RAD51B,0.754766628631354,0.0880469529565799,11.4406145878954,0.00153654746243259,0.0102096694402295
IPP,-0.775478711438084,3.47165060709917,11.4297768259419,0.00153658063116984,0.0102096694402295
DSP,1.83777460345351,0.415650710266988,11.4365784449456,0.00153714233114127,0.0102096694402295
EFCAB7,1.14333651455241,2.271998667958,11.4280507715071,0.00153817068741287,0.0102121780621595
TSPAN9,0.602917915490795,4.89167464009223,11.4214079013036,0.00154200010585948,0.0102332734297947
MPDZ,-0.586556807716126,5.36410877728569,11.4193479290238,0.00154334444255403,0.0102378660295374
RASGRP4,1.16783369363185,1.49694143408777,11.4189377514598,0.0015453092330153,0.0102465688264365
ARHGEF19,1.15364988423785,0.344857974743086,11.4235902040137,0.00154699000706288,0.0102533818246841
LRP8,1.44469945245837,-0.124489757546642,11.4221454675936,0.00154852239111394,0.0102592059639229
TBC1D16,1.01848853742188,4.19156527793753,11.4084485625116,0.00155054219593247,0.0102682530654684
CRTAC1,2.35984793139792,0.751258080799452,11.4097231966505,0.00155274386446607,0.010274181420002
PMEL,1.18135278406465,-1.96842938829224,11.2759059124493,0.00155401736577493,0.0102747960828154
TCF7L1,0.750551766623078,3.33496369103419,11.4011520016133,0.00155541038641125,0.0102788067430419
GALNT13,5.44296817604122,-1.33404971745164,11.4239192752707,0.00156015258908038,0.0103010566796217
MBOAT2,1.05597630782364,2.33525002324867,11.391580645342,0.00156213977349161,0.0103010566796217
NCAM1,1.48126990003765,4.89701647026307,11.3901645031256,0.00156263379584101,0.0103010566796217
GPRC5B,-0.582884259187234,6.28293769787571,11.3893550636671,0.00156316297809115,0.0103010566796217
AC092296.2,-0.803601810208627,-0.953551813182117,11.4095934765864,0.00156385644608933,0.0103010566796217
EML4,0.656109654777108,3.50502547572386,11.3881422825055,0.00156403323663885,0.0103010566796217
LINC00869,1.03014372856457,1.64591020724494,11.389126608887,0.0015645766557371,0.0103010566796217
DKK3,1.44557900958943,4.51463868969333,11.3870966072968,0.0015646842385612,0.0103010566796217
SMCO4,0.934269481191207,1.01711326317963,11.3878734932059,0.00156701103177696,0.0103120495361591
RILPL2,0.932411889458604,2.57899439466831,11.3795331237537,0.00157001464660137,0.0103271219418912
MGAT2,0.822552104619581,-0.388833347435882,11.3923061114853,0.00157162847214249,0.0103294425754926
SIGMAR1,0.63660192173108,3.08060450529929,11.3755648996473,0.00157248780282785,0.0103307643639109
SEPTIN6,0.607260975933638,2.99680321146949,11.3696210475266,0.00157619904619032,0.0103508134016557
LINC01550,2.02646799529596,-1.50845177507233,11.2389944235755,0.0015780541161536,0.0103563334107119
NBDY,0.842351026460837,2.50288460445621,11.3658819550637,0.00157917253277964,0.0103563334107119
AC110995.1,2.65499576374737,-1.95160445777491,11.08313364784,0.00157920742763669,0.0103563334107119
DUSP15,1.86699766699027,-0.545971374185831,11.354270350535,0.00157967901785565,0.0103563334107119
ITGB4,1.6736616862814,3.69775092742513,11.357470011977,0.0015846360051812,0.0103844935704881
SH3BGRL,1.14590017983505,5.01952593132341,11.3531724736266,0.00158743679528404,0.0103941679190584
ZNF836,0.712644403452701,0.687235718522333,11.3570200842766,0.00158812514200846,0.0103943386588085
PRAMEF7,8.0959344461182,-0.76396442240351,11.719308656082,0.00159039662923468,0.0104048666510372
RNLS,-0.596443241254396,2.41335792356032,11.3462183646642,0.00159178541070777,0.0104096133421077
LINC01915,1.76654543593312,-1.68985871494983,11.2128888600403,0.00159377556876974,0.0104126394719091
HOXA10,-0.697852282808916,5.00515554821608,11.3431308116042,0.00159423846135696,0.0104126394719091
PLPP5,0.63092360198783,2.64072457058587,11.3409482518606,0.00159531081465284,0.0104149475165784
SWAP70,0.716786132425551,4.58400075187938,11.3379859424877,0.00159774308270447,0.0104186623932283
SLA2,1.26705479300739,-0.544509997849234,11.3488485482076,0.00159781588916855,0.0104186623932283
TM4SF18,0.746354150984296,3.6215045361166,11.3325844686268,0.00160146943761591,0.0104345300854016
MAP1A,1.46036096426623,4.99468352033116,11.3323557726108,0.00160157903636396,0.0104345300854016
GLB1L,1.3679292805506,0.468450773724981,11.3366227230168,0.00160457922964378,0.0104497390079913
ANKDD1A,1.33151839044955,1.59924067584588,11.3275400157298,0.00160655218720035,0.0104520052521456
COL4A1,0.878718122194454,7.34481727621947,11.3212647913872,0.00160916057149454,0.0104622100951147
LINC00623,1.34900954569638,0.0895538191237158,11.3182602716728,0.00161873927523555,0.0105070773055508
BPI,2.48722657417251,-2.17792520195048,11.004352309734,0.00162150766635345,0.010520695669044
TM6SF1,-0.699178000903269,4.09057250813757,11.2837102377779,0.00163516729732701,0.0105835253204618
APOL4,1.60027197909575,1.80041769620562,11.2843337454094,0.00163632420509322,0.0105835253204618
STX1B,1.4830778770988,0.261428080213967,11.2910372841196,0.00163671926080936,0.0105835253204618
HIPK3,-0.644751279675731,7.61970866430996,11.279524502293,0.00163740126317133,0.0105835253204618
MPHOSPH9,-0.669042082741479,3.17941575859387,11.2792502228904,0.00163835937967872,0.0105835253204618
DTX4,0.863932510757693,2.43359149110041,11.279451282594,0.00163846590433714,0.0105835253204618
ARL5A,-0.61216314349642,5.56835063473149,11.278743736398,0.00163860889001098,0.0105835253204618
NUDT18,1.18692821087376,0.512841356804386,11.2842066647563,0.00164054538898992,0.0105916741588633
PRXL2B,1.0099576333097,2.03920882753042,11.2724402921681,0.0016437285423443,0.0106078616250386
C3orf80,2.02645655427576,-1.0838454115977,11.2037627781666,0.00164512522612454,0.010611557506105
AC090192.2,4.88866515671247,-0.262198187808099,10.989511567118,0.00164565345459444,0.010611557506105
DEFB1,5.82718678295514,-1.00393320502752,11.2968538658394,0.00164637962286541,0.0106118801564158
HLA-C,1.21574530609806,7.51521576583171,11.2632696069519,0.00164946555778651,0.0106274063749833
SLC66A3,0.892612975095901,3.32232638769143,11.2611511098259,0.00165104857237628,0.0106312726151681
PPP1CB,-0.761578497835546,8.71111285790906,11.2595517993825,0.00165142036545268,0.0106312726151681
TSC22D1,-0.600091210966281,7.3736638089083,11.2540258213616,0.00165516514005933,0.010651011428139
C4orf48,2.63512263576,-2.13529199726829,10.952134675555,0.00165909268262561,0.010671909694184
PRRT2,0.918022736669611,1.50446384727175,11.2463428899323,0.00166292774797281,0.010692196232869
AC009065.5,0.786218664486202,-1.40004071667345,11.2288850272299,0.00166832914797706,0.0107181739066486
FAM180A,2.23581813121645,-1.05337374805346,11.1476715461625,0.00166833379126745,0.0107181739066486
RDX,-0.592646484571789,6.75301998237957,11.2310871377686,0.00167161964138154,0.0107316158820292
DOK3,1.13408505926733,1.9530603376244,11.2330559530789,0.00167179361781213,0.0107316158820292
IL33,1.35539317900495,4.13242472602966,11.2156944983784,0.00168337208122461,0.0108015228188145
EDIL3,2.39547711422681,2.42052525525267,11.2128753104821,0.00168697876855476,0.0108159783030805
CDC42EP5,1.27560961390686,0.948869394136418,11.215921915309,0.00168700317846072,0.0108159783030805
CCL28,1.59785449812282,-1.04391425188567,11.1801117452297,0.00169267252757275,0.0108478951899773
POU2F2,1.40694886424881,0.759590055651647,11.2010221041432,0.0016988137836178,0.0108715819931281
ZDHHC2,-0.660487178368625,4.87190968823217,11.1938230335222,0.00169913925639651,0.0108715819931281
ATP6AP2,0.730235212021436,4.85655806141313,11.1912455590478,0.0017010179808024,0.0108791675667049
CBL,0.613043306300452,3.62742989565392,11.1888025827324,0.00170283814957697,0.0108807999371068
SLC25A1,1.33521486783474,3.24739253166853,11.188590710227,0.0017031007525529,0.0108807999371068
ITPR1,0.835445238588002,3.56795662802983,11.1881189005794,0.00170335300703864,0.0108807999371068
MCM8,-0.63670345096009,3.29699898180002,11.1849408887579,0.00170568488341886,0.0108824082297801
FBXL2,1.12225044211526,0.709590095543099,11.1895753284702,0.00170699080713653,0.0108840944434586
EFNA3,1.15607349401327,-1.70779801334385,11.1170183585783,0.00170733612741606,0.0108840944434586
CAMK2N1,0.73350503142655,2.58607272616912,11.1818267456947,0.00170815629733813,0.0108849017810483
ANKRD26,-0.731181644412829,3.81088702056588,11.1734170508877,0.0017140672602662,0.0109137061459951
ALDH18A1,0.658541968773901,2.74116331500966,11.1689583848944,0.00171752347532431,0.0109162634027696
ITGA10,1.35048238877475,2.03962150619512,11.1667401193917,0.00171990001798864,0.0109162634027696
MEOX2,0.871747093514051,4.19051639349989,11.165417115884,0.0017199323521603,0.0109162634027696
AC105942.1,1.44855493821265,0.267551010971707,11.1736140658198,0.00172085212831201,0.0109162634027696
CFD,1.61132497992971,7.34837806995244,11.1628897716883,0.00172176629526468,0.0109162634027696
HTT,-0.641262919179401,5.98308207473173,11.1620738998534,0.00172236773579627,0.0109162634027696
AL356417.2,2.13427531691491,-2.68321752411832,10.7780122218763,0.00172252480181601,0.0109162634027696
AURKB,1.88627182091131,-1.99827452970639,10.9550035355165,0.00172257134005247,0.0109162634027696
USP25,-0.706981809315895,6.51653964746545,11.1613100918266,0.00172293055004539,0.0109162634027696
TNFRSF11A,1.52853339988325,-0.00570955713487869,11.1705796102566,0.00172311426692219,0.0109162634027696
APMAP,0.825554051233843,4.46846505442999,11.1605371195968,0.00172351071755738,0.0109162634027696
CALML4,1.01856424280815,-0.218604261541809,11.1710292547965,0.00172535420700171,0.0109197292384786
NAA30,-0.639322390302378,5.43140543828299,11.157896983995,0.0017254494113684,0.0109197292384786
APOBEC3F,1.16443854682101,-0.0108368771658921,11.168144592799,0.0017266919722173,0.0109231884336761
HIBADH,-0.669758572356086,6.48101720564398,11.1526217079089,0.00172934856931495,0.0109355865412563
SPAG1,0.804937796818666,-0.254201038725277,11.1632181475628,0.00173182549623497,0.0109468389703616
MFHAS1,0.757913163393652,2.53825564815137,11.1447632271212,0.00173547829673004,0.0109549165977725
SLC4A8,1.33727524496756,-0.920565935482339,11.1437180052911,0.00173573280708351,0.0109549165977725
DNALI1,0.814091405358321,1.40094666124714,11.1458639581064,0.00173582433343061,0.0109549165977725
CABP4,1.15779732568207,0.15180047001921,11.1519338324348,0.00173787963070506,0.0109630308697411
ACVR2B,-0.600211891828067,3.55282553360957,11.1383355215131,0.0017400147557116,0.0109720898316165
GPC3,2.22994731371373,3.16441887758886,11.1351238223513,0.00174283324148863,0.0109854488856081
WAKMAR2,1.22169880741718,0.291585763637388,11.1413770176873,0.00174485216933055,0.0109937594530883
TRIM36,1.79001542987842,-0.940099139202395,11.1007797528362,0.00174753494219255,0.0109988758404635
CGNL1,1.58147144284001,1.48584631519159,11.1307407074331,0.00174813597510464,0.0109988758404635
CRYBG1,1.40695358238994,2.77667589400689,11.1274158294618,0.00174846736043048,0.0109988758404635
TCN2,1.28225372395673,3.0768642903548,11.1230735067092,0.00175156868667545,0.0110064419661271
WDR76,0.802207291958421,0.112990695510803,11.131724601697,0.00175247521333875,0.0110064419661271
ECT2,0.679444148247974,1.49189924961553,11.1190963792787,0.00175489030224036,0.0110130998346694
KY,-1.32499859504527,2.7557314210178,11.1165103040532,0.00175654696582877,0.0110187868220154
TNFRSF25,0.765503958718351,2.84852038211818,11.1085239953953,0.00176251570375349,0.01103719168762
DNMT3A,-0.629071230288646,5.26187690906825,11.1078185709511,0.00176284814424505,0.01103719168762
B2M,0.983430705811281,9.64641318221152,11.1067003482964,0.00176299710486546,0.01103719168762
GLYCTK,0.623623133452493,0.95404642859819,11.109029922164,0.00176406702022894,0.0110394863965284
FUOM,1.28851684115492,0.192594285624448,11.1137154110872,0.00176614817260024,0.0110481050494064
FANCD2,1.08029411467355,0.163784275305537,11.1123784836211,0.00176745186015644,0.0110518553566356
LGALS7,5.62430891699346,-1.6487052183472,11.2433201965159,0.00177162246720626,0.0110641509495655
CAVIN1,0.772020969755613,8.03169231202091,11.0932874025817,0.0017731610336887,0.0110641509495655
AIM2,2.00350787214999,-1.75852981849682,10.9253137080014,0.00177344647153283,0.0110641509495655
ARMH1,1.73294706447575,-1.13744200489717,11.0525748487315,0.00177364789991123,0.0110641509495655
SDSL,1.03115774075597,0.884646532960214,11.097578380384,0.00177448494644745,0.0110649746660678
ATP8B3,1.50382089510537,-1.13441158282028,11.0663592782915,0.00177771553832676,0.0110786981632235
IQCN,1.05276273760239,1.84008801438874,11.0877985562828,0.00177909314260363,0.0110786981632235
ACER3,0.727147807959035,2.90897330790332,11.0861017664337,0.00177950927489559,0.0110786981632235
ZNF488,1.32028563609379,-2.05555987906375,10.9263869384074,0.00178051747259212,0.0110792171646118
ZCWPW2,-0.854893468584784,1.68196270575678,11.0850395982931,0.00178117408788505,0.0110792171646118
OSCAR,1.62254854973364,-0.00935475295247922,11.0901725247065,0.0017825614150228,0.0110792171646118
STAMBPL1,1.02694198769057,1.0575853264447,11.085531047575,0.00178284215758284,0.0110792171646118
AMPD2,1.00665309967262,2.96310658147752,11.0813963100072,0.00178312217634975,0.0110792171646118
GSDMD,0.850019396852725,3.83808619773775,11.0773210229151,0.0017860919968286,0.0110888899882218
ISG15,1.10215603335466,2.7792269732335,11.0748130767321,0.00178823707031448,0.0110961011108377
EID3,1.13487296929177,-1.05349910910719,11.0742701560121,0.00178914851470575,0.0110961011108377
PITX3,-1.16764771147968,2.1182824244629,11.0659931790297,0.00179536009821084,0.0111236626717992
LINC02709,1.39712367192926,-2.15798885578076,10.8749290325786,0.00179594528259568,0.0111236626717992
VAMP8,0.850542982897741,2.75423640621862,11.0554466073377,0.00180312223723002,0.0111637094727121
NUF2,1.60220190115328,-1.79182022793986,10.929504578616,0.00180753920951574,0.0111795332542029
SOWAHD,2.11308818183865,-1.88571280997237,10.8350454920856,0.00181208716691522,0.0112003094788722
TRIM62,0.59873514849877,1.29013313127708,11.0414591519626,0.00181472056857319,0.0112045788055689
PPP1R1B,4.79859207542146,1.58716686605507,10.9593184310552,0.00182355861462439,0.0112458752284989
HK3,1.72426562769701,1.32886567956084,11.0296558165658,0.00182629064131969,0.0112582999275383
GYG2,4.19660569171668,2.41156723173766,11.0252042550668,0.00182723811330748,0.0112597181736792
PLSCR4,1.22522863893745,3.81455977123256,11.0224369899572,0.00182866559245125,0.0112640920225755
TRAM2,0.900005103914954,3.96575093228145,11.0192310128179,0.00183115904506233,0.0112750259757761
SLC2A11,-0.732144461174637,3.80265455033878,11.0162026545511,0.00183353887585644,0.0112852520221831
CALD1,0.899747267280546,7.04397284106288,11.012854828143,0.00183613658214389,0.0112967553227903
VAPB,-0.604884605530346,6.43356552850841,11.0110413906755,0.00183756714489224,0.0112967553227903
KBTBD11,-0.72073898745663,1.72956080737173,11.0067940067186,0.00184185856716445,0.0113125892275493
SORBS2,1.03840760353077,4.14372602391007,11.0040507487465,0.00184312332967275,0.0113125892275493
LEUTX,6.60649625674367,-1.25901054257443,11.2692022305676,0.00184353585039865,0.0113125892275493
MAN2B1,0.855192365165742,3.99722745919407,11.0032715022848,0.00184374662275064,0.0113125892275493
TRIQK,1.03034795454344,2.07277790732608,10.9960585227488,0.00185017067359501,0.0113298590409964
PRR32,3.19762235903833,-0.971760662031141,10.8000941948326,0.0018513273461073,0.0113325205527122
MAN1C1,0.658879804113195,3.12478525534732,10.9911573725652,0.00185345947906621,0.011337923399805
DTWD2,-0.849871254118921,3.93818703014171,10.990792955407,0.00185365475908885,0.011337923399805
AOC3,1.53566629734957,6.09712091807409,10.984292053143,0.00185880506974826,0.0113649963263338
TBC1D2,0.64953266873118,1.8276249621759,10.9825721067004,0.00186016133128325,0.0113688598498795
TWSG1,0.69409489048916,3.57699713767424,10.9796488792573,0.00186257902469761,0.0113792050574656
LDLRAD3,1.08000342722154,1.78484241235566,10.9723769555719,0.00186956287219566,0.0114174277350626
B9D2,1.17206488877647,-0.408480027539992,10.978520197712,0.0018736107567443,0.0114288071617185
CADM3,2.5171664186249,2.16029287230615,10.9610906982256,0.00188001038913638,0.0114598926110904
CBARP,1.25922436775071,-1.44892473157281,10.9201523213689,0.0018801671534602,0.0114598926110904
ABCA7,0.844399268847265,3.58442352261449,10.9517314646957,0.00188507854297797,0.0114853679084003
LACTB2,-0.660961820558327,3.60185646514277,10.9471473531098,0.0018887802552198,0.0115034559975455
AHR,1.34752643566228,3.93533395214478,10.9425613147881,0.00189252019455011,0.0115172952514401
VDR,1.24446806053686,0.495288911120694,10.9471765728118,0.00189521156352811,0.0115292036781293
DHTKD1,-0.749688788610155,5.07892955491606,10.9375464753392,0.00189654594350028,0.0115328510589837
KIF13A,-0.637315469573865,7.05125673408705,10.9340759338366,0.0018993765306905,0.011545590491552
NEDD1,-0.936612046655911,5.40941188673223,10.932344341472,0.00190079304830233,0.0115497277944658
GALNT17,1.72408903602506,1.78953819957015,10.9289593263375,0.00190558073953293,0.0115653865842882
MT2A,0.829714359930229,4.94375109254677,10.9180641486799,0.00191251629544956,0.0115985097593048
SNCG,1.81843938366551,3.56085502070405,10.9138904854023,0.00191612355434724,0.0116158977155195
CREB5,1.09048294025454,4.4855799982087,10.91219946478,0.00191735896164931,0.0116188991903807
MTMR11,0.789550307504483,2.31457640660176,10.9079053386707,0.00192134371172831,0.0116295756095549
CD109,1.31435330142355,3.58931407955177,10.8986527994473,0.00192865883575676,0.0116693525162692
CHST2,0.947240252304133,1.79172357908229,10.8984076506275,0.00192988882727356,0.0116722948532017
CAV1,0.948791275237294,7.76727005535402,10.8953525898014,0.00193130132618684,0.0116763383337837
SLC25A5,0.750878102518374,4.76393155029513,10.893815337381,0.00193259007013092,0.0116776351050814
TMEM241,0.623793647845726,0.706431363582753,10.8960049825296,0.00193429427330444,0.0116776351050814
AC012368.1,1.39658619950839,0.539583093973561,10.8992444018502,0.00193448573257115,0.0116776351050814
UCHL5,-0.603387081576327,5.05583298814884,10.8757159640779,0.00194770996929771,0.0117438755159922
HLA-DMA,1.15004619976243,4.41091917411434,10.8726297150933,0.00195031897205151,0.0117523530635063
SNX33,0.85440940934963,3.94949294759933,10.8697674611384,0.00195274807895664,0.0117523530635063
PLEKHH1,-0.67800674709092,1.70021323783861,10.8683857012441,0.00195450905057671,0.0117523530635063
TSPAN2,0.71825468310152,2.74589522256916,10.8678940331748,0.00195452398768076,0.0117523530635063
VWCE,0.943856797033109,0.40464469134356,10.874702006152,0.001955108794995,0.0117523530635063
TM4SF1,0.658588205695887,6.26099342198213,10.8624178629887,0.00195890017053922,0.0117661454943028
LINC01679,1.19708103540242,-1.34104719700166,10.8407162932444,0.00195967719897196,0.0117663097313944
PTGDR2,-1.19774194685613,2.21089450113994,10.8597836695891,0.00196170500632714,0.0117739809079558
BBS12,1.1040676478785,-0.101584867180307,10.86895099499,0.00196365868070667,0.011778334544373
KPNA2,0.696092571579541,3.40502886332295,10.8565622452456,0.00196393128401556,0.011778334544373
KIF20A,1.78777239428856,-1.69217767410521,10.7338011814549,0.00196739281693689,0.0117870280363867
METTL7B,1.61200724020618,1.91570109216423,10.853973156566,0.00196763386144206,0.0117870280363867
ZNF83,0.861236010500868,4.13829214861232,10.8479648642948,0.00197117422896098,0.0118016460085048
AC016705.2,-1.0804887558,0.250091219996787,10.8574378270304,0.00197185819801817,0.0118016460085048
TNKS2,-0.684930275478353,6.65730656313179,10.8424270178302,0.00197585485616563,0.0118123681093205
MINDY4,1.33624279460949,-0.369442089183142,10.8508649647004,0.00197739173240516,0.0118123681093205
HECTD1,-0.710591770845609,7.87382993583214,10.8400454682476,0.00197788489272343,0.0118123681093205
OXCT2,1.68848821803204,-1.35358781580277,10.7766435829859,0.0019803692593784,0.011817450548785
BIRC5,1.98918055797428,-1.15630679736071,10.7736461786728,0.0019808165490842,0.011817450548785
AC245140.2,0.978916045758275,-1.49930076374461,10.8134005863612,0.00198099473678582,0.011817450548785
SNHG32,0.654348046658774,4.6495194223974,10.8338653173278,0.00198317374474027,0.0118259543783049
EXOC6,-0.666135808299122,5.48088364260692,10.8317291518991,0.00198499233460055,0.0118323033389881
RAP2C-AS1,-0.634719973990238,1.51067428328874,10.8238703065652,0.00199215017990152,0.0118659571436639
PCDH7,1.59812907637287,0.630853342408209,10.8239131835374,0.00199791266056914,0.0118957660120003
GZMK,2.55937954067473,-0.163186974625683,10.7861725493317,0.0020004151140642,0.0119016357904616
ARC,4.66076911790551,0.992512089219724,10.690206719902,0.00200246007321423,0.0119073296105236
C14orf39,-0.806986409847804,1.10053237796081,10.8137444489847,0.00200305192214432,0.0119073296105236
LINC00595,1.82815859899244,-2.51505000463626,10.4914582714585,0.0020036481364379,0.0119073296105236
TNF,1.73493904971741,-1.05402983379527,10.7775036523041,0.00200446541338992,0.0119076777680374
CES1,2.15587626083139,3.34216255088789,10.8079645201954,0.00200581953240742,0.0119112136061803
AP002807.1,1.27786743434646,-1.72423659530197,10.7226642177962,0.00201166838775038,0.0119414278917331
IKZF3,2.00487181326632,1.41066546574646,10.8042832730874,0.00201246227575961,0.0119416239765774
CHD3,0.85658840427987,4.82253112881579,10.7975280400706,0.00201451248066953,0.0119492718760802
C8orf48,1.73019116209498,-1.55731961300993,10.6963753956067,0.00202353012896363,0.0119856641601336
LRMP,1.55622115689691,1.50022227104536,10.7887553871761,0.00202477285967369,0.0119856641601336
GRK3,1.46642537734143,3.08763807338541,10.7845033174063,0.00202611826687771,0.0119856641601336
PRPH,2.21402230518306,-0.861108775720331,10.7283561065751,0.00202674514262775,0.0119856641601336
CNTNAP4,1.78639456100609,-1.7170823604999,10.6600762947805,0.00202675709977666,0.0119856641601336
VILL,0.977003348325615,1.41503859603962,10.7800489273325,0.00203178657737657,0.0120063593117188
ANKDD1B,1.63697921736797,-2.67549445349107,10.4200991585748,0.0020349061572145,0.0120121132088014
HHEX,1.01194802508724,2.34522604795961,10.7743528619834,0.00203528695392847,0.0120121132088014
IFITM2,1.27688887215825,5.5788947078067,10.7731559767351,0.00203582167157769,0.0120121132088014
IL12A,1.48935333342165,-1.89649620947521,10.6437072179389,0.00203771859740482,0.0120163476386111
SEC31B,-0.705210285119479,4.72172067990855,10.7705998140791,0.00203807055839329,0.0120163476386111
LINC00857,1.93254066323863,-1.87648034711182,10.5833219549884,0.00204337731763088,0.0120396568591354
LINC01176,1.2874885567749,-0.718200300799918,10.7700542195193,0.00204491162771904,0.012043109942608
CSRNP3,1.58736781519738,0.474187904241723,10.7639828533281,0.00205074539749174,0.0120601737964562
NES,0.981639260508322,7.68325862839451,10.7560873683626,0.00205088269275194,0.0120601737964562
AC010680.2,1.27094265063101,-2.09078868521915,10.5945912055466,0.00205299289218601,0.0120680612145541
P2RX1,3.2351616055784,1.46177827007401,10.7497344368791,0.00205716101671077,0.0120826122324729
ABHD15,0.946905724386155,2.12205581708571,10.7493693574097,0.00205754923191614,0.0120826122324729
ZBTB44,-0.730371997192532,6.37151466096802,10.7475783218492,0.00205843839539715,0.0120826122324729
GABRE,1.71865329096054,3.58896297841373,10.7458496378874,0.00206013701993459,0.0120826122324729
CENPA,2.54814998296284,-2.91914125258574,10.3537899627116,0.00206025459978349,0.0120826122324729
CFHR1,1.48939442336176,2.51655257134523,10.7423662074451,0.00206369676839708,0.0120947426362928
PLEKHH2,1.35183555538222,3.28595532610586,10.7361651245365,0.00206878392396731,0.0121155088383085
H2BC12,1.19503030065346,0.337331361375845,10.7399060755484,0.00207314490907179,0.0121365197120036
SDK1,1.10675781344079,1.94486338465122,10.7283296890763,0.00207668867941043,0.0121527325963261
RAB8A,0.699602983227078,2.02648870527895,10.7240106725862,0.00207983274785317,0.0121665952208555
PPARA,-0.883167557189456,6.24654258179109,10.7180206806416,0.00208491311824091,0.0121889615144057
DYNC2H1,1.00863449219877,1.96394661192015,10.7144872675002,0.00208904320039408,0.0121932067795408
KIFC2,0.763182731049963,1.8988298933225,10.712389871937,0.00209088076011125,0.0121993953642922
ENPP4,-0.628712711616994,5.21877472393291,10.7104007245408,0.00209179942145164,0.0122002199627215
WDR54,1.38352091725808,0.802696711191481,10.7119618809887,0.00209573632292024,0.0122186410060301
SLC41A1,-0.964585810700638,7.04445562620089,10.7040578138021,0.00209754428706749,0.0122246407669975
FADS1,1.33959155676418,2.96496961285328,10.7006456154403,0.00210092557520556,0.012235260446327
FAM72B,1.42353352058713,-0.993481278353782,10.6885544534192,0.00210576263441861,0.0122490146400696
EDEM2,0.818120616724982,2.10342814767405,10.6951885261628,0.0021062861583001,0.0122490146400696
PPM1E,1.88519480926704,-1.60718370530379,10.5801145924313,0.0021071798083356,0.0122490146400696
PDIA5,1.31959314506722,2.55922152636029,10.6930476086481,0.0021080761038021,0.0122490146400696
FASTKD1,-0.773805924414182,4.17937621267935,10.6883841792539,0.00211184811000289,0.012256144886015
TCF7L2,0.624233232765676,3.07101338926626,10.6881701129681,0.00211216461205795,0.012256144886015
DBH-AS1,1.38857259302933,-0.559046377867186,10.6950422216049,0.00211232060635047,0.012256144886015
NBPF15,0.624965475174302,5.49316532585544,10.6834112116655,0.00211637126475276,0.0122751097562064
SHISAL1,2.28566358324223,-1.48372964202516,10.5350352704329,0.0021178832718042,0.0122758540544791
HOXA10-AS,-0.695881429406533,-0.523333280183533,10.699391036704,0.00211806389165526,0.0122758540544791
C3orf52,3.47726011534196,0.280404668886333,10.6067786434829,0.00212497041922718,0.01231133655584
LINC02202,1.44403306664549,0.775110388217728,10.6756654869655,0.00212910945237727,0.0123262164718042
KIF4A,1.642461030856,-1.81964153541875,10.5411365414781,0.00213175743791143,0.0123317928906243
WAS,1.56954799462457,1.51653490287021,10.6688983574755,0.00213242981237045,0.0123317928906243
MX2,1.01879274812227,2.81236895703291,10.657299304897,0.00214071920681303,0.0123664434269933
CASP1,1.17497052207577,2.60253977851743,10.6573780833107,0.00214078539605867,0.0123664434269933
MYO15A,1.07968881259292,-0.520245388272517,10.6648257058745,0.00214549880753777,0.0123891110317533
AL158151.1,1.68907246554863,-1.38780540524491,10.5894539578576,0.00214921968592248,0.0124060327217923
ZNF521,1.13646781681934,2.70439881109955,10.642081155266,0.00215494662886018,0.0124345174043973
DZIP1,0.807326865868899,2.29078718040076,10.637570771466,0.00215932010369427,0.0124506926681946
CERCAM,1.12245597170514,3.65925686944184,10.6370918719751,0.00215933644108479,0.0124506926681946
EPSTI1,1.05719922637764,1.8403539530358,10.6352135776181,0.00216221866721031,0.0124627330083973
NRROS,1.03211110205446,1.75385936006562,10.6249333050033,0.00217202166786214,0.0125006621434596
AK8,1.89756589268845,-2.68933213351283,10.2636278647061,0.00217770437018266,0.0125217238677818
CBLN3,1.33412380617862,0.705886169225515,10.6225494131488,0.00217887755646741,0.0125217238677818
DUSP2,1.85987649140637,0.407043679666407,10.6218802948651,0.00217978087060629,0.0125217238677818
AC012313.2,1.1891767121549,-2.38784166014741,10.3873961496287,0.00217994303605381,0.0125217238677818
CCN3,1.40775264493417,3.88274805392608,10.6071514828399,0.00218754705068968,0.0125579923045262
DNAJC28,-0.718596332605991,1.47278182906365,10.604018477909,0.00219199125761922,0.0125789041273615
FAS,1.00683152566148,2.41226817347191,10.6015529079808,0.0021932787444234,0.0125816922126189
SLC49A4,-0.713026373504664,4.52952185582498,10.5974081040475,0.00219674889743655,0.0125969944995494
GLI2,0.772731720291784,1.04675494419318,10.596356553742,0.0021999793007593,0.0126109112948931
TLR1,1.38529627724569,0.927038322927462,10.5909064636817,0.00220781900379129,0.0126428262737172
SDC3,0.753511962627475,4.39408444783113,10.5856698670353,0.00220796347985083,0.0126428262737172
KCNAB2,0.952316904087647,2.97070909997758,10.5819228249026,0.00221176009393086,0.0126599470000893
RRAS,0.969617481604622,4.37831701700124,10.5800472579869,0.00221336270453551,0.012664501512098
TPT1-AS1,0.614865035733347,2.81471774530859,10.5762633603048,0.00221720553661934,0.0126818662161956
PHLDA2,1.94188228198379,-1.11962033027257,10.516392759747,0.00222211782765054,0.0126892983348168
PLEKHA2,0.817593233894727,3.50673640177971,10.5706578171629,0.00222246563143582,0.0126892983348168
FANCA,1.44222954155203,-0.851324914706511,10.5690121916366,0.00222254737957383,0.0126892983348168
APP,0.580136427787693,7.26965571373225,10.5670777879695,0.00222483714000045,0.0126968570913073
SP140,1.19548850000655,0.319545422283241,10.5760402746834,0.00222548925506125,0.0126968570913073
PCDH10,2.79409773993553,-1.94152391336998,10.3112588134665,0.00222817676903289,0.012701800765722
JUND,0.74345430296977,5.47561376271138,10.5640323564855,0.00222878364503335,0.012701800765722
ADGRG2,2.75244993086484,0.0705933134553434,10.5334453341281,0.00223422644255607,0.0127281974649429
MIF,0.727734969544391,1.97504419044719,10.5583233618123,0.00223513432397306,0.0127287493522341
RPL22L1,0.842084747805098,1.89703704343117,10.5526986071859,0.00224074721456814,0.0127560854307751
MTIF2,-0.580646730217494,5.22915770180814,10.5506214035142,0.00224180091680251,0.0127574371814499
ELOVL5,1.36293955734047,4.75747213571825,10.5498037892778,0.0022426103334578,0.0127574371814499
SPARC,1.22488780377778,9.05899259159124,10.5484690934473,0.00224389619897771,0.0127601271170127
LY75,1.13523685552757,0.554740731723242,10.5533936346302,0.00224582098007234,0.0127664470417368
KNL1,1.69112882357635,-1.66196601129702,10.4439919123803,0.00224924183215917,0.0127799475812278
ADRA1B,1.69056601449932,-1.51950268223851,10.4596432804964,0.0022498244770266,0.0127799475812278
FAM83D,1.81203074285801,-2.15433489208962,10.3206619856365,0.00225387154426038,0.0127969262726605
ZNF396,1.12447650793394,-0.526019049842171,10.5464074884902,0.00225768244928691,0.0128057617608757
NBPF11,0.592441423687883,4.96561673637583,10.5335962086019,0.00225844845836916,0.0128057617608757
ADCY9,-0.682108651338584,6.06047910350049,10.5323364426653,0.00225967751231155,0.0128081034870819
CDC42BPG,1.39100646909077,-1.19617366603229,10.5134871016811,0.00226201490827837,0.0128167234604437
LBH,0.872193134481818,5.03454053872058,10.5243844041347,0.00226750683501991,0.0128339414986071
SLC30A3,3.6830157844682,-0.881891386557537,10.3084826203793,0.00227056100542367,0.0128465951622655
DZIP1L,1.14450976936625,0.65823110002554,10.5066414607492,0.00229114755922702,0.0129444063866336
LINC01140,1.42756623400363,0.691507794915065,10.5051377025311,0.00229290837727208,0.0129450348853544
FASN,2.50616402945707,5.54108897833212,10.4977907251487,0.00229388518871714,0.0129458928575748
PML,0.771173804645293,4.48943277224332,10.4964371364671,0.00229522845981798,0.0129488176408495
CHSY3,1.38813401685462,1.05442994296479,10.49497844348,0.00230102528607004,0.012963337421836
F10,1.15080821639705,2.49912048973272,10.4909560570192,0.00230120399219616,0.012963337421836
LINC01123,0.762878165154344,0.109448766486158,10.498818703058,0.00230193191428207,0.012963337421836
TNKS1BP1,0.647113107152369,5.60781017449402,10.4854793910269,0.00230618209330062,0.0129779591087677
SMC2-AS1,-1.0034134406643,-2.2708729911445,10.3229847337457,0.00231081584319381,0.0129854116215277
STK19,0.58198127177501,2.60475472074889,10.4759148296758,0.0023152786856023,0.0129965303900315
RPL39L,1.40126189257381,-0.619415409965548,10.4796488325136,0.00231758066841302,0.0130029873774703
PFKFB1,-1.14105263108773,4.7799788514174,10.4736586117848,0.00231808593068888,0.0130029873774703
EPS15L1,-0.605954522004385,5.18967585041415,10.4682493412603,0.00232353858371913,0.0130031212719843
MMP11,1.31767512653376,0.158985827086236,10.4771063484288,0.00232394738841844,0.0130031212719843
CD37,1.50347548424547,2.36984859577845,10.468492601729,0.00232413529630854,0.0130031212719843
PSRC1,1.03073723808607,-0.351725915238188,10.4798345321061,0.00232444217530986,0.0130031212719843
MYLK,1.32068614765368,5.46207733099805,10.4654305781996,0.00232639468185613,0.0130031212719843
FAM184A,0.874024482167308,0.390761710429796,10.4654885812067,0.0023332442072171,0.013022854847892
AL021707.6,0.980359720418743,-1.39212686371158,10.4334771650171,0.00234573291686605,0.0130820141338816
BCAS1,2.54784171909105,0.193646090206047,10.43651385593,0.00234687620054744,0.0130820141338816
GPR88,2.46419339861153,-2.11468100045364,10.19692900181,0.00234709941467906,0.0130820141338816
COL28A1,-1.12923980142503,1.66247832557562,10.4372870165572,0.00235651985863683,0.0131201061302962
TEAD1,-0.70576919233413,7.49816232683189,10.4330259388026,0.00235944232695623,0.0131291586211973
ALDH16A1,0.704621073030238,3.35983727348765,10.4312501929961,0.00236136294780077,0.0131324861354428
TRPC6,1.37504798563969,1.17832473386509,10.4318754752769,0.00236445768934057,0.0131344668244644
FAM153A,1.46723559673067,-0.0704408453352394,10.4367135696884,0.00236480525794277,0.0131344668244644
CPNE2,0.692681810857598,3.8500449851216,10.4260886388903,0.00236663323435622,0.0131391257917301
KIF15,1.09374676861081,-1.74658286261125,10.3663092814778,0.00236828623844314,0.0131436536465223
ANGPTL2,0.772126769674352,6.29926621101683,10.4173477231495,0.00237561345055094,0.0131750010976668
ZFHX4-AS1,-0.746502805558828,0.649867418183022,10.4146155815192,0.00238306891517099,0.0131964027136762
CPEB3,-0.88254679822672,4.81636605374831,10.4097651172431,0.00238348076414021,0.0131964027136762
PCSK5,0.957474286160664,2.58842682857333,10.4091501597355,0.00238451724090384,0.0131964027136762
CKS1B,0.87991286764944,2.34498480030066,10.4058900003479,0.00238802223149206,0.0132064865832515
FBXO2,1.5848990938793,-0.466238594878535,10.4069222342781,0.00239049276490935,0.0132121868815728
GPD1L,-1.05776006565396,8.00139745976755,10.4014891078325,0.00239208928432992,0.0132121868815728
STIMATE,-0.823007527887234,1.98406672187936,10.3967547879038,0.00239781411052106,0.0132373170821766
FCRLA,1.76170048747266,-1.66568336323319,10.2803350285485,0.00240351031152547,0.0132501650962515
ZFHX2,0.721005852104568,0.103815260527064,10.3968862550554,0.00240641854381629,0.0132614954512629
CCDC71L,0.924908157146514,2.26943445859859,10.385180673064,0.00240978026691592,0.0132753602278853
PITPNM3,0.967559765976917,1.11597186528977,10.3815624619283,0.00241637342372776,0.0132976791323307
SCAT8,1.75405945360908,-2.11234038589336,10.1824206365885,0.00241914546001801,0.0133082677865344
FBXL16,1.3934053610134,-2.11381234484397,10.2077350440981,0.00242182270711202,0.013317092195145
COX6A1,1.04630308610352,3.72000772341948,10.3687249209038,0.00242659533424909,0.0133352289114284
SLC25A6,0.716021063146433,6.38080838414453,10.3669604529898,0.00242838205196002,0.0133403767257657
NHSL2,0.96209240257589,3.47158581317192,10.3655323560968,0.00242999330744181,0.0133411941099039
KMO,2.15171645310572,-2.41417958488596,10.0815114441194,0.00243023089902615,0.0133411941099039
ROM1,0.810105025909356,0.355782109266897,10.3699745219644,0.00243237528655964,0.0133482972456481
IRF9,0.736960428500246,1.26604902993247,10.353968349897,0.0024437530416335,0.0133946074230239
MYO1G,1.63163315358609,1.86193064802092,10.3539461411987,0.00244422782156996,0.0133946074230239
KLF5,1.40092159338133,3.56536924187337,10.3498594581589,0.00244670283983968,0.0134011553497302
CARD6,0.825427091995465,2.25231888890411,10.3498529469498,0.0024471876003761,0.0134011553497302
AC099489.1,1.1619951891021,1.2324665127381,10.3508256665292,0.00244879694785728,0.0134011553497302
AC002316.1,0.72631119816693,2.09701928460298,10.3343036787195,0.00246396941930699,0.0134651810710387
TNFRSF10D,0.929154973687757,1.87419268852299,10.3252078044487,0.00247418575071594,0.0135163053802599
HK2,-1.13285599222467,6.26986227194816,10.3229162021242,0.00247552326901741,0.0135178305922207
ERMN,1.63684985579553,-1.49164783802561,10.2572785356784,0.00247618750892862,0.0135178305922207
RFPL4A,6.04444308842633,-1.7416889274623,10.5452562024325,0.00247914447964912,0.0135292672489892
STMN2,6.55379833370583,-0.726602523090032,10.4465668508815,0.0024808279122706,0.0135337483778544
PCDHB7,1.10692364993589,0.341057941988822,10.315649896333,0.00249216146742998,0.0135814146636505
GABBR1,0.692743964860248,4.31845467013312,10.305517997271,0.00249443326327363,0.0135890767327593
ADAM33,0.995540216972724,4.29419408452876,10.3039957022951,0.0024961015534462,0.0135892432445937
ZC4H2,0.74348666872914,1.07047041415349,10.3055840892834,0.00249659635561516,0.0135892432445937
PPM1A,-0.615704029414454,6.82219537686281,10.3023597245506,0.00249785518108816,0.0135892432445937
PPT1,0.591039790772067,4.91837383799329,10.3009360796687,0.00249942035864388,0.0135892432445937
SFXN2,0.7604690317779,0.268030661044983,10.3082573059582,0.00249944795099224,0.0135892432445937
TET2-AS1,2.76567485574746,-1.75974913434123,10.0747150224819,0.00250468574102764,0.0135952570167799
BASP1,2.06007758952709,1.98175346206642,10.2980556364505,0.00250513239282759,0.0135952570167799
CD52,1.86774676593478,2.0052089902214,10.2970101143631,0.00250579381212055,0.0135952570167799
AL160191.1,-1.16736331145189,-2.34759081586945,10.1011352054375,0.00250596231599518,0.0135952570167799
LFNG,1.07965156076114,2.98739967311336,10.2857245703909,0.00251633570302755,0.0136421032328212
RBL1,-0.748669393517319,3.85811542935311,10.2837362659149,0.00251831523092381,0.0136462657968997
NEK3,0.713703084170956,2.61158360159912,10.2825986049161,0.00251987749165856,0.0136471626057906
PPFIA2,1.75788196525213,-0.818143241852357,10.2570196771514,0.00253033598270904,0.0136943528443512
PPL,1.50554512849372,4.06399729990411,10.26948940281,0.00253407922776254,0.0137033275738382
CERS4,0.932082087464207,1.80852818397129,10.2694728576747,0.00253533597192358,0.0137033275738382
AMPH,0.628168450700361,1.80453194122088,10.2681575286148,0.00253548666928488,0.0137033275738382
TRIP13,0.944420883438489,-0.853587458446453,10.2771824945453,0.00253728615116283,0.013708332579174
RGS2,1.65512116080431,3.49454072056912,10.2650960808937,0.00253907914268299,0.0137087463315326
GSC,1.47771297142052,-0.424505635494852,10.2714222754349,0.00253910962636287,0.0137087463315326
C1QTNF6,0.888626236444398,1.85033943218213,10.264122995719,0.00254115293027277,0.013715060261565
AK5,1.01255402950817,-0.66235122195291,10.2731349445457,0.00254271704584009,0.0137187844738605
MT-ND5,-0.740143097447709,13.2763415936755,10.2589424306516,0.00254463368268082,0.013724407439751
TEX2,-0.666277324484527,5.97084165257894,10.2577207738752,0.00254708722830208,0.0137329213494336
ARNTL,1.13843719028988,2.64437700615453,10.2554788684199,0.00255001878812287,0.0137386054462982
CCDC40,1.10141164084748,0.542580604118514,10.2603464615718,0.00255154322388016,0.0137386054462982
MED13,-0.591945139176878,5.76851477953016,10.2536777467129,0.00255159677857812,0.0137386054462982
MEIS1,-0.641375121314975,2.27831111272721,10.2513619507906,0.00255467843381264,0.0137386054462982
GDPD5,0.585123690959315,3.32723410268366,10.2508649667964,0.00255484883569282,0.0137386054462982
BX322562.1,1.64010836291312,-2.05140032436097,10.0853070752627,0.00255514426873173,0.0137386054462982
LINC01943,1.74271639956253,-2.12942358821742,10.0526799072476,0.00256148965375794,0.0137515907998677
CYTIP,1.66368777686292,1.09413326247244,10.2478374148142,0.00256325369787871,0.0137515907998677
CHRDL1,1.54591782402044,4.31705833018078,10.2429953029484,0.00256360411369634,0.0137515907998677
ARRDC3,-0.601855199835842,5.10518118836217,10.2418972827726,0.00256478767823703,0.0137515907998677
AC027559.1,1.3390072003791,-1.45094364384355,10.2060956755258,0.002565013755356,0.0137515907998677
TRIM11,0.653580358321825,2.08049117274841,10.2411697799429,0.00256544490997213,0.0137515907998677
SEPTIN1,1.32372459190031,1.21570547705138,10.2386519087709,0.00257220467481392,0.0137784137785681
SULF2,1.02823423141673,4.76988200956577,10.2299955970453,0.00257819244209746,0.0138057763148139
FBLN2,0.912825488866339,7.02299669725569,10.2237646731404,0.00258522328801952,0.0138339855115807
HERC1,-0.744019632334103,7.34235108070734,10.221701288483,0.00258756000590288,0.0138403033756795
LINC00342,0.673787341245509,2.56079769038581,10.2214896077492,0.00258816759526087,0.0138403033756795
PCDHB15,0.868701292418697,1.4684111527752,10.2197999507298,0.00259176736407672,0.0138548326904578
FLI1,0.701988254202067,4.29774283641633,10.2088489290921,0.0026021895584298,0.0138916207889646
PRTFDC1,0.99685818918282,0.622223523397296,10.2048956733333,0.00261336044719405,0.0139337284254627
AGER,0.813930372684938,1.11172894213744,10.1946574784153,0.00262133663507738,0.0139605719929333
APOBEC3G,1.18474238259162,1.63522070753832,10.1930556402305,0.0026222214867899,0.0139605719929333
IFI30,2.2923791814282,-2.47681566655226,9.89721802357275,0.00262436224104528,0.0139624967366799
FMN1,0.950566249741885,1.27244676966342,10.1904524380501,0.0026260671453789,0.0139648545759882
PTPN18,0.692303810380034,4.08179874253224,10.1875639477078,0.00262658494477969,0.0139648545759882
ASCL5,1.93182104367239,-0.340066863611122,10.1832160369535,0.00262804064536264,0.0139678624886443
ZBTB18,-0.742284050922553,6.12877250387661,10.1813108826691,0.00263375517732325,0.0139840282503682
RASAL3,1.46079433343263,1.62062754053667,10.1814745399278,0.00263608432305702,0.0139916616335407
TRIM5,0.729398477712722,2.07930003797039,10.179001046982,0.00263719510424694,0.0139928252742244
MAP7D2,-1.18740724721254,-0.882389198120478,10.184630579813,0.00264940989111456,0.0140481379192713
ALDH3B1,0.960814042957778,1.7861016613855,10.1628901002035,0.00265652067040056,0.0140723202353463
MT-ND4L,-0.749889551546144,11.2656646572158,10.1529313436037,0.00266560853946582,0.0141098432623861
CCNO,3.38532568426581,-3.02157479171221,9.91355123770164,0.00266644123072552,0.0141098432623861
CHST7,0.883318848422592,1.62667145409333,10.1538245020662,0.0026673703868789,0.014110002771171
TNNI3K,-0.837417344483182,-1.3647801253131,10.1491475980132,0.00267860129677758,0.0141535801340117
PCDHGC3,0.954793257358214,2.85246931708135,10.1428620344398,0.00267884157711693,0.0141535801340117
LIMA1,0.877235365744819,5.83860733764836,10.1398000724062,0.00268214167244495,0.014159530321194
MIR4458HG,-0.611310192658863,3.42458444137887,10.1398770796494,0.00268214613857342,0.014159530321194
TRIM46,1.73211798843305,-1.77911517649769,10.0110295240335,0.00269093480253536,0.0141955873932228
EFHC1,0.69500868236074,2.66325738267359,10.1320229180635,0.00269164963211278,0.0141955873932228
NR4A2,1.58631793302144,1.65214989143889,10.1327476649955,0.00269317202075635,0.0141986344863188
TMEM14A,1.01881939384583,1.34575327323852,10.1222595557387,0.0027056048472202,0.0142498215023896
RAB33A,2.15155997638417,-2.48190257551918,9.83205968318084,0.00270671400552154,0.0142508810186718
TBC1D8,-0.789603779176162,5.85687363422496,10.1156796480642,0.00271068811735081,0.0142670187799534
TCTN2,1.03177769726802,1.2267674153829,10.1175365957893,0.00271176150210471,0.0142678835989049
ISYNA1,0.815025393544013,4.08080417603305,10.1131382746303,0.00271375593262802,0.0142735922796906
STARD7,-0.590721719486253,7.43640664912894,10.1114050243032,0.00271485789214366,0.0142746045618743
ITM2A,0.660230646407924,5.35410886646491,10.1088106942237,0.0027188768865508,0.0142861642900619
AC025164.2,1.52827920181751,-1.78947548469785,10.0046570163986,0.00272763824043068,0.0143178201282808
HPX,1.09129051231196,-1.35845997445521,10.0811615409076,0.00273496880144627,0.0143467029875332
HPS3,0.583436352063562,2.49718697372549,10.0924903399456,0.00273790359436848,0.0143525039791628
AC244453.2,1.5677221031508,-1.82258463300808,9.97561414752805,0.00273993263301006,0.0143558566975386
GMDS,0.712050204961932,1.58126205414869,10.0829345702524,0.00275069425923086,0.0143907154662094
SCD5,1.31127519259883,1.28531963935244,10.0815806460364,0.00275518885007248,0.0144031763221408
ADHFE1,-0.793832258021558,5.65201024760228,10.0785708456149,0.00275523591293787,0.0144031763221408
ZFP36,1.2842103196964,4.89417778781701,10.0770522097767,0.00275708494535945,0.014404942815385
SGCE,0.833993332040879,3.37345387091371,10.07630520302,0.00275808581477445,0.0144053766598619
UBA6-AS1,0.775072676029999,0.454515682182279,10.0777862348875,0.0027629679296249,0.0144260015146016
RUNX3,1.49597600265715,0.900840433776854,10.0673581579134,0.0027748989387319,0.0144787363176187
CDC45,1.66485956300485,-2.33601542501154,9.83050242154935,0.00277935526613073,0.0144971687942578
NAGLU,0.747335217262437,3.16653790961032,10.0541518832512,0.00278513511634191,0.0145219174107304
PLXNA3,0.844757646281358,3.26162107151293,10.0534728871365,0.00278595051441282,0.0145219174107304
PELI1,0.683237956901499,3.90792134659367,10.0432597362608,0.00279839606084632,0.0145674382006577
AC040160.1,1.41543632656142,2.14166064870489,10.0407712063277,0.0028026375062102,0.014582446756554
GRIN2C,0.829856726798975,0.655133497208531,10.0421788411942,0.00280517215234482,0.0145833643362212
PCDHB13,0.713705233885006,0.773812067875325,10.0398565076208,0.00280670238232577,0.014586488043246
FUT8,0.755093996847039,2.31555135759485,10.0344148351232,0.00280982220289387,0.0145978680815688
CCDC144NL-AS1,1.99797012248588,-1.07354619079567,9.97581600894664,0.00281632227564007,0.0146219576963847
AMACR,-0.649723294844432,1.63274400655858,10.0265355958776,0.00281947730693974,0.0146286599446014
USF3,-0.602290969284558,5.36300882486257,10.0253312474472,0.00282050562847087,0.0146291592329313
EBF2,0.74299308305628,3.94901148705684,10.0176137762279,0.00283015012179385,0.0146672094784026
TTC24,1.78638129566927,-0.870956021122856,9.99898331256964,0.00283064526983635,0.0146672094784026
SLC47A1,-0.964582450623949,4.50240050781852,10.0134544259671,0.00283530874584712,0.014681679566503
SVOP,1.50951596866885,-1.34042221132205,9.97719805817909,0.00283768725098068,0.0146875020987651
AKAP9,-0.602796422508184,6.05745434629426,10.0074119432974,0.00284283940101794,0.0147061187867424
ALDH6A1,-0.839143904376546,5.48913768990068,9.99902714775322,0.00285335500964484,0.0147410819211244
CNNM2,0.647144527090172,2.48573513539614,9.99694527064084,0.00285639399207706,0.0147519261946856
AC020916.1,0.716131227600359,4.00877350402957,9.99580877364853,0.00285744976451234,0.0147525243598754
LIMD2,1.4579167180153,2.35309909454039,9.98703901071968,0.00286941060713348,0.0147956831798325
WNT2,3.150209643893,-1.27369201130369,9.79514699148785,0.00287042488932217,0.0147956831798325
LEF1,2.01056150295089,-0.117718138174509,9.98443485789505,0.00287052279595985,0.0147956831798325
SPTAN1,0.643703203182517,6.62405965305912,9.98457656844533,0.00287157255913201,0.0147962348376812
PDCD4,0.846269900897805,4.10449393097543,9.9782444996571,0.00287963771919451,0.0148263965756076
VIT,0.874810448374189,3.75124455594092,9.97781233249621,0.00288021985390084,0.0148263965756076
SPRYD3,0.585587804897969,4.33936191747652,9.97773930282569,0.00288026015667585,0.0148263965756076
POGLUT2,0.73898959159488,0.70863116772753,9.97918869733916,0.00288313080976846,0.0148363075604315
MYO9B,0.65399037959529,4.62820453606469,9.97218051927212,0.00288731182614477,0.0148529528388536
C1RL-AS1,1.23072825013348,0.153549445707665,9.97971341449582,0.00288872303855643,0.014855343410925
TCF7,1.60985901011648,1.12138099618847,9.9736284475984,0.00289071290503643,0.0148607071878633
C17orf58,1.04339606547463,1.84314308220417,9.96422599914706,0.00289888030233542,0.0148929382471864
TMEM65,-0.605591474770786,5.52515605978541,9.9610232553996,0.00290153223296626,0.014894989675823
CPLX1,1.2157022032733,1.5401869596643,9.96237912786843,0.00290227087068375,0.014894989675823
ENSG00000269226,1.27081745755439,-0.677566027284412,9.96403665936599,0.00290671130889655,0.0149046966971939
SDF2L1,0.743542293979454,1.67911244072149,9.95666639098402,0.00290864536254326,0.0149046966971939
SELENOM,1.18116662000818,4.43648108471651,9.94967200339533,0.00291611432826786,0.0149325984933651
IL1RL1,2.70143347364715,-1.10253281536812,9.817244096597,0.00292070875695151,0.0149497616334945
ITIH3,1.42102272641167,1.84072863643393,9.94636281544503,0.00292232358659197,0.0149497616334945
TTC8,0.835484727082496,1.70572839161821,9.94012989991304,0.00292993601248777,0.0149727879493995
PRSS35,2.54370884728002,-0.118834771864257,9.9171282005366,0.00293159460774162,0.0149727879493995
TLE1,-0.675954029098632,5.08627681217728,9.93477494030278,0.00293531253271983,0.014986899870214
FCGRT,0.710480492542794,5.91763627634501,9.92393599021707,0.00294937766934111,0.0150538154537589
CD302,1.07574153197595,1.75373646017582,9.92388116958232,0.00295114880455114,0.0150579585459786
NALT1,1.61510922746194,-2.35930151705114,9.69401363128208,0.00295260108056334,0.0150604725250054
ARHGAP27,0.735543250477346,3.45127469814609,9.919763209942,0.00295491699265456,0.0150673886288867
DLD,-0.736956509905251,7.75266589087608,9.91335915753733,0.00296317455585793,0.0150977082201541
PCDHGA5,0.929282222532067,-0.59334527292365,9.92452711468469,0.00296405999413527,0.0150977082201541
ENSG00000267194,-0.90171387882317,4.85055130685098,9.91218880151094,0.00296471084641702,0.0150977082201541
ZNF217,0.742514390232875,3.0734606921382,9.90880673353663,0.00296933405717504,0.0151163470734227
GNG12,0.823495556847196,4.92412721959123,9.90627231894068,0.00297246987429103,0.0151274042402716
AC015922.3,0.915553845224042,0.269994173248775,9.9103139607104,0.00297714777317169,0.0151386773382628
CAB39,-0.6913434391119,7.66220006110464,9.90021312772868,0.00298041884662689,0.0151436850798697
CLC,3.63450668520181,-0.217485922456936,9.77573915792841,0.00298163255782914,0.0151436850798697
OTUD4,-0.629639064782299,6.3485570086214,9.89885397038109,0.00298220804325794,0.0151436850798697
CLEC3B,1.42838035758567,4.83796503987949,9.89870341963285,0.00298242310174434,0.0151436850798697
PPP1R35,0.589435881729071,1.53491286803494,9.89448774867883,0.00298854762011195,0.0151600694562563
HELLS,1.21176718736212,-0.405808567961287,9.90313621128914,0.00298984232767727,0.0151617367796106
SSPN,-0.588292026906489,6.46572490347265,9.88626462418448,0.00299883216654758,0.0151975043119032
PPP1R14B-AS1,1.11765046135397,-0.646367658408188,9.89471105826919,0.00300104120255389,0.0151982284098112
ATL1,1.13230715496618,0.369333071526404,9.8912450126035,0.00300188009368682,0.0151982284098112
MYC,1.61951817774732,3.71533551959512,9.88144170699935,0.0030053821276995,0.0152110520781179
GLDC,-1.17615146469403,1.1954550580748,9.87602153363667,0.00301591585076511,0.0152471562138594
ARHGEF17,0.609884610384955,5.14677015483246,9.86552752232209,0.00302643354078289,0.0152929408958749
LEPR,1.11452917433379,3.01242464808714,9.86092624584557,0.00303287403558771,0.015307741761293
TMEM200B,1.15606321124603,1.61353172522686,9.86183692623379,0.00303359043823612,0.015307741761293
CHST14,0.710657619139007,2.46851545824627,9.86026513574186,0.00303393849118236,0.015307741761293
ECM2,1.25365541752775,4.51104828418361,9.85971559389793,0.00303423922391734,0.015307741761293
ADAMTS5,1.46946616843115,3.45275853258197,9.85892859747582,0.00303545277141394,0.0153089432028733
FAM43A,0.759119518690582,3.39739707153281,9.85347343629491,0.00304270310929925,0.0153282033716111
EPB42,2.93635749020418,-1.34277962312483,9.68100691651639,0.00304293143480893,0.0153282033716111
PTHLH,2.27844802198569,-0.37299883876086,9.82109894478543,0.00305971253933334,0.015386795355603
RAB39B,1.49240841532185,-2.1663365254683,9.6655729220205,0.00306999598356751,0.0154236834065596
GOLGA4,-0.767691261116263,7.72079700508864,9.83207764622319,0.00307151310646506,0.0154263674259101
ADGRV1,3.21577067604165,-0.996234821759337,9.67053272507411,0.00307784305127906,0.0154482720466341
ITGB5,0.823971410104284,5.33801463037156,9.81904810601929,0.00308927014729846,0.0154924469354318
ENTPD1,0.654674076043797,3.26686556410291,9.81771366364666,0.00309123349370009,0.0154924469354318
AC132872.1,0.705074156655955,1.25489954374217,9.8187819905265,0.00309130639540794,0.0154924469354318
KCNC4,0.756546663678015,3.60376195518573,9.81658703670121,0.00309272124019116,0.0154924469354318
CENPK,0.948628435929234,-1.53569593895168,9.79167788851708,0.00309847801226543,0.0155121570661901
MEF2B,1.09561179836158,-2.29770022926915,9.64322654304352,0.00310153325090368,0.0155225013944302
TTC21A,0.756303334691709,0.400619451408315,9.81363205575214,0.00310449547770219,0.0155323737719273
STEAP2,1.41494855180573,1.6462011950666,9.80685421556126,0.00310858811495395,0.0155478937107082
CD96,1.18663807218927,0.52976784945545,9.80779991229125,0.00311327507615303,0.0155614179363764
TNFRSF12A,1.57379577370974,4.97642964907735,9.79954988819376,0.0031160508199899,0.0155703335306404
RAC2,1.66246710318852,2.66609213442681,9.79357323067092,0.00312505855062986,0.0156054069208195
DUSP5,2.21452531394243,1.31732527041957,9.79541237622203,0.0031276505058016,0.015613382534528
TNFSF4,1.16049150602965,-0.629338112138835,9.79982194294302,0.00312872827619411,0.015613796596142
ARHGEF10,0.647596920853795,3.92906711263889,9.78522905225694,0.00313590955519264,0.0156347206063369
AC245100.8,0.864716397440849,-0.14026634215242,9.79271689953237,0.00313941716353256,0.0156472379744819
SULF1,1.30493367916464,3.83981207768469,9.77644372054453,0.00314817213494999,0.0156809145217519
PLD4,1.61047660857057,-1.08299213448104,9.75251822311495,0.00315179169070332,0.0156896312831734
SGO2,0.941822382797239,-0.228398169416449,9.78416559377746,0.00315192146771875,0.0156896312831734
ANXA5,0.898499140768415,6.58513701300302,9.77054599164875,0.00315631231349083,0.0157015282916763
RTN1,1.14728358251742,1.12169224852272,9.76360297479102,0.00317044558050071,0.01576471308376
EPHA2,0.720928044058378,3.13216797142924,9.75966148918048,0.00317175834767904,0.01576471308376
PCSK1N,2.17847685732411,-2.11860528769583,9.54663620157135,0.00317202700978108,0.01576471308376
MIRLET7A1HG,-0.711263185535647,-1.17128677672748,9.77054201004548,0.0031745006086227,0.0157720123622454
HHAT,1.10390664307852,-0.0314943646140495,9.7619147166581,0.00318185582933775,0.0157939561453362
APOC1,1.25385587910432,2.24486103879981,9.75257675630822,0.0031825134055714,0.0157939561453362
VSIG10L,1.28751940581274,-0.598806973163688,9.75782869442106,0.00318464951521085,0.0157941531663792
HAAO,1.07962156987459,1.0895460531884,9.75233021775814,0.0031863447495967,0.0157941531663792
RNFT2,1.14316958448498,-1.61361387197997,9.70911058659977,0.00318700752328275,0.0157941531663792
RHOH,2.14660346840876,-0.531764062946701,9.7185313298291,0.00320244804840592,0.0158506534593917
SP4,-0.58091123660241,3.1254572447133,9.73527387653156,0.00320620766489234,0.0158642589219689
LINC02352,1.45824602505089,-2.13741861705035,9.57885199845948,0.00320735514394159,0.0158649350722229
NKILA,-0.891924730829892,0.191907394360948,9.73845010532297,0.00321404097631854,0.0158879915349038
PECAM1,0.913355338306978,7.27252606265558,9.72469695683145,0.00322110779380879,0.0159078939030299
TRANK1,1.03511391732672,2.90612110768506,9.70354544861613,0.00325179761169555,0.0160262970391654
TSPAN4,0.892056541929747,4.30704968434557,9.70227669378681,0.00325333550439024,0.0160262970391654
RTL8A,0.643833873770006,3.22642915096314,9.7023267467503,0.00325338372199381,0.0160262970391654
ASB8,-0.786300842336139,7.04967312872337,9.7016060050357,0.00325427261317745,0.0160262970391654
RIMS3,1.04152773164111,0.479132825435291,9.70272284234336,0.00326182040535745,0.016053393308901
GSTM5,0.753759896529949,2.64383340431928,9.69489643389146,0.00326438366401939,0.0160577476270753
COL25A1,2.11693049825313,0.474628511362329,9.69843085934584,0.00326475136527539,0.0160577476270753
ROBO1,0.876801824081584,3.59957915355426,9.69093342280736,0.00326982383731299,0.0160722202484671
CYP1B1-AS1,1.3759059504411,-1.345861340998,9.66566646510422,0.00327002143587848,0.0160722202484671
MCTP1,1.19609858615658,2.69838579524882,9.68859640728094,0.00327359915342608,0.0160732105220873
AC092535.5,1.03110798721183,-0.754594467113497,9.69731128774134,0.00327403976037675,0.0160732105220873
IGFBP2,0.972524581661181,3.92510648452327,9.6839075998854,0.00328000550965224,0.0160933915824953
GRB7,1.74456315005319,-2.08788868247369,9.51903623667931,0.00328020131713301,0.0160933915824953
DCLK2,0.740574103995682,1.32304693364269,9.67567886184946,0.00329365885633013,0.0161392368873248
AP001437.1,1.0307164273906,-2.37556380347071,9.49389874564528,0.00329563590935824,0.0161398659824866
CCDC150,1.37861342085742,-0.617398262858557,9.67732390196447,0.003297760665773,0.0161398659824866
RASL11A,1.58307117778571,2.17129697538309,9.67152220357037,0.00329955733699703,0.0161429402756136
BCYRN1,1.1033112019913,0.950214330578043,9.66355478056903,0.00331525638305744,0.0162130379558379
INF2,0.629645028918847,5.11611694805103,9.65818071856179,0.00331763297265097,0.016216209749535
SLITRK4,1.33055002453241,3.29422045469461,9.65472020483709,0.00332295009004344,0.0162278398264859
C5AR1,1.69787013904095,1.74076008505193,9.65653051489836,0.00332311418938042,0.0162278398264859
IDE,-0.598758113122982,5.81816030612423,9.64903520284576,0.00333113472175984,0.0162541641120855
GRASP,0.812489239014481,2.71395933227207,9.64757035874634,0.00333369036916244,0.0162592511945322
SLC37A3,0.5966128187936,3.2512526273436,9.64169641395929,0.00334216582900117,0.0162854059876353
BEGAIN,1.72880466370575,0.574463285011726,9.64563345270126,0.00334492192420782,0.0162937770330359
GJB2,1.76383641812017,-1.68590796879436,9.5390292705756,0.00334662597497215,0.0162943614031478
AC239809.3,1.38328139744546,-1.64360773890619,9.58203954413861,0.00334711826465426,0.0162943614031478
PLEKHO1,0.646710323216443,5.0791369252838,9.63438462230322,0.00335290453830505,0.0163096397528898
GPR162,0.746253518600519,0.839188702817808,9.63690049929832,0.00335337416263621,0.0163096397528898
PRDM1,1.19848292155703,0.897779750286855,9.63476382360315,0.00335846071173603,0.0163246320195988
AL138976.2,1.07578568902131,-1.43880670786817,9.6130976282236,0.00335853690928861,0.0163246320195988
AC079610.1,-0.706342747865996,-0.210602767741805,9.63289790663747,0.00337193107318031,0.0163795908986583
SGCB,-0.601772819979365,7.03850062818916,9.61366931586426,0.00338392081559866,0.0164225841684666
CD300LF,1.96342291028219,-0.663250688569055,9.59316146219533,0.00339063033037199,0.0164449762160656
CARHSP1,0.762078380006812,3.4065264157379,9.60687783612913,0.00339427461371123,0.0164570520385349
AC008429.1,1.20361287232888,-1.54771041047324,9.57281563854741,0.00339521723483758,0.0164570520385349
B4GALNT4,1.99230422169988,-2.47835332821553,9.34688210939006,0.00340177114209418,0.0164735569500673
NNT,-0.964589101878863,8.76051085118619,9.59769948243003,0.00340804665875301,0.0164944586904727
HYAL2,0.619957238771915,3.96433663015803,9.59511398310672,0.00341202471043048,0.0165028437073055
GSDMC,-1.66672577373788,3.29613898671493,9.59307464960345,0.00341529983908398,0.016510559708567
TROAP,1.84652442687493,-1.87718404439302,9.45608108466226,0.00342016379604289,0.0165269306585262
RTN4R,0.819562314262285,-0.610175265740166,9.60062329162391,0.00342194682417973,0.0165276095420986
OSR1,1.25906297259917,1.12309513377208,9.5913021303321,0.00342271251938954,0.0165276095420986
ANGPTL4,1.90370605321879,2.03560471580837,9.58922380830885,0.00342346343557583,0.0165276095420986
PROS1,1.01615687054778,4.24957057001501,9.58584199700966,0.00342611985857644,0.0165353478414383
GIN1,-0.592689710507922,2.97446182392294,9.57937790865313,0.0034361732821878,0.0165736753730601
ACVR1C,2.17023623527823,1.42383528495375,9.58015509252483,0.00344051664050816,0.0165844314105576
PYCR1,0.762122322819756,2.03358383637738,9.57633607811947,0.00344160895131942,0.0165846031596433
GNB4,0.842703603605772,3.10315585825231,9.56395453912691,0.00345985396432487,0.0166622914912792
TYRO3,1.32716290875807,2.06918922337583,9.5588103145036,0.00346900398617428,0.0166975725691553
TMSB4Y,2.40010208332172,-1.4121205741424,9.43766332627382,0.00347238009596076,0.0166975725691553
AC106782.1,1.13260308344318,-0.266730200909214,9.56567271969449,0.00347249932244173,0.0166975725691553
ENSG00000269936,0.960687194913102,5.03083956169915,9.55165828834559,0.0034786376622751,0.0167117288366721
NAPRT,0.614458724123351,3.56617094833597,9.54878264776356,0.00348317881992716,0.0167233073046059
CTTNBP2NL,0.669594110586811,2.87991914059501,9.54772152802855,0.00348502560872001,0.0167270571647892
BIN3,0.619968638889446,2.04749567512047,9.54533757911014,0.0034882789436135,0.0167375536594356
CCDC181,1.12281081673501,-2.267190845206,9.3835249595537,0.00349971217684646,0.0167770258447175
DENND1B,-0.634166109022478,3.92837160646911,9.53553911226609,0.0035037520010695,0.0167861378683718
RAB27B,1.38194341514037,-1.18662676641263,9.51484622609138,0.00351112357743317,0.0168060642109831
FUCA2,0.717509530828657,3.17713954803538,9.52900064161178,0.00351411431432654,0.0168152512693156
C16orf87,-0.606714581988076,3.61017718072011,9.52715990081969,0.00351688284023457,0.0168155637530591
FZD8,0.714012885042807,2.529442272325,9.52640651821559,0.00351846520325238,0.0168155637530591
AKNA,1.18268667840605,3.25324825736394,9.5248745647543,0.00352061171949663,0.0168175730166852
AVIL,-0.635250371009143,3.16883811815499,9.52105399103292,0.00352657153932987,0.0168338017973791
PPP1R2,-0.644138127567045,6.51038476840778,9.51678137430443,0.00353312273700491,0.0168599456847954
MOV10,0.58659928849486,3.7802249200225,9.51479784731348,0.00353631420394063,0.0168700460276134
TRIM59,1.41308559878639,-0.786794226193593,9.51334093119285,0.0035395622301321,0.0168743057147459
AK7,1.77852151082303,-2.25267258982902,9.31600027276976,0.00353960555692349,0.0168743057147459
ZNF497,1.02991666009441,-1.4410327401491,9.49074751570422,0.00355046728238419,0.0169118616075933
AMIGO1,-0.736776259848564,4.40455703408062,9.50214994302374,0.00355627837713203,0.0169292657352403
OSBPL10,0.971472784587437,2.23211791916857,9.50058398543959,0.00355960887425563,0.0169348473117436
FAM124B,1.45768359770723,0.881870251225981,9.50183146429389,0.00356379632848825,0.0169444966299979
SLC7A2,-0.793639345484297,7.42466833182725,9.49533235286345,0.00356708513820537,0.0169549973483142
TMEM231,0.704572711665534,1.62504221916461,9.49391707613941,0.00357025570302401,0.0169597951752306
CDKN2B,0.918847873215564,3.38790209435067,9.48672608013085,0.00358094158258483,0.0169975448705235
DSTN,0.930658765293235,6.80241032090192,9.48015960003674,0.00359131868615325,0.0170289265193883
OMA1,-0.599042534544366,3.86188733085594,9.47781778449574,0.00359512897120805,0.017041845123259
RNF182,1.98420223615566,-0.92066423340187,9.44534255055917,0.00359886377283548,0.0170543982230232
CDC6,0.928852640250568,-0.688400047245811,9.479609130263,0.00360938668211024,0.0170991017131664
TRIM49B,6.97164705482691,-1.80314681706274,9.72193511105732,0.00361742504794367,0.0171216785667901
CIDEA,3.71869452847077,1.69846988638236,9.45772108783067,0.00362403270343593,0.0171477821164989
PLCD1,0.815168099028514,2.62768299584047,9.45701234887608,0.00362907999296446,0.0171566413259748
CLIP4,-0.699163336121764,5.9897402726504,9.45663888188702,0.00362923080363156,0.0171566413259748
SLC9A2,-1.16516604836459,3.33358861105547,9.45666155811339,0.0036293693769862,0.0171566413259748
ATP6V1FNB,1.08315843568693,1.60120097107797,9.45544172941733,0.00363359786765424,0.0171653318864758
MSX1,1.08400410134776,1.61687102621646,9.45498235968138,0.00363430378201714,0.0171653318864758
ASB3,0.658139907164959,-0.649710080167807,9.46211034593584,0.00364127618918961,0.017182750988975
TENT5B,0.950244367826312,0.949745442990615,9.44460003846017,0.00365432186091663,0.0172391288268971
TIGD3,1.87588063187807,-1.9502203400569,9.28770882015647,0.00365673553771563,0.0172401514762532
CPM,1.22658283562628,3.29708559776373,9.43781085685878,0.00366008848489038,0.0172455985500914
ZC3H12D,1.36933164775311,-0.337164248425429,9.44223577666588,0.00366533200943027,0.0172651218151285
RRM2B,-0.626015735010687,5.66418196509452,9.43353954619099,0.00366687646666079,0.0172672145647288
ENSG00000227603,-0.780830772061723,-1.54357364107077,9.42101163374891,0.00367817494984484,0.0172996571285031
CPQ,0.80594101236705,3.9910291052879,9.42476600547566,0.00368134022978149,0.0173093573716059
PANO1,1.55246004145941,-2.58337717222885,9.16905199875568,0.00368557986255908,0.0173241018097828
CRYBB1,1.92433174632222,-2.30793586218177,9.20266855772884,0.00369824596422324,0.0173691642701694
GRAP2,1.67892731452618,0.424503754827064,9.41967686055817,0.00369959325614376,0.0173691642701694
SYT1,1.55164626202582,-0.857876967290329,9.40465738738294,0.00370512192759578,0.0173847200758194
FGFBP2,2.92350601670993,1.35136780366957,9.40502465242822,0.00371845106264852,0.0174316276667469
FAM210A,-0.675103342116771,4.73301154379213,9.39850484733879,0.00372477005065366,0.0174492784751218
CS,-0.683708912646706,8.7582050507931,9.39735611043601,0.00372555158777528,0.0174492784751218
ALPL,1.41442769246183,1.61020445267379,9.3951584751833,0.00373341140547602,0.0174704508076763
LINC00294,0.58971001784128,2.08346176911539,9.3922528459665,0.00373469734480155,0.01747125926279
IKBIP,0.939559780668642,2.12737813424572,9.39127687025476,0.00373784507833191,0.0174807742861798
AL662844.4,0.604413981695712,2.81031027475798,9.38694025771419,0.00374439788740329,0.0175009901259067
EPHA1,0.945469850255656,-0.680922326707694,9.39508466600657,0.00374771043127633,0.0175112578799887
PRKCQ,-1.09664846471846,6.62110873251137,9.38011197260854,0.0037555411925844,0.0175426247076227
C2CD2,1.01428700380096,3.55587450970139,9.37903301023698,0.00375747071402532,0.0175464156074464
TAX1BP3,0.770395771964213,2.08091738589425,9.37331919851419,0.00376796125671341,0.0175849396146646
PIMREG,1.98757949194455,-2.3693148367784,9.14857870046106,0.003771456692217,0.0175960204471896
PLAAT5,2.78296491319463,1.44077259486655,9.37239066535306,0.00377445469007958,0.0176004398816384
C7orf31,0.84885349278811,0.0594201216561129,9.37485338872186,0.00377775618610378,0.0176044784266327
SENP8,-0.617993319803076,2.18798138992017,9.36522703405794,0.00378136827468588,0.0176108531368531
PIM2,0.9420232703848,1.47248075348697,9.35525116242233,0.00380027783338502,0.0176779373429099
TCEAL3,0.580031084859287,2.88456384266574,9.3501194305716,0.00380660450066177,0.0176916368486486
CORO1A,1.65054858049827,3.8312474080573,9.34922769319003,0.00380798653610408,0.0176928208064398
ANXA8L1,2.50367286690128,-0.704781878495463,9.29006011797324,0.00382627078442583,0.0177567474753292
SUSD3,1.18505484080073,-1.0602784260964,9.33223840910029,0.00383592451395048,0.0177962859138199
AC005332.4,0.620066925999863,-0.060517668906011,9.34062216598433,0.00383752751552459,0.0177984616891721
PIK3CD,1.2353649497867,2.76359781582495,9.33009132502544,0.00384112066477053,0.0178046039083206
TBC1D10C,1.37176407443443,1.96119417580827,9.32280158499331,0.0038550509330115,0.0178533562684023
PGD,0.664625408575088,4.40159589504673,9.3202126017276,0.00385767434320168,0.0178602356391004
TBX15,-0.717379654174268,6.8582099301546,9.31831113982007,0.00386094322078777,0.017870098451862
AC093012.1,0.655785310286153,2.78750140722523,9.3163770906613,0.00386462543059416,0.0178818679637899
NRG1,2.4213754986111,-2.72899137989128,9.02680809758107,0.0038721961075822,0.0179063399848269
CCDC102A,0.815818212934244,1.19101695593219,9.31079761130092,0.00387783670759466,0.017927142010515
BUB1,1.18602911013803,-1.22524665312027,9.30143006671604,0.00387976007648776,0.0179277553624112
MPV17L,-0.778832747798949,3.22352423793163,9.30727873106864,0.0038802539003575,0.0179277553624112
CADPS2,0.808266225410389,2.35893528073139,9.30612436019439,0.00388275341945171,0.0179323565996546
AC100793.4,1.33666734438189,-1.98221070838062,9.19658425615506,0.00389939234462693,0.0180002831908587
OSTC,0.62727801497851,3.74438801261978,9.29405637932814,0.00390324113099812,0.0180127519997105
PDZK1IP1,2.27511651145205,-1.11133144492231,9.21911908531972,0.00390950084391598,0.0180354512692901
GAPT,2.10319206271032,-0.165146679641605,9.28305148792585,0.00391555020967341,0.0180430301059378
FABP4,1.77666022707317,6.96473098397413,9.28394991881887,0.00392089862141455,0.0180570727297833
LHFPL6,0.840752039965826,5.36795307827206,9.2792579023491,0.00392916591514176,0.0180880631927181
RERG,1.02598082113552,3.28425482518264,9.27773855397781,0.00393203206295356,0.0180880631927181
FOXC1,0.909847843616139,1.95259456886137,9.27790242174419,0.00393289898038063,0.0180880631927181
AC024909.1,1.52290704957143,-1.71013217397062,9.20290935891428,0.00393350921255384,0.0180880631927181
LTBP4,0.782400345194336,6.97728652300397,9.27507047412531,0.00393655156145419,0.0180880631927181
IL23A,1.50971266406303,-2.54059050115959,9.02836996838022,0.00395876193436085,0.0181727898683222
CIAO2A,-0.651476106510195,5.07979962439988,9.25793728371267,0.00396694749605492,0.0181977035109752
RAP1B,0.628200864689447,5.42381291847418,9.25261201256964,0.00397644013961754,0.0182219643770211
SFT2D2,0.592508604153326,4.04226340148067,9.25004120115796,0.00398108479032574,0.0182326016294609
TMEM225B,1.3856977142822,-1.54645282470673,9.2022219073816,0.00399150341497582,0.018269654738421
CRHBP,0.972041738473754,0.0317872052914324,9.24585544035667,0.00400373403551752,0.0183149535667291
NTNG2,1.13029452260749,-0.104410746051636,9.23743174015656,0.00401973453171852,0.0183561782779183
CCDC88B,1.18613623295409,2.69282628603795,9.22373149954398,0.0040289125277303,0.0183872585410663
LTB4R,0.728811644890818,2.20888266943374,9.20903896590754,0.00405588603113031,0.0184888560146937
TTC39B,0.721155485717901,2.04200097770931,9.20775147342021,0.00405846940623007,0.0184952605490073
TFPI,0.727722282448898,4.41257730876879,9.20613079305625,0.00406037631640154,0.0184980763943482
PHF11,0.607487218646011,3.40338877836042,9.20560762231189,0.0040614444890044,0.0184980763943482
CABLES1,1.29450648182151,1.73622738131024,9.19938145974405,0.00407520220574252,0.01853802134683
FZD1,0.791951071428016,3.04929864370408,9.19259476649795,0.00408541043749221,0.018558760294194
FAP,0.782365779424445,2.7250379655594,9.19056674588851,0.00408930512582967,0.0185710775317988
DGAT2,2.55146327762494,4.05970973156798,9.18938388894639,0.00409138949612235,0.0185751686843044
MTTP,-0.830652137701006,-0.576002489215433,9.19854799880936,0.0040999394388089,0.0186086030919912
MPP3,1.01080407109321,0.460310561548044,9.18185573713601,0.00411551008858223,0.0186630831668009
AC053503.4,1.25111988398468,-2.34032509735383,9.00348042577917,0.00412637393789639,0.0187069436612605
AOX1,1.88396990628478,3.26580915290175,9.16861823476474,0.00412990561396622,0.0187175479674271
PSORS1C1,2.47422445094881,-2.05952601362454,8.96708878881374,0.00414587193938753,0.0187574113833057
ADGRA2,0.961870998295365,4.45432669585524,9.15793959108699,0.00414937196666342,0.0187619195090283
NIPSNAP3B,-0.797880256925618,4.928274088068,9.1567282623554,0.00415161915857326,0.0187619195090283
PLAGL1,0.673582085040383,4.33204755545513,9.15591802475697,0.00415315928185967,0.0187633376306239
MSC-AS1,0.82753497985449,1.29415063849653,9.15250549248961,0.00416300184661929,0.0187861742330908
AL365203.2,0.749858066715027,0.237811679380082,9.14916480577669,0.00417727803810551,0.0188181339862417
KIF18B,1.19835059939466,-1.69974085020056,9.09840715151243,0.00417857478613123,0.0188185742520315
PKN3,0.641804066856065,3.01487704006456,9.13902971458334,0.00418508888712654,0.0188425043268649
SAMD5,1.02827594386643,-0.355756781895807,9.1472059299868,0.00418836637347943,0.0188518526618181
FAM72C,1.2949885805712,-1.27022701896933,9.11980892817122,0.00419661656914827,0.0188673437561679
STK10,0.683471053765414,3.81395528245659,9.12355600499104,0.00421418153990207,0.018899505721932
OAS2,0.784069815669897,2.97406389166761,9.12344711540202,0.00421460783859585,0.018899505721932
HOXA11-AS,-0.683728347405243,1.78037208646908,9.11754799348774,0.0042270049321909,0.0189388645191939
IL17RE,1.49565443480848,0.956725076014549,9.11326009361416,0.00424120155525529,0.0189916286475697
AC022893.1,-0.596028048457633,0.223945587058776,9.11132880649516,0.00424898388283086,0.0190147104845597
OCIAD2,0.691140255848091,1.87672963049425,9.10565091590245,0.00424965033215367,0.0190147104845597
MID1,1.18474782000829,1.68674015022353,9.10605680545733,0.00424999072187546,0.0190147104845597
EDN1,1.08060156203378,2.21160226455742,9.10081012896577,0.00425861283673567,0.0190320279963794
DLGAP3,1.58866969346974,-2.81042471107442,8.8090113047686,0.00425871183964858,0.0190320279963794
MPPED2,-0.74750092349007,2.67689281013692,9.09533790933229,0.00426843108222009,0.0190537616141764
NCF2,1.54575698473282,3.05144316168801,9.08671492469103,0.00428515009791495,0.0191175187000498
TRHDE,-0.917058224547846,-0.349220621735913,9.09761609196102,0.00428807895285136,0.0191197156718756
TENT5A,0.846109711974976,2.8460275955298,9.08089699650222,0.0042963219737994,0.0191469802402963
RNF144B,-0.743262288798875,6.07729054462236,9.07982629317532,0.00429801603646757,0.0191469802402963
PRUNE2,1.95699153352417,5.39765436541445,9.07928758227664,0.00429907348625704,0.0191469802402963
AIFM3,1.22186469037932,-1.69863656249874,9.02910643949491,0.00430092498311514,0.019149792229785
AC005041.1,0.982952177172854,-0.260780928657208,9.08363739561092,0.0043097427934756,0.0191727361518139
PTGER2,1.55500074517809,-0.222867329348476,9.07711737057906,0.00431404573934444,0.0191833153352223
SYCE1L,1.04793231617604,-1.13343002599409,9.06622073993288,0.00432558034053178,0.0192197059663906
ALDOC,1.317362222382,2.45387756554591,9.06009421683899,0.00433738073612093,0.0192459787355487
AC087477.2,1.25755857804015,-0.16003553661174,9.06742453736418,0.00433819880318038,0.0192459787355487
LINC00337,2.18710992465444,-2.16405236097678,8.87003713574651,0.00434018858563522,0.0192459787355487
LGALSL,-0.839838680934705,6.04656080046796,9.05781433549044,0.00434092161349745,0.0192459787355487
CFI,1.05435629998659,3.17347348442749,9.05555333275082,0.00434561586893302,0.0192613502013284
SLC39A10,0.649289965705781,2.58458290887196,9.05103301384718,0.00435472531488275,0.0192936554207887
MATN3,1.36439112544841,-1.28450909371255,9.03223434323165,0.00435536292805699,0.0192936554207887
SLC6A9,1.40358267457514,0.341318324093703,9.05579465558723,0.00435717076531211,0.0192962175963808
MT1F,1.88315883917782,-0.454649761673416,9.0429667725467,0.00436112000296322,0.0193082590822307
SPNS3,1.69726442463628,-1.95926830514402,8.92269034174674,0.0043627231557441,0.0193089064471547
TBC1D10A,0.820557170468095,1.6456231973145,9.04730504747327,0.00436372673896514,0.0193089064471547
SCRG1,2.52869528973837,-0.68225405722771,8.99037256686461,0.00437380946228173,0.0193438553983796
NLRC5,0.794063264563316,4.21329743837997,9.04010321665261,0.00437581785830284,0.0193460454326938
GPC2,0.949046018382734,-0.696206405412513,9.04681799138669,0.00438166588927981,0.019366444982328
HYDIN,1.2160870281856,-0.985337460536623,9.02263416376849,0.00441281819415323,0.0194931555185012
PMM1,0.588993489698881,2.82394972558758,9.02095528826939,0.00441412814675908,0.0194934556171592
PARD6G,0.975273247783207,0.809645752094307,9.02084043571897,0.00442142025060661,0.0195115579709831
BRSK1,1.03624735955038,-0.569963830694239,9.02666156078719,0.00442199772943808,0.0195115579709831
RNF157-AS1,-1.21216971178238,-2.21907876971533,8.89202426085234,0.00442328876386552,0.0195115579709831
KAZN,0.964382625475727,1.41324929754404,9.01727624345374,0.00442444312320667,0.0195115579709831
LIAS,-0.591736042541,4.09776579682243,9.00294570172519,0.00444991463292992,0.0195963552648247
AL590560.3,1.40772620742367,-1.11955224509298,8.98031530507683,0.00447544363418342,0.0196811677888789
TRO,-0.588743497388889,4.70696962737175,8.98412794526592,0.00448789257502031,0.0197206894124357
WWTR1,0.810107275884674,4.73244271615412,8.98398112764018,0.00448820022817588,0.0197206894124357
INSYN1,0.760834586356422,1.46456321121725,8.98226374450227,0.0044944581319017,0.0197371349692773
KCTD16,1.69489861189172,-2.49395932893524,8.75672327174367,0.00449643941665001,0.0197403123480621
C5orf38,2.33119052702299,-1.93256414763773,8.80932441888422,0.00450193631605305,0.0197478732477509
TOP1MT,0.844808403020349,1.77089712275063,8.97732322507715,0.00450358311612143,0.0197495772583196
SEPTIN11,0.660864152433118,4.94244368383641,8.97383421651064,0.00450884750260103,0.0197671400986936
NGF,1.82989745265201,-1.17534966599654,8.93117335726488,0.00451465107840043,0.0197810078141753
ASCL2,1.92995678428044,-2.34756475802292,8.76747121132425,0.00451675576309434,0.0197810078141753
MN1,-1.01570427356525,6.66175726838634,8.96980858057654,0.00451705205517708,0.0197810078141753
PDGFRA,0.752740746203995,4.92214684973557,8.96657497192968,0.00452368188931522,0.0198045152727482
BISPR,0.940601106765269,-0.11705267500128,8.97192524756481,0.00453105467930091,0.0198098342992249
PINLYP,1.12562871457094,-0.418820885281839,8.97138847482588,0.00453246989286503,0.0198098342992249
A1BG-AS1,1.24128162218403,-1.25672715835208,8.9488391982618,0.00453752246267196,0.0198263961725045
CYP27C1,1.49958562740915,-0.862841936138605,8.95421904342717,0.00454258438259191,0.01983166827861
AL928654.1,-0.628254104314884,-0.209030804810568,8.9671950869909,0.00454269283705094,0.01983166827861
PAQR4,-0.686072880434221,3.13160914864014,8.95601214378106,0.00454555447526976,0.01983166827861
CFP,1.75519433688503,1.51395693538135,8.95760698597477,0.00454707994648081,0.01983166827861
ZNF667,0.691086272975896,1.4167863813019,8.95040491286874,0.00455852677919434,0.0198513143743818
ANKRD44,0.659607468359553,2.70420304378782,8.94967409272353,0.00455884098210471,0.0198513143743818
LOXL4,1.31215246041009,3.12427290254324,8.94797829590543,0.00456226486379178,0.0198513143743818
LINC00944,2.46842708244912,-2.3168808621008,8.73383218302967,0.00456346239329529,0.0198513143743818
AC010973.2,0.798361867091705,-1.07878172372051,8.9507488016828,0.0045704537607901,0.0198665001817811
PIANP,1.76267596732602,-2.12885547785481,8.79314099977683,0.00457328226548424,0.0198665001817811
TRERF1,0.873490120299294,1.94881302447323,8.93986883764331,0.00458012530003092,0.0198907212462605
TXN,0.614693366530779,4.70402610988102,8.93402552453497,0.00459083627304263,0.0199262099849016
STAU2,-0.620007864918829,6.25684808133988,8.92147810931896,0.00461698804883759,0.0200008290478229
CHIT1,2.24946489855781,-1.49227018641246,8.81603412023471,0.00461798878230341,0.0200008290478229
AL137026.1,1.04560869017328,-0.914456394997716,8.92625101593881,0.00462036776091945,0.0200045991745188
EPOP,1.14700323101705,-1.12112580673671,8.91271632918883,0.00463270786859575,0.0200466890285428
PCED1A,0.766712765597,2.9474580586907,8.90851275077162,0.00464451400453534,0.0200759149824242
CD34,0.858625635359454,6.98052007499129,8.90493505999011,0.00465173126056611,0.020101575477584
PHGDH,1.7600476690566,2.14161441529765,8.90394222031664,0.00465617026091033,0.0201152194453586
PTTG1,1.11270257663758,-0.41584074577706,8.91000203238266,0.004660276056094,0.0201274168135375
FBXO27,1.49410563916694,0.574036161059583,8.90534243914669,0.00466193673047181,0.0201290500645818
AC245884.8,1.03524461800067,-1.82863107580124,8.84753646926328,0.00466413803835379,0.020133016092399
IMMT,-0.634897252669152,7.26640356477742,8.8976711203498,0.00466707430007856,0.020136971713919
RABAC1,0.591916515910156,4.58886853322321,8.89742146245541,0.00466762045844137,0.020136971713919
ANKRD33B,-1.22517939747084,3.65668399314917,8.89569012506449,0.00467139749747694,0.0201421933304672
NOL4L,0.770857984733385,2.52557110227134,8.89435043495013,0.00467468680202692,0.020150840252077
TRIM9,1.38807681297875,-0.133246429842336,8.89589410477493,0.0046859642248365,0.0201939067844066
CKLF,0.817221060348873,-0.0637644503844551,8.88160485339663,0.00471818362839995,0.0203230759843135
GJC2,1.12312139556961,0.336910014105246,8.87969469818157,0.00471852748562206,0.0203230759843135
LINC01239,1.87085247065005,-0.848627844614354,8.8554903023424,0.00471991904841142,0.0203234682004708
CPVL,0.902110335864996,3.38802155811768,8.87171131564701,0.00472250325117025,0.0203234682004708
PKHD1,1.78383268985938,-1.89315545607047,8.75686953296437,0.00472580074920579,0.0203320840895792
ACADM,-0.942137140301761,7.96712818772767,8.8687428074529,0.0047287121186161,0.0203334621100492
GBE1,-0.590566954001941,6.71151409258625,8.8610290379233,0.0047452935443903,0.020399173426241
SGK2,1.70602725033173,-0.489825188343572,8.85850574182696,0.00475028151503558,0.020409435636048
PRKCZ,1.43618801434954,-1.5954478717409,8.80700193428569,0.00475833485423499,0.0204384415810668
HSD17B11,0.900455247138973,3.97814372301791,8.84988568513326,0.00476943410260981,0.0204693104294397
HLX,0.608821636237676,2.57929570925752,8.84796170443415,0.00477404075009082,0.0204717895512117
PDE10A,0.962704271313612,1.06643963674069,8.85017086824437,0.00477424665204897,0.0204717895512117
AC007389.1,1.27453982058823,-2.56524355700406,8.63732354510854,0.00477496837753331,0.0204717895512117
IDNK,0.823099428892698,0.806673560701249,8.85060081026598,0.00477522915240433,0.0204717895512117
NIPAL2,0.839569767163891,2.49494423750459,8.84549356731449,0.00477951175085502,0.0204845540496094
KIAA0232,-0.626790588860816,6.71254811795613,8.83625681399224,0.00479896125771312,0.0205510769276419
AL139246.5,0.995042982178924,-1.62311424205502,8.80473866293453,0.00480748066100082,0.0205707221849531
HTR2A,-1.38375026717874,-0.255240441485952,8.84321421194821,0.00481024009731609,0.0205757165546779
IL17RA,0.932642700650655,3.12886532751429,8.82716095268252,0.00481910456322772,0.0206036083137726
PTPRJ,0.846622806944206,2.91869071079372,8.82612998446254,0.00482143827030445,0.0206071211171832
AC131097.2,-1.62961558104722,-1.25265800795892,8.81905630396202,0.00482255214166385,0.0206071211171832
SOGA1,0.691546464635756,4.15251892674867,8.82269985750762,0.00482865174427188,0.0206216047440548
DIRAS3,1.09659493682335,0.488478377720813,8.82473348169285,0.00483571975342299,0.020627401745938
ETFDH,-0.700336030410392,6.5860715720923,8.81558200093979,0.0048442450769698,0.0206492195771431
ZEB2-AS1,1.7037311218985,-2.21907933445364,8.65457861569334,0.00484853036669162,0.0206562660437636
PXDN,0.884732295432909,4.86671996455611,8.80009386153109,0.00487848234198528,0.0207500759776312
PI4K2B,0.623353348507393,1.6478041805726,8.79714196297215,0.00488542702158041,0.0207739845851272
SCN9A,1.2102899628681,0.607867660563274,8.79997816250925,0.00488921795535215,0.0207844734044561
FAM72D,1.27584783489638,-1.23938623296155,8.7843733492822,0.00489220668572807,0.0207907542333259
LYST,0.583336809477744,3.71665850765655,8.7917710905909,0.00489704750204407,0.0208008553571263
CD24,1.8618839111848,0.520325831556242,8.79340895355174,0.00490381311130163,0.0208157238335399
NUDT3,-0.740993293593029,4.89617074039066,8.78837858872777,0.0049045267114642,0.0208157238335399
BNC2,0.673906238639348,2.66304342959337,8.78416829654454,0.00491440834756205,0.0208407562861352
TIMM23B,-0.593657305345982,4.46357307379222,8.78119230689428,0.00492060206114205,0.0208541434928056
PELI2,0.780480075693439,3.04223777848845,8.78067300145371,0.00492203053047679,0.0208541434928056
MARCHF1,0.85311391672557,1.92417214660608,8.78084649332315,0.0049228800026024,0.0208541434928056
ADCY7,1.04313506241781,2.04227138031309,8.77973533482613,0.00492530549256546,0.0208587883717795
CXCL12,0.750378526958742,7.42666090235204,8.77179137129298,0.00494166242918202,0.0209170545788118
DOP1B,-0.654690314533846,4.71227174414603,8.77176518154956,0.00494172910979509,0.0209170545788118
ADM,1.09760512091971,3.06394579844265,8.77037417976197,0.00494520124184251,0.020924790249775
LINC00926,0.872629844649515,0.877066548664198,8.77274346200753,0.00494651645178565,0.020924790249775
MAL,0.956795333813106,0.468604986319293,8.76172869180568,0.00497606952893035,0.0210115721353825
NRGN,1.5501595364876,2.01062607117841,8.75705727731889,0.00497731803555926,0.0210115721353825
PCLO,1.57584895621922,-1.08397842160186,8.74022570744673,0.00497744665175865,0.0210115721353825
DLAT,-0.752210196591396,6.59647882181086,8.75460881732118,0.0049804531640574,0.0210186104893469
LPAR2,1.42978160190792,0.888466674444267,8.75685607396928,0.00498405002181322,0.0210268215721746
RBM41,-0.694743460122848,2.73745358206917,8.75273636582671,0.00498507824594212,0.0210268215721746
GADD45B,1.11574304981355,3.33529798512161,8.74724771659283,0.00499738994144512,0.021073088428528
CLDN23,1.2786980699622,-0.677073395952236,8.75112389489092,0.00500083006150295,0.0210762695529776
TMEM238,1.303044161395,-2.32030638117307,8.58430696617853,0.00500554733672842,0.0210904873691148
CFH,1.2008035390215,5.97950451446139,8.74283908361439,0.00500721108215904,0.0210918351944407
ECE1,0.721148510407519,5.51517506567958,8.74130745107016,0.0050107047594443,0.0210952283260403
MTUS2,1.83390975206594,-1.6744650659404,8.65484263507765,0.00501728178490594,0.0211172533156607
BAIAP2,0.838813310767954,2.00798947597369,8.73618853012131,0.00502376765541562,0.0211359712879688
SPRY4,0.586360096447135,3.85433220984406,8.72592971043518,0.00504599844563426,0.0211829035521287
ZNF439,0.789530752101162,0.773582560993747,8.72889280691263,0.00504637632248545,0.0211829035521287
FAM171A2,1.18803811405638,-1.49564256545985,8.70293468076646,0.00504799290308753,0.0211830833004067
PDGFRB,0.741240071372095,6.67167000078572,8.72171828178974,0.00505560914633921,0.0211989809115132
ARMC2,0.690385050441177,0.288543006398198,8.72307668544193,0.00506450834547846,0.0212306245946272
SUCLA2,-0.780786107377533,7.34778045965559,8.7168989515605,0.00506672195425782,0.0212342325960151
MYBPH,3.16753936057059,6.7361586258401,8.71327007501602,0.00507512000728099,0.021258075397458
PGF,0.919439666185677,2.72103810918799,8.71108336071564,0.00508067515850745,0.0212756661186698
AC022098.1,0.798067747866462,-0.134205033510827,8.71354895448844,0.00509328250519441,0.0213227711173716
GALNT5,2.18598148406132,-1.07675358750407,8.65314973903543,0.00510246717191459,0.0213441423942429
NUDT11,1.50599162162912,-1.26816542201209,8.67689016775781,0.00510706856713204,0.0213576981511157
GDPD3,0.783958473986696,1.27450745252953,8.69977817402581,0.0051103908450968,0.0213615821463633
PTK6,1.49939863579163,-1.99809361203383,8.59228317458167,0.00511650567260099,0.0213615821463633
UBA7,0.61133504466637,4.31679348522528,8.69524674651878,0.00511700692021163,0.0213615821463633
EPHB4,0.628648806805876,4.18548718172632,8.69502879387391,0.00511752461741485,0.0213615821463633
INPP5D,0.80912285040511,3.19567860326329,8.69451793077255,0.00511891870336322,0.0213617200343754
SFRP1,1.79002542197649,3.88253514722584,8.69049779683726,0.0051282662626799,0.0213855113186821
PLAAT4,1.22948132605128,2.99737419617552,8.69021012227272,0.00512916866931173,0.0213855113186821
NDUFA4L2,0.595777437568078,4.6794886569811,8.69003173493434,0.00512917089906646,0.0213855113186821
MAPK13,0.956686961536183,1.02014143972856,8.68240047328579,0.00515317907716857,0.021459046329573
CENPF,0.971815959923275,-0.0419351967166621,8.68520044000218,0.00515922399659467,0.0214689067764696
FAM131B,-0.588460826898947,2.31943648209246,8.67737222666093,0.00515955557731232,0.0214689067764696
MALL,0.695569588895792,3.33629744609151,8.67672047039632,0.00516054554442779,0.0214689067764696
PTPRC,1.46089165698793,4.09545327621819,8.67649767563807,0.00516101849427333,0.0214689067764696
HDAC4,-0.624872609367663,5.83855687457978,8.67289191508087,0.00516940690440389,0.0214924083085084
RAB6B,0.594665847331595,2.28162044282325,8.67037998067503,0.00517500132961162,0.0215099697744318
ASB14,-1.1251147402361,4.20488231265682,8.66876782780124,0.00517919258354756,0.0215144165533309
SHANK1,1.74506097291187,-1.15099839103965,8.64321894175693,0.00518018350780743,0.0215144165533309
PDE6B,1.07604825206168,-1.63521883552749,8.63300048689788,0.00519208710636241,0.0215524483296371
PDE5A,0.685646178724697,4.87883305980883,8.66229518755192,0.00519447777311681,0.0215566707163057
LINC01686,1.0001228800375,-2.4471210836595,8.50250467202521,0.00519803464341874,0.0215657292435784
EHD2,0.74194115331997,6.27545923974115,8.65592962390042,0.00520957323908772,0.0216021801816332
FOXN3-AS1,0.794218662642921,-0.873472131648986,8.66270081233995,0.00521525791696631,0.0216116119632297
HELB,0.973566003615275,0.486930978146959,8.65819930297283,0.00521597872677375,0.0216116119632297
AC087239.1,1.43915384041793,-2.61740412320121,8.43165180486003,0.00521808377191087,0.0216146278174033
AL683813.2,-0.68203592438217,1.95149861667491,8.64600927729828,0.00523450261118239,0.0216691102375522
SLC22A18AS,1.84170524329365,-2.65396284600123,8.40799700427474,0.00523537852951882,0.0216691102375522
FGL2,0.86554990394085,4.54549552352635,8.64435903581587,0.0052371821621352,0.0216708605417116
EXOC3L4,1.57665296084082,-0.632997992982776,8.6438904831316,0.00523863827780904,0.0216711723168721
USP6NL,0.703830187264525,1.72544454526123,8.64253774497883,0.00524352219931102,0.0216838182121337
MEX3B,0.604239013958627,1.19096278069541,8.63922179621046,0.00525197494443261,0.0217091774434738
EIF2AK3-DT,0.713141444808406,-0.695366073988918,8.64813032372033,0.0052536515019149,0.0217100399662109
ARMC9,0.806636414346662,0.389967288213235,8.63914239626634,0.0052611093228498,0.021726506188897
VANGL1,0.615254666576258,2.06541284219593,8.63257705663732,0.00526517319833714,0.0217351113487379
DCUN1D2,-0.734330010431914,6.04977070160174,8.62149950461185,0.00529212588652506,0.0218291500102525
FANCF,0.673093399766105,1.22915073851459,8.62143616365312,0.00529492238957687,0.0218331053931951
MID1IP1-AS1,-1.17003273651804,-2.24881702213601,8.49394343789125,0.00529626953993711,0.0218331053931951
FAM220A,-0.741154349007608,5.92411933583396,8.61317193507455,0.00531230067136549,0.0218836112958219
ZNF117,1.02841565224633,3.46640882485878,8.6103508163298,0.00531931660242436,0.021901016284116
XYLT1,1.06396586507695,2.15250830883771,8.60689000017694,0.00532889621424613,0.0219289528271088
CUL4A,-0.601033654605407,7.58760219613039,8.60524567852216,0.0053315781191981,0.0219342381601085
ATL3,0.847131174018723,4.72177991948972,8.60125589710033,0.00534132917594711,0.0219592786397068
SRD5A3,0.609272546553621,2.12904579080589,8.5941721007828,0.00535895455200374,0.0220064865760593
TTLL3,0.606780816992662,3.91010120973256,8.59211869284628,0.00536374616093116,0.0220150741924064
HLA-DOB,1.45676139967759,-0.880347667796557,8.58926979432543,0.00536385114442574,0.0220150741924064
KIAA1324,1.41915654401339,-0.194114285016267,8.5971961448842,0.00536698740043995,0.022022187516315
LITAF,0.743199860670647,5.21535693541849,8.58710283813277,0.00537599442751828,0.0220428844427875
SOX11,1.99832444931394,-0.155803101951231,8.58572064250308,0.00537819306814889,0.0220449322181645
DMGDH,-0.79477633172431,1.72692273239351,8.58642662054477,0.00537955338614654,0.0220449322181645
NKAIN2,-0.730353755028127,1.09398805053452,8.58663987639788,0.00538195013635183,0.0220489969694706
NR2F2,0.78174951711262,5.42656508555141,8.58130813787586,0.00539025295753949,0.0220772495220726
KCNIP3,0.973843092877353,0.945038210435478,8.58251297390525,0.0053943601002045,0.0220801576663977
TBX18,1.34157530368244,1.69724909911015,8.57641804900717,0.00540558718998565,0.0221097218640812
DDX60L,0.689921180738896,3.12692846856535,8.57477836381805,0.00540663348291454,0.0221097218640812
DLG4,0.68452910195428,2.51035581414498,8.57319710338953,0.00541090191158183,0.0221214132592542
PPARG,1.64482806085012,2.95473779492913,8.57066518483365,0.00541726409197894,0.0221301301206688
A2M,0.716503359543725,8.98132293744363,8.56474571199328,0.00542949978602841,0.0221578617994208
CABCOCO1,2.3633576128715,-2.36448278158314,8.36768916833357,0.00542969968018939,0.0221578617994208
ART3,-1.21153872717757,6.28865348134722,8.56108443020609,0.00544035581070404,0.0221955769298154
AC116667.1,0.75695782680353,-0.706747860787044,8.56939609284855,0.00544504577100929,0.0222089379875236
AC093627.4,-0.659099116626942,1.67834004360921,8.55935246769741,0.00544664030052889,0.0222096699186285
ERRFI1,1.34148173874342,4.8140246378648,8.54577335635297,0.00547864172253056,0.022328559292422
SIM1,-1.71932663834351,3.75601507602926,8.54452457105473,0.00548190560194784,0.0223360613765762
FOXC2,1.46346630061385,-1.07722841168849,8.52895013595588,0.00549216401753514,0.0223546458130742
SERPINA5,-1.29920287115211,4.78439447697187,8.53878014219362,0.00549621558342177,0.0223653366818265
MADCAM1,0.804282874058463,-1.4221898916473,8.52747273476489,0.00550914183772268,0.0224103505774783
ACSL5,0.639947696179863,2.88620469388608,8.53339693149433,0.00551013334682949,0.0224103505774783
AKR1C1,1.10377973532428,5.74793846724715,8.53264192094726,0.00551166114175074,0.0224107568963155
ADD3,0.791564275275484,4.83971285005093,8.53042770207075,0.00551727058615544,0.0224205789368059
NR2F1-AS1,1.96556577349412,-1.08736549210374,8.49449793177797,0.00551836230856204,0.0224205789368059
PTGR2,-0.644367609057931,4.34742626980082,8.52008290434109,0.00554349761905786,0.0225168724459402
PRKAR2A,-0.663697757286206,6.73063868917371,8.51902658850368,0.00554614360875721,0.0225217914461693
STK32B,1.22214673774278,0.957708812832613,8.51937434862493,0.00555309777612235,0.0225441980331713
DUSP18,0.88728270515633,-0.154682585080447,8.52255456261708,0.00555735162345823,0.0225539623108992
ZNF770,-0.7021189241143,4.39147520955266,8.51366707434908,0.00555981396501235,0.0225539623108992
OSBPL1A,-0.606524436714267,6.65409555288738,8.51207711567995,0.00556383286557844,0.0225619119259454
RBMS3-AS3,-0.763338688313105,0.125093092108205,8.5187458251894,0.00556464868208568,0.0225619119259454
F11R,0.724778679969518,2.88459990592644,8.5105357905015,0.00556815586610485,0.0225644736169676
TAFA2,0.822302294708836,-1.23275988696277,8.50918100667737,0.00557687892378357,0.0225939893414515
SLC16A13,0.840969508351723,-1.06115494152856,8.511769981661,0.00557985387146262,0.0226002081322854
ASPHD2,0.824798490088566,-0.667256242769871,8.51367097364949,0.0055843476421651,0.0226125738503048
LEFTY2,2.35583071078407,1.01755707068575,8.50356850859324,0.00559426593081517,0.0226352162372117
PLEKHG5,0.693049124483325,3.57432924699221,8.49751868301918,0.00560120802033528,0.022657463886382
TTN-AS1,-0.618759171411911,3.3075458526226,8.4946413740402,0.00560864977560561,0.0226714006903709
NRBP2,0.587159625741592,4.48045049096084,8.4923064661121,0.00561450628465885,0.0226785388553251
SHROOM3,1.44718638567867,-0.0554233957143125,8.4950493872089,0.00562339189096111,0.02270623507297
ALKAL2,1.79124458524469,-1.76082459316007,8.38990352798266,0.0056452988837836,0.0227775187414095
KCTD12,0.769180825847109,5.92732241285307,8.48033324132832,0.0056453996753159,0.0227775187414095
CRTAP,0.62541506878501,6.4172766151718,8.4706865771932,0.00567043712756892,0.0228667807598135
SDHC,-0.584361888810641,7.48668668332817,8.46600611718866,0.00568262736961426,0.0229041696369019
TNFRSF9,1.97758510619375,-1.82544027489648,8.35395914484278,0.00569085449892726,0.0229314406574232
FAAP24,1.3535606886587,-1.36196630304123,8.44021920310714,0.00569685218965262,0.0229497164056976
ITGB8,1.58952865935446,0.442023882039774,8.45858773931258,0.00571513723902885,0.0230115646399584
PLK2,0.72439046364848,4.20227609339406,8.44950902700756,0.0057258660115776,0.0230488502312671
ACTC1,2.71767890270955,8.69876277640514,8.44657884674708,0.0057335254776696,0.0230737647107755
SLC8A1,0.694428445995151,2.05005976899859,8.4359506499007,0.00576287284261229,0.0231681068813524
AC022007.1,1.15537907123521,0.622502032870094,8.43875490193544,0.0057656038557623,0.0231731504522892
MROH8,-0.582747499246167,2.49553557349115,8.43304676668884,0.00576986452055332,0.0231784038008918
MRVI1,0.827617032795839,4.74074191048771,8.42632074078521,0.00578713591820635,0.0232418368055908
UNC13B,-0.59639839671719,6.00390187007969,8.42360791766433,0.00579433365200032,0.0232598898332722
GPR61,-0.774167757609728,-0.77124762817567,8.43562438397759,0.00579575150860368,0.0232598898332722
PRRT3,0.6505175466295,0.320926268382294,8.42769060225398,0.00579607703968956,0.0232598898332722
GUF1,-0.588176482144015,5.71959839059223,8.42220532563164,0.00579806902323668,0.0232619359201686
TNFRSF11B,2.13196327556767,0.0464980111522744,8.4201151039282,0.0058029807637461,0.0232756920743662
TMEM121,1.17226103098219,-1.38118070259969,8.4053671953416,0.00580718423279006,0.0232866010561165
ZYG11B,-0.828301415694495,7.29814833202241,8.4141348638676,0.0058196087042414,0.0233227505560531
WTIP,0.845615625862594,3.49451951035274,8.41380063139341,0.00582065714737561,0.0233227505560531
ENKD1,0.625722257559072,2.29582621663824,8.40991617996892,0.00583177126788168,0.0233399776696849
PSMD6-AS2,-0.748351903279376,-0.62198065884448,8.42088910178869,0.00583361472105261,0.0233399776696849
MSANTD1,-0.915936511372126,-0.165084838667725,8.41807775741332,0.0058346951191656,0.0233399776696849
BMPER,0.671583837109423,1.89900510553891,8.40849622087639,0.00583632987228619,0.0233399776696849
VKORC1,0.840884618217627,2.339395049882,8.4073384074071,0.0058387025161346,0.0233399776696849
RGS13,1.45535419285528,-1.92641458544947,8.32459228367812,0.00583982748065323,0.0233399776696849
NECTIN1,0.721105826774731,1.38284345343487,8.40246570580063,0.00585448286440521,0.023392593828116
AC140479.4,1.7348444083587,-1.93890613240809,8.29937344895583,0.00586036637807976,0.0234101426072695
MMP16,1.25134652425292,0.101223197864648,8.40157260106748,0.00587071593345963,0.0234455182126333
OGN,1.58236231921217,3.18881129971805,8.39073924368029,0.00588301051665601,0.0234707295523427
NMNAT3,-0.661024607706103,3.68068484750043,8.38694271679827,0.00589290472675235,0.0235042286369449
PGRMC1,0.815353828073531,4.2128590828589,8.38364520141008,0.00590181201333469,0.0235325240903565
AC027097.2,1.06817319153385,-2.25728789514443,8.26912709487842,0.00590368212010458,0.0235325240903565
PRKN,-0.691624385564145,4.58249458248669,8.37824974932364,0.00591644853815445,0.0235741710602524
RAB36,1.29376246049499,-0.999438805283851,8.37377464057794,0.00592509960786062,0.0235791351738465
PSD2,2.02918969954117,-1.02743140824226,8.34188313954973,0.00592821072927674,0.0235791351738465
MICAL2,0.592257813420929,4.21219772500223,8.37117907948166,0.00593574449693625,0.0236031187938724
ADAMTSL4-AS2,1.18677131422953,-2.53806548106078,8.18943485432622,0.0059384323188991,0.0236066853147187
ST8SIA4,0.682220506161647,2.23000522081236,8.37009320859975,0.00593964958953961,0.0236066853147187
WFDC1,1.87939528836979,0.842293567588197,8.36670381684569,0.00595894707987775,0.0236773859287801
HOXB9,1.34281815294358,-2.26406634313993,8.23053350144774,0.00596123937213817,0.0236804991004071
SUCLG2-AS1,-0.808965017308017,0.00477426555692163,8.362780123449,0.00598043500269104,0.0237267258258938
AL139274.2,-0.653627817029463,-0.737247764760489,8.36195400212481,0.00599500753414108,0.0237665176176671
AL590226.2,2.9895653750656,-1.23705697539809,8.22988683184842,0.00599856929468833,0.0237746325959933
CPT1A,0.689144564432965,4.09854336839028,8.33985207295475,0.0060219774429968,0.0238553599111143
TRPM2,0.902600188484748,0.683815291107498,8.34262568574084,0.00602430180716095,0.0238585457641663
LINC00323,1.54814416784602,-2.21375517434487,8.20056919680151,0.00603925307514077,0.0239073444873718
GPR173,1.08940634912355,0.519659143573581,8.33782686146945,0.00604022913252992,0.0239073444873718
GABBR2,-1.36010687101402,-1.84679129289696,8.2802022253137,0.00605560758759658,0.0239462738945146
SPTLC3,0.767702288793881,0.737011543776437,8.32958880104374,0.00605831506724611,0.0239509458388987
UGGT2,0.594895560019446,2.74375872239789,8.32532704566822,0.00606281124173744,0.0239626850765724
PTPN20,-1.11354704280966,2.55179046500775,8.31341689678533,0.00609635698999035,0.0240589195267535
BRD3OS,0.734646124760509,1.72403064924381,8.3040810544509,0.006124223571887,0.0241611526452593
ZNF667-AS1,0.620110652360082,2.46626822026639,8.29891237470713,0.00613727989853454,0.0242021628159547
CCR7,1.66246008406524,0.143356785815753,8.29209747325105,0.00616978818944251,0.0243153385808143
WWP1,-0.72096298691991,7.54624913937036,8.28388855942373,0.00617925555234221,0.0243371181666276
LAMA5-AS1,1.53838871923568,-1.21375841656602,8.25789803089207,0.00619420663179822,0.0243776512251939
ADCY3,0.986002135107928,3.60834637750877,8.2770385548012,0.00619896219673336,0.024390251109985
CSGALNACT1,0.759450453513522,3.70862913529451,8.27497988613874,0.00620482621255528,0.024407204863673
TMEM208,0.591030502776413,2.49778947672083,8.26958857302797,0.00622081515350151,0.024451713957978
RND3,0.829087939107058,3.37017727661292,8.2682271405069,0.00622425082241557,0.0244590928036586
H3C6,-1.11985723858332,0.793697692622655,8.25930425550567,0.0062589762093604,0.024541786238044
SATB1,-0.739957996113902,6.42819290799821,8.25585450022432,0.00625971047225755,0.024541786238044
LINC01197,1.11075629612294,0.972380448505006,8.25478844554636,0.00627072478301747,0.0245617732641525
UQCRC2,-0.694397859787003,8.94310514082388,8.24492134843556,0.00629009140131306,0.0246191981405508
SNHG7,0.667110042867376,3.20864228951406,8.24429335719225,0.00629345703653715,0.0246200917717973
COBLL1,0.818597241204779,3.97058729342678,8.24018735176849,0.0063052380437604,0.0246538891621374
GCNT1,0.909645558094861,1.26797206846337,8.23471207453764,0.00632594718791053,0.0247287026436502
BMP2,0.855256812857774,1.7865780506902,8.23201785683071,0.00633124610448485,0.0247432538869247
CHST6,1.67209180195587,-1.83505067657823,8.14538019970185,0.00634431097120423,0.0247784266333826
AC009093.2,1.77959243526096,-2.34803863793156,8.06016837366225,0.00634498226438768,0.0247784266333826
KCNE3,0.981915601936912,0.808814125807134,8.22899469161779,0.00634712042083752,0.0247806106977724
AGL,-1.03523561208553,9.06360990174909,8.21652799045955,0.00637445349959482,0.0248625864006314
SEL1L3,0.59665750743329,2.61423056289298,8.21517508102751,0.00637902486228697,0.0248742348356755
AC007728.2,2.56163581191255,-2.06239947874749,8.04847017080014,0.00638717732136534,0.0248936548445068
RAB12,-0.626978753874735,6.38335336769108,8.21123465711642,0.00639006825257229,0.0248987391321058
CCDC153,0.976566338745293,-0.948172486832729,8.2156976650386,0.00639316033390495,0.0249046044776963
FRAS1,-0.924483660870418,3.70251152410968,8.20414556190692,0.00641114859558842,0.0249576561925161
BAMBI,0.641308870683223,0.86283632361467,8.20363673722158,0.00641831928936078,0.0249655068573366
MYOCD,1.232435062435,1.96342583604431,8.20245781278391,0.00641833833509737,0.0249655068573366
TRIM22,0.668445597102521,4.65744447696741,8.19942224536085,0.00642508003624958,0.0249738318235462
RORB,2.41807865628724,-1.76232982085464,8.06729001278614,0.0064372993928706,0.0250082707849267
HTR7,2.07095410671283,0.221470414212893,8.19248781541752,0.00645205098931984,0.0250531767138483
CLSTN2,1.06951072460281,4.05338205155067,8.18780626572426,0.00645975588567191,0.0250669679136041
ZNF788P,0.672099407323001,0.404049025772487,8.19160716976892,0.00646039408795977,0.0250669679136041
AL137802.2,1.1622895574579,-2.52506202730529,8.01676068814983,0.00647216629953065,0.0250842471444175
DIAPH3,1.75941991465337,-2.6766411875822,7.97131971133557,0.00647283854315967,0.0250842471444175
MOB3B,-0.61968684016509,2.34570175755449,8.18162117918429,0.00647896755182108,0.0251018009691019
MAP1LC3C,1.01729127815756,0.475400610902567,8.18272248188537,0.00648843927295932,0.0251215000865622
ZNF28,0.589205523632011,1.24799398182737,8.17872974047118,0.00648930299083555,0.0251215000865622
ADGRE2,0.937677507660243,1.55256536217575,8.17432272609897,0.0065034272343171,0.0251531026226237
KLF10,-0.655407923908089,6.0456412710886,8.16596556020444,0.00652527516298668,0.0252189592915725
PLK4,1.00652265293631,-0.895891851372599,8.1713105002029,0.00652857557159161,0.0252255031009676
NLRP1,0.656820220616008,4.75884734709837,8.16320900152241,0.00653362576003647,0.0252327204866521
ETFRF1,-0.603257296181027,5.17455626824581,8.16319346050017,0.0065336588759321,0.0252327204866521
PCDHB16,0.792275674855859,0.88602644918307,8.16393779478125,0.00653928756562275,0.0252482455946984
FCHO1,1.73838898944234,-0.155784235679396,8.16350041977133,0.00654168197154793,0.025251278539952
IL18R1,0.935746181578597,0.240767536001627,8.1635931304077,0.00654962422594595,0.0252695064469572
ADAMTS17,0.63852527894897,0.799003899592364,8.15794591670142,0.006556113583834,0.0252821136850798
AC005005.3,0.964053097873753,-2.26504345872656,8.04880314376856,0.00656895578999617,0.0253129784247458
HIPK2,-0.736723502588516,6.49286564672701,8.14529550775161,0.00658801869131115,0.0253615289085427
ITGB2-AS1,1.83292944452016,0.796163664053927,8.1485939451988,0.00658969679088391,0.0253617683013543
CDH1,1.91282244259484,-1.95791197289159,8.02693668357566,0.00660818301182744,0.0254204491104489
AL139384.1,0.616499746763362,-0.409392748383931,8.14595148263594,0.00661367570618556,0.0254284481432491
CIART,-1.09932207461141,3.62005023859517,8.13595413487735,0.00661674305301237,0.0254284481432491
FOLR3,2.40047470123474,-2.36464832008594,7.94022058652764,0.00666142253896114,0.0255448171903006
ALDH1L2,0.913389147053307,2.20082928533238,8.12014480505503,0.00666650527035786,0.0255508669641677
LST1,1.59451430520139,1.90464529870799,8.11328495420988,0.00668988643632246,0.0256279637827877
MAP2K6,-0.784878598248693,3.86343598500235,8.10681060793819,0.00670663421928928,0.0256795862580496
SYTL1,1.47461056358849,0.906550599188685,8.10827101380771,0.00671228431844152,0.0256886862662618
PCDHB6,0.907274397212696,-0.254551967742495,8.11135267405698,0.00671777538869679,0.0256971690776496
MBOAT7,0.603117215416155,3.33127016659608,8.10030041654774,0.00672702868162441,0.0257200280531291
TMLHE,-0.629408603193727,4.52758682774458,8.09520302182652,0.00674278113931981,0.0257739771021979
VEGFC,0.72614522234077,1.58976629945134,8.09176180863574,0.00675640411364241,0.0258197620072115
LINC01480,1.31283395749036,-1.651230547548,8.05095671454962,0.00676332721771195,0.0258399271377773
PLEK2,1.98010092433422,-2.92692925976056,7.82654325261471,0.00677520073706803,0.0258726947854703
BMP1,0.674573947377547,3.7869512618138,8.08021531269154,0.00678990093511161,0.025903620606849
REEP2,-0.709480276449322,3.44906508641451,8.07677315027552,0.00680081413154172,0.0259144625235959
JCHAIN,2.13990647944752,2.01040654601155,8.07619946403122,0.00680733616277243,0.0259227349892118
RFESD,-0.687155328557052,1.05416791018051,8.0762389907481,0.00680812447438872,0.0259227349892118
TNFAIP2,0.737288316570288,5.91164099022463,8.07123057206423,0.00681816127646548,0.0259483611139975
RHOB,0.667488397364129,6.09437731381053,8.0673177194897,0.00683055468303577,0.025976630906287
SLC39A8,0.852029599840927,1.44889258961277,8.06517215777123,0.00684116072634019,0.0260106631782726
TFAP2E,0.971958110769839,-1.03349822992508,8.0543207050524,0.00688543798870219,0.0261346914710232
DGKB,1.5777456969775,-0.240530150464026,8.05250114675557,0.00689138873051093,0.0261509540922072
NLGN3,0.998271070088878,-0.664620483604183,8.05407324716381,0.0068981384399079,0.0261687372470564
CFAP157,0.844357389800437,-1.81683106144575,8.01084424582012,0.00689989864281458,0.0261687372470564
DISC1,0.834589284837198,1.6483145989185,8.04489862212535,0.00690487647753266,0.0261687372470564
UCK2,0.775059256254986,3.71488163363805,8.03114833622246,0.00694639020645692,0.026289750250866
PODXL2,0.655069581871753,1.47472989437578,8.02961428817902,0.00695293525693737,0.026304713304638
SIGIRR,0.658453145009284,3.0569321791776,8.02848183198262,0.00695520091522817,0.026304713304638
NDRG4,-0.678196764310111,3.05686875948747,8.02646851878094,0.00696167725128949,0.026311795789458
SLC4A4,-0.668192786566285,2.32940645810146,8.02645664037242,0.0069622738396699,0.026311795789458
ACTA2-AS1,1.2753385061109,1.96432041893397,8.02294917863978,0.00697526058741597,0.0263545293499022
PATL2,1.44471178266969,-0.690646366578926,8.02179028761319,0.00698226826223204,0.0263644387265039
ORAI3,0.672430438055826,1.60730881517926,8.02064586368817,0.00698301593187051,0.0263644387265039
STC2,0.924585061960238,1.72111865894967,8.01599945311194,0.00699806228892807,0.0264069251210309
PCBD2,-0.66502561935436,4.55745984295438,8.01481454862729,0.00699922322417894,0.0264069251210309
CNTD2,1.79105017592528,-2.57708386820967,7.81808995482502,0.00700381474403001,0.0264115503141641
IFIH1,0.662137881452984,2.33318118407838,8.00821317886462,0.00702163986322618,0.0264681600593284
FH,-0.616605772304195,6.97895278149541,8.0077555870293,0.00702219933017162,0.0264681600593284
PPP1R14A,0.897817564897883,3.23926191580056,8.00409895927653,0.00703444319476426,0.0265079438035595
SPA17,1.00570063003068,-0.69581739053802,8.0103301494258,0.00703904038754493,0.0265189003558612
ACKR2,2.08604668426703,-0.964371063875831,7.96542172736149,0.00705818055286013,0.0265782494666842
DMRTA1,-0.664690611677306,1.03797540546931,7.99775939952013,0.0070609653501855,0.0265823581605089
BAIAP2L2,0.625824938685043,-0.545482476351588,8.00363552834672,0.00706641106423727,0.0265901034891402
TC2N,0.658991148206444,2.30668708909645,7.99226882341771,0.00707392121646577,0.0266039973653049
AC040970.1,1.62594025311513,-2.89674990989159,7.74306832332161,0.00707535435297422,0.0266039973653049
C1QTNF7,1.50245261104686,1.19726185196317,7.99208974902891,0.00708155534938256,0.0266151846763791
ANKRD46,-0.673222590577576,5.19484087810339,7.98882976137713,0.00708429185777399,0.026619095213733
ZNF837,0.988946039715083,-0.944877580328227,7.99176506039537,0.00709174840025592,0.0266359126999461
FILIP1,-0.742266999918819,6.44783875604145,7.98054523713728,0.00711164581595392,0.0266963121457538
IL7R,1.70846095217713,2.27182070000296,7.97726078466138,0.00712488389034719,0.0267396108701576
ALDH5A1,-0.82247099731317,6.222322427815,7.9740408015482,0.00713320639355887,0.0267580483620713
AC091057.1,1.05299571198003,0.277771904182772,7.97582639919967,0.00714492154606164,0.0267827904622492
ADAMTSL1,1.62210402287434,0.853373570487236,7.97004631961611,0.00715808370934867,0.0268178984918278
MAN1B1-DT,0.626463316823178,1.38549085397268,7.95392486857086,0.00720211124733503,0.0269392602542715
TXNDC5,0.927215785668405,-0.0888608557211136,7.95469261328814,0.00722169274403916,0.026986778004213
ENSG00000116883,0.79383200976991,0.512526313539844,7.94670113448675,0.00723741983502048,0.0270262441852597
HAS2-AS1,1.68214744475382,-2.51676006060369,7.76726323505605,0.00724355791748953,0.0270417552239111
DPY19L2,1.64887927746227,2.12156998745041,7.9413885219901,0.00724527353123685,0.0270417552239111
MT-ATP8,-0.610038783359751,10.9611286841698,7.93951780061471,0.00724674243209747,0.0270417552239111
UBR3,-0.793651512709347,7.7354370074056,7.93548570667615,0.00726244054926847,0.0270563223074854
BEST4,1.56743930711546,-2.3210523739574,7.79212762054007,0.00727242534882848,0.0270860740032897
SLC5A3,0.815347906608737,2.86325188967062,7.92465173824231,0.00729970026087434,0.0271683176652651
IFI27,0.685123019733351,5.25388487013804,7.92259308113732,0.00730621647007797,0.0271796794259004
CEACAM16,1.65046668965027,-1.8628616170296,7.8427733543742,0.00731376211995454,0.0272013024816792
LINC00920,1.34856905429318,-1.88401118133296,7.85145250149654,0.00733066706364828,0.0272577160776972
FBXL19,0.59608536850152,1.9147517245754,7.90690319631083,0.00735990310508177,0.0273198638691874
VASH1,0.580843102721387,3.93201475103362,7.90301392450655,0.00737330832539951,0.027345008073522
AC091152.2,-0.867222006766632,-1.14259938196992,7.91132798790574,0.00737680380475847,0.0273515085555597
EBPL,0.775098117437043,1.69224954651707,7.89400070541826,0.0074069502245129,0.027430883382192
LETM2,0.680823519391164,-0.755892926542796,7.90169666620242,0.00740934934001083,0.0274332950911701
HLA-E,0.732206395489359,8.42217821909034,7.88939882465798,0.00742019693962707,0.0274669790017563
SMPD3,0.733109141937376,2.20167441893919,7.88881580525477,0.00742344886928582,0.0274725371382789
NUDT19,-0.583845614271837,4.25852997913308,7.88487501191898,0.00743593170939876,0.0275089591054761
ADGRB1,1.36560050947464,-1.10180079703698,7.87724047433028,0.00744054355048601,0.0275090126513972
STIMATE-MUSTN1,-0.902311419746465,0.87229094609645,7.88501207682056,0.00744379128738891,0.0275090126513972
HILPDA,1.17718648250196,1.28950963817216,7.87787636835244,0.00746620445633561,0.0275657678057369
ANG,1.30648284453592,0.379206406858856,7.87378746239444,0.00749125907967409,0.0276517665229268
TMEM254,0.593095025897688,1.81017711694945,7.86709385724547,0.00749821098545498,0.0276681431787195
ELANE,1.09003770120203,-0.822966300562309,7.86849061341297,0.00751203857327833,0.0277024072856211
SAMD9,0.777582334759471,2.18108742797281,7.8598816424927,0.00752445386338646,0.0277297026433621
TRABD2A,1.28192366060592,-0.387075854733277,7.86551053212406,0.00752474058987442,0.0277297026433621
AC107884.1,-0.602695222374524,-0.420888199268241,7.8615167292873,0.0075500323913872,0.0278098470741192
AC015712.2,1.05035809536227,-0.259682153700525,7.8450843406114,0.00760119869165259,0.0279393005773975
LINC01094,1.44945910482148,-1.81625170915278,7.7774151879078,0.00760902591862308,0.0279615223115873
AGAP2-AS1,1.21451414044769,-0.0569827726803374,7.8405591131633,0.00761354968452782,0.0279619371702119
VSTM4,0.5823655835919,3.81096769464322,7.83408040010503,0.00761448355944478,0.0279619371702119
B3GALT4,0.703784723803605,1.49602529221371,7.83036763672679,0.00763110756727726,0.0280033278626179
AKR1C3,0.993956395510727,2.44432191459816,7.82633583113545,0.00764298124745236,0.0280337907639086
LRRC75A,0.835338603321713,-0.439799982846583,7.83164192319953,0.00765179408018764,0.0280530035245375
AC010201.2,1.22613974749395,-1.52697896811121,7.79699493224155,0.00766462410785506,0.0280862177373677
SLCO3A1,0.689434412621466,3.58456784102216,7.81960708813493,0.0076662221590878,0.0280862177373677
CHCHD3,-0.720707310308813,7.27846775317118,7.81705209042234,0.00767523851018028,0.0280995727588709
PLD2,0.726932088890968,3.0690780855426,7.81099150787286,0.00769737562776388,0.0281740462867897
MDGA1,0.92420758685349,1.7224519334477,7.80450579618171,0.00772327189847853,0.0282424865905453
PTPRD,0.957676246760037,2.31313666019872,7.80173919349828,0.00773159918481317,0.0282491707733637
MAPK6,-0.598836533814095,5.43692995679184,7.80071905394247,0.00773409919166257,0.0282491707733637
TREX2,1.31710695780939,-2.19239260122995,7.69515911870115,0.00774140630341597,0.0282692815104964
CLDN14,1.85328850908331,-2.43748732076279,7.63615073441557,0.00774353050730164,0.0282704608774364
GPR158,1.34259015889604,-2.23634506174498,7.68666808367589,0.00775276626859775,0.0282975968803818
JAML,1.45909031139362,3.18719718482318,7.79020649590458,0.00777274266177138,0.0283455749716432
DOCK1,0.638235714840752,4.24745130965382,7.78997316132477,0.00777313505434549,0.0283455749716432
GNG11,0.734772612141239,5.6355953066887,7.78748062060627,0.00778215814018045,0.028361556905353
ENC1,0.64954899181716,3.08758933524578,7.78750782177445,0.00778238374539163,0.028361556905353
SMIM25,1.64191217110143,-0.326119718975111,7.78472370901788,0.00780167180707647,0.0284166254379358
AL133467.1,1.25090901524717,-1.67556862165682,7.74559217484607,0.00780985315438756,0.0284227543122868
GTSE1,1.29374714801699,-1.80116129394001,7.73186298488028,0.00781241833966674,0.0284227543122868
LIPA,0.773498684757046,4.48011753414645,7.77870374850469,0.00781422012472237,0.0284227543122868
FGF14,1.39560180857001,-0.631339539087043,7.77605440468773,0.00783487489969799,0.0284907094073788
AC006213.2,-0.752185191202073,-1.54343576620376,7.76897377552732,0.00783653345088591,0.0284907094073788
OMD,1.2582559681231,1.34103117075058,7.76741487617962,0.00786169383582044,0.0285623344336115
DCST1-AS1,1.59277377916753,-2.46040063613692,7.591937028461,0.00791422864246728,0.0287123146828841
APOL5,-1.13855008622059,-0.140313140412736,7.75911375475944,0.00791707624585201,0.0287123146828841
OXTR,0.947264544629276,-1.1076673720356,7.75339797645078,0.00791761057327316,0.0287123146828841
LAPTM4B,-0.697512402664387,7.29274263834697,7.74958866367489,0.00792147992420764,0.0287132183517886
RASGRP1,1.2734976235418,0.179283444882568,7.75462790102583,0.00792256565070851,0.0287132183517886
FAM162B,0.642098209525251,1.57324508490666,7.74968317495475,0.00792334811606221,0.0287132183517886
TIMM21,-0.583028916111474,5.17581020885609,7.7461897322188,0.00793411384871446,0.0287455948420068
AF111167.2,-0.736852582032478,2.04582904892701,7.74460986740656,0.0079414277033715,0.0287612979414804
NID1,0.751804285046283,5.26460123983827,7.73920922400002,0.00796011216829723,0.0288131827678563
TTC34,1.30929147522423,-1.98906140041585,7.66606445571156,0.00796849288824495,0.0288368678535865
AL139260.1,0.629910782952014,-1.11179565271269,7.73975320880058,0.00798361687581105,0.0288782822921997
ADGRL4,0.727478722960315,4.82402449865486,7.72746752630695,0.00800406411950176,0.0289189195109531
CPA5,1.64334895406302,-2.48526233942177,7.55902129033816,0.00801966404618293,0.028948626312061
TNFRSF21,0.721369142564272,3.15309429096448,7.71986974324241,0.00803291862911081,0.0289764784840023
MAP3K8,1.51202643337877,3.2100772046813,7.7181189661274,0.00803972659904177,0.0289886943958626
SMIM14,0.633298769117404,3.95320253129544,7.71739192219335,0.00804204085350519,0.0289893962323757
SLC16A3,-1.07583814047457,5.83870139775956,7.70865311114174,0.0080749833764231,0.0290745712290839
AC145098.1,1.21541630521821,-2.44553598359329,7.57043257851668,0.00807678436182261,0.0290745712290839
SYT17,1.0130587997702,-0.622070017108432,7.71299272745211,0.00808675406322131,0.0290904435072791
NXPE3,-0.791495479919732,6.92819439767524,7.70092746967698,0.00810430573297048,0.0291335498119495
CDCA8,1.03487358837528,-1.28676122170967,7.69244084192623,0.00812035486372498,0.0291711992644
SLC24A2,1.86492933003236,-1.26070095560179,7.66212395118777,0.00812454227742568,0.0291795631680082
POMC,-0.982633827834289,1.20327726636843,7.69646830212332,0.00812707437171165,0.0291819794701474
ABHD1,-0.742354283017452,1.69862980186632,7.69175933617353,0.00814172363534942,0.0292278939745675
ZC3H12A,0.661230739660899,1.97493701245343,7.68887483936232,0.00815202783270709,0.0292581927359565
AC024940.2,1.60095847344541,-0.455819412236169,7.68306711602937,0.00817932451766929,0.0293494509155966
AC103974.1,1.44861172171111,-2.51705757888787,7.5047263181113,0.0082390461074855,0.0295299905588
SLC29A2,-0.925832012276385,5.84808717667528,7.66487582355469,0.00824265112270518,0.0295316734244679
SV2A,0.921389689672756,-0.170620209812247,7.66568173307716,0.00826668852744772,0.0296020251969637
PVALB,3.33611038489361,2.04383736422529,7.65550727593156,0.00828792916972802,0.029624703593434
KLHDC3,-0.611008906772788,7.398222049762,7.65316660696313,0.00828812191645546,0.029624703593434
PHYH,-0.71758307063834,7.6947241179763,7.64402441055782,0.00832381063738998,0.0297360627148563
KPNA4,-0.619662757246699,7.76815765419529,7.63686757344134,0.00835186322727706,0.0297931792117414
AC090204.1,-1.01239144691562,-1.22406158608365,7.6413233471674,0.00835647756835554,0.0298011623347739
EBI3,1.83612291754029,-1.66726000219332,7.56754382943355,0.00836883740403541,0.0298384604853103
AFG3L2,-0.633842019345542,6.46300213911283,7.62919329873201,0.00838205633353213,0.0298788040324294
KCTD1,0.584079776220097,0.909990080322373,7.62397746510459,0.00840862434080886,0.0299589340037441
CDCA5,0.664314131350385,-0.547270647934063,7.62825479320672,0.00841895787585672,0.0299763030538955
BTC,1.08104145873759,-0.355586827280505,7.62521323305925,0.00842545247696625,0.0299849400047737
DDR2,0.970397911694466,5.197755583155,7.61714265166329,0.00842971801911899,0.029987403515429
AL359091.3,1.15176479675389,-2.62810782481781,7.44479038167509,0.00844271546949578,0.030010057971802
KCNE4,0.975433545704374,1.97884775164283,7.60942962922342,0.0084624719908183,0.0300642106611355
BGLAP,1.16745872229288,-1.16780768622003,7.60616356747016,0.00846280233838144,0.0300642106611355
PPP1R3C,-1.01846318335457,9.05317877876332,7.60694120522871,0.00847026043232973,0.0300838962401935
B3GALT2,1.14243630185499,-1.28392018659213,7.60078084442194,0.00847239794601748,0.03008468003682
ARID5B,1.07027126484895,5.35957519876718,7.60543506590103,0.00847628261133944,0.030084890651713
THRSP,1.93315694352328,3.63213346952247,7.60395069861777,0.00848264201668598,0.0301006254695651
RAMP2,0.702792884668237,4.43934822772073,7.60164769531987,0.00849141602106987,0.0301181411188004
LINCMD1,1.45455661776672,2.41790481086266,7.59795958083875,0.00850777378403385,0.0301614379513002
GZMM,1.65247868085921,-0.735792921558986,7.59301328079171,0.008511936273742,0.0301636576690857
SLIT2,0.784893395839218,2.4505132323252,7.59480770264409,0.00851969516415201,0.0301843376075318
ENSG00000257151,-0.725262699202742,4.62061096218998,7.59184947055742,0.00853067532701628,0.0302164182481428
TARS3,-0.72469461529908,5.60001390804813,7.58684452591667,0.00855077262416457,0.0302807708339943
VIM-AS1,0.8864088865252,-0.306419681173334,7.59262159862763,0.00855770132876648,0.0302916378788881
AC007114.2,-1.01745253713652,-1.15232724068249,7.59046454776563,0.00856505998652403,0.0303108492645986
PHKB,-0.630201691460277,7.30826883369913,7.58207927806725,0.00856998057711334,0.030321425869656
GBP3,0.944588082087276,2.5508770329118,7.58107651616229,0.00857492304213872,0.0303320750836978
HELZ2,0.650376775299954,3.45825397784861,7.57319028634185,0.00860613297837405,0.030408207360554
RHOBTB1,-0.941623287032992,6.68511213792015,7.5726441439961,0.00860815130682571,0.0304084930813931
FSCN1,0.76415279740494,3.7001736376585,7.56524202391169,0.00863837287874638,0.0304945372906808
PHYHIP,1.70602241682091,0.31786513836107,7.56615365935443,0.00865088220132952,0.03052508906247
ZBP1,1.57776335073965,-0.76575109685262,7.55816018367513,0.0086571318933681,0.0305337489843797
AC068870.2,0.864820559247201,-1.83722673849776,7.52742270888219,0.00865900470043357,0.0305337489843797
EPM2A,-0.753005656871781,6.08294864337808,7.55869106008181,0.00866493215230804,0.0305471945486242
ENSG00000253426,-0.758252096072233,-1.29682777344065,7.56337795314953,0.0086678686773645,0.0305506846825142
RPS6KA5,-0.659142209613665,3.95892212233736,7.55416572777442,0.00868351704388338,0.0305786205378595
KCNAB3,0.746798478698658,-0.796164310662492,7.56103394449937,0.00868807967553066,0.0305875752596352
SPATA25,-0.668539974361747,0.310982235498528,7.55551606010029,0.00869426218159261,0.0306024769993487
MARCKS,0.676297101480253,5.14691805445238,7.54879680230679,0.0087054532638793,0.0306281302346078
TBXA2R,0.723274391752186,0.679646190088302,7.54824999216636,0.00871795549575474,0.0306446386351334
SLC12A8,1.14957170390635,-1.87307519824687,7.49719013373105,0.00872338267070636,0.0306507978087794
ANGPT2,1.07840054459996,2.92044393816873,7.53974142680308,0.00874327106913493,0.0306982796915831
TRAM1L1,0.885012698709984,-0.476847377879373,7.54627965705624,0.00874822044026812,0.0306982796915831
CD9,0.733197115795135,5.52237282511225,7.53818020168951,0.00874912508646509,0.0306982796915831
GLDN,1.38042254544259,1.22628290930201,7.53972845334977,0.008750818944896,0.0306982796915831
CARD16,0.994625476779973,1.16414725091929,7.53837112765559,0.00875535347182857,0.0307073235173965
CTSO,0.688596648442602,3.85677972435591,7.53497520960157,0.0087624672721282,0.0307156441047678
RAB13,0.66115817025075,4.41874445493456,7.52626826679128,0.00879845092631397,0.0308277272521652
AC010864.1,0.745329775401904,-1.37822508608842,7.5234905466391,0.00880642021434993,0.0308450714715961
LVRN,1.40641749818203,1.15316892197662,7.51805294270515,0.00884154732140921,0.030906304536348
C1QTNF2,0.894034324613165,1.37971850529636,7.51660973404793,0.00884359437226752,0.030906304536348
AC025279.1,1.39930932312885,-2.02017027136206,7.43204444862908,0.00886813114214178,0.030985155448779
LINC01852,1.51820743264193,-1.8638539889335,7.42742771222064,0.00892902625010708,0.0311493814170773
INKA1,0.719625431691661,1.66541353899792,7.49283039615832,0.00894136838095273,0.0311720562991963
TMEM217,1.4684775572897,-2.4268929061298,7.35182098376862,0.00894198725705581,0.0311720562991963
ADAM8,1.33233287750613,2.12994189531592,7.48660963384315,0.00896703109269193,0.0312472364564387
KIF11,0.867590090165399,-0.414270627198869,7.4917302643851,0.00897485144349971,0.0312675457060439
B3GALNT2,-0.724080253360565,4.2335481192369,7.48307139337994,0.0089797366339321,0.0312743389846956
UNC5CL,0.812060608513249,-0.283608718343266,7.48971283979303,0.00898078660745608,0.0312743389846956
LILRB3,1.36490727653693,1.64446395374699,7.48339650467818,0.00898305067849322,0.0312752840281613
DNAH14,1.48947019167355,-1.90662619038891,7.41644545962008,0.00898553700800345,0.0312770022933276
SLC39A11,0.580809245748356,1.66724248221399,7.48057780859632,0.00899104514421104,0.0312892358178253
CD79B,0.705438753478956,1.52419222427497,7.47403946729213,0.00902177114965528,0.0313726949503488
GRIP2,-0.701939201562908,5.75170969560619,7.47240996421716,0.00902502183503185,0.0313726949503488
H2BP2,1.2722262211256,-2.1957171479657,7.37235670424311,0.00905077427697679,0.0314128669860172
WFIKKN2,-0.873217772341475,0.878518868822344,7.46809413396633,0.00905274781798076,0.0314128669860172
HKDC1,1.76629132368608,-2.9119239741305,7.2467457359471,0.00905459824373089,0.0314128669860172
SCX,0.818989338284378,2.03476437210094,7.46451368039007,0.00906059565757884,0.0314128669860172
MAFF,1.61317854989176,3.21051427712392,7.46075922688944,0.00907545895346235,0.0314513226554233
PRKAG2-AS1,1.1776124721003,-0.839295630216011,7.46432188253549,0.00907569546393196,0.0314513226554233
TENM3-AS1,1.71486040282258,-1.88205814506974,7.37405538475108,0.00909544913510026,0.0315034179002612
DMD,-0.724555090222382,7.55080995301087,7.45288269634772,0.00910870803751393,0.0315378717513305
OLFML2A,0.940043611166683,4.31847448278406,7.44845739764408,0.00912785133330659,0.0315832510309187
TMEM74B,0.647158685384258,1.57169128512552,7.44666299000587,0.00913888286799236,0.0316005213952721
WFDC2,2.45084810929806,-1.80893529436809,7.32268579993918,0.00914554272641037,0.0316149658507767
MRPL23-AS1,-0.89747369484874,2.91459783175103,7.44395505212178,0.00914769480096742,0.0316149658507767
NOS3,0.595041091336402,2.64004953593026,7.43945817295061,0.00916742346018299,0.031657362201886
AC007566.1,-0.674365365422056,0.241553143390902,7.43733614762186,0.00919447960379334,0.0317159027212168
ZWINT,0.921432057964345,-0.352091238002242,7.43904584638008,0.00919993727084096,0.0317277555407271
TRIM58,1.71468874025388,-0.939106005973151,7.41170941310448,0.00923551626577566,0.0318224868916243
CTSC,0.916601916126877,4.74159243883748,7.41326642707346,0.00928106764286985,0.0319373726496037
G3BP2,-0.602795238434559,7.21699016740248,7.41136003498641,0.009289421650525,0.0319591128463371
CSDC2,1.06421518827311,1.64706826364832,7.40603956092983,0.00931673372412237,0.0320109754378504
CFAP300,1.51041149503955,-1.46599100088998,7.37120747536153,0.00933471552356765,0.0320296633353541
CA13,0.837333099663707,-0.941478244676166,7.40691391928979,0.00933645809233801,0.0320296633353541
TMEM139,1.26555561150485,-2.49137158731769,7.2595045948731,0.00934444840062023,0.0320430669975387
MMP17,1.19076254038522,0.242113770096263,7.4030480884491,0.0093471857787967,0.0320444804373206
SEC61B,0.643220662294069,3.39176322305788,7.3966325605204,0.00935464690963346,0.0320546215964775
MIR29B2CHG,-0.826139748293166,5.29052122047929,7.39440654611315,0.00936430380565973,0.032076112664738
IFT52,0.835491853543846,2.60169066394121,7.38864144097254,0.00939074472011703,0.0321596636225697
RAB37,0.939008155152897,1.01062425321218,7.38886803828231,0.0093976578347432,0.0321763175646367
PANX2,1.15805478501465,-0.651297887966044,7.39081457624512,0.00940425644036782,0.032184868040029
TOX,1.40652029306808,-0.908927863480937,7.38049506027691,0.00942101016858818,0.0322211276086275
B3GNT4,1.07852737552107,-2.41518330776381,7.25491753951222,0.00945678394835002,0.0323161493718493
EPS8,0.710599805820246,5.31670435529226,7.37361266669475,0.0094570292491178,0.0323161493718493
EDNRA,0.829461762546981,3.57538294150155,7.36003435416842,0.00951828993138146,0.032490117545244
FAM153CP,1.48095817182526,-1.20486737736511,7.33975696228529,0.00955731681687955,0.0326036931927952
PROSER3,0.634708635150734,1.13391592615872,7.35224300037632,0.00955779499076461,0.0326036931927952
ZNF487,0.659418040811477,0.395349609663503,7.34898177222985,0.00958330729447436,0.0326693655423429
ODF2L,0.622164003075902,3.13405730954605,7.34126721679599,0.00960353841790262,0.0327099686347616
NRG2,0.723835954246265,0.104288473066701,7.34337271872405,0.00961524764924821,0.0327427450325343
DTL,1.30785477521705,-0.871897764882523,7.33527314346602,0.00963629218485614,0.0328001747649788
ENSG00000166748,-1.30372282829088,2.98658608131445,7.33130178435083,0.00964921466066872,0.0328299206805106
NMNAT1,-0.649422057299142,4.31132890940999,7.32684266871476,0.0096692229367315,0.0328837386764899
SMAD9,0.657888929903502,3.40969743584893,7.31695517761894,0.00971487301124882,0.0330063613082618
AP3S1,0.591696887632368,4.13185808681255,7.31672477801628,0.00971579415381774,0.0330063613082618
JAG1,0.662645379615399,5.03858356354135,7.308215957905,0.00975508022893412,0.033096840508673
FOXD2-AS1,1.16425379420752,-1.26700003589714,7.29907447690781,0.00976733543050612,0.0331240988724705
GORAB-AS1,1.59970452822143,-2.49936773751433,7.15766803069805,0.00977855293479277,0.0331510804792389
SULT1A2,0.635354121610321,0.731093658174888,7.30492169225377,0.00977951593621383,0.0331510804792389
SHB,0.643153804615745,1.27254908948139,7.29482845940026,0.00982081794148246,0.033264662456038
HHIPL1,0.776041854756014,0.452767258004062,7.29755973454053,0.00982150021161388,0.033264662456038
HHLA3,0.666909730777226,-0.0481709181883137,7.29820843067409,0.00982730419427826,0.0332771390138506
ITGA4,1.3195596057027,1.27467660667717,7.29203682767413,0.00983811818189551,0.0332993885841816
PNMA8B,1.07097925045396,0.515179507648397,7.2889015590046,0.00986185628759067,0.0333725386877394
AC011337.1,0.9860302162368,-1.6092205961284,7.26624034545609,0.00987454642837315,0.0334010789209734
AL354836.1,0.718405157316684,-0.664702736314085,7.2857243288451,0.00989626491658057,0.0334529136045083
INSIG1,0.755424442970895,3.59472694186282,7.27476162692742,0.00991156747214911,0.0334863313022916
PDE1A,0.807471024716185,2.68282563414375,7.27467433778464,0.00991255146418902,0.0334863313022916
COQ10A,-0.910647005858958,7.35246067524813,7.27259890434591,0.00992158122706858,0.0335096228445968
IFNLR1,-0.849362224915968,2.11951938852742,7.27234337011393,0.00992431236761222,0.0335116356733377
C15orf48,1.90854529788366,-1.92173889864328,7.18383794998954,0.00992899071869055,0.0335199463237442
SIDT1,0.839882360257019,-0.0629217861046745,7.2762806355896,0.00993238465874079,0.0335199463237442
AC009318.3,-0.610355939546527,-1.88004836287521,7.24375157763478,0.00995009989645865,0.0335553970509064
SHROOM2,0.887471758183051,-0.989405913206479,7.26447622399619,0.00998391205482174,0.0336201716733184
KCNAB1,0.982110297211863,2.64841438766104,7.25899090400328,0.00998689595450803,0.0336216928369806
ZMIZ1-AS1,1.0174490363103,-1.51899133237301,7.24243249582934,0.0100028313897711,0.0336609002277996
APLP1,0.699268619053536,-1.08376113603951,7.25343805573619,0.0100389817520586,0.0337536029559897
LILRA2,1.7292971756731,0.518163867273554,7.2500937468118,0.0100453047613272,0.0337676286633175
SRGN,0.782299296527932,4.54261364051441,7.24269464898966,0.0100637615302285,0.0338224276695796
EMX2OS,0.69055563693831,2.64349081978615,7.24214879413017,0.0100671128805183,0.0338264475829018
STAC,0.876767012628309,1.55450460827057,7.2389876712627,0.0100856222663044,0.033874136843494
TMSB15B,1.15365269875996,-1.13818365172535,7.23221373962912,0.0101054940086795,0.0339148266626498
RNF135,0.649593466562575,2.73639894149249,7.22830720978772,0.0101335506499646,0.0339842045835887
NTN5,1.15008433916411,-1.91478540393695,7.1756140194381,0.0101609507944275,0.0340615383849935
GCK,1.58028338124114,-2.3041350956095,7.10023525873816,0.0101892672990186,0.0341246504231002
MMD,1.56179607988445,3.13096349242098,7.2140368499061,0.0102026994588834,0.0341503647945898
ZDHHC15,0.781254663588421,0.0596882771053164,7.21838789153859,0.0102048557430154,0.0341503647945898
GIMAP2,0.819688426890199,2.06507449992305,7.21220893771078,0.0102127303528107,0.0341694314404953
PTGIS,1.24546159064291,3.82070931317777,7.21115628503709,0.0102162013229887,0.0341737595405599
ZSWIM6,0.599276349668986,2.33816833581108,7.20695764699713,0.0102375658956746,0.0342263947391844
AC004846.1,1.31131956688016,-1.41852788961149,7.18963987416793,0.0102420639600263,0.0342263947391844
ENSG00000225302,1.1282238348469,-1.6983349999863,7.17662135643239,0.0102574078504557,0.0342531949389154
C1QTNF1,0.951266422430179,4.6573288139257,7.20117131982716,0.010264756816852,0.0342704442119745
RERGL,1.53325583704729,3.03605307137743,7.20079247560419,0.0102673662162551,0.0342718657516214
ZNF467,0.775793364691497,1.3263632393034,7.19853810838244,0.0102830953011814,0.0343024826253012
TNFRSF13C,1.30895713963197,-0.363327376790057,7.19446833150074,0.0103222951414507,0.0344039970790124
CLEC2D,0.594069676992633,2.76527797166162,7.18311305853771,0.0103540702521258,0.0344907173567158
SMCO2,2.06306543458171,-2.54906744216095,7.02723717001335,0.0103639077564476,0.0345133741220974
SPIN1,0.677887180295333,4.13196236177553,7.17715895731239,0.0103829857587624,0.0345391292849148
AC087457.1,2.06812461329004,-1.99371773921953,7.0680268924017,0.0104075554598113,0.0345999963867272
AC064807.1,-0.743645701544878,2.58047756676856,7.1709524900021,0.0104144582134392,0.034608283222513
CASTOR1,0.81958773795926,-1.3841002656374,7.16729025972942,0.0104177435318246,0.0346118722972029
TGFB2,1.07566999141551,3.66304840337259,7.16696753321742,0.0104337085764404,0.0346494508676593
ADRA2C,0.89871807671639,1.34955730055027,7.16641918280963,0.0104420289138897,0.0346535616779674
LMNTD2,1.05713393559733,-1.81593890321617,7.13127077030357,0.0104435391358258,0.0346535616779674
ITIH5,0.676613492004296,5.80286450256574,7.1637713353899,0.0104494327931243,0.0346657889850107
MELTF-AS1,1.10176262001226,-1.3141500143087,7.15642339387178,0.0104574878173298,0.0346851799013082
NAAA,0.584231818335546,2.64037428050658,7.15516037001848,0.01049321019182,0.0347742681504678
ELOVL6,1.43650097707174,1.18832331895174,7.15048137585591,0.0105254866945711,0.0348443117922558
Z97989.1,0.60800551529408,0.239431076609077,7.15115061618158,0.0105317427611041,0.0348504538552665
COQ3,-0.687030100683502,4.36450484247158,7.14665926113613,0.0105351740259583,0.0348544595989494
TIAM2,1.18384324675639,3.41439341470576,7.14440742612888,0.0105467686387996,0.0348781149991485
PUDP,-0.612758374335795,4.19029023262306,7.14332804876983,0.0105519605998215,0.0348817551042774
CPE,0.706267281851156,5.94506858401132,7.14240227423577,0.0105565543422409,0.0348817551042774
NDUFS1,-0.754698871642538,8.50192347468565,7.13880736005373,0.0105746889499176,0.0349042572174462
NDUFA5,-0.66297045051083,7.40303609086179,7.13788250397241,0.0105793602384284,0.0349123336716009
SPIN4,0.744792431314454,0.229117403745374,7.14060037916711,0.0105860290468858,0.0349196565554586
DCHS1,0.585608779054699,4.54864634559775,7.13321589573775,0.0106029924261606,0.0349548608663233
CCDC9B,-0.715686423118299,6.45356069973197,7.13293768827396,0.0106043728034983,0.0349548608663233
TWF1,0.669162170816194,3.65711571696652,7.13272380592857,0.0106056099041371,0.0349548608663233
LRRCC1,0.647765008933845,1.54289762266977,7.12608924657829,0.0106429352912358,0.0350484409139625
FAM110A,0.772052174942845,0.782623389146087,7.12607344970986,0.0106509806557124,0.035067577384394
LURAP1L,0.93475428079639,1.6104238377039,7.12219788486527,0.0106629797457237,0.0350980699992216
RNASE4,1.36982095558428,-1.20954334997094,7.10714819870248,0.0106894940298319,0.0351501380260238
TICRR,1.16081983893396,-1.09481333939352,7.11533132368747,0.0106921244805689,0.0351514230671407
TINCR,1.29540101170447,-2.31397715625699,7.01250074152961,0.0106981159994916,0.0351637551019937
FUT4,0.649393381269556,1.19771681649321,7.10488722063231,0.010751758057784,0.0353104923031848
U62317.2,0.708154269934083,0.0597772572354281,7.10799469365485,0.0107556056025978,0.0353135249328456
ZAP70,1.01721930368641,1.92520781730752,7.10320396028688,0.0107588246234071,0.0353135249328456
TFRC,-0.891967776727801,7.10273094305411,7.10231984816434,0.0107606566252601,0.0353135249328456
RHOJ,0.604141782165445,3.87910414642666,7.09633796233294,0.0107915977305662,0.035389495691859
C17orf67,0.613302546998016,-0.60259305139381,7.10343144228754,0.0107944729697274,0.035391529822409
ARHGAP33,0.580311835938896,2.07440767445188,7.08733544113302,0.0108397201640209,0.0354657927818028
LIPT2,-0.667100992294415,0.82911488181022,7.08733671981963,0.0108483164108058,0.0354791260820166
CYB561,0.803149601821188,3.17612279663373,7.08404870298427,0.0108554699977037,0.0354824158297367
PDZRN3,-0.646855935342136,5.22278654462378,7.08385465242864,0.0108561045437653,0.0354824158297367
DRD1,1.23852850728985,-1.67972669999422,7.05036754097356,0.0108804295539265,0.0355249306945865
TNFRSF10A,0.712153454539758,0.81831991749004,7.07660949251542,0.010905007508915,0.035575575317485
AC098798.1,-1.09765032667244,-1.69629462946754,7.05559594949099,0.010917637610495,0.0355798011413453
ITGA9,0.644572144180856,3.44976475923026,7.06216030961097,0.010969604926842,0.0356972733416514
NEU4,-1.51600777668742,1.34549554465375,7.0613959438402,0.0109805358736846,0.0357254375077695
PXMP2,-0.655651574796963,2.94145344569882,7.05908641250103,0.010986001932523,0.0357313389352606
AL390726.4,1.53619917673151,-2.79301432827658,6.86594814152708,0.0110549760685292,0.0359378312749723
SCUBE3,1.52123263424046,0.919938408782771,7.04711796281373,0.0110625852003665,0.0359476759254146
PTGR1,0.642324233652134,3.16378409066387,7.04140621889192,0.0110792868805722,0.0359944954648272
MPZL3,1.19931549600008,0.342238262364088,7.04282093201168,0.0110927818558419,0.0360117026451978
MSI2,-0.623967417610415,6.44255002780996,7.03373516316594,0.0111197265506255,0.0360610055802921
AKNAD1,1.3616663082692,-0.982886578587854,7.02799717610512,0.0111390604837904,0.0360915677731402
CISD1,-0.676979846127551,5.6555239435488,7.02797621892847,0.0111504548995809,0.0361210298552986
AC109460.1,0.8056167499342,-2.29645884507814,6.94242426759815,0.0111751196235337,0.0361732029001013
GAS2L1,0.676873794060261,3.11824147432941,7.02337762362547,0.01117544308796,0.0361732029001013
AC000403.1,0.917514073065957,-1.45014802597658,7.01637568215939,0.0111757796025862,0.0361732029001013
PNMA2,0.889007270708797,-0.0135426362197884,7.02420811767573,0.0111992908234979,0.0362343577560915
RAB7B,0.787791360480716,2.08828194019756,7.01773831238218,0.011207147398291,0.0362509661471409
NAV1,0.584229591591265,4.54663660381463,7.01271626028026,0.0112323422738419,0.0363056550399101
COL9A2,1.01877287582841,-0.461947346532268,7.01630969123504,0.0112470978576281,0.0363421643376345
LBX2-AS1,0.901474739513154,0.394279068548825,7.00771907460136,0.0112791626950886,0.0364027264033345
TGFA,1.13149465851689,-1.27978445178321,6.99313142861094,0.0113099362705339,0.0364870400341275
TRAF3IP3,1.21693591762467,1.54545718435609,6.99592878582426,0.0113286146893926,0.036532280162321
AL590617.2,1.12093176916355,-1.22888970210125,6.98835130912837,0.0113465804347955,0.0365751858542032
CDNF,-0.668612463063002,3.64331473021448,6.98811825983753,0.0113657553625969,0.0366242465935382
QPCTL,0.59216413868886,0.476822479579175,6.98914820563563,0.0113745100794883,0.0366426386899772
ATP2A3,0.80463771439972,3.07824191512926,6.98313390163685,0.0113932923533499,0.0366830868537725
AC087672.2,1.16008683750677,-2.48765621034594,6.86276704645611,0.0114031959520775,0.036697387834295
KCNG2,1.31438104061685,-2.75639467780134,6.80932844058536,0.011424181183356,0.0367372953678211
CA5B,0.698108074916481,1.71643761360538,6.9778353392868,0.0114249594578104,0.0367372953678211
LRRC69,-0.888600045160227,-1.94752487985229,6.94102753440916,0.0114476674472746,0.0367955227101192
PPP1R26-AS1,1.03059418815376,-1.55346776517096,6.95848911156843,0.0114477564443143,0.0367955227101192
AFF3,0.935828001424918,2.3281771654165,6.97127078007466,0.0114593107600081,0.0368025132756961
TMEM51,0.715678249174239,1.02175601441136,6.96146921364929,0.0115207571383177,0.0369544825844873
CORO2A,1.4220069843324,0.0283731107689011,6.96045182762703,0.0115416923985088,0.0370140707385768
C20orf96,0.620321062153337,0.752633700424658,6.95217448011884,0.0115729638879931,0.0370855267487506
AC091563.1,-0.834170836065981,2.26310759031016,6.94796230665195,0.0115882056690888,0.0371177322400713
TMEM67,0.810739869442597,0.54618918938715,6.94972258292416,0.0115937260494661,0.03712783724676
BMP8B,1.56244230985799,0.977202167695825,6.9433414246365,0.0116259279335553,0.0372005991676146
LRRC6,1.04234093123771,-1.28492637615969,6.93529350972009,0.0116391022280041,0.0372229636299551
LIPC,1.49621459860425,-2.16002974146974,6.84751273015653,0.011643052938581,0.0372229636299551
EPHA7,1.13556714400146,-0.31201187116169,6.94152637077562,0.0116542482937936,0.0372367540300994
RSPH4A,-0.620961744898548,-0.714467211223567,6.940446573086,0.0116777260126839,0.0372979059359126
TFF3,2.01879483022052,-0.639199207024508,6.91823573494409,0.0116934063490747,0.0373327934598715
TRIM4,0.610534462432894,3.07005354455665,6.92386129841765,0.0117222932745923,0.0374077601067782
UBE2G1,-0.624508385314441,7.23200610673113,6.9228265164433,0.0117277142036016,0.0374118850458388
PAPPA2,1.78614288054252,-0.684441987343104,6.91637873859706,0.011734544630587,0.0374165654921383
MYL6,0.643719038584363,7.76326082165136,6.91744146832826,0.0117581237060254,0.0374632057584386
ULK4,1.08463188595853,-0.721821446760844,6.91884249532407,0.0117796404146466,0.0374937043820479
LPCAT2,0.735684060054972,3.12985697530211,6.90505026636655,0.0118288283294262,0.0376121273562285
PRR16,-0.720363451593124,3.34095559652506,6.90301398695469,0.0118402714465614,0.0376212600011625
LZTS1,0.675551775535544,2.01937617022983,6.90314043287874,0.0118412885890884,0.0376212600011625
EMX2,0.880643172123895,1.30963769862159,6.89971020055753,0.0118652452384485,0.037689743780095
LCN8,1.60707167855591,0.262978675383777,6.90109840945624,0.0118717581320992,0.0377028012714078
SEMA3D,1.97405816227351,-0.814336237166283,6.87859471216142,0.0118934397743141,0.0377487436315188
MYRF,1.38136073016664,-1.6317794037412,6.85916943589452,0.0118984971757539,0.0377550939922336
CIB2,1.06951363418753,2.49265170323448,6.88792941323612,0.0119275548066288,0.0378294001542453
AC009549.1,1.15450477479516,-2.34324719778442,6.78355708971025,0.0119567108323448,0.0379035702915878
FAM151B,1.00384017378203,-1.95530442158964,6.82424925965522,0.0120494989907918,0.0381591780993698
CLEC18A,0.930022253871285,-0.893200802733874,6.87000611644385,0.0120604883513163,0.0381862748989125
SEPTIN4,0.604865811048829,3.23792612822865,6.86167061092169,0.0120783795118784,0.0382352090437539
VPS13A,-0.627705047020439,6.06106110637381,6.85690591988982,0.0121058256303251,0.0382911997718567
NAB1,0.585042098482692,3.92439987004877,6.85523007696327,0.0121157258013309,0.0382939153957584
PGGHG,0.736095853622972,4.05966914575657,6.85404268414727,0.0121226464935779,0.0383058056607017
ARHGAP9,1.37778927299547,2.45887971939552,6.84727216367294,0.0121638912427475,0.0384129322042095
CDYL2,0.715628395480754,1.17893197680176,6.84403763874868,0.0121883321410317,0.0384823723503303
LINC01956,1.06653313810286,-2.10985566644096,6.78055673713715,0.0122085153232566,0.0385305948116857
SAR1B,-0.659490527358074,7.29798332246256,6.83011332206303,0.0122632060663923,0.0386826642579688
SGCD,-0.655597881931216,6.89933405423451,6.82996342336992,0.0122640928542627,0.0386826642579688
AGPAT2,1.14049597870892,4.87406252799514,6.82735644573345,0.0122795536088541,0.0387003200584266
GALNT12,1.10626669083019,0.490176449409909,6.83023695420654,0.0122820571776344,0.0387004391493619
SEC24B-AS1,0.927274003033695,-1.89305952216221,6.78587326657845,0.0123296094525357,0.0388219748197539
FAM227A,1.18118696360151,-1.47749503595038,6.80505753695298,0.0123298124865023,0.0388219748197539
MCOLN3,1.16435884681577,0.594828242470918,6.80861993606346,0.0124088898909078,0.0389983033315576
B3GALNT1,0.887346356697219,1.33206287878492,6.80099262046275,0.0124430775189371,0.0390869375639865
CXCL8,1.81356371594816,-1.94847102145042,6.72123586134732,0.0124498192381617,0.0390878001486193
BRINP1,1.22713811204075,-0.52440863016509,6.80177416884618,0.0124602550868408,0.0391049197336464
B3GNT2,0.662941186168224,2.54149758744246,6.79559958002655,0.0124701132265008,0.0391211009526923
GLYATL2,1.45771072064903,-2.37617997807998,6.68326740357443,0.0124714225550965,0.0391211009526923
MAPK15,1.50760508676505,-1.63090702030097,6.75677222705968,0.0125049727139691,0.0391982318245947
STK33,-0.687939588211071,2.03623301277724,6.78858949882239,0.0125133108264617,0.0392087070116425
LINC01605,1.53765478735112,-2.68815309223905,6.63145435704648,0.0125507387243149,0.0393024429924427
LAMA5,0.684278335294031,5.93322870597945,6.77815028369377,0.0125747068167285,0.0393539428691033
PPP3CB,-0.642853327424881,7.71275076022599,6.77367314131572,0.0126019371405984,0.0394234409849894
USO1,-0.640111398534734,8.12210005700615,6.7700557322133,0.0126239855821724,0.0394742294392442
ZNF300,0.751274816599429,0.93112927524425,6.77072610591928,0.0126303518779099,0.0394742294392442
STAT4,0.852547193740793,1.20382858822969,6.77018097440466,0.0126307473873134,0.0394742294392442
RAB11FIP4,1.12451028408146,0.201118983187599,6.76977631370777,0.012651353269645,0.039522888050772
CFAP43,1.27384897161122,-2.7503921276248,6.60000773114799,0.0127163974084522,0.039692142035318
SLC2A1,1.00507486672189,1.530349723825,6.75518214126916,0.0127202409022142,0.039692142035318
PPP5D1,0.705577873637169,-1.51980970569575,6.74693799401976,0.012730637388839,0.0397039550215987
MUSK,1.42974196984958,0.593205717600584,6.75257127991363,0.0127499464194977,0.0397280939158263
CTSH,0.670799629188929,4.45328919488906,6.74748248761367,0.0127625403723794,0.0397515521223446
RARRES1,1.51016589341459,0.718003279002779,6.74521362249082,0.0127936678004689,0.0398388829395802
CNIH2,1.09242596575859,-2.67642528161825,6.60085588142,0.0127956552340506,0.0398388829395802
SBSPON,1.28297591151164,1.11596272469658,6.73968510165107,0.0128217293444065,0.0398963207891476
PAWR,0.889073668128849,2.94221691448188,6.72684355694221,0.012891189170591,0.0400886098736727
KIF5C,0.702284586971578,0.0947093670301934,6.7290615449141,0.0129028118624097,0.0401088596119073
AC005520.4,-0.589497470929712,1.93694240505563,6.7245587364064,0.0129069733139802,0.0401120491068464
DMKN,1.4975572219271,-2.11007120323817,6.64114917725582,0.0129329822682133,0.0401787721099777
PTN,0.931521651780281,1.14551238350277,6.72010321004144,0.0129412810248054,0.0401944006562532
OTUD7A,0.613277521855206,0.0915166898867879,6.72251262513168,0.0129431348146992,0.0401944006562532
GPR85,1.82991254273121,-1.81722719790207,6.65359680227913,0.0129529262736877,0.0402009448023589
CHD5,1.40691240269584,-2.20535663143433,6.62485356202651,0.0129830405068243,0.0402356607586644
PILRB,-0.905552180901872,2.75976971133567,6.7117349242554,0.0129858713460512,0.0402356607586644
FAM78A,-0.73101259511558,5.09647121241948,6.71139467743302,0.0129873558498193,0.0402356607586644
CARMIL2,1.44529186649525,-0.0684996680590648,6.71505357494036,0.0129897478855784,0.0402356607586644
ENSG00000275149,1.71871544356368,-1.46406497748479,6.66875521023055,0.0130565853678949,0.0403789374086918
SLC8A2,1.48751357287906,-2.61240792866203,6.54662510243902,0.0131532905919881,0.0406059983952111
GGTLC2,0.768836325759573,-1.64415018875125,6.66743929561389,0.0131887100676613,0.0406683965179286
EPHX1,0.647560527335161,5.88101943429216,6.67934034948698,0.013190608298905,0.0406683965179286
TCEAL6,0.645587237656815,-1.55632000304638,6.67278758185566,0.0131916410750414,0.0406683965179286
CD274,-0.765100514438082,2.19041549018989,6.67598329973197,0.0132136432003648,0.0406962578551266
CAV2,0.611792667887354,5.61815466097975,6.67436120269171,0.0132224864887587,0.0407155043047024
EPHB1,-0.692226344577751,2.51515056602308,6.67221342723901,0.013237200280181,0.0407528164765477
CLVS1,1.29031318340028,-2.46487135427242,6.55655189400722,0.0132714797478766,0.040829801956162
MYO7A,0.85007488539464,1.75349083479868,6.66715674921523,0.0132722517207279,0.040829801956162
ALDH1A3,0.858029808511507,2.91236520185797,6.66665575961888,0.0132726122701713,0.040829801956162
PCDH8,-1.37864196165692,-0.972911050716213,6.67046098964404,0.0132832273062456,0.0408464444693426
ATP8B1,0.772342243039635,3.30722430728413,6.66240426426956,0.0132996837357038,0.04088903745972
LAMA3,1.00185891317338,3.35482730615737,6.66050048135716,0.0133119946701941,0.0409188712002932
TMEM130,1.75206844862952,-2.46261461626754,6.52332930721823,0.0133570769656784,0.0409943131369769
ST3GAL3,-0.619554098600909,5.68728221644659,6.6477980351474,0.0133939466586059,0.0410572513606419
TSPAN12,0.967487614598564,2.3569301277097,6.64740651774363,0.0133979943824318,0.0410572513606419
OLMALINC,0.754584434408499,0.335622185334398,6.65018112874025,0.0134014844677011,0.0410572513606419
SNTG2,1.33109380513451,-0.865473315507043,6.6458007388685,0.0134120061152061,0.0410814668185325
FRMD4A,0.634276198129266,3.03089837522143,6.64444163687015,0.0134162524283102,0.0410864549975275
AP002761.3,1.20265673711421,-2.25712663562572,6.55975240473873,0.0134319110756623,0.0411183624600196
HADHB,-0.710367464309121,9.04929673005325,6.63053687585076,0.0135066357786822,0.0412388856918509
PMP22,0.785407342582467,6.26687920475762,6.62785917067418,0.0135242090700294,0.0412721099269125
NEFM,1.89249832713677,1.31127145657752,6.61554596456776,0.0136175219501273,0.0415061120563219
STARD5,0.938681951287609,-0.623120723173979,6.61936072611388,0.013619849095929,0.0415061120563219
CELSR2,-0.664022264643555,4.31919104049827,6.60991836707336,0.0136426449050192,0.041536626922265
ADAMTS10,0.7641207550102,3.10526405710255,6.606599869394,0.0136650612754263,0.041596806966217
BTN3A2,0.646542753686278,4.10937479684164,6.60448587965636,0.0136787289259534,0.0416224907449119
NOTCH3,0.60352877086139,7.07863569241584,6.60435710724988,0.0136794925998376,0.0416224907449119
NCOA7,0.750510431520662,3.29624727348781,6.603482312702,0.0136856416263419,0.04162715994679
SMAD6,0.639262791204675,1.64545851366882,6.60272718803005,0.0136940872900907,0.0416447781472533
IFNG-AS1,1.93318436064487,-2.13350365333126,6.50293983188292,0.013734847878809,0.0417363867295077
SLAMF8,1.08531764999483,1.00051275287668,6.59687934101836,0.0137407338683777,0.0417461901014688
SLC4A1,2.09844972810069,-0.376811366811326,6.58847977830091,0.0137500338856359,0.041766359944853
TMEM35A,1.60873917552841,0.325564954691521,6.5940292788597,0.013770608324089,0.0418126793230517
CBX2,0.64293963677768,1.18805308154553,6.5877949097791,0.013797358069756,0.0418695929823705
PALM2AKAP2,1.50420171191136,-2.46419827082225,6.46660089462112,0.0138134217487828,0.0418864251796275
ENPP2,1.22188698580552,4.23381402181869,6.58430844813448,0.0138135799126952,0.0418864251796275
AK3,-0.667965407602765,7.6280391698395,6.56876370495848,0.0139183094790209,0.0421144914735363
AL135910.1,1.0619283922764,-2.74672042421616,6.42406374694708,0.0139349581096059,0.0421486158277636
RECK,0.628586009116805,3.1458349031709,6.56117914186694,0.0139701687722157,0.0422225686269837
JAM2,0.609701056818486,4.666210966546,6.55998613941669,0.0139779182990455,0.0422378567007162
P3H4,0.607457070485216,1.86309589376278,6.55914864723017,0.0139862944035643,0.0422468996658855
HINT3,-0.634871758161572,6.74739140424625,6.55372757415704,0.0140205325720555,0.0423132675257252
STEAP4,0.876417564983221,5.93918096387204,6.55367295983423,0.0140209065636006,0.0423132675257252
NCAPH,0.831125631602719,-1.63291223149405,6.54054245801294,0.014031963481885,0.0423315234336749
SHD,1.858235882289,0.85976718454974,6.55217980908032,0.0140479487855275,0.0423679008817936
BUB1B,1.19336358696231,-1.77303023622177,6.52009838451936,0.0140568596651154,0.0423866306328504
ADCY2,-0.774964321469162,6.62709707116227,6.54742020981465,0.014063652010222,0.0423986653412117
SMIM5,0.85857785289246,-0.84335648014827,6.55111498504198,0.0140751077158154,0.0424172072964138
PPP2R3A,-0.815470432680486,7.60929361305982,6.54417533916675,0.014085889900652,0.0424415515436233
SLC2A9,0.616624534617705,-0.0193315309865747,6.54595177893094,0.0141039204039948,0.042479568363212
RET,-0.707305476281445,2.84328365096672,6.5367602363189,0.0141374334195969,0.0425315348898934
AMOT,-0.655071951153722,6.66535895684949,6.53311230541365,0.0141619926342396,0.0425483297079614
BLK,2.12965288177131,-1.71232656523967,6.46107301086638,0.014187758029117,0.0426094263809779
CACNA2D1,-0.721589043266197,7.67876717879941,6.5286173268905,0.0141930386752239,0.0426171306691486
FAM43B,0.881600147737066,0.616882224786533,6.52719043457265,0.014220300784273,0.0426581844054215
ARRB1,0.59303177053784,3.31338521477415,6.52146382663179,0.0142429145801706,0.0426947068911584
PSD3,0.648416349976774,2.24150594899377,6.51887880669417,0.0142620948687049,0.0427136530862471
GNA14,0.828323302125462,0.223649724573717,6.52227834301861,0.0142632848566436,0.0427136530862471
RHBDL3,1.15976500331552,-2.13215124367027,6.45091805453819,0.0142950307940111,0.0427717184938128
SLC36A1,0.596942181249894,3.08581251973713,6.51030121554711,0.0143207367784204,0.0428203398242157
FBXL17,-0.612835058989073,5.9713380001682,6.50768953575908,0.0143385483312348,0.0428491081604589
GPR160,0.727791498782088,0.61948383313431,6.50848196873683,0.0143495388483287,0.0428656285162771
C20orf204,0.648409667596666,-0.383449949100872,6.50972812622548,0.0143652908131457,0.0428894636260437
IGSF22,1.58787302754731,-0.55061612475554,6.50436454385326,0.0143690128432624,0.0428911480743635
PHTF2,-0.790813830652339,7.24756242370378,6.50111487291758,0.0143845889366266,0.0429294777258707
ZNF726,1.24601669263369,-2.51486941463832,6.37707235339656,0.0144621234244037,0.0430813465279195
ID1,0.591262850527636,4.97952819876727,6.47990345755943,0.0145342352405166,0.0432519945997228
CSRP2,0.823719839180086,2.72262408464731,6.47497771590197,0.0145700912687157,0.0433347702221894
ZNF559,0.605194161900964,2.10832855414895,6.4719006237394,0.014592934976004,0.0433862690752762
LGI4,0.60565761330832,4.87744952373103,6.46783414711662,0.0146201211786487,0.0434345517543715
GSDME,0.624140734968277,3.24473542145049,6.46786139269191,0.0146202444675594,0.0434345517543715
DGCR6,-0.731387363896604,7.13935499395543,6.45473756514314,0.0147138938098817,0.0436714378491098
RFPL1S,0.95488078313397,-2.26804703094364,6.38606532886928,0.0147246841385986,0.0436869409367307
EYA2,1.06813628069155,0.389765316778184,6.4412845382213,0.0148344172077316,0.0439460509768493
AL355388.1,0.828085800969701,-1.44562299165679,6.43349753334422,0.0148374229091902,0.0439466602301831
HOXA1,0.935719801365277,-1.78133513534565,6.40754554374242,0.0148968573696078,0.0440847419974724
AL050309.1,1.33963758804845,-2.60540538532318,6.30376682341724,0.0149008955907353,0.0440847419974724
SEC14L5,-0.898844127483201,3.04161815886673,6.42221887225129,0.014950107706873,0.0442053391973194
STRADB,-0.601795546997214,6.25970240027506,6.4205219754547,0.0149620137447105,0.0442322105336656
AOC2,1.10136969238092,0.143936747250924,6.42396837870404,0.0149659389066606,0.0442354823239244
CEMIP,1.45783076672557,-1.15287563211405,6.41163047910535,0.0149748847688527,0.0442535899919305
C1QTNF12,0.843775745692403,-0.86301640591112,6.41351835023873,0.0150517945684046,0.0444473971309708
TRAFD1,0.7923293715558,4.06853496415229,6.39650510488954,0.0151389614591538,0.0446543882919411
CLUH,-0.597883612256546,7.0158886256566,6.38520718117274,0.0152228078307968,0.0448499608193392
RFLNA,-0.798132529447359,1.97964438580132,6.38284000674916,0.0152427404438529,0.0448930026771011
QPCT,1.07571393167722,0.986511564322462,6.37695898604368,0.0152967013836913,0.0450217128382208
CELSR3,0.712520414398159,-0.470537711862278,6.38092702574187,0.0152979161877178,0.0450217128382208
ARL13B,0.586940443125696,1.56170396665582,6.36946176429418,0.0153450068809381,0.0451349106065073
DTNA,-0.63519943227156,7.0615529215049,6.35710651773077,0.0154338045790954,0.045353597241884
AKR7A3,1.06207935729957,0.040145478893101,6.35878152495703,0.0154532821990369,0.0453938356941576
FAM171B,0.590724633520624,1.3926386091123,6.34945801475371,0.0154948993509262,0.0454650299706089
TREM1,1.7665785956958,0.0260342552633827,6.34239464246131,0.015563248887558,0.0455803678466549
LINC02298,1.41567877851221,-2.39853080919281,6.23998605857178,0.0155778293503778,0.0456060495531018
TLCD2,0.831561614563495,1.64603104950899,6.33135931634064,0.0156342726329242,0.0456945826766752
FP325317.1,1.41605044586505,-1.59611527000301,6.30178771882214,0.0156619578247523,0.0457499400817954
ITGB6,-1.04039419716259,6.79187184775304,6.31999283280676,0.015717290091575,0.0458603584285684
PLOD2,0.775626866503787,3.12980617086759,6.31850858217195,0.0157292257813707,0.045880149254185
ST6GAL2,2.81488026018067,-2.36383710416302,6.1947346932869,0.0157551157145328,0.0459214487752324
ZNF790-AS1,0.759191467041788,-1.38389100182543,6.31377009590604,0.0157557822016328,0.0459214487752324
CUZD1,1.04360432648576,-1.48467603002324,6.30248301587129,0.0157873208175894,0.0459690797616246
ZCCHC18,1.03946618060519,-0.919457194526095,6.313893617081,0.0157900768561385,0.0459690797616246
LINC01489,-0.878837322375077,0.230757760512668,6.307655913297,0.0158415099054966,0.0460759584343582
COL23A1,0.810363378177699,0.288055584409031,6.30697108236883,0.0158440234259465,0.0460759584343582
MPC1,-0.627887448360233,6.62501464699587,6.29917428057386,0.0158787461368491,0.0461569305713086
ICAM3,1.86531422430267,-0.219907634514551,6.29918203870429,0.0158806897155187,0.0461569305713086
CLDN7,1.13618968394568,-0.296674524630156,6.30203870617364,0.0158931009517898,0.0461759014139839
NXPH4,0.926250090255507,-2.23138679260807,6.23529298510543,0.0158987967782765,0.0461839006912919
AC010761.1,0.609453561551941,-1.1053112707409,6.29892215230087,0.015918071302086,0.0462142303156198
AL135999.1,0.793138090154885,-0.240642072144284,6.29878881242302,0.0159227782002036,0.0462193460055844
IL1B,2.01325209654398,-0.766754586819022,6.28027666070911,0.0159355677927698,0.0462308200568434
NR1H3,0.740389999660555,3.09621228180696,6.28893873871858,0.0159592810515641,0.0462910582340229
AL356481.1,1.06808274390236,-2.04463687798928,6.24143692799245,0.0159752339009169,0.0463287686760699
CYP2D6,0.693450483708233,-0.461924052992663,6.28986999059921,0.0159961027052991,0.046371043019083
KCTD14,1.23975484465586,-2.22067970845189,6.21358716149252,0.0159986746064565,0.046371043019083
MLF1,-0.980345465641851,5.27674799375531,6.28202565006061,0.0160130855356502,0.046388086454335
SPATA9,1.00404650182962,-1.95102510245614,6.24585588601355,0.0160134167628796,0.046388086454335
LDAH,0.766397235720883,1.19446387751267,6.27884161614193,0.0160463957197641,0.0464407488146223
MYORG,-0.831129733323055,6.36504371527354,6.27347761711713,0.0160804884857536,0.0465169748131687
EFCAB13,0.771203954644941,-0.159642489728025,6.27760826105852,0.0160869815906371,0.0465169748131687
ADRA1D,0.629283142790749,-0.564230847743821,6.27489718530282,0.016117032881789,0.0465764741446655
DCLRE1B,0.62311466798246,1.30235655576627,6.26784406211372,0.0161317413979099,0.0465846699613975
LINC00607,1.51171592137269,-2.61015868497952,6.13425148186829,0.0161921554349732,0.0467075683793246
KRBOX1,1.00973969102202,-1.5047530714305,6.24235566350623,0.0162569673409798,0.0468560576841745
NR2F1,1.56825795704166,-0.720278623286123,6.24522679080927,0.0162973775980435,0.0469420703617716
UBE2D1,-0.745588790412842,6.64023356165566,6.24433758974363,0.0163125922848027,0.0469686545422818
PANK1,-0.675903674536958,3.46920799219883,6.24315174920233,0.0163223725141902,0.0469875373937259
GCNT3,1.98799939337533,-2.78765840640463,6.09364050557248,0.0163797543603374,0.0471109195802677
PCDHGB2,0.683831358559318,-0.407675006049596,6.23448240988593,0.0164358355143319,0.0472405299653254
UNC5C,1.17756770691532,-0.249707352993699,6.23333155554566,0.0164371159057433,0.0472405299653254
AL513320.1,1.19685438801001,-2.30974201351538,6.14706783090465,0.0164717424104809,0.0473140551120969
CA2,-0.772621885821638,4.50035377642451,6.22423514155326,0.0164748539807057,0.0473143336188794
KPNA3,-0.589558514530603,7.35424167838677,6.22096482269296,0.0165013537998227,0.0473817687318364
RGS4,1.0906597408936,-0.596082999582731,6.22502471179738,0.0165060006533844,0.0473864423367237
STK39,0.593043619346398,2.19029487487432,6.21956058253383,0.0165145099908147,0.0473935334258251
LTB,1.58343654491361,1.43917224756155,6.21615012131833,0.0165504288900092,0.0474879307913519
AC083843.3,-0.608783817086433,3.04951609277086,6.21434070020547,0.0165557500886629,0.0474945161106861
ESCO2,1.61887776016832,-2.85930625159695,6.06216834676518,0.0165694479926621,0.0475086309525601
HCG27,0.716110637614655,0.46753762180635,6.21519864941504,0.0165697512478059,0.0475086309525601
SPATA6L,0.889470438852605,-1.49440653828538,6.20537171653346,0.0165796269666478,0.047528263971057
WNT3,0.968988616626764,-1.57833555743619,6.19888042796349,0.016593411513355,0.0475504096589568
PRKAA2,-0.82074630548974,7.04508757477332,6.20892873512217,0.0165994712308054,0.0475590910857047
MUC12,1.26653366788621,-2.08700423588615,6.14814003185773,0.0166219649129835,0.0476148456487088
AC008915.3,0.82593738424441,-2.50633465633879,6.11259155590964,0.0166428778499152,0.0476660525281786
PAK3,1.11270436484842,-0.225086150378455,6.20510878981879,0.016668202104596,0.0477234208227523
AEN,0.720620368683454,2.41065792547974,6.19829267608671,0.0166880328296878,0.0477518095281585
FGF7,1.140069436873,3.01249008568265,6.19631734289625,0.0167037088279595,0.0477705375464331
GSEC,1.07964324001279,-1.0697429548644,6.19371864902794,0.0167343643612786,0.0478453509506812
COL11A2,-0.608902377292283,2.42851336727262,6.19213823177122,0.0167385585610843,0.0478453509506812
H1FX-AS1,0.849045867741855,0.397545511267286,6.19447858631522,0.0167420622759567,0.0478453509506812
AMPD3,1.17308069754251,4.83669692439809,6.18885865568755,0.016764510175025,0.0478920617395371
LDLR,0.636665046286912,2.85315545982193,6.1850687108817,0.0167965381284213,0.0479748254641625
AC010491.1,0.755651628557144,-1.91875199426392,6.1562770492378,0.0168246682975337,0.0480357638391344
ODF3B,0.659397589503216,2.68052930850031,6.18081085463457,0.0168320602477276,0.0480367483028352
C8orf88,1.08307283415555,-1.24465505396838,6.17297210659199,0.0168785595016024,0.0481215243192823
KCNC3,0.708091200537784,0.165936362535588,6.17133256392715,0.0169379756082817,0.04823039087601
MYO1F,1.31620330994063,3.5703812091655,6.16799210212619,0.0169382551454965,0.04823039087601
KLHL31,-0.836031387677793,7.75801509685816,6.16210555356737,0.0169871611664701,0.0483178878149057
PCDHB9,0.712394107405459,0.226463022589927,6.16523788739194,0.0169883588864019,0.0483178878149057
LGR6,1.24625076004684,-0.381304938101964,6.16533120214563,0.016994324521643,0.0483199136534759
AC090825.1,1.00571952750588,-1.74250812506084,6.13556013428135,0.0170422526817775,0.0484298670723334
NIPSNAP1,0.585391934006841,2.20902190571304,6.144214066573,0.017139583279047,0.0486447980292453
CYCS,-0.730478250160262,8.31368302695739,6.14364380538344,0.0171426809748172,0.0486447980292453
GDNF-AS1,-0.996510774504876,0.655687964745926,6.14119286804216,0.0171816211504253,0.0487024641423019
ECRG4,1.02171844835788,2.43404872296247,6.13249934836917,0.0172388936440469,0.0488031095110732
PPTC7,-0.647497745699029,6.76615444881325,6.1309773890129,0.017250264801793,0.0488176895175155
RSPO4,1.49822337891468,-2.39160232339635,6.03747352391897,0.0172765301946977,0.0488655868455181
NTN1,0.807156867586701,2.7392754218109,6.12305711836837,0.0173188195357225,0.0489588139589739
TMEM37,1.40639506439011,2.37185889813692,6.12322872969462,0.0173188490028814,0.0489588139589739
JPT1,0.665809408129117,5.25146484577784,6.11696058253632,0.0173701727640822,0.0490597195487259
TMEM145,-0.753193182036874,-2.01086374755642,6.08914769445849,0.0173783673510369,0.0490740330288817
SOCS2,0.935327006433461,2.21219991436155,6.11401481276039,0.0173975890563393,0.0491106403307996
LINC01436,1.85693066585809,-2.48248117582844,5.99983339888333,0.0174417866540873,0.049200007465115
C17orf107,0.992719260651445,-1.21880887439131,6.10741467509389,0.017450596034255,0.049208072315501
HOXB7,0.762904101731609,0.882289815187804,6.10911581335173,0.0174509162477272,0.049208072315501
FBXL13,1.03007157798147,-1.59360226085315,6.09327231434845,0.0174673340786166,0.0492455197348461
CDHR5,1.05227835619641,-1.77003395049236,6.08030055246815,0.0174983085624962,0.0493151289079507
PDZD7,1.10749735897265,-1.46624765514329,6.08639715204025,0.0175561973160989,0.049431249434245
AC090241.3,-0.628942971961443,-0.0524445996882225,6.09903888908105,0.017561557619965,0.049431249434245
PDGFC,0.62966956366772,2.95714629828115,6.09207211691332,0.0175858762345953,0.0494705882187742
AC131254.1,1.5907818829449,-1.90090509561786,6.0331449291616,0.0176472577683645,0.0496148983998337
NIPSNAP2,-0.741443815892546,8.59852782789285,6.07971612353236,0.0176931101768092,0.0496945891598104
SLC12A2,-0.625178299061609,4.49221021337466,6.07661059350063,0.0177203814721805,0.0497533787488146
CD247,1.20599784993141,0.762566881751907,6.07436973614391,0.0177581925182369,0.0498244326985939
SORCS2,0.704425583366628,1.15305634895788,6.07193319320567,0.0177703602224218,0.0498277653642502
PLCE1,0.684743665154826,3.51375540482464,6.06955155817778,0.0177826365936625,0.0498479159381198
BTBD1,-0.659646106703622,8.3469437447967,6.06614622238057,0.0178123713157593,0.049895621595724
SMAGP,0.613462750750889,1.15026312346074,6.06461461571175,0.0178333244906387,0.0499364902552319
CD7,1.30370179162626,-0.211659152631158,6.06712986878133,0.0178374225139926,0.0499390557183578
PTPRN2,0.662886681695226,1.6315187653522,6.0421185124802,0.0180300496661005,0.0503705285705674
RFX8,1.30458954911172,-1.78308308930778,6.00625598037403,0.0180779347562775,0.0504923961305053
ASAP2,0.748477995353019,2.75249709947315,6.03563592069841,0.0180845594344185,0.0504958477714284
NRG4,-0.855542759821637,2.74623451874368,6.03078765455725,0.0181279787859788,0.0505900830451523
C5,0.813146137225084,0.549993966995032,6.02366894439745,0.0182121129732679,0.0507436735514717
TGFBR3,0.889136814749307,4.89604619995394,6.01827078023951,0.0182401051893251,0.050798038239702
BHLHE41,-0.705297511906809,5.92057689303488,6.01536656348261,0.0182663692665643,0.0508497101168369
IMPA2,-0.655768871414949,6.25659222656639,6.0119053752454,0.0182977622800244,0.0509190388271247
FXYD3,1.31916866532893,-2.56638585242295,5.90394102785116,0.0183231172489559,0.0509535182571981
SLFN12,0.750866838318515,0.736633440640675,6.01048832584165,0.0183269639811001,0.0509535182571981
LRP4,-0.634397635342266,3.45891369383513,6.00807145575063,0.0183328778336029,0.0509535182571981
TCTEX1D4,1.33469697622673,-2.05568555970719,5.94865667057293,0.0183774350027793,0.0510231456516224
NHLRC4,0.700810984196216,-0.821118397204843,6.0041626277775,0.018417649389619,0.0511151371627766
AC008467.1,0.698001759438777,-1.27366416226335,5.99874909338622,0.018431458982001,0.0511369539901901
ELOVL4,1.02480030509416,-1.02764799818173,5.99850652802009,0.0184415151690928,0.0511558113430384
KIF1B,-0.709864784444695,8.78018848732854,5.99320296537518,0.0184684007550511,0.0512122879594572
KIF14,1.2721613786655,-2.24681597417574,5.92772384755237,0.0184741020431205,0.0512190481481675
SGMS2,0.967364964289063,2.74226108782525,5.98803352423237,0.0185168771072049,0.051284623456288
AL603756.1,-0.851414815630726,-1.13429920306599,5.99292490314357,0.0185206273176324,0.051284623456288
STAB2,2.08967144427855,-1.25673557688868,5.95626632072924,0.0185421664481397,0.0513142767908486
MIR9-3HG,1.3118716275102,-2.7844686145806,5.85581132013218,0.0185455417710389,0.0513142767908486
AFAP1L2,0.60759640176236,2.8404259122422,5.97867108293399,0.0186029091225036,0.051427732939322
TUBA8,-0.73630868304758,0.906484500606263,5.97989229548339,0.018603232817832,0.051427732939322
MIR497HG,0.784557849998179,-0.347695311242927,5.98125092656159,0.0186254677900011,0.0514569119810012
SLC24A1,0.697566486021275,1.19963615977159,5.96110179469284,0.0187738290949206,0.051784753540383
AC234582.1,0.944676900593706,-0.960898041049594,5.95206739273184,0.018883487581382,0.0519684968595108
MYH10,0.657598326516652,4.62957496517384,5.9457027835976,0.0189095539348395,0.0520037583681981
VDAC3,-0.649246743652519,8.34416865074744,5.94193641283707,0.0189449737456369,0.0520920397578435
ABCB4,-0.623811697550539,3.04740626452609,5.93790840660788,0.0189834807072874,0.0521796374257227
FYCO1,-0.759052809056976,8.87386253216322,5.93484790553012,0.019011900682706,0.0522303135331824
AC100847.1,-0.692472808567946,-0.432486487085293,5.93922431089913,0.0190275172212322,0.0522640676911515
BTNL8,1.64028953334786,-1.22686722795591,5.91400096411619,0.0190842056716992,0.0524014359722391
GGT1,0.590866138622061,0.686662646231366,5.92758891700075,0.0190942351362042,0.0524084461699685
HOXC12,1.60120627622705,-2.40841840422673,5.83253179820001,0.0190967762756324,0.0524084461699685
TMEM169,1.19681242978428,-1.4889697470921,5.90812427350419,0.0191620931180865,0.0525601278378831
AC005261.4,0.645841628088614,0.69767360850941,5.91321004833553,0.0192333161771222,0.0527002265013848
PWWP3B,-0.846744069029964,3.94175242395506,5.90450524764303,0.0193014044215577,0.0528498852750084
SGIP1,0.612929541537104,2.55240920404414,5.90258820889407,0.0193208368862269,0.0528938662008251
PSME4,-0.586767265545351,7.00745343084645,5.90129827806568,0.0193321270012152,0.0529155446955131
ENPP5,-0.805970869261033,3.71710743406795,5.89658424752549,0.0193777522169336,0.0530219353285866
LHX6,0.587426501280777,2.63964068138782,5.89037111978961,0.0194386936663409,0.0531423614515278
NECAB1,0.91250125320529,-0.154813553884323,5.89080627264939,0.0194755487006957,0.053233844802755
CHRND,1.33767787281149,5.35935232712438,5.87894617043436,0.019548713024933,0.0533966326011702
RCAN1,0.7318309794597,4.94761981958504,5.8778762072124,0.0195591458836755,0.053415833416441
BRIP1,1.16524030832233,-1.84482237484708,5.84941608458056,0.0195751023659775,0.053450109887616
AL008582.1,-0.879195574347954,-1.40565950981323,5.87621831656245,0.0195815033658949,0.0534582875852707
CSF3,-1.17931569089377,0.260674711507928,5.87756047197919,0.0195953710698484,0.0534775428518989
LINC01504,0.962374699862293,-1.62090973702712,5.85936901231763,0.0196165312930392,0.0535259837698626
USP38,-0.650229041003308,5.94916032241871,5.8694915698801,0.0196410732008143,0.0535743211482065
LINC02541,-0.861248106955023,2.50857696550138,5.8572071392203,0.0197630083674324,0.0537681113529863
CDH2,1.78718500683559,0.520532585662869,5.85549914520364,0.0198018343314397,0.0538350579996443
TRNP1,0.731846066340037,0.920305937026913,5.85108354883288,0.0198356111881835,0.0539175472113857
HAUS7,0.615455526643726,0.0365465207221762,5.85089929460899,0.0198575669694255,0.0539678811402828
ARRDC2,-0.622470905628082,5.01377304327594,5.83253889546821,0.0200066894919043,0.0542979407877293
SCN5A,1.39881909747708,1.37835038702804,5.83178718317412,0.0200243142431661,0.0543242699327835
ATP1A2,-0.764449379326016,10.0090010849957,5.82775996846011,0.0200544895557459,0.0543806519656932
LBHD1,0.764057540833634,-0.329709693518354,5.83016006845873,0.0200791529854515,0.0544088101305086
AC138150.2,0.70842195668918,-1.76720934463892,5.81072555788572,0.0200883799362708,0.0544088101305086
ZIC4,-0.71721500943359,0.416760355992968,5.82674863015682,0.0200891401533162,0.0544088101305086
PDE9A,0.660341707624394,1.70567389036493,5.82136921700816,0.0201227014512629,0.0544809037911974
CENPU,0.58138877577329,-0.129225287956071,5.81626724873693,0.0202094102457712,0.0546590890586557
CYP3A5,1.23684698028075,-1.02303001461864,5.8113538021511,0.020215259047673,0.0546654877245396
EPOR,0.600731471667617,1.3291798273413,5.81061720896778,0.0202340929050538,0.0546693214227611
MFAP3L,-1.00734184781073,3.10988841349536,5.80277212018292,0.0203070578698606,0.0548004252523148
LINC00265,0.614987577234781,1.29171618933839,5.80041605346508,0.0203379716524274,0.0548649819671446
ACOT11,-1.06928547044716,3.85049930541411,5.79743744300592,0.0203608999949666,0.0549079596943302
ZNF469,-0.697553038534581,1.35105486187871,5.79181907683377,0.0204245567871654,0.0550229005792243
LINC01447,0.611006916045906,-1.89888551147805,5.77069822965086,0.0204367033771899,0.0550313366299352
LPIN3,0.707618697988219,1.98218147697826,5.79012005865499,0.0204382071497861,0.0550313366299352
PHLDB2,0.73171440585229,4.5360679461049,5.78823457630556,0.0204547260214909,0.0550474836946673
LRRC7,-0.834648500273223,1.34100393985755,5.78743119218788,0.0204699434737107,0.0550789924258339
ARHGAP25,0.677644885597643,2.64032353604694,5.78117168223763,0.020528179774812,0.0551978381986766
PDE7A,-0.623301955438957,6.03593876579335,5.77266986183893,0.0206146277509174,0.0553691994205541
SLC38A3,-1.04829846269791,4.67186716736044,5.76468651343261,0.0206972399589472,0.0555287489155003
KCNJ15,1.65885731485962,0.595391376906102,5.76543528642631,0.020713287180221,0.0555528096878963
PTX3,1.52974378109262,-1.38086339668161,5.74610484174182,0.0207426206367406,0.0556124753832668
ADGRG6,0.668489714601159,1.40571825638801,5.75674666846124,0.0207861991304093,0.0556817537722775
ENSG00000277420,1.07703060640034,-2.15873810027859,5.7064465442846,0.0207957894843096,0.0556943650709453
GLIS3,0.679864767000966,0.826584677071142,5.75537335624168,0.0208090631411483,0.0556943650709453
SCAMP1-AS1,0.711430441363476,0.252933097234845,5.75657696707581,0.0208117548861408,0.0556943650709453
SMCO3,1.36721121935692,-2.31999932599624,5.68057090134501,0.0208121982249821,0.0556943650709453
CCDC188,0.989149631816543,-0.968964701418064,5.75360574158853,0.0208437548695599,0.0557649140217265
CAPN3,-0.880936284085282,6.98163081331743,5.74839640511686,0.020866748067445,0.0557927786914053
ADAMTS6,1.37484130396621,0.262964135328369,5.74741835792692,0.0209069647525022,0.0558907872237305
SLC16A12,-0.722466460544372,1.64642772229842,5.74004430835998,0.0209585570315274,0.0559905621463529
ARNT2,-0.686767441434902,3.13468836329408,5.73520672707161,0.0210056117575095,0.0560971714368065
CASC15,0.719077038628773,0.893612032910227,5.73444458931997,0.0210270064684184,0.0561447544269866
SIX4,-0.727498340448084,4.76120019330123,5.72818989758622,0.0210791726956125,0.0562553333544701
PHKG1,-0.838609205601367,6.60433589280281,5.72685720377208,0.021093247419978,0.0562737579902355
ABLIM1,0.677859832584388,7.52840112698111,5.72442931722866,0.0211189430831534,0.0563231625641619
TMEM30B,0.745887494663906,1.71315957763742,5.71768845463119,0.0211948543043435,0.0564776295936624
FOXS1,0.846791492712579,0.937545361953191,5.71241371840887,0.0212606966376114,0.0566146307647288
KCND2,0.896210196839505,-0.242151981230541,5.71428811063693,0.0212726799413356,0.0566176641044871
AL359715.2,0.782004494920866,-1.41492188923119,5.70740545772636,0.0212791904130307,0.0566176641044871
SPTBN2,0.663216019412661,0.0450198364463785,5.69670056586251,0.0214496394245206,0.0569631287255246
AC022167.2,0.695370624677331,-0.825775566916013,5.68605181268819,0.0215826682987556,0.0572582790650726
DEPTOR,-0.733614117000151,6.07968728722006,5.67962714830751,0.0215992136758102,0.0572924892076798
FZD10,1.17960390297997,0.747298316709182,5.67894527162875,0.0216264428221197,0.0573453319974943
CECR7,0.713680405253107,0.327709429359158,5.67540702094908,0.0216736893634965,0.0574221057663872
FXR1,-0.604976686530004,8.80031453199458,5.66648440807556,0.0217423186148987,0.0575650625271314
MYLK-AS1,0.797422110704338,-1.71813374898673,5.65258291664568,0.0217601026271003,0.0576024305502343
DLX5,1.41857872361493,-0.980902294333068,5.66167106790174,0.0217731436744223,0.0576272327099591
DIO3OS,0.598920734947859,2.99402189216208,5.66338293264294,0.0217768734550091,0.0576273864232622
ZNF711,-0.642446832667908,1.55574118551469,5.65744893506022,0.0218461844216913,0.0577598606422324
FSD1L,-0.590600614099017,4.21550052645895,5.6567545920576,0.0218490151406775,0.0577598606422324
SLC37A4,-0.586511638014485,5.08367189364164,5.65038267422277,0.0219190498070937,0.057905990022275
PABPC5,0.730477228995953,-0.341771764096076,5.65171794111313,0.0219542241288041,0.057964343433388
MAST4,0.900648074072495,4.64777211740463,5.64704422855161,0.0219559109086646,0.057964343433388
ACO2,-0.704677287991549,8.23988462304536,5.64475590362184,0.0219811546946227,0.0580212282092338
ENHO,0.81501760098223,-1.42685324559768,5.64116753367636,0.0219864874732437,0.0580255458033562
CEBPD,0.716083869789944,3.72698986750225,5.63328351765608,0.0221086121153305,0.0582951619710129
TMEM221,0.89603922620509,-2.30740143071255,5.57865370635339,0.0221109333681707,0.0582951619710129
BX640514.1,-0.926348671577911,1.70465964181432,5.63221404360021,0.0221246427221535,0.0583117157891184
NWD1,1.67807610805007,-1.82093339714324,5.58600778783714,0.0221876835334918,0.0584582328450822
ATP6V1C2,0.68547428991785,-0.174470530168639,5.62840717692051,0.0222060270893797,0.0584967430627416
NKD1,1.32207656435612,0.146491253838025,5.62566145842998,0.02222715888006,0.0585421957576039
CEACAM1,-0.591720053831611,1.3337107384102,5.61420902512268,0.0223285369731687,0.0587405946687701
DUSP1,0.775421204593892,5.87606245514359,5.61318530378401,0.0223332208017401,0.0587430703005381
NGEF,1.10854910266488,0.153993366398089,5.61524410483988,0.0223451156729087,0.0587645091297422
AKAP6,-0.752835210384296,6.84830729260607,5.60876527240984,0.0223829921256231,0.0588319852204336
MYT1L,1.33491081966229,-1.85400190694481,5.57450281599383,0.0223936939979489,0.0588331147133926
PTPN13,0.916058299451345,2.34056951065681,5.60637180857495,0.0224118840597594,0.0588710494255941
AL096865.1,1.03906599105937,-2.38749311012753,5.5385188684754,0.022432695654333,0.0589158564750261
TIMP3,0.647375752931639,8.25006807202624,5.5980141036076,0.0225045573933,0.059074933649079
CRYBB2,0.753993985772477,-1.83399780501009,5.57796322913632,0.0225456932923348,0.0591334652779402
AVPR2,0.600549864283795,2.00767254818315,5.59166242021585,0.0225794028390583,0.0591791621934143
ZNF564,-0.634300263092682,-1.76331078461449,5.58239877856869,0.0225819689312748,0.0591791621934143
ANKRD1,2.28326608666328,8.25551857573763,5.59015024828587,0.0225939258865231,0.0592006121517495
CAMK4,1.07681349792091,-0.46702081742848,5.59344724787723,0.0226020183225689,0.0592119308250241
TMEM191B,1.03748793569745,-1.50329571950191,5.58094956881105,0.0226093598174,0.0592212787606965
AC105285.1,1.14209372313493,-2.40181553381436,5.51799595501594,0.0226177425274612,0.0592234682963804
HBA1,2.05442340498928,11.1218177573255,5.58647661141768,0.0226358052683794,0.0592509946109432
C14orf132,1.10299819582085,3.85438115818588,5.58557740402495,0.0226463382792356,0.0592686808892117
TSPAN32,1.2036801588346,-0.293585698805267,5.5870412905354,0.0226704176672814,0.0593218081507139
EFR3B,-0.659041599367218,3.4359743534484,5.58290620424101,0.0226769003367616,0.0593288799442362
C5orf34,0.737262641779944,-1.03572848444921,5.58534494508574,0.0226904921037406,0.0593378716732067
DNAH17,0.581374605491047,0.647172242121301,5.58293468229641,0.0226916792470587,0.0593378716732067
HBA2,2.05118503967539,11.2022869715355,5.57068224728059,0.0228168164733439,0.0595856796254795
RAB15,1.26158895624381,4.02628810268947,5.57000367569406,0.022824850521546,0.0595967441250482
TMSB15A,1.03380546079808,-2.31670816987509,5.50371428858905,0.0229097025244338,0.0597586473526655
ETV5,0.732671824353587,2.93992248863591,5.55917439650891,0.0229504265238184,0.0598061093158015
MYH2,-1.29650460638218,13.4359934196263,5.54695666813121,0.0230916588531994,0.0600834856931308
KRTCAP3,0.584258905335919,-0.632219099785167,5.54780314095161,0.0231401109893497,0.0601796258455416
FAM167B,0.710320630216974,-0.0069414408828237,5.54594356093674,0.0231445776731741,0.0601812701425558
C1QTNF4,1.0035293982279,-0.655558562166716,5.5396342229029,0.0232247312132264,0.0603540275893851
HOXB8,1.13143980022567,-2.34489910642217,5.47205493426246,0.0232263986390498,0.0603540275893851
FNDC11,1.20846545419607,-2.66199395369403,5.41540077507484,0.0234695596587488,0.0608750188140905
AL139384.2,0.896744278158206,-1.77248395016266,5.49841270196949,0.0234818488441196,0.06089683040457
HMGB3,0.641491954074328,2.3867371470765,5.50781468461295,0.0235544413938712,0.0610346636415401
MX1,0.636147963545397,3.70542157856911,5.50707712690996,0.0235619076467362,0.0610439320758542
TMEM182,-0.812166770849616,6.76475488971437,5.50279715950899,0.023612754533317,0.061155475643632
CYP17A1,-0.789913250847601,-0.0454912289429489,5.49428901923508,0.0237608526321663,0.0614171917224443
PLEKHF1,-0.607230969377435,4.65104274041198,5.49023453617952,0.0237633434585484,0.0614171917224443
IL2RB,1.15484454358576,1.25225980737082,5.48227500573596,0.0238703657943144,0.0616395839325047
RNF157,-0.951842055650845,5.52522873656586,5.48022316334947,0.0238840183064003,0.0616508888129403
AC092171.5,0.900978525649695,-1.96849950081541,5.45424643709594,0.0238879622010158,0.0616508888129403
BCL11A,1.22308414809607,-2.37103402267224,5.41073448781023,0.0239256181406959,0.0617217159096541
PHKA1,-0.839423422559043,6.95601682776596,5.47677314135469,0.0239257674160137,0.0617217159096541
GNGT2,0.92249059900812,-1.30326404497889,5.46872143183917,0.0240141192021594,0.061919106436322
PIPOX,0.700160338416913,-1.01139838296857,5.46851853771866,0.0240729910771232,0.0620053740089065
KCNH3,1.08868886780397,-0.974323234099914,5.46637396416579,0.0240752309149587,0.0620053740089065
PRC1-AS1,-0.768372439852329,-2.47052898705094,5.40083957307382,0.0240974133282075,0.0620319668994942
MFN2,-0.611309252957708,8.49278465968503,5.45057401983992,0.024245407499656,0.0623618760787852
NQO1,0.884728880769761,3.89055140235275,5.44792818660696,0.0242781462440109,0.0624255414973381
PKP3,0.802703698295467,-1.75380371686226,5.43400995093363,0.0242839192063152,0.0624301575664401
RANBP3L,1.00945523505779,-0.92806055765813,5.44065315668593,0.0244005340666715,0.0626171324683469
ADGRB2,0.993771017998402,0.447770795840363,5.43742682947948,0.0244350634996775,0.0626692514371941
TCTEX1D1,0.653989165222127,0.51248726470678,5.43626420145129,0.024445606773521,0.06268155502539
ZNF660,0.641435380646031,0.365153421390557,5.43013175738483,0.0245232840572737,0.0627986528436794
SLC1A2,0.848108111947752,0.280254810505082,5.42867679473533,0.0245481327744537,0.0628520299991927
LINC01914,1.47198712838391,-2.65093836263402,5.32883728922115,0.0245590034884946,0.0628593541669802
TIGD4,1.7848464313228,-0.356034501583479,5.41538959598257,0.0246852112979494,0.0631411980640997
LIPE,1.3990216703951,4.76715712400528,5.4139309350242,0.0247002776982126,0.0631457582347212
DHRS13,0.617809320137662,-1.07451097622172,5.41709936059285,0.0247071654584821,0.0631458983668582
AAMDC,-0.709311775785071,6.28933353453124,5.411954829637,0.0247250016285309,0.0631811951416139
DDN,1.5502083292062,7.72998481927496,5.40820447660664,0.02477211653144,0.0632809845314049
CHAC1,1.00424291618664,-0.799892722562294,5.4044008936953,0.0248622897016784,0.0634455092021559
SPIRE2,0.732903461251453,-0.922924757283702,5.400734257942,0.0249173821696643,0.063548637171414
TLE6,0.921625101373857,-1.33474129881284,5.3939056823928,0.0249310738668894,0.0635732257255612
ERICD,0.745181133780328,-1.37571346582843,5.39250849027629,0.0249619469233534,0.0636416109425003
AC104564.1,-0.750283189299534,0.000621369606930773,5.39569163916247,0.0249745190353427,0.0636633224394516
FZD6,0.66034507473998,3.18694253135995,5.38984779433575,0.0250046362600899,0.0637193969966085
NAT1,0.616216000862953,-0.608699605976072,5.38961583523763,0.0250660898545408,0.0638375979070615
NTRK3,1.1161116658953,2.31773575604733,5.38236846020739,0.0251017709416165,0.0638735886719635
C17orf49,0.611241368117041,-0.973941648493359,5.3843052234706,0.0251302125017758,0.0639060819593626
CLDN5,0.888833922820614,5.22928083598321,5.373506755411,0.0252126729310276,0.0640623120693666
CFAP45,0.856793182479452,-1.87680954058405,5.35049500955491,0.0252518285843249,0.0641514162562285
COL4A4,-0.719483867972643,4.02318040193292,5.36827645610356,0.0252799199707123,0.0641916104093722
GCA,0.823467534485578,2.70046067724577,5.36766693628473,0.0252887882478728,0.0642037417583893
GPR82,1.65061697649208,-2.0096110070083,5.30654499387147,0.0253824763389478,0.0643687132234264
LANCL1-AS1,-0.910576328869029,2.70312570194537,5.35969890149229,0.0253912878399876,0.0643806563244921
FAIM2,0.713058945051447,0.533862609745761,5.36006078150609,0.0254094260152174,0.0644162399142039
ATXN7L2,-0.664271610938766,4.67855621199512,5.35615097247709,0.0254361873157434,0.0644632585048593
LRRC15,1.61444650775479,-0.263304439101499,5.35662420626272,0.0254519966633126,0.0644829280004404
PDZD4,0.631869660899957,2.5704280978941,5.35491370479108,0.0254534307989803,0.0644829280004404
GPR157,-0.742379757969369,5.13978555792357,5.34540931027098,0.025575580311263,0.064701601061456
HOXC11,0.786956752659974,-0.153573259385962,5.34382419600406,0.0256441065406204,0.0648482315551702
CYBA,0.70675929974238,4.21104211324699,5.34001898047626,0.0256459364933381,0.0648482315551702
ABCG2,0.797136532850004,0.172933941105377,5.33951936771831,0.0256887620345033,0.0649251401177986
DCX,1.36358058606597,-1.84235193740331,5.30057203393867,0.0257925295346903,0.0651097906433592
AC069360.1,-0.903879288708325,3.40683899140552,5.3281848297918,0.0258012021131891,0.0651097906433592
HDAC4-AS1,0.921074012865778,-1.699742367652,5.31534266808035,0.0258064048194163,0.0651097906433592
AC048341.2,0.613179947972381,-0.870199916510181,5.31842815975923,0.0259894513537618,0.0654952535319992
C6orf141,1.09181306504722,1.0197712185258,5.31116616089433,0.0260405321663499,0.0655923852272287
ENAH,1.16363118766173,7.08178539266769,5.29878926263957,0.0261902301642967,0.0659134944457453
PLS1,-0.717152673333133,-1.17231042480716,5.30281560897028,0.0261974118096565,0.0659134944457453
PDK2,-0.601305901957957,6.5750010059124,5.29291739525747,0.0262687716008596,0.0660295275905656
TMEM143,-0.639755167121113,5.86942157092353,5.29217636012196,0.026278702939607,0.0660439139531037
AC139491.2,1.62569688285422,-2.22834777154905,5.23137249429671,0.02630710370844,0.0660981438548893
GABRB3,0.809901587022417,-1.3864944028325,5.2868885591983,0.0263301234542772,0.0661220842523782
LINC01219,-0.887148913422233,-2.5416227156506,5.21850666792122,0.0263712282308519,0.0661542066269831
MAP9,0.760522960278608,0.503296288727328,5.28708925210958,0.026372626596127,0.0661542066269831
KCNA7,-0.900299392352696,5.83689455234535,5.28417358280184,0.0263862006228828,0.0661549488391649
ART5,-0.775729078487422,2.067717430435,5.2843021175317,0.0263870155809048,0.0661549488391649
TRDC,1.78710694847849,-0.89937252658023,5.27672462764955,0.0263996041056466,0.0661676439537087
CABYR,0.75652947796489,-1.75110752383893,5.27020468557519,0.0264144461003738,0.0661942729595029
KIAA1211L,0.586631734239058,1.10058906726811,5.27733435133876,0.0264893628314358,0.06635179974791
LINC00937,1.160331356885,-1.57869765176282,5.26230874625874,0.0265224728100892,0.0664225643456757
SLC2A4,-0.790430317462652,7.71632766884453,5.27328255144788,0.026533255537451,0.0664326957943475
KRBA2,-0.665934372328326,-0.479692592869782,5.26788375218118,0.0266755520218916,0.0667526768149856
SCN4A,-0.751724152109651,7.59214065800469,5.26211611937854,0.0266849503511657,0.0667655500974884
NHS,0.722492157110885,1.07030044734997,5.26027109459531,0.0267222324433295,0.0668268703311117
ACPP,1.40125234430375,-2.35681166794173,5.19200122476577,0.0267458676608788,0.0668753214812001
ENDOG,-0.646507673091564,4.45341898100242,5.25201363103391,0.0268230636393097,0.0670149608116787
FKBP3,-0.625091255712254,7.28672641011465,5.25127601096961,0.0268331081691609,0.0670275227718547
CYP4F11,1.29210678959225,-1.40006334063498,5.24219285189758,0.0268366328829777,0.0670275227718547
TSPAN10,0.869556226347259,-2.19516093218623,5.20807118059018,0.0268724795854494,0.0670956995058271
GALNT14,1.12769627854268,-1.359570165995,5.24022787117319,0.0269255524978238,0.0671678710482718
NR4A3,1.84619719257258,5.50351069572362,5.24443750439687,0.0269270624170581,0.0671678710482718
CCDC191,0.601602769516747,1.12194906599221,5.24269501101542,0.026961743448719,0.0672321384124279
GRIA3,0.836361387721551,-0.177030007979598,5.24521876930927,0.0269656776875587,0.0672321384124279
UNC5B-AS1,1.56828289455987,-0.655400880266331,5.23198088357751,0.0270937174643793,0.0674549326782095
GNMT,1.07496912762685,-1.63971889336589,5.21679695194323,0.0271531867873741,0.0675494161717922
AC119674.1,-0.66447332160256,0.550210117569911,5.22896132602175,0.0271639301471641,0.0675547272476217
ADAMTS8,1.48284313304715,0.906124283248338,5.22223677099481,0.0272547930202899,0.0677163173109783
PPP1R3A,-1.02488112601755,7.59811182674146,5.21544845484357,0.0273291363604489,0.0678580596705024
CNR1,0.969210782636493,1.1176568903064,5.21344321996653,0.0273701757660486,0.0679384641227475
AC062004.1,1.37563118643516,-2.42265384695757,5.12571034828611,0.0276404083188517,0.0685026136673966
REPS2,0.716374408627781,0.728111380730902,5.1946358606248,0.0276410992262264,0.0685026136673966
ETV1,0.627398354061013,1.24232904857772,5.19221369472829,0.0276653422339168,0.0685410491493804
MEG3,0.601730311672121,6.88638757212557,5.19081854067405,0.0276758748179801,0.068556321854198
ZNF681,0.724506094375367,-1.00284638236891,5.19261105437194,0.0276995443460779,0.0686041263234483
CLIC6,-0.942543988625593,1.37825123688283,5.18635877184766,0.0277470560605968,0.0686884140556181
ENSG00000271324,0.941948259147097,-2.54809477606849,5.11213492213234,0.0277734031936241,0.0687328229460628
PLCL1,-0.692242037076624,5.08505755919524,5.18233461278109,0.0277964233339031,0.0687681059624225
GPR156,0.854859846896846,-1.37870616565416,5.18002862964315,0.0278146229486737,0.0688022863954979
NIM1K,-0.603762065447342,-0.870178831611165,5.1830887308013,0.0278609169661046,0.0688842299595166
NAP1L2,0.704093667205278,1.39667928755763,5.17145726530486,0.0279594806680864,0.0691061494623017
MEGF6,0.704546413468382,3.23172097675299,5.1635509769789,0.0280657935559198,0.0693143398678461
AL109917.1,0.798272178295776,-1.49189822062851,5.15394724382411,0.0281561539232262,0.0694977880302488
TRIM7,-0.828658401680855,6.97448779396992,5.15609968540975,0.0281727404303329,0.0695128377698593
PLN,-0.710528125193651,9.12191733270902,5.154279446461,0.0281990541855795,0.0695558943018498
KCNC1,-1.00357017913203,0.0979077488540687,5.15239540826269,0.0282700430980851,0.0696871880672916
CEP152,0.861331850612718,0.662700999845754,5.14514386772303,0.0283539126817463,0.0698719829706404
ENOX1,0.742654255426442,0.453829180136437,5.14223643385008,0.028401452275736,0.069967162685242
CCNE1,0.599079218260654,-0.151803711302947,5.1359253007241,0.0285126552583599,0.0701640207400373
PCDHGA12,0.656171690991897,0.0188293915241773,5.13186687742212,0.0285662437596722,0.0702518326242643
NOTCH2NLA,0.583046895686047,1.5874051149649,5.11666522616056,0.0287543037323161,0.0706257898401724
GSN-AS1,1.01607198830786,-1.07642929396746,5.115087177606,0.0287917675625241,0.0706846225393112
TLL1,1.30330262218011,0.632695513889869,5.11433787358437,0.0288091444572469,0.0707162218105241
POU5F1B,1.18670478595416,-2.37110834093958,5.05483017545383,0.0288186586870931,0.0707285141663685
SLC25A10,0.634982068796622,0.639204212476863,5.10822846645172,0.0288955815555949,0.0708508283885428
ORC1,0.850009227147542,-1.67535816258432,5.09267228126777,0.0289732718922951,0.0709969558703468
VDAC1,-0.651645056840905,9.33981178853795,5.09551072680416,0.0290630815770911,0.0711102959031775
ITGBL1,0.992543747899481,1.51628792267932,5.09158516425248,0.029129501603544,0.0712016948619742
LRMDA,0.628709101789242,0.919585028568063,5.09178985887658,0.0291338002924503,0.0712016948619742
CDCA2,0.857382313440371,-2.10830981318476,5.05875592361603,0.0291433296466757,0.0712016948619742
TBC1D8B,0.61840995898593,0.916323534679404,5.09099653918043,0.0291456589554809,0.0712016948619742
SIM2,-0.997289832155682,2.08156090574932,5.08995011618832,0.0291491116874291,0.0712016948619742
NHSL1,0.958581810114093,1.42462434888494,5.09030562339396,0.0291495719115606,0.0712016948619742
AC135178.3,-0.935119310959208,-1.24549156095807,5.09220349794384,0.0291520924614875,0.0712016948619742
SNORC,0.700452142702133,-0.87452922279494,5.0873368678828,0.0292435791804215,0.071356455988204
CENPE,0.9100005946881,-1.22375576774069,5.06780831707253,0.029491056046864,0.0717504456139406
NID2,0.580903819998979,3.05258908286115,5.06543842206235,0.0295168756357418,0.0717910062146237
AC104971.1,-0.735917273900553,-1.46447932731081,5.06400811609661,0.0295415953508073,0.0718399967509947
ICA1,0.621774778359003,2.24482338958647,5.06356462533998,0.0295468329837242,0.0718416024290551
ADGRG5,1.2959809390873,-1.16000264025589,5.0504040056972,0.0297036916012255,0.0721670959258877
NR1D1,-0.801418274348125,4.05862094222108,5.05266962853838,0.0297110989306035,0.0721739200922181
STAC2,0.946462430633745,-2.18773229288431,5.01427602307544,0.0297239245969504,0.0721939022824415
DNM3,0.582445431503778,0.957607701802394,5.04893370294984,0.0297822949221178,0.072262885519687
SORCS1,-0.751629823442074,-0.0577561406097783,5.05085425416525,0.0297891601983036,0.072262885519687
INAVA,1.16196053342839,-2.53021944065319,4.97209251152034,0.0298644495470677,0.0724086395575235
LRRC4,1.40772510930073,1.13340681213233,5.04294364046674,0.0298769257581728,0.0724086395575235
PIK3IP1,0.637851954650908,4.04625253063472,5.03933097329648,0.029916021787463,0.0724921973065047
AC114811.2,-0.973759735286115,0.0879950348528641,5.03675561635834,0.0300008757239314,0.0726417378104139
AC108463.3,1.04885909055826,-2.69724621928181,4.94937343837966,0.0300225915534918,0.0726679453831841
TENM3,-0.613935615528931,3.22155731635185,5.0322588951156,0.0300255894112742,0.0726679453831841
AC097634.1,0.823468337898728,-2.57954699950063,4.96167467896606,0.0300767995837274,0.0727470133251043
KCNIP2,1.07785076270706,3.07177168070304,5.02639767484087,0.0301168525663168,0.0727990144814942
SLC66A1L,0.985302343911781,0.018327670849635,5.02590291249216,0.030168008652213,0.0728777737104022
DAPK2,-0.617697328142336,6.50513066296411,5.01264463507349,0.0303303959877035,0.0732137134769311
KCNJ18,-0.860416145717233,2.24274760740713,5.01106079529441,0.0303573998606616,0.0732451023540483
SLC25A12,-0.661304585238066,7.55321799153381,5.01030664616677,0.0303670076493803,0.0732570219884759
PPIF,-0.623500112309366,5.77244988349029,5.00946823269429,0.0303801509653464,0.0732774657140175
SULT1A3,0.58877619570916,-0.386730664348165,5.01032572459546,0.0304249324446128,0.073351661247035
CACNA1A,0.70417047313624,0.0588630187004216,5.006355127036,0.0304728925609136,0.0734334482947241
SYBU,0.702973315882135,2.06609862019522,5.00194221862146,0.0305013138843022,0.0734906541931415
MEFV,1.48736844846804,0.0251566245784723,5.00087497854769,0.0305511300546049,0.073581612906006
RGS17,0.756568479001243,-0.592812213500189,5.00253526857078,0.0305531297424938,0.073581612906006
GAL3ST1,0.740165510364891,-0.644542160427084,4.99748622347094,0.0306338159687413,0.0737306765265135
ZNF710,-0.596481848422485,4.26046864496074,4.98896193364719,0.0307035891792842,0.0738533076120866
LRATD1,0.716223116301275,0.610097797153105,4.98568746581288,0.0307791649459538,0.0739557553317125
BFSP1,0.751563439787473,-0.850192009797635,4.98470429454925,0.0308335781987363,0.0740751584003009
PIK3R6,0.621605920624137,0.292755189877497,4.98211322864354,0.0308425759392915,0.0740854345526753
AC131934.1,-0.876242720050434,-2.27320879761431,4.92270219928711,0.0311521589963658,0.0746823952797614
MAFA-AS1,1.03467543539021,-1.53020292189051,4.95130951704683,0.0312100396228677,0.0747494149997431
PHYHIPL,0.73165302073779,-0.808546428004246,4.96096169154853,0.0312142507746618,0.0747494149997431
CHAF1B,-0.74410807865504,3.04136284503225,4.95492105518829,0.0312491370657938,0.074810129079871
AC008074.2,0.835078461992787,-2.13430150450061,4.92287742344905,0.0312806638249351,0.0748399418799324
PRRT1,0.60301567533614,0.396991173182932,4.95126078678628,0.031334318388915,0.0749194278603733
SPATA22,-0.706829954798119,-2.10822818289557,4.92373521344801,0.0313791416509217,0.0749726942017377
HOXB5,1.00727663115849,-1.12577078034758,4.94515478292127,0.0314196192527669,0.0750465567146822
CXCL2,1.19170366428597,0.83138670047139,4.94210807188997,0.0314776092192584,0.075150757027116
OSBPL8,0.584653608925712,4.6537171188249,4.94010090343021,0.031489054960376,0.0751552186136103
AC074032.1,0.594410649114382,-0.991759168151353,4.9425127385275,0.0315112183112986,0.075180132552208
LSMEM1,-0.71813786112997,5.29169472484052,4.93829053722397,0.0315185337665555,0.075180132552208
ZNF578,0.678384379339451,-1.1759328489581,4.93939768066676,0.031535433121198,0.0752087255488837
AC092807.4,0.718827065366728,-1.85495838073952,4.92104004149562,0.0315600953241897,0.0752446750893449
AL031963.3,0.625945436468524,-0.492750466049714,4.9370743273326,0.0316003551095103,0.0753292183237794
LINC002481,0.90855703505502,-2.45901983773394,4.87151213573064,0.0316596807841799,0.0754250810256061
TMEM40,1.07610890797513,0.332559059003751,4.92899277489448,0.0317057187547017,0.0755115714499307
FCRLB,0.932378123104874,-1.87901767212267,4.9060588429433,0.0317525244002581,0.0755886349859017
CTSW,1.22873920366595,0.604158208422015,4.92470975252614,0.0317686643213429,0.0756088517293635
MAP3K7CL,0.588805370864325,4.53858365138826,4.91930230968525,0.031830011906317,0.0756944947441755
FREM2,-0.778415597780618,4.02342612763337,4.91885403963382,0.0318375028338493,0.0756990769545924
INHBB,1.4017018903048,1.85676603207655,4.90396952752499,0.0320904753115294,0.0761309018549786
GAS2L3,0.893715829987947,0.345357768179996,4.90311481704554,0.0321316535077852,0.0761907088389014
AC106791.1,-0.837127214502424,1.3916802817282,4.89781885382859,0.0321942453115227,0.0763111811781915
SLC20A2,-0.594394255143554,7.16759756256871,4.89675351218096,0.0322041333001004,0.0763111811781915
RGMB-AS1,0.790956362064391,-1.3671933324257,4.88655909657156,0.0323672659644446,0.076577378849861
PAX3,-0.686580474303929,0.712039718074191,4.88000845193851,0.0325051084733398,0.0767631172869497
CDA,0.990566266953075,0.625054245578392,4.87583729288049,0.0325814554329286,0.0769123027455089
ZNF724,1.24488254558148,-2.90836453682269,4.77298306758109,0.0325821871763994,0.0769123027455089
PITX2,-0.876165818693548,4.99674465009638,4.87421112081242,0.0325829819021911,0.0769123027455089
PTGDR,0.624537262284377,0.229646975185506,4.87573396811677,0.0325928852360399,0.0769241103428039
UCHL1,0.706901666161619,4.38061338075887,4.86991325635094,0.0326558100642905,0.077037868474228
MATN2,0.939346324328428,3.70625861823253,4.8503538977293,0.0329894894731762,0.0776642401313095
BEX3,0.680368121901282,3.31317138901349,4.84510937915718,0.0330796249187139,0.0778214343545817
IFIT2,0.594756448775959,2.62198815613904,4.84501139951459,0.0330821669330213,0.0778214343545817
NKD2,0.710871177606218,-1.55149063729899,4.84048412033644,0.0330982952289439,0.077836041896655
LMO3,1.5773805318932,1.2050652298515,4.8445379310309,0.0331063315246645,0.0778432768958217
CTNNA3,-0.731587515998998,5.42017748232193,4.84191376557647,0.0331341780987346,0.0778957566626023
SNAP91,1.36285012971149,-2.4488495290418,4.77257247414117,0.0332618435071461,0.0781154198343293
ZNF525,0.67738359119647,0.636132623944142,4.83586102085258,0.0332618891846335,0.0781154198343293
TESPA1,0.609382369435538,0.485126171567877,4.83526048486712,0.0332765861039387,0.0781382434023515
SLC29A4,1.22435492181524,1.95315015265142,4.83203719699199,0.0333098494976838,0.0781929536144401
MCF2L2,0.858000697328438,2.36794090865955,4.82296902174845,0.0334642259096587,0.0784263141185746
CRYM,-2.05782076423164,2.25331911482812,4.81910425455761,0.033533983155033,0.0785333821251416
CAMK1D,0.695284717151546,3.03373807820009,4.81883739055548,0.0335349300415864,0.0785333821251416
GATA6-AS1,1.14870578812008,-2.52719341640041,4.75167258927121,0.0335533280326898,0.0785530255777247
BDH1,-0.825563664963534,4.60284319410583,4.81586188220504,0.0335862292870581,0.0785986132304689
RNF128,-0.764637746112252,2.99901563410295,4.81426345240341,0.0336148491041943,0.0786384046341229
AL049597.2,0.625599434204823,-0.824290475870258,4.81333824350578,0.0336971030048467,0.0787852727965955
ADAMTSL4,-0.625013635977072,5.66454506827174,4.8043675484201,0.0337877060598183,0.0789604000310971
RBMS3-AS2,-0.845593977562332,-0.230387061787701,4.80063239239349,0.0339168610280929,0.0791836137815606
Z84485.1,-0.58845426004222,0.0718896116997368,4.79716632568028,0.0339596111336003,0.0792331594890437
IGFBP3,0.691487054783548,4.3719303997771,4.79217256808104,0.0340030480392755,0.0792751571417239
KCNQ5,-0.986263021843612,4.70312851535839,4.79024092712915,0.0340372579400398,0.0793309716912571
MLLT11,0.954602249062311,4.60197776506984,4.78527728532969,0.0341253890512717,0.0794773677340421
EIF2AK3,0.769483594512852,3.09482561884633,4.77089581088789,0.0343828210148917,0.0799786134191294
PURG,0.826383989791285,-2.3713550056222,4.70348544791482,0.0347958112441618,0.0806552496873102
GPT2,-0.676255199141454,7.74876029914391,4.74313655269751,0.0348836793799453,0.080811711862471
FLT3LG,0.621399881445219,-0.409583034230696,4.74517562708077,0.0349080887594014,0.0808443932534757
AL365181.3,0.631711283735172,-1.10460706740979,4.74337291165615,0.0349308932311113,0.0808852713576706
FHL3,-0.816787229825217,9.15683852359948,4.73545666996298,0.0350238421878801,0.0810646222000852
COL22A1,1.54754005518213,1.76231126414009,4.72672404991147,0.0351927931927232,0.0813596831874784
FNDC5,-0.815294567110454,7.80528994680119,4.72523674936612,0.0352113115019802,0.0813905057472134
CAPN12,0.944486916355427,-1.65449764061774,4.71659126328357,0.0352175825442775,0.0813930139938795
KCP,0.777643757342813,0.753711791545935,4.72522471668811,0.0352328384942728,0.0814162838880464
AC018553.1,1.11760302707737,-2.56890629451365,4.65544619890629,0.0352711938727545,0.0814711773368005
ACTL10,0.861505594178607,-1.8486082466148,4.70618607799485,0.0352774345470188,0.0814713559763772
F2RL1,1.35767913335777,-1.81826348915087,4.69215859367885,0.0354023335632145,0.0816767389456201
KLHL6,0.664599416869273,1.14538402144358,4.71549437052098,0.0354027942049731,0.0816767389456201
CADM2,-0.64840530738593,3.11169852298609,4.71400181433104,0.0354192505800234,0.0816906888836838
IL1R2,1.11495093664643,-1.02587067958643,4.71348750706966,0.0354418947238303,0.0817309047444192
CD226,0.636836607163952,0.728299421285247,4.71113461622687,0.0354926573903781,0.0818239215249683
LINC02846,0.855649951546995,-0.908870401876513,4.70265929145781,0.0356861320568971,0.0821854501295672
PTCH2,0.748769261461166,2.09826130822524,4.69689677751616,0.0357398918460433,0.0822851111227299
BTG2,0.906118547704409,6.72377388063434,4.69338432218477,0.0358026205570623,0.0823932741412161
DLGAP1,0.598792701380565,-1.76464183248586,4.68467411420305,0.0358146173504059,0.0823956800374418
LYPD6,1.16688111802183,-2.26994093731401,4.64379650503429,0.0359012123413045,0.0825475428796916
C1QTNF3,0.956711284744741,2.13266974407282,4.68454450244726,0.0359718764504464,0.082697905506043
LY6K,-0.652834721760676,0.34661595691625,4.68480426936893,0.0359972164809228,0.0827440411054605
ACSS1,-0.690541668057948,6.15259148653175,4.6781005740458,0.0360901696279494,0.0829091352913739
CGB7,-0.650398435433521,0.0931142663966371,4.67500103660033,0.0361941427851453,0.0831114953932489
CLEC18B,0.812519121912584,-1.50452070043859,4.6596377313275,0.0363812260859111,0.0834434229750657
LYPD3,1.07310639431566,-2.46470463021045,4.60488460802799,0.0364379093221869,0.0835490119520413
ANKRD29,0.741701743930075,3.40947364057939,4.65743155566444,0.0364834237623941,0.0836187086528302
STARD9,0.587824283100111,4.7770028815427,4.64972267784064,0.0366307918979478,0.0838533603630914
SSTR2,0.906491143512581,-0.184080044423577,4.64964116956527,0.0366874039704739,0.0839249096803073
TBX1,-0.723259693286351,4.77701883267582,4.64588630966831,0.0367045180846044,0.0839518232786165
AL603839.3,-0.670947689048442,-2.3233430023874,4.60731279325719,0.0367658888164569,0.084055444278848
PNMA8A,0.97800889331853,2.10244719680856,4.63840492209636,0.0368522218512165,0.0842160195041997
PYGO1,-0.585573482444394,4.98169358009426,4.62377154425332,0.0371328195837088,0.0846751498208394
OPTN,-0.587582287145954,9.27285290213601,4.6137168160024,0.0373293291802805,0.0849599509113258
CFAP54,1.15803896537393,-2.87577653347516,4.52665597664686,0.0373568614954119,0.08499212824278
ADAM32,0.866591037582115,-0.494383969877113,4.61400261272139,0.0373879660258833,0.0850220198429285
TMEM100,0.624260304940969,1.61705165232401,4.60471864716011,0.0375120909916473,0.085178279530368
AC073475.1,-0.734934772254006,-2.09454507707967,4.58220416680778,0.0375299079401143,0.0852064089570511
MAP3K20,-0.591010295718015,8.9860617061866,4.60087126182557,0.037582051746771,0.085287782268012
MICAL3,-0.59370399244649,4.67425753900379,4.59193758352213,0.0377589402688551,0.0855828534530672
RHBDL2,1.06728290128095,-1.99194400641676,4.56605714809088,0.0378238200769984,0.0857001380263447
LINC02580,0.624845804465804,-1.43641499223621,4.57364828726497,0.0381060863541808,0.0861295262700573
CHDH,-0.625685157885436,2.40656248724932,4.56681115142887,0.0382628912481194,0.0864080687970122
AL359715.3,-0.58520992754126,1.3973003310786,4.56344884403407,0.0383365801072501,0.0865371242317402
NPR3,1.25773072496308,3.70737347105121,4.55692330098387,0.0384612422688077,0.0867686067858182
ZNF215,0.96670048612814,-1.62841469435222,4.54558728725019,0.038541336065985,0.0868743744873812
HCN2,1.16617485407695,-2.67848238476952,4.48125282186853,0.0386030952396509,0.0869761096448924
AL355297.3,0.747156565481128,-2.42973480084889,4.50203999724296,0.0386715013369314,0.0870802314896899
RALGPS2,0.593847144986383,2.42384515145673,4.54174632131291,0.0387712362075991,0.0872225147705115
AP006333.1,0.634603843915853,-1.5596901298401,4.53842592022524,0.0387735893949576,0.0872225147705115
AC021066.1,0.842573878650563,-1.86568460579431,4.52363593826621,0.0388723482006456,0.0874196167085733
STAP2,0.96914617287908,-0.688765109084063,4.52694669191068,0.0391324159375625,0.0878785617599145
AC027801.1,0.845128508797286,-2.27756278867472,4.48561483444217,0.039217692457313,0.0880033926925111
RASL10B,-0.899129678416385,4.28775378539857,4.51659311735596,0.0392871215607643,0.0881251068881229
HSD11B1-AS1,0.68875358225976,0.635828117296072,4.51393714962275,0.0393671531550166,0.0882415693756048
AC104958.2,0.693053281542101,-1.497830696174,4.50946463177427,0.0393979159739067,0.0882853071402722
GPRIN1,0.805412241874844,-1.39193232995173,4.4943820733282,0.0397351847124262,0.0888732326866421
MIR133A1HG,-0.941071339116283,7.87985905484746,4.49462029147573,0.0397452195111527,0.0888732326866421
SLC24A4,0.794145672279906,0.124920468794809,4.49029428050239,0.0398809912906044,0.0890879815408533
GOT2,-0.696956799705751,8.66988723684583,4.48684307967627,0.0399087955729207,0.0891374052251302
ACAN,1.27316037739289,1.37442814624056,4.48168635914078,0.0400302495939034,0.0893451034380423
TMEM38A,-0.806065370362129,8.62311377459606,4.47922691956917,0.0400696950078919,0.0894036450698925
LBX1,-0.773690616602048,3.37235552682764,4.47855620495806,0.0400843371865853,0.0894149619305651
JPH2,-0.747154031590732,7.78286585904627,4.47547776627574,0.0401491592755768,0.0895468317223502
DIO2,-0.775331234263262,3.84069425674198,4.47387222955528,0.0401834390016096,0.0895514232509215
IMPG2,0.832369971244525,-1.04467888187538,4.47539054207781,0.0401978054749194,0.0895514232509215
TOP3B,-0.596598922393857,-2.00736369475944,4.44733109939483,0.0404272806661892,0.0899881109141737
LINC02021,0.854664467566636,-2.25874882728338,4.42443068248512,0.0405327008750385,0.0901971842100849
MYH11,0.902065062452092,7.28041470536598,4.45312599767229,0.0406264862770784,0.0903317404436763
CES4A,0.696603128167236,0.926163768888537,4.45386766906846,0.0406277002734572,0.0903317404436763
CROCC,0.616038442948352,4.26727935759661,4.45000768152014,0.0406936776097639,0.0904656189922442
ABHD2,0.689441575527244,5.31059052049899,4.44584419357448,0.0407833282344058,0.0906119107635452
ZFP69B,0.701385259408361,-1.47423795946924,4.44409873313725,0.0407883497639023,0.0906119107635452
ZNF624,0.586924780143565,0.560937664492036,4.44474542139677,0.040833889195945,0.0906232877446772
SOX6,-0.621005755318832,4.08159015099522,4.44174054762498,0.0408721635798488,0.0906954061057157
FSIP1,1.36018513704068,-0.139518986347719,4.43441053215111,0.0410757905707584,0.0910957373192105
AC110597.1,1.11122817356422,-1.76122480133549,4.40672131991501,0.0413443752313502,0.09155772042479
ST8SIA5,-0.702182493335424,3.14542781909751,4.41233094663311,0.0415143104788387,0.0918346868168251
ESPNL,1.04334419729819,-0.780430737895434,4.41196299612084,0.0415726693849712,0.091924914905202
LINC00511,1.22922926509528,-2.67465223791485,4.34412269933703,0.0415872313432785,0.0919441605765257
ZNF781,0.595465921728635,-0.153655060245243,4.40162321555152,0.0418052520586093,0.0922831829901369
KCNJ2,-0.641562188273001,4.03087174972168,4.39499035910181,0.0418973546994907,0.0924344928322332
PRRT4,0.888638083729286,1.9448849689576,4.38896931266002,0.0420355664443154,0.0926612123087282
MCHR1,1.03301399691333,-1.99461534606253,4.36815628941624,0.042041445864954,0.0926612123087282
PRELID2,0.659329296604104,-0.95869758622734,4.38563107427908,0.0421694983147849,0.092852171163096
TACC2,-0.653723067217818,8.5133617308689,4.37131184482429,0.0424270985696747,0.0933277241837483
HS3ST5,-0.754530021683956,2.05695712370729,4.36388953438874,0.0425977644377134,0.0936246515643705
SERPINA1,1.34338431065091,2.66405234281836,4.35471837977523,0.0428050115010113,0.0940172576399682
GEMIN7-AS1,0.913478899875439,-2.76183520672668,4.28436286879731,0.0428433909543631,0.0940588922966469
CYB5A,0.610442315538152,4.03518644558631,4.33537090211506,0.0432456417214939,0.0947828999886673
PRSS12,1.18901582031333,-0.423081057114825,4.33519965915925,0.043302284560009,0.094874785012699
CCDC65,0.791700883363189,-1.58928816451291,4.32762744930078,0.0433260729785523,0.0948796868143406
NIBAN3,1.28744329640392,-0.856067020161445,4.32555855171547,0.0434858382325277,0.0951498997712983
LRRC2,-0.85739919880732,7.94283360131633,4.32197268502489,0.0435549227672572,0.0952744965619655
SLC2A5,-0.64940197496355,6.02234371910952,4.32056209656635,0.0435876459812111,0.0953195072697656
AC087645.2,0.67357797923648,-1.169577386875,4.31746083412052,0.0437010240037607,0.0954876196211922
EDN3,-0.917930673915482,-0.0665670710326922,4.31685951100176,0.0437337840373485,0.0955326013174926
AC019205.1,0.589833407108347,-0.78074336092947,4.31685081267385,0.0437489870777184,0.0955392169451497
NEXN,-0.608983806657524,8.74128566909086,4.31263934475792,0.0437719267229035,0.0955558716608784
TAS1R1,0.891322646491292,-1.94435301238673,4.29168328571571,0.0439067954827288,0.0957516871133813
AP000695.2,-0.590711009192063,-0.526669398124214,4.31012068965028,0.0439133892221802,0.0957516871133813
SCARB1,0.717666247351993,4.02773325445715,4.30272184341973,0.044004002333635,0.0958562730087924
CLEC18C,0.711394127607603,-1.22951671033892,4.2988625714092,0.0441228997353601,0.0960905183815465
AC103746.1,1.10844953227952,-2.62610674741233,4.23725479982001,0.0441238844202488,0.0960905183815465
TMEM266,-0.798506329945356,2.90018378519961,4.28335121290679,0.0444614876710972,0.0966112486498505
NR2F2-AS1,0.645526008364996,0.272744993786048,4.28256630556997,0.0445185211040637,0.0966950164307058
ZNF665,0.751680120049378,-0.589256969283112,4.28265000692084,0.0445507218245556,0.0967515675987823
TEX9,0.738436397304168,-0.602190481184864,4.28237818220733,0.04455776517332,0.096753475981635
Z98885.3,-0.633994887711733,-2.08571275674253,4.25949508196809,0.0446189379983743,0.0968641315003712
TMEM154,1.03379765759066,1.29854645802988,4.27418095835729,0.0446910585231051,0.0969624223832091
PDE4DIP,-0.683632471622555,11.8443707677913,4.27124130218277,0.0447446809461028,0.0970519302721231
AC040977.1,0.818939997161063,-1.94761782694316,4.2449225777155,0.0450145808437946,0.0975652259437669
HBG2,2.62040238940517,1.8831548485109,4.25433228210625,0.0451731456365852,0.0978190563971034
AC012603.1,-0.621189990414428,-1.74513793804591,4.24464617673338,0.0452762828940391,0.0979698996260075
HACD2,0.683726422950433,3.61439953077604,4.24914327278952,0.0452802581641961,0.0979698996260075
C8G,0.855144329577197,0.101042753584035,4.24969949327934,0.0453148381248349,0.098017693545932
BMP7,1.51199226438766,-1.20041938679918,4.24168965064611,0.045337888795363,0.0980540394988594
AC135178.6,0.786867073145728,-2.51676035738062,4.19043552854566,0.0455876330880942,0.0985127221971139
AL035530.2,0.789640016732407,-2.11066224551762,4.20552310263381,0.0457911671835784,0.0988980829704504
SYP,0.580848344102826,0.526294342928065,4.2259702870914,0.0458734637632527,0.0990485642817789
SBK1,-0.705167230792928,4.98669598662036,4.21913582649776,0.0460122947657285,0.0992663871268878
HSD17B13,0.908870330344893,-0.351373165892459,4.21232709120117,0.0462445847751224,0.0996305776315093
SLC9B1,0.962637549837853,-2.27359072602228,4.17434261832929,0.046313630397689,0.0997245752629617
ATP2A2,-0.829061112371797,12.2208956488913,4.19998690735593,0.0464863675786041,0.100000485080344
SAP30-DT,0.892046626271829,-0.586010791854458,4.2024145226713,0.0464945123587808,0.100004299228596
WNK3,0.757074110686944,-1.52368578591369,4.18885318576295,0.0466945041468184,0.100347439442125
C8orf34,0.746724260865619,-1.61820390760514,4.18660332142841,0.0466988020188136,0.100347439442125
FTCD,0.699466015445488,-1.2434342621445,4.1803277960815,0.0470052941794879,0.100812802971722
LINC02600,0.743513581933792,-0.614337041846619,4.18098691520903,0.0470374801197322,0.100868048979259
PLPP2,1.25870815140164,-0.66366118437737,4.17090789319941,0.0472565935452833,0.101213460110975
FAM222A,0.777355325888148,0.829530226523962,4.15727309841805,0.0475843927919281,0.101790519949477
LINC02453,-0.59200256713849,-1.93124618060649,4.14052719599961,0.0477393321554633,0.102066314967988
GRIA1,1.01001971640469,-1.42421529560874,4.14285385532347,0.0478575738739131,0.102267644911663
GASK1A,0.70603815158654,0.333604778484944,4.14719338749962,0.0478595636748114,0.102267644911663
AL451050.2,0.694722028604577,-2.33817657046175,4.10946250965286,0.047976895595342,0.102466050282491
NLGN4Y,1.41913833758966,0.0635959451353057,4.14162425933035,0.0480084052162738,0.102515907465227
PSTPIP2,-0.629010253820158,4.40830146319,4.13884376694921,0.0480363625201348,0.102561652802818
EMILIN3,-0.682317216083573,0.0418240255130363,4.13974890341684,0.0480663872578867,0.102611799240007
FBXO32,-0.69048210465317,8.43560625415437,4.12840103076635,0.0483065898064032,0.103008307278769
CCDC89,0.714860583914507,-1.3825772443702,4.12801129139641,0.0483111914545408,0.103008307278769
PLAC8,1.14081675439495,-0.392209686718382,4.12471861023392,0.0484596190390206,0.103254645780264
KLF15,-0.744859286811365,4.62057251165361,4.11409230865904,0.0486797568078113,0.103583077968899
AC005696.1,-0.639599093584038,-1.30770177777565,4.10954584649853,0.0488504456458072,0.103861791440117
LINC00672,0.690320873100381,-0.953986444904501,4.10696409298612,0.0489358312353663,0.104001065841445
MYH15,1.18848236512597,0.11289433868858,4.10334050609777,0.0490090330984462,0.104086167047377
PPP1R1C,-0.809051116198813,2.38726029613971,4.09613288938446,0.0491544487311342,0.104338527567643
TENT5C,-0.658844201863575,4.85727046600541,4.09478063656221,0.0491882741621504,0.104396208651109
CALML6,-1.12936678780941,3.76257324907315,4.09390776143149,0.0492116678270798,0.10441761883818
PROSER2,0.732769378455044,-0.247116152498022,4.09062853782504,0.0493634370284884,0.104669325129814
CCNB2,0.956851502428017,-1.64153003870125,4.07285756836833,0.0496178904498557,0.105012026624649
PDE8B,0.934888288976361,1.3138994721197,4.07904156121349,0.0496189352945777,0.105012026624649
LINC01869,0.811993248143314,-2.30572315528477,4.04658485424337,0.0496436024952172,0.105050066221172
